/**
 * generated by fontconvert.py
 * name: notoserif_16_italic
 * size: 16
 * mode: 2-bit  compressed: true
 * Command used: fontconvert.py notoserif_16_italic 16 ../builtinFonts/source/iAWriterMonoS/iAWriterMonoS-Italic.ttf --2bit --compress --pnum --zopfli
 */
#pragma once
#include "EpdFontData.h"

static const uint8_t notoserif_16_italicBitmaps[25816] = {
    0xB5, 0x9A, 0x3D, 0x90, 0xE4, 0xC6, 0x75, 0xC7, 0xFF, 0x00, 0x48, 0xC2, 0x32, 0xAC, 0x6A, 0x05,
    0xDA, 0x2A, 0x4B, 0x56, 0x19, 0x89, 0x32, 0xC9, 0x8B, 0x44, 0x81, 0x83, 0x1D, 0x34, 0x2C, 0x86,
    0x0E, 0x78, 0x81, 0xE6, 0x14, 0x30, 0x38, 0x07, 0x8E, 0xB5, 0x89, 0xAB, 0xCC, 0x60, 0x66, 0x01,
    0xC9, 0x81, 0x02, 0x07, 0x62, 0x42, 0xC7, 0x4A, 0x9D, 0xB8, 0x1C, 0xC8, 0x55, 0xAB, 0x2A, 0xEC,
    0x4E, 0xDB, 0x0E, 0x1C, 0x28, 0x30, 0x24, 0x16, 0xE5, 0x80, 0x81, 0x20, 0xFB, 0xD6, 0x09, 0xCB,
    0x56, 0xD3, 0xC4, 0x91, 0x58, 0x1D, 0x66, 0xE0, 0xF7, 0xC7, 0xAB, 0xE9, 0xBA, 0x31, 0xEF, 0x68,
    0x52, 0x2E, 0xCF, 0x5C, 0xFF, 0x78, 0x37, 0xE8, 0xEE, 0xD7, 0xEF, 0xAB, 0xBF, 0x40, 0x58, 0x94,
    0xD8, 0xE2, 0x06, 0x2D, 0x26, 0xF9, 0x8E, 0x18, 0x22, 0x2F, 0xDF, 0x3E, 0xEA, 0x22, 0x17, 0xBB,
    0xB8, 0x89, 0xA0, 0x1F, 0xDB, 0x59, 0x57, 0xBB, 0x9D, 0xCB, 0xDC, 0x75, 0xD6, 0x8C, 0xA6, 0x19,
    0x4C, 0xE5, 0x4D, 0xE4, 0xF3, 0xD8, 0x17, 0x71, 0x5F, 0x26, 0xF2, 0xA7, 0x03, 0x4C, 0x35, 0x02,
    0xC8, 0x31, 0x08, 0x8B, 0xC8, 0x0B, 0xE5, 0x89, 0xF0, 0x82, 0x0F, 0xD1, 0xA6, 0x4E, 0x28, 0x6D,
    0x11, 0xAD, 0xEF, 0x1F, 0xBD, 0x85, 0x64, 0x96, 0x4F, 0xA5, 0x44, 0xD2, 0xAD, 0x00, 0xA4, 0x6E,
    0x23, 0x34, 0xCD, 0x35, 0x59, 0x0D, 0xC0, 0xD9, 0xE5, 0xC3, 0x27, 0x0F, 0x50, 0x4B, 0x15, 0x8F,
    0xDD, 0x42, 0x6C, 0xB4, 0x9B, 0x8C, 0x94, 0x51, 0x00, 0xB1, 0xCF, 0x01, 0x24, 0xFD, 0x39, 0xE9,
    0xD8, 0x4D, 0xC6, 0x6E, 0xF8, 0xF1, 0x47, 0x44, 0xFD, 0x11, 0xBB, 0x01, 0xC8, 0xE6, 0xB9, 0x81,
    0x7D, 0xFA, 0xAB, 0x01, 0xBB, 0x57, 0xFF, 0x41, 0xD4, 0x4E, 0x9B, 0x4D, 0x34, 0xA4, 0xCD, 0x17,
    0x62, 0x9F, 0x55, 0x88, 0x07, 0x03, 0x44, 0xA3, 0x00, 0x07, 0xA2, 0x3E, 0x08, 0xF2, 0xF9, 0x31,
    0x10, 0xED, 0xF8, 0xD7, 0xD5, 0xCE, 0x89, 0x46, 0xA6, 0x13, 0xA4, 0x3D, 0xF0, 0x46, 0xE2, 0x81,
    0x3F, 0x4B, 0xFA, 0x97, 0xF0, 0xA3, 0x54, 0x86, 0xE0, 0x8D, 0xB3, 0xCE, 0x17, 0x8D, 0xF9, 0xF5,
    0x87, 0x33, 0xE2, 0x79, 0x1E, 0x81, 0x42, 0x84, 0x21, 0xEE, 0x96, 0xD1, 0x1D, 0x11, 0x55, 0x82,
    0xF4, 0x1E, 0x18, 0xE5, 0x71, 0x15, 0x7B, 0xDC, 0x3E, 0x72, 0xF2, 0x60, 0x48, 0x9C, 0x69, 0x62,
    0x9F, 0xB8, 0x42, 0xF4, 0x49, 0xDC, 0x05, 0x92, 0x2E, 0x71, 0x83, 0x30, 0xFD, 0x9E, 0x97, 0x2E,
    0xCC, 0xAB, 0x0E, 0x91, 0x3F, 0xA7, 0xD2, 0xBB, 0xF1, 0x65, 0x00, 0x5F, 0x56, 0xFF, 0xC0, 0x0E,
    0x40, 0xF4, 0xDD, 0x79, 0x02, 0xB2, 0x7F, 0xF4, 0x25, 0x60, 0x52, 0x97, 0x03, 0xA5, 0x69, 0x0C,
    0xB0, 0x31, 0x55, 0x0E, 0x78, 0x03, 0xF6, 0x69, 0xB0, 0x42, 0xEA, 0x0C, 0x36, 0x30, 0x55, 0xF6,
    0xF3, 0x11, 0x25, 0x92, 0xB9, 0xC7, 0x06, 0xD8, 0x55, 0x10, 0xF4, 0x40, 0xC2, 0x5E, 0xCC, 0xDD,
    0x0E, 0x28, 0xAA, 0xA2, 0x42, 0x09, 0xD3, 0x9C, 0xA2, 0x42, 0x21, 0x5F, 0xE4, 0x15, 0xE5, 0xFC,
    0xFD, 0x84, 0x68, 0x7E, 0xAF, 0x87, 0x79, 0xFB, 0x9E, 0x2E, 0x1F, 0x80, 0x2D, 0x26, 0xA0, 0xC5,
    0x16, 0x98, 0x60, 0x89, 0xBC, 0x12, 0x18, 0xB7, 0x9A, 0xF0, 0xB5, 0xAE, 0xBD, 0xC1, 0x9F, 0xFB,
    0xC1, 0xFE, 0xD5, 0xFB, 0xBF, 0xF6, 0xF9, 0xEC, 0x66, 0x17, 0x1F, 0x44, 0x4A, 0x26, 0x3A, 0x9B,
    0x8A, 0xA3, 0x64, 0xC7, 0x25, 0xE8, 0xC1, 0x57, 0x2A, 0xB0, 0x35, 0x46, 0x3A, 0x16, 0xD2, 0x1C,
    0x94, 0x89, 0x0B, 0xFD, 0x89, 0xA1, 0xC5, 0x90, 0x62, 0x24, 0x98, 0x46, 0x0A, 0x80, 0x1C, 0x5A,
    0xA5, 0x04, 0xD8, 0x43, 0x28, 0x17, 0x5A, 0xC2, 0xBF, 0xCF, 0xB5, 0x2E, 0xF5, 0x40, 0xE6, 0xB4,
    0x1F, 0xF6, 0x87, 0x16, 0xDA, 0xC1, 0xE7, 0xA0, 0x0F, 0x28, 0x17, 0x03, 0xF4, 0xC1, 0x0A, 0xFA,
    0xD0, 0x1C, 0x5B, 0x36, 0xCF, 0x14, 0xA7, 0xFF, 0x35, 0xC7, 0x52, 0x9D, 0x8E, 0x86, 0xD2, 0xAF,
    0xB5, 0xAF, 0x98, 0x03, 0x77, 0x5A, 0xA5, 0xD0, 0xAE, 0x63, 0xAF, 0x3D, 0x58, 0x40, 0x47, 0xC7,
    0x46, 0x2A, 0x51, 0x9B, 0xD2, 0x3B, 0x5F, 0x12, 0xBC, 0x69, 0xFB, 0xEB, 0xA2, 0xCF, 0x25, 0x09,
    0x3A, 0xEC, 0xE6, 0x01, 0x48, 0xF7, 0x1C, 0x29, 0x51, 0xD4, 0x82, 0xAB, 0xBC, 0x42, 0xC4, 0xB4,
    0x48, 0xBD, 0xE8, 0x94, 0xB9, 0xB8, 0x47, 0x04, 0x54, 0x00, 0xFE, 0x14, 0x00, 0xC6, 0x80, 0x01,
    0xAA, 0x31, 0xA1, 0xF2, 0xCF, 0xBE, 0xFD, 0x64, 0xBD, 0xA4, 0xD7, 0x02, 0xB5, 0xAB, 0x22, 0x23,
    0x4C, 0x13, 0x50, 0x11, 0x00, 0xF0, 0xD7, 0x88, 0x0E, 0x48, 0x26, 0x24, 0x83, 0xC8, 0x83, 0xE9,
    0xE8, 0xA2, 0x82, 0x43, 0xE7, 0x98, 0xCF, 0xD6, 0x0F, 0xEA, 0xD9, 0xEF, 0x66, 0x7F, 0x9C, 0x35,
    0x00, 0xD1, 0x21, 0x68, 0x75, 0xAD, 0xB2, 0xD5, 0xC4, 0x48, 0x83, 0x88, 0x3C, 0xD4, 0x68, 0x89,
    0x41, 0x47, 0xA7, 0x2E, 0x42, 0xB6, 0xC8, 0x0F, 0xE6, 0xD9, 0x10, 0x63, 0xE8, 0xA8, 0x0B, 0x1D,
    0x55, 0x82, 0xE2, 0xB4, 0xA3, 0x45, 0xCD, 0xE7, 0x88, 0x2A, 0x09, 0xC4, 0xF3, 0x9B, 0x40, 0xCE,
    0xA8, 0xDF, 0xBD, 0x75, 0x40, 0x34, 0xC2, 0x22, 0xF1, 0x52, 0x4B, 0x54, 0x37, 0x4E, 0x2A, 0x67,
    0xAE, 0x80, 0xC0, 0x12, 0x0C, 0x79, 0xB7, 0x8D, 0x07, 0x41, 0x3A, 0x9A, 0xA6, 0xCD, 0x86, 0xBC,
    0x99, 0xD2, 0x3E, 0xAF, 0x26, 0x0A, 0x15, 0x58, 0x8E, 0xA9, 0x24, 0x5A, 0xCA, 0x1E, 0x05, 0xA2,
    0x82, 0x45, 0xD6, 0xA1, 0x78, 0x67, 0x27, 0x9D, 0xCD, 0x07, 0x20, 0x62, 0x9E, 0x01, 0xB5, 0x30,
    0x9A, 0x3B, 0x20, 0x7B, 0x2A, 0x28, 0x7E, 0xE2, 0x80, 0x83, 0x08, 0x4D, 0x46, 0xE3, 0x90, 0x76,
    0x22, 0x39, 0x56, 0x6D, 0xF2, 0xA0, 0xD2, 0x02, 0x4B, 0x94, 0x01, 0x5B, 0xA2, 0x0D, 0x98, 0x4E,
    0x7C, 0x1D, 0x71, 0x0A, 0x7D, 0x78, 0xBF, 0x46, 0x1D, 0x9C, 0x0B, 0x5C, 0x8E, 0x40, 0xCA, 0x39,
    0xB7, 0xB8, 0xAB, 0x3B, 0xD4, 0xF4, 0xDF, 0x44, 0x95, 0x07, 0xC4, 0x03, 0xA0, 0x50, 0xBB, 0x13,
    0x69, 0x0F, 0xCD, 0x3F, 0xD8, 0x4A, 0x70, 0xE0, 0xEF, 0xA3, 0x20, 0xEF, 0xA1, 0xB3, 0x46, 0x4C,
    0x91, 0xA6, 0x17, 0xD4, 0xFC, 0xD7, 0x12, 0x94, 0x1E, 0x10, 0x7D, 0xD7, 0xEB, 0xCA, 0x8A, 0xC8,
    0x66, 0x81, 0xC8, 0xBD, 0x07, 0x12, 0xFE, 0x2D, 0xBF, 0xBB, 0xEC, 0x51, 0xB3, 0xFB, 0xAF, 0x07,
    0x91, 0x94, 0x46, 0x04, 0x69, 0x3B, 0x56, 0x1E, 0x08, 0x9A, 0xE9, 0xE1, 0x3E, 0xA8, 0x9E, 0x37,
    0x4B, 0x95, 0x13, 0xE4, 0xCD, 0x39, 0x9F, 0xDA, 0x06, 0x07, 0x98, 0x27, 0xAF, 0x8F, 0x94, 0xD3,
    0xA9, 0xC4, 0xE3, 0x50, 0x6D, 0x27, 0x98, 0x05, 0xF1, 0x53, 0xE6, 0xEB, 0xBB, 0x82, 0xFC, 0x2F,
    0x05, 0x96, 0xF1, 0x30, 0x09, 0x62, 0x6F, 0x2A, 0xA4, 0x5D, 0xCE, 0x08, 0x29, 0xD8, 0x9B, 0x60,
    0x42, 0x29, 0xBF, 0x0B, 0xD2, 0x0E, 0x2B, 0x46, 0xCE, 0x06, 0x96, 0x86, 0xA6, 0x46, 0x43, 0x2D,
    0xF0, 0x67, 0xEB, 0xF5, 0xFD, 0x83, 0x67, 0x93, 0x2A, 0x3E, 0xA2, 0x90, 0xA7, 0xB0, 0xC4, 0x4A,
    0x0C, 0xA1, 0x01, 0xDB, 0xBE, 0x28, 0x09, 0x7F, 0xB9, 0x7B, 0x13, 0xC9, 0xBB, 0xB3, 0x0C, 0xFC,
    0xF0, 0xF0, 0x80, 0x94, 0xE6, 0x41, 0x85, 0xA2, 0x3A, 0xEA, 0x1B, 0xA0, 0xBF, 0x59, 0x88, 0xBE,
    0x57, 0xB0, 0x55, 0x34, 0x21, 0x7F, 0x72, 0xE9, 0x91, 0x2E, 0x16, 0xAE, 0xEF, 0xA1, 0xD6, 0xA7,
    0x25, 0xA2, 0x3D, 0x90, 0x7A, 0x6D, 0x75, 0x05, 0x60, 0x52, 0x13, 0xA7, 0xDD, 0x17, 0x61, 0xBE,
    0x3F, 0xBB, 0xA2, 0x9E, 0x07, 0x3B, 0xBC, 0x32, 0xD5, 0x0D, 0x6E, 0x76, 0x40, 0xB9, 0x07, 0xEC,
    0xA4, 0xA5, 0x1C, 0x81, 0x2D, 0x67, 0xF1, 0x16, 0xD1, 0x28, 0xBA, 0x7B, 0x09, 0x14, 0x27, 0x91,
    0xCB, 0xC0, 0xA5, 0x5A, 0xD2, 0x98, 0x28, 0xD7, 0xEB, 0xCB, 0x66, 0xC5, 0xC1, 0x08, 0xB6, 0x54,
    0x70, 0x12, 0x04, 0x5F, 0x1E, 0x3D, 0x73, 0xF4, 0xDB, 0x15, 0x74, 0x10, 0x9F, 0xAD, 0x46, 0x77,
    0xAC, 0x21, 0xC2, 0x47, 0xC0, 0x30, 0x6E, 0x6B, 0xC6, 0xED, 0x5E, 0xF4, 0x94, 0x7A, 0x89, 0x4F,
    0x3C, 0xD1, 0x13, 0x5E, 0xB4, 0x8B, 0x3D, 0xBB, 0xDD, 0x63, 0x47, 0x0F, 0x0C, 0xCC, 0xEC, 0x0E,
    0xF1, 0xE1, 0xE1, 0xC4, 0x14, 0xB4, 0xB4, 0x9E, 0x2E, 0x5C, 0xCD, 0x56, 0xE0, 0x6E, 0x14, 0x22,
    0x41, 0x64, 0x5B, 0x46, 0xF8, 0x41, 0xB2, 0x42, 0xE2, 0x27, 0x5B, 0xE2, 0x67, 0x47, 0x7B, 0xBE,
    0x42, 0xCB, 0xDA, 0x79, 0x44, 0x74, 0x90, 0x28, 0x4C, 0x3D, 0x2C, 0x05, 0xE4, 0x55, 0x5E, 0x49,
    0x2F, 0x16, 0x47, 0x94, 0xEC, 0xC5, 0xD2, 0x3F, 0x82, 0xBA, 0x2A, 0x9A, 0x68, 0x96, 0x50, 0x7C,
    0x74, 0x85, 0x74, 0xDE, 0xB7, 0xC0, 0xAE, 0x1B, 0xA9, 0x58, 0xC8, 0xA8, 0xDC, 0x1D, 0xB5, 0x9E,
    0xA0, 0x7E, 0x42, 0xE1, 0x04, 0xB7, 0xFC, 0xD7, 0xA2, 0xFE, 0x21, 0xD9, 0x27, 0x53, 0x3A, 0xE1,
    0x63, 0x9F, 0x30, 0xA9, 0xDA, 0x9E, 0x51, 0x6D, 0x1D, 0x6A, 0x87, 0x17, 0x7C, 0x3E, 0x79, 0x9E,
    0xE6, 0xA7, 0x3A, 0xCE, 0x8B, 0x75, 0x03, 0xA4, 0x07, 0x9D, 0x97, 0xC4, 0x62, 0x1C, 0x10, 0xFF,
    0x32, 0x57, 0x40, 0x3E, 0x68, 0xFA, 0x2F, 0xD0, 0x7C, 0xD2, 0x44, 0x57, 0xC9, 0xD9, 0x28, 0x88,
    0xA4, 0xA2, 0x36, 0x51, 0xCF, 0xE1, 0x6F, 0x09, 0xC0, 0x30, 0x4B, 0x88, 0xFE, 0xE5, 0x35, 0xF3,
    0xE0, 0xF4, 0x73, 0x26, 0xBF, 0x21, 0x4C, 0x12, 0x15, 0xAA, 0xB0, 0x57, 0xD3, 0xEE, 0x1B, 0x41,
    0x36, 0x2C, 0xDD, 0x23, 0x74, 0x3F, 0x01, 0x3A, 0xD9, 0xC0, 0x10, 0xB5, 0x20, 0x65, 0xF5, 0xBA,
    0x7B, 0x46, 0x83, 0xF4, 0xA8, 0x81, 0x8E, 0xF9, 0x1B, 0x41, 0x24, 0x67, 0x85, 0x58, 0x04, 0x9A,
    0x27, 0x97, 0x7D, 0xD1, 0x24, 0xFE, 0x0A, 0xF1, 0xB0, 0x41, 0x34, 0xBC, 0x24, 0x85, 0xA1, 0xA7,
    0xE3, 0xCF, 0xFA, 0x45, 0xB9, 0xAF, 0xCD, 0xBA, 0x63, 0xBC, 0xAD, 0x80, 0x11, 0x5A, 0x86, 0x53,
    0x15, 0xA8, 0xBD, 0x19, 0xA0, 0xC5, 0x03, 0x3A, 0xBD, 0x1B, 0x4E, 0xF4, 0xF6, 0x1D, 0x66, 0x17,
    0x32, 0x27, 0x3D, 0x27, 0x8C, 0xCC, 0xB8, 0x4F, 0x3A, 0xF3, 0xB3, 0x3E, 0x75, 0xF5, 0x87, 0x7D,
    0xD6, 0xEC, 0x2F, 0x7B, 0xF3, 0x3D, 0x9F, 0xC9, 0xB6, 0x4E, 0x7E, 0xC9, 0xD3, 0x2E, 0x75, 0x45,
    0xE6, 0xB2, 0x05, 0x0D, 0xF7, 0x6E, 0xCD, 0x4A, 0x50, 0x09, 0x0A, 0xAC, 0xB8, 0x00, 0x5D, 0xA4,
    0xFF, 0xFE, 0x2B, 0xAC, 0x92, 0xF9, 0x3B, 0x58, 0x61, 0xFF, 0x25, 0x94, 0x61, 0x49, 0x30, 0x8B,
    0x99, 0x1E, 0x63, 0x99, 0x5F, 0x1D, 0x50, 0x33, 0x64, 0xB1, 0xC6, 0xD1, 0x4D, 0xC9, 0x41, 0x90,
    0x12, 0xE6, 0x52, 0x90, 0xB3, 0x51, 0x99, 0x0B, 0x36, 0xC4, 0x35, 0xAD, 0x38, 0x2C, 0x33, 0xA0,
    0x40, 0x06, 0xE8, 0xC0, 0x61, 0xE8, 0x12, 0x98, 0x43, 0x60, 0xD7, 0xAF, 0x77, 0xA8, 0x99, 0x12,
    0xF4, 0x23, 0x95, 0xE9, 0x43, 0xD6, 0xF9, 0xCC, 0x69, 0xC3, 0x78, 0x28, 0x2A, 0x44, 0x83, 0x05,
    0xD7, 0xD0, 0xDD, 0x3C, 0x82, 0x95, 0x81, 0xFD, 0xBA, 0x76, 0x18, 0xD5, 0x06, 0x69, 0x17, 0x79,
    0xA4, 0x7D, 0x2C, 0xE8, 0xA4, 0x83, 0x8C, 0x30, 0x4E, 0x7A, 0x29, 0xAA, 0xF4, 0x6E, 0xBD, 0x47,
    0x2A, 0xBD, 0x33, 0xF5, 0x46, 0x46, 0xE9, 0xAD, 0xA6, 0x99, 0xF4, 0x6C, 0x9A, 0xBC, 0x52, 0xE4,
    0x4D, 0xC1, 0x0C, 0x13, 0x58, 0xF9, 0xE2, 0x96, 0x23, 0x9B, 0x60, 0xD9, 0xAC, 0x9E, 0x0F, 0x55,
    0xB0, 0xFD, 0x9E, 0xB6, 0xDF, 0x01, 0x7B, 0xE4, 0x2E, 0x1E, 0x90, 0x51, 0x46, 0x2A, 0xEA, 0x84,
    0x39, 0xA7, 0x0A, 0x33, 0xE9, 0xE9, 0x92, 0x7A, 0x45, 0x6C, 0x3F, 0x86, 0xAF, 0xF2, 0xE9, 0x95,
    0xEE, 0x67, 0x25, 0x66, 0x06, 0x30, 0x78, 0x68, 0xEC, 0x0A, 0xA8, 0x47, 0x08, 0x96, 0xE9, 0x62,
    0x9E, 0x80, 0x9B, 0xF5, 0xCC, 0x5A, 0xF9, 0xA2, 0x74, 0x27, 0x48, 0xD4, 0x60, 0x11, 0x0D, 0x16,
    0x13, 0xC9, 0x11, 0x3D, 0x47, 0xD5, 0xA7, 0x9D, 0x22, 0xEB, 0x74, 0xC7, 0xA1, 0x40, 0x2E, 0xFE,
    0x47, 0xC1, 0x59, 0xC6, 0x42, 0xB0, 0x47, 0x81, 0x64, 0x14, 0x7D, 0x45, 0xAE, 0x15, 0xB9, 0x02,
    0xFA, 0x7B, 0x47, 0x63, 0x71, 0x31, 0x12, 0x3B, 0xAF, 0x1F, 0x84, 0x35, 0x9F, 0x08, 0x8B, 0x78,
    0x40, 0x4F, 0xDC, 0x49, 0xC2, 0xA5, 0xCC, 0xB5, 0x8C, 0x08, 0x26, 0x09, 0x9B, 0xBC, 0xE7, 0xEF,
    0x37, 0xEC, 0x7A, 0xFD, 0x2D, 0xCA, 0x9D, 0x50, 0x13, 0xD8, 0x91, 0x33, 0xF1, 0x59, 0xE5, 0x22,
    0x23, 0x4E, 0xE5, 0x7E, 0xDA, 0x7D, 0x0E, 0xFD, 0xDB, 0x41, 0x37, 0x6B, 0xF5, 0x5B, 0x33, 0xA2,
    0x09, 0x45, 0xB5, 0xC4, 0x50, 0xD6, 0xE1, 0xB7, 0x2B, 0x75, 0xED, 0x8B, 0xBC, 0x7A, 0x23, 0x83,
    0x46, 0x8B, 0xDD, 0x41, 0xB0, 0x5E, 0x4E, 0x29, 0x2B, 0x62, 0x83, 0x16, 0x68, 0xE5, 0x29, 0x26,
    0xA9, 0x17, 0x8F, 0xB0, 0xCC, 0xE8, 0xFC, 0xEE, 0x66, 0x40, 0x36, 0x3F, 0xF1, 0x88, 0xE6, 0xEF,
    0x7A, 0x3E, 0xC3, 0x88, 0x91, 0xEA, 0x11, 0xF2, 0x9F, 0x58, 0x7C, 0xA9, 0x08, 0xBE, 0x54, 0x48,
    0x1A, 0x77, 0xCC, 0x9F, 0xBB, 0xF5, 0x23, 0x47, 0x55, 0x9D, 0x11, 0xD0, 0x97, 0x46, 0xA0, 0xCB,
    0x46, 0x81, 0x1C, 0x82, 0x63, 0x14, 0x97, 0x8A, 0x12, 0xD8, 0xCA, 0x17, 0xAD, 0xA2, 0x5D, 0x84,
    0xCE, 0xC1, 0xBF, 0xEB, 0xCB, 0xB7, 0x1E, 0x04, 0x1B, 0x7D, 0x5C, 0xC5, 0x6D, 0x80, 0x6E, 0x03,
    0x03, 0x3E, 0x85, 0x6B, 0x3A, 0xE0, 0xEC, 0xF5, 0xBB, 0x6F, 0xA9, 0x6B, 0x77, 0x04, 0x67, 0xED,
    0x8E, 0x70, 0x78, 0x59, 0xF4, 0x78, 0x61, 0x8C, 0x7C, 0xF6, 0x3D, 0xE9, 0x97, 0x39, 0x0E, 0x4B,
    0xE9, 0x45, 0x95, 0xF5, 0x30, 0xB2, 0xB3, 0x60, 0x58, 0x00, 0xD8, 0x3D, 0xD6, 0xAA, 0x35, 0x19,
    0x2D, 0x06, 0x4F, 0x3D, 0x30, 0x20, 0x77, 0x6C, 0x53, 0x73, 0xF0, 0xD1, 0x44, 0xA6, 0xCB, 0x1C,
    0x9D, 0x77, 0xC2, 0xDE, 0x56, 0xE4, 0x1E, 0x40, 0xFA, 0x36, 0x45, 0x64, 0xBF, 0x98, 0xC8, 0xF9,
    0x20, 0x34, 0x07, 0x4B, 0x8E, 0x45, 0x25, 0xEC, 0xA9, 0x41, 0xDE, 0x64, 0x1D, 0x96, 0x98, 0x11,
    0x82, 0xB4, 0x88, 0x46, 0x12, 0x13, 0x34, 0xC7, 0x39, 0x78, 0xBB, 0x90, 0xCD, 0x5A, 0x68, 0x99,
    0xC2, 0xDC, 0xAF, 0xAB, 0x84, 0xD7, 0x92, 0xB0, 0xF4, 0x5A, 0xD2, 0x0E, 0xC8, 0x9C, 0x16, 0xC3,
    0xD2, 0xB0, 0xA8, 0xA9, 0x0A, 0x68, 0xB1, 0xD0, 0x54, 0xB2, 0xE2, 0x56, 0xB1, 0xF6, 0xA2, 0xD5,
    0x6E, 0x59, 0xC1, 0xB8, 0xCE, 0x34, 0x5C, 0x75, 0x67, 0x97, 0x2E, 0x34, 0x7B, 0xE0, 0xA3, 0x2E,
    0xDF, 0x22, 0xFA, 0xAF, 0xBE, 0xDC, 0x20, 0x7A, 0xDF, 0x6F, 0x5A, 0xC4, 0xEF, 0xFB, 0xA1, 0x15,
    0x69, 0x1F, 0xFA, 0x51, 0xF8, 0xB4, 0xE3, 0xB2, 0xB2, 0x6B, 0x06, 0xC8, 0x82, 0x12, 0x79, 0x61,
    0x19, 0x7B, 0x91, 0x7F, 0x21, 0x34, 0xCD, 0x57, 0x93, 0x5E, 0x48, 0xEF, 0x9A, 0x4A, 0x29, 0x15,
    0x90, 0x83, 0x2C, 0x80, 0x8C, 0xD4, 0x23, 0x3D, 0xB9, 0xD2, 0x24, 0x9C, 0x2B, 0x8C, 0xC4, 0x80,
    0xB9, 0xC1, 0x10, 0xCD, 0x2E, 0xF2, 0xB2, 0x5F, 0x96, 0x38, 0xFF, 0xA0, 0x8B, 0x7D, 0xF2, 0x41,
    0x2F, 0x21, 0xFE, 0x6F, 0x5E, 0xF0, 0x33, 0x9F, 0x74, 0xE9, 0x4F, 0x7D, 0xEA, 0x32, 0x37, 0x64,
    0x82, 0x31, 0x73, 0xC6, 0xB5, 0x0C, 0xF1, 0x8D, 0xAE, 0x59, 0x12, 0xE7, 0xAB, 0x1C, 0x39, 0xCA,
    0xE5, 0x54, 0x5F, 0x70, 0x12, 0x63, 0x88, 0x9B, 0x2B, 0xEE, 0xA3, 0x6F, 0xB0, 0x41, 0x36, 0x09,
    0xD2, 0x09, 0x2D, 0xF1, 0xBF, 0x1D, 0xC2, 0x04, 0x45, 0xA5, 0x87, 0x30, 0xA3, 0xB8, 0x22, 0x6E,
    0x04, 0x4D, 0x4B, 0xB7, 0x4E, 0xC0, 0x33, 0x87, 0x30, 0xA2, 0x14, 0x1C, 0xD3, 0xE8, 0xE6, 0x85,
    0x87, 0xB0, 0x1D, 0x97, 0x0A, 0x66, 0x29, 0xF6, 0xEB, 0x47, 0x3D, 0x46, 0x91, 0x1A, 0x0D, 0xCC,
    0x70, 0x22, 0xF6, 0x82, 0xC4, 0x23, 0x26, 0xB8, 0xDA, 0x29, 0x4C, 0x27, 0x8B, 0xD5, 0xAE, 0xC9,
    0x66, 0xE9, 0x46, 0xD0, 0xFF, 0x06, 0xB9, 0x81, 0x48, 0xF5, 0x1D, 0x5F, 0xAC, 0x6F, 0xFE, 0x1C,
    0x7D, 0xB7, 0x61, 0xBB, 0xDA, 0x1E, 0xF5, 0xAD, 0x4E, 0xF4, 0xDD, 0x12, 0xB4, 0x69, 0x3C, 0xE0,
    0x6A, 0xD9, 0xAB, 0x36, 0x85, 0x43, 0xBE, 0x9C, 0xE9, 0x29, 0x4C, 0xF7, 0x98, 0x59, 0xF7, 0x39,
    0x86, 0xEE, 0xB2, 0x52, 0x4F, 0x34, 0x82, 0x17, 0xD8, 0x46, 0x80, 0xFF, 0x93, 0x49, 0x96, 0xF9,
    0x0E, 0x82, 0xC7, 0x30, 0xAE, 0xD4, 0x73, 0xD4, 0x71, 0xDA, 0x5B, 0xB6, 0x9D, 0x69, 0xA7, 0x59,
    0x67, 0xF5, 0x50, 0x15, 0x8D, 0x02, 0x4C, 0xD8, 0x72, 0xE0, 0x7A, 0x7A, 0xC9, 0x28, 0xD7, 0xDE,
    0x5D, 0x0E, 0xB8, 0x45, 0x34, 0x51, 0x9B, 0x37, 0x74, 0xDE, 0x22, 0xA2, 0x05, 0x93, 0x00, 0x07,
    0x82, 0x0D, 0x60, 0xE6, 0x81, 0xCE, 0x9C, 0x41, 0x2E, 0x8E, 0xE8, 0x8E, 0x7B, 0xEC, 0x44, 0xF1,
    0x12, 0x73, 0xB3, 0x00, 0x63, 0xC8, 0x89, 0x9A, 0xE6, 0x5E, 0x4E, 0x58, 0xF1, 0xCC, 0x66, 0xC5,
    0x81, 0xEB, 0xA8, 0xF8, 0x91, 0xD8, 0x9F, 0xAD, 0x6F, 0x65, 0x91, 0xC3, 0xE6, 0x37, 0x9A, 0x44,
    0xD3, 0xEE, 0x88, 0xB0, 0xB4, 0x7D, 0x62, 0x5C, 0xB0, 0x69, 0x58, 0x2F, 0x14, 0xCC, 0x23, 0xC1,
    0x71, 0x03, 0xB0, 0x18, 0x8E, 0x79, 0x74, 0x5C, 0x34, 0x0A, 0x36, 0xB4, 0x61, 0xD1, 0x28, 0x89,
    0x55, 0x58, 0x34, 0x36, 0xEA, 0x78, 0x8C, 0x82, 0x68, 0xC0, 0x56, 0xED, 0x9C, 0xF5, 0x62, 0xCD,
    0x9D, 0xE3, 0x54, 0x0E, 0x44, 0x9C, 0x62, 0xB7, 0x14, 0xBD, 0xE2, 0x58, 0x4B, 0x1C, 0xDD, 0x64,
    0xA1, 0xDD, 0x97, 0xC4, 0x0D, 0x72, 0xBD, 0xB6, 0x8B, 0x06, 0x11, 0xBF, 0x44, 0x65, 0xDA, 0x7D,
    0xFC, 0x3E, 0xA4, 0xD4, 0xDB, 0x5A, 0xE9, 0x67, 0x02, 0x92, 0x9F, 0x0E, 0x80, 0xCC, 0x0C, 0x84,
    0x1E, 0xB1, 0x05, 0x73, 0xC3, 0x38, 0x87, 0xE0, 0x00, 0x56, 0x86, 0x6E, 0x26, 0x51, 0x2C, 0x2C,
    0x91, 0x35, 0xD0, 0x43, 0xF5, 0x72, 0x1B, 0x09, 0xB4, 0xC2, 0x1A, 0xA3, 0x70, 0x86, 0x88, 0xC6,
    0x0C, 0x91, 0x1D, 0xCD, 0x91, 0x47, 0x9E, 0xFC, 0x22, 0xEE, 0x85, 0xFF, 0x9C, 0x74, 0xC8, 0xB3,
    0x1F, 0x08, 0x0B, 0xF3, 0x9A, 0x74, 0x78, 0x9E, 0x9B, 0x3F, 0x76, 0x28, 0xCF, 0xCD, 0x6B, 0x0D,
    0x56, 0x17, 0xE6, 0xB5, 0x0A, 0xAB, 0x4D, 0xF6, 0x08, 0x58, 0x5D, 0x67, 0x97, 0x42, 0x9F, 0xDD,
    0x02, 0xA5, 0xCF, 0x6E, 0x80, 0xBA, 0xCB, 0x26, 0xA1, 0x5B, 0xD8, 0x64, 0x23, 0x00, 0x0B, 0x5D,
    0x85, 0x8E, 0x87, 0x22, 0xD1, 0xAC, 0xC3, 0xD5, 0xE2, 0xCE, 0x65, 0x95, 0x59, 0x7C, 0x3B, 0x66,
    0x9D, 0x70, 0xCA, 0x1B, 0xE1, 0x56, 0x97, 0xDC, 0x89, 0xCC, 0x07, 0xD2, 0xF4, 0x64, 0xDE, 0x91,
    0xD6, 0x93, 0x7B, 0x3D, 0xB9, 0x4E, 0x4B, 0x96, 0x6D, 0xA1, 0x67, 0x42, 0xCA, 0x2A, 0x84, 0x13,
    0x96, 0x6D, 0x32, 0xE8, 0x66, 0xEE, 0xFC, 0x90, 0x3B, 0xF5, 0x12, 0x33, 0x81, 0x32, 0x07, 0x69,
    0x91, 0x7A, 0xBB, 0x84, 0x2A, 0x60, 0xAB, 0xBC, 0xD1, 0x5D, 0xF0, 0xA4, 0xFB, 0xE5, 0xA4, 0xCF,
    0x3A, 0xDE, 0x76, 0x37, 0xBA, 0xCD, 0xC6, 0x74, 0x23, 0xB8, 0x59, 0x74, 0x09, 0xE7, 0xC7, 0xFC,
    0xB3, 0xAE, 0xCE, 0x7A, 0x35, 0x84, 0x1D, 0xC9, 0xE3, 0xD8, 0x0E, 0x21, 0xC9, 0x12, 0x55, 0x52,
    0xD5, 0x6B, 0xC8, 0x5B, 0x84, 0x87, 0xA9, 0x27, 0x8D, 0x23, 0x6D, 0x45, 0xEE, 0x89, 0x78, 0x24,
    0x33, 0x4F, 0xE6, 0x8E, 0xAC, 0x11, 0x1E, 0x26, 0xCF, 0x58, 0xAD, 0x68, 0xC8, 0x9A, 0x67, 0xC2,
    0x45, 0xB8, 0x83, 0x40, 0x08, 0x3B, 0x0F, 0x4B, 0x59, 0xC9, 0xBE, 0xF2, 0x02, 0x9A, 0x8F, 0xD7,
    0xD0, 0xC2, 0xF6, 0x5E, 0x4B, 0x24, 0x25, 0xEE, 0xB5, 0x24, 0x9D, 0x14, 0xA7, 0x25, 0xD5, 0xA2,
    0x37, 0xB2, 0x15, 0xB4, 0x70, 0x30, 0xD0, 0x72, 0x8E, 0xD3, 0xBB, 0xE1, 0xAD, 0x88, 0xA9, 0xE7,
    0x1E, 0x3B, 0x29, 0x7F, 0x02, 0xFC, 0x68, 0x11, 0xB4, 0xE1, 0x33, 0x56, 0xF9, 0x03, 0xE0, 0xF7,
    0x01, 0xA3, 0x7F, 0x2A, 0x76, 0x2A, 0x7D, 0x27, 0xCB, 0x9F, 0xB8, 0x43, 0xD4, 0x2F, 0xC3, 0xF0,
    0x1C, 0x18, 0x5B, 0xBE, 0xB1, 0x34, 0xBB, 0x60, 0x33, 0xCA, 0xC9, 0x8F, 0x2D, 0xB3, 0x0A, 0x69,
    0x13, 0x14, 0x3B, 0x5B, 0xEB, 0xF0, 0x59, 0xC2, 0xF0, 0x4F, 0x55, 0xD0, 0xE1, 0x07, 0x15, 0xC0,
    0x12, 0x86, 0xCF, 0x12, 0x86, 0xFF, 0x3C, 0x0B, 0xA9, 0x95, 0xCE, 0x1E, 0x7A, 0x51, 0xCC, 0x53,
    0xB1, 0xA3, 0x8B, 0xE6, 0x46, 0x73, 0x53, 0xF6, 0x4A, 0x1D, 0x60, 0xFE, 0xC2, 0x03, 0x36, 0x12,
    0x6C, 0x31, 0xEA, 0xC4, 0x91, 0x78, 0xAC, 0x18, 0x9E, 0x25, 0x38, 0xED, 0xE8, 0xD6, 0xA0, 0x65,
    0xB6, 0x7F, 0x11, 0x88, 0xF5, 0xB0, 0x4E, 0x5F, 0x61, 0x26, 0xBE, 0xB2, 0xCC, 0x17, 0x06, 0xA6,
    0x4A, 0x9B, 0x08, 0xC8, 0xF6, 0xA9, 0x13, 0x81, 0x3F, 0x71, 0x72, 0x4F, 0xF2, 0x9E, 0x4B, 0x44,
    0x57, 0x6E, 0xB6, 0xF2, 0xB0, 0xEB, 0xCD, 0x8F, 0x13, 0x98, 0x80, 0x73, 0x57, 0xC0, 0x96, 0x98,
    0xB8, 0x28, 0x70, 0x3B, 0x9F, 0xB5, 0xC8, 0xEF, 0xDA, 0x09, 0xD9, 0x3C, 0x8C, 0x88, 0xB8, 0xB9,
    0xA1, 0xAE, 0x61, 0x5A, 0x26, 0x9E, 0x77, 0x9D, 0x5D, 0x3C, 0x96, 0xCD, 0xD1, 0x7C, 0x40, 0xFC,
    0xC1, 0xDD, 0x0E, 0xC9, 0x7F, 0x8A, 0xDC, 0x84, 0xA7, 0xC8, 0x84, 0xFB, 0xA1, 0xB4, 0x23, 0x5C,
    0x98, 0x60, 0x1B, 0x98, 0x05, 0x8D, 0x09, 0x73, 0xAB, 0xE0, 0x0A, 0x85, 0x8B, 0x26, 0x94, 0x3F,
    0x7E, 0x34, 0xA0, 0xB4, 0x73, 0x87, 0x55, 0xAA, 0xC7, 0xE6, 0x8A, 0xF1, 0x11, 0x1D, 0xBE, 0x3D,
    0xA6, 0x3D, 0x5A, 0xE3, 0xF0, 0x87, 0x4C, 0x2F, 0xAB, 0xD9, 0x24, 0xAD, 0x34, 0xA1, 0x36, 0x08,
    0xE5, 0xBA, 0xE4, 0x59, 0x18, 0x59, 0x2F, 0x9B, 0xDB, 0x26, 0x95, 0x31, 0x41, 0xEF, 0x7B, 0x71,
    0xBA, 0x80, 0x10, 0x27, 0xBB, 0x70, 0x5A, 0xB0, 0x3B, 0xB5, 0xA0, 0x3B, 0xB5, 0x60, 0x75, 0x62,
    0x41, 0x7B, 0x6A, 0xC1, 0xFD, 0x89, 0x05, 0x6F, 0x68, 0xC1, 0x51, 0x2D, 0xA8, 0x77, 0x58, 0xF5,
    0x3C, 0x48, 0xBF, 0x93, 0x28, 0x71, 0xC5, 0x5D, 0x1F, 0xA7, 0x7B, 0xB6, 0x5A, 0xE1, 0x11, 0xB7,
    0xA2, 0xDD, 0x6E, 0xBE, 0xC7, 0xCD, 0x03, 0xA0, 0x55, 0x85, 0xBE, 0x41, 0x9F, 0x70, 0x53, 0x22,
    0x97, 0xB5, 0x1D, 0x37, 0xE8, 0xBA, 0x3F, 0xA7, 0x5B, 0x84, 0x76, 0xF6, 0xD4, 0x5D, 0x52, 0x47,
    0x1B, 0x00, 0x63, 0xD0, 0x50, 0x55, 0x2C, 0x96, 0x64, 0xB6, 0xE4, 0xF2, 0x7A, 0xA1, 0x52, 0x35,
    0x85, 0x1D, 0x99, 0x2A, 0x1D, 0x99, 0x2D, 0x34, 0xCA, 0x66, 0x61, 0x45, 0xE6, 0x4A, 0x02, 0xC5,
    0x33, 0x2C, 0x03, 0x7F, 0x17, 0x2B, 0x0E, 0x03, 0x1B, 0xA1, 0xAD, 0x5A, 0xA1, 0xE9, 0xC8, 0x64,
    0x18, 0xC3, 0x64, 0x0C, 0xEB, 0x11, 0x84, 0x84, 0x18, 0xC5, 0x7C, 0x1A, 0xA3, 0x0E, 0x21, 0x46,
    0x05, 0xB4, 0x30, 0xF1, 0x82, 0x18, 0x6D, 0xC4, 0xC2, 0xE6, 0xAE, 0x1D, 0x91, 0x86, 0x18, 0x0D,
    0x97, 0xBF, 0xEA, 0xCE, 0xAF, 0x52, 0x9D, 0xDD, 0x5B, 0x3B, 0x6E, 0x2F, 0xF6, 0x34, 0xFF, 0x9B,
    0x27, 0xAF, 0x75, 0xB6, 0xC4, 0xE6, 0x39, 0xE7, 0xA3, 0xA1, 0xE8, 0x11, 0x0D, 0xF3, 0x84, 0xE8,
    0x83, 0xBB, 0x59, 0x52, 0x15, 0x16, 0x89, 0x9E, 0x71, 0x65, 0x7C, 0xD2, 0x6F, 0xAE, 0x5B, 0x28,
    0xEE, 0xE0, 0x35, 0x4D, 0x0D, 0xC1, 0xED, 0x3B, 0x6D, 0xB6, 0xA5, 0xC9, 0xC4, 0xF9, 0x10, 0x14,
    0x3A, 0x5C, 0x8C, 0x28, 0xD5, 0x2D, 0x7B, 0x2D, 0xD1, 0xB4, 0x94, 0xF0, 0x51, 0x67, 0x4A, 0xE9,
    0xC5, 0x4D, 0x1D, 0x90, 0xB2, 0xE8, 0x29, 0xE6, 0x39, 0x2F, 0xB4, 0xBE, 0x02, 0x8B, 0x2B, 0x94,
    0xD2, 0xC1, 0x2A, 0xEB, 0xB1, 0x29, 0x1A, 0x6C, 0x0F, 0x40, 0x3D, 0x1C, 0xA7, 0x73, 0x5B, 0x1D,
    0x27, 0xFC, 0x5D, 0x00, 0x4E, 0x65, 0x8D, 0x0A, 0x99, 0x4C, 0x4E, 0xAC, 0x16, 0x4C, 0x77, 0xC4,
    0xC9, 0x7E, 0xEA, 0xC5, 0xF7, 0x05, 0x39, 0xF0, 0xF9, 0x70, 0x92, 0x36, 0xCB, 0xAE, 0xC4, 0xAF,
    0xA8, 0xE2, 0x96, 0xF2, 0x5B, 0x41, 0x31, 0x0A, 0xD2, 0xFE, 0x53, 0x3A, 0x20, 0x5F, 0x1C, 0xB0,
    0x87, 0x3A, 0xE0, 0x23, 0x75, 0x80, 0xD8, 0x7E, 0x40, 0xCE, 0x81, 0x59, 0x8E, 0xA9, 0x45, 0xAA,
    0xB7, 0x4A, 0x97, 0x0D, 0xCC, 0x3F, 0x8D, 0x9C, 0x49, 0x7B, 0xC1, 0x37, 0x3D, 0x9A, 0xBC, 0x1A,
    0x93, 0x3E, 0xE7, 0x34, 0x51, 0x60, 0xC5, 0x31, 0x15, 0x74, 0x40, 0xD6, 0xD1, 0xC0, 0xBC, 0x24,
    0x92, 0x83, 0xF6, 0xFF, 0x3C, 0x22, 0x56, 0xE1, 0x88, 0x18, 0x26, 0x95, 0x95, 0x0E, 0x31, 0x9C,
    0x3E, 0x47, 0x2D, 0xD1, 0x80, 0x1F, 0x46, 0x3E, 0x1E, 0x62, 0x6F, 0x3A, 0x9E, 0x7C, 0x93, 0x5F,
    0x4E, 0x48, 0xDE, 0xF3, 0x48, 0x66, 0xBD, 0xED, 0x4F, 0xFE, 0x75, 0xCC, 0xFA, 0xE4, 0xDD, 0xBD,
    0x1D, 0x93, 0xFF, 0xB8, 0xFA, 0xBB, 0x29, 0xF5, 0x85, 0x6B, 0xD3, 0xAE, 0xA8, 0x5A, 0x6E, 0xD9,
    0xAE, 0x4D, 0x73, 0x8E, 0xD1, 0x34, 0x2B, 0x0C, 0xA6, 0x22, 0x70, 0x11, 0xF9, 0x1C, 0x9B, 0xC8,
    0x17, 0x68, 0x63, 0x7F, 0x8E, 0xEB, 0xA4, 0x2F, 0x31, 0x26, 0x9D, 0x3C, 0x4B, 0xBA, 0x0B, 0x78,
    0xD9, 0xDD, 0x45, 0x02, 0x79, 0x96, 0xB9, 0x68, 0x09, 0x4C, 0x3F, 0x4F, 0x88, 0x3F, 0x31, 0x30,
    0xB3, 0xCF, 0x1E, 0x98, 0xD9, 0x01, 0x5C, 0xA2, 0x92, 0xC3, 0xEB, 0x43, 0xD6, 0xA3, 0xCD, 0xA5,
    0x89, 0xD5, 0xA9, 0xC9, 0xDE, 0x48, 0x69, 0xA1, 0xAF, 0x24, 0xA6, 0xF0, 0x4A, 0x02, 0x13, 0x5F,
    0x32, 0x94, 0xC8, 0xFA, 0xE2, 0x6E, 0x17, 0x5E, 0x4B, 0x60, 0x93, 0xDD, 0x03, 0x2D, 0x6F, 0x3E,
    0xA7, 0xFB, 0x4B, 0x87, 0xA7, 0x4D, 0xDA, 0xE3, 0xC0, 0xB3, 0x8B, 0x8C, 0xD9, 0x87, 0x0B, 0x1B,
    0x85, 0x1E, 0x5B, 0x04, 0x7D, 0x12, 0xF6, 0xDE, 0xCB, 0x3C, 0x90, 0x79, 0xD4, 0x30, 0x7F, 0xF3,
    0x70, 0x0F, 0xF3, 0x83, 0x79, 0x80, 0xF9, 0x23, 0xE9, 0x2E, 0x07, 0x40, 0x9C, 0x6C, 0xA6, 0x4E,
    0x22, 0xE9, 0xFF, 0x73, 0xED, 0x7B, 0xE1, 0x82, 0x11, 0x32, 0xC4, 0xCE, 0xDF, 0x9C, 0x9B, 0x7A,
    0x36, 0x73, 0x75, 0x76, 0x59, 0xAE, 0x01, 0xFB, 0x43, 0x08, 0x9A, 0x30, 0xD4, 0x4F, 0xB1, 0x78,
    0xBE, 0x40, 0x82, 0xCC, 0x5B, 0x1D, 0x74, 0x06, 0x3B, 0xAC, 0x77, 0x55, 0x3C, 0xC0, 0xE8, 0x03,
    0xC5, 0xD2, 0xE2, 0x50, 0x81, 0xFE, 0x6B, 0x58, 0x79, 0x0C, 0x9B, 0xC3, 0x52, 0xF1, 0x5B, 0x34,
    0x92, 0x05, 0x26, 0xBE, 0x54, 0x19, 0x90, 0x86, 0x97, 0x72, 0x4B, 0x0F, 0xFA, 0x06, 0xFF, 0x64,
    0xBA, 0xB1, 0x7A, 0x16, 0xDB, 0x9F, 0x5D, 0xCA, 0x49, 0x2C, 0x64, 0x84, 0x16, 0x5D, 0x66, 0x4F,
    0xEE, 0x63, 0x2E, 0x30, 0x46, 0xFB, 0x68, 0xC8, 0x7C, 0xE4, 0xEB, 0x26, 0xFA, 0x70, 0x8F, 0x68,
    0xEE, 0x81, 0x5B, 0x84, 0x09, 0xD2, 0x0A, 0x34, 0x0E, 0x43, 0x30, 0x62, 0x13, 0xE2, 0x90, 0x60,
    0x1C, 0x2A, 0xA2, 0x41, 0x20, 0x3A, 0xAE, 0xA8, 0x99, 0x54, 0xF7, 0x9C, 0x53, 0x3C, 0x8A, 0x9F,
    0x7F, 0xD4, 0xC3, 0xCC, 0x6F, 0x77, 0xA2, 0xAB, 0xAE, 0x5A, 0xC0, 0x6E, 0xC4, 0xD7, 0x89, 0x2B,
    0x9C, 0x0D, 0xB0, 0x88, 0x16, 0x48, 0x55, 0xC4, 0x44, 0xC2, 0x96, 0x49, 0xAF, 0x28, 0xA9, 0xE6,
    0x86, 0x03, 0x9A, 0x04, 0xD1, 0x72, 0x17, 0xED, 0x8F, 0x07, 0xBC, 0x1A, 0x30, 0xDF, 0x9F, 0x04,
    0x1C, 0x76, 0x72, 0x80, 0x7E, 0xA4, 0xDE, 0x79, 0xCC, 0x57, 0x00, 0x49, 0x27, 0xE9, 0x1A, 0xF7,
    0xA6, 0xBA, 0x90, 0x8C, 0x67, 0xA6, 0xE6, 0x8A, 0x6B, 0xA6, 0xEB, 0x18, 0xF7, 0x25, 0x86, 0xB8,
    0x5F, 0xD2, 0x75, 0x15, 0x79, 0xC9, 0xD9, 0x88, 0x39, 0x2B, 0x55, 0x9B, 0x36, 0xF1, 0x46, 0xB2,
    0xDE, 0x5B, 0x6C, 0xBF, 0x3E, 0xB4, 0xB0, 0xC3, 0x3C, 0x20, 0xEF, 0x18, 0x13, 0x59, 0x9F, 0x0D,
    0xA8, 0x07, 0x3B, 0xC5, 0xFB, 0xF1, 0xC7, 0xB7, 0xA6, 0x7F, 0xA3, 0x2F, 0x4D, 0x75, 0xE5, 0xCE,
    0x5F, 0x42, 0x5D, 0x31, 0xE5, 0xF0, 0x45, 0xA0, 0x46, 0xB8, 0x32, 0x25, 0xF6, 0x90, 0x1F, 0x99,
    0x7A, 0xD1, 0x1E, 0x5F, 0xB8, 0x4E, 0x6E, 0x22, 0xDF, 0x66, 0xE7, 0xA6, 0xBF, 0xFD, 0x4E, 0x51,
    0x57, 0xF5, 0x94, 0xEF, 0x91, 0xF7, 0x19, 0xF3, 0x8F, 0xCA, 0xB7, 0x0A, 0xD1, 0x7B, 0x84, 0xA2,
    0xC3, 0x70, 0xD4, 0x3B, 0xF2, 0x82, 0xE5, 0x6A, 0x2A, 0x59, 0xD0, 0xC3, 0x54, 0x82, 0x22, 0xD8,
    0x6A, 0xE6, 0x0D, 0xF9, 0x0E, 0xF1, 0xFE, 0x51, 0x09, 0xCC, 0xFB, 0x15, 0x50, 0xF4, 0xA7, 0x57,
    0x9A, 0xD2, 0xCF, 0xE7, 0x97, 0x6B, 0x8D, 0x77, 0x2E, 0x9F, 0x3D, 0xD3, 0xA2, 0x78, 0xCC, 0xE6,
    0xF3, 0xAB, 0x5D, 0xF2, 0xE4, 0xF2, 0xA9, 0x4B, 0x5C, 0x34, 0x57, 0xA9, 0xC3, 0x16, 0x59, 0x23,
    0x2D, 0x5E, 0xD6, 0x75, 0xA4, 0xA8, 0x54, 0x23, 0xFA, 0x58, 0x03, 0x0E, 0x96, 0x1B, 0xF5, 0x49,
    0x5D, 0x96, 0xC3, 0xF0, 0xBC, 0x6B, 0xE7, 0x7B, 0x53, 0x95, 0xAF, 0x48, 0xD7, 0x2B, 0xFC, 0x1E,
    0x45, 0xD6, 0x14, 0x32, 0x0B, 0xE2, 0xBB, 0x35, 0xA8, 0x8F, 0xC0, 0x9D, 0xA2, 0x83, 0xEE, 0xE3,
    0x01, 0x4F, 0x5C, 0x13, 0x9B, 0x80, 0x91, 0xB7, 0xAB, 0x3D, 0x60, 0x0F, 0x95, 0x60, 0x16, 0x20,
    0x0B, 0x2D, 0x08, 0xED, 0xC0, 0x34, 0x82, 0x32, 0x68, 0xEB, 0x43, 0x62, 0x6A, 0x0D, 0x42, 0xAE,
    0x68, 0x11, 0x33, 0x1B, 0xB1, 0xE0, 0x73, 0xC8, 0x71, 0x8E, 0x95, 0x7C, 0x2F, 0xB0, 0x91, 0xEF,
    0x35, 0x06, 0xF9, 0xFA, 0x48, 0xBE, 0x7C, 0xCF, 0x24, 0x5F, 0x97, 0xCA, 0x37, 0x6B, 0x4C, 0x25,
    0x5F, 0xE4, 0x4B, 0xF5, 0x92, 0xD5, 0xE5, 0x8B, 0x62, 0x66, 0xBA, 0x75, 0xB2, 0xEA, 0x9F, 0x9E,
    0x40, 0xC2, 0xFF, 0x54, 0x53, 0xE8, 0x50, 0x22, 0x1F, 0x1E, 0xD1, 0x47, 0x88, 0xEE, 0xD7, 0xC0,
    0xE5, 0x8C, 0x68, 0xE6, 0x7B, 0xEA, 0xD3, 0x03, 0x8A, 0x69, 0xB4, 0x79, 0xCC, 0x7A, 0xA7, 0x67,
    0x34, 0x6E, 0x2E, 0xEA, 0xD9, 0xA1, 0x3E, 0x00, 0xD1, 0xA1, 0x8A, 0x9B, 0x6C, 0x96, 0x31, 0xE6,
    0xFF, 0x72, 0x78, 0xE4, 0x4A, 0xDA, 0xF8, 0x77, 0x90, 0x8E, 0xF8, 0x6F, 0xCD, 0x9A, 0x01, 0xA4,
    0x65, 0x49, 0x7E, 0xFF, 0x3F, 0xE7, 0xD4, 0x74, 0x9F, 0x59, 0xB5, 0xBB, 0xD5, 0xD8, 0xF9, 0xFF,
    0x87, 0xD9, 0xEC, 0x19, 0x0C, 0x56, 0x6C, 0xBF, 0x0A, 0x06, 0x13, 0xEE, 0x3D, 0x55, 0xBB, 0x83,
    0x00, 0x49, 0xA3, 0xDF, 0x04, 0x2D, 0x99, 0x00, 0x02, 0xBC, 0x60, 0x31, 0xB8, 0xEF, 0xDD, 0x33,
    0x33, 0x80, 0x20, 0x0D, 0x63, 0x11, 0x64, 0x84, 0x10, 0x8B, 0x18, 0xD2, 0x78, 0x91, 0xFB, 0xFA,
    0xD4, 0x4E, 0x10, 0x2C, 0xF6, 0x24, 0xAB, 0x17, 0x20, 0x95, 0x6C, 0xBF, 0x40, 0xC8, 0x56, 0xCC,
    0x99, 0xCD, 0x79, 0x99, 0x73, 0x6F, 0xE5, 0xD4, 0xBB, 0xF7, 0x1D, 0x73, 0xCD, 0xCC, 0x5A, 0xD2,
    0xD3, 0xFD, 0x4E, 0x9D, 0xDF, 0x47, 0x37, 0xDD, 0xF5, 0xFB, 0x56, 0xDD, 0xFA, 0x55, 0xFD, 0xAA,
    0xEA, 0x88, 0xF5, 0x58, 0x86, 0x62, 0x00, 0x00, 0x6C, 0x5E, 0x8B, 0x5A, 0xD8, 0xC2, 0x4A, 0xAB,
    0xAC, 0xA2, 0xC4, 0xA4, 0xC2, 0x09, 0xC7, 0x9C, 0xB1, 0xE2, 0x2E, 0x30, 0xDB, 0xD9, 0x02, 0x38,
    0x85, 0x32, 0xD6, 0xC4, 0x18, 0xC4, 0xC5, 0x2F, 0x7B, 0xE9, 0xC3, 0x4A, 0x39, 0xFF, 0x8A, 0xCE,
    0x3C, 0x26, 0x6F, 0xA9, 0x46, 0x3B, 0x11, 0x8E, 0xE3, 0xD1, 0x16, 0xC9, 0x8A, 0x7A, 0x34, 0x7B,
    0x5A, 0xC9, 0xEF, 0x76, 0x5A, 0x15, 0x5E, 0xFD, 0x62, 0xE9, 0x8A, 0xB8, 0x81, 0xE6, 0x31, 0x1C,
    0x00, 0xB7, 0x77, 0x55, 0x7F, 0x03, 0x40, 0x5F, 0x40, 0x16, 0xA3, 0xA3, 0xB8, 0x78, 0x33, 0x50,
    0xBA, 0xBC, 0xC7, 0xC0, 0x8A, 0x0A, 0x6E, 0x71, 0x0C, 0xB0, 0xDA, 0xC7, 0x31, 0xA0, 0x62, 0x6C,
    0x13, 0x1C, 0x37, 0x96, 0x87, 0x16, 0x0C, 0xEC, 0x50, 0x91, 0xD5, 0xCC, 0x11, 0x2D, 0xA7, 0x08,
    0x9F, 0xB7, 0xE4, 0x41, 0x6E, 0xEE, 0x67, 0xC1, 0xC4, 0xF8, 0x57, 0xA1, 0xBA, 0xD9, 0xC4, 0x70,
    0x4C, 0xD6, 0x38, 0xD9, 0x82, 0xB1, 0x85, 0x87, 0x13, 0x44, 0x80, 0x81, 0x3C, 0x90, 0x77, 0x64,
    0x3D, 0x85, 0x87, 0x01, 0xE5, 0x60, 0x85, 0xB6, 0x70, 0x4C, 0x05, 0x18, 0x06, 0x40, 0x67, 0x1D,
    0xA0, 0x5E, 0x0F, 0x89, 0x7F, 0xEA, 0x00, 0xF9, 0x2F, 0x16, 0x54, 0x4C, 0x52, 0xCA, 0x91, 0x35,
    0x37, 0xDE, 0xF8, 0xF8, 0x10, 0xC8, 0x03, 0x13, 0xC5, 0x96, 0x9E, 0xC4, 0x16, 0x78, 0xE1, 0xDE,
    0xF9, 0x5D, 0x68, 0x62, 0x5C, 0x43, 0x8C, 0x71, 0x00, 0x4A, 0x0E, 0xC6, 0x32, 0x67, 0xC6, 0x8C,
    0x05, 0xA7, 0x63, 0xE9, 0x08, 0x04, 0x60, 0x7A, 0x0A, 0x27, 0x6B, 0x59, 0x2B, 0xAB, 0x50, 0x7B,
    0xFF, 0x9C, 0xAC, 0xF1, 0xA0, 0xE2, 0x06, 0xCC, 0x7B, 0x0D, 0xAC, 0xF9, 0x2A, 0xF4, 0x40, 0xD6,
    0x5D, 0x81, 0x01, 0xA0, 0xB9, 0x0F, 0x98, 0x8D, 0x85, 0x65, 0xF4, 0x14, 0x6D, 0x39, 0xA0, 0x6C,
    0xB6, 0x46, 0xC3, 0x09, 0x15, 0x54, 0x09, 0x73, 0x0C, 0x2C, 0xD0, 0x2D, 0x1D, 0x6A, 0xF3, 0x3B,
    0x2D, 0x59, 0x52, 0x49, 0x11, 0x01, 0x4C, 0x0D, 0x28, 0x07, 0xC8, 0x04, 0x95, 0x50, 0xD6, 0xCC,
    0x69, 0x52, 0x9D, 0x03, 0xC8, 0xE8, 0x77, 0x3F, 0xAC, 0x79, 0x67, 0x30, 0xEF, 0xF6, 0xE6, 0xF5,
    0x7E, 0x29, 0x3A, 0x38, 0xEA, 0x01, 0x99, 0xFA, 0x07, 0x73, 0x7E, 0x14, 0x60, 0x4D, 0x36, 0x20,
    0x3C, 0xCC, 0x91, 0x0E, 0x34, 0x0A, 0xDD, 0x2A, 0x0E, 0xB2, 0xD8, 0x2B, 0x3B, 0x13, 0x1F, 0xAF,
    0xA4, 0x9D, 0xA9, 0xFA, 0xDB, 0x45, 0xFD, 0x96, 0x02, 0x69, 0x4F, 0xCB, 0xC4, 0x07, 0x1A, 0x94,
    0x7D, 0x70, 0x30, 0x92, 0x07, 0x25, 0xEF, 0x97, 0xBC, 0xA5, 0x7E, 0x10, 0x0E, 0x98, 0xC9, 0xD8,
    0xCE, 0x98, 0x67, 0x1B, 0x7A, 0x4A, 0x10, 0x01, 0xD5, 0x52, 0x3A, 0xC4, 0xFA, 0x8D, 0x08, 0xC4,
    0xD8, 0x03, 0x2F, 0xA5, 0x86, 0xD3, 0xB4, 0x22, 0x76, 0xD2, 0x2E, 0x60, 0x06, 0xB3, 0x3C, 0x0E,
    0x65, 0xEC, 0xE7, 0x3C, 0x98, 0xD1, 0xCD, 0xF2, 0x60, 0xD6, 0x41, 0xFE, 0x57, 0x00, 0x80, 0xAC,
    0xCE, 0x2D, 0xD2, 0xA9, 0x1A, 0x63, 0x97, 0x64, 0xEB, 0x7C, 0x40, 0x06, 0x15, 0x30, 0x6E, 0x59,
    0xB3, 0xE4, 0x21, 0xE3, 0x3B, 0xC0, 0xD2, 0x46, 0x28, 0x9D, 0xA9, 0x29, 0x82, 0x6A, 0xC9, 0x7A,
    0x11, 0x60, 0xC1, 0x00, 0x2F, 0xF2, 0x32, 0x00, 0xBC, 0x70, 0x78, 0x78, 0xD8, 0xC4, 0x18, 0x47,
    0xDB, 0x00, 0xF3, 0x64, 0x53, 0x70, 0x4D, 0x01, 0xC6, 0xDD, 0x17, 0x0E, 0xEF, 0x2C, 0x63, 0x68,
    0x62, 0x40, 0x3F, 0x26, 0x7F, 0x7C, 0x80, 0xA4, 0xB0, 0x5F, 0x33, 0x3F, 0x75, 0xDF, 0x79, 0xF5,
    0xDF, 0xDC, 0x6B, 0xBF, 0xF5, 0xAF, 0xEE, 0xD5, 0xE5, 0x3B, 0xEE, 0xB5, 0xBF, 0x7D, 0xBD, 0x7E,
    0xED, 0x2F, 0xFF, 0xC1, 0x7E, 0x93, 0xDF, 0x45, 0xDA, 0xB7, 0xC8, 0x62, 0xBB, 0x73, 0x62, 0x63,
    0x6C, 0xC7, 0x97, 0x65, 0x8B, 0x88, 0x03, 0xEA, 0xFC, 0x21, 0xA5, 0xD5, 0x54, 0x28, 0x66, 0x3B,
    0x9B, 0x53, 0x52, 0x51, 0xA1, 0x7F, 0x36, 0x20, 0x63, 0x20, 0x8B, 0x16, 0x28, 0x1C, 0x20, 0x27,
    0xA8, 0x3A, 0xC1, 0x6E, 0x91, 0x1D, 0x1E, 0x1D, 0xDE, 0x11, 0x31, 0xC6, 0xBE, 0x18, 0xD1, 0x41,
    0x05, 0x30, 0x9F, 0xB0, 0x98, 0xB0, 0x62, 0xD7, 0x0E, 0x80, 0xA9, 0xDD, 0xD6, 0xA4, 0xA0, 0xB8,
    0x44, 0xB6, 0xB1, 0x32, 0xB6, 0x65, 0x1E, 0x9E, 0xCB, 0x02, 0xB9, 0x4F, 0x6E, 0x4B, 0xE8, 0x29,
    0x5A, 0x0E, 0xA0, 0x89, 0x75, 0x8C, 0x8E, 0x65, 0x9B, 0xC7, 0x2E, 0xAF, 0x17, 0x70, 0xCA, 0xD2,
    0xB3, 0xAC, 0xC9, 0x03, 0xA4, 0x77, 0x9E, 0x87, 0x32, 0xBA, 0x9B, 0x1B, 0xF2, 0xBA, 0xF0, 0xCA,
    0x69, 0xE6, 0x9C, 0x72, 0x0B, 0x16, 0xE4, 0x81, 0xD5, 0x16, 0xC2, 0xD3, 0xEF, 0xD0, 0xD2, 0x51,
    0xB8, 0x2C, 0x20, 0xB7, 0xC8, 0x03, 0xCA, 0x89, 0x11, 0xB5, 0xF0, 0x94, 0x76, 0x84, 0xB6, 0x45,
    0x8B, 0xA1, 0xF0, 0x44, 0x64, 0xC8, 0x1B, 0xE4, 0xFA, 0xA8, 0x42, 0x35, 0xC3, 0x88, 0xDF, 0xF3,
    0xC7, 0x28, 0x0B, 0x94, 0x00, 0x7A, 0x42, 0x35, 0x61, 0x0E, 0x40, 0x71, 0xA9, 0x79, 0x44, 0x1E,
    0x37, 0xF7, 0x9C, 0x8C, 0x6B, 0x59, 0x97, 0x71, 0x50, 0x56, 0x27, 0x98, 0x11, 0x98, 0xD8, 0x97,
    0x2C, 0x63, 0xA7, 0x31, 0xB1, 0x3B, 0x18, 0x11, 0xE6, 0x5B, 0x94, 0x31, 0xCC, 0x52, 0xB8, 0x2C,
    0xC8, 0x62, 0xBB, 0x82, 0xFF, 0xDF, 0x9E, 0x82, 0x70, 0x1D, 0x14, 0x09, 0xD2, 0x85, 0x11, 0x6F,
    0x8F, 0x50, 0xDF, 0xBB, 0x84, 0x1F, 0x21, 0x46, 0x94, 0xA2, 0x4D, 0x70, 0x70, 0x50, 0x8C, 0xA8,
    0x12, 0xE6, 0xB2, 0x86, 0x99, 0xB4, 0x68, 0x6F, 0xDA, 0xB1, 0xB8, 0xCC, 0x8A, 0xBA, 0xB0, 0x37,
    0x7B, 0x66, 0x2F, 0xCF, 0x97, 0x83, 0xF6, 0x68, 0xF2, 0x88, 0xFA, 0x0B, 0x9E, 0xFF, 0x16, 0xDC,
    0x4E, 0x2F, 0xB3, 0xAB, 0xF7, 0x2D, 0x7E, 0x73, 0x73, 0xDF, 0xC4, 0x36, 0x6B, 0x6A, 0x19, 0x43,
    0x49, 0x37, 0x63, 0xB1, 0x60, 0x71, 0xCA, 0xA2, 0x63, 0xD5, 0xD1, 0x77, 0x84, 0x85, 0xF0, 0x3A,
    0xD6, 0xC5, 0x05, 0x00, 0x08, 0x6E, 0xB2, 0x8D, 0x0C, 0x11, 0x0A, 0x4F, 0x36, 0xE4, 0x3D, 0x34,
    0x6C, 0x40, 0xA7, 0x38, 0x50, 0xAE, 0xAC, 0x29, 0x9D, 0xAE, 0x69, 0x6C, 0x24, 0x5F, 0x8B, 0x1E,
    0xE9, 0x55, 0x8B, 0xB1, 0x06, 0x16, 0x9C, 0xC2, 0xCB, 0xDC, 0x01, 0x00, 0x28, 0x02, 0xF4, 0x2C,
    0x3D, 0x79, 0xE0, 0x7F, 0x3C, 0xC2, 0xF1, 0xBD, 0x96, 0x54, 0xB3, 0x43, 0x93, 0x38, 0x4B, 0xE4,
    0xB2, 0x57, 0xF2, 0x30, 0xB2, 0x2E, 0x1C, 0xA4, 0x55, 0x0B, 0x11, 0x87, 0x1B, 0x90, 0xFF, 0xF0,
    0xAF, 0x01, 0x80, 0x3F, 0x86, 0xCC, 0x66, 0x03, 0x14, 0x4E, 0x8C, 0x54, 0x56, 0xCD, 0xE0, 0x80,
    0xEF, 0xBC, 0x05, 0x0B, 0x1E, 0x8C, 0xEC, 0x32, 0xFF, 0x80, 0xDC, 0x0B, 0xF7, 0x80, 0x22, 0x2D,
    0x48, 0x28, 0x7B, 0xF3, 0x87, 0x17, 0x54, 0x40, 0x60, 0x01, 0x99, 0x7F, 0x92, 0x7A, 0x64, 0x48,
    0x7A, 0xCC, 0xA5, 0x9E, 0xF5, 0x49, 0xD2, 0xF3, 0xC1, 0x01, 0x1C, 0xC0, 0x6D, 0x58, 0xC0, 0x6B,
    0xD0, 0x25, 0x8F, 0xB9, 0x47, 0x5A, 0x8A, 0x54, 0x31, 0xCA, 0x66, 0x1F, 0xDF, 0xA5, 0x4A, 0x35,
    0xB1, 0xA0, 0x88, 0x3D, 0xC8, 0x0E, 0x7A, 0xCC, 0x3A, 0xE9, 0xF9, 0xBB, 0x13, 0x84, 0xE3, 0xD6,
    0xB7, 0x92, 0x1E, 0x66, 0x68, 0x50, 0x81, 0xD9, 0x48, 0x4F, 0x07, 0x9C, 0x26, 0x3D, 0xCC, 0x0A,
    0x47, 0x66, 0x67, 0x2A, 0xD5, 0x99, 0xF4, 0x88, 0xD8, 0x01, 0xC4, 0x36, 0xF5, 0xCF, 0x8D, 0xFF,
    0x73, 0xFF, 0x60, 0x1C, 0x2C, 0x1D, 0x34, 0x35, 0xC4, 0x9A, 0xBD, 0x67, 0x01, 0xAC, 0x76, 0xD6,
    0x83, 0xEE, 0xC9, 0x62, 0x47, 0xB1, 0x86, 0xB2, 0x05, 0x63, 0xC1, 0x00, 0x27, 0xC0, 0x31, 0xD8,
    0xD1, 0xFA, 0x13, 0xF2, 0xCE, 0x58, 0xE9, 0xCB, 0x8B, 0xC6, 0xC9, 0xAB, 0x14, 0x01, 0x6E, 0x01,
    0x79, 0x00, 0xB2, 0x04, 0xBA, 0xAB, 0xCA, 0x99, 0x71, 0x95, 0x36, 0x00, 0xE4, 0x6B, 0x40, 0x6C,
    0x80, 0x22, 0x41, 0x1D, 0x01, 0xA5, 0x06, 0xAA, 0x12, 0x58, 0x24, 0x9C, 0x2A, 0x0B, 0x9D, 0xAA,
    0xC9, 0xC3, 0x08, 0xD1, 0x2A, 0x87, 0x74, 0xD2, 0xA1, 0xEA, 0x11, 0x25, 0x23, 0xCC, 0xE1, 0xBD,
    0x36, 0x85, 0x70, 0x4B, 0x8C, 0xD1, 0x67, 0x1D, 0xC2, 0x8B, 0x80, 0x08, 0xC2, 0x8F, 0x90, 0x6E,
    0xFB, 0x1F, 0xF3, 0x4E, 0x5B, 0xB2, 0xCE, 0x40, 0xD6, 0x03, 0xD8, 0x2B, 0x81, 0xC2, 0x03, 0xCA,
    0x01, 0x1A, 0x60, 0x7E, 0x3D, 0xF4, 0x2D, 0x6B, 0x20, 0xB6, 0x20, 0x3E, 0x0A, 0xA0, 0xEA, 0x0E,
    0x2A, 0x16, 0xF0, 0x22, 0xDF, 0x06, 0x78, 0xD6, 0xFA, 0xA4, 0x07, 0xCC, 0xE6, 0x0F, 0xE0, 0xF6,
    0x72, 0x0D, 0x14, 0x1D, 0x00, 0xD7, 0x41, 0x5A, 0xE9, 0xD6, 0xA0, 0x7F, 0x34, 0x6C, 0x91, 0x92,
    0x98, 0x6B, 0x23, 0x8D, 0x03, 0x7B, 0xF5, 0xAB, 0xB6, 0x01, 0x8A, 0xFA, 0x83, 0x11, 0x36, 0x8C,
    0x78, 0xDB, 0x83, 0x88, 0x0E, 0x78, 0xF8, 0xAC, 0x45, 0x16, 0x31, 0x06, 0x50, 0x31, 0xFA, 0xE4,
    0xF4, 0xD0, 0x82, 0xAE, 0x00, 0xE6, 0x89, 0xAC, 0xE6, 0x00, 0xFD, 0x31, 0x90, 0x85, 0x05, 0x20,
    0xFC, 0x0A, 0x28, 0xDA, 0x01, 0x50, 0x6E, 0x7D, 0x77, 0xA4, 0x8D, 0x1B, 0xD0, 0x59, 0x62, 0x95,
    0x05, 0xE0, 0xEC, 0x8D, 0xC4, 0x54, 0x2F, 0x59, 0xAA, 0x77, 0x2B, 0x80, 0xA2, 0x2D, 0x5A, 0x50,
    0xAE, 0x70, 0x6C, 0x25, 0xA3, 0x91, 0x8F, 0xEE, 0x50, 0xA1, 0x62, 0xC7, 0xD9, 0xC8, 0xB0, 0xCB,
    0x8C, 0x65, 0x5C, 0x83, 0x79, 0xD4, 0xC0, 0x9A, 0xD2, 0xE5, 0x1D, 0xD2, 0x09, 0x4F, 0x51, 0xEF,
    0xA5, 0xB0, 0xA0, 0x2D, 0x60, 0xD8, 0x43, 0x05, 0x70, 0xFC, 0x19, 0xDC, 0x9A, 0x12, 0xE5, 0x01,
    0x6D, 0xF3, 0x1E, 0xE5, 0xCB, 0xB0, 0x4D, 0x06, 0xB6, 0xD9, 0xB2, 0xB4, 0x80, 0x02, 0x90, 0xD3,
    0xE4, 0x75, 0x2B, 0x21, 0xF6, 0x80, 0x6E, 0x01, 0x32, 0x80, 0x12, 0x40, 0x59, 0x40, 0xD6, 0x40,
    0xE1, 0x00, 0xD1, 0x02, 0x59, 0x0D, 0x00, 0x34, 0x31, 0xF6, 0xA4, 0xDC, 0x8B, 0xF5, 0xE1, 0xE1,
    0x9D, 0xFD, 0xBC, 0x7E, 0x37, 0x07, 0x85, 0x09, 0x3E, 0xE1, 0xFC, 0xF0, 0x30, 0x69, 0x89, 0x56,
    0x26, 0x4C, 0xAD, 0x44, 0xD5, 0x57, 0x28, 0xED, 0x5E, 0x56, 0x63, 0x48, 0x38, 0x3C, 0xBC, 0x8B,
    0x89, 0x71, 0x60, 0x99, 0x00, 0x3C, 0x07, 0x50, 0x4E, 0xBD, 0xB2, 0xDA, 0x3A, 0xBD, 0x36, 0xFA,
    0x44, 0x82, 0x5A, 0x03, 0xC6, 0x00, 0xC3, 0x65, 0x3E, 0x22, 0x1C, 0x59, 0xBD, 0xD5, 0xF6, 0xAC,
    0xF5, 0xAD, 0x55, 0xCA, 0x8D, 0x54, 0x4B, 0x3E, 0x94, 0x6E, 0x0B, 0x80, 0xEB, 0x20, 0x2D, 0x03,
    0xD0, 0x9F, 0x33, 0xFE, 0x84, 0x03, 0x72, 0x0B, 0x00, 0xC4, 0x49, 0xDF, 0xE1, 0xD1, 0x7B, 0x77,
    0xA6, 0xBA, 0x7F, 0x55, 0x84, 0xAC, 0x00, 0x86, 0x09, 0xBF, 0x46, 0x93, 0xDA, 0xED, 0x76, 0x78,
    0x2B, 0xAD, 0xF9, 0xF4, 0xD0, 0xD3, 0x00, 0x27, 0x57, 0x75, 0xE5, 0xE1, 0xFA, 0xE8, 0x2B, 0x7A,
    0xA0, 0x1C, 0x00, 0x63, 0x80, 0x5E, 0x59, 0x84, 0x2F, 0x1C, 0xB9, 0xDD, 0x6A, 0x7B, 0xB6, 0xFA,
    0xF6, 0x46, 0x9D, 0x76, 0x88, 0x7E, 0x04, 0xC0, 0x35, 0x90, 0xB6, 0x8C, 0x2D, 0x34, 0xE9, 0x4F,
    0x67, 0x87, 0x11, 0x06, 0x4A, 0x47, 0x8F, 0x6C, 0x47, 0x88, 0xED, 0x0A, 0x93, 0x07, 0x44, 0xB8,
    0x84, 0x48, 0x68, 0x62, 0x27, 0x7C, 0x8C, 0xA1, 0xF0, 0xF7, 0xCE, 0xEF, 0x14, 0xBE, 0x68, 0x91,
    0xAD, 0x74, 0x28, 0xA7, 0x76, 0x28, 0x6B, 0x55, 0xA3, 0x6D, 0x69, 0x31, 0x8C, 0x58, 0xA3, 0x11,
    0x3D, 0xE6, 0xF0, 0xC8, 0x63, 0x62, 0xB4, 0x23, 0x1E, 0x03, 0x3C, 0x04, 0x44, 0xFC, 0x77, 0x87,
    0xF8, 0x41, 0x92, 0xC0, 0xD2, 0xC2, 0xFE, 0x13, 0x2D, 0x7D, 0x42, 0x47, 0xAC, 0xE9, 0xB2, 0xE8,
    0xB2, 0x90, 0x7F, 0xE2, 0xF2, 0x90, 0x7F, 0xD4, 0xE6, 0x41, 0x7C, 0xE4, 0x85, 0x17, 0x3F, 0x0F,
    0x23, 0xFE, 0x39, 0x88, 0xB6, 0xF8, 0xA7, 0x50, 0x38, 0xE9, 0x3A, 0x39, 0xA2, 0x97, 0xA3, 0x8C,
    0x95, 0x1A, 0x65, 0x2C, 0x46, 0xD8, 0xB9, 0x1A, 0xB5, 0xCC, 0x4B, 0x4A, 0xAA, 0x12, 0x8D, 0xD6,
    0x49, 0x57, 0x45, 0x85, 0x3A, 0x61, 0x8E, 0x3A, 0x63, 0x81, 0x1C, 0x46, 0x14, 0x03, 0xAB, 0x04,
    0xB8, 0x05, 0xD0, 0x4F, 0x5D, 0x3C, 0x03, 0x98, 0x4F, 0xC1, 0xF9, 0x15, 0x00, 0x80, 0x3C, 0xDE,
    0x87, 0x32, 0x0E, 0xD0, 0xBC, 0xB7, 0x21, 0xEB, 0x31, 0x88, 0x80, 0xAA, 0xB7, 0xBD, 0x51, 0x8F,
    0xD0, 0x16, 0xE9, 0x0C, 0xA8, 0x2D, 0x4E, 0x12, 0xCE, 0x46, 0xD4, 0x2B, 0x28, 0xEB, 0x61, 0x84,
    0x1D, 0xA1, 0x19, 0x61, 0x12, 0xAA, 0x84, 0x15, 0x2B, 0x18, 0x38, 0x23, 0x0F, 0x18, 0x64, 0x8B,
    0x7E, 0xD4, 0xD4, 0xC8, 0xB8, 0xD9, 0xAD, 0x9E, 0x9F, 0x16, 0x98, 0x77, 0x7B, 0x29, 0x6F, 0x09,
    0xF0, 0xFC, 0x33, 0xD7, 0xA7, 0x5B, 0xA0, 0x09, 0x90, 0x5D, 0xF4, 0x50, 0xF8, 0x45, 0xAA, 0xE8,
    0x00, 0xBE, 0x32, 0x16, 0xE0, 0x59, 0xEB, 0xCB, 0x7B, 0x40, 0xC5, 0x3F, 0x87, 0xAF, 0x1F, 0xC5,
    0xAB, 0xBF, 0xC3, 0x75, 0x90, 0x26, 0xC3, 0x12, 0x94, 0x6F, 0x12, 0xE2, 0x88, 0x76, 0x73, 0x6D,
    0xA4, 0x01, 0x88, 0x9A, 0xAF, 0x53, 0xB4, 0x18, 0xF2, 0x90, 0x0D, 0x30, 0x14, 0x01, 0x8C, 0xAE,
    0x41, 0x6D, 0x80, 0xA2, 0x03, 0xCA, 0x84, 0xE5, 0x0A, 0xF2, 0xDE, 0x80, 0xF4, 0xCA, 0x6D, 0xCF,
    0x75, 0x8F, 0xC9, 0x02, 0xB7, 0xA0, 0x06, 0xE0, 0x06, 0xA0, 0x2F, 0x94, 0x25, 0x8B, 0x31, 0x82,
    0xBC, 0x38, 0x4A, 0xBA, 0x9C, 0xE8, 0xC1, 0x20, 0x3A, 0x58, 0x21, 0x07, 0xE8, 0x29, 0x07, 0xF2,
    0x8E, 0xF9, 0x0A, 0x11, 0xE8, 0x87, 0x91, 0x79, 0x18, 0x28, 0x7C, 0xE1, 0x46, 0xB6, 0xA9, 0x21,
    0xB2, 0xAD, 0xB2, 0x1E, 0xE5, 0x4E, 0xB3, 0x0E, 0xF5, 0x61, 0xC8, 0x03, 0xEA, 0x1F, 0x5B, 0x31,
    0xF2, 0x27, 0x56, 0xF8, 0xA4, 0x4B, 0xBA, 0x54, 0x95, 0x1A, 0x19, 0xD0, 0x50, 0x04, 0x1E, 0x82,
    0x5A, 0xDF, 0x4B, 0xAE, 0x62, 0xF4, 0xB0, 0x78, 0x69, 0x33, 0x6D, 0x12, 0x3F, 0x13, 0xFC, 0x73,
    0x80, 0x03, 0x00, 0xF5, 0xE9, 0xE0, 0x17, 0x01, 0xE1, 0x85, 0xDF, 0x26, 0xBD, 0x09, 0xDB, 0x54,
    0x5D, 0x4E, 0xB3, 0x60, 0x9A, 0x7E, 0x48, 0x33, 0x0F, 0x65, 0x82, 0x46, 0x83, 0xC6, 0x80, 0x49,
    0xA8, 0xA8, 0x12, 0xE6, 0x70, 0x3C, 0x16, 0x56, 0x2C, 0x60, 0x60, 0x05, 0xFD, 0x88, 0xAC, 0xE3,
    0x18, 0x11, 0x30, 0x48, 0x8F, 0x39, 0x6F, 0x1C, 0x2A, 0x46, 0xC8, 0x9A, 0xC7, 0xFB, 0x02, 0xB3,
    0x04, 0xE1, 0x01, 0xB9, 0x17, 0xFC, 0xCF, 0x56, 0x9F, 0x6E, 0x81, 0xE5, 0x5E, 0xF0, 0x2B, 0xAB,
    0xA7, 0xE0, 0x7F, 0xD6, 0xFA, 0xB6, 0x11, 0x16, 0x9A, 0x6D, 0x98, 0x4D, 0x11, 0x76, 0x1D, 0xA4,
    0x01, 0xD3, 0x0F, 0xDA, 0x02, 0xAA, 0x06, 0x2A, 0x80, 0x05, 0xC0, 0xCB, 0x00, 0xC0, 0x00, 0x79,
    0x77, 0x0C, 0x45, 0x30, 0xA4, 0x68, 0x07, 0x63, 0xCB, 0x9A, 0x87, 0x28, 0x47, 0x0A, 0x8A, 0x4B,
    0xFD, 0xB2, 0x25, 0x0F, 0x65, 0xBD, 0xDD, 0x07, 0x32, 0x9C, 0x01, 0x67, 0x3D, 0x60, 0x02, 0xA0,
    0x1D, 0x50, 0x7E, 0x51, 0x72, 0x5A, 0x4D, 0x98, 0xB2, 0x8C, 0x7D, 0x4C, 0xF9, 0xC6, 0x0E, 0x59,
    0x8C, 0x3D, 0x79, 0x8C, 0x91, 0xFC, 0xE3, 0xC3, 0xA5, 0x13, 0x01, 0xD9, 0xA6, 0xFE, 0xF3, 0x23,
    0x84, 0x2F, 0xDA, 0x24, 0xC7, 0x51, 0x24, 0xC8, 0xF6, 0xAA, 0x13, 0x75, 0xAD, 0x1E, 0x1D, 0x46,
    0xCA, 0x18, 0x07, 0x74, 0x8C, 0xF7, 0xBF, 0x38, 0xD7, 0x81, 0xA3, 0x0E, 0x44, 0x8C, 0xA0, 0x3E,
    0x3E, 0xAA, 0x31, 0x56, 0x3A, 0x4E, 0x10, 0x2D, 0xC3, 0x16, 0x45, 0xAB, 0xFB, 0xAC, 0x71, 0xA6,
    0x53, 0xD1, 0xFD, 0xBF, 0x60, 0xCE, 0x6D, 0x1E, 0x8E, 0x41, 0x84, 0xD5, 0x08, 0xDF, 0x27, 0xAC,
    0xA0, 0x68, 0x8D, 0x45, 0xBA, 0xB2, 0x1F, 0x91, 0x35, 0x76, 0x2B, 0xA3, 0xA6, 0x68, 0x95, 0x45,
    0xB4, 0xA5, 0x4D, 0xB3, 0x49, 0x61, 0x95, 0xD3, 0xEA, 0x7C, 0x59, 0x1B, 0x11, 0x37, 0x54, 0x34,
    0x1E, 0xF8, 0x00, 0xC8, 0xC2, 0xE7, 0x64, 0x04, 0xB7, 0xF9, 0xF4, 0x23, 0xD7, 0x85, 0x63, 0x19,
    0x7F, 0xEC, 0xB2, 0xCD, 0x1B, 0xFF, 0xE1, 0x44, 0x87, 0xA9, 0x65, 0x4B, 0xCA, 0x85, 0xB6, 0xA3,
    0xA4, 0x9C, 0x46, 0x89, 0xA6, 0x82, 0x6A, 0xC2, 0x71, 0xC2, 0x80, 0x21, 0x1F, 0xD0, 0x56, 0xAE,
    0x28, 0xCF, 0x57, 0x03, 0x32, 0x76, 0x3D, 0x59, 0x53, 0x77, 0x00, 0xF7, 0x3F, 0xBB, 0xD2, 0x6B,
    0x80, 0xD9, 0xD3, 0x52, 0x60, 0x1C, 0x10, 0x3D, 0x88, 0x5F, 0x86, 0x24, 0xA0, 0x07, 0xCD, 0x0C,
    0x5E, 0x1C, 0xCB, 0x53, 0x51, 0x50, 0x3C, 0x06, 0x74, 0xFC, 0x43, 0xB8, 0x7D, 0x34, 0xAD, 0x34,
    0xF0, 0x54, 0x9C, 0x6F, 0xE7, 0x88, 0xD2, 0xAD, 0x47, 0xFC, 0x68, 0x7B, 0x18, 0xF5, 0x14, 0x9D,
    0xA3, 0x2D, 0x10, 0x3D, 0xE4, 0x6D, 0x00, 0xE1, 0xBE, 0x3F, 0xA2, 0x7E, 0x30, 0xC2, 0x05, 0xC8,
    0x63, 0x0B, 0x3C, 0x7C, 0x4A, 0x5A, 0x96, 0x6D, 0xE9, 0xF3, 0xD8, 0x2D, 0x07, 0x79, 0xBE, 0xBA,
    0x38, 0x51, 0x18, 0xA7, 0x33, 0xB4, 0x2D, 0x41, 0x73, 0x00, 0x15, 0xC7, 0xDC, 0x38, 0xB9, 0xD7,
    0xA7, 0xA9, 0xC0, 0x97, 0x31, 0x5E, 0x60, 0xEC, 0x62, 0x97, 0x59, 0x74, 0x0C, 0x5B, 0x3C, 0xE8,
    0xC4, 0x71, 0x16, 0x1E, 0xBE, 0xA9, 0xEF, 0x79, 0xB3, 0x56, 0xB1, 0x96, 0x5D, 0xBE, 0x86, 0x62,
    0x63, 0x59, 0x46, 0x9F, 0x6D, 0xEE, 0x75, 0x85, 0x67, 0x50, 0x8E, 0xD7, 0x4A, 0x0B, 0x06, 0xA8,
    0x98, 0x4E, 0xA8, 0x59, 0x30, 0xD9, 0xF7, 0xE7, 0x64, 0xBD, 0x41, 0x84, 0xB2, 0x2D, 0x9D, 0x8C,
    0x91, 0x2C, 0xF6, 0xA0, 0x2C, 0xFC, 0x06, 0xF0, 0x92, 0x07, 0x3A, 0xB0, 0x1D, 0x59, 0x0C, 0xD0,
    0xD4, 0xC0, 0x9F, 0x40, 0xD6, 0x01, 0x3D, 0xB0, 0x00, 0x66, 0xBB, 0x20, 0x7E, 0x0E, 0x00, 0x6E,
    0xC6, 0x9A, 0x65, 0xEC, 0xC6, 0x5E, 0x1B, 0x0A, 0xCF, 0x89, 0xAA, 0xA9, 0x34, 0x54, 0x15, 0xAC,
    0xE7, 0xBC, 0xD9, 0xA7, 0x63, 0xB7, 0x26, 0x5E, 0x70, 0x76, 0x07, 0x56, 0x5B, 0x3D, 0xAF, 0x56,
    0x30, 0x5C, 0x6A, 0x38, 0x3F, 0x6A, 0x8B, 0x18, 0x61, 0x3B, 0x8F, 0xDF, 0xDF, 0x3A, 0x12, 0x01,
    0x94, 0x83, 0x12, 0x98, 0x7F, 0x09, 0x7E, 0x8C, 0x83, 0xE8, 0x49, 0x31, 0x29, 0xDD, 0x80, 0x66,
    0xCE, 0xF3, 0x63, 0x81, 0x27, 0xEB, 0x27, 0x0D, 0xFF, 0x64, 0x29, 0x02, 0xCA, 0xED, 0xD8, 0x7F,
    0xE2, 0x3E, 0xF2, 0x1A, 0xA4, 0x03, 0xD1, 0x42, 0xEE, 0x81, 0xB0, 0x33, 0x00, 0x30, 0x31, 0x8C,
    0xE6, 0x79, 0xE1, 0xF7, 0x5B, 0x28, 0x92, 0x39, 0x90, 0x0E, 0x54, 0xBD, 0x33, 0x0B, 0x25, 0xA0,
    0xF9, 0x26, 0x86, 0x13, 0xAA, 0x6C, 0x60, 0x2E, 0x3D, 0x0B, 0x5D, 0x73, 0xBC, 0x81, 0x65, 0x07,
    0xBA, 0x06, 0x04, 0x20, 0x1D, 0x94, 0x35, 0x54, 0xC0, 0xEA, 0xCB, 0xF1, 0x93, 0x45, 0x10, 0xD1,
    0xA2, 0x7E, 0xE2, 0x30, 0xC2, 0xD3, 0x67, 0x81, 0x3F, 0x1A, 0xCB, 0x93, 0xF6, 0xB3, 0x14, 0x1D,
    0xCB, 0xA2, 0xA3, 0x29, 0x02, 0x51, 0x06, 0xE0, 0x4B, 0xE8, 0x33, 0xA0, 0xF4, 0xB7, 0xC9, 0xD7,
    0x03, 0x2C, 0x5B, 0x68, 0x6A, 0x8A, 0x4F, 0x5A, 0xE4, 0x3B, 0x61, 0x17, 0x64, 0x2B, 0xF4, 0x7A,
    0x96, 0xC5, 0x78, 0x56, 0x74, 0xF9, 0x7F, 0x2A, 0xC7, 0x52, 0x83, 0xA9, 0xC0, 0x9C, 0x81, 0x19,
    0xB6, 0x56, 0x25, 0xEB, 0x61, 0xD1, 0xC3, 0x90, 0x12, 0xA1, 0x8A, 0x22, 0xE8, 0x47, 0xCB, 0x74,
    0xCB, 0x44, 0xD6, 0x78, 0xF6, 0xB7, 0x65, 0xF6, 0xF3, 0xB6, 0x65, 0x59, 0xA7, 0x3D, 0x59, 0x88,
    0x03, 0xF9, 0x47, 0xE7, 0x91, 0xFC, 0x13, 0x0C, 0x22, 0xCD, 0x55, 0x22, 0x6C, 0x6F, 0x90, 0x4B,
    0x8A, 0x16, 0x8D, 0x74, 0x5B, 0x54, 0xA8, 0x4B, 0xD4, 0xCC, 0x51, 0x96, 0x63, 0x4A, 0xCB, 0x8A,
    0x92, 0x11, 0x1A, 0x06, 0x0C, 0xF4, 0x54, 0xD0, 0x01, 0xEF, 0x43, 0x1E, 0x80, 0xFD, 0x09, 0x62,
    0x7A, 0xE4, 0x06, 0x9A, 0xE8, 0xC5, 0x38, 0x41, 0x49, 0xCF, 0xAA, 0xAC, 0x99, 0x1B, 0xA8, 0xAE,
    0x1A, 0xB9, 0x62, 0x6A, 0xE4, 0xF1, 0x00, 0xAB, 0x15, 0x0C, 0x0B, 0xF2, 0xAE, 0x42, 0x7A, 0x7D,
    0xDE, 0x4C, 0x8D, 0x04, 0x6A, 0x10, 0x81, 0x24, 0x34, 0x09, 0xC3, 0x7C, 0x49, 0x7E, 0x96, 0x35,
    0x59, 0x6C, 0x49, 0xF7, 0x4D, 0xAA, 0xEE, 0xA8, 0x58, 0xF0, 0x0D, 0x5E, 0x79, 0xE2, 0x7E, 0xA4,
    0xDF, 0x5E, 0x1C, 0xFD, 0xF6, 0x72, 0x3D, 0xAD, 0xCA, 0x4F, 0xDA, 0x47, 0x9A, 0x78, 0xD2, 0xA2,
    0xAB, 0x3F, 0x1C, 0xD2, 0xFD, 0xCF, 0x97, 0xE2, 0x83, 0x35, 0x90, 0x0D, 0x40, 0x3E, 0x01, 0x60,
    0xFF, 0xE3, 0x09, 0x9A, 0x18, 0xE3, 0x16, 0xFB, 0x4F, 0x12, 0x09, 0xE8, 0x09, 0xA6, 0x06, 0x80,
    0xE7, 0xA1, 0xF1, 0x73, 0x46, 0x3F, 0x7D, 0xCA, 0xF7, 0x3D, 0x29, 0x4D, 0xCF, 0x7A, 0x4C, 0x2B,
    0x02, 0x7F, 0xEF, 0x85, 0xCF, 0x7F, 0x1E, 0x64, 0x2B, 0xDF, 0x0D, 0xD2, 0x1D, 0x88, 0xA0, 0xDC,
    0xA9, 0xF0, 0xEA, 0x43, 0x5F, 0x78, 0xF5, 0xE3, 0x5A, 0x3A, 0xF9, 0x0B, 0x94, 0x2B, 0x76, 0x03,
    0xFC, 0x21, 0x72, 0x73, 0x6F, 0x40, 0x37, 0xD1, 0xB3, 0x48, 0xCD, 0x7E, 0x19, 0x80, 0xEC, 0x7D,
    0x40, 0x7C, 0xE1, 0xD5, 0xEC, 0x2D, 0x00, 0xA0, 0xD8, 0x85, 0x84, 0x49, 0x48, 0x21, 0xC1, 0x14,
    0x17, 0x2C, 0xA6, 0x90, 0x48, 0xA0, 0xA7, 0xDA, 0x22, 0xEB, 0x46, 0xA4, 0xCD, 0x37, 0x22, 0x50,
    0xA1, 0x02, 0x06, 0x13, 0xD0, 0x3F, 0xFB, 0x6F, 0x8F, 0x8A, 0x3F, 0x6D, 0xC9, 0x37, 0xC5, 0x74,
    0xF3, 0x20, 0xC2, 0xB4, 0x6D, 0xB1, 0x7B, 0xDB, 0x16, 0x9E, 0x82, 0x82, 0x65, 0x0D, 0x59, 0x74,
    0x50, 0x7C, 0xE4, 0x41, 0xBD, 0x7D, 0x75, 0xBD, 0xFA, 0xCA, 0x58, 0x9E, 0x8A, 0x82, 0xFD, 0x0B,
    0x4A, 0xCC, 0xBB, 0x23, 0xE0, 0x69, 0x35, 0x9F, 0xAF, 0xEE, 0x9F, 0xCE, 0xF7, 0x7B, 0xA7, 0xF3,
    0xD3, 0xF3, 0xAB, 0x3F, 0xCC, 0xE9, 0x3E, 0xFD, 0x61, 0x4E, 0x2D, 0x2E, 0xE1, 0x51, 0x76, 0x84,
    0x66, 0x84, 0x49, 0x88, 0x88, 0x90, 0x37, 0xE4, 0xEB, 0x37, 0x2B, 0x88, 0xEB, 0x39, 0x68, 0xBF,
    0x7F, 0x16, 0x9D, 0x75, 0x7C, 0x8D, 0x22, 0x60, 0x1E, 0x1D, 0xED, 0x6D, 0x6E, 0x7F, 0x8D, 0x8F,
    0x77, 0x16, 0xF2, 0x62, 0xC4, 0x32, 0xD6, 0xAC, 0x2E, 0x8E, 0x1C, 0x9F, 0xD4, 0x85, 0x67, 0x83,
    0x08, 0x0C, 0xE4, 0x21, 0xEB, 0x12, 0xC2, 0x88, 0x3C, 0x41, 0x78, 0xC4, 0x25, 0xBC, 0x98, 0x36,
    0xE9, 0x23, 0xCA, 0x5A, 0x06, 0x96, 0xA8, 0xBF, 0x79, 0x63, 0x8D, 0xFA, 0xB3, 0xD8, 0xA1, 0xBE,
    0x1B, 0x6B, 0x4A, 0xF6, 0x7C, 0x9B, 0x7D, 0xB7, 0xC7, 0xC0, 0xEE, 0x88, 0x3E, 0x9B, 0x2E, 0x86,
    0xA6, 0x23, 0xFA, 0x6B, 0xD2, 0x7F, 0xFF, 0x0B, 0xCD, 0x9B, 0x31, 0x8C, 0xE4, 0xC8, 0x75, 0xF7,
    0x7F, 0x24, 0x75, 0xCB, 0x3B, 0x11, 0xA7, 0x52, 0xB2, 0x80, 0xF0, 0x7D, 0x82, 0xA8, 0xE0, 0x42,
    0xDF, 0x32, 0x51, 0x20, 0xC3, 0xDB, 0x2C, 0x4A, 0x0A, 0x1D, 0xE8, 0x82, 0x6D, 0x29, 0x58, 0x03,
    0xA7, 0xD0, 0x81, 0x81, 0x51, 0xA0, 0xC0, 0x41, 0xF7, 0x34, 0x4F, 0x0A, 0x1D, 0xF8, 0x92, 0x83,
    0x02, 0x07, 0x56, 0x9E, 0xD8, 0x81, 0x0D, 0x4C, 0xD0, 0xBD, 0x4D, 0x49, 0x81, 0x03, 0x07, 0xA2,
    0x2C, 0xAC, 0x14, 0x8A, 0xB2, 0x6E, 0xE4, 0x40, 0x80, 0x5D, 0xC0, 0xD5, 0xEA, 0xB8, 0x3A, 0x76,
    0x97, 0xF9, 0xAA, 0x9B, 0xD4, 0xD0, 0x3B, 0xAB, 0x9B, 0xD5, 0xED, 0xEE, 0x0C, 0xB7, 0xF9, 0x03,
    0xEE, 0x66, 0x86, 0xF5, 0xFE, 0xFF, 0x2A, 0x76, 0xD5, 0x7B, 0x45, 0xC2, 0x2B, 0xF3, 0x7B, 0x90,
    0xBA, 0xEE, 0x88, 0xCB, 0x8E, 0x70, 0x07, 0x44, 0x7B, 0x20, 0x16, 0xA8, 0x13, 0x20, 0xCD, 0x80,
    0x3C, 0x05, 0x16, 0x82, 0x33, 0x55, 0x80, 0x55, 0x25, 0xA1, 0xE9, 0x11, 0xD5, 0xAA, 0x22, 0xA9,
    0x92, 0x0A, 0x55, 0xF6, 0x48, 0xE9, 0xA1, 0xE7, 0xF7, 0x6B, 0x56, 0xCE, 0xD5, 0x38, 0xE7, 0x9A,
    0xC0, 0x12, 0x35, 0x91, 0x21, 0x32, 0x51, 0xD3, 0x23, 0xA9, 0x0E, 0x7F, 0x18, 0xDA, 0xAC, 0x20,
    0xB0, 0x1A, 0x82, 0xF6, 0x10, 0x99, 0xFA, 0xA3, 0x91, 0x25, 0xBB, 0xB8, 0x62, 0xE5, 0xFE, 0xBD,
    0x0A, 0xF6, 0xDF, 0xF8, 0x6D, 0x15, 0x59, 0x74, 0x99, 0xD4, 0xA4, 0xA5, 0x2A, 0x49, 0x8B, 0xB4,
    0x20, 0x25, 0x83, 0x0C, 0x2D, 0xC8, 0x21, 0x1F, 0xB1, 0x14, 0x74, 0x68, 0xC2, 0x8E, 0xAC, 0x48,
    0xD6, 0xA4, 0xE7, 0xEB, 0x8E, 0xC4, 0xD9, 0x96, 0x60, 0x5B, 0x5A, 0x8E, 0xC7, 0xE7, 0xF9, 0x0C,
    0xDC, 0x21, 0x87, 0x94, 0x35, 0xA8, 0x5F, 0x58, 0x88, 0x5D, 0x03, 0x81, 0x2B, 0x6E, 0x80, 0x43,
    0x00, 0xBC, 0x2E, 0x31, 0x7A, 0xA1, 0xAA, 0x58, 0x42, 0xF2, 0xF3, 0x16, 0x22, 0x67, 0x80, 0x6D,
    0xF1, 0x32, 0xBC, 0xBA, 0x4E, 0xF9, 0x41, 0x03, 0x24, 0x05, 0x70, 0x17, 0x69, 0x44, 0xB0, 0xF9,
    0x67, 0x60, 0xD5, 0x02, 0x69, 0xF3, 0x34, 0xD1, 0xC5, 0x9F, 0x24, 0xBA, 0x1D, 0x45, 0x1B, 0x20,
    0xAA, 0x80, 0x2F, 0x00, 0x2C, 0x04, 0x56, 0xB0, 0x93, 0xB6, 0xB7, 0x16, 0xC8, 0x6A, 0x80, 0xCF,
    0x0A, 0x72, 0xC1, 0x86, 0x63, 0xC8, 0x51, 0x03, 0x22, 0x17, 0x42, 0x8E, 0x47, 0xB0, 0x6D, 0x40,
    0xB9, 0x1D, 0xE8, 0x87, 0x5B, 0xD8, 0x91, 0x56, 0xA1, 0x25, 0xA9, 0xA2, 0x86, 0x58, 0xEC, 0x01,
    0x25, 0x48, 0x0B, 0x20, 0x13, 0x68, 0x06, 0xE4, 0x82, 0x53, 0xC1, 0xF2, 0x09, 0xBC, 0x41, 0x0E,
    0xA7, 0x68, 0xE8, 0xC8, 0xCA, 0xC8, 0xA2, 0x1E, 0x9D, 0x34, 0x44, 0xCE, 0x15, 0x47, 0x7F, 0x08,
    0x4A, 0x88, 0x0C, 0x24, 0xF5, 0xE1, 0xEA, 0xF9, 0x20, 0x06, 0xF0, 0x9D, 0x59, 0xB0, 0x72, 0x4D,
    0xB0, 0xFF, 0x66, 0x1B, 0x37, 0xAC, 0x55, 0xC5, 0x97, 0xD3, 0x02, 0x34, 0x90, 0x1F, 0x9B, 0x5D,
    0x02, 0x8B, 0xF1, 0xE4, 0x2C, 0x97, 0x1E, 0x22, 0x69, 0xD4, 0xF9, 0xAA, 0x8C, 0xDD, 0x1E, 0x44,
    0x1A, 0x89, 0x77, 0xA4, 0x03, 0x1E, 0x2C, 0x21, 0xB0, 0x19, 0xC4, 0x75, 0x52, 0x12, 0x12, 0x16,
    0xC0, 0xB5, 0xFB, 0xB0, 0x2A, 0x09, 0x5C, 0x45, 0xFC, 0xEB, 0x86, 0xF4, 0x1D, 0xCB, 0x8C, 0x35,
    0x6F, 0xF0, 0xC6, 0xF3, 0xF7, 0x41, 0x19, 0x41, 0x23, 0xA8, 0x07, 0xDC, 0x00, 0xF5, 0xC0, 0x16,
    0x70, 0xC0, 0x1E, 0x80, 0xE7, 0xAE, 0x3C, 0x28, 0x83, 0x92, 0xB0, 0x89, 0x6B, 0xB0, 0x12, 0xFB,
    0x66, 0x03, 0xE8, 0xE3, 0x3D, 0x7A, 0x03, 0x3C, 0x78, 0xB5, 0xFF, 0x97, 0x31, 0x43, 0xBD, 0xD3,
    0x12, 0xFF, 0x42, 0x7E, 0x54, 0x82, 0x7B, 0xFE, 0x3E, 0xDC, 0xE2, 0x16, 0xA8, 0x32, 0x85, 0xA8,
    0xDE, 0x40, 0xF8, 0x3B, 0x0B, 0xB8, 0xFA, 0x30, 0x04, 0x2F, 0x1C, 0x2B, 0x57, 0xC3, 0xD6, 0x75,
    0xB0, 0x99, 0x3B, 0xE8, 0x48, 0x2B, 0x5A, 0x92, 0xBA, 0x47, 0xD4, 0x04, 0x56, 0x60, 0x88, 0x4C,
    0x28, 0x88, 0x06, 0x34, 0xE2, 0x92, 0x78, 0xEC, 0x91, 0xD4, 0xF2, 0xED, 0x5A, 0xA9, 0x23, 0xFC,
    0xF7, 0x7C, 0x26, 0x5F, 0x79, 0x9A, 0x1E, 0x3B, 0x32, 0xA2, 0x16, 0x3D, 0x3F, 0x69, 0xD0, 0xE2,
    0x83, 0x76, 0xEF, 0x03, 0x12, 0x57, 0x07, 0xC4, 0x3F, 0x6C, 0x81, 0xE4, 0x47, 0x46, 0xF8, 0xE3,
    0x06, 0x50, 0xDF, 0xAB, 0x3D, 0x2B, 0x61, 0x01, 0xA9, 0x4D, 0x01, 0xE7, 0x32, 0x88, 0xF6, 0xF7,
    0xFF, 0x09, 0x92, 0x86, 0xBD, 0x68, 0x13, 0x33, 0x32, 0x58, 0x82, 0x86, 0x05, 0xE4, 0xB0, 0x86,
    0xA5, 0x50, 0x3E, 0xED, 0x48, 0x02, 0x2B, 0x8C, 0x0C, 0x2C, 0x49, 0x7A, 0x6A, 0x32, 0xE1, 0xC3,
    0x0F, 0xFC, 0x18, 0xF8, 0x59, 0xCF, 0x70, 0x1F, 0xD5, 0x57, 0x72, 0x23, 0x9C, 0xBA, 0xB1, 0x75,
    0x36, 0x6A, 0x9C, 0x33, 0x71, 0x73, 0xFF, 0xFC, 0xAD, 0x4F, 0xE2, 0x06, 0x56, 0x10, 0x78, 0x1B,
    0x9C, 0x03, 0x94, 0x27, 0x51, 0x73, 0x81, 0xF5, 0x71, 0x6E, 0xF5, 0xF3, 0x0C, 0x7E, 0xA2, 0xC1,
    0xCF, 0x34, 0xF8, 0xF9, 0x15, 0x3F, 0xD7, 0xF8, 0x0F, 0x64, 0xFE, 0xA3, 0x3D, 0xF3, 0xE9, 0x67,
    0xE9, 0xB9, 0xE3, 0x30, 0xE7, 0x1C, 0x26, 0x1D, 0xD2, 0xF3, 0x4D, 0x27, 0x6D, 0xB7, 0x2D, 0xE3,
    0xC2, 0x64, 0x3E, 0x2F, 0xC4, 0xF9, 0x8A, 0x40, 0x70, 0xD9, 0xB1, 0x75, 0xAE, 0xC5, 0x39, 0x67,
    0xD9, 0xCD, 0xE7, 0x6F, 0xD1, 0x02, 0x81, 0x1D, 0x10, 0x1A, 0x20, 0xFA, 0x03, 0x1A, 0xC1, 0xF9,
    0x7C, 0x4E, 0xEC, 0x7A, 0xE9, 0x89, 0x47, 0x05, 0x28, 0x8F, 0xD2, 0x63, 0xBC, 0xE7, 0x18, 0xA0,
    0x3D, 0xE6, 0xF3, 0x7B, 0x62, 0x58, 0xC7, 0x4A, 0xE0, 0x57, 0x6C, 0x72, 0xF7, 0xAA, 0x4B, 0xD6,
    0x6B, 0xB7, 0x5C, 0xC9, 0xCA, 0xD9, 0xDE, 0x9E, 0x2E, 0x6E, 0x38, 0x55, 0x25, 0xB9, 0x78, 0x20,
    0x92, 0x67, 0xBC, 0xDD, 0xCA, 0xC4, 0xBF, 0x75, 0x8F, 0xD9, 0xBC, 0x05, 0x6B, 0x60, 0x09, 0x5F,
    0xCA, 0xA1, 0xD3, 0x44, 0x26, 0x3D, 0x3F, 0xA9, 0x63, 0x31, 0x7E, 0x7B, 0xEC, 0x15, 0xA8, 0x69,
    0x08, 0x9A, 0xB0, 0x01, 0x23, 0xC1, 0xEE, 0x4E, 0x4A, 0xD0, 0x7B, 0x20, 0xB1, 0x37, 0xC1, 0x08,
    0x00, 0x5E, 0xE3, 0xD3, 0x4F, 0x5B, 0x98, 0x95, 0x4C, 0x9D, 0x41, 0xAC, 0x41, 0xBC, 0x41, 0xCC,
    0x41, 0xDC, 0x41, 0xEC, 0x41, 0xFC, 0x41, 0x0C, 0x42, 0x1C, 0x42, 0x2C, 0xF2, 0x1E, 0xB1, 0xE6,
    0xE8, 0x12, 0x62, 0x13, 0xE2, 0x13, 0x62, 0x14, 0xE2, 0xD4, 0x60, 0x55, 0x64, 0x81, 0xD8, 0x0C,
    0x48, 0x04, 0xD7, 0x6F, 0x8E, 0x2E, 0x41, 0x17, 0xB0, 0x92, 0xF3, 0x45, 0x8C, 0x92, 0x6B, 0xD4,
    0x16, 0x78, 0x9F, 0x4B, 0xE0, 0xCD, 0x71, 0x69, 0xB8, 0xFC, 0x0E, 0xA0, 0x3B, 0x20, 0x6D, 0xA6,
    0x12, 0x0D, 0x4B, 0x55, 0x91, 0x67, 0x05, 0xB9, 0x86, 0xD3, 0x9C, 0xA0, 0x5B, 0x72, 0x62, 0xFB,
    0xE8, 0xAB, 0x41, 0xE6, 0x12, 0x98, 0xC1, 0x99, 0x26, 0xB4, 0xBD, 0xC4, 0x26, 0x76, 0xAE, 0x60,
    0xDB, 0x01, 0x0D, 0xC4, 0x25, 0x28, 0xE0, 0x0E, 0x90, 0xFD, 0x15, 0xA4, 0x7B, 0x88, 0x5B, 0xE0,
    0x5D, 0xDE, 0x05, 0x23, 0x42, 0x65, 0xB2, 0x42, 0x6B, 0x20, 0xED, 0x00, 0x75, 0x23, 0x86, 0xC0,
    0x2D, 0x5E, 0x01, 0x55, 0x64, 0x10, 0x57, 0x6B, 0x88, 0x3E, 0x30, 0x10, 0xB8, 0x1A, 0xD8, 0x16,
    0x2F, 0xE9, 0xD6, 0xC8, 0x6A, 0x60, 0x25, 0xED, 0x3E, 0x6E, 0x21, 0x6E, 0x16, 0xC7, 0x80, 0x5E,
    0xE3, 0xB5, 0xE9, 0x8A, 0xA4, 0x3E, 0xE6, 0x9F, 0xAB, 0xF7, 0x1C, 0x81, 0x24, 0x03, 0x91, 0x41,
    0x55, 0x49, 0xCD, 0xA7, 0x8B, 0x61, 0x31, 0x72, 0xF9, 0x3A, 0x64, 0xC3, 0xD6, 0xB1, 0x66, 0xBB,
    0xEF, 0x31, 0x5F, 0xD2, 0xC1, 0x4C, 0xB0, 0x38, 0xCC, 0x84, 0x1B, 0xE8, 0x38, 0x25, 0x6C, 0xD1,
    0x24, 0xAD, 0x7C, 0xD1, 0x5B, 0x12, 0xF7, 0xC8, 0x10, 0xB8, 0x77, 0x0C, 0x90, 0x36, 0x43, 0x7C,
    0x5D, 0x2B, 0xE6, 0x2F, 0xC5, 0xDE, 0x74, 0x12, 0xDF, 0x24, 0xAB, 0xC3, 0x4D, 0xB3, 0xBA, 0xEA,
    0x42, 0x82, 0x93, 0xA2, 0x21, 0x13, 0x3C, 0x25, 0xC1, 0x29, 0x93, 0x35, 0x4A, 0x12, 0x9C, 0xF8,
    0x42, 0x56, 0x17, 0x98, 0x71, 0x10, 0x34, 0xBC, 0x81, 0xAA, 0xD8, 0xBE, 0xB7, 0x95, 0xB9, 0x71,
    0x27, 0x1D, 0xF3, 0xEE, 0x18, 0x01, 0x71, 0x81, 0x2A, 0x54, 0x41, 0x52, 0x69, 0x19, 0x21, 0x1D,
    0x84, 0xCE, 0x02, 0xAB, 0xF2, 0x46, 0x38, 0x09, 0x10, 0x13, 0x15, 0x24, 0x12, 0x64, 0xEC, 0x83,
    0x7C, 0xD4, 0x41, 0x70, 0x08, 0xF2, 0xDD, 0x9B, 0x63, 0x67, 0x56, 0x0D, 0xD0, 0xA5, 0xC7, 0xCD,
    0x18, 0x89, 0x7F, 0x88, 0x6A, 0x0C, 0x0D, 0x6E, 0x8C, 0x6B, 0xD7, 0x3A, 0xAE, 0x60, 0xF4, 0x66,
    0xBC, 0xEA, 0x5A, 0xD0, 0x0A, 0x8C, 0x00, 0x2E, 0x4A, 0x80, 0xA4, 0x06, 0xD2, 0xA9, 0x93, 0xD7,
    0x6E, 0x22, 0x71, 0x3B, 0xCC, 0x10, 0x5A, 0x03, 0xAD, 0x2A, 0x88, 0x9A, 0xB8, 0x22, 0x2C, 0x26,
    0x29, 0x7A, 0x07, 0x2D, 0x2D, 0x81, 0xF5, 0x08, 0x2C, 0xA1, 0x09, 0x8D, 0xE0, 0x62, 0x12, 0xE2,
    0x11, 0xD7, 0xB2, 0xEC, 0xAE, 0x92, 0xF3, 0xF9, 0xDB, 0x95, 0xCC, 0x15, 0x95, 0xEA, 0x21, 0xCB,
    0x6E, 0x25, 0xF0, 0x8A, 0x32, 0x52, 0x7A, 0x64, 0xA0, 0x0F, 0x8A, 0xF4, 0xA8, 0x68, 0x09, 0xEB,
    0x03, 0xD6, 0xD0, 0x41, 0x56, 0x03, 0x5B, 0x03, 0xE1, 0x63, 0x0B, 0x71, 0xBD, 0x86, 0xB4, 0xB8,
    0x03, 0xAF, 0x8E, 0xDF, 0x86, 0xE4, 0x82, 0xD9, 0x98, 0xF6, 0x2D, 0xC6, 0xAE, 0xE8, 0xC6, 0xFE,
    0xB0, 0x59, 0x43, 0x60, 0x5D, 0x47, 0xF0, 0xC1, 0xB9, 0x23, 0xFC, 0x08, 0x4D, 0x74, 0x1C, 0x2F,
    0x69, 0x11, 0x35, 0xA4, 0xC4, 0x35, 0x19, 0x71, 0xD5, 0x23, 0xA9, 0xC8, 0x51, 0x1E, 0x25, 0x33,
    0x54, 0xC1, 0x92, 0xB4, 0x60, 0x4D, 0x4A, 0x8F, 0xEC, 0xE0, 0x38, 0x2D, 0x39, 0xD8, 0xA3, 0x2F,
    0xF2, 0xB1, 0x1C, 0xEC, 0xF1, 0xD6, 0xA0, 0x5D, 0x7F, 0x14, 0x9E, 0x78, 0x77, 0xC6, 0x8F, 0xB4,
    0xE4, 0x0D, 0x22, 0x79, 0xD8, 0x3B, 0x84, 0xB7, 0x08, 0xEF, 0x11, 0x62, 0xD2, 0x85, 0xB4, 0x21,
    0x63, 0x92, 0x39, 0x88, 0x49, 0x03, 0xBD, 0x57, 0x2C, 0xA7, 0x29, 0x56, 0x77, 0xC1, 0x0C, 0xB9,
    0xAE, 0xC7, 0x64, 0x5C, 0x4E, 0xCD, 0x08, 0x9F, 0xB7, 0x19, 0x3C, 0x00, 0x22, 0xF7, 0x9B, 0x9A,
    0xE8, 0xFB, 0x87, 0xE4, 0xB6, 0x60, 0x7A, 0xE0, 0xC6, 0x85, 0xC7, 0xFC, 0xE4, 0xBD, 0xB7, 0xC6,
    0x45, 0xC3, 0x93, 0xF7, 0xE9, 0xD2, 0x63, 0xDA, 0x97, 0x82, 0xAB, 0xAC, 0x55, 0x6A, 0xB8, 0x7D,
    0xFF, 0xFC, 0xDE, 0x61, 0xCD, 0xB1, 0x15, 0x90, 0x95, 0xE0, 0x1E, 0x7F, 0x87, 0x7F, 0x75, 0x2D,
    0xA4, 0x35, 0x17, 0x0E, 0xED, 0xA4, 0xBF, 0x1A, 0x6E, 0x7F, 0xB3, 0x86, 0x58, 0xCE, 0x0A, 0x11,
    0x2E, 0x92, 0x0F, 0x67, 0x01, 0x29, 0x90, 0xF1, 0x79, 0x34, 0xA7, 0xE4, 0x41, 0xC7, 0x2C, 0x69,
    0x58, 0x64, 0x25, 0xCB, 0x3D, 0xAC, 0xAC, 0x5C, 0xFF, 0x98, 0xA0, 0xF9, 0xDC, 0x2C, 0x94, 0xDE,
    0x04, 0xB8, 0x29, 0xF2, 0x6F, 0xCF, 0xDF, 0xF2, 0x3A, 0x57, 0xFD, 0x09, 0xBC, 0x18, 0xF9, 0x00,
    0x41, 0x45, 0x4D, 0x58, 0x47, 0x0D, 0xC1, 0x21, 0x41, 0xF3, 0x6B, 0xFD, 0x3D, 0x90, 0xDA, 0x9B,
    0x60, 0x04, 0xC0, 0xB7, 0xF9, 0x32, 0x67, 0xB4, 0x2C, 0xE4, 0x46, 0xBD, 0x5F, 0x93, 0xBA, 0x92,
    0x70, 0xF7, 0xFC, 0x0D, 0xB9, 0x1E, 0x8D, 0x93, 0xEA, 0xF8, 0x8C, 0x31, 0x17, 0xF9, 0x36, 0xB0,
    0x1A, 0x72, 0x11, 0x36, 0x10, 0xEC, 0x39, 0xC8, 0x6E, 0x3F, 0xE9, 0x78, 0x68, 0x19, 0xE5, 0xEF,
    0x8E, 0xF2, 0x2B, 0x88, 0x81, 0xBB, 0x80, 0x85, 0xC0, 0x40, 0xF0, 0xA8, 0x06, 0x67, 0x60, 0x55,
    0x4E, 0xD2, 0x52, 0x0F, 0xD5, 0x5C, 0xFF, 0xE0, 0x78, 0x6E, 0x1D, 0x1F, 0x1A, 0xE2, 0xBA, 0x47,
    0x52, 0xF9, 0xF5, 0x48, 0xD4, 0x1C, 0x51, 0xC6, 0x35, 0xA9, 0xA4, 0x4E, 0x1E, 0x19, 0xAA, 0x42,
    0xCB, 0x75, 0x3D, 0x72, 0x51, 0xB9, 0x24, 0xA5, 0x47, 0x06, 0x6B, 0xF0, 0x98, 0xEA, 0xF9, 0x6B,
    0x42, 0xCB, 0x5A, 0x54, 0xAC, 0x48, 0x1A, 0xA9, 0x95, 0xCA, 0xD4, 0xB1, 0x87, 0xC0, 0xE7, 0x36,
    0x1D, 0x49, 0x15, 0xEE, 0x48, 0x1B, 0xF9, 0x3E, 0xAF, 0x83, 0x96, 0xB4, 0x64, 0x72, 0x88, 0xEA,
    0x9C, 0xD8, 0xA3, 0x62, 0x26, 0xE2, 0x96, 0x12, 0xC6, 0x42, 0x22, 0x58, 0x0B, 0x3A, 0x11, 0xD9,
    0x92, 0x82, 0x25, 0x23, 0xF0, 0x30, 0xE4, 0x84, 0x82, 0xC8, 0x30, 0x13, 0xF7, 0x96, 0x72, 0x9D,
    0x35, 0xB1, 0x47, 0x45, 0xC7, 0x98, 0x0E, 0x7E, 0x51, 0x6C, 0xEA, 0x04, 0x2B, 0x6F, 0xD6, 0xFF,
    0x0C, 0x5B, 0x43, 0x41, 0x0B, 0x10, 0x75, 0x80, 0xDA, 0x03, 0xFA, 0x84, 0x43, 0x8A, 0x1A, 0x9A,
    0xA8, 0x86, 0x92, 0x8B, 0x91, 0x2A, 0xE7, 0x6A, 0x41, 0xC5, 0x2B, 0xF3, 0xB7, 0xAF, 0x98, 0x69,
    0xE6, 0xD3, 0x41, 0xF1, 0xA4, 0x7F, 0x82, 0xFF, 0x27, 0x8A, 0xB4, 0xE8, 0xC8, 0x8A, 0xA4, 0x41,
    0x9D, 0xAF, 0xAA, 0x49, 0x6E, 0xC8, 0xAA, 0x02, 0x5C, 0x7D, 0xCC, 0x4C, 0x55, 0x65, 0x21, 0x67,
    0x01, 0x9F, 0xE3, 0x73, 0x93, 0x5B, 0xA4, 0x3D, 0xE2, 0xF6, 0x7C, 0xBA, 0xCC, 0xF2, 0x88, 0x9A,
    0x11, 0x35, 0x10, 0x0B, 0x92, 0xCA, 0x63, 0xAA, 0xA5, 0x00, 0x52, 0x0F, 0x78, 0x7D, 0x5C, 0x0E,
    0xA9, 0x2A, 0x87, 0xD8, 0xCC, 0xF0, 0x45, 0x01, 0xD8, 0xAE, 0x81, 0xAC, 0x05, 0xE2, 0x06, 0xE8,
    0x60, 0x25, 0x0C, 0x3A, 0x68, 0x89, 0x0D, 0x58, 0xD2, 0x4A, 0x84, 0xAD, 0xA4, 0xFD, 0xA0, 0x13,
    0xC6, 0x16, 0x22, 0x93, 0x8A, 0x90, 0x46, 0x17, 0xC2, 0x1D, 0x10, 0xFF, 0xAC, 0x05, 0x92, 0x5F,
    0x76, 0x42, 0xB7, 0xF7, 0x7D, 0xA1, 0x85, 0x6D, 0x56, 0xF4, 0x6C, 0x24, 0xB4, 0x54, 0x16, 0x9F,
    0x7E, 0x35, 0xD0, 0x13, 0xA1, 0x26, 0x68, 0x85, 0x74, 0x90, 0xC3, 0x29, 0x2C, 0x41, 0x7B, 0x66,
    0x05, 0x93, 0x23, 0xAD, 0x60, 0xF8, 0xBF, 0x9A, 0xB1, 0x33, 0x58, 0x7B, 0x9A, 0x2B, 0x2F, 0xD7,
    0x52, 0xBF, 0x42, 0xD9, 0x1D, 0x97, 0x6B, 0x1F, 0xFA, 0x15, 0x8A, 0x2C, 0x4E, 0x2C, 0xA9, 0x18,
    0xAB, 0x87, 0xA1, 0xE7, 0xF7, 0x08, 0x4E, 0x4A, 0xD4, 0xBF, 0xB5, 0x52, 0xA3, 0x6E, 0x7A, 0x7C,
    0xD5, 0x50, 0xA6, 0x45, 0x1B, 0x35, 0xA9, 0x0C, 0xAF, 0x8C, 0x99, 0x46, 0x8B, 0x7B, 0x39, 0xC9,
    0x74, 0xD6, 0x2F, 0x05, 0x00, 0x9B, 0xB1, 0x71, 0x0B, 0x04, 0xC7, 0xCE, 0x4B, 0xAB, 0x1E, 0x2B,
    0xA2, 0x3A, 0xE8, 0x64, 0x49, 0x2B, 0x77, 0x73, 0x5A, 0xF5, 0xD8, 0x82, 0xFA, 0x51, 0xD7, 0xE3,
    0xEF, 0x4C, 0x8F, 0x93, 0x16, 0xD2, 0x7D, 0xD7, 0xA3, 0x3D, 0x85, 0xAC, 0xD6, 0xA0, 0xC5, 0x05,
    0x69, 0x6D, 0xB8, 0x61, 0x42, 0xCB, 0x02, 0x3A, 0xD6, 0xDE, 0x3B, 0x0A, 0xC0, 0x8E, 0xDB, 0x6F,
    0xA8, 0x02, 0x72, 0x18, 0xC7, 0xD7, 0xFA, 0x78, 0x76, 0x47, 0x33, 0x2C, 0x04, 0x16, 0x42, 0x73,
    0x38, 0x23, 0x39, 0x1B, 0x7F, 0x8A, 0x09, 0x24, 0xC3, 0x57, 0xD4, 0x85, 0xAF, 0xA9, 0xB4, 0x80,
    0x8C, 0xC3, 0xA9, 0x8F, 0x45, 0x18, 0xED, 0x9C, 0x14, 0xD1, 0x2C, 0x7C, 0xFA, 0x38, 0xFC, 0x34,
    0xB0, 0x04, 0xE4, 0xE2, 0x0D, 0x20, 0x69, 0x41, 0xE3, 0x4B, 0xEE, 0xB7, 0xEF, 0xFF, 0xDF, 0x8B,
    0x16, 0xE3, 0x45, 0xC7, 0xAD, 0x8F, 0x19, 0xB0, 0xBC, 0x10, 0x6F, 0x2B, 0xA7, 0x8F, 0xF5, 0x07,
    0x81, 0x09, 0x6D, 0x68, 0x54, 0x2D, 0x43, 0x2F, 0xFA, 0x55, 0x47, 0xF4, 0x5B, 0x43, 0xE4, 0x4A,
    0x82, 0xDD, 0x8B, 0xD7, 0x37, 0xE9, 0xDF, 0x41, 0x62, 0x37, 0xCE, 0x42, 0x2F, 0x45, 0xE3, 0x70,
    0x44, 0x16, 0xE2, 0xA1, 0x9B, 0x25, 0x6E, 0xE0, 0x0E, 0x00, 0x89, 0xEC, 0x25, 0xD5, 0x32, 0x40,
    0xE9, 0xE4, 0xFB, 0x36, 0x05, 0xFB, 0xE6, 0x73, 0xF5, 0xA1, 0xD7, 0xB9, 0x12, 0xA1, 0x1B, 0x51,
    0xDA, 0xC9, 0xDF, 0xB6, 0xA0, 0x2A, 0xD3, 0xE3, 0x9D, 0xC6, 0xAB, 0x9D, 0x4E, 0xAB, 0x4F, 0xDE,
    0x98, 0xEB, 0x11, 0xED, 0x00, 0x11, 0x8E, 0x28, 0x47, 0xA4, 0x23, 0xDA, 0x11, 0xF1, 0x5E, 0xBD,
    0x97, 0x2F, 0xFA, 0x9F, 0xA5, 0x93, 0xC3, 0x2E, 0xAE, 0xA3, 0x36, 0xA9, 0xFC, 0x69, 0xAF, 0x2A,
    0xEE, 0xEA, 0x9D, 0x18, 0x75, 0xCC, 0xA2, 0x96, 0x65, 0x64, 0x59, 0xCB, 0xF9, 0x0C, 0x9D, 0x98,
    0x71, 0xF9, 0x60, 0x98, 0x6A, 0x7B, 0x8B, 0x36, 0xAD, 0x83, 0x8F, 0x5C, 0x15, 0x3B, 0xCB, 0xEA,
    0x31, 0x6C, 0x0D, 0x7C, 0xED, 0x69, 0x1D, 0xF7, 0x70, 0x3E, 0x57, 0xCE, 0xED, 0x53, 0xE7, 0x76,
    0x91, 0xDB, 0x43, 0xEC, 0x76, 0x10, 0xCC, 0x2F, 0x9B, 0xAC, 0x2E, 0x5B, 0xBC, 0x34, 0x82, 0xDF,
    0x58, 0x88, 0x9D, 0x81, 0xED, 0xBE, 0x20, 0x75, 0x15, 0xE8, 0x7F, 0x2C, 0x0F, 0x33, 0xAF, 0x88,
    0x3F, 0x6C, 0x3D, 0x14, 0x64, 0xEC, 0x44, 0xBF, 0xED, 0x91, 0x56, 0x3D, 0xB6, 0xE3, 0xC6, 0x6B,
    0x0D, 0xC0, 0xA7, 0x04, 0xD9, 0x58, 0xBB, 0xE8, 0x86, 0x96, 0xE2, 0x0A, 0x18, 0x53, 0x7F, 0x57,
    0xD0, 0x0A, 0x2C, 0xAE, 0xC4, 0x06, 0xAE, 0xEA, 0x2D, 0xFB, 0xA8, 0x0A, 0x4D, 0xF8, 0x41, 0x1D,
    0x9A, 0xE8, 0x83, 0x26, 0x6A, 0xA2, 0x5F, 0x9B, 0x1E, 0xFF, 0x61, 0xA2, 0x3A, 0xFE, 0xA9, 0x89,
    0xAB, 0xA4, 0xB2, 0x49, 0x8F, 0x36, 0xA9, 0x54, 0xB5, 0x96, 0x8C, 0x7F, 0xD1, 0xA3, 0x98, 0xA9,
    0x22, 0x2D, 0x66, 0x29, 0x29, 0x79, 0x4A, 0x46, 0x96, 0xA1, 0x49, 0x73, 0x72, 0xD4, 0x29, 0x33,
    0xD4, 0x86, 0x05, 0x49, 0xD7, 0x23, 0xEE, 0x58, 0x0B, 0x80, 0x6F, 0x8D, 0x51, 0xD9, 0x61, 0x0E,
    0xF5, 0x0A, 0xBF, 0x30, 0x06, 0x0F, 0x04, 0x3E, 0x97, 0x35, 0x1F, 0x9B, 0xCB, 0x26, 0xCF, 0x9E,
    0xCB, 0x5E, 0x9F, 0xF2, 0xE9, 0x0C, 0x35, 0xAD, 0x2E, 0x0D, 0xAB, 0x8D, 0x17, 0xA9, 0xFC, 0xB2,
    0x08, 0x96, 0x82, 0x6E, 0x12, 0x01, 0x94, 0x94, 0x04, 0xBD, 0x07, 0xD0, 0xA6, 0x25, 0x9C, 0x9E,
    0x02, 0xD9, 0x13, 0x7B, 0x0D, 0xD7, 0xE6, 0x64, 0x48, 0x88, 0xCC, 0xDA, 0x05, 0x51, 0x73, 0x2A,
    0xF9, 0x47, 0x0B, 0xB8, 0x66, 0x5A, 0x9F, 0x7E, 0x91, 0x4E, 0x8E, 0x2B, 0x3D, 0x52, 0x80, 0x3B,
    0x82, 0xBB, 0x82, 0x2F, 0x3F, 0xAD, 0xF1, 0xE8, 0x19, 0x1B, 0x5F, 0x3C, 0xE3, 0x00, 0xFE, 0x70,
    0xB4, 0xFD, 0xD7, 0x62, 0xFB, 0x7F, 0x8A, 0xED, 0x3F, 0x15, 0xDB, 0x7F, 0x38, 0xB5, 0xBD, 0x9C,
    0xDA, 0xCE, 0xC4, 0xF6, 0xFC, 0xE3, 0x06, 0x70, 0x0B, 0xA1, 0x40, 0x95, 0x16, 0x92, 0x5F, 0x19,
    0x08, 0x7F, 0xDF, 0x83, 0x6D, 0x0D, 0xA4, 0xE5, 0x27, 0x75, 0x7C, 0x2A, 0x9A, 0xF6, 0xA2, 0x68,
    0x82, 0x1E, 0xAF, 0x85, 0x06, 0xB2, 0xAF, 0xF6, 0x50, 0x3F, 0x6B, 0x20, 0xFA, 0xB0, 0x06, 0x5C,
    0x05, 0x64, 0x40, 0x30, 0xBF, 0x77, 0x5C, 0xFD, 0x2A, 0xB7, 0xE3, 0xD2, 0x23, 0x74, 0xEF, 0x1E,
    0x2B, 0xCB, 0xDB, 0xF7, 0xF6, 0x04, 0xD2, 0x82, 0x64, 0x72, 0xE5, 0xE1, 0x51, 0x82, 0xB2, 0x47,
    0x76, 0xDC, 0xF4, 0x50, 0x07, 0x9C, 0x0A, 0x36, 0xD0, 0x1B, 0x27, 0x0A, 0xBB, 0x1E, 0x45, 0x8F,
    0x8C, 0x1E, 0x5A, 0x90, 0x0B, 0x8E, 0x35, 0xCD, 0x8D, 0x2F, 0x10, 0x92, 0xD4, 0x64, 0x0F, 0xB7,
    0x25, 0xC9, 0x21, 0x7F, 0x6B, 0xF0, 0xDB, 0xE8, 0xD2, 0x6C, 0x7F, 0xB6, 0xC0, 0xF4, 0x48, 0xF6,
    0xB0, 0x75, 0x4D, 0xB4, 0xBF, 0x6F, 0x65, 0xF5, 0x90, 0x96, 0xCC, 0x34, 0xE4, 0x39, 0xE8, 0x0D,
    0xE8, 0x35, 0x68, 0x69, 0xA7, 0x83, 0xA5, 0x34, 0x25, 0x2D, 0x2D, 0x08, 0x6D, 0x4E, 0xD2, 0x64,
    0xE7, 0xDB, 0x4A, 0x5A, 0x91, 0x46, 0x9E, 0xDC, 0xBA, 0xC9, 0x9F, 0xD8, 0xBA, 0xB9, 0x7E, 0x23,
    0x00, 0x3E, 0xCF, 0xEB, 0xDC, 0x21, 0x27, 0x65, 0xED, 0x9F, 0xBF, 0x8C, 0x5D, 0x43, 0xE0, 0x8A,
    0xE7, 0x6F, 0xC8, 0xA7, 0x02, 0x20, 0x8D, 0x6A, 0xC8, 0x93, 0x0A, 0xD6, 0x69, 0x41, 0x60, 0x66,
    0x10, 0xD5, 0x67, 0x10, 0x14, 0x5F, 0xBC, 0x6E, 0x2F, 0xDE, 0xB8, 0x05, 0x7E, 0xBB, 0x98, 0x36,
    0x83, 0xD0, 0x2C, 0x21, 0xAE, 0x2C, 0xA8, 0xAF, 0x34, 0x00, 0xC5, 0x05, 0x3F, 0xC4, 0x10, 0xC4,
    0x11, 0xC4, 0x12, 0xC4, 0x93, 0xB1, 0xB6, 0xAE, 0xD9, 0x08, 0xD6, 0x17, 0x1B, 0x5F, 0x5E, 0x88,
    0x40, 0xCC, 0x41, 0xDC, 0x41, 0xEC, 0x61, 0x8C, 0x40, 0xE8, 0x1C, 0xA9, 0x73, 0x7B, 0x56, 0xDF,
    0x7F, 0x74, 0x2F, 0xD8, 0x0D, 0x4F, 0x67, 0x26, 0x75, 0x54, 0xA3, 0x2A, 0x5F, 0xD5, 0x88, 0x2B,
    0x89, 0x5E, 0x70, 0xB8, 0x57, 0x1F, 0x16, 0xA7, 0x28, 0xD7, 0x2C, 0x49, 0x5D, 0xB3, 0x39, 0xDE,
    0xAB, 0x02, 0x2D, 0xC8, 0x61, 0x31, 0x96, 0xFB, 0x35, 0x0B, 0xC8, 0xC4, 0x23, 0xF5, 0x78, 0x37,
    0x27, 0x92, 0xC2, 0x39, 0x27, 0xCE, 0x41, 0x56, 0x27, 0x16, 0x9C, 0xD5, 0x3B, 0xA2, 0x47, 0xEB,
    0xC7, 0x2B, 0xE2, 0x4A, 0xD7, 0x0A, 0x55, 0x66, 0xA5, 0x22, 0xF5, 0xFF, 0x32, 0x52, 0x4E, 0xC9,
    0xC9, 0xEE, 0x77, 0x22, 0xD5, 0x35, 0xC2, 0xDF, 0xC3, 0x82, 0x19, 0xC2, 0x85, 0xE7, 0x1A, 0xB8,
    0x4B, 0xC7, 0x97, 0x98, 0x85, 0xFF, 0x4D, 0x4B, 0x76, 0xFF, 0x27, 0xDF, 0x37, 0x28, 0x97, 0xB8,
    0x8A, 0xA8, 0x0D, 0xF6, 0x8C, 0x8F, 0x6C, 0xCE, 0x26, 0xAB, 0x8E, 0x68, 0x5C, 0x75, 0xDC, 0x62,
    0xDC, 0x38, 0xDF, 0x81, 0x2F, 0xD9, 0xEF, 0xE6, 0x6F, 0x37, 0xB4, 0x44, 0xC6, 0x17, 0xFD, 0x3D,
    0x42, 0xD3, 0x23, 0x32, 0x84, 0x76, 0xB0, 0xC8, 0x43, 0xD5, 0xF1, 0xF9, 0x5C, 0x46, 0x9C, 0x73,
    0xF4, 0x78, 0xDF, 0x67, 0xF8, 0x22, 0x83, 0x61, 0x4F, 0x44, 0x55, 0x64, 0xC4, 0xF5, 0x21, 0xE1,
    0xD6, 0x87, 0x62, 0x4B, 0xD0, 0xF6, 0xA0, 0x63, 0x89, 0x7C, 0x08, 0x4A, 0x20, 0x32, 0xE3, 0x3E,
    0x52, 0x01, 0xE4, 0x00, 0x8B, 0x69, 0xF1, 0xEE, 0xAB, 0xAE, 0x5C, 0x39, 0xE5, 0x8A, 0xDB, 0x27,
    0xF9, 0x1C, 0xF4, 0x0F, 0x26, 0xD3, 0xF8, 0xF0, 0x07, 0x97, 0xAE, 0xEE, 0xB9, 0xAC, 0x94, 0xE1,
    0xD1, 0x5C, 0xAB, 0xF2, 0x69, 0x75, 0x41, 0x17, 0x93, 0x35, 0xC9, 0x99, 0xC0, 0xBC, 0x58, 0xE5,
    0xE3, 0xA1, 0xEA, 0x21, 0x8A, 0x6C, 0x6A, 0xFF, 0x99, 0x80, 0xB0, 0x0C, 0x4B, 0xA2, 0x3A, 0xA9,
    0x08, 0x4C, 0x06, 0x74, 0x1D, 0xB0, 0x1A, 0x1F, 0x0A, 0xE6, 0xBA, 0xC7, 0x90, 0x3C, 0xEC, 0x48,
    0xC6, 0x0C, 0xFF, 0xB8, 0xA3, 0x3C, 0xEF, 0x78, 0x4C, 0xDA, 0x70, 0x2F, 0x67, 0x0C, 0x0D, 0x2B,
    0x77, 0x35, 0xED, 0x43, 0x3B, 0xFE, 0xBC, 0x14, 0x00, 0x92, 0x49, 0x89, 0xCC, 0x0A, 0x7D, 0x7E,
    0x62, 0x79, 0x40, 0xD0, 0xD1, 0xC1, 0xDF, 0x1E, 0x12, 0x22, 0x41, 0xE0, 0xD1, 0x01, 0xEC, 0x87,
    0x3F, 0x40, 0x39, 0xEB, 0xBF, 0xAD, 0x10, 0x56, 0x43, 0x87, 0xC5, 0x0D, 0x10, 0x1D, 0xF0, 0x29,
    0x88, 0x6B, 0xF1, 0xAC, 0xCA, 0x2A, 0x74, 0xA9, 0x1E, 0x7F, 0x63, 0x4F, 0xE8, 0x9C, 0x85, 0x6C,
    0x5F, 0x4C, 0xD3, 0x0E, 0xF3, 0xF4, 0xB4, 0x83, 0x5B, 0xAE, 0x16, 0x9F, 0x76, 0xB0, 0x9F, 0x6F,
    0x8B, 0xD0, 0xA2, 0x86, 0x06, 0x06, 0xBD, 0xA1, 0xBF, 0xDC, 0xD6, 0x95, 0xF2, 0xCB, 0xED, 0x18,
    0x6B, 0x7E, 0xC0, 0xAB, 0x30, 0x3B, 0x3E, 0x95, 0x7A, 0x7E, 0x5F, 0xA6, 0x36, 0x57, 0xC3, 0xC9,
    0xE3, 0x69, 0x89, 0x34, 0x3B, 0x29, 0x60, 0x93, 0x4C, 0x4B, 0xA4, 0x5C, 0xB7, 0x43, 0x57, 0x7C,
    0x7C, 0xE6, 0x05, 0x3A, 0xF4, 0xEC, 0xCA, 0x1F, 0x79, 0xE5, 0xEF, 0x5F, 0x59, 0xB9, 0x3E, 0x2A,
    0x77, 0x44, 0x4E, 0x42, 0x3B, 0x91, 0x20, 0xA9, 0x81, 0xB0, 0x02, 0x82, 0x07, 0x00, 0x0A, 0x78,
    0x55, 0x90, 0x3A, 0x20, 0x69, 0xAF, 0x26, 0x7A, 0xE7, 0x45, 0x8B, 0xF4, 0x5B, 0xCE, 0xFE, 0x51,
    0xD1, 0xAD, 0x88, 0x6C, 0xE4, 0x97, 0x81, 0xA8, 0x04, 0xE2, 0x42, 0xDA, 0x68, 0x01, 0x66, 0xC0,
    0x67, 0x05, 0xAB, 0x0E, 0xC8, 0x1A, 0x3F, 0x74, 0xFB, 0x7F, 0xD8, 0xD0, 0xC0, 0x32, 0xA9, 0x40,
    0xEB, 0x02, 0xD4, 0x0E, 0x48, 0x2C, 0xD7, 0x3E, 0x72, 0x9E, 0x4C, 0xC7, 0x7E, 0x37, 0x4D, 0xC7,
    0x5E, 0xFC, 0xC8, 0x91, 0xDD, 0xF8, 0xBD, 0x60, 0x77, 0x7B, 0xFE, 0x40, 0x92, 0x80, 0xC5, 0x9F,
    0xB4, 0x71, 0x14, 0x4F, 0x6B, 0xFA, 0xEA, 0x63, 0xF6, 0x27, 0x26, 0xC7, 0x76, 0x68, 0x27, 0x68,
    0xA7, 0x9B, 0x05, 0x15, 0xC2, 0x06, 0xA2, 0x1A, 0xE2, 0x6A, 0xB2, 0xF5, 0xA4, 0x25, 0x6C, 0x89,
    0xFA, 0x64, 0x7E, 0x6F, 0x52, 0x91, 0x92, 0x73, 0x09, 0x2C, 0x26, 0x15, 0xA9, 0xBB, 0xB4, 0xC1,
    0x2E, 0xB0, 0x89, 0x09, 0xCC, 0xAA, 0x0C, 0x7E, 0xB7, 0x23, 0x10, 0x93, 0x1F, 0x30, 0x1E, 0x61,
    0x07, 0x91, 0x3D, 0x48, 0x8A, 0x87, 0xC2, 0x19, 0x8C, 0x3D, 0xA4, 0x9E, 0x4C, 0x98, 0x75, 0xC5,
    0x70, 0x5C, 0xAB, 0x8F, 0xC3, 0xE4, 0x1F, 0x35, 0xB9, 0x58, 0xB5, 0x10, 0x01, 0x67, 0x02, 0x3B,
    0x5C, 0xA5, 0xC4, 0xFB, 0x25, 0xD8, 0x21, 0x8E, 0x3D, 0x75, 0x8F, 0xE8, 0x89, 0xB8, 0xC5, 0x3A,
    0xF1, 0x0E, 0x31, 0x0F, 0x71, 0x0F, 0xB1, 0xEF, 0xE0, 0x1F, 0x0F, 0xAE, 0xA0, 0xBC, 0x7D, 0x42,
    0x79, 0xEA, 0x9C, 0x23, 0x93, 0x80, 0x5E, 0xF9, 0xE6, 0xA3, 0x7B, 0x97, 0x2B, 0x4F, 0x3E, 0x46,
    0xF9, 0x33, 0x8F, 0x0C, 0x69, 0xB5, 0xC8, 0xFA, 0xF3, 0x95, 0xCD, 0xFC, 0xE2, 0xC8, 0x58, 0xD0,
    0x86, 0x5D, 0x60, 0x55, 0x13, 0x98, 0x6D, 0x11, 0x7C, 0xD4, 0x31, 0x8E, 0x8C, 0xB0, 0x05, 0x94,
    0xFB, 0x07, 0xF8, 0xCC, 0x89, 0x2B, 0x8E, 0xFF, 0x3D, 0x39, 0x22, 0x73, 0xE1, 0xE9, 0x1E, 0x0F,
    0xA9, 0x15, 0x90, 0x8C, 0x4F, 0xD6, 0xFB, 0x55, 0x88, 0x94, 0x68, 0x48, 0x05, 0xD9, 0xF8, 0x7E,
    0x95, 0xBE, 0xF0, 0xD0, 0xD2, 0x6C, 0x78, 0xC4, 0x67, 0xDC, 0x11, 0x69, 0x7B, 0x04, 0x96, 0x25,
    0x91, 0x4F, 0x7F, 0x1A, 0xB4, 0x24, 0x1F, 0xCA, 0xB9, 0x61, 0x4F, 0x33, 0x69, 0x00, 0xBD, 0xFF,
    0x1B, 0xF8, 0xF3, 0xD5, 0x0E, 0x88, 0x0D, 0xD3, 0x63, 0x7C, 0x50, 0x45, 0x0B, 0xA4, 0x4C, 0x30,
    0xAD, 0x15, 0x0C, 0xA9, 0x87, 0xA0, 0x25, 0x3F, 0x20, 0xB0, 0x3D, 0x42, 0xCB, 0x4C, 0xDA, 0xCD,
    0x51, 0xD2, 0xB8, 0x36, 0x64, 0x3F, 0xFF, 0xB0, 0x91, 0x57, 0x10, 0x6A, 0xC2, 0x7D, 0x5C, 0x43,
    0x30, 0x9F, 0x23, 0x99, 0xD0, 0x11, 0xC0, 0x8D, 0xF1, 0x65, 0x7C, 0x7D, 0x93, 0xCC, 0xB5, 0x00,
    0xBC, 0x44, 0x5F, 0xAE, 0xF0, 0xFC, 0xE7, 0xF5, 0x3B, 0x34, 0x56, 0x11, 0x78, 0x93, 0x19, 0xA4,
    0x74, 0xA0, 0x7E, 0x61, 0x20, 0x76, 0x35, 0x04, 0xFB, 0xE2, 0x25, 0x79, 0x95, 0x94, 0x43, 0x1A,
    0x60, 0x16, 0x10, 0xD6, 0x77, 0x7B, 0x54, 0x82, 0xFA, 0x5F, 0x00, 0x67, 0x00, 0x5D, 0x5E, 0xB7,
    0x57, 0x77, 0x0A, 0x08, 0xC4, 0x97, 0xA8, 0x16, 0x87, 0x8A, 0x1E, 0x89, 0x20, 0xFE, 0xAE, 0x4F,
    0x12, 0x2A, 0xE0, 0x01, 0x2F, 0xC3, 0xB0, 0x49, 0x41, 0x46, 0x5F, 0x5A, 0x90, 0xB9, 0x66, 0xAF,
    0x86, 0x82, 0x4C, 0x09, 0xAD, 0x96, 0x38, 0x16, 0x43, 0x41, 0x26, 0xAC, 0x01, 0x8A, 0x17, 0xED,
    0xD0, 0x4B, 0x52, 0x5E, 0x0F, 0xCA, 0xF7, 0xA2, 0xDC, 0x02, 0xE1, 0x98, 0x09, 0x5D, 0xFE, 0xD6,
    0xED, 0x27, 0x11, 0x6D, 0x26, 0xA2, 0xFF, 0xA2, 0xE9, 0x45, 0x7F, 0x20, 0xA2, 0x7F, 0x2C, 0xA2,
    0xC7, 0x57, 0x6E, 0x39, 0x1B, 0xB7, 0xE8, 0x6B, 0xC1, 0x6F, 0x4A, 0x08, 0xC7, 0xF7, 0x07, 0x48,
    0x2C, 0x40, 0xD6, 0x09, 0x1F, 0x9C, 0x1E, 0xEA, 0xEB, 0x1C, 0xDF, 0x39, 0x9D, 0xBC, 0x74, 0x3A,
    0xF4, 0x10, 0xA9, 0x04, 0x4A, 0xE6, 0x99, 0x93, 0x94, 0x48, 0xAC, 0x3D, 0x17, 0x12, 0x31, 0xEB,
    0x9E, 0x2B, 0xDA, 0x9E, 0x0E, 0x8B, 0xC2, 0x61, 0x50, 0x81, 0x0B, 0x0C, 0x69, 0xF4, 0xCB, 0xB0,
    0xE9, 0xF9, 0x93, 0xA8, 0x26, 0x4D, 0xFE, 0xBE, 0x67, 0xA6, 0xBE, 0x1E, 0x57, 0xDC, 0x49, 0xD5,
    0x5F, 0x56, 0xE4, 0x77, 0xD4, 0xD7, 0x4B, 0x66, 0x77, 0xD5, 0xD7, 0x0B, 0x66, 0x8B, 0xE4, 0x6D,
    0x98, 0x9D, 0x25, 0x27, 0x3D, 0x4D, 0xF2, 0x00, 0x72, 0x93, 0x6C, 0x60, 0x55, 0x27, 0x5D, 0xCF,
    0xCA, 0xB3, 0x4C, 0x5A, 0x40, 0xB4, 0x83, 0xB6, 0x40, 0xD7, 0x41, 0x64, 0x72, 0xA4, 0x2F, 0xE1,
    0x16, 0xB7, 0x26, 0x71, 0xDF, 0x09, 0xAB, 0xA4, 0xCC, 0xA3, 0x5A, 0x95, 0xB3, 0xB0, 0x51, 0xC5,
    0xDD, 0xD0, 0x28, 0x16, 0x81, 0x49, 0x0F, 0x38, 0x0B, 0xCD, 0x1D, 0xDA, 0xB0, 0xC9, 0xB1, 0x61,
    0x33, 0xC3, 0x46, 0xF5, 0x2C, 0x30, 0x51, 0x7D, 0x37, 0x30, 0x71, 0xB5, 0x90, 0xB7, 0xA9, 0xD7,
    0x91, 0x51, 0xC5, 0x3A, 0x31, 0x9A, 0xE5, 0x9F, 0xD9, 0x35, 0xDA, 0x3A, 0x4B, 0x5A, 0xEB, 0xF2,
    0x68, 0x63, 0xE8, 0x2A, 0x88, 0xFF, 0xAB, 0x81, 0xF4, 0x2B, 0x06, 0x96, 0x9C, 0x31, 0x79, 0x2D,
    0x16, 0x3A, 0x08, 0xED, 0x12, 0x62, 0xA3, 0xFD, 0x7A, 0x1F, 0x74, 0x91, 0x96, 0x3C, 0x40, 0x55,
    0x74, 0xC4, 0xB5, 0x1F, 0xA1, 0x49, 0x4D, 0x68, 0x7C, 0xB9, 0x5F, 0x03, 0xDD, 0x06, 0xD8, 0xB4,
    0x80, 0x36, 0x40, 0x56, 0x01, 0xE9, 0x33, 0x3F, 0xCC, 0x43, 0xDC, 0x71, 0xCC, 0x6A, 0xB4, 0xBF,
    0xEA, 0xF0, 0xB8, 0xB2, 0x7F, 0xD1, 0x94, 0xF1, 0x58, 0x10, 0x1A, 0xD6, 0x07, 0x44, 0x0D, 0xED,
    0x11, 0x35, 0x96, 0xB8, 0x0A, 0x2C, 0x49, 0x15, 0x98, 0x1E, 0xA1, 0x41, 0x95, 0x91, 0x47, 0x83,
    0x2A, 0x7A, 0x64, 0xF4, 0xD0, 0x02, 0x47, 0x64, 0xC2, 0x2D, 0xE1, 0xEE, 0xED, 0x1C, 0xDC, 0x6E,
    0x06, 0x59, 0x33, 0x7D, 0xD4, 0x2C, 0xB0, 0xBC, 0x4E, 0x6C, 0xD0, 0x0F, 0x4F, 0x26, 0x5F, 0x10,
    0xD9, 0x8F, 0x3A, 0xD0, 0xDF, 0x15, 0x7C, 0xAF, 0xED, 0xF1, 0xB5, 0x1E, 0xC0, 0x8D, 0xF0, 0x0F,
    0x60, 0x58, 0x64, 0x92, 0x15, 0xE3, 0xEF, 0xD1, 0x72, 0x71, 0x63, 0x6F, 0x38, 0x56, 0x4E, 0x64,
    0x6D, 0x3D, 0x6F, 0xCF, 0xE7, 0x5B, 0xC6, 0x6C, 0x2B, 0xB2, 0x42, 0x55, 0x33, 0x4E, 0x5F, 0x0F,
    0xC6, 0x1F, 0x8A, 0x29, 0x88, 0xB0, 0x71, 0xCD, 0xCE, 0x0E, 0x86, 0x65, 0x65, 0x62, 0xC6, 0x62,
    0x1E, 0x2B, 0x01, 0xBB, 0x0B, 0x17, 0x6C, 0x84, 0x59, 0x29, 0x5C, 0xCD, 0xE5, 0x81, 0x5A, 0x69,
    0xBC, 0xC2, 0x79, 0x02, 0x3F, 0x18, 0x82, 0x8D, 0xCC, 0xB8, 0x76, 0x2E, 0x80, 0x3B, 0x93, 0x02,
    0x4D, 0xF6, 0xBE, 0xF4, 0xA0, 0xFB, 0x5A, 0x1D, 0x3D, 0x3A, 0xF9, 0xA8, 0x8A, 0xAA, 0xC0, 0x49,
    0x85, 0x7A, 0x49, 0x52, 0x06, 0x96, 0x57, 0x88, 0xEB, 0x41, 0xFD, 0x06, 0x08, 0xED, 0x70, 0x25,
    0xCD, 0x9B, 0xD0, 0x1D, 0x4A, 0x68, 0x29, 0xCA, 0xA2, 0x0A, 0xED, 0x1E, 0xAB, 0x22, 0xBF, 0xE5,
    0x1C, 0x33, 0xFE, 0x7F, 0x07, 0x84, 0x02, 0xA2, 0xF6, 0x02, 0xAD, 0x10, 0x6E, 0xAE, 0x6B, 0xDA,
    0xA3, 0x14, 0x14, 0x03, 0x00, 0xE0, 0x25, 0x18, 0xF6, 0x2D, 0xBE, 0x08, 0x9C, 0x05, 0x16, 0xC8,
    0x0F, 0x17, 0x3A, 0x29, 0x87, 0x22, 0x17, 0x71, 0x7B, 0xA3, 0xCD, 0xBB, 0xC2, 0xAB, 0xDB, 0x2F,
    0xDA, 0xC1, 0xFF, 0x05, 0x55, 0x94, 0x2D, 0x8C, 0xE4, 0x36, 0x14, 0xC7, 0xFF, 0x8E, 0x7B, 0x4D,
    0x2B, 0x03, 0x17, 0xB4, 0xA8, 0x20, 0xE5, 0x60, 0xC3, 0xD5, 0x9B, 0x49, 0x38, 0x2A, 0xB8, 0x5D,
    0x32, 0xA0, 0x1C, 0x2D, 0x39, 0x50, 0x30, 0xB3, 0x9B, 0xAA, 0x1C, 0x96, 0x73, 0x76, 0xE0, 0xC0,
    0x4A, 0xCD, 0x4E, 0xAC, 0x2B, 0x28, 0x38, 0xD0, 0x90, 0x2B, 0xB6, 0xD4, 0x2E, 0x2A, 0x68, 0xA4,
    0x5A, 0x55, 0x46, 0xCA, 0xC4, 0x7D, 0x7F, 0x6D, 0xE2, 0xDD, 0x7B, 0x72, 0x7E, 0xB2, 0xFC, 0xF1,
    0xBE, 0x63, 0x88, 0xDC, 0x11, 0x21, 0x61, 0x40, 0x16, 0xE3, 0x80, 0x22, 0xC6, 0x1E, 0xDD, 0xCF,
    0x33, 0xD4, 0x88, 0x0A, 0x7A, 0x80, 0x6D, 0x8C, 0x83, 0x75, 0xB6, 0x11, 0x94, 0x35, 0x8C, 0xAB,
    0x00, 0xFB, 0x88, 0x1B, 0xE2, 0x9E, 0x68, 0x81, 0xA2, 0x99, 0x04, 0xB5, 0xA0, 0x84, 0xA0, 0x22,
    0xB6, 0x44, 0x0B, 0xD9, 0x9D, 0x70, 0x8F, 0x6C, 0x90, 0x55, 0xE3, 0x51, 0x7E, 0xE8, 0x1A, 0x98,
    0x38, 0x03, 0xAA, 0xF3, 0xA0, 0xA8, 0x41, 0x90, 0xF9, 0x15, 0xBA, 0x97, 0xED, 0xE8, 0xD0, 0xC5,
    0x58, 0xEB, 0x79, 0x37, 0xF2, 0x52, 0x2B, 0x06, 0x44, 0x5F, 0x05, 0xC1, 0x96, 0xEA, 0xEF, 0x89,
    0xF6, 0xB9, 0xA1, 0xC3, 0x33, 0x6B, 0x7B, 0x64, 0x41, 0x56, 0x69, 0xED, 0xA1, 0x73, 0x1F, 0x5B,
    0x43, 0xEE, 0x9E, 0x68, 0x1A, 0xD2, 0x36, 0x12, 0xA9, 0x16, 0x6B, 0x1E, 0x79, 0x44, 0xDE, 0x23,
    0xF7, 0xA4, 0x71, 0xCB, 0xB0, 0x69, 0x34, 0xCB, 0x28, 0xEA, 0x65, 0x94, 0x58, 0x46, 0xB5, 0x8E,
    0xED, 0x3A, 0x36, 0xF4, 0x89, 0xA3, 0x05, 0xF6, 0xF4, 0x8A, 0x93, 0x91, 0x54, 0x81, 0xEB, 0x62,
    0x13, 0xCC, 0x88, 0x90, 0x4E, 0xC2, 0xC6, 0x08, 0xBA, 0xF9, 0x97, 0x90, 0xB2, 0x49, 0x78, 0x49,
    0xEC, 0xC5, 0xE3, 0x72, 0x32, 0x0E, 0x55, 0x20, 0x6A, 0xCB, 0x84, 0x08, 0x36, 0xB0, 0xB5, 0x68,
    0x2B, 0xA8, 0xB8, 0x5C, 0x30, 0xD1, 0xFE, 0x28, 0x50, 0x41, 0x90, 0x05, 0x6C, 0x68, 0x4D, 0x8E,
    0xB3, 0x06, 0xDF, 0x0E, 0x28, 0xFF, 0xF8, 0xD7, 0x8B, 0xBD, 0x5F, 0x7B, 0x64, 0xB3, 0x04, 0x9A,
    0xE4, 0x0D, 0x58, 0x8D, 0x35, 0x3B, 0x16, 0xAB, 0x5C, 0xD4, 0x82, 0xD8, 0xB3, 0x36, 0x83, 0x6C,
    0x36, 0x6F, 0x04, 0x35, 0x67, 0x3F, 0x7A, 0x59, 0x8B, 0x3C, 0x7C, 0xC4, 0x22, 0xD9, 0x59, 0xA0,
    0x67, 0x2A, 0x21, 0xEC, 0xB5, 0xA0, 0x28, 0x05, 0xDB, 0x82, 0x51, 0x10, 0x77, 0xE2, 0x31, 0x82,
    0xF8, 0x9E, 0x0D, 0x02, 0xDD, 0x5B, 0x66, 0xD9, 0x30, 0xBD, 0x82, 0x02, 0x82, 0xEA, 0x72, 0xD7,
    0xE3, 0x96, 0xCD, 0x18, 0x63, 0xF4, 0x12, 0x85, 0xF6, 0x2C, 0xD1, 0xA0, 0xBD, 0x40, 0xF6, 0x79,
    0x51, 0xE2, 0x2A, 0x6B, 0x89, 0xB0, 0x02, 0xBB, 0x75, 0x91, 0xD7, 0x00, 0x83, 0xA6, 0xA7, 0x02,
    0x53, 0x63, 0x91, 0x92, 0xB3, 0xE8, 0x81, 0x8C, 0x11, 0x68, 0xF7, 0x5A, 0xD0, 0xBC, 0xE5, 0x6C,
    0x90, 0xB5, 0xD8, 0x3F, 0x8F, 0xC0, 0x9C, 0x73, 0x27, 0xC6, 0xDF, 0x3B, 0x35, 0x5F, 0xFD, 0xED,
    0x74, 0x40, 0xD5, 0x98, 0x1E, 0x45, 0x63, 0x59, 0x77, 0x96, 0xFD, 0xB1, 0xE4, 0x15, 0xC1, 0x52,
    0x27, 0x1C, 0x88, 0x49, 0x36, 0xB2, 0x49, 0x0C, 0x1A, 0x69, 0xDA, 0x87, 0x76, 0x82, 0x89, 0x61,
    0x94, 0xB2, 0x36, 0x01, 0x94, 0x2F, 0x08, 0x6C, 0x09, 0xDC, 0x13, 0x2A, 0x90, 0x12, 0x58, 0x6A,
    0xC7, 0x0C, 0x49, 0x72, 0xFE, 0x94, 0xEC, 0x0C, 0xCF, 0x4C, 0x5E, 0xD6, 0x40, 0xC9, 0xAB, 0xD8,
    0x90, 0x68, 0x37, 0xE4, 0x78, 0x00, 0xAB, 0xB6, 0x07, 0xB5, 0xB4, 0xBC, 0xD4, 0x4F, 0x42, 0xEB,
    0xCE, 0xAF, 0x84, 0x35, 0x7B, 0xBF, 0x54, 0xE4, 0x56, 0x0D, 0x34, 0x7A, 0x45, 0x52, 0x2F, 0x14,
    0xF5, 0x82, 0x59, 0xE5, 0xA5, 0xBC, 0xE7, 0x25, 0x56, 0x9E, 0x75, 0x60, 0x70, 0xE6, 0xC3, 0x77,
    0x6C, 0x9A, 0x18, 0x70, 0x2F, 0xE4, 0x35, 0x7C, 0xBE, 0x24, 0x73, 0x09, 0x81, 0x86, 0x32, 0x6E,
    0x68, 0x27, 0x48, 0x72, 0xDB, 0x17, 0x3E, 0x8B, 0xE1, 0x76, 0x32, 0x0F, 0xED, 0xE9, 0xC6, 0xA2,
    0x72, 0xA5, 0x92, 0x5B, 0x05, 0x95, 0x5E, 0xF0, 0xEA, 0x01, 0x2F, 0x6E, 0x76, 0x63, 0xC6, 0xE2,
    0x16, 0x31, 0x9E, 0x50, 0xD5, 0xFB, 0xE5, 0xE7, 0x0D, 0xD4, 0x49, 0xBC, 0x0D, 0xFA, 0xA0, 0x86,
    0xE3, 0xF7, 0xE5, 0xCE, 0x57, 0x67, 0x1B, 0x1B, 0x13, 0xD8, 0x59, 0x80, 0x22, 0xC4, 0xC5, 0xC5,
    0x91, 0x94, 0xCC, 0x29, 0x3D, 0x25, 0x40, 0x43, 0x00, 0x2F, 0x78, 0xE4, 0x64, 0x6B, 0x06, 0x1A,
    0x01, 0x73, 0xBA, 0xE6, 0x23, 0xE5, 0xF4, 0x08, 0x3E, 0x6E, 0x81, 0x16, 0x8D, 0xAC, 0x8C, 0x28,
    0x26, 0xF0, 0x27, 0x69, 0xF9, 0x97, 0x8C, 0x93, 0x30, 0x1B, 0x26, 0xE4, 0x3E, 0x77, 0xC2, 0x9E,
    0xAF, 0x9A, 0xE9, 0xB7, 0x6A, 0x84, 0x75, 0x77, 0x2A, 0xC0, 0xBE, 0x93, 0x6D, 0xD8, 0xDF, 0x7A,
    0x2D, 0xFC, 0x9D, 0x8F, 0x86, 0x9D, 0x61, 0x1C, 0x55, 0x59, 0xE1, 0xC0, 0xEE, 0xC8, 0x07, 0xB6,
    0x93, 0x3D, 0xEF, 0x68, 0x8A, 0x59, 0xC6, 0xFE, 0xEB, 0x19, 0xC0, 0x97, 0x58, 0xE4, 0x33, 0xA2,
    0x22, 0x0E, 0xC4, 0x08, 0xD6, 0x21, 0xE5, 0x31, 0x9D, 0xE9, 0xFC, 0x86, 0xAF, 0xD7, 0xC8, 0x27,
    0xC2, 0xE3, 0x28, 0x06, 0xF8, 0x30, 0xD3, 0xF2, 0x2F, 0x5E, 0xFB, 0xEC, 0xCF, 0xC1, 0xF4, 0xE6,
    0xA7, 0xC1, 0xB8, 0x0B, 0x3D, 0x88, 0x73, 0xDA, 0xDB, 0x77, 0x3E, 0xF7, 0xF6, 0xBD, 0xD4, 0xCF,
    0xFC, 0xC3, 0x62, 0xB2, 0x0F, 0x35, 0x7D, 0x31, 0xF3, 0x4E, 0xE6, 0x5D, 0xF4, 0xD8, 0x9B, 0x19,
    0xF8, 0x66, 0xA9, 0xD3, 0x09, 0xE0, 0x5B, 0x2B, 0xEA, 0xAF, 0x83, 0x9C, 0x52, 0x13, 0xD3, 0xF8,
    0x03, 0x5B, 0x12, 0x19, 0xC1, 0x19, 0x57, 0x45, 0xE6, 0xF5, 0x02, 0x1B, 0x82, 0xEF, 0x54, 0x04,
    0xE9, 0xB8, 0xD0, 0x0B, 0x72, 0x2F, 0xD0, 0x8F, 0xF8, 0x84, 0xFD, 0x54, 0xB2, 0x9D, 0x4A, 0xD1,
    0xDD, 0xD8, 0xD3, 0xD5, 0x8C, 0x2C, 0xF2, 0x5A, 0x39, 0xD7, 0x48, 0xC2, 0x3C, 0x09, 0x8C, 0x07,
    0x8F, 0x12, 0xDC, 0x2C, 0xD3, 0xBB, 0xF7, 0x69, 0xEC, 0x99, 0xBE, 0xB3, 0x18, 0xBF, 0xEC, 0x6A,
    0x71, 0xC8, 0xAE, 0x06, 0x08, 0x5E, 0xCD, 0xA8, 0x0E, 0x5D, 0x6C, 0x78, 0x78, 0x4C, 0xBE, 0x6E,
    0x41, 0x30, 0x81, 0x1B, 0x26, 0x59, 0x22, 0x7F, 0xD8, 0x05, 0xE4, 0x91, 0xFA, 0xAE, 0x4F, 0x48,
    0xB2, 0xDA, 0x2D, 0x1B, 0x41, 0x95, 0x6E, 0xEE, 0x89, 0x00, 0xDA, 0x8E, 0x71, 0x26, 0xCE, 0x5F,
    0x5D, 0x1E, 0x2F, 0x5F, 0x2D, 0x3B, 0x2D, 0x31, 0x25, 0x8C, 0x29, 0x4F, 0x21, 0xFD, 0x0D, 0x4F,
    0xF0, 0x60, 0x2E, 0x56, 0x18, 0x5A, 0xB3, 0x4F, 0x68, 0x56, 0x14, 0x29, 0x72, 0xE2, 0x99, 0x74,
    0xAB, 0x1D, 0x35, 0x26, 0xED, 0x9E, 0x70, 0x58, 0xA6, 0xBA, 0xE7, 0x7B, 0xCD, 0x8F, 0xFA, 0xA9,
    0x0F, 0x15, 0xDD, 0xA6, 0xD7, 0xD7, 0xE2, 0x74, 0xB9, 0xC4, 0xB6, 0x5D, 0xBE, 0xC3, 0x12, 0x61,
    0xBB, 0x28, 0x1E, 0xF1, 0x12, 0xA3, 0x3A, 0xAB, 0x60, 0x06, 0x35, 0xDC, 0x36, 0xEA, 0xBF, 0x33,
    0x14, 0x3B, 0xF6, 0x88, 0x24, 0xD9, 0x04, 0xE8, 0xC0, 0x90, 0x68, 0x86, 0x26, 0xE4, 0x03, 0xF0,
    0x3F, 0x15, 0x8D, 0x81, 0x66, 0xF4, 0x40, 0x18, 0x45, 0x4F, 0x12, 0x36, 0x08, 0xFF, 0xF7, 0xC3,
    0xB2, 0xA8, 0x66, 0x51, 0x2C, 0x74, 0x07, 0xA0, 0x25, 0x49, 0xC6, 0xF6, 0x19, 0xFA, 0x16, 0x05,
    0x14, 0xC5, 0xAE, 0x44, 0xFB, 0x02, 0x05, 0xA0, 0x2F, 0x52, 0x94, 0x19, 0x00, 0x0A, 0x03, 0x14,
    0x60, 0x1E, 0x61, 0x10, 0x0C, 0xD2, 0x9D, 0x66, 0xDD, 0x0B, 0xDC, 0xEB, 0x9C, 0x2B, 0x3A, 0x14,
    0x82, 0xE8, 0x72, 0xCC, 0xC8, 0xC7, 0xD2, 0x8B, 0x55, 0xB4, 0x7C, 0xF2, 0x1F, 0x8C, 0xCE, 0x93,
    0xAD, 0x7E, 0x9C, 0x3A, 0x84, 0x13, 0x71, 0xCB, 0xB6, 0x76, 0x0C, 0xBF, 0x4F, 0xF7, 0x66, 0xA6,
    0xF2, 0xEB, 0x47, 0x9D, 0x92, 0x5B, 0x0A, 0xEC, 0xD8, 0x35, 0x1C, 0x3B, 0x62, 0xFD, 0x11, 0x24,
    0xD9, 0xFC, 0x4C, 0x6F, 0xFB, 0xB1, 0xD7, 0x4B, 0x5E, 0xE7, 0xFE, 0x2D, 0xF6, 0x0F, 0x71, 0x28,
    0xA6, 0x35, 0x26, 0x98, 0x90, 0x85, 0xC2, 0x57, 0x56, 0x80, 0x95, 0x57, 0xF3, 0xCB, 0x3E, 0xFC,
    0x0B, 0xD7, 0xA1, 0x1D, 0xE2, 0xC2, 0x1E, 0x6F, 0x8A, 0x70, 0x2A, 0x5D, 0x94, 0x43, 0xD8, 0x97,
    0xB6, 0x11, 0x80, 0x0D, 0x9B, 0x8E, 0xA3, 0x1C, 0xA6, 0xEA, 0xDB, 0x15, 0x49, 0x67, 0x67, 0x2E,
    0x80, 0xD2, 0x8A, 0x55, 0x8B, 0x40, 0x9C, 0xD8, 0x5A, 0x2B, 0xF6, 0x34, 0xF0, 0x9E, 0x85, 0xDC,
    0x17, 0xCE, 0xD8, 0xB4, 0x2C, 0x03, 0x03, 0x86, 0xFA, 0xF2, 0xA2, 0xE5, 0x8B, 0x89, 0x4C, 0x17,
    0x63, 0xA9, 0x57, 0x91, 0x66, 0xDB, 0x0E, 0xB3, 0xF2, 0xC0, 0x5D, 0xE6, 0x45, 0xDF, 0xD2, 0xD0,
    0x3D, 0xF7, 0x73, 0xE5, 0xFF, 0x00, 0xD5, 0x9C, 0x3D, 0x90, 0xE4, 0xC6, 0x75, 0xC7, 0x1F, 0x00,
    0x91, 0xB0, 0x0A, 0x25, 0x81, 0x81, 0x4E, 0x94, 0x7D, 0x2A, 0x22, 0x51, 0xA0, 0xC0, 0xDC, 0x4E,
    0x14, 0xA8, 0xCA, 0x3B, 0x40, 0x4B, 0x74, 0x95, 0x02, 0x05, 0x64, 0x70, 0x73, 0x0C, 0x2E, 0x58,
    0x07, 0x0E, 0x14, 0x69, 0x1C, 0xB2, 0x5C, 0xF3, 0x01, 0xF2, 0x02, 0x05, 0x0E, 0x28, 0x57, 0xF9,
    0xEC, 0x40, 0x81, 0x94, 0x38, 0x95, 0x1C, 0xD0, 0x55, 0xE7, 0x32, 0x76, 0x07, 0x47, 0x06, 0x0A,
    0x18, 0x18, 0x55, 0xD4, 0x59, 0x01, 0x03, 0xC1, 0x2C, 0x2D, 0x1D, 0xB8, 0x5C, 0x04, 0x2D, 0x9C,
    0x88, 0xD5, 0x61, 0x06, 0xFE, 0xFF, 0xBB, 0x07, 0x98, 0x9D, 0x9B, 0xD5, 0x9D, 0x4E, 0xBE, 0xD3,
    0xD2, 0x60, 0xCD, 0xEF, 0x24, 0x1E, 0xA6, 0x5F, 0xF7, 0xEB, 0xD7, 0xEF, 0xA3, 0xBB, 0x87, 0x22,
    0x8E, 0xE0, 0x89, 0x88, 0x50, 0x03, 0x41, 0x0A, 0xF8, 0x39, 0xE0, 0x15, 0x80, 0x93, 0x02, 0x7C,
    0x96, 0x5D, 0xD7, 0x48, 0xD7, 0x75, 0xB5, 0xAC, 0xC6, 0xE3, 0x57, 0xA4, 0xE1, 0xDF, 0xD5, 0x3D,
    0xDC, 0x8A, 0xEF, 0x6F, 0x51, 0x12, 0xA7, 0xE3, 0xB1, 0xF8, 0xF8, 0x86, 0x0E, 0x0C, 0x72, 0x4A,
    0x30, 0x48, 0x7B, 0x44, 0x14, 0xA8, 0xA4, 0x47, 0x62, 0x30, 0x1E, 0x5F, 0x93, 0xA4, 0xEB, 0x5A,
    0x59, 0x10, 0x22, 0xAB, 0xB0, 0x14, 0xA7, 0x0D, 0x0B, 0x71, 0xDB, 0x28, 0xB7, 0xE8, 0x9F, 0x4B,
    0xED, 0x1A, 0x51, 0x59, 0x5C, 0x99, 0xDC, 0xD2, 0x7B, 0x6F, 0xC7, 0x03, 0x66, 0xC4, 0xC9, 0x12,
    0x92, 0x97, 0x1C, 0x51, 0x77, 0x6B, 0x2D, 0xE8, 0x64, 0x42, 0x28, 0x76, 0x52, 0xB1, 0x93, 0x89,
    0x01, 0x3B, 0x19, 0xB3, 0x93, 0x33, 0x0B, 0xBF, 0x90, 0x8C, 0x68, 0x25, 0xC8, 0x81, 0x30, 0x1F,
    0x46, 0xE7, 0xBE, 0x0E, 0xF8, 0x1F, 0x54, 0x18, 0xCD, 0x7D, 0x40, 0x96, 0x05, 0xA5, 0x6B, 0x40,
    0x9E, 0x23, 0x32, 0xBE, 0xD7, 0xF4, 0xC3, 0xB6, 0x43, 0x14, 0x3C, 0x9F, 0x25, 0xF8, 0x60, 0xE4,
    0xB9, 0x03, 0xA4, 0xEE, 0x3D, 0x68, 0xC3, 0xDD, 0xD5, 0x10, 0x41, 0xB9, 0x40, 0x3E, 0x7C, 0x7D,
    0x40, 0xAF, 0x21, 0x62, 0x57, 0x43, 0xBB, 0x63, 0x36, 0xC8, 0x88, 0x76, 0x80, 0x38, 0x54, 0x44,
    0xD8, 0xAD, 0xF0, 0xF6, 0xDD, 0xA5, 0x96, 0x95, 0x44, 0xB9, 0x5B, 0x4B, 0x50, 0x40, 0xA4, 0x97,
    0xF6, 0x82, 0x76, 0x5A, 0x1E, 0x5F, 0x03, 0xF8, 0x85, 0x45, 0xD7, 0xF6, 0x2D, 0xEF, 0x83, 0x72,
    0xBF, 0x2E, 0x09, 0xC5, 0xA8, 0xD4, 0xAB, 0x25, 0xBC, 0x37, 0x41, 0x8B, 0x98, 0x5E, 0x7C, 0xAF,
    0x11, 0x01, 0xCF, 0x30, 0x10, 0x0C, 0x5A, 0x92, 0xD3, 0x49, 0x2D, 0x27, 0x30, 0x2A, 0xF6, 0xE8,
    0x35, 0x6B, 0x25, 0x84, 0x63, 0x60, 0x7A, 0xB9, 0xEE, 0xBF, 0x80, 0x9E, 0xD6, 0xEC, 0x73, 0x27,
    0xA4, 0xE9, 0x9D, 0xD1, 0x4A, 0xAF, 0x24, 0xE0, 0x33, 0xD4, 0x94, 0x62, 0xB7, 0x15, 0xDA, 0x4E,
    0xC3, 0xB3, 0xEB, 0x6B, 0x71, 0x69, 0x8D, 0xA2, 0xD6, 0x10, 0xDE, 0x0D, 0xD6, 0x39, 0x9E, 0xDC,
    0x7A, 0xE5, 0xF7, 0x51, 0xD9, 0xA3, 0x0D, 0x9A, 0x4B, 0xF5, 0xCA, 0x8D, 0xD3, 0x6B, 0xD6, 0x30,
    0x97, 0xC4, 0xCE, 0x9A, 0x41, 0xC7, 0xBC, 0x06, 0xD8, 0x7D, 0x2E, 0xAD, 0x6B, 0x61, 0xD7, 0x15,
    0x44, 0x2E, 0xCF, 0x8C, 0x8F, 0x1E, 0xBD, 0xF8, 0x2E, 0x5A, 0x4E, 0x59, 0x8F, 0xA1, 0x1F, 0xC4,
    0x9F, 0xB0, 0x1F, 0x66, 0x11, 0x29, 0x1D, 0x94, 0x12, 0x9E, 0x2E, 0x72, 0xAE, 0x73, 0x2E, 0x8F,
    0x5F, 0x0A, 0x09, 0x91, 0x1C, 0x36, 0x79, 0x66, 0x24, 0xD7, 0x14, 0xE8, 0x54, 0x96, 0x94, 0xEB,
    0x56, 0x91, 0xE9, 0xBA, 0x32, 0x4C, 0xC8, 0x22, 0xD1, 0x5C, 0x07, 0xC9, 0x8A, 0x0B, 0x61, 0xD1,
    0x69, 0x70, 0x1A, 0xE5, 0xE8, 0x6A, 0xE6, 0x63, 0x18, 0xBA, 0xC5, 0x38, 0x23, 0x69, 0x40, 0x65,
    0x18, 0x3B, 0x35, 0xFE, 0xFD, 0xD4, 0xA9, 0xB8, 0x64, 0xDD, 0x2A, 0xCC, 0x9D, 0xDA, 0xAD, 0x94,
    0x7E, 0xBE, 0xF4, 0xEE, 0x75, 0xB0, 0x0F, 0x0F, 0x3A, 0x1F, 0xC1, 0x30, 0xBF, 0xCF, 0xAE, 0x37,
    0xE8, 0x35, 0x55, 0x57, 0x3B, 0x95, 0xE0, 0x35, 0xA0, 0x02, 0xDC, 0x8A, 0x8B, 0xC1, 0xA0, 0xF4,
    0x0A, 0x00, 0xED, 0xF9, 0x45, 0xF0, 0x33, 0xF1, 0x4F, 0x8F, 0xBA, 0x22, 0xE0, 0x8C, 0x41, 0x7B,
    0xAF, 0xB7, 0x61, 0x1A, 0xEA, 0x59, 0x98, 0x46, 0x3A, 0x8E, 0xB4, 0x92, 0x38, 0x12, 0x40, 0x49,
    0x22, 0x33, 0xFC, 0x29, 0x59, 0x0C, 0x31, 0x6D, 0x2C, 0x33, 0xB7, 0x1E, 0xC9, 0xF1, 0xA4, 0x9C,
    0x62, 0xF4, 0x69, 0x26, 0x5D, 0xF3, 0xD8, 0x8E, 0xAB, 0x78, 0x1C, 0xC7, 0x35, 0xDA, 0x75, 0x5C,
    0xD9, 0x8E, 0xE3, 0xB2, 0xAE, 0x29, 0x26, 0x8E, 0x07, 0xFF, 0x54, 0xF6, 0x0E, 0xC6, 0x95, 0xCD,
    0x93, 0x71, 0x3D, 0x66, 0x6C, 0xD2, 0xF8, 0xBD, 0x46, 0xA2, 0x94, 0x72, 0x29, 0xF2, 0x98, 0xD2,
    0x5A, 0x00, 0x7F, 0x78, 0x95, 0x4F, 0x0D, 0x85, 0x39, 0x1C, 0xFA, 0x44, 0x63, 0xA2, 0x39, 0x41,
    0x06, 0x79, 0x62, 0x96, 0x23, 0x90, 0x46, 0x29, 0x80, 0x57, 0x22, 0xBA, 0x79, 0xC5, 0x2E, 0x29,
    0x8A, 0xDC, 0x74, 0xD8, 0x39, 0x03, 0xA4, 0xD3, 0x18, 0xE9, 0x42, 0x44, 0x3E, 0x33, 0x74, 0x4F,
    0x11, 0xA1, 0xEC, 0x04, 0x44, 0x57, 0x03, 0x1B, 0x93, 0x6B, 0xF0, 0x8F, 0x57, 0x03, 0x41, 0x8D,
    0x5E, 0x85, 0xEC, 0x4E, 0x42, 0x9C, 0x54, 0x68, 0xF7, 0x37, 0x25, 0xE6, 0xED, 0x57, 0x40, 0xF0,
    0x5E, 0xE1, 0x17, 0xE1, 0xF7, 0x72, 0x74, 0x28, 0x00, 0x66, 0x61, 0x1E, 0xE6, 0x0D, 0xBA, 0x73,
    0xB3, 0x02, 0xBE, 0x55, 0x44, 0x3A, 0x0A, 0x53, 0x25, 0x51, 0x02, 0x71, 0x07, 0x33, 0xF4, 0x29,
    0x6E, 0x24, 0x46, 0x3B, 0x44, 0x01, 0x25, 0x2E, 0x52, 0xC9, 0xD0, 0x2F, 0xE0, 0x98, 0x42, 0xED,
    0xF3, 0x82, 0x1C, 0x08, 0x27, 0x5A, 0x24, 0xE2, 0x02, 0x08, 0x6F, 0x31, 0x0E, 0x60, 0x3D, 0x89,
    0x43, 0x6F, 0xD3, 0x3F, 0x9C, 0x25, 0x8F, 0xA6, 0x0C, 0xF9, 0x5A, 0x20, 0x37, 0xB5, 0x1A, 0x48,
    0x38, 0x94, 0x19, 0x57, 0x65, 0x0B, 0x35, 0x38, 0xB5, 0xB5, 0x35, 0x63, 0xAB, 0x76, 0x2D, 0x34,
    0x8A, 0x13, 0x10, 0x03, 0xD3, 0x0C, 0x18, 0x35, 0x40, 0x52, 0x01, 0xAA, 0x04, 0xA2, 0xC1, 0x35,
    0x27, 0xBD, 0x81, 0x5C, 0x69, 0x81, 0x45, 0x45, 0xA4, 0xBD, 0x72, 0x00, 0x87, 0xCA, 0x71, 0x2B,
    0x4A, 0x20, 0x3C, 0x2A, 0x07, 0x5A, 0xD9, 0xC0, 0xA7, 0xBB, 0xF7, 0x73, 0x74, 0x23, 0xC8, 0xB9,
    0x88, 0xA0, 0x1C, 0x83, 0x7E, 0xAE, 0xD8, 0x5D, 0x42, 0x51, 0x18, 0xD5, 0x63, 0x40, 0xBD, 0x50,
    0x68, 0x6C, 0x30, 0x1E, 0x67, 0x3B, 0x4E, 0x25, 0x95, 0x1E, 0x1A, 0x88, 0xA4, 0x87, 0xB8, 0x2B,
    0xC0, 0x5B, 0x03, 0x3E, 0x11, 0x4E, 0x80, 0x48, 0x01, 0x71, 0x04, 0x4C, 0x89, 0xDB, 0xFC, 0x0E,
    0xC7, 0xEF, 0x56, 0x80, 0x57, 0xA0, 0x13, 0x81, 0xED, 0x0E, 0x10, 0x09, 0x90, 0x8C, 0x6F, 0x14,
    0x14, 0x57, 0xD0, 0x61, 0x52, 0x71, 0x76, 0x30, 0x76, 0xA5, 0x06, 0xB9, 0xFD, 0xA2, 0x5B, 0x2B,
    0x8D, 0x91, 0x27, 0x34, 0x6D, 0xBE, 0x9C, 0x5B, 0x1C, 0x8F, 0xC7, 0xFA, 0xE1, 0x4E, 0x13, 0x31,
    0x58, 0x18, 0xAC, 0x6A, 0x62, 0xC5, 0xE9, 0x59, 0x1A, 0x53, 0xD5, 0x14, 0x9F, 0x0E, 0x7A, 0x49,
    0xF7, 0xF5, 0xB2, 0x12, 0x35, 0xBE, 0xD1, 0x30, 0x2D, 0x29, 0x81, 0xB5, 0x71, 0x72, 0x8D, 0xB0,
    0x93, 0x82, 0x74, 0x68, 0x91, 0xD3, 0x44, 0xE1, 0x81, 0xD0, 0x9A, 0x03, 0xB5, 0x97, 0xAE, 0xD1,
    0x7D, 0x25, 0x01, 0x11, 0xE6, 0x74, 0x5A, 0xDA, 0x3F, 0x1D, 0xAF, 0xC4, 0x67, 0x03, 0x01, 0x03,
    0x02, 0x04, 0x9D, 0x10, 0x46, 0x10, 0xBD, 0x8B, 0x45, 0x94, 0x2A, 0x26, 0x18, 0x40, 0xC2, 0x59,
    0x38, 0xA1, 0x46, 0x5A, 0x2B, 0x77, 0xD1, 0xAD, 0xF5, 0xE5, 0x25, 0x14, 0x8C, 0x24, 0xE9, 0xC0,
    0x5B, 0x13, 0xCD, 0x56, 0x22, 0x50, 0xE1, 0x1F, 0x32, 0x01, 0x13, 0xC3, 0xD8, 0xB4, 0x35, 0x62,
    0x3B, 0xF8, 0x90, 0x99, 0x69, 0xAE, 0x35, 0x4D, 0x35, 0xA4, 0xB1, 0x5B, 0x6B, 0xB3, 0xE2, 0x59,
    0x42, 0x69, 0xEC, 0x31, 0x09, 0x8D, 0x81, 0x4A, 0x73, 0x38, 0x0B, 0x01, 0x9F, 0x59, 0x8D, 0x6F,
    0x9C, 0x42, 0x36, 0x1E, 0x89, 0x0C, 0x8D, 0x61, 0x91, 0x83, 0x34, 0x72, 0x8A, 0x3F, 0x29, 0xED,
    0xAB, 0xE0, 0x77, 0x2E, 0x2F, 0x9B, 0xA6, 0xDF, 0x98, 0x49, 0x04, 0xB6, 0xE0, 0x48, 0x6A, 0x09,
    0xF5, 0xD4, 0xAD, 0xC0, 0xCC, 0x2B, 0x19, 0xD1, 0x8C, 0xA9, 0xC1, 0x45, 0x61, 0xBC, 0x4D, 0xA4,
    0x41, 0x1A, 0xB3, 0x7F, 0xA7, 0x42, 0xEF, 0xBD, 0x0F, 0xCF, 0x32, 0xF4, 0x90, 0x13, 0xCE, 0x9E,
    0x54, 0x90, 0x78, 0xB3, 0x6C, 0x20, 0xC3, 0x2B, 0xD0, 0xF2, 0xDC, 0x2F, 0x32, 0x11, 0x7C, 0x1F,
    0x6C, 0xE0, 0xEA, 0x84, 0x91, 0x0F, 0xC1, 0x00, 0xCB, 0x22, 0x96, 0x00, 0x4E, 0x28, 0x46, 0x7F,
    0x23, 0x9D, 0x08, 0x43, 0x15, 0xE7, 0x84, 0x14, 0x99, 0x9C, 0x99, 0xC6, 0x60, 0xD1, 0xA7, 0x48,
    0xD7, 0xE6, 0x1C, 0xF1, 0x17, 0xC4, 0xDD, 0xD7, 0x82, 0xB5, 0x98, 0x85, 0x16, 0x86, 0x4F, 0x00,
    0xE1, 0xDC, 0x19, 0x77, 0x66, 0xB0, 0xA9, 0x55, 0xC5, 0x2E, 0x9E, 0x11, 0x63, 0xB0, 0x94, 0x43,
    0x73, 0x0E, 0xCE, 0xB0, 0x46, 0x5C, 0xAE, 0x5E, 0x51, 0xAB, 0xCB, 0xF6, 0xE0, 0x6E, 0xD1, 0x07,
    0x75, 0xB7, 0x64, 0x77, 0xEF, 0xD1, 0x21, 0x2D, 0xD9, 0xAD, 0xA8, 0x14, 0x3E, 0x97, 0x1A, 0x66,
    0x2E, 0x31, 0xFC, 0x46, 0xC6, 0xB6, 0x14, 0xA7, 0x89, 0xDE, 0x05, 0x8C, 0xD1, 0x18, 0x19, 0x82,
    0x33, 0xC3, 0xA9, 0x31, 0xF6, 0x0C, 0x0D, 0xF6, 0x64, 0x32, 0x42, 0x26, 0xC2, 0x1E, 0x92, 0x6C,
    0x5A, 0x5C, 0xD2, 0x26, 0x23, 0xF4, 0xA7, 0x19, 0x3D, 0x0F, 0x89, 0x46, 0x5A, 0x50, 0x0B, 0x4D,
    0x57, 0xC8, 0x19, 0xBF, 0xF7, 0x4C, 0x23, 0x54, 0x6E, 0x69, 0xA8, 0xD9, 0x3D, 0x76, 0x69, 0x09,
    0x6A, 0xE9, 0x44, 0x96, 0xA9, 0xBB, 0x46, 0x4F, 0x73, 0xDF, 0x30, 0xC4, 0x28, 0x3F, 0x29, 0x22,
    0x7C, 0xF1, 0x7F, 0xCA, 0x78, 0x2A, 0xCE, 0xC7, 0xD5, 0x14, 0x4A, 0xFB, 0xB8, 0xAA, 0x33, 0x08,
    0xFC, 0x75, 0xD5, 0x80, 0xF7, 0x8B, 0x1A, 0x62, 0x97, 0x69, 0x0D, 0xB1, 0x0B, 0xA7, 0x02, 0x63,
    0xB4, 0x1C, 0xE4, 0x87, 0x60, 0x98, 0x7E, 0xC5, 0xAC, 0x36, 0xF6, 0x2B, 0xD4, 0x96, 0xEC, 0x5D,
    0x24, 0xA4, 0x12, 0x09, 0x48, 0xBE, 0x10, 0x1B, 0x8E, 0x40, 0xDD, 0xDB, 0x03, 0x3B, 0x4B, 0xE0,
    0x0F, 0x4E, 0x43, 0x3F, 0x17, 0x36, 0xB2, 0x96, 0x16, 0x3E, 0xEC, 0x81, 0x01, 0xEC, 0x14, 0xE9,
    0x35, 0xFD, 0x45, 0x1E, 0x02, 0x0C, 0x1E, 0x21, 0x41, 0xEF, 0xC8, 0x08, 0x22, 0x40, 0xEF, 0xCE,
    0x63, 0x8B, 0x78, 0xE3, 0x17, 0x33, 0x8B, 0xCC, 0x08, 0x75, 0x99, 0xAB, 0x46, 0x74, 0x1F, 0x4B,
    0x64, 0x80, 0x4E, 0x63, 0x67, 0xCF, 0x84, 0x46, 0x26, 0x16, 0x80, 0xD2, 0xFD, 0xA4, 0x1B, 0xCC,
    0x89, 0x63, 0x20, 0xCD, 0xB8, 0x0C, 0x5B, 0x40, 0x03, 0x4A, 0x80, 0x84, 0x88, 0x09, 0xDB, 0xBC,
    0x35, 0xA9, 0x44, 0x02, 0x58, 0xC6, 0xDD, 0x65, 0x0A, 0x0B, 0x5A, 0x9B, 0x1A, 0x71, 0xA7, 0x3C,
    0x39, 0x1B, 0x5F, 0x7F, 0x68, 0x26, 0x11, 0x3C, 0x2A, 0x93, 0xD0, 0x0F, 0xCD, 0x24, 0x36, 0xE3,
    0x6D, 0x37, 0xE3, 0x5D, 0xD2, 0x88, 0xA9, 0x35, 0x38, 0xE7, 0xA3, 0x92, 0x2B, 0x90, 0x72, 0x8D,
    0xC6, 0x99, 0xA3, 0x03, 0x90, 0xEB, 0x12, 0x0C, 0xFF, 0x16, 0x61, 0x81, 0x28, 0xBA, 0x4C, 0xA1,
    0xEC, 0xB5, 0x00, 0xE5, 0x63, 0x96, 0x34, 0xFB, 0x95, 0xB1, 0x0C, 0x95, 0x71, 0xCE, 0x09, 0xDD,
    0xAB, 0x8C, 0xF5, 0x7E, 0x88, 0x9C, 0x13, 0xB3, 0x3D, 0x7C, 0x85, 0x7F, 0x3B, 0xFF, 0xED, 0x95,
    0x71, 0xD2, 0xA1, 0xD3, 0xC4, 0xEA, 0xCA, 0xF8, 0x84, 0xB5, 0xF6, 0xF4, 0xF7, 0x2A, 0xF4, 0xFC,
    0xA2, 0xC7, 0xD0, 0xD5, 0x87, 0x2B, 0xE1, 0xD2, 0x32, 0x54, 0x79, 0x56, 0xEF, 0x76, 0x0B, 0xA0,
    0xD9, 0x99, 0x64, 0xCD, 0x59, 0xA9, 0x09, 0x96, 0x50, 0xEC, 0x57, 0x21, 0x56, 0x6C, 0xCD, 0x20,
    0xD9, 0x24, 0x50, 0x49, 0x13, 0x13, 0x33, 0xE8, 0xA5, 0xC1, 0x9F, 0x52, 0xE3, 0x4F, 0xA7, 0xCA,
    0x04, 0xF6, 0x90, 0x39, 0xE8, 0x20, 0xE0, 0xE7, 0x73, 0x26, 0x81, 0xC9, 0xCD, 0x12, 0x16, 0x76,
    0xFF, 0xC3, 0x96, 0x76, 0x50, 0x61, 0x52, 0x99, 0x1B, 0x05, 0xBB, 0x49, 0x8F, 0x19, 0x3A, 0xE7,
    0x30, 0xA4, 0xC5, 0x62, 0x56, 0x68, 0xFE, 0x73, 0x2A, 0xD2, 0xAC, 0x37, 0x2E, 0x66, 0x46, 0xD1,
    0x02, 0x6C, 0xD9, 0x3B, 0x99, 0xD9, 0xA9, 0x6E, 0xC9, 0xA8, 0x26, 0xC3, 0x92, 0x8C, 0x0A, 0x32,
    0xA9, 0xC8, 0x55, 0x6D, 0xE6, 0xA3, 0xA5, 0xA4, 0x62, 0x66, 0xC6, 0x65, 0x33, 0x1F, 0x05, 0xB6,
    0x1C, 0xAA, 0xB1, 0x26, 0x09, 0x60, 0x4E, 0x25, 0xF5, 0x04, 0x29, 0x36, 0x53, 0x35, 0x9A, 0x96,
    0xC6, 0x80, 0x89, 0x62, 0x6D, 0xB3, 0x1D, 0x82, 0x19, 0x0F, 0x90, 0xD2, 0xC4, 0x89, 0x48, 0xD3,
    0x85, 0xB3, 0x19, 0x83, 0x84, 0xDD, 0x8F, 0xD9, 0xB6, 0xC1, 0x8C, 0x9A, 0x9F, 0x12, 0x19, 0xA5,
    0xB6, 0x92, 0x6C, 0xC0, 0x80, 0x83, 0x66, 0xE7, 0xE3, 0xEB, 0x67, 0x7A, 0xC1, 0xA5, 0xB5, 0x24,
    0xD8, 0xDF, 0x14, 0xF0, 0x89, 0x40, 0x4B, 0xF4, 0xFD, 0x10, 0x93, 0xB0, 0x3E, 0x12, 0xC9, 0x96,
    0x98, 0x8E, 0xF6, 0xD9, 0x46, 0x22, 0x4E, 0xA6, 0xB2, 0x59, 0x9C, 0x45, 0x42, 0x73, 0x66, 0x16,
    0x63, 0xC1, 0x19, 0x91, 0x29, 0x61, 0xFD, 0x89, 0xC5, 0x8C, 0x22, 0x13, 0x7D, 0xB5, 0x66, 0x34,
    0xA9, 0x37, 0xE9, 0xCA, 0x95, 0x97, 0x1E, 0xC3, 0x62, 0x51, 0xD5, 0xE3, 0x8F, 0x06, 0xD4, 0x52,
    0x7B, 0x88, 0xA1, 0xA8, 0xEA, 0x73, 0x45, 0x3B, 0x04, 0x5D, 0x30, 0xD9, 0xE4, 0x36, 0x7C, 0x6F,
    0x44, 0x6A, 0x56, 0xBD, 0x91, 0x9E, 0x0A, 0xDF, 0xCB, 0x24, 0x00, 0x5B, 0xE3, 0x11, 0x1B, 0xE1,
    0x7B, 0xE4, 0x08, 0x3A, 0x88, 0xF4, 0xCC, 0xA9, 0x58, 0xBB, 0x41, 0xB9, 0x78, 0xCF, 0x23, 0x21,
    0x4C, 0xF0, 0x86, 0x21, 0x37, 0x0F, 0xE2, 0xEB, 0x67, 0x37, 0x72, 0x31, 0x8A, 0x92, 0x8D, 0xA6,
    0x5A, 0x04, 0x10, 0x26, 0x56, 0x23, 0x2C, 0x82, 0x7C, 0xEA, 0x60, 0x25, 0xC0, 0xE4, 0x00, 0xB7,
    0x8A, 0x74, 0xC3, 0x75, 0x84, 0x6F, 0x2B, 0xF4, 0xB4, 0x4C, 0x60, 0x89, 0x05, 0x62, 0x8D, 0x09,
    0x38, 0x78, 0xDF, 0xAB, 0xF0, 0x3E, 0x3B, 0x99, 0x79, 0x05, 0xC0, 0x2E, 0xA2, 0x99, 0x48, 0x00,
    0xC5, 0xB6, 0x14, 0xDB, 0xC2, 0xAB, 0xA1, 0x06, 0x22, 0x1D, 0xBF, 0x7A, 0x6F, 0xF2, 0x77, 0x94,
    0x5C, 0x2F, 0x09, 0xC1, 0xF3, 0x4F, 0x44, 0x65, 0xE1, 0xAC, 0x1C, 0xFA, 0x8E, 0x0F, 0x0B, 0xF1,
    0x7F, 0xDA, 0xB1, 0x48, 0x9A, 0x60, 0x3E, 0x53, 0x11, 0x83, 0x2B, 0x93, 0x47, 0xA7, 0xF0, 0xF3,
    0x31, 0xB0, 0x64, 0xC3, 0x74, 0x95, 0xD2, 0x32, 0xCA, 0x32, 0xC3, 0x60, 0x7A, 0x63, 0x90, 0xBB,
    0xC6, 0xDE, 0x2C, 0xD0, 0x98, 0xC9, 0x16, 0x80, 0x13, 0xF1, 0x4F, 0x5F, 0x35, 0x8B, 0xAA, 0x04,
    0xD6, 0x36, 0x1E, 0x72, 0x8A, 0x40, 0x4C, 0x11, 0xE5, 0x3A, 0x20, 0xA7, 0x88, 0x74, 0x41, 0x4E,
    0x11, 0x65, 0x73, 0xB6, 0x47, 0x86, 0x33, 0x34, 0x42, 0x73, 0xF1, 0xBB, 0x46, 0x32, 0xB6, 0x65,
    0xA7, 0x48, 0x37, 0x26, 0x5C, 0x90, 0xC1, 0x1D, 0x4E, 0x51, 0x70, 0x87, 0x53, 0x14, 0xBC, 0xCD,
    0xC9, 0x09, 0xDF, 0x31, 0xBC, 0xC9, 0xC9, 0x89, 0x5E, 0x22, 0x17, 0x66, 0x8A, 0x5A, 0x9F, 0x53,
    0x54, 0x05, 0x9C, 0x22, 0x0D, 0x3E, 0xD6, 0x2E, 0x99, 0x7B, 0xEF, 0x9A, 0x29, 0xF8, 0x4A, 0xA2,
    0x1D, 0x0A, 0xBE, 0x04, 0x1A, 0xA5, 0x78, 0xA2, 0x0F, 0x5F, 0x4A, 0x00, 0xE6, 0xCD, 0xB6, 0xAC,
    0x68, 0x87, 0x82, 0xAF, 0x00, 0xD6, 0x6C, 0xAB, 0x2B, 0x86, 0xF8, 0xDC, 0x89, 0x63, 0xBC, 0x7C,
    0x45, 0x45, 0x62, 0x92, 0xF2, 0xDE, 0xC4, 0x3D, 0xA2, 0x37, 0x7B, 0x07, 0xC9, 0x15, 0x05, 0x17,
    0x5C, 0x19, 0x17, 0x54, 0x61, 0xCA, 0xCE, 0xD9, 0x9F, 0x72, 0x9B, 0x66, 0x6E, 0x23, 0xBE, 0x0F,
    0x85, 0xEC, 0x6E, 0xA7, 0x71, 0xEE, 0x0A, 0x98, 0x1D, 0xE6, 0xB2, 0x0E, 0x4E, 0x5B, 0x98, 0x11,
    0x2D, 0x5B, 0xC9, 0xC8, 0xAD, 0x62, 0x81, 0xD9, 0xCD, 0x80, 0x32, 0x23, 0xB0, 0x1E, 0xFD, 0xA2,
    0x91, 0xA9, 0x7F, 0x17, 0x5A, 0x0F, 0xF0, 0x7E, 0x1B, 0x76, 0x15, 0xF0, 0x46, 0x25, 0x0D, 0x92,
    0x54, 0xA7, 0x8E, 0x5E, 0xAA, 0x9C, 0x2A, 0x62, 0xA1, 0xA5, 0x98, 0xBF, 0x10, 0x45, 0xEC, 0x95,
    0x30, 0x61, 0xAE, 0xB1, 0x91, 0x7B, 0xB6, 0xC0, 0x9C, 0x21, 0x30, 0x66, 0xD6, 0xC7, 0x4F, 0x58,
    0x22, 0x77, 0x40, 0x78, 0x6F, 0x9C, 0x49, 0x42, 0x6F, 0x33, 0xB7, 0xA9, 0x84, 0x34, 0xE7, 0xF6,
    0x1F, 0x98, 0xA7, 0x5A, 0x9C, 0x18, 0x5F, 0x77, 0xEB, 0xD5, 0x52, 0x42, 0xAA, 0xDC, 0x59, 0x62,
    0xE4, 0x5C, 0x21, 0x12, 0x14, 0x54, 0x75, 0x8E, 0xE1, 0x27, 0x1C, 0xFE, 0x09, 0xD1, 0x42, 0x07,
    0x2E, 0x8C, 0x40, 0x9E, 0xE7, 0xBC, 0x2F, 0xF9, 0x57, 0x27, 0x02, 0x48, 0xB0, 0x32, 0x33, 0xFE,
    0x6E, 0xEE, 0xAC, 0xAF, 0xFF, 0x57, 0x8E, 0x40, 0x9A, 0xA4, 0x41, 0x21, 0xD1, 0x90, 0x52, 0x45,
    0xB2, 0x75, 0x54, 0xF4, 0x51, 0x03, 0x66, 0x04, 0xFD, 0xA0, 0xDB, 0xB2, 0xA4, 0xCF, 0xA0, 0xC9,
    0x8C, 0x96, 0x5C, 0x37, 0xE2, 0x30, 0x43, 0x64, 0x2D, 0xA3, 0xD9, 0xAB, 0x9C, 0x26, 0x89, 0xC9,
    0xE6, 0x5C, 0x9D, 0xF4, 0x96, 0xE3, 0x0E, 0x0E, 0x2B, 0xB8, 0xD3, 0x69, 0x09, 0xFF, 0x0D, 0xBA,
    0x0B, 0x4F, 0xB0, 0x14, 0xA2, 0x12, 0x23, 0x56, 0xA9, 0xCD, 0x65, 0x12, 0x8B, 0x98, 0x98, 0x13,
    0x5B, 0x07, 0x39, 0xA5, 0x41, 0x8E, 0xD8, 0x83, 0x98, 0x21, 0x00, 0x05, 0xFF, 0x66, 0x6B, 0xD4,
    0x33, 0xE6, 0xB3, 0x28, 0x19, 0x12, 0x29, 0xB6, 0xAB, 0x9C, 0xF5, 0xAB, 0x2D, 0x54, 0x95, 0x41,
    0x21, 0x53, 0x7A, 0x71, 0x85, 0x2F, 0xC4, 0xCE, 0x24, 0x87, 0xB5, 0xE9, 0xC5, 0x6F, 0x7E, 0x52,
    0xCE, 0xF0, 0xFF, 0xE9, 0x5B, 0xF9, 0xA1, 0x47, 0x57, 0x1A, 0x13, 0x74, 0x3A, 0x29, 0x4C, 0x36,
    0xB1, 0x30, 0x3B, 0x51, 0x29, 0x57, 0xB7, 0xB7, 0xBE, 0xDE, 0x7A, 0x26, 0xA4, 0xD9, 0x1A, 0xD8,
    0xAE, 0x04, 0xB8, 0xE3, 0x45, 0x97, 0x07, 0x28, 0xDE, 0x54, 0x61, 0xFF, 0x22, 0xB3, 0x9F, 0x1F,
    0x1D, 0xA3, 0xDD, 0xC5, 0xAD, 0x45, 0x01, 0x6F, 0x8D, 0xAE, 0xC0, 0xB8, 0xA2, 0x86, 0x85, 0x40,
    0x0A, 0x97, 0x52, 0x0A, 0x2B, 0x20, 0xAB, 0x8A, 0xD6, 0xBE, 0xCE, 0x38, 0x53, 0x8F, 0x60, 0x10,
    0x23, 0xEF, 0xEC, 0x68, 0x06, 0x43, 0x5F, 0x29, 0x2D, 0xAB, 0x04, 0xD6, 0xCA, 0xAC, 0x95, 0xA1,
    0x00, 0x2F, 0xB6, 0x34, 0x04, 0x7C, 0x89, 0x4A, 0xAE, 0x5A, 0xA1, 0x29, 0x22, 0x42, 0x33, 0x28,
    0x62, 0x91, 0x84, 0x1D, 0x2C, 0x84, 0x69, 0x2D, 0xC7, 0xBD, 0xE8, 0x6A, 0x07, 0xFD, 0x85, 0x56,
    0xE6, 0x0C, 0x64, 0xCC, 0x0E, 0xD1, 0xB7, 0xD5, 0x48, 0x8E, 0x1A, 0x6E, 0xF8, 0x2C, 0xBB, 0x33,
    0x39, 0x7E, 0xA5, 0x17, 0x2C, 0x5F, 0xE3, 0x5C, 0xD2, 0xB3, 0x44, 0x18, 0x37, 0x57, 0x03, 0x17,
    0x03, 0xAD, 0x36, 0x28, 0x3D, 0x8C, 0x59, 0x95, 0xCE, 0xD4, 0x2B, 0x66, 0x5A, 0x5E, 0xF4, 0x72,
    0x74, 0xFB, 0xC0, 0xCF, 0x2B, 0x30, 0xB8, 0x53, 0x92, 0x6F, 0x14, 0x60, 0x78, 0x13, 0x84, 0x42,
    0xF3, 0x9E, 0x87, 0x91, 0x0F, 0x4E, 0x15, 0x79, 0xFB, 0x80, 0xAC, 0x63, 0xD0, 0xA9, 0x46, 0xE0,
    0xF3, 0xE5, 0xA1, 0xF7, 0x33, 0x59, 0xC2, 0x85, 0xAF, 0x64, 0x2D, 0x53, 0xDA, 0xF8, 0xB3, 0xEC,
    0x78, 0x62, 0x46, 0x70, 0xBD, 0xDB, 0x44, 0xF1, 0x74, 0xBB, 0x70, 0xA9, 0x75, 0xE7, 0x3A, 0xDD,
    0x62, 0x97, 0x13, 0xDB, 0x53, 0x8D, 0x63, 0x62, 0x26, 0x7F, 0xC4, 0xB1, 0x24, 0xC6, 0x51, 0x9C,
    0x1E, 0x55, 0x34, 0xB9, 0xDC, 0x1E, 0x76, 0xF8, 0x7D, 0x54, 0x27, 0xB6, 0x51, 0x7D, 0x24, 0xA1,
    0x89, 0xEA, 0xFC, 0x9A, 0xB2, 0x60, 0x40, 0xEF, 0xA3, 0xBA, 0xB5, 0x2A, 0x96, 0xFA, 0x7C, 0x9D,
    0xBD, 0x49, 0x2A, 0x51, 0xFF, 0xFE, 0x09, 0x17, 0xDB, 0x7B, 0x58, 0x67, 0x6B, 0xFA, 0x1F, 0xF3,
    0x1C, 0xE0, 0x1F, 0x89, 0xB7, 0x5B, 0x97, 0xE3, 0xED, 0xD6, 0xA5, 0x0C, 0xCF, 0xD3, 0xEC, 0x46,
    0x1F, 0x4B, 0x8E, 0xE9, 0x0E, 0x1B, 0x6E, 0x40, 0x32, 0xCB, 0x09, 0x0A, 0xC0, 0x14, 0xAA, 0x09,
    0x37, 0x90, 0x5A, 0xA0, 0x2B, 0xE9, 0x51, 0x4D, 0x20, 0x69, 0x88, 0xCC, 0x2E, 0x2B, 0xBB, 0xD4,
    0x46, 0xD4, 0xF5, 0x8C, 0xB9, 0xDB, 0x54, 0x82, 0xC6, 0x96, 0xCB, 0xDC, 0x17, 0x69, 0x89, 0x86,
    0x7B, 0x79, 0x35, 0x33, 0x57, 0x83, 0x0A, 0x92, 0x5C, 0x56, 0x7F, 0x06, 0x2C, 0x55, 0x88, 0x30,
    0x35, 0x35, 0x1F, 0x4B, 0x3E, 0x33, 0x46, 0x62, 0xC4, 0x31, 0x66, 0xC0, 0x17, 0xB9, 0x29, 0x93,
    0x30, 0xD5, 0x4A, 0xE8, 0x53, 0xBC, 0x06, 0xA3, 0xF1, 0x30, 0x57, 0xA5, 0xDF, 0x4A, 0x52, 0x04,
    0x2B, 0x59, 0x16, 0xC1, 0x8F, 0x9D, 0x4F, 0xF2, 0xF0, 0x87, 0xDE, 0x7F, 0xE6, 0xE1, 0xCB, 0xFE,
    0xBB, 0xC0, 0xCB, 0x2F, 0xA7, 0x51, 0xF0, 0x93, 0x30, 0x55, 0x7E, 0x1B, 0x6A, 0xE5, 0x35, 0xA1,
    0xC4, 0xCC, 0x09, 0x46, 0x6E, 0x01, 0x7F, 0xEC, 0xE4, 0x07, 0xF4, 0x01, 0x31, 0x31, 0xE2, 0x50,
    0x0E, 0x39, 0xA8, 0xA9, 0x98, 0x3C, 0xCF, 0xD9, 0xCF, 0xF3, 0xB4, 0x57, 0x30, 0xCF, 0x03, 0xC4,
    0xBF, 0x3B, 0x9E, 0xD0, 0x40, 0x3A, 0x62, 0x6D, 0x66, 0x81, 0x98, 0x3D, 0x6C, 0x2A, 0x18, 0x8B,
    0x83, 0x35, 0x83, 0x7C, 0xE9, 0xAD, 0x6F, 0xD4, 0x41, 0x29, 0x59, 0x84, 0xEF, 0x25, 0x76, 0x59,
    0x25, 0xC7, 0xF8, 0x50, 0x9D, 0x2C, 0x03, 0xF1, 0x99, 0xB5, 0x76, 0xC9, 0xB6, 0x53, 0xBA, 0x1A,
    0x09, 0x4A, 0x75, 0xBA, 0xCC, 0x11, 0xDF, 0x59, 0x0D, 0xD1, 0xC1, 0x00, 0x15, 0x34, 0xEB, 0xFE,
    0xEA, 0xB4, 0x13, 0xF7, 0x3E, 0xA7, 0x8F, 0x3E, 0xB4, 0xCF, 0x0C, 0x22, 0xD9, 0x49, 0x47, 0x31,
    0xF1, 0x44, 0x6F, 0x2C, 0x33, 0x9B, 0x89, 0x46, 0x32, 0xA4, 0xA3, 0xDB, 0x1E, 0x4E, 0x03, 0x18,
    0x7C, 0xC6, 0xB4, 0xA5, 0x3D, 0x9B, 0xE4, 0x72, 0x3F, 0xC5, 0xF2, 0x5F, 0xB3, 0xD2, 0x63, 0xC0,
    0x18, 0x6A, 0xEB, 0xFD, 0xD3, 0x98, 0xA1, 0xB6, 0xA6, 0xE7, 0x0F, 0x2A, 0x59, 0x48, 0xF8, 0xE3,
    0xEB, 0x88, 0x44, 0x6F, 0x76, 0x98, 0xB6, 0x6F, 0x74, 0x29, 0xA5, 0x09, 0xB1, 0x57, 0xE9, 0x8D,
    0xB6, 0x95, 0x9E, 0xBF, 0xD6, 0xF0, 0x3A, 0x25, 0xBC, 0x6D, 0x03, 0xB1, 0xF4, 0xB6, 0x5F, 0xE7,
    0xF2, 0x4D, 0x36, 0xAF, 0xCE, 0x37, 0x2F, 0x4E, 0xB7, 0x9F, 0xDB, 0xB4, 0x6E, 0x05, 0xF5, 0xC0,
    0x71, 0xA7, 0x7E, 0x47, 0xF5, 0xA2, 0x3F, 0x1F, 0x34, 0x70, 0x3A, 0xEF, 0xAF, 0x92, 0xC6, 0xFB,
    0xEF, 0xF9, 0x3F, 0xB7, 0x7E, 0xA5, 0x72, 0xE4, 0x77, 0x4A, 0x67, 0x4C, 0xED, 0x6E, 0x87, 0xE9,
    0x81, 0x34, 0xCC, 0x4D, 0x11, 0x98, 0x09, 0x39, 0x44, 0x8C, 0xE5, 0xB9, 0x94, 0x62, 0xEE, 0x79,
    0x20, 0xB7, 0xBD, 0x92, 0x39, 0x67, 0x31, 0x62, 0x7E, 0x7B, 0x28, 0x08, 0x87, 0x53, 0x07, 0xC8,
    0x98, 0x35, 0x42, 0x24, 0x46, 0x9E, 0x59, 0x6C, 0x6B, 0x03, 0x0C, 0x9F, 0xFB, 0x19, 0xBB, 0x86,
    0x93, 0x6E, 0x0D, 0x07, 0x50, 0xC3, 0x22, 0xA3, 0x6B, 0x72, 0x97, 0xE2, 0xAE, 0x8E, 0x62, 0xA1,
    0xAF, 0x66, 0x81, 0xB6, 0x9B, 0x1D, 0xA1, 0x9D, 0xCF, 0x31, 0xB1, 0x48, 0xEE, 0x62, 0x06, 0x42,
    0xBA, 0x52, 0x07, 0xBE, 0x94, 0xCF, 0x33, 0x9A, 0x2B, 0x2A, 0xB7, 0xF1, 0x84, 0x53, 0xB9, 0xC1,
    0xAE, 0x72, 0x4F, 0xE2, 0x44, 0xBB, 0xDD, 0x49, 0x97, 0xFB, 0xA7, 0xDD, 0x0F, 0x0A, 0x6C, 0x39,
    0x78, 0x25, 0xF2, 0x6F, 0xE6, 0xC1, 0x19, 0xC7, 0xC6, 0x01, 0x32, 0x23, 0x36, 0x03, 0x9C, 0x62,
    0x80, 0xC5, 0x30, 0x40, 0x80, 0x19, 0x31, 0xB3, 0xF6, 0xCC, 0xC7, 0xFB, 0xF3, 0xC9, 0xBD, 0x13,
    0x49, 0xEE, 0xFF, 0xA2, 0x95, 0xF0, 0xFD, 0x77, 0x4B, 0x73, 0xE8, 0x63, 0x25, 0x7E, 0x99, 0x48,
    0x42, 0x4A, 0xFD, 0xC8, 0x4C, 0x5C, 0x7F, 0x6C, 0x85, 0xA9, 0x08, 0x6A, 0x84, 0xBC, 0xA4, 0x75,
    0x57, 0xCD, 0xBF, 0x9C, 0x84, 0xE5, 0x6B, 0x65, 0x1C, 0xEA, 0x79, 0x7E, 0xF0, 0x19, 0x59, 0x68,
    0x13, 0x85, 0xBF, 0x20, 0xB2, 0x18, 0xCA, 0xF2, 0x63, 0x62, 0x25, 0xF8, 0x97, 0xB4, 0x77, 0x67,
    0x25, 0xCF, 0xDD, 0xF6, 0x8E, 0x51, 0x40, 0x06, 0x07, 0x61, 0x79, 0xF2, 0x5D, 0xB5, 0xD0, 0x8B,
    0x36, 0x5A, 0x49, 0x84, 0x20, 0x42, 0x13, 0x9E, 0xD1, 0x84, 0xA7, 0xEC, 0x00, 0xB7, 0xB8, 0x98,
    0x91, 0x6C, 0xB6, 0xB9, 0x6A, 0x49, 0xAC, 0xAB, 0x83, 0xF6, 0x47, 0x9C, 0x9D, 0x19, 0xFD, 0xDD,
    0x94, 0xEA, 0x46, 0x78, 0x23, 0xC2, 0x02, 0x50, 0x6F, 0xEB, 0xB9, 0xFC, 0xEB, 0xBB, 0x79, 0xF2,
    0x0F, 0xEF, 0x7F, 0xA4, 0x55, 0xF7, 0xED, 0x4E, 0xFC, 0x33, 0x97, 0xFD, 0x97, 0x90, 0x78, 0x81,
    0x78, 0x11, 0x7D, 0x4C, 0x47, 0x9C, 0x99, 0x43, 0x91, 0x7B, 0x74, 0x5E, 0xD5, 0xD5, 0xD2, 0xAC,
    0x61, 0x2E, 0x90, 0x11, 0xC4, 0xCC, 0xF0, 0xAF, 0x68, 0x07, 0xB0, 0x00, 0x13, 0x40, 0x5B, 0x34,
    0x9E, 0x49, 0x52, 0x2C, 0xFE, 0xFE, 0x93, 0x5C, 0x21, 0x0D, 0xF2, 0xD7, 0x21, 0x03, 0x8C, 0x99,
    0x20, 0xFB, 0xE1, 0xCC, 0x28, 0x7E, 0x58, 0xF1, 0x18, 0xBB, 0x23, 0x7A, 0xBB, 0x33, 0x35, 0x0F,
    0x0C, 0xD3, 0x35, 0x76, 0x67, 0xA7, 0x65, 0x24, 0x95, 0x67, 0xED, 0x6E, 0xBA, 0x99, 0x96, 0x20,
    0x6D, 0x58, 0xAD, 0x34, 0xA6, 0x50, 0x09, 0xCB, 0x44, 0xAF, 0xFE, 0xFA, 0xE3, 0x8F, 0x64, 0xF9,
    0x71, 0xF7, 0x43, 0x51, 0xE9, 0x09, 0xCC, 0x8B, 0xB5, 0x8B, 0xA9, 0xB1, 0x6A, 0x30, 0x16, 0x9A,
    0xE1, 0xC8, 0xA1, 0x09, 0x92, 0xDC, 0xCE, 0x36, 0x34, 0xCE, 0x01, 0x25, 0x0F, 0xD8, 0x80, 0x78,
    0xDB, 0xA7, 0x6B, 0x20, 0xF1, 0x5E, 0x00, 0x9A, 0x13, 0x9B, 0x43, 0xB8, 0xC9, 0x3F, 0x87, 0x33,
    0xA8, 0x92, 0x23, 0x89, 0x5F, 0xAC, 0x3F, 0x9A, 0x49, 0x52, 0x77, 0x6F, 0x72, 0xA4, 0xF3, 0xA0,
    0x15, 0x3E, 0x87, 0xE7, 0xF8, 0x9A, 0x40, 0x91, 0xF2, 0x16, 0x03, 0xC4, 0x2F, 0xB9, 0xFF, 0x7D,
    0xD5, 0x86, 0x88, 0x49, 0x6E, 0x2B, 0x6E, 0xD5, 0xD2, 0xCD, 0x1A, 0xCF, 0xE6, 0xD7, 0x7D, 0xCE,
    0x6D, 0x4C, 0x49, 0xA9, 0x5A, 0x24, 0xE6, 0xB2, 0xED, 0x6E, 0x2D, 0xCD, 0x84, 0xA6, 0xEC, 0xAC,
    0x5D, 0x3F, 0x40, 0x44, 0x28, 0x73, 0x6A, 0x24, 0x82, 0x1C, 0x4C, 0x98, 0x8C, 0xD1, 0x8D, 0x6A,
    0xEA, 0x97, 0x4A, 0x24, 0x44, 0x04, 0x4A, 0x14, 0x87, 0xC0, 0x0A, 0x8E, 0x4A, 0x68, 0x72, 0x09,
    0x6D, 0x25, 0xF9, 0xCA, 0x2B, 0x12, 0xB8, 0xFC, 0x1C, 0x99, 0x26, 0x34, 0x29, 0x31, 0x34, 0x09,
    0xA4, 0x48, 0xFB, 0x42, 0x60, 0x0A, 0x7D, 0x48, 0x83, 0xA0, 0xC2, 0x98, 0x10, 0x75, 0x45, 0x24,
    0xCF, 0xAE, 0x21, 0xAD, 0x9F, 0x3D, 0x7E, 0xA2, 0x73, 0xB3, 0x97, 0xC0, 0x7B, 0xC7, 0x48, 0xD4,
    0x92, 0x32, 0x2A, 0x17, 0x98, 0x7B, 0xDA, 0x58, 0x66, 0x3F, 0x4C, 0xA2, 0x8A, 0x39, 0x4B, 0xA6,
    0xBF, 0x5D, 0x6E, 0x93, 0xA8, 0xE8, 0x8C, 0x91, 0x2F, 0xF5, 0xCF, 0x26, 0x25, 0x87, 0x14, 0x9C,
    0x4F, 0xD6, 0xAE, 0x8C, 0x5B, 0x93, 0xAB, 0x2C, 0xF0, 0xE1, 0xF8, 0x18, 0x2C, 0xD1, 0xD6, 0x77,
    0x84, 0xE7, 0x05, 0x51, 0xCE, 0x64, 0x2C, 0x62, 0xD0, 0xC4, 0x3A, 0x77, 0x4B, 0x67, 0x09, 0x17,
    0x12, 0x74, 0x70, 0xB3, 0xD1, 0xCF, 0x2B, 0xAF, 0x30, 0xD3, 0x85, 0x9E, 0xFB, 0x79, 0xCB, 0x72,
    0xB5, 0xC1, 0x18, 0x70, 0xEB, 0xA5, 0x66, 0xF1, 0x40, 0xA0, 0xFE, 0xA5, 0x83, 0x8E, 0xE0, 0x96,
    0x6D, 0xDD, 0x70, 0x60, 0x4A, 0x06, 0xCE, 0xEB, 0xC8, 0x39, 0x5B, 0x60, 0xCE, 0x20, 0x73, 0xCA,
    0x92, 0xC1, 0xE6, 0x94, 0x4C, 0x62, 0x65, 0x3D, 0x86, 0x0C, 0x66, 0xF7, 0xC6, 0x57, 0xB1, 0xE4,
    0x22, 0x58, 0x23, 0x02, 0x6E, 0x23, 0xB3, 0xCD, 0x61, 0x77, 0x40, 0xA8, 0x5B, 0xC0, 0x82, 0xA3,
    0x69, 0x01, 0x0F, 0xB2, 0xE5, 0x2A, 0x63, 0xFA, 0x92, 0x13, 0xB7, 0x16, 0x40, 0xE4, 0xAF, 0x8C,
    0x1F, 0xB3, 0x43, 0x9E, 0x6E, 0x2C, 0xE5, 0xC5, 0xFE, 0x2C, 0xF9, 0x89, 0x25, 0x98, 0x30, 0xC8,
    0xB5, 0xF9, 0x44, 0x39, 0xDC, 0xC4, 0x9D, 0x56, 0xEC, 0xF3, 0x64, 0x65, 0xFC, 0xF1, 0x4E, 0xAC,
    0x62, 0x75, 0x4C, 0xF4, 0x1E, 0xBB, 0x19, 0x60, 0xA2, 0x72, 0xFD, 0xC8, 0xA8, 0xEC, 0x5F, 0x1C,
    0x95, 0xA7, 0xBB, 0x51, 0xB9, 0x39, 0x1F, 0x95, 0x8D, 0x2A, 0x3F, 0x4B, 0xBD, 0xAA, 0x6F, 0x02,
    0xE1, 0x7B, 0xCC, 0xFE, 0x3F, 0xE1, 0x32, 0xEA, 0xF2, 0x3E, 0xA2, 0x4A, 0x4A, 0x03, 0x12, 0xCA,
    0x30, 0xA6, 0x9B, 0xF4, 0xCB, 0x93, 0xCF, 0x93, 0xAB, 0x40, 0xF6, 0x63, 0xF4, 0xD7, 0xFA, 0x18,
    0xCD, 0x1B, 0x49, 0x0B, 0x63, 0xD3, 0xCD, 0xF9, 0x18, 0x4D, 0xB7, 0x9C, 0x3F, 0x18, 0xA3, 0xD1,
    0x58, 0x61, 0xAF, 0x2F, 0xD1, 0xF4, 0x58, 0x58, 0x86, 0xFD, 0x89, 0x28, 0x51, 0x01, 0x2E, 0x24,
    0xD1, 0xEA, 0x52, 0xBE, 0xDC, 0x0C, 0xD9, 0x7A, 0x6C, 0xC0, 0x6C, 0x7D, 0x44, 0xA9, 0xCC, 0xD6,
    0x6F, 0x98, 0xAD, 0xAC, 0xC2, 0x1E, 0x9B, 0x61, 0x76, 0xED, 0x87, 0xAF, 0xF3, 0xB3, 0x7D, 0xE8,
    0x3D, 0xF0, 0x29, 0xE5, 0xCA, 0xAB, 0x85, 0x55, 0x14, 0xAB, 0x8A, 0x60, 0x58, 0xEF, 0xE7, 0xBD,
    0xF5, 0x97, 0x4D, 0x66, 0x1B, 0xA3, 0x81, 0x51, 0x50, 0xCA, 0x54, 0xA5, 0x32, 0xE3, 0x56, 0x68,
    0x6D, 0x4F, 0xD6, 0x16, 0x1E, 0x34, 0x06, 0x67, 0xB6, 0x44, 0x98, 0xEE, 0x82, 0xEA, 0xA9, 0xC8,
    0x10, 0x96, 0xF0, 0x9B, 0x60, 0xB9, 0x1C, 0xF0, 0xC0, 0x78, 0x1A, 0x0B, 0xF8, 0x13, 0x63, 0x26,
    0x46, 0x6F, 0x3D, 0xCE, 0x2B, 0x74, 0x77, 0x4F, 0x6F, 0xE7, 0x9C, 0xB4, 0xCF, 0x21, 0x0C, 0x44,
    0x3E, 0x37, 0x1C, 0x7E, 0x84, 0x79, 0x8C, 0x2F, 0x55, 0x23, 0xAA, 0x71, 0x46, 0xF9, 0x19, 0xA0,
    0x9A, 0xE1, 0x9E, 0x57, 0xD7, 0x82, 0xBE, 0xE5, 0x5D, 0x12, 0x31, 0xCA, 0x34, 0x59, 0x93, 0xBA,
    0x3E, 0x01, 0x9D, 0x4F, 0x98, 0xFB, 0x39, 0xEB, 0xA3, 0x5C, 0x22, 0xB7, 0x41, 0x0F, 0x0E, 0x4C,
    0xCA, 0x38, 0x32, 0x39, 0x23, 0x2A, 0x42, 0x30, 0xF3, 0x72, 0x3F, 0x67, 0xD0, 0x63, 0xDE, 0x84,
    0x54, 0x25, 0x7D, 0xBE, 0x70, 0xCF, 0x96, 0xDC, 0x94, 0x46, 0xD3, 0x0C, 0x1F, 0xA5, 0xD0, 0x81,
    0x61, 0x0C, 0x04, 0xDE, 0x82, 0x46, 0xC3, 0x94, 0xE0, 0xF1, 0x4A, 0xF8, 0x6D, 0x44, 0xC5, 0x30,
    0x41, 0x46, 0xA7, 0xFE, 0xB1, 0xE5, 0x61, 0xF7, 0x0C, 0x90, 0x98, 0x67, 0xB9, 0x23, 0x25, 0x23,
    0x19, 0x1D, 0x60, 0x15, 0x4C, 0x63, 0x66, 0xF8, 0x23, 0xA8, 0xBA, 0x39, 0x94, 0xE4, 0x07, 0xD5,
    0x94, 0x45, 0x60, 0x06, 0x0B, 0x7B, 0xAA, 0xEB, 0xFA, 0xD1, 0xD9, 0xB6, 0x38, 0xE9, 0xCE, 0x41,
    0x6E, 0xA4, 0x7B, 0x03, 0x7F, 0x8D, 0x78, 0x8E, 0x10, 0x79, 0xAA, 0xF5, 0xD9, 0x8F, 0xFA, 0x0E,
    0x38, 0x84, 0xD4, 0xC4, 0x94, 0x38, 0xDC, 0xF6, 0xE0, 0xE9, 0x97, 0xC0, 0x4E, 0xE9, 0x94, 0xE7,
    0x4F, 0x34, 0xCE, 0x8E, 0x34, 0xB7, 0xBC, 0xFB, 0x6D, 0xFD, 0xFE, 0xB9, 0xC4, 0xFC, 0xFB, 0xC9,
    0xE9, 0xE0, 0xCF, 0xA8, 0x83, 0x5F, 0x51, 0x07, 0xEF, 0xEC, 0xE8, 0xC0, 0x3C, 0xA3, 0x41, 0xF5,
    0xDB, 0xE3, 0xA6, 0xDB, 0xC4, 0xE3, 0x9F, 0x36, 0x8E, 0xC7, 0x47, 0xE6, 0x3C, 0x21, 0x35, 0x60,
    0xD8, 0x7E, 0xD8, 0x69, 0xA3, 0x77, 0xE1, 0x69, 0xE3, 0x6E, 0xC9, 0x5A, 0xEC, 0x96, 0xAC, 0x27,
    0xE3, 0xF1, 0x82, 0x6D, 0xE3, 0x59, 0x3F, 0xAA, 0x64, 0xDD, 0x77, 0x44, 0xFD, 0x85, 0x97, 0x4B,
    0xBB, 0x1F, 0xC3, 0xB8, 0x3E, 0x04, 0x41, 0x7E, 0xA6, 0xDC, 0x73, 0xF6, 0xF9, 0xB9, 0x3B, 0x7E,
    0x85, 0xA2, 0xB6, 0x79, 0xFC, 0x6E, 0x26, 0xC8, 0x4F, 0xCC, 0x4F, 0xFF, 0xC5, 0x3E, 0x60, 0xF6,
    0x8D, 0x9B, 0xD3, 0x95, 0xA4, 0x63, 0x24, 0xE0, 0x3D, 0x96, 0x47, 0x5F, 0x16, 0x5D, 0x98, 0x23,
    0x0D, 0xE2, 0x8B, 0xBC, 0xF2, 0xB4, 0xAF, 0x85, 0x87, 0x79, 0xEF, 0x41, 0x0B, 0x94, 0x5B, 0x12,
    0x05, 0xE5, 0xEA, 0xDE, 0xB7, 0xED, 0x18, 0x13, 0xC0, 0x9E, 0x6D, 0x70, 0xE5, 0x0C, 0xD2, 0x9C,
    0x3E, 0x74, 0xEC, 0xC9, 0x2D, 0x7A, 0x98, 0x59, 0xB2, 0x38, 0x63, 0xCB, 0xBB, 0xBB, 0xF6, 0x17,
    0x77, 0x17, 0x85, 0x5E, 0xF0, 0x91, 0xBD, 0x3D, 0xD5, 0x4A, 0xF8, 0x4B, 0xBB, 0x8B, 0x9C, 0x10,
    0x8A, 0xDD, 0x8D, 0xB4, 0xD2, 0x8F, 0x3A, 0xC4, 0xEA, 0x3B, 0x5C, 0xB4, 0x4C, 0x90, 0x01, 0x59,
    0xF7, 0xC7, 0x9A, 0xB4, 0x55, 0xCE, 0x17, 0x3F, 0x38, 0x63, 0xBE, 0x36, 0x44, 0xD9, 0x21, 0xD2,
    0x3E, 0x27, 0xE1, 0xB7, 0xBA, 0x34, 0x52, 0x5D, 0xA9, 0x6E, 0xFB, 0xB5, 0xCA, 0xCD, 0x05, 0xB4,
    0x7A, 0x53, 0xC5, 0x55, 0x33, 0x71, 0xFB, 0x2A, 0xAE, 0x14, 0x7E, 0xBE, 0xC4, 0xB4, 0x88, 0x6B,
    0xFC, 0x6F, 0x72, 0x09, 0x3F, 0xE2, 0x2E, 0xB0, 0x66, 0x7D, 0xCA, 0x9E, 0x30, 0xC9, 0x90, 0xA9,
    0x53, 0x83, 0x99, 0xDB, 0x1F, 0x4C, 0x99, 0xA3, 0x22, 0xB0, 0xE6, 0xE2, 0xFB, 0x46, 0x1D, 0x69,
    0xB0, 0xE2, 0xCA, 0x7B, 0xA3, 0x9A, 0x81, 0x37, 0xD1, 0xB2, 0x04, 0x3F, 0xBF, 0xC7, 0xB4, 0x9E,
    0x13, 0x62, 0x4F, 0x68, 0x44, 0xE1, 0xD2, 0x10, 0xDA, 0xE4, 0x71, 0x8A, 0x1C, 0x87, 0x39, 0x53,
    0x68, 0x14, 0x75, 0xE2, 0xA2, 0x95, 0x96, 0x79, 0xA7, 0x66, 0x25, 0x11, 0x49, 0xC6, 0xF5, 0x0C,
    0xC1, 0x3C, 0xAB, 0x5C, 0x54, 0x54, 0x4B, 0x52, 0xC5, 0x64, 0xBF, 0x92, 0xC8, 0xC2, 0x30, 0x27,
    0x7D, 0xD2, 0xDE, 0x4A, 0xA9, 0x5D, 0x64, 0xBC, 0x52, 0x85, 0xB5, 0x1C, 0x39, 0xD5, 0xC1, 0x2B,
    0x82, 0x62, 0x00, 0xFE, 0x24, 0xFC, 0x66, 0x39, 0x05, 0x5F, 0x2A, 0xDF, 0x22, 0x8B, 0x6A, 0x60,
    0xD7, 0x59, 0x32, 0x72, 0x04, 0x6F, 0x80, 0x07, 0x21, 0x39, 0x0A, 0xBF, 0x89, 0xE6, 0x0F, 0xF1,
    0x35, 0x91, 0x2C, 0x74, 0x91, 0xCE, 0xD4, 0x91, 0x73, 0x0F, 0xF2, 0x95, 0x74, 0x92, 0xE8, 0x03,
    0xBB, 0xC4, 0x24, 0x32, 0x3C, 0x38, 0xC7, 0x91, 0xE1, 0x57, 0xF7, 0xEF, 0x30, 0xD1, 0xA3, 0x7E,
    0x69, 0x63, 0x2F, 0xBB, 0x87, 0xE5, 0x7E, 0xB9, 0xB1, 0xE7, 0xF1, 0x09, 0x95, 0x55, 0x12, 0xF6,
    0x6A, 0x3A, 0x11, 0xF5, 0xD6, 0xBE, 0x83, 0xCF, 0xD3, 0x9D, 0x25, 0x29, 0xF7, 0x99, 0x6A, 0x17,
    0x9A, 0xE3, 0x30, 0x78, 0xE0, 0xB4, 0xE7, 0x2D, 0x08, 0x1A, 0xC4, 0x63, 0xEF, 0x0F, 0x57, 0x0F,
    0xEC, 0x0F, 0xB3, 0x72, 0x39, 0xE6, 0x20, 0xB9, 0xDD, 0xE8, 0xD7, 0x56, 0x67, 0x4E, 0x47, 0x91,
    0x41, 0xB1, 0x15, 0x44, 0xE8, 0x1E, 0x9C, 0x52, 0x06, 0xEC, 0x12, 0x08, 0x73, 0x1A, 0x90, 0x36,
    0xF7, 0x6F, 0x00, 0xFE, 0x95, 0xD3, 0xF4, 0x37, 0x36, 0x82, 0x82, 0xD3, 0x9E, 0x8A, 0x7F, 0xBA,
    0xA0, 0xA5, 0x98, 0x5E, 0xB4, 0x40, 0x1A, 0x13, 0x89, 0xF4, 0xAB, 0xC5, 0x9E, 0x7B, 0xE5, 0xD6,
    0x55, 0x27, 0x6C, 0x38, 0xA6, 0x88, 0x19, 0x14, 0x90, 0xCF, 0xC4, 0x61, 0x52, 0x23, 0xCB, 0xDD,
    0x3E, 0xF4, 0xDB, 0x42, 0x84, 0xB7, 0xA9, 0xEB, 0xDA, 0x3E, 0x5A, 0x32, 0x3C, 0xE6, 0x61, 0x0E,
    0x19, 0x3C, 0x75, 0xD7, 0x50, 0x41, 0x74, 0xAB, 0x05, 0x68, 0xB0, 0x8A, 0x33, 0x91, 0xE0, 0x35,
    0x46, 0x0A, 0x22, 0xDB, 0x1C, 0xD9, 0x4C, 0x6D, 0x9C, 0x8B, 0x34, 0x10, 0x6E, 0xAE, 0x62, 0xE1,
    0xA9, 0x76, 0x13, 0xD0, 0xDE, 0x13, 0xCC, 0xD0, 0x08, 0x49, 0xFD, 0x66, 0xDB, 0x8B, 0x54, 0x56,
    0x37, 0xD2, 0xFC, 0x65, 0x90, 0x83, 0x6F, 0x61, 0xEC, 0x4E, 0x5D, 0x27, 0xFC, 0x72, 0x35, 0x33,
    0xC4, 0x8B, 0xDE, 0xAF, 0x7F, 0xDD, 0x2F, 0x1F, 0x92, 0xFB, 0x5E, 0xEF, 0xB1, 0xF4, 0x09, 0xDE,
    0x79, 0xA7, 0x22, 0xB9, 0x88, 0xC2, 0x9F, 0xE6, 0x0D, 0xF8, 0xBD, 0xB4, 0x05, 0x5F, 0xC7, 0xF2,
    0x31, 0x59, 0x0E, 0xC8, 0x1E, 0x9B, 0x54, 0xF6, 0x15, 0xCA, 0x8F, 0x2A, 0x32, 0x60, 0x92, 0xC1,
    0xF8, 0x6F, 0x2F, 0x79, 0x32, 0x7D, 0xFB, 0x0F, 0x68, 0xD7, 0x7B, 0x2F, 0x87, 0x46, 0xDE, 0x79,
    0xBB, 0x66, 0xCB, 0xA5, 0x04, 0xEF, 0xFF, 0x82, 0x71, 0x7F, 0x2D, 0x40, 0x07, 0xBC, 0xCC, 0x93,
    0xAC, 0x97, 0x79, 0xEE, 0x18, 0x32, 0xD1, 0x7B, 0xC1, 0x64, 0x12, 0xAE, 0xBD, 0xA8, 0x45, 0x7B,
    0xEF, 0xB4, 0x19, 0xA3, 0xD9, 0x34, 0x05, 0xDC, 0x7A, 0x3C, 0xB1, 0xB9, 0xA1, 0xD9, 0x7F, 0x8D,
    0xE8, 0xF4, 0x92, 0x21, 0x11, 0x63, 0xA0, 0x74, 0x6B, 0x80, 0xA3, 0x3F, 0xE1, 0x65, 0x7B, 0xC8,
    0x20, 0x78, 0x65, 0x0B, 0x32, 0x9C, 0xDA, 0x20, 0x30, 0x27, 0x71, 0x25, 0x40, 0xFB, 0x30, 0x28,
    0x5D, 0x5E, 0x9D, 0x72, 0x1A, 0x4E, 0xE0, 0x9A, 0x6D, 0x2F, 0x73, 0x0A, 0x48, 0x93, 0x0E, 0xD2,
    0x00, 0xBF, 0xB8, 0x32, 0xC1, 0xB0, 0x7A, 0x4F, 0x3A, 0xEB, 0xE7, 0x8D, 0x82, 0xE6, 0xBC, 0x35,
    0xB6, 0xA0, 0x8C, 0x25, 0xC1, 0xB2, 0x4D, 0x90, 0x8D, 0x03, 0x9C, 0x22, 0x73, 0x7B, 0xC7, 0xEE,
    0xEE, 0xCA, 0x8A, 0x58, 0xA6, 0xF6, 0x1E, 0xC6, 0xE3, 0x5F, 0x80, 0x38, 0x1D, 0x2F, 0xCC, 0xC6,
    0x38, 0x55, 0xB7, 0x1E, 0x72, 0xA4, 0x8B, 0x73, 0xE0, 0xED, 0x05, 0x08, 0x63, 0xBA, 0xF0, 0xC8,
    0xB4, 0x5F, 0xCF, 0x9E, 0xBC, 0x5E, 0x68, 0xC4, 0x14, 0x44, 0xD0, 0x92, 0x01, 0x6E, 0x5D, 0xED,
    0x1E, 0x14, 0x4C, 0x91, 0x08, 0x8F, 0x33, 0x0A, 0x6F, 0x25, 0x22, 0xD4, 0xA3, 0x76, 0x08, 0x3B,
    0x4D, 0x91, 0xFB, 0x9B, 0xA8, 0x43, 0xF0, 0x6C, 0x59, 0xCD, 0x81, 0x0B, 0xB0, 0x91, 0xD9, 0x58,
    0x3B, 0x35, 0xED, 0x18, 0x6C, 0x69, 0xA7, 0x24, 0x17, 0xF9, 0xF6, 0x5A, 0x2C, 0xE9, 0xF3, 0x74,
    0x83, 0x27, 0xF3, 0x60, 0x30, 0xB8, 0x58, 0x30, 0xB7, 0xE5, 0x39, 0x49, 0xFB, 0xE8, 0xC9, 0x45,
    0x4D, 0xDA, 0xC2, 0x9D, 0x8C, 0xA9, 0x32, 0xC8, 0x67, 0x5F, 0x66, 0x86, 0x3C, 0x9C, 0xA2, 0x14,
    0xFA, 0x1C, 0x48, 0x21, 0x0B, 0xE4, 0x4C, 0xBD, 0x2C, 0xDA, 0xB3, 0x04, 0x24, 0xE7, 0x86, 0x52,
    0xEE, 0xDE, 0xC8, 0x8D, 0xDC, 0x81, 0x91, 0x69, 0x59, 0xF5, 0xD4, 0xBD, 0x14, 0x50, 0x7A, 0x59,
    0x53, 0x49, 0x8C, 0xAC, 0x78, 0xB8, 0x7A, 0x15, 0x5C, 0x7C, 0xF5, 0x2A, 0x3F, 0x77, 0xF5, 0x2A,
    0x1D, 0xAE, 0x5E, 0x3D, 0x34, 0x05, 0xEB, 0xF1, 0x9C, 0xC4, 0xDB, 0xEA, 0x5D, 0xBB, 0x8D, 0x84,
    0xE5, 0xD5, 0xCA, 0x9E, 0xB9, 0x3B, 0x14, 0x76, 0xE1, 0x7D, 0x75, 0xB5, 0x73, 0x42, 0x70, 0x83,
    0xBB, 0x0F, 0xED, 0xEF, 0x70, 0x42, 0xF0, 0x16, 0x82, 0x7D, 0xC3, 0x73, 0x7A, 0x55, 0xA8, 0x9C,
    0xEB, 0xD9, 0xA5, 0x77, 0x55, 0xE7, 0xB2, 0xB9, 0x03, 0xFB, 0x65, 0x93, 0x62, 0xCC, 0x58, 0xF0,
    0xF6, 0xD7, 0x34, 0x13, 0x1D, 0x99, 0xB3, 0xEF, 0x9C, 0xFE, 0xB2, 0xE8, 0xFD, 0xB4, 0x5B, 0x19,
    0x5F, 0x45, 0x91, 0xED, 0x31, 0x70, 0xBC, 0xBD, 0x68, 0x65, 0x74, 0xF1, 0xB8, 0xBF, 0xD4, 0x61,
    0x01, 0x62, 0xF5, 0xD1, 0x57, 0x0F, 0xB5, 0x44, 0x90, 0x62, 0x0F, 0x9C, 0x98, 0xE0, 0x03, 0xA6,
    0xD4, 0x55, 0x9C, 0xE5, 0x11, 0x03, 0x7F, 0x46, 0x54, 0xC0, 0x07, 0xA5, 0xA0, 0x2A, 0x85, 0x5C,
    0xE7, 0x3E, 0xE5, 0x76, 0x6C, 0x74, 0xBD, 0x97, 0x5E, 0xB2, 0xC9, 0xBD, 0x34, 0x8F, 0x30, 0x83,
    0x6E, 0xE6, 0xDB, 0x41, 0x6B, 0x51, 0x1C, 0xF4, 0xBC, 0x1F, 0x34, 0x5D, 0x4E, 0x69, 0xDC, 0x90,
    0xF1, 0x4A, 0x54, 0x5B, 0x3B, 0xE7, 0xA0, 0x5B, 0x33, 0x68, 0xA2, 0xB0, 0x31, 0xDA, 0xDE, 0xBC,
    0x60, 0x1E, 0xFB, 0xBB, 0x0C, 0xDA, 0x8C, 0x87, 0x89, 0x93, 0xF5, 0x91, 0xC0, 0xC8, 0xDE, 0x43,
    0xC5, 0x90, 0x29, 0xD2, 0xDE, 0x65, 0xA4, 0xB2, 0x03, 0x9E, 0xF8, 0xD2, 0x14, 0x6A, 0x25, 0xC0,
    0x21, 0xD0, 0xDC, 0x06, 0x32, 0x0A, 0x9F, 0x97, 0x14, 0x94, 0x13, 0x29, 0x61, 0x33, 0x69, 0x2D,
    0x4B, 0xA2, 0x97, 0xBB, 0x97, 0xFE, 0x4A, 0xC2, 0x01, 0xB3, 0x97, 0x26, 0xF2, 0x61, 0x9E, 0xF9,
    0x3F, 0x8E, 0x99, 0x88, 0x38, 0x8D, 0x58, 0x6F, 0x6B, 0xFC, 0x30, 0x15, 0x64, 0xCC, 0x7A, 0x36,
    0xDF, 0xDE, 0x33, 0x53, 0x15, 0x19, 0x16, 0x64, 0x62, 0xB8, 0x34, 0x91, 0xEF, 0x6C, 0xB8, 0x67,
    0x66, 0x6F, 0x79, 0x32, 0x3F, 0x61, 0x17, 0x29, 0xC7, 0x69, 0x69, 0x17, 0x68, 0x96, 0x02, 0x79,
    0xBB, 0x44, 0x2B, 0xFC, 0xDF, 0x4E, 0x16, 0xAC, 0xEB, 0x84, 0x8F, 0x32, 0x8C, 0xCF, 0x71, 0x64,
    0x38, 0xFD, 0x3F, 0x9F, 0xA8, 0xC8, 0x70, 0xA2, 0x52, 0xF1, 0x44, 0xA5, 0x5A, 0xB4, 0xD1, 0xBA,
    0x8C, 0xCA, 0xE0, 0x83, 0x6D, 0x86, 0x9F, 0xF7, 0xF0, 0x09, 0xC7, 0xFE, 0xC0, 0xC1, 0x20, 0xD2,
    0xFD, 0xB5, 0x58, 0x35, 0xA4, 0xE8, 0xC9, 0xDE, 0x1D, 0x8E, 0xCC, 0xC2, 0xAE, 0xE7, 0xE2, 0xD9,
    0x86, 0xEE, 0xA6, 0xD9, 0xFC, 0xD8, 0xEF, 0xCA, 0x37, 0x7E, 0x7B, 0x85, 0x40, 0x74, 0x40, 0x40,
    0x84, 0xC4, 0xE0, 0x75, 0x77, 0xEB, 0x16, 0xBA, 0x6D, 0x7A, 0x6D, 0x93, 0xB4, 0x73, 0xBB, 0x1D,
    0x1F, 0x9A, 0x67, 0x23, 0xDC, 0xFE, 0x8E, 0x72, 0x78, 0xE7, 0x7C, 0xF9, 0x83, 0x5F, 0xE4, 0x49,
    0xF7, 0x66, 0xEA, 0xAF, 0x1E, 0x2C, 0xD7, 0x12, 0x7E, 0x6A, 0xFB, 0x71, 0x2A, 0x7E, 0xD8, 0x21,
    0xF6, 0x82, 0x0A, 0xF8, 0x5D, 0xAE, 0xD2, 0x79, 0xF9, 0x54, 0x32, 0x3F, 0xCF, 0x80, 0xB4, 0x95,
    0x2C, 0x00, 0xE6, 0xA1, 0x6E, 0x24, 0x79, 0xF3, 0x46, 0x2D, 0xD1, 0xF6, 0x2A, 0x9D, 0xF2, 0x80,
    0x03, 0x62, 0xE4, 0x95, 0x00, 0x87, 0x78, 0x78, 0xF1, 0x55, 0xBA, 0x8B, 0x8F, 0x94, 0x42, 0x8F,
    0x9F, 0xB2, 0x0D, 0x83, 0x22, 0x7B, 0x41, 0x15, 0x8B, 0xEF, 0xDE, 0xCF, 0x55, 0xF7, 0x7E, 0xEE,
    0x77, 0xF8, 0xFE, 0x61, 0x98, 0xE2, 0xA3, 0xE5, 0xB5, 0xDD, 0x23, 0xA5, 0xDD, 0xA5, 0x4E, 0x3C,
    0xAC, 0x34, 0xFB, 0xD0, 0x5E, 0x6E, 0x6A, 0x25, 0x58, 0x8F, 0xBB, 0xE1, 0xAA, 0x62, 0xB4, 0x3B,
    0xE5, 0xA1, 0x56, 0xBB, 0x4A, 0x89, 0xF7, 0x95, 0x32, 0x4C, 0xD5, 0xFE, 0x1A, 0x6B, 0xF7, 0x77,
    0xCE, 0x9C, 0x27, 0xBB, 0x73, 0x76, 0x69, 0xBF, 0xD1, 0xEC, 0x1F, 0x3F, 0x0D, 0x52, 0xB1, 0x2E,
    0x8C, 0x67, 0x6E, 0x7C, 0xF9, 0x94, 0x42, 0x1C, 0x7B, 0x35, 0x70, 0xF1, 0x7D, 0xB2, 0x7F, 0x3E,
    0x85, 0xBF, 0x2F, 0xB1, 0xCF, 0x6B, 0xF8, 0x87, 0x7A, 0x69, 0x40, 0x74, 0x07, 0x8C, 0x5F, 0x35,
    0xEE, 0xBC, 0x4B, 0x41, 0x7F, 0x25, 0x3B, 0xCF, 0x1F, 0xF2, 0x32, 0xCF, 0x95, 0xB1, 0x5E, 0xF0,
    0x74, 0x26, 0x17, 0x6A, 0x86, 0xCA, 0xA1, 0x41, 0x44, 0x36, 0xA1, 0x17, 0x1B, 0x2E, 0x39, 0xAB,
    0x1C, 0xBB, 0x99, 0xCA, 0x86, 0xD3, 0xE8, 0x54, 0x9C, 0x47, 0x13, 0xA8, 0x39, 0x79, 0xFE, 0xDD,
    0x6B, 0x41, 0xD7, 0xB2, 0x90, 0x3A, 0xFF, 0x1B, 0x41, 0x4E, 0x06, 0xC8, 0x1A, 0xDB, 0xFE, 0x4C,
    0xD0, 0x5E, 0xB6, 0x79, 0xF0, 0x87, 0x82, 0x7C, 0xDC, 0x15, 0xE9, 0xAD, 0x49, 0xDF, 0x30, 0x9C,
    0x90, 0x91, 0x22, 0xE3, 0x88, 0x9C, 0x92, 0xF6, 0x87, 0x72, 0xDC, 0x0A, 0xA0, 0x25, 0x91, 0xFC,
    0xAD, 0x1C, 0x0D, 0xC4, 0x6E, 0xFC, 0x93, 0x91, 0x90, 0xC9, 0xD8, 0x66, 0xE2, 0x90, 0x48, 0xF3,
    0xE5, 0xF2, 0x30, 0xBD, 0x1D, 0xBA, 0x5D, 0xF1, 0x35, 0x9A, 0x46, 0x6A, 0x2F, 0xA5, 0xF5, 0x3F,
    0xDE, 0x68, 0xC4, 0x3E, 0x57, 0xE5, 0x05, 0xB6, 0xC5, 0x70, 0xCD, 0xB2, 0x23, 0xB8, 0xD5, 0x6C,
    0x6A, 0x66, 0x59, 0xEE, 0x74, 0xFF, 0x29, 0xDE, 0xCA, 0xE3, 0x59, 0x9B, 0xA8, 0x3B, 0xED, 0x06,
    0xC9, 0x1B, 0xC0, 0xF6, 0xB9, 0xCC, 0xDF, 0x16, 0xF2, 0x24, 0x90, 0xDD, 0x03, 0xEE, 0xF4, 0x7D,
    0xE4, 0xF3, 0x87, 0xD1, 0x8B, 0x7F, 0x3E, 0xD1, 0x9F, 0x8C, 0x35, 0x9A, 0xB0, 0x3E, 0xD2, 0x30,
    0x1B, 0x91, 0xCD, 0x0C, 0xA0, 0xB3, 0x17, 0x86, 0x31, 0x13, 0x05, 0x6D, 0xC6, 0xB0, 0xBA, 0x06,
    0x6A, 0x16, 0x9D, 0xCA, 0x21, 0x63, 0x93, 0xA9, 0x1D, 0x5F, 0x27, 0xD9, 0xAE, 0xF5, 0x00, 0x76,
    0xF4, 0xF6, 0xB2, 0x0D, 0x8B, 0x89, 0xDE, 0xBA, 0xE8, 0x3F, 0xEF, 0x72, 0xA3, 0x91, 0xF7, 0xDA,
    0x8E, 0x41, 0x7C, 0x61, 0x51, 0x44, 0xA5, 0xDB, 0xD5, 0x8B, 0x36, 0x38, 0xCD, 0xCE, 0xE6, 0xA1,
    0x24, 0xB9, 0x72, 0x98, 0xDE, 0xF1, 0xE5, 0x03, 0xEB, 0xC6, 0x9F, 0x99, 0xDF, 0x68, 0x5C, 0x2A,
    0x17, 0x31, 0xEC, 0x4C, 0x12, 0x3D, 0xDD, 0x6C, 0x08, 0xD7, 0xD2, 0x5A, 0xBC, 0x55, 0x7B, 0x33,
    0xA7, 0x3A, 0x39, 0x52, 0x37, 0xCA, 0x64, 0x15, 0x76, 0x69, 0x50, 0xDB, 0x35, 0x61, 0x06, 0xE1,
    0x6C, 0xCA, 0x53, 0xA9, 0x7C, 0xB3, 0x65, 0xCF, 0xDA, 0x85, 0xB3, 0x1D, 0xD4, 0x97, 0xFF, 0x9F,
    0xA1, 0xE8, 0x67, 0x5B, 0x3E, 0x2F, 0x76, 0x4A, 0x79, 0xE9, 0x02, 0x3A, 0x32, 0xAB, 0xA5, 0xDA,
    0x5B, 0x2D, 0x3C, 0x2A, 0xE6, 0x59, 0xB1, 0xF0, 0xB0, 0x58, 0x78, 0x5A, 0x6C, 0x43, 0xB4, 0xDA,
    0x4C, 0xFE, 0x4A, 0x78, 0x62, 0x6C, 0x8D, 0x91, 0x67, 0xC6, 0xE6, 0xD0, 0x98, 0x9A, 0xB2, 0xC7,
    0xC6, 0xBD, 0x69, 0x60, 0x10, 0x3C, 0x39, 0x1E, 0x6E, 0x03, 0xF7, 0xFB, 0xF6, 0xAA, 0xFF, 0x9D,
    0xB8, 0xD7, 0x70, 0xA6, 0x8A, 0x4D, 0xAC, 0xCD, 0x5D, 0xBA, 0x88, 0x0B, 0xB6, 0x75, 0xCD, 0xBE,
    0xBD, 0x41, 0x0A, 0xA5, 0x4D, 0xCE, 0xED, 0xDB, 0x37, 0xE7, 0xF7, 0xED, 0x1B, 0x99, 0x3D, 0xB8,
    0x6F, 0xBF, 0xEA, 0xF7, 0xED, 0xAF, 0xAE, 0x69, 0x31, 0x05, 0x7E, 0xE1, 0x57, 0x47, 0xA9, 0xB4,
    0x98, 0xF0, 0xA9, 0xE9, 0x2C, 0xE6, 0x5C, 0x26, 0xDD, 0x1A, 0x3D, 0x5C, 0x47, 0x67, 0x32, 0xE3,
    0x2D, 0x61, 0xFE, 0xBC, 0x2D, 0xC3, 0x7C, 0xF0, 0x32, 0x03, 0xCF, 0x87, 0x12, 0xDC, 0xC5, 0x88,
    0xD0, 0x12, 0xBB, 0x6E, 0x4A, 0x03, 0x6E, 0x71, 0x55, 0x0B, 0xE9, 0x19, 0x96, 0x4B, 0x31, 0xCF,
    0xA7, 0x3C, 0xC8, 0xF1, 0x90, 0x56, 0x78, 0x44, 0x3B, 0x70, 0x1D, 0x90, 0x22, 0x97, 0x17, 0xD8,
    0x4C, 0x1F, 0x80, 0xB0, 0x3C, 0xF7, 0x9F, 0x70, 0xD9, 0x79, 0x2E, 0xEF, 0xD7, 0x9F, 0x9C, 0x5D,
    0xC2, 0xCC, 0x30, 0xD1, 0xC9, 0xEE, 0xF3, 0x14, 0xEF, 0xD8, 0x8A, 0x60, 0xD1, 0xB3, 0x33, 0xA9,
    0xC5, 0xF6, 0xB9, 0xFC, 0x1F, 0x7E, 0x3E, 0x03, 0xC7, 0x62, 0x8F, 0xDE, 0x14, 0xF5, 0xBC, 0xF3,
    0x3C, 0xF5, 0xE3, 0x51, 0xB7, 0x8D, 0xCC, 0x7F, 0xA5, 0xA4, 0x47, 0x9D, 0xA4, 0x9F, 0x12, 0xBD,
    0xEC, 0xA4, 0x00, 0xC4, 0xCD, 0xF6, 0x0F, 0xA6, 0x97, 0x3D, 0x3B, 0x65, 0xE4, 0xDF, 0x7D, 0x2E,
    0xEF, 0x07, 0x9A, 0x4C, 0x40, 0xA8, 0x16, 0xF5, 0x76, 0xBB, 0x97, 0x1C, 0x3D, 0xA1, 0x1B, 0xC0,
    0xFF, 0xEF, 0x8F, 0x83, 0xB7, 0x6B, 0x8A, 0xD8, 0x7B, 0x2E, 0xF5, 0x77, 0x90, 0x3C, 0xE0, 0x74,
    0xE8, 0x99, 0x0C, 0x76, 0x9F, 0xCB, 0xBE, 0x86, 0xF0, 0x88, 0xF4, 0xFB, 0x92, 0x55, 0xC7, 0x68,
    0x06, 0x44, 0xF9, 0xD6, 0x6D, 0x7D, 0xAA, 0x54, 0x27, 0xCF, 0x39, 0xC0, 0x88, 0x63, 0x6D, 0x23,
    0x8D, 0xA1, 0xC7, 0x02, 0xD1, 0xB7, 0x45, 0x82, 0xD7, 0xB9, 0x27, 0x24, 0xE9, 0x65, 0x9B, 0x9E,
    0xAB, 0xFF, 0x62, 0x53, 0x12, 0x84, 0x6F, 0x9B, 0xFD, 0xA4, 0x02, 0x6D, 0xB1, 0x50, 0x7A, 0xEB,
    0x05, 0xF6, 0xFE, 0xD3, 0xA0, 0xC4, 0xDE, 0xD9, 0x13, 0x2F, 0x35, 0xE8, 0xF9, 0x4B, 0xB5, 0xEC,
    0x3E, 0x97, 0xF6, 0xEB, 0x54, 0xE6, 0x56, 0x4C, 0xAD, 0x98, 0x59, 0x3D, 0x98, 0x58, 0x3D, 0xA9,
    0x1B, 0xDC, 0x26, 0xAD, 0x24, 0x1F, 0x99, 0x56, 0x7E, 0xEA, 0x7E, 0x88, 0xC9, 0x4C, 0xBE, 0x4F,
    0xF2, 0x96, 0x17, 0xA6, 0xF1, 0x4F, 0xEF, 0x52, 0xF5, 0xFF, 0x02, 0xD5, 0xDA, 0x01, 0xA4, 0x24,
    0x79, 0x7E, 0x07, 0xF0, 0x4F, 0x75, 0xCF, 0xA5, 0x67, 0xAF, 0xDD, 0xD6, 0x20, 0xC3, 0x4A, 0xEE,
    0xB6, 0x60, 0x70, 0x62, 0xDF, 0x34, 0x04, 0x22, 0xAF, 0xBB, 0x8A, 0x20, 0x00, 0x8B, 0x7D, 0x09,
    0x96, 0x9D, 0x03, 0x40, 0x98, 0xC3, 0x22, 0x78, 0x6F, 0x5E, 0x25, 0x00, 0x90, 0x83, 0x4D, 0x70,
    0x70, 0x08, 0x00, 0x82, 0x0B, 0x83, 0x9E, 0xED, 0x3A, 0x87, 0xC5, 0x41, 0x25, 0xEB, 0x6E, 0x01,
    0xFA, 0x2E, 0x99, 0x40, 0xA0, 0xE5, 0x5A, 0xD2, 0x6B, 0xFB, 0xBD, 0x7F, 0xE6, 0xDF, 0x3F, 0xEA,
    0xF2, 0xBC, 0x64, 0xE5, 0x98, 0x7D, 0xEF, 0x2D, 0xDD, 0x5F, 0xD3, 0x18, 0xAF, 0xFE, 0x9F, 0xDF,
    0xEF, 0xFF, 0xAF, 0xAA, 0xFA, 0x17, 0xA3, 0x0B, 0x8C, 0x2F, 0x31, 0xC9, 0x51, 0x3E, 0x45, 0x35,
    0xC3, 0xA2, 0xC2, 0x69, 0x8E, 0xE7, 0x65, 0xC3, 0xB6, 0x6C, 0x8D, 0x36, 0xAF, 0x62, 0xDC, 0x97,
    0x9D, 0x69, 0x37, 0xED, 0x94, 0xED, 0xAB, 0xA8, 0xBC, 0x8A, 0xFA, 0xE4, 0xFD, 0xDE, 0x79, 0x4A,
    0xBD, 0x94, 0xD2, 0xBA, 0xD8, 0x1A, 0xAF, 0xC7, 0x1B, 0xE3, 0xCD, 0x78, 0xFD, 0x2A, 0xA6, 0x5D,
    0xFC, 0xC7, 0xD1, 0x76, 0xD6, 0x28, 0xB6, 0x35, 0xC5, 0x0E, 0x28, 0xF6, 0x18, 0x0D, 0x31, 0xDE,
    0x61, 0x7A, 0x31, 0xE9, 0x9C, 0xA7, 0x9F, 0x75, 0xC5, 0xE5, 0x9F, 0xFD, 0x7B, 0x37, 0xDE, 0xAA,
    0xDB, 0x69, 0xAF, 0x6A, 0xCB, 0x56, 0xD5, 0x54, 0x8D, 0xCA, 0x8C, 0x99, 0x3A, 0xC7, 0x82, 0xC5,
    0x10, 0x67, 0x39, 0xF6, 0x6A, 0xA3, 0xBD, 0x59, 0x33, 0x5D, 0xAA, 0x5E, 0x2E, 0xF7, 0xA6, 0x69,
    0xBB, 0x53, 0xAC, 0xDA, 0x2D, 0xA0, 0x6E, 0x88, 0x38, 0x47, 0x04, 0x27, 0x90, 0xFA, 0x1C, 0x6B,
    0x8C, 0x7B, 0x4C, 0x3A, 0x94, 0x0D, 0xBE, 0x03, 0x80, 0xDB, 0x03, 0x7B, 0x88, 0x38, 0xBC, 0xB4,
    0xC1, 0x68, 0x7D, 0xE5, 0x18, 0xDF, 0x06, 0xE0, 0x2B, 0x47, 0x7C, 0x04, 0xCE, 0xC0, 0x1E, 0x46,
    0x1B, 0xC4, 0xC1, 0x9C, 0xFF, 0x4D, 0x43, 0x91, 0x7E, 0x82, 0xF1, 0xAF, 0x37, 0x28, 0xDB, 0x2D,
    0x16, 0x4E, 0xF1, 0xC8, 0x23, 0xAE, 0x61, 0x86, 0x66, 0x70, 0x86, 0x67, 0x80, 0x86, 0x68, 0x90,
    0x86, 0x69, 0xA0, 0x06, 0x4E, 0xB0, 0x86, 0x6B, 0xC0, 0x86, 0x6C, 0xD0, 0x86, 0xAD, 0x8C, 0xEB,
    0xA0, 0xEB, 0xC0, 0x2B, 0xFE, 0x71, 0x00, 0x76, 0x10, 0x76, 0x20, 0x16, 0xC6, 0xF0, 0x16, 0x2C,
    0x60, 0x8F, 0x62, 0x23, 0xDA, 0xA1, 0xFE, 0x59, 0x4B, 0xFA, 0x27, 0x31, 0xAA, 0xB2, 0xDB, 0xB1,
    0x70, 0xCC, 0x5B, 0xDE, 0xBA, 0x39, 0x78, 0xC5, 0x7A, 0xD0, 0xCE, 0xE1, 0xC7, 0x70, 0x0A, 0xC7,
    0xE7, 0x6D, 0x76, 0xEF, 0xE2, 0x00, 0xB3, 0x7A, 0xA0, 0x87, 0xF9, 0xED, 0x77, 0x2F, 0x8A, 0x1F,
    0x0D, 0x07, 0xBF, 0x85, 0xE7, 0x70, 0x0C, 0xEF, 0xD4, 0x1D, 0x52, 0x7F, 0xAB, 0xBA, 0x0F, 0x1B,
    0xA8, 0xB7, 0x70, 0xBE, 0x03, 0x5B, 0x31, 0xD1, 0xF8, 0x83, 0x3F, 0xED, 0x90, 0x3E, 0xC1, 0xE8,
    0x8B, 0x35, 0xA6, 0xFF, 0xBC, 0xC1, 0xAC, 0xD9, 0xE1, 0xD8, 0xF1, 0x1D, 0x6F, 0xEB, 0x18, 0x5C,
    0xBD, 0xCD, 0xB1, 0x8B, 0xC6, 0x89, 0xDE, 0xFE, 0xBD, 0x3F, 0xE9, 0x58, 0x7D, 0x12, 0xA3, 0x32,
    0xF9, 0xE5, 0x96, 0xAA, 0x59, 0x32, 0x77, 0x7C, 0x43, 0xF0, 0xA3, 0x1D, 0x94, 0xE9, 0x87, 0x0D,
    0x6F, 0x3E, 0x49, 0x0D, 0x8A, 0x0B, 0x00, 0xCE, 0x5B, 0x14, 0xA9, 0xC7, 0xE4, 0x5F, 0x36, 0xA8,
    0x32, 0xF9, 0x70, 0x7C, 0x0F, 0xEE, 0x2A, 0x79, 0xF1, 0x39, 0xA6, 0xE9, 0xEF, 0x1A, 0xD3, 0x27,
    0xA9, 0x1D, 0xC6, 0x84, 0xE8, 0xF5, 0x35, 0xE3, 0xFF, 0x38, 0x4C, 0xD4, 0x3D, 0x0B, 0x73, 0xEE,
    0xB9, 0x77, 0x43, 0xE4, 0x81, 0x9A, 0xFA, 0x6B, 0x6B, 0xC5, 0x5B, 0xBE, 0x0B, 0xC0, 0x1D, 0xBB,
    0x34, 0xB8, 0x4A, 0xF7, 0x9F, 0xB1, 0x4C, 0x30, 0xBB, 0xB6, 0x4C, 0xDC, 0xD2, 0x25, 0x84, 0x1F,
    0x40, 0xB1, 0x85, 0xF1, 0x06, 0xA6, 0x1D, 0x94, 0x70, 0x6F, 0x7E, 0x1F, 0xC7, 0xF7, 0x2A, 0xCC,
    0x9C, 0xA1, 0xFC, 0xC5, 0x0E, 0xD3, 0xB4, 0x46, 0x71, 0xD9, 0xDC, 0xF5, 0xF5, 0xE3, 0x7B, 0xB0,
    0xC3, 0x68, 0x63, 0xB8, 0xEC, 0xE0, 0xFE, 0xE3, 0x6F, 0x70, 0x94, 0x87, 0x55, 0x59, 0xE4, 0x41,
    0xED, 0x99, 0xA4, 0x0D, 0x45, 0x6A, 0x6E, 0xAA, 0x22, 0xDF, 0x13, 0x87, 0x05, 0x5B, 0xF0, 0x1C,
    0x1C, 0xC3, 0xBD, 0x77, 0xBE, 0xDE, 0xF0, 0xDF, 0x1F, 0x7A, 0x6A, 0x67, 0x38, 0xD5, 0xE3, 0xFE,
    0xD1, 0xED, 0xC3, 0x9F, 0x80, 0xD4, 0xC9, 0xD9, 0xC3, 0xB8, 0x83, 0x0C, 0xC3, 0x63, 0x78, 0xE7,
    0xBB, 0x15, 0x1E, 0x07, 0xFC, 0xDF, 0x0E, 0xF0, 0x46, 0xE9, 0xAE, 0xC3, 0x3F, 0x1C, 0xC6, 0x96,
    0xFA, 0x18, 0x19, 0xD3, 0x16, 0x6F, 0xE3, 0xE8, 0xDB, 0xE5, 0x2D, 0xC2, 0x4F, 0x3E, 0x2F, 0x50,
    0xA5, 0x84, 0x6F, 0x3D, 0xBD, 0x00, 0xEF, 0x8A, 0x13, 0x08, 0xC7, 0xBE, 0xA6, 0xBD, 0x3E, 0xBA,
    0x28, 0x28, 0x53, 0x6A, 0x7C, 0xF3, 0xFD, 0x4B, 0x78, 0xC0, 0x3D, 0xB9, 0xCD, 0xDD, 0x6A, 0x9B,
    0xC3, 0xB7, 0xBD, 0xC9, 0x63, 0x0B, 0x2A, 0x4B, 0xCA, 0xCF, 0xB6, 0x4C, 0xD2, 0x3A, 0x8E, 0xE3,
    0x2E, 0x9F, 0x31, 0xE1, 0x5B, 0xDE, 0x14, 0x02, 0x65, 0x73, 0xC6, 0x34, 0x37, 0xC5, 0x38, 0x23,
    0x5A, 0x35, 0xB7, 0x7C, 0xDA, 0x5C, 0xA5, 0xB4, 0xCB, 0xA3, 0xDC, 0xBA, 0x38, 0x39, 0x79, 0xD7,
    0x0E, 0xC5, 0x36, 0x82, 0xD1, 0x06, 0xE3, 0xDF, 0xC4, 0x3A, 0xC7, 0xCB, 0x93, 0x13, 0x93, 0x94,
    0x52, 0x33, 0x3D, 0x44, 0x87, 0xF2, 0x10, 0x6D, 0x04, 0x55, 0x83, 0x99, 0x08, 0x6A, 0x39, 0x4E,
    0x4E, 0xDE, 0x53, 0xA7, 0xB4, 0x77, 0x9E, 0x03, 0x28, 0xD7, 0x43, 0xF4, 0xA8, 0x3A, 0xFC, 0x4E,
    0x6A, 0x9D, 0xA7, 0xED, 0x2B, 0x81, 0xFD, 0x64, 0xED, 0x59, 0xD9, 0x5A, 0xCC, 0x58, 0x2C, 0xB8,
    0x98, 0x7B, 0xB2, 0xCB, 0x55, 0x59, 0xA5, 0xCF, 0xBD, 0x78, 0x97, 0x25, 0xCE, 0xF8, 0xC3, 0x3C,
    0xF6, 0xDA, 0x78, 0x53, 0xBD, 0x7C, 0xDA, 0x4F, 0x52, 0x62, 0xF5, 0xAF, 0x40, 0xDD, 0x8A, 0x6F,
    0xC3, 0x79, 0x83, 0x6F, 0xBC, 0x8B, 0xF2, 0x22, 0x47, 0x82, 0xC7, 0x70, 0x0A, 0x5B, 0x14, 0x6B,
    0x80, 0x5B, 0x95, 0x79, 0x88, 0xD5, 0x9A, 0xC3, 0x2C, 0xDB, 0x30, 0xEE, 0xE3, 0x7F, 0xBF, 0x09,
    0x78, 0x9D, 0x48, 0xCF, 0x1A, 0x46, 0xE9, 0x65, 0x6F, 0xF4, 0x59, 0x5A, 0x0B, 0x25, 0xEE, 0x02,
    0xC3, 0x64, 0x8B, 0x59, 0xFA, 0x80, 0xEF, 0x3C, 0x4D, 0x18, 0xED, 0x00, 0x57, 0x15, 0x32, 0x83,
    0xEC, 0x20, 0x43, 0xC8, 0x12, 0x32, 0x85, 0x6C, 0x21, 0x63, 0xC8, 0x1A, 0x32, 0x47, 0xF6, 0x60,
    0x49, 0x88, 0xC8, 0x24, 0xB2, 0x89, 0x8C, 0x22, 0xAB, 0x04, 0x0B, 0x8C, 0x1A, 0x31, 0xA2, 0x38,
    0x7C, 0x54, 0x60, 0x8E, 0xF1, 0xFE, 0xC7, 0x28, 0x2F, 0x1E, 0xA0, 0xAE, 0x61, 0x7F, 0x58, 0x93,
    0xD7, 0x93, 0x8E, 0xA2, 0x2D, 0xDA, 0xEB, 0x84, 0xC2, 0x30, 0x10, 0xED, 0x84, 0x60, 0x64, 0x40,
    0x06, 0xA2, 0x21, 0xD7, 0x04, 0xA6, 0xD0, 0x34, 0x8D, 0xEC, 0xA0, 0x8C, 0x6C, 0x87, 0x0C, 0x53,
    0x33, 0x43, 0xAA, 0x0D, 0xAE, 0x01, 0x1B, 0xB2, 0xE0, 0x2D, 0x50, 0x13, 0x20, 0xC3, 0x65, 0x73,
    0x8F, 0xFA, 0x93, 0x16, 0xE9, 0x97, 0xE2, 0x2A, 0x3F, 0x2E, 0xF3, 0x99, 0x99, 0x8B, 0x0B, 0xFD,
    0xEB, 0x55, 0x88, 0x32, 0x44, 0x1D, 0xA2, 0x10, 0x51, 0x89, 0x28, 0x45, 0xD4, 0x22, 0x8A, 0x11,
    0xD5, 0x88, 0x72, 0x44, 0x3D, 0x2C, 0x0D, 0x15, 0x89, 0x92, 0x44, 0x4D, 0xA2, 0x28, 0x51, 0x95,
    0xA1, 0x2C, 0xF0, 0xFB, 0x50, 0x41, 0xD9, 0x60, 0xDA, 0x62, 0xDC, 0x61, 0xF4, 0xD3, 0x7D, 0x4C,
    0x6F, 0xEA, 0x3A, 0x8A, 0x12, 0x35, 0x89, 0x92, 0xDC, 0xFE, 0xCC, 0xC6, 0x3F, 0xC4, 0x9C, 0xB6,
    0xC5, 0x73, 0x1C, 0xE3, 0xA8, 0xEE, 0x48, 0xEB, 0xAC, 0x9D, 0xAD, 0xB3, 0x74, 0x38, 0xBF, 0xEE,
    0xD9, 0xAE, 0x78, 0x0F, 0xC6, 0xA9, 0x91, 0xB3, 0x85, 0x69, 0x03, 0x15, 0x8A, 0xBF, 0x3F, 0xC6,
    0x74, 0xFF, 0x7D, 0xCC, 0x3E, 0x86, 0x67, 0x55, 0x93, 0x55, 0xA6, 0x1D, 0xE3, 0x7E, 0xDC, 0xDD,
    0xF5, 0xAE, 0xFE, 0x46, 0x83, 0x7A, 0x97, 0x63, 0x0F, 0xCF, 0xAF, 0x3C, 0x62, 0xF9, 0xB4, 0x51,
    0x7C, 0xB1, 0x19, 0x1E, 0xB1, 0x9C, 0x72, 0xE4, 0xE8, 0x86, 0x96, 0x93, 0x59, 0x8B, 0xD5, 0xE7,
    0x1F, 0xF2, 0x8F, 0x19, 0x4D, 0xD5, 0x03, 0x26, 0x7B, 0x54, 0x17, 0x78, 0x36, 0xA3, 0xD8, 0x95,
    0x6D, 0x96, 0xEE, 0x69, 0x34, 0xB7, 0xDB, 0xAC, 0xC5, 0x05, 0xA6, 0xE9, 0xB3, 0xD6, 0xE4, 0xFD,
    0x0C, 0xE3, 0x63, 0xD7, 0x1F, 0x9F, 0x6C, 0x29, 0xDB, 0x25, 0x8F, 0xC5, 0xE3, 0x93, 0x1B, 0xE2,
    0x1C, 0xFF, 0x2F, 0xF3, 0x7C, 0x33, 0xBE, 0x3E, 0xCF, 0xEF, 0xDA, 0xB5, 0x8D, 0xFF, 0x31, 0xD1,
    0xA7, 0xDD, 0xDE, 0xCC, 0xDC, 0x7D, 0xF7, 0x81, 0x9B, 0xBB, 0xF6, 0xA9, 0x2E, 0x61, 0x2E, 0xB8,
    0x15, 0x1B, 0x8C, 0x7A, 0x00, 0x48, 0x83, 0xDC, 0xC9, 0xD3, 0x8F, 0xDE, 0x65, 0x18, 0xB5, 0x7A,
    0x88, 0x05, 0x9C, 0x0D, 0xB1, 0x84, 0xFD, 0x10, 0xFF, 0x0F, 0xEC, 0x9E, 0x87, 0xEF, 0xBF, 0x7C,
    0x2F, 0xD0, 0x56, 0x39, 0xF2, 0xFA, 0x94, 0x57, 0xA7, 0x58, 0x9B, 0xA6, 0x2D, 0x15, 0xE6, 0xF8,
    0x10, 0x40, 0x9D, 0x36, 0xEA, 0xB4, 0xF6, 0xF0, 0xCF, 0x7B, 0x26, 0xF9, 0xDB, 0x11, 0x77, 0x41,
    0xE2, 0xDB, 0x50, 0x61, 0xE6, 0xDB, 0x6A, 0xCF, 0x2C, 0x8A, 0xBD, 0xF9, 0x74, 0xED, 0x74, 0xD6,
    0x3A, 0xBB, 0xE4, 0x7C, 0xCB, 0xAC, 0xBD, 0xBD, 0x31, 0x42, 0xB4, 0xC3, 0x2C, 0x47, 0x7D, 0x88,
    0x16, 0x2E, 0xE2, 0x5B, 0xEC, 0xE3, 0xCB, 0xEB, 0x1F, 0x34, 0x9C, 0x63, 0x25, 0xBE, 0x97, 0x18,
    0xA5, 0x1F, 0x50, 0xA5, 0x3D, 0xAB, 0x8F, 0x2E, 0x15, 0x3B, 0xB9, 0x9F, 0xE2, 0x6E, 0xA8, 0xEC,
    0xCA, 0xF6, 0x55, 0xCC, 0xF2, 0x02, 0x5D, 0x53, 0x46, 0x3C, 0xCB, 0xF1, 0x42, 0x4C, 0xFD, 0xAA,
    0xDD, 0x67, 0xBB, 0x3D, 0x33, 0x7B, 0xEA, 0x1C, 0x8B, 0x1C, 0x4B, 0x4B, 0xF6, 0x5E, 0x64, 0x98,
    0xDA, 0xB4, 0x37, 0xFB, 0xF9, 0xAA, 0x35, 0x4D, 0x97, 0x14, 0xAB, 0x35, 0x18, 0x6E, 0x42, 0x86,
    0xB8, 0x84, 0xE9, 0x25, 0xAB, 0xB4, 0x1E, 0x5F, 0xBE, 0xBF, 0x9D, 0xAE, 0x2D, 0xAB, 0xD6, 0xBC,
    0x8E, 0x69, 0x50, 0xBF, 0xA0, 0x5E, 0x52, 0xEF, 0x59, 0xEC, 0x39, 0xDB, 0xB3, 0x5C, 0xB2, 0x3F,
    0x35, 0xDA, 0x2E, 0x4C, 0xD7, 0xB3, 0x97, 0xAB, 0x2E, 0xFF, 0x89, 0xE1, 0x2F, 0xAC, 0x90, 0x70,
    0x29, 0x7C, 0x3D, 0x6C, 0x70, 0xBE, 0x11, 0x26, 0x44, 0xAD, 0x04, 0xA9, 0x12, 0x80, 0xDB, 0x94,
    0x39, 0x41, 0xEA, 0xC5, 0x2A, 0xDB, 0x8B, 0x52, 0xE3, 0x08, 0x78, 0xCD, 0x48, 0xF7, 0xC1, 0x0C,
    0x9C, 0x81, 0x1D, 0xA2, 0xA1, 0x67, 0x9F, 0x76, 0x58, 0x6D, 0x50, 0x7C, 0xBE, 0xC3, 0xA4, 0x5F,
    0xA2, 0x6A, 0x1E, 0xE3, 0xBE, 0x37, 0xB8, 0x26, 0x16, 0x64, 0x61, 0x16, 0x68, 0xA1, 0xE6, 0xC0,
    0xE6, 0xE0, 0xE6, 0x00, 0xE7, 0x80, 0x26, 0xF2, 0x60, 0xE7, 0x80, 0xE7, 0xA0, 0xE7, 0xC0, 0x27,
    0xFB, 0x09, 0xC0, 0x10, 0x0C, 0xC2, 0x30, 0x0C, 0xC4, 0x50, 0x0C, 0xC6, 0x70, 0x1C, 0xC6, 0xC6,
    0x23, 0x38, 0xBB, 0xF6, 0xF4, 0x34, 0x6F, 0x93, 0xE6, 0x5D, 0x52, 0x93, 0xC3, 0x13, 0xF8, 0xBF,
    0xBA, 0xBE, 0x5B, 0x37, 0x30, 0x67, 0x67, 0x19, 0x5A, 0x96, 0x96, 0xA9, 0x65, 0x6B, 0x19, 0x5B,
    0xD6, 0xB6, 0x64, 0xA8, 0xAF, 0x33, 0x43, 0x91, 0x65, 0x73, 0x19, 0x5D, 0x56, 0xBF, 0xD6, 0xFE,
    0x1F, 0x5E, 0x7F, 0xB0, 0xE8, 0x08, 0xDE, 0x9C, 0xF5, 0xDC, 0xCB, 0xEE, 0x99, 0x3D, 0xD4, 0x33,
    0x7A, 0x98, 0xDF, 0x81, 0x16, 0xA5, 0xE8, 0x83, 0x73, 0xB8, 0x9E, 0xFD, 0x4B, 0xB1, 0x0B, 0x5A,
    0xA4, 0x2E, 0xAB, 0x66, 0xD4, 0x6C, 0x1A, 0xA4, 0xAF, 0xBB, 0x6D, 0xE3, 0x7C, 0x56, 0xED, 0x31,
    0xBB, 0x18, 0xEC, 0xB6, 0x7C, 0xF3, 0xAF, 0xD7, 0xD4, 0xBF, 0x6A, 0x49, 0x5B, 0xC6, 0x9B, 0x3D,
    0x65, 0x37, 0xE7, 0x6D, 0x6F, 0xDF, 0x0D, 0xB8, 0xD8, 0x09, 0x1C, 0x56, 0x20, 0x39, 0x46, 0x6B,
    0xB1, 0xC3, 0x99, 0x3E, 0x61, 0xFC, 0xC5, 0x5A, 0x6C, 0x6F, 0xCE, 0xEC, 0x38, 0x76, 0x7C, 0x43,
    0x1D, 0xF9, 0x31, 0x26, 0xE9, 0xDF, 0x3A, 0xE3, 0x1F, 0xA6, 0x4E, 0xFC, 0x06, 0xB3, 0x5E, 0x2C,
    0x02, 0xA3, 0xED, 0x8E, 0x69, 0x7F, 0x46, 0xA5, 0x8A, 0x4B, 0xBE, 0xDB, 0xE5, 0x1C, 0xED, 0x88,
    0xBD, 0xCB, 0xD8, 0xBA, 0x1C, 0x76, 0xF9, 0xC4, 0x76, 0x7C, 0x1F, 0xBB, 0x96, 0xB1, 0x69, 0x39,
    0x0F, 0xC9, 0x07, 0x37, 0xC4, 0x39, 0xA8, 0xC5, 0x14, 0x5E, 0x9F, 0x8A, 0x29, 0xFC, 0x86, 0x61,
    0x0A, 0xBB, 0x7B, 0xE7, 0xDF, 0xA0, 0xCB, 0x72, 0xE3, 0x3C, 0x87, 0xDB, 0x98, 0xC3, 0xBF, 0xEB,
    0x11, 0xF8, 0xCA, 0xCF, 0xCF, 0x1E, 0xC0, 0x8E, 0xEC, 0xCA, 0x78, 0x8D, 0xB2, 0x7B, 0x4E, 0x65,
    0xCB, 0xFD, 0x1C, 0x6C, 0x8C, 0x52, 0xDA, 0xA8, 0x52, 0xEA, 0x7F, 0x6B, 0xB4, 0xEE, 0xB7, 0x40,
    0x5B, 0xBB, 0x8E, 0xD6, 0x62, 0xBC, 0xC1, 0xA4, 0x47, 0xD9, 0xA2, 0x2E, 0x36, 0x1C, 0x8F, 0xD6,
    0xC8, 0x61, 0xDC, 0x9B, 0xA6, 0xD4, 0x59, 0xA5, 0xD4, 0xBC, 0x52, 0xDA, 0x0D, 0x6D, 0xB5, 0x78,
    0x1D, 0x6D, 0x35, 0x00, 0x59, 0xC2, 0x31, 0xCC, 0x85, 0x10, 0x6F, 0xDC, 0xBA, 0xD0, 0xD5, 0x97,
    0x4C, 0xC4, 0xD9, 0xED, 0x46, 0x85, 0xBE, 0xE4, 0x1A, 0xEF, 0x39, 0xA5, 0x2D, 0x6E, 0x9D, 0xE9,
    0xFA, 0x1B, 0x6F, 0xC4, 0x1D, 0x67, 0xB6, 0x3A, 0xBA, 0x11, 0xAB, 0x61, 0xFD, 0xFC, 0x80, 0xE9,
    0x93, 0x4B, 0xF9, 0xF7, 0x73, 0xDC, 0x09, 0xA1, 0x49, 0x8E, 0xD9, 0xE5, 0x5F, 0xF0, 0x9D, 0xF3,
    0xCB, 0x0D, 0x93, 0x5F, 0xDD, 0x0C, 0x09, 0xEE, 0x84, 0xC1, 0x97, 0xAF, 0xD1, 0xE2, 0xB6, 0xFD,
    0xC6, 0x48, 0x58, 0x41, 0x82, 0x4B, 0xB8, 0x20, 0xF6, 0x14, 0xC7, 0x6B, 0x93, 0x7E, 0xD2, 0x47,
    0xE4, 0x9D, 0xB4, 0x57, 0x51, 0x66, 0x97, 0x1C, 0x6D, 0xC6, 0x39, 0xEC, 0x5D, 0xE5, 0x98, 0x0D,
    0x1B, 0x58, 0xB5, 0x38, 0xAA, 0x1C, 0x73, 0xCE, 0x9C, 0xB1, 0x74, 0xCA, 0xDE, 0x92, 0x9D, 0xA5,
    0x62, 0xEB, 0xCC, 0x38, 0x5C, 0xD4, 0xF9, 0x80, 0xCA, 0x94, 0x28, 0xE2, 0x01, 0xC7, 0x55, 0x8D,
    0xE1, 0x80, 0x26, 0x9D, 0x99, 0x69, 0xA7, 0xCE, 0xB1, 0x50, 0xB6, 0x11, 0x73, 0x65, 0xE3, 0x54,
    0xC5, 0xD2, 0x4C, 0xC4, 0xCE, 0x22, 0xA2, 0xC8, 0x83, 0x1E, 0x6D, 0xCD, 0x8D, 0x37, 0x16, 0xCA,
    0x8D, 0x5A, 0xBD, 0x31, 0xFB, 0xC5, 0x7F, 0xAD, 0x95, 0xE9, 0xD3, 0xDE, 0xE8, 0x72, 0xD2, 0x03,
    0xCE, 0xAF, 0x43, 0x5C, 0x5F, 0x6E, 0x72, 0x0C, 0xF7, 0x19, 0xA6, 0x00, 0x6E, 0x15, 0x2C, 0x96,
    0x9B, 0x8E, 0xE2, 0xEA, 0x72, 0xA3, 0x82, 0x23, 0x00, 0x5F, 0x35, 0xE2, 0x03, 0xB0, 0x83, 0x22,
    0xA7, 0xF1, 0x1A, 0xA6, 0x5D, 0xC6, 0xAA, 0xE4, 0xBC, 0x6F, 0xDA, 0x42, 0xD9, 0x66, 0xAE, 0xD4,
    0x64, 0xAF, 0x24, 0x83, 0xAD, 0x1D, 0xC4, 0xC4, 0xA7, 0x1C, 0x3E, 0xAD, 0xF8, 0x1C, 0xD8, 0x64,
    0x37, 0xF1, 0x09, 0xB9, 0xA0, 0x8B, 0x4F, 0xE0, 0x85, 0x5E, 0xF0, 0x85, 0x5F, 0x00, 0x86, 0x60,
    0x10, 0x86, 0x61, 0x20, 0x0A, 0x45, 0x8A, 0xE1, 0xF4, 0x3F, 0xED, 0xC9, 0x22, 0xA2, 0x20, 0xA7,
    0x39, 0x38, 0x86, 0xD3, 0x2C, 0xB8, 0xCF, 0x82, 0xDB, 0x1C, 0xCD, 0x15, 0xC1, 0xB3, 0xAB, 0x82,
    0xFB, 0x2F, 0x13, 0xFC, 0xE3, 0x2C, 0xF8, 0xEB, 0x2C, 0xF8, 0xD3, 0x10, 0xBC, 0x0A, 0x68, 0x09,
    0xE6, 0xE0, 0xB1, 0x6C, 0x57, 0xCA, 0xF9, 0xC6, 0xDD, 0x15, 0x2C, 0x7E, 0x44, 0x00, 0x16, 0x39,
    0x6C, 0x11, 0x78, 0xC7, 0x39, 0x1E, 0xDC, 0x80, 0xE0, 0xC3, 0x46, 0x4C, 0xD8, 0x61, 0xC6, 0xCA,
    0x39, 0xBC, 0x44, 0x9D, 0x05, 0xA7, 0x72, 0xBA, 0xBB, 0x8E, 0x5F, 0x36, 0xA1, 0xE7, 0x1C, 0xDD,
    0x50, 0x3B, 0x8E, 0x76, 0x30, 0x4D, 0x1F, 0xE4, 0x7C, 0x92, 0x60, 0xB4, 0x0B, 0xBA, 0x3B, 0x0E,
    0x18, 0x97, 0x17, 0x17, 0xA7, 0x1C, 0x9D, 0xEF, 0xE7, 0xF9, 0xF7, 0xCD, 0x88, 0xE1, 0x6B, 0xE1,
    0x03, 0xAC, 0xC0, 0x25, 0x43, 0x5E, 0x00, 0xCC, 0xE1, 0x46, 0xCC, 0xBE, 0xE4, 0xDC, 0xDB, 0x60,
    0x7C, 0xE5, 0x9D, 0xFC, 0x61, 0x49, 0xC1, 0x23, 0xC0, 0x9E, 0xD1, 0xF6, 0x8C, 0xC9, 0xA6, 0xA6,
    0xEC, 0x32, 0x56, 0x53, 0xB5, 0x3E, 0xCE, 0xA2, 0x7B, 0x93, 0x3E, 0xE3, 0xAF, 0xA7, 0xBD, 0xD1,
    0xA6, 0x6A, 0xE3, 0x9D, 0x1E, 0xFB, 0x17, 0x78, 0xB1, 0x43, 0xBD, 0xC1, 0xAC, 0x43, 0xF5, 0x7F,
    0xED, 0x00, 0x2D, 0x86, 0x38, 0x83, 0xE5, 0x10, 0xBE, 0x09, 0xB3, 0x2B, 0x9B, 0xD5, 0x51, 0xF8,
    0xAB, 0xDB, 0xA9, 0xA7, 0x46, 0x1B, 0xCB, 0x88, 0xF1, 0xDA, 0x4E, 0x44, 0x6F, 0x6B, 0xD2, 0x15,
    0x5B, 0xD3, 0xAE, 0xD8, 0xBC, 0x8A, 0xD1, 0x46, 0xEE, 0x94, 0x1C, 0x6B, 0x65, 0xEE, 0x96, 0x99,
    0x57, 0x51, 0xE7, 0x48, 0xC6, 0x9B, 0xD1, 0xCA, 0xE8, 0xE2, 0xC9, 0x82, 0x74, 0x31, 0x67, 0xB6,
    0xBE, 0xB2, 0x6B, 0x91, 0xB1, 0xBF, 0x65, 0xB2, 0x51, 0xFF, 0xFC, 0xE9, 0x6F, 0xAE, 0x0D, 0x6E,
    0x13, 0xE7, 0xDA, 0xEB, 0x52, 0x11, 0x5F, 0xB5, 0x46, 0xD9, 0xED, 0x29, 0x7F, 0xB2, 0x75, 0xBF,
    0xFA, 0x64, 0xA3, 0xFE, 0xE8, 0x8A, 0x06, 0x27, 0x28, 0x52, 0xC7, 0x68, 0x78, 0xF1, 0x50, 0xD9,
    0x62, 0x06, 0xC7, 0xE0, 0x96, 0xFB, 0xEA, 0xCA, 0x9B, 0x4C, 0x97, 0xAE, 0xBF, 0xC9, 0xD4, 0xDF,
    0x95, 0xE6, 0x32, 0x5D, 0xA3, 0xCE, 0x77, 0x71, 0x7F, 0xB4, 0xDA, 0x13, 0xBF, 0xDD, 0x0D, 0xC4,
    0x8F, 0x31, 0x4E, 0xF1, 0xF6, 0x53, 0x8F, 0xF3, 0x06, 0xEE, 0x0A, 0xDD, 0x7F, 0x03, 0x84, 0x8F,
    0x81, 0x86, 0xDD, 0x40, 0x14, 0x86, 0xBF, 0x49, 0x54, 0x10, 0x0C, 0xEC, 0x52, 0xA8, 0x40, 0x01,
    0xEC, 0xBC, 0xC0, 0xBD, 0x7B, 0x53, 0xD0, 0x17, 0xE8, 0x55, 0xF4, 0x1D, 0x0A, 0xA0, 0xD8, 0xED,
    0x8E, 0x42, 0x9F, 0x65, 0xDF, 0xA0, 0x58, 0x12, 0xF6, 0x05, 0x02, 0x05, 0xD0, 0x41, 0x1F, 0x60,
    0x10, 0x15, 0x24, 0x39, 0x9D, 0x33, 0x1D, 0xAB, 0x2D, 0xDA, 0x39, 0xF9, 0x3F, 0xE6, 0xDE, 0xFF,
    0x7E, 0xE7, 0xE6, 0xF2, 0x7C, 0x3E, 0x33, 0x88, 0x08, 0xA2, 0x48, 0xD7, 0x72, 0x17, 0x24, 0x13,
    0x0B, 0xD7, 0x70, 0x0B, 0x2B, 0x66, 0xA1, 0x9E, 0x69, 0x23, 0x36, 0xE0, 0x26, 0x2E, 0x7B, 0x10,
    0xAA, 0x8D, 0x7A, 0xA5, 0x89, 0xB4, 0x01, 0x3B, 0xD2, 0x79, 0x1C, 0x1C, 0xE1, 0x02, 0xB8, 0xC7,
    0xEC, 0xFA, 0x6D, 0x3D, 0x6B, 0xC1, 0x4E, 0x5A, 0x70, 0xD9, 0x77, 0x00, 0x6C, 0x6F, 0x7B, 0x5C,
    0xFE, 0x20, 0x0D, 0x0F, 0x69, 0xCC, 0x6A, 0x52, 0x7B, 0xA9, 0x97, 0xD4, 0xD7, 0x5F, 0x44, 0x1B,
    0x71, 0xC1, 0x85, 0xB4, 0x2B, 0x6F, 0x43, 0x92, 0x31, 0x39, 0xAB, 0xB5, 0x52, 0x6B, 0xF6, 0x66,
    0xB3, 0xBA, 0xBD, 0xF5, 0x74, 0x74, 0x45, 0x77, 0x51, 0xFE, 0xC1, 0x7D, 0xB5, 0x55, 0x5B, 0xBD,
    0xD6, 0x6B, 0x33, 0x37, 0x73, 0x1B, 0xDA, 0x60, 0x47, 0x3B, 0x76, 0xBE, 0xF3, 0xBA, 0xF9, 0x98,
    0xE6, 0x26, 0x0D, 0x7C, 0x01, 0xE6, 0x92, 0x08, 0xA6, 0xA4, 0x0A, 0xDC, 0x89, 0x48, 0xCA, 0x7E,
    0xF9, 0xF6, 0xEB, 0x1B, 0x9A, 0x91, 0x9C, 0xD6, 0x83, 0xD5, 0xF4, 0x29, 0x40, 0x57, 0x72, 0x55,
    0x72, 0x04, 0x0E, 0x25, 0xAA, 0x7F, 0xF8, 0xE7, 0x0A, 0xB2, 0x50, 0x6D, 0x4F, 0xA0, 0x08, 0x33,
    0x54, 0xD9, 0x88, 0x48, 0x54, 0x04, 0x73, 0xBE, 0x3D, 0xF7, 0x59, 0x5B, 0xA0, 0x62, 0x16, 0x8A,
    0x5A, 0xDD, 0x98, 0x82, 0xA2, 0xCF, 0xA8, 0xA7, 0x82, 0x41, 0x64, 0x27, 0x99, 0x36, 0xCE, 0xEF,
    0xD2, 0x3B, 0xFD, 0x7F, 0x37, 0x27, 0x29, 0xCF, 0xDD, 0xAE, 0xCF, 0xB0, 0x31, 0xAC, 0xDC, 0x3D,
    0x6E, 0x5D, 0x1C, 0x1E, 0x57, 0x17, 0x86, 0xCF, 0xEB, 0x29, 0xC8, 0xEB, 0xF5, 0x34, 0x99, 0x1D,
    0xB0, 0x32, 0x82, 0xD3, 0x9D, 0x47, 0x13, 0xE1, 0x26, 0xA3, 0x4A, 0xF8, 0x50, 0x07, 0x38, 0xB4,
    0x63, 0x33, 0x39, 0x79, 0x35, 0xF8, 0x76, 0x71, 0x33, 0xB4, 0x1B, 0x18, 0xF1, 0xD0, 0x7D, 0x07,
    0x5E, 0x38, 0xFF, 0xBE, 0x47, 0x7E, 0xC8, 0x54, 0x87, 0xE1, 0x53, 0x6C, 0xC6, 0x13, 0xD1, 0xFA,
    0x23, 0xB3, 0xED, 0x8F, 0x44, 0xCB, 0x41, 0x91, 0x64, 0xAD, 0xDF, 0x9B, 0xA9, 0x96, 0x6F, 0xE2,
    0xCD, 0x5E, 0x6D, 0xE4, 0xE3, 0x69, 0x46, 0x9C, 0x67, 0xA3, 0x99, 0x71, 0x13, 0xA7, 0x9E, 0x8F,
    0x28, 0xBB, 0x89, 0x26, 0x62, 0x56, 0xB8, 0x85, 0xE7, 0xE4, 0x43, 0xD5, 0x53, 0x4F, 0x54, 0x33,
    0x6C, 0xA5, 0x44, 0x3B, 0x61, 0x27, 0x4E, 0xA3, 0xD9, 0xD5, 0xD0, 0x8D, 0x5C, 0xC3, 0x4B, 0x9E,
    0xCE, 0xA2, 0xA8, 0xA2, 0xB2, 0x1E, 0x95, 0xD6, 0x2B, 0x9D, 0x82, 0x43, 0xE6, 0xFC, 0x54, 0xA1,
    0xF9, 0x55, 0xE9, 0x95, 0xCF, 0xF8, 0xF3, 0x98, 0xFE, 0xEF, 0xC6, 0x95, 0x82, 0x9B, 0xDF, 0x24,
    0xE1, 0xE7, 0xD0, 0x95, 0xD8, 0x21, 0x29, 0x01, 0x00, 0x3D, 0xD0, 0x81, 0x86, 0xDD, 0x40, 0x14,
    0xC6, 0xF1, 0xFF, 0x64, 0x6C, 0x47, 0x77, 0xE8, 0xBC, 0xC1, 0xDE, 0xA2, 0xA0, 0x34, 0x17, 0x8A,
    0x22, 0xE9, 0x9D, 0xE7, 0x29, 0x00, 0x65, 0x11, 0xDD, 0x61, 0x5F, 0xA0, 0x6F, 0xD0, 0xBE, 0xC1,
    0xAE, 0xBA, 0x08, 0x90, 0x79, 0x84, 0xD0, 0x07, 0xE8, 0x28, 0x40, 0x61, 0x10, 0xDC, 0xAA, 0xBD,
    0xA7, 0x27, 0xE9, 0x76, 0xF9, 0x80, 0x7C, 0xF9, 0xE6, 0xF8, 0x31, 0x45, 0x27, 0x25, 0xC4, 0xDA,
    0x72, 0xEC, 0x39, 0x76, 0x6F, 0x97, 0xE1, 0xE5, 0x32, 0x50, 0x87, 0xA6, 0x74, 0x2E, 0xEF, 0x25,
    0xBA, 0xDF, 0x60, 0x2B, 0xA1, 0xD0, 0x16, 0xBE, 0xCD, 0xE6, 0x7B, 0x76, 0xB7, 0xF9, 0xCA, 0xE6,
    0xCE, 0xA5, 0x49, 0xEA, 0x87, 0xBB, 0xAF, 0x04, 0x34, 0x56, 0x16, 0x2B, 0xD5, 0x43, 0x80, 0x17,
    0x37, 0x71, 0x27, 0xF9, 0x79, 0x53, 0x30, 0x05, 0xDD, 0xB1, 0xF3, 0x41, 0x92, 0x7B, 0x80, 0x90,
    0x18, 0x30, 0x05, 0x97, 0x08, 0xDA, 0xF9, 0x35, 0xBF, 0x37, 0xB5, 0xA3, 0x76, 0xA6, 0x6A, 0x67,
    0x77, 0x97, 0xB5, 0x73, 0x23, 0x65, 0x92, 0x72, 0x6F, 0x73, 0xF5, 0x91, 0x1D, 0x74, 0x30, 0x42,
    0xC5, 0xCE, 0xB8, 0x4C, 0x80, 0x16, 0xCC, 0x94, 0xBC, 0xD4, 0xC0, 0x1A, 0xA7, 0xCB, 0x12, 0x5B,
    0x3B, 0x0F, 0xA6, 0x5C, 0x9B, 0x32, 0x6C, 0x6F, 0xF9, 0x07, 0x74, 0xEA, 0x20, 0x71, 0x70, 0x79,
    0xB1, 0x6B, 0x46, 0x9F, 0x0F, 0x7F, 0xD2, 0xE5, 0x17, 0xE8, 0xE1, 0x84, 0x9B, 0xD9, 0x47, 0x98,
    0x92, 0xD5, 0x9D, 0xB4, 0xEC, 0xB8, 0xEE, 0x19, 0xFB, 0x77, 0x63, 0xF7, 0x6A, 0xF9, 0x77, 0x4F,
    0xAF, 0xF7, 0x6C, 0x37, 0x6B, 0xCF, 0x08, 0xE1, 0x07, 0x17, 0x01, 0xAE, 0xE0, 0xCD, 0x96, 0xEE,
    0x31, 0xAF, 0xCF, 0x9F, 0x0F, 0x52, 0x8C, 0x6C, 0x86, 0xA6, 0x5E, 0x50, 0x31, 0x15, 0x9B, 0xD9,
    0x45, 0xC6, 0xED, 0x15, 0x98, 0x24, 0x6B, 0xCC, 0x14, 0xBD, 0x94, 0x67, 0x6B, 0xA1, 0x20, 0xC9,
    0x9C, 0xC1, 0x65, 0xEC, 0xAC, 0x39, 0xBA, 0x7C, 0x23, 0xD1, 0x9F, 0x36, 0x67, 0x5F, 0x57, 0xE7,
    0x8F, 0xC5, 0xFC, 0x9C, 0xED, 0x6D, 0x0E, 0xEA, 0x6C, 0xF5, 0xEB, 0xB2, 0x3A, 0xFB, 0xB8, 0x39,
    0x9F, 0x94, 0xDA, 0x45, 0x3C, 0xAB, 0x61, 0x90, 0xF9, 0xB2, 0xA9, 0x50, 0xD9, 0x0C, 0xF7, 0x92,
    0xDD, 0x79, 0x35, 0x32, 0xCB, 0x23, 0x57, 0xAF, 0xA4, 0x77, 0x71, 0x74, 0xB9, 0xDA, 0x35, 0x8B,
    0x4F, 0x9F, 0x26, 0xFC, 0x49, 0x71, 0xAA, 0x52, 0x1F, 0x6D, 0xBE, 0xF7, 0x69, 0xEB, 0xC1, 0x00,
    0x95, 0xA6, 0x6C, 0x3F, 0x46, 0x5A, 0x56, 0x1F, 0xA7, 0x3E, 0xF1, 0xF8, 0xDF, 0x39, 0xB5, 0x4D,
    0x51, 0x9F, 0xE1, 0xE9, 0xAD, 0xCD, 0x79, 0x2F, 0x69, 0x50, 0xE1, 0x66, 0xD6, 0xB5, 0xE1, 0xC9,
    0xB9, 0x85, 0x11, 0x5B, 0x56, 0xE7, 0xBF, 0x6D, 0xD4, 0x01, 0x84, 0x25, 0xC9, 0x19, 0xC0, 0xF1,
    0x7F, 0x77, 0xEF, 0x5E, 0x73, 0x85, 0x5A, 0xD8, 0xC0, 0xC9, 0x34, 0x1C, 0x82, 0xCC, 0x36, 0x1C,
    0x82, 0x99, 0xEE, 0x26, 0x38, 0x2C, 0x76, 0x90, 0xCE, 0x92, 0xC3, 0x04, 0x00, 0x98, 0x00, 0x16,
    0xEF, 0xCD, 0x6B, 0x16, 0x8B, 0xC3, 0x1E, 0x92, 0x04, 0x00, 0x12, 0x00, 0x81, 0xC1, 0xE0, 0xED,
    0x76, 0xE5, 0x06, 0x01, 0x6C, 0xEF, 0x6E, 0x36, 0x41, 0x70, 0x9D, 0xC8, 0x09, 0x20, 0xB5, 0xA7,
    0x47, 0x7A, 0x6C, 0xF7, 0x54, 0xBE, 0xCF, 0x7B, 0xFB, 0x26, 0xE7, 0x6E, 0xD8, 0xDF, 0xEA, 0x6A,
    0xDF, 0xD7, 0xDF, 0xFB, 0xAA, 0xEA, 0x83, 0x0F, 0x3F, 0x04, 0xF6, 0xF6, 0x84, 0xFD, 0x7D, 0xE1,
    0xE0, 0x00, 0xA2, 0x30, 0x81, 0x0D, 0x33, 0x94, 0x97, 0xA1, 0xE2, 0xDA, 0x07, 0x17, 0x8F, 0xFD,
    0xBB, 0x2E, 0x7D, 0xFB, 0xF2, 0x75, 0x67, 0x5E, 0x7D, 0xE9, 0xB0, 0x17, 0x17, 0x8E, 0xEC, 0xF1,
    0x93, 0x86, 0xFC, 0xD3, 0xFB, 0x15, 0xA5, 0xB1, 0x50, 0x5A, 0x45, 0x33, 0x9D, 0x6A, 0xA6, 0xA5,
    0x64, 0xDA, 0xF2, 0xE8, 0x91, 0x70, 0x76, 0x06, 0x85, 0xF7, 0x9F, 0x50, 0xFA, 0x7E, 0x22, 0x7F,
    0xF9, 0x6A, 0xC0, 0xFE, 0xF3, 0xEF, 0x3D, 0x69, 0x08, 0x8D, 0x30, 0x83, 0x79, 0xD0, 0x80, 0xB5,
    0x6C, 0xD1, 0x4C, 0x40, 0x3E, 0x6B, 0x41, 0xC1, 0x61, 0xAE, 0x8E, 0x3D, 0x99, 0x54, 0x42, 0x09,
    0x6B, 0x0A, 0xB8, 0xC3, 0x12, 0x60, 0x0D, 0x44, 0x73, 0x7D, 0x84, 0x09, 0xA1, 0xC7, 0x2A, 0x1C,
    0x02, 0x14, 0xC0, 0xED, 0x55, 0x5D, 0x91, 0x69, 0x7C, 0xAE, 0x50, 0x10, 0x35, 0x2C, 0x49, 0x3A,
    0x46, 0x92, 0x3E, 0xEE, 0x88, 0xBD, 0xB9, 0xFE, 0x22, 0xF2, 0x65, 0x08, 0x7F, 0xF0, 0xC5, 0x07,
    0x6D, 0xF0, 0x4B, 0xA2, 0xD6, 0xB1, 0x72, 0x0C, 0xC8, 0xFF, 0x5E, 0x88, 0x3C, 0xEF, 0x3A, 0xE1,
    0xBF, 0x7D, 0xDC, 0xF3, 0x4D, 0x9F, 0xF4, 0xD1, 0x37, 0x3E, 0xE9, 0xA2, 0xB7, 0x42, 0xDC, 0x0F,
    0x69, 0x57, 0xF6, 0x21, 0x4C, 0x65, 0x27, 0x24, 0xEE, 0xDC, 0x34, 0x89, 0x5B, 0xDB, 0x2A, 0x75,
    0x0B, 0x5B, 0xB5, 0x61, 0xB2, 0x43, 0x08, 0x73, 0xE6, 0x6D, 0x55, 0x64, 0xD8, 0xEA, 0xDE, 0x3D,
    0x2C, 0xF9, 0x21, 0x19, 0xD9, 0x21, 0x39, 0x76, 0x81, 0x2C, 0x4C, 0x1C, 0x6E, 0x30, 0x23, 0x84,
    0x11, 0xC4, 0x50, 0x89, 0x57, 0x27, 0x0E, 0xA2, 0xC1, 0x88, 0xB1, 0x4F, 0xBB, 0xF7, 0x26, 0xDE,
    0x38, 0xB1, 0xB7, 0x5F, 0x5E, 0x93, 0x74, 0xF6, 0x69, 0x20, 0xED, 0x56, 0xF9, 0x2F, 0x48, 0xC3,
    0x74, 0x08, 0x26, 0xF4, 0xA2, 0xFD, 0xCA, 0x15, 0xE2, 0xE7, 0xAE, 0x14, 0x3F, 0xED, 0xAC, 0x23,
    0xFB, 0x69, 0x9F, 0xF6, 0x64, 0x89, 0x8F, 0x3D, 0xB9, 0xFC, 0x93, 0x36, 0x46, 0x03, 0xDA, 0xC7,
    0x11, 0xF5, 0x19, 0x5A, 0x42, 0xF9, 0xDB, 0x81, 0x05, 0x59, 0xE8, 0x59, 0x13, 0x6B, 0x11, 0x03,
    0xAC, 0x95, 0xF3, 0xC8, 0xC3, 0x10, 0x29, 0x12, 0x1C, 0xF9, 0xB8, 0x17, 0x92, 0x8E, 0xB8, 0x17,
    0x92, 0xBE, 0x0C, 0xDA, 0x02, 0xE5, 0xA3, 0xBF, 0xFE, 0xE7, 0xE1, 0x5F, 0xD2, 0x8B, 0x17, 0xA9,
    0x33, 0x8F, 0x5F, 0x98, 0xA6, 0x7D, 0xF2, 0x54, 0x5A, 0xF0, 0xC0, 0x5A, 0x7F, 0x6C, 0xAD, 0x3D,
    0xB2, 0x7B, 0x36, 0x23, 0xFB, 0xB1, 0xDD, 0x23, 0x3B, 0xB0, 0xFB, 0xDC, 0x7B, 0x64, 0x0F, 0xB8,
    0x77, 0x26, 0x14, 0xDE, 0xAE, 0x29, 0x7B, 0x2B, 0x65, 0x75, 0x76, 0x80, 0x36, 0x34, 0xB6, 0x12,
    0xBD, 0x38, 0x3F, 0x1C, 0x33, 0x18, 0x99, 0x72, 0x90, 0xF2, 0x72, 0x22, 0x3F, 0x2E, 0x0A, 0xE2,
    0xAD, 0xC3, 0xFA, 0x90, 0xE4, 0x1F, 0xF2, 0x80, 0xBA, 0x26, 0x79, 0x25, 0x4B, 0xA4, 0xAF, 0xE5,
    0x81, 0xF4, 0x42, 0x35, 0x17, 0xB2, 0x84, 0xFD, 0xF3, 0xC5, 0x5B, 0x8F, 0x7D, 0x22, 0x4B, 0xD8,
    0xFB, 0xB2, 0x44, 0xF6, 0xE0, 0xC9, 0x6B, 0x51, 0x96, 0x7A, 0x72, 0xDD, 0x33, 0xD5, 0x3A, 0x8A,
    0xAC, 0x6E, 0xE1, 0x30, 0x0F, 0x33, 0x6A, 0x07, 0x68, 0xF3, 0xD1, 0xAE, 0x83, 0x0D, 0xD7, 0x5B,
    0x90, 0x08, 0xEE, 0x08, 0xE6, 0xDA, 0x38, 0xCA, 0xF0, 0xA2, 0x61, 0x8E, 0xBE, 0x6A, 0xA4, 0xAF,
    0x65, 0x95, 0x48, 0x4A, 0xD2, 0x8E, 0x0C, 0x79, 0x95, 0x2B, 0xC5, 0x8E, 0xA5, 0x32, 0xC9, 0xDB,
    0x78, 0x22, 0xB9, 0x3A, 0x59, 0xEB, 0x8D, 0x3B, 0x87, 0x55, 0xF7, 0x7B, 0x00, 0xB8, 0x5B, 0xD7,
    0x3F, 0x63, 0x25, 0xCD, 0xDC, 0x00, 0x6D, 0x0F, 0x46, 0xAB, 0x29, 0xDF, 0xB4, 0xD2, 0x0F, 0xAC,
    0x8B, 0x07, 0xC9, 0x91, 0xF4, 0xC4, 0x95, 0xA4, 0x02, 0xFB, 0xA6, 0x46, 0x8F, 0x39, 0xE4, 0x4A,
    0x09, 0x5B, 0x0A, 0x65, 0x25, 0xE9, 0x24, 0xD5, 0xB4, 0x65, 0x09, 0x5B, 0x0A, 0x58, 0x50, 0xC2,
    0x44, 0xD6, 0x24, 0x1E, 0x7B, 0x79, 0xD2, 0x91, 0xE8, 0xE1, 0x63, 0x35, 0x6C, 0x32, 0x3C, 0x17,
    0xA2, 0x89, 0x82, 0xD4, 0xB3, 0xC4, 0x3A, 0xA1, 0xAC, 0x58, 0xCB, 0x3A, 0xEB, 0x78, 0x84, 0x49,
    0xD6, 0x19, 0xAD, 0x13, 0x4A, 0xF8, 0xC1, 0xD5, 0x75, 0x7D, 0xA4, 0xC7, 0x60, 0x50, 0x7C, 0xE2,
    0x27, 0x6D, 0xD9, 0x52, 0x29, 0x21, 0xED, 0xB2, 0x06, 0xE3, 0xAC, 0x13, 0xD2, 0x5E, 0x92, 0xE9,
    0x27, 0x9B, 0x68, 0x14, 0xB4, 0x82, 0x8A, 0x53, 0x72, 0x28, 0xD1, 0xD8, 0x6B, 0x65, 0xBE, 0x5B,
    0x3F, 0xD7, 0xD2, 0x17, 0x00, 0x6B, 0x65, 0x42, 0xB9, 0x25, 0x8C, 0x4B, 0xB4, 0x6D, 0x4A, 0x07,
    0x66, 0x86, 0xA8, 0xF5, 0x60, 0xDE, 0xF9, 0x8F, 0x31, 0x8F, 0xFF, 0x3D, 0x70, 0x2B, 0x0D, 0xFD,
    0xE6, 0x05, 0x6D, 0xA7, 0xED, 0x73, 0x90, 0x3F, 0x15, 0x7E, 0x64, 0x1B, 0xC0, 0x56, 0x42, 0xA6,
    0xE4, 0xBC, 0x27, 0x84, 0x51, 0x09, 0x30, 0xD7, 0x27, 0x0D, 0x23, 0xC6, 0x45, 0x03, 0x49, 0x97,
    0x69, 0x41, 0xB9, 0x92, 0x5E, 0xD6, 0x0F, 0xFF, 0x95, 0xF4, 0xA4, 0x9D, 0x60, 0x9C, 0x16, 0x39,
    0xAD, 0x84, 0x31, 0x7B, 0x53, 0x1F, 0x1F, 0x59, 0x47, 0xAE, 0xBF, 0x68, 0xC2, 0x86, 0xE0, 0x91,
    0xB0, 0x86, 0xAC, 0x3E, 0xD2, 0xEC, 0x7C, 0x67, 0x53, 0x96, 0x3B, 0x80, 0x85, 0x72, 0xA6, 0xF8,
    0x2D, 0x91, 0x56, 0x9F, 0x05, 0xDD, 0xB3, 0xDF, 0x05, 0xA2, 0x31, 0xFD, 0xA3, 0x1C, 0x29, 0x6B,
    0x9D, 0xF4, 0xEF, 0x83, 0xCA, 0x36, 0x3F, 0xD4, 0xA4, 0x07, 0x9A, 0xEF, 0x27, 0x50, 0x68, 0xE8,
    0x29, 0x5E, 0xF3, 0x5D, 0xD6, 0xB2, 0x31, 0xE1, 0x9A, 0x75, 0x22, 0x4C, 0x49, 0x73, 0xC8, 0x64,
    0xAA, 0x05, 0x6B, 0x8B, 0xB0, 0xC7, 0x39, 0xEB, 0x7D, 0x06, 0x4E, 0x0F, 0x62, 0x4F, 0x79, 0x6E,
    0x3A, 0xB2, 0xAB, 0xB6, 0xD9, 0x9C, 0xAD, 0x38, 0x74, 0x42, 0x07, 0x24, 0x4E, 0x48, 0x1B, 0xE1,
    0x36, 0xB0, 0x6D, 0x71, 0x1E, 0xB4, 0x96, 0xDF, 0x04, 0x69, 0x20, 0xB9, 0xBE, 0xB3, 0x6E, 0x47,
    0x73, 0xBB, 0xAE, 0x8F, 0x7F, 0x7D, 0x33, 0x04, 0x20, 0xD7, 0x5C, 0x33, 0xDC, 0x3D, 0xF9, 0xBA,
    0x3E, 0x6A, 0xF5, 0x44, 0x04, 0xF9, 0xD3, 0x89, 0x01, 0x66, 0x17, 0xA8, 0xC8, 0xA3, 0x64, 0x4C,
    0x7B, 0x9E, 0x49, 0xC0, 0x67, 0x23, 0xB4, 0xFA, 0xB5, 0x8F, 0xAE, 0x00, 0x38, 0x50, 0x1E, 0x7D,
    0xAB, 0x39, 0xAD, 0x7F, 0x7F, 0x17, 0xFE, 0x16, 0x2A, 0xE6, 0xF4, 0xA9, 0xDC, 0x05, 0x73, 0xDF,
    0x49, 0x73, 0x92, 0xC6, 0xB8, 0x3D, 0xAD, 0x66, 0x5F, 0x77, 0x56, 0x42, 0x73, 0x0D, 0x2D, 0x39,
    0x53, 0x3C, 0x14, 0x51, 0x0F, 0xCB, 0xB8, 0x13, 0x12, 0x27, 0xA4, 0x8D, 0x60, 0x10, 0x2C, 0x77,
    0x28, 0xF6, 0xF4, 0x2E, 0x1C, 0x30, 0x91, 0xAF, 0xF5, 0x60, 0xCE, 0xBB, 0xBB, 0x10, 0x06, 0xD0,
    0x50, 0x24, 0x6A, 0x4B, 0x54, 0x09, 0x56, 0x37, 0xDE, 0x2A, 0xF2, 0xF3, 0x65, 0x9B, 0x77, 0x7F,
    0xF2, 0xB8, 0xB9, 0x06, 0x5E, 0xE9, 0x89, 0x06, 0x10, 0x76, 0x43, 0xE4, 0x86, 0x5E, 0xE9, 0x84,
    0x74, 0xD7, 0x18, 0x61, 0xD7, 0x56, 0x94, 0xEF, 0x9C, 0xD3, 0x48, 0xD3, 0xDF, 0x7C, 0x1C, 0x4C,
    0x85, 0xA6, 0x91, 0xEF, 0x3E, 0xBC, 0xAC, 0xF2, 0xDD, 0x77, 0x35, 0xFF, 0x36, 0xB5, 0x26, 0xBC,
    0x5B, 0xB7, 0x3A, 0x51, 0x67, 0x08, 0xE1, 0x8B, 0xF7, 0x47, 0xF1, 0x66, 0x27, 0x53, 0x2F, 0xC4,
    0xC3, 0xEE, 0x96, 0x3D, 0x57, 0x4A, 0x25, 0x73, 0xC2, 0xED, 0xEA, 0x7B, 0x8A, 0xBC, 0xA5, 0x2C,
    0x84, 0xCF, 0x47, 0xC8, 0x74, 0xDF, 0xF2, 0x11, 0xA2, 0xD0, 0x68, 0x73, 0xF8, 0x15, 0x76, 0x25,
    0x59, 0x6F, 0x15, 0x7A, 0xFF, 0x56, 0x33, 0xFA, 0x22, 0x3A, 0xCA, 0x26, 0x92, 0xAE, 0x9C, 0x48,
    0xDD, 0x27, 0x93, 0xE6, 0xD1, 0xEB, 0xCF, 0x40, 0xAE, 0x0D, 0x3A, 0x25, 0xF6, 0xF1, 0x44, 0x7C,
    0x79, 0xE2, 0xB5, 0xF7, 0x4E, 0xB8, 0x02, 0x51, 0x32, 0xA6, 0x21, 0x0C, 0x98, 0x37, 0x3F, 0xD7,
    0x20, 0x9E, 0x6B, 0xCD, 0xA5, 0x46, 0x6E, 0xC9, 0x2A, 0x85, 0xCD, 0x08, 0x79, 0x86, 0x0E, 0xAD,
    0x68, 0x55, 0x1F, 0x7B, 0xED, 0x90, 0x13, 0x24, 0xCD, 0xF2, 0x5B, 0x53, 0x44, 0x3A, 0xE4, 0x51,
    0x64, 0x68, 0xD5, 0x47, 0xDF, 0xBB, 0x3B, 0xF0, 0xCB, 0x8F, 0x05, 0x7F, 0xB6, 0xC3, 0x43, 0xFB,
    0x7F, 0x33, 0x62, 0xB5, 0x9B, 0x11, 0x69, 0x17, 0x79, 0x21, 0x56, 0x24, 0xD6, 0x28, 0x56, 0xE7,
    0x73, 0x5E, 0xA5, 0x5F, 0xD7, 0xB3, 0x16, 0xDF, 0x63, 0x74, 0xB3, 0xEC, 0xB6, 0xF8, 0x4C, 0x2E,
    0x31, 0xB6, 0xC9, 0xAA, 0x0D, 0x59, 0x93, 0x43, 0x5E, 0x09, 0xE5, 0x76, 0xEC, 0xD6, 0x9F, 0x4D,
    0x9B, 0xFA, 0x56, 0x7A, 0x08, 0xA3, 0xDE, 0xB3, 0x21, 0x7E, 0xA9, 0x1B, 0xFB, 0x27, 0xE1, 0x7F,
    0xA5, 0xD6, 0x09, 0x8A, 0xE3, 0x46, 0x17, 0x00, 0xE0, 0x4F, 0xD6, 0xCC, 0xE8, 0xFF, 0x63, 0xA0,
    0x02, 0x0C, 0x3B, 0x41, 0x0D, 0x04, 0x48, 0x80, 0xC4, 0x2C, 0x61, 0xB7, 0x5B, 0x0E, 0x39, 0x40,
    0xE6, 0x08, 0x61, 0xCF, 0x11, 0x02, 0x98, 0xB6, 0x6E, 0x90, 0x1C, 0x67, 0x80, 0x5E, 0x2A, 0x27,
    0x88, 0x8E, 0xE0, 0x1B, 0x44, 0x04, 0x01, 0x82, 0xC8, 0xED, 0x54, 0x35, 0x88, 0x36, 0x43, 0x67,
    0x99, 0xEE, 0x02, 0x7F, 0xC0, 0x2B, 0xC1, 0x7B, 0xAF, 0x16, 0xCA, 0x16, 0x10, 0x22, 0x9A, 0x2D,
    0x8E, 0x28, 0x07, 0x84, 0x0E, 0xCD, 0xE9, 0x74, 0x9A, 0x1E, 0x08, 0x71, 0x9E, 0x70, 0x34, 0x7F,
    0x9C, 0x83, 0x16, 0x00, 0x01, 0x4D, 0xE4, 0xD4, 0x2B, 0x4F, 0x93, 0xF0, 0x5B, 0xA3, 0x09, 0x21,
    0x5E, 0x87, 0xF2, 0x70, 0x11, 0xB4, 0x02, 0xCF, 0xFE, 0xD1, 0xA2, 0xEC, 0x51, 0x4C, 0xB0, 0x87,
    0x3A, 0xCA, 0xC1, 0xC7, 0x2A, 0x51, 0xF5, 0xF3, 0xC4, 0x7E, 0xFE, 0xB8, 0xEC, 0xA1, 0xF5, 0x92,
    0x0A, 0x72, 0x07, 0xB9, 0x93, 0xDC, 0x51, 0xEE, 0x2C, 0x77, 0x98, 0x3B, 0xD5, 0x44, 0x02, 0xE0,
    0xFF, 0x7E, 0x60, 0xF5, 0xED, 0xC8, 0xAD, 0x5B, 0x8B, 0xD1, 0xAA, 0x5D, 0x1E, 0x2C, 0x0F, 0xAB,
    0x56, 0x31, 0xDE, 0xA5, 0x02, 0xEF, 0xF7, 0x89, 0x63, 0xBD, 0xB5, 0x18, 0xAA, 0x34, 0xD1, 0x15,
    0xA3, 0xD5, 0xD6, 0x95, 0x1B, 0x6A, 0x03, 0xAF, 0xBD, 0x7B, 0xF1, 0x5A, 0x7E, 0x13, 0x8A, 0x78,
    0x13, 0xAA, 0x43, 0xF3, 0x7D, 0xFD, 0xF7, 0x95, 0x42, 0x73, 0x1A, 0x67, 0x22, 0x2E, 0x07, 0xAC,
    0x8F, 0x99, 0x66, 0x9B, 0x08, 0x5D, 0xA2, 0x1C, 0x12, 0x8E, 0xBC, 0x95, 0x83, 0x72, 0xF0, 0x83,
    0x63, 0x30, 0x07, 0x0F, 0xD0, 0x02, 0xEE, 0x72, 0xC2, 0x0C, 0x21, 0x73, 0x99, 0x28, 0xA6, 0x44,
    0xD5, 0x27, 0xEA, 0x98, 0xD8, 0xEB, 0x53, 0x48, 0x9F, 0x42, 0xDE, 0x7D, 0xB0, 0x63, 0x8F, 0x9B,
    0xB8, 0x82, 0xFF, 0x99, 0xC7, 0x67, 0xF8, 0xD7, 0x4A, 0x7A, 0x3D, 0x53, 0xA6, 0xC9, 0x84, 0xD8,
    0xE7, 0x60, 0xC2, 0x94, 0x69, 0xE6, 0xAA, 0xCE, 0x8A, 0x04, 0x45, 0x37, 0xA7, 0x7E, 0xBA, 0x9A,
    0xB5, 0x3D, 0xEB, 0x1C, 0x5A, 0xE7, 0xD0, 0xBA, 0x8E, 0x89, 0x46, 0x62, 0x42, 0xD3, 0x67, 0xA2,
    0xF3, 0x85, 0x9D, 0xC7, 0x2D, 0xDC, 0x75, 0xA8, 0x06, 0x98, 0x2C, 0xD8, 0x09, 0xD1, 0x46, 0xB3,
    0x4D, 0x1C, 0xD9, 0xE5, 0x66, 0xC6, 0xD0, 0xA9, 0x1E, 0x0E, 0x74, 0xB7, 0x4A, 0x27, 0xC5, 0x32,
    0x62, 0x31, 0xC0, 0xCD, 0xD3, 0xD7, 0x8E, 0x5B, 0x54, 0xF7, 0xA8, 0x3B, 0x34, 0xB0, 0xA1, 0xB5,
    0x53, 0xF6, 0x89, 0x62, 0xB2, 0x61, 0xAF, 0xA1, 0x8E, 0xA1, 0x4B, 0xC1, 0x2A, 0x5F, 0x15, 0xE9,
    0x28, 0x8E, 0xA8, 0x0E, 0xA8, 0x5B, 0x5C, 0xA1, 0x18, 0xCF, 0xEF, 0xCB, 0x02, 0x42, 0x8B, 0x06,
    0xA6, 0x79, 0x2E, 0x44, 0xE4, 0x22, 0xB7, 0x0F, 0x84, 0x56, 0xD8, 0x96, 0x7D, 0xC2, 0x94, 0x69,
    0x32, 0x75, 0x9B, 0x78, 0x23, 0xE1, 0xE3, 0x78, 0x8D, 0x0B, 0xB8, 0x36, 0x27, 0x0E, 0x71, 0xCE,
    0xEC, 0xA1, 0xEE, 0x93, 0x8C, 0x1D, 0xD3, 0xDC, 0x65, 0x88, 0x89, 0x46, 0xE2, 0x26, 0xF3, 0x79,
    0xC6, 0x7F, 0xE7, 0x2D, 0xE0, 0x13, 0x1F, 0x57, 0xEE, 0x22, 0x13, 0xDA, 0xB9, 0xE9, 0x69, 0x5E,
    0x88, 0x10, 0x13, 0x8F, 0x2B, 0x74, 0xDE, 0xC0, 0x63, 0x57, 0x2D, 0x16, 0xF8, 0x02, 0x76, 0x1F,
    0xC7, 0x45, 0xE6, 0xDA, 0xDC, 0x74, 0x88, 0xF3, 0x42, 0x9C, 0xAF, 0xD0, 0x13, 0x9B, 0x36, 0x2F,
    0xAC, 0x0B, 0xF3, 0xA8, 0xEF, 0x71, 0x77, 0xEA, 0x2C, 0xC6, 0x6A, 0x50, 0x76, 0x26, 0xCB, 0x68,
    0x2D, 0x6C, 0x6D, 0x04, 0xBE, 0xCE, 0xF8, 0x80, 0x4F, 0x83, 0xAD, 0x9F, 0xC2, 0xA2, 0x73, 0x15,
    0x96, 0x07, 0xF5, 0xCF, 0xAB, 0x56, 0xF5, 0xFB, 0x2D, 0xC5, 0x69, 0xC4, 0x7E, 0x3E, 0x55, 0xDE,
    0x98, 0xC7, 0xDD, 0x40, 0x75, 0xBA, 0x27, 0x74, 0xAB, 0x56, 0xA3, 0xCA, 0x49, 0xCA, 0x83, 0x9D,
    0xA2, 0xF7, 0x9E, 0x9E, 0xA7, 0x28, 0xF4, 0xAF, 0x54, 0x6D, 0xFF, 0x95, 0xEA, 0xD0, 0xDF, 0x28,
    0xC6, 0x3F, 0x06, 0xAE, 0xFE, 0xEC, 0xA8, 0x4F, 0x5B, 0xAA, 0x23, 0x8A, 0x01, 0xDE, 0xA1, 0x39,
    0x4D, 0x33, 0x1D, 0xAF, 0x9A, 0x81, 0xF5, 0xE6, 0x96, 0x69, 0xB3, 0x4A, 0x3B, 0xB3, 0x59, 0xC6,
    0x65, 0xDC, 0x94, 0x7D, 0xD8, 0x6E, 0x0C, 0xB5, 0x2F, 0x8D, 0x97, 0xD8, 0x6D, 0x32, 0x6B, 0xAC,
    0x1F, 0x79, 0x88, 0x5D, 0xE2, 0x7A, 0x85, 0x31, 0x6C, 0x15, 0xFD, 0x32, 0x2A, 0x0F, 0x79, 0x7F,
    0xA3, 0x7B, 0x77, 0x72, 0x1E, 0xDE, 0x9C, 0x7E, 0x39, 0xCB, 0x6A, 0x99, 0xA9, 0x33, 0x57, 0xBB,
    0xB5, 0x62, 0xDC, 0xED, 0x95, 0x87, 0x5D, 0x88, 0x21, 0xEE, 0xCA, 0xAE, 0xDE, 0xEE, 0x8A, 0x7E,
    0xE5, 0x47, 0xC3, 0x06, 0xEF, 0x5F, 0x9C, 0xF7, 0x9F, 0xDE, 0xC5, 0xEA, 0xF1, 0x5D, 0x3C, 0xBF,
    0xE7, 0x0B, 0x57, 0x84, 0x5F, 0x47, 0x9A, 0xEF, 0x0E, 0x1C, 0xB5, 0xCF, 0x79, 0xEF, 0x9F, 0xF3,
    0xAF, 0xA1, 0xCD, 0x29, 0xFB, 0x9C, 0x7C, 0x62, 0xF1, 0xAC, 0x17, 0xFC, 0x2F, 0x4C, 0xD1, 0x21,
    0x8C, 0xF4, 0x44, 0x18, 0xC6, 0xF1, 0x7F, 0xDB, 0x7C, 0x5F, 0x43, 0x2A, 0x8A, 0x41, 0x21, 0x6A,
    0x51, 0x8C, 0xC5, 0xEC, 0x76, 0xBC, 0xC1, 0x50, 0x75, 0x5E, 0xE3, 0x49, 0x2F, 0x2D, 0xDE, 0x60,
    0xF0, 0x06, 0xAF, 0x11, 0xCD, 0xB5, 0x78, 0x41, 0xBD, 0xA1, 0x06, 0xF4, 0x88, 0x92, 0x54, 0xEC,
    0xDE, 0xF0, 0x3E, 0x3B, 0xB9, 0x2D, 0x23, 0x7E, 0xF7, 0xE6, 0x3A, 0xF3, 0x74, 0xBA, 0x0F, 0xD9,
    0x6F, 0x00, 0xB3, 0x68, 0x16, 0xA3, 0x0C, 0x46, 0x76, 0x18, 0xF4, 0xE2, 0x0A, 0xE5, 0x7B, 0x03,
    0x43, 0xFC, 0xCB, 0x67, 0x77, 0xE6, 0xB1, 0xD8, 0x70, 0x63, 0xBD, 0x50, 0x2F, 0x8D, 0x37, 0x1C,
    0x46, 0x6B, 0x8C, 0x57, 0x68, 0x1E, 0xF8, 0x0B, 0x38, 0x1D, 0xBC, 0x8A, 0x9E, 0x86, 0x6C, 0xA7,
    0x5E, 0xAB, 0x8D, 0x3C, 0x46, 0x0F, 0x3F, 0xEE, 0x00, 0x95, 0xAC, 0x85, 0x3B, 0x8C, 0xCB, 0x64,
    0x4C, 0x62, 0xEF, 0x21, 0x0F, 0x46, 0xB1, 0x5E, 0xA0, 0x5A, 0xAE, 0x29, 0x1C, 0x47, 0xAB, 0x48,
    0x07, 0x93, 0x38, 0x68, 0x7C, 0xB6, 0x1B, 0x45, 0xB0, 0xE7, 0xE5, 0x6A, 0x7C, 0xDC, 0xAA, 0x5A,
    0x5A, 0x8C, 0xA1, 0xEB, 0x5E, 0xD6, 0x39, 0xC6, 0xB8, 0x44, 0x41, 0xD7, 0x75, 0x3F, 0x60, 0xD3,
    0x91, 0x19, 0xBB, 0x9D, 0xCD, 0x43, 0x1E, 0x0C, 0x0B, 0x28, 0x1E, 0x6C, 0xC5, 0x66, 0x58, 0x54,
    0xB9, 0x1A, 0xD5, 0x52, 0x2D, 0x86, 0x42, 0x85, 0xC5, 0x8F, 0x86, 0xC5, 0x37, 0xFE, 0x81, 0x03,
    0x87, 0xD1, 0xD2, 0x1A, 0xCF, 0xEF, 0x7D, 0xE5, 0x55, 0x4C, 0x30, 0x89, 0x1B, 0x34, 0x7A, 0x3B,
    0x2E, 0x69, 0x97, 0xB0, 0xC3, 0x23, 0xE8, 0x86, 0xB2, 0xD8, 0x64, 0xBE, 0x4B, 0x6E, 0x82, 0x57,
    0x41, 0x2B, 0x68, 0xBC, 0xAC, 0xFF, 0xBF, 0x35, 0x48, 0xF6, 0xF3, 0x58, 0xB9, 0x3D, 0xEB, 0xA3,
    0x3D, 0x73, 0x8A, 0x5D, 0xD6, 0xAB, 0x74, 0xA3, 0x7C, 0x13, 0xD9, 0x4D, 0x96, 0xE1, 0xCC, 0x6D,
    0x7F, 0xED, 0x3A, 0x33, 0xAA, 0x9D, 0xC1, 0x24, 0xAD, 0x59, 0xA3, 0x38, 0x2F, 0xA5, 0xA3, 0xD9,
    0x6E, 0x14, 0x41, 0xAC, 0x46, 0xB5, 0xCC, 0x81, 0xDA, 0xC7, 0x80, 0xD3, 0xD5, 0xAE, 0x64, 0x81,
    0x5E, 0x1C, 0xB0, 0x67, 0xC1, 0x28, 0x36, 0xA3, 0x5C, 0xE0, 0xA8, 0x8D, 0xDF, 0x6B, 0x0F, 0x93,
    0x03, 0xFA, 0x8B, 0x98, 0xC4, 0x6E, 0x5C, 0x83, 0xD1, 0x6E, 0x62, 0x31, 0x66, 0x5F, 0x6D, 0x65,
    0xDC, 0x86, 0x5B, 0xFD, 0x47, 0xD8, 0x5E, 0x1D, 0x3F, 0x8D, 0xDF, 0x5E, 0x68, 0x71, 0x3D, 0x97,
    0xC4, 0xB5, 0xE7, 0x8D, 0x4B, 0x9F, 0xFD, 0x49, 0xDF, 0x96, 0xDF, 0xFF, 0x7C, 0x34, 0xEF, 0x45,
    0xDC, 0xCA, 0xDD, 0x0E, 0xF2, 0xB1, 0x9A, 0x18, 0xCC, 0x21, 0x6E, 0xCF, 0x9F, 0x76, 0x17, 0x59,
    0x32, 0xC8, 0x5C, 0x52, 0x24, 0x37, 0xE4, 0x2A, 0xCB, 0xE4, 0x72, 0x16, 0x55, 0x27, 0x47, 0xA4,
    0x97, 0x4D, 0x52, 0xE0, 0xCE, 0xCE, 0xB8, 0x0A, 0x2E, 0x9C, 0x5D, 0xF6, 0xC0, 0x77, 0x4C, 0xAA,
    0x80, 0x9B, 0xD9, 0xFA, 0x03, 0x55, 0xB3, 0x9B, 0xC5, 0xBF, 0xC1, 0x24, 0x4A, 0xDA, 0x55, 0x7E,
    0x12, 0xCC, 0x23, 0x4B, 0x11, 0xF7, 0x3C, 0xD4, 0xFF, 0xC4, 0x97, 0xB5, 0xF1, 0x2E, 0x8E, 0x9F,
    0xC9, 0xEF, 0x68, 0xE9, 0x6F, 0x41, 0x1D, 0xD7, 0x7A, 0x69, 0x5F, 0xEE, 0x83, 0xEF, 0x99, 0xDF,
    0xF9, 0x86, 0xAF, 0xF7, 0xE7, 0xFB, 0xA7, 0xF4, 0x71, 0xB5, 0xF5, 0x17, 0xC4, 0xF6, 0xA9, 0x1B,
    0x3A, 0x9F, 0xAE, 0xC5, 0x91, 0x1E, 0xF2, 0xD5, 0xCB, 0xDF, 0x9D, 0x57, 0xF1, 0xA3, 0xF0, 0xF4,
    0x00, 0xCF, 0x7E, 0x33, 0x4F, 0x5A, 0x5F, 0xA6, 0xED, 0x30, 0x6C, 0x50, 0x45, 0x4F, 0x36, 0xDB,
    0xD0, 0xDC, 0x21, 0x8F, 0xBF, 0x40, 0xA9, 0xB8, 0x6A, 0x15, 0x77, 0x83, 0xF9, 0x31, 0xBE, 0xA3,
    0x71, 0x7B, 0x8E, 0x6F, 0xE2, 0x0B, 0xCE, 0x35, 0xC4, 0x78, 0x4B, 0xE0, 0x53, 0x2B, 0xCA, 0xD3,
    0x38, 0x68, 0x2C, 0x35, 0xE2, 0xCE, 0xFF, 0xBA, 0xC5, 0x68, 0x46, 0xF8, 0x1C, 0x7D, 0xDA, 0xA3,
    0xE0, 0x4C, 0xED, 0xD6, 0xF7, 0xF4, 0x08, 0xFE, 0x9B, 0x0A, 0x03, 0x0A, 0xB0, 0x87, 0xDB, 0x01,
    0x00, 0x9D, 0xCD, 0x21, 0x16, 0x82, 0x40, 0x18, 0x45, 0xE1, 0x0B, 0x04, 0x02, 0xE1, 0x8F, 0xC6,
    0x59, 0x02, 0x2B, 0xC0, 0x99, 0x25, 0x18, 0x64, 0x37, 0x2A, 0x2C, 0x8C, 0xC0, 0x12, 0x66, 0x09,
    0x14, 0xFB, 0x04, 0x82, 0x01, 0x1C, 0xDF, 0xD1, 0x63, 0xB0, 0x5A, 0xBE, 0xF4, 0xCE, 0xBB, 0x34,
    0xD9, 0x12, 0xFE, 0x69, 0x0B, 0xFB, 0xD9, 0x22, 0x2B, 0x16, 0x8B, 0x15, 0x28, 0xD3, 0x97, 0x21,
    0xE7, 0xFC, 0xE1, 0x70, 0xEF, 0x6F, 0xD4, 0x91, 0x23, 0xF5, 0x4C, 0x47, 0x33, 0x73, 0xC1, 0xDE,
    0x8C, 0x4C, 0x58, 0x60, 0xC3, 0x05, 0x1E, 0x38, 0x58, 0x69, 0xD1, 0x8F, 0xA7, 0x48, 0x9A, 0x97,
    0x82, 0x2A, 0xD1, 0x51, 0x2D, 0x9A, 0x8B, 0x49, 0x3F, 0x28, 0x2E, 0x7D, 0xD6, 0xDB, 0xDE, 0xEB,
    0x4D, 0xF1, 0xB9, 0x10, 0xA3, 0xF6, 0x16, 0x84, 0x0B, 0x43, 0xDE, 0x1C, 0xA2, 0x55, 0xFC, 0xE4,
    0x7F, 0xE3, 0xD7, 0xFF, 0xE3, 0x55, 0xE4, 0x05,
};

static const EpdGlyph notoserif_16_italicGlyphs[] = {
    { 0, 0, 320, 0, 0, 0, 0 }, // U+0020
    { 8, 24, 320, 6, 24, 48, 0 }, // !
    { 11, 9, 320, 6, 25, 25, 48 }, // "
    { 21, 24, 320, 0, 24, 126, 73 }, // #
    { 20, 32, 320, 0, 28, 160, 199 }, // $
    { 23, 24, 320, -1, 24, 138, 359 }, // %
    { 20, 24, 320, 0, 24, 120, 497 }, // &
    { 5, 9, 320, 9, 25, 12, 617 }, // '
    { 14, 31, 320, 6, 26, 109, 629 }, // (
    { 13, 31, 320, 1, 26, 101, 738 }, // )
    { 18, 17, 320, 1, 19, 77, 839 }, // *
    { 17, 17, 320, 2, 19, 73, 916 }, // +
    { 9, 10, 320, 4, 5, 23, 989 }, // ,
    { 11, 3, 320, 5, 12, 9, 1012 }, // -
    { 6, 4, 320, 6, 4, 6, 1021 }, // .
    { 20, 31, 320, 0, 26, 155, 1027 }, // /
    { 17, 24, 320, 2, 24, 102, 1182 }, // 0
    { 17, 24, 320, 1, 24, 102, 1284 }, // 1
    { 19, 24, 320, 0, 24, 114, 1386 }, // 2
    { 19, 24, 320, 0, 24, 114, 1500 }, // 3
    { 19, 24, 320, 0, 24, 114, 1614 }, // 4
    { 19, 24, 320, 1, 24, 114, 1728 }, // 5
    { 16, 24, 320, 2, 24, 96, 1842 }, // 6
    { 18, 24, 320, 3, 24, 108, 1938 }, // 7
    { 18, 24, 320, 1, 24, 108, 2046 }, // 8
    { 17, 24, 320, 2, 24, 102, 2154 }, // 9
    { 8, 17, 320, 6, 17, 34, 2256 }, // :
    { 10, 22, 320, 4, 17, 55, 2290 }, // ;
    { 17, 20, 320, 2, 20, 85, 2345 }, // <
    { 18, 9, 320, 1, 15, 41, 2430 }, // =
    { 17, 20, 320, 1, 20, 85, 2471 }, // >
    { 15, 24, 320, 4, 24, 90, 2556 }, // ?
    { 18, 28, 320, 1, 24, 126, 2646 }, // @
    { 19, 24, 320, -1, 24, 114, 2772 }, // A
    { 18, 24, 320, 1, 24, 108, 2886 }, // B
    { 18, 24, 320, 2, 24, 108, 2994 }, // C
    { 18, 24, 320, 1, 24, 108, 3102 }, // D
    { 19, 24, 320, 1, 24, 114, 3210 }, // E
    { 20, 24, 320, 1, 24, 120, 3324 }, // F
    { 17, 24, 320, 2, 24, 102, 3444 }, // G
    { 19, 24, 320, 1, 24, 114, 3546 }, // H
    { 19, 24, 320, 1, 24, 114, 3660 }, // I
    { 18, 24, 320, 1, 24, 108, 3774 }, // J
    { 21, 24, 320, 1, 24, 126, 3882 }, // K
    { 15, 24, 320, 2, 24, 90, 4008 }, // L
    { 21, 24, 320, 0, 24, 126, 4098 }, // M
    { 19, 24, 320, 1, 24, 114, 4224 }, // N
    { 17, 24, 320, 2, 24, 102, 4338 }, // O
    { 19, 24, 320, 1, 24, 114, 4440 }, // P
    { 17, 31, 320, 2, 24, 132, 4554 }, // Q
    { 19, 24, 320, 1, 24, 114, 4686 }, // R
    { 20, 24, 320, 0, 24, 120, 4800 }, // S
    { 20, 24, 320, 2, 24, 120, 4920 }, // T
    { 18, 24, 320, 2, 24, 108, 5040 }, // U
    { 19, 24, 320, 3, 24, 114, 5148 }, // V
    { 21, 24, 320, 1, 24, 126, 5262 }, // W
    { 23, 24, 320, -1, 24, 138, 5388 }, // X
    { 19, 24, 320, 3, 24, 114, 5526 }, // Y
    { 21, 24, 320, 0, 24, 126, 5640 }, // Z
    { 15, 31, 320, 5, 26, 117, 5766 }, // [
    { 9, 31, 320, 6, 26, 70, 5883 }, // <backslash>
    { 15, 31, 320, 0, 26, 117, 5953 }, // ]
    { 18, 14, 320, 2, 24, 63, 6070 }, // ^
    { 17, 3, 320, 0, -3, 13, 6133 }, // _
    { 5, 7, 320, 7, 26, 9, 6146 }, // `
    { 18, 18, 320, 1, 18, 81, 6155 }, // a
    { 18, 25, 320, 1, 25, 113, 6236 }, // b
    { 16, 18, 320, 2, 18, 72, 6349 }, // c
    { 19, 25, 320, 1, 25, 119, 6421 }, // d
    { 16, 18, 320, 2, 18, 72, 6540 }, // e
    { 23, 32, 320, -1, 25, 184, 6612 }, // f
    { 18, 25, 320, 1, 18, 113, 6796 }, // g
    { 17, 25, 320, 1, 25, 107, 6909 }, // h
    { 16, 25, 320, 2, 25, 100, 7016 }, // i
    { 17, 32, 320, 1, 25, 136, 7116 }, // j
    { 18, 25, 320, 1, 25, 113, 7252 }, // k
    { 15, 25, 320, 3, 25, 94, 7365 }, // l
    { 19, 18, 320, 0, 18, 86, 7459 }, // m
    { 17, 18, 320, 1, 18, 77, 7545 }, // n
    { 16, 18, 320, 2, 18, 72, 7622 }, // o
    { 19, 25, 320, 0, 18, 119, 7694 }, // p
    { 18, 25, 320, 1, 18, 113, 7813 }, // q
    { 17, 18, 320, 3, 18, 77, 7926 }, // r
    { 17, 18, 320, 1, 18, 77, 8003 }, // s
    { 16, 24, 320, 2, 24, 96, 8080 }, // t
    { 17, 18, 320, 2, 18, 77, 8176 }, // u
    { 17, 19, 320, 2, 19, 81, 8253 }, // v
    { 18, 19, 320, 1, 19, 86, 8334 }, // w
    { 20, 18, 320, 0, 18, 90, 8420 }, // x
    { 19, 25, 320, 0, 18, 119, 8510 }, // y
    { 18, 18, 320, 1, 18, 81, 8629 }, // z
    { 17, 31, 320, 3, 26, 132, 8710 }, // {
    { 8, 31, 320, 6, 26, 62, 8842 }, // |
    { 16, 31, 320, 1, 26, 124, 8904 }, // }
    { 18, 5, 320, 1, 13, 23, 9028 }, // ~
    { 0, 0, 320, 0, 0, 0, 0 }, // U+00A0
    { 8, 24, 320, 6, 18, 48, 0 }, // U+00A1
    { 16, 26, 320, 2, 22, 104, 48 }, // U+00A2
    { 20, 24, 320, 0, 24, 120, 152 }, // U+00A3
    { 21, 24, 320, 1, 24, 126, 272 }, // U+00A5
    { 8, 30, 320, 6, 25, 60, 398 }, // U+00A6
    { 17, 30, 320, 2, 24, 128, 458 }, // U+00A7
    { 11, 4, 320, 5, 25, 11, 586 }, // U+00A8
    { 21, 23, 320, 0, 24, 121, 597 }, // U+00A9
    { 12, 12, 320, 5, 24, 36, 718 }, // U+00AA
    { 17, 16, 320, 2, 17, 68, 754 }, // U+00AB
    { 16, 10, 320, 2, 12, 40, 822 }, // U+00AC
    { 11, 3, 320, 5, 12, 9, 862 }, // U+00AD
    { 14, 13, 320, 4, 24, 46, 871 }, // U+00AE
    { 10, 3, 320, 6, 25, 8, 917 }, // U+00AF
    { 13, 12, 320, 5, 25, 39, 925 }, // U+00B0
    { 19, 21, 320, 0, 21, 100, 964 }, // U+00B1
    { 10, 12, 320, 6, 23, 30, 1064 }, // U+00B2
    { 11, 12, 320, 5, 23, 33, 1094 }, // U+00B3
    { 6, 7, 320, 9, 26, 11, 1127 }, // U+00B4
    { 19, 25, 320, 0, 18, 119, 1138 }, // U+00B5
    { 18, 29, 320, 2, 24, 131, 1257 }, // U+00B6
    { 6, 4, 320, 7, 12, 6, 1388 }, // U+00B7
    { 8, 8, 320, 6, 1, 16, 1394 }, // U+00B8
    { 10, 12, 320, 6, 23, 30, 1410 }, // U+00B9
    { 11, 12, 320, 6, 24, 33, 1440 }, // U+00BA
    { 17, 16, 320, 1, 17, 68, 1473 }, // U+00BB
    { 23, 24, 320, -1, 24, 138, 1541 }, // U+00BC
    { 23, 24, 320, -1, 24, 138, 1679 }, // U+00BD
    { 23, 24, 320, -1, 24, 138, 1817 }, // U+00BE
    { 15, 25, 320, 1, 18, 94, 1955 }, // U+00BF
    { 19, 32, 320, -1, 32, 152, 2049 }, // U+00C0
    { 19, 32, 320, -1, 32, 152, 2201 }, // U+00C1
    { 20, 32, 320, -1, 32, 160, 2353 }, // U+00C2
    { 20, 31, 320, -1, 31, 155, 2513 }, // U+00C3
    { 20, 31, 320, -1, 31, 155, 2668 }, // U+00C4
    { 19, 33, 320, -1, 33, 157, 2823 }, // U+00C5
    { 22, 24, 320, -1, 24, 132, 2980 }, // U+00C6
    { 18, 31, 320, 2, 24, 140, 3112 }, // U+00C7
    { 19, 32, 320, 1, 32, 152, 3252 }, // U+00C8
    { 19, 32, 320, 1, 32, 152, 3404 }, // U+00C9
    { 19, 32, 320, 1, 32, 152, 3556 }, // U+00CA
    { 19, 31, 320, 1, 31, 148, 3708 }, // U+00CB
    { 19, 32, 320, 1, 32, 152, 3856 }, // U+00CC
    { 19, 32, 320, 1, 32, 152, 4008 }, // U+00CD
    { 19, 32, 320, 1, 32, 152, 4160 }, // U+00CE
    { 19, 31, 320, 1, 31, 148, 4312 }, // U+00CF
    { 18, 24, 320, 1, 24, 108, 4460 }, // U+00D0
    { 19, 31, 320, 1, 31, 148, 4568 }, // U+00D1
    { 17, 32, 320, 2, 32, 136, 4716 }, // U+00D2
    { 17, 32, 320, 2, 32, 136, 4852 }, // U+00D3
    { 17, 32, 320, 2, 32, 136, 4988 }, // U+00D4
    { 17, 31, 320, 2, 31, 132, 5124 }, // U+00D5
    { 17, 31, 320, 2, 31, 132, 5256 }, // U+00D6
    { 17, 15, 320, 2, 18, 64, 5388 }, // U+00D7
    { 21, 26, 320, 0, 25, 137, 5452 }, // U+00D8
    { 18, 32, 320, 2, 32, 144, 5589 }, // U+00D9
    { 18, 32, 320, 2, 32, 144, 5733 }, // U+00DA
    { 18, 32, 320, 2, 32, 144, 5877 }, // U+00DB
    { 18, 31, 320, 2, 31, 140, 6021 }, // U+00DC
    { 19, 32, 320, 3, 32, 152, 6161 }, // U+00DD
    { 18, 24, 320, 1, 24, 108, 6313 }, // U+00DE
    { 18, 25, 320, 1, 25, 113, 6421 }, // U+00DF
    { 18, 26, 320, 1, 26, 117, 6534 }, // U+00E0
    { 18, 26, 320, 1, 26, 117, 6651 }, // U+00E1
    { 18, 26, 320, 1, 26, 117, 6768 }, // U+00E2
    { 18, 25, 320, 1, 25, 113, 6885 }, // U+00E3
    { 18, 25, 320, 1, 25, 113, 6998 }, // U+00E4
    { 18, 28, 320, 1, 28, 126, 7111 }, // U+00E5
    { 20, 18, 320, 0, 18, 90, 7237 }, // U+00E6
    { 16, 25, 320, 2, 18, 100, 7327 }, // U+00E7
    { 16, 26, 320, 2, 26, 104, 7427 }, // U+00E8
    { 16, 26, 320, 2, 26, 104, 7531 }, // U+00E9
    { 16, 26, 320, 2, 26, 104, 7635 }, // U+00EA
    { 16, 25, 320, 2, 25, 100, 7739 }, // U+00EB
    { 16, 26, 320, 2, 26, 104, 7839 }, // U+00EC
    { 16, 26, 320, 2, 26, 104, 7943 }, // U+00ED
    { 16, 26, 320, 2, 26, 104, 8047 }, // U+00EE
    { 16, 25, 320, 2, 25, 100, 8151 }, // U+00EF
    { 16, 26, 320, 2, 26, 104, 8251 }, // U+00F0
    { 17, 25, 320, 1, 25, 107, 8355 }, // U+00F1
    { 16, 26, 320, 2, 26, 104, 8462 }, // U+00F2
    { 16, 26, 320, 2, 26, 104, 8566 }, // U+00F3
    { 16, 26, 320, 2, 26, 104, 8670 }, // U+00F4
    { 16, 25, 320, 2, 25, 100, 8774 }, // U+00F5
    { 16, 25, 320, 2, 25, 100, 8874 }, // U+00F6
    { 17, 17, 320, 2, 19, 73, 8974 }, // U+00F7
    { 20, 20, 320, 0, 19, 100, 9047 }, // U+00F8
    { 17, 26, 320, 2, 26, 111, 9147 }, // U+00F9
    { 17, 26, 320, 2, 26, 111, 9258 }, // U+00FA
    { 17, 26, 320, 2, 26, 111, 9369 }, // U+00FB
    { 17, 25, 320, 2, 25, 107, 9480 }, // U+00FC
    { 19, 33, 320, 0, 26, 157, 9587 }, // U+00FD
    { 19, 32, 320, 0, 25, 152, 9744 }, // U+00FE
    { 19, 32, 320, 0, 25, 152, 9896 }, // U+00FF
    { 20, 31, 320, -1, 31, 155, 0 }, // U+0100
    { 18, 25, 320, 1, 25, 113, 155 }, // U+0101
    { 20, 33, 320, -1, 33, 165, 268 }, // U+0102
    { 18, 27, 320, 1, 27, 122, 433 }, // U+0103
    { 19, 31, 320, -1, 24, 148, 555 }, // U+0104
    { 18, 25, 320, 1, 18, 113, 703 }, // U+0105
    { 18, 32, 320, 2, 32, 144, 816 }, // U+0106
    { 16, 26, 320, 2, 26, 104, 960 }, // U+0107
    { 18, 32, 320, 2, 32, 144, 1064 }, // U+0108
    { 16, 26, 320, 2, 26, 104, 1208 }, // U+0109
    { 18, 30, 320, 2, 30, 135, 1312 }, // U+010A
    { 16, 25, 320, 2, 25, 100, 1447 }, // U+010B
    { 18, 32, 320, 2, 32, 144, 1547 }, // U+010C
    { 16, 26, 320, 2, 26, 104, 1691 }, // U+010D
    { 18, 32, 320, 1, 32, 144, 1795 }, // U+010E
    { 24, 25, 320, 1, 25, 150, 1939 }, // U+010F
    { 18, 24, 320, 1, 24, 108, 2089 }, // U+0110
    { 21, 25, 320, 1, 25, 132, 2197 }, // U+0111
    { 19, 31, 320, 1, 31, 148, 2329 }, // U+0112
    { 16, 25, 320, 2, 25, 100, 2477 }, // U+0113
    { 19, 33, 320, 1, 33, 157, 2577 }, // U+0114
    { 17, 27, 320, 2, 27, 115, 2734 }, // U+0115
    { 19, 30, 320, 1, 30, 143, 2849 }, // U+0116
    { 16, 25, 320, 2, 25, 100, 2992 }, // U+0117
    { 19, 31, 320, 1, 24, 148, 3092 }, // U+0118
    { 16, 25, 320, 2, 18, 100, 3240 }, // U+0119
    { 19, 32, 320, 1, 32, 152, 3340 }, // U+011A
    { 17, 26, 320, 2, 26, 111, 3492 }, // U+011B
    { 17, 32, 320, 2, 32, 136, 3603 }, // U+011C
    { 18, 33, 320, 1, 26, 149, 3739 }, // U+011D
    { 17, 33, 320, 2, 33, 141, 3888 }, // U+011E
    { 18, 34, 320, 1, 27, 153, 4029 }, // U+011F
    { 17, 30, 320, 2, 30, 128, 4182 }, // U+0120
    { 18, 32, 320, 1, 25, 144, 4310 }, // U+0121
    { 17, 32, 320, 2, 24, 136, 4454 }, // U+0122
    { 18, 33, 320, 1, 26, 149, 4590 }, // U+0123
    { 19, 32, 320, 1, 32, 152, 4739 }, // U+0124
    { 17, 32, 320, 1, 32, 136, 4891 }, // U+0125
    { 21, 24, 320, 1, 24, 126, 5027 }, // U+0126
    { 17, 25, 320, 1, 25, 107, 5153 }, // U+0127
    { 19, 31, 320, 1, 31, 148, 5260 }, // U+0128
    { 16, 25, 320, 2, 25, 100, 5408 }, // U+0129
    { 19, 31, 320, 1, 31, 148, 5508 }, // U+012A
    { 16, 25, 320, 2, 25, 100, 5656 }, // U+012B
    { 19, 33, 320, 1, 33, 157, 5756 }, // U+012C
    { 16, 27, 320, 2, 27, 108, 5913 }, // U+012D
    { 19, 31, 320, 1, 24, 148, 6021 }, // U+012E
    { 16, 32, 320, 2, 25, 128, 6169 }, // U+012F
    { 19, 30, 320, 1, 30, 143, 6297 }, // U+0130
    { 16, 18, 320, 2, 18, 72, 6440 }, // U+0131
    { 18, 24, 320, 2, 24, 108, 6512 }, // U+0132
    { 18, 32, 320, 2, 25, 144, 6620 }, // U+0133
    { 18, 32, 320, 1, 32, 144, 6764 }, // U+0134
    { 20, 33, 320, 1, 26, 165, 6908 }, // U+0135
    { 21, 32, 320, 1, 24, 168, 7073 }, // U+0136
    { 18, 33, 320, 1, 25, 149, 7241 }, // U+0137
    { 18, 18, 320, 2, 18, 81, 7390 }, // U+0138
    { 15, 32, 320, 2, 32, 120, 7471 }, // U+0139
    { 15, 32, 320, 3, 32, 120, 7591 }, // U+013A
    { 15, 32, 320, 2, 24, 120, 7711 }, // U+013B
    { 15, 33, 320, 3, 25, 124, 7831 }, // U+013C
    { 15, 25, 320, 2, 25, 94, 7955 }, // U+013D
    { 17, 25, 320, 3, 25, 107, 8049 }, // U+013E
    { 15, 24, 320, 2, 24, 90, 8156 }, // U+013F
    { 15, 25, 320, 3, 25, 94, 8246 }, // U+0140
    { 16, 24, 320, 1, 24, 96, 8340 }, // U+0141
    { 17, 25, 320, 1, 25, 107, 8436 }, // U+0142
    { 19, 32, 320, 1, 32, 152, 8543 }, // U+0143
    { 17, 26, 320, 1, 26, 111, 8695 }, // U+0144
    { 19, 32, 320, 1, 24, 152, 8806 }, // U+0145
    { 17, 26, 320, 1, 18, 111, 8958 }, // U+0146
    { 19, 32, 320, 1, 32, 152, 9069 }, // U+0147
    { 17, 26, 320, 1, 26, 111, 9221 }, // U+0148
    { 17, 25, 320, 1, 25, 107, 9332 }, // U+0149
    { 19, 31, 320, 1, 24, 148, 9439 }, // U+014A
    { 17, 25, 320, 1, 18, 107, 9587 }, // U+014B
    { 17, 31, 320, 2, 31, 132, 9694 }, // U+014C
    { 16, 25, 320, 2, 25, 100, 9826 }, // U+014D
    { 17, 33, 320, 2, 33, 141, 9926 }, // U+014E
    { 16, 27, 320, 2, 27, 108, 10067 }, // U+014F
    { 18, 32, 320, 2, 32, 144, 10175 }, // U+0150
    { 18, 26, 320, 2, 26, 117, 10319 }, // U+0151
    { 20, 24, 320, 1, 24, 120, 10436 }, // U+0152
    { 21, 18, 320, 0, 18, 95, 10556 }, // U+0153
    { 19, 32, 320, 1, 32, 152, 10651 }, // U+0154
    { 17, 26, 320, 3, 26, 111, 10803 }, // U+0155
    { 19, 32, 320, 1, 24, 152, 10914 }, // U+0156
    { 17, 26, 320, 3, 18, 111, 11066 }, // U+0157
    { 19, 32, 320, 1, 32, 152, 11177 }, // U+0158
    { 17, 26, 320, 3, 26, 111, 11329 }, // U+0159
    { 20, 32, 320, 0, 32, 160, 11440 }, // U+015A
    { 17, 26, 320, 1, 26, 111, 11600 }, // U+015B
    { 20, 32, 320, 0, 32, 160, 11711 }, // U+015C
    { 17, 26, 320, 1, 26, 111, 11871 }, // U+015D
    { 20, 31, 320, 0, 24, 155, 11982 }, // U+015E
    { 17, 25, 320, 1, 18, 107, 12137 }, // U+015F
    { 20, 32, 320, 0, 32, 160, 12244 }, // U+0160
    { 17, 26, 320, 1, 26, 111, 12404 }, // U+0161
    { 20, 32, 320, 2, 24, 160, 12515 }, // U+0162
    { 16, 32, 320, 2, 24, 128, 12675 }, // U+0163
    { 20, 32, 320, 2, 32, 160, 12803 }, // U+0164
    { 17, 26, 320, 2, 26, 111, 12963 }, // U+0165
    { 20, 24, 320, 2, 24, 120, 13074 }, // U+0166
    { 16, 24, 320, 2, 24, 96, 13194 }, // U+0167
    { 18, 31, 320, 2, 31, 140, 13290 }, // U+0168
    { 17, 25, 320, 2, 25, 107, 13430 }, // U+0169
    { 18, 31, 320, 2, 31, 140, 13537 }, // U+016A
    { 17, 25, 320, 2, 25, 107, 13677 }, // U+016B
    { 18, 33, 320, 2, 33, 149, 13784 }, // U+016C
    { 17, 27, 320, 2, 27, 115, 13933 }, // U+016D
    { 18, 33, 320, 2, 33, 149, 14048 }, // U+016E
    { 17, 28, 320, 2, 28, 119, 14197 }, // U+016F
    { 18, 32, 320, 2, 32, 144, 14316 }, // U+0170
    { 17, 26, 320, 2, 26, 111, 14460 }, // U+0171
    { 18, 31, 320, 2, 24, 140, 14571 }, // U+0172
    { 17, 25, 320, 2, 18, 107, 14711 }, // U+0173
    { 21, 32, 320, 1, 32, 168, 14818 }, // U+0174
    { 18, 26, 320, 1, 26, 117, 14986 }, // U+0175
    { 19, 32, 320, 3, 32, 152, 15103 }, // U+0176
    { 19, 33, 320, 0, 26, 157, 15255 }, // U+0177
    { 19, 31, 320, 3, 31, 148, 15412 }, // U+0178
    { 21, 32, 320, 0, 32, 168, 15560 }, // U+0179
    { 18, 26, 320, 1, 26, 117, 15728 }, // U+017A
    { 21, 30, 320, 0, 30, 158, 15845 }, // U+017B
    { 18, 25, 320, 1, 25, 113, 16003 }, // U+017C
    { 21, 32, 320, 0, 32, 168, 16116 }, // U+017D
    { 18, 26, 320, 1, 26, 117, 16284 }, // U+017E
    { 19, 28, 320, 2, 28, 133, 0 }, // U+01A0
    { 18, 22, 320, 2, 22, 99, 133 }, // U+01A1
    { 22, 28, 320, 2, 28, 154, 232 }, // U+01AF
    { 20, 22, 320, 2, 22, 110, 386 }, // U+01B0
    { 19, 39, 320, -1, 39, 186, 496 }, // U+01FA
    { 18, 33, 320, 1, 33, 149, 682 }, // U+01FB
    { 22, 32, 320, -1, 32, 176, 831 }, // U+01FC
    { 20, 26, 320, 0, 26, 130, 1007 }, // U+01FD
    { 21, 33, 320, 0, 32, 174, 1137 }, // U+01FE
    { 20, 27, 320, 0, 26, 135, 1311 }, // U+01FF
    { 20, 32, 320, 0, 24, 160, 1446 }, // U+0218
    { 17, 26, 320, 1, 18, 111, 1606 }, // U+0219
    { 20, 32, 320, 2, 24, 160, 1717 }, // U+021A
    { 16, 32, 320, 2, 24, 128, 1877 }, // U+021B
    { 5, 7, 0, -3, 26, 9, 0 }, // U+0300
    { 6, 7, 0, -1, 26, 11, 9 }, // U+0301
    { 11, 6, 0, -5, 26, 17, 20 }, // U+0302
    { 12, 4, 0, -5, 25, 12, 37 }, // U+0303
    { 10, 3, 0, -4, 25, 8, 49 }, // U+0304
    { 12, 7, 0, -5, 27, 21, 57 }, // U+0306
    { 5, 4, 0, -2, 25, 5, 78 }, // U+0307
    { 11, 4, 0, -5, 25, 11, 83 }, // U+0308
    { 7, 8, 0, -2, 27, 14, 94 }, // U+0309
    { 8, 8, 0, -3, 28, 16, 108 }, // U+030A
    { 12, 7, 0, -4, 26, 21, 124 }, // U+030B
    { 12, 6, 0, -5, 26, 18, 145 }, // U+030C
    { 6, 6, 0, -2, 26, 9, 163 }, // U+0312
    { 6, 6, 0, -2, 25, 9, 172 }, // U+0315
    { 6, 6, 0, -3, 22, 9, 181 }, // U+031B
    { 5, 4, 0, -3, -1, 5, 190 }, // U+0323
    { 6, 6, 0, -4, -2, 9, 195 }, // U+0326
    { 8, 8, 0, -4, 1, 16, 204 }, // U+0327
    { 8, 9, 0, -7, 2, 18, 220 }, // U+0328
    { 19, 32, 320, 1, 32, 152, 0 }, // U+0400
    { 19, 31, 320, 1, 31, 148, 152 }, // U+0401
    { 17, 30, 320, 2, 24, 128, 300 }, // U+0402
    { 17, 32, 320, 3, 32, 136, 428 }, // U+0403
    { 18, 24, 320, 2, 24, 108, 564 }, // U+0404
    { 20, 24, 320, 0, 24, 120, 672 }, // U+0405
    { 19, 24, 320, 1, 24, 114, 792 }, // U+0406
    { 19, 31, 320, 1, 31, 148, 906 }, // U+0407
    { 18, 24, 320, 1, 24, 108, 1054 }, // U+0408
    { 22, 24, 320, -2, 24, 132, 1162 }, // U+0409
    { 20, 24, 320, 0, 24, 120, 1294 }, // U+040A
    { 17, 24, 320, 2, 24, 102, 1414 }, // U+040B
    { 19, 32, 320, 1, 32, 152, 1516 }, // U+040C
    { 19, 32, 320, 1, 32, 152, 1668 }, // U+040D
    { 19, 33, 320, 3, 33, 157, 1820 }, // U+040E
    { 19, 29, 320, 1, 24, 138, 1977 }, // U+040F
    { 19, 24, 320, -1, 24, 114, 2115 }, // U+0410
    { 18, 24, 320, 1, 24, 108, 2229 }, // U+0411
    { 18, 24, 320, 1, 24, 108, 2337 }, // U+0412
    { 17, 24, 320, 3, 24, 102, 2445 }, // U+0413
    { 21, 30, 320, -2, 24, 158, 2547 }, // U+0414
    { 19, 24, 320, 1, 24, 114, 2705 }, // U+0415
    { 24, 24, 320, -2, 24, 144, 2819 }, // U+0416
    { 19, 24, 320, 0, 24, 114, 2963 }, // U+0417
    { 19, 24, 320, 1, 24, 114, 3077 }, // U+0418
    { 19, 33, 320, 1, 33, 157, 3191 }, // U+0419
    { 19, 24, 320, 1, 24, 114, 3348 }, // U+041A
    { 22, 24, 320, -2, 24, 132, 3462 }, // U+041B
    { 21, 24, 320, 0, 24, 126, 3594 }, // U+041C
    { 19, 24, 320, 1, 24, 114, 3720 }, // U+041D
    { 17, 24, 320, 2, 24, 102, 3834 }, // U+041E
    { 19, 24, 320, 1, 24, 114, 3936 }, // U+041F
    { 19, 24, 320, 1, 24, 114, 4050 }, // U+0420
    { 18, 24, 320, 2, 24, 108, 4164 }, // U+0421
    { 20, 24, 320, 2, 24, 120, 4272 }, // U+0422
    { 19, 24, 320, 3, 24, 114, 4392 }, // U+0423
    { 19, 26, 320, 1, 25, 124, 4506 }, // U+0424
    { 23, 24, 320, -1, 24, 138, 4630 }, // U+0425
    { 18, 31, 320, 1, 24, 140, 4768 }, // U+0426
    { 17, 24, 320, 3, 24, 102, 4908 }, // U+0427
    { 21, 24, 320, 0, 24, 126, 5010 }, // U+0428
    { 20, 31, 320, 0, 24, 155, 5136 }, // U+0429
    { 17, 24, 320, 2, 24, 102, 5291 }, // U+042A
    { 21, 24, 320, 0, 24, 126, 5393 }, // U+042B
    { 17, 24, 320, 1, 24, 102, 5519 }, // U+042C
    { 18, 24, 320, 1, 24, 108, 5621 }, // U+042D
    { 20, 24, 320, 0, 24, 120, 5729 }, // U+042E
    { 20, 24, 320, 0, 24, 120, 5849 }, // U+042F
    { 18, 18, 320, 1, 18, 81, 5969 }, // U+0430
    { 18, 26, 320, 2, 26, 117, 6050 }, // U+0431
    { 16, 18, 320, 2, 18, 72, 6167 }, // U+0432
    { 16, 18, 320, 2, 18, 72, 6239 }, // U+0433
    { 16, 26, 320, 2, 26, 104, 6311 }, // U+0434
    { 16, 18, 320, 2, 18, 72, 6415 }, // U+0435
    { 22, 18, 320, -1, 18, 99, 6487 }, // U+0436
    { 17, 18, 320, 1, 18, 77, 6586 }, // U+0437
    { 17, 18, 320, 2, 18, 77, 6663 }, // U+0438
    { 17, 27, 320, 2, 27, 115, 6740 }, // U+0439
    { 17, 18, 320, 2, 18, 77, 6855 }, // U+043A
    { 19, 18, 320, -1, 18, 86, 6932 }, // U+043B
    { 18, 18, 320, 1, 18, 81, 7018 }, // U+043C
    { 18, 18, 320, 1, 18, 81, 7099 }, // U+043D
    { 16, 18, 320, 2, 18, 72, 7180 }, // U+043E
    { 17, 18, 320, 1, 18, 77, 7252 }, // U+043F
    { 19, 25, 320, 0, 18, 119, 7329 }, // U+0440
    { 16, 18, 320, 2, 18, 72, 7448 }, // U+0441
    { 19, 18, 320, 0, 18, 86, 7520 }, // U+0442
    { 19, 25, 320, 0, 18, 119, 7606 }, // U+0443
    { 18, 33, 320, 1, 26, 149, 7725 }, // U+0444
    { 20, 18, 320, 0, 18, 90, 7874 }, // U+0445
    { 18, 25, 320, 2, 18, 113, 7964 }, // U+0446
    { 15, 18, 320, 3, 18, 68, 8077 }, // U+0447
    { 19, 18, 320, 1, 18, 86, 8145 }, // U+0448
    { 21, 25, 320, 0, 18, 132, 8231 }, // U+0449
    { 17, 18, 320, 1, 18, 77, 8363 }, // U+044A
    { 19, 18, 320, 1, 18, 86, 8440 }, // U+044B
    { 14, 18, 320, 3, 18, 63, 8526 }, // U+044C
    { 15, 18, 320, 2, 18, 68, 8589 }, // U+044D
    { 19, 18, 320, 0, 18, 86, 8657 }, // U+044E
    { 17, 18, 320, 1, 18, 77, 8743 }, // U+044F
    { 16, 26, 320, 2, 26, 104, 8820 }, // U+0450
    { 16, 25, 320, 2, 25, 100, 8924 }, // U+0451
    { 17, 33, 320, 1, 26, 141, 9024 }, // U+0452
    { 16, 26, 320, 2, 26, 104, 9165 }, // U+0453
    { 16, 18, 320, 2, 18, 72, 9269 }, // U+0454
    { 17, 18, 320, 1, 18, 77, 9341 }, // U+0455
    { 16, 25, 320, 2, 25, 100, 9418 }, // U+0456
    { 16, 25, 320, 2, 25, 100, 9518 }, // U+0457
    { 17, 32, 320, 1, 25, 136, 9618 }, // U+0458
    { 22, 18, 320, -2, 18, 99, 9754 }, // U+0459
    { 20, 18, 320, 0, 18, 90, 9853 }, // U+045A
    { 17, 25, 320, 1, 25, 107, 9943 }, // U+045B
    { 17, 26, 320, 2, 26, 111, 10050 }, // U+045C
    { 17, 26, 320, 2, 26, 111, 10161 }, // U+045D
    { 19, 34, 320, 0, 27, 162, 10272 }, // U+045E
    { 17, 25, 320, 2, 18, 107, 10434 }, // U+045F
    { 17, 24, 320, 2, 24, 102, 10541 }, // U+0472
    { 16, 18, 320, 2, 18, 72, 10643 }, // U+0473
    { 18, 29, 320, 3, 29, 131, 10715 }, // U+0490
    { 16, 23, 320, 3, 23, 92, 10846 }, // U+0491
    { 19, 24, 320, 2, 24, 114, 10938 }, // U+0492
    { 18, 18, 320, 1, 18, 81, 11052 }, // U+0493
    { 18, 30, 320, 1, 24, 135, 11133 }, // U+0494
    { 16, 25, 320, 2, 18, 100, 11268 }, // U+0495
    { 24, 29, 320, -2, 24, 174, 11368 }, // U+0496
    { 23, 23, 320, -2, 18, 133, 11542 }, // U+0497
    { 19, 29, 320, 0, 24, 138, 11675 }, // U+0498
    { 17, 23, 320, 1, 18, 98, 11813 }, // U+0499
    { 19, 29, 320, 1, 24, 138, 11911 }, // U+049A
    { 17, 23, 320, 2, 18, 98, 12049 }, // U+049B
    { 21, 24, 320, 0, 24, 126, 12147 }, // U+049C
    { 19, 18, 320, 1, 18, 86, 12273 }, // U+049D
    { 20, 24, 320, 2, 24, 120, 12359 }, // U+04A0
    { 19, 18, 320, 1, 18, 86, 12479 }, // U+04A1
    { 18, 29, 320, 1, 24, 131, 12565 }, // U+04A2
    { 17, 23, 320, 1, 18, 98, 12696 }, // U+04A3
    { 22, 24, 320, 0, 24, 132, 12794 }, // U+04A4
    { 21, 18, 320, 0, 18, 95, 12926 }, // U+04A5
    { 18, 29, 320, 2, 24, 131, 13021 }, // U+04AA
    { 16, 23, 320, 2, 18, 92, 13152 }, // U+04AB
    { 19, 24, 320, 3, 24, 114, 13244 }, // U+04AE
    { 17, 25, 320, 3, 18, 107, 13358 }, // U+04AF
    { 19, 24, 320, 3, 24, 114, 13465 }, // U+04B0
    { 18, 25, 320, 2, 18, 113, 13579 }, // U+04B1
    { 23, 29, 320, -1, 24, 167, 13692 }, // U+04B2
    { 20, 23, 320, 0, 18, 115, 13859 }, // U+04B3
    { 17, 29, 320, 2, 24, 124, 13974 }, // U+04B6
    { 15, 23, 320, 3, 18, 87, 14098 }, // U+04B7
    { 17, 24, 320, 3, 24, 102, 14185 }, // U+04B8
    { 15, 18, 320, 3, 18, 68, 14287 }, // U+04B9
    { 17, 24, 320, 1, 24, 102, 14355 }, // U+04BA
    { 17, 25, 320, 1, 25, 107, 14457 }, // U+04BB
    { 19, 24, 320, 1, 24, 114, 14564 }, // U+04C0
    { 24, 33, 320, -2, 33, 198, 14678 }, // U+04C1
    { 22, 27, 320, -1, 27, 149, 14876 }, // U+04C2
    { 12, 26, 320, 4, 26, 78, 15025 }, // U+04CF
    { 21, 33, 320, -1, 33, 174, 15103 }, // U+04D0
    { 18, 27, 320, 1, 27, 122, 15277 }, // U+04D1
    { 20, 31, 320, -1, 31, 155, 15399 }, // U+04D2
    { 18, 25, 320, 1, 25, 113, 15554 }, // U+04D3
    { 22, 24, 320, -1, 24, 132, 15667 }, // U+04D4
    { 20, 18, 320, 0, 18, 90, 15799 }, // U+04D5
    { 19, 33, 320, 1, 33, 157, 15889 }, // U+04D6
    { 17, 27, 320, 2, 27, 115, 16046 }, // U+04D7
    { 17, 24, 320, 2, 24, 102, 16161 }, // U+04D8
    { 16, 18, 320, 2, 18, 72, 16263 }, // U+04D9
    { 24, 31, 320, -2, 31, 186, 16335 }, // U+04DC
    { 22, 25, 320, -1, 25, 138, 16521 }, // U+04DD
    { 19, 31, 320, 0, 31, 148, 16659 }, // U+04DE
    { 17, 25, 320, 1, 25, 107, 16807 }, // U+04DF
    { 19, 31, 320, 1, 31, 148, 16914 }, // U+04E2
    { 17, 25, 320, 2, 25, 107, 17062 }, // U+04E3
    { 19, 31, 320, 1, 31, 148, 17169 }, // U+04E4
    { 17, 25, 320, 2, 25, 107, 17317 }, // U+04E5
    { 17, 31, 320, 2, 31, 132, 17424 }, // U+04E6
    { 16, 25, 320, 2, 25, 100, 17556 }, // U+04E7
    { 17, 24, 320, 2, 24, 102, 17656 }, // U+04E8
    { 16, 18, 320, 2, 18, 72, 17758 }, // U+04E9
    { 19, 31, 320, 3, 31, 148, 17830 }, // U+04EE
    { 19, 32, 320, 0, 25, 152, 17978 }, // U+04EF
    { 19, 31, 320, 3, 31, 148, 18130 }, // U+04F0
    { 19, 32, 320, 0, 25, 152, 18278 }, // U+04F1
    { 19, 32, 320, 3, 32, 152, 18430 }, // U+04F2
    { 20, 33, 320, 0, 26, 165, 18582 }, // U+04F3
    { 17, 31, 320, 3, 31, 132, 18747 }, // U+04F4
    { 15, 25, 320, 3, 25, 94, 18879 }, // U+04F5
    { 21, 31, 320, 0, 31, 163, 18973 }, // U+04F8
    { 19, 25, 320, 1, 25, 119, 19136 }, // U+04F9
    { 19, 29, 320, -1, 24, 138, 0 }, // U+1EA0
    { 18, 23, 320, 1, 18, 104, 138 }, // U+1EA1
    { 19, 33, 320, -1, 33, 157, 242 }, // U+1EA2
    { 18, 27, 320, 1, 27, 122, 399 }, // U+1EA3
    { 24, 37, 320, -1, 37, 222, 521 }, // U+1EA4
    { 20, 31, 320, 1, 31, 155, 743 }, // U+1EA5
    { 20, 38, 320, -1, 38, 190, 898 }, // U+1EA6
    { 18, 32, 320, 1, 32, 144, 1088 }, // U+1EA7
    { 23, 37, 320, -1, 37, 213, 1232 }, // U+1EA8
    { 19, 31, 320, 1, 31, 148, 1445 }, // U+1EA9
    { 21, 36, 320, -1, 36, 189, 1593 }, // U+1EAA
    { 18, 31, 320, 1, 31, 140, 1782 }, // U+1EAB
    { 20, 37, 320, -1, 32, 185, 1922 }, // U+1EAC
    { 18, 31, 320, 1, 26, 140, 2107 }, // U+1EAD
    { 21, 37, 320, -1, 37, 195, 2247 }, // U+1EAE
    { 18, 31, 320, 1, 31, 140, 2442 }, // U+1EAF
    { 21, 37, 320, -1, 37, 195, 2582 }, // U+1EB0
    { 18, 31, 320, 1, 31, 140, 2777 }, // U+1EB1
    { 21, 37, 320, -1, 37, 195, 2917 }, // U+1EB2
    { 18, 31, 320, 1, 31, 140, 3112 }, // U+1EB3
    { 21, 36, 320, -1, 36, 189, 3252 }, // U+1EB4
    { 18, 30, 320, 1, 30, 135, 3441 }, // U+1EB5
    { 20, 38, 320, -1, 33, 190, 3576 }, // U+1EB6
    { 18, 32, 320, 1, 27, 144, 3766 }, // U+1EB7
    { 19, 29, 320, 1, 24, 138, 3910 }, // U+1EB8
    { 16, 23, 320, 2, 18, 92, 4048 }, // U+1EB9
    { 19, 33, 320, 1, 33, 157, 4140 }, // U+1EBA
    { 16, 27, 320, 2, 27, 108, 4297 }, // U+1EBB
    { 19, 31, 320, 1, 31, 148, 4405 }, // U+1EBC
    { 17, 25, 320, 2, 25, 107, 4553 }, // U+1EBD
    { 22, 37, 320, 1, 37, 204, 4660 }, // U+1EBE
    { 21, 31, 320, 2, 31, 163, 4864 }, // U+1EBF
    { 19, 38, 320, 1, 38, 181, 5027 }, // U+1EC0
    { 16, 32, 320, 2, 32, 128, 5208 }, // U+1EC1
    { 21, 37, 320, 1, 37, 195, 5336 }, // U+1EC2
    { 19, 31, 320, 2, 31, 148, 5531 }, // U+1EC3
    { 19, 36, 320, 1, 36, 171, 5679 }, // U+1EC4
    { 18, 31, 320, 2, 31, 140, 5850 }, // U+1EC5
    { 19, 37, 320, 1, 32, 176, 5990 }, // U+1EC6
    { 16, 31, 320, 2, 26, 124, 6166 }, // U+1EC7
    { 19, 33, 320, 1, 33, 157, 6290 }, // U+1EC8
    { 16, 27, 320, 2, 27, 108, 6447 }, // U+1EC9
    { 19, 29, 320, 1, 24, 138, 6555 }, // U+1ECA
    { 16, 30, 320, 2, 25, 120, 6693 }, // U+1ECB
    { 17, 29, 320, 2, 24, 124, 6813 }, // U+1ECC
    { 16, 23, 320, 2, 18, 92, 6937 }, // U+1ECD
    { 17, 33, 320, 2, 33, 141, 7029 }, // U+1ECE
    { 16, 27, 320, 2, 27, 108, 7170 }, // U+1ECF
    { 21, 37, 320, 2, 37, 195, 7278 }, // U+1ED0
    { 20, 31, 320, 2, 31, 155, 7473 }, // U+1ED1
    { 17, 38, 320, 2, 38, 162, 7628 }, // U+1ED2
    { 16, 32, 320, 2, 32, 128, 7790 }, // U+1ED3
    { 20, 37, 320, 2, 37, 185, 7918 }, // U+1ED4
    { 19, 31, 320, 2, 31, 148, 8103 }, // U+1ED5
    { 18, 36, 320, 2, 36, 162, 8251 }, // U+1ED6
    { 17, 31, 320, 2, 31, 132, 8413 }, // U+1ED7
    { 17, 37, 320, 2, 32, 158, 8545 }, // U+1ED8
    { 16, 31, 320, 2, 26, 124, 8703 }, // U+1ED9
    { 19, 32, 320, 2, 32, 152, 8827 }, // U+1EDA
    { 18, 26, 320, 2, 26, 117, 8979 }, // U+1EDB
    { 19, 32, 320, 2, 32, 152, 9096 }, // U+1EDC
    { 18, 26, 320, 2, 26, 117, 9248 }, // U+1EDD
    { 19, 33, 320, 2, 33, 157, 9365 }, // U+1EDE
    { 18, 27, 320, 2, 27, 122, 9522 }, // U+1EDF
    { 19, 31, 320, 2, 31, 148, 9644 }, // U+1EE0
    { 18, 24, 320, 2, 24, 108, 9792 }, // U+1EE1
    { 19, 33, 320, 2, 28, 157, 9900 }, // U+1EE2
    { 18, 27, 320, 2, 22, 122, 10057 }, // U+1EE3
    { 18, 29, 320, 2, 24, 131, 10179 }, // U+1EE4
    { 17, 23, 320, 2, 18, 98, 10310 }, // U+1EE5
    { 18, 33, 320, 2, 33, 149, 10408 }, // U+1EE6
    { 17, 27, 320, 2, 27, 115, 10557 }, // U+1EE7
    { 22, 32, 320, 2, 32, 176, 10672 }, // U+1EE8
    { 20, 26, 320, 2, 26, 130, 10848 }, // U+1EE9
    { 22, 32, 320, 2, 32, 176, 10978 }, // U+1EEA
    { 20, 26, 320, 2, 26, 130, 11154 }, // U+1EEB
    { 22, 33, 320, 2, 33, 182, 11284 }, // U+1EEC
    { 20, 27, 320, 2, 27, 135, 11466 }, // U+1EED
    { 22, 31, 320, 2, 31, 171, 11601 }, // U+1EEE
    { 20, 24, 320, 2, 24, 120, 11772 }, // U+1EEF
    { 22, 33, 320, 2, 28, 182, 11892 }, // U+1EF0
    { 20, 27, 320, 2, 22, 135, 12074 }, // U+1EF1
    { 19, 32, 320, 3, 32, 152, 12209 }, // U+1EF2
    { 19, 33, 320, 0, 26, 157, 12361 }, // U+1EF3
    { 19, 29, 320, 3, 24, 138, 12518 }, // U+1EF4
    { 19, 25, 320, 0, 18, 119, 12656 }, // U+1EF5
    { 19, 33, 320, 3, 33, 157, 12775 }, // U+1EF6
    { 19, 34, 320, 0, 27, 162, 12932 }, // U+1EF7
    { 19, 31, 320, 3, 31, 148, 13094 }, // U+1EF8
    { 19, 32, 320, 0, 25, 152, 13242 }, // U+1EF9
    { 17, 3, 320, 2, 12, 13, 0 }, // U+2013
    { 21, 3, 320, 0, 12, 16, 13 }, // U+2014
    { 9, 10, 320, 7, 25, 23, 29 }, // U+2018
    { 9, 10, 320, 8, 25, 23, 52 }, // U+2019
    { 9, 10, 320, 4, 5, 23, 75 }, // U+201A
    { 17, 10, 320, 3, 25, 43, 98 }, // U+201C
    { 17, 10, 320, 4, 25, 43, 141 }, // U+201D
    { 16, 10, 320, 1, 5, 40, 184 }, // U+201E
    { 16, 32, 320, 3, 25, 128, 224 }, // U+2020
    { 18, 32, 320, 1, 25, 144, 352 }, // U+2021
    { 9, 7, 320, 6, 14, 16, 496 }, // U+2022
    { 18, 4, 320, 0, 4, 18, 512 }, // U+2026
    { 19, 24, 320, 1, 24, 114, 530 }, // U+2030
    { 10, 16, 320, 5, 17, 40, 644 }, // U+2039
    { 10, 16, 320, 5, 17, 40, 684 }, // U+203A
    { 23, 24, 320, -1, 24, 138, 724 }, // U+2044
    { 11, 12, 320, 6, 23, 33, 0 }, // U+2070
    { 11, 12, 320, 6, 23, 33, 33 }, // U+2074
    { 11, 12, 320, 6, 23, 33, 66 }, // U+2075
    { 10, 12, 320, 6, 23, 30, 99 }, // U+2076
    { 10, 12, 320, 7, 23, 30, 129 }, // U+2077
    { 11, 12, 320, 6, 23, 33, 159 }, // U+2078
    { 10, 12, 320, 7, 23, 30, 192 }, // U+2079
    { 11, 12, 320, 4, 12, 33, 222 }, // U+2080
    { 10, 12, 320, 4, 12, 30, 255 }, // U+2081
    { 11, 12, 320, 4, 12, 33, 285 }, // U+2082
    { 10, 12, 320, 4, 12, 30, 318 }, // U+2083
    { 11, 12, 320, 4, 12, 33, 348 }, // U+2084
    { 11, 12, 320, 4, 12, 33, 381 }, // U+2085
    { 10, 12, 320, 5, 12, 30, 414 }, // U+2086
    { 10, 12, 320, 5, 12, 30, 444 }, // U+2087
    { 11, 12, 320, 4, 12, 33, 474 }, // U+2088
    { 10, 12, 320, 5, 12, 30, 507 }, // U+2089
    { 18, 32, 320, 2, 28, 144, 0 }, // U+20A1
    { 20, 24, 320, 0, 24, 120, 144 }, // U+20A4
    { 20, 24, 320, 1, 24, 120, 264 }, // U+20A6
    { 21, 24, 320, 0, 24, 126, 384 }, // U+20A8
    { 20, 24, 320, 1, 24, 120, 510 }, // U+20A9
    { 21, 24, 320, 0, 24, 126, 630 }, // U+20AA
    { 20, 25, 320, 1, 25, 125, 756 }, // U+20AB
    { 18, 24, 320, 2, 24, 108, 881 }, // U+20AC
    { 20, 24, 320, 0, 24, 120, 989 }, // U+20AD
    { 20, 24, 320, 2, 24, 120, 1109 }, // U+20AE
    { 20, 24, 320, 1, 24, 120, 1229 }, // U+20B1
    { 18, 32, 320, 2, 28, 144, 1349 }, // U+20B2
    { 20, 24, 320, 1, 24, 120, 1493 }, // U+20B4
    { 18, 32, 320, 2, 28, 144, 1613 }, // U+20B5
    { 19, 24, 320, 2, 24, 114, 1757 }, // U+20B8
    { 19, 24, 320, 2, 24, 114, 1871 }, // U+20B9
    { 18, 24, 320, 1, 24, 108, 1985 }, // U+20BA
    { 20, 24, 320, 0, 24, 120, 2093 }, // U+20BD
    { 18, 32, 320, 1, 28, 144, 2213 }, // U+20BF
    { 20, 14, 320, 0, 19, 70, 0 }, // U+2190
    { 14, 24, 320, 3, 24, 84, 70 }, // U+2191
    { 20, 14, 320, 0, 19, 70, 154 }, // U+2192
    { 14, 24, 320, 3, 23, 84, 224 }, // U+2193
    { 20, 14, 320, 0, 19, 70, 308 }, // U+2194
    { 14, 25, 320, 3, 24, 88, 378 }, // U+2195
    { 19, 18, 320, 1, 21, 86, 466 }, // U+2196
    { 19, 18, 320, 0, 21, 86, 552 }, // U+2197
    { 19, 18, 320, 0, 21, 86, 638 }, // U+2198
    { 19, 18, 320, 1, 21, 86, 724 }, // U+2199
    { 20, 19, 320, 0, 21, 95, 810 }, // U+21A9
    { 20, 19, 320, 0, 21, 95, 905 }, // U+21AA
    { 17, 24, 320, 1, 23, 102, 1000 }, // U+21B0
    { 17, 24, 320, 2, 23, 102, 1102 }, // U+21B1
    { 17, 24, 320, 1, 24, 102, 1204 }, // U+21B2
    { 17, 24, 320, 2, 24, 102, 1306 }, // U+21B3
    { 20, 21, 320, 0, 23, 105, 1408 }, // U+21B6
    { 20, 21, 320, 0, 23, 105, 1513 }, // U+21B7
    { 20, 24, 320, 0, 24, 120, 1618 }, // U+21BA
    { 20, 24, 320, 0, 24, 120, 1738 }, // U+21BB
    { 20, 24, 320, 0, 24, 120, 1858 }, // U+21C4
    { 20, 24, 320, 0, 24, 120, 1978 }, // U+21C6
    { 17, 24, 320, 1, 24, 102, 0 }, // U+2202
    { 18, 23, 320, 0, 23, 104, 102 }, // U+2206
    { 19, 24, 320, 1, 24, 114, 206 }, // U+220F
    { 22, 30, 320, -1, 23, 165, 320 }, // U+2211
    { 17, 3, 320, 2, 12, 13, 485 }, // U+2212
    { 20, 23, 320, 2, 23, 115, 498 }, // U+221A
    { 20, 12, 320, 0, 16, 60, 613 }, // U+221E
    { 22, 33, 320, -1, 25, 182, 673 }, // U+222B
    { 19, 11, 320, 1, 16, 53, 855 }, // U+2248
    { 18, 16, 320, 1, 18, 72, 908 }, // U+2260
    { 18, 20, 320, 1, 20, 90, 980 }, // U+2264
    { 17, 20, 320, 1, 20, 85, 1070 }, // U+2265
    { 18, 25, 320, 2, 25, 113, 0 }, // U+FB01
    { 18, 25, 320, 2, 25, 113, 113 }, // U+FB02
};

static const EpdUnicodeInterval notoserif_16_italicIntervals[] = {
    { 0x20, 0x7E, 0x0 },
    { 0xA0, 0xA3, 0x5F },
    { 0xA5, 0x17E, 0x63 },
    { 0x1A0, 0x1A1, 0x13D },
    { 0x1AF, 0x1B0, 0x13F },
    { 0x1FA, 0x1FF, 0x141 },
    { 0x218, 0x21B, 0x147 },
    { 0x300, 0x304, 0x14B },
    { 0x306, 0x30C, 0x150 },
    { 0x312, 0x312, 0x157 },
    { 0x315, 0x315, 0x158 },
    { 0x31B, 0x31B, 0x159 },
    { 0x323, 0x323, 0x15A },
    { 0x326, 0x328, 0x15B },
    { 0x400, 0x45F, 0x15E },
    { 0x472, 0x473, 0x1BE },
    { 0x490, 0x49D, 0x1C0 },
    { 0x4A0, 0x4A5, 0x1CE },
    { 0x4AA, 0x4AB, 0x1D4 },
    { 0x4AE, 0x4B3, 0x1D6 },
    { 0x4B6, 0x4BB, 0x1DC },
    { 0x4C0, 0x4C2, 0x1E2 },
    { 0x4CF, 0x4D9, 0x1E5 },
    { 0x4DC, 0x4DF, 0x1F0 },
    { 0x4E2, 0x4E9, 0x1F4 },
    { 0x4EE, 0x4F5, 0x1FC },
    { 0x4F8, 0x4F9, 0x204 },
    { 0x1EA0, 0x1EF9, 0x206 },
    { 0x2013, 0x2014, 0x260 },
    { 0x2018, 0x201A, 0x262 },
    { 0x201C, 0x201E, 0x265 },
    { 0x2020, 0x2022, 0x268 },
    { 0x2026, 0x2026, 0x26B },
    { 0x2030, 0x2030, 0x26C },
    { 0x2039, 0x203A, 0x26D },
    { 0x2044, 0x2044, 0x26F },
    { 0x2070, 0x2070, 0x270 },
    { 0x2074, 0x2079, 0x271 },
    { 0x2080, 0x2089, 0x277 },
    { 0x20A1, 0x20A1, 0x281 },
    { 0x20A4, 0x20A4, 0x282 },
    { 0x20A6, 0x20A6, 0x283 },
    { 0x20A8, 0x20AE, 0x284 },
    { 0x20B1, 0x20B2, 0x28B },
    { 0x20B4, 0x20B5, 0x28D },
    { 0x20B8, 0x20BA, 0x28F },
    { 0x20BD, 0x20BD, 0x292 },
    { 0x20BF, 0x20BF, 0x293 },
    { 0x2190, 0x2199, 0x294 },
    { 0x21A9, 0x21AA, 0x29E },
    { 0x21B0, 0x21B3, 0x2A0 },
    { 0x21B6, 0x21B7, 0x2A4 },
    { 0x21BA, 0x21BB, 0x2A6 },
    { 0x21C4, 0x21C4, 0x2A8 },
    { 0x21C6, 0x21C6, 0x2A9 },
    { 0x2202, 0x2202, 0x2AA },
    { 0x2206, 0x2206, 0x2AB },
    { 0x220F, 0x220F, 0x2AC },
    { 0x2211, 0x2212, 0x2AD },
    { 0x221A, 0x221A, 0x2AF },
    { 0x221E, 0x221E, 0x2B0 },
    { 0x222B, 0x222B, 0x2B1 },
    { 0x2248, 0x2248, 0x2B2 },
    { 0x2260, 0x2260, 0x2B3 },
    { 0x2264, 0x2265, 0x2B4 },
    { 0xFB01, 0xFB02, 0x2B6 },
};

static const EpdFontGroup notoserif_16_italicGroups[] = {
    { 0, 4188, 9869, 95, 0 },
    { 4188, 3292, 10799, 95, 95 },
    { 7480, 4316, 17835, 127, 190 },
    { 11796, 1005, 2121, 14, 317 },
    { 12801, 229, 269, 19, 331 },
    { 13030, 6677, 20817, 168, 350 },
    { 19707, 2483, 14362, 90, 518 },
    { 22190, 459, 952, 16, 608 },
    { 22649, 398, 612, 17, 624 },
    { 23047, 1337, 2493, 19, 641 },
    { 24384, 717, 2222, 22, 660 },
    { 25101, 580, 1258, 12, 682 },
    { 25681, 135, 250, 2, 694 },
};

static const EpdFontData notoserif_16_italic = {
    notoserif_16_italicBitmaps,
    notoserif_16_italicGlyphs,
    notoserif_16_italicIntervals,
    66,
    43,
    35,
    -10,
    true,
    notoserif_16_italicGroups,
    13,
    nullptr,
    nullptr,
    nullptr,
    nullptr,
    nullptr,
    nullptr,
    nullptr,
    nullptr,
    nullptr,
    nullptr,
    nullptr,
    0,
    0,
    0,
    0,
    nullptr,
    0,
};
