/**
 * generated by fontconvert.py
 * name: notoserif_12_bolditalic
 * size: 12
 * mode: 2-bit  compressed: true
 * Command used: fontconvert.py notoserif_12_bolditalic 12 ../builtinFonts/source/iAWriterMonoS/iAWriterMonoS-BoldItalic.ttf --2bit --compress --pnum --zopfli
 */
#pragma once
#include "EpdFontData.h"

static const uint8_t notoserif_12_bolditalicBitmaps[18589] = {
    0x9D, 0x98, 0x3D, 0x90, 0x1C, 0xC7, 0x75, 0xC7, 0xFF, 0x3B, 0x4D, 0x73, 0x58, 0x9A, 0xB2, 0x3A,
    0x75, 0x91, 0x2E, 0x8F, 0x42, 0x1B, 0x2E, 0x55, 0xC7, 0xAE, 0x32, 0xD1, 0x4D, 0x30, 0x40, 0xE0,
    0x80, 0x89, 0x73, 0x3B, 0x35, 0x1D, 0x20, 0xAF, 0x32, 0xAF, 0x5B, 0xBC, 0x2A, 0x21, 0x50, 0x20,
    0xE4, 0x89, 0x18, 0x30, 0x60, 0xAD, 0x02, 0x24, 0x0E, 0x1C, 0xE0, 0x30, 0x03, 0x5C, 0x95, 0x18,
    0x20, 0x60, 0x93, 0x08, 0x14, 0x38, 0xC0, 0x90, 0x54, 0xD9, 0x2E, 0x20, 0xB8, 0x06, 0xD5, 0x30,
    0x5A, 0x77, 0xB3, 0xF3, 0xFC, 0x5E, 0xCF, 0x1E, 0xEE, 0xAE, 0x04, 0xDA, 0x96, 0x66, 0xF6, 0xD7,
    0xB7, 0xBB, 0x33, 0xDD, 0xFD, 0xBE, 0xE6, 0xBD, 0x77, 0xAB, 0x66, 0x39, 0xDB, 0xD2, 0xE6, 0x2E,
    0x75, 0xA9, 0x8D, 0xED, 0xD8, 0x86, 0x16, 0x72, 0xF8, 0xE8, 0xC7, 0x61, 0xA4, 0x51, 0x7F, 0x39,
    0xEB, 0x87, 0xA5, 0xE7, 0xD7, 0x71, 0x36, 0x87, 0xC9, 0xBE, 0x9F, 0xEC, 0xCD, 0x64, 0xBB, 0x09,
    0x28, 0x07, 0x40, 0x93, 0xEF, 0x01, 0x2A, 0xCD, 0x40, 0xFB, 0x75, 0x46, 0x73, 0xF7, 0xEC, 0x34,
    0x28, 0x22, 0xAA, 0x83, 0x83, 0xD1, 0x23, 0x60, 0x75, 0xC0, 0xDB, 0x34, 0xFC, 0x17, 0x2C, 0xD1,
    0x2C, 0x43, 0xC1, 0x26, 0x1F, 0xED, 0x67, 0xA9, 0xE7, 0x05, 0x68, 0xBF, 0xCA, 0x80, 0x3E, 0x4E,
    0x00, 0xF0, 0x11, 0xC3, 0x4B, 0x6E, 0x66, 0xC0, 0x50, 0xD8, 0x10, 0x25, 0x45, 0x94, 0xDB, 0xF2,
    0x5D, 0xEC, 0x9E, 0x27, 0x54, 0x68, 0x82, 0xA2, 0x0C, 0xC8, 0x0E, 0xEF, 0x50, 0x44, 0x7B, 0x92,
    0xD0, 0x3D, 0x62, 0x7E, 0x96, 0xFE, 0x42, 0x7F, 0x30, 0xD9, 0x13, 0x8A, 0x96, 0x28, 0x74, 0xB4,
    0x03, 0xAC, 0x63, 0x00, 0x5C, 0x67, 0x7C, 0x68, 0xE3, 0x86, 0x26, 0x1D, 0xD4, 0x59, 0xB2, 0xE8,
    0x1E, 0xE4, 0x7B, 0x3C, 0x3C, 0xCF, 0xE8, 0x8E, 0x5F, 0x4E, 0xE8, 0xE8, 0x3F, 0x1C, 0x14, 0xFD,
    0xF4, 0x0E, 0xF0, 0x4F, 0xA6, 0x00, 0x7F, 0x35, 0xEC, 0x58, 0x90, 0xF9, 0x5D, 0x6C, 0x5E, 0xE4,
    0xEB, 0x2C, 0x66, 0x7A, 0x97, 0x6F, 0x4E, 0xF7, 0xD0, 0xBF, 0x27, 0x4A, 0x80, 0x12, 0x4B, 0x69,
    0x02, 0xF0, 0xE6, 0x02, 0xF4, 0x34, 0xC2, 0xD2, 0x84, 0xA1, 0x4B, 0xB8, 0xDF, 0x0A, 0x13, 0x7C,
    0x17, 0xE1, 0x6F, 0x05, 0x4D, 0x3B, 0xD8, 0x5F, 0xF0, 0x5B, 0x1D, 0xEB, 0xE5, 0xA1, 0x4D, 0xFF,
    0x38, 0xB4, 0xA5, 0xF8, 0x1D, 0x25, 0x5B, 0x28, 0xEA, 0xC9, 0x38, 0x3D, 0xF6, 0xA3, 0x09, 0x26,
    0x58, 0x67, 0x61, 0xE1, 0x81, 0x36, 0xC3, 0x8C, 0x18, 0xC4, 0x08, 0x2A, 0x81, 0x17, 0xD2, 0x23,
    0x8C, 0x83, 0x85, 0x5C, 0xBC, 0x0F, 0x1C, 0x5D, 0x7A, 0x1D, 0x00, 0xB6, 0xBE, 0xFA, 0x20, 0xB7,
    0xB5, 0x09, 0x4D, 0x59, 0x3F, 0x8F, 0x32, 0x53, 0xF1, 0xE7, 0x0C, 0xCC, 0xFB, 0x97, 0xCC, 0xD8,
    0xAD, 0xEF, 0x65, 0x75, 0xBE, 0x55, 0x25, 0x99, 0xA3, 0xA3, 0x28, 0xE3, 0xE5, 0xBB, 0x36, 0xC9,
    0xE6, 0xD0, 0x2B, 0xB2, 0xCC, 0xDF, 0x98, 0x9F, 0x8E, 0x9E, 0x68, 0x1C, 0x88, 0x62, 0x47, 0xBF,
    0xC3, 0x86, 0x78, 0x1F, 0x9A, 0xD0, 0xFF, 0x67, 0x86, 0x3D, 0x9C, 0x61, 0x90, 0x00, 0x38, 0xB6,
    0x45, 0xB8, 0x32, 0x4F, 0x96, 0x14, 0x47, 0x08, 0x9E, 0x81, 0x45, 0xD5, 0x40, 0x54, 0x10, 0x41,
    0xF0, 0xF7, 0x80, 0x5A, 0xD4, 0xDC, 0x15, 0x9D, 0xFA, 0x68, 0x46, 0x8B, 0x03, 0x58, 0x1A, 0xAD,
    0xDC, 0xED, 0xCE, 0xC3, 0x0F, 0x22, 0xA4, 0x48, 0x09, 0x09, 0x39, 0xBD, 0xAE, 0x5A, 0x57, 0x59,
    0xD6, 0x28, 0x51, 0x19, 0x22, 0x33, 0x74, 0x5C, 0x37, 0xB5, 0x6E, 0xBD, 0xBC, 0x03, 0x9A, 0x7A,
    0xF9, 0xEA, 0x4C, 0xBB, 0xDF, 0x1F, 0xEF, 0x2C, 0xC0, 0x40, 0x63, 0x43, 0x43, 0x92, 0xF0, 0xD7,
    0x49, 0x95, 0x7E, 0x52, 0xC5, 0x44, 0x35, 0xDB, 0xCF, 0x1F, 0x17, 0xFB, 0xE8, 0xD7, 0xC5, 0xFE,
    0xEA, 0x76, 0xB6, 0xA1, 0x4B, 0x36, 0x68, 0x61, 0x62, 0x11, 0x47, 0xBD, 0x90, 0x6B, 0x25, 0xB2,
    0x86, 0x09, 0xB0, 0xF2, 0x77, 0x46, 0x43, 0x33, 0xBA, 0x97, 0x33, 0xFA, 0xC7, 0x85, 0x0D, 0x52,
    0xF0, 0xC3, 0x56, 0x36, 0x4D, 0x2B, 0x5A, 0x98, 0x56, 0xFA, 0x08, 0x31, 0xEE, 0x87, 0xC3, 0x53,
    0x37, 0x10, 0x05, 0xC6, 0x9D, 0xCB, 0xA1, 0x58, 0x0E, 0x36, 0x44, 0x6E, 0xA6, 0x3A, 0x99, 0x91,
    0x89, 0x76, 0x02, 0xAA, 0xB5, 0x01, 0x53, 0xB0, 0xA1, 0x88, 0x6E, 0x01, 0x6C, 0x06, 0xFC, 0xE9,
    0x36, 0x54, 0xA7, 0x30, 0xB2, 0xC6, 0x86, 0x68, 0x6A, 0x69, 0xE0, 0xF9, 0xFA, 0x62, 0xFE, 0xDB,
    0x14, 0x60, 0xEA, 0x93, 0x24, 0x46, 0x11, 0x0B, 0x44, 0x11, 0xE2, 0x4F, 0xF9, 0xAF, 0x75, 0x7E,
    0xF4, 0x67, 0xE4, 0x7A, 0xDA, 0xA1, 0xA1, 0x09, 0x80, 0x4D, 0x55, 0x29, 0xF9, 0xD0, 0x52, 0x44,
    0x7F, 0x32, 0xC2, 0xDE, 0x1A, 0xB1, 0x98, 0xB1, 0x29, 0xAB, 0x15, 0xFA, 0xD1, 0x3B, 0x0B, 0x0F,
    0x4F, 0x94, 0x86, 0x95, 0xA9, 0x1A, 0x7A, 0x23, 0xCC, 0x00, 0x51, 0xD9, 0x30, 0xCD, 0xE9, 0xF6,
    0x13, 0xF1, 0x98, 0x9A, 0x80, 0xF6, 0xCB, 0xCF, 0xD0, 0x3D, 0xA1, 0xA0, 0x4F, 0x6A, 0xB0, 0x27,
    0x38, 0xD1, 0x6B, 0xE5, 0x07, 0xE8, 0x27, 0x1B, 0xEC, 0x68, 0xAF, 0xC8, 0x31, 0x44, 0xB4, 0x0B,
    0x60, 0x32, 0x30, 0x8C, 0xD8, 0x10, 0xA0, 0x66, 0x40, 0xBF, 0x58, 0xD0, 0x3F, 0xA3, 0xD1, 0x10,
    0x4D, 0x76, 0xEA, 0x93, 0x1D, 0xC5, 0x27, 0x7B, 0xA2, 0x8D, 0x3D, 0x51, 0x68, 0x69, 0xA9, 0x2A,
    0x68, 0xA2, 0xDC, 0x13, 0x25, 0xF3, 0xF4, 0x6E, 0x32, 0x8E, 0xF7, 0x00, 0xEF, 0x01, 0xEF, 0x00,
    0x02, 0x9A, 0x1D, 0xD0, 0x96, 0x55, 0x84, 0x5E, 0x7C, 0x38, 0x02, 0xC3, 0x7A, 0x49, 0xCD, 0x17,
    0x97, 0xD8, 0xA6, 0x0E, 0x35, 0xFB, 0x0C, 0xB9, 0x2D, 0xAA, 0xB4, 0x49, 0x68, 0x53, 0x43, 0x2C,
    0xD4, 0xB0, 0x43, 0x4B, 0x14, 0xFA, 0xC9, 0x44, 0x91, 0xC3, 0x07, 0x86, 0xF7, 0xF1, 0xA3, 0x8D,
    0xAC, 0x4B, 0xD0, 0x24, 0xFE, 0x98, 0x80, 0x5B, 0x05, 0x8A, 0x08, 0x7A, 0x61, 0xB9, 0x63, 0x1F,
    0x25, 0x86, 0xBC, 0x93, 0xFB, 0xF9, 0xDE, 0xE8, 0x27, 0x4B, 0x14, 0x35, 0xF9, 0x71, 0xF3, 0xE9,
    0xE0, 0xAA, 0xA2, 0xED, 0xBC, 0xD7, 0x3B, 0x9E, 0xBB, 0x1C, 0xBA, 0xE8, 0xD2, 0xE7, 0x3E, 0x41,
    0x8E, 0x2B, 0x89, 0x59, 0x1C, 0xCA, 0xB2, 0x10, 0xBF, 0x02, 0xAE, 0x1E, 0x6A, 0x11, 0x5D, 0xBA,
    0x22, 0x9A, 0xF4, 0x51, 0x42, 0xCE, 0x02, 0x07, 0xD8, 0x1F, 0x0D, 0x63, 0x80, 0x37, 0x09, 0xF0,
    0xA2, 0xC8, 0x04, 0xBB, 0xC8, 0x9E, 0x0C, 0x00, 0x8A, 0x80, 0x2F, 0x40, 0x27, 0xAB, 0x0E, 0x62,
    0x24, 0x66, 0xC3, 0xE0, 0x47, 0x78, 0x7B, 0xBB, 0x0D, 0x86, 0x68, 0xB4, 0x0C, 0x2E, 0x1D, 0x1F,
    0x6E, 0xB7, 0x12, 0xD0, 0x20, 0x06, 0xE0, 0xA5, 0x99, 0x2E, 0x02, 0x5A, 0x0C, 0x5A, 0xD7, 0xC9,
    0xB2, 0x20, 0xB0, 0x21, 0x07, 0x0C, 0xEB, 0xFB, 0xA1, 0xC8, 0x1E, 0x75, 0x2F, 0x1F, 0x80, 0x7F,
    0x03, 0xE0, 0x98, 0xCD, 0x20, 0xC9, 0x78, 0x86, 0x39, 0x5B, 0x60, 0x1C, 0x61, 0x03, 0x02, 0x84,
    0x76, 0x91, 0x07, 0x8D, 0x99, 0xAA, 0xA3, 0x54, 0xB9, 0xD8, 0x5F, 0xCF, 0x4C, 0x61, 0x32, 0xD0,
    0x33, 0x72, 0x2F, 0x2C, 0x45, 0xD0, 0x09, 0xBB, 0xAD, 0xC9, 0x6D, 0x42, 0xD1, 0x0F, 0x4A, 0xD1,
    0xC7, 0xBB, 0xD2, 0xFF, 0xFC, 0x2C, 0x9B, 0x0F, 0x1E, 0x66, 0xDB, 0xDF, 0x48, 0xD6, 0xBC, 0xCF,
    0xA8, 0x74, 0xDD, 0x74, 0xD3, 0x75, 0x43, 0xF1, 0x7A, 0x7F, 0x16, 0x6D, 0xF7, 0xAB, 0x60, 0xB1,
    0x3E, 0xAB, 0x9A, 0x32, 0x14, 0x83, 0x0F, 0x3F, 0x41, 0x4D, 0x7B, 0x8A, 0x69, 0x19, 0x2D, 0x0F,
    0xC8, 0x93, 0x08, 0xF3, 0xC5, 0x04, 0xFB, 0xF3, 0x09, 0x83, 0x9E, 0xB0, 0x74, 0xA9, 0x99, 0x3B,
    0x29, 0x57, 0xA9, 0x65, 0xF4, 0xE9, 0xDD, 0xDC, 0xC7, 0x36, 0xDB, 0x51, 0x15, 0x1B, 0x54, 0x19,
    0xA0, 0xE4, 0xE1, 0x70, 0xCC, 0xD4, 0x2C, 0x43, 0x52, 0x73, 0x97, 0x39, 0xA4, 0xB2, 0xCA, 0x5D,
    0x6A, 0x73, 0x3F, 0xB5, 0xFB, 0x92, 0xA5, 0x4F, 0x29, 0xE8, 0xA9, 0x8F, 0x3A, 0xF2, 0x38, 0xD6,
    0xBC, 0x18, 0xCD, 0xB3, 0x6A, 0x73, 0x58, 0x12, 0x05, 0x7F, 0x07, 0xD4, 0x0A, 0x3B, 0x44, 0x9D,
    0x24, 0x73, 0x76, 0xC9, 0x8E, 0x7F, 0x02, 0x3B, 0xAE, 0x76, 0x1C, 0x1C, 0x83, 0x73, 0xDE, 0x60,
    0x6C, 0xF0, 0x61, 0x70, 0x96, 0xED, 0xA9, 0xA9, 0xA0, 0xA1, 0x3B, 0xCC, 0x8E, 0xA1, 0x51, 0x89,
    0x1C, 0x85, 0xE5, 0x10, 0x49, 0x98, 0x2E, 0xAD, 0xE8, 0xD4, 0x16, 0x3D, 0x75, 0x59, 0xD6, 0x66,
    0x49, 0x92, 0x61, 0x39, 0xEC, 0xE8, 0x47, 0xFB, 0x4C, 0x64, 0x98, 0xE1, 0x79, 0x0D, 0x10, 0xCD,
    0x1B, 0xA6, 0x59, 0xB6, 0x9F, 0x36, 0xAB, 0x3F, 0x56, 0x32, 0xD0, 0xD6, 0x4A, 0x41, 0xA3, 0xE6,
    0x24, 0x75, 0x39, 0xF7, 0xD5, 0xA2, 0xF0, 0x74, 0xEB, 0x2C, 0x91, 0x20, 0x6B, 0xEC, 0xF6, 0x6B,
    0x7C, 0xF6, 0x07, 0xAD, 0xC1, 0x58, 0x21, 0x60, 0x9F, 0x18, 0xC9, 0xB5, 0x0B, 0xDF, 0x9B, 0xE4,
    0x91, 0xD4, 0x77, 0x5E, 0xD9, 0xE2, 0xC6, 0x36, 0x0C, 0x37, 0x69, 0xA4, 0x8E, 0x81, 0x09, 0x04,
    0xEB, 0x84, 0x41, 0xDE, 0x9D, 0x11, 0x0C, 0x79, 0xB4, 0xE5, 0x3E, 0x9A, 0x79, 0x33, 0xAB, 0xB9,
    0x99, 0x55, 0x51, 0xC2, 0xDE, 0x16, 0x6D, 0x66, 0x92, 0x26, 0x3A, 0x47, 0xBC, 0x32, 0x99, 0xEA,
    0x13, 0xF6, 0x8A, 0x20, 0xC9, 0xCB, 0xB1, 0x7D, 0x9D, 0x75, 0x55, 0x0F, 0x49, 0x80, 0xBF, 0x5C,
    0x3E, 0xAD, 0x4A, 0xB4, 0x99, 0xB9, 0x5C, 0x04, 0x5E, 0xAF, 0xC4, 0xB5, 0xE1, 0xE9, 0x85, 0x3D,
    0xC4, 0xC1, 0x9E, 0xF9, 0xF0, 0x6E, 0x9D, 0x24, 0x5C, 0x4C, 0x12, 0x2E, 0x34, 0x17, 0x8C, 0xE3,
    0x9D, 0xAB, 0x2E, 0xBB, 0x0B, 0xDF, 0xCE, 0x20, 0xC7, 0xAA, 0xEC, 0x20, 0x95, 0x95, 0x25, 0x31,
    0x13, 0x0F, 0x7E, 0x44, 0xFB, 0x82, 0x20, 0x65, 0x8A, 0x07, 0xCA, 0x90, 0xFB, 0x65, 0x98, 0x79,
    0x38, 0xDD, 0x01, 0x7D, 0x22, 0x59, 0xBD, 0x0E, 0x3E, 0xC0, 0xB2, 0x7E, 0xB2, 0x41, 0x84, 0x95,
    0x84, 0xAD, 0x66, 0x5C, 0xE8, 0xC4, 0x74, 0xFF, 0x97, 0x78, 0x7B, 0x11, 0xFD, 0xD3, 0x2D, 0x3C,
    0x11, 0x06, 0x5A, 0x00, 0xC2, 0x30, 0x6E, 0xC8, 0x51, 0x68, 0xE8, 0x63, 0x16, 0x91, 0x8E, 0xC9,
    0x29, 0x7A, 0x44, 0x50, 0x67, 0x4F, 0x06, 0xA8, 0x97, 0xE2, 0x8B, 0x6F, 0x77, 0x07, 0xE8, 0xBE,
    0x9D, 0x8F, 0xA0, 0x1F, 0xE7, 0x19, 0xFA, 0xAB, 0x89, 0x87, 0x07, 0x0F, 0x66, 0xF4, 0xE3, 0x4F,
    0x0A, 0x0F, 0x4D, 0x81, 0x09, 0x2A, 0xC3, 0x3A, 0x95, 0x60, 0xC1, 0x43, 0x43, 0x98, 0x55, 0xE5,
    0x3D, 0xE6, 0x46, 0x69, 0xE9, 0xE3, 0xD2, 0xD1, 0x71, 0xEE, 0x4E, 0x8E, 0x93, 0x7E, 0xF2, 0x79,
    0xD2, 0x8F, 0x7E, 0x9D, 0xF4, 0xE7, 0xCF, 0xA6, 0xFE, 0x98, 0x26, 0x73, 0x48, 0x91, 0x19, 0xED,
    0x0D, 0xA6, 0x61, 0x36, 0x14, 0x3C, 0xC8, 0x5D, 0x6D, 0x05, 0xBA, 0xAB, 0xAD, 0x80, 0x3C, 0xBD,
    0x63, 0xCB, 0x74, 0x99, 0x59, 0xCB, 0xCD, 0x58, 0x13, 0xFF, 0xD5, 0x56, 0x80, 0xD6, 0x66, 0xB5,
    0x59, 0xEE, 0x66, 0x35, 0xAF, 0xA7, 0x44, 0x53, 0x9B, 0xD7, 0xE6, 0xA2, 0x23, 0x9A, 0x34, 0x51,
    0xD0, 0xA7, 0x9F, 0x7E, 0x6F, 0x24, 0xBF, 0x4E, 0x0E, 0xBD, 0x97, 0x83, 0x39, 0x97, 0x43, 0xC8,
    0xE7, 0x72, 0xD8, 0x91, 0xC7, 0x53, 0xC9, 0x1C, 0x92, 0x1D, 0xB3, 0x2C, 0x7A, 0x07, 0xDD, 0x77,
    0x92, 0xB6, 0x52, 0xCD, 0x58, 0x38, 0xC0, 0xE6, 0x8A, 0x6C, 0x6D, 0xA9, 0x51, 0x9E, 0xF7, 0xB2,
    0xA5, 0x57, 0xB2, 0x39, 0x7D, 0x26, 0x26, 0x9F, 0x59, 0xB6, 0x9D, 0x44, 0x02, 0x33, 0xC0, 0x72,
    0x30, 0x48, 0x94, 0xA3, 0x5B, 0x1C, 0x06, 0x5E, 0x83, 0x4E, 0x78, 0x66, 0x13, 0xCF, 0x9B, 0x94,
    0x96, 0xBF, 0x56, 0xB4, 0xAB, 0x7B, 0xD4, 0x66, 0x1C, 0xB6, 0x86, 0xF9, 0x1B, 0xE8, 0xA7, 0x5E,
    0x66, 0x9F, 0x51, 0x30, 0x55, 0xB6, 0x09, 0x86, 0x68, 0xB6, 0xCC, 0xB5, 0xBB, 0xA7, 0x9F, 0x5D,
    0x6E, 0x87, 0xAE, 0x18, 0x41, 0xF0, 0x97, 0x52, 0x18, 0x31, 0xCB, 0x8A, 0x74, 0x19, 0x3A, 0xB1,
    0x35, 0x27, 0x96, 0xFA, 0x55, 0x66, 0xD2, 0x6C, 0x03, 0x1D, 0x6D, 0xE8, 0x19, 0x0E, 0x5D, 0xC7,
    0xC0, 0x8A, 0xE4, 0x61, 0xE0, 0x85, 0x08, 0x03, 0x86, 0xF7, 0x08, 0x5E, 0xFA, 0x70, 0x2A, 0x68,
    0xE9, 0x0E, 0x88, 0x25, 0x1F, 0xA0, 0xD3, 0xE0, 0x4C, 0x1C, 0x9C, 0xE5, 0x39, 0x3E, 0xC8, 0x9D,
    0x36, 0x2C, 0xB0, 0x1F, 0xCF, 0xB0, 0x87, 0xCC, 0xED, 0x0C, 0xFB, 0x45, 0x82, 0x91, 0x24, 0x7F,
    0x32, 0xC2, 0x50, 0x40, 0x4F, 0x40, 0xBF, 0x30, 0x3B, 0xAC, 0x1D, 0x39, 0x0F, 0x16, 0x32, 0x88,
    0x2B, 0x0F, 0xD0, 0x1F, 0xE7, 0x8F, 0x60, 0x6E, 0xE7, 0x7B, 0x30, 0x3F, 0xCB, 0x33, 0xCC, 0x07,
    0x3C, 0xD8, 0x7F, 0x78, 0x51, 0x60, 0x7F, 0xFC, 0xDF, 0x19, 0xF6, 0x6F, 0x5F, 0x26, 0xD8, 0x7F,
    0xE1, 0xC1, 0xFF, 0xEB, 0xD9, 0x84, 0x83, 0x74, 0x16, 0xE1, 0x13, 0x8D, 0x18, 0xA2, 0x0C, 0x23,
    0x05, 0x6C, 0x16, 0x31, 0x03, 0x81, 0x24, 0x73, 0xED, 0x00, 0x7F, 0xBB, 0xA0, 0x4A, 0x81, 0x9E,
    0x6A, 0x35, 0x0A, 0x6B, 0xE5, 0x44, 0xB7, 0x03, 0xAA, 0x38, 0xB0, 0x32, 0x90, 0x0F, 0x68, 0x76,
    0x3C, 0xB5, 0xE5, 0x58, 0x81, 0x4E, 0x7D, 0x82, 0x61, 0xDB, 0xC0, 0x87, 0xAE, 0xC0, 0x8E, 0xCD,
    0xCE, 0x44, 0xC9, 0xE7, 0x52, 0x2D, 0x4C, 0xEC, 0xB2, 0x0F, 0xAA, 0x10, 0xD4, 0x22, 0x35, 0xA0,
    0x00, 0x94, 0xF6, 0x45, 0x3F, 0x30, 0xAF, 0xB7, 0xBA, 0x22, 0x9A, 0x85, 0x66, 0x7B, 0x77, 0x06,
    0xFA, 0xF2, 0xAA, 0x31, 0x55, 0xB4, 0x16, 0x5F, 0x93, 0x80, 0x21, 0xD6, 0xF2, 0xDE, 0x2E, 0x6B,
    0x2D, 0xB6, 0x69, 0x6D, 0x52, 0xA5, 0x41, 0x15, 0xE0, 0x29, 0x60, 0x20, 0x87, 0xFB, 0x5B, 0x60,
    0xC6, 0x4A, 0x01, 0x36, 0x4C, 0x93, 0x99, 0x04, 0xA8, 0x3D, 0xED, 0xC4, 0xC4, 0x7D, 0x0F, 0x31,
    0x5E, 0xD0, 0x07, 0xC6, 0x49, 0x0D, 0x09, 0xB0, 0x34, 0x56, 0x66, 0x1C, 0xE1, 0x23, 0x1C, 0xC0,
    0xF2, 0x69, 0x60, 0x5C, 0x1F, 0xF4, 0x28, 0x67, 0x17, 0xDB, 0x49, 0x25, 0x39, 0x9B, 0xCC, 0x7B,
    0x14, 0xCC, 0x98, 0xEB, 0xFE, 0xC2, 0x56, 0x94, 0xB4, 0x7B, 0x0E, 0x98, 0xA3, 0xCA, 0xFF, 0x47,
    0x30, 0x41, 0x04, 0xBB, 0x76, 0x77, 0xDD, 0x5F, 0x80, 0x92, 0x90, 0x58, 0x56, 0x9F, 0x58, 0xEF,
    0xB0, 0x98, 0xD0, 0xCC, 0xFD, 0xA8, 0xB2, 0x54, 0xF1, 0x2E, 0x99, 0xB1, 0x4D, 0xC6, 0xA9, 0x69,
    0x83, 0x0D, 0xAE, 0x71, 0x0F, 0x65, 0x89, 0x46, 0x46, 0xDC, 0x09, 0x0F, 0xCB, 0x12, 0xB7, 0xB1,
    0x11, 0x7F, 0xE7, 0x86, 0x5E, 0xA6, 0x8E, 0x86, 0xB4, 0x56, 0x76, 0x89, 0x6D, 0x41, 0x62, 0x7B,
    0x5F, 0x6D, 0x46, 0x1A, 0xCD, 0xD9, 0x10, 0x7A, 0xB2, 0xA1, 0x2D, 0xDE, 0x6D, 0x66, 0xA0, 0x61,
    0x94, 0x70, 0x5E, 0x39, 0xF3, 0xE0, 0xBA, 0xDF, 0x52, 0xEC, 0xCE, 0x86, 0x49, 0xCF, 0xB2, 0x52,
    0x97, 0xF4, 0xF4, 0xEA, 0x79, 0xD9, 0x57, 0xF3, 0xDA, 0x76, 0x07, 0xEB, 0x17, 0xF8, 0xBF, 0xCB,
    0xC0, 0xAD, 0xDF, 0xA0, 0xA1, 0x05, 0x92, 0xD3, 0x4C, 0xBC, 0xBE, 0x76, 0x13, 0xEE, 0xF2, 0xA3,
    0xF8, 0x63, 0xF8, 0x30, 0xC0, 0x9E, 0xCD, 0xE8, 0x29, 0xA3, 0x21, 0x87, 0x35, 0x36, 0x9A, 0xAB,
    0x12, 0xF8, 0x43, 0xD1, 0x21, 0x5F, 0xD2, 0x21, 0x5D, 0xD2, 0x21, 0x5E, 0xD2, 0x61, 0x5C, 0x75,
    0xB0, 0x0E, 0x46, 0xD6, 0x23, 0xD9, 0x3B, 0x98, 0xA9, 0xDE, 0x11, 0x7C, 0x7D, 0x66, 0xC5, 0x61,
    0x77, 0x6A, 0x17, 0xE3, 0x9D, 0x85, 0x74, 0x30, 0x7D, 0xAD, 0x72, 0x01, 0xA8, 0x6D, 0x18, 0x8C,
    0x0C, 0xFE, 0x69, 0x58, 0x85, 0x04, 0x09, 0x44, 0x4E, 0x06, 0x6C, 0x7E, 0x49, 0xDB, 0x55, 0xB4,
    0x75, 0x50, 0x75, 0x28, 0x32, 0x64, 0x99, 0x2F, 0x43, 0x97, 0xCE, 0x07, 0xCD, 0xC3, 0x9F, 0xEB,
    0x09, 0x18, 0x74, 0x04, 0xEC, 0x2F, 0x24, 0xDA, 0x64, 0xF1, 0x8E, 0xDC, 0xAA, 0x27, 0x5E, 0xA3,
    0xDA, 0x45, 0xFA, 0x39, 0x37, 0xE9, 0x38, 0xB0, 0x6A, 0x34, 0x6A, 0x92, 0x96, 0xCF, 0x56, 0xE3,
    0xBD, 0x85, 0x05, 0xF6, 0x64, 0x86, 0xA7, 0x24, 0xAB, 0x5D, 0x35, 0x5A, 0xD9, 0xC3, 0x2E, 0x6B,
    0x5F, 0xD2, 0xB8, 0x77, 0xD9, 0xA4, 0x13, 0x33, 0xAD, 0x6D, 0x60, 0x7F, 0xB5, 0xE1, 0x10, 0x6A,
    0xC3, 0x71, 0x51, 0x7C, 0x19, 0x13, 0x21, 0x87, 0xA5, 0xC0, 0x38, 0x5C, 0x63, 0x7E, 0xFF, 0x41,
    0xFE, 0x21, 0x36, 0xB3, 0xE5, 0xC0, 0xA4, 0xDA, 0x48, 0x6F, 0x28, 0x55, 0xFF, 0x5E, 0x54, 0x6C,
    0x1F, 0xF6, 0x5F, 0x88, 0x3B, 0x98, 0x05, 0xCD, 0xB6, 0x4E, 0x64, 0xAE, 0x7A, 0xF9, 0x72, 0x83,
    0xF3, 0x46, 0x97, 0xF0, 0xAE, 0x4E, 0xB5, 0x07, 0xB6, 0x5F, 0xC4, 0x6A, 0xB6, 0x8E, 0xC2, 0xFF,
    0x32, 0xCD, 0xBB, 0xF6, 0xBB, 0xCB, 0xE1, 0x29, 0x9A, 0x8A, 0x96, 0xF7, 0xD1, 0x3F, 0x49, 0x30,
    0x9C, 0xF0, 0xEC, 0xA3, 0xE7, 0xC9, 0x1E, 0x52, 0xB6, 0x1F, 0x53, 0xF4, 0xEE, 0x3E, 0x3C, 0x61,
    0x20, 0x88, 0x30, 0x3B, 0x59, 0x97, 0x97, 0x54, 0xB3, 0x2C, 0xA6, 0xB2, 0x48, 0xD1, 0x25, 0x79,
    0xE9, 0xE9, 0x13, 0xFD, 0xCD, 0xAC, 0xFF, 0x3D, 0x6B, 0x8A, 0x9A, 0x9C, 0x5C, 0xFD, 0x76, 0x9A,
    0xDB, 0x93, 0x97, 0x4B, 0x77, 0xB6, 0x0C, 0xDD, 0x57, 0xE5, 0x40, 0x3F, 0xCC, 0x07, 0xFA, 0x38,
    0x1D, 0xE9, 0xC3, 0x74, 0xAF, 0x3F, 0x4C, 0xB3, 0xB9, 0x39, 0xCD, 0xA6, 0x8D, 0xC5, 0x76, 0x5F,
    0x16, 0xCB, 0x17, 0xAF, 0xEB, 0x87, 0xA9, 0x15, 0x4F, 0xFC, 0xF6, 0x0F, 0xF4, 0x84, 0x9F, 0x20,
    0x8D, 0x80, 0x26, 0x82, 0x1D, 0xEB, 0x77, 0xB5, 0x74, 0xD2, 0x4A, 0x20, 0x78, 0x37, 0x80, 0x60,
    0x4F, 0xD6, 0x87, 0xE7, 0x4D, 0x89, 0x82, 0xD9, 0x44, 0xF6, 0x44, 0x6E, 0x96, 0x93, 0xA2, 0x48,
    0xED, 0xDB, 0xCF, 0x66, 0x6E, 0xB3, 0x9A, 0xBB, 0x24, 0xB4, 0xB9, 0xDA, 0x66, 0xA1, 0x49, 0x3F,
    0xA1, 0xD0, 0x3F, 0xDC, 0x5D, 0xD4, 0xCA, 0xB0, 0xC7, 0xE1, 0x8F, 0x4A, 0x1A, 0xAF, 0xCB, 0xF3,
    0x76, 0xF7, 0xCE, 0xE8, 0x67, 0x1F, 0xFE, 0x79, 0xA6, 0xA0, 0x16, 0xE9, 0xCC, 0xDC, 0xFE, 0xFF,
    0xE1, 0xEF, 0xEF, 0x62, 0x31, 0xFC, 0x06, 0xED, 0xFA, 0xE0, 0xF2, 0xE7, 0xB7, 0x18, 0xF0, 0xFB,
    0x80, 0x96, 0x0A, 0x70, 0x6B, 0x5D, 0xF7, 0x2F, 0x99, 0xE1, 0x64, 0x07, 0x4F, 0xB9, 0x46, 0x05,
    0xCC, 0x5E, 0x70, 0x61, 0x00, 0x24, 0x15, 0x0A, 0xD7, 0x68, 0xEB, 0x7E, 0x3F, 0x62, 0xDE, 0x62,
    0x2C, 0xD4, 0x0B, 0x82, 0xA2, 0x99, 0x99, 0x80, 0xFB, 0xC0, 0xF7, 0xF9, 0xC1, 0x57, 0x3B, 0xCB,
    0x49, 0x20, 0x45, 0x18, 0x16, 0xD1, 0x6B, 0x87, 0xFE, 0xEB, 0x1D, 0xE4, 0x30, 0x73, 0x37, 0xDA,
    0xB9, 0x8F, 0x7F, 0x3D, 0x4B, 0x5B, 0xA5, 0x93, 0xCA, 0x97, 0xDB, 0x09, 0xB3, 0xFE, 0x27, 0xFF,
    0x35, 0xD5, 0xAE, 0xB8, 0xA3, 0x09, 0xCD, 0xE2, 0x20, 0x87, 0x3E, 0xFC, 0x26, 0xF5, 0xB7, 0xBF,
    0x49, 0xE6, 0xE6, 0x57, 0xD9, 0x74, 0x0F, 0xB2, 0xED, 0x1E, 0xE6, 0x35, 0x5E, 0x0E, 0xD3, 0x47,
    0xCC, 0x51, 0x7F, 0x73, 0x3A, 0xB2, 0x1F, 0x48, 0x99, 0x0B, 0xFE, 0xC9, 0x02, 0xF3, 0x7E, 0x16,
    0x3D, 0x0B, 0x36, 0xF4, 0x78, 0x41, 0x47, 0xCF, 0x08, 0xDD, 0xE3, 0xD9, 0xA2, 0x51, 0xE5, 0xDA,
    0x9A, 0x7D, 0xD6, 0x41, 0xEC, 0x7A, 0xAD, 0x4B, 0x3F, 0x82, 0xD5, 0xCF, 0x67, 0xD8, 0x85, 0x0A,
    0x4C, 0xA6, 0x88, 0x2E, 0x1E, 0xC8, 0xC5, 0xF5, 0x37, 0x59, 0x2D, 0x48, 0x18, 0x5E, 0x04, 0x21,
    0xAB, 0x7D, 0xAE, 0x3E, 0x05, 0x71, 0xAC, 0x26, 0xEB, 0xD8, 0xB1, 0xA8, 0xE9, 0x66, 0x73, 0x91,
    0x6E, 0xE4, 0x37, 0x8C, 0x0D, 0xDD, 0xC8, 0x2D, 0xA7, 0x2D, 0x4D, 0x94, 0xF4, 0xE8, 0xE3, 0x0F,
    0x1C, 0xB9, 0xF5, 0x87, 0x86, 0x09, 0xA0, 0x9F, 0x04, 0xB5, 0x6B, 0xC7, 0x3E, 0xAB, 0x68, 0xE9,
    0xD9, 0xE4, 0x3D, 0x8D, 0x07, 0x92, 0xDA, 0x3B, 0x5A, 0x5B, 0x1E, 0xBB, 0x75, 0x60, 0x59, 0x2A,
    0x96, 0xE9, 0xDD, 0xAB, 0x5F, 0xF7, 0x24, 0xC5, 0xF8, 0x0C, 0xF8, 0x1D, 0x78, 0xB8, 0x28, 0xA5,
    0x52, 0x36, 0x55, 0xBA, 0x54, 0xBB, 0x9F, 0xDE, 0x81, 0xA6, 0xB8, 0xE6, 0xEB, 0x19, 0xF3, 0xA6,
    0x34, 0xA5, 0xC9, 0x6B, 0x65, 0x6E, 0xA7, 0x6E, 0xEA, 0xE2, 0x5A, 0xAF, 0xFB, 0x60, 0x82, 0x71,
    0x16, 0x72, 0x1E, 0x88, 0x97, 0x87, 0x02, 0xD0, 0x0E, 0xD8, 0x32, 0xB8, 0xC7, 0x48, 0x64, 0xE4,
    0x75, 0xE1, 0x5E, 0x02, 0xC9, 0x01, 0xFD, 0x69, 0x40, 0x43, 0x23, 0x7A, 0x0A, 0x35, 0x73, 0x1D,
    0x5D, 0x96, 0x35, 0xBC, 0x6A, 0x1A, 0xAE, 0x0D, 0x01, 0x96, 0x00, 0x2F, 0x4B, 0xDC, 0xD9, 0xA0,
    0xDF, 0x75, 0xF5, 0xC7, 0xB3, 0xA3, 0x9E, 0xF0, 0x67, 0x4D, 0xC1, 0xFF, 0x00, 0xB5, 0x98, 0x01,
    0xC4, 0x26, 0x49, 0x7A, 0xC7, 0x7F, 0xDD, 0x35, 0x3B, 0x7D, 0x49, 0xDB, 0xAD, 0x45, 0xC2, 0x65,
    0x77, 0xF7, 0x1A, 0x0E, 0xB2, 0xF6, 0xB6, 0xE2, 0x04, 0x43, 0x6E, 0xBF, 0xEA, 0xBD, 0x84, 0xC5,
    0x61, 0x82, 0x00, 0x87, 0x03, 0x70, 0x07, 0xB3, 0x49, 0x20, 0xB0, 0xD3, 0x75, 0xBB, 0x38, 0x04,
    0x3B, 0x41, 0x00, 0x18, 0x32, 0x48, 0xE6, 0xC4, 0x6D, 0x56, 0x30, 0x98, 0x9D, 0x2E, 0x37, 0x58,
    0x1C, 0xD9, 0xCE, 0x6D, 0x38, 0x04, 0xD3, 0x97, 0x1C, 0xD8, 0xC5, 0x57, 0x97, 0xAD, 0xCB, 0xF5,
    0xCD, 0x74, 0xF7, 0x93, 0xAA, 0xEE, 0xF7, 0xDB, 0xE4, 0x33, 0xCE, 0xBA, 0x6F, 0xDE, 0x3C, 0x35,
    0xBF, 0x32, 0xED, 0x1D, 0xFF, 0xAA, 0x7A, 0xDE, 0x7F, 0xBD, 0xFD, 0x3C, 0xA3, 0x56, 0xB5, 0x56,
    0x4B, 0x35, 0xB3, 0x45, 0xE1, 0x95, 0x57, 0x43, 0x3D, 0xE8, 0xA1, 0x19, 0xCC, 0x60, 0x7D, 0x1E,
    0x9D, 0xA3, 0xB8, 0x01, 0x6A, 0x84, 0x2A, 0x71, 0xED, 0x67, 0x94, 0xB2, 0x52, 0x8B, 0xB4, 0xCD,
    0xBF, 0xFF, 0xA0, 0xB5, 0xEF, 0xFC, 0x09, 0xF6, 0x6A, 0x4B, 0xA7, 0xA1, 0x6F, 0x12, 0xE6, 0x12,
    0xDD, 0x2B, 0x16, 0xBB, 0xAE, 0x18, 0x99, 0xA8, 0x64, 0x84, 0xF7, 0x81, 0xF9, 0xC0, 0x65, 0x71,
    0x18, 0x89, 0xF4, 0xA7, 0x73, 0xB1, 0x16, 0x63, 0x39, 0xC3, 0x19, 0x8D, 0x2C, 0x98, 0xC4, 0x73,
    0xF2, 0xF7, 0xB0, 0x40, 0x31, 0x15, 0xEF, 0x56, 0xB1, 0x0C, 0x46, 0xFE, 0x26, 0x5A, 0x91, 0x68,
    0x1B, 0x09, 0x96, 0x6B, 0x83, 0x0E, 0x74, 0x6D, 0x1D, 0x10, 0xAA, 0xA8, 0x66, 0xD4, 0x54, 0x45,
    0xCA, 0x59, 0x8F, 0xB0, 0x18, 0x0F, 0x6B, 0xD7, 0x42, 0xB7, 0x02, 0x76, 0x06, 0x2D, 0x32, 0xD2,
    0xE4, 0xE9, 0xB9, 0xFE, 0x63, 0x07, 0xC6, 0xB3, 0x4F, 0x2F, 0xE5, 0xC7, 0x4E, 0xE4, 0x30, 0x31,
    0x33, 0x17, 0x73, 0x39, 0x95, 0x51, 0x45, 0x15, 0x54, 0xA8, 0x02, 0x87, 0x68, 0x7C, 0xE3, 0x8C,
    0xB3, 0xAD, 0xC5, 0xD2, 0x71, 0x9D, 0x7B, 0x50, 0xAF, 0xD0, 0xC9, 0x88, 0xF4, 0xE9, 0x00, 0xA5,
    0x2B, 0x23, 0x94, 0x79, 0xC3, 0x32, 0x42, 0xBF, 0x7D, 0xE6, 0x2B, 0xDF, 0x0F, 0xDA, 0xE9, 0xC1,
    0x78, 0xED, 0xCD, 0xA8, 0x5B, 0x2D, 0x77, 0xA8, 0x24, 0xC2, 0xB5, 0x19, 0x8A, 0x05, 0x92, 0xCE,
    0x6F, 0xB1, 0x60, 0x3E, 0x99, 0xB7, 0x7C, 0xE4, 0xBC, 0x74, 0xEF, 0x84, 0xFE, 0x6A, 0xFA, 0x33,
    0x4A, 0x33, 0xF2, 0xFC, 0x02, 0xBF, 0xAA, 0xBC, 0x72, 0xBC, 0xFB, 0x4C, 0x1D, 0xAF, 0xBC, 0x6C,
    0x97, 0x17, 0xAE, 0xF4, 0xFD, 0xD3, 0x7F, 0x3E, 0x7F, 0xF1, 0xE9, 0xF7, 0x26, 0x9E, 0x7E, 0x2F,
    0xF2, 0xE2, 0x7B, 0xF1, 0xCB, 0x2F, 0xFC, 0xD3, 0xBA, 0x7C, 0xED, 0x0D, 0x99, 0xFE, 0xF0, 0x8A,
    0x19, 0xC6, 0x97, 0x51, 0xBE, 0x6E, 0x5F, 0xA1, 0x90, 0x9F, 0x91, 0xA3, 0x58, 0xA9, 0xC5, 0x57,
    0xD5, 0x80, 0x1A, 0x2F, 0xCB, 0xD0, 0x88, 0x3F, 0xA9, 0xFC, 0x89, 0xF6, 0xF6, 0x91, 0xD7, 0x1F,
    0x3A, 0x72, 0xFC, 0x95, 0x72, 0xE5, 0xDC, 0x78, 0x1D, 0xFB, 0xD6, 0x7E, 0xB4, 0xD0, 0x55, 0x91,
    0x7B, 0xD5, 0x48, 0xFF, 0x8D, 0x88, 0xBD, 0x3F, 0xA3, 0x47, 0x41, 0x0D, 0x27, 0xE0, 0xBE, 0xC0,
    0x4B, 0xB7, 0x6F, 0xB7, 0x56, 0xA4, 0xED, 0x44, 0x00, 0x7B, 0xE0, 0x3A, 0xFB, 0xF7, 0xFB, 0x67,
    0x58, 0xF1, 0x56, 0x5C, 0x27, 0x6D, 0xB1, 0xF2, 0x4C, 0xE9, 0x7F, 0x7F, 0xBE, 0xF9, 0xD5, 0x7F,
    0x79, 0xE3, 0x2F, 0xE6, 0x37, 0xFE, 0xF2, 0xCE, 0xCD, 0xAF, 0x7E, 0xD1, 0xBF, 0x5C, 0xB5, 0xD5,
    0xC4, 0x77, 0x6E, 0xD3, 0x0B, 0x22, 0xF0, 0x6D, 0x94, 0x78, 0x2D, 0xC1, 0xBC, 0x15, 0x4E, 0x88,
    0xAF, 0x16, 0xD1, 0xAA, 0x60, 0x4E, 0x47, 0x2D, 0x7E, 0xCB, 0xE4, 0x2D, 0xC8, 0x59, 0x55, 0x99,
    0xC0, 0xE5, 0xEF, 0x3F, 0xBC, 0xA9, 0x45, 0x42, 0x86, 0x7A, 0x00, 0x9D, 0xF1, 0x3B, 0xBF, 0xDD,
    0x02, 0xE4, 0xED, 0x39, 0x2B, 0x79, 0x03, 0x92, 0x57, 0x6A, 0x3A, 0x9E, 0x6A, 0x5A, 0x0C, 0xAC,
    0xA4, 0x47, 0x33, 0xD0, 0xFD, 0x2D, 0xFD, 0x42, 0xBD, 0x7D, 0x74, 0xA9, 0x01, 0x83, 0x9A, 0x28,
    0xDE, 0xE4, 0xD9, 0x13, 0xDE, 0x7C, 0x1F, 0x13, 0x81, 0x72, 0x50, 0x51, 0x8F, 0x8D, 0xB7, 0x3C,
    0x45, 0xB1, 0xA4, 0x91, 0x2D, 0x91, 0x86, 0xCA, 0x63, 0x4A, 0x23, 0x66, 0xB3, 0xA5, 0x11, 0xEA,
    0x34, 0x74, 0xD0, 0xD1, 0x04, 0x2D, 0x79, 0xD7, 0x0F, 0xC6, 0xE6, 0xB4, 0x19, 0x9A, 0x83, 0xC1,
    0x6C, 0xC6, 0xED, 0x70, 0x4D, 0x66, 0x25, 0x32, 0x69, 0x79, 0x14, 0x8D, 0xFC, 0x47, 0xB4, 0xF2,
    0x51, 0xB0, 0x72, 0xFF, 0xC0, 0x07, 0xA3, 0x95, 0xEF, 0x0D, 0x5A, 0xFE, 0x7A, 0x28, 0xE5, 0xAA,
    0xC7, 0x68, 0x8F, 0xD5, 0x0E, 0x9B, 0x94, 0x4E, 0x4C, 0xCB, 0x75, 0x03, 0xEF, 0x5B, 0xB8, 0x9B,
    0x98, 0x4F, 0x12, 0xD7, 0xE1, 0xD6, 0xB7, 0xE9, 0x86, 0xDE, 0xF7, 0x5E, 0x9C, 0x6A, 0x6B, 0xEA,
    0xC0, 0xD4, 0x45, 0x33, 0x54, 0xC1, 0x86, 0x3F, 0x1A, 0xD5, 0xA8, 0x06, 0xE5, 0x2B, 0xFF, 0xCD,
    0x7F, 0x93, 0x58, 0x2E, 0x34, 0xD2, 0x9E, 0xD4, 0xFE, 0x6E, 0xE5, 0xE7, 0xCA, 0x4F, 0xB5, 0x9F,
    0xB4, 0xBF, 0xDB, 0xB4, 0x76, 0xA5, 0x89, 0xE4, 0xA8, 0xDA, 0x2B, 0xE8, 0x61, 0xA5, 0x8A, 0x9D,
    0x2B, 0x17, 0x33, 0xB0, 0xE8, 0x91, 0xA5, 0x1E, 0xD4, 0x6C, 0xBD, 0x8E, 0xD2, 0x66, 0x0B, 0x9C,
    0xA8, 0x91, 0xDF, 0x29, 0x5A, 0x68, 0x3C, 0x11, 0xF1, 0xE9, 0xF1, 0x9B, 0xAE, 0xF6, 0xE8, 0xB6,
    0x21, 0x4D, 0x6F, 0x82, 0x66, 0xA2, 0xE8, 0xFF, 0x2E, 0x50, 0xCA, 0x4F, 0x5B, 0x80, 0xDF, 0x83,
    0xA2, 0xED, 0x41, 0x7F, 0x77, 0x05, 0xAB, 0xFE, 0x11, 0xEE, 0xEA, 0x57, 0x29, 0xE2, 0x57, 0x5E,
    0x45, 0x0D, 0x56, 0xD0, 0xEE, 0x77, 0x53, 0xC2, 0x93, 0xF9, 0x7E, 0x03, 0xD1, 0xE2, 0x4E, 0xE2,
    0x1B, 0x02, 0xFA, 0x1D, 0xDD, 0x62, 0xD1, 0x49, 0x94, 0x2C, 0x5A, 0xC4, 0x24, 0x5A, 0x3B, 0xB4,
    0xB3, 0x2B, 0x86, 0x34, 0x61, 0x06, 0x22, 0x7D, 0x4C, 0xA2, 0xCF, 0xC6, 0x2C, 0x3A, 0x66, 0xD1,
    0x21, 0x89, 0x96, 0x21, 0x89, 0xFE, 0xF0, 0xD3, 0x33, 0xD1, 0xEB, 0xED, 0x6F, 0xB0, 0xD3, 0x6A,
    0x86, 0x3A, 0xA1, 0x33, 0x13, 0x9F, 0x85, 0x0E, 0x89, 0x71, 0xBB, 0xFB, 0xB5, 0x0C, 0x5B, 0x66,
    0xAD, 0xDF, 0xE9, 0xDC, 0x97, 0xB1, 0xBE, 0xC7, 0x3E, 0x5A, 0xD1, 0x32, 0x51, 0x8A, 0x63, 0x8F,
    0x3B, 0x50, 0xCE, 0xC0, 0x92, 0xE8, 0x12, 0x26, 0x71, 0x89, 0x2D, 0x0A, 0xF1, 0xA8, 0x44, 0x95,
    0xD0, 0x59, 0xF0, 0xC1, 0x80, 0xF9, 0x70, 0xC4, 0xBE, 0x33, 0xD2, 0xEB, 0x91, 0xB5, 0x0E, 0xE5,
    0x5C, 0x07, 0x25, 0x12, 0xAA, 0x84, 0x7E, 0xF8, 0x83, 0xD8, 0x0C, 0x55, 0xB4, 0x5E, 0x4D, 0xD6,
    0xA9, 0xA9, 0x47, 0x1D, 0x36, 0xA7, 0x06, 0xA8, 0xC3, 0x96, 0x62, 0x6C, 0x0B, 0x27, 0x47, 0x5E,
    0xC3, 0x7A, 0x90, 0x80, 0x92, 0x89, 0x7A, 0x9C, 0xA9, 0xDC, 0x15, 0xE0, 0x88, 0xFA, 0xB7, 0xA0,
    0x92, 0xBB, 0x89, 0x85, 0xA2, 0x8A, 0x47, 0xD5, 0xAE, 0xA3, 0xA0, 0x7F, 0xBE, 0xA2, 0xFF, 0x6B,
    0xC9, 0x1C, 0x6F, 0xCF, 0x66, 0xCF, 0x49, 0xF6, 0x99, 0x1A, 0x27, 0xCA, 0x31, 0x6E, 0xC6, 0xA0,
    0x6B, 0x8F, 0xB6, 0x46, 0x21, 0x39, 0xE9, 0xFB, 0xF4, 0xF0, 0x26, 0xF5, 0x27, 0x23, 0xE8, 0xA4,
    0x41, 0xF3, 0xE1, 0x00, 0xF6, 0xAA, 0x07, 0xDB, 0x88, 0xE3, 0x9E, 0x91, 0x96, 0xC5, 0x7C, 0x4C,
    0x21, 0xE2, 0x50, 0x22, 0x2D, 0xD5, 0x43, 0x81, 0x3A, 0x74, 0xA0, 0x87, 0xFE, 0x1F, 0x68, 0xBC,
    0xAC, 0x58, 0x27, 0x0B, 0x34, 0xBF, 0x02, 0x11, 0xA7, 0xA4, 0x1F, 0x74, 0xD0, 0xA1, 0x19, 0xEA,
    0x60, 0x7D, 0x71, 0x30, 0x31, 0xF4, 0x6D, 0x82, 0x33, 0x2E, 0x25, 0xAC, 0xEB, 0x5C, 0xDF, 0x5A,
    0x59, 0x69, 0x64, 0xA6, 0x94, 0x01, 0xBE, 0x06, 0x18, 0xB7, 0xF9, 0xAE, 0x14, 0x4F, 0xB1, 0xB6,
    0x6C, 0x51, 0x8E, 0x50, 0x05, 0x50, 0x11, 0x98, 0x13, 0x77, 0x13, 0xCF, 0xB2, 0x85, 0xC8, 0x5C,
    0x24, 0xCA, 0xF5, 0xF6, 0xAD, 0x72, 0x06, 0x35, 0x1D, 0x88, 0x50, 0x89, 0x0C, 0xB5, 0x88, 0xD7,
    0x0F, 0x6F, 0x3B, 0x3D, 0x42, 0xA6, 0x19, 0x12, 0x1E, 0xCC, 0xC7, 0xFB, 0xAB, 0x28, 0xC1, 0x1E,
    0xBA, 0x05, 0x73, 0x30, 0xFA, 0x02, 0x4C, 0x47, 0x5E, 0xA3, 0x67, 0x3B, 0x54, 0x2D, 0x23, 0xE6,
    0xED, 0xC8, 0x97, 0x18, 0x81, 0xE3, 0xE9, 0x9B, 0x8F, 0x66, 0xCC, 0x07, 0x13, 0x36, 0xF3, 0xA3,
    0x78, 0x34, 0xDD, 0x73, 0xF9, 0x9F, 0x1E, 0xCB, 0xFF, 0xA6, 0x2F, 0x32, 0x15, 0xDF, 0x5F, 0x6F,
    0x6D, 0x9F, 0x57, 0x31, 0x11, 0xA0, 0x4E, 0xE8, 0xC4, 0x63, 0xE2, 0x09, 0xEB, 0x73, 0xED, 0xF4,
    0x79, 0xF9, 0x3F, 0xCA, 0x1A, 0x9F, 0x93, 0xFF, 0xA3, 0xE9, 0xEF, 0xF9, 0xFF, 0xC9, 0xB9, 0xFC,
    0x1F, 0x43, 0xB7, 0x94, 0x25, 0x21, 0x5E, 0xAD, 0x7D, 0x50, 0x53, 0x1D, 0xAB, 0x5C, 0x3F, 0xA4,
    0xBF, 0x99, 0x87, 0x6F, 0x4F, 0x56, 0xDE, 0x9E, 0x3A, 0x79, 0x7D, 0xD2, 0x63, 0x1D, 0xF3, 0x7D,
    0x6B, 0xBC, 0x0E, 0xC6, 0x37, 0x83, 0xF5, 0x9D, 0xB7, 0x9F, 0x08, 0x56, 0x66, 0x3A, 0xB9, 0x01,
    0x65, 0xA2, 0x91, 0x90, 0x88, 0x5C, 0x6A, 0x06, 0x0E, 0x51, 0x0A, 0xB3, 0xDA, 0x78, 0x2D, 0xF1,
    0xF5, 0xA9, 0x92, 0xB7, 0xA6, 0x5A, 0xEE, 0xC7, 0xFA, 0xF4, 0x7E, 0xD0, 0x0F, 0x3E, 0x08, 0xFA,
    0x47, 0x3F, 0x09, 0xFA, 0x83, 0x4F, 0xC6, 0xE6, 0xBE, 0x8C, 0xE6, 0x6D, 0x19, 0x12, 0xDE, 0x7E,
    0x3D, 0x51, 0x26, 0x0A, 0x71, 0x1D, 0xD2, 0xEE, 0x42, 0xC3, 0x7E, 0x0E, 0x15, 0xA0, 0x9C, 0x80,
    0xCC, 0x21, 0x9E, 0x5F, 0xA1, 0x17, 0x5F, 0x4A, 0x1F, 0xAA, 0xB4, 0x7F, 0x9D, 0xF6, 0xDE, 0x8C,
    0x69, 0xFF, 0x5B, 0x85, 0xA0, 0x26, 0xEB, 0xAB, 0x44, 0x1D, 0x13, 0xC1, 0x3A, 0x1D, 0xAC, 0x6F,
    0xC6, 0xDC, 0x37, 0xE8, 0x55, 0xDA, 0x4A, 0x16, 0xE8, 0x47, 0xF6, 0xF8, 0x52, 0xC2, 0x3A, 0xE8,
    0x77, 0x0F, 0x16, 0x31, 0xFB, 0xE3, 0x88, 0x6B, 0x08, 0x28, 0x71, 0xE8, 0x53, 0x8F, 0x7D, 0x3D,
    0xF0, 0x95, 0x62, 0x38, 0xEA, 0x19, 0x2E, 0xDF, 0x00, 0xB3, 0x8E, 0x58, 0x09, 0x5C, 0x32, 0xEE,
    0xA8, 0xDA, 0xD9, 0x6F, 0x89, 0x5C, 0xFD, 0x67, 0x8E, 0x99, 0x77, 0xE5, 0x6A, 0xF4, 0x98, 0xFF,
    0xA5, 0xB4, 0x4A, 0x66, 0x90, 0x00, 0xBD, 0x47, 0xC9, 0x88, 0x96, 0x48, 0xF7, 0xE3, 0x05, 0xCB,
    0xC2, 0x0B, 0xFC, 0x01, 0xFF, 0x37, 0xEA, 0x96, 0xCB, 0xF2, 0x2D, 0x8F, 0x11, 0x81, 0xFE, 0x74,
    0xA1, 0x58, 0xCB, 0x05, 0x35, 0x57, 0xB9, 0x96, 0xD6, 0x2B, 0x69, 0x65, 0x41, 0x87, 0xBB, 0xF9,
    0x0D, 0xFA, 0x8B, 0x34, 0xFD, 0xF2, 0x5F, 0x17, 0xB4, 0xBC, 0x35, 0xA7, 0x49, 0xA5, 0x69, 0xAE,
    0x26, 0xF2, 0xA6, 0xA9, 0xA5, 0x1F, 0x68, 0x44, 0x5A, 0xBA, 0x6B, 0x13, 0xBC, 0xCC, 0xB9, 0xA8,
    0x0F, 0xD5, 0xB2, 0x1E, 0x0E, 0xE6, 0x4B, 0xD0, 0x1E, 0x8A, 0xAA, 0x2A, 0xEA, 0xB1, 0x0A, 0x3A,
    0x5F, 0x8C, 0x21, 0x5F, 0x8C, 0x7C, 0x0C, 0x3D, 0x58, 0xD7, 0x24, 0x8C, 0xEF, 0xDA, 0xC4, 0x5E,
    0x5B, 0xB9, 0x9E, 0xAE, 0x15, 0x7A, 0xFA, 0xD7, 0x84, 0x4E, 0x16, 0xEC, 0xD6, 0x76, 0xDE, 0x60,
    0x8F, 0x57, 0x13, 0x7D, 0x62, 0x39, 0x34, 0x13, 0xE3, 0x71, 0xD7, 0x50, 0x33, 0xD4, 0x02, 0x26,
    0xBF, 0x71, 0xB5, 0xCF, 0xFD, 0x14, 0x70, 0x3C, 0xFD, 0xD4, 0x0F, 0x22, 0xCD, 0x88, 0x98, 0x21,
    0xF3, 0xFF, 0x92, 0x9B, 0x62, 0x7E, 0x2C, 0x37, 0xD6, 0xE7, 0x76, 0xA0, 0x9A, 0xF4, 0x98, 0xCB,
    0x01, 0x33, 0xD4, 0xB1, 0x73, 0x6A, 0x12, 0xD4, 0xBA, 0x50, 0xCA, 0x04, 0x12, 0x12, 0x03, 0x74,
    0x2E, 0xB1, 0xCB, 0x20, 0x89, 0x75, 0xA7, 0x58, 0x76, 0xCA, 0x79, 0x47, 0xC9, 0x9A, 0x90, 0x41,
    0xAD, 0x7D, 0xDE, 0x7D, 0x6E, 0x9F, 0x62, 0x22, 0xE8, 0x3C, 0x46, 0x33, 0x6A, 0x11, 0xDF, 0x88,
    0x60, 0x3E, 0xBE, 0x79, 0xAE, 0x81, 0xA2, 0xCA, 0xDE, 0x91, 0x50, 0xC8, 0xE9, 0x94, 0x9B, 0xB0,
    0x2A, 0x96, 0xB3, 0x0D, 0xE5, 0x64, 0x43, 0x37, 0x99, 0x9F, 0x2F, 0xE8, 0xFF, 0x8C, 0xE8, 0x8F,
    0x16, 0x9A, 0x1F, 0x8B, 0x37, 0xBE, 0x4F, 0xB9, 0xA8, 0xB7, 0x4A, 0xC9, 0x7E, 0x37, 0x71, 0xF5,
    0x34, 0x74, 0x46, 0x86, 0xBE, 0x5A, 0xD9, 0xE2, 0xB2, 0x83, 0xE6, 0xE0, 0xB7, 0xEA, 0xCC, 0x6F,
    0x8E, 0x2D, 0xBA, 0xEF, 0xC5, 0x52, 0x7E, 0x19, 0x6A, 0xE9, 0xC3, 0x5E, 0x00, 0xE5, 0x9C, 0x66,
    0xF6, 0x9C, 0x5A, 0x67, 0xBD, 0xF5, 0xE2, 0xCD, 0xA3, 0xDE, 0x35, 0x62, 0x5D, 0x35, 0x1D, 0x2A,
    0x3A, 0xAE, 0x24, 0xBA, 0xFD, 0xD0, 0xE5, 0x04, 0xEA, 0x09, 0x35, 0xCB, 0x73, 0x7E, 0x1A, 0xB2,
    0x9F, 0x2E, 0xAC, 0x95, 0x1B, 0xE3, 0x4E, 0x7C, 0x62, 0xE0, 0xD9, 0x7D, 0xBF, 0x17, 0xD6, 0xCA,
    0x3E, 0xEC, 0xBF, 0x35, 0x9E, 0x79, 0xF1, 0xE2, 0xE7, 0x5B, 0x40, 0x0B, 0x34, 0xDA, 0xF1, 0x4A,
    0x9D, 0xD0, 0xED, 0xF6, 0x5C, 0x4D, 0x17, 0xDF, 0xDB, 0xBD, 0x2A, 0xA2, 0xE4, 0xC1, 0x4A, 0x2D,
    0x22, 0x54, 0x7F, 0x3C, 0x19, 0x50, 0xE1, 0x3A, 0x45, 0x2F, 0x33, 0x5A, 0xE4, 0x06, 0xE6, 0xF5,
    0x11, 0x4E, 0xEA, 0x3C, 0xE9, 0x70, 0x07, 0x7B, 0x4F, 0x26, 0xEC, 0x2F, 0x24, 0x50, 0x0F, 0x9D,
    0xFB, 0xEC, 0xFF, 0xB4, 0xF4, 0x2A, 0xAD, 0x19, 0x4E, 0xF6, 0xAA, 0xB7, 0xDD, 0xE9, 0xC9, 0xBC,
    0x42, 0xE7, 0x7A, 0xAC, 0xCC, 0x34, 0x12, 0x28, 0xC5, 0x1D, 0xBE, 0xF7, 0x16, 0x2A, 0x8F, 0x12,
    0x47, 0xB9, 0xB2, 0x47, 0x9D, 0xB0, 0xED, 0x5E, 0x09, 0x6B, 0x0F, 0xD5, 0x00, 0x25, 0x7B, 0x98,
    0x48, 0x29, 0x92, 0xD7, 0x71, 0x66, 0xDC, 0x8E, 0xE2, 0xBA, 0xED, 0x62, 0xCE, 0xF4, 0x72, 0x63,
    0xAB, 0xAC, 0xBB, 0xD6, 0x6E, 0xED, 0x62, 0x73, 0xAE, 0x5D, 0xFC, 0xE7, 0xC4, 0x7E, 0x9B, 0xF6,
    0x0A, 0xC4, 0x43, 0xD1, 0x5E, 0x5C, 0x33, 0x27, 0xBB, 0x99, 0xA1, 0xEB, 0x29, 0x66, 0xE3, 0x08,
    0xFA, 0xC2, 0x5A, 0xC5, 0x6A, 0x7D, 0xA6, 0x5C, 0xAC, 0x57, 0x73, 0xE7, 0x9E, 0xE8, 0x9C, 0x2F,
    0x26, 0xD6, 0xB3, 0x8E, 0xB8, 0xDD, 0xF3, 0xF7, 0x14, 0x5B, 0x58, 0x71, 0x89, 0x96, 0x97, 0x12,
    0x8F, 0xFF, 0xD8, 0x3C, 0x43, 0x31, 0x5B, 0x57, 0xCE, 0x42, 0x29, 0x33, 0x85, 0x04, 0xF8, 0xCC,
    0xEF, 0x03, 0xA8, 0x43, 0xDE, 0xF4, 0x00, 0x8D, 0x83, 0xF2, 0x09, 0x34, 0x75, 0x00, 0x3B, 0xC1,
    0xBA, 0xA0, 0x62, 0x47, 0x39, 0xBC, 0x78, 0x61, 0xAD, 0x9C, 0x2F, 0x35, 0xF7, 0xAD, 0x9A, 0x85,
    0x6A, 0x92, 0x27, 0x3B, 0x67, 0xF7, 0xDF, 0x03, 0xB5, 0x38, 0x2A, 0x01, 0xD3, 0x3B, 0x2E, 0x19,
    0xCF, 0x73, 0x57, 0xC7, 0x42, 0x1E, 0xED, 0xAD, 0x64, 0x34, 0xC1, 0x0C, 0xB9, 0x52, 0x48, 0xB8,
    0x33, 0x72, 0xB5, 0x69, 0xD3, 0x65, 0x92, 0xB6, 0x96, 0x85, 0x42, 0x6E, 0xF0, 0xEB, 0x7E, 0x34,
    0xAA, 0xD8, 0xB7, 0xD5, 0xA7, 0xE2, 0xEB, 0x47, 0xFD, 0xA8, 0xE7, 0xFC, 0x5A, 0x48, 0xA4, 0xD1,
    0x0C, 0x7A, 0x68, 0x7C, 0x33, 0x18, 0x6F, 0xBC, 0xCD, 0x38, 0x9B, 0x71, 0x5D, 0x6B, 0xDB, 0xCF,
    0xBD, 0x0F, 0xDD, 0x48, 0x25, 0x0B, 0x5A, 0x84, 0xCD, 0x23, 0xED, 0xF6, 0xD2, 0xF2, 0xB2, 0xE3,
    0x84, 0xAE, 0xED, 0x11, 0xEC, 0xE9, 0x4C, 0x23, 0x91, 0xCB, 0xD2, 0x7E, 0xCE, 0x7D, 0xB8, 0xA0,
    0xE6, 0xE3, 0xF7, 0xE1, 0xE2, 0x5A, 0xCF, 0x01, 0xF2, 0xA8, 0x45, 0xC4, 0xF1, 0xDA, 0x3D, 0x80,
    0x0B, 0x6B, 0x3D, 0x7E, 0xB7, 0x2E, 0xB8, 0xA7, 0x66, 0xDC, 0x31, 0x03, 0x58, 0x7F, 0xF0, 0x99,
    0xF8, 0x4E, 0xC4, 0x7D, 0xE7, 0xF6, 0xED, 0x3D, 0x71, 0x72, 0x20, 0xFB, 0x2C, 0x71, 0x16, 0x4F,
    0x43, 0xB5, 0x5A, 0xB6, 0xE2, 0x01, 0x39, 0x8D, 0xA8, 0x59, 0x4F, 0x54, 0xD1, 0xCE, 0xD4, 0x41,
    0x66, 0xF4, 0xA7, 0x9F, 0xA6, 0x49, 0xEE, 0x4F, 0x69, 0xAA, 0x22, 0xF5, 0xAC, 0x03, 0xD5, 0x2A,
    0x7E, 0xAF, 0xFA, 0xEC, 0xB5, 0x08, 0x2F, 0x70, 0x2E, 0xEA, 0x44, 0x97, 0xB0, 0x07, 0x43, 0xD4,
    0xFF, 0x6B, 0x88, 0x5F, 0x67, 0xA4, 0x6E, 0x3B, 0x54, 0x1E, 0x82, 0x28, 0xA1, 0x5F, 0x57, 0xEC,
    0xB2, 0xD0, 0xFC, 0x74, 0x61, 0x8F, 0x77, 0xF7, 0x72, 0x43, 0x4D, 0x87, 0x8B, 0xBE, 0x1B, 0xE2,
    0xC2, 0x9A, 0x75, 0x04, 0x33, 0x43, 0x2F, 0x94, 0xB3, 0x6D, 0x19, 0xF5, 0x85, 0xB5, 0xF6, 0x2F,
    0x30, 0x93, 0x2F, 0x7B, 0xE7, 0x9E, 0xEC, 0x9C, 0x2F, 0x9E, 0x6F, 0xA3, 0xCA, 0x08, 0xFC, 0x29,
    0x39, 0xAA, 0x50, 0xED, 0x15, 0x55, 0x66, 0xD4, 0x99, 0xB3, 0xCB, 0x99, 0x56, 0x39, 0x5B, 0x4D,
    0x5C, 0x7E, 0x73, 0x6A, 0xB1, 0x6D, 0x35, 0xED, 0x65, 0xDB, 0x17, 0x8A, 0x75, 0x33, 0x4B, 0x27,
    0x81, 0xE7, 0xD7, 0xF6, 0xF1, 0x6A, 0x6E, 0xAB, 0xE4, 0xCC, 0x50, 0xCE, 0x12, 0xCB, 0x55, 0x26,
    0x25, 0xB9, 0x0E, 0x2B, 0x67, 0x35, 0x95, 0x73, 0x15, 0xD5, 0x5C, 0x87, 0x4C, 0xAE, 0xE9, 0xD2,
    0x10, 0x19, 0xF5, 0x03, 0x71, 0xCD, 0x0F, 0x17, 0x8C, 0x67, 0xC3, 0xBA, 0x03, 0x2D, 0x9C, 0x6B,
    0x73, 0x52, 0x45, 0x71, 0xCC, 0x7D, 0xFF, 0x0F, 0xAD, 0x9A, 0x31, 0xB0, 0xDD, 0xC4, 0x15, 0x86,
    0xFF, 0x2B, 0x39, 0xC8, 0x83, 0x26, 0x2C, 0x05, 0x55, 0x1C, 0x50, 0x4A, 0x62, 0x82, 0xD5, 0xA6,
    0x00, 0xEF, 0xE2, 0x64, 0xE2, 0x82, 0x82, 0x54, 0x69, 0x99, 0x49, 0x17, 0x32, 0x19, 0x1A, 0x0A,
    0x0A, 0xDB, 0x5A, 0x78, 0x05, 0x05, 0x45, 0xDC, 0x37, 0x71, 0xE1, 0x82, 0x5C, 0x0A, 0xBB, 0x70,
    0x41, 0x61, 0x5B, 0x0B, 0x2E, 0x28, 0x28, 0x50, 0xA0, 0x48, 0x91, 0xC2, 0x0A, 0x43, 0x85, 0x67,
    0xF2, 0x16, 0x22, 0xB0, 0xF0, 0x93, 0x74, 0x72, 0xCE, 0x4A, 0xF7, 0xE9, 0xF1, 0xEC, 0xE7, 0x0C,
    0xD7, 0xDA, 0x3B, 0xDF, 0xCE, 0x9B, 0xD1, 0xBB, 0xBB, 0xFF, 0x9E, 0xDD, 0x3D, 0xE7, 0xEC, 0xEA,
    0x22, 0x5A, 0xBF, 0x87, 0x98, 0xDA, 0xC0, 0xA6, 0xAC, 0xC8, 0x21, 0x66, 0x12, 0x46, 0x51, 0x85,
    0xEC, 0x76, 0x85, 0xFC, 0xD3, 0x1A, 0xFA, 0xAF, 0x35, 0x4A, 0x55, 0x63, 0x48, 0x7D, 0xD4, 0xA5,
    0x3E, 0x26, 0xF2, 0x09, 0xA3, 0xEE, 0x5D, 0x69, 0xB2, 0x2A, 0x69, 0xB4, 0x8B, 0x5B, 0x6D, 0xE3,
    0xB6, 0x44, 0xDC, 0xE2, 0xE4, 0xDA, 0x42, 0x93, 0x63, 0x2C, 0x36, 0xA5, 0x78, 0xA7, 0x89, 0xE8,
    0xAE, 0x4F, 0xA9, 0xF4, 0x8A, 0x3F, 0x59, 0xA5, 0x6A, 0xED, 0x84, 0xAC, 0xD2, 0x36, 0x77, 0xDA,
    0x6A, 0xA7, 0x1D, 0xB9, 0x7C, 0xAF, 0xB4, 0x19, 0x69, 0x9B, 0xB4, 0x85, 0x81, 0x94, 0xC4, 0x9D,
    0x42, 0x52, 0xDD, 0x64, 0x4D, 0x1D, 0x6B, 0xF3, 0x40, 0x61, 0x17, 0xD3, 0x29, 0xE5, 0x5C, 0x54,
    0xE3, 0x42, 0x52, 0x07, 0xBD, 0x19, 0x01, 0x49, 0xBB, 0xBD, 0xDE, 0x45, 0x34, 0xAD, 0x6A, 0x40,
    0x59, 0x20, 0x03, 0xD3, 0x01, 0x69, 0xB3, 0x9D, 0xED, 0x9E, 0xE7, 0xA6, 0x3C, 0x10, 0xD7, 0x8C,
    0xCC, 0xC3, 0x80, 0xB1, 0xBC, 0xC8, 0x94, 0x4C, 0x0F, 0xC4, 0xCD, 0xF8, 0x1C, 0x06, 0xA1, 0x64,
    0xDF, 0x03, 0x44, 0x36, 0xA6, 0xB2, 0x1A, 0xFB, 0x49, 0xBD, 0x76, 0x3F, 0x81, 0x76, 0xA3, 0xD5,
    0x4B, 0xC3, 0x60, 0xC3, 0x31, 0x46, 0xDB, 0xC2, 0x96, 0x46, 0xEF, 0x0D, 0x50, 0xD4, 0x22, 0xA2,
    0x8B, 0x18, 0xCB, 0xD5, 0xA9, 0xFD, 0x16, 0x48, 0x3C, 0xA0, 0x1C, 0x6B, 0x99, 0xFA, 0x78, 0xFD,
    0x4B, 0x44, 0x34, 0x40, 0x0D, 0x64, 0xF2, 0xEA, 0xF4, 0xD8, 0xB6, 0x11, 0xA6, 0x76, 0x59, 0x37,
    0xB7, 0x09, 0xBD, 0xD7, 0x21, 0xA3, 0x06, 0x11, 0x19, 0x20, 0x12, 0x33, 0x10, 0x90, 0x93, 0xC5,
    0x4D, 0x55, 0xE1, 0xCD, 0xD8, 0x02, 0x58, 0x4E, 0x33, 0x9B, 0x18, 0x79, 0x07, 0x94, 0xC4, 0x5D,
    0x69, 0x83, 0x5A, 0x6D, 0xAF, 0x35, 0xEE, 0x66, 0x92, 0x76, 0x59, 0x8D, 0xCA, 0xCF, 0x6C, 0xAB,
    0x4F, 0xCA, 0xAF, 0xA2, 0x0A, 0x85, 0xAA, 0x83, 0x3D, 0xD5, 0x20, 0xF3, 0xB4, 0xEC, 0xFC, 0x5F,
    0x4B, 0x0C, 0xBA, 0xDC, 0xA1, 0x20, 0xB1, 0xEB, 0xA3, 0xEB, 0x7D, 0x21, 0x76, 0x61, 0xDE, 0x35,
    0x2B, 0x50, 0x3D, 0x90, 0x34, 0x90, 0x12, 0x51, 0xCF, 0x90, 0x8B, 0x87, 0xD2, 0xC7, 0x6D, 0xDA,
    0xC4, 0x4D, 0xDC, 0x26, 0x4C, 0xEA, 0x47, 0x94, 0x4F, 0x5A, 0x55, 0xA7, 0x8D, 0x8C, 0x23, 0xE3,
    0x11, 0xE5, 0xB2, 0x5F, 0x5C, 0xE1, 0xF4, 0x1D, 0x82, 0xA6, 0x0E, 0x45, 0xD0, 0x9B, 0x7D, 0x52,
    0x4B, 0xE5, 0xC0, 0x5B, 0xD5, 0x82, 0xF7, 0x2A, 0xB8, 0xFA, 0x1B, 0x56, 0xB2, 0x10, 0x52, 0x2A,
    0x80, 0x6C, 0x4F, 0x86, 0x51, 0x11, 0x58, 0xF0, 0x20, 0x96, 0xE8, 0x45, 0x32, 0x57, 0xE5, 0xAA,
    0xE3, 0x2A, 0xE2, 0xAA, 0x38, 0x2B, 0xD5, 0x6E, 0x0B, 0xE8, 0xBB, 0x32, 0x4F, 0x9F, 0x37, 0xF7,
    0xAB, 0x4B, 0x44, 0x1D, 0xFF, 0x95, 0xDF, 0xDB, 0x69, 0x35, 0xED, 0xB4, 0x05, 0x9D, 0x9D, 0xD5,
    0xB9, 0xA3, 0xD4, 0xAD, 0x7A, 0xAE, 0x88, 0xCC, 0x54, 0xBD, 0x3F, 0x60, 0x9C, 0xAE, 0x62, 0x47,
    0xEC, 0xC3, 0x9D, 0x89, 0x53, 0x80, 0xCC, 0x16, 0x64, 0x88, 0x10, 0xBF, 0x00, 0x71, 0x0C, 0x60,
    0xCF, 0x20, 0x95, 0x76, 0x10, 0xDF, 0x00, 0x71, 0x0E, 0x10, 0xEF, 0x80, 0xA4, 0xD5, 0x06, 0x78,
    0x7C, 0x7D, 0x09, 0x8A, 0xEA, 0xC0, 0xA6, 0x10, 0x75, 0x2B, 0x26, 0x1A, 0xD6, 0x97, 0xA3, 0x4E,
    0xFA, 0x99, 0x68, 0x80, 0x84, 0xA8, 0x4A, 0x89, 0x9C, 0xBA, 0xB7, 0xB6, 0xDC, 0x03, 0x84, 0xAC,
    0x62, 0xC4, 0x6E, 0x5F, 0xAD, 0x8D, 0x26, 0x12, 0x80, 0xD7, 0xD6, 0x40, 0x49, 0x23, 0x9B, 0x92,
    0x8B, 0x56, 0x92, 0x79, 0xB7, 0x79, 0x2D, 0x92, 0x78, 0xDD, 0xBC, 0x44, 0x28, 0xA8, 0x43, 0xC9,
    0xA3, 0x94, 0xB5, 0x54, 0x18, 0x0D, 0x59, 0x47, 0x59, 0x58, 0x47, 0x76, 0x5A, 0x8F, 0xF8, 0x00,
    0xD9, 0x5B, 0x2D, 0x6B, 0xF4, 0xC1, 0xA7, 0xAE, 0x86, 0xE5, 0x74, 0x06, 0x37, 0x95, 0x38, 0x74,
    0xCA, 0xA1, 0x2C, 0x0D, 0x74, 0x1F, 0xF6, 0xD8, 0xF6, 0x7A, 0x69, 0x66, 0x49, 0x9D, 0xA2, 0x69,
    0xDE, 0xFB, 0xDB, 0xEA, 0xDB, 0x4E, 0x4B, 0x75, 0xD8, 0x66, 0x7F, 0x01, 0x22, 0x89, 0x29, 0x15,
    0x43, 0x86, 0xC7, 0xB9, 0x85, 0x96, 0x0A, 0x50, 0x12, 0x77, 0x99, 0x96, 0x29, 0xBD, 0x6C, 0x2E,
    0x84, 0x92, 0xE2, 0x1A, 0xB2, 0x5B, 0x2D, 0x52, 0xAA, 0xA7, 0x98, 0xB5, 0xEC, 0x7C, 0xBF, 0x91,
    0x58, 0xF4, 0xE2, 0x97, 0x4A, 0xF1, 0x4B, 0x8F, 0x66, 0xCF, 0x58, 0xBE, 0xCF, 0xFA, 0x34, 0x19,
    0x0C, 0xCA, 0xB1, 0xCF, 0xB3, 0xF3, 0x7A, 0x6F, 0xC1, 0x7A, 0x4D, 0x32, 0xB0, 0x2E, 0x9F, 0xD5,
    0x79, 0xA5, 0x2E, 0xEE, 0xFB, 0xD0, 0x33, 0x6B, 0x5B, 0x9E, 0x25, 0x47, 0x29, 0x83, 0xDC, 0x12,
    0xB4, 0x11, 0x4A, 0xF9, 0x6B, 0x8F, 0x90, 0x53, 0x81, 0xA4, 0xBD, 0x09, 0x44, 0xFD, 0x1C, 0xF3,
    0xCA, 0x39, 0xE6, 0xC9, 0xC6, 0x97, 0x7D, 0x3F, 0xE7, 0x02, 0xE2, 0x39, 0x42, 0x3E, 0x50, 0x69,
    0x97, 0x31, 0xF2, 0x29, 0x39, 0x17, 0xE0, 0xBE, 0x49, 0xB2, 0x0A, 0x1D, 0xBC, 0xEB, 0x71, 0x0C,
    0xD0, 0xBB, 0xE2, 0x55, 0x3C, 0xD2, 0xC9, 0xAF, 0x72, 0x9B, 0x15, 0x6E, 0xA4, 0xD5, 0x81, 0xDC,
    0x67, 0x39, 0xFD, 0xC1, 0x6F, 0x1F, 0xCA, 0xAD, 0xE2, 0x16, 0x8B, 0x8E, 0xE1, 0x60, 0x9C, 0x4D,
    0x9B, 0xA5, 0xB4, 0x1F, 0x8A, 0xE1, 0x8B, 0x6A, 0x5E, 0xCE, 0xB6, 0x52, 0x88, 0xE9, 0x81, 0x55,
    0x3B, 0x6F, 0x4B, 0xE0, 0xD4, 0x94, 0xE3, 0x75, 0xFC, 0xA0, 0x5B, 0xDE, 0xE6, 0x28, 0x81, 0x88,
    0x5C, 0xD8, 0xA3, 0x39, 0x07, 0xA1, 0x67, 0x50, 0x63, 0x2A, 0x51, 0xB7, 0xEA, 0xE2, 0x2E, 0xEA,
    0xE2, 0x36, 0x16, 0xA6, 0x58, 0x9C, 0x34, 0x8C, 0x57, 0x44, 0x1B, 0x6A, 0xC9, 0x5F, 0x25, 0xDA,
    0xE5, 0x2E, 0xE7, 0x3E, 0xA7, 0xFC, 0xD5, 0x68, 0x5B, 0x18, 0xEE, 0xB3, 0x34, 0x0F, 0x6C, 0x7E,
    0xD5, 0x4B, 0xFB, 0x23, 0xF3, 0xFE, 0x2F, 0x4D, 0x72, 0x97, 0x5C, 0xBA, 0x57, 0xD6, 0xAA, 0x53,
    0xB5, 0xF2, 0x0C, 0x7F, 0xB8, 0xFD, 0x2A, 0x3B, 0xD4, 0x3E, 0x13, 0xDA, 0x17, 0x8D, 0x10, 0x91,
    0xC8, 0x88, 0x68, 0xBF, 0x1A, 0x20, 0x42, 0xA5, 0xF2, 0x60, 0x89, 0x53, 0xC5, 0x09, 0x7A, 0x0D,
    0x51, 0x0B, 0x91, 0x0B, 0x69, 0x0F, 0x5A, 0x2A, 0x69, 0x11, 0x22, 0x19, 0x41, 0xB3, 0xD8, 0x59,
    0x51, 0x13, 0x38, 0x31, 0x5C, 0x0A, 0xE2, 0x92, 0x2D, 0xC4, 0x21, 0xBA, 0x08, 0x56, 0xE3, 0x99,
    0x06, 0xC7, 0xB8, 0xC7, 0xA9, 0x04, 0xE7, 0x47, 0xD4, 0xAE, 0xDE, 0x1F, 0x2E, 0x4F, 0x8D, 0x33,
    0x1E, 0x48, 0x19, 0x25, 0x1C, 0xF6, 0x7C, 0x0C, 0x2B, 0x3C, 0x59, 0x7E, 0x35, 0x3B, 0xC0, 0x3F,
    0xC9, 0xBC, 0xFD, 0x87, 0x21, 0xE0, 0xCC, 0x7C, 0xDE, 0xD3, 0x64, 0x19, 0x83, 0x93, 0x0C, 0xCA,
    0x69, 0x51, 0x0D, 0x82, 0x18, 0xFD, 0x09, 0xC9, 0x83, 0x6C, 0xD4, 0x11, 0xA2, 0xFD, 0xF3, 0xD7,
    0x7E, 0xF2, 0xE0, 0x99, 0x7A, 0x51, 0x8D, 0xEB, 0xBF, 0x03, 0xD4, 0x63, 0xC5, 0x3C, 0x8A, 0xBE,
    0x23, 0x92, 0x87, 0xE5, 0x74, 0x72, 0x89, 0x6A, 0x65, 0x22, 0xAF, 0xCD, 0x6A, 0x18, 0x80, 0xB2,
    0x03, 0xB2, 0x7A, 0x5B, 0xBD, 0x0B, 0x69, 0x3A, 0x27, 0xA2, 0x7E, 0x18, 0x9C, 0x53, 0xF9, 0x7F,
    0x09, 0xB0, 0x8C, 0x72, 0x3F, 0x42, 0xDF, 0xC0, 0xFA, 0xDA, 0x49, 0x9F, 0x03, 0x52, 0x71, 0xE6,
    0xCC, 0x75, 0xA6, 0xD8, 0x04, 0x6C, 0x9A, 0x59, 0xCE, 0xB6, 0x5B, 0xD9, 0x2F, 0xF5, 0xF2, 0x51,
    0xF2, 0xD9, 0xEC, 0xB0, 0x6A, 0xB3, 0xC3, 0x84, 0x71, 0x87, 0xCD, 0x47, 0x8D, 0xD7, 0x41, 0xEC,
    0x6C, 0x87, 0x10, 0xE0, 0x73, 0xF2, 0x78, 0x8C, 0x2C, 0xD0, 0x47, 0x6D, 0x34, 0xB0, 0xE3, 0x1A,
    0x12, 0x71, 0x63, 0x0D, 0x20, 0x0E, 0x46, 0xBC, 0x82, 0x92, 0xB6, 0x6B, 0x61, 0x3C, 0x7A, 0x67,
    0x4E, 0x55, 0xE2, 0x0F, 0xC6, 0xDD, 0xCB, 0x18, 0xED, 0x0A, 0x71, 0x5F, 0xE2, 0xAA, 0x81, 0x5F,
    0x10, 0x56, 0xED, 0x30, 0xAE, 0xE1, 0xB2, 0x9D, 0xD6, 0x45, 0x61, 0xB1, 0xA2, 0x0A, 0xC9, 0x9E,
    0x47, 0xF6, 0x59, 0x0B, 0x85, 0x6B, 0x07, 0x16, 0x78, 0x83, 0x82, 0x79, 0xED, 0xCA, 0x7C, 0xBA,
    0x3B, 0x98, 0x82, 0x4D, 0x46, 0x62, 0xAC, 0x90, 0x1B, 0xE9, 0x4B, 0x02, 0x42, 0x3F, 0x1F, 0xBA,
    0xC2, 0xF3, 0x90, 0x34, 0x35, 0x50, 0x75, 0x87, 0xC4, 0xBC, 0x39, 0x1E, 0x90, 0x88, 0x19, 0x10,
    0xAD, 0x83, 0xF1, 0x98, 0x8D, 0x07, 0x15, 0x5A, 0x1C, 0x9C, 0xA3, 0x63, 0xA9, 0xC7, 0x8B, 0xCA,
    0x87, 0x7B, 0x0A, 0xFD, 0x69, 0x85, 0x2C, 0x38, 0x61, 0xBB, 0x71, 0xBC, 0x64, 0xD8, 0xAF, 0xF7,
    0xFC, 0xC5, 0xB4, 0xE5, 0x6F, 0xE5, 0x35, 0x57, 0x85, 0x43, 0xF2, 0x2D, 0x01, 0xE9, 0xDD, 0x8E,
    0x2B, 0x6A, 0x20, 0x7A, 0xA4, 0xEA, 0xB8, 0xBA, 0xD7, 0xCB, 0xCA, 0x23, 0x51, 0x1F, 0xAA, 0xC2,
    0x42, 0xE6, 0x61, 0x3A, 0x95, 0x18, 0xEE, 0x68, 0x2E, 0xE3, 0x96, 0xBD, 0xC9, 0xA0, 0x63, 0xD0,
    0x32, 0x2B, 0x8F, 0xA3, 0xE4, 0x16, 0x26, 0xF9, 0x86, 0xAA, 0xC9, 0xAF, 0x6E, 0xE6, 0x9C, 0xE7,
    0xE3, 0x26, 0xB2, 0xDB, 0x9E, 0x0F, 0x71, 0x1E, 0xFA, 0x93, 0xAF, 0xBD, 0xDE, 0xA1, 0x46, 0xBF,
    0x4D, 0x55, 0x61, 0x0E, 0x04, 0xCC, 0x61, 0x6A, 0xB3, 0x01, 0x62, 0xCF, 0x38, 0x19, 0x7A, 0xCA,
    0x41, 0x2A, 0xE7, 0xF9, 0x2D, 0x8D, 0xFA, 0xA6, 0x87, 0xBA, 0x23, 0x7E, 0xBC, 0x0E, 0x6E, 0x38,
    0xA7, 0x06, 0xF9, 0xE7, 0x1D, 0xF4, 0x87, 0x03, 0x82, 0xCD, 0x4D, 0x21, 0x7E, 0xDA, 0x41, 0xCA,
    0x33, 0x18, 0xA7, 0xA4, 0x9C, 0x62, 0x6D, 0x03, 0xE0, 0x49, 0x06, 0xB3, 0xDE, 0xA4, 0x19, 0x49,
    0x1F, 0x3A, 0xB3, 0xF3, 0xEC, 0x16, 0x5F, 0xAD, 0x51, 0x10, 0xA1, 0xA4, 0x61, 0x6C, 0xC7, 0xCA,
    0x57, 0x55, 0x25, 0x0F, 0x4F, 0x03, 0xC7, 0x83, 0xAD, 0xE4, 0x31, 0x64, 0x42, 0x7B, 0x99, 0x9B,
    0x48, 0xA2, 0x99, 0x74, 0x16, 0x37, 0x08, 0x01, 0x2C, 0x7C, 0xA3, 0xBE, 0xA4, 0xBE, 0xE8, 0xD4,
    0xBF, 0x1A, 0x45, 0x95, 0x22, 0x13, 0xB7, 0x8B, 0x29, 0x9A, 0x43, 0xF1, 0x64, 0xC1, 0x1A, 0x48,
    0xDC, 0xB6, 0xAA, 0xC6, 0x12, 0x1E, 0x89, 0x7B, 0xCA, 0x0C, 0x72, 0x40, 0x3A, 0x8F, 0x3B, 0xCD,
    0xCF, 0x0B, 0xFE, 0xEE, 0x0D, 0xA6, 0xDB, 0x4A, 0x6E, 0x41, 0xAA, 0x2E, 0x29, 0x73, 0xEB, 0x21,
    0xB7, 0xE8, 0x35, 0xCB, 0x3A, 0xFD, 0xC3, 0xC5, 0x34, 0x9B, 0x42, 0x10, 0x79, 0x60, 0x7D, 0x60,
    0x81, 0x60, 0x85, 0x8C, 0x09, 0xFF, 0xF7, 0x70, 0xD3, 0x15, 0x36, 0xAB, 0x84, 0xD2, 0xE4, 0x8E,
    0x1E, 0xA2, 0x05, 0x28, 0x99, 0xF5, 0x30, 0x65, 0x6C, 0xCC, 0xAC, 0x85, 0xC7, 0xDB, 0x14, 0x36,
    0x61, 0x64, 0x11, 0x3E, 0x4C, 0xCB, 0xE4, 0xBF, 0x0E, 0x3A, 0xC6, 0xA9, 0xBD, 0x13, 0x61, 0xB3,
    0x27, 0xD4, 0x23, 0x67, 0x87, 0xA0, 0x5B, 0xE0, 0xB9, 0x83, 0x7A, 0xE5, 0x74, 0x44, 0xE4, 0x04,
    0xD9, 0xD8, 0x39, 0x89, 0xD3, 0x15, 0x7F, 0x62, 0x0E, 0xB4, 0x79, 0x0C, 0xA0, 0x0E, 0xD1, 0x74,
    0xF7, 0x50, 0x74, 0xC0, 0x1F, 0x83, 0xBE, 0x67, 0x99, 0x12, 0xF1, 0x77, 0xBD, 0xF8, 0x17, 0xA6,
    0x92, 0x7E, 0xA7, 0xA2, 0xCC, 0x34, 0x0B, 0x26, 0x08, 0x41, 0xBB, 0xBF, 0x0B, 0x22, 0x42, 0x17,
    0x07, 0x5E, 0x62, 0xCE, 0xB4, 0x09, 0xBD, 0xDD, 0xA6, 0x74, 0xAB, 0x49, 0x77, 0x6F, 0x79, 0x75,
    0xFB, 0x63, 0xAF, 0x3E, 0xF9, 0xA7, 0x57, 0x1F, 0xDF, 0xA9, 0xB3, 0x5B, 0x54, 0xE7, 0x3B, 0x54,
    0x31, 0x4E, 0x9F, 0x61, 0x22, 0x66, 0x45, 0xB6, 0xC0, 0xE6, 0x98, 0xF2, 0x6B, 0xA6, 0x18, 0x07,
    0x1B, 0xB5, 0xE3, 0xBA, 0x83, 0x65, 0xA6, 0x24, 0xEB, 0xBF, 0x3F, 0x32, 0x03, 0x5C, 0x46, 0xD7,
    0x11, 0x19, 0xF8, 0x56, 0x9A, 0xEE, 0x6F, 0xAF, 0x9B, 0xDA, 0xAB, 0x71, 0xE0, 0x64, 0xFC, 0xD1,
    0xC1, 0x93, 0xF1, 0xB2, 0x36, 0x0E, 0x37, 0x82, 0xE9, 0xC1, 0x1B, 0xC1, 0xAD, 0xED, 0x2B, 0xA3,
    0xD1, 0xD3, 0x19, 0xE4, 0x1C, 0xF3, 0x06, 0xA4, 0xB9, 0x9B, 0xBC, 0x7E, 0xC8, 0x25, 0x7B, 0xA5,
    0x4B, 0x3A, 0xB9, 0xF1, 0x52, 0x95, 0xF2, 0x99, 0x3B, 0x10, 0x4C, 0x6D, 0x36, 0x07, 0x53, 0x70,
    0x4B, 0x3F, 0x66, 0x6C, 0xD5, 0x91, 0x63, 0x3B, 0xCE, 0x6A, 0x2E, 0xE8, 0xE0, 0x9F, 0x90, 0x85,
    0x9B, 0xC3, 0x2D, 0xE7, 0xA7, 0xE0, 0xC1, 0x94, 0x00, 0x0D, 0x80, 0x96, 0x70, 0x57, 0x4B, 0x12,
    0x7C, 0x11, 0x19, 0x8D, 0x91, 0x72, 0x53, 0x4E, 0x48, 0x32, 0x48, 0x2E, 0xA2, 0xD2, 0x27, 0x6D,
    0xDA, 0x28, 0x1F, 0xB7, 0x59, 0xCD, 0xF1, 0xB2, 0x8A, 0xBB, 0x70, 0xCB, 0xEF, 0x12, 0x26, 0x6D,
    0x18, 0xAF, 0xAD, 0xF2, 0xDA, 0xC9, 0x09, 0x50, 0x3B, 0xB9, 0x11, 0x4D, 0x42, 0xC2, 0x50, 0x3F,
    0xF8, 0x06, 0xAD, 0xA8, 0x21, 0xCF, 0x15, 0x89, 0x8F, 0x09, 0x9A, 0x5C, 0xC9, 0x7F, 0xD1, 0x88,
    0x25, 0x14, 0xA6, 0x04, 0xC9, 0x49, 0x2D, 0x9C, 0x1D, 0x1E, 0xDB, 0x2C, 0xD1, 0x53, 0x68, 0x90,
    0xC7, 0x1E, 0xD9, 0x6E, 0x8D, 0x34, 0x24, 0xC1, 0xCB, 0xE9, 0x3C, 0xFA, 0x06, 0x6D, 0x7B, 0xBD,
    0x71, 0xD5, 0x20, 0xF9, 0xBA, 0x83, 0xFA, 0x9C, 0x35, 0xBF, 0x5C, 0xE1, 0x94, 0xB2, 0x38, 0xB6,
    0x5A, 0x56, 0xF3, 0x4F, 0x63, 0x83, 0xFC, 0xDD, 0x1A, 0x9A, 0x75, 0xDF, 0xC8, 0x0D, 0xDA, 0xD3,
    0x9C, 0xB4, 0x1D, 0xDF, 0x5E, 0xF7, 0x09, 0xE2, 0x9A, 0xB8, 0x8A, 0x89, 0xD6, 0x50, 0x4D, 0x21,
    0xB1, 0xA9, 0x14, 0xB7, 0x78, 0x53, 0x22, 0xC1, 0xC0, 0x95, 0x11, 0x9F, 0x1A, 0xAA, 0xD5, 0x70,
    0x79, 0xBA, 0x32, 0x8E, 0x5A, 0xAE, 0x62, 0xAE, 0xF4, 0x4E, 0x03, 0xE4, 0x34, 0x5C, 0x1A, 0x0F,
    0x9D, 0x11, 0x51, 0x8D, 0xA8, 0xCB, 0xEA, 0x94, 0x8A, 0x36, 0xDB, 0xA5, 0x4E, 0xA7, 0xFE, 0xFA,
    0x85, 0xE4, 0x1F, 0xDD, 0x8D, 0x94, 0xFC, 0x0D, 0x45, 0xE6, 0xBA, 0x12, 0x9B, 0x5B, 0x5C, 0xCF,
    0x3F, 0xF4, 0x25, 0x91, 0xD7, 0xBC, 0xB1, 0x54, 0xC5, 0x7D, 0x1D, 0x4E, 0x4B, 0x56, 0x1D, 0xE3,
    0xF7, 0x1D, 0xF2, 0x8A, 0xC8, 0x32, 0x3E, 0x1A, 0xAE, 0x34, 0x71, 0x97, 0xB4, 0xE1, 0x98, 0x2E,
    0x7F, 0x35, 0x49, 0x9B, 0x78, 0xE5, 0x53, 0xEE, 0x98, 0x15, 0x18, 0xB5, 0xD7, 0x41, 0x7D, 0xD6,
    0x21, 0xAB, 0x7A, 0xC9, 0xDE, 0x18, 0x31, 0x41, 0x61, 0xC3, 0xA1, 0x37, 0x94, 0x6A, 0xBA, 0x1A,
    0x91, 0xC8, 0x52, 0x41, 0xE2, 0x36, 0x22, 0x84, 0xA2, 0xFB, 0x13, 0xAE, 0xE8, 0x0A, 0xFB, 0xE7,
    0x8E, 0x6C, 0x3C, 0x88, 0x49, 0xCC, 0x74, 0x8B, 0x72, 0xF4, 0x41, 0x60, 0x39, 0x5D, 0x53, 0x80,
    0x14, 0x53, 0x74, 0x4C, 0x3B, 0x0E, 0x5F, 0xD1, 0xEF, 0x7C, 0x46, 0x59, 0xFD, 0x33, 0xD2, 0x35,
    0xA8, 0xAC, 0x40, 0xD5, 0x74, 0x68, 0x39, 0x3A, 0x21, 0xDE, 0x14, 0xB5, 0x19, 0xA2, 0x05, 0xF2,
    0xC9, 0xA9, 0x4D, 0x66, 0xAE, 0xA1, 0xCF, 0x7A, 0xA8, 0x5D, 0x87, 0x84, 0x80, 0xA8, 0x5F, 0xD6,
    0xC6, 0xB5, 0x42, 0xD4, 0x16, 0x06, 0x43, 0x0F, 0x14, 0xB2, 0x3E, 0xAA, 0x6D, 0xED, 0x7B, 0x28,
    0x50, 0x17, 0x38, 0x1C, 0xA8, 0x91, 0x0E, 0x06, 0x25, 0x6B, 0xA6, 0x5D, 0x56, 0x1A, 0x55, 0x21,
    0x69, 0x60, 0x92, 0x81, 0xDB, 0xA6, 0x3E, 0x8C, 0x09, 0x27, 0xC4, 0x68, 0x3A, 0xB4, 0x7A, 0x0C,
    0x59, 0x9D, 0x89, 0xDA, 0x3D, 0xB2, 0x39, 0xC9, 0x49, 0xB1, 0xC6, 0x58, 0x2E, 0xCD, 0x57, 0x4E,
    0x41, 0x88, 0xDB, 0x5F, 0x17, 0x28, 0xBF, 0x44, 0x32, 0x5E, 0xB1, 0xB2, 0xA6, 0xE3, 0x0C, 0xF8,
    0x6F, 0x8B, 0x84, 0x5A, 0xE0, 0xF5, 0xF1, 0x78, 0xF7, 0x2C, 0x53, 0xEE, 0xF6, 0xE1, 0x30, 0x94,
    0x6E, 0xAE, 0xD4, 0x25, 0xD8, 0x29, 0xAA, 0x78, 0x93, 0x78, 0x3C, 0xBD, 0x92, 0x8E, 0x16, 0xD3,
    0x3C, 0xBF, 0xF6, 0x1B, 0xC2, 0x6B, 0xBF, 0x55, 0xFD, 0xC4, 0xD6, 0x5A, 0x1F, 0xAE, 0xE7, 0xFB,
    0xA3, 0xF4, 0x54, 0xAC, 0xC7, 0x69, 0x22, 0x76, 0x24, 0x0D, 0xF0, 0x34, 0x64, 0xC2, 0xC6, 0xC8,
    0x2F, 0xFA, 0x4A, 0xF3, 0x40, 0x2D, 0x19, 0xB7, 0x99, 0xCA, 0xE9, 0xBC, 0xEC, 0xC3, 0x22, 0x7E,
    0x8A, 0xB5, 0x14, 0x7F, 0xE8, 0x51, 0x52, 0x8B, 0x4C, 0x4E, 0x83, 0xD7, 0xA6, 0x04, 0x51, 0x89,
    0x66, 0xB3, 0x59, 0x9A, 0x80, 0xC2, 0x55, 0x64, 0xB7, 0x1A, 0xA8, 0x29, 0x89, 0x58, 0x0D, 0xCB,
    0xCE, 0xFF, 0xD5, 0xD4, 0xA0, 0xCB, 0xAD, 0xD8, 0x33, 0x64, 0xA0, 0xCA, 0x6F, 0x6D, 0xCF, 0x9C,
    0xA8, 0xD3, 0xCC, 0xC9, 0x2B, 0xF7, 0xDE, 0xDB, 0x5F, 0xC8, 0xB9, 0x3B, 0x7C, 0x18, 0x7E, 0x70,
    0x42, 0x3C, 0x1D, 0x76, 0x37, 0x25, 0xEE, 0xA6, 0x64, 0x5F, 0xA6, 0xDC, 0x8D, 0x3B, 0x01, 0xF9,
    0x94, 0xFC, 0x0A, 0x25, 0xA0, 0x89, 0x9C, 0x70, 0x92, 0xD6, 0xE6, 0xFE, 0x83, 0xF2, 0x71, 0x46,
    0x23, 0xFE, 0x96, 0x10, 0x53, 0xC7, 0xD4, 0xE2, 0x63, 0xEE, 0x3F, 0x0F, 0x35, 0xF3, 0x79, 0xE8,
    0x61, 0xAF, 0x59, 0x97, 0x19, 0xDB, 0x94, 0xDA, 0xE7, 0xEF, 0x56, 0xD0, 0xAF, 0x38, 0xC6, 0x6C,
    0x37, 0x8E, 0x23, 0xF4, 0x64, 0xA3, 0x9E, 0xC7, 0xF9, 0x66, 0x86, 0x9F, 0x43, 0x38, 0x5A, 0xCF,
    0xFF, 0xB7, 0xA7, 0xA6, 0x8E, 0x69, 0xF1, 0xDC, 0x70, 0x79, 0xD2, 0xF2, 0x73, 0xD6, 0x31, 0xC8,
    0xFA, 0x62, 0x3C, 0xEB, 0x90, 0x5B, 0x45, 0xA6, 0x20, 0xC7, 0x54, 0x78, 0xB2, 0x30, 0xB3, 0x0F,
    0x4E, 0x1A, 0x55, 0x27, 0x5E, 0x55, 0xE9, 0x0F, 0xAF, 0xAD, 0x6D, 0xC6, 0xE4, 0xAE, 0x30, 0x0C,
    0x42, 0xA0, 0xB6, 0x25, 0x8B, 0x24, 0x94, 0x28, 0xC3, 0xEB, 0x9B, 0x3E, 0xF4, 0x99, 0xC8, 0x9E,
    0xF8, 0xA5, 0x68, 0xDE, 0x63, 0xC8, 0xE2, 0xA5, 0x79, 0x71, 0x1C, 0x95, 0xF0, 0x15, 0x21, 0xD0,
    0xCB, 0x87, 0x40, 0x31, 0xA1, 0x1C, 0x06, 0xE8, 0xBE, 0x47, 0xF6, 0xEF, 0x1E, 0xD3, 0xCF, 0x5B,
    0x02, 0x0B, 0x6A, 0x9C, 0x13, 0x3F, 0xA2, 0x47, 0xD3, 0xB7, 0xF9, 0x59, 0xCB, 0xF9, 0xF4, 0xE0,
    0xCF, 0x5A, 0x96, 0xD3, 0x29, 0xC5, 0x27, 0x16, 0x6D, 0xE6, 0x44, 0xEB, 0x94, 0xF8, 0x6D, 0xAF,
    0x57, 0x16, 0xA8, 0x22, 0x20, 0x53, 0x16, 0xA7, 0x02, 0x06, 0xD9, 0x20, 0x4B, 0x7C, 0x39, 0xCD,
    0xD2, 0x56, 0xDE, 0xB3, 0x5D, 0x72, 0xE0, 0x3A, 0x73, 0xEE, 0xF4, 0x98, 0xC8, 0xAB, 0xFA, 0xD1,
    0xEC, 0x9C, 0xBC, 0x55, 0xCB, 0xEB, 0xFE, 0x29, 0xA1, 0xB4, 0x38, 0x97, 0x61, 0xD1, 0x35, 0x71,
    0x38, 0x61, 0xED, 0x34, 0x56, 0xCD, 0x79, 0xE0, 0xF7, 0x4F, 0x6D, 0xAB, 0x7B, 0x01, 0x5D, 0xD5,
    0x98, 0x66, 0x7E, 0xC0, 0x34, 0x66, 0x8C, 0x55, 0xDA, 0x3E, 0x4C, 0x0B, 0x66, 0x2D, 0xC3, 0xA8,
    0xE5, 0x7B, 0xD1, 0x22, 0xF9, 0xE9, 0x55, 0x20, 0xB5, 0x80, 0xFA, 0x2D, 0x33, 0x4C, 0xEB, 0xB4,
    0x64, 0x22, 0x72, 0x08, 0xC7, 0x5D, 0x79, 0x0D, 0x34, 0xE6, 0x5B, 0x73, 0x51, 0x0E, 0xB9, 0xE1,
    0x4A, 0x23, 0x54, 0x99, 0xC3, 0x05, 0x89, 0x6C, 0xE7, 0x91, 0xBF, 0xD3, 0x5C, 0x67, 0x5B, 0x35,
    0x1D, 0xF2, 0x57, 0xB8, 0xD2, 0xAF, 0x7E, 0xDB, 0x42, 0x3F, 0xFF, 0x5D, 0x03, 0xFD, 0xC2, 0x5D,
    0x0F, 0x7D, 0x8E, 0xAB, 0xE2, 0xDA, 0x5E, 0x8D, 0x0B, 0x7E, 0xAF, 0x42, 0xE1, 0xC9, 0xA1, 0xAC,
    0xA4, 0x72, 0x64, 0x1F, 0xF4, 0xCA, 0xD5, 0x85, 0xCE, 0x76, 0xBE, 0xF0, 0xD9, 0x3B, 0x5F, 0xF8,
    0xFC, 0xEC, 0x67, 0x4D, 0x9E, 0x7E, 0xD8, 0xE8, 0xF4, 0xA3, 0x46, 0xAB, 0x8F, 0x9A, 0xD3, 0x6A,
    0xC7, 0x9F, 0x67, 0x6E, 0x64, 0x67, 0xEB, 0x1B, 0xEC, 0x83, 0x4B, 0x22, 0x5B, 0xDC, 0x1E, 0x90,
    0xFF, 0xA6, 0xB9, 0xFF, 0xF5, 0xB0, 0xBC, 0x7A, 0x9E, 0x8A, 0x76, 0x51, 0x9F, 0x57, 0x49, 0x1B,
    0x8E, 0x9E, 0x3E, 0xAF, 0xD2, 0xA6, 0xB0, 0x71, 0x4B, 0x88, 0x87, 0x3E, 0xDC, 0xBA, 0x83, 0x3C,
    0x53, 0x01, 0x85, 0x65, 0x8E, 0xF0, 0xB7, 0x12, 0xBB, 0x25, 0xB8, 0x67, 0xBB, 0x0E, 0xC5, 0xCB,
    0x35, 0x5E, 0x88, 0x2A, 0x70, 0x49, 0x78, 0x6E, 0xC3, 0x5D, 0xB8, 0x20, 0xED, 0xCF, 0x07, 0x5B,
    0x9E, 0x95, 0xCD, 0xEC, 0x90, 0x95, 0x5F, 0x83, 0x28, 0xD2, 0x26, 0x69, 0xC7, 0x0E, 0x8E, 0xAF,
    0xE6, 0xD7, 0x7C, 0x27, 0x06, 0xF1, 0xE1, 0xAF, 0xD6, 0xA0, 0x8C, 0xC9, 0x2B, 0x90, 0x76, 0x4B,
    0xE9, 0x9E, 0x73, 0x51, 0x7D, 0x20, 0x17, 0x9D, 0xAF, 0x4E, 0x63, 0xA2, 0x4E, 0x88, 0xD6, 0x57,
    0x3A, 0x20, 0x6B, 0xC7, 0x9C, 0x83, 0x1C, 0x3F, 0x00, 0x54, 0x37, 0xBE, 0xC9, 0x28, 0x2B, 0xAC,
    0xC8, 0x20, 0x19, 0x00, 0x25, 0xFF, 0xE1, 0x81, 0x82, 0x2F, 0xB8, 0x4A, 0x22, 0x27, 0xCC, 0x97,
    0x46, 0xE1, 0x0C, 0x34, 0x07, 0x7F, 0xD8, 0x29, 0x47, 0x3F, 0xD3, 0x24, 0x74, 0xB7, 0x09, 0xAF,
    0x23, 0x5D, 0x51, 0x3D, 0x6E, 0xA4, 0x31, 0x69, 0x5B, 0xBA, 0x7A, 0xCB, 0xC6, 0x7D, 0xE2, 0xB2,
    0x26, 0xAE, 0x34, 0xDD, 0xA9, 0x8B, 0x82, 0xDC, 0x85, 0x88, 0xCC, 0x7C, 0x60, 0x60, 0xA2, 0x7E,
    0x31, 0xAD, 0x73, 0xF2, 0xCE, 0xA4, 0xCD, 0xF6, 0xFA, 0xA4, 0x28, 0xF8, 0xB0, 0x59, 0x14, 0x55,
    0xE3, 0x1B, 0xA0, 0x05, 0x75, 0x06, 0x93, 0x1E, 0xFA, 0x19, 0xD6, 0x23, 0xE8, 0xFD, 0x1F, 0x5D,
    0x92, 0x21, 0xCC, 0x1E, 0x35, 0x1C, 0x87, 0x9F, 0xBB, 0x5B, 0xD6, 0x25, 0x17, 0x28, 0x9A, 0x91,
    0x14, 0x49, 0x16, 0x48, 0xBD, 0x60, 0x3D, 0x82, 0x40, 0x82, 0x37, 0x78, 0x35, 0x2F, 0xD8, 0x35,
    0x18, 0x24, 0x78, 0x85, 0x04, 0xCC, 0xEC, 0x04, 0xF9, 0xDA, 0x04, 0x9F, 0x1D, 0x5E, 0xEC, 0x48,
    0x50, 0x20, 0xD6, 0xB0, 0xFB, 0xB2, 0xE3, 0x5B, 0xAF, 0x7F, 0xDA, 0xDC, 0x9B, 0x57, 0xF0, 0x6B,
    0x9E, 0xC7, 0xFD, 0x7B, 0xFD, 0xB5, 0x07, 0xE8, 0x08, 0x98, 0x26, 0xEB, 0x79, 0x28, 0x32, 0x11,
    0xA4, 0xD0, 0x4B, 0x48, 0xA8, 0x7D, 0xDC, 0xD0, 0x69, 0xD8, 0x31, 0x6B, 0x95, 0x5D, 0x86, 0x8C,
    0x8B, 0xC3, 0x5E, 0xA5, 0x9A, 0xC6, 0xAD, 0x29, 0xE1, 0xBC, 0xAE, 0x8A, 0x66, 0xC1, 0x2E, 0x2E,
    0xA2, 0x8B, 0x4C, 0x28, 0x39, 0x80, 0xB0, 0x02, 0x90, 0xA1, 0xAB, 0xF4, 0x3B, 0xB3, 0x6C, 0x4A,
    0x24, 0x69, 0x91, 0xC9, 0x45, 0xE7, 0xE7, 0xEA, 0x80, 0x8B, 0x72, 0xE2, 0x85, 0x79, 0x0A, 0x08,
    0xEE, 0x55, 0xC6, 0xC8, 0xC6, 0x7D, 0x99, 0x00, 0xDE, 0x07, 0x70, 0x57, 0x3D, 0x45, 0x27, 0x95,
    0xD1, 0xAB, 0x4A, 0xE8, 0x65, 0x4C, 0x98, 0x45, 0xAF, 0xD8, 0x58, 0xE5, 0xA2, 0x5E, 0x70, 0xDE,
    0xC4, 0x2A, 0x1B, 0x99, 0xA7, 0x26, 0x9C, 0x27, 0x9C, 0x9A, 0x27, 0x84, 0x00, 0xE1, 0x33, 0x81,
    0x59, 0x0E, 0x70, 0xB2, 0x81, 0x12, 0x0F, 0xC0, 0x01, 0xE4, 0x86, 0x89, 0x66, 0xB7, 0xD1, 0x26,
    0x17, 0x6D, 0x74, 0xDE, 0x35, 0xDA, 0x61, 0xA7, 0xB9, 0x1D, 0x90, 0xB6, 0x04, 0x19, 0x84, 0x50,
    0x0A, 0xEE, 0xDF, 0x03, 0xF3, 0xC7, 0x01, 0xF0, 0x1E, 0xF0, 0x1C, 0xFA, 0x0C, 0xE3, 0x02, 0x3D,
    0x60, 0x17, 0x3A, 0x49, 0x0C, 0xEB, 0x5E, 0xD9, 0xE8, 0x25, 0x41, 0xF0, 0x00, 0x74, 0x12, 0x19,
    0x2A, 0xAA, 0xA2, 0x65, 0xC1, 0xBC, 0x5C, 0xB0, 0x2F, 0x56, 0xDC, 0xF7, 0x2B, 0x41, 0xAF, 0x94,
    0x31, 0xF5, 0x79, 0x4C, 0x83, 0x48, 0x52, 0x15, 0x7D, 0xF7, 0x6C, 0x33, 0x8B, 0xDA, 0xDA, 0x13,
    0x38, 0x3F, 0xEC, 0x81, 0x61, 0x87, 0x0E, 0x50, 0x1E, 0x6C, 0x84, 0x1B, 0xE0, 0x43, 0xE8, 0x0F,
    0xD0, 0x32, 0x61, 0xB5, 0xE7, 0x71, 0xC5, 0x0A, 0xA8, 0x1D, 0x00, 0xE6, 0xEF, 0xB6, 0x5E, 0xDE,
    0xA4, 0x51, 0x42, 0xD2, 0x75, 0xB5, 0x9B, 0x73, 0xB1, 0x61, 0x16, 0xE7, 0x2F, 0x5D, 0xA3, 0x44,
    0xFB, 0x36, 0x78, 0x23, 0xCE, 0xAB, 0x7D, 0x9E, 0xB8, 0xE4, 0x53, 0x80, 0x00, 0x70, 0x00, 0xC3,
    0xD6, 0xB4, 0x02, 0x4C, 0x70, 0xE9, 0xD3, 0x8A, 0x9E, 0xBA, 0xFB, 0x91, 0xF1, 0xEF, 0x15, 0x74,
    0xED, 0x83, 0x79, 0xB1, 0x80, 0xFB, 0x32, 0x82, 0x33, 0xE2, 0xB9, 0xB1, 0x32, 0x71, 0xD8, 0xBF,
    0xDA, 0x80, 0x6F, 0x03, 0x13, 0xEA, 0x4E, 0x60, 0x4C, 0x33, 0xE8, 0x25, 0xFC, 0x8C, 0x89, 0x52,
    0x70, 0x5E, 0x0E, 0x2E, 0x79, 0x17, 0xC0, 0x44, 0xC0, 0x79, 0xCE, 0xA2, 0x64, 0xCE, 0xBA, 0x67,
    0x6E, 0xD4, 0xC6, 0x20, 0x2F, 0x0B, 0xA3, 0x88, 0xA0, 0x3E, 0xDF, 0x2D, 0x0C, 0xE9, 0x29, 0x5D,
    0x90, 0x8C, 0x16, 0xF9, 0x01, 0xFB, 0xC5, 0x0A, 0x8F, 0xC7, 0x26, 0x9D, 0x9E, 0xE3, 0x6E, 0x64,
    0xC7, 0xDD, 0x4A, 0x62, 0x5C, 0x66, 0xCF, 0x25, 0xCA, 0x03, 0x7A, 0x05, 0x6C, 0x04, 0x1C, 0xC0,
    0x37, 0x00, 0xF7, 0x00, 0x18, 0x27, 0xEE, 0xCB, 0xD7, 0x11, 0x2B, 0x02, 0xE1, 0xD5, 0x41, 0x57,
    0xFA, 0x83, 0x21, 0xAB, 0x82, 0xDA, 0x75, 0x61, 0xDC, 0x9C, 0xA0, 0xD3, 0xAF, 0x05, 0xFD, 0xCF,
    0x6D, 0xD5, 0x9B, 0xDF, 0x0F, 0xB4, 0x7C, 0x9B, 0xAB, 0x86, 0xAA, 0xAC, 0x76, 0xC6, 0x4D, 0x27,
    0x46, 0x09, 0x0B, 0xA6, 0x35, 0x9F, 0x9F, 0xEC, 0xF0, 0x31, 0xFF, 0xCB, 0x27, 0x00, 0x6E, 0x02,
    0x0A, 0xD0, 0x65, 0x5A, 0x19, 0x80, 0xAF, 0x00, 0x78, 0x07, 0x54, 0x71, 0x97, 0x3F, 0x58, 0x5E,
    0x6D, 0x0C, 0x59, 0xEF, 0xA8, 0xCD, 0x65, 0xC6, 0xD4, 0xFA, 0xBE, 0x7E, 0x5D, 0x25, 0xBF, 0xED,
    0x55, 0x6A, 0x63, 0xCC, 0x3A, 0xA1, 0x8A, 0xC4, 0xF3, 0x93, 0xEE, 0xC9, 0x06, 0x1F, 0x70, 0xCD,
    0x58, 0x26, 0x82, 0xA4, 0xBE, 0x6E, 0x34, 0xE4, 0x7E, 0x51, 0x1B, 0x8C, 0x15, 0x55, 0x26, 0x06,
    0x39, 0xCE, 0x57, 0x7A, 0x28, 0x0B, 0xB8, 0x15, 0xF4, 0x7A, 0x0F, 0xB3, 0x1A, 0x5C, 0x9C, 0xDF,
    0x8A, 0xB7, 0x52, 0xE8, 0x65, 0xE5, 0x9A, 0x00, 0x14, 0x20, 0x43, 0xB7, 0x41, 0xBF, 0x02, 0xE1,
    0x4F, 0x94, 0x08, 0xBA, 0x08, 0x66, 0x79, 0x50, 0x01, 0x5D, 0x3C, 0x4A, 0x76, 0x78, 0x52, 0x80,
    0xC2, 0x47, 0x95, 0x76, 0x9D, 0xB3, 0x6C, 0x8C, 0xE2, 0xE1, 0x92, 0x3E, 0xC3, 0xB0, 0x9D, 0xE5,
    0x55, 0x04, 0xED, 0xC1, 0x8A, 0x64, 0x57, 0x79, 0xF4, 0xEC, 0xEE, 0x27, 0xF4, 0x0A, 0x66, 0x01,
    0x1B, 0x4F, 0x5C, 0xC3, 0x9F, 0xCC, 0x13, 0x04, 0x4E, 0x04, 0x28, 0x27, 0xDD, 0xC1, 0x35, 0xC3,
    0x65, 0x7F, 0xB5, 0xC2, 0x18, 0x41, 0x4F, 0x80, 0x6D, 0xF3, 0xD3, 0x49, 0x00, 0x27, 0x12, 0x1B,
    0x8F, 0xE4, 0x97, 0xA9, 0xCD, 0x76, 0xF9, 0x72, 0xAE, 0xC6, 0xFE, 0xA0, 0xE2, 0x18, 0x6E, 0x85,
    0x41, 0x72, 0x65, 0x85, 0x1B, 0xAE, 0xE9, 0x0E, 0xB8, 0x76, 0x58, 0xCF, 0x0E, 0xFF, 0x01, 0x0D,
    0x8D, 0x01, 0x66, 0x04, 0x31, 0x14, 0x86, 0xFF, 0x99, 0xAC, 0x9D, 0x6A, 0x90, 0xBD, 0x41, 0x00,
    0x58, 0x2A, 0x00, 0x85, 0xEE, 0x7B, 0x40, 0xAF, 0x54, 0xAC, 0xE6, 0x01, 0x50, 0xB4, 0x47, 0x58,
    0x00, 0x3D, 0x43, 0xB7, 0xF3, 0x28, 0x8A, 0x85, 0x1C, 0x61, 0x6E, 0xD0, 0x20, 0x18, 0x64, 0x9B,
    0xCD, 0xE7, 0x79, 0xF8, 0xF1, 0x7D, 0xC0, 0xC4, 0x24, 0x5E, 0xED, 0x62, 0xF2, 0xC0, 0x80, 0x11,
    0x9B, 0xBD, 0x12, 0xBF, 0xE2, 0x0E, 0x68, 0x30, 0x4D, 0xDC, 0x5F, 0xA2, 0xE7, 0xFC, 0x30, 0x24,
    0x00, 0xDB, 0x0F, 0x84, 0xFF, 0x1C, 0x5A, 0xDE, 0x04, 0xD9, 0x7F, 0x32, 0x35, 0x8E, 0x8D, 0x01,
    0xBC, 0x98, 0x74, 0xB6, 0x89, 0x66, 0x09, 0x0D, 0xD3, 0x0A, 0xD2, 0x28, 0x51, 0x66, 0xA6, 0xDF,
    0x95, 0x2E, 0x85, 0x2E, 0x39, 0xBE, 0xE7, 0xFD, 0x89, 0x2A, 0xD5, 0xA1, 0x98, 0xC5, 0x28, 0x30,
    0xAE, 0x70, 0x0D, 0xC1, 0xF1, 0x53, 0x3F, 0xDF, 0xA5, 0x98, 0x0A, 0x3A, 0xF7, 0xA3, 0xB8, 0x9F,
    0x1C, 0xDE, 0x96, 0x83, 0x97, 0x2F, 0xC2, 0x6E, 0x83, 0xCE, 0xA3, 0xD1, 0x6F, 0xD7, 0xED, 0xEC,
    0xAE, 0xB0, 0x05, 0x26, 0x59, 0x75, 0x4A, 0x12, 0x99, 0x94, 0x38, 0xE2, 0x8C, 0x8A, 0xFE, 0xAE,
    0xA8, 0xB1, 0xC6, 0xDC, 0xDB, 0xBD, 0x3C, 0xB3, 0x4F, 0x41, 0x09, 0x07, 0x1C, 0x31, 0xAA, 0x91,
    0xED, 0x8A, 0x23, 0xD5, 0xB0, 0xE0, 0x64, 0xA5, 0x6F, 0x3B, 0x2A, 0x7E, 0xB9, 0x01, 0xC5, 0x5A,
    0x3F, 0x8C, 0xDE, 0x46, 0x76, 0xFF, 0x7D, 0xA4, 0x2F, 0x3C, 0x98, 0xC8, 0xD1, 0x45, 0xD2, 0x9C,
    0x11, 0x30, 0x65, 0xE2, 0xC3, 0xDD, 0xB4, 0x29, 0x62, 0x0D, 0xCF, 0x46, 0x60, 0x20, 0x2A, 0x94,
    0x22, 0x40, 0x4A, 0xF7, 0xBE, 0x42, 0x29, 0x53, 0x58, 0x4B, 0xFA, 0x5C, 0xB8, 0x50, 0x71, 0x4A,
    0x9B, 0x26, 0x2A, 0x84, 0xC0, 0xD1, 0x15, 0x4A, 0xE9, 0x42, 0xFB, 0x0D, 0x25, 0x15, 0x02, 0xA2,
    0x42, 0xB4, 0x54, 0xB8, 0x48, 0x21, 0xDA, 0x3A, 0xE0, 0x00, 0xA9, 0x58, 0xCA, 0xA2, 0xCE, 0xB4,
    0x76, 0xC8, 0x97, 0xDF, 0x9B, 0xD9, 0x4F, 0x9F, 0x76, 0xA3, 0x33, 0x70, 0x7B, 0x9F, 0x11, 0xAE,
    0x7E, 0xCF, 0x0B, 0x2F, 0xF8, 0xE6, 0xFD, 0x9F, 0x37, 0x6F, 0x08, 0x7D, 0x92, 0x1E, 0xC8, 0x06,
    0x20, 0x1D, 0x01, 0x78, 0xE2, 0x3A, 0xF1, 0x06, 0xC2, 0x23, 0xE2, 0x57, 0x44, 0xB2, 0x5C, 0xBD,
    0x92, 0x78, 0x20, 0x9D, 0x8E, 0x30, 0x02, 0x99, 0x48, 0x97, 0x8B, 0xB4, 0xC5, 0xF3, 0xAB, 0x4D,
    0xD1, 0x03, 0x8A, 0xB2, 0x23, 0x5A, 0xC0, 0x3C, 0xBA, 0x5A, 0x59, 0x11, 0x05, 0x60, 0xEE, 0x7B,
    0x98, 0xDB, 0x13, 0xAC, 0xE2, 0xCE, 0xB8, 0x2B, 0xBE, 0x56, 0x3C, 0x6A, 0xE2, 0x03, 0xF9, 0x14,
    0xAB, 0x19, 0x58, 0x79, 0x20, 0xF0, 0x9A, 0x3F, 0x45, 0x2A, 0x52, 0x11, 0x6D, 0x36, 0x99, 0x36,
    0x1B, 0xCA, 0x2E, 0x1F, 0xCA, 0xB6, 0x18, 0x4C, 0x5B, 0xF4, 0x56, 0xD1, 0x94, 0x1D, 0xD1, 0xD6,
    0x15, 0x50, 0x03, 0x7F, 0xEB, 0x00, 0x59, 0x00, 0xEB, 0x81, 0xBC, 0x47, 0x7C, 0x7E, 0x46, 0xD8,
    0x06, 0x58, 0x2B, 0x63, 0x62, 0xC0, 0xE6, 0x49, 0x44, 0x06, 0x45, 0xBA, 0x5C, 0xBD, 0xF4, 0x42,
    0x66, 0x22, 0x1F, 0x22, 0x0A, 0x45, 0x4F, 0xA8, 0xCC, 0x84, 0x69, 0x01, 0xBB, 0x41, 0x03, 0xE8,
    0xAA, 0x28, 0xBF, 0x55, 0x1B, 0x34, 0x94, 0xB1, 0x2B, 0x06, 0x4A, 0xD6, 0xE5, 0x97, 0x37, 0x7F,
    0x77, 0xD2, 0x12, 0x0D, 0xDC, 0xD5, 0x0A, 0x02, 0x04, 0x38, 0x9C, 0x41, 0xDD, 0xB8, 0xCA, 0x1E,
    0x2E, 0x28, 0x64, 0xA2, 0x0C, 0x97, 0x80, 0x7C, 0xA9, 0xE0, 0x54, 0x96, 0x83, 0x31, 0xF5, 0x49,
    0x17, 0x64, 0x20, 0xB2, 0xA5, 0x42, 0x2A, 0x33, 0x56, 0xE4, 0x8F, 0x37, 0xA5, 0x03, 0x6C, 0xB0,
    0xE2, 0x6B, 0x28, 0xFB, 0x92, 0x52, 0xD4, 0x87, 0xD2, 0x18, 0x59, 0xC8, 0xA3, 0x47, 0xF0, 0x81,
    0xC8, 0xB4, 0xFA, 0xF5, 0x72, 0x25, 0x38, 0x20, 0x1B, 0x89, 0x93, 0x8A, 0x6C, 0x1D, 0xB0, 0x51,
    0xE6, 0x2D, 0xF7, 0xE8, 0x84, 0x7F, 0xBF, 0x38, 0xE6, 0xDF, 0x9D, 0xF0, 0xB5, 0x32, 0xA2, 0x26,
    0x3E, 0xB8, 0xB6, 0x79, 0x49, 0xA1, 0x2F, 0x9D, 0xB4, 0x6C, 0xA3, 0x30, 0x55, 0x5D, 0xD9, 0x46,
    0x60, 0x0F, 0xE7, 0xAD, 0x8D, 0x0A, 0xE9, 0x8E, 0x48, 0x79, 0xA0, 0xCB, 0xBC, 0xAF, 0xA4, 0x6C,
    0x00, 0x6B, 0x94, 0xD8, 0x09, 0x38, 0x63, 0x05, 0xB8, 0x60, 0x5D, 0x83, 0xEB, 0xB5, 0x69, 0xE0,
    0xF7, 0xC8, 0x76, 0x5A, 0x9B, 0x26, 0x19, 0x67, 0xDB, 0xA4, 0x83, 0xB7, 0x5C, 0x6B, 0x11, 0xD8,
    0x8F, 0xC4, 0xE3, 0xED, 0x95, 0xF4, 0x48, 0x26, 0x8B, 0x64, 0xAC, 0xE9, 0xF8, 0x35, 0xD2, 0x41,
    0x31, 0x53, 0x37, 0x8F, 0xBC, 0x97, 0x3E, 0xA7, 0xE2, 0x85, 0xC8, 0x52, 0x3C, 0x1E, 0x5D, 0x71,
    0x6B, 0x74, 0xE5, 0xAD, 0x61, 0x6D, 0x3E, 0x1E, 0x16, 0xFB, 0xDE, 0x13, 0x6F, 0xCF, 0xCA, 0x64,
    0x73, 0x19, 0xEA, 0x42, 0xAA, 0x53, 0x07, 0x2F, 0xB1, 0x0D, 0x5E, 0x7D, 0x8A, 0x2A, 0x5A, 0xD0,
    0x56, 0xC0, 0x3A, 0x26, 0x6F, 0x7C, 0x94, 0xDF, 0x92, 0xF8, 0xC4, 0xA7, 0x3E, 0x9D, 0xD2, 0x29,
    0x1F, 0xD2, 0xA9, 0x64, 0x90, 0xD8, 0x36, 0x1F, 0xEA, 0x2A, 0x97, 0x10, 0x48, 0x04, 0x8D, 0xD5,
    0x2D, 0x54, 0x51, 0x68, 0x4E, 0x47, 0xD0, 0x88, 0xAD, 0xED, 0x69, 0xCE, 0xDE, 0x56, 0x79, 0xFF,
    0xA2, 0x40, 0xE4, 0x47, 0x05, 0x62, 0x75, 0xBC, 0x40, 0xA4, 0xD3, 0x6A, 0x4E, 0x47, 0xAE, 0x30,
    0xE6, 0x9E, 0xB2, 0xFA, 0x7C, 0xB0, 0x5C, 0xC9, 0x4D, 0xC5, 0x97, 0x32, 0x16, 0xF7, 0x9F, 0x0E,
    0xC5, 0x9D, 0x2F, 0x86, 0xF2, 0xC1, 0x9D, 0xC1, 0xB8, 0xA2, 0x37, 0x33, 0xA5, 0xF7, 0x45, 0x67,
    0xA9, 0x8F, 0xED, 0xA8, 0x41, 0xA3, 0x2B, 0xAA, 0xF3, 0x56, 0xC0, 0x87, 0x59, 0x87, 0x0B, 0x79,
    0x0B, 0xF5, 0x83, 0x11, 0x20, 0x9B, 0xA0, 0x8F, 0x69, 0x13, 0x5F, 0x76, 0xE9, 0x54, 0xF4, 0x9A,
    0x26, 0x94, 0x7F, 0xB0, 0x6D, 0x3A, 0xD6, 0x55, 0x3A, 0x09, 0xFD, 0xC0, 0x20, 0x5F, 0x26, 0x40,
    0x06, 0xA2, 0x07, 0x5C, 0x1B, 0xB3, 0xCB, 0x01, 0x6F, 0xCD, 0x80, 0x9D, 0x88, 0x4E, 0xED, 0xB0,
    0xA2, 0x0D, 0x12, 0xB5, 0x82, 0x62, 0xCA, 0x46, 0xB5, 0x46, 0x36, 0x12, 0xE4, 0x99, 0x0F, 0xE4,
    0xAD, 0xE8, 0xCB, 0x8E, 0x32, 0xD2, 0xBA, 0x44, 0x6B, 0x5B, 0xD3, 0xDA, 0x47, 0xAE, 0xB5, 0x22,
    0x4D, 0x2D, 0x52, 0xA1, 0x06, 0x02, 0xD6, 0xC4, 0x3F, 0x12, 0x2B, 0x69, 0x91, 0x12, 0x19, 0xA1,
    0xF1, 0x55, 0x3E, 0xE8, 0x60, 0xEE, 0xF6, 0xB0, 0xBF, 0xEA, 0x41, 0x5D, 0xB1, 0xE4, 0x43, 0xE2,
    0x69, 0x73, 0x91, 0x21, 0x23, 0x8A, 0xE7, 0xD7, 0xC6, 0x68, 0xFD, 0x74, 0x62, 0x54, 0x4D, 0x8E,
    0x96, 0x7B, 0xA9, 0x90, 0x5C, 0x0E, 0x85, 0x64, 0x93, 0x23, 0xCF, 0x3F, 0x25, 0x4B, 0x69, 0x88,
    0x8E, 0x52, 0x0D, 0x94, 0x2B, 0x46, 0x00, 0x41, 0xB9, 0x3A, 0xFB, 0x48, 0x54, 0xAE, 0x90, 0x1B,
    0x2B, 0xCA, 0x46, 0xF4, 0xC9, 0xE2, 0x86, 0xD4, 0xE7, 0x63, 0xD0, 0x6E, 0x54, 0xED, 0xCA, 0x3E,
    0x23, 0x8F, 0x5C, 0xFD, 0xFB, 0x5C, 0x9A, 0xA0, 0x9D, 0x72, 0x0B, 0xFA, 0xD9, 0xCE, 0x3C, 0x8E,
    0x3C, 0xAC, 0x8C, 0xBB, 0x29, 0x68, 0x64, 0xD0, 0x20, 0x0D, 0xE4, 0xB9, 0x54, 0x48, 0x87, 0x5A,
    0x95, 0x71, 0x24, 0xBD, 0x68, 0x59, 0x5D, 0xF4, 0x7D, 0x25, 0x37, 0x66, 0xA0, 0xBC, 0xE1, 0x01,
    0xF3, 0x4B, 0x12, 0xFB, 0x2E, 0x89, 0xE3, 0xAA, 0xAB, 0x99, 0x24, 0x5F, 0x7E, 0xBD, 0xA0, 0x14,
    0x11, 0x18, 0x91, 0x05, 0xA6, 0xC1, 0xA2, 0x71, 0x3D, 0x2B, 0xF1, 0xB0, 0x1A, 0x7C, 0x7F, 0x4E,
    0xF3, 0xEF, 0x64, 0xFB, 0x60, 0x06, 0x17, 0x6D, 0x32, 0xEE, 0x95, 0x24, 0xFB, 0xA6, 0xD2, 0x6C,
    0xE7, 0xFF, 0xF3, 0xB5, 0x92, 0x7D, 0xAC, 0x9E, 0x79, 0x0F, 0x88, 0x8C, 0x80, 0x93, 0x0E, 0xE9,
    0xA1, 0x8C, 0xC8, 0x1F, 0x7E, 0x3D, 0xA2, 0xB8, 0xFF, 0xF5, 0x84, 0xF2, 0x36, 0x89, 0xB9, 0xF8,
    0xD5, 0x04, 0x7B, 0xF6, 0xF3, 0x09, 0x75, 0x41, 0xB2, 0x14, 0xAA, 0x54, 0xB9, 0xA8, 0x4B, 0xBA,
    0x4C, 0xDC, 0xB0, 0xEA, 0xF3, 0x6D, 0xD1, 0x53, 0x11, 0xF8, 0x37, 0x18, 0xD6, 0xFD, 0x1F, 0x4B,
    0x13, 0x8D, 0x58, 0x76, 0xAF, 0x81, 0xC1, 0x56, 0x85, 0x9A, 0x5C, 0x19, 0x99, 0xB5, 0x26, 0xEF,
    0x28, 0xA5, 0x50, 0xA1, 0xFC, 0xF9, 0x88, 0xF2, 0x1D, 0x8A, 0xFC, 0x78, 0x08, 0x61, 0xBA, 0x5A,
    0x76, 0x96, 0xB2, 0x3B, 0x29, 0x2D, 0xB9, 0x48, 0xA5, 0x81, 0x0E, 0x46, 0xA8, 0x92, 0x76, 0x01,
    0xCA, 0x40, 0x34, 0x46, 0xCC, 0x47, 0x1A, 0x1E, 0x2F, 0x62, 0xA4, 0x56, 0xFF, 0xAE, 0x95, 0xCC,
    0x19, 0xC3, 0x9E, 0x92, 0x43, 0x17, 0xC6, 0x79, 0xA6, 0x30, 0x5C, 0xAB, 0x19, 0x07, 0x12, 0x08,
    0x5C, 0xBB, 0x92, 0x4A, 0x9A, 0x44, 0x7E, 0x29, 0x55, 0x22, 0xB7, 0xB4, 0x96, 0xDE, 0x11, 0x7A,
    0xF0, 0x81, 0x43, 0xFA, 0x8D, 0xD4, 0xC8, 0x1E, 0xCE, 0x7B, 0xF4, 0xA5, 0xDF, 0xA7, 0x2F, 0x47,
    0x8F, 0xE2, 0x5E, 0x4F, 0x72, 0x83, 0xCE, 0x2B, 0xDB, 0x8F, 0x26, 0x92, 0x64, 0x82, 0x69, 0xD2,
    0x11, 0xB6, 0x4A, 0x07, 0x58, 0x90, 0x7C, 0x67, 0x01, 0x11, 0xD9, 0x60, 0x5B, 0x40, 0xB4, 0x78,
    0x28, 0x1A, 0xEA, 0x5B, 0xD9, 0x86, 0x7A, 0x57, 0x78, 0x73, 0x09, 0x5B, 0x7B, 0x22, 0x6E, 0xC8,
    0xA6, 0x7C, 0x2C, 0xD4, 0x66, 0x7D, 0x3A, 0x99, 0x2E, 0xF5, 0xA1, 0x28, 0xB4, 0x19, 0x91, 0x07,
    0x1B, 0xDA, 0x46, 0x13, 0xBD, 0xEC, 0x4D, 0xC7, 0x82, 0xBF, 0x48, 0x95, 0xC9, 0x0C, 0xB8, 0x5E,
    0x73, 0xCC, 0xA7, 0x8A, 0xE5, 0xD7, 0xF4, 0xDE, 0xCB, 0x72, 0xE4, 0xDB, 0x42, 0xD6, 0x15, 0xDF,
    0x2D, 0x87, 0x48, 0xB3, 0xD2, 0x84, 0x5F, 0xAE, 0x31, 0x06, 0xE2, 0x8F, 0xEA, 0x95, 0x8D, 0x19,
    0xF9, 0x91, 0x0B, 0xF5, 0x08, 0xC5, 0xE7, 0xF9, 0x95, 0x57, 0x6C, 0xD0, 0x44, 0xF3, 0x72, 0xF7,
    0xE2, 0xBA, 0x58, 0x96, 0x73, 0xCA, 0xFB, 0x83, 0xF0, 0xF7, 0xBA, 0x01, 0x5C, 0x45, 0x60, 0x83,
    0xD7, 0x08, 0xDB, 0x9C, 0xEC, 0x5E, 0x0C, 0xF5, 0xB0, 0xC4, 0x5B, 0xD7, 0x58, 0xED, 0x36, 0x0B,
    0x99, 0x13, 0x0B, 0x29, 0xEA, 0x97, 0x98, 0x09, 0xB1, 0x44, 0xAC, 0xE6, 0x9D, 0x6C, 0x0E, 0xDB,
    0x9D, 0x57, 0xB3, 0x53, 0xA4, 0xA3, 0x7D, 0xC7, 0xFC, 0xE1, 0xD3, 0xA9, 0xB8, 0xF5, 0xC4, 0x9B,
    0x4F, 0x74, 0xD3, 0xFE, 0x92, 0xB8, 0xE7, 0x6D, 0x71, 0x6F, 0xB2, 0xDC, 0xD1, 0x6D, 0x71, 0x7B,
    0xB0, 0xEF, 0xDF, 0xED, 0x8D, 0x96, 0x18, 0x2D, 0x23, 0xF2, 0x9B, 0xB8, 0xF7, 0xD6, 0xE0, 0x7A,
    0x2A, 0xB9, 0x40, 0x00, 0xF7, 0xCE, 0x0C, 0xD4, 0x9F, 0xE8, 0x22, 0x77, 0x35, 0xFB, 0x63, 0x1B,
    0xD2, 0x00, 0xB9, 0x80, 0x64, 0x26, 0x29, 0x85, 0xC4, 0x2A, 0x11, 0x1A, 0x2D, 0x99, 0xF9, 0x6A,
    0xC6, 0x70, 0x00, 0x35, 0x19, 0x60, 0x68, 0x58, 0xDA, 0x32, 0x9F, 0xA0, 0x6E, 0x26, 0x5E, 0xB9,
    0x5F, 0x11, 0x27, 0xDC, 0x4C, 0xD0, 0xCD, 0x04, 0xEA, 0x47, 0x72, 0xD9, 0x89, 0x0C, 0x44, 0x0F,
    0xA4, 0x1D, 0xD6, 0xEF, 0x76, 0x09, 0x85, 0x4E, 0xD5, 0x71, 0x5F, 0xAE, 0x11, 0xFB, 0x8A, 0x3C,
    0xEE, 0x2A, 0xA1, 0x29, 0x2E, 0xBA, 0xD0, 0x18, 0x57, 0xE4, 0xA4, 0x68, 0xEB, 0xB0, 0xFB, 0x95,
    0xC2, 0x34, 0x5A, 0xDC, 0x49, 0x2F, 0x04, 0x0F, 0x24, 0x53, 0xA8, 0xA1, 0xEB, 0xB2, 0x4D, 0x49,
    0x1A, 0x36, 0x42, 0x86, 0xC4, 0xDB, 0x2A, 0x23, 0x41, 0xFE, 0xA5, 0x92, 0x7B, 0x53, 0x0D, 0xDA,
    0x6E, 0x0F, 0x34, 0xDE, 0x9A, 0x64, 0x98, 0xC1, 0xA6, 0xC8, 0xC3, 0x7C, 0x42, 0x42, 0xEB, 0x92,
    0x88, 0x4C, 0x91, 0xD4, 0x5A, 0x70, 0x59, 0x8E, 0x43, 0x25, 0xD6, 0xD4, 0x8B, 0x64, 0x0F, 0xE9,
    0x93, 0x69, 0x1F, 0xD9, 0x57, 0xE3, 0x3E, 0xF9, 0x8D, 0x1E, 0xF9, 0xFD, 0xC1, 0x2B, 0x2B, 0x25,
    0x4F, 0x26, 0x14, 0xB7, 0xBF, 0x1A, 0x51, 0x5E, 0xBC, 0x4F, 0xB3, 0x9D, 0xBB, 0x35, 0xC0, 0x16,
    0x4A, 0x44, 0x7C, 0x24, 0xB5, 0x12, 0x3E, 0x9F, 0xE9, 0x36, 0x34, 0xAA, 0xC9, 0x03, 0x19, 0x80,
    0x0B, 0x65, 0x0B, 0xBB, 0x00, 0xF5, 0x0C, 0xFC, 0x62, 0xD3, 0x80, 0x29, 0x26, 0x42, 0x66, 0x84,
    0x0D, 0xF4, 0xB9, 0xD0, 0x48, 0xE5, 0xC6, 0xE4, 0x8A, 0xAE, 0xEC, 0x68, 0xEE, 0xA3, 0x2E, 0xDA,
    0xD2, 0xFF, 0xC9, 0x04, 0x35, 0x03, 0xD4, 0x0C, 0x50, 0x33, 0xC0, 0x28, 0xA1, 0x19, 0x48, 0x90,
    0x4B, 0xA3, 0x64, 0xA0, 0x19, 0x0E, 0x26, 0x5A, 0xE0, 0xA6, 0x27, 0xB9, 0xE1, 0x69, 0x86, 0x9B,
    0x9E, 0x66, 0xF8, 0x78, 0xA2, 0x9C, 0xEF, 0x3D, 0x23, 0x91, 0xAF, 0x27, 0x92, 0x9B, 0x34, 0x03,
    0xEB, 0x33, 0xCD, 0x7B, 0x42, 0xA0, 0x4D, 0x17, 0x2D, 0x0B, 0xE2, 0xFE, 0xE6, 0xFA, 0xA3, 0x48,
    0xD8, 0x74, 0x08, 0xBD, 0xD9, 0x76, 0x07, 0x51, 0xCD, 0x37, 0xC9, 0x24, 0xF8, 0xDC, 0xF5, 0x39,
    0xE3, 0x27, 0xE9, 0xC9, 0x78, 0xC3, 0x2D, 0x0F, 0x35, 0x7A, 0xC4, 0xEB, 0xD7, 0xC6, 0xCD, 0x1E,
    0x6F, 0x2A, 0x2D, 0x39, 0xB5, 0x2A, 0x87, 0x42, 0x3C, 0x56, 0x72, 0x89, 0xCA, 0xE5, 0xEA, 0x13,
    0x3B, 0x23, 0x1D, 0x9D, 0x44, 0x9F, 0xD0, 0x1D, 0x16, 0xD9, 0x53, 0x92, 0xFC, 0xE1, 0xB8, 0x51,
    0x4E, 0x06, 0xA7, 0x64, 0x41, 0x71, 0xA7, 0xA7, 0x72, 0x77, 0x3B, 0x2A, 0xF7, 0xAB, 0xCF, 0xA9,
    0xD7, 0xB9, 0x7B, 0x23, 0x1D, 0x2D, 0xB4, 0x45, 0x2A, 0x1D, 0xEA, 0xB0, 0x0D, 0xFD, 0x89, 0x08,
    0x60, 0x94, 0xB8, 0x47, 0xC2, 0x75, 0xB0, 0x30, 0x03, 0xA8, 0x72, 0xEA, 0x03, 0xA1, 0xE2, 0xC9,
    0x42, 0x02, 0x8D, 0x0A, 0x58, 0x25, 0x2A, 0x2A, 0xEA, 0xDB, 0x03, 0x20, 0xF9, 0x80, 0x64, 0xA6,
    0xC4, 0x6F, 0x32, 0xF3, 0x61, 0x07, 0x25, 0x0C, 0x5C, 0xCD, 0xB7, 0x31, 0x91, 0x6F, 0x86, 0x5C,
    0xDC, 0x10, 0x0B, 0xC2, 0xCB, 0x1D, 0xF3, 0x51, 0x7E, 0xB4, 0x42, 0xED, 0x1C, 0xA3, 0xDA, 0x36,
    0xD9, 0x54, 0x57, 0x14, 0x44, 0x63, 0xA5, 0x87, 0x3C, 0xBA, 0x94, 0xCE, 0x40, 0xBE, 0x39, 0x62,
    0xDC, 0xA6, 0xCC, 0x07, 0xEA, 0x5E, 0xA9, 0xEA, 0x36, 0x14, 0x2F, 0xDD, 0xF8, 0x5A, 0xE1, 0x52,
    0x0B, 0x21, 0x70, 0xFC, 0xD1, 0xBF, 0x7B, 0x94, 0x42, 0x79, 0xA4, 0x02, 0xCE, 0x8F, 0x48, 0x45,
    0x50, 0x2C, 0xA2, 0x76, 0x0C, 0x59, 0x68, 0xFF, 0x6D, 0x0E, 0x7D, 0x9A, 0xFB, 0x8F, 0x19, 0x0E,
    0x82, 0xBA, 0x5A, 0xC2, 0x01, 0xA5, 0x0C, 0x7D, 0x97, 0x96, 0xB7, 0x51, 0x3D, 0x1A, 0x76, 0xC0,
    0xB4, 0x8A, 0xF5, 0x69, 0xE5, 0x16, 0x94, 0x9A, 0x0D, 0x4B, 0x15, 0x4A, 0xA9, 0xE0, 0x9F, 0xE1,
    0x0E, 0x7C, 0x30, 0x43, 0xAE, 0xEB, 0x7C, 0x40, 0xC8, 0xA4, 0x8D, 0x06, 0x48, 0xAA, 0xA3, 0x5A,
    0xD9, 0xAE, 0xD6, 0xA6, 0xCD, 0xE5, 0xA0, 0x2D, 0x17, 0x09, 0xD9, 0x5B, 0x57, 0x51, 0xDE, 0xB8,
    0xAA, 0x4A, 0x2B, 0x90, 0x84, 0xF2, 0x1C, 0x4C, 0x30, 0xD2, 0x23, 0x53, 0x47, 0x18, 0xCA, 0x11,
    0x65, 0xE6, 0xB6, 0x1C, 0x2B, 0x48, 0xFD, 0x73, 0x09, 0x67, 0x13, 0x47, 0xEF, 0x6B, 0xF9, 0x26,
    0x1F, 0xCA, 0x1C, 0x65, 0x52, 0x99, 0xF3, 0xC6, 0x97, 0x6C, 0xAD, 0x3C, 0xCB, 0xD3, 0x93, 0x69,
    0xA9, 0x56, 0x4F, 0x26, 0xF2, 0xF8, 0xFA, 0x19, 0x8D, 0x70, 0x78, 0x38, 0xA8, 0x05, 0x02, 0xE9,
    0x91, 0xFE, 0xF6, 0x21, 0x17, 0xF9, 0xE2, 0x61, 0x87, 0xF3, 0x77, 0xEE, 0x4F, 0x70, 0xE7, 0x6E,
    0x79, 0xCC, 0x45, 0x7B, 0x1D, 0x30, 0x73, 0xE8, 0x17, 0x33, 0x0A, 0xBA, 0x6A, 0x62, 0xE1, 0x0F,
    0xE5, 0xD0, 0x4C, 0x2C, 0xCE, 0x51, 0xA1, 0x1F, 0xA1, 0x6E, 0x2C, 0xC3, 0x70, 0xD3, 0x15, 0xFD,
    0x9E, 0x42, 0x57, 0xD5, 0x14, 0xCF, 0x41, 0x7F, 0x04, 0x92, 0x0A, 0xDC, 0x42, 0x03, 0xCF, 0x34,
    0xF0, 0x97, 0x33, 0x40, 0xE1, 0xF1, 0x59, 0xD1, 0x60, 0x2A, 0x1B, 0xAC, 0x1D, 0xF8, 0x87, 0xE8,
    0x5D, 0xE0, 0x54, 0xFC, 0x62, 0x63, 0x5D, 0xF4, 0xF9, 0x10, 0x3B, 0x9D, 0x42, 0x83, 0xFD, 0xD0,
    0xA3, 0x90, 0x3E, 0x38, 0xD4, 0x50, 0x41, 0xC3, 0xDE, 0x85, 0x66, 0x27, 0x37, 0xA7, 0x65, 0xB4,
    0x81, 0xD1, 0x3A, 0xA4, 0x78, 0x3C, 0xC1, 0xA6, 0x23, 0xEA, 0x8C, 0xC8, 0x07, 0xAC, 0x09, 0x06,
    0xF1, 0xCA, 0x17, 0xEC, 0x02, 0x8A, 0xCE, 0x30, 0x5C, 0x1D, 0x25, 0x5A, 0xC3, 0x90, 0x37, 0xFF,
    0xCF, 0x98, 0x4F, 0x85, 0x2F, 0xC6, 0xC2, 0xDB, 0xA1, 0x9C, 0xEB, 0xC1, 0xD4, 0xDF, 0x0C, 0xE6,
    0xFC, 0xD3, 0xDE, 0x96, 0xB7, 0x7B, 0x5B, 0x5C, 0xEC, 0x6C, 0x91, 0xB7, 0x7B, 0x3F, 0x28, 0xDA,
    0x7D, 0x04, 0x34, 0xD9, 0x18, 0x37, 0x88, 0xD8, 0x0B, 0xC4, 0x6A, 0x55, 0x88, 0x74, 0x25, 0xA1,
    0x7B, 0x55, 0xD4, 0x35, 0xEA, 0x69, 0x55, 0x4F, 0xFE, 0xA0, 0xA6, 0x7F, 0xB4, 0x4B, 0x13, 0x41,
    0x70, 0xFC, 0x8B, 0x20, 0xDF, 0x06, 0x8E, 0xDA, 0xC1, 0x1E, 0x78, 0xD5, 0x8F, 0xB9, 0x52, 0x21,
    0x1B, 0x5D, 0x95, 0x3D, 0x95, 0x36, 0x3F, 0x64, 0xF9, 0xF1, 0x9B, 0xAD, 0x28, 0x1E, 0x2F, 0x7E,
    0x9F, 0x4D, 0x57, 0xDE, 0x74, 0x89, 0x97, 0x31, 0x59, 0x0E, 0xA6, 0x54, 0xD2, 0xA3, 0x5E, 0x2A,
    0xF1, 0xDC, 0xD8, 0x7C, 0x3E, 0x28, 0xB2, 0x31, 0xC8, 0xBC, 0x48, 0x5F, 0x3C, 0x90, 0xA6, 0xBC,
    0x39, 0x6F, 0x5B, 0x81, 0xE6, 0x08, 0x15, 0x98, 0x60, 0xAC, 0xB5, 0xB2, 0x1C, 0x25, 0xD8, 0x99,
    0xD8, 0x6F, 0x54, 0x2F, 0xB7, 0x08, 0x3F, 0x05, 0x53, 0x95, 0xC1, 0x1A, 0xE5, 0xD5, 0xA4, 0x4C,
    0x1F, 0xF6, 0x3E, 0x3B, 0xF8, 0x66, 0xC9, 0x0F, 0x17, 0x97, 0x73, 0x1B, 0x2A, 0x6E, 0x8E, 0x7B,
    0xDC, 0x1F, 0xF6, 0x8B, 0x8F, 0x87, 0xEB, 0xE5, 0xC7, 0x83, 0x37, 0xEF, 0xF5, 0xDE, 0x64, 0xDD,
    0x64, 0xF3, 0xCF, 0x27, 0xCB, 0x3F, 0x9E, 0x29, 0x6E, 0x0E, 0xD9, 0xC9, 0x9E, 0x6A, 0xAB, 0x1F,
    0x35, 0xDB, 0x68, 0x28, 0x8D, 0x16, 0x92, 0x42, 0x6C, 0xC5, 0x42, 0x12, 0x56, 0xFF, 0xE1, 0x6A,
    0x09, 0xB6, 0xAA, 0x85, 0xB5, 0x69, 0x51, 0x81, 0x5F, 0xBF, 0x04, 0x35, 0x32, 0xA4, 0xC3, 0x6A,
    0x04, 0x12, 0x42, 0xFB, 0xC9, 0xA7, 0x4F, 0xFB, 0xFC, 0x50, 0xC6, 0x52, 0x0E, 0x27, 0x3D, 0x45,
    0xD8, 0xFC, 0x46, 0x58, 0x3B, 0x0A, 0xF7, 0x71, 0x10, 0x6E, 0x6D, 0x2E, 0xF6, 0xCE, 0x49, 0x57,
    0x8B, 0x6B, 0x8C, 0x3D, 0x03, 0x58, 0x46, 0xF3, 0x1E, 0x50, 0xEE, 0x03, 0xC6, 0x47, 0x56, 0x30,
    0x8D, 0x56, 0x81, 0xFB, 0xBA, 0x21, 0x3C, 0x16, 0xEE, 0x8A, 0xDE, 0x22, 0x49, 0xA7, 0xB7, 0xE2,
    0x41, 0x28, 0x92, 0x6C, 0x60, 0x4A, 0xE5, 0xC3, 0x5F, 0xC2, 0x16, 0x4F, 0x3C, 0xEC, 0x22, 0x13,
    0xCC, 0x28, 0x1D, 0xF2, 0x8E, 0xCC, 0x5E, 0xB4, 0x8B, 0xDD, 0xAB, 0xDA, 0x45, 0x47, 0x08, 0x5B,
    0x70, 0xF9, 0x17, 0xBB, 0x38, 0x6F, 0xBC, 0x9B, 0xF2, 0xDE, 0x28, 0xCF, 0x01, 0xF6, 0x5F, 0x07,
    0x88, 0x28, 0xBA, 0xD5, 0x58, 0x37, 0x1B, 0xA3, 0xD8, 0x26, 0xFE, 0x84, 0xF0, 0xD2, 0x77, 0x85,
    0x98, 0x05, 0xF9, 0xB8, 0xED, 0xDA, 0x36, 0x0D, 0xD7, 0x77, 0x39, 0x20, 0x78, 0xA8, 0xA4, 0x21,
    0xCC, 0x27, 0xFD, 0xE2, 0x0E, 0x7A, 0xF7, 0xE0, 0xB0, 0xB3, 0xF9, 0x9D, 0xB6, 0x3C, 0x7B, 0x6F,
    0x30, 0x67, 0x6F, 0x0D, 0xB6, 0x08, 0x60, 0x22, 0x7C, 0xD2, 0xEF, 0x95, 0x17, 0xBB, 0x3D, 0x73,
    0xB6, 0xDD, 0x37, 0x45, 0xEB, 0x2D, 0x51, 0x97, 0x8D, 0x88, 0x8C, 0x52, 0x3F, 0x98, 0x2E, 0x94,
    0x67, 0xA3, 0xBC, 0xEB, 0x2A, 0x9E, 0x70, 0xB5, 0xC1, 0xEB, 0x5D, 0x93, 0xB3, 0x5F, 0x30, 0xA1,
    0xF0, 0x77, 0xB8, 0x10, 0xA6, 0x41, 0x75, 0xA5, 0xBA, 0xE8, 0xAE, 0x12, 0x42, 0x72, 0x52, 0x14,
    0x7D, 0x22, 0xAE, 0x85, 0x48, 0xA8, 0x92, 0x45, 0x0B, 0x96, 0x3D, 0x78, 0xA3, 0xF8, 0xBB, 0xD5,
    0x64, 0xEB, 0x9B, 0x93, 0x95, 0x7B, 0xA3, 0x3D, 0xF7, 0x70, 0xA8, 0xF3, 0x87, 0x94, 0xF9, 0x3E,
    0x71, 0xBB, 0xAF, 0xDD, 0xC5, 0xDE, 0x4A, 0xDE, 0x31, 0x7D, 0xDB, 0x63, 0xE7, 0xCF, 0x1B, 0x57,
    0x60, 0xEE, 0x2E, 0xD1, 0x26, 0x9D, 0xAB, 0x36, 0xE5, 0xE6, 0xC5, 0xC8, 0x6A, 0xB3, 0x23, 0x38,
    0x4D, 0x4A, 0x8F, 0x52, 0x2B, 0x6E, 0x08, 0x6B, 0x4D, 0x54, 0xA9, 0xE0, 0x84, 0x95, 0x9F, 0xC0,
    0x82, 0x9F, 0x26, 0x33, 0xDC, 0xC1, 0x14, 0x36, 0xAE, 0x5C, 0xC7, 0x7D, 0x6C, 0x50, 0xB2, 0xDE,
    0xF9, 0xFC, 0xF3, 0x65, 0xCE, 0xEF, 0x8F, 0xFB, 0x21, 0xC0, 0x45, 0xD1, 0xCF, 0xE5, 0x41, 0xE7,
    0xCD, 0xD9, 0xCF, 0x09, 0xCA, 0x9A, 0xCB, 0xA0, 0x9B, 0xB0, 0xC5, 0x1A, 0x30, 0x4B, 0x98, 0x1C,
    0x64, 0xE2, 0xBA, 0x3C, 0x74, 0x10, 0x2C, 0x3C, 0x44, 0x22, 0x71, 0xFE, 0x98, 0xFA, 0x18, 0xD8,
    0x66, 0x70, 0xA8, 0x3B, 0x07, 0x57, 0x2D, 0x08, 0x4F, 0x8E, 0x98, 0x8D, 0x34, 0x84, 0x1A, 0x05,
    0x59, 0x07, 0x24, 0xE0, 0x73, 0xBA, 0xDD, 0x64, 0xB5, 0xD8, 0x56, 0xA1, 0x0D, 0x70, 0xCA, 0x3D,
    0xE5, 0xB4, 0x7C, 0xF0, 0x69, 0x0C, 0x2D, 0xDA, 0x51, 0xC1, 0x04, 0xBC, 0x1C, 0x7B, 0x26, 0x2D,
    0x58, 0xDF, 0xFC, 0x61, 0x05, 0x0B, 0xA8, 0x81, 0x0F, 0x5F, 0x35, 0x16, 0xFE, 0xAF, 0x10, 0xC3,
    0x91, 0xF1, 0x10, 0xF5, 0x5F, 0x55, 0xE0, 0x73, 0x9A, 0x9D, 0xFC, 0x44, 0x41, 0xFB, 0x59, 0x3C,
    0xEF, 0x48, 0x45, 0x00, 0xEE, 0x2A, 0x81, 0x37, 0xA8, 0xE7, 0x75, 0xEA, 0xF9, 0x52, 0x97, 0xE1,
    0x7E, 0x83, 0x2C, 0xDA, 0x06, 0x65, 0xF7, 0x43, 0x02, 0xFC, 0xBD, 0x41, 0x26, 0x13, 0xF9, 0xC5,
    0x3C, 0xFB, 0x2B, 0xC2, 0x1D, 0xC4, 0xCE, 0x23, 0x97, 0xE6, 0xA5, 0xC9, 0x29, 0x61, 0x3A, 0xE8,
    0x63, 0xA5, 0x21, 0x2A, 0xDD, 0x6F, 0x5F, 0x71, 0xB8, 0xFA, 0x11, 0x6D, 0xA9, 0xC7, 0x7C, 0x41,
    0x12, 0xFA, 0xC0, 0x21, 0x84, 0xA1, 0xFA, 0x27, 0xF5, 0xAE, 0x4A, 0xBD, 0x20, 0x9B, 0xE4, 0xD4,
    0x7C, 0xB6, 0xF3, 0xA3, 0x7A, 0x33, 0x3F, 0x52, 0x7F, 0x13, 0x0B, 0x92, 0xAB, 0xDB, 0x3A, 0xF1,
    0xEA, 0x06, 0x78, 0xC0, 0x6B, 0xF9, 0x80, 0xB7, 0xA9, 0x93, 0xD3, 0xD6, 0xEF, 0x6E, 0x87, 0x52,
    0x5A, 0xD5, 0x53, 0x5F, 0x53, 0x03, 0x6E, 0xC8, 0xDA, 0x91, 0xF8, 0xBD, 0xBF, 0x56, 0x22, 0x24,
    0x4E, 0x9A, 0xD5, 0xB4, 0xE8, 0x64, 0xD7, 0x6B, 0x97, 0xEE, 0x4D, 0x95, 0xF5, 0xDE, 0xD2, 0x20,
    0xB2, 0x80, 0x8E, 0xF7, 0xB8, 0xA0, 0x06, 0x4A, 0x7B, 0x8F, 0x8C, 0xC8, 0x3B, 0xE2, 0xC6, 0x74,
    0xA5, 0xB8, 0x71, 0x18, 0x47, 0xBA, 0x32, 0xAD, 0xCB, 0xC7, 0xC3, 0x9E, 0x79, 0x97, 0x75, 0x49,
    0xDB, 0xE0, 0x54, 0x26, 0x4B, 0x8D, 0x74, 0x32, 0xBF, 0xBB, 0xC0, 0xD3, 0xE7, 0x6F, 0x88, 0x9A,
    0x98, 0x81, 0x44, 0x15, 0x1F, 0x00, 0x34, 0x04, 0x4E, 0xD7, 0x81, 0x6C, 0x92, 0xB6, 0x26, 0xEC,
    0x51, 0xD2, 0xE6, 0xDB, 0xA4, 0x3D, 0x55, 0x67, 0xB5, 0x02, 0x60, 0x52, 0x5A, 0x9F, 0xC2, 0xB1,
    0xC2, 0xA0, 0x10, 0x3D, 0xC2, 0x42, 0x9F, 0x5D, 0xED, 0x9E, 0x7F, 0x90, 0x5C, 0xDF, 0x6E, 0x3A,
    0x3E, 0x35, 0x59, 0x44, 0x3A, 0x46, 0xD3, 0x1D, 0x9F, 0xBC, 0x64, 0x71, 0xF2, 0xD2, 0x25, 0x93,
    0x61, 0xB9, 0xB1, 0x22, 0x53, 0xC0, 0xA3, 0x6B, 0xA3, 0xAD, 0x68, 0x55, 0x5A, 0xD4, 0x36, 0x7A,
    0x90, 0x3A, 0x3E, 0x79, 0x79, 0xD1, 0x29, 0x2D, 0x82, 0x20, 0x07, 0xA5, 0x73, 0x22, 0xAD, 0x28,
    0xAE, 0xBA, 0x86, 0x16, 0x3F, 0xD9, 0x29, 0xE1, 0x98, 0x14, 0x44, 0x22, 0xA2, 0xE8, 0xFF, 0xA8,
    0x31, 0x2B, 0x9D, 0x17, 0x51, 0xC6, 0x83, 0xBC, 0x50, 0xC6, 0xE5, 0xEA, 0x77, 0xF0, 0x38, 0x31,
    0xB9, 0x11, 0x19, 0x75, 0xFA, 0xB3, 0xE2, 0xC8, 0xF9, 0x64, 0x6E, 0x9D, 0x5F, 0xAE, 0xC0, 0xC9,
    0x08, 0xFE, 0x79, 0xCB, 0x87, 0x38, 0xC9, 0x27, 0x38, 0xC8, 0x11, 0x72, 0xF5, 0xF2, 0xB1, 0x69,
    0x8C, 0xC4, 0xC2, 0xF6, 0x13, 0xF2, 0x49, 0xFD, 0xB1, 0x7C, 0x45, 0xD8, 0x7C, 0x37, 0xBA, 0x8F,
    0x27, 0xAE, 0x83, 0x7E, 0x77, 0x05, 0x05, 0xF5, 0x20, 0x74, 0xE6, 0x45, 0xDB, 0x17, 0x8A, 0xED,
    0x4D, 0x5D, 0x55, 0x76, 0x75, 0xC5, 0xD5, 0x5F, 0xE3, 0xEA, 0xC6, 0xC6, 0x6A, 0x53, 0xC6, 0x2B,
    0x82, 0xA0, 0x3F, 0x91, 0x3F, 0xBF, 0xBA, 0xD5, 0xFF, 0x4B, 0xF2, 0xFB, 0x1F, 0x61, 0x58, 0x4A,
    0x63, 0x86, 0x7A, 0xDB, 0xF7, 0xC6, 0xC6, 0xE4, 0xD5, 0x77, 0x7E, 0x9E, 0x97, 0x34, 0xD0, 0x5E,
    0x04, 0xDE, 0x9E, 0xEB, 0x30, 0x5B, 0xDA, 0x78, 0xDF, 0x9A, 0x06, 0xFB, 0xB5, 0x05, 0xF6, 0xF7,
    0x48, 0x6A, 0x09, 0x4A, 0x0E, 0x6A, 0x44, 0x4F, 0xDF, 0x7A, 0x8F, 0xF4, 0x99, 0x9F, 0x91, 0x7D,
    0x3D, 0xCD, 0x28, 0xBE, 0x1A, 0x49, 0x6E, 0x8D, 0x52, 0x99, 0x5B, 0x83, 0xAB, 0xEC, 0xBB, 0x83,
    0x03, 0x1F, 0xF3, 0x82, 0x9C, 0x51, 0xF2, 0x36, 0xD2, 0xFE, 0x4C, 0xD6, 0xA5, 0xE3, 0x1E, 0x03,
    0xD0, 0xEF, 0x53, 0x97, 0xEB, 0xFB, 0x1F, 0x02, 0xDE, 0x5F, 0x07, 0x96, 0x65, 0x52, 0xCE, 0x81,
    0x8C, 0x9C, 0x3F, 0x3F, 0x0B, 0x87, 0x2A, 0x96, 0x93, 0x87, 0x4F, 0x16, 0xD8, 0x5B, 0x83, 0xE0,
    0x4C, 0x18, 0xAA, 0x03, 0x76, 0xCB, 0x4F, 0xC9, 0x9F, 0x1D, 0x9B, 0x3A, 0x27, 0xAC, 0x0D, 0xA8,
    0x36, 0x71, 0x55, 0x74, 0x78, 0x5D, 0x2A, 0x98, 0x49, 0x25, 0xAF, 0xD4, 0x7F, 0x9B, 0x69, 0xDE,
    0x9F, 0xF2, 0x77, 0xD3, 0xB8, 0xA6, 0x16, 0x09, 0x5B, 0xD4, 0xCA, 0x45, 0xC3, 0xC0, 0x11, 0x6B,
    0xC2, 0x7C, 0xBB, 0x3D, 0xA3, 0xB5, 0x47, 0x53, 0xC0, 0x1F, 0xBF, 0xE0, 0x15, 0x4A, 0xC9, 0x6B,
    0x44, 0x59, 0x51, 0xDB, 0x93, 0x3C, 0xD6, 0xC4, 0x7E, 0xBC, 0x80, 0xD2, 0x6E, 0x3F, 0x5E, 0x4A,
    0x14, 0xAC, 0x0B, 0x61, 0x52, 0xD8, 0xE4, 0x61, 0x52, 0x10, 0x5B, 0x9E, 0x52, 0x5B, 0x9D, 0xCF,
    0xB5, 0xDF, 0x5F, 0xB4, 0x6A, 0x11, 0xA1, 0x35, 0x1A, 0x99, 0xE9, 0xAC, 0x6F, 0xA5, 0xC6, 0x88,
    0xA2, 0xDF, 0xC4, 0x75, 0x1C, 0x81, 0x95, 0x5D, 0xC8, 0x53, 0xE5, 0xC3, 0xAC, 0x2F, 0x0F, 0xA7,
    0x30, 0x61, 0x33, 0x32, 0xD2, 0x52, 0x9E, 0x2D, 0x2B, 0xD1, 0x08, 0xA3, 0xC6, 0x75, 0x75, 0x9C,
    0xB4, 0x2B, 0x1A, 0xC0, 0x68, 0xA5, 0x2E, 0x68, 0x7B, 0xFE, 0x96, 0x4C, 0xB0, 0x48, 0xA7, 0xCB,
    0x0B, 0xD2, 0xDF, 0xB1, 0x35, 0x4E, 0x9F, 0x3E, 0x9D, 0x90, 0x3D, 0xFD, 0xED, 0x80, 0x5C, 0xA4,
    0x7B, 0x31, 0x9C, 0x6E, 0x19, 0x4B, 0xDC, 0x61, 0x8A, 0xBB, 0x77, 0x7B, 0x94, 0x77, 0x2F, 0xF6,
    0x30, 0xFF, 0xFD, 0x5E, 0x98, 0xEF, 0x68, 0xCA, 0xA7, 0x9E, 0x04, 0x5E, 0x13, 0xDC, 0x69, 0x3C,
    0xCF, 0xC8, 0x9F, 0xDE, 0x9A, 0x90, 0xFF, 0xF6, 0xF6, 0x80, 0xE2, 0x0B, 0xBE, 0x51, 0x1C, 0x1C,
    0x90, 0x81, 0x06, 0x5A, 0xA9, 0xFC, 0xCC, 0xDD, 0xF3, 0x2D, 0xCC, 0xBF, 0x53, 0x1A, 0xFB, 0xF7,
    0x05, 0x65, 0xAD, 0x72, 0x95, 0x21, 0xE1, 0x6F, 0x73, 0xE2, 0xEB, 0x39, 0x9D, 0x7E, 0xA1, 0xCD,
    0xA7, 0x9E, 0x08, 0xBD, 0x09, 0x17, 0x45, 0xDC, 0x43, 0x90, 0xCB, 0x4C, 0x8C, 0xB1, 0xCE, 0x53,
    0xDB, 0xA2, 0xD7, 0x99, 0xFA, 0x42, 0xBD, 0x84, 0x70, 0x71, 0x50, 0xD7, 0x94, 0xAD, 0xA5, 0xAD,
    0xED, 0x9C, 0x8F, 0x3F, 0x99, 0xD9, 0xB8, 0xF2, 0x7D, 0x72, 0xAC, 0xD2, 0x85, 0xDA, 0xC9, 0x18,
    0xA7, 0x59, 0xE3, 0x02, 0x5A, 0x9E, 0xA8, 0x7B, 0x5A, 0xAF, 0x63, 0x5D, 0xEE, 0xBE, 0x73, 0xB8,
    0xA8, 0xF9, 0x48, 0x18, 0xE2, 0xF8, 0x70, 0xD1, 0x69, 0x05, 0x26, 0x27, 0x51, 0xC4, 0x6A, 0x13,
    0x11, 0x2C, 0xAD, 0x3C, 0xF2, 0x97, 0x46, 0x52, 0x45, 0x67, 0x95, 0x4F, 0x63, 0x22, 0x2A, 0xCA,
    0x0B, 0xE5, 0x61, 0x2B, 0xA1, 0x87, 0xA5, 0x27, 0x8F, 0x63, 0xEF, 0x27, 0xBE, 0x10, 0x96, 0xE7,
    0x42, 0x68, 0x81, 0xF2, 0x51, 0x93, 0x8E, 0xA6, 0xA5, 0x81, 0x49, 0x32, 0xBA, 0x1C, 0x5A, 0xA3,
    0xFF, 0xEF, 0xCD, 0x81, 0x8B, 0x37, 0x07, 0xB4, 0xC7, 0x0C, 0x32, 0xF7, 0x24, 0x1F, 0x29, 0x79,
    0x87, 0xA4, 0x8E, 0x7B, 0xA8, 0x95, 0x2A, 0x1B, 0x6A, 0x51, 0xF5, 0x59, 0x2B, 0xFA, 0xF5, 0xE6,
    0x3E, 0xEA, 0xF9, 0x4C, 0x22, 0x1E, 0x28, 0x95, 0x98, 0x78, 0x33, 0x35, 0xE9, 0xAD, 0x43, 0x20,
    0x23, 0x49, 0x3A, 0x9C, 0xB8, 0xB1, 0x1F, 0x5F, 0xCC, 0xBC, 0xAB, 0x63, 0x33, 0x6F, 0x05, 0x36,
    0xF8, 0x0B, 0xA8, 0x9E, 0xF6, 0x86, 0xC0, 0x1C, 0x79, 0x10, 0x52, 0x01, 0x33, 0x02, 0x18, 0x87,
    0x71, 0x60, 0xF4, 0x7B, 0xCF, 0xB3, 0xDA, 0xE2, 0xB2, 0xB7, 0xD0, 0x9C, 0x10, 0x8F, 0x42, 0xDB,
    0xBF, 0xCD, 0xFB, 0x3E, 0x42, 0x9B, 0x66, 0xD3, 0x65, 0x47, 0xF3, 0x6F, 0xD3, 0xE5, 0x23, 0xDB,
    0xB3, 0x49, 0x90, 0x2E, 0x3A, 0x33, 0xD9, 0xCC, 0xBE, 0x3B, 0x15, 0x90, 0x78, 0xF5, 0x0C, 0xDD,
    0xB6, 0xAA, 0x47, 0x11, 0x76, 0x5A, 0xC6, 0x50, 0x55, 0x74, 0x0E, 0x45, 0xEF, 0x59, 0xD0, 0x26,
    0x06, 0xF3, 0x80, 0xEC, 0xB0, 0xA7, 0x8C, 0x2D, 0xD1, 0x90, 0x27, 0x90, 0xCC, 0xC4, 0xC9, 0xCE,
    0x6C, 0x7C, 0x85, 0x2C, 0x83, 0xA5, 0xEB, 0x28, 0xCB, 0xB7, 0x27, 0x64, 0x71, 0x8D, 0xDA, 0x23,
    0xE8, 0x64, 0x64, 0xFA, 0xA3, 0x65, 0x71, 0x32, 0x04, 0xFC, 0xD3, 0xFC, 0x0F, 0x2F, 0x64, 0x49,
    0x16, 0xD5, 0x58, 0x20, 0x80, 0x1C, 0x9F, 0xC3, 0x1B, 0x69, 0xD5, 0xDB, 0x15, 0xC9, 0x02, 0x92,
    0x99, 0xC4, 0x2C, 0x9B, 0x7E, 0x51, 0xEA, 0x8A, 0x7A, 0x85, 0x39, 0xBC, 0x0D, 0x73, 0xF8, 0x19,
    0x14, 0x67, 0x86, 0xAB, 0x72, 0x8F, 0x23, 0x97, 0x25, 0x81, 0x4C, 0xD0, 0x95, 0xFE, 0x90, 0x03,
    0xF8, 0x1B, 0x7A, 0x00, 0x9F, 0x60, 0x17, 0xD5, 0x7B, 0x24, 0xC9, 0xBB, 0x0B, 0xCA, 0x05, 0x23,
    0xB1, 0x0A, 0x64, 0x00, 0xD5, 0xD6, 0x64, 0x69, 0xC3, 0xB4, 0x92, 0xA1, 0x15, 0x27, 0xF9, 0x31,
    0xE1, 0x88, 0x38, 0xDC, 0x10, 0x0D, 0xA8, 0x05, 0xD9, 0xF2, 0x72, 0x9F, 0xAC, 0x56, 0x09, 0x88,
    0xA3, 0x92, 0x08, 0xD5, 0x0B, 0x21, 0x75, 0x37, 0x9C, 0x94, 0x4B, 0x25, 0x04, 0x2D, 0xF4, 0xF1,
    0x42, 0x69, 0x66, 0x94, 0xCF, 0xA2, 0x37, 0x37, 0xEF, 0x13, 0x27, 0xDE, 0xD7, 0x8B, 0x3D, 0xCD,
    0xBD, 0x78, 0x31, 0x55, 0x9F, 0x3B, 0xD7, 0xD7, 0xA5, 0x82, 0xDB, 0xF2, 0x35, 0x72, 0x3F, 0x2A,
    0x11, 0xB9, 0xB8, 0x06, 0x17, 0x68, 0xF7, 0x0F, 0x69, 0xC5, 0xEB, 0xC7, 0xEF, 0x0A, 0xA8, 0xD7,
    0xB6, 0x8D, 0x7B, 0x9F, 0x92, 0x9C, 0x27, 0xF6, 0x5C, 0x55, 0x8B, 0x06, 0xB7, 0x43, 0xEE, 0x05,
    0xF8, 0x70, 0x01, 0x3E, 0xDB, 0xEA, 0x74, 0x32, 0xC0, 0x32, 0x22, 0x3F, 0x3C, 0x9A, 0x7D, 0x8B,
    0x68, 0x89, 0x1A, 0x8A, 0x70, 0x72, 0x8D, 0x77, 0x18, 0x27, 0x5A, 0x86, 0x56, 0x5B, 0x86, 0xD5,
    0xCB, 0xC1, 0x3A, 0x1D, 0xE1, 0x14, 0x6D, 0xF9, 0x4E, 0x3E, 0x67, 0x01, 0xDE, 0x00, 0xD2, 0xEE,
    0x6D, 0x20, 0xEB, 0xF6, 0x81, 0xF4, 0xB9, 0x47, 0x3C, 0x10, 0x69, 0xB0, 0xEA, 0xF3, 0x3D, 0x5D,
    0x49, 0x03, 0x15, 0x90, 0x37, 0x13, 0x50, 0x28, 0xC9, 0x1F, 0x0F, 0xEA, 0xEB, 0x0E, 0xC0, 0xBA,
    0x82, 0x3E, 0x7F, 0xFC, 0x40, 0xD7, 0x4A, 0x63, 0xA5, 0xD2, 0x13, 0xA0, 0x0B, 0x2E, 0x5F, 0xF4,
    0x1F, 0x8D, 0x9F, 0x04, 0x37, 0xA6, 0xFC, 0x37, 0xA9, 0xC9, 0xB2, 0x41, 0x0D, 0x56, 0x3C, 0xBF,
    0x54, 0x48, 0xC7, 0x7F, 0xC1, 0x22, 0x59, 0x77, 0x81, 0xD8, 0x57, 0x73, 0xA8, 0x35, 0xA2, 0x31,
    0x76, 0xF3, 0x7D, 0x05, 0x99, 0x00, 0x6F, 0xA7, 0x1D, 0xDE, 0xCE, 0x3B, 0xD8, 0x6B, 0xED, 0xA6,
    0x69, 0xE4, 0x73, 0xBA, 0xBB, 0x82, 0x7C, 0x14, 0x14, 0xEC, 0xC6, 0x8A, 0xAF, 0x67, 0xC5, 0xAE,
    0xE4, 0xA4, 0x21, 0x07, 0xB8, 0xF7, 0x7B, 0x48, 0x49, 0x98, 0xEE, 0xD4, 0xF2, 0xAD, 0xA2, 0xA7,
    0x02, 0x79, 0x7E, 0x99, 0x9E, 0xD6, 0xA8, 0xA4, 0x2C, 0x7A, 0x19, 0x03, 0xD8, 0x73, 0x2D, 0x49,
    0x29, 0x0D, 0xD6, 0xDA, 0x0B, 0xCE, 0xE6, 0x91, 0xBE, 0xD0, 0x84, 0x1E, 0x1A, 0xD9, 0x73, 0x81,
    0x6E, 0x8D, 0x00, 0x8B, 0xEE, 0x7F, 0xA2, 0x6C, 0xC3, 0x91, 0x58, 0x66, 0x60, 0x9D, 0xE9, 0x26,
    0xF5, 0x20, 0x24, 0x9E, 0x20, 0x7B, 0x77, 0x32, 0xBA, 0x9B, 0xEE, 0x61, 0xE5, 0xC2, 0xAE, 0x24,
    0x97, 0xA0, 0x5D, 0x33, 0xCE, 0xE4, 0x4A, 0x8A, 0xE1, 0x33, 0xD8, 0xB5, 0x4C, 0xB0, 0xCF, 0x64,
    0x40, 0xDE, 0x45, 0x67, 0x56, 0x28, 0xAA, 0x93, 0x9F, 0x22, 0xEC, 0xEC, 0xF3, 0xC2, 0xED, 0x90,
    0x9F, 0xD8, 0x0C, 0xF9, 0xF3, 0xDF, 0xE0, 0xD4, 0x73, 0x24, 0xA3, 0xFF, 0x95, 0x2A, 0x5F, 0xF4,
    0x38, 0x52, 0x76, 0xDA, 0xC4, 0x6C, 0x12, 0xDD, 0x89, 0x0C, 0xA2, 0xB8, 0xEA, 0xFA, 0x05, 0xA6,
    0xD3, 0x96, 0x95, 0x68, 0xC2, 0xD1, 0x4F, 0x5E, 0xBA, 0xD5, 0x71, 0x7D, 0x68, 0xDB, 0xF4, 0x1E,
    0xCD, 0x72, 0x05, 0x6D, 0x94, 0x69, 0xAF, 0xA6, 0x50, 0x99, 0xBB, 0x38, 0x54, 0x77, 0xC9, 0x1C,
    0x67, 0x41, 0x9B, 0x9B, 0x18, 0x46, 0x17, 0x09, 0xC3, 0x0B, 0x05, 0x89, 0x06, 0xD8, 0xF7, 0x59,
    0x15, 0xCA, 0x87, 0x1B, 0x62, 0xEE, 0x93, 0xD8, 0xDB, 0xD3, 0x8E, 0x6A, 0x41, 0xF8, 0x04, 0x50,
    0x51, 0xFF, 0x6A, 0x08, 0x00, 0x76, 0xF2, 0x59, 0x8C, 0xF2, 0xD2, 0x4C, 0x89, 0x59, 0xA2, 0x91,
    0x80, 0x53, 0x5D, 0x24, 0xE1, 0x75, 0x1E, 0x5B, 0x0B, 0xE9, 0x03, 0x80, 0xDD, 0x7D, 0xC5, 0xF6,
    0x81, 0x0E, 0xEC, 0x04, 0x10, 0x02, 0xA7, 0x1F, 0xAD, 0xA8, 0x3F, 0x36, 0x9F, 0x52, 0x2A, 0x76,
    0x25, 0x5F, 0x9C, 0xB1, 0x2A, 0xEA, 0x46, 0xE7, 0x78, 0xA7, 0x96, 0xEF, 0x15, 0xFE, 0xDD, 0xC1,
    0xC7, 0x2D, 0xAF, 0x9E, 0x03, 0x9F, 0xE2, 0x82, 0xEA, 0xFF, 0x6D, 0xDC, 0xF3, 0xD6, 0xD5, 0xEA,
    0xC5, 0x30, 0x14, 0xD8, 0xD9, 0xD7, 0x8B, 0x8C, 0xD7, 0x26, 0x0C, 0x38, 0x0D, 0x01, 0xEC, 0x74,
    0xC4, 0x06, 0x57, 0x6E, 0x77, 0x1D, 0xDA, 0x7E, 0x57, 0x32, 0x1F, 0x8B, 0x0F, 0xE6, 0xEC, 0x4E,
    0x65, 0xD6, 0x27, 0x7F, 0xA7, 0x83, 0x7E, 0xE5, 0x61, 0xCE, 0x76, 0xD8, 0x2B, 0x1B, 0x5C, 0x37,
    0xD8, 0xA9, 0xCD, 0xF5, 0x49, 0x9B, 0x0E, 0xD9, 0x13, 0xCF, 0x42, 0x1A, 0xD7, 0x39, 0x53, 0x34,
    0xF8, 0x61, 0xB2, 0x5B, 0xFB, 0x4B, 0xD9, 0xA9, 0xED, 0x37, 0xB1, 0x0F, 0x60, 0x37, 0xDF, 0xE5,
    0x6C, 0xF3, 0x9C, 0x70, 0xC1, 0x68, 0xA7, 0xB8, 0xA3, 0xFB, 0x8E, 0x3D, 0xE9, 0xFB, 0xF8, 0xE2,
    0xE5, 0x58, 0xC4, 0x68, 0x54, 0x02, 0xA7, 0xBA, 0x75, 0xFB, 0x5F, 0xBD, 0xD8, 0x31, 0x8C, 0xE5,
    0x46, 0x1D, 0xC7, 0xF1, 0xAF, 0xED, 0xD5, 0x3A, 0xAC, 0x05, 0x5E, 0xBA, 0xD3, 0x1E, 0xE4, 0x41,
    0xC9, 0xE9, 0x82, 0x53, 0xA4, 0xB8, 0x26, 0x3B, 0x0E, 0x42, 0xA2, 0xA0, 0x80, 0x5E, 0x48, 0x88,
    0x0E, 0x68, 0x42, 0x79, 0x05, 0x39, 0x8F, 0x94, 0x82, 0x32, 0x9B, 0xBE, 0xB9, 0x62, 0x91, 0xB8,
    0xA5, 0xE0, 0x90, 0x52, 0x2E, 0xE7, 0xE9, 0x29, 0x30, 0xA2, 0x48, 0x41, 0x11, 0xD3, 0xA6, 0x20,
    0x03, 0xB2, 0xC0, 0xC9, 0xD9, 0xFE, 0xE3, 0xFF, 0xF3, 0x88, 0x77, 0xE2, 0xB4, 0x28, 0xF1, 0xBD,
    0x77, 0x6F, 0xF5, 0x1B, 0xE9, 0x36, 0x1B, 0xBF, 0xFF, 0x67, 0x66, 0xDE, 0x7F, 0x9E, 0x4D, 0x24,
    0x8E, 0x64, 0x4E, 0x3A, 0x27, 0x97, 0x86, 0xCD, 0x47, 0x0D, 0xC5, 0x9F, 0x5A, 0xCC, 0x7B, 0x2D,
    0x75, 0xDE, 0x32, 0x65, 0x3E, 0x1E, 0x32, 0x9F, 0x88, 0xF8, 0x74, 0x4E, 0xFE, 0xD9, 0xEF, 0xBA,
    0x4D, 0x93, 0x76, 0xC6, 0x25, 0xBD, 0xB1, 0x49, 0x5F, 0x93, 0xF4, 0x10, 0x5E, 0x45, 0x03, 0xC6,
    0xED, 0x52, 0xFD, 0xAA, 0x8B, 0xE5, 0xDF, 0x3E, 0x93, 0xDA, 0xE7, 0xF3, 0xCF, 0xA6, 0xC9, 0x5B,
    0xE3, 0x34, 0x9B, 0xC6, 0xD8, 0xC2, 0x19, 0x6B, 0x9C, 0x71, 0xE2, 0x8A, 0xA7, 0xB5, 0xDD, 0x88,
    0xB1, 0x69, 0x5F, 0x95, 0x10, 0x5E, 0xB2, 0x4B, 0x34, 0x01, 0xFC, 0xFC, 0x02, 0xC4, 0x2F, 0x49,
    0x5B, 0xC8, 0x1D, 0x64, 0x00, 0xEC, 0xC5, 0x70, 0xFC, 0x08, 0x32, 0x81, 0x5C, 0x80, 0x73, 0xE0,
    0x1A, 0x78, 0x0C, 0xB0, 0xDA, 0xA1, 0x43, 0xDC, 0x01, 0x89, 0x07, 0xB2, 0x06, 0xC8, 0x2D, 0x14,
    0x7F, 0x04, 0xEA, 0x16, 0x12, 0xE9, 0x20, 0x6F, 0x07, 0x48, 0xCB, 0x37, 0xD8, 0x51, 0xD4, 0x82,
    0x62, 0x50, 0x0D, 0xCA, 0x41, 0x3D, 0x28, 0x08, 0x15, 0xA1, 0x24, 0xD4, 0x84, 0xA2, 0x50, 0x15,
    0xCA, 0x42, 0x5D, 0x28, 0x0C, 0x95, 0xA1, 0x34, 0x80, 0x23, 0x80, 0x4D, 0x09, 0x18, 0x1D, 0x9E,
    0x00, 0x0C, 0x10, 0x0D, 0x8F, 0x21, 0x9B, 0x80, 0x42, 0x2C, 0x4C, 0x79, 0x03, 0x6F, 0x24, 0x25,
    0x10, 0xD8, 0xA8, 0x1B, 0x85, 0xA3, 0x72, 0x94, 0x8E, 0xDA, 0x51, 0x3C, 0xAA, 0x47, 0xF9, 0xA8,
    0x1F, 0x9D, 0x00, 0x74, 0x06, 0x58, 0xA6, 0xE0, 0x28, 0x4C, 0xE3, 0x1F, 0x00, 0x13, 0x0A, 0x38,
    0x29, 0x9C, 0xEA, 0x15, 0xAF, 0x76, 0xA5, 0xEF, 0x6D, 0x0D, 0x4B, 0x48, 0x1D, 0x64, 0xED, 0x32,
    0xE5, 0x51, 0x07, 0xFC, 0x7E, 0x50, 0xE1, 0x02, 0x54, 0x9F, 0xF2, 0xD6, 0xAF, 0xE9, 0x9D, 0x0B,
    0xA0, 0xEA, 0x74, 0xF0, 0x40, 0xD2, 0xC2, 0xC9, 0xF7, 0x1D, 0x98, 0x0F, 0x55, 0xE0, 0x21, 0xFD,
    0x97, 0xBE, 0x9F, 0xBB, 0x86, 0x88, 0xD3, 0x83, 0xAE, 0x69, 0xFC, 0x08, 0xBD, 0xAA, 0x9A, 0x75,
    0xC0, 0x00, 0x97, 0xD7, 0x90, 0x8C, 0xBF, 0x80, 0x8D, 0x00, 0xD5, 0xDB, 0x0E, 0xAE, 0x33, 0x07,
    0xA7, 0x11, 0xFB, 0x5A, 0x53, 0x7E, 0x06, 0xC4, 0xF2, 0x77, 0x1D, 0x04, 0xF8, 0x4E, 0x0F, 0x9C,
    0x94, 0x40, 0xD5, 0xE8, 0xEF, 0x3C, 0x64, 0xFF, 0x1C, 0x20, 0xB5, 0xF7, 0x01, 0x38, 0xE4, 0x1C,
    0x1C, 0x5F, 0x40, 0x31, 0x79, 0x0A, 0xF1, 0x1C, 0x15, 0x0E, 0x2E, 0x21, 0x1D, 0x55, 0x5F, 0x52,
    0xFF, 0xD8, 0x71, 0x3F, 0xB5, 0xEB, 0xD7, 0xDA, 0x38, 0x10, 0xAD, 0xA3, 0x27, 0xD3, 0x7D, 0x6A,
    0xEF, 0x11, 0x5E, 0x07, 0xED, 0x99, 0xF1, 0x00, 0x99, 0x2C, 0xFB, 0xF5, 0x49, 0xDE, 0x70, 0x3F,
    0xB1, 0xC0, 0x9E, 0x7B, 0x29, 0x16, 0x48, 0x3A, 0x20, 0xF5, 0x40, 0xEE, 0xC2, 0x87, 0x33, 0x39,
    0xFE, 0x9A, 0xFE, 0xAB, 0x82, 0xEC, 0xE9, 0x10, 0x1A, 0x14, 0xB5, 0x3D, 0xE8, 0x3E, 0x7E, 0x05,
    0x28, 0x4A, 0x30, 0xC0, 0x08, 0x51, 0x0F, 0xAF, 0xFF, 0xA4, 0x61, 0x48, 0x3D, 0x55, 0xED, 0x28,
    0xA4, 0x24, 0xEB, 0x59, 0x3F, 0x07, 0xB7, 0x00, 0x06, 0x42, 0x1B, 0xC2, 0xA0, 0x56, 0xE5, 0x7F,
    0xE9, 0xA5, 0x5B, 0x23, 0x0B, 0xF9, 0xFF, 0x34, 0xA8, 0xD7, 0xDF, 0xDF, 0xA3, 0xF5, 0xCA, 0x02,
    0xD2, 0x86, 0x81, 0xCC, 0x01, 0x79, 0x09, 0xF1, 0xD7, 0x6F, 0xBD, 0x6C, 0xEB, 0xC9, 0x6F, 0x20,
    0x9F, 0x96, 0x70, 0x0D, 0x74, 0xF0, 0xCD, 0xC6, 0x05, 0x6B, 0xF3, 0xC2, 0xD6, 0x68, 0x3C, 0xD2,
    0x7A, 0x47, 0x48, 0x74, 0x20, 0x7A, 0x08, 0x31, 0xAF, 0xBC, 0x6C, 0xE6, 0xA6, 0x2D, 0x31, 0xD2,
    0x72, 0x2E, 0x0D, 0x9C, 0xC1, 0x37, 0xB0, 0x0C, 0xC9, 0x42, 0x34, 0x4A, 0xFC, 0x74, 0x3D, 0x11,
    0x20, 0x75, 0xDF, 0x26, 0x6D, 0x9E, 0x90, 0xC8, 0xB0, 0x1C, 0x30, 0x95, 0x3D, 0x78, 0x0B, 0x02,
    0xF8, 0x65, 0xDC, 0xF2, 0x20, 0x6D, 0x31, 0xE2, 0xD8, 0x08, 0xA4, 0x3D, 0x7B, 0x6F, 0x43, 0x22,
    0x43, 0x34, 0x27, 0x9E, 0xAE, 0x2E, 0x63, 0x5D, 0xAE, 0x3E, 0xA4, 0x43, 0x67, 0xBD, 0xC9, 0x44,
    0x5C, 0xFE, 0xD9, 0x95, 0x9D, 0x35, 0x68, 0x36, 0xCD, 0x1C, 0x07, 0xC5, 0xC7, 0x57, 0xA5, 0x11,
    0xD1, 0x10, 0x5E, 0xE1, 0xEB, 0xA6, 0x5D, 0x52, 0x97, 0x50, 0xE8, 0x31, 0x27, 0xE4, 0x93, 0xD8,
    0xA2, 0xDD, 0x56, 0x65, 0xAB, 0xB7, 0x84, 0x4A, 0x06, 0x6A, 0xB9, 0xA0, 0xE6, 0x88, 0xAA, 0x34,
    0x98, 0xA7, 0xD3, 0xCC, 0xEB, 0x89, 0xC5, 0x72, 0x63, 0x9D, 0xD1, 0x55, 0x49, 0x1C, 0xE6, 0x9B,
    0xDC, 0x82, 0x01, 0xEE, 0x02, 0x7B, 0x32, 0x9C, 0x5C, 0xC2, 0x66, 0x84, 0x62, 0x0E, 0x03, 0x44,
    0x7E, 0x4E, 0x03, 0xB0, 0xCE, 0x11, 0x5F, 0xC0, 0x46, 0xFC, 0x9C, 0x8E, 0x23, 0x7D, 0x47, 0xF6,
    0x57, 0xEB, 0x19, 0x20, 0x4F, 0x4B, 0x44, 0x2C, 0x6F, 0x3D, 0x01, 0x58, 0x5F, 0x27, 0x44, 0x00,
    0x69, 0x03, 0xE4, 0x3A, 0x14, 0x16, 0x30, 0x40, 0x75, 0x97, 0xE5, 0x4F, 0x32, 0x69, 0xC1, 0xBC,
    0xEB, 0xE1, 0xCB, 0x34, 0x3B, 0x06, 0xEA, 0x40, 0x21, 0xA8, 0x04, 0x65, 0x84, 0xA1, 0x63, 0xD1,
    0xA0, 0x1C, 0xD4, 0x83, 0x62, 0x74, 0x58, 0x48, 0x6A, 0x5A, 0x50, 0xA8, 0x4A, 0x07, 0x00, 0x4E,
    0x01, 0xDE, 0x04, 0x50, 0x56, 0xB4, 0xBD, 0xAC, 0x9F, 0xF3, 0x0F, 0x9D, 0x86, 0x01, 0xA8, 0x44,
    0x7F, 0x6D, 0x2C, 0xB4, 0x27, 0xEC, 0xD8, 0xA8, 0x1B, 0x85, 0xA3, 0x72, 0x94, 0x8E, 0xDA, 0x51,
    0x3C, 0xAA, 0x47, 0xF9, 0xA8, 0x1F, 0x9D, 0x00, 0x9D, 0x81, 0xE0, 0xE3, 0x74, 0x59, 0xEE, 0xB8,
    0x07, 0x06, 0xE0, 0x1D, 0xE0, 0x6E, 0x85, 0xFE, 0x57, 0xC5, 0xAB, 0x5D, 0xE9, 0xFB, 0x5A, 0xBF,
    0x28, 0x1C, 0xF4, 0xFA, 0xFB, 0x6C, 0x4E, 0xD2, 0x42, 0xF4, 0x17, 0x8F, 0x0A, 0x15, 0xA8, 0xBE,
    0xC0, 0x5B, 0xBB, 0xA6, 0x57, 0x25, 0x20, 0x0D, 0x44, 0x3A, 0x90, 0x3B, 0xF8, 0x56, 0x01, 0xC8,
    0x8F, 0x42, 0xE3, 0xDD, 0xFC, 0xD5, 0x43, 0x11, 0x7B, 0x38, 0xA2, 0x3C, 0xE0, 0x9A, 0x3E, 0x77,
    0x06, 0x45, 0xEF, 0x77, 0x64, 0xFD, 0x05, 0x66, 0x84, 0xA9, 0x2A, 0xA3, 0x6E, 0x53, 0x52, 0x1E,
    0xAD, 0xB7, 0x46, 0x97, 0x90, 0xC9, 0x35, 0x99, 0x16, 0x9F, 0xB5, 0xB3, 0x53, 0xD1, 0x25, 0xA9,
    0x34, 0x14, 0x1F, 0x7A, 0x5E, 0x8D, 0x5A, 0x60, 0x8F, 0x7D, 0xA2, 0x84, 0x4A, 0xDC, 0x9C, 0x86,
    0x53, 0x3D, 0x02, 0x2F, 0x20, 0xEF, 0xC1, 0x4C, 0x44, 0x63, 0x55, 0xE2, 0xF3, 0xF5, 0x16, 0x6A,
    0xD0, 0x1E, 0xA7, 0x7B, 0xAE, 0x78, 0xB7, 0xE3, 0x55, 0x42, 0xED, 0x07, 0xEE, 0xD3, 0x69, 0x1F,
    0xF6, 0x5E, 0x4D, 0x34, 0x14, 0x36, 0x18, 0x5E, 0x5A, 0xFF, 0xDE, 0xBA, 0x44, 0xFA, 0xE8, 0xB7,
    0xD3, 0x25, 0x8A, 0x4A, 0x15, 0xE5, 0x21, 0x9B, 0x93, 0xCF, 0x79, 0x0E, 0xE5, 0x50, 0xC3, 0x9D,
    0xFA, 0xE3, 0x9D, 0xED, 0xCE, 0x43, 0x30, 0xFD, 0x92, 0xB8, 0x83, 0xA4, 0x9D, 0x63, 0x17, 0xAE,
    0xD8, 0x39, 0x25, 0x77, 0xE6, 0x50, 0x03, 0x02, 0x4C, 0x4B, 0xA2, 0xF1, 0x2B, 0xE8, 0xE7, 0x2D,
    0x1E, 0x84, 0xF8, 0xBF, 0xC7, 0x7B, 0xB9, 0x97, 0x9A, 0x6E, 0x98, 0x8B, 0xDD, 0xFF, 0xBF, 0x99,
    0x53, 0x34, 0xAB, 0x6B, 0xBC, 0xF1, 0xFA, 0xB7, 0x27, 0xA8, 0xC5, 0xC5, 0x52, 0xFB, 0xB4, 0xCF,
    0xBA, 0xDC, 0x27, 0xFD, 0xA6, 0x4D, 0xFA, 0xA2, 0x49, 0x86, 0xED, 0x77, 0x0F, 0x97, 0xCE, 0xC9,
    0xBA, 0x39, 0xDE, 0xD8, 0xDC, 0x1B, 0xB7, 0x69, 0x8B, 0xC6, 0xB8, 0x7C, 0x92, 0x32, 0x95, 0x11,
    0xEA, 0xDD, 0xB6, 0xA3, 0x2E, 0x41, 0xD8, 0xA5, 0x6A, 0xD1, 0xBF, 0xC9, 0x45, 0xD8, 0xEE, 0x87,
    0xD2, 0xB8, 0x1A, 0xE3, 0x64, 0x89, 0x15, 0xAA, 0xB2, 0x46, 0x30, 0x9F, 0x0C, 0xE8, 0xD1, 0x77,
    0x2C, 0xBB, 0x3A, 0xB7, 0xFB, 0x76, 0x49, 0xB8, 0x7B, 0xBE, 0x82, 0x44, 0x2C, 0xE9, 0x1C, 0x0A,
    0xE0, 0x1C, 0xB8, 0x07, 0xEC, 0xC7, 0x70, 0xF3, 0x99, 0xFE, 0x62, 0x8E, 0xDC, 0x12, 0x9A, 0x9D,
    0x21, 0x9C, 0x16, 0xE3, 0x7D, 0x95, 0x94, 0x90, 0x8B, 0x03, 0xF3, 0x3D, 0x0F, 0x77, 0x23, 0xC7,
    0x8E, 0xA2, 0x16, 0x14, 0x83, 0x6A, 0x50, 0x0E, 0xEA, 0x41, 0x41, 0xA8, 0x08, 0x25, 0xA1, 0x26,
    0x14, 0x85, 0xAA, 0x50, 0x16, 0xEA, 0x42, 0x61, 0x6C, 0x65, 0x4A, 0x5B, 0x7B, 0x56, 0x2A, 0x7B,
    0xB9, 0x8A, 0xC2, 0x51, 0x39, 0x4A, 0x47, 0xED, 0x48, 0x18, 0x2C, 0xCA, 0x47, 0xFD, 0xE8, 0x04,
    0xA0, 0x33, 0xB0, 0x9B, 0x82, 0xD8, 0x87, 0x3B, 0xA7, 0x1E, 0xB8, 0x06, 0xEE, 0x8D, 0xA8, 0x5E,
    0xF1, 0x6A, 0x57, 0xFA, 0x9E, 0xD6, 0xF0, 0x0B, 0x9C, 0x95, 0x6B, 0xD7, 0x34, 0xBA, 0x52, 0x52,
    0xB8, 0x2D, 0x09, 0xEF, 0xF6, 0xD3, 0x73, 0x88, 0xE4, 0x16, 0x64, 0xE2, 0xA0, 0xF8, 0xA8, 0x85,
    0x73, 0x7D, 0xE7, 0x23, 0xCA, 0x83, 0xAD, 0xE9, 0x17, 0x38, 0x2B, 0xD7, 0x5A, 0xA3, 0x87, 0x90,
    0xCB, 0x07, 0x73, 0x7A, 0x8E, 0x6E, 0xB7, 0xB3, 0x53, 0xE5, 0x2C, 0xEB, 0xF6, 0x9E, 0xE7, 0xB5,
    0xB8, 0x01, 0xD8, 0xD3, 0xDA, 0x7D, 0x9E, 0xB3, 0x72, 0xBD, 0x05, 0x59, 0x7A, 0x47, 0xFE, 0xC9,
    0xB2, 0xE7, 0x5E, 0x8B, 0x42, 0xED, 0x07, 0xED, 0x7F, 0x37, 0x9F, 0x95, 0xFB, 0xEC, 0x8B, 0x00,
    0xF0, 0x2A, 0x80, 0xB1, 0x40, 0x0D, 0x30, 0x00, 0x51, 0x97, 0x3B, 0x38, 0x5D, 0xBE, 0x68, 0x59,
    0x6E, 0x8B, 0x94, 0xD4, 0x32, 0xAD, 0xDB, 0x84, 0xCD, 0x4D, 0x8D, 0x05, 0xF8, 0x00, 0x18, 0xB5,
    0xB2, 0x70, 0xE8, 0xB9, 0x81, 0xE8, 0xAD, 0x01, 0xE2, 0x9E, 0x4A, 0xBA, 0xED, 0xCD, 0xAC, 0x48,
    0xF9, 0xC5, 0xA0, 0x71, 0x03, 0xE4, 0x6D, 0x68, 0x53, 0x7A, 0x29, 0xA0, 0x57, 0x10, 0x07, 0x07,
    0x65, 0x80, 0x29, 0xA1, 0x08, 0x0F, 0x7F, 0xD2, 0x66, 0x20, 0x8E, 0xD6, 0x83, 0xE2, 0x2B, 0x96,
    0xED, 0x47, 0xAA, 0x03, 0x05, 0xC0, 0xB9, 0x5E, 0xF9, 0xDE, 0x41, 0x2D, 0xCF, 0x9F, 0x68, 0x03,
    0xD1, 0x9F, 0xD7, 0x3B, 0x8E, 0xB7, 0xC5, 0x8B, 0x0B, 0xC3, 0x51, 0xF5, 0x83, 0x83, 0x2F, 0xC7,
    0x83, 0xEF, 0x12, 0xE9, 0xBF, 0x64, 0x1A, 0x88, 0x7E, 0xBD, 0xBE, 0x74, 0x78, 0x39, 0x5B, 0x67,
    0xD7, 0x06, 0x10, 0x9E, 0x1D, 0xC2, 0x0A, 0xDC, 0x20, 0x58, 0xFF, 0xF1, 0xCF, 0x7D, 0xDA, 0xE5,
    0x6D, 0xEA, 0xF3, 0x26, 0xD3, 0x47, 0x3B, 0xBE, 0x70, 0xDB, 0xC7, 0x3B, 0x8D, 0xB1, 0xCB, 0xE3,
    0x9D, 0xAA, 0x9C, 0xC3, 0xF6, 0xFA, 0xB6, 0xA6, 0x2A, 0x85, 0x9A, 0x7A, 0xFB, 0xB5, 0x7C, 0xC4,
    0x48, 0x4F, 0x2A, 0x17, 0xBB, 0x6B, 0x8F, 0x9A, 0xDD, 0xF5, 0x37, 0x33, 0xB5, 0x70, 0x85, 0x33,
    0x1A, 0x6B, 0x34, 0x5A, 0x6B, 0x59, 0xA1, 0xF5, 0xE9, 0x8F, 0x20, 0x89, 0x50, 0x4F, 0x13, 0x66,
    0x1C, 0xD9, 0xFC, 0x6D, 0xBC, 0xF1, 0x5A, 0x1C, 0x3F, 0x82, 0x5C, 0x96, 0xF0, 0x00, 0x18, 0x80,
    0xC7, 0xC0, 0x9E, 0x0C, 0x67, 0x97, 0x50, 0x0C, 0x4B, 0x98, 0x13, 0xFB, 0xD0, 0x44, 0x5E, 0xC8,
    0xF1, 0x26, 0x40, 0x0D, 0xE1, 0x1B, 0x53, 0x77, 0x06, 0x49, 0x6B, 0x80, 0xD2, 0xA0, 0x0E, 0xAD,
    0x7D, 0x40, 0x8B, 0x47, 0xAB, 0x47, 0x9F, 0xAE, 0xA1, 0xF5, 0xA3, 0x00, 0x66, 0x81, 0x43, 0x09,
    0xA8, 0x81, 0x19, 0x61, 0x51, 0x05, 0xCA, 0x40, 0x1D, 0x28, 0x04, 0x95, 0x60, 0xA4, 0x0B, 0x1D,
    0xE2, 0xD9, 0xB6, 0xBA, 0xDC, 0x4F, 0x78, 0xC8, 0xDD, 0x48, 0x54, 0x6E, 0x75, 0x33, 0xA8, 0x9F,
    0x41, 0xFE, 0x73, 0x81, 0x3E, 0x7D, 0x16, 0x94, 0x59, 0xA0, 0x70, 0x40, 0xDE, 0xA0, 0xD7, 0x3D,
    0x83, 0xD8, 0x1F, 0x1C, 0x74, 0x43, 0x5B, 0x1D, 0x89, 0x59, 0x0F, 0xD2, 0x1D, 0x45, 0x2E, 0x84,
    0x81, 0x07, 0x67, 0xC0, 0x60, 0x80, 0xC7, 0x87, 0xB4, 0x3C, 0xD7, 0x56, 0x63, 0x3F, 0x12, 0x35,
    0xEB, 0x1D, 0x67, 0x00, 0x95, 0x00, 0xB5, 0x9C, 0xC1, 0x57, 0x47, 0x03, 0x70, 0x48, 0xC2, 0xAE,
    0xAD, 0x8E, 0x23, 0xD1, 0xC3, 0xF5, 0xA5, 0x87, 0xE2, 0x0F, 0x5F, 0xF0, 0xB3, 0x7D, 0x25, 0x0C,
    0xC9, 0x40, 0x18, 0x80, 0x11, 0x58, 0xCF, 0x08, 0xAF, 0x68, 0x5A, 0x12, 0xFA, 0xD6, 0xEE, 0x13,
    0x53, 0x38, 0x66, 0x0D, 0xA4, 0x2D, 0xC4, 0x1E, 0xC2, 0xCB, 0xB8, 0x78, 0x2C, 0x9A, 0xB4, 0xCF,
    0x5B, 0x7D, 0xB0, 0x5E, 0x34, 0x59, 0x57, 0xD9, 0xA4, 0x17, 0x92, 0x69, 0x24, 0x96, 0x1E, 0xC4,
    0x83, 0x34, 0xE1, 0xF1, 0x09, 0x3C, 0x7F, 0xAB, 0x4E, 0x40, 0x85, 0xEB, 0x67, 0xCF, 0xDE, 0x2B,
    0xFD, 0x10, 0x80, 0xD4, 0xA7, 0x5D, 0xE6, 0x33, 0x9F, 0x6B, 0xDA, 0x5C, 0xD3, 0xCE, 0x73, 0xDA,
    0xCC, 0xCE, 0x59, 0xA8, 0x3F, 0x2A, 0x15, 0xAB, 0x8F, 0xEF, 0x73, 0x31, 0x65, 0xDA, 0x2F, 0x6F,
    0xF4, 0xCA, 0x0C, 0xD1, 0xF3, 0xA3, 0x12, 0xCF, 0xED, 0xA9, 0xDC, 0x5F, 0xAD, 0x61, 0xD2, 0x43,
    0x48, 0xFB, 0xFF, 0x57, 0x63, 0xA8, 0xAF, 0x11, 0xB7, 0x91, 0x6D, 0x7D, 0x36, 0xBA, 0x34, 0x25,
    0x43, 0x05, 0x43, 0xCD, 0xAD, 0x47, 0xBB, 0x1A, 0xB3, 0xA9, 0x0C, 0x77, 0x34, 0xB2, 0x84, 0x77,
    0x80, 0x1E, 0x78, 0xBC, 0xBF, 0xB9, 0x8E, 0xAF, 0xD0, 0xFD, 0x34, 0xA7, 0x04, 0x13, 0xDE, 0xE3,
    0xFE, 0x5E, 0xE7, 0x99, 0xB3, 0x39, 0xF5, 0x53, 0x47, 0x2D, 0x8E, 0xD3, 0xBA, 0xDC, 0xEB, 0x5E,
    0x39, 0xB6, 0x60, 0xA6, 0x06, 0x23, 0x9E, 0xD3, 0xB7, 0x2D, 0xB0, 0xD7, 0xDA, 0xFF, 0x03, 0x55,
    0xD0, 0x81, 0x86, 0xDD, 0x40, 0x18, 0xC5, 0xF1, 0xFF, 0xCD, 0xD0, 0xD0, 0xD0, 0xA1, 0x00, 0x45,
    0x0A, 0x60, 0x61, 0x9E, 0x60, 0xEF, 0xA4, 0xED, 0xDB, 0x14, 0x40, 0x01, 0xDD, 0x9B, 0xA1, 0x80,
    0xC2, 0x3E, 0x42, 0x01, 0x15, 0xE8, 0x0B, 0xDC, 0x34, 0x43, 0x5F, 0x20, 0xFA, 0x04, 0x53, 0x50,
    0x40, 0x83, 0xD0, 0xD1, 0x4E, 0xF6, 0xDB, 0xEF, 0xEE, 0xB5, 0xAE, 0x25, 0xBF, 0x98, 0x1C, 0x67,
    0x88, 0x73, 0x35, 0x0C, 0xC1, 0x8B, 0x84, 0x5E, 0xBD, 0x1F, 0x86, 0xAF, 0x93, 0x48, 0x11, 0xC5,
    0x9E, 0x71, 0x57, 0x4C, 0xAE, 0x57, 0xBB, 0xB8, 0xD4, 0xCF, 0xE6, 0xAE, 0x2E, 0x8D, 0x9E, 0xDB,
    0xE8, 0x82, 0xE7, 0x86, 0xBA, 0xD8, 0xAC, 0x5F, 0xB3, 0x8F, 0x9E, 0x03, 0x05, 0x7C, 0xB5, 0x30,
    0x9A, 0x85, 0x62, 0x93, 0x29, 0x6D, 0xAC, 0x57, 0x1F, 0xED, 0x32, 0x05, 0x97, 0x04, 0xFF, 0x53,
    0x30, 0x9B, 0x4F, 0x4D, 0x3E, 0x67, 0xAD, 0x66, 0x2E, 0x6E, 0xF8, 0xB7, 0x85, 0x5E, 0xAF, 0x1C,
    0x4D, 0xC2, 0x48, 0xBB, 0x98, 0xE2, 0x52, 0xFD, 0xD0, 0xE9, 0x3B, 0x3B, 0x0B, 0x6D, 0x2C, 0xF8,
    0x37, 0x99, 0xBD, 0x76, 0xB0, 0x11, 0x0D, 0x54, 0x00, 0xD7, 0x81, 0x87, 0x5E, 0xA4, 0x9B, 0xD4,
    0x20, 0x03, 0x7C, 0x07, 0x46, 0x55, 0x2E, 0x76, 0x19, 0xAA, 0x93, 0x15, 0xCC, 0x72, 0x51, 0x27,
    0x68, 0x4E, 0x66, 0xB0, 0xEA, 0x5C, 0x3E, 0xB9, 0x94, 0x6B, 0x91, 0xB5, 0x51, 0xCF, 0xBF, 0xFD,
    0xFB, 0xF2, 0xA4, 0x6C, 0xE3, 0x93, 0x7F, 0xF1, 0x22, 0x51, 0x85, 0xAB, 0x69, 0xE8, 0xF0, 0x40,
    0xAF, 0x0E, 0x6A, 0x54, 0x1B, 0xB4, 0x12, 0xDD, 0xA9, 0x11, 0xBC, 0x74, 0xFA, 0xF4, 0xC2, 0x24,
    0xB4, 0x7F, 0x37, 0x09, 0x4E, 0x5F, 0x9D, 0xFF, 0xBF, 0x09, 0xFE, 0xCF, 0x9D, 0xD0, 0xAC, 0xE0,
    0x0B, 0x1C, 0xAF, 0x61, 0x55, 0xF9, 0x23, 0x4C, 0xF9, 0x55, 0x74, 0xBF, 0x25, 0x3C, 0x93, 0x5B,
    0xFA, 0x5B, 0x78, 0x99, 0x0F, 0x58, 0x91, 0xE8, 0xEC, 0x8F, 0x79, 0x6F, 0x3F, 0xCD, 0xD7, 0xF6,
    0xDD, 0xBC, 0x77, 0x9F, 0xA3, 0x13, 0xE9, 0x9A, 0x5F, 0x1B, 0xC0, 0x87, 0xAA, 0xE8, 0x7C, 0x71,
    0x62, 0x44, 0xD0, 0x29, 0x93, 0x99, 0x09, 0xF0, 0x02, 0x17, 0xAC, 0x8E, 0x5B, 0x95, 0x2A, 0x37,
    0xAB, 0x4B, 0x53, 0x77, 0xE4, 0x35, 0x00, 0xAB, 0x32, 0x09, 0x68, 0x22, 0xD0, 0x2A, 0x6E, 0x14,
    0x99, 0xF3, 0x58, 0xEC, 0x3A, 0x80, 0xC7, 0x83, 0x0D, 0x80, 0x57, 0x1C, 0xD5, 0xEE, 0xE1, 0xF6,
    0xFC, 0x98, 0x3B, 0xC5, 0x3D, 0x65, 0x90, 0x21, 0x6C, 0xDC, 0x30, 0x18, 0x46, 0x5F, 0x93, 0x6A,
    0x07, 0x02, 0x8C, 0xAA, 0xB1, 0xFB, 0xC7, 0xA5, 0xE6, 0xE7, 0x52, 0x6D, 0x9B, 0x73, 0x3E, 0x8E,
    0x0E, 0x4F, 0xBA, 0xC4, 0xE1, 0x9C, 0x8F, 0x93, 0x95, 0x0C, 0x14, 0x5C, 0x76, 0xC7, 0xF9, 0xF0,
    0x05, 0x8C, 0x2B, 0x20, 0x20, 0x20, 0xA9, 0x67, 0x4F, 0x1A, 0xAA, 0x64, 0x62, 0x7D, 0xF2, 0x7B,
    0x4F, 0xAE, 0x76, 0xCC, 0x2B, 0x6A, 0x82, 0x33, 0x83, 0xBD, 0x07, 0x2B, 0xC1, 0x2A, 0xDA, 0xD1,
    0x2C, 0xE0, 0x21, 0x51, 0xBF, 0xD3, 0xFC, 0x40, 0x2D, 0x67, 0xCB, 0x35, 0xF1, 0x34, 0xC2, 0x1B,
    0x4D, 0x1A, 0x4C, 0x0A, 0x47, 0x68, 0x77, 0xDA, 0x08, 0xC2, 0xA3, 0xE2, 0x46, 0x64, 0x81, 0x2B,
    0xF5, 0x82, 0xB9, 0xA1, 0x23, 0x3E, 0xE1, 0x4C, 0x66, 0xA2, 0x19, 0xB2, 0x10, 0x13, 0xDF, 0x22,
    0x3F, 0x3B, 0xD8, 0xA8, 0x66, 0xEA, 0x89, 0xE6, 0x86, 0x04, 0x1C, 0xFC, 0xCB, 0x08, 0x62, 0x82,
    0x11, 0x9A, 0x0D, 0x17, 0x39, 0x2B, 0xEE, 0x57, 0x01, 0x7E, 0x5A, 0x91, 0xD7, 0xC2, 0x71, 0x12,
    0x7C, 0x0A, 0x4D, 0x84, 0xB1, 0x28, 0x74, 0xE0, 0x90, 0xA7, 0x1E, 0x27, 0x74, 0xF9, 0xDC, 0xB9,
    0x28, 0x67, 0x87, 0xBB, 0x20, 0x13, 0xD5, 0xAA, 0xCB, 0x71, 0x79, 0x98, 0x1F, 0xE6, 0x6A, 0xAE,
    0xA7, 0xCF, 0x7F, 0xFC, 0x56, 0x14, 0xF7, 0xA1, 0xCA, 0xCA, 0x1C, 0x17, 0x43, 0xBE, 0xCA, 0x8C,
    0xFF, 0x5D, 0x22, 0xAB, 0x9C, 0xF7, 0xBD, 0x4C, 0x48, 0x60, 0x87, 0x13, 0x8F, 0x59, 0x17, 0x69,
    0x56, 0x90, 0x81, 0x38, 0x90, 0x42, 0x7D, 0xC7, 0x7C, 0xA5, 0x15, 0x7C, 0xBA, 0x3D, 0xF5, 0x60,
    0x31, 0x09, 0x49, 0x3C, 0x83, 0xDB, 0xB0, 0x3D, 0x78, 0xBE, 0x38, 0xC6, 0x0B, 0x3A, 0xC1, 0x3B,
    0x87, 0xB9, 0x3C, 0xF5, 0x17, 0xE2, 0x95, 0x12, 0xE6, 0xF1, 0x3B, 0xCD, 0x84, 0xA6, 0xC1, 0x9E,
    0xC2, 0x8B, 0xC2, 0x87, 0x7F, 0x38, 0x6C, 0xC8, 0x89, 0x67, 0x43, 0xDB, 0x62, 0x56, 0xBA, 0x8E,
    0xB7, 0xFF, 0xC0, 0xC3, 0x8A, 0xF6, 0xBC, 0x08, 0x9D, 0x96, 0xE0, 0x63, 0x0F, 0x5B, 0x51, 0xF8,
    0xC0, 0x5F, 0x4D, 0xD2, 0x01, 0x84, 0x1F, 0xC7, 0x1F, 0x05, 0xF0, 0xB7, 0xBB, 0xFE, 0xD9, 0x3F,
    0x4B, 0xA7, 0x50, 0x95, 0x04, 0x0B, 0x40, 0x1A, 0x37, 0x00, 0x29, 0xB9, 0xFB, 0x0E, 0x05, 0x5A,
    0xA4, 0x28, 0x05, 0x11, 0x00, 0xA2, 0x04, 0x52, 0xA0, 0xE9, 0x6E, 0x40, 0x51, 0x7A, 0x29, 0x00,
    0xEA, 0x82, 0xA2, 0x0E, 0x7E, 0x91, 0x40, 0x71, 0xB9, 0x19, 0xBD, 0x72, 0x38, 0x7A, 0xDB, 0x96,
    0x1C, 0x82, 0x6C, 0x5D, 0x28, 0x39, 0xDC, 0xB4, 0x19, 0xED, 0xE6, 0x77, 0xB3, 0xFB, 0x3A, 0xEB,
    0x47, 0x5A, 0xE3, 0xF3, 0x58, 0xCC, 0xF3, 0xEC, 0x2E, 0xB2, 0x23, 0x83, 0xFC, 0x00, 0x28, 0x0E,
    0x81, 0x86, 0xC8, 0xC9, 0xAE, 0xA2, 0xF6, 0xEA, 0x99, 0xF4, 0xFA, 0xA7, 0x77, 0x21, 0xD7, 0x6F,
    0xA3, 0xB9, 0xFC, 0x00, 0xF6, 0xAA, 0x87, 0xBD, 0xD2, 0x63, 0xF7, 0xD3, 0x0E, 0xD3, 0x43, 0x87,
    0xDD, 0x97, 0x3F, 0xC2, 0x1E, 0x6F, 0x99, 0xE6, 0x88, 0x46, 0x38, 0x42, 0x31, 0xA0, 0x98, 0x80,
    0xF2, 0x3A, 0x50, 0x5D, 0x06, 0x70, 0x8E, 0x2D, 0x84, 0x01, 0x3C, 0x8D, 0xD9, 0x84, 0x3E, 0x8F,
    0x80, 0xE2, 0x98, 0x44, 0x64, 0x23, 0x80, 0x44, 0x73, 0x80, 0x30, 0x20, 0x8B, 0xD9, 0xFD, 0xC2,
    0xE7, 0x5E, 0xF3, 0xEB, 0x20, 0x64, 0x90, 0x9A, 0x5E, 0x70, 0xAB, 0xCB, 0x88, 0x9D, 0x9C, 0x26,
    0x16, 0x34, 0x43, 0x71, 0xDA, 0x0E, 0xC5, 0xD3, 0xBB, 0xA1, 0x7C, 0xFA, 0x24, 0xE8, 0x03, 0x46,
    0xD9, 0x67, 0x54, 0xFB, 0x7B, 0xBD, 0x70, 0x6F, 0x68, 0x78, 0x14, 0x9A, 0x93, 0xA3, 0xE7, 0xF5,
    0x7B, 0x27, 0x4E, 0xE7, 0xA7, 0x4E, 0x72, 0xB6, 0x1B, 0x19, 0xCD, 0x2C, 0x63, 0x0F, 0x64, 0x8C,
    0x40, 0x3E, 0xA5, 0x28, 0xFC, 0xE3, 0x39, 0x76, 0xE6, 0x88, 0xD6, 0x94, 0x7F, 0x9D, 0xD1, 0x94,
    0x3C, 0x39, 0x43, 0xC5, 0x2F, 0x3B, 0xA8, 0xD3, 0x39, 0x9E, 0xED, 0x7B, 0xA8, 0xCD, 0x1F, 0x22,
    0xEA, 0x4D, 0x17, 0xA1, 0xAF, 0xF5, 0x23, 0x74, 0xC9, 0x08, 0x29, 0x38, 0x40, 0x60, 0xBB, 0x74,
    0x17, 0x8F, 0x93, 0x38, 0x2B, 0x7B, 0x0C, 0x9A, 0xA4, 0x90, 0x93, 0x3E, 0xE5, 0x2B, 0x75, 0xF8,
    0xD0, 0x37, 0x5F, 0x3D, 0x8A, 0xF6, 0x9B, 0x47, 0xB1, 0xF9, 0xE4, 0xE5, 0x50, 0x5F, 0xF9, 0xDB,
    0xE9, 0xDB, 0x69, 0xD8, 0x83, 0xD3, 0x56, 0x3C, 0x5B, 0xF9, 0x8D, 0x46, 0x7E, 0x26, 0x32, 0x0E,
    0x95, 0xCB, 0xC9, 0x14, 0x4B, 0x7B, 0xAD, 0x2D, 0xBC, 0xDA, 0x34, 0xC5, 0xEF, 0x87, 0x5B, 0xA6,
    0x38, 0x3A, 0xBC, 0x81, 0xF2, 0x60, 0x53, 0xA3, 0x3A, 0xDC, 0x92, 0x14, 0x37, 0x36, 0xD2, 0x9C,
    0xB5, 0x75, 0xA8, 0xAD, 0x8D, 0x3B, 0x50, 0xB7, 0xD6, 0x77, 0x50, 0xAF, 0x5D, 0x8D, 0xD0, 0xEB,
    0xD9, 0x00, 0x2D, 0x0B, 0x8F, 0x0D, 0x61, 0x8F, 0xF5, 0x86, 0x06, 0x40, 0xE5, 0x51, 0x30, 0xCE,
    0x90, 0x2F, 0x02, 0xA0, 0x5C, 0x36, 0xD5, 0xAE, 0xE2, 0xC2, 0xD5, 0x13, 0x5B, 0xDD, 0x49, 0x2B,
    0x4E, 0x8C, 0x38, 0x0B, 0x39, 0x23, 0xEA, 0xC9, 0xA2, 0x0C, 0xBB, 0x00, 0x80, 0x9B, 0xDB, 0xDB,
    0xB0, 0x9C, 0xC0, 0x04, 0x17, 0x13, 0xCB, 0xAE, 0xA0, 0x0D, 0x55, 0x28, 0xBA, 0xBA, 0x03, 0x64,
    0xF5, 0xB5, 0xD0, 0xBC, 0xB8, 0x0F, 0x6B, 0x00, 0x4B, 0x9F, 0xF4, 0xB0, 0xDB, 0xF7, 0xD0, 0x00,
    0x90, 0x76, 0x0D, 0x7A, 0x49, 0x53, 0x71, 0x44, 0x66, 0x3B, 0x64, 0x11, 0x44, 0x1E, 0xF3, 0x11,
    0x45, 0x2C, 0x03, 0x8A, 0x41, 0xF5, 0x29, 0xC4, 0xA1, 0x0C, 0x16, 0x28, 0xFF, 0x1C, 0x01, 0x21,
    0xC3, 0xEB, 0xF0, 0x50, 0xC7, 0x11, 0xA8, 0x7F, 0x19, 0x01, 0xED, 0x38, 0x87, 0x35, 0x10, 0x27,
    0x2D, 0xA4, 0xD5, 0x0E, 0x62, 0xEA, 0x1E, 0x9A, 0x8C, 0x92, 0x5C, 0x5A, 0x2C, 0xBF, 0x83, 0xEA,
    0x30, 0x43, 0x7D, 0x62, 0xA0, 0x09, 0x34, 0x03, 0x2A, 0xB6, 0x50, 0x7C, 0x1F, 0xE7, 0x65, 0x9A,
    0x9F, 0x51, 0xD2, 0x40, 0x08, 0xAC, 0x4F, 0x00, 0xC6, 0x95, 0x8C, 0x93, 0xC9, 0xC9, 0x2E, 0x9F,
    0x16, 0x5E, 0x91, 0x53, 0x3D, 0x9B, 0x16, 0xAF, 0x4A, 0x5F, 0xF9, 0xB9, 0x7B, 0xA6, 0x97, 0x76,
    0x50, 0x4B, 0xEB, 0x14, 0x89, 0x9A, 0x01, 0xDA, 0x61, 0x06, 0x69, 0x13, 0x03, 0xA4, 0x4C, 0x3E,
    0x4F, 0x76, 0x00, 0x3D, 0x22, 0x23, 0x4D, 0x49, 0x3A, 0x75, 0x7C, 0xDA, 0xE9, 0xBD, 0x27, 0x90,
    0x2F, 0x1C, 0x9A, 0x0F, 0x5A, 0x58, 0xB5, 0xDD, 0xB2, 0xA6, 0xA3, 0xA6, 0x9B, 0xD6, 0x75, 0x3B,
    0x7D, 0x26, 0x66, 0xFA, 0x5E, 0x60, 0xC3, 0x04, 0x61, 0x9C, 0xBB, 0x51, 0xB2, 0x45, 0xD9, 0x01,
    0x95, 0x03, 0xFE, 0x67, 0x00, 0x5C, 0x1C, 0x01, 0xD2, 0xC1, 0xDA, 0x1E, 0x6F, 0xAA, 0xFE, 0xC2,
    0xF6, 0x62, 0xA8, 0xE7, 0x4D, 0x09, 0xCA, 0x11, 0x68, 0x3A, 0x08, 0x39, 0x34, 0x64, 0x58, 0xBD,
    0x82, 0xA4, 0x7F, 0x03, 0xE5, 0x44, 0x93, 0x93, 0x40, 0xF3, 0x1C, 0xC0, 0xF9, 0x44, 0x92, 0x8D,
    0xE4, 0xCE, 0xEB, 0xCE, 0x82, 0xEC, 0xD5, 0x1F, 0x67, 0xBE, 0xFE, 0xF5, 0xF8, 0x9E, 0xEC, 0x75,
    0xFF, 0xD9, 0x69, 0x60, 0x6B, 0x80, 0x6B, 0x80, 0x5D, 0x4F, 0xD2, 0xCE, 0x66, 0xB0, 0x46, 0x38,
    0xA1, 0xE6, 0x80, 0x82, 0x2D, 0x8A, 0x1E, 0xA8, 0xBA, 0xD5, 0x46, 0x45, 0xCE, 0x9B, 0xC2, 0x85,
    0xED, 0xED, 0xFB, 0x00, 0x20, 0xA4, 0x4F, 0xFA, 0x4B, 0xF6, 0xC5, 0x3D, 0x88, 0x03, 0xA4, 0x5D,
    0x69, 0x4C, 0x02, 0xC0, 0x26, 0x4C, 0xA6, 0x95, 0x6C, 0x04, 0x14, 0x19, 0x93, 0xE1, 0xC2, 0x62,
    0xF9, 0x2D, 0x8A, 0xB0, 0xEA, 0x48, 0xDE, 0xFA, 0xF8, 0xD5, 0x87, 0x50, 0x01, 0x37, 0xD9, 0xC3,
    0xB2, 0x05, 0x47, 0x20, 0x4F, 0xC0, 0xA4, 0x71, 0x80, 0xEE, 0x00, 0xE5, 0x81, 0x72, 0xF8, 0xB7,
    0x7B, 0x3A, 0x97, 0xEC, 0x02, 0x8C, 0xC8, 0xD9, 0x41, 0xC5, 0xFF, 0xA3, 0x1E, 0x77, 0xF0, 0x36,
    0xE7, 0xED, 0x77, 0x3F, 0x92, 0xA1, 0x08, 0xE2, 0x4B, 0xFF, 0x8E, 0x57, 0xBE, 0xEA, 0x75, 0xA7,
    0xC8, 0x56, 0x71, 0x82, 0x62, 0x0F, 0x90, 0x6D, 0x12, 0x32, 0x2E, 0x62, 0x36, 0x16, 0x31, 0x4F,
    0xA7, 0x98, 0xCF, 0x50, 0x0E, 0x17, 0x27, 0xEB, 0x85, 0xEC, 0x84, 0x13, 0x2A, 0x0F, 0xE8, 0xF4,
    0xDB, 0x35, 0x8C, 0xB0, 0x1C, 0x50, 0x77, 0x40, 0xED, 0x00, 0x9D, 0xA0, 0xDA, 0x4C, 0xAE, 0x01,
    0x4A, 0x21, 0x23, 0x4D, 0xD2, 0xE7, 0xE9, 0x6E, 0x11, 0xAB, 0x90, 0x7A, 0x42, 0x11, 0x2A, 0x5F,
    0x86, 0xBA, 0x2F, 0xC9, 0xB6, 0xE2, 0x08, 0xB5, 0x64, 0xAB, 0xFA, 0xBA, 0x53, 0x5D, 0x4A, 0x57,
    0xF7, 0xDA, 0x49, 0xA7, 0x4F, 0xE8, 0x84, 0x84, 0xCC, 0x9B, 0xF7, 0x5D, 0xD2, 0xA2, 0x38, 0x30,
    0xF8, 0x07, 0x8C, 0x93, 0x3F, 0x68, 0xDC, 0x4C, 0x10, 0x47, 0x9F, 0xF6, 0xCE, 0xE8, 0x03, 0xF1,
    0x21, 0xF7, 0x24, 0x56, 0x0F, 0xC6, 0xEA, 0xC1, 0xC9, 0x0A, 0x5C, 0xB8, 0x4D, 0x91, 0xBE, 0x4A,
    0x9F, 0x1E, 0xC2, 0x49, 0x90, 0x1E, 0xA7, 0xEF, 0xFB, 0x3E, 0xC5, 0x59, 0x07, 0x29, 0xDD, 0xA8,
    0x6F, 0x4E, 0x24, 0xE9, 0xD9, 0x42, 0x10, 0x91, 0xE8, 0x76, 0x32, 0xC3, 0xE2, 0x7F, 0xB1, 0x0B,
    0x1F, 0x3C, 0x06, 0xED, 0xED, 0xFC, 0xF4, 0x06, 0x46, 0x00, 0x9C, 0x2A, 0x3D, 0xB8, 0x03, 0x14,
    0x13, 0xD4, 0x22, 0x53, 0xAF, 0x78, 0xA5, 0x0C, 0xB0, 0x5A, 0x00, 0x51, 0xCE, 0x49, 0xBF, 0xB5,
    0x72, 0xA6, 0xF4, 0x1D, 0x4E, 0x46, 0x0A, 0x99, 0xB5, 0x27, 0xE2, 0xBD, 0xE7, 0x7F, 0xFF, 0x0A,
    0x3C, 0x2F, 0x03, 0x80, 0x11, 0x56, 0x33, 0x10, 0x15, 0xDF, 0xB5, 0x22, 0xA3, 0x32, 0x2B, 0x01,
    0xFC, 0x0E, 0x84, 0x24, 0x10, 0x14, 0x5E, 0x9C, 0x6D, 0x1E, 0xEA, 0x63, 0x5E, 0xE6, 0x67, 0x9E,
    0xE6, 0x9B, 0xBC, 0xFF, 0x53, 0x8E, 0x8F, 0x61, 0xFA, 0xA4, 0xD1, 0x42, 0x19, 0xFC, 0xCE, 0x8B,
    0x04, 0x11, 0x99, 0xAD, 0xDA, 0xB3, 0x9D, 0xDB, 0xFF, 0x7A, 0xEF, 0xC5, 0xF3, 0xAE, 0xFD, 0x9A,
    0x33, 0x7F, 0x86, 0xEF, 0x7B, 0x2A, 0x39, 0x90, 0xCB, 0x44, 0x26, 0x03, 0xB4, 0x0D, 0xBC, 0x06,
    0x00, 0x91, 0x46, 0xE9, 0x12, 0x03, 0xC8, 0x04, 0xF1, 0x00, 0x8B, 0x66, 0x2F, 0xF5, 0xC8, 0xFB,
    0x62, 0x06, 0x17, 0x49, 0xB2, 0xF5, 0x00, 0x45, 0x03, 0x19, 0x1A, 0x18, 0xA8, 0x13, 0xD0, 0x06,
    0x9C, 0xD6, 0xE2, 0x8F, 0x3E, 0xFF, 0x08, 0xF4, 0x9F, 0x83, 0x8B, 0xD9, 0x3B, 0x6B, 0xD5, 0x08,
    0xDA, 0x0E, 0x4E, 0x48, 0xDA, 0x49, 0xDD, 0xCE, 0xD2, 0x7F, 0x29, 0x3E, 0xFB, 0xA2, 0x3D, 0xD6,
    0x6B, 0x19, 0x29, 0x8B, 0x3E, 0x3C, 0x7E, 0x47, 0x06, 0x14, 0xC9, 0x01, 0x1B, 0x3C, 0xF2, 0x41,
    0x9B, 0xCD, 0xD1, 0x5C, 0x63, 0x04, 0x99, 0x95, 0xF1, 0xF1, 0x4C, 0xF0, 0x56, 0xF1, 0x03, 0xD4,
    0x13, 0xE7, 0xAB, 0x99, 0xE8, 0x96, 0xD5, 0xE2, 0x96, 0x32, 0xE4, 0x8B, 0xED, 0x93, 0x88, 0x0C,
    0x5E, 0x22, 0x77, 0x7B, 0x15, 0xEF, 0xF7, 0xCA, 0x05, 0xA8, 0x94, 0xD6, 0x32, 0x09, 0xD6, 0x4A,
    0x44, 0x90, 0xC6, 0xEF, 0x6C, 0x1F, 0x2A, 0x91, 0xD9, 0x3D, 0xDC, 0x0B, 0xF7, 0x60, 0x2F, 0x20,
    0x0D, 0xDD, 0x36, 0x64, 0x11, 0xF2, 0x19, 0xF4, 0xFE, 0xE8, 0x15, 0xAB, 0xF9, 0x94, 0x8F, 0x59,
    0xCC, 0x47, 0xDA, 0xCB, 0x91, 0x13, 0xAD, 0x6B, 0x85, 0xE7, 0x40, 0x4B, 0x03, 0xD5, 0x90, 0x3E,
    0x86, 0xEC, 0x40, 0xAF, 0x03, 0x2A, 0x3B, 0xAB, 0x5B, 0x7D, 0xDE, 0xEA, 0xF9, 0xB6, 0x1A, 0xB5,
    0x76, 0x6C, 0x33, 0xD8, 0xF2, 0x94, 0xE7, 0xB3, 0x95, 0x93, 0xE4, 0x60, 0x2E, 0xF9, 0x9C, 0x8F,
    0x8F, 0x1D, 0x31, 0x77, 0x9B, 0x21, 0xCD, 0x92, 0xB2, 0x9E, 0x27, 0x6F, 0xD4, 0x61, 0x48, 0x2E,
    0xFF, 0x38, 0xDE, 0x7D, 0xC8, 0x55, 0x5A, 0x1F, 0x00, 0xB2, 0xAF, 0x50, 0xCA, 0x8E, 0x5A, 0x02,
    0xFE, 0x72, 0xA2, 0x75, 0x33, 0x9B, 0x4C, 0x01, 0xE3, 0x74, 0x73, 0x4A, 0xBF, 0xB9, 0xC6, 0xCB,
    0x81, 0x52, 0x26, 0x56, 0x32, 0x80, 0x46, 0xF1, 0x06, 0x58, 0xDF, 0xB7, 0x7B, 0x31, 0xFD, 0xC0,
    0xF5, 0x4A, 0xDF, 0xEB, 0x26, 0xB8, 0xE5, 0xFB, 0x34, 0xBA, 0xDF, 0xBF, 0xE6, 0x4C, 0x24, 0xD0,
    0xEA, 0xC5, 0x4A, 0x20, 0x5F, 0x20, 0x0B, 0x40, 0x03, 0x85, 0x86, 0x96, 0xB7, 0x44, 0xF2, 0x2B,
    0xE9, 0xCA, 0xFD, 0x7E, 0xA8, 0xAF, 0x6E, 0x82, 0x2F, 0xBF, 0x05, 0x7F, 0x74, 0x31, 0x6D, 0x70,
    0x77, 0x78, 0x56, 0xC1, 0x77, 0x79, 0xA8, 0xC6, 0x6A, 0x28, 0x75, 0x2E, 0x27, 0x11, 0x3E, 0xFE,
    0xD4, 0xE8, 0x4E, 0xD9, 0x61, 0x38, 0xA5, 0x90, 0x9B, 0xA6, 0xDA, 0xEF, 0x77, 0xFE, 0xEA, 0x66,
    0xB4, 0x9C, 0xF6, 0xE8, 0x22, 0x3C, 0xC9, 0x69, 0x8A, 0x50, 0x0D, 0xF5, 0xDF, 0x21, 0x9B, 0x43,
    0x5A, 0xD9, 0xA3, 0xFB, 0x81, 0xA4, 0xF2, 0x91, 0xA4, 0x32, 0xD5, 0x96, 0xB4, 0xF2, 0x0F, 0x00,
    0x65, 0xCE, 0x01, 0xA6, 0x1D, 0x31, 0x14, 0x80, 0xE1, 0x7F, 0x26, 0xFA, 0x46, 0x1B, 0x04, 0x3C,
    0x68, 0x91, 0x25, 0x64, 0x05, 0x95, 0x59, 0x4E, 0x41, 0x97, 0xF0, 0x66, 0x0A, 0xA0, 0xE8, 0x5B,
    0x44, 0x41, 0xD7, 0xD0, 0xD7, 0x89, 0x6E, 0xA0, 0xE9, 0x0A, 0x3A, 0x28, 0x50, 0xBC, 0x20, 0x6A,
    0xB4, 0x73, 0xE7, 0xF4, 0x64, 0x2E, 0xA5, 0x7A, 0xAF, 0xFF, 0x13, 0x26, 0xC7, 0x09, 0xCF, 0xEF,
    0xC1, 0x57, 0xE8, 0x0F, 0x60, 0x19, 0x21, 0x24, 0x9E, 0xB8, 0x95, 0xE5, 0x47, 0x31, 0x22, 0xC5,
    0xD5, 0x50, 0xFC, 0xEA, 0x4A, 0x48, 0xB6, 0xC4, 0xE4, 0x4A, 0x9C, 0x5B, 0x3E, 0xC7, 0x14, 0x93,
    0xFF, 0x29, 0xA3, 0x95, 0x0B, 0xDD, 0x92, 0x81, 0x0F, 0x23, 0xBD, 0x24, 0x8C, 0x66, 0x25, 0xE3,
    0x1E, 0x33, 0xFE, 0xCB, 0x4A, 0x7C, 0xB7, 0x32, 0xB9, 0x15, 0x71, 0x85, 0x8B, 0x2D, 0xFD, 0x6E,
    0x8B, 0xD9, 0x6C, 0xD1, 0x7F, 0x75, 0x65, 0xA8, 0x3E, 0x0F, 0x5B, 0x10, 0xA9, 0xF1, 0x5A, 0x01,
    0xE8, 0x45, 0x2E, 0x46, 0x64, 0x3F, 0xAB, 0x66, 0x1F, 0x6A, 0x9B, 0x30, 0xD5, 0xEA, 0x7D, 0xA7,
    0x93, 0x6E, 0xD5, 0xB2, 0x2B, 0x3E, 0xBB, 0x35, 0x24, 0x97, 0x43, 0x6A, 0xEF, 0x09, 0x29, 0xCE,
    0xDA, 0x18, 0xD3, 0x34, 0xC6, 0xF9, 0x96, 0x5B, 0xAE, 0x3F, 0x11, 0xF9, 0x07, 0x80, 0x69, 0x56,
    0x62, 0x52, 0xFC, 0xAA, 0xD8, 0xAA, 0x98, 0x5D, 0xE9, 0x2F, 0x0A, 0x87, 0xD6, 0xB5, 0xD3, 0xB0,
    0x2B, 0xBE, 0x28, 0x31, 0x2B, 0x32, 0x82, 0xB9, 0x00, 0x76, 0x53, 0xC2, 0xAA, 0x44, 0x91, 0x74,
    0x65, 0x12, 0x99, 0xCF, 0x93, 0x36, 0x4F, 0x1A, 0xF0, 0x6C, 0x54, 0x62, 0x63, 0xD2, 0x78, 0x68,
    0xEC, 0x84, 0xD2, 0x57, 0x62, 0x31, 0x45, 0xB1, 0x19, 0x53, 0x5C, 0xC2, 0x54, 0x3F, 0xD3, 0xD7,
    0x08, 0xFD, 0x76, 0x07, 0xDD, 0xF6, 0xB1, 0xB1, 0x01, 0x47, 0x55, 0xA4, 0x34, 0x72, 0x23, 0xC1,
    0xB0, 0xD9, 0xD5, 0x1F, 0x61, 0x8B, 0x32, 0xED, 0x77, 0x6E, 0xDD, 0x1F, 0x6C, 0xDA, 0x1F, 0xDC,
    0xD7, 0x7D, 0xFA, 0x25, 0x35, 0x16, 0x29, 0x3E, 0x4D, 0x33, 0x74, 0xCB, 0x0A, 0x4E, 0x94, 0x20,
    0x19, 0x62, 0xFA, 0xFB, 0x96, 0x13, 0x8D, 0xA5, 0x21, 0x8D, 0xA3, 0x71, 0xD1, 0xBA, 0x93, 0x5D,
    0xE9, 0x1B, 0xE6, 0x64, 0x6B, 0x54, 0x65, 0x50, 0xDC, 0x50, 0x20, 0xBE, 0x55, 0xC2, 0xB7, 0x73,
    0x43, 0x06, 0x23, 0x09, 0xF8, 0xA4, 0xF1, 0x8A, 0xD1, 0xC8, 0x9B, 0xEA, 0xE4, 0x77, 0x75, 0x9F,
    0x65, 0xED, 0xAF, 0xEB, 0xE8, 0xDE, 0x77, 0xB8, 0xC3, 0xE4, 0x28, 0x8F, 0x39, 0x5A, 0x99, 0x9F,
    0x9E, 0x8B, 0xC2, 0x0C, 0x13, 0x41, 0x24, 0x6B, 0x29, 0x6A, 0xB8, 0x04, 0x01, 0xB8, 0x83, 0x49,
    0x64, 0x5C, 0x44, 0x10, 0xCD, 0x27, 0x88, 0xC0, 0xAD, 0x06, 0xDD, 0x0C, 0x21, 0x61, 0x25, 0xF5,
    0x7A, 0xC7, 0xC9, 0x3D, 0xFE, 0x3B, 0x84, 0x0D, 0xBC, 0x64, 0xBA, 0xE5, 0x80, 0x41, 0xE3, 0xB5,
    0x06, 0x93, 0xEC, 0x2C, 0x9A, 0x68, 0x37, 0x80, 0xD5, 0xBB, 0x4E, 0x66, 0x6E, 0xE4, 0x02, 0x2F,
    0xF4, 0xC0, 0x32, 0x62, 0x85, 0x5E, 0x0E, 0xA2, 0xDC, 0x13, 0xF5, 0xFB, 0x4B, 0xF8, 0x6F, 0xF6,
    0x0F, 0x63, 0xD0, 0xFF, 0xF8, 0x8F, 0xE1, 0xFF, 0xA7, 0xBF, 0x8C, 0xFF, 0x17, 0xFF, 0x61, 0xFA,
    0xC3, 0x0C, 0x84, 0x0C, 0x0C, 0xFC, 0xFF, 0xFF, 0x7F, 0x91, 0xFF, 0xFF, 0xFF, 0x83, 0xFC, 0xAF,
    0xF5, 0x1F, 0xB8, 0x3F, 0xF0, 0x83, 0xE0, 0x03, 0x08, 0x94, 0xBF, 0x00, 0x84, 0x07, 0xE4, 0x0F,
    0xE8, 0x03, 0xA1, 0x3D, 0x08, 0x36, 0x40, 0x60, 0xBD, 0x03, 0xD0, 0x9C, 0xBF, 0x40, 0x73, 0xFE,
    0x30, 0xFE, 0x5F, 0x04, 0x35, 0x87, 0xF9, 0x07, 0xFF, 0xFF, 0xCB, 0x40, 0x73, 0x8E, 0x7F, 0x91,
    0xFF, 0xD5, 0x0D, 0x34, 0x87, 0x1B, 0xC9, 0x1C, 0x7E, 0x9C, 0xE6, 0x00, 0x00,
};

static const EpdGlyph notoserif_12_bolditalicGlyphs[] = {
    { 0, 0, 240, 0, 0, 0, 0 }, // U+0020
    { 8, 17, 240, 4, 17, 34, 0 }, // !
    { 11, 8, 240, 3, 18, 22, 34 }, // "
    { 17, 17, 240, -1, 17, 73, 56 }, // #
    { 15, 23, 240, 0, 20, 87, 129 }, // $
    { 18, 17, 240, -1, 17, 77, 216 }, // %
    { 15, 17, 240, 0, 17, 64, 293 }, // &
    { 6, 8, 240, 6, 18, 12, 357 }, // '
    { 11, 22, 240, 4, 19, 61, 369 }, // (
    { 12, 22, 240, 0, 19, 66, 430 }, // )
    { 14, 13, 240, 1, 14, 46, 496 }, // *
    { 13, 13, 240, 1, 14, 43, 542 }, // +
    { 8, 8, 240, 2, 4, 16, 585 }, // ,
    { 9, 3, 240, 3, 9, 7, 601 }, // -
    { 6, 4, 240, 4, 4, 6, 608 }, // .
    { 15, 22, 240, 0, 19, 83, 614 }, // /
    { 15, 17, 240, 0, 17, 64, 697 }, // 0
    { 13, 17, 240, 1, 17, 56, 761 }, // 1
    { 15, 17, 240, 0, 17, 64, 817 }, // 2
    { 15, 17, 240, 0, 17, 64, 881 }, // 3
    { 15, 17, 240, 0, 17, 64, 945 }, // 4
    { 15, 17, 240, 0, 17, 64, 1009 }, // 5
    { 15, 17, 240, 0, 17, 64, 1073 }, // 6
    { 15, 17, 240, 1, 17, 64, 1137 }, // 7
    { 15, 17, 240, 0, 17, 64, 1201 }, // 8
    { 14, 17, 240, 1, 17, 60, 1265 }, // 9
    { 7, 13, 240, 4, 13, 23, 1325 }, // :
    { 10, 17, 240, 2, 13, 43, 1348 }, // ;
    { 13, 16, 240, 2, 16, 52, 1391 }, // <
    { 14, 9, 240, 1, 12, 32, 1443 }, // =
    { 13, 16, 240, 1, 16, 52, 1475 }, // >
    { 13, 17, 240, 2, 17, 56, 1527 }, // ?
    { 15, 21, 240, 0, 17, 79, 1583 }, // @
    { 15, 17, 240, -1, 17, 64, 1662 }, // A
    { 15, 17, 240, 0, 17, 64, 1726 }, // B
    { 15, 17, 240, 1, 17, 64, 1790 }, // C
    { 15, 17, 240, 0, 17, 64, 1854 }, // D
    { 16, 17, 240, 0, 17, 68, 1918 }, // E
    { 16, 17, 240, 0, 17, 68, 1986 }, // F
    { 14, 17, 240, 1, 17, 60, 2054 }, // G
    { 16, 17, 240, 0, 17, 68, 2114 }, // H
    { 15, 17, 240, 0, 17, 64, 2182 }, // I
    { 15, 17, 240, 0, 17, 64, 2246 }, // J
    { 17, 17, 240, 0, 17, 73, 2310 }, // K
    { 13, 17, 240, 1, 17, 56, 2383 }, // L
    { 17, 17, 240, -1, 17, 73, 2439 }, // M
    { 16, 17, 240, 0, 17, 68, 2512 }, // N
    { 15, 17, 240, 0, 17, 64, 2580 }, // O
    { 15, 17, 240, 0, 17, 64, 2644 }, // P
    { 15, 22, 240, 0, 17, 83, 2708 }, // Q
    { 15, 17, 240, 0, 17, 64, 2791 }, // R
    { 15, 17, 240, 0, 17, 64, 2855 }, // S
    { 16, 17, 240, 1, 17, 68, 2919 }, // T
    { 15, 17, 240, 1, 17, 64, 2987 }, // U
    { 15, 17, 240, 2, 17, 64, 3051 }, // V
    { 17, 17, 240, 0, 17, 73, 3115 }, // W
    { 18, 17, 240, -1, 17, 77, 3188 }, // X
    { 16, 17, 240, 1, 17, 68, 3265 }, // Y
    { 16, 17, 240, 0, 17, 68, 3333 }, // Z
    { 13, 22, 240, 2, 19, 72, 3401 }, // [
    { 8, 22, 240, 4, 19, 44, 3473 }, // <backslash>
    { 13, 22, 240, 0, 19, 72, 3517 }, // ]
    { 15, 11, 240, 0, 17, 42, 3589 }, // ^
    { 14, 3, 240, -1, -2, 11, 3631 }, // _
    { 6, 7, 240, 4, 21, 11, 3642 }, // `
    { 15, 13, 240, 0, 13, 49, 3653 }, // a
    { 15, 18, 240, 0, 18, 68, 3702 }, // b
    { 13, 13, 240, 1, 13, 43, 3770 }, // c
    { 16, 18, 240, 0, 18, 72, 3813 }, // d
    { 13, 13, 240, 1, 13, 43, 3885 }, // e
    { 18, 23, 240, -1, 18, 104, 3928 }, // f
    { 15, 18, 240, 0, 13, 68, 4032 }, // g
    { 14, 18, 240, 0, 18, 63, 4100 }, // h
    { 13, 18, 240, 1, 18, 59, 4163 }, // i
    { 14, 23, 240, 0, 18, 81, 4222 }, // j
    { 15, 18, 240, 0, 18, 68, 4303 }, // k
    { 12, 18, 240, 2, 18, 54, 4371 }, // l
    { 16, 13, 240, -1, 13, 52, 4425 }, // m
    { 14, 13, 240, 0, 13, 46, 4477 }, // n
    { 13, 13, 240, 1, 13, 43, 4523 }, // o
    { 16, 18, 240, -1, 13, 72, 4566 }, // p
    { 15, 18, 240, 0, 13, 68, 4638 }, // q
    { 13, 13, 240, 2, 13, 43, 4706 }, // r
    { 13, 13, 240, 1, 13, 43, 4749 }, // s
    { 14, 17, 240, 1, 17, 60, 4792 }, // t
    { 14, 13, 240, 1, 13, 46, 4852 }, // u
    { 14, 14, 240, 0, 14, 49, 4898 }, // v
    { 15, 14, 240, 0, 14, 53, 4947 }, // w
    { 17, 13, 240, -1, 13, 56, 5000 }, // x
    { 15, 18, 240, 0, 13, 68, 5056 }, // y
    { 15, 13, 240, 0, 13, 49, 5124 }, // z
    { 13, 22, 240, 2, 19, 72, 5173 }, // {
    { 8, 22, 240, 4, 19, 44, 5245 }, // |
    { 13, 22, 240, 0, 19, 72, 5289 }, // }
    { 14, 5, 240, 1, 10, 18, 5361 }, // ~
    { 0, 0, 240, 0, 0, 0, 0 }, // U+00A0
    { 8, 18, 240, 3, 13, 36, 0 }, // U+00A1
    { 13, 19, 240, 1, 16, 62, 36 }, // U+00A2
    { 16, 17, 240, 0, 17, 68, 98 }, // U+00A3
    { 17, 17, 240, 0, 17, 73, 166 }, // U+00A5
    { 8, 22, 240, 4, 19, 44, 239 }, // U+00A6
    { 15, 22, 240, 0, 17, 83, 283 }, // U+00A7
    { 11, 4, 240, 3, 18, 11, 366 }, // U+00A8
    { 16, 17, 240, 0, 17, 68, 377 }, // U+00A9
    { 10, 10, 240, 3, 18, 25, 445 }, // U+00AA
    { 14, 12, 240, 1, 13, 42, 470 }, // U+00AB
    { 13, 8, 240, 1, 9, 26, 512 }, // U+00AC
    { 9, 3, 240, 3, 9, 7, 538 }, // U+00AD
    { 10, 9, 240, 3, 18, 23, 545 }, // U+00AE
    { 9, 3, 240, 4, 18, 7, 568 }, // U+00AF
    { 11, 10, 240, 3, 18, 28, 575 }, // U+00B0
    { 15, 16, 240, 0, 16, 60, 603 }, // U+00B1
    { 9, 9, 240, 4, 17, 21, 663 }, // U+00B2
    { 9, 9, 240, 4, 17, 21, 684 }, // U+00B3
    { 7, 7, 240, 5, 21, 13, 705 }, // U+00B4
    { 16, 18, 240, -1, 13, 72, 718 }, // U+00B5
    { 15, 21, 240, 1, 17, 79, 790 }, // U+00B6
    { 6, 4, 240, 5, 9, 6, 869 }, // U+00B7
    { 7, 6, 240, 4, 1, 11, 875 }, // U+00B8
    { 7, 9, 240, 5, 17, 16, 886 }, // U+00B9
    { 10, 10, 240, 4, 18, 25, 902 }, // U+00BA
    { 14, 12, 240, 0, 13, 42, 927 }, // U+00BB
    { 19, 17, 240, -2, 17, 81, 969 }, // U+00BC
    { 19, 17, 240, -2, 17, 81, 1050 }, // U+00BD
    { 19, 17, 240, -2, 17, 81, 1131 }, // U+00BE
    { 13, 18, 240, 0, 13, 59, 1212 }, // U+00BF
    { 15, 25, 240, -1, 25, 94, 1271 }, // U+00C0
    { 15, 25, 240, -1, 25, 94, 1365 }, // U+00C1
    { 16, 24, 240, -1, 24, 96, 1459 }, // U+00C2
    { 16, 23, 240, -1, 23, 92, 1555 }, // U+00C3
    { 16, 22, 240, -1, 22, 88, 1647 }, // U+00C4
    { 15, 25, 240, -1, 25, 94, 1735 }, // U+00C5
    { 19, 17, 240, -1, 17, 81, 1829 }, // U+00C6
    { 15, 22, 240, 1, 17, 83, 1910 }, // U+00C7
    { 16, 25, 240, 0, 25, 100, 1993 }, // U+00C8
    { 16, 25, 240, 0, 25, 100, 2093 }, // U+00C9
    { 16, 24, 240, 0, 24, 96, 2193 }, // U+00CA
    { 16, 22, 240, 0, 22, 88, 2289 }, // U+00CB
    { 15, 25, 240, 0, 25, 94, 2377 }, // U+00CC
    { 15, 25, 240, 0, 25, 94, 2471 }, // U+00CD
    { 15, 24, 240, 0, 24, 90, 2565 }, // U+00CE
    { 15, 22, 240, 0, 22, 83, 2655 }, // U+00CF
    { 15, 17, 240, 0, 17, 64, 2738 }, // U+00D0
    { 16, 23, 240, 0, 23, 92, 2802 }, // U+00D1
    { 15, 25, 240, 0, 25, 94, 2894 }, // U+00D2
    { 15, 25, 240, 0, 25, 94, 2988 }, // U+00D3
    { 15, 24, 240, 0, 24, 90, 3082 }, // U+00D4
    { 15, 23, 240, 0, 23, 87, 3172 }, // U+00D5
    { 15, 22, 240, 0, 22, 83, 3259 }, // U+00D6
    { 14, 13, 240, 1, 14, 46, 3342 }, // U+00D7
    { 18, 21, 240, -1, 19, 95, 3388 }, // U+00D8
    { 15, 25, 240, 1, 25, 94, 3483 }, // U+00D9
    { 15, 25, 240, 1, 25, 94, 3577 }, // U+00DA
    { 15, 24, 240, 1, 24, 90, 3671 }, // U+00DB
    { 15, 22, 240, 1, 22, 83, 3761 }, // U+00DC
    { 16, 25, 240, 1, 25, 100, 3844 }, // U+00DD
    { 15, 17, 240, 0, 17, 64, 3944 }, // U+00DE
    { 15, 18, 240, 0, 18, 68, 4008 }, // U+00DF
    { 15, 21, 240, 0, 21, 79, 4076 }, // U+00E0
    { 15, 21, 240, 0, 21, 79, 4155 }, // U+00E1
    { 15, 19, 240, 0, 19, 72, 4234 }, // U+00E2
    { 15, 19, 240, 0, 19, 72, 4306 }, // U+00E3
    { 15, 18, 240, 0, 18, 68, 4378 }, // U+00E4
    { 15, 21, 240, 0, 21, 79, 4446 }, // U+00E5
    { 17, 13, 240, -1, 13, 56, 4525 }, // U+00E6
    { 13, 18, 240, 1, 13, 59, 4581 }, // U+00E7
    { 13, 21, 240, 1, 21, 69, 4640 }, // U+00E8
    { 13, 21, 240, 1, 21, 69, 4709 }, // U+00E9
    { 13, 19, 240, 1, 19, 62, 4778 }, // U+00EA
    { 14, 18, 240, 1, 18, 63, 4840 }, // U+00EB
    { 13, 21, 240, 1, 21, 69, 4903 }, // U+00EC
    { 13, 21, 240, 1, 21, 69, 4972 }, // U+00ED
    { 13, 19, 240, 1, 19, 62, 5041 }, // U+00EE
    { 13, 18, 240, 1, 18, 59, 5103 }, // U+00EF
    { 15, 19, 240, 0, 19, 72, 5162 }, // U+00F0
    { 14, 19, 240, 0, 19, 67, 5234 }, // U+00F1
    { 13, 21, 240, 1, 21, 69, 5301 }, // U+00F2
    { 13, 21, 240, 1, 21, 69, 5370 }, // U+00F3
    { 13, 19, 240, 1, 19, 62, 5439 }, // U+00F4
    { 13, 19, 240, 1, 19, 62, 5501 }, // U+00F5
    { 14, 18, 240, 1, 18, 63, 5563 }, // U+00F6
    { 13, 13, 240, 1, 14, 43, 5626 }, // U+00F7
    { 17, 17, 240, -1, 15, 73, 5669 }, // U+00F8
    { 14, 21, 240, 1, 21, 74, 5742 }, // U+00F9
    { 14, 21, 240, 1, 21, 74, 5816 }, // U+00FA
    { 14, 19, 240, 1, 19, 67, 5890 }, // U+00FB
    { 14, 18, 240, 1, 18, 63, 5957 }, // U+00FC
    { 15, 26, 240, 0, 21, 98, 6020 }, // U+00FD
    { 16, 23, 240, -1, 18, 92, 6118 }, // U+00FE
    { 15, 23, 240, 0, 18, 87, 6210 }, // U+00FF
    { 15, 22, 240, -1, 22, 83, 0 }, // U+0100
    { 15, 18, 240, 0, 18, 68, 83 }, // U+0101
    { 16, 24, 240, -1, 24, 96, 151 }, // U+0102
    { 15, 20, 240, 0, 20, 75, 247 }, // U+0103
    { 16, 22, 240, -1, 17, 88, 322 }, // U+0104
    { 15, 18, 240, 0, 13, 68, 410 }, // U+0105
    { 15, 25, 240, 1, 25, 94, 478 }, // U+0106
    { 13, 21, 240, 1, 21, 69, 572 }, // U+0107
    { 15, 24, 240, 1, 24, 90, 641 }, // U+0108
    { 13, 19, 240, 1, 19, 62, 731 }, // U+0109
    { 15, 22, 240, 1, 22, 83, 793 }, // U+010A
    { 13, 18, 240, 1, 18, 59, 876 }, // U+010B
    { 15, 24, 240, 1, 24, 90, 935 }, // U+010C
    { 14, 20, 240, 1, 20, 70, 1025 }, // U+010D
    { 15, 24, 240, 0, 24, 90, 1095 }, // U+010E
    { 18, 18, 240, 0, 18, 81, 1185 }, // U+010F
    { 15, 17, 240, 0, 17, 64, 1266 }, // U+0110
    { 17, 18, 240, 0, 18, 77, 1330 }, // U+0111
    { 16, 22, 240, 0, 22, 88, 1407 }, // U+0112
    { 13, 18, 240, 1, 18, 59, 1495 }, // U+0113
    { 16, 24, 240, 0, 24, 96, 1554 }, // U+0114
    { 14, 20, 240, 1, 20, 70, 1650 }, // U+0115
    { 16, 22, 240, 0, 22, 88, 1720 }, // U+0116
    { 13, 18, 240, 1, 18, 59, 1808 }, // U+0117
    { 16, 22, 240, 0, 17, 88, 1867 }, // U+0118
    { 13, 18, 240, 1, 13, 59, 1955 }, // U+0119
    { 16, 24, 240, 0, 24, 96, 2014 }, // U+011A
    { 14, 20, 240, 1, 20, 70, 2110 }, // U+011B
    { 14, 24, 240, 1, 24, 84, 2180 }, // U+011C
    { 15, 24, 240, 0, 19, 90, 2264 }, // U+011D
    { 14, 24, 240, 1, 24, 84, 2354 }, // U+011E
    { 15, 25, 240, 0, 20, 94, 2438 }, // U+011F
    { 14, 22, 240, 1, 22, 77, 2532 }, // U+0120
    { 15, 23, 240, 0, 18, 87, 2609 }, // U+0121
    { 14, 24, 240, 1, 17, 84, 2696 }, // U+0122
    { 15, 24, 240, 0, 19, 90, 2780 }, // U+0123
    { 16, 24, 240, 0, 24, 96, 2870 }, // U+0124
    { 14, 24, 240, 0, 24, 84, 2966 }, // U+0125
    { 17, 17, 240, 0, 17, 73, 3050 }, // U+0126
    { 14, 18, 240, 0, 18, 63, 3123 }, // U+0127
    { 15, 23, 240, 0, 23, 87, 3186 }, // U+0128
    { 13, 19, 240, 1, 19, 62, 3273 }, // U+0129
    { 15, 22, 240, 0, 22, 83, 3335 }, // U+012A
    { 13, 18, 240, 1, 18, 59, 3418 }, // U+012B
    { 16, 24, 240, 0, 24, 96, 3477 }, // U+012C
    { 13, 20, 240, 1, 20, 65, 3573 }, // U+012D
    { 15, 22, 240, 0, 17, 83, 3638 }, // U+012E
    { 13, 23, 240, 1, 18, 75, 3721 }, // U+012F
    { 15, 22, 240, 0, 22, 83, 3796 }, // U+0130
    { 13, 13, 240, 1, 13, 43, 3879 }, // U+0131
    { 15, 17, 240, 2, 17, 64, 3922 }, // U+0132
    { 16, 23, 240, 0, 18, 92, 3986 }, // U+0133
    { 16, 24, 240, 0, 24, 96, 4078 }, // U+0134
    { 16, 24, 240, 0, 19, 96, 4174 }, // U+0135
    { 17, 24, 240, 0, 17, 102, 4270 }, // U+0136
    { 15, 25, 240, 0, 18, 94, 4372 }, // U+0137
    { 16, 13, 240, 0, 13, 52, 4466 }, // U+0138
    { 13, 25, 240, 1, 25, 82, 4518 }, // U+0139
    { 12, 26, 240, 2, 26, 78, 4600 }, // U+013A
    { 13, 24, 240, 1, 17, 78, 4678 }, // U+013B
    { 12, 25, 240, 2, 18, 75, 4756 }, // U+013C
    { 14, 18, 240, 1, 18, 63, 4831 }, // U+013D
    { 14, 18, 240, 2, 18, 63, 4894 }, // U+013E
    { 13, 17, 240, 1, 17, 56, 4957 }, // U+013F
    { 13, 18, 240, 2, 18, 59, 5013 }, // U+0140
    { 14, 17, 240, 0, 17, 60, 5072 }, // U+0141
    { 13, 18, 240, 1, 18, 59, 5132 }, // U+0142
    { 16, 25, 240, 0, 25, 100, 5191 }, // U+0143
    { 14, 21, 240, 0, 21, 74, 5291 }, // U+0144
    { 16, 24, 240, 0, 17, 96, 5365 }, // U+0145
    { 14, 20, 240, 0, 13, 70, 5461 }, // U+0146
    { 16, 24, 240, 0, 24, 96, 5531 }, // U+0147
    { 15, 20, 240, 0, 20, 75, 5627 }, // U+0148
    { 14, 18, 240, 1, 18, 63, 5702 }, // U+0149
    { 16, 22, 240, 0, 17, 88, 5765 }, // U+014A
    { 14, 18, 240, 0, 13, 63, 5853 }, // U+014B
    { 15, 22, 240, 0, 22, 83, 5916 }, // U+014C
    { 13, 18, 240, 1, 18, 59, 5999 }, // U+014D
    { 15, 24, 240, 0, 24, 90, 6058 }, // U+014E
    { 14, 20, 240, 1, 20, 70, 6148 }, // U+014F
    { 16, 25, 240, 0, 25, 100, 6218 }, // U+0150
    { 14, 21, 240, 1, 21, 74, 6318 }, // U+0151
    { 17, 17, 240, 1, 17, 73, 6392 }, // U+0152
    { 16, 13, 240, 0, 13, 52, 6465 }, // U+0153
    { 15, 25, 240, 0, 25, 94, 6517 }, // U+0154
    { 13, 21, 240, 2, 21, 69, 6611 }, // U+0155
    { 15, 24, 240, 0, 17, 90, 6680 }, // U+0156
    { 14, 20, 240, 1, 13, 70, 6770 }, // U+0157
    { 15, 24, 240, 0, 24, 90, 6840 }, // U+0158
    { 13, 20, 240, 2, 20, 65, 6930 }, // U+0159
    { 15, 25, 240, 0, 25, 94, 6995 }, // U+015A
    { 13, 21, 240, 1, 21, 69, 7089 }, // U+015B
    { 15, 24, 240, 0, 24, 90, 7158 }, // U+015C
    { 13, 19, 240, 1, 19, 62, 7248 }, // U+015D
    { 15, 22, 240, 0, 17, 83, 7310 }, // U+015E
    { 13, 18, 240, 1, 13, 59, 7393 }, // U+015F
    { 15, 24, 240, 0, 24, 90, 7452 }, // U+0160
    { 14, 20, 240, 1, 20, 70, 7542 }, // U+0161
    { 16, 24, 240, 1, 17, 96, 7612 }, // U+0162
    { 14, 24, 240, 1, 17, 84, 7708 }, // U+0163
    { 16, 24, 240, 1, 24, 96, 7792 }, // U+0164
    { 15, 19, 240, 1, 19, 72, 7888 }, // U+0165
    { 16, 17, 240, 1, 17, 68, 7960 }, // U+0166
    { 14, 17, 240, 1, 17, 60, 8028 }, // U+0167
    { 15, 23, 240, 1, 23, 87, 8088 }, // U+0168
    { 14, 19, 240, 1, 19, 67, 8175 }, // U+0169
    { 15, 22, 240, 1, 22, 83, 8242 }, // U+016A
    { 14, 18, 240, 1, 18, 63, 8325 }, // U+016B
    { 15, 24, 240, 1, 24, 90, 8388 }, // U+016C
    { 14, 20, 240, 1, 20, 70, 8478 }, // U+016D
    { 15, 25, 240, 1, 25, 94, 8548 }, // U+016E
    { 14, 21, 240, 1, 21, 74, 8642 }, // U+016F
    { 15, 25, 240, 1, 25, 94, 8716 }, // U+0170
    { 14, 21, 240, 1, 21, 74, 8810 }, // U+0171
    { 15, 22, 240, 1, 17, 83, 8884 }, // U+0172
    { 14, 18, 240, 1, 13, 63, 8967 }, // U+0173
    { 17, 24, 240, 0, 24, 102, 9030 }, // U+0174
    { 15, 19, 240, 0, 19, 72, 9132 }, // U+0175
    { 16, 24, 240, 1, 24, 96, 9204 }, // U+0176
    { 15, 24, 240, 0, 19, 90, 9300 }, // U+0177
    { 16, 22, 240, 1, 22, 88, 9390 }, // U+0178
    { 16, 25, 240, 0, 25, 100, 9478 }, // U+0179
    { 15, 21, 240, 0, 21, 79, 9578 }, // U+017A
    { 16, 22, 240, 0, 22, 88, 9657 }, // U+017B
    { 15, 18, 240, 0, 18, 68, 9745 }, // U+017C
    { 16, 24, 240, 0, 24, 96, 9813 }, // U+017D
    { 15, 20, 240, 0, 20, 75, 9909 }, // U+017E
    { 18, 20, 240, 0, 20, 90, 0 }, // U+01A0
    { 15, 16, 240, 1, 16, 60, 90 }, // U+01A1
    { 17, 21, 240, 1, 21, 90, 150 }, // U+01AF
    { 16, 16, 240, 1, 16, 64, 240 }, // U+01B0
    { 16, 29, 240, -1, 29, 116, 304 }, // U+01FA
    { 15, 25, 240, 0, 25, 94, 420 }, // U+01FB
    { 19, 25, 240, -1, 25, 119, 514 }, // U+01FC
    { 17, 21, 240, -1, 21, 90, 633 }, // U+01FD
    { 18, 27, 240, -1, 25, 122, 723 }, // U+01FE
    { 17, 23, 240, -1, 21, 98, 845 }, // U+01FF
    { 15, 24, 240, 0, 17, 90, 943 }, // U+0218
    { 13, 20, 240, 1, 13, 65, 1033 }, // U+0219
    { 16, 24, 240, 1, 17, 96, 1098 }, // U+021A
    { 14, 24, 240, 1, 17, 84, 1194 }, // U+021B
    { 6, 7, 0, -4, 21, 11, 0 }, // U+0300
    { 7, 7, 0, -2, 21, 13, 11 }, // U+0301
    { 11, 6, 0, -5, 19, 17, 24 }, // U+0302
    { 11, 4, 0, -5, 19, 11, 41 }, // U+0303
    { 9, 3, 0, -4, 18, 7, 52 }, // U+0304
    { 10, 6, 0, -4, 20, 15, 59 }, // U+0306
    { 5, 4, 0, -2, 18, 5, 74 }, // U+0307
    { 11, 4, 0, -5, 18, 11, 79 }, // U+0308
    { 7, 7, 0, -3, 20, 13, 90 }, // U+0309
    { 9, 7, 0, -4, 21, 16, 103 }, // U+030A
    { 11, 7, 0, -4, 21, 20, 119 }, // U+030B
    { 10, 6, 0, -4, 20, 15, 139 }, // U+030C
    { 6, 5, 0, -2, 19, 8, 154 }, // U+0312
    { 6, 5, 0, -1, 18, 8, 162 }, // U+0315
    { 8, 5, 0, -4, 16, 10, 170 }, // U+031B
    { 5, 4, 0, -3, -2, 5, 180 }, // U+0323
    { 6, 5, 0, -4, -2, 8, 185 }, // U+0326
    { 8, 6, 0, -4, 1, 12, 193 }, // U+0327
    { 7, 6, 0, -6, 1, 11, 205 }, // U+0328
    { 16, 25, 240, 0, 25, 100, 0 }, // U+0400
    { 16, 22, 240, 0, 22, 88, 100 }, // U+0401
    { 14, 22, 240, 1, 17, 77, 188 }, // U+0402
    { 15, 25, 240, 1, 25, 94, 265 }, // U+0403
    { 15, 17, 240, 1, 17, 64, 359 }, // U+0404
    { 15, 17, 240, 0, 17, 64, 423 }, // U+0405
    { 15, 17, 240, 0, 17, 64, 487 }, // U+0406
    { 15, 22, 240, 0, 22, 83, 551 }, // U+0407
    { 15, 17, 240, 0, 17, 64, 634 }, // U+0408
    { 17, 17, 240, -2, 17, 73, 698 }, // U+0409
    { 16, 17, 240, -1, 17, 68, 771 }, // U+040A
    { 14, 17, 240, 1, 17, 60, 839 }, // U+040B
    { 16, 25, 240, 0, 25, 100, 899 }, // U+040C
    { 16, 25, 240, 0, 25, 100, 999 }, // U+040D
    { 16, 24, 240, 1, 24, 96, 1099 }, // U+040E
    { 16, 21, 240, 0, 17, 84, 1195 }, // U+040F
    { 15, 17, 240, -1, 17, 64, 1279 }, // U+0410
    { 15, 17, 240, 0, 17, 64, 1343 }, // U+0411
    { 15, 17, 240, 0, 17, 64, 1407 }, // U+0412
    { 15, 17, 240, 1, 17, 64, 1471 }, // U+0413
    { 17, 22, 240, -2, 17, 94, 1535 }, // U+0414
    { 16, 17, 240, 0, 17, 68, 1629 }, // U+0415
    { 18, 17, 240, -1, 17, 77, 1697 }, // U+0416
    { 15, 17, 240, 0, 17, 64, 1774 }, // U+0417
    { 16, 17, 240, 0, 17, 68, 1838 }, // U+0418
    { 16, 24, 240, 0, 24, 96, 1906 }, // U+0419
    { 16, 17, 240, 0, 17, 68, 2002 }, // U+041A
    { 17, 17, 240, -1, 17, 73, 2070 }, // U+041B
    { 17, 17, 240, -1, 17, 73, 2143 }, // U+041C
    { 16, 17, 240, 0, 17, 68, 2216 }, // U+041D
    { 15, 17, 240, 0, 17, 64, 2284 }, // U+041E
    { 16, 17, 240, 0, 17, 68, 2348 }, // U+041F
    { 15, 17, 240, 0, 17, 64, 2416 }, // U+0420
    { 15, 17, 240, 1, 17, 64, 2480 }, // U+0421
    { 16, 17, 240, 1, 17, 68, 2544 }, // U+0422
    { 16, 17, 240, 1, 17, 68, 2612 }, // U+0423
    { 15, 19, 240, 0, 18, 72, 2680 }, // U+0424
    { 18, 17, 240, -1, 17, 77, 2752 }, // U+0425
    { 15, 22, 240, 0, 17, 83, 2829 }, // U+0426
    { 15, 17, 240, 1, 17, 64, 2912 }, // U+0427
    { 18, 17, 240, -1, 17, 77, 2976 }, // U+0428
    { 17, 22, 240, -1, 17, 94, 3053 }, // U+0429
    { 14, 17, 240, 1, 17, 60, 3147 }, // U+042A
    { 18, 17, 240, -1, 17, 77, 3207 }, // U+042B
    { 14, 17, 240, 0, 17, 60, 3284 }, // U+042C
    { 15, 17, 240, 0, 17, 64, 3344 }, // U+042D
    { 17, 17, 240, -1, 17, 73, 3408 }, // U+042E
    { 17, 17, 240, -1, 17, 73, 3481 }, // U+042F
    { 15, 13, 240, 0, 13, 49, 3554 }, // U+0430
    { 15, 19, 240, 1, 19, 72, 3603 }, // U+0431
    { 13, 13, 240, 1, 13, 43, 3675 }, // U+0432
    { 13, 13, 240, 1, 13, 43, 3718 }, // U+0433
    { 14, 19, 240, 1, 19, 67, 3761 }, // U+0434
    { 13, 13, 240, 1, 13, 43, 3828 }, // U+0435
    { 17, 13, 240, -1, 13, 56, 3871 }, // U+0436
    { 14, 13, 240, 0, 13, 46, 3927 }, // U+0437
    { 14, 13, 240, 1, 13, 46, 3973 }, // U+0438
    { 14, 20, 240, 1, 20, 70, 4019 }, // U+0439
    { 15, 13, 240, 0, 13, 49, 4089 }, // U+043A
    { 16, 13, 240, -1, 13, 52, 4138 }, // U+043B
    { 15, 13, 240, 0, 13, 49, 4190 }, // U+043C
    { 15, 13, 240, 0, 13, 49, 4239 }, // U+043D
    { 13, 13, 240, 1, 13, 43, 4288 }, // U+043E
    { 14, 13, 240, 0, 13, 46, 4331 }, // U+043F
    { 16, 18, 240, -1, 13, 72, 4377 }, // U+0440
    { 13, 13, 240, 1, 13, 43, 4449 }, // U+0441
    { 16, 13, 240, -1, 13, 52, 4492 }, // U+0442
    { 15, 18, 240, 0, 13, 68, 4544 }, // U+0443
    { 15, 24, 240, 0, 19, 90, 4612 }, // U+0444
    { 17, 13, 240, -1, 13, 56, 4702 }, // U+0445
    { 16, 18, 240, 0, 13, 72, 4758 }, // U+0446
    { 14, 13, 240, 1, 13, 46, 4830 }, // U+0447
    { 16, 13, 240, 0, 13, 52, 4876 }, // U+0448
    { 15, 18, 240, 0, 13, 68, 4928 }, // U+0449
    { 14, 13, 240, 0, 13, 46, 4996 }, // U+044A
    { 16, 13, 240, 0, 13, 52, 5042 }, // U+044B
    { 13, 13, 240, 1, 13, 43, 5094 }, // U+044C
    { 13, 13, 240, 1, 13, 43, 5137 }, // U+044D
    { 16, 13, 240, -1, 13, 52, 5180 }, // U+044E
    { 14, 13, 240, 0, 13, 46, 5232 }, // U+044F
    { 13, 21, 240, 1, 21, 69, 5278 }, // U+0450
    { 14, 18, 240, 1, 18, 63, 5347 }, // U+0451
    { 14, 24, 240, 0, 19, 84, 5410 }, // U+0452
    { 13, 21, 240, 1, 21, 69, 5494 }, // U+0453
    { 13, 13, 240, 1, 13, 43, 5563 }, // U+0454
    { 13, 13, 240, 1, 13, 43, 5606 }, // U+0455
    { 13, 18, 240, 1, 18, 59, 5649 }, // U+0456
    { 13, 18, 240, 1, 18, 59, 5708 }, // U+0457
    { 14, 23, 240, 0, 18, 81, 5767 }, // U+0458
    { 17, 13, 240, -2, 13, 56, 5848 }, // U+0459
    { 16, 13, 240, -1, 13, 52, 5904 }, // U+045A
    { 14, 18, 240, 0, 18, 63, 5956 }, // U+045B
    { 15, 21, 240, 0, 21, 79, 6019 }, // U+045C
    { 14, 21, 240, 1, 21, 74, 6098 }, // U+045D
    { 15, 25, 240, 0, 20, 94, 6172 }, // U+045E
    { 14, 18, 240, 1, 13, 63, 6266 }, // U+045F
    { 15, 17, 240, 0, 17, 64, 6329 }, // U+0472
    { 13, 13, 240, 1, 13, 43, 6393 }, // U+0473
    { 15, 21, 240, 1, 21, 79, 6436 }, // U+0490
    { 14, 16, 240, 1, 16, 56, 6515 }, // U+0491
    { 15, 17, 240, 1, 17, 64, 6571 }, // U+0492
    { 15, 13, 240, 0, 13, 49, 6635 }, // U+0493
    { 14, 22, 240, 0, 17, 77, 6684 }, // U+0494
    { 13, 18, 240, 0, 13, 59, 6761 }, // U+0495
    { 19, 21, 240, -2, 17, 100, 6820 }, // U+0496
    { 18, 17, 240, -2, 13, 77, 6920 }, // U+0497
    { 15, 21, 240, 0, 17, 79, 6997 }, // U+0498
    { 14, 17, 240, 0, 13, 60, 7076 }, // U+0499
    { 16, 21, 240, 0, 17, 84, 7136 }, // U+049A
    { 15, 16, 240, 0, 13, 60, 7220 }, // U+049B
    { 18, 17, 240, -1, 17, 77, 7280 }, // U+049C
    { 17, 13, 240, -1, 13, 56, 7357 }, // U+049D
    { 16, 17, 240, 1, 17, 68, 7413 }, // U+04A0
    { 16, 13, 240, 0, 13, 52, 7481 }, // U+04A1
    { 15, 21, 240, 0, 17, 79, 7533 }, // U+04A2
    { 14, 16, 240, 0, 13, 56, 7612 }, // U+04A3
    { 18, 17, 240, -1, 17, 77, 7668 }, // U+04A4
    { 17, 13, 240, -1, 13, 56, 7745 }, // U+04A5
    { 15, 21, 240, 1, 17, 79, 7801 }, // U+04AA
    { 13, 16, 240, 1, 13, 52, 7880 }, // U+04AB
    { 16, 17, 240, 1, 17, 68, 7932 }, // U+04AE
    { 15, 18, 240, 1, 13, 68, 8000 }, // U+04AF
    { 16, 17, 240, 1, 17, 68, 8068 }, // U+04B0
    { 15, 18, 240, 1, 13, 68, 8136 }, // U+04B1
    { 18, 21, 240, -1, 17, 95, 8204 }, // U+04B2
    { 17, 16, 240, -1, 13, 68, 8299 }, // U+04B3
    { 14, 21, 240, 1, 17, 74, 8367 }, // U+04B6
    { 13, 16, 240, 1, 13, 52, 8441 }, // U+04B7
    { 15, 17, 240, 1, 17, 64, 8493 }, // U+04B8
    { 14, 13, 240, 1, 13, 46, 8557 }, // U+04B9
    { 14, 17, 240, 0, 17, 60, 8603 }, // U+04BA
    { 14, 18, 240, 0, 18, 63, 8663 }, // U+04BB
    { 15, 17, 240, 0, 17, 64, 8726 }, // U+04C0
    { 18, 24, 240, -1, 24, 108, 8790 }, // U+04C1
    { 17, 20, 240, -1, 20, 85, 8898 }, // U+04C2
    { 10, 18, 240, 2, 18, 45, 8983 }, // U+04CF
    { 16, 24, 240, -1, 24, 96, 9028 }, // U+04D0
    { 15, 20, 240, 0, 20, 75, 9124 }, // U+04D1
    { 16, 22, 240, -1, 22, 88, 9199 }, // U+04D2
    { 15, 18, 240, 0, 18, 68, 9287 }, // U+04D3
    { 19, 17, 240, -1, 17, 81, 9355 }, // U+04D4
    { 17, 13, 240, -1, 13, 56, 9436 }, // U+04D5
    { 16, 24, 240, 0, 24, 96, 9492 }, // U+04D6
    { 14, 20, 240, 1, 20, 70, 9588 }, // U+04D7
    { 14, 17, 240, 1, 17, 60, 9658 }, // U+04D8
    { 13, 13, 240, 1, 13, 43, 9718 }, // U+04D9
    { 18, 22, 240, -1, 22, 99, 9761 }, // U+04DC
    { 17, 18, 240, -1, 18, 77, 9860 }, // U+04DD
    { 15, 22, 240, 0, 22, 83, 9937 }, // U+04DE
    { 15, 18, 240, 0, 18, 68, 10020 }, // U+04DF
    { 16, 22, 240, 0, 22, 88, 10088 }, // U+04E2
    { 14, 18, 240, 1, 18, 63, 10176 }, // U+04E3
    { 16, 22, 240, 0, 22, 88, 10239 }, // U+04E4
    { 14, 18, 240, 1, 18, 63, 10327 }, // U+04E5
    { 15, 22, 240, 0, 22, 83, 10390 }, // U+04E6
    { 14, 18, 240, 1, 18, 63, 10473 }, // U+04E7
    { 15, 17, 240, 0, 17, 64, 10536 }, // U+04E8
    { 13, 13, 240, 1, 13, 43, 10600 }, // U+04E9
    { 16, 22, 240, 1, 22, 88, 10643 }, // U+04EE
    { 15, 23, 240, 0, 18, 87, 10731 }, // U+04EF
    { 16, 22, 240, 1, 22, 88, 10818 }, // U+04F0
    { 15, 23, 240, 0, 18, 87, 10906 }, // U+04F1
    { 16, 25, 240, 1, 25, 100, 10993 }, // U+04F2
    { 16, 26, 240, 0, 21, 104, 11093 }, // U+04F3
    { 15, 22, 240, 1, 22, 83, 11197 }, // U+04F4
    { 14, 18, 240, 1, 18, 63, 11280 }, // U+04F5
    { 18, 22, 240, -1, 22, 99, 11343 }, // U+04F8
    { 16, 18, 240, 0, 18, 72, 11442 }, // U+04F9
    { 15, 23, 240, -1, 17, 87, 0 }, // U+1EA0
    { 15, 19, 240, 0, 13, 72, 87 }, // U+1EA1
    { 15, 24, 240, -1, 24, 90, 159 }, // U+1EA2
    { 15, 20, 240, 0, 20, 75, 249 }, // U+1EA3
    { 19, 28, 240, -1, 28, 133, 324 }, // U+1EA4
    { 17, 24, 240, 0, 24, 102, 457 }, // U+1EA5
    { 16, 28, 240, -1, 28, 112, 559 }, // U+1EA6
    { 15, 24, 240, 0, 24, 90, 671 }, // U+1EA7
    { 19, 28, 240, -1, 28, 133, 761 }, // U+1EA8
    { 17, 24, 240, 0, 24, 102, 894 }, // U+1EA9
    { 17, 28, 240, -1, 28, 119, 996 }, // U+1EAA
    { 15, 23, 240, 0, 23, 87, 1115 }, // U+1EAB
    { 16, 30, 240, -1, 24, 120, 1202 }, // U+1EAC
    { 15, 25, 240, 0, 19, 94, 1322 }, // U+1EAD
    { 17, 28, 240, -1, 28, 119, 1416 }, // U+1EAE
    { 15, 24, 240, 0, 24, 90, 1535 }, // U+1EAF
    { 17, 28, 240, -1, 28, 119, 1625 }, // U+1EB0
    { 15, 24, 240, 0, 24, 90, 1744 }, // U+1EB1
    { 17, 28, 240, -1, 28, 119, 1834 }, // U+1EB2
    { 15, 24, 240, 0, 24, 90, 1953 }, // U+1EB3
    { 17, 27, 240, -1, 27, 115, 2043 }, // U+1EB4
    { 15, 23, 240, 0, 23, 87, 2158 }, // U+1EB5
    { 16, 30, 240, -1, 24, 120, 2245 }, // U+1EB6
    { 15, 26, 240, 0, 20, 98, 2365 }, // U+1EB7
    { 16, 23, 240, 0, 17, 92, 2463 }, // U+1EB8
    { 13, 19, 240, 1, 13, 62, 2555 }, // U+1EB9
    { 16, 24, 240, 0, 24, 96, 2617 }, // U+1EBA
    { 13, 20, 240, 1, 20, 65, 2713 }, // U+1EBB
    { 16, 23, 240, 0, 23, 92, 2778 }, // U+1EBC
    { 13, 19, 240, 1, 19, 62, 2870 }, // U+1EBD
    { 18, 28, 240, 0, 28, 126, 2932 }, // U+1EBE
    { 17, 24, 240, 1, 24, 102, 3058 }, // U+1EBF
    { 16, 28, 240, 0, 28, 112, 3160 }, // U+1EC0
    { 13, 24, 240, 1, 24, 78, 3272 }, // U+1EC1
    { 18, 28, 240, 0, 28, 126, 3350 }, // U+1EC2
    { 16, 24, 240, 1, 24, 96, 3476 }, // U+1EC3
    { 16, 28, 240, 0, 28, 112, 3572 }, // U+1EC4
    { 14, 23, 240, 1, 23, 81, 3684 }, // U+1EC5
    { 16, 30, 240, 0, 24, 120, 3765 }, // U+1EC6
    { 13, 25, 240, 1, 19, 82, 3885 }, // U+1EC7
    { 15, 24, 240, 0, 24, 90, 3967 }, // U+1EC8
    { 13, 20, 240, 1, 20, 65, 4057 }, // U+1EC9
    { 15, 23, 240, 0, 17, 87, 4122 }, // U+1ECA
    { 13, 24, 240, 1, 18, 78, 4209 }, // U+1ECB
    { 15, 23, 240, 0, 17, 87, 4287 }, // U+1ECC
    { 13, 19, 240, 1, 13, 62, 4374 }, // U+1ECD
    { 15, 24, 240, 0, 24, 90, 4436 }, // U+1ECE
    { 13, 20, 240, 1, 20, 65, 4526 }, // U+1ECF
    { 18, 28, 240, 0, 28, 126, 4591 }, // U+1ED0
    { 17, 24, 240, 1, 24, 102, 4717 }, // U+1ED1
    { 15, 28, 240, 0, 28, 105, 4819 }, // U+1ED2
    { 13, 24, 240, 1, 24, 78, 4924 }, // U+1ED3
    { 18, 28, 240, 0, 28, 126, 5002 }, // U+1ED4
    { 16, 24, 240, 1, 24, 96, 5128 }, // U+1ED5
    { 15, 28, 240, 0, 28, 105, 5224 }, // U+1ED6
    { 14, 23, 240, 1, 23, 81, 5329 }, // U+1ED7
    { 15, 30, 240, 0, 24, 113, 5410 }, // U+1ED8
    { 13, 25, 240, 1, 19, 82, 5523 }, // U+1ED9
    { 18, 25, 240, 0, 25, 113, 5605 }, // U+1EDA
    { 15, 21, 240, 1, 21, 79, 5718 }, // U+1EDB
    { 18, 25, 240, 0, 25, 113, 5797 }, // U+1EDC
    { 15, 21, 240, 1, 21, 79, 5910 }, // U+1EDD
    { 18, 24, 240, 0, 24, 108, 5989 }, // U+1EDE
    { 15, 20, 240, 1, 20, 75, 6097 }, // U+1EDF
    { 18, 23, 240, 0, 23, 104, 6172 }, // U+1EE0
    { 15, 18, 240, 1, 18, 68, 6276 }, // U+1EE1
    { 18, 26, 240, 0, 20, 117, 6344 }, // U+1EE2
    { 15, 22, 240, 1, 16, 83, 6461 }, // U+1EE3
    { 15, 23, 240, 1, 17, 87, 6544 }, // U+1EE4
    { 14, 19, 240, 1, 13, 67, 6631 }, // U+1EE5
    { 15, 24, 240, 1, 24, 90, 6698 }, // U+1EE6
    { 14, 20, 240, 1, 20, 70, 6788 }, // U+1EE7
    { 17, 25, 240, 1, 25, 107, 6858 }, // U+1EE8
    { 16, 21, 240, 1, 21, 84, 6965 }, // U+1EE9
    { 17, 25, 240, 1, 25, 107, 7049 }, // U+1EEA
    { 16, 21, 240, 1, 21, 84, 7156 }, // U+1EEB
    { 17, 24, 240, 1, 24, 102, 7240 }, // U+1EEC
    { 16, 20, 240, 1, 20, 80, 7342 }, // U+1EED
    { 17, 23, 240, 1, 23, 98, 7422 }, // U+1EEE
    { 16, 18, 240, 1, 18, 72, 7520 }, // U+1EEF
    { 17, 27, 240, 1, 21, 115, 7592 }, // U+1EF0
    { 16, 22, 240, 1, 16, 88, 7707 }, // U+1EF1
    { 16, 25, 240, 1, 25, 100, 7795 }, // U+1EF2
    { 15, 26, 240, 0, 21, 98, 7895 }, // U+1EF3
    { 16, 23, 240, 1, 17, 92, 7993 }, // U+1EF4
    { 15, 18, 240, 0, 13, 68, 8085 }, // U+1EF5
    { 16, 24, 240, 1, 24, 96, 8153 }, // U+1EF6
    { 15, 25, 240, 0, 20, 94, 8249 }, // U+1EF7
    { 16, 23, 240, 1, 23, 92, 8343 }, // U+1EF8
    { 15, 24, 240, 0, 19, 90, 8435 }, // U+1EF9
    { 13, 3, 240, 1, 9, 10, 0 }, // U+2013
    { 16, 3, 240, 0, 9, 12, 10 }, // U+2014
    { 8, 8, 240, 4, 18, 16, 22 }, // U+2018
    { 8, 8, 240, 5, 18, 16, 38 }, // U+2019
    { 8, 8, 240, 3, 4, 16, 54 }, // U+201A
    { 15, 8, 240, 1, 18, 30, 70 }, // U+201C
    { 15, 8, 240, 2, 18, 30, 100 }, // U+201D
    { 15, 8, 240, -1, 4, 30, 130 }, // U+201E
    { 13, 23, 240, 2, 18, 75, 160 }, // U+2020
    { 15, 23, 240, 0, 18, 87, 235 }, // U+2021
    { 10, 7, 240, 3, 11, 18, 322 }, // U+2022
    { 17, 4, 240, -2, 4, 17, 340 }, // U+2026
    { 14, 17, 240, 1, 17, 60, 357 }, // U+2030
    { 7, 12, 240, 4, 13, 21, 417 }, // U+2039
    { 7, 12, 240, 4, 13, 21, 438 }, // U+203A
    { 19, 17, 240, -2, 17, 81, 459 }, // U+2044
    { 9, 9, 240, 4, 17, 21, 0 }, // U+2070
    { 9, 9, 240, 4, 17, 21, 21 }, // U+2074
    { 9, 9, 240, 4, 17, 21, 42 }, // U+2075
    { 9, 9, 240, 4, 17, 21, 63 }, // U+2076
    { 9, 9, 240, 5, 17, 21, 84 }, // U+2077
    { 9, 9, 240, 4, 17, 21, 105 }, // U+2078
    { 9, 9, 240, 4, 17, 21, 126 }, // U+2079
    { 9, 9, 240, 3, 9, 21, 147 }, // U+2080
    { 8, 9, 240, 3, 9, 18, 168 }, // U+2081
    { 9, 9, 240, 2, 9, 21, 186 }, // U+2082
    { 9, 9, 240, 2, 9, 21, 207 }, // U+2083
    { 9, 9, 240, 2, 9, 21, 228 }, // U+2084
    { 9, 9, 240, 3, 9, 21, 249 }, // U+2085
    { 9, 9, 240, 3, 9, 21, 270 }, // U+2086
    { 9, 9, 240, 3, 9, 21, 291 }, // U+2087
    { 9, 9, 240, 3, 9, 21, 312 }, // U+2088
    { 9, 9, 240, 3, 9, 21, 333 }, // U+2089
    { 15, 22, 240, 1, 20, 83, 0 }, // U+20A1
    { 16, 17, 240, 0, 17, 68, 83 }, // U+20A4
    { 16, 17, 240, 0, 17, 68, 151 }, // U+20A6
    { 17, 17, 240, -1, 17, 73, 219 }, // U+20A8
    { 16, 17, 240, 0, 17, 68, 292 }, // U+20A9
    { 18, 17, 240, -1, 17, 77, 360 }, // U+20AA
    { 16, 18, 240, 1, 18, 72, 437 }, // U+20AB
    { 15, 17, 240, 1, 17, 64, 509 }, // U+20AC
    { 17, 17, 240, 0, 17, 73, 573 }, // U+20AD
    { 16, 17, 240, 1, 17, 68, 646 }, // U+20AE
    { 16, 17, 240, 0, 17, 68, 714 }, // U+20B1
    { 14, 23, 240, 1, 20, 81, 782 }, // U+20B2
    { 16, 17, 240, 0, 17, 68, 863 }, // U+20B4
    { 15, 24, 240, 1, 21, 90, 931 }, // U+20B5
    { 15, 17, 240, 1, 17, 64, 1021 }, // U+20B8
    { 15, 17, 240, 1, 17, 64, 1085 }, // U+20B9
    { 15, 17, 240, 0, 17, 64, 1149 }, // U+20BA
    { 16, 17, 240, 0, 17, 68, 1213 }, // U+20BD
    { 15, 23, 240, 0, 20, 87, 1281 }, // U+20BF
    { 15, 13, 240, 0, 15, 49, 0 }, // U+2190
    { 13, 18, 240, 1, 18, 59, 49 }, // U+2191
    { 15, 13, 240, 0, 15, 49, 108 }, // U+2192
    { 13, 18, 240, 1, 17, 59, 157 }, // U+2193
    { 15, 11, 240, 0, 14, 42, 216 }, // U+2194
    { 13, 19, 240, 1, 18, 62, 258 }, // U+2195
    { 14, 14, 240, 1, 16, 49, 320 }, // U+2196
    { 14, 14, 240, 0, 16, 49, 369 }, // U+2197
    { 14, 14, 240, 0, 16, 49, 418 }, // U+2198
    { 14, 14, 240, 1, 16, 49, 467 }, // U+2199
    { 15, 15, 240, 0, 16, 57, 516 }, // U+21A9
    { 15, 15, 240, 0, 16, 57, 573 }, // U+21AA
    { 14, 18, 240, 0, 18, 63, 630 }, // U+21B0
    { 14, 18, 240, 1, 18, 63, 693 }, // U+21B1
    { 14, 18, 240, 0, 18, 63, 756 }, // U+21B2
    { 14, 18, 240, 1, 18, 63, 819 }, // U+21B3
    { 15, 16, 240, 0, 17, 60, 882 }, // U+21B6
    { 15, 16, 240, 0, 17, 60, 942 }, // U+21B7
    { 15, 18, 240, 0, 18, 68, 1002 }, // U+21BA
    { 15, 18, 240, 0, 18, 68, 1070 }, // U+21BB
    { 15, 23, 240, 0, 20, 87, 1138 }, // U+21C4
    { 15, 23, 240, 0, 20, 87, 1225 }, // U+21C6
    { 15, 18, 240, 0, 18, 68, 0 }, // U+2202
    { 15, 18, 240, -1, 18, 68, 68 }, // U+2206
    { 16, 19, 240, 0, 18, 76, 136 }, // U+220F
    { 17, 23, 240, -1, 18, 98, 212 }, // U+2211
    { 13, 3, 240, 1, 9, 10, 310 }, // U+2212
    { 17, 18, 240, 0, 18, 77, 320 }, // U+221A
    { 16, 9, 240, 0, 12, 36, 397 }, // U+221E
    { 18, 24, 240, -2, 19, 108, 433 }, // U+222B
    { 15, 11, 240, 0, 13, 42, 541 }, // U+2248
    { 14, 14, 240, 1, 14, 49, 583 }, // U+2260
    { 14, 15, 240, 1, 15, 53, 632 }, // U+2264
    { 13, 15, 240, 1, 15, 49, 685 }, // U+2265
    { 16, 18, 240, 0, 18, 72, 0 }, // U+FB01
    { 16, 18, 240, 0, 18, 72, 72 }, // U+FB02
};

static const EpdUnicodeInterval notoserif_12_bolditalicIntervals[] = {
    { 0x20, 0x7E, 0x0 },
    { 0xA0, 0xA3, 0x5F },
    { 0xA5, 0x17E, 0x63 },
    { 0x1A0, 0x1A1, 0x13D },
    { 0x1AF, 0x1B0, 0x13F },
    { 0x1FA, 0x1FF, 0x141 },
    { 0x218, 0x21B, 0x147 },
    { 0x300, 0x304, 0x14B },
    { 0x306, 0x30C, 0x150 },
    { 0x312, 0x312, 0x157 },
    { 0x315, 0x315, 0x158 },
    { 0x31B, 0x31B, 0x159 },
    { 0x323, 0x323, 0x15A },
    { 0x326, 0x328, 0x15B },
    { 0x400, 0x45F, 0x15E },
    { 0x472, 0x473, 0x1BE },
    { 0x490, 0x49D, 0x1C0 },
    { 0x4A0, 0x4A5, 0x1CE },
    { 0x4AA, 0x4AB, 0x1D4 },
    { 0x4AE, 0x4B3, 0x1D6 },
    { 0x4B6, 0x4BB, 0x1DC },
    { 0x4C0, 0x4C2, 0x1E2 },
    { 0x4CF, 0x4D9, 0x1E5 },
    { 0x4DC, 0x4DF, 0x1F0 },
    { 0x4E2, 0x4E9, 0x1F4 },
    { 0x4EE, 0x4F5, 0x1FC },
    { 0x4F8, 0x4F9, 0x204 },
    { 0x1EA0, 0x1EF9, 0x206 },
    { 0x2013, 0x2014, 0x260 },
    { 0x2018, 0x201A, 0x262 },
    { 0x201C, 0x201E, 0x265 },
    { 0x2020, 0x2022, 0x268 },
    { 0x2026, 0x2026, 0x26B },
    { 0x2030, 0x2030, 0x26C },
    { 0x2039, 0x203A, 0x26D },
    { 0x2044, 0x2044, 0x26F },
    { 0x2070, 0x2070, 0x270 },
    { 0x2074, 0x2079, 0x271 },
    { 0x2080, 0x2089, 0x277 },
    { 0x20A1, 0x20A1, 0x281 },
    { 0x20A4, 0x20A4, 0x282 },
    { 0x20A6, 0x20A6, 0x283 },
    { 0x20A8, 0x20AE, 0x284 },
    { 0x20B1, 0x20B2, 0x28B },
    { 0x20B4, 0x20B5, 0x28D },
    { 0x20B8, 0x20BA, 0x28F },
    { 0x20BD, 0x20BD, 0x292 },
    { 0x20BF, 0x20BF, 0x293 },
    { 0x2190, 0x2199, 0x294 },
    { 0x21A9, 0x21AA, 0x29E },
    { 0x21B0, 0x21B3, 0x2A0 },
    { 0x21B6, 0x21B7, 0x2A4 },
    { 0x21BA, 0x21BB, 0x2A6 },
    { 0x21C4, 0x21C4, 0x2A8 },
    { 0x21C6, 0x21C6, 0x2A9 },
    { 0x2202, 0x2202, 0x2AA },
    { 0x2206, 0x2206, 0x2AB },
    { 0x220F, 0x220F, 0x2AC },
    { 0x2211, 0x2212, 0x2AD },
    { 0x221A, 0x221A, 0x2AF },
    { 0x221E, 0x221E, 0x2B0 },
    { 0x222B, 0x222B, 0x2B1 },
    { 0x2248, 0x2248, 0x2B2 },
    { 0x2260, 0x2260, 0x2B3 },
    { 0x2264, 0x2265, 0x2B4 },
    { 0xFB01, 0xFB02, 0x2B6 },
};

static const EpdFontGroup notoserif_12_bolditalicGroups[] = {
    { 0, 2909, 5894, 95, 0 },
    { 2909, 2395, 6857, 95, 95 },
    { 5304, 3063, 10875, 127, 190 },
    { 8367, 736, 1397, 14, 317 },
    { 9103, 207, 251, 19, 331 },
    { 9310, 4605, 12501, 168, 350 },
    { 13915, 1972, 9306, 90, 518 },
    { 15887, 358, 594, 16, 608 },
    { 16245, 301, 450, 17, 624 },
    { 16546, 928, 1443, 19, 641 },
    { 17474, 574, 1456, 22, 660 },
    { 18048, 449, 813, 12, 682 },
    { 18497, 92, 144, 2, 694 },
};

static const EpdFontData notoserif_12_bolditalic = {
    notoserif_12_bolditalicBitmaps,
    notoserif_12_bolditalicGlyphs,
    notoserif_12_bolditalicIntervals,
    66,
    33,
    26,
    -7,
    true,
    notoserif_12_bolditalicGroups,
    13,
    nullptr,
    nullptr,
    nullptr,
    nullptr,
    nullptr,
    nullptr,
    nullptr,
    nullptr,
    nullptr,
    nullptr,
    nullptr,
    0,
    0,
    0,
    0,
    nullptr,
    0,
};
