/**
 * generated by fontconvert.py
 * name: notosans_14_bold
 * size: 14
 * mode: 2-bit  compressed: true
 * Command used: fontconvert.py notosans_14_bold 14 ../builtinFonts/source/iAWriterMonoS/iAWriterMonoS-Bold.ttf --2bit --compress --pnum --zopfli
 */
#pragma once
#include "EpdFontData.h"

static const uint8_t notosans_14_boldBitmaps[18332] = {
    0xAD, 0x58, 0x2D, 0xB0, 0xE5, 0x46, 0x76, 0xFE, 0x74, 0x15, 0xAF, 0x80, 0x2A, 0x16, 0x7A, 0x21,
    0xA9, 0x54, 0x2F, 0x5F, 0x20, 0x8E, 0x5A, 0x29, 0x83, 0x80, 0x00, 0x0F, 0xF0, 0xDB, 0x05, 0x03,
    0x86, 0xA3, 0x4B, 0x82, 0xDD, 0xF2, 0x0E, 0x08, 0x08, 0x30, 0x32, 0x36, 0x59, 0x90, 0x0A, 0xC8,
    0x06, 0x86, 0xCC, 0x74, 0x3B, 0x0B, 0x16, 0x18, 0x44, 0x5E, 0xD7, 0x20, 0x03, 0xCB, 0xB1, 0xA7,
    0x52, 0xA9, 0x00, 0xB7, 0x6B, 0xF5, 0x6A, 0xFB, 0xC6, 0x92, 0xBE, 0x9C, 0x73, 0x5B, 0x7A, 0x73,
    0x9F, 0xE7, 0xD5, 0xEC, 0xEC, 0x78, 0xAF, 0xF4, 0x7D, 0x4F, 0xEF, 0xF4, 0xF9, 0xE9, 0xD3, 0x6A,
    0xB5, 0x4E, 0xCB, 0x87, 0xCB, 0xC3, 0x05, 0xDB, 0xDB, 0xAE, 0x85, 0x91, 0xE3, 0x6D, 0xE8, 0x8F,
    0xC3, 0x7E, 0xB8, 0x77, 0xE6, 0x57, 0x9C, 0x68, 0x3E, 0x9B, 0x01, 0xF3, 0x1F, 0x4A, 0xBF, 0x49,
    0x40, 0xFB, 0x78, 0x02, 0xEC, 0xE3, 0x88, 0x96, 0x64, 0x78, 0x41, 0x6F, 0xF9, 0x47, 0xCF, 0x3B,
    0x3C, 0x6D, 0x06, 0x60, 0x6D, 0x02, 0xAE, 0xD6, 0xE3, 0x33, 0x78, 0x92, 0x17, 0x74, 0x48, 0xB6,
    0x43, 0x99, 0x2C, 0x50, 0x4E, 0x4E, 0x28, 0x7A, 0xA0, 0x8A, 0x4F, 0x95, 0x56, 0x40, 0x9A, 0xEF,
    0xD0, 0x5F, 0xAF, 0x1D, 0x40, 0x4E, 0x28, 0xC9, 0x15, 0xCD, 0x99, 0x6E, 0x6E, 0x12, 0xCC, 0x77,
    0xD3, 0x4F, 0x61, 0xBE, 0x9A, 0xA0, 0x57, 0x40, 0xB3, 0x0A, 0xD5, 0x14, 0xE5, 0x52, 0x95, 0xE1,
    0xB9, 0x00, 0x3F, 0x21, 0x81, 0xE2, 0xFF, 0xD8, 0xA1, 0x98, 0x7C, 0x7F, 0xA6, 0x52, 0xA8, 0x6B,
    0xBE, 0xBA, 0x21, 0xAC, 0xBA, 0x32, 0xE4, 0xAC, 0x16, 0x23, 0xF0, 0xB3, 0x97, 0x83, 0x57, 0x09,
    0x8D, 0xA4, 0x85, 0xB6, 0xB7, 0x3E, 0x58, 0xC9, 0x2A, 0x3C, 0xC5, 0x93, 0x7A, 0x98, 0x85, 0x7E,
    0x97, 0x84, 0x3E, 0x8F, 0x78, 0xBF, 0xF9, 0x74, 0x84, 0xE5, 0x87, 0x01, 0x86, 0x00, 0x8A, 0x5F,
    0x55, 0x6A, 0x2C, 0x36, 0x58, 0x9C, 0xEF, 0x8B, 0xF9, 0x49, 0x13, 0xCA, 0x69, 0x6E, 0x42, 0x15,
    0xE7, 0x66, 0x68, 0x46, 0xB9, 0x32, 0x41, 0x64, 0x6D, 0x2F, 0xAD, 0x56, 0xF5, 0x9E, 0x42, 0x2D,
    0xDA, 0x6F, 0xC4, 0x96, 0x2B, 0x50, 0x91, 0x3D, 0x9A, 0x93, 0x0B, 0x68, 0xE2, 0xDB, 0x10, 0xC2,
    0x46, 0xAA, 0x85, 0xC3, 0x8A, 0xEB, 0xAE, 0xE0, 0xDF, 0x32, 0xD4, 0xFC, 0x84, 0xC1, 0xF0, 0x3B,
    0x06, 0xFB, 0xE9, 0x69, 0x86, 0x7B, 0xCC, 0x04, 0xDF, 0x31, 0x0A, 0xB9, 0x08, 0x17, 0x6C, 0x84,
    0xBD, 0xF1, 0x33, 0x5A, 0xFE, 0x7E, 0x45, 0xCD, 0xAF, 0x28, 0x66, 0x9D, 0x24, 0xD1, 0xBF, 0x7C,
    0xC0, 0x8C, 0x70, 0x7D, 0xB1, 0xA2, 0x9C, 0x51, 0x47, 0x34, 0x03, 0xDA, 0x00, 0x11, 0x5B, 0xC0,
    0x01, 0x1E, 0x58, 0xEF, 0x9E, 0xFE, 0x2C, 0xB7, 0x50, 0x9D, 0x36, 0xA8, 0x7E, 0x1D, 0xD5, 0x56,
    0x3C, 0xC0, 0xA9, 0x37, 0xED, 0xBC, 0x48, 0x12, 0x8A, 0xE5, 0xAC, 0xAD, 0x21, 0xB2, 0xDE, 0x88,
    0x2A, 0xEA, 0x59, 0x4E, 0x97, 0x67, 0x16, 0x6A, 0xAB, 0xE8, 0x98, 0x73, 0x6C, 0xAF, 0xB6, 0xE2,
    0xA1, 0xD1, 0x5C, 0xA0, 0x57, 0x17, 0xF4, 0x17, 0x4A, 0xE6, 0x71, 0x3A, 0xA2, 0x25, 0x09, 0x2B,
    0xD4, 0xD5, 0xE4, 0x09, 0x38, 0xB2, 0xCB, 0x83, 0x0F, 0xC7, 0x00, 0xD0, 0x8D, 0x28, 0xD7, 0x46,
    0x62, 0xCC, 0x3A, 0x7C, 0xFF, 0x76, 0x18, 0x90, 0x7F, 0xCD, 0x78, 0x2F, 0x2C, 0x99, 0x76, 0x5C,
    0x3D, 0x7A, 0xFE, 0xE0, 0x3E, 0x9D, 0x8A, 0xA8, 0x57, 0x34, 0xF3, 0xF9, 0x9C, 0x60, 0xA2, 0x0E,
    0x9F, 0x0E, 0x98, 0x9C, 0x1D, 0xC8, 0xE1, 0xF6, 0x7C, 0x71, 0x40, 0x15, 0x54, 0x43, 0xC7, 0x07,
    0x1E, 0x00, 0xA1, 0x09, 0x4A, 0xBF, 0x32, 0x2A, 0x9D, 0xC1, 0x31, 0xC7, 0x30, 0x83, 0xAA, 0x0A,
    0x54, 0xB5, 0x3B, 0xAB, 0xEA, 0xA8, 0x1F, 0x36, 0x75, 0x4D, 0xA4, 0xDE, 0xD4, 0xCD, 0xF8, 0x92,
    0x67, 0x7D, 0x60, 0x84, 0x48, 0xC9, 0x9C, 0x4C, 0xD2, 0xD7, 0x47, 0xB3, 0xE8, 0x1E, 0x56, 0xB4,
    0x23, 0x08, 0x3B, 0x80, 0xDD, 0x46, 0x1D, 0x7B, 0xFB, 0xF9, 0xA4, 0x94, 0x84, 0x7E, 0x17, 0x85,
    0x06, 0x28, 0xED, 0x2A, 0x6A, 0x91, 0x6D, 0xD5, 0x4B, 0xF6, 0xA7, 0x9E, 0xB7, 0x18, 0x4E, 0x88,
    0x2B, 0x4A, 0x41, 0x2D, 0x30, 0x32, 0xD1, 0xEC, 0xE7, 0x2B, 0xFC, 0xE3, 0x15, 0xAE, 0x5C, 0xF1,
    0x97, 0x02, 0xFC, 0x11, 0xBC, 0xF5, 0x8B, 0xF5, 0xDA, 0x90, 0xDC, 0x81, 0x63, 0xD2, 0x30, 0x5D,
    0x43, 0x0E, 0x96, 0x8C, 0x6E, 0x74, 0x93, 0xEF, 0x9B, 0x54, 0xA1, 0x49, 0x38, 0xC3, 0x4C, 0x80,
    0x8D, 0x80, 0x1F, 0x70, 0x60, 0xAF, 0xB7, 0x02, 0x56, 0x7B, 0x35, 0xA0, 0xA2, 0xB4, 0xCE, 0x80,
    0xBB, 0xB9, 0x7E, 0xCF, 0x91, 0xF3, 0x0E, 0xB4, 0x6B, 0x27, 0xBA, 0x8C, 0x68, 0xF4, 0x3F, 0x73,
    0x3A, 0x2E, 0x28, 0x07, 0xED, 0x40, 0x57, 0x12, 0xB9, 0x2B, 0xA8, 0x67, 0x48, 0x73, 0x54, 0xEA,
    0xB6, 0xAB, 0xB7, 0x8E, 0xF3, 0xDE, 0x7A, 0x20, 0x0A, 0x14, 0x44, 0xD5, 0xCB, 0x95, 0x19, 0xC4,
    0xCC, 0x2E, 0xE2, 0xC5, 0x90, 0x69, 0x5B, 0x3C, 0x8E, 0xAA, 0x06, 0x17, 0x85, 0x28, 0x74, 0x50,
    0xAA, 0x94, 0x1A, 0xA5, 0xF6, 0x4B, 0x21, 0xFB, 0xA1, 0x90, 0x6F, 0x22, 0x8A, 0x45, 0xA8, 0x9C,
    0x85, 0xEA, 0x28, 0xD4, 0x8C, 0x42, 0x36, 0x28, 0x7D, 0xF4, 0xE8, 0x06, 0x8E, 0x64, 0xFF, 0x82,
    0xF2, 0x8D, 0xBE, 0x4B, 0x86, 0x9C, 0x76, 0xB4, 0x8A, 0x00, 0x9C, 0x21, 0xDA, 0xF6, 0x97, 0x2B,
    0xEC, 0xC7, 0x1C, 0xAC, 0xE7, 0x64, 0x4F, 0x6E, 0xFE, 0x59, 0x68, 0x74, 0xD2, 0x2C, 0xDB, 0x90,
    0x2F, 0xB5, 0x5C, 0x5B, 0x91, 0xF9, 0x93, 0x4B, 0x62, 0x1B, 0x6B, 0x8D, 0xE1, 0x93, 0x34, 0x31,
    0xC0, 0x88, 0x9A, 0x9B, 0x50, 0xC8, 0x65, 0xC9, 0x6D, 0x50, 0xB4, 0xFB, 0xFF, 0x25, 0x3E, 0xBF,
    0xE4, 0xE0, 0xBE, 0xE5, 0xE4, 0x4F, 0xC7, 0x99, 0x43, 0xBD, 0x30, 0x94, 0x0B, 0xFB, 0x72, 0xF5,
    0x7D, 0xB9, 0x78, 0xB9, 0xB6, 0x43, 0x3D, 0xB7, 0xA7, 0x63, 0x6A, 0xC8, 0x58, 0xAA, 0xCF, 0x63,
    0x82, 0x27, 0xE7, 0x5B, 0x5C, 0x3F, 0x9C, 0x3D, 0x6A, 0x41, 0x33, 0x79, 0x18, 0x1D, 0x8F, 0x11,
    0x70, 0x01, 0xF0, 0x02, 0x5D, 0xA1, 0x99, 0xBB, 0x58, 0x2D, 0x5B, 0xE0, 0x84, 0x4D, 0x4D, 0x30,
    0x6C, 0x6A, 0x3A, 0xC7, 0x4F, 0xA8, 0xF3, 0xCB, 0x26, 0x5A, 0x89, 0xE7, 0x42, 0x3D, 0xBB, 0x50,
    0xCD, 0x36, 0x54, 0xC9, 0x8C, 0x26, 0x56, 0xD2, 0x56, 0x70, 0x55, 0x9D, 0x41, 0xF2, 0x9F, 0xBC,
    0xB4, 0x53, 0xFA, 0xB8, 0x43, 0xFF, 0xB7, 0x5B, 0xEE, 0xAA, 0x0B, 0x77, 0x02, 0xCC, 0x0A, 0x14,
    0x3C, 0xCF, 0x21, 0x26, 0x34, 0x3A, 0xD9, 0xDB, 0x58, 0xAE, 0x12, 0xBB, 0xC8, 0x8F, 0xCC, 0xF9,
    0xAA, 0xB3, 0xF1, 0xC0, 0xAE, 0x4D, 0xB5, 0xCE, 0xCF, 0x95, 0xA8, 0x94, 0x0A, 0x7E, 0x2D, 0xC6,
    0x6F, 0x55, 0x33, 0x72, 0x97, 0x61, 0xA3, 0x90, 0x1F, 0xA1, 0xD3, 0x53, 0x44, 0x54, 0xD1, 0xAC,
    0xEE, 0xC7, 0xCB, 0x97, 0x2D, 0xF6, 0xDF, 0x85, 0xAC, 0x59, 0x70, 0x79, 0xDE, 0xFD, 0xBD, 0x7A,
    0xDD, 0x51, 0x05, 0xA1, 0x2A, 0x4F, 0x84, 0x03, 0x03, 0x5A, 0xF6, 0x07, 0x26, 0x18, 0x0E, 0xF0,
    0xBA, 0x0A, 0x6F, 0x23, 0xE8, 0x13, 0xB4, 0x09, 0xDA, 0x06, 0xC7, 0x4E, 0xDC, 0x8A, 0xD4, 0x09,
    0xD4, 0x16, 0xFD, 0xD5, 0xF5, 0xF5, 0x83, 0xCB, 0x55, 0x10, 0x17, 0xBF, 0x1F, 0xB6, 0x69, 0xD4,
    0x7F, 0x17, 0xF8, 0x4E, 0x30, 0xED, 0xEE, 0xE4, 0xC2, 0xAF, 0x40, 0x4D, 0x8D, 0x96, 0x7D, 0x4B,
    0x0C, 0x6D, 0xD4, 0xB6, 0x76, 0x9B, 0x6D, 0xBE, 0xCF, 0xB6, 0x0F, 0x04, 0x6A, 0x5C, 0xE5, 0x87,
    0x3E, 0xD8, 0x1B, 0x1F, 0xDB, 0x60, 0x62, 0xD1, 0x49, 0x8E, 0x50, 0xB4, 0x11, 0x85, 0x8F, 0xB0,
    0x0C, 0x02, 0xC0, 0x7E, 0x23, 0x08, 0x19, 0xFB, 0xCF, 0xC7, 0x97, 0x91, 0x17, 0x92, 0xBE, 0x21,
    0x47, 0x79, 0xE2, 0x27, 0x1B, 0x0E, 0xC9, 0x1E, 0xD2, 0xEC, 0xEA, 0x65, 0x7E, 0xDA, 0x70, 0x7E,
    0x62, 0x3E, 0x99, 0x17, 0x13, 0xE6, 0xA5, 0xED, 0x77, 0xE4, 0xFF, 0x45, 0xFE, 0x44, 0xDA, 0x9F,
    0x8A, 0x9E, 0x3B, 0xA4, 0x7F, 0xB6, 0x5D, 0x0E, 0x65, 0x26, 0x4D, 0x89, 0x38, 0x08, 0xE0, 0x04,
    0xB8, 0x46, 0x7E, 0xE3, 0xB7, 0x4A, 0x96, 0x9D, 0x8A, 0x35, 0x65, 0x25, 0xBA, 0x41, 0xC8, 0x8E,
    0x28, 0xD8, 0x46, 0x1C, 0x56, 0x13, 0x51, 0x2E, 0xE7, 0xD7, 0x50, 0x93, 0x50, 0xCD, 0xF5, 0x8C,
    0xFA, 0xF4, 0x70, 0x46, 0x43, 0x2E, 0x42, 0xB9, 0x0C, 0x21, 0xDA, 0x7D, 0xB6, 0x75, 0x36, 0x80,
    0xBD, 0x0B, 0xF0, 0xC1, 0xF7, 0x70, 0x81, 0xFC, 0x06, 0x24, 0x15, 0x3D, 0x3F, 0x62, 0xD0, 0x35,
    0x5A, 0x30, 0x6E, 0x7F, 0x83, 0xC8, 0x7A, 0x75, 0x95, 0xC1, 0x5E, 0x6C, 0xA5, 0xCD, 0xC4, 0x17,
    0x68, 0x23, 0x3F, 0xF2, 0x91, 0xE4, 0x20, 0xE8, 0x48, 0x9D, 0x05, 0x27, 0x4D, 0x26, 0xD4, 0x64,
    0x34, 0xCB, 0x31, 0xD9, 0x58, 0xCF, 0x76, 0x28, 0x17, 0x17, 0x0E, 0x9D, 0xDE, 0xB6, 0x1D, 0xBC,
    0xB8, 0x56, 0x68, 0xBB, 0xE8, 0xCD, 0xAA, 0xAF, 0x76, 0x6A, 0xAF, 0x7E, 0xD4, 0x9F, 0xE5, 0x24,
    0x60, 0x27, 0x18, 0xEC, 0x33, 0x1F, 0x6D, 0x68, 0x64, 0xE0, 0x6B, 0x7D, 0x36, 0x05, 0xE5, 0x72,
    0x81, 0xF5, 0xF2, 0x7F, 0x6D, 0x57, 0x3D, 0xD5, 0x57, 0x3B, 0xB5, 0xCF, 0x7E, 0x26, 0x78, 0xB9,
    0xBE, 0xC5, 0xB3, 0xEB, 0x4E, 0x27, 0xCE, 0x1D, 0xA8, 0x8C, 0x0C, 0x3B, 0xB2, 0xFC, 0x5E, 0x9D,
    0xE1, 0x02, 0x71, 0x87, 0xB4, 0x3D, 0x78, 0x03, 0x9F, 0x2F, 0xE1, 0xEE, 0x84, 0x73, 0xD1, 0x8E,
    0x4D, 0x72, 0xA1, 0x9A, 0x7C, 0xC8, 0xED, 0x54, 0x7C, 0xC0, 0xF9, 0x16, 0xFD, 0x2F, 0x04, 0xE5,
    0xEC, 0x43, 0x39, 0x3B, 0x81, 0x1D, 0xCF, 0xEB, 0xD2, 0xDC, 0xF0, 0x0F, 0x73, 0xC5, 0xAF, 0xE7,
    0xC2, 0xBF, 0xA3, 0x63, 0x92, 0x5E, 0x89, 0x67, 0x8F, 0x92, 0x25, 0x77, 0xA8, 0xEC, 0x8F, 0x82,
    0xE4, 0xB0, 0xE3, 0xDA, 0x3F, 0xEB, 0xE0, 0x02, 0xFE, 0x54, 0xA8, 0xDD, 0xA5, 0x9F, 0x92, 0x8C,
    0x3B, 0x8A, 0xEB, 0x63, 0x04, 0xDA, 0xD7, 0x42, 0x21, 0xF0, 0xBD, 0x20, 0xD8, 0xD1, 0xDE, 0x70,
    0x68, 0xCF, 0xF3, 0x51, 0x2B, 0xCC, 0x6F, 0x60, 0xC5, 0xAB, 0x50, 0xBD, 0x08, 0x99, 0x24, 0x64,
    0xA3, 0x90, 0x1F, 0x60, 0x3F, 0x63, 0x2F, 0x75, 0x06, 0x01, 0xFB, 0xC5, 0x2C, 0xF4, 0x6D, 0x12,
    0xE2, 0xA4, 0x34, 0x2B, 0xAD, 0x4A, 0x14, 0x9A, 0x54, 0x6F, 0xF4, 0x41, 0x6D, 0x47, 0xA1, 0x56,
    0x1D, 0x34, 0x29, 0x3B, 0xDD, 0xDC, 0x1F, 0xD8, 0x69, 0x4E, 0x3F, 0x1A, 0x32, 0x89, 0x1C, 0x19,
    0x77, 0x50, 0x42, 0x30, 0x36, 0x02, 0xB3, 0x70, 0x6A, 0x17, 0xCE, 0x56, 0xE0, 0x96, 0x75, 0x7D,
    0xBA, 0xD0, 0x2F, 0x0B, 0xED, 0x49, 0x70, 0xB3, 0xD0, 0x7C, 0xB7, 0xB0, 0xF9, 0x6A, 0x61, 0xFD,
    0xC9, 0xC2, 0x4A, 0x50, 0x7E, 0xB0, 0xF0, 0x50, 0x2C, 0xC4, 0xCB, 0xB0, 0xB1, 0x4C, 0x36, 0x09,
    0xE6, 0x0D, 0xAB, 0x80, 0x1B, 0xFC, 0xE3, 0x64, 0x7F, 0xFD, 0x9B, 0x64, 0x3F, 0x16, 0x7C, 0xF8,
    0x75, 0xB2, 0xFF, 0xF4, 0xFB, 0x64, 0xFF, 0x51, 0xF0, 0xF8, 0xFB, 0x64, 0x7F, 0xC9, 0x64, 0x3F,
    0x10, 0xF4, 0x0A, 0x2F, 0x70, 0x02, 0x2B, 0x68, 0xD3, 0xBD, 0xB5, 0xE2, 0x54, 0xAE, 0x7A, 0x6F,
    0x08, 0x3B, 0x82, 0x5D, 0x26, 0xAD, 0x0B, 0xEF, 0xA5, 0x5B, 0x15, 0xB5, 0x50, 0xDB, 0xFB, 0x6B,
    0x45, 0x32, 0x09, 0x98, 0x67, 0x8D, 0xAE, 0x44, 0x7D, 0x2B, 0x30, 0xD3, 0x8E, 0xFB, 0x56, 0x28,
    0xF6, 0x78, 0x25, 0xFE, 0x1C, 0x9D, 0x57, 0xFA, 0x17, 0xED, 0xBC, 0xD7, 0xCE, 0xB7, 0x54, 0x2F,
    0x8B, 0xFA, 0x23, 0x20, 0xD4, 0x4B, 0x0C, 0x37, 0x02, 0x68, 0xD2, 0x45, 0x06, 0xE1, 0x6E, 0x06,
    0xCD, 0x74, 0xB1, 0xC6, 0x8E, 0x2F, 0x32, 0x98, 0xC1, 0xC7, 0x8A, 0x55, 0x9F, 0x7B, 0xB0, 0xD7,
    0xC3, 0x07, 0x8D, 0xB8, 0xD9, 0xA6, 0x7D, 0x6F, 0x9B, 0x34, 0xA2, 0x0E, 0xDC, 0x43, 0xCD, 0x00,
    0xFF, 0x90, 0x0B, 0x3D, 0x33, 0x69, 0xE0, 0x45, 0x89, 0xFF, 0x03, 0x54, 0x9A, 0xE9, 0x41, 0xDD,
    0xC2, 0x51, 0x33, 0x3F, 0x52, 0xE8, 0xA0, 0x54, 0x10, 0x07, 0xA5, 0x3A, 0xC8, 0xBF, 0xED, 0x49,
    0x32, 0x68, 0xD5, 0x69, 0x75, 0x5B, 0x99, 0x3A, 0xED, 0xF5, 0x0B, 0xBA, 0x7A, 0xB8, 0x5C, 0x77,
    0xD0, 0x92, 0xE5, 0xCF, 0x4D, 0x5A, 0x89, 0xBD, 0x19, 0xEA, 0xBC, 0xDA, 0x0D, 0x4D, 0x6A, 0x65,
    0xF5, 0xD4, 0x55, 0x54, 0xAB, 0x33, 0xAD, 0xF6, 0xFC, 0x00, 0x1F, 0x9C, 0x52, 0xBE, 0x61, 0x71,
    0x9F, 0x6D, 0x66, 0x3A, 0x10, 0x4D, 0x2A, 0xB5, 0x2A, 0x2A, 0x17, 0xD4, 0xB3, 0xF4, 0xA0, 0x5A,
    0xEA, 0x59, 0xDF, 0xB5, 0x29, 0xEF, 0xFB, 0x0E, 0xD4, 0x7A, 0x9B, 0x26, 0x02, 0x3C, 0x8E, 0xDB,
    0x8B, 0xD9, 0xFB, 0x00, 0x58, 0xF6, 0x4A, 0xFB, 0x76, 0xD1, 0x08, 0x79, 0xC0, 0x04, 0xA1, 0x36,
    0x93, 0x3B, 0xD3, 0x3B, 0xB3, 0xD0, 0xDF, 0xED, 0x64, 0xFF, 0x7E, 0xB1, 0x7D, 0xA6, 0x0F, 0x9F,
    0x2A, 0xBD, 0xAF, 0xE4, 0x6C, 0x67, 0x3F, 0x6E, 0x77, 0xFA, 0xB5, 0x71, 0x9D, 0xFD, 0x56, 0xA8,
    0x5D, 0x1B, 0x0F, 0x21, 0xA2, 0x5D, 0x76, 0x32, 0x73, 0x4D, 0x68, 0x0A, 0x7D, 0x7B, 0xEE, 0xFD,
    0xAC, 0x0F, 0xCC, 0xB9, 0xCF, 0x6C, 0xD2, 0xDE, 0x53, 0x3F, 0xE4, 0x62, 0x22, 0xF7, 0x4F, 0xBB,
    0x86, 0x66, 0xC5, 0xBE, 0xB1, 0xD5, 0x8E, 0x93, 0x83, 0x28, 0xDB, 0x28, 0x59, 0x9A, 0x09, 0xD5,
    0xAC, 0x35, 0x61, 0xAA, 0x17, 0x98, 0x58, 0xEA, 0xD4, 0xCF, 0xCB, 0x1A, 0x83, 0x0F, 0xFB, 0xA8,
    0xE9, 0x80, 0xED, 0x63, 0x55, 0x2D, 0x79, 0x98, 0x74, 0x84, 0xF6, 0x90, 0xEE, 0x9E, 0x90, 0x8B,
    0x50, 0xFD, 0x9A, 0xF7, 0x9D, 0x9C, 0x77, 0x5C, 0x5D, 0x1F, 0x45, 0x62, 0x27, 0xAD, 0x82, 0xB7,
    0xAD, 0x44, 0xA7, 0xA5, 0x2B, 0x8C, 0x8A, 0xE3, 0x85, 0x18, 0x92, 0xFA, 0x85, 0xF8, 0xF9, 0xF5,
    0x7B, 0x97, 0x3B, 0x86, 0x2B, 0x79, 0x31, 0x33, 0x6E, 0x27, 0xF0, 0xE6, 0xE7, 0x5D, 0x3F, 0x70,
    0x7D, 0x2E, 0xE9, 0x5A, 0x81, 0x19, 0xF3, 0x0E, 0xA7, 0x9E, 0xF2, 0xC6, 0xBA, 0x9C, 0xF3, 0x46,
    0x1B, 0xAB, 0x80, 0x5B, 0x6D, 0x6B, 0x37, 0x03, 0x33, 0x88, 0xF2, 0x66, 0x50, 0x4D, 0x59, 0x59,
    0x51, 0x2C, 0xBB, 0xF2, 0x1D, 0xEF, 0xD2, 0x7F, 0xC7, 0x98, 0x4F, 0x54, 0x6F, 0x7E, 0x5E, 0x3D,
    0x8C, 0x2F, 0xFC, 0xE4, 0xF5, 0xE0, 0xA2, 0xEE, 0xD4, 0xF2, 0xC3, 0x05, 0x80, 0x92, 0xCA, 0x21,
    0x6F, 0x2C, 0xEB, 0x24, 0xF9, 0x94, 0xE7, 0x5D, 0xFF, 0xA2, 0x19, 0x52, 0x3B, 0xE4, 0xBB, 0xB6,
    0xC7, 0xFB, 0x38, 0x00, 0x3F, 0x3D, 0x17, 0xF2, 0x97, 0x77, 0xAC, 0x80, 0xE9, 0x5D, 0x68, 0xC7,
    0x26, 0x96, 0xA9, 0x98, 0x34, 0x11, 0xF1, 0x40, 0x76, 0x2D, 0x19, 0xDA, 0xE7, 0x7E, 0xAC, 0xD1,
    0x46, 0xC0, 0x9C, 0x71, 0x20, 0xA3, 0x11, 0xD8, 0xC1, 0x44, 0x17, 0x14, 0x6D, 0x74, 0xCF, 0x7D,
    0xB2, 0xFC, 0xDF, 0xD5, 0xF0, 0xB7, 0xEB, 0x4F, 0xD6, 0x62, 0xD5, 0xFE, 0xDC, 0x8B, 0x4F, 0x56,
    0xB8, 0x4F, 0x39, 0xB8, 0x2F, 0x19, 0xDD, 0xC9, 0x25, 0x37, 0x34, 0xDB, 0xD3, 0x5F, 0x2E, 0x77,
    0xA0, 0x32, 0x6D, 0x53, 0x1D, 0xD5, 0xFD, 0x4F, 0x0E, 0x6A, 0xAB, 0x35, 0x66, 0x41, 0x86, 0x8A,
    0xFA, 0x72, 0x3D, 0x4E, 0x6D, 0xAC, 0x06, 0x3B, 0x14, 0xB0, 0x03, 0x5E, 0x42, 0x1B, 0xCB, 0xA1,
    0xD9, 0xEA, 0x53, 0xB5, 0x51, 0x5B, 0x9D, 0xCE, 0xF7, 0xA1, 0x58, 0xEB, 0xB9, 0xE1, 0x17, 0x73,
    0xCB, 0xEF, 0xB5, 0x06, 0x3B, 0xC7, 0xCE, 0xFB, 0xC6, 0xBB, 0x50, 0x99, 0xB6, 0xA9, 0x8E, 0xEA,
    0xAA, 0x8D, 0xDA, 0x6A, 0xED, 0x77, 0xD8, 0xBE, 0x5A, 0xE8, 0xEA, 0x65, 0x87, 0x3A, 0x59, 0xCD,
    0xE1, 0x62, 0x36, 0xEF, 0x63, 0x60, 0xC7, 0x43, 0x90, 0x25, 0x3A, 0x8A, 0xEE, 0x54, 0x8A, 0x3E,
    0x8E, 0x27, 0xA0, 0xE0, 0x8C, 0x5A, 0xD0, 0x08, 0xCC, 0xCD, 0x7B, 0x7B, 0x89, 0x64, 0xC5, 0x6E,
    0xC7, 0xD5, 0x31, 0xCB, 0x5F, 0x05, 0xD1, 0xB9, 0xB3, 0x41, 0xFB, 0x91, 0x79, 0x25, 0xA0, 0x4E,
    0x05, 0x9A, 0xA9, 0x7E, 0xEE, 0x63, 0x4B, 0x0E, 0x86, 0xEC, 0x0A, 0xAD, 0xCD, 0x02, 0xEE, 0x87,
    0xDC, 0x23, 0x2B, 0xF7, 0xD7, 0x7E, 0xCB, 0x28, 0xBE, 0x26, 0xAD, 0x81, 0xF3, 0x58, 0xBC, 0x1E,
    0xEE, 0xCD, 0x0B, 0x80, 0x63, 0xDC, 0x21, 0x39, 0xEA, 0x34, 0x7C, 0x35, 0x74, 0x1C, 0x1C, 0x39,
    0xED, 0x40, 0x3D, 0xDF, 0x39, 0x37, 0xA7, 0x73, 0x3E, 0xAF, 0x1E, 0xAA, 0xF0, 0x35, 0xCF, 0xAB,
    0x47, 0xC9, 0xA9, 0xD3, 0xE8, 0xD8, 0x6B, 0xCA, 0x78, 0x05, 0x35, 0xB3, 0x50, 0x1B, 0x85, 0xFC,
    0x20, 0x63, 0xC3, 0x0E, 0xF6, 0xB7, 0x0B, 0x60, 0xBF, 0x4C, 0x42, 0x8C, 0x77, 0xCA, 0xD6, 0x3F,
    0x50, 0xE8, 0x33, 0x55, 0x09, 0x0C, 0x42, 0x36, 0xAA, 0xED, 0xB4, 0x7B, 0xA9, 0xA8, 0x16, 0x3B,
    0xF6, 0x41, 0x78, 0x03, 0xBC, 0x3C, 0x49, 0xEC, 0xBB, 0x1F, 0x48, 0x04, 0xF7, 0xF5, 0xF6, 0x1D,
    0xD5, 0x7E, 0xB1, 0xF8, 0xDE, 0xBE, 0x93, 0xEC, 0x9B, 0xD2, 0x8F, 0x9E, 0x04, 0x17, 0x1B, 0xA9,
    0xFC, 0x30, 0x9D, 0x37, 0x52, 0xB3, 0xEF, 0xCB, 0xDB, 0x0F, 0x39, 0x7A, 0xAD, 0xB2, 0xAD, 0x5C,
    0x98, 0x54, 0x77, 0xFF, 0xE8, 0xF4, 0xC6, 0x8B, 0x8C, 0xDA, 0xA8, 0x6D, 0xC0, 0xBD, 0xF8, 0xD1,
    0x8B, 0x04, 0xEE, 0x07, 0x59, 0x4D, 0xA4, 0x11, 0xD8, 0xE9, 0xE7, 0xF4, 0x53, 0x71, 0x7E, 0xB5,
    0xF7, 0x02, 0xDC, 0x8B, 0x9F, 0xF3, 0x3A, 0x17, 0xA1, 0x1B, 0x74, 0x01, 0xD1, 0x85, 0xA4, 0xD1,
    0x85, 0xF9, 0x74, 0x1C, 0xDB, 0xB1, 0xE8, 0xDB, 0x11, 0x68, 0xF9, 0x2B, 0x88, 0xAC, 0xD7, 0x05,
    0x1B, 0x7F, 0xC5, 0x09, 0x68, 0xD2, 0xDB, 0x02, 0xFB, 0xFC, 0x38, 0xD9, 0xFC, 0xE1, 0x2F, 0x14,
    0xFE, 0x74, 0xEF, 0x6E, 0x96, 0xE4, 0xB4, 0xE3, 0x9A, 0x1F, 0x3D, 0x50, 0xD9, 0xAB, 0xF1, 0xEC,
    0x01, 0x1C, 0x27, 0xB4, 0x82, 0x8A, 0x93, 0xDE, 0xC7, 0xD7, 0x86, 0xCE, 0x0F, 0xB9, 0x07, 0x86,
    0xDF, 0xA7, 0x86, 0x9F, 0xEA, 0xA2, 0x95, 0xEC, 0x70, 0x2E, 0x59, 0x40, 0x98, 0xBC, 0xAD, 0xD0,
    0x4F, 0xD0, 0xA9, 0x9C, 0x51, 0xCD, 0x42, 0xFA, 0x86, 0xCB, 0xEF, 0xBA, 0x62, 0x15, 0x3A, 0xBF,
    0xFA, 0xE0, 0x8F, 0x7A, 0x9F, 0x7C, 0xB8, 0x53, 0xD4, 0xED, 0x65, 0x8C, 0x2F, 0xE7, 0x26, 0xF8,
    0x2A, 0x93, 0x09, 0xAE, 0x3E, 0xD3, 0x62, 0x82, 0x7D, 0xF7, 0x49, 0xDB, 0xDB, 0x77, 0xDF, 0x3F,
    0x93, 0xED, 0xEC, 0xBB, 0xAD, 0xED, 0xDA, 0x8F, 0x8D, 0x45, 0xA6, 0x7F, 0x6D, 0x1C, 0x8C, 0x56,
    0x71, 0x66, 0x69, 0x28, 0x9E, 0x1A, 0x2D, 0x9F, 0xEA, 0x15, 0xED, 0x54, 0x30, 0x17, 0x9D, 0xD5,
    0xA2, 0x7D, 0x61, 0xF3, 0xA2, 0x6C, 0xEB, 0x73, 0x70, 0xD1, 0x56, 0x5A, 0xEF, 0x7C, 0x1C, 0x3A,
    0x57, 0x6C, 0x8B, 0xD1, 0x05, 0xA9, 0x9E, 0xF7, 0x62, 0xAD, 0x60, 0x77, 0x5B, 0xDD, 0x76, 0xED,
    0x0F, 0xF3, 0xAD, 0x66, 0xB1, 0xA8, 0x27, 0x1C, 0x72, 0xAA, 0xCD, 0x28, 0x64, 0x34, 0x90, 0xE6,
    0x6B, 0x6F, 0xA3, 0x99, 0xF5, 0x4E, 0xC5, 0x56, 0x27, 0x21, 0x35, 0x78, 0xEB, 0x28, 0xD4, 0x70,
    0x50, 0xEA, 0x37, 0x0D, 0x4B, 0x4E, 0x3B, 0xAE, 0xAE, 0x9D, 0xBA, 0x1D, 0x6F, 0x3F, 0xA6, 0xB7,
    0x62, 0x29, 0xA2, 0x82, 0xE1, 0xF6, 0x83, 0xBA, 0xBD, 0xF9, 0xC1, 0x37, 0xC1, 0xE2, 0xBA, 0x83,
    0x15, 0x05, 0x2F, 0xA0, 0x40, 0x9D, 0x2A, 0x56, 0x81, 0x17, 0x58, 0x8D, 0x34, 0x00, 0x75, 0x54,
    0xC8, 0x8A, 0x33, 0x9E, 0xC7, 0xC5, 0x2D, 0xDB, 0x30, 0x98, 0x2C, 0x87, 0x26, 0x63, 0x34, 0x8D,
    0x2E, 0xDB, 0xAD, 0xBB, 0x1F, 0xF1, 0xCF, 0xCD, 0x7F, 0xCB, 0x60, 0xFB, 0x37, 0x39, 0xAE, 0x1E,
    0x68, 0xB4, 0x4E, 0x10, 0x04, 0x7B, 0xE9, 0xA6, 0x90, 0xEB, 0x36, 0x47, 0xD5, 0x88, 0xC5, 0x9C,
    0x01, 0x7E, 0x94, 0x95, 0xEB, 0x1C, 0xB9, 0xD8, 0xDB, 0x96, 0x8B, 0xAC, 0xB4, 0xB7, 0x4D, 0xF6,
    0x75, 0xF5, 0x68, 0x54, 0xBF, 0xD9, 0xBF, 0xF6, 0xBC, 0x3B, 0x0F, 0x6F, 0xB2, 0xFC, 0xEF, 0xF3,
    0x8B, 0x9F, 0x15, 0xE3, 0xDF, 0xC0, 0xF5, 0xFF, 0x0F, 0xC5, 0x5A, 0x01, 0xA4, 0x26, 0xD7, 0x15,
    0xFE, 0xE6, 0x9F, 0xDD, 0x9D, 0x30, 0x9A, 0xBB, 0xE8, 0x92, 0x4A, 0xE4, 0x16, 0x10, 0x64, 0x73,
    0x89, 0x22, 0xAD, 0x74, 0xEF, 0xAD, 0xD2, 0x22, 0xC8, 0xA2, 0x0B, 0x96, 0x2E, 0x00, 0xE0, 0x55,
    0x04, 0x85, 0xEC, 0x9D, 0x26, 0xB4, 0x28, 0x0A, 0x92, 0xA0, 0x28, 0x00, 0x20, 0xD4, 0x22, 0xE8,
    0x66, 0x6E, 0x05, 0x41, 0xE0, 0xB6, 0x11, 0x45, 0x68, 0x6F, 0x92, 0xAC, 0xB6, 0x82, 0xDC, 0xC8,
    0x44, 0xEE, 0x2F, 0x33, 0x73, 0x7A, 0xEE, 0xCC, 0x3F, 0xBF, 0x7F, 0xDF, 0x7B, 0x2F, 0xBB, 0xD9,
    0xF7, 0xDE, 0xEB, 0xF9, 0xE7, 0xFB, 0x76, 0xFE, 0x3B, 0xE7, 0x9E, 0x73, 0xEE, 0x99, 0x3B, 0x67,
    0xEE, 0xFD, 0xDF, 0x92, 0x5F, 0x3E, 0x60, 0x79, 0x18, 0x92, 0x3F, 0x0A, 0xDA, 0xE8, 0xC6, 0xBA,
    0xF6, 0xAE, 0x0F, 0xAA, 0x88, 0x2D, 0x1E, 0xED, 0x00, 0x22, 0x53, 0x12, 0x05, 0x41, 0x14, 0xE5,
    0x57, 0x9F, 0x46, 0xFD, 0xDE, 0x47, 0x46, 0xBF, 0x1D, 0x70, 0x10, 0x1F, 0x1A, 0xF5, 0xC5, 0xBF,
    0x23, 0xEB, 0xA5, 0x8A, 0x75, 0x0B, 0xA2, 0x06, 0x72, 0x8D, 0xBB, 0xED, 0x8D, 0x86, 0xDB, 0x23,
    0x5F, 0xEF, 0xC5, 0x78, 0x3D, 0xC9, 0x54, 0x78, 0x19, 0x61, 0x18, 0xC8, 0x10, 0x1D, 0x20, 0x87,
    0x6B, 0x68, 0x89, 0xB6, 0x58, 0x11, 0xB0, 0x1A, 0x81, 0x72, 0x00, 0x44, 0x02, 0xF4, 0x97, 0xD7,
    0x7E, 0xA1, 0x89, 0xFA, 0x05, 0xD4, 0x40, 0x7B, 0xEB, 0x60, 0x9D, 0xF6, 0x20, 0xA3, 0x22, 0x08,
    0x22, 0x72, 0x8F, 0x3A, 0x95, 0x3D, 0xCA, 0xBE, 0x62, 0x1A, 0xEA, 0x0E, 0xC5, 0x28, 0x22, 0x40,
    0xD2, 0x03, 0x2D, 0xAB, 0x4B, 0x22, 0xDA, 0xA1, 0xF3, 0xD7, 0xD9, 0x2D, 0x58, 0x77, 0xA6, 0xFC,
    0x75, 0xBF, 0x8A, 0x6E, 0x0E, 0xFB, 0x60, 0x91, 0xA3, 0xAE, 0xAB, 0x35, 0x0A, 0x22, 0x97, 0x53,
    0x22, 0x86, 0x3D, 0x2F, 0xC2, 0xAA, 0x11, 0x01, 0x10, 0x91, 0x31, 0x1A, 0x54, 0x34, 0x4C, 0xD7,
    0x19, 0xB1, 0x76, 0x6D, 0x52, 0x4D, 0xDD, 0xEB, 0xA6, 0x4C, 0xDA, 0x95, 0x9D, 0x4E, 0x65, 0x90,
    0xF4, 0x99, 0xA9, 0x89, 0x80, 0x96, 0x1C, 0x56, 0xE4, 0x37, 0x89, 0x8A, 0x2B, 0x23, 0x62, 0x75,
    0xC7, 0x06, 0x31, 0xDB, 0x06, 0xDA, 0x4F, 0xD0, 0xBE, 0x33, 0xEC, 0x1E, 0x9C, 0x6D, 0x00, 0x44,
    0x01, 0xD5, 0x27, 0x45, 0x82, 0x30, 0x57, 0xAF, 0xE0, 0x72, 0x3D, 0x0A, 0x3C, 0xA3, 0xE9, 0x95,
    0xE6, 0x56, 0x4B, 0x6F, 0xBB, 0x48, 0xF5, 0xCB, 0x3E, 0x72, 0x04, 0xFE, 0xF3, 0x7E, 0xA1, 0x38,
    0xAC, 0x98, 0xE8, 0xC6, 0xDF, 0xFD, 0x2D, 0xCB, 0x2A, 0xCF, 0x28, 0xFA, 0x69, 0x73, 0xB9, 0x1A,
    0x04, 0x1B, 0xC0, 0x15, 0x54, 0xA1, 0x48, 0xB3, 0xD1, 0xC9, 0xFC, 0x85, 0x11, 0x8A, 0xFC, 0x53,
    0xD7, 0x23, 0xCA, 0x78, 0x81, 0xA2, 0xA2, 0xA8, 0xCB, 0x78, 0xB3, 0x8C, 0xFA, 0x7A, 0xA7, 0x87,
    0xA1, 0x0E, 0xB7, 0x71, 0x0E, 0x17, 0xF1, 0x2C, 0x6E, 0x61, 0x2C, 0x7B, 0x36, 0x92, 0x54, 0x67,
    0x83, 0x0D, 0xD4, 0xD8, 0x86, 0x60, 0xCD, 0x08, 0xEB, 0xA9, 0xC9, 0x6D, 0xD5, 0x20, 0xBB, 0x82,
    0x75, 0x58, 0xB7, 0xC3, 0x43, 0xF8, 0xFE, 0xA5, 0x6B, 0xD7, 0xAE, 0x6A, 0xA2, 0xB8, 0x00, 0xA8,
    0x0E, 0x05, 0x91, 0xDF, 0x1E, 0xC5, 0x08, 0xF1, 0x33, 0xFF, 0x24, 0x7E, 0xF5, 0xF4, 0xF8, 0xC4,
    0x0B, 0x1F, 0x3C, 0xF6, 0xE7, 0x77, 0x1F, 0x7B, 0x61, 0x7C, 0xEC, 0xE9, 0x7F, 0x3E, 0xF1, 0xC3,
    0xDF, 0xBE, 0xF8, 0x70, 0x11, 0x56, 0x64, 0x00, 0x5C, 0xBA, 0x66, 0x5A, 0x72, 0xF3, 0x51, 0x8C,
    0x46, 0x90, 0xD7, 0xD4, 0xD9, 0xD7, 0xFB, 0xB7, 0xD0, 0xDF, 0x46, 0x66, 0x3E, 0xE7, 0x16, 0x41,
    0x61, 0x35, 0x1A, 0x88, 0x80, 0xFD, 0xD0, 0x44, 0x69, 0xC1, 0xA5, 0x1B, 0x77, 0xAE, 0x1E, 0xA6,
    0x93, 0x25, 0x0F, 0x60, 0x57, 0xB7, 0x1A, 0xA0, 0xA8, 0xB1, 0xE4, 0x2E, 0x4B, 0x07, 0xD5, 0xE0,
    0x2D, 0x54, 0x1D, 0x74, 0x03, 0x6E, 0xE1, 0xA3, 0x1E, 0x60, 0xA9, 0xF9, 0x9E, 0x72, 0x2B, 0x9A,
    0x66, 0xBB, 0x72, 0x8F, 0x08, 0xF7, 0x92, 0xE2, 0x28, 0xCD, 0xA3, 0x6B, 0xB0, 0xF8, 0xD5, 0x50,
    0xF5, 0xA2, 0x93, 0x41, 0x3B, 0x8D, 0xF3, 0xD0, 0xAE, 0x4E, 0xF7, 0x05, 0xCF, 0x08, 0x22, 0xE9,
    0xB5, 0x4D, 0x9A, 0xBE, 0x66, 0x7C, 0x90, 0xF4, 0x1B, 0xCF, 0x25, 0x76, 0xCC, 0x36, 0x0E, 0x02,
    0x96, 0x08, 0x25, 0x31, 0x89, 0x4C, 0x8A, 0xD6, 0x2D, 0x34, 0x25, 0x0B, 0x7B, 0x37, 0xE9, 0x2D,
    0xC9, 0x4C, 0x55, 0xA6, 0x22, 0x13, 0xAA, 0x4C, 0xE5, 0x83, 0x51, 0x71, 0xF5, 0x12, 0x74, 0xB7,
    0x7C, 0x56, 0x06, 0x55, 0x83, 0x8A, 0x79, 0x00, 0x2C, 0x9E, 0x60, 0x87, 0x23, 0x64, 0x87, 0x0B,
    0x3D, 0x74, 0x0F, 0xD5, 0x03, 0xBB, 0x47, 0x4E, 0x6F, 0x50, 0x94, 0x6F, 0xB3, 0xA0, 0xA0, 0x5F,
    0xEF, 0x6C, 0x91, 0x6E, 0x4E, 0x77, 0x94, 0x99, 0xCF, 0xB9, 0x45, 0x4C, 0x57, 0x2F, 0xE2, 0x22,
    0x7E, 0x8C, 0x5B, 0xD3, 0xEC, 0xD3, 0x81, 0x1C, 0x27, 0x27, 0x56, 0xA3, 0xE8, 0xA7, 0xD9, 0xC7,
    0x28, 0xF9, 0x5C, 0xF4, 0x3A, 0xEA, 0xD0, 0x3A, 0xDB, 0x8C, 0xAC, 0xFB, 0x26, 0xBE, 0xCB, 0x7D,
    0xEA, 0x08, 0xE1, 0x6C, 0x84, 0x6C, 0x7E, 0x14, 0xA1, 0x51, 0x44, 0xDC, 0xCC, 0xD4, 0x33, 0xAD,
    0x3A, 0xA6, 0x32, 0x32, 0xD5, 0x1E, 0x9A, 0x6E, 0x34, 0x4C, 0x06, 0x5B, 0xB1, 0x80, 0x06, 0x01,
    0x7D, 0x49, 0x28, 0x52, 0xF5, 0x06, 0xCA, 0x28, 0x14, 0xAA, 0x70, 0x59, 0xB1, 0x45, 0x4D, 0x4E,
    0x19, 0x26, 0x0D, 0x28, 0xDC, 0x66, 0x7A, 0x70, 0x47, 0x39, 0x4F, 0x5A, 0x92, 0x41, 0xAF, 0x84,
    0xCB, 0x4F, 0xBC, 0x63, 0x55, 0x65, 0xAA, 0x80, 0xDB, 0xF9, 0xBC, 0xE3, 0x73, 0xE9, 0xA0, 0xA1,
    0xC8, 0xDD, 0xCE, 0x54, 0xA7, 0xC9, 0x3F, 0x3B, 0x7A, 0x52, 0x21, 0xFB, 0x67, 0x47, 0xE5, 0x80,
    0x9E, 0x89, 0x1D, 0x41, 0x71, 0x6F, 0xC8, 0xE7, 0x3C, 0x9E, 0x55, 0xEC, 0xC8, 0x12, 0x80, 0x3A,
    0x3D, 0xD0, 0x88, 0x60, 0xE3, 0x41, 0x2C, 0xA2, 0xFC, 0x0C, 0xEB, 0x51, 0x91, 0x87, 0x64, 0xE8,
    0x04, 0xB4, 0x1E, 0x20, 0xC7, 0x68, 0x18, 0xEE, 0x61, 0xB4, 0x4E, 0x79, 0xFD, 0x65, 0xEB, 0x15,
    0x51, 0x53, 0xD3, 0x38, 0x15, 0x3C, 0x14, 0x60, 0x91, 0x86, 0xC9, 0x3A, 0x26, 0xED, 0x99, 0x44,
    0x64, 0xAA, 0x3A, 0xA6, 0x15, 0xD3, 0x2C, 0x92, 0x98, 0x14, 0xD3, 0x9C, 0x2F, 0x9B, 0x0D, 0xB7,
    0x99, 0xC8, 0x66, 0x37, 0x3A, 0xA0, 0x20, 0x15, 0xB1, 0x1A, 0x65, 0x44, 0x39, 0x88, 0x0E, 0x65,
    0x2F, 0x12, 0xAA, 0xBE, 0xEE, 0x51, 0xAF, 0xAF, 0xF7, 0x10, 0x44, 0x43, 0xA6, 0x71, 0x7E, 0x15,
    0xA8, 0x50, 0x50, 0x76, 0x46, 0x46, 0x3B, 0x50, 0xC3, 0xBE, 0x5B, 0xD7, 0x36, 0x39, 0x86, 0x59,
    0x1E, 0xC7, 0x12, 0xCC, 0xD4, 0x44, 0x8C, 0x62, 0x60, 0x2A, 0x53, 0xA6, 0xC8, 0x84, 0xAB, 0x67,
    0x19, 0x15, 0x77, 0x00, 0xE4, 0xB8, 0x38, 0xCA, 0xE6, 0x57, 0xBD, 0x88, 0x79, 0x2E, 0x79, 0xB0,
    0x98, 0xB3, 0x4E, 0xD3, 0x39, 0xB0, 0xD0, 0x9D, 0x06, 0x2B, 0xA2, 0x00, 0x10, 0x45, 0xC0, 0xD8,
    0x06, 0x59, 0xCE, 0x38, 0x96, 0x92, 0xB2, 0x81, 0x83, 0xF4, 0xFF, 0x88, 0x05, 0x55, 0x5A, 0x1C,
    0x5D, 0x91, 0x0D, 0xF0, 0x17, 0xE1, 0x76, 0x29, 0xB7, 0xCD, 0x57, 0xAB, 0x74, 0xE6, 0xA1, 0x29,
    0xA2, 0x00, 0xBD, 0x25, 0xDB, 0xBE, 0x6F, 0x60, 0x6D, 0xF6, 0xA6, 0x99, 0x28, 0xD3, 0xC8, 0x54,
    0x8C, 0xFA, 0x7D, 0xB3, 0x1A, 0x34, 0xF9, 0xB2, 0xDF, 0xD2, 0x90, 0x87, 0x46, 0xE4, 0x50, 0x67,
    0x12, 0x13, 0x45, 0x56, 0x96, 0x91, 0x95, 0x55, 0xD0, 0x14, 0xB4, 0xCF, 0xE4, 0x98, 0xA0, 0xD6,
    0x58, 0xB1, 0x06, 0xAB, 0x46, 0x39, 0xEC, 0x25, 0x1D, 0xEB, 0x5E, 0x4F, 0x26, 0x56, 0xA6, 0x75,
    0xC0, 0x02, 0xCA, 0xD8, 0xF9, 0x9E, 0xAF, 0x6B, 0xF6, 0x97, 0xF5, 0x73, 0xBF, 0xDC, 0x3F, 0xDB,
    0xC1, 0xDE, 0x00, 0x54, 0x0D, 0x50, 0xFF, 0x07, 0x80, 0x05, 0x1E, 0x61, 0x68, 0x02, 0xE4, 0x26,
    0x87, 0x6F, 0x02, 0x55, 0x3F, 0xAF, 0x31, 0x41, 0x0C, 0xDD, 0x6C, 0x4A, 0x0A, 0xD0, 0x12, 0xF9,
    0x2D, 0xDE, 0xE7, 0x95, 0x43, 0x03, 0xDC, 0x85, 0xDC, 0xC6, 0x3E, 0xB6, 0x68, 0x80, 0x23, 0x74,
    0xFC, 0x02, 0x4C, 0x12, 0x66, 0x87, 0x65, 0x0F, 0xD4, 0x1D, 0x20, 0xC3, 0xE6, 0x15, 0x0C, 0xE0,
    0xFC, 0x29, 0xF9, 0xB5, 0x0E, 0xA0, 0x3C, 0xB7, 0x13, 0xEA, 0xAF, 0x06, 0x28, 0x4F, 0x10, 0xE6,
    0x29, 0x14, 0x38, 0x77, 0x6A, 0x63, 0x55, 0x9F, 0x93, 0xD9, 0x0F, 0x00, 0xA7, 0x97, 0xDB, 0x8B,
    0x40, 0xD1, 0x1D, 0x7D, 0x3F, 0x89, 0x75, 0x16, 0x5C, 0x9B, 0x26, 0xB0, 0xC3, 0xB7, 0x45, 0xEE,
    0xB7, 0x6B, 0x07, 0x59, 0x8A, 0x00, 0x94, 0xC3, 0xEC, 0x58, 0x44, 0x40, 0xFA, 0x9D, 0xFB, 0x79,
    0x4A, 0x7E, 0xB9, 0xAD, 0xA0, 0x30, 0xDD, 0x4F, 0xB1, 0xBD, 0x9F, 0x57, 0x00, 0x9C, 0x3B, 0xB5,
    0xB1, 0x1E, 0x71, 0x3F, 0x4F, 0xCD, 0x9F, 0xA0, 0x01, 0x10, 0x7C, 0x92, 0xA9, 0x83, 0x58, 0xEF,
    0xF5, 0x10, 0x5D, 0x39, 0x30, 0xAD, 0x88, 0xA9, 0xC8, 0x04, 0x32, 0x2D, 0x85, 0x1D, 0x6A, 0xE4,
    0xDA, 0x90, 0xC9, 0x17, 0x16, 0x2A, 0x68, 0xE9, 0x91, 0xFB, 0x66, 0x2B, 0xD9, 0xDE, 0x62, 0x79,
    0x00, 0xF2, 0xC4, 0x59, 0xD1, 0x6B, 0x53, 0x7D, 0x2A, 0x19, 0x45, 0x31, 0x62, 0x11, 0x1D, 0xCB,
    0xA4, 0x13, 0xA3, 0xDF, 0x60, 0x64, 0xD0, 0x06, 0xED, 0x2B, 0xBC, 0x9C, 0x7E, 0x3B, 0xE9, 0x3F,
    0x31, 0xFE, 0xF0, 0x71, 0xD2, 0xBF, 0xFF, 0x22, 0xE9, 0xDF, 0x31, 0x5E, 0xE1, 0xA5, 0xF6, 0xCB,
    0x94, 0xF4, 0x6F, 0x18, 0x4D, 0x46, 0xCB, 0xB0, 0x0C, 0xCD, 0x50, 0x69, 0xFF, 0xC2, 0x45, 0x05,
    0x26, 0x11, 0x97, 0x25, 0x42, 0xD1, 0x61, 0x23, 0xDB, 0x2D, 0x5C, 0x49, 0x94, 0x50, 0x8F, 0x37,
    0xA6, 0x04, 0x8C, 0x50, 0xB1, 0x20, 0xE8, 0x00, 0x32, 0x33, 0x79, 0x50, 0x73, 0x28, 0x6D, 0x55,
    0x72, 0x8F, 0xB9, 0x6F, 0xB6, 0x92, 0xED, 0xED, 0xEE, 0xE3, 0xEE, 0xB5, 0x70, 0xE9, 0x77, 0x17,
    0x2E, 0x67, 0x17, 0x55, 0xB5, 0xB3, 0x70, 0x69, 0x36, 0x0B, 0x97, 0x21, 0xE7, 0xA9, 0x2B, 0x03,
    0x58, 0xCC, 0x59, 0xA7, 0xE9, 0x1C, 0x03, 0xED, 0xBC, 0x70, 0x89, 0xFB, 0x17, 0x2E, 0x67, 0x1B,
    0xCB, 0x8A, 0x64, 0x77, 0x28, 0x9D, 0x7D, 0x2C, 0x53, 0x5A, 0x9E, 0x82, 0x40, 0xDB, 0x68, 0x67,
    0x03, 0x39, 0xF9, 0x35, 0xA1, 0xA2, 0x1E, 0x05, 0x45, 0x60, 0x29, 0x52, 0x34, 0x42, 0x7F, 0x4E,
    0x4D, 0xEB, 0xAC, 0x53, 0x90, 0xE6, 0x21, 0x9C, 0xC7, 0x92, 0x51, 0x65, 0xD8, 0x8C, 0x6D, 0x40,
    0x44, 0xD9, 0xF4, 0x90, 0x9D, 0xE4, 0xA7, 0xBC, 0x22, 0xA8, 0x28, 0x72, 0xA8, 0x2A, 0xC7, 0xA1,
    0x73, 0x58, 0x6F, 0x31, 0xFD, 0xAD, 0x67, 0x7A, 0xAF, 0x63, 0xFA, 0x47, 0x64, 0xFA, 0xCC, 0x33,
    0x51, 0xC3, 0x2A, 0x94, 0x43, 0x1D, 0x0B, 0x82, 0xEC, 0x39, 0x54, 0x31, 0x0D, 0x38, 0x87, 0x2A,
    0x73, 0xA8, 0xFA, 0x8F, 0x23, 0xA0, 0xC0, 0x52, 0x60, 0x71, 0xFD, 0x12, 0xC0, 0xDA, 0x40, 0xBB,
    0xD9, 0x10, 0x8B, 0x00, 0x54, 0x1E, 0x59, 0xAC, 0xAB, 0xFA, 0x07, 0x43, 0xDD, 0xCF, 0x7B, 0x6F,
    0x91, 0xD4, 0xDA, 0x46, 0xC1, 0xBE, 0xA7, 0xD5, 0x4F, 0xBB, 0xC6, 0x2C, 0xBF, 0x66, 0x90, 0x99,
    0x1C, 0x97, 0xFD, 0xBC, 0x59, 0x11, 0x91, 0xE1, 0x80, 0xC2, 0x9C, 0x8E, 0x5F, 0x19, 0x01, 0x9B,
    0x00, 0x1A, 0x51, 0x0E, 0x64, 0xEA, 0x4E, 0xBB, 0xD2, 0x8B, 0x06, 0x28, 0x4E, 0x6D, 0xAC, 0x75,
    0x6F, 0xFD, 0x7E, 0x00, 0x38, 0x2D, 0x7F, 0xDF, 0xAE, 0x86, 0xB5, 0x8E, 0x0F, 0x1D, 0x40, 0xCD,
    0x3C, 0xB3, 0x53, 0x9E, 0x2E, 0x7D, 0x35, 0xA0, 0x1A, 0xEA, 0x1E, 0xE5, 0x28, 0x3A, 0x14, 0x24,
    0xE3, 0x66, 0x1D, 0x6D, 0xC9, 0x6D, 0x16, 0xD8, 0x92, 0x00, 0x88, 0x6C, 0x8F, 0xD5, 0x80, 0xEA,
    0x9E, 0x44, 0xCD, 0x0E, 0x5E, 0x35, 0x20, 0x1A, 0x18, 0xD4, 0x30, 0x3C, 0x35, 0x36, 0xE4, 0x00,
    0xA8, 0x91, 0x3B, 0xE0, 0xEF, 0xAF, 0xB6, 0x81, 0x88, 0x1C, 0xC3, 0x10, 0xA5, 0xBB, 0x6D, 0x30,
    0xA0, 0x46, 0xA0, 0x60, 0x03, 0xA8, 0xA6, 0xF7, 0xD8, 0x78, 0xBD, 0x87, 0x8C, 0xAB, 0x21, 0x3F,
    0xD7, 0x23, 0x28, 0xD4, 0x99, 0x6C, 0x26, 0xFA, 0x2F, 0xF6, 0x3E, 0x1C, 0x01, 0x35, 0x13, 0x35,
    0x50, 0x81, 0x12, 0x93, 0x25, 0xA3, 0x42, 0x4D, 0x4E, 0x05, 0x58, 0xCF, 0xA4, 0x16, 0x5A, 0x5B,
    0xA7, 0x3E, 0x26, 0xBE, 0xF0, 0x11, 0x11, 0xEB, 0xED, 0xA5, 0xED, 0x73, 0xB2, 0xA2, 0x79, 0xDA,
    0x42, 0xBB, 0x79, 0x85, 0x53, 0x37, 0x98, 0xA4, 0x4D, 0xA8, 0x89, 0xED, 0xE5, 0x5E, 0x77, 0xDA,
    0x50, 0x43, 0x45, 0x40, 0x4E, 0xC8, 0x65, 0x52, 0x32, 0xB4, 0x97, 0xD1, 0xBA, 0x0C, 0x15, 0xED,
    0x9D, 0x36, 0x69, 0xFA, 0x74, 0x94, 0xF4, 0xCE, 0x78, 0x61, 0x5C, 0xDE, 0xB4, 0x2F, 0x32, 0x68,
    0x76, 0xB2, 0xAC, 0x8A, 0x45, 0x00, 0xA4, 0x03, 0x8A, 0x13, 0xF0, 0xA1, 0xC2, 0x34, 0xFF, 0x0B,
    0x1A, 0xF2, 0xFC, 0x9F, 0xB6, 0x1F, 0x95, 0x13, 0x06, 0xC0, 0xC9, 0x8C, 0xE1, 0x22, 0x50, 0xD2,
    0x6B, 0x10, 0x44, 0x4D, 0x9E, 0x8F, 0xC5, 0x6A, 0xC4, 0x49, 0xD9, 0x16, 0xA9, 0x75, 0xFB, 0x71,
    0x62, 0x71, 0x4B, 0x3F, 0xD9, 0x28, 0xD2, 0x6D, 0xAC, 0xE2, 0x15, 0x94, 0x51, 0xE7, 0x7F, 0xA7,
    0xEF, 0xB9, 0x9D, 0xAF, 0x9F, 0x88, 0x9F, 0x2A, 0xD5, 0x1D, 0x24, 0xA9, 0x01, 0x9A, 0x5A, 0x82,
    0xBD, 0x31, 0x58, 0x73, 0xB9, 0xEE, 0xA4, 0x43, 0x15, 0x45, 0x26, 0xE9, 0xD8, 0x3C, 0x39, 0x9D,
    0xC9, 0xFE, 0x3C, 0x02, 0x63, 0x95, 0xA9, 0xEE, 0x84, 0xA1, 0x5F, 0x8E, 0xB6, 0x69, 0x7B, 0x22,
    0xE8, 0xA4, 0x07, 0xD4, 0x81, 0x4D, 0xED, 0xFB, 0x59, 0xBD, 0x53, 0xB1, 0xF2, 0xDA, 0x17, 0xD0,
    0x1E, 0x07, 0xA0, 0x62, 0xE9, 0xC5, 0xEE, 0x8E, 0x50, 0x1D, 0xB6, 0x23, 0x1C, 0x01, 0xB9, 0x99,
    0xEB, 0x37, 0x8F, 0x7E, 0x27, 0x60, 0x2F, 0x81, 0x6D, 0x18, 0x41, 0xE4, 0x73, 0xFD, 0x99, 0x7E,
    0x5F, 0xCD, 0x75, 0x89, 0xA8, 0x6F, 0x37, 0x58, 0x16, 0xB4, 0x3A, 0xAC, 0x9C, 0x5A, 0xDF, 0x88,
    0xAC, 0xDB, 0x95, 0xAC, 0x8F, 0xBD, 0xA5, 0x46, 0xFD, 0x80, 0xD1, 0x1A, 0x80, 0x36, 0xBB, 0x86,
    0xB4, 0x5B, 0xFF, 0x8F, 0xEF, 0x43, 0x46, 0x40, 0xF7, 0x07, 0x6B, 0xBD, 0x29, 0x4E, 0x64, 0x0C,
    0x47, 0xD7, 0xF5, 0x63, 0xDB, 0xDE, 0xF7, 0x4E, 0x36, 0x9B, 0xFC, 0x7B, 0xA0, 0x72, 0xC8, 0x62,
    0x29, 0x6E, 0x71, 0x69, 0x2F, 0x02, 0xF2, 0x1B, 0xC1, 0x3A, 0x5F, 0x5E, 0xB5, 0x6C, 0x7F, 0xC1,
    0x4E, 0xAD, 0x31, 0x28, 0x0E, 0xCD, 0xFF, 0xF1, 0x7D, 0xA8, 0xE5, 0x5D, 0x3B, 0xCC, 0xF9, 0x8F,
    0x9C, 0xFF, 0xA9, 0xD6, 0x14, 0x27, 0x32, 0x06, 0xC1, 0x19, 0xDC, 0x0F, 0x00, 0x27, 0x96, 0x9F,
    0x9A, 0x9E, 0x37, 0x20, 0x32, 0x50, 0x3D, 0xD0, 0x12, 0x90, 0xA8, 0x01, 0xB4, 0x2F, 0xDA, 0xE7,
    0x63, 0x4D, 0x9F, 0x76, 0x92, 0x78, 0x73, 0xB3, 0xB6, 0x7C, 0xD7, 0x45, 0xDF, 0xF2, 0xBD, 0x6D,
    0x1B, 0x1E, 0xE5, 0x06, 0x7C, 0x3E, 0xBD, 0xA7, 0x37, 0xEF, 0xE7, 0x4E, 0x10, 0x85, 0x92, 0xA8,
    0xC1, 0x5E, 0x3A, 0xB0, 0xC9, 0xC2, 0xEE, 0x26, 0xEB, 0xAF, 0x23, 0xF4, 0xBB, 0xE4, 0xF5, 0x67,
    0x14, 0x35, 0xF7, 0xD3, 0x41, 0xA4, 0x79, 0xEE, 0xDC, 0x1F, 0xEE, 0xE7, 0xB9, 0xCD, 0x71, 0xE4,
    0x78, 0xE6, 0x79, 0x29, 0x92, 0x9D, 0x63, 0xEF, 0xEF, 0x2B, 0xF6, 0x9D, 0xE7, 0xF6, 0x88, 0x79,
    0x73, 0x7C, 0x1F, 0xDF, 0xBC, 0x46, 0x3B, 0xB6, 0xFD, 0xA3, 0x37, 0xB9, 0xC7, 0xB7, 0x7D, 0x44,
    0x4D, 0x38, 0x99, 0xB8, 0x55, 0x3C, 0x80, 0x45, 0x76, 0xFF, 0xC2, 0x96, 0xFF, 0xE2, 0x06, 0xE0,
    0x1B, 0xF5, 0x1F, 0x07, 0x1E, 0x1D, 0xB6, 0x1B, 0x0D, 0xEA, 0x97, 0x3D, 0x91, 0x18, 0x21, 0xA3,
    0x22, 0xA8, 0xD0, 0x12, 0xF4, 0x87, 0x3D, 0x19, 0xFD, 0x71, 0x24, 0xA3, 0xC8, 0x11, 0x24, 0xFD,
    0x84, 0x20, 0xC6, 0x79, 0xEB, 0x33, 0xA0, 0xBE, 0x7B, 0x3F, 0x21, 0xB1, 0xC8, 0xBD, 0x6A, 0xD7,
    0xFD, 0xCE, 0xE5, 0x8C, 0xE5, 0x6F, 0x76, 0xF9, 0x59, 0x13, 0xF4, 0x6E, 0x2A, 0xC6, 0x3A, 0xDD,
    0x47, 0xED, 0x3A, 0xB6, 0x8F, 0x7B, 0xD4, 0xAE, 0x63, 0xDB, 0x3F, 0xBA, 0x76, 0x9D, 0x54, 0x7E,
    0xF0, 0x9D, 0x4C, 0xCA, 0x4F, 0x06, 0x37, 0x37, 0x02, 0xE3, 0x81, 0xF5, 0xBF, 0xF5, 0x68, 0xDD,
    0xEE, 0xCE, 0x76, 0xF9, 0x1F, 0x03, 0xD5, 0xF6, 0x7F, 0x0C, 0xAC, 0xC6, 0x9C, 0x58, 0x12, 0x81,
    0x49, 0x7A, 0xC0, 0xEE, 0x39, 0x40, 0xD3, 0xF2, 0x1B, 0xBC, 0x1C, 0xEF, 0xDA, 0x09, 0x4C, 0xFE,
    0x73, 0x87, 0xF3, 0x7B, 0x4C, 0x82, 0x7C, 0xA6, 0x66, 0xA3, 0x61, 0xDD, 0x11, 0xE0, 0xB2, 0x67,
    0xB9, 0xEC, 0xD9, 0x7F, 0x51, 0xB4, 0x3C, 0x1C, 0xEB, 0xC5, 0x66, 0x9B, 0x53, 0x0E, 0xBB, 0xC8,
    0x6D, 0xF9, 0x5A, 0xD6, 0xC9, 0xBA, 0xB9, 0x0F, 0xF7, 0x3D, 0xD2, 0xEE, 0xBD, 0x7F, 0x1B, 0x38,
    0xE3, 0x04, 0xFC, 0x0F, 0xBD, 0x9A, 0x01, 0xA4, 0x25, 0x59, 0x7A, 0xC7, 0xFF, 0x55, 0xD5, 0xB3,
    0x25, 0x8A, 0x9C, 0x81, 0x17, 0x58, 0x1C, 0x24, 0x08, 0x98, 0x82, 0x60, 0x61, 0xF7, 0x1C, 0x16,
    0x8B, 0x60, 0x1A, 0x73, 0x67, 0x42, 0xA3, 0x03, 0x00, 0x3C, 0x58, 0x04, 0xD2, 0x55, 0xBB, 0x83,
    0x11, 0xC1, 0x0E, 0x74, 0x90, 0x60, 0x20, 0x08, 0xC8, 0x00, 0x04, 0xBD, 0x5D, 0x67, 0x33, 0x18,
    0x2C, 0x54, 0xAC, 0x0E, 0x2C, 0x52, 0xEC, 0x36, 0x62, 0xC9, 0x54, 0x92, 0x7A, 0xB3, 0xF5, 0x32,
    0x55, 0xF5, 0xCF, 0xF7, 0xBD, 0xAA, 0xBA, 0xEF, 0xDE, 0xDC, 0xCE, 0xDD, 0xD7, 0xFD, 0xEE, 0xED,
    0xD3, 0x7E, 0x7F, 0xFD, 0xAA, 0xCE, 0xF9, 0xBE, 0xF3, 0xBF, 0xA7, 0xAA, 0xEE, 0xA9, 0x73, 0x2E,
    0x36, 0x1B, 0x0F, 0x90, 0x61, 0x57, 0xF6, 0x0B, 0x2C, 0x45, 0x72, 0x15, 0x47, 0x0F, 0x14, 0x5A,
    0xA5, 0x52, 0x61, 0x51, 0x8B, 0xB8, 0x06, 0x11, 0xF3, 0x16, 0xF1, 0x64, 0x5B, 0x24, 0xA3, 0xE9,
    0x90, 0x0C, 0xA6, 0x47, 0x3A, 0x64, 0x03, 0xB2, 0xEB, 0x47, 0x03, 0x0C, 0x39, 0xAA, 0x4C, 0xB0,
    0x24, 0x91, 0x37, 0x11, 0xE1, 0x6A, 0xD0, 0xBB, 0x00, 0x96, 0x45, 0x40, 0x15, 0xAA, 0x12, 0x45,
    0x88, 0x36, 0x1B, 0x24, 0xE4, 0x96, 0xBD, 0x52, 0xF5, 0xC8, 0x48, 0x9F, 0x93, 0x21, 0x7F, 0x59,
    0x35, 0x19, 0x24, 0x23, 0xEC, 0x0D, 0x31, 0xD9, 0x5A, 0xC1, 0xD5, 0xB6, 0x2D, 0x82, 0x92, 0xB7,
    0xC5, 0xCB, 0xAA, 0x77, 0xFC, 0xCD, 0x64, 0xF9, 0xE5, 0xF4, 0xAD, 0x29, 0x9A, 0xF0, 0x2E, 0x3C,
    0xE2, 0x36, 0x69, 0x11, 0x0F, 0x59, 0x0B, 0xF0, 0xB2, 0x59, 0x4C, 0x38, 0x02, 0xC8, 0xFA, 0xB7,
    0x6D, 0x16, 0xFE, 0x01, 0xB2, 0x60, 0x4A, 0xD3, 0xE4, 0x21, 0xBD, 0xAE, 0x7C, 0x4C, 0x02, 0x1C,
    0x20, 0x2D, 0x4E, 0x62, 0x78, 0xCF, 0x48, 0xB9, 0x1A, 0xA9, 0x44, 0xE8, 0xD4, 0x48, 0x2E, 0x46,
    0xD4, 0x43, 0x3C, 0x9A, 0x56, 0x3D, 0xA8, 0x91, 0x4C, 0x8C, 0xF4, 0xE9, 0xA0, 0x79, 0xF7, 0x8C,
    0x5C, 0x7D, 0x78, 0xCC, 0x08, 0x60, 0xBD, 0xC8, 0x20, 0xC4, 0xAD, 0x48, 0xD2, 0x7D, 0x0A, 0xC4,
    0x6C, 0xD5, 0x43, 0xAD, 0x36, 0xA0, 0x3E, 0xA0, 0x46, 0xA0, 0x4E, 0x30, 0x5B, 0x81, 0x5D, 0x44,
    0xDD, 0xC0, 0xAA, 0xA8, 0x1F, 0xA8, 0x21, 0xA8, 0x23, 0x88, 0xA5, 0x09, 0xEA, 0x09, 0x96, 0x5F,
    0x4C, 0xF8, 0xD6, 0x84, 0xE7, 0x00, 0xA2, 0x4E, 0x24, 0xDB, 0xA6, 0xCD, 0xFF, 0x56, 0xC4, 0xD2,
    0x03, 0xE9, 0x88, 0xB9, 0x7C, 0x57, 0xD0, 0x7E, 0xD1, 0x23, 0x9E, 0x20, 0xBE, 0x80, 0xAC, 0x15,
    0x6A, 0x00, 0x1E, 0xC8, 0xAF, 0x35, 0x65, 0xC8, 0xF4, 0x43, 0x1C, 0x2F, 0x7B, 0xD7, 0x66, 0x83,
    0xAB, 0x93, 0xB1, 0x08, 0xB1, 0xAF, 0x02, 0xB0, 0x42, 0xA1, 0xDA, 0x41, 0xCF, 0x4B, 0xBD, 0x41,
    0xEB, 0x6B, 0x3B, 0x6D, 0xAF, 0x71, 0x34, 0xDE, 0x5C, 0xBE, 0x23, 0x14, 0xA5, 0xE6, 0x45, 0xB4,
    0xE4, 0x4D, 0xF7, 0xF3, 0x46, 0x64, 0x48, 0xC9, 0xD6, 0x8C, 0x97, 0x5D, 0xDE, 0xA6, 0xB5, 0xAB,
    0x23, 0x31, 0x8D, 0x03, 0xF2, 0x36, 0xA9, 0xCD, 0x92, 0x23, 0x5A, 0x73, 0x98, 0x0E, 0x70, 0x03,
    0x50, 0x51, 0x6C, 0x55, 0x65, 0xDA, 0xE7, 0x75, 0xDC, 0x64, 0x01, 0x3E, 0x02, 0x80, 0x73, 0xF8,
    0xDA, 0xCB, 0x19, 0x49, 0xCE, 0xA4, 0xB7, 0x4D, 0xDC, 0xA4, 0x6B, 0xCE, 0x53, 0x78, 0x3A, 0x04,
    0x38, 0xA3, 0x9F, 0xFE, 0x10, 0xE0, 0x34, 0x5E, 0x7C, 0x04, 0xFD, 0x6C, 0xD2, 0xDE, 0xD6, 0xF1,
    0x54, 0x94, 0xA8, 0x08, 0xB8, 0xE1, 0xEC, 0x9E, 0xD6, 0xBC, 0xC9, 0x60, 0x9B, 0x88, 0x7B, 0x79,
    0x4F, 0xE6, 0x2D, 0xC2, 0x03, 0x64, 0xA5, 0x85, 0x6D, 0x0A, 0x9F, 0x5D, 0x4F, 0x88, 0x39, 0x00,
    0x6C, 0xE7, 0x06, 0x4B, 0x71, 0xEC, 0x04, 0x7A, 0xA1, 0x76, 0x2F, 0xAA, 0xD6, 0x05, 0xD3, 0xB9,
    0x20, 0xFE, 0x42, 0x2A, 0x24, 0xE3, 0x0E, 0xD3, 0xFE, 0xDF, 0x7A, 0x3E, 0x13, 0x4C, 0xA7, 0xED,
    0xB4, 0xFD, 0x1C, 0xA7, 0xD3, 0xA8, 0xBF, 0xE8, 0x54, 0xDA, 0xAD, 0x34, 0x2A, 0xB5, 0x4A, 0x88,
    0x46, 0x49, 0x9F, 0x51, 0xC4, 0xB2, 0xAA, 0x91, 0x5F, 0xB1, 0x86, 0xAB, 0x9D, 0x48, 0x38, 0x2A,
    0x5A, 0x45, 0x2B, 0x6B, 0xB3, 0x25, 0x80, 0x86, 0x82, 0xE1, 0x08, 0x11, 0xD6, 0x2A, 0x1D, 0xCC,
    0xF5, 0xE5, 0x00, 0xD3, 0x25, 0xA3, 0x48, 0x4C, 0x91, 0x48, 0x05, 0xF4, 0x15, 0x9B, 0x1D, 0x29,
    0xED, 0xB5, 0xA7, 0xD7, 0x13, 0xAB, 0x44, 0x5C, 0x5B, 0x68, 0x5B, 0x8D, 0xA2, 0xF1, 0x54, 0x96,
    0x1C, 0x40, 0x36, 0x08, 0xA4, 0xDF, 0x91, 0xE8, 0xD1, 0x38, 0x9F, 0x88, 0x26, 0x11, 0xC3, 0x5F,
    0x0E, 0xC8, 0xF9, 0xCD, 0x00, 0x77, 0x5D, 0x0C, 0x28, 0x6A, 0x33, 0xA0, 0x0A, 0x72, 0x82, 0xE5,
    0xA1, 0xE8, 0x09, 0xAD, 0xB2, 0x54, 0xD6, 0x66, 0x1A, 0x60, 0x09, 0x15, 0x6D, 0x3E, 0x40, 0xC6,
    0x71, 0xCB, 0x6E, 0xA9, 0xC8, 0x7A, 0xCB, 0x8B, 0x8D, 0xAF, 0x4A, 0x60, 0x0F, 0x3D, 0x46, 0x86,
    0x95, 0xED, 0xF1, 0xC3, 0x3A, 0xF5, 0x0A, 0x36, 0x1B, 0xC4, 0xA4, 0x5F, 0xC1, 0x6E, 0xB9, 0xEC,
    0xA1, 0xC7, 0xF4, 0xB3, 0xC8, 0xAF, 0x8B, 0xD6, 0xD5, 0x59, 0xAF, 0x17, 0x40, 0x41, 0x0E, 0xD5,
    0x42, 0x11, 0x00, 0xC5, 0x35, 0x71, 0xC8, 0xAF, 0x1F, 0xB7, 0xFA, 0xE1, 0x25, 0x1A, 0xF7, 0x72,
    0xBE, 0x10, 0xAD, 0xCF, 0x61, 0x43, 0x01, 0x73, 0x35, 0x21, 0xE5, 0x80, 0x98, 0x1D, 0x50, 0x7C,
    0x7A, 0x3E, 0x3F, 0x3E, 0x42, 0x5A, 0x67, 0x21, 0x6B, 0x6D, 0x48, 0xC6, 0xAA, 0x8C, 0x48, 0xA0,
    0x1A, 0x01, 0xDB, 0x9C, 0xC2, 0x93, 0x9E, 0x38, 0xE0, 0xAC, 0xE3, 0x93, 0xB7, 0x38, 0xE0, 0x34,
    0xE3, 0xF3, 0x3B, 0xFB, 0xBB, 0xD7, 0x57, 0x3D, 0x7F, 0x97, 0xFE, 0xC2, 0x7A, 0x60, 0x98, 0x67,
    0x17, 0x49, 0x57, 0xCE, 0x73, 0x8B, 0xAA, 0x7E, 0xD3, 0xBE, 0xC6, 0xD4, 0xBE, 0xD2, 0x03, 0xCF,
    0x80, 0xA4, 0x01, 0x4C, 0x10, 0xFE, 0x55, 0x60, 0x40, 0x3C, 0x41, 0xAF, 0x31, 0xE3, 0xDF, 0x43,
    0x5E, 0x57, 0xC8, 0xBE, 0x1E, 0x91, 0xB0, 0x07, 0xD8, 0x9E, 0x7F, 0x5C, 0x7C, 0x84, 0xA4, 0xCE,
    0xCA, 0xAC, 0xCB, 0xF5, 0x3A, 0xF3, 0xE0, 0x34, 0x3F, 0xC8, 0xED, 0xE9, 0xC6, 0x47, 0x63, 0x69,
    0x4C, 0x8D, 0x9D, 0x8C, 0xF4, 0x59, 0xE7, 0x42, 0x52, 0x9B, 0x52, 0x73, 0xAF, 0xF1, 0x13, 0xB2,
    0x34, 0x64, 0x63, 0x35, 0x7E, 0x63, 0xFA, 0x22, 0xA4, 0x5D, 0x15, 0xE6, 0x3E, 0x53, 0xF9, 0x11,
    0x87, 0x2D, 0xE5, 0x47, 0x42, 0x32, 0x54, 0x21, 0x19, 0x0A, 0xC1, 0x35, 0xD9, 0xA0, 0xCF, 0x20,
    0xC3, 0xDF, 0x0E, 0x29, 0x7F, 0x35, 0x44, 0xD5, 0xF7, 0x07, 0xE4, 0x2D, 0x50, 0xF4, 0x00, 0x47,
    0xCD, 0x09, 0xD3, 0x4A, 0x8F, 0x83, 0xF1, 0x58, 0x8A, 0x3E, 0xA4, 0xF4, 0x69, 0xA5, 0x8F, 0x2D,
    0x6D, 0xAB, 0x0F, 0x32, 0x7D, 0xA2, 0xB1, 0xDC, 0x47, 0x8F, 0xE9, 0x39, 0xAD, 0xA3, 0x75, 0xB5,
    0x8D, 0xB4, 0xED, 0x81, 0xAC, 0x8F, 0x60, 0xBA, 0xEC, 0x65, 0xD5, 0xE6, 0x64, 0x6D, 0x49, 0x1F,
    0x55, 0xBF, 0xC6, 0x91, 0xFB, 0xF6, 0x6C, 0x5E, 0x35, 0x67, 0x16, 0x4C, 0xC8, 0x0E, 0x67, 0xF5,
    0xE7, 0xF5, 0x6A, 0xDB, 0x43, 0x80, 0xF3, 0xF9, 0x74, 0x2D, 0x0E, 0x38, 0xEF, 0x78, 0x9E, 0xC7,
    0x07, 0xB0, 0x3C, 0x03, 0x6B, 0xC0, 0x05, 0xA1, 0x14, 0xBC, 0x00, 0xE0, 0x7B, 0x6A, 0xA6, 0x05,
    0x92, 0x85, 0x4C, 0x30, 0x82, 0xDD, 0x3E, 0x33, 0xCF, 0x3F, 0xA6, 0x45, 0x7F, 0x78, 0xAF, 0x22,
    0x82, 0x16, 0x17, 0xB2, 0xFE, 0x28, 0x2F, 0x1E, 0xF7, 0x8E, 0x5C, 0x59, 0x8F, 0x1F, 0x05, 0xF4,
    0x40, 0xC2, 0x00, 0x64, 0x54, 0x97, 0xBF, 0xE9, 0x81, 0xE2, 0xC7, 0x23, 0xF0, 0x1E, 0x9E, 0x01,
    0x0F, 0xF0, 0x2E, 0x00, 0xE2, 0xA8, 0xA4, 0xBD, 0x48, 0x4E, 0x0F, 0x56, 0x0C, 0xE0, 0x4B, 0xD6,
    0x60, 0xE9, 0x1A, 0xD0, 0xE7, 0x22, 0x78, 0x4D, 0x31, 0x6D, 0x3C, 0x41, 0x05, 0x94, 0x52, 0xDF,
    0xCA, 0xE3, 0xAB, 0x8F, 0xE8, 0x6F, 0xCF, 0x9A, 0xAB, 0x8F, 0x44, 0xC8, 0x3D, 0xD1, 0x13, 0x77,
    0x17, 0xA0, 0x62, 0xB7, 0xC5, 0x5E, 0x3D, 0xD4, 0x63, 0x42, 0x51, 0x9A, 0xFF, 0x62, 0x67, 0xBE,
    0xE1, 0x60, 0xA6, 0xC7, 0xA3, 0xE9, 0x93, 0xC9, 0x74, 0xF1, 0x64, 0xDA, 0xBB, 0x01, 0x0F, 0x64,
    0xD3, 0x9F, 0x21, 0x27, 0x61, 0x84, 0x07, 0x69, 0x8F, 0xB5, 0xA8, 0x8F, 0x95, 0x4D, 0xF5, 0xC2,
    0xA3, 0x08, 0x78, 0x5D, 0xB4, 0xDD, 0x6E, 0x1C, 0x1D, 0xA2, 0x84, 0x7F, 0x83, 0x8C, 0x2C, 0x13,
    0x32, 0x44, 0xD1, 0x84, 0xB5, 0x14, 0x6C, 0xB7, 0x5C, 0x5C, 0xB6, 0x80, 0x3D, 0x86, 0xD6, 0xB9,
    0x7A, 0x58, 0x90, 0xDD, 0xCA, 0x3C, 0x93, 0x1C, 0xB6, 0x00, 0x38, 0xAB, 0x97, 0x23, 0x0B, 0x42,
    0xF7, 0xF7, 0x82, 0x07, 0xC8, 0xF5, 0x9F, 0xCE, 0x24, 0xBF, 0x9E, 0xD4, 0x0F, 0x12, 0x76, 0x40,
    0x51, 0x9E, 0xCD, 0xCF, 0xFA, 0xED, 0xB0, 0x7E, 0x23, 0xCD, 0xDF, 0x0E, 0x23, 0x90, 0x37, 0x27,
    0xF1, 0x74, 0x8E, 0x3E, 0xEF, 0xCF, 0xBE, 0xAE, 0x6E, 0x67, 0x5F, 0x87, 0xB3, 0xC8, 0x93, 0x78,
    0x00, 0xD2, 0x1A, 0x70, 0x00, 0x9E, 0x09, 0xE3, 0x9F, 0x03, 0xD5, 0x00, 0xE4, 0xBF, 0x46, 0x15,
    0x70, 0xC0, 0x19, 0xAF, 0xBD, 0xFB, 0xFA, 0x70, 0xC1, 0xBC, 0x16, 0xC0, 0x2D, 0xB9, 0x1E, 0xAB,
    0x6D, 0xEB, 0xAE, 0xAB, 0xD6, 0xCC, 0xAF, 0xED, 0x1E, 0x55, 0x0F, 0xFD, 0xC6, 0xFB, 0xBF, 0x60,
    0x29, 0xAE, 0x36, 0xDD, 0x7D, 0x00, 0x16, 0xD4, 0x2C, 0xA9, 0xD4, 0xE0, 0xE4, 0xA1, 0x29, 0xF2,
    0x11, 0x28, 0x88, 0x88, 0xC5, 0xCD, 0x32, 0x43, 0xDC, 0xA6, 0xF5, 0x3A, 0x63, 0x4C, 0xC8, 0x76,
    0x25, 0xDA, 0x48, 0x5B, 0xE4, 0x77, 0x22, 0x12, 0xAA, 0x52, 0x08, 0xAE, 0x71, 0x57, 0xAC, 0x73,
    0x32, 0x64, 0x9C, 0x00, 0xFD, 0xE6, 0xCB, 0x06, 0xC0, 0x4E, 0xF3, 0x12, 0x2C, 0x35, 0xA7, 0x69,
    0xA3, 0x36, 0xA9, 0x6F, 0xEF, 0xFD, 0x61, 0xCB, 0xC5, 0xA3, 0x01, 0xC8, 0xDE, 0x8C, 0x8B, 0xC7,
    0x3D, 0x0A, 0x76, 0xCB, 0x38, 0x97, 0x70, 0x75, 0x42, 0x91, 0x6C, 0x14, 0xB1, 0xBD, 0x88, 0x6B,
    0x45, 0xAA, 0x1A, 0xEE, 0x5F, 0xF4, 0xEC, 0x2F, 0x08, 0xB8, 0x5F, 0x0E, 0x22, 0x5F, 0xF5, 0x22,
    0xEC, 0x54, 0x06, 0x95, 0x49, 0x85, 0x22, 0x9D, 0xD6, 0x6B, 0xAA, 0xA0, 0x6D, 0x1B, 0x91, 0x5C,
    0x03, 0x98, 0x7E, 0x09, 0x3A, 0x87, 0x8F, 0xD7, 0x57, 0x62, 0xD3, 0xAB, 0xB4, 0x5B, 0x69, 0x54,
    0xC2, 0x2A, 0xD6, 0x03, 0x2E, 0xE0, 0xA8, 0x98, 0x41, 0x44, 0x73, 0x04, 0xED, 0xE4, 0xCF, 0xE8,
    0xE1, 0xBE, 0x1C, 0x01, 0xF7, 0x6F, 0xBD, 0x08, 0xDB, 0xBD, 0x4E, 0xFE, 0x96, 0x50, 0x1F, 0x1E,
    0x2E, 0x30, 0x88, 0xB8, 0x56, 0xDB, 0x76, 0x6B, 0x94, 0x94, 0x98, 0x8B, 0x6D, 0x55, 0x1A, 0x95,
    0x5A, 0x24, 0x0F, 0x2A, 0xA5, 0x8A, 0xD7, 0x9C, 0xFF, 0x5F, 0xDE, 0x2F, 0xEE, 0x99, 0xB7, 0xC3,
    0xED, 0x62, 0x6D, 0x07, 0x98, 0x46, 0x53, 0xCF, 0xF9, 0xDE, 0x11, 0x8A, 0x70, 0x02, 0x5E, 0x6C,
    0xF4, 0x16, 0x6D, 0x57, 0xA0, 0x05, 0x7F, 0x22, 0x54, 0x1E, 0x11, 0x81, 0x64, 0x04, 0xD2, 0x5E,
    0x87, 0x43, 0x08, 0xEA, 0x64, 0xE6, 0xF8, 0x23, 0xE0, 0x4E, 0x8F, 0x86, 0xDD, 0x89, 0xD8, 0xD9,
    0xBC, 0xB8, 0x9D, 0x49, 0x6C, 0xE1, 0x05, 0x00, 0x4F, 0x84, 0x67, 0x38, 0x9B, 0x97, 0xDB, 0x09,
    0xF4, 0x3A, 0x60, 0x61, 0x7F, 0x02, 0x1D, 0x53, 0x98, 0x50, 0xFC, 0xF3, 0x28, 0x0C, 0x0B, 0xBD,
    0xD0, 0x9D, 0xC2, 0x33, 0xBD, 0x18, 0x22, 0x56, 0x99, 0xD4, 0xDB, 0xA8, 0x1D, 0x1D, 0x54, 0x7A,
    0x15, 0xBC, 0xA9, 0xA8, 0x55, 0xA8, 0xC7, 0x5B, 0xB9, 0x43, 0x37, 0x8B, 0xFA, 0x80, 0xA3, 0x36,
    0x94, 0x1A, 0xB8, 0x95, 0x8B, 0x42, 0x04, 0xEE, 0xD5, 0xB2, 0xDE, 0x4A, 0x87, 0x72, 0x58, 0x59,
    0x43, 0xBD, 0x7C, 0x08, 0x4D, 0xB1, 0x23, 0xC9, 0x88, 0x63, 0xF8, 0x64, 0xB4, 0x21, 0x21, 0x6F,
    0x70, 0xBC, 0x86, 0x9B, 0x3C, 0xDC, 0x08, 0xFC, 0xE1, 0x6E, 0xBD, 0x69, 0xB3, 0x49, 0x48, 0xAE,
    0xDC, 0xED, 0xE2, 0xFA, 0xBA, 0x81, 0x65, 0x83, 0x82, 0x8D, 0xE1, 0xE4, 0x0D, 0x5B, 0x98, 0xAF,
    0x5A, 0x3C, 0xF8, 0x5D, 0x17, 0x17, 0xFE, 0x42, 0xE0, 0x72, 0x83, 0x0E, 0x40, 0xDA, 0x6D, 0x6F,
    0x50, 0x44, 0x1E, 0xAE, 0x4D, 0x7A, 0xD7, 0x0B, 0xC3, 0xC2, 0x24, 0x70, 0xA1, 0xFA, 0xB8, 0x77,
    0x9F, 0x7F, 0xD1, 0xBB, 0xCF, 0x84, 0x9F, 0xFC, 0xAA, 0x77, 0x7F, 0xFD, 0xDF, 0xBD, 0xFB, 0x44,
    0xF8, 0xF8, 0x9B, 0xDE, 0xFD, 0x58, 0x72, 0xFC, 0x48, 0x28, 0x95, 0x4A, 0x28, 0x04, 0x27, 0xE4,
    0xFD, 0xDE, 0x83, 0x01, 0x04, 0xE2, 0xBD, 0x07, 0xC3, 0x9C, 0xF7, 0x67, 0x13, 0xDC, 0xCF, 0x59,
    0xBB, 0xAF, 0xD8, 0xBA, 0xEB, 0xA2, 0xD3, 0xEF, 0xE2, 0x79, 0x35, 0xE6, 0x8E, 0x9C, 0xA9, 0xDF,
    0x47, 0x6E, 0xC6, 0xFB, 0xF6, 0xF9, 0x30, 0xBE, 0xB2, 0xC6, 0x57, 0x5E, 0xB5, 0x82, 0x55, 0xF4,
    0x7B, 0xAB, 0x11, 0xE7, 0xF0, 0x7D, 0x87, 0x95, 0xB3, 0x7B, 0x7B, 0x27, 0x00, 0x8C, 0x2A, 0xC3,
    0x56, 0x3A, 0x95, 0x56, 0x25, 0x19, 0x6D, 0x23, 0x52, 0x0D, 0x22, 0x1C, 0x91, 0xF0, 0xEF, 0x88,
    0x64, 0x8A, 0x45, 0x46, 0xBC, 0x89, 0x9C, 0xE7, 0xEA, 0x48, 0x67, 0x2E, 0x1E, 0xAD, 0xD3, 0x9E,
    0x46, 0x28, 0xEF, 0x7F, 0x55, 0x2C, 0x68, 0x5C, 0xC7, 0x4E, 0x68, 0x84, 0x12, 0x17, 0x1B, 0x0F,
    0x54, 0x0C, 0xBB, 0xB2, 0x5F, 0xF0, 0xED, 0x49, 0x84, 0x6C, 0x90, 0x90, 0x3D, 0xB2, 0xE9, 0xF1,
    0xCD, 0x8E, 0xCB, 0xA4, 0xF3, 0x43, 0xC2, 0x35, 0xA0, 0x9F, 0xA5, 0x06, 0xCB, 0x57, 0xCA, 0xB6,
    0x8A, 0xB6, 0x98, 0xDB, 0x6A, 0x94, 0x39, 0x9E, 0x46, 0x9E, 0x73, 0x2C, 0x7B, 0x12, 0x5B, 0xE6,
    0x72, 0xB8, 0x3E, 0x36, 0xAF, 0xA9, 0xDE, 0xAC, 0x2B, 0x0D, 0x55, 0x99, 0xE8, 0xFA, 0xD1, 0xA8,
    0xE8, 0xFF, 0xF5, 0x98, 0x9E, 0x93, 0x3A, 0x9D, 0xD6, 0xD5, 0x36, 0xDA, 0x76, 0xF9, 0x69, 0x41,
    0xDC, 0x22, 0x1E, 0xD2, 0xFD, 0x9F, 0x16, 0xD0, 0xEB, 0x07, 0xFE, 0xB6, 0xCD, 0xCE, 0xAF, 0x99,
    0xD9, 0xE1, 0x6B, 0xA6, 0x6D, 0x4E, 0x62, 0x78, 0x2E, 0xC6, 0x77, 0x80, 0xFD, 0xCF, 0x09, 0x70,
    0x5F, 0x0C, 0x40, 0xF1, 0x83, 0x0E, 0x98, 0x4C, 0x03, 0x3C, 0xCB, 0xC2, 0xDB, 0x36, 0xAC, 0xE5,
    0x7B, 0x49, 0x83, 0xE2, 0xCB, 0x1E, 0x34, 0x6D, 0x34, 0xDA, 0x3A, 0xE9, 0x5D, 0x19, 0xB7, 0xF9,
    0x69, 0x0C, 0xE7, 0x64, 0x88, 0x29, 0x92, 0xA9, 0x98, 0xB1, 0x7A, 0xEA, 0xF3, 0xA6, 0x28, 0xE1,
    0x82, 0x48, 0x71, 0x23, 0xA5, 0x48, 0x55, 0x16, 0x4F, 0xBD, 0x08, 0xC3, 0x9E, 0xE8, 0x59, 0x95,
    0xB0, 0xB6, 0xD0, 0xB6, 0xB8, 0x89, 0x92, 0x71, 0x8D, 0x3C, 0xE7, 0xE8, 0xD3, 0x0E, 0x86, 0x76,
    0x44, 0xCE, 0x8A, 0x70, 0x9F, 0x8D, 0xD2, 0x32, 0xE9, 0x6D, 0x78, 0x92, 0x74, 0x26, 0x3C, 0x4F,
    0x3A, 0x2B, 0x42, 0xAE, 0xD2, 0x01, 0x2A, 0x90, 0x2A, 0xC6, 0xBB, 0xCF, 0xA6, 0xA2, 0xCC, 0x49,
    0xC2, 0xD0, 0x8D, 0x88, 0xFB, 0xAC, 0xC3, 0x5C, 0x9A, 0xC3, 0xA9, 0xB5, 0xBB, 0x9D, 0x5A, 0x93,
    0xBD, 0x40, 0x2F, 0x04, 0x3E, 0xAD, 0x5A, 0x96, 0xB9, 0x60, 0x3B, 0x96, 0x46, 0xB0, 0xF3, 0xDF,
    0x4F, 0xAB, 0x86, 0x64, 0x3D, 0xD7, 0x1B, 0xC0, 0x8F, 0x95, 0x49, 0x97, 0x5B, 0xC1, 0x52, 0xFF,
    0x55, 0x41, 0x87, 0x6B, 0x69, 0xDB, 0x43, 0x0B, 0x7E, 0x28, 0x10, 0x88, 0xB9, 0x9F, 0xDB, 0x06,
    0x20, 0x02, 0xC8, 0xB4, 0x23, 0xAD, 0xE0, 0xBA, 0x0F, 0x59, 0x75, 0x11, 0x6B, 0x44, 0x2C, 0x05,
    0xBC, 0x92, 0x0F, 0xB9, 0x99, 0xFB, 0xB8, 0x72, 0xAE, 0x7E, 0xAF, 0xB3, 0xE8, 0xA2, 0x14, 0x30,
    0xF3, 0x53, 0xE1, 0xD9, 0xFD, 0xFB, 0x8C, 0xED, 0x84, 0x58, 0x18, 0x80, 0x44, 0xE9, 0x84, 0x56,
    0x68, 0xB0, 0xBF, 0xF5, 0xF4, 0x3F, 0xAF, 0xDE, 0x7A, 0x3A, 0x97, 0x6F, 0xDD, 0x92, 0x31, 0xAD,
    0xEE, 0xC8, 0x13, 0x11, 0x47, 0xA0, 0xEA, 0xB6, 0x0B, 0x53, 0xC0, 0x69, 0xBC, 0x03, 0x62, 0x0F,
    0x4B, 0x58, 0x17, 0x96, 0x09, 0x16, 0x26, 0x21, 0x1E, 0x30, 0x7F, 0x0E, 0xC0, 0x43, 0xE8, 0x6D,
    0xED, 0x67, 0xAB, 0x09, 0xA9, 0x37, 0xFD, 0x23, 0x7D, 0x74, 0xE0, 0x87, 0x30, 0x5A, 0xC3, 0x76,
    0x1A, 0x68, 0x54, 0xE1, 0xBF, 0x03, 0x29, 0xD9, 0x20, 0x56, 0x9F, 0x28, 0xA8, 0xB1, 0x2E, 0xA9,
    0x01, 0x55, 0x22, 0x22, 0x56, 0xC9, 0x42, 0x4C, 0xC8, 0x66, 0xD8, 0x88, 0x9C, 0xEC, 0xE7, 0x16,
    0xB8, 0x9C, 0xB0, 0x94, 0xEF, 0xEC, 0x4F, 0xF5, 0x92, 0x1E, 0xC8, 0x96, 0xA9, 0x1E, 0x3C, 0x70,
    0x79, 0xAD, 0xDD, 0xA8, 0x0D, 0xD9, 0xDA, 0xEB, 0xCB, 0x26, 0x6F, 0xA2, 0x52, 0x1D, 0xE4, 0xFC,
    0x7B, 0x18, 0x52, 0x9F, 0xAF, 0x2D, 0xFE, 0x80, 0x1D, 0x60, 0xFA, 0xDF, 0x17, 0xDC, 0xCB, 0xCB,
    0xCE, 0x91, 0x6D, 0x46, 0x86, 0xA8, 0xBA, 0x06, 0x52, 0xF5, 0x66, 0xB6, 0x3F, 0xC5, 0xAA, 0x2E,
    0x6B, 0x44, 0x63, 0xD6, 0x01, 0x5D, 0xDC, 0xCC, 0x5F, 0x1F, 0x00, 0xDE, 0x9E, 0xE9, 0xBD, 0x5D,
    0xC0, 0x78, 0xAC, 0x7C, 0xDA, 0xE5, 0x75, 0x52, 0x67, 0xEB, 0x2E, 0xE0, 0xFD, 0x0D, 0x7F, 0x9B,
    0x87, 0x46, 0xFA, 0x63, 0x46, 0x22, 0x35, 0x82, 0x5C, 0x8D, 0xC0, 0x1E, 0x18, 0x31, 0x75, 0x42,
    0xE4, 0xD3, 0xE7, 0x23, 0xAC, 0xD6, 0x5B, 0x8D, 0x78, 0x20, 0xAE, 0x01, 0x24, 0xFF, 0x81, 0x65,
    0x8D, 0xE2, 0xF7, 0xAC, 0x88, 0xD5, 0xE4, 0xD9, 0x78, 0xCC, 0xC6, 0xA7, 0x6A, 0xC3, 0xC7, 0x64,
    0xF3, 0x2A, 0x1B, 0x46, 0x6D, 0x70, 0x04, 0x32, 0x0F, 0x98, 0x7F, 0x00, 0xF0, 0x1C, 0xF8, 0xA3,
    0x02, 0x28, 0x26, 0x20, 0xEF, 0x96, 0x11, 0xEB, 0xE3, 0x06, 0xD1, 0xA4, 0xA3, 0x58, 0x7D, 0x5E,
    0x2F, 0x23, 0x6B, 0x88, 0x79, 0xB4, 0xB5, 0xBC, 0xED, 0x41, 0xD5, 0x49, 0x70, 0x93, 0xCD, 0xBF,
    0x0B, 0x9B, 0x0E, 0x27, 0xC1, 0xA7, 0x18, 0xD8, 0x82, 0x64, 0xB8, 0x95, 0x8B, 0x47, 0xE3, 0xC6,
    0xCF, 0x7E, 0x4F, 0x2C, 0x73, 0xC9, 0x06, 0x95, 0x5E, 0xE5, 0x76, 0x95, 0xAC, 0x56, 0x09, 0x2A,
    0xA5, 0x48, 0x55, 0x1E, 0x40, 0xB2, 0x5B, 0xD9, 0xF0, 0xE9, 0x43, 0x3D, 0x76, 0x9C, 0x17, 0xFA,
    0x96, 0xDC, 0x21, 0x17, 0x52, 0x41, 0x4B, 0x32, 0x09, 0xA3, 0x30, 0x08, 0xBD, 0xD0, 0x2E, 0xD4,
    0xCB, 0xF0, 0xEB, 0xAD, 0x1B, 0x8F, 0xF3, 0x4F, 0x49, 0xD7, 0xE1, 0xB7, 0xD3, 0xC1, 0xF0, 0xBF,
    0xBD, 0x4F, 0x4C, 0x75, 0xA6, 0x47, 0xF5, 0x49, 0x27, 0xB4, 0x0B, 0xCD, 0x29, 0x3E, 0x95, 0xD7,
    0x32, 0x92, 0x91, 0xC3, 0x8E, 0x44, 0x8F, 0xC6, 0x0F, 0xEE, 0x6E, 0xA4, 0x28, 0xF7, 0x39, 0xD2,
    0x79, 0x4B, 0x86, 0x95, 0x77, 0xF8, 0xD4, 0xDF, 0x76, 0xFE, 0xE9, 0xFE, 0x90, 0xBE, 0x0B, 0xC4,
    0xF3, 0xA6, 0x58, 0x38, 0xD8, 0x14, 0x0B, 0xE9, 0xF0, 0x66, 0x64, 0x83, 0xBE, 0xFE, 0x2C, 0x13,
    0xC6, 0xD6, 0x90, 0x4D, 0x4A, 0x06, 0x54, 0xD7, 0x38, 0xB6, 0x09, 0xA7, 0x6D, 0xEE, 0x8C, 0xBE,
    0x8A, 0x5D, 0x17, 0xBD, 0xE5, 0x37, 0xBD, 0xE1, 0xCF, 0x7B, 0xDD, 0x2E, 0x3E, 0xF6, 0x2A, 0x73,
    0x0E, 0x2F, 0xC7, 0x36, 0xE1, 0xEE, 0xED, 0xE5, 0xF8, 0x9B, 0xCA, 0x59, 0xFC, 0x1C, 0xD9, 0x84,
    0x3B, 0x8D, 0x27, 0xED, 0x7B, 0x31, 0x00, 0xC3, 0x13, 0x44, 0x9D, 0x43, 0x2C, 0x44, 0x82, 0xFE,
    0xAD, 0xC7, 0xCF, 0xEA, 0x4D, 0x63, 0x57, 0x03, 0xD0, 0x2F, 0xB9, 0xDB, 0x39, 0xBF, 0xFC, 0x3D,
    0x1F, 0xB7, 0x27, 0xF2, 0xA8, 0xE5, 0xBB, 0x49, 0xFD, 0xEA, 0x17, 0xAE, 0x33, 0x79, 0xDB, 0xE6,
    0xFC, 0x64, 0xCD, 0x19, 0x92, 0xCE, 0xF9, 0xB8, 0x79, 0xEF, 0x24, 0x9E, 0xEE, 0xD9, 0xE7, 0xDD,
    0x17, 0xC7, 0x76, 0xEE, 0x33, 0x01, 0xFC, 0x13, 0x90, 0x2D, 0x7B, 0xA8, 0xF9, 0x5F, 0xCD, 0x73,
    0x93, 0x74, 0xBC, 0x67, 0x5F, 0xD3, 0x7E, 0xDE, 0x24, 0xCD, 0x01, 0xFC, 0xA5, 0xF0, 0xFC, 0x8F,
    0x81, 0x62, 0x04, 0x6C, 0x37, 0x3F, 0x40, 0xED, 0xB4, 0xCE, 0x34, 0x59, 0xD4, 0xF3, 0x0F, 0xFC,
    0xD1, 0x25, 0x0D, 0x80, 0x75, 0xA6, 0x59, 0x01, 0x36, 0x88, 0xE4, 0xB3, 0x14, 0x50, 0xF9, 0xFE,
    0x20, 0xF2, 0x83, 0x55, 0xDC, 0x9F, 0x8E, 0xAE, 0x9C, 0xE5, 0x27, 0xCF, 0x55, 0x9E, 0xA8, 0x14,
    0x4E, 0xDE, 0x33, 0xF3, 0x55, 0x3E, 0xB7, 0x85, 0x77, 0x5F, 0x89, 0xE4, 0x93, 0xA9, 0x20, 0x42,
    0xE4, 0xE3, 0x2A, 0x76, 0xC8, 0x88, 0x3B, 0x77, 0x28, 0x19, 0x4C, 0xA8, 0xD2, 0x59, 0x6C, 0x28,
    0xB2, 0x1B, 0x19, 0x6D, 0x70, 0xEF, 0xFF, 0x34, 0x2F, 0xDD, 0xFB, 0x4F, 0x6E, 0x44, 0x52, 0xBE,
    0x2F, 0x79, 0xF3, 0xCF, 0xAC, 0xC3, 0x2C, 0xFF, 0x68, 0x0A, 0x58, 0x4D, 0x6E, 0x35, 0xA5, 0x19,
    0xCD, 0x04, 0x33, 0x64, 0xD3, 0xDD, 0xF3, 0x06, 0xE8, 0x06, 0x24, 0x58, 0xCE, 0x2B, 0x0C, 0x7D,
    0xA2, 0x01, 0xD2, 0x11, 0xE9, 0x98, 0x0D, 0xD0, 0x5F, 0x7A, 0x20, 0xA2, 0x6D, 0xE7, 0x00, 0x28,
    0xB6, 0x8B, 0x3A, 0x96, 0xEB, 0xBC, 0x2D, 0xBB, 0xFB, 0x77, 0xF4, 0xDE, 0x3B, 0xC0, 0xB6, 0x43,
    0xFB, 0xEF, 0x00, 0x72, 0xB8, 0x0A, 0xBB, 0x4B, 0x1E, 0xF1, 0x84, 0xAC, 0x4F, 0x06, 0x69, 0x2F,
    0x11, 0x12, 0x7D, 0x6B, 0x88, 0x27, 0x6D, 0x46, 0xD3, 0x88, 0x58, 0xED, 0xD5, 0x65, 0x58, 0x82,
    0xE6, 0x5C, 0x4D, 0x9B, 0x71, 0x6F, 0xFA, 0xA4, 0x0D, 0xDE, 0xB9, 0x14, 0x31, 0xAC, 0x55, 0xCA,
    0xA5, 0x46, 0x4C, 0xDB, 0xBD, 0x52, 0xB4, 0xBC, 0xE5, 0x4F, 0xE8, 0x2E, 0x8B, 0xFD, 0x05, 0x39,
    0xAC, 0x5C, 0x6C, 0x2E, 0x07, 0xC0, 0x75, 0x40, 0xD5, 0x20, 0x62, 0x40, 0x42, 0x0F, 0x1D, 0x7A,
    0xAB, 0x87, 0xDB, 0x9D, 0xC3, 0x40, 0x36, 0xEE, 0x1C, 0x7E, 0xB9, 0xF9, 0xA0, 0x22, 0x87, 0x95,
    0xE3, 0xBB, 0x80, 0x73, 0x5E, 0x47, 0x76, 0x2B, 0x17, 0x9B, 0x42, 0xDD, 0x36, 0x88, 0x59, 0x42,
    0xF3, 0xE5, 0x3D, 0x20, 0x87, 0x34, 0x57, 0xCA, 0x25, 0xCF, 0xD5, 0x66, 0x6F, 0x23, 0xE3, 0xD8,
    0x4F, 0x6E, 0xCF, 0xE1, 0xE9, 0x58, 0xBE, 0x7B, 0x7B, 0x39, 0xBE, 0xC8, 0x7F, 0x36, 0x4F, 0x47,
    0xF2, 0x9E, 0xCC, 0xDB, 0xFF, 0x02, 0xAD, 0x94, 0x81, 0xA7, 0x2D, 0x55, 0x14, 0xC6, 0xBF, 0x39,
    0xF3, 0x74, 0x30, 0x6A, 0x07, 0x05, 0x57, 0x0D, 0x00, 0x51, 0xFB, 0x2F, 0xC8, 0x9E, 0x40, 0x00,
    0x17, 0x1E, 0xB8, 0xF4, 0x00, 0x08, 0x0E, 0x84, 0x80, 0x99, 0x7F, 0x22, 0x10, 0x40, 0x7F, 0x44,
    0xF0, 0x9A, 0x01, 0x42, 0x30, 0xC9, 0x15, 0xC0, 0x24, 0x17, 0x09, 0x6D, 0x0C, 0xE6, 0x68, 0xEF,
    0xFD, 0xF5, 0xAD, 0x6B, 0x9C, 0xE3, 0x5D, 0x7A, 0x92, 0xB7, 0xF8, 0x7E, 0x73, 0xEC, 0x59, 0xEB,
    0xDB, 0x6B, 0x1F, 0x6B, 0x36, 0x80, 0x76, 0x7E, 0x8A, 0x1B, 0x72, 0x02, 0x85, 0x9A, 0x2C, 0x68,
    0xCA, 0x8B, 0x0C, 0xB7, 0xD6, 0x84, 0x8F, 0x15, 0x11, 0x16, 0xB0, 0x33, 0x0C, 0x61, 0xFE, 0x17,
    0xEC, 0x29, 0x82, 0x55, 0x58, 0xED, 0xA3, 0x4B, 0x82, 0xFC, 0x36, 0x80, 0x5C, 0x80, 0x9B, 0x02,
    0x8B, 0x2F, 0xA5, 0xF1, 0xA2, 0x13, 0xA9, 0x14, 0x3A, 0x32, 0xF9, 0x73, 0x1F, 0xC3, 0xEC, 0xB6,
    0x7E, 0x3A, 0xA6, 0x71, 0xA8, 0x13, 0x87, 0x3A, 0x9B, 0xEC, 0xB7, 0xAD, 0xD9, 0x3B, 0xE5, 0xAC,
    0xCA, 0x5D, 0x54, 0x33, 0xE0, 0xB4, 0x41, 0x11, 0x86, 0x57, 0xD1, 0x29, 0x97, 0x06, 0x42, 0xC8,
    0x86, 0xF4, 0xBF, 0xD0, 0x24, 0x84, 0xA9, 0xD9, 0x60, 0xFB, 0xC2, 0x9A, 0x83, 0xED, 0x8C, 0x23,
    0x39, 0x01, 0xE3, 0x19, 0x16, 0x1F, 0x19, 0x42, 0x77, 0x85, 0x2A, 0x68, 0x20, 0x84, 0x6C, 0xD8,
    0xFE, 0x13, 0x16, 0x27, 0x9C, 0xFB, 0x0D, 0x2D, 0xFF, 0xDE, 0xE0, 0xF8, 0xD3, 0x86, 0xAA, 0xE8,
    0x05, 0xF0, 0x4C, 0xC2, 0x27, 0x86, 0x71, 0x00, 0x0E, 0x05, 0x40, 0x15, 0x05, 0x74, 0x52, 0x93,
    0x85, 0xC0, 0x0E, 0x78, 0xE9, 0x26, 0x20, 0x19, 0x5E, 0xB6, 0xD3, 0xBE, 0xA6, 0xFA, 0x3D, 0x5A,
    0x0A, 0x9E, 0x7B, 0x32, 0x7A, 0xDA, 0x11, 0x0C, 0xEC, 0x67, 0x21, 0x2C, 0xA8, 0xE8, 0xA3, 0xDC,
    0xDB, 0x88, 0x3A, 0xBB, 0x15, 0x75, 0x52, 0x43, 0xC7, 0xD4, 0x24, 0x34, 0xE7, 0xBB, 0x64, 0x27,
    0xCF, 0x86, 0x82, 0x96, 0x24, 0xFC, 0x62, 0x63, 0x31, 0xC3, 0x8E, 0x0A, 0x0E, 0xFD, 0x84, 0x71,
    0x52, 0x77, 0x7A, 0xE2, 0x5D, 0x00, 0xDF, 0x43, 0x26, 0x80, 0x6C, 0xD0, 0x0C, 0x40, 0x05, 0x40,
    0xE6, 0x15, 0x33, 0xEA, 0xB5, 0x47, 0x1D, 0x03, 0x0E, 0x7A, 0x82, 0x09, 0x72, 0x02, 0x2C, 0xC6,
    0x0D, 0x0D, 0xD9, 0x79, 0x72, 0xF2, 0x0F, 0xE3, 0xD2, 0x58, 0x01, 0xDA, 0x47, 0x1D, 0xC8, 0xD8,
    0x4A, 0x61, 0x6E, 0x63, 0x3F, 0x99, 0x7C, 0xEC, 0x1F, 0xC6, 0x2D, 0xF0, 0xCF, 0xD2, 0xF2, 0xC7,
    0xF2, 0x56, 0xA9, 0x0A, 0xF6, 0xF8, 0xDA, 0x60, 0x27, 0xAC, 0x08, 0xA0, 0x4E, 0xC2, 0x71, 0x15,
    0xDC, 0x62, 0x98, 0xB0, 0x37, 0x43, 0x2E, 0x08, 0x17, 0xF4, 0xE3, 0x7D, 0x87, 0xDE, 0x9A, 0x1F,
    0x83, 0x40, 0x43, 0x11, 0xAA, 0x12, 0xEE, 0xBB, 0x43, 0x0E, 0x9C, 0xEB, 0x74, 0x41, 0x56, 0x9E,
    0x8D, 0x00, 0x1A, 0x83, 0xA3, 0x21, 0x2A, 0xB9, 0x8D, 0x4A, 0xF6, 0x4B, 0xE0, 0x12, 0x66, 0xC3,
    0x24, 0x00, 0xB0, 0xF8, 0xC0, 0x10, 0x66, 0x41, 0xB5, 0x7B, 0x7B, 0x05, 0xD6, 0x9E, 0x21, 0x0A,
    0xB8, 0x05, 0x8E, 0x5B, 0xB3, 0xA2, 0xA5, 0xCF, 0x08, 0x1C, 0x89, 0xFE, 0x45, 0xEE, 0xBB, 0x8F,
    0x9B, 0xB5, 0xD5, 0x76, 0xD1, 0x19, 0xDA, 0xA9, 0x21, 0x39, 0x05, 0x43, 0xFF, 0x79, 0x04, 0xCA,
    0xD1, 0xD0, 0xAC, 0xAE, 0xE3, 0x17, 0xA5, 0x1F, 0xC6, 0x44, 0x22, 0x6C, 0x21, 0xA3, 0x59, 0x64,
    0xB5, 0xC7, 0x87, 0x4F, 0x36, 0x97, 0xAA, 0x7C, 0xDD, 0xFC, 0x99, 0x6D, 0xEE, 0x3B, 0xDC, 0xC8,
    0x00, 0x24, 0x51, 0x93, 0x19, 0xFB, 0x05, 0x70, 0x24, 0x7C, 0x74, 0x44, 0x58, 0xBC, 0x7D, 0xDD,
    0xC1, 0x3E, 0xF6, 0x1F, 0x84, 0x9F, 0x93, 0xF0, 0xCB, 0x2A, 0xFC, 0x1A, 0x85, 0xBF, 0x66, 0x81,
    0x83, 0x52, 0x08, 0x76, 0xBE, 0x54, 0x44, 0x9B, 0xEA, 0x02, 0x67, 0x17, 0x80, 0x23, 0x6D, 0xA8,
    0xB9, 0x20, 0x7C, 0x5B, 0x00, 0x0F, 0x45, 0x85, 0x6B, 0xBC, 0x6D, 0xF0, 0xAF, 0xFF, 0x73, 0x74,
    0x86, 0x9B, 0x7C, 0xED, 0x2F, 0xA1, 0x79, 0x74, 0x5E, 0x5D, 0x41, 0x1B, 0xBD, 0x8D, 0xE3, 0x48,
    0x84, 0xDF, 0x92, 0x3A, 0xF8, 0x3D, 0xDA, 0x10, 0x4D, 0x44, 0xCB, 0xCF, 0x08, 0x57, 0xEA, 0xFD,
    0x36, 0x6B, 0x5E, 0x6D, 0xA3, 0xC5, 0x25, 0x6E, 0x4A, 0x07, 0xD8, 0xDB, 0xFD, 0xEA, 0xBB, 0x33,
    0x67, 0x7C, 0x05, 0x17, 0x01, 0xB4, 0xAB, 0xE0, 0xB2, 0x81, 0x7F, 0x00, 0x47, 0x33, 0x38, 0x58,
    0x07, 0xE8, 0x59, 0x00, 0x9C, 0x28, 0x1C, 0x0C, 0x15, 0x71, 0x30, 0x34, 0xD3, 0x81, 0xF0, 0x67,
    0x6D, 0xE9, 0xCD, 0xD4, 0x2A, 0x94, 0x56, 0xB0, 0x87, 0xDB, 0x0C, 0xAB, 0x21, 0x5E, 0xE7, 0xF2,
    0x82, 0xCE, 0x3C, 0xCF, 0xD6, 0xCA, 0xEC, 0x6C, 0xEC, 0xCF, 0xA7, 0xC5, 0x2F, 0xD5, 0xE0, 0x17,
    0xC0, 0xF3, 0x3B, 0x68, 0x6D, 0xB0, 0xCF, 0x01, 0xEF, 0x73, 0x35, 0xAF, 0x77, 0xA4, 0xF0, 0x70,
    0x5A, 0x83, 0xD6, 0x6C, 0x1E, 0xAB, 0xFD, 0x5A, 0x42, 0x58, 0xA4, 0x59, 0x9A, 0xA4, 0x41, 0x02,
    0x60, 0xFA, 0xD4, 0x1A, 0x57, 0xE2, 0x15, 0xEF, 0xDD, 0xE5, 0xE7, 0x1D, 0x8E, 0x09, 0x78, 0xC3,
    0xD8, 0xA3, 0x49, 0x86, 0xCD, 0x10, 0x2F, 0xA7, 0x9E, 0x2F, 0x07, 0x1E, 0x84, 0x51, 0x78, 0x22,
    0x92, 0x2B, 0x77, 0x3D, 0xE7, 0x37, 0xB7, 0xB6, 0xF6, 0x7A, 0xDD, 0xDF, 0xA2, 0xE7, 0x0A, 0x2F,
    0x1D, 0x25, 0x8B, 0xBA, 0x48, 0x59, 0x4A, 0xD2, 0x26, 0xC5, 0x5D, 0x33, 0xFE, 0x01, 0x4D, 0x8E,
    0x01, 0x66, 0xC4, 0x40, 0x14, 0x86, 0xBF, 0xEC, 0x2C, 0x8B, 0x41, 0x0A, 0x4B, 0x6B, 0x91, 0x1B,
    0x34, 0x37, 0xD8, 0xC9, 0x25, 0x0A, 0xA0, 0x50, 0xD0, 0x33, 0x74, 0x3B, 0xD1, 0x5E, 0xA0, 0xC7,
    0x59, 0x6C, 0x9B, 0xA1, 0x17, 0x88, 0x42, 0x01, 0x02, 0x40, 0x61, 0x10, 0x4C, 0x99, 0xC9, 0xEB,
    0xAB, 0x6A, 0xD5, 0xF7, 0x1B, 0xE3, 0x7F, 0xF8, 0x3F, 0xB0, 0xC1, 0x8D, 0x4D, 0xB4, 0xB3, 0xC9,
    0xCC, 0x00, 0x4C, 0xD5, 0x62, 0x8A, 0x4D, 0x75, 0x6C, 0x43, 0xDB, 0x55, 0x20, 0x18, 0x09, 0xB5,
    0xC4, 0xF6, 0x23, 0xF9, 0x87, 0xB2, 0xE7, 0xB8, 0xE6, 0xAC, 0x82, 0xF6, 0xF3, 0xC6, 0x4B, 0x76,
    0x52, 0xD6, 0xBB, 0x79, 0x7B, 0xD5, 0x79, 0x19, 0x7F, 0xA2, 0xD7, 0x03, 0x07, 0x4F, 0x71, 0xEF,
    0xB9, 0x91, 0xD9, 0xCA, 0x54, 0x49, 0xE7, 0xC7, 0x5F, 0x86, 0xD7, 0xF2, 0x3F, 0xDB, 0x6E, 0xC8,
    0x43, 0x19, 0x0A, 0x79, 0x95, 0x4C, 0xE4, 0x69, 0x95, 0xA8, 0x05, 0x77, 0x1D, 0xF6, 0x36, 0xDC,
    0xDB, 0x51, 0x5F, 0xFD, 0x6B, 0xA3, 0x3D, 0x80, 0xED, 0x8F, 0xD4, 0x51, 0x68, 0xDF, 0x0A, 0xEE,
    0x31, 0x31, 0xD8, 0xC8, 0xDD, 0x26, 0x00, 0xA0, 0xC3, 0x97, 0x9C, 0x54, 0x51, 0x45, 0x55, 0x57,
    0xA5, 0x11, 0x4C, 0xDC, 0x4C, 0x76, 0xAA, 0xA7, 0x66, 0x74, 0x8A, 0xF4, 0xD2, 0x09, 0xC2, 0x42,
    0x56, 0x58, 0xBE, 0xB9, 0x5D, 0x74, 0x3F, 0xF9, 0xF1, 0x8F, 0xA0, 0x74, 0x03, 0x2F, 0x3C, 0x93,
    0xA9, 0x7A, 0x4C, 0xC0, 0xF4, 0x6C, 0x16, 0x70, 0x5C, 0x78, 0x9C, 0xB0, 0x4B, 0x70, 0x32, 0x53,
    0xD3, 0x39, 0xDC, 0xB9, 0x5B, 0x6C, 0xFA, 0x02, 0xD5, 0x9B, 0x31, 0x8C, 0xDD, 0xC8, 0x79, 0xC7,
    0xFF, 0x7C, 0xB4, 0x4C, 0x23, 0x04, 0xC2, 0x14, 0x56, 0x1C, 0xC0, 0x05, 0x53, 0x07, 0x08, 0xD8,
    0x17, 0xC1, 0xD0, 0xBE, 0xC2, 0x85, 0x8B, 0x6C, 0xE1, 0x3D, 0x15, 0x02, 0xB2, 0xBD, 0x9B, 0x6D,
    0x52, 0xA4, 0x49, 0x86, 0x67, 0x17, 0x2E, 0x5C, 0x58, 0x45, 0xE4, 0x2B, 0x5C, 0xB8, 0x49, 0x95,
    0xC6, 0xAD, 0x8B, 0xE0, 0x66, 0x74, 0x2A, 0xAE, 0xB8, 0xE2, 0x18, 0x1F, 0xD6, 0x8D, 0x0B, 0xF3,
    0xEC, 0x13, 0x82, 0x20, 0x85, 0x28, 0x87, 0xCA, 0x71, 0x7D, 0x43, 0xFE, 0xF3, 0x7D, 0xE4, 0x7B,
    0xDC, 0xF7, 0x9E, 0x9E, 0x76, 0xB5, 0x59, 0xED, 0x02, 0xA1, 0xF7, 0xF7, 0x93, 0xCD, 0x19, 0xCE,
    0x70, 0xF8, 0xC8, 0x99, 0x8F, 0x33, 0x34, 0x74, 0xFB, 0x25, 0x90, 0x04, 0x60, 0x35, 0x02, 0xA0,
    0x60, 0x2A, 0x20, 0x2F, 0xA1, 0x9B, 0x23, 0xEB, 0x85, 0xB3, 0xE3, 0xD2, 0x49, 0xD2, 0x0E, 0xBA,
    0x8F, 0xF4, 0x0B, 0xBA, 0xEF, 0x70, 0x9E, 0x7A, 0x43, 0xF1, 0x82, 0xE5, 0x3E, 0x00, 0x6E, 0xAD,
    0x3E, 0x92, 0x25, 0x2E, 0x74, 0xCC, 0xC7, 0x00, 0x58, 0x1E, 0xD0, 0x2F, 0x3A, 0x11, 0x47, 0x15,
    0x45, 0xBF, 0x66, 0x25, 0x09, 0x93, 0x9C, 0x7F, 0x13, 0x01, 0x8B, 0xEE, 0xAB, 0x1C, 0x2B, 0x15,
    0x44, 0x3D, 0xA6, 0x2D, 0xAE, 0xE7, 0x6B, 0x9D, 0x75, 0x40, 0xDE, 0x00, 0xC6, 0x03, 0xB6, 0x04,
    0x3E, 0x00, 0xF0, 0x35, 0x4C, 0x27, 0xB8, 0xF0, 0xF8, 0x18, 0xAC, 0x70, 0x63, 0x70, 0x7A, 0x8E,
    0x15, 0xE9, 0x53, 0xB2, 0xCD, 0xCF, 0x4F, 0x83, 0x69, 0x92, 0xC1, 0xFA, 0xF8, 0x73, 0xE7, 0xD7,
    0x79, 0xD8, 0x5E, 0x70, 0x76, 0x34, 0xEF, 0xF3, 0xDA, 0x8A, 0xD5, 0x23, 0x5B, 0xC7, 0x83, 0x69,
    0xD3, 0x90, 0x0F, 0xA7, 0xBD, 0x1E, 0xAF, 0xE5, 0x68, 0x79, 0xF8, 0xE6, 0x58, 0xEA, 0x91, 0x3D,
    0x62, 0x72, 0x44, 0x3A, 0x3E, 0x0C, 0xDA, 0xA4, 0xBF, 0x47, 0xD6, 0x02, 0xC8, 0x3B, 0x51, 0x36,
    0xA8, 0xF8, 0x9F, 0x40, 0x42, 0x36, 0x7A, 0x06, 0x01, 0xB0, 0x1C, 0xF5, 0x84, 0x28, 0x5A, 0xA9,
    0x22, 0x62, 0xA5, 0x4A, 0xFD, 0x8A, 0x28, 0xCE, 0x4F, 0x06, 0x14, 0x5A, 0xA8, 0x1E, 0x21, 0xD9,
    0xE6, 0x1F, 0xA2, 0xDE, 0x70, 0xEC, 0xCE, 0x4A, 0x58, 0x8F, 0xEB, 0xA2, 0xC7, 0x2D, 0xE5, 0x5C,
    0x71, 0xFF, 0xDD, 0x46, 0x7D, 0x31, 0xD9, 0x6E, 0x88, 0x8E, 0x4F, 0x5B, 0xA0, 0x78, 0x23, 0x22,
    0xC1, 0x55, 0x82, 0x37, 0x8D, 0x79, 0xC9, 0xBA, 0x98, 0x7E, 0xC4, 0x11, 0x70, 0x9F, 0x23, 0x22,
    0xCB, 0x6D, 0x0D, 0x4E, 0x14, 0xEC, 0x9E, 0x1E, 0xA9, 0x46, 0x15, 0xFD, 0x4A, 0xD4, 0x88, 0x4E,
    0x5A, 0xD1, 0x77, 0xDB, 0x55, 0x6F, 0xBF, 0xDB, 0xC5, 0x93, 0x3A, 0x51, 0xD2, 0xCA, 0xBE, 0xBC,
    0xB5, 0xBF, 0x68, 0x4D, 0x6D, 0x59, 0x1B, 0x6F, 0x59, 0xFD, 0x0D, 0xEC, 0x00, 0xF3, 0xC3, 0x80,
    0x2B, 0x35, 0x94, 0x30, 0xEF, 0xB3, 0x87, 0x21, 0x39, 0xA9, 0x32, 0x0C, 0xD6, 0x4B, 0x6A, 0x31,
    0xA9, 0xDE, 0x91, 0xEE, 0x1B, 0x9C, 0x88, 0x2C, 0x45, 0x23, 0x44, 0x9F, 0xE3, 0x8D, 0x9E, 0xD2,
    0x6F, 0xA9, 0xD8, 0xAB, 0x88, 0x75, 0xEE, 0xF7, 0xAE, 0xF1, 0x80, 0x4E, 0x9A, 0xB6, 0x7F, 0x10,
    0xA6, 0xAB, 0x07, 0xC4, 0x03, 0x90, 0xF4, 0x40, 0xD6, 0x0A, 0x1E, 0x88, 0x4A, 0x18, 0x1F, 0x07,
    0xE3, 0x53, 0x21, 0xEB, 0x8C, 0xCF, 0x5B, 0xE3, 0x8B, 0xC6, 0x78, 0xA3, 0xD7, 0xC5, 0x1B, 0xCF,
    0xD2, 0x9C, 0x69, 0x3B, 0x07, 0xA1, 0x17, 0x88, 0x69, 0x9F, 0x77, 0x95, 0xA6, 0xCF, 0xF9, 0x8A,
    0x56, 0x8E, 0x3D, 0x17, 0x68, 0x7C, 0x22, 0x44, 0xC4, 0x57, 0x00, 0xFC, 0x23, 0xA6, 0x2A, 0xE1,
    0xAA, 0xF9, 0xD9, 0xCF, 0x1A, 0x20, 0xA9, 0xA1, 0x9B, 0xAD, 0x92, 0x60, 0xAB, 0x4C, 0xC8, 0x05,
    0x23, 0x58, 0x81, 0xC1, 0xBE, 0x27, 0xFC, 0x50, 0xF9, 0x32, 0xD8, 0x1F, 0xFF, 0x77, 0xB0, 0x3F,
    0xF9, 0x7D, 0xB0, 0xA7, 0x4F, 0x83, 0x75, 0x3F, 0x0C, 0x96, 0xEF, 0x08, 0x71, 0xB0, 0x83, 0x10,
    0x84, 0x4E, 0x68, 0x85, 0x5A, 0x90, 0x36, 0xE0, 0x2F, 0x56, 0x7A, 0x23, 0xC4, 0x1D, 0xA2, 0x21,
    0x69, 0x01, 0x9E, 0x88, 0x2C, 0x6B, 0xA0, 0x60, 0x05, 0x24, 0x03, 0xE6, 0xCD, 0xD6, 0xB0, 0xDE,
    0x34, 0x60, 0x55, 0xB4, 0x60, 0x99, 0x75, 0xFA, 0x4C, 0x86, 0x78, 0x44, 0x22, 0x85, 0x22, 0x1E,
    0x93, 0x80, 0x88, 0x69, 0x07, 0xF0, 0x6F, 0x5B, 0xC0, 0xFD, 0x5C, 0x7B, 0xAE, 0xE7, 0xB5, 0x88,
    0x1E, 0xC8, 0xB5, 0xA8, 0x8C, 0x00, 0x52, 0x55, 0x3C, 0xA8, 0x02, 0x10, 0x3D, 0xE8, 0x81, 0x98,
    0x9D, 0xAA, 0x51, 0x95, 0xDA, 0xE6, 0xB4, 0xBF, 0x31, 0x67, 0x27, 0xBD, 0x21, 0x17, 0x90, 0xB7,
    0xD8, 0xE1, 0xDE, 0x91, 0x9E, 0x14, 0x80, 0x42, 0x65, 0xB4, 0x5E, 0x3B, 0xF5, 0x68, 0x2A, 0xDA,
    0x5A, 0x64, 0x1A, 0x44, 0x2C, 0x5A, 0xAC, 0x46, 0x39, 0x20, 0x1E, 0xB2, 0x0E, 0x71, 0xC8, 0x7A,
    0x24, 0x21, 0x0D, 0x48, 0xCF, 0xB5, 0x37, 0x23, 0x07, 0xD5, 0x88, 0x9C, 0x24, 0x8A, 0x26, 0x22,
    0x4C, 0x0D, 0xFD, 0x99, 0xC1, 0xCA, 0x7A, 0x38, 0xEF, 0x2A, 0xBD, 0x68, 0x64, 0xB3, 0xF0, 0xEC,
    0xB8, 0x94, 0x3C, 0xD8, 0x81, 0xA3, 0xC0, 0x5A, 0xE8, 0xCC, 0x33, 0xE9, 0x7D, 0xEB, 0x44, 0x88,
    0x87, 0x0B, 0x92, 0xA0, 0xFB, 0x35, 0x7D, 0xCE, 0x37, 0x82, 0xF3, 0xE3, 0xA0, 0x54, 0x7C, 0x4C,
    0xCF, 0xCA, 0xD4, 0x42, 0xB3, 0xFE, 0xD7, 0xCB, 0xBE, 0x4A, 0x4F, 0x4F, 0x99, 0xF2, 0x54, 0x56,
    0xD2, 0xF2, 0xF6, 0x82, 0xA2, 0xE5, 0x63, 0xD7, 0x72, 0x3D, 0xF8, 0x91, 0xFD, 0xED, 0x8C, 0x2C,
    0x64, 0xD8, 0xD1, 0x03, 0x55, 0x7C, 0xA5, 0x46, 0x51, 0xA4, 0x5A, 0x0D, 0xAA, 0x20, 0x8A, 0x55,
    0x49, 0x2F, 0xCA, 0xCF, 0x1F, 0x0C, 0x3A, 0x7C, 0xD3, 0x6F, 0xA9, 0x84, 0xD9, 0xD7, 0xF7, 0x81,
    0xBF, 0xAA, 0x6E, 0x23, 0x5C, 0x70, 0x71, 0x5F, 0x78, 0xFB, 0x4E, 0x6F, 0xA4, 0x87, 0xEA, 0x4D,
    0x35, 0xEB, 0x69, 0x6F, 0xCB, 0xE2, 0x69, 0xEF, 0x90, 0xAB, 0xB2, 0x4F, 0xFB, 0x11, 0xD9, 0x7F,
    0x0C, 0x03, 0x62, 0xB2, 0xC7, 0x8A, 0xEC, 0xE6, 0x1B, 0x26, 0xFF, 0x7D, 0x4F, 0x14, 0x9F, 0x8A,
    0x8C, 0xE4, 0x2B, 0x45, 0x76, 0x52, 0x65, 0xA5, 0x94, 0xB9, 0x50, 0xA7, 0xA2, 0xD4, 0x51, 0x6B,
    0x50, 0x90, 0x92, 0xD5, 0x7C, 0xEB, 0xB8, 0x36, 0x43, 0xD1, 0x01, 0xD9, 0x9A, 0xBC, 0xC5, 0x7D,
    0x57, 0xC3, 0x8E, 0x98, 0x61, 0x83, 0x39, 0xBD, 0x17, 0xC2, 0x57, 0xE4, 0xDF, 0x1C, 0x79, 0xAF,
    0xC7, 0xE9, 0x49, 0xE7, 0x64, 0x19, 0xB9, 0xCF, 0x6F, 0xA7, 0x13, 0x39, 0xFA, 0x1A, 0xD2, 0x36,
    0xF7, 0x69, 0x5B, 0xF8, 0xF8, 0xDC, 0x56, 0x2B, 0x12, 0xE0, 0x00, 0x14, 0xCD, 0xAD, 0x75, 0x5C,
    0xB7, 0xD2, 0x01, 0x3B, 0x12, 0xDB, 0xFA, 0xA9, 0xEA, 0x5B, 0x57, 0x8A, 0x93, 0xA2, 0xB5, 0x22,
    0xD5, 0x6A, 0x14, 0xC5, 0x83, 0xE8, 0x9B, 0x41, 0xE4, 0x3A, 0x55, 0x2D, 0xFA, 0x00, 0x22, 0xD6,
    0xE9, 0xC0, 0x36, 0x13, 0xF2, 0x81, 0x5D, 0x31, 0x30, 0x18, 0xC1, 0x0E, 0xE3, 0xF8, 0xC1, 0x40,
    0x37, 0x0C, 0x34, 0xE7, 0xC2, 0xCB, 0x81, 0xF9, 0x8B, 0x81, 0xD9, 0x67, 0x03, 0xD3, 0x27, 0x03,
    0x13, 0x21, 0x7E, 0x6F, 0xE0, 0x2A, 0x1A, 0x88, 0x57, 0xB9, 0x6E, 0xA7, 0x78, 0x55, 0x7E, 0x45,
    0xA2, 0x38, 0x00, 0x64, 0x33, 0xDF, 0xC6, 0xE9, 0x78, 0xA2, 0x51, 0x5C, 0x3C, 0x6A, 0xEC, 0x41,
    0x98, 0x06, 0x2C, 0x67, 0xD5, 0x60, 0x75, 0x50, 0x4B, 0x16, 0x3D, 0x62, 0x3E, 0x56, 0x4B, 0x99,
    0xCB, 0x9B, 0x4A, 0x9E, 0xEA, 0xD8, 0x39, 0x31, 0x3D, 0x51, 0x9F, 0xDE, 0x98, 0xAD, 0x4E, 0xAD,
    0x9E, 0x3A, 0xBB, 0xAA, 0x10, 0xF2, 0x6E, 0xE1, 0x50, 0x27, 0x78, 0x55, 0x87, 0x56, 0x5C, 0x84,
    0xCA, 0x1A, 0xF2, 0x6A, 0xE8, 0xAB, 0x9D, 0xB4, 0xF5, 0xAB, 0x29, 0x70, 0xD8, 0x40, 0xC1, 0x6D,
    0xA1, 0xE9, 0x92, 0x2F, 0xEC, 0x87, 0xCA, 0x5A, 0x9E, 0x25, 0xE9, 0x2F, 0x74, 0xFF, 0xE1, 0x70,
    0x5C, 0x4E, 0xAF, 0x00, 0x6F, 0x57, 0x77, 0x36, 0x86, 0xEF, 0xD4, 0x9B, 0xAA, 0x1C, 0xEB, 0xF9,
    0x07, 0xBF, 0xE8, 0x02, 0xE7, 0x8E, 0xEF, 0xA2, 0xFB, 0x54, 0x59, 0x91, 0x57, 0xED, 0xF7, 0xAB,
    0xDA, 0x5F, 0xCE, 0x43, 0x6D, 0x42, 0xEA, 0x49, 0x4E, 0xB7, 0xCD, 0xB0, 0x5D, 0x91, 0x69, 0xB5,
    0x59, 0xDD, 0x8A, 0xC8, 0xB4, 0x45, 0xE9, 0x90, 0xEA, 0x3D, 0x96, 0xF5, 0x92, 0x59, 0x07, 0x7C,
    0xBA, 0x7A, 0x3D, 0xC4, 0x1B, 0x96, 0xEB, 0xB1, 0x3F, 0x1B, 0x37, 0x01, 0x80, 0xD5, 0xB6, 0x91,
    0xB5, 0x64, 0x96, 0x72, 0xE2, 0x31, 0xEF, 0xA4, 0xCC, 0x2C, 0x20, 0xEB, 0xD3, 0x01, 0x79, 0x1B,
    0xEB, 0xAD, 0xBE, 0x62, 0x69, 0x3D, 0xE8, 0x9D, 0x2F, 0xDA, 0x1B, 0x73, 0x66, 0x5F, 0x3A, 0x92,
    0x1B, 0x00, 0xEC, 0xF3, 0xAF, 0x2C, 0xD3, 0xFE, 0xB5, 0x54, 0x33, 0xCE, 0xA7, 0xBD, 0x7D, 0x79,
    0x3A, 0x3D, 0x35, 0x99, 0x10, 0xF1, 0x79, 0x0F, 0xA4, 0xAF, 0x65, 0xBA, 0xA2, 0x6F, 0x5D, 0xEF,
    0x4B, 0x8F, 0x6F, 0x48, 0x6E, 0xEB, 0xBB, 0xED, 0x88, 0xB7, 0xAE, 0x9F, 0xBD, 0x1C, 0x4B, 0x2D,
    0xDE, 0x5F, 0x08, 0x40, 0x76, 0x40, 0x7F, 0x52, 0x91, 0x00, 0x2E, 0xF4, 0xAE, 0x2A, 0xDA, 0xD7,
    0xB1, 0x8A, 0x9D, 0x6A, 0x54, 0xB1, 0xD4, 0xBE, 0xBB, 0xD2, 0xAE, 0xDA, 0x8B, 0xEC, 0xAE, 0x74,
    0xDF, 0xBB, 0x9A, 0x4A, 0x22, 0x5A, 0xEE, 0x43, 0x53, 0xC9, 0xDF, 0x15, 0xFA, 0x67, 0x15, 0x2B,
    0x55, 0xAB, 0xEA, 0x45, 0x3F, 0x0A, 0xA2, 0xF7, 0x86, 0x57, 0xF5, 0x03, 0xD5, 0xCF, 0x34, 0x95,
    0x9D, 0xAA, 0x51, 0x95, 0xA2, 0x1A, 0x78, 0x2D, 0xCF, 0x8E, 0x60, 0xC8, 0x52, 0x68, 0x84, 0xCE,
    0xD4, 0xD9, 0x65, 0x71, 0x64, 0xBB, 0x89, 0x23, 0xE1, 0x3A, 0xA4, 0x64, 0x59, 0x90, 0xB5, 0x7D,
    0x69, 0x5B, 0xE7, 0xB3, 0xEE, 0xB4, 0x4C, 0x03, 0x90, 0x08, 0xF1, 0x80, 0x82, 0x1B, 0x46, 0xDC,
    0x7B, 0x30, 0xAC, 0x5F, 0x85, 0x86, 0x44, 0xD2, 0x59, 0x65, 0xC1, 0xF9, 0xBC, 0x33, 0xE7, 0xAE,
    0xCD, 0xC9, 0x3A, 0x21, 0x4B, 0x2D, 0xCF, 0x54, 0x45, 0x03, 0x23, 0x23, 0x3B, 0xE6, 0x57, 0xB7,
    0x1F, 0x0D, 0x84, 0xF9, 0x71, 0x6B, 0x4B, 0x91, 0x29, 0xCD, 0x4F, 0xF4, 0x0A, 0x4C, 0x62, 0x6B,
    0xFC, 0x96, 0x7E, 0x2E, 0xD2, 0x04, 0xAF, 0xF9, 0xAA, 0x45, 0xA5, 0xF9, 0x51, 0xAB, 0x3D, 0x85,
    0x96, 0xF2, 0x03, 0x2D, 0xAF, 0x62, 0x98, 0xEB, 0xC0, 0x29, 0xC7, 0x15, 0x39, 0x26, 0x42, 0x36,
    0x3C, 0x18, 0xF3, 0x2E, 0x1E, 0x8B, 0xF6, 0x02, 0xFD, 0xDF, 0xBA, 0x3F, 0xE5, 0x9C, 0x0F, 0xB9,
    0x60, 0x3E, 0x1D, 0xC1, 0xA7, 0x63, 0xC4, 0x77, 0xC6, 0x98, 0xF1, 0xF8, 0x8D, 0x21, 0x1E, 0x4D,
    0x10, 0x3A, 0xA1, 0x8E, 0x47, 0xB8, 0x7E, 0x73, 0x41, 0x7C, 0xF1, 0xCC, 0x35, 0x29, 0x8A, 0xE5,
    0xB5, 0x61, 0xA5, 0x7D, 0xBE, 0x60, 0xEA, 0xBC, 0xB5, 0x5E, 0x29, 0x5A, 0xFB, 0xCC, 0xF5, 0x86,
    0xFF, 0x35, 0xE6, 0xFC, 0x68, 0xFC, 0xEA, 0x18, 0x8D, 0x48, 0xD9, 0xC2, 0xCD, 0x6F, 0xF2, 0xA9,
    0x90, 0x0D, 0x98, 0x4A, 0x30, 0x8D, 0xF0, 0xAB, 0x11, 0xE6, 0x13, 0x7A, 0xFB, 0x9C, 0xAD, 0x3D,
    0xB7, 0x9D, 0x6B, 0xB2, 0xDE, 0xF9, 0x24, 0x6C, 0x63, 0x85, 0x29, 0xAA, 0x69, 0xB2, 0x2E, 0x3F,
    0xB7, 0x5A, 0x46, 0xBD, 0x22, 0x4B, 0x9C, 0xF6, 0x70, 0x1C, 0x04, 0xCE, 0xE1, 0xEA, 0x63, 0xA7,
    0xB1, 0xCC, 0x1A, 0x5B, 0xCD, 0x69, 0x23, 0xA6, 0x34, 0xB9, 0x38, 0x42, 0xEB, 0x1E, 0xDB, 0x66,
    0x1D, 0xB2, 0x7A, 0x4D, 0xB7, 0xE4, 0xFA, 0xEF, 0xEC, 0xD8, 0x7A, 0x5C, 0xF9, 0x17, 0x91, 0xFD,
    0xB6, 0xC6, 0x87, 0xAA, 0x74, 0x47, 0x83, 0x68, 0xA5, 0x8A, 0xC3, 0x46, 0x49, 0x2F, 0xCA, 0xCF,
    0x1F, 0xBE, 0x1A, 0xA3, 0x03, 0x66, 0x5F, 0x53, 0x8C, 0xAE, 0x8D, 0xD3, 0x46, 0x66, 0x64, 0x5D,
    0x48, 0xA3, 0x4D, 0x9D, 0xF6, 0x46, 0x2F, 0x06, 0x19, 0xDC, 0x9A, 0xF5, 0xCC, 0x89, 0x76, 0xC4,
    0x5E, 0xA6, 0x81, 0xDA, 0x8C, 0xEC, 0x62, 0xC9, 0xAF, 0x73, 0x4D, 0xE6, 0x9D, 0x4E, 0xFB, 0x22,
    0xD5, 0xD3, 0xCE, 0x96, 0x85, 0x48, 0xA2, 0xF0, 0x4E, 0xA3, 0xF0, 0x6E, 0x44, 0xFA, 0xC5, 0x79,
    0x40, 0xBC, 0x7E, 0xCC, 0x5B, 0xA4, 0x64, 0x98, 0x13, 0xA6, 0x2C, 0x53, 0x66, 0x39, 0xD6, 0x96,
    0x53, 0x29, 0x36, 0xEE, 0x8C, 0x87, 0x3D, 0xD7, 0x6C, 0xBE, 0xD0, 0x1F, 0xFC, 0x99, 0xED, 0x56,
    0xC8, 0xE6, 0x9B, 0xC0, 0xD0, 0xC3, 0x4C, 0xD1, 0x4A, 0x8D, 0xFB, 0xA7, 0xAD, 0x86, 0xDA, 0x7F,
    0x2A, 0x18, 0xC9, 0x63, 0x48, 0x3D, 0x27, 0x1F, 0x39, 0x39, 0x1F, 0x2F, 0xFB, 0x7C, 0x2E, 0x18,
    0xC1, 0x0A, 0xEC, 0xCD, 0x87, 0xC2, 0xD3, 0x2F, 0x7B, 0xF3, 0xF1, 0x17, 0xBD, 0xF9, 0xE4, 0xE3,
    0xDE, 0xF0, 0xC7, 0x82, 0xB4, 0x73, 0x14, 0x82, 0xD0, 0x09, 0xAD, 0x20, 0x6D, 0xD7, 0x70, 0x3A,
    0x69, 0x73, 0x9F, 0xEC, 0x87, 0xD3, 0xF9, 0xE7, 0xD0, 0xED, 0xA6, 0xE5, 0x6B, 0x30, 0xA6, 0x31,
    0x9B, 0x8E, 0x68, 0x2C, 0x59, 0x6A, 0xF8, 0xCA, 0x77, 0x06, 0xF0, 0xFD, 0x00, 0xB2, 0x15, 0x1A,
    0x21, 0xCC, 0xFB, 0xBE, 0x4D, 0x48, 0x8E, 0x47, 0x2C, 0x9D, 0x1E, 0x23, 0xA4, 0x9A, 0x61, 0xBC,
    0xE0, 0x81, 0x10, 0xBF, 0xCA, 0x18, 0x8F, 0x91, 0xB0, 0x1A, 0xE4, 0x21, 0x0B, 0xF1, 0x68, 0x7B,
    0xA1, 0x15, 0xCA, 0x78, 0x74, 0x3E, 0x0E, 0xAE, 0x4E, 0x83, 0x6B, 0xB3, 0xE0, 0xBA, 0x3C, 0xB8,
    0x60, 0x82, 0x1B, 0x6C, 0x70, 0x1F, 0x0C, 0xC1, 0x99, 0xF3, 0xE0, 0x8A, 0x17, 0xC1, 0x65, 0x9F,
    0x05, 0x97, 0x3E, 0x09, 0x2E, 0x11, 0xE2, 0x6F, 0x05, 0x17, 0x45, 0xC1, 0x61, 0xC6, 0xD4, 0x59,
    0x7F, 0x90, 0x67, 0xBB, 0x11, 0xEE, 0xEB, 0xF2, 0xE9, 0xFD, 0x16, 0x93, 0x55, 0x46, 0x36, 0x7A,
    0xBF, 0xE9, 0x3E, 0xAB, 0x0F, 0x60, 0x15, 0x07, 0x56, 0xF1, 0xA0, 0xE8, 0x7F, 0xD7, 0x7D, 0x9A,
    0x26, 0x79, 0x3A, 0xCD, 0xAB, 0xC7, 0xE8, 0xB1, 0x3B, 0x75, 0x68, 0x9D, 0x75, 0x76, 0x2D, 0xEC,
    0x93, 0x11, 0xF6, 0x63, 0xD6, 0xF6, 0xB7, 0x53, 0x47, 0xD0, 0xDB, 0x3A, 0xD3, 0xBA, 0x84, 0x78,
    0xD8, 0x41, 0xF7, 0x69, 0x9A, 0xE6, 0xD1, 0xBC, 0x7A, 0x8C, 0x1E, 0xEB, 0x71, 0x10, 0x0D, 0x26,
    0x23, 0xD2, 0x27, 0x53, 0xC7, 0x73, 0xDA, 0x15, 0x6D, 0x52, 0x9B, 0x3A, 0x3A, 0x38, 0x62, 0x14,
    0x6D, 0x5C, 0x67, 0xEB, 0x40, 0x34, 0xBA, 0x08, 0x44, 0xC3, 0x86, 0xFB, 0xA7, 0x2F, 0xBF, 0xA7,
    0xB7, 0xFC, 0x75, 0xB0, 0x35, 0x9C, 0xDF, 0x0E, 0xF6, 0x57, 0x23, 0xD2, 0x5E, 0x5F, 0xDB, 0x43,
    0x12, 0x10, 0x0F, 0x69, 0x87, 0xD5, 0x98, 0xB5, 0x00, 0xB3, 0x46, 0x94, 0x6B, 0x48, 0x76, 0x3A,
    0x85, 0x64, 0xD5, 0x3A, 0x10, 0xCB, 0xC7, 0xCD, 0xBC, 0x70, 0x1A, 0x54, 0xBD, 0x48, 0x0F, 0xB8,
    0x37, 0x3D, 0x6C, 0xAC, 0x55, 0xD5, 0x3A, 0x07, 0xE2, 0xFE, 0xB0, 0x92, 0xDF, 0xF7, 0x3D, 0xB2,
    0x2F, 0xBE, 0x1C, 0x51, 0x90, 0x84, 0xF9, 0xCD, 0xE0, 0xE6, 0x48, 0x73, 0xEE, 0x27, 0x54, 0x56,
    0xE4, 0x27, 0x5D, 0xEC, 0x9B, 0xB3, 0x68, 0x66, 0x3D, 0x6C, 0x2A, 0x40, 0x8A, 0x3A, 0xEF, 0x97,
    0x92, 0x0F, 0xAB, 0xE8, 0xA2, 0x29, 0xE6, 0x1C, 0x90, 0x4C, 0x9D, 0x21, 0xB3, 0x25, 0xDC, 0x5C,
    0x9A, 0x95, 0x0D, 0xAA, 0x71, 0x67, 0xAA, 0x69, 0x8A, 0x34, 0x87, 0xBC, 0x43, 0x1A, 0xD2, 0xB0,
    0x09, 0x32, 0x23, 0x7D, 0x24, 0x8B, 0xE6, 0x5A, 0x48, 0x2C, 0x69, 0x49, 0xCE, 0x1C, 0x8E, 0x25,
    0xAD, 0xCF, 0xDA, 0xD7, 0x61, 0x9A, 0xA2, 0x35, 0xEB, 0x91, 0x2D, 0xE1, 0x4F, 0x5A, 0xFC, 0x99,
    0x36, 0x60, 0x97, 0xE5, 0x22, 0x5D, 0x5F, 0x87, 0xC3, 0xC3, 0xB4, 0x1D, 0xF1, 0x7F, 0xD5, 0xC3,
    0x75, 0x14, 0x58, 0x5F, 0x08, 0x40, 0xBA, 0xAB, 0xAF, 0x3E, 0x72, 0x04, 0x70, 0xA1, 0xFB, 0x2A,
    0xF0, 0x58, 0xC5, 0x4E, 0x35, 0xA8, 0x28, 0x8A, 0x58, 0x82, 0x60, 0x25, 0x72, 0x2A, 0x8A, 0xDE,
    0x65, 0xB9, 0x4E, 0x65, 0x50, 0x35, 0xB8, 0x24, 0xB0, 0xF3, 0xAA, 0x4E, 0x15, 0x34, 0x7E, 0x5B,
    0x02, 0xBB, 0x6A, 0x89, 0xE9, 0xDE, 0xD7, 0x7D, 0xEC, 0x55, 0xED, 0x3A, 0x9C, 0x7B, 0xE5, 0x01,
    0x3E, 0x3B, 0x82, 0xE5, 0x28, 0xB0, 0x12, 0x6A, 0x7D, 0x53, 0xB3, 0x7E, 0x2B, 0xD2, 0x38, 0x73,
    0x8D, 0x25, 0xBD, 0x50, 0x5A, 0xF6, 0xD3, 0x1C, 0x7F, 0x4A, 0x22, 0x27, 0xBD, 0xD1, 0x48, 0xA5,
    0xD4, 0xDF, 0x2A, 0xED, 0x90, 0xB1, 0x5F, 0xB8, 0xF7, 0xB0, 0x8F, 0x90, 0x75, 0x59, 0x95, 0xB7,
    0x9A, 0x47, 0xF3, 0x26, 0xE4, 0x74, 0xAC, 0x86, 0x50, 0xA2, 0x25, 0x4C, 0x9B, 0x02, 0x2C, 0x0D,
    0xB5, 0xE6, 0xC8, 0x8B, 0xBB, 0xFA, 0x99, 0x4A, 0x13, 0x5E, 0x1B, 0x8D, 0x69, 0x20, 0x9D, 0x09,
    0x85, 0x60, 0x5E, 0x9E, 0x74, 0xC6, 0x67, 0x33, 0x4D, 0x36, 0xED, 0x4B, 0x05, 0x38, 0x76, 0x2B,
    0x9E, 0x74, 0xC9, 0x90, 0x75, 0x79, 0xC8, 0x3A, 0xD7, 0x09, 0x8D, 0x50, 0x65, 0xDD, 0x34, 0xF9,
    0xFD, 0x4F, 0xAF, 0x9F, 0xFC, 0xBE, 0x69, 0x90, 0x90, 0x06, 0x5B, 0xEF, 0x03, 0xE0, 0xAD, 0x94,
    0x9D, 0xB5, 0xD0, 0xA6, 0x2D, 0xE4, 0x2F, 0x8F, 0x74, 0x9F, 0x60, 0xAB, 0xEC, 0x0F, 0xEC, 0xB2,
    0x2F, 0x19, 0xB2, 0xF1, 0x64, 0xC8, 0xFA, 0x78, 0xD4, 0x5E, 0x31, 0x6B, 0xDF, 0x0C, 0x60, 0xCD,
    0xBD, 0x77, 0x47, 0x64, 0x1C, 0x84, 0x5E, 0x68, 0x00, 0xD9, 0x5B, 0x69, 0xF7, 0x93, 0xF5, 0x53,
    0x5C, 0xE2, 0x61, 0x4B, 0xBD, 0x78, 0x5F, 0xB9, 0x76, 0x90, 0xB7, 0x33, 0x66, 0x9C, 0xCB, 0x98,
    0xD1, 0xC4, 0x95, 0xD1, 0x66, 0xB2, 0xB9, 0xE0, 0xAC, 0x84, 0xD1, 0xAC, 0xCD, 0xAB, 0x63, 0x86,
    0x36, 0x5F, 0x2F, 0x43, 0x36, 0xAF, 0x1D, 0x36, 0x45, 0x13, 0x4D, 0xB1, 0x79, 0xC1, 0x7F, 0x41,
    0x46, 0x6A, 0xEC, 0xD2, 0xE2, 0xCF, 0xD9, 0x5D, 0xC4, 0x4A, 0xA7, 0x53, 0xAC, 0x94, 0xCE, 0xB1,
    0xD2, 0xC1, 0x95, 0x2D, 0xDD, 0x2C, 0xDB, 0x85, 0x29, 0xD4, 0xCA, 0x2F, 0x47, 0xC6, 0xAB, 0x23,
    0x4B, 0x76, 0x1B, 0x74, 0x44, 0xDD, 0x07, 0xC0, 0x5B, 0x29, 0x1B, 0x69, 0xD8, 0xF9, 0x5B, 0x17,
    0x1A, 0xE6, 0xBF, 0xFB, 0x0F, 0x75, 0xE7, 0x1B, 0xFE, 0xDD, 0x3F, 0xE9, 0xAD, 0x16, 0xDA, 0x5A,
    0x56, 0x29, 0x03, 0xB0, 0xA5, 0xFF, 0x51, 0xBD, 0x18, 0x4A, 0x11, 0x83, 0x8A, 0x48, 0x3F, 0x23,
    0x7D, 0xFA, 0x59, 0x28, 0x54, 0x59, 0x9D, 0x4D, 0xFA, 0xF7, 0x90, 0xD7, 0xA7, 0x4F, 0x06, 0xEB,
    0xF9, 0x1E, 0x59, 0x31, 0x22, 0xD1, 0x47, 0xEC, 0x60, 0xBE, 0x1D, 0xF0, 0x1A, 0x69, 0xEA, 0x4F,
    0xB7, 0x56, 0xE2, 0x0A, 0x2F, 0xCA, 0x6A, 0x49, 0xBD, 0x50, 0xE1, 0x25, 0x1F, 0x2B, 0xD5, 0x74,
    0xC4, 0x2D, 0xDE, 0xE5, 0xBA, 0xD5, 0xC0, 0x6A, 0x78, 0x75, 0xE9, 0xDB, 0x00, 0xB8, 0x07, 0xDC,
    0x34, 0x64, 0xBD, 0xA2, 0x77, 0xB9, 0x79, 0xC8, 0xFE, 0xF5, 0x15, 0x10, 0x85, 0xA4, 0xD5, 0x57,
    0xA2, 0x16, 0x18, 0x4F, 0x1A, 0xC0, 0x2D, 0xF3, 0x4D, 0xC9, 0x39, 0xA6, 0xED, 0x8E, 0x43, 0xA4,
    0xEB, 0x06, 0xA6, 0xFB, 0x01, 0xB4, 0x5E, 0xA1, 0x1D, 0xF6, 0xA7, 0x83, 0x1F, 0x06, 0x4C, 0xBF,
    0x60, 0xD1, 0xE0, 0x62, 0xF1, 0xCB, 0x95, 0xE6, 0xEC, 0xD8, 0xED, 0x8F, 0xF9, 0x9A, 0x30, 0xA9,
    0x9C, 0xF2, 0xE9, 0x11, 0x7A, 0xEC, 0xE1, 0xE9, 0xE0, 0x9D, 0x08, 0xFD, 0xE5, 0x69, 0x6B, 0x7C,
    0xD2, 0xDB, 0x32, 0x9E, 0x3A, 0x62, 0x92, 0x83, 0xE2, 0x1E, 0x3F, 0x08, 0xB6, 0x9A, 0x16, 0x01,
    0x24, 0x42, 0x3F, 0xDD, 0x89, 0xD0, 0x81, 0xEF, 0x0B, 0xAE, 0xDC, 0xE6, 0x56, 0xD6, 0xB7, 0xC0,
    0xE5, 0xEF, 0xBA, 0x3D, 0x6F, 0x42, 0x86, 0x85, 0xE1, 0xF8, 0x7B, 0x7A, 0xE7, 0xEF, 0x43, 0x72,
    0x41, 0xA6, 0x85, 0x75, 0xDF, 0xA5, 0xE8, 0x65, 0x5C, 0x18, 0x8F, 0x8F, 0xE2, 0x11, 0xD8, 0x60,
    0xC9, 0x85, 0x6F, 0x8C, 0xC7, 0xBA, 0xEF, 0x15, 0x0C, 0xE9, 0x17, 0xCE, 0x8E, 0xF5, 0xD7, 0xC4,
    0xAB, 0x1C, 0x69, 0xBE, 0x4A, 0x68, 0x85, 0xDE, 0x34, 0x79, 0x30, 0x3E, 0x11, 0xE2, 0xE1, 0x10,
    0xC0, 0x44, 0x40, 0xF4, 0x50, 0x7F, 0xE7, 0x5E, 0x68, 0x85, 0x72, 0xE7, 0x25, 0xF2, 0xF1, 0xF7,
    0xC0, 0x12, 0x5B, 0x1C, 0x81, 0x27, 0x9A, 0x46, 0x2F, 0xD4, 0xAC, 0x75, 0xFD, 0xB2, 0x68, 0x58,
    0x4E, 0xB4, 0x8A, 0x8E, 0x47, 0x13, 0xF7, 0x6C, 0x83, 0x8C, 0x5E, 0xA8, 0xF4, 0xB6, 0x37, 0x1F,
    0x0E, 0x59, 0x53, 0x88, 0xEA, 0xFC, 0xC3, 0x21, 0xAF, 0xF3, 0x5F, 0x0D, 0x85, 0xCF, 0x7E, 0x27,
    0xA7, 0x92, 0xFD, 0x61, 0x30, 0x55, 0xBA, 0x96, 0x2D, 0xE3, 0x3F, 0x8E, 0x6E, 0x9A, 0xC7, 0x5B,
    0x3E, 0x53, 0xA1, 0xF4, 0xB9, 0x92, 0x20, 0xF9, 0x6C, 0xA5, 0x99, 0xE7, 0xC3, 0xF2, 0xDF, 0x49,
    0x01, 0x85, 0x94, 0x52, 0x1B, 0x29, 0x2F, 0x88, 0xB2, 0x59, 0x90, 0xED, 0xA0, 0x5C, 0xD2, 0x9A,
    0xD2, 0x26, 0xAD, 0x85, 0xF9, 0x4E, 0xEB, 0x34, 0xAA, 0x1A, 0x51, 0x7C, 0xD4, 0x0E, 0xC8, 0x3F,
    0x7A, 0x11, 0x90, 0xFD, 0x46, 0x3A, 0x76, 0x1D, 0x6E, 0xB1, 0x22, 0xF5, 0xCC, 0x19, 0x24, 0xF5,
    0xC5, 0x00, 0xF3, 0x51, 0x3B, 0x6A, 0x66, 0xC2, 0xCA, 0x61, 0xAD, 0x94, 0x62, 0x5B, 0x4A, 0x51,
    0x2D, 0x80, 0x78, 0x5F, 0x57, 0x2E, 0x0D, 0xC2, 0x34, 0xB0, 0x2C, 0x61, 0xCF, 0xE7, 0xF5, 0xFC,
    0xFB, 0xB6, 0xDD, 0x2C, 0x0D, 0x2A, 0xD3, 0x58, 0x5C, 0xDB, 0xCE, 0xCD, 0xBF, 0xA2, 0x4F, 0x49,
    0xC0, 0x4E, 0x9D, 0xEE, 0x2E, 0xBB, 0x73, 0x21, 0x6D, 0x32, 0xD7, 0xA1, 0x83, 0xA2, 0x06, 0x07,
    0xA5, 0x50, 0x09, 0x5A, 0x76, 0x77, 0x4F, 0xCA, 0xCC, 0x1F, 0xE5, 0xBD, 0xD5, 0xBC, 0xD3, 0xC4,
    0xD5, 0x08, 0x14, 0xF5, 0x0E, 0xFA, 0x4E, 0x2B, 0xCA, 0x7A, 0x55, 0x2B, 0x2A, 0x54, 0x46, 0x13,
    0xAC, 0x17, 0xB9, 0x4A, 0xA4, 0xA7, 0xFD, 0x6B, 0x4E, 0x63, 0xAA, 0xAA, 0x57, 0x8D, 0xA2, 0x27,
    0x84, 0xA6, 0x6A, 0x16, 0xE7, 0xA7, 0xC3, 0x54, 0xAD, 0x28, 0x67, 0x29, 0xE5, 0xA9, 0x52, 0xD5,
    0x8A, 0x25, 0x00, 0xB7, 0xAF, 0x75, 0x2F, 0xAF, 0x73, 0x8C, 0x8D, 0xE0, 0xE7, 0xF9, 0x33, 0xC2,
    0xFC, 0x7A, 0x84, 0x61, 0xBF, 0x66, 0x84, 0x79, 0x42, 0xC9, 0x4B, 0x49, 0xB7, 0xA3, 0xE4, 0x12,
    0x72, 0x21, 0x19, 0x01, 0xEC, 0x60, 0x3C, 0xB4, 0x10, 0xD8, 0x4A, 0x44, 0xCC, 0xFA, 0xE4, 0xC3,
    0x51, 0xF4, 0x34, 0x6C, 0xF4, 0x71, 0x07, 0xF3, 0xDB, 0xDF, 0xB6, 0xD3, 0xB3, 0xA5, 0xAA, 0x54,
    0x8D, 0x24, 0x7C, 0xD2, 0x8A, 0x3E, 0xEA, 0xB7, 0x33, 0xFB, 0xD5, 0x20, 0x02, 0x4B, 0x55, 0x2D,
    0xB2, 0xAA, 0x5C, 0xB5, 0xD4, 0x11, 0x4D, 0xC5, 0x0F, 0x07, 0x8A, 0xAF, 0x16, 0xB5, 0x5A, 0x7C,
    0xA7, 0xC5, 0x4F, 0x25, 0x8F, 0xA5, 0x94, 0xAC, 0xCD, 0xC1, 0xA4, 0xC2, 0x93, 0xB0, 0x2A, 0x56,
    0x2A, 0xBC, 0x3B, 0xAD, 0x58, 0x32, 0x1E, 0x54, 0x41, 0x94, 0xA8, 0xB2, 0x4E, 0x74, 0xD2, 0x8A,
    0x58, 0xAB, 0x2A, 0x55, 0xBB, 0x49, 0x48, 0xFB, 0x4D, 0xBE, 0x78, 0xD2, 0x28, 0x8A, 0x58, 0xAE,
    0x08, 0xD6, 0x22, 0xA7, 0xCA, 0xEB, 0xB9, 0x0E, 0x2D, 0x9E, 0x5C, 0x69, 0x45, 0x53, 0x1D, 0xE9,
    0x52, 0xFC, 0x69, 0xBB, 0x94, 0x3C, 0xA9, 0xD9, 0x2D, 0x7E, 0x2C, 0xA5, 0x64, 0x7A, 0x2D, 0x54,
    0x65, 0xFD, 0x1B, 0xAC, 0xAC, 0xB4, 0x8E, 0xBC, 0xE0, 0x70, 0x3E, 0x6E, 0x03, 0x60, 0x87, 0x4B,
    0xDE, 0xB4, 0x1B, 0x4B, 0x2E, 0x6C, 0xA5, 0x71, 0xE1, 0x40, 0x79, 0xC6, 0x5B, 0xFA, 0x1D, 0x3D,
    0x2E, 0x45, 0x15, 0xF6, 0x75, 0xE6, 0x44, 0xE4, 0x8E, 0xBC, 0xBD, 0x8E, 0x48, 0xBF, 0xA3, 0xE3,
    0x52, 0x04, 0xCC, 0x3A, 0x53, 0x71, 0x57, 0xFE, 0x12, 0xED, 0x2C, 0x76, 0x6A, 0xDC, 0x5F, 0x5C,
    0x2C, 0x76, 0x3E, 0xDA, 0x5F, 0xEC, 0xE4, 0xCE, 0x62, 0x67, 0x24, 0xC4, 0xBD, 0x69, 0x92, 0x50,
    0xE8, 0x8B, 0x1E, 0xD9, 0x25, 0x64, 0x13, 0x91, 0x25, 0xF2, 0x5E, 0xBB, 0x8A, 0x5D, 0xAE, 0x33,
    0x6F, 0xD5, 0xC4, 0x55, 0xDE, 0x67, 0xDD, 0xFA, 0xF5, 0x6B, 0xEE, 0xE3, 0xD2, 0x0E, 0xDB, 0x38,
    0x0F, 0xB7, 0x59, 0xE7, 0x8C, 0x08, 0x8D, 0x47, 0x91, 0x85, 0x64, 0x9A, 0xA1, 0x09, 0xD0, 0xE0,
    0x74, 0xB3, 0x2A, 0x68, 0x0F, 0xAC, 0x0A, 0x2E, 0xA1, 0x55, 0x72, 0xA5, 0x96, 0xB5, 0x54, 0xE4,
    0xEB, 0xD5, 0xED, 0x01, 0xE9, 0xFC, 0xB1, 0x4A, 0xD2, 0xCF, 0xD1, 0x5C, 0x34, 0x47, 0x73, 0x79,
    0x23, 0x2A, 0xB4, 0x36, 0xBB, 0x13, 0xCD, 0x5D, 0xA3, 0xCA, 0x6B, 0x34, 0xCB, 0x1D, 0x6E, 0x56,
    0xF4, 0x70, 0x38, 0x9A, 0x23, 0xAD, 0x45, 0x77, 0xD1, 0xAC, 0xFD, 0x2A, 0xF5, 0x34, 0xB6, 0x6A,
    0xB3, 0x73, 0x34, 0xBC, 0xD2, 0x16, 0x4D, 0x15, 0x6D, 0x1A, 0xB3, 0x62, 0xA1, 0x75, 0x2C, 0x9F,
    0xC9, 0x9A, 0x25, 0xFC, 0x9D, 0x64, 0x96, 0x95, 0x5B, 0xCD, 0xB2, 0x9A, 0xE7, 0xD3, 0x8A, 0x0E,
    0xE9, 0xB4, 0x72, 0xDB, 0xA5, 0x6C, 0x8A, 0x36, 0x66, 0x63, 0xEA, 0x15, 0x1B, 0xC9, 0xC0, 0x06,
    0x40, 0xB1, 0xAF, 0x8B, 0xD9, 0xBB, 0x78, 0xD4, 0x2E, 0x67, 0xBE, 0x7E, 0xAC, 0xA7, 0xC6, 0x6C,
    0xB7, 0x23, 0x27, 0xD6, 0xFB, 0x9C, 0xAB, 0x11, 0xB1, 0xD0, 0xDA, 0x32, 0xFA, 0xB4, 0x4F, 0xE9,
    0x75, 0xF6, 0xCE, 0xEB, 0xEC, 0x9D, 0xD7, 0x4C, 0xFB, 0xB2, 0x3E, 0x0D, 0xB8, 0x5C, 0x66, 0x52,
    0xAD, 0x6A, 0x44, 0x12, 0xCE, 0x06, 0xE4, 0x64, 0x40, 0xA2, 0x82, 0x7B, 0x2E, 0x42, 0xBA, 0x27,
    0xFA, 0x1D, 0x1D, 0xAE, 0xDC, 0xF9, 0xA2, 0x39, 0x84, 0x55, 0xE4, 0x3F, 0x46, 0x23, 0x6C, 0x21,
    0x65, 0xD1, 0xE0, 0x48, 0x40, 0xC1, 0x5D, 0xF6, 0x3B, 0xB3, 0x88, 0x38, 0xA8, 0xA7, 0x2F, 0x36,
    0xFA, 0x74, 0xD1, 0x17, 0x7F, 0x20, 0xE6, 0xD9, 0x54, 0x55, 0xA2, 0x82, 0xFB, 0xA3, 0x28, 0x7E,
    0xB1, 0x23, 0x44, 0xAF, 0x48, 0x97, 0x22, 0x77, 0x90, 0x01, 0x6D, 0x83, 0x7D, 0xFE, 0xBC, 0x33,
    0x64, 0x97, 0x0B, 0x5F, 0xA5, 0x0C, 0x74, 0xD9, 0x16, 0xC8, 0x26, 0xB4, 0xFD, 0x37, 0x0F, 0x5F,
    0xF7, 0x01, 0x0E, 0xF2, 0x64, 0x84, 0xF9, 0x98, 0xB5, 0x79, 0x2E, 0x65, 0x9E, 0x5B, 0x9D, 0xF3,
    0xEA, 0xE7, 0x39, 0xA4, 0x37, 0xE3, 0x36, 0xBE, 0x29, 0x9E, 0xDE, 0x48, 0x57, 0x21, 0x69, 0x45,
    0x07, 0xDE, 0x48, 0xD3, 0x1E, 0xF3, 0x76, 0x77, 0x1F, 0xB3, 0xBD, 0xD9, 0x09, 0xBD, 0xF5, 0xD5,
    0xBC, 0xFB, 0xC7, 0xC7, 0x47, 0x87, 0x3F, 0x06, 0xBD, 0x36, 0x3A, 0x13, 0xB4, 0x53, 0xD6, 0x76,
    0x9B, 0xB2, 0x4B, 0xDA, 0x74, 0x67, 0x1F, 0x9B, 0xE2, 0xE8, 0xEB, 0x48, 0x9B, 0xA2, 0x4A, 0xF5,
    0x95, 0xF9, 0xDC, 0x95, 0x31, 0x09, 0x30, 0x2C, 0x5F, 0xE2, 0xDD, 0x74, 0x7D, 0x3B, 0xA6, 0xE4,
    0x3D, 0x24, 0xDD, 0xEE, 0xB8, 0xAD, 0x59, 0xEF, 0x5E, 0x01, 0xC0, 0x5B, 0x69, 0x27, 0x8A, 0x29,
    0x46, 0x5F, 0x64, 0xA7, 0xA7, 0xD2, 0x6A, 0x4B, 0x8C, 0x88, 0xAA, 0x51, 0x14, 0x8D, 0xE6, 0xAC,
    0x5C, 0x0D, 0x86, 0x75, 0x1C, 0x16, 0x0D, 0xF3, 0xDB, 0xBD, 0x47, 0xAA, 0xCA, 0x26, 0xB5, 0x1A,
    0xC7, 0xB7, 0x92, 0xB9, 0x68, 0x8C, 0x0E, 0x4A, 0x2A, 0x2F, 0x4A, 0xFA, 0xB4, 0x43, 0xCE, 0x62,
    0x80, 0xA1, 0x23, 0xEC, 0xC9, 0x60, 0xCB, 0xBF, 0x4E, 0xBB, 0x5C, 0x4A, 0x68, 0x33, 0x55, 0xEE,
    0xD3, 0xE5, 0x6B, 0x17, 0x79, 0x2F, 0x04, 0xC6, 0x44, 0x95, 0x76, 0x59, 0xC9, 0xBF, 0x1B, 0x6D,
    0xE5, 0x02, 0x09, 0xD3, 0x9B, 0x01, 0x69, 0xA3, 0x03, 0x73, 0xF9, 0x97, 0xC8, 0xBD, 0x45, 0x5E,
    0x3B, 0x64, 0xCF, 0x46, 0xA4, 0x0C, 0xF3, 0xD7, 0x59, 0xF6, 0xD1, 0xAD, 0xFD, 0xDF, 0x67, 0xAE,
    0x58, 0xAF, 0xBE, 0xF1, 0xF4, 0xBA, 0x4E, 0x09, 0xCD, 0x1F, 0xDB, 0x24, 0x64, 0x8F, 0x4C, 0x27,
    0x8C, 0x72, 0x9D, 0x3A, 0xCA, 0x1B, 0x10, 0x51, 0xB5, 0xF9, 0xFE, 0x5F, 0x9E, 0x74, 0xBE, 0x32,
    0xED, 0x54, 0x63, 0xD6, 0x66, 0xDA, 0x29, 0xBA, 0x64, 0xDA, 0x29, 0x5A, 0x7F, 0x0E, 0x63, 0xC8,
    0x3A, 0x7F, 0xE6, 0xD6, 0x2F, 0xBB, 0x49, 0x50, 0x96, 0x13, 0x55, 0x7C, 0xD2, 0xEB, 0xDA, 0x86,
    0x36, 0x46, 0x1B, 0x15, 0x93, 0xE5, 0xDC, 0xC8, 0xBC, 0x3B, 0x28, 0xDD, 0xEE, 0xB8, 0xBB, 0xBD,
    0xE2, 0x5C, 0x6E, 0xA3, 0xA7, 0xBD, 0xF4, 0x81, 0xBC, 0x85, 0x4F, 0x99, 0xB3, 0x60, 0xEB, 0x7D,
    0xB0, 0xDE, 0x6E, 0xFA, 0x0D, 0x07, 0x8E, 0x8F, 0xF5, 0xCA, 0x2F, 0x2C, 0xDB, 0x2D, 0x7D, 0xCE,
    0xBC, 0xAE, 0xAF, 0xDC, 0x80, 0x65, 0xBB, 0xF9, 0xE4, 0xF4, 0xA1, 0xA5, 0xAF, 0xDB, 0x6C, 0xCB,
    0x25, 0xF5, 0xDD, 0xB8, 0x2D, 0x6F, 0x70, 0x5B, 0xDF, 0xD9, 0x47, 0xCB, 0x97, 0xB5, 0xF3, 0xA6,
    0xDF, 0x98, 0xFC, 0xFF, 0x99, 0x6A, 0xBF, 0x7F, 0x3C, 0x0D, 0xF2, 0xF5, 0xB6, 0x76, 0xB7, 0xBB,
    0xFB, 0xEE, 0x78, 0x3A, 0x17, 0xC7, 0x7A, 0x5B, 0x17, 0xDB, 0xDD, 0x2F, 0xC0, 0xAC, 0x98, 0xF5,
    0x07, 0x75, 0xF7, 0x17, 0xE7, 0xEA, 0xC1, 0xE9, 0xAE, 0x2F, 0xCE, 0xBC, 0xA5, 0xD5, 0x2F, 0x35,
    0x0B, 0x01, 0x99, 0x63, 0x07, 0x64, 0x40, 0x04, 0x5C, 0xDA, 0x02, 0xFF, 0x96, 0xFA, 0xBB, 0xBD,
    0x42, 0x3B, 0x27, 0xF4, 0x42, 0x4F, 0xE8, 0x69, 0x00, 0xEC, 0x77, 0x24, 0xCF, 0x98, 0x35, 0xCB,
    0x09, 0xDD, 0xF5, 0x65, 0xBA, 0x6C, 0x54, 0xBD, 0x8D, 0x8F, 0xC4, 0x2F, 0xAB, 0xEF, 0xA6, 0x1F,
    0x12, 0x5D, 0x7D, 0x0F, 0xDE, 0xDD, 0xF7, 0xD4, 0xD7, 0x3E, 0x97, 0x9B, 0x7F, 0xF3, 0xF3, 0xBF,
    0xCD, 0x99, 0x01, 0x84, 0x2D, 0xD7, 0x19, 0xC7, 0x7F, 0x33, 0x67, 0xDF, 0x0E, 0x1D, 0x9C, 0x85,
    0x47, 0x09, 0x9D, 0xA0, 0xA8, 0x27, 0xE9, 0x40, 0x01, 0xD1, 0x19, 0x09, 0x0D, 0x0A, 0x0F, 0xB6,
    0x0D, 0x0F, 0x09, 0x80, 0x07, 0x0B, 0x45, 0x21, 0x9D, 0x51, 0x08, 0x02, 0x81, 0xA6, 0x00, 0x40,
    0x01, 0x04, 0x05, 0x54, 0x66, 0x80, 0x22, 0xE8, 0x50, 0x69, 0x01, 0x19, 0xA9, 0x80, 0xA2, 0x07,
    0x93, 0x76, 0x56, 0xCE, 0xCC, 0xD7, 0xF9, 0xF6, 0xE4, 0x8E, 0x7B, 0xED, 0xCD, 0xBE, 0x95, 0x77,
    0xEF, 0xB5, 0x67, 0x7D, 0x7F, 0xEB, 0xDE, 0x73, 0xCE, 0xFC, 0xFF, 0xFF, 0xF9, 0xE6, 0x9C, 0x6F,
    0xCE, 0x25, 0x13, 0x20, 0x57, 0x28, 0xA4, 0x84, 0x4A, 0x5A, 0x68, 0x14, 0xA4, 0xEA, 0x40, 0x8A,
    0x9E, 0x48, 0x72, 0x47, 0x3C, 0x67, 0x0E, 0x33, 0xD9, 0x01, 0xE3, 0xED, 0x48, 0xE2, 0x53, 0x4F,
    0x7A, 0xFD, 0xCC, 0x63, 0x45, 0x26, 0x85, 0x99, 0x4C, 0x44, 0xC8, 0xFB, 0x48, 0x28, 0x3A, 0xA4,
    0x2C, 0x5A, 0xA4, 0xAE, 0x5A, 0x9A, 0xB6, 0xA9, 0xA9, 0x5A, 0x52, 0x0F, 0x7B, 0xA1, 0x19, 0x49,
    0x45, 0xCA, 0x5C, 0xA4, 0xCD, 0xBF, 0x6A, 0xFA, 0x94, 0xDC, 0x41, 0x76, 0x13, 0xB1, 0x88, 0xCB,
    0x96, 0x28, 0xBA, 0xCC, 0x55, 0xAD, 0x46, 0xEE, 0xAA, 0xAF, 0x9A, 0xB1, 0x90, 0x7F, 0xCF, 0x99,
    0xFC, 0x75, 0x3E, 0x9F, 0xA3, 0x99, 0xC2, 0x71, 0x2B, 0x1E, 0x3F, 0x05, 0x8A, 0x59, 0x41, 0x36,
    0x40, 0xA5, 0x30, 0x01, 0xD1, 0x08, 0xF0, 0x1E, 0xA1, 0x9D, 0xCE, 0x82, 0xCB, 0x12, 0x64, 0x00,
    0xF1, 0x21, 0xE2, 0x11, 0x8C, 0x83, 0xA4, 0x87, 0xA8, 0x06, 0x0E, 0xE0, 0x06, 0x9C, 0x01, 0x64,
    0x25, 0x90, 0x77, 0x40, 0x51, 0x03, 0x0D, 0x80, 0x07, 0x33, 0x0E, 0x60, 0xA7, 0x20, 0x35, 0x08,
    0x8C, 0xBD, 0x75, 0xE0, 0xE2, 0x16, 0xE0, 0xE4, 0x96, 0xC0, 0x05, 0xC0, 0xFB, 0x0A, 0x02, 0x44,
    0x13, 0xCA, 0x12, 0x48, 0x54, 0xF3, 0x3F, 0x5B, 0xA8, 0x06, 0x88, 0x64, 0x02, 0x33, 0x09, 0x58,
    0x57, 0xB4, 0x98, 0xD6, 0xC2, 0xEA, 0x17, 0x6A, 0x18, 0xEA, 0x18, 0x6A, 0x19, 0xC1, 0x33, 0xB2,
    0x00, 0xA8, 0x6D, 0x64, 0x0A, 0x6A, 0x1C, 0xEA, 0x1C, 0x6A, 0x1D, 0xEA, 0x1D, 0x6A, 0x1E, 0xEA,
    0x1E, 0x6A, 0x1F, 0x11, 0x40, 0x56, 0x03, 0x45, 0x0B, 0x64, 0x3D, 0x90, 0xBA, 0x0D, 0x27, 0x86,
    0x19, 0x30, 0x6A, 0x89, 0x95, 0x0E, 0x8A, 0x2F, 0x06, 0x68, 0x8C, 0x87, 0x37, 0xF8, 0x84, 0xAD,
    0x96, 0xA8, 0x57, 0xA9, 0x82, 0xF6, 0x23, 0x13, 0x07, 0xB9, 0x82, 0x8E, 0xA0, 0xF8, 0xDB, 0x08,
    0xD5, 0x67, 0x1E, 0x9A, 0x0F, 0x3C, 0xC8, 0x5B, 0x13, 0x88, 0x99, 0x89, 0x24, 0x16, 0xE2, 0xF9,
    0x57, 0x82, 0x11, 0x91, 0x52, 0xA1, 0x4E, 0x16, 0x68, 0xD3, 0x91, 0xAA, 0xB5, 0x03, 0x45, 0x67,
    0x1D, 0x45, 0x9F, 0x39, 0x72, 0x97, 0xF7, 0x64, 0x2E, 0xD0, 0x2D, 0x57, 0xBA, 0xDD, 0x4A, 0x77,
    0x00, 0xF8, 0x7A, 0x42, 0xB9, 0x94, 0x90, 0x05, 0xBA, 0x0E, 0x24, 0xD0, 0x75, 0x84, 0x96, 0x4A,
    0x0D, 0x8D, 0x0C, 0x6A, 0x93, 0x27, 0x9E, 0x9F, 0xCD, 0xF0, 0x49, 0x2C, 0x40, 0x14, 0x00, 0x75,
    0x96, 0x48, 0x16, 0x30, 0x53, 0x24, 0x24, 0xFE, 0x06, 0xE2, 0x05, 0xE6, 0x67, 0x52, 0x1B, 0x99,
    0x9B, 0x3E, 0x12, 0x5F, 0xF5, 0x5C, 0xF5, 0x6A, 0xD7, 0xA3, 0xA7, 0xA8, 0x6A, 0x14, 0x4A, 0x02,
    0x50, 0x00, 0xFC, 0x4E, 0x5D, 0xF4, 0x60, 0xA7, 0x57, 0x1F, 0x4E, 0xFE, 0x3D, 0xD6, 0xE9, 0xFD,
    0x12, 0x53, 0x08, 0x3C, 0xC4, 0x03, 0xD9, 0xDF, 0x1D, 0xD5, 0x50, 0x6B, 0xDE, 0x99, 0x49, 0x4A,
    0xCD, 0xBA, 0x35, 0xE9, 0x0E, 0xF1, 0x98, 0x9E, 0x01, 0xC8, 0x57, 0xB5, 0xDA, 0xDE, 0x83, 0x88,
    0x83, 0xB2, 0xAA, 0x09, 0x2D, 0x19, 0x81, 0x6C, 0x46, 0x95, 0xD7, 0x44, 0x52, 0xF5, 0x44, 0x3E,
    0xED, 0xE1, 0xBD, 0xA8, 0x3E, 0xB5, 0x43, 0x17, 0x60, 0xE4, 0x63, 0x6C, 0xC8, 0xC5, 0x3A, 0x8A,
    0x67, 0x80, 0x90, 0x6B, 0xD5, 0x80, 0x3A, 0x94, 0x4C, 0x52, 0xA7, 0x7D, 0x5E, 0xC7, 0xF5, 0x0F,
    0x0E, 0xE3, 0x4E, 0xEA, 0x37, 0xFA, 0x77, 0xD3, 0x24, 0x72, 0xA6, 0x03, 0x28, 0x15, 0xE0, 0x01,
    0x6C, 0x5E, 0x79, 0x0F, 0xD5, 0xC8, 0xB7, 0x79, 0x82, 0xE6, 0x49, 0xD2, 0xDA, 0xC0, 0x8F, 0x23,
    0x6D, 0x6E, 0xA1, 0xBD, 0xCE, 0xE6, 0xA9, 0x6F, 0x4A, 0x60, 0x06, 0x62, 0x0F, 0x18, 0x07, 0x51,
    0xF7, 0xB4, 0xC3, 0x0C, 0x66, 0x20, 0x9E, 0xDF, 0x75, 0x20, 0xD2, 0x85, 0x54, 0x5A, 0x64, 0x73,
    0x6A, 0xEF, 0x00, 0xF8, 0x24, 0x50, 0x8C, 0x27, 0x30, 0x63, 0x58, 0xA3, 0x6C, 0x4B, 0xF2, 0xE6,
    0xDB, 0xA5, 0x6D, 0x97, 0xBF, 0xEB, 0xA6, 0x4D, 0x44, 0x4A, 0xB5, 0x51, 0x2D, 0x3D, 0x88, 0x75,
    0x00, 0xA4, 0x0A, 0xD5, 0x9E, 0x05, 0x32, 0xD8, 0x54, 0x3F, 0x2C, 0x9B, 0x7E, 0x12, 0xEE, 0xA1,
    0x92, 0xA7, 0x01, 0x8A, 0x3A, 0xD8, 0xF4, 0x8B, 0xE4, 0x78, 0x36, 0x85, 0x52, 0xC9, 0x2B, 0xCC,
    0x1B, 0xC0, 0x6F, 0xAA, 0xA4, 0xDF, 0xBB, 0x1A, 0xE3, 0xE2, 0x87, 0xE0, 0x50, 0x24, 0x3A, 0xD3,
    0xB0, 0xC4, 0x08, 0xBF, 0x1E, 0xC2, 0x2D, 0x4C, 0x3B, 0x92, 0x5F, 0x7E, 0x70, 0x3C, 0x77, 0xAA,
    0x8F, 0x4A, 0x62, 0x55, 0x1D, 0x89, 0x38, 0xF8, 0x93, 0xEA, 0xE7, 0x11, 0xD0, 0xF1, 0x60, 0x52,
    0x27, 0x9E, 0x23, 0x54, 0xE4, 0x12, 0x6D, 0xFC, 0x4C, 0x80, 0x0B, 0x0C, 0xE6, 0x78, 0xA6, 0x5C,
    0x50, 0x12, 0x3B, 0xE3, 0x88, 0x7D, 0xAA, 0xDA, 0xAF, 0xFA, 0x20, 0x8C, 0x42, 0x80, 0x74, 0xE4,
    0xC1, 0x2C, 0xCF, 0xE5, 0x19, 0x69, 0x6B, 0x6B, 0xDB, 0xE7, 0x6D, 0x72, 0xDD, 0x94, 0xB1, 0x08,
    0x88, 0x57, 0x27, 0x8E, 0xB6, 0x3C, 0x37, 0x22, 0xDD, 0x1A, 0x9F, 0x5F, 0x96, 0x4D, 0x0D, 0x3B,
    0xA1, 0x9F, 0x89, 0xB4, 0x6B, 0xD4, 0xB0, 0xB7, 0xCF, 0xD6, 0x3C, 0xAA, 0xF1, 0x56, 0x5C, 0x8D,
    0x9A, 0x99, 0xA5, 0x15, 0xE9, 0xF2, 0xEB, 0x6A, 0xE1, 0x99, 0x8E, 0x45, 0x9B, 0xF8, 0x4A, 0xC4,
    0x37, 0xDF, 0xC6, 0xA6, 0x6B, 0xD1, 0xC7, 0x6D, 0x7E, 0xFD, 0xAE, 0xB3, 0x22, 0x83, 0xD1, 0xF9,
    0xAE, 0xAE, 0x21, 0x1B, 0x6E, 0xC7, 0x25, 0xC4, 0xE2, 0x96, 0x18, 0x34, 0x42, 0x11, 0x9E, 0xF6,
    0x60, 0x5B, 0x88, 0x01, 0x38, 0x8E, 0x3E, 0xAD, 0xC2, 0x9A, 0x71, 0x09, 0x1F, 0x22, 0xF2, 0x60,
    0xC2, 0x23, 0x0E, 0x35, 0xC0, 0xCB, 0xEB, 0x2D, 0x21, 0x9D, 0xDF, 0x21, 0x17, 0xC1, 0x2E, 0x11,
    0x9D, 0x8F, 0xC0, 0x11, 0x35, 0x5D, 0xA8, 0x97, 0x1F, 0xA3, 0x4F, 0xA5, 0x59, 0x22, 0x0A, 0x5B,
    0xD2, 0x61, 0xB4, 0x40, 0x09, 0x8C, 0x84, 0x0D, 0xD5, 0x13, 0x36, 0xD4, 0x8E, 0xE2, 0xC3, 0x1A,
    0xE9, 0x31, 0x32, 0x62, 0xBF, 0x99, 0xC9, 0xBB, 0x86, 0xB4, 0x7C, 0xFD, 0xB8, 0x3A, 0x51, 0xA5,
    0xF0, 0x73, 0xF6, 0x96, 0x22, 0xF6, 0x5F, 0x1D, 0x14, 0x23, 0x20, 0x33, 0x68, 0x2D, 0x4D, 0x3A,
    0x14, 0x2D, 0x71, 0x9B, 0x96, 0xAB, 0x19, 0xA0, 0x6E, 0xA0, 0x76, 0xA0, 0x7E, 0xA0, 0x86, 0xA0,
    0x8E, 0xA0, 0x96, 0xD0, 0xAC, 0xA0, 0x8E, 0x04, 0x50, 0x5F, 0x50, 0x63, 0x50, 0x67, 0x50, 0x6B,
    0x08, 0xDE, 0x00, 0xA4, 0x37, 0x5D, 0x3A, 0xC0, 0xF6, 0x84, 0x3C, 0x26, 0x1E, 0x01, 0xC6, 0xF0,
    0x0A, 0x57, 0x83, 0x95, 0x1E, 0x8A, 0xFF, 0x8C, 0xD0, 0xBC, 0xE9, 0xE1, 0x75, 0xFE, 0xCC, 0xDA,
    0x94, 0x90, 0x94, 0xDB, 0x70, 0x79, 0x49, 0x3C, 0xC3, 0x2D, 0xD0, 0x2F, 0xB4, 0xCB, 0x36, 0xCC,
    0x70, 0x77, 0xE7, 0xAD, 0x99, 0x23, 0x80, 0x34, 0xBC, 0x71, 0xBE, 0x98, 0x6E, 0x78, 0xE3, 0x7C,
    0xCB, 0xC3, 0x6B, 0x2B, 0xDD, 0x73, 0xA9, 0x21, 0x97, 0x01, 0x44, 0x26, 0x62, 0xF9, 0xA3, 0x60,
    0x26, 0x9A, 0xDA, 0xA8, 0x5D, 0xE1, 0xFD, 0x71, 0x85, 0xC4, 0x03, 0x0A, 0x98, 0x99, 0xD7, 0x88,
    0xE5, 0x0F, 0x02, 0x4A, 0x83, 0x42, 0x26, 0x9D, 0xEA, 0x23, 0x08, 0xE7, 0x14, 0x0E, 0x64, 0xD4,
    0x58, 0x9F, 0xC4, 0xE2, 0xC3, 0x16, 0xF9, 0xB2, 0xDC, 0x49, 0x2E, 0x8E, 0x9D, 0x5C, 0xBA, 0x32,
    0x14, 0x7E, 0x89, 0x39, 0x04, 0x1E, 0xA2, 0x11, 0xFB, 0xA5, 0xA3, 0x18, 0x3F, 0x42, 0x66, 0x34,
    0xA7, 0x34, 0xA5, 0xD6, 0x8C, 0x3A, 0xE0, 0x62, 0x91, 0x85, 0xC5, 0x02, 0x92, 0x11, 0x08, 0x15,
    0x59, 0x78, 0xC0, 0x3C, 0xF6, 0xBF, 0x42, 0xD6, 0x56, 0x9C, 0xF3, 0xC3, 0xD3, 0x2F, 0x22, 0x56,
    0x73, 0x61, 0x44, 0xF5, 0x27, 0x53, 0x53, 0x27, 0x2E, 0x6F, 0xA3, 0x3A, 0x39, 0x8C, 0x76, 0xFD,
    0x42, 0x1C, 0x7A, 0x9F, 0xD3, 0xFF, 0x4D, 0xE4, 0x9D, 0x60, 0xCB, 0x9F, 0x12, 0x71, 0x06, 0x70,
    0xBA, 0x0D, 0x2E, 0x73, 0x50, 0x78, 0xB6, 0xEF, 0xB1, 0xE9, 0x6C, 0x4D, 0x78, 0x64, 0x8E, 0xB6,
    0x01, 0x1A, 0xE9, 0x97, 0x70, 0x1A, 0x90, 0x84, 0x75, 0x75, 0x7B, 0x03, 0x14, 0x91, 0x6E, 0x13,
    0x97, 0xCD, 0xE7, 0xE5, 0x36, 0xE7, 0xFB, 0x86, 0x8E, 0xDB, 0x9E, 0x27, 0x3C, 0x72, 0x23, 0x88,
    0xD7, 0x58, 0x37, 0xC0, 0xED, 0xA3, 0xC1, 0x4A, 0xDC, 0x1A, 0x8F, 0xAF, 0x1C, 0x64, 0x77, 0x85,
    0xF6, 0xF9, 0xFA, 0x69, 0x25, 0x32, 0x6C, 0xE2, 0x28, 0xBC, 0x9B, 0x96, 0x5B, 0x91, 0xBB, 0xDB,
    0x71, 0x00, 0xFE, 0x7B, 0xE7, 0x7D, 0x65, 0x06, 0xE4, 0xE6, 0x8E, 0x69, 0xBA, 0xCE, 0xEF, 0x7A,
    0xEC, 0x60, 0x66, 0x72, 0x17, 0x09, 0x45, 0x8F, 0x94, 0x01, 0x3A, 0xA4, 0xDE, 0x0B, 0x6B, 0x17,
    0x1D, 0x11, 0xC6, 0xEA, 0x2C, 0x61, 0x3E, 0x9D, 0x39, 0x5C, 0xE3, 0xBB, 0x4B, 0xCC, 0xAB, 0x51,
    0xFB, 0xD6, 0x56, 0xA4, 0x0F, 0x59, 0x68, 0xC7, 0xAA, 0x4D, 0xBC, 0x2E, 0xBF, 0x52, 0x9B, 0x49,
    0x43, 0xFF, 0xD7, 0xCF, 0xF4, 0xBB, 0xA5, 0xCF, 0xA0, 0x7D, 0x75, 0x8C, 0x8E, 0xDD, 0xAB, 0xEA,
    0xD1, 0x9D, 0xC7, 0xD7, 0x78, 0x85, 0x57, 0x15, 0xE0, 0x84, 0x16, 0x3C, 0xDE, 0xCE, 0xD1, 0x7D,
    0x45, 0xDA, 0x01, 0xDC, 0x80, 0x33, 0x05, 0x5B, 0xDF, 0x71, 0x7C, 0xBD, 0x7B, 0x2E, 0x34, 0x85,
    0xE3, 0xC3, 0x0E, 0xE0, 0xD4, 0x96, 0xDC, 0xBF, 0xF6, 0x99, 0xB6, 0x6B, 0x1F, 0xB3, 0x5B, 0xFB,
    0xA8, 0x78, 0xD4, 0x05, 0xD4, 0x32, 0xD4, 0x17, 0xD4, 0x20, 0xD4, 0x29, 0xD4, 0x32, 0x14, 0xD6,
    0x1D, 0xDD, 0x87, 0x2E, 0xEA, 0x5D, 0x18, 0xA6, 0x13, 0x84, 0xA9, 0x22, 0x00, 0x7B, 0xAF, 0x62,
    0xA2, 0xDB, 0x2E, 0x26, 0xDE, 0xD8, 0xA9, 0x7D, 0x42, 0x45, 0x51, 0x04, 0xA9, 0xF3, 0x5A, 0x51,
    0x48, 0x9D, 0xEA, 0xF5, 0xED, 0x48, 0xD1, 0x05, 0x18, 0x28, 0xFA, 0xBD, 0xB0, 0x76, 0xB9, 0x19,
    0x71, 0x33, 0x56, 0x67, 0x09, 0xF3, 0x85, 0x99, 0xF5, 0x1A, 0x2F, 0x43, 0xF7, 0x6E, 0xA6, 0x89,
    0x5E, 0x57, 0x6B, 0xC8, 0x95, 0xEE, 0x5A, 0x52, 0x6E, 0x13, 0x2A, 0x77, 0x09, 0xB1, 0x7B, 0x7C,
    0x5D, 0x07, 0xD8, 0x3E, 0xBE, 0xFE, 0x0B, 0xD8, 0xF9, 0xC7, 0x0F, 0x27, 0xFF, 0xEE, 0x5F, 0x1E,
    0xAD, 0x49, 0x77, 0x88, 0xC7, 0xF4, 0x0C, 0xA0, 0x09, 0xC7, 0xD7, 0xEE, 0xD6, 0xF1, 0xB5, 0x19,
    0x51, 0x9B, 0xD6, 0xE3, 0xEB, 0xAB, 0x9B, 0xE3, 0x6B, 0x17, 0x8E, 0xAF, 0x4F, 0xEB, 0xD0, 0x8B,
    0x0A, 0xA8, 0x68, 0xA7, 0x80, 0x3A, 0x3F, 0x8C, 0x3B, 0xC9, 0xD6, 0xF1, 0x75, 0xBD, 0x9D, 0x26,
    0x83, 0xE9, 0x01, 0x4A, 0x05, 0x1E, 0xC2, 0xE6, 0x95, 0x39, 0xA8, 0xC6, 0xDB, 0x25, 0x16, 0x11,
    0x70, 0xA4, 0xCD, 0x2D, 0xB4, 0x1F, 0xB1, 0x79, 0x41, 0xAB, 0xDA, 0xF5, 0xB7, 0xBF, 0xAC, 0xC3,
    0x78, 0x05, 0xB7, 0x00, 0x4F, 0x17, 0x78, 0x45, 0xA4, 0x45, 0xC2, 0xCD, 0xBB, 0x11, 0x37, 0xA9,
    0x4C, 0x61, 0xD7, 0xA2, 0xFA, 0x10, 0x2B, 0x39, 0xF0, 0xB3, 0xB0, 0x8C, 0x47, 0x02, 0x66, 0x82,
    0x64, 0x7C, 0x8E, 0x75, 0x0D, 0xB6, 0x6D, 0x88, 0xCA, 0x86, 0x2B, 0x11, 0x23, 0x22, 0x56, 0xC4,
    0x7F, 0x2F, 0x37, 0xD6, 0x5F, 0xEB, 0x82, 0xE6, 0xBC, 0x07, 0xAC, 0x53, 0xBD, 0xE3, 0x02, 0xD1,
    0xB0, 0x00, 0x9C, 0x52, 0xF4, 0x59, 0x58, 0xD6, 0x54, 0x2F, 0x4D, 0x0D, 0x45, 0xBB, 0x08, 0xEE,
    0x1B, 0x92, 0xAE, 0x01, 0x5E, 0x56, 0xF0, 0x9D, 0x75, 0x8C, 0x6A, 0xF5, 0x0A, 0xAF, 0x9E, 0x5C,
    0xF5, 0xFE, 0x3A, 0xE6, 0x39, 0xC6, 0x35, 0x50, 0x1F, 0x46, 0x79, 0x58, 0x20, 0xFF, 0x01, 0x91,
    0x7E, 0x82, 0xC8, 0x17, 0x1D, 0xD1, 0xA7, 0x41, 0xEA, 0xA9, 0xF5, 0x5E, 0x80, 0x99, 0xCE, 0x48,
    0x65, 0x22, 0x91, 0xF9, 0x79, 0xB4, 0xC8, 0x00, 0x0E, 0xA2, 0x73, 0x95, 0x73, 0x6A, 0x61, 0x77,
    0x2F, 0x6B, 0xF0, 0x1C, 0x38, 0x9C, 0xCA, 0x3D, 0xCB, 0x98, 0xF6, 0xFD, 0x7E, 0x91, 0xFA, 0xA2,
    0x4D, 0xC7, 0x6F, 0xAF, 0xE3, 0xF4, 0x3A, 0x89, 0x1A, 0xD6, 0x5C, 0xEF, 0xBD, 0x8E, 0xF6, 0xBD,
    0x77, 0xF4, 0x76, 0x2C, 0xAE, 0xAB, 0x31, 0x93, 0x6F, 0x46, 0x2B, 0x9F, 0x8D, 0xD1, 0x9C, 0x8E,
    0x7B, 0xE6, 0xBC, 0x57, 0x25, 0x7F, 0x0C, 0x7D, 0xF7, 0x79, 0xCB, 0x7D, 0x69, 0xBD, 0xA1, 0xFD,
    0x56, 0x41, 0x4A, 0x88, 0x04, 0x30, 0x1E, 0x48, 0x86, 0xA2, 0xC6, 0x3A, 0x85, 0x76, 0x81, 0xA8,
    0x2C, 0xCA, 0x85, 0xB0, 0xDC, 0x00, 0x0B, 0x4C, 0x0A, 0xFE, 0x7B, 0x41, 0xEA, 0x51, 0x3E, 0x6B,
    0x5D, 0xEE, 0x50, 0xD9, 0xA8, 0x6E, 0x54, 0xF8, 0xA6, 0xFD, 0x66, 0x97, 0xD5, 0x04, 0x24, 0xE3,
    0x13, 0x94, 0x55, 0xA9, 0xAC, 0x4A, 0x94, 0xD5, 0x32, 0x95, 0xDC, 0x00, 0x0B, 0x4C, 0x0A, 0xE3,
    0x7D, 0x40, 0xDD, 0x40, 0xED, 0x40, 0xFD, 0x40, 0x0D, 0x21, 0x38, 0x72, 0x06, 0xF0, 0x3E, 0xE1,
    0xB2, 0xD0, 0x84, 0x82, 0x5B, 0x8D, 0xE8, 0x17, 0x48, 0xBA, 0x05, 0xE0, 0x74, 0x6E, 0xDC, 0x26,
    0x54, 0xA2, 0x84, 0xD4, 0x88, 0xAE, 0x28, 0x49, 0xD4, 0x08, 0x38, 0x82, 0x11, 0x9A, 0xF7, 0xC8,
    0xA8, 0xE0, 0x37, 0x10, 0x29, 0x18, 0xCD, 0x0D, 0xE3, 0x16, 0xA0, 0x3E, 0xB9, 0x1B, 0x97, 0xDF,
    0xCD, 0xEA, 0x09, 0x24, 0xBD, 0xA6, 0x45, 0x7D, 0x2C, 0x4B, 0x2E, 0x80, 0x58, 0xDE, 0x41, 0xB7,
    0x06, 0x30, 0x22, 0x45, 0xCD, 0xF9, 0xB8, 0x00, 0x9C, 0xDA, 0x88, 0xC0, 0x65, 0x3E, 0x63, 0xE5,
    0xF2, 0x04, 0xDE, 0x9E, 0x54, 0xF9, 0xC5, 0xB1, 0xE4, 0xC3, 0x2A, 0xF5, 0xF4, 0x7A, 0x73, 0xB7,
    0x1F, 0x80, 0x27, 0x0A, 0x41, 0xF4, 0x51, 0x94, 0xDF, 0x71, 0xF1, 0xFD, 0x55, 0x2A, 0x60, 0x46,
    0x20, 0x1A, 0x08, 0xAD, 0x69, 0x69, 0xDA, 0x9B, 0x8D, 0x3C, 0xEC, 0xD2, 0xA3, 0x99, 0xB1, 0x3E,
    0x99, 0x48, 0xA6, 0xD4, 0x63, 0x66, 0x3B, 0x10, 0x49, 0xE6, 0xC2, 0xEB, 0x0F, 0x95, 0x8A, 0x2E,
    0xA4, 0x84, 0x4C, 0x00, 0x3B, 0x6D, 0xB6, 0xEA, 0xE4, 0xC5, 0x10, 0x08, 0xD5, 0x2F, 0x22, 0x54,
    0x75, 0x81, 0xD0, 0x5A, 0x36, 0xC4, 0x33, 0xE9, 0x68, 0x3C, 0x89, 0x4F, 0x3C, 0x66, 0x4A, 0x07,
    0xE2, 0x59, 0xC7, 0x89, 0xED, 0x41, 0x32, 0x65, 0x75, 0x75, 0xC3, 0xAA, 0x86, 0x5C, 0x80, 0x6C,
    0xDE, 0xA1, 0xA6, 0x2E, 0xA1, 0x03, 0x1E, 0x5D, 0x39, 0xB0, 0xD2, 0x29, 0xD4, 0xDA, 0xE3, 0xA4,
    0xF2, 0xD3, 0xFD, 0x70, 0x0C, 0xBD, 0x52, 0x62, 0x9D, 0x94, 0x8B, 0x5E, 0x29, 0x17, 0xBD, 0x0A,
    0xF5, 0x02, 0x13, 0xDC, 0xFF, 0x4C, 0x92, 0x93, 0x9A, 0xA3, 0xAC, 0x54, 0x8C, 0x42, 0x19, 0x20,
    0xB0, 0xE2, 0xD3, 0x6D, 0x56, 0xA7, 0x4F, 0x90, 0xBB, 0xCF, 0x48, 0x4E, 0x6D, 0xD3, 0x3E, 0x2E,
    0x17, 0x57, 0x2B, 0x97, 0x93, 0x9B, 0xF3, 0x7F, 0xB5, 0x8D, 0x01, 0xC6, 0xDD, 0x40, 0x10, 0xC7,
    0xFF, 0x49, 0x4A, 0x10, 0xEC, 0x83, 0x0F, 0xC0, 0xF6, 0x02, 0xB5, 0x17, 0x68, 0x3B, 0x7B, 0x83,
    0x7E, 0xF0, 0x00, 0xF4, 0x26, 0xDD, 0x1C, 0xA1, 0x87, 0x29, 0x0A, 0xAF, 0xC9, 0x11, 0xE2, 0x5D,
    0xA0, 0x0B, 0x05, 0x60, 0x11, 0x2C, 0x66, 0x77, 0x3A, 0x09, 0xAB, 0x4A, 0x80, 0xEA, 0xCC, 0xFC,
    0x7E, 0x62, 0xF3, 0x37, 0xF3, 0x72, 0xBF, 0xBF, 0x06, 0x11, 0x6E, 0xDC, 0xB5, 0xBC, 0x68, 0xC5,
    0x3F, 0x42, 0x40, 0xED, 0x6A, 0x5F, 0x06, 0x1E, 0xD9, 0xB0, 0xCD, 0x2E, 0xD3, 0x6E, 0xAA, 0x39,
    0xBE, 0x77, 0x97, 0x5C, 0xA4, 0x55, 0xDB, 0x07, 0x8C, 0x82, 0xA9, 0xC2, 0xF0, 0x39, 0x3B, 0x6C,
    0x82, 0x8D, 0x70, 0x2B, 0x48, 0xC7, 0x03, 0x84, 0x1F, 0x58, 0x50, 0x20, 0x5D, 0xE9, 0xEA, 0xC0,
    0x43, 0x19, 0x95, 0x89, 0x27, 0x36, 0xF9, 0xD8, 0x64, 0x75, 0x2B, 0xE5, 0x90, 0x26, 0x31, 0x45,
    0xFB, 0xBC, 0x64, 0xB2, 0x4B, 0x36, 0x1D, 0xD0, 0xE6, 0xB6, 0xF3, 0xCE, 0x4C, 0x73, 0x38, 0x57,
    0x99, 0xE2, 0xD8, 0x32, 0xED, 0x76, 0x27, 0x4D, 0x50, 0xA4, 0x18, 0x56, 0xDA, 0x94, 0x75, 0xF1,
    0xC1, 0x0B, 0x02, 0xAA, 0xA6, 0x18, 0x30, 0xF1, 0x12, 0x12, 0xC9, 0x8D, 0x97, 0xCF, 0xBF, 0x5E,
    0xDB, 0xFB, 0xFF, 0xE2, 0xFA, 0xDE, 0xBF, 0xE7, 0x49, 0xE6, 0xCB, 0x91, 0x9F, 0x45, 0xE2, 0x95,
    0xA6, 0x0C, 0x80, 0x44, 0xF5, 0x20, 0x0F, 0xB0, 0x9D, 0x55, 0x46, 0x55, 0x9C, 0x07, 0x82, 0xE0,
    0x1D, 0x6C, 0x9E, 0x2A, 0xD0, 0xCB, 0x06, 0x2C, 0x9A, 0x36, 0xD5, 0xAB, 0xBE, 0x02, 0x78, 0x43,
    0xCF, 0x0A, 0x88, 0xC8, 0xDC, 0xEF, 0xCB, 0xA7, 0x75, 0x48, 0x34, 0x6E, 0x43, 0xFA, 0x78, 0x48,
    0xBF, 0xFA, 0xAC, 0x6F, 0xE7, 0x5F, 0xB8, 0x67, 0x01, 0x6E, 0xF8, 0xD6, 0xB3, 0xC9, 0x21, 0xC9,
    0x2A, 0xD0, 0x9E, 0x43, 0x34, 0x79, 0x60, 0x7C, 0xC7, 0xDB, 0x1B, 0xDE, 0x23, 0xF8, 0x10, 0x6D,
    0x1E, 0x4B, 0xA7, 0x3D, 0x16, 0xC3, 0x14, 0x83, 0xFF, 0x80, 0x1B, 0xB4, 0xCC, 0xAA, 0xB2, 0xB3,
    0x8A, 0x14, 0x7C, 0x39, 0xC4, 0x4A, 0xBF, 0xAB, 0x86, 0xA4, 0x9A, 0xB6, 0x96, 0xF8, 0xBB, 0xA8,
    0x45, 0xBB, 0xDC, 0xA2, 0x63, 0x6C, 0x1B, 0x9D, 0x6F, 0x89, 0xC7, 0xA1, 0xDF, 0x75, 0x90, 0x3D,
    0x6E, 0xEA, 0x40, 0x14, 0x85, 0x0F, 0xE6, 0x49, 0x2E, 0x5C, 0x4C, 0xCB, 0x53, 0x8A, 0xA9, 0x53,
    0xA0, 0xD9, 0x40, 0xCC, 0x9D, 0x8D, 0x81, 0x67, 0x27, 0xE9, 0xB3, 0x82, 0x14, 0xC1, 0x73, 0x97,
    0xE0, 0x1D, 0xC0, 0x12, 0x28, 0x28, 0x8C, 0x34, 0xF6, 0xE4, 0xD8, 0x01, 0x04, 0x52, 0x22, 0x7D,
    0xC5, 0xF5, 0xFD, 0xB1, 0xE6, 0x7C, 0xD5, 0x05, 0x92, 0x7D, 0x63, 0x75, 0x78, 0xEF, 0x86, 0x43,
    0x37, 0x98, 0x09, 0x7E, 0xB2, 0xC9, 0x11, 0x32, 0x8A, 0x8C, 0x32, 0xC3, 0x34, 0xD8, 0x08, 0xBE,
    0x04, 0x39, 0xEB, 0x47, 0x0C, 0x10, 0x10, 0xC9, 0x61, 0xC6, 0xD7, 0x23, 0x9A, 0xAC, 0xFF, 0xAD,
    0xFE, 0x33, 0xBA, 0xB1, 0xDA, 0xCC, 0xB7, 0x8B, 0x11, 0xE5, 0x09, 0x96, 0xBB, 0x2D, 0x9A, 0xA8,
    0xAD, 0xE9, 0xF6, 0x55, 0xB7, 0x33, 0x2A, 0x31, 0x54, 0x03, 0x6F, 0x3B, 0x52, 0x1B, 0xAD, 0xA7,
    0x0D, 0x0F, 0x01, 0xF6, 0x40, 0x42, 0x71, 0xC6, 0xF2, 0x04, 0x2E, 0x70, 0x6D, 0x6B, 0x82, 0x8B,
    0xB0, 0x23, 0xF8, 0x9E, 0xBD, 0xD1, 0xF6, 0x76, 0x3B, 0xBD, 0x39, 0x7A, 0x76, 0x08, 0xFF, 0x6C,
    0x0F, 0x0A, 0x17, 0x10, 0xB1, 0x4C, 0xB0, 0x47, 0x54, 0xFD, 0x35, 0x11, 0xA7, 0xF7, 0x50, 0xAC,
    0xAF, 0xA1, 0x7A, 0x14, 0x09, 0x2E, 0x41, 0x12, 0x56, 0x09, 0x78, 0x64, 0x80, 0xCB, 0x47, 0x52,
    0x5E, 0x58, 0x78, 0x26, 0x5A, 0x5B, 0x05, 0x11, 0xCF, 0x2C, 0xD5, 0x19, 0x12, 0xC0, 0x26, 0xA9,
    0x2E, 0x2C, 0xC2, 0xDA, 0x4D, 0xD3, 0x62, 0x04, 0x81, 0xD3, 0x95, 0xD1, 0xAD, 0x9B, 0xB2, 0xBF,
    0xDC, 0xBC, 0x2D, 0xE9, 0x2D, 0xC3, 0x0A, 0x6A, 0xC1, 0xE7, 0x1F, 0xEA, 0xDE, 0x80, 0x1F, 0x7B,
    0xAF, 0xB3, 0xBD, 0xDD, 0xDD, 0x1E, 0xB5, 0xF7, 0x30, 0xDD, 0xE4, 0xA6, 0x69, 0x11, 0x1F, 0x04,
    0xBA, 0x18, 0xCA, 0x27, 0x81, 0x8C, 0x3F, 0x0B, 0xDC, 0x01, 0x09, 0x8B, 0x27, 0x87, 0x9E, 0xFB,
    0x1B, 0x13, 0x6C, 0xFB, 0x9B, 0xC6, 0xFE, 0xAA, 0x71, 0x78, 0x32, 0xE9, 0xEF, 0x26, 0xBF, 0x01,
    0x95, 0xD3, 0x01, 0x84, 0x1C, 0x57, 0x1C, 0xC7, 0xF1, 0xDF, 0xEE, 0xB4, 0x16, 0x8B, 0x57, 0x88,
    0xE2, 0xAA, 0x03, 0x50, 0x34, 0x19, 0x00, 0x08, 0x6F, 0xA2, 0x38, 0x14, 0x09, 0xEE, 0xC0, 0x91,
    0x00, 0x50, 0xEA, 0x00, 0x42, 0xD3, 0xBE, 0x89, 0x43, 0x11, 0x24, 0x10, 0x00, 0x00, 0x54, 0x90,
    0x02, 0xA0, 0xBD, 0xF7, 0x24, 0x80, 0xE0, 0x46, 0x2A, 0x82, 0xD2, 0x1B, 0x95, 0x80, 0xE2, 0x9E,
    0xF6, 0x5D, 0xCD, 0x35, 0xEF, 0xBD, 0x5F, 0xFF, 0x6F, 0xF7, 0x76, 0x6F, 0x9D, 0x40, 0xF0, 0xFD,
    0xDC, 0xF8, 0xBF, 0xFD, 0xCF, 0x9A, 0x33, 0x8B, 0xF9, 0x4D, 0xAC, 0x53, 0x52, 0xC3, 0x76, 0x4A,
    0xF6, 0x73, 0x32, 0xD4, 0x34, 0x51, 0x9F, 0x34, 0x49, 0x1F, 0x5D, 0x1B, 0xCD, 0xC3, 0xAB, 0xAD,
    0xBD, 0x7D, 0x15, 0xF6, 0xF6, 0x75, 0x70, 0xD5, 0xB7, 0xD7, 0x61, 0xCF, 0x33, 0xBF, 0x5C, 0x87,
    0x8E, 0x77, 0x83, 0x8E, 0xDF, 0xA5, 0x3A, 0xD9, 0x28, 0xFB, 0x7E, 0x4A, 0x3A, 0x98, 0x04, 0xDC,
    0x0B, 0xC0, 0x5D, 0xBF, 0xAC, 0xCE, 0xED, 0x44, 0xCE, 0x66, 0x64, 0x54, 0x79, 0x2F, 0xD4, 0x61,
    0xD2, 0xD7, 0x32, 0x2E, 0x59, 0xA6, 0x75, 0x9F, 0xE6, 0x1D, 0x54, 0xF9, 0xD2, 0x2C, 0xED, 0x60,
    0x3E, 0x02, 0xFA, 0x74, 0x77, 0x47, 0x93, 0x71, 0x95, 0xCA, 0x38, 0x84, 0xE2, 0x05, 0xAD, 0x70,
    0xE2, 0x84, 0x63, 0xA1, 0x3E, 0x7A, 0x9B, 0x5B, 0xF3, 0x82, 0x74, 0xE6, 0xF9, 0x0A, 0xF5, 0xCC,
    0x1F, 0xC2, 0x30, 0x58, 0x67, 0x38, 0x16, 0xA2, 0x75, 0xF5, 0xAB, 0x74, 0xD8, 0x2A, 0x77, 0x28,
    0x6B, 0xCE, 0x14, 0x74, 0x16, 0x9A, 0x42, 0x5D, 0x50, 0x19, 0x1C, 0x01, 0x90, 0x6D, 0xC1, 0x01,
    0x79, 0xBF, 0x17, 0xD4, 0xB0, 0xE6, 0xCF, 0x2C, 0xB3, 0xDF, 0x09, 0xF2, 0xB8, 0xD0, 0xBC, 0x02,
    0x53, 0xE3, 0x90, 0x73, 0x2D, 0x58, 0xE5, 0x91, 0xCD, 0x76, 0x44, 0xD6, 0xF7, 0xB3, 0xE0, 0x2C,
    0x72, 0x3D, 0x18, 0x59, 0x3B, 0x93, 0xAB, 0x39, 0x89, 0x5C, 0x31, 0x21, 0xC3, 0x0C, 0xA8, 0x7B,
    0xD8, 0xF7, 0x42, 0x92, 0xFD, 0x02, 0x2B, 0x38, 0xF5, 0xE2, 0xDE, 0x0F, 0xB8, 0x23, 0xB4, 0x7C,
    0x71, 0xD5, 0xF4, 0x3C, 0x5A, 0xA1, 0x8E, 0xAE, 0x7D, 0x0F, 0x75, 0xF4, 0xF9, 0x9A, 0x5A, 0xF8,
    0x43, 0xFD, 0x0A, 0x95, 0x55, 0xDA, 0x40, 0xB3, 0xAF, 0x3B, 0xCD, 0x51, 0x78, 0x92, 0x04, 0x98,
    0x82, 0x16, 0x9A, 0x66, 0xC1, 0x9D, 0x0F, 0xA0, 0xAE, 0x05, 0x34, 0xAD, 0x60, 0x84, 0xBF, 0x08,
    0xDD, 0x30, 0x16, 0x06, 0x00, 0xDA, 0xA1, 0xE1, 0xB8, 0xEE, 0x63, 0xD3, 0x97, 0xD9, 0x6C, 0xD4,
    0xAE, 0xA1, 0x76, 0x86, 0xD6, 0xD9, 0xB7, 0x74, 0xEC, 0xB4, 0x63, 0x7B, 0x9E, 0xB3, 0x32, 0xA7,
    0xD3, 0x72, 0xAE, 0x92, 0xEC, 0xB7, 0xC0, 0x95, 0xDD, 0xDD, 0x5B, 0x96, 0xF4, 0xAB, 0xB0, 0x95,
    0x5B, 0x90, 0x43, 0xB5, 0x7C, 0x9F, 0x52, 0xED, 0x31, 0xE8, 0x72, 0x67, 0x66, 0x18, 0xC9, 0x96,
    0x5E, 0xED, 0xC0, 0x3A, 0x2C, 0xAF, 0xCF, 0xE7, 0x5A, 0x66, 0xBA, 0x47, 0x5B, 0xFB, 0x89, 0x2F,
    0x7B, 0x65, 0x1F, 0xE4, 0x50, 0xEE, 0xA7, 0x02, 0xE8, 0x54, 0x98, 0x10, 0x2A, 0x54, 0x59, 0x98,
    0x47, 0x41, 0x05, 0xA1, 0xF1, 0x82, 0x76, 0x02, 0x3B, 0xD4, 0x67, 0xDC, 0x85, 0x21, 0xB9, 0x41,
    0x39, 0x10, 0xAC, 0x13, 0xF4, 0x20, 0xD4, 0x41, 0x50, 0x51, 0x98, 0x25, 0xA1, 0xA2, 0x00, 0x76,
    0xC2, 0xE2, 0xE1, 0xB8, 0xC1, 0x95, 0xBD, 0xB4, 0xDB, 0x62, 0x16, 0x01, 0xE1, 0x23, 0x21, 0x8D,
    0x02, 0x17, 0x04, 0xA0, 0xC9, 0x2D, 0xA6, 0x8C, 0x40, 0xC5, 0xF8, 0x05, 0xAA, 0xD7, 0x79, 0xC4,
    0x64, 0x71, 0x3A, 0x67, 0x0F, 0xD8, 0xB4, 0x38, 0x58, 0xB1, 0x2D, 0x60, 0xB6, 0x42, 0x31, 0xB7,
    0x02, 0x87, 0x42, 0x80, 0x3A, 0xDB, 0x8B, 0xB8, 0xF4, 0xE5, 0x4D, 0x7E, 0xC2, 0xEE, 0xD2, 0x4C,
    0x85, 0x2A, 0xCA, 0x87, 0xEF, 0x8C, 0x65, 0xCD, 0x17, 0x7A, 0x21, 0x03, 0x2A, 0xE0, 0xFD, 0x00,
    0x49, 0x8A, 0xC0, 0x44, 0x32, 0x11, 0x15, 0xD9, 0x96, 0xB5, 0xE6, 0x1D, 0xBD, 0x7E, 0xF9, 0x2E,
    0x98, 0xE7, 0xFF, 0xBC, 0xB1, 0x07, 0x1E, 0xF6, 0xAB, 0x01, 0xDC, 0x2E, 0xF5, 0xE0, 0xD7, 0x8C,
    0x8B, 0x6E, 0x96, 0x5E, 0x47, 0xFB, 0xF0, 0x20, 0xDA, 0xE3, 0x83, 0xA8, 0x4F, 0xB6, 0x47, 0xCD,
    0xA7, 0xBE, 0x26, 0x87, 0x39, 0xD9, 0x4D, 0x79, 0x06, 0x18, 0x2C, 0xB3, 0xD2, 0xA1, 0xB4, 0x95,
    0x04, 0xB2, 0x47, 0x45, 0x7A, 0x20, 0xED, 0x8F, 0xC0, 0x27, 0x33, 0x01, 0x82, 0x26, 0xD9, 0x5D,
    0x80, 0x29, 0x5B, 0xA0, 0x09, 0xB8, 0x7C, 0xB0, 0xFA, 0xBC, 0x10, 0xF1, 0x33, 0x2A, 0xEE, 0x45,
    0x4C, 0xC8, 0x08, 0x58, 0x7A, 0x60, 0x9E, 0x5B, 0x00, 0x59, 0x4A, 0xCB, 0xE4, 0x4B, 0x27, 0x65,
    0x8D, 0x1C, 0x14, 0x19, 0x9A, 0xFF, 0xDE, 0x45, 0xFD, 0xF2, 0xEF, 0xD1, 0x3C, 0xF3, 0xED, 0xE2,
    0xE1, 0x0E, 0x86, 0x45, 0xFC, 0xB1, 0x5F, 0x64, 0x1F, 0xB8, 0x65, 0x0F, 0x1D, 0xCC, 0xD1, 0xB3,
    0x37, 0xFA, 0xF8, 0x20, 0x35, 0x7C, 0x10, 0x15, 0x9F, 0x86, 0x19, 0xE9, 0x27, 0xA4, 0x83, 0x3E,
    0x03, 0xF4, 0xC5, 0xC3, 0x59, 0x32, 0xAE, 0x92, 0x77, 0x7E, 0x07, 0xB8, 0x34, 0xDB, 0x3F, 0xDD,
    0x41, 0xED, 0xF1, 0x41, 0x2D, 0xEF, 0x91, 0x56, 0x61, 0x1E, 0x80, 0x2A, 0xAE, 0x67, 0xDF, 0x3C,
    0xE1, 0x4F, 0xA8, 0x12, 0x50, 0x97, 0xD9, 0x28, 0xF5, 0x52, 0x07, 0xD8, 0x1E, 0xD0, 0x1E, 0x50,
    0x11, 0x98, 0x65, 0x2C, 0xFF, 0x8F, 0x5C, 0x0C, 0x95, 0x8C, 0x2F, 0xFA, 0x12, 0xEA, 0xDF, 0x08,
    0xC5, 0xD2, 0x80, 0x26, 0x03, 0x0C, 0x9F, 0x81, 0xA7, 0x11, 0xC7, 0x8B, 0x59, 0x40, 0xCD, 0x1B,
    0x64, 0x98, 0x90, 0x7E, 0x9A, 0x4F, 0x7C, 0x95, 0x94, 0x9F, 0x45, 0x75, 0xBA, 0x3F, 0x2A, 0x99,
    0x48, 0x4E, 0xF1, 0x0C, 0x33, 0xB2, 0x2B, 0x8C, 0x85, 0x84, 0x59, 0xDA, 0x23, 0x66, 0x71, 0x52,
    0x00, 0xDB, 0x4D, 0x64, 0xB6, 0x55, 0x4E, 0x35, 0x99, 0x0A, 0x63, 0xE1, 0x11, 0xE4, 0x14, 0xE5,
    0xCA, 0x6D, 0xB0, 0x75, 0xF1, 0xDB, 0x5A, 0x33, 0xBD, 0xFF, 0x08, 0xD5, 0x6F, 0xC3, 0x3A, 0x32,
    0x48, 0x59, 0x62, 0xC7, 0xC7, 0x74, 0xEC, 0x74, 0x2F, 0x0D, 0xE7, 0x7F, 0x9D, 0xCC, 0x3A, 0x32,
    0x61, 0x99, 0x5C, 0x77, 0x46, 0xCE, 0x6A, 0x7F, 0x51, 0xE3, 0xF9, 0xD8, 0x7A, 0x92, 0xBD, 0xD4,
    0x92, 0xE3, 0xE6, 0xFD, 0x31, 0xB9, 0x71, 0x0B, 0xFF, 0x03, 0x9C, 0x54, 0x3D, 0x88, 0x14, 0x4D,
    0x14, 0xAC, 0xD9, 0xE5, 0x6E, 0x3F, 0x58, 0x3E, 0x27, 0xBA, 0x48, 0x8F, 0x36, 0x4F, 0x26, 0x35,
    0x10, 0xBB, 0x31, 0x0F, 0x35, 0xCF, 0x23, 0x13, 0xF3, 0x6E, 0xF3, 0xC0, 0x3C, 0x33, 0x30, 0xC7,
    0xD0, 0xAC, 0xC7, 0xBB, 0x9C, 0x1B, 0x34, 0x34, 0x70, 0x30, 0x07, 0x87, 0x73, 0x91, 0x91, 0xDB,
    0x9D, 0x67, 0x15, 0xBD, 0xEC, 0xDE, 0x2D, 0xDE, 0xA1, 0x3E, 0xA8, 0x82, 0x7D, 0x7F, 0x55, 0x6F,
    0x1A, 0x16, 0x50, 0x2C, 0x45, 0x4D, 0x4B, 0xCA, 0xA4, 0x99, 0x29, 0xB5, 0x56, 0xCA, 0xCC, 0x52,
    0x16, 0x35, 0x22, 0xE6, 0x4A, 0x55, 0x7D, 0x65, 0xA2, 0xCC, 0x96, 0xA8, 0x88, 0x05, 0x53, 0x6E,
    0x00, 0xE2, 0x1A, 0x95, 0x19, 0x16, 0x66, 0xAD, 0x33, 0x1B, 0xFC, 0xC5, 0xE7, 0x55, 0x5D, 0x7F,
    0xED, 0x50, 0xF7, 0x81, 0xC0, 0x1F, 0xA3, 0xC4, 0x03, 0x51, 0xDC, 0xEB, 0x0E, 0x52, 0x5A, 0xC3,
    0x9B, 0x59, 0x10, 0xB5, 0xA2, 0x40, 0x2F, 0x9B, 0x6D, 0xB5, 0xF4, 0xC5, 0x32, 0x5B, 0xE2, 0x6F,
    0x64, 0x89, 0x20, 0xBB, 0xB2, 0x2D, 0xFB, 0x3A, 0x83, 0xE7, 0xE8, 0xAC, 0x72, 0x9E, 0xCE, 0xAC,
    0xB0, 0x8D, 0xC7, 0x0B, 0x4A, 0x9B, 0xEB, 0x30, 0x37, 0xB7, 0x42, 0xBD, 0x5E, 0x6C, 0x8A, 0xB3,
    0xBC, 0x73, 0x56, 0x8F, 0xCC, 0xA9, 0x5A, 0xFA, 0x34, 0xF1, 0x6F, 0xDF, 0xEC, 0xB8, 0xEE, 0x93,
    0x7B, 0xFD, 0x69, 0xF0, 0x5F, 0xBE, 0xAD, 0x6A, 0xB3, 0x7E, 0x6E, 0x96, 0x60, 0x13, 0xE0, 0xC7,
    0x62, 0x7C, 0x9E, 0xA0, 0xE0, 0xF8, 0x1E, 0x52, 0xDD, 0x10, 0x16, 0xB0, 0x89, 0x1D, 0xA6, 0x66,
    0xC4, 0xB4, 0x98, 0xF0, 0xAC, 0xE2, 0x2C, 0x22, 0x87, 0x1C, 0x87, 0x99, 0x40, 0xC5, 0x2E, 0xBC,
    0x84, 0x62, 0xA9, 0xEE, 0x3D, 0xA1, 0x16, 0x79, 0x91, 0x91, 0xE6, 0xE6, 0x03, 0x0F, 0x25, 0xF9,
    0x81, 0x64, 0xED, 0x09, 0x53, 0x00, 0x53, 0x00, 0x53, 0xA2, 0x56, 0x3F, 0x89, 0x12, 0x47, 0x22,
    0x17, 0x54, 0xE8, 0x48, 0xCD, 0x0A, 0xDB, 0xC7, 0x9A, 0x99, 0x92, 0xB9, 0xF3, 0x81, 0x49, 0x1F,
    0x98, 0xF4, 0xDB, 0xF5, 0xB0, 0x9D, 0xE4, 0x92, 0x74, 0x68, 0x08, 0x0F, 0x09, 0xCA, 0xCD, 0x27,
    0xC9, 0x16, 0xD5, 0xDC, 0x4E, 0xDC, 0x37, 0x71, 0xF1, 0x44, 0x85, 0x4D, 0xEE, 0xB4, 0xA3, 0xDC,
    0xBE, 0xBA, 0xF9, 0x4D, 0x78, 0x6F, 0x2F, 0xDA, 0x88, 0xD8, 0x73, 0xC4, 0x59, 0xFA, 0xA3, 0xB9,
    0xD8, 0x36, 0x5D, 0x65, 0xA1, 0xE9, 0xB8, 0xD8, 0x77, 0xF5, 0x88, 0x5C, 0x9E, 0x90, 0xD0, 0xB3,
    0x5A, 0x0F, 0xE6, 0x50, 0xCE, 0x85, 0xB5, 0x24, 0x9F, 0x48, 0xF7, 0xB0, 0x8D, 0xEA, 0xFD, 0xEE,
    0x3B, 0x88, 0x62, 0xF7, 0x3F, 0x60, 0xC1, 0x93, 0x24, 0x61, 0xF2, 0x69, 0x81, 0xF5, 0x28, 0x01,
    0x6D, 0x4E, 0x35, 0xA9, 0xAB, 0xB2, 0xAC, 0x16, 0x43, 0x6E, 0x05, 0x0D, 0x8A, 0x02, 0xE9, 0x14,
    0xD7, 0x62, 0xAE, 0xB7, 0x60, 0xC9, 0xD3, 0xBE, 0x25, 0xE8, 0xD5, 0x1C, 0xE7, 0x3D, 0xE1, 0x08,
    0xCE, 0x67, 0x3E, 0x6B, 0x66, 0x3D, 0xB3, 0x2F, 0xB3, 0x3F, 0x03, 0xB8, 0x0D, 0xCF, 0x09, 0x46,
    0xCF, 0xBD, 0x23, 0x31, 0x41, 0x4B, 0xB5, 0x3C, 0x9A, 0x8D, 0xC4, 0x44, 0xAC, 0x23, 0x3D, 0x47,
    0xE6, 0x23, 0xEB, 0x91, 0x7D, 0x11, 0x3D, 0x81, 0xDF, 0xE2, 0x84, 0xB8, 0x43, 0xAF, 0xF8, 0x91,
    0x2F, 0xFA, 0x93, 0x4F, 0xFA, 0xCF, 0x07, 0xFE, 0x51, 0x15, 0x0B, 0xBA, 0xB3, 0xDC, 0xCB, 0x88,
    0x77, 0xA2, 0x2F, 0xBE, 0xE4, 0x4F, 0x3E, 0x0F, 0xFC, 0xEF, 0x3E, 0x16, 0xEB, 0xBA, 0x53, 0xF7,
    0x96, 0x88, 0x3A, 0xDC, 0x28, 0xB9, 0x34, 0xA3, 0xDC, 0x10, 0x13, 0x5C, 0xDB, 0xB4, 0x68, 0x0A,
    0x1D, 0x05, 0x12, 0x00, 0xD1, 0x69, 0x73, 0x9E, 0x10, 0x5F, 0x5C, 0x50, 0xCA, 0xAC, 0x87, 0x33,
    0x7D, 0x7C, 0x9B, 0xE4, 0x76, 0xDC, 0x6E, 0x82, 0x4B, 0xA4, 0x63, 0xA2, 0xCA, 0x49, 0x3B, 0x57,
    0x1C, 0x35, 0xC9, 0x7F, 0x98, 0xE4, 0x32, 0xEB, 0xFE, 0xA8, 0x8F, 0x4E, 0xC2, 0x9E, 0x1E, 0xC5,
    0x1A, 0x98, 0xA2, 0x6F, 0x61, 0xDA, 0xEA, 0xB5, 0xB5, 0x36, 0xBD, 0x07, 0x85, 0x64, 0x9C, 0xF4,
    0x84, 0xC0, 0x7F, 0xC4, 0xCC, 0xAC, 0xBD, 0x41, 0x1D, 0x66, 0x67, 0x54, 0x5A, 0xFC, 0xB8, 0x5A,
    0xA3, 0xBE, 0xFC, 0x69, 0x70, 0x1F, 0xC7, 0x0C, 0x7F, 0x36, 0xC6, 0xE4, 0x5F, 0xBD, 0xF5, 0xC9,
    0x07, 0xF8, 0x36, 0xEE, 0x88, 0x3F, 0x99, 0x4B, 0x24, 0x5E, 0x15, 0xE1, 0x7A, 0x18, 0xB6, 0xFF,
    0x4E, 0x92, 0x34, 0xEE, 0xC3, 0x7D, 0xD9, 0xB5, 0xE1, 0x3A, 0x41, 0x34, 0xB7, 0xE1, 0x1D, 0x96,
    0x57, 0x97, 0x6B, 0xB8, 0xEF, 0x97, 0x1B, 0x34, 0xE7, 0x83, 0xC1, 0x9F, 0x0F, 0x31, 0xF8, 0xA7,
    0x6F, 0x7C, 0xD2, 0x7A, 0x91, 0x34, 0x0E, 0x85, 0x72, 0xB8, 0x55, 0xE8, 0xD7, 0x28, 0x2F, 0xE1,
    0xB9, 0x65, 0xA8, 0x51, 0x79, 0x51, 0x5E, 0x0F, 0x52, 0xA3, 0x92, 0x02, 0x00, 0xAC, 0x91, 0x21,
    0x70, 0x9C, 0x40, 0x14, 0x86, 0xBF, 0x3B, 0xA6, 0x41, 0x20, 0x56, 0x45, 0x75, 0x3A, 0xE7, 0x63,
    0xF0, 0x6A, 0xF1, 0xBA, 0xD1, 0xF1, 0x35, 0xF1, 0x0A, 0xBC, 0xAA, 0x37, 0x35, 0x51, 0x57, 0x2F,
    0x6A, 0x6E, 0xD7, 0xAB, 0xF3, 0x0A, 0xD7, 0x99, 0xD6, 0xAC, 0x40, 0x6C, 0x3B, 0xCB, 0xFD, 0x7D,
    0x7B, 0x4C, 0xD2, 0x54, 0x54, 0xB5, 0xC0, 0xF7, 0x80, 0xF7, 0xF8, 0x7E, 0x98, 0xE5, 0xE6, 0x08,
    0x3B, 0xCD, 0xD0, 0x67, 0x68, 0x2F, 0x80, 0x26, 0xF0, 0x67, 0x4E, 0x0F, 0xA9, 0xD3, 0xF7, 0xE5,
    0x20, 0x65, 0xBF, 0xF4, 0x65, 0x8C, 0x5D, 0x09, 0xB1, 0x2D, 0x61, 0x6A, 0x56, 0x19, 0x76, 0xAE,
    0xF7, 0xB5, 0x9F, 0x7D, 0x3A, 0x2C, 0x4E, 0x9A, 0x1B, 0x99, 0xFB, 0x98, 0xE1, 0xEE, 0x09, 0x42,
    0x01, 0xAD, 0xC6, 0x85, 0x9D, 0xC4, 0x7E, 0x15, 0x66, 0x0C, 0x96, 0x60, 0xC6, 0x18, 0xDD, 0xE2,
    0xCF, 0x2E, 0xF9, 0xF9, 0x90, 0x7A, 0xDB, 0x0F, 0x76, 0x75, 0xED, 0xE4, 0xE7, 0xF7, 0xE8, 0xDB,
    0xE7, 0x55, 0xD2, 0x0B, 0x77, 0xC7, 0xE3, 0xD3, 0x28, 0x95, 0x17, 0x62, 0xF7, 0x4F, 0xF8, 0xFA,
    0x15, 0xD2, 0x6F, 0x7E, 0x1E, 0x9F, 0x7C, 0x02, 0x57, 0xB6, 0x65, 0xD8, 0x6B, 0x00, 0x45, 0x18,
    0x13, 0xF4, 0xCB, 0x36, 0x68, 0xD6, 0x8D, 0xAE, 0xC0, 0x21, 0x43, 0x15, 0x14, 0xEB, 0xB3, 0x57,
    0xC7, 0x95, 0xAD, 0x55, 0xB3, 0x5E, 0x67, 0xFB, 0x57, 0x60, 0x66, 0x04, 0xFA, 0x5A, 0xFC, 0x54,
    0xCB, 0x00, 0x04, 0x3E, 0x7C, 0x44, 0x84, 0xC4, 0x6A, 0x65, 0x57, 0x08, 0xCB, 0xBE, 0xD0, 0xE4,
    0x26, 0xD3, 0x94, 0x66, 0x61, 0xB7, 0x76, 0x09, 0x2E, 0x6E, 0x06, 0xB9, 0x33, 0x84, 0x1A, 0x32,
    0x3E, 0x5A, 0xF1, 0xE3, 0x04, 0xBD, 0x6A, 0x6E, 0x2D, 0xEE, 0x02, 0xBC, 0x79, 0x0F, 0x6D, 0xDE,
    0x67, 0xEB, 0x3B, 0xE1, 0xF5, 0x49, 0x53, 0xE8, 0x4A, 0x1F, 0x4F, 0x4D, 0x72, 0xF1, 0xB4, 0x5F,
    0x5C, 0x0C, 0xED, 0xDA, 0x47, 0x2F, 0xAF, 0xA9, 0x5F, 0x4D, 0x6E, 0x97, 0x36, 0x57, 0xEF, 0x9E,
    0x9D, 0x44, 0x63, 0x74, 0x95, 0x0C, 0xEE, 0xFF, 0x71, 0xFB, 0xB0, 0xE0, 0x95, 0x8C, 0xD9, 0x18,
    0xC0, 0x0E, 0xB7, 0x92, 0xBD, 0xBE, 0x5E, 0x7F, 0xA9, 0x5A, 0xA5, 0x77, 0x8C, 0xD3, 0x5F, 0xFB,
    0xB8, 0x79, 0x5B, 0x38, 0x3F, 0xFD, 0xB1, 0xA4, 0x6D, 0x82, 0x6E, 0x06, 0x17, 0xAF, 0xE3, 0xD7,
    0xB3, 0x26, 0x43, 0x97, 0x36, 0x73, 0xDB, 0xDA, 0xC8, 0x2E, 0x44, 0x7A, 0xC5, 0x4E, 0x1A, 0x46,
    0x9D, 0x09, 0x0B, 0x84, 0xB3, 0x71, 0x19, 0xAC, 0xFD, 0xC3, 0xC6, 0x8A, 0xB4, 0xDA, 0xC2, 0x60,
    0xBA, 0xBD, 0xBF, 0x1F, 0x82, 0x14, 0x9F, 0x01, 0xF8, 0x62, 0x84, 0xD9, 0xD0, 0xE6, 0x50, 0x9D,
    0x1B, 0x6D, 0xD9, 0x8F, 0x8A, 0x6F, 0x25, 0x73, 0x66, 0x42, 0x86, 0xD3, 0x00, 0xBF, 0x16, 0x00,
    0x54, 0x8F, 0x6E, 0x0E, 0x00, 0x63, 0xD8, 0xFF, 0xF0, 0x2F, 0x03, 0xF3, 0xFF, 0xC7, 0xFF, 0x19,
    0xB8, 0x41, 0x04, 0xFF, 0x4F, 0x67, 0x20, 0xF1, 0x83, 0xF1, 0x2F, 0x90, 0x60, 0x60, 0x60, 0xB0,
    0xFF, 0xFF, 0xFF, 0x1F, 0x12, 0x21, 0xFF, 0x33, 0xFC, 0x1F, 0x50, 0x82, 0x89, 0x6C, 0x82, 0x61,
    0xFF, 0xA3, 0x7F, 0xCC, 0xFF, 0x1F, 0xFD, 0xE3, 0x06, 0x62, 0xFE, 0x9F, 0x4E, 0xFF, 0x80, 0x82,
    0x60, 0x6C, 0x0F, 0xE4, 0xC3, 0xB0, 0x3C, 0x44, 0x9C, 0x24, 0x0C, 0x00,
};

static const EpdGlyph notosans_14_boldGlyphs[] = {
    { 0, 0, 280, 0, 0, 0, 0 }, // U+0020
    { 6, 21, 280, 6, 21, 32, 0 }, // !
    { 11, 10, 280, 3, 22, 28, 32 }, // "
    { 18, 21, 280, 0, 21, 95, 60 }, // #
    { 17, 28, 280, 0, 25, 119, 155 }, // $
    { 18, 21, 280, 0, 21, 95, 274 }, // %
    { 18, 21, 280, 0, 21, 95, 369 }, // &
    { 5, 10, 280, 6, 22, 13, 464 }, // '
    { 11, 27, 280, 5, 23, 75, 477 }, // (
    { 11, 27, 280, 2, 23, 75, 552 }, // )
    { 17, 16, 280, 0, 17, 68, 627 }, // *
    { 15, 15, 280, 1, 17, 57, 695 }, // +
    { 9, 10, 280, 4, 5, 23, 752 }, // ,
    { 10, 4, 280, 4, 11, 10, 775 }, // -
    { 6, 5, 280, 6, 5, 8, 785 }, // .
    { 14, 27, 280, 2, 23, 95, 793 }, // /
    { 17, 21, 280, 0, 21, 90, 888 }, // 0
    { 16, 21, 280, 1, 21, 84, 978 }, // 1
    { 16, 21, 280, 1, 21, 84, 1062 }, // 2
    { 17, 21, 280, 0, 21, 90, 1146 }, // 3
    { 17, 21, 280, 0, 21, 90, 1236 }, // 4
    { 16, 21, 280, 1, 21, 84, 1326 }, // 5
    { 16, 21, 280, 1, 21, 84, 1410 }, // 6
    { 16, 21, 280, 1, 21, 84, 1494 }, // 7
    { 16, 21, 280, 1, 21, 84, 1578 }, // 8
    { 17, 21, 280, 0, 21, 90, 1662 }, // 9
    { 6, 15, 280, 6, 15, 23, 1752 }, // :
    { 9, 20, 280, 4, 15, 45, 1775 }, // ;
    { 14, 18, 280, 2, 18, 63, 1820 }, // <
    { 15, 11, 280, 1, 15, 42, 1883 }, // =
    { 14, 18, 280, 2, 18, 63, 1925 }, // >
    { 15, 21, 280, 1, 21, 79, 1988 }, // ?
    { 16, 25, 280, 1, 21, 100, 2067 }, // @
    { 18, 21, 280, 0, 21, 95, 2167 }, // A
    { 15, 21, 280, 2, 21, 79, 2262 }, // B
    { 16, 21, 280, 1, 21, 84, 2341 }, // C
    { 16, 21, 280, 1, 21, 84, 2425 }, // D
    { 14, 21, 280, 2, 21, 74, 2509 }, // E
    { 14, 21, 280, 2, 21, 74, 2583 }, // F
    { 15, 21, 280, 1, 21, 79, 2657 }, // G
    { 15, 21, 280, 1, 21, 79, 2736 }, // H
    { 14, 21, 280, 2, 21, 74, 2815 }, // I
    { 14, 21, 280, 1, 21, 74, 2889 }, // J
    { 17, 21, 280, 1, 21, 90, 2963 }, // K
    { 14, 21, 280, 2, 21, 74, 3053 }, // L
    { 16, 21, 280, 1, 21, 84, 3127 }, // M
    { 15, 21, 280, 1, 21, 79, 3211 }, // N
    { 17, 21, 280, 0, 21, 90, 3290 }, // O
    { 15, 21, 280, 2, 21, 79, 3380 }, // P
    { 20, 22, 280, 0, 21, 110, 3459 }, // Q
    { 15, 21, 280, 2, 21, 79, 3569 }, // R
    { 17, 21, 280, 0, 21, 90, 3648 }, // S
    { 17, 21, 280, 0, 21, 90, 3738 }, // T
    { 15, 21, 280, 1, 21, 79, 3828 }, // U
    { 18, 21, 280, 0, 21, 95, 3907 }, // V
    { 18, 21, 280, 0, 21, 95, 4002 }, // W
    { 18, 21, 280, 0, 21, 95, 4097 }, // X
    { 18, 21, 280, 0, 21, 95, 4192 }, // Y
    { 16, 21, 280, 1, 21, 84, 4287 }, // Z
    { 10, 28, 280, 5, 24, 70, 4371 }, // [
    { 14, 27, 280, 2, 23, 95, 4441 }, // <backslash>
    { 11, 28, 280, 2, 24, 77, 4536 }, // ]
    { 17, 14, 280, 0, 21, 60, 4613 }, // ^
    { 15, 4, 280, 1, -2, 15, 4673 }, // _
    { 7, 8, 280, 4, 24, 14, 4688 }, // `
    { 16, 16, 280, 1, 16, 64, 4702 }, // a
    { 16, 22, 280, 1, 22, 88, 4766 }, // b
    { 15, 16, 280, 1, 16, 60, 4854 }, // c
    { 15, 22, 280, 1, 22, 83, 4914 }, // d
    { 16, 16, 280, 1, 16, 64, 4997 }, // e
    { 16, 22, 280, 1, 22, 88, 5061 }, // f
    { 15, 22, 280, 1, 16, 83, 5149 }, // g
    { 15, 22, 280, 1, 22, 83, 5232 }, // h
    { 15, 22, 280, 2, 22, 83, 5315 }, // i
    { 11, 29, 289, 2, 23, 80, 5398 }, // j
    { 17, 22, 280, 1, 22, 94, 5478 }, // k
    { 15, 22, 280, 1, 22, 83, 5572 }, // l
    { 17, 16, 280, 0, 16, 68, 5655 }, // m
    { 15, 16, 280, 1, 16, 60, 5723 }, // n
    { 16, 16, 280, 1, 16, 64, 5783 }, // o
    { 16, 22, 280, 1, 16, 88, 5847 }, // p
    { 15, 22, 280, 1, 16, 83, 5935 }, // q
    { 15, 16, 280, 2, 16, 60, 6018 }, // r
    { 15, 16, 280, 1, 16, 60, 6078 }, // s
    { 15, 21, 280, 1, 21, 79, 6138 }, // t
    { 15, 16, 280, 1, 16, 60, 6217 }, // u
    { 17, 16, 280, 0, 16, 68, 6277 }, // v
    { 18, 16, 280, 0, 16, 72, 6345 }, // w
    { 17, 16, 280, 0, 16, 68, 6417 }, // x
    { 17, 22, 280, 0, 16, 94, 6485 }, // y
    { 15, 16, 280, 1, 16, 60, 6579 }, // z
    { 13, 28, 280, 2, 24, 91, 6639 }, // {
    { 5, 27, 280, 6, 23, 34, 6730 }, // |
    { 13, 28, 280, 2, 24, 91, 6764 }, // }
    { 16, 6, 280, 1, 12, 24, 6855 }, // ~
    { 0, 0, 280, 0, 0, 0, 0 }, // U+00A0
    { 6, 21, 280, 6, 16, 32, 0 }, // U+00A1
    { 15, 23, 280, 1, 20, 87, 32 }, // U+00A2
    { 16, 21, 280, 1, 21, 84, 119 }, // U+00A3
    { 18, 21, 280, 0, 21, 95, 203 }, // U+00A5
    { 5, 27, 280, 6, 23, 34, 298 }, // U+00A6
    { 15, 27, 280, 1, 21, 102, 332 }, // U+00A7
    { 12, 5, 280, 3, 23, 15, 434 }, // U+00A8
    { 18, 20, 280, 0, 21, 90, 449 }, // U+00A9
    { 12, 11, 280, 3, 21, 33, 539 }, // U+00AA
    { 16, 14, 280, 1, 15, 56, 572 }, // U+00AB
    { 15, 10, 280, 1, 11, 38, 628 }, // U+00AC
    { 10, 4, 280, 4, 11, 10, 666 }, // U+00AD
    { 12, 12, 280, 3, 22, 36, 676 }, // U+00AE
    { 10, 4, 280, 4, 23, 10, 712 }, // U+00AF
    { 12, 11, 280, 3, 21, 33, 722 }, // U+00B0
    { 15, 19, 280, 1, 19, 72, 755 }, // U+00B1
    { 10, 10, 280, 4, 20, 25, 827 }, // U+00B2
    { 10, 10, 280, 4, 20, 25, 852 }, // U+00B3
    { 8, 9, 280, 6, 25, 18, 877 }, // U+00B4
    { 15, 22, 280, 1, 16, 83, 895 }, // U+00B5
    { 17, 26, 280, 0, 21, 111, 978 }, // U+00B6
    { 7, 5, 280, 5, 11, 9, 1089 }, // U+00B7
    { 9, 8, 280, 5, 2, 18, 1098 }, // U+00B8
    { 10, 10, 280, 4, 20, 25, 1116 }, // U+00B9
    { 12, 11, 280, 3, 21, 33, 1141 }, // U+00BA
    { 15, 14, 280, 1, 15, 53, 1174 }, // U+00BB
    { 18, 21, 280, 0, 21, 95, 1227 }, // U+00BC
    { 18, 21, 280, 0, 21, 95, 1322 }, // U+00BD
    { 18, 21, 280, 0, 21, 95, 1417 }, // U+00BE
    { 14, 22, 280, 2, 16, 77, 1512 }, // U+00BF
    { 18, 29, 280, 0, 29, 131, 1589 }, // U+00C0
    { 18, 30, 280, 0, 30, 135, 1720 }, // U+00C1
    { 18, 29, 280, 0, 29, 131, 1855 }, // U+00C2
    { 18, 28, 280, 0, 28, 126, 1986 }, // U+00C3
    { 18, 28, 280, 0, 28, 126, 2112 }, // U+00C4
    { 18, 31, 280, 0, 31, 140, 2238 }, // U+00C5
    { 18, 21, 280, -1, 21, 95, 2378 }, // U+00C6
    { 16, 27, 280, 1, 21, 108, 2473 }, // U+00C7
    { 14, 29, 280, 2, 29, 102, 2581 }, // U+00C8
    { 14, 30, 280, 2, 30, 105, 2683 }, // U+00C9
    { 14, 29, 280, 2, 29, 102, 2788 }, // U+00CA
    { 14, 28, 280, 2, 28, 98, 2890 }, // U+00CB
    { 14, 29, 280, 2, 29, 102, 2988 }, // U+00CC
    { 14, 30, 280, 2, 30, 105, 3090 }, // U+00CD
    { 14, 29, 280, 2, 29, 102, 3195 }, // U+00CE
    { 14, 28, 280, 2, 28, 98, 3297 }, // U+00CF
    { 17, 21, 280, 0, 21, 90, 3395 }, // U+00D0
    { 15, 28, 280, 1, 28, 105, 3485 }, // U+00D1
    { 17, 29, 280, 0, 29, 124, 3590 }, // U+00D2
    { 17, 30, 280, 0, 30, 128, 3714 }, // U+00D3
    { 17, 29, 280, 0, 29, 124, 3842 }, // U+00D4
    { 17, 28, 280, 0, 28, 119, 3966 }, // U+00D5
    { 17, 28, 280, 0, 28, 119, 4085 }, // U+00D6
    { 14, 14, 280, 2, 16, 49, 4204 }, // U+00D7
    { 17, 25, 280, 0, 23, 107, 4253 }, // U+00D8
    { 15, 29, 280, 1, 29, 109, 4360 }, // U+00D9
    { 15, 30, 280, 1, 30, 113, 4469 }, // U+00DA
    { 15, 29, 280, 1, 29, 109, 4582 }, // U+00DB
    { 15, 28, 280, 1, 28, 105, 4691 }, // U+00DC
    { 18, 30, 280, 0, 30, 135, 4796 }, // U+00DD
    { 15, 21, 280, 2, 21, 79, 4931 }, // U+00DE
    { 18, 22, 280, 0, 22, 99, 5010 }, // U+00DF
    { 16, 24, 280, 1, 24, 96, 5109 }, // U+00E0
    { 16, 25, 280, 1, 25, 100, 5205 }, // U+00E1
    { 16, 24, 280, 1, 24, 96, 5305 }, // U+00E2
    { 16, 23, 280, 1, 23, 92, 5401 }, // U+00E3
    { 16, 23, 280, 1, 23, 92, 5493 }, // U+00E4
    { 16, 26, 280, 1, 26, 104, 5585 }, // U+00E5
    { 18, 16, 280, 0, 16, 72, 5689 }, // U+00E6
    { 15, 22, 280, 1, 16, 83, 5761 }, // U+00E7
    { 16, 24, 280, 1, 24, 96, 5844 }, // U+00E8
    { 16, 25, 280, 1, 25, 100, 5940 }, // U+00E9
    { 16, 24, 280, 1, 24, 96, 6040 }, // U+00EA
    { 16, 23, 280, 1, 23, 92, 6136 }, // U+00EB
    { 15, 24, 280, 2, 24, 90, 6228 }, // U+00EC
    { 15, 25, 280, 2, 25, 94, 6318 }, // U+00ED
    { 15, 24, 280, 2, 24, 90, 6412 }, // U+00EE
    { 15, 23, 280, 2, 23, 87, 6502 }, // U+00EF
    { 16, 23, 280, 1, 23, 92, 6589 }, // U+00F0
    { 15, 23, 280, 1, 23, 87, 6681 }, // U+00F1
    { 16, 24, 280, 1, 24, 96, 6768 }, // U+00F2
    { 16, 25, 280, 1, 25, 100, 6864 }, // U+00F3
    { 16, 24, 280, 1, 24, 96, 6964 }, // U+00F4
    { 16, 23, 280, 1, 23, 92, 7060 }, // U+00F5
    { 16, 23, 280, 1, 23, 92, 7152 }, // U+00F6
    { 15, 17, 280, 1, 18, 64, 7244 }, // U+00F7
    { 17, 20, 280, 0, 18, 85, 7308 }, // U+00F8
    { 15, 24, 280, 1, 24, 90, 7393 }, // U+00F9
    { 15, 25, 280, 1, 25, 94, 7483 }, // U+00FA
    { 15, 24, 280, 1, 24, 90, 7577 }, // U+00FB
    { 15, 23, 280, 1, 23, 87, 7667 }, // U+00FC
    { 17, 31, 280, 0, 25, 132, 7754 }, // U+00FD
    { 16, 28, 280, 1, 22, 112, 7886 }, // U+00FE
    { 17, 29, 280, 0, 23, 124, 7998 }, // U+00FF
    { 18, 28, 280, 0, 28, 126, 0 }, // U+0100
    { 16, 23, 280, 1, 23, 92, 126 }, // U+0101
    { 18, 29, 280, 0, 29, 131, 218 }, // U+0102
    { 16, 24, 280, 1, 24, 96, 349 }, // U+0103
    { 19, 27, 280, 0, 21, 129, 445 }, // U+0104
    { 17, 22, 280, 1, 16, 94, 574 }, // U+0105
    { 16, 30, 280, 1, 30, 120, 668 }, // U+0106
    { 15, 25, 280, 1, 25, 94, 788 }, // U+0107
    { 16, 29, 280, 1, 29, 116, 882 }, // U+0108
    { 15, 24, 280, 1, 24, 90, 998 }, // U+0109
    { 16, 28, 280, 1, 28, 112, 1088 }, // U+010A
    { 15, 23, 280, 1, 23, 87, 1200 }, // U+010B
    { 16, 30, 280, 1, 30, 120, 1287 }, // U+010C
    { 15, 25, 280, 1, 25, 94, 1407 }, // U+010D
    { 16, 30, 280, 1, 30, 120, 1501 }, // U+010E
    { 19, 22, 280, 0, 22, 105, 1621 }, // U+010F
    { 17, 21, 280, 0, 21, 90, 1726 }, // U+0110
    { 17, 22, 280, 1, 22, 94, 1816 }, // U+0111
    { 14, 28, 280, 2, 28, 98, 1910 }, // U+0112
    { 16, 23, 280, 1, 23, 92, 2008 }, // U+0113
    { 14, 29, 280, 2, 29, 102, 2100 }, // U+0114
    { 16, 24, 280, 1, 24, 96, 2202 }, // U+0115
    { 14, 28, 280, 2, 28, 98, 2298 }, // U+0116
    { 16, 23, 280, 1, 23, 92, 2396 }, // U+0117
    { 15, 27, 280, 2, 21, 102, 2488 }, // U+0118
    { 16, 22, 280, 1, 16, 88, 2590 }, // U+0119
    { 14, 30, 280, 2, 30, 105, 2678 }, // U+011A
    { 16, 25, 280, 1, 25, 100, 2783 }, // U+011B
    { 15, 29, 280, 1, 29, 109, 2883 }, // U+011C
    { 15, 30, 280, 1, 24, 113, 2992 }, // U+011D
    { 15, 29, 280, 1, 29, 109, 3105 }, // U+011E
    { 15, 30, 280, 1, 24, 113, 3214 }, // U+011F
    { 15, 28, 280, 1, 28, 105, 3327 }, // U+0120
    { 15, 29, 280, 1, 23, 109, 3432 }, // U+0121
    { 15, 29, 280, 1, 21, 109, 3541 }, // U+0122
    { 15, 31, 280, 1, 25, 117, 3650 }, // U+0123
    { 15, 29, 280, 1, 29, 109, 3767 }, // U+0124
    { 18, 29, 280, -2, 29, 131, 3876 }, // U+0125
    { 18, 21, 280, 0, 21, 95, 4007 }, // U+0126
    { 16, 22, 280, 0, 22, 88, 4102 }, // U+0127
    { 14, 28, 280, 2, 28, 98, 4190 }, // U+0128
    { 15, 23, 280, 2, 23, 87, 4288 }, // U+0129
    { 14, 28, 280, 2, 28, 98, 4375 }, // U+012A
    { 15, 23, 280, 2, 23, 87, 4473 }, // U+012B
    { 14, 29, 280, 2, 29, 102, 4560 }, // U+012C
    { 15, 24, 280, 2, 24, 90, 4662 }, // U+012D
    { 15, 27, 280, 2, 21, 102, 4752 }, // U+012E
    { 16, 28, 280, 2, 22, 112, 4854 }, // U+012F
    { 14, 28, 280, 2, 28, 98, 4966 }, // U+0130
    { 15, 16, 280, 2, 16, 60, 5064 }, // U+0131
    { 15, 21, 280, 1, 21, 79, 5124 }, // U+0132
    { 15, 29, 280, 1, 23, 109, 5203 }, // U+0133
    { 15, 29, 280, 1, 29, 109, 5312 }, // U+0134
    { 15, 30, 280, 2, 24, 113, 5421 }, // U+0135
    { 17, 29, 280, 1, 21, 124, 5534 }, // U+0136
    { 17, 30, 280, 1, 22, 128, 5658 }, // U+0137
    { 17, 16, 280, 1, 16, 68, 5786 }, // U+0138
    { 14, 30, 280, 2, 30, 105, 5854 }, // U+0139
    { 15, 30, 280, 1, 30, 113, 5959 }, // U+013A
    { 14, 29, 280, 2, 21, 102, 6072 }, // U+013B
    { 15, 30, 280, 1, 22, 113, 6174 }, // U+013C
    { 14, 23, 280, 2, 23, 81, 6287 }, // U+013D
    { 17, 23, 280, 1, 23, 98, 6368 }, // U+013E
    { 14, 21, 280, 2, 21, 74, 6466 }, // U+013F
    { 17, 22, 280, 1, 22, 94, 6540 }, // U+0140
    { 16, 21, 280, 0, 21, 84, 6634 }, // U+0141
    { 15, 22, 280, 1, 22, 83, 6718 }, // U+0142
    { 15, 30, 280, 1, 30, 113, 6801 }, // U+0143
    { 15, 25, 280, 1, 25, 94, 6914 }, // U+0144
    { 15, 29, 280, 1, 21, 109, 7008 }, // U+0145
    { 15, 24, 280, 1, 16, 90, 7117 }, // U+0146
    { 15, 30, 280, 1, 30, 113, 7207 }, // U+0147
    { 15, 25, 280, 1, 25, 94, 7320 }, // U+0148
    { 17, 22, 280, 0, 22, 94, 7414 }, // U+0149
    { 15, 27, 280, 1, 21, 102, 7508 }, // U+014A
    { 15, 22, 280, 1, 16, 83, 7610 }, // U+014B
    { 17, 28, 280, 0, 28, 119, 7693 }, // U+014C
    { 16, 23, 280, 1, 23, 92, 7812 }, // U+014D
    { 17, 29, 280, 0, 29, 124, 7904 }, // U+014E
    { 16, 24, 280, 1, 24, 96, 8028 }, // U+014F
    { 17, 29, 280, 0, 29, 124, 8124 }, // U+0150
    { 16, 24, 280, 1, 24, 96, 8248 }, // U+0151
    { 18, 21, 280, 0, 21, 95, 8344 }, // U+0152
    { 18, 16, 280, 0, 16, 72, 8439 }, // U+0153
    { 15, 30, 280, 2, 30, 113, 8511 }, // U+0154
    { 15, 25, 280, 2, 25, 94, 8624 }, // U+0155
    { 15, 29, 280, 2, 21, 109, 8718 }, // U+0156
    { 15, 24, 280, 2, 16, 90, 8827 }, // U+0157
    { 15, 30, 280, 2, 30, 113, 8917 }, // U+0158
    { 15, 25, 280, 2, 25, 94, 9030 }, // U+0159
    { 17, 30, 280, 0, 30, 128, 9124 }, // U+015A
    { 15, 25, 280, 1, 25, 94, 9252 }, // U+015B
    { 17, 29, 280, 0, 29, 124, 9346 }, // U+015C
    { 15, 24, 280, 1, 24, 90, 9470 }, // U+015D
    { 17, 27, 280, 0, 21, 115, 9560 }, // U+015E
    { 15, 22, 280, 1, 16, 83, 9675 }, // U+015F
    { 17, 30, 280, 0, 30, 128, 9758 }, // U+0160
    { 15, 25, 280, 1, 25, 94, 9886 }, // U+0161
    { 17, 29, 280, 0, 21, 124, 9980 }, // U+0162
    { 15, 29, 280, 1, 21, 109, 10104 }, // U+0163
    { 17, 30, 280, 0, 30, 128, 10213 }, // U+0164
    { 16, 24, 280, 1, 24, 96, 10341 }, // U+0165
    { 17, 21, 280, 0, 21, 90, 10437 }, // U+0166
    { 15, 21, 280, 1, 21, 79, 10527 }, // U+0167
    { 15, 28, 280, 1, 28, 105, 10606 }, // U+0168
    { 15, 23, 280, 1, 23, 87, 10711 }, // U+0169
    { 15, 28, 280, 1, 28, 105, 10798 }, // U+016A
    { 15, 23, 280, 1, 23, 87, 10903 }, // U+016B
    { 15, 29, 280, 1, 29, 109, 10990 }, // U+016C
    { 15, 24, 280, 1, 24, 90, 11099 }, // U+016D
    { 15, 31, 280, 1, 31, 117, 11189 }, // U+016E
    { 15, 26, 280, 1, 26, 98, 11306 }, // U+016F
    { 16, 29, 280, 1, 29, 116, 11404 }, // U+0170
    { 15, 24, 280, 1, 24, 90, 11520 }, // U+0171
    { 15, 27, 280, 1, 21, 102, 11610 }, // U+0172
    { 16, 22, 280, 1, 16, 88, 11712 }, // U+0173
    { 18, 29, 280, 0, 29, 131, 11800 }, // U+0174
    { 18, 24, 280, 0, 24, 108, 11931 }, // U+0175
    { 18, 29, 280, 0, 29, 131, 12039 }, // U+0176
    { 17, 30, 280, 0, 24, 128, 12170 }, // U+0177
    { 18, 28, 280, 0, 28, 126, 12298 }, // U+0178
    { 16, 30, 280, 1, 30, 120, 12424 }, // U+0179
    { 15, 25, 280, 1, 25, 94, 12544 }, // U+017A
    { 16, 28, 280, 1, 28, 112, 12638 }, // U+017B
    { 15, 23, 280, 1, 23, 87, 12750 }, // U+017C
    { 16, 30, 280, 1, 30, 120, 12837 }, // U+017D
    { 15, 25, 280, 1, 25, 94, 12957 }, // U+017E
    { 18, 25, 280, 0, 25, 113, 0 }, // U+01A0
    { 16, 20, 280, 1, 20, 80, 113 }, // U+01A1
    { 17, 25, 280, 1, 25, 107, 193 }, // U+01AF
    { 17, 20, 280, 1, 20, 85, 300 }, // U+01B0
    { 18, 35, 280, 0, 35, 158, 385 }, // U+01FA
    { 16, 30, 280, 1, 30, 120, 543 }, // U+01FB
    { 18, 30, 280, -1, 30, 135, 663 }, // U+01FC
    { 18, 25, 280, 0, 25, 113, 798 }, // U+01FD
    { 17, 32, 280, 0, 30, 136, 911 }, // U+01FE
    { 17, 27, 280, 0, 25, 115, 1047 }, // U+01FF
    { 17, 29, 280, 0, 21, 124, 1162 }, // U+0218
    { 15, 24, 280, 1, 16, 90, 1286 }, // U+0219
    { 17, 29, 280, 0, 21, 124, 1376 }, // U+021A
    { 15, 29, 280, 1, 21, 109, 1500 }, // U+021B
    { 8, 8, 0, -5, 24, 16, 0 }, // U+0300
    { 8, 9, 0, -3, 25, 18, 16 }, // U+0301
    { 12, 7, 0, -6, 24, 21, 34 }, // U+0302
    { 12, 5, 0, -6, 23, 15, 55 }, // U+0303
    { 10, 4, 0, -5, 23, 10, 70 }, // U+0304
    { 12, 7, 0, -6, 24, 21, 80 }, // U+0306
    { 6, 5, 0, -3, 23, 8, 101 }, // U+0307
    { 12, 5, 0, -6, 23, 15, 109 }, // U+0308
    { 8, 8, 0, -4, 25, 16, 124 }, // U+0309
    { 10, 9, 0, -5, 26, 23, 140 }, // U+030A
    { 13, 8, 0, -5, 24, 26, 163 }, // U+030B
    { 12, 7, 0, -6, 25, 21, 189 }, // U+030C
    { 6, 7, 0, -3, 25, 11, 210 }, // U+0312
    { 5, 7, 0, 0, 23, 9, 221 }, // U+0315
    { 8, 6, 0, -4, 19, 12, 230 }, // U+031B
    { 6, 5, 0, -3, 0, 8, 242 }, // U+0323
    { 6, 7, 0, -3, -1, 11, 250 }, // U+0326
    { 9, 8, 0, -4, 2, 18, 261 }, // U+0327
    { 8, 7, 0, -7, 1, 14, 279 }, // U+0328
    { 14, 29, 280, 2, 29, 102, 0 }, // U+0400
    { 14, 28, 280, 2, 28, 98, 102 }, // U+0401
    { 17, 27, 280, 0, 21, 115, 200 }, // U+0402
    { 13, 30, 280, 3, 30, 98, 315 }, // U+0403
    { 16, 21, 280, 1, 21, 84, 413 }, // U+0404
    { 17, 21, 280, 0, 21, 90, 497 }, // U+0405
    { 14, 21, 280, 2, 21, 74, 587 }, // U+0406
    { 14, 28, 280, 2, 28, 98, 661 }, // U+0407
    { 14, 21, 280, 1, 21, 74, 759 }, // U+0408
    { 19, 21, 280, -1, 21, 100, 833 }, // U+0409
    { 18, 21, 280, 0, 21, 95, 933 }, // U+040A
    { 17, 21, 280, 0, 21, 90, 1028 }, // U+040B
    { 16, 30, 280, 1, 30, 120, 1118 }, // U+040C
    { 15, 29, 280, 1, 29, 109, 1238 }, // U+040D
    { 18, 29, 280, 0, 29, 131, 1347 }, // U+040E
    { 15, 26, 280, 1, 21, 98, 1478 }, // U+040F
    { 18, 21, 280, 0, 21, 95, 1576 }, // U+0410
    { 16, 21, 280, 1, 21, 84, 1671 }, // U+0411
    { 15, 21, 280, 2, 21, 79, 1755 }, // U+0412
    { 13, 21, 280, 3, 21, 69, 1834 }, // U+0413
    { 17, 26, 280, 0, 21, 111, 1903 }, // U+0414
    { 14, 21, 280, 2, 21, 74, 2014 }, // U+0415
    { 18, 21, 280, 0, 21, 95, 2088 }, // U+0416
    { 15, 21, 280, 1, 21, 79, 2183 }, // U+0417
    { 15, 21, 280, 1, 21, 79, 2262 }, // U+0418
    { 15, 29, 280, 1, 29, 109, 2341 }, // U+0419
    { 16, 21, 280, 1, 21, 84, 2450 }, // U+041A
    { 17, 21, 280, 0, 21, 90, 2534 }, // U+041B
    { 16, 21, 280, 1, 21, 84, 2624 }, // U+041C
    { 15, 21, 280, 1, 21, 79, 2708 }, // U+041D
    { 17, 21, 280, 0, 21, 90, 2787 }, // U+041E
    { 15, 21, 280, 1, 21, 79, 2877 }, // U+041F
    { 15, 21, 280, 2, 21, 79, 2956 }, // U+0420
    { 16, 21, 280, 1, 21, 84, 3035 }, // U+0421
    { 17, 21, 280, 0, 21, 90, 3119 }, // U+0422
    { 18, 21, 280, 0, 21, 95, 3209 }, // U+0423
    { 17, 23, 280, 0, 22, 98, 3304 }, // U+0424
    { 18, 21, 280, 0, 21, 95, 3402 }, // U+0425
    { 16, 26, 280, 1, 21, 104, 3497 }, // U+0426
    { 15, 21, 280, 1, 21, 79, 3601 }, // U+0427
    { 17, 21, 280, 0, 21, 90, 3680 }, // U+0428
    { 18, 26, 280, 0, 21, 117, 3770 }, // U+0429
    { 18, 21, 280, 0, 21, 95, 3887 }, // U+042A
    { 17, 21, 280, 0, 21, 90, 3982 }, // U+042B
    { 16, 21, 280, 1, 21, 84, 4072 }, // U+042C
    { 16, 21, 280, 1, 21, 84, 4156 }, // U+042D
    { 17, 21, 280, 0, 21, 90, 4240 }, // U+042E
    { 16, 21, 280, 0, 21, 84, 4330 }, // U+042F
    { 16, 16, 280, 1, 16, 64, 4414 }, // U+0430
    { 16, 23, 280, 1, 23, 92, 4478 }, // U+0431
    { 14, 16, 280, 2, 16, 56, 4570 }, // U+0432
    { 12, 16, 280, 3, 16, 48, 4626 }, // U+0433
    { 17, 21, 280, 0, 16, 90, 4674 }, // U+0434
    { 16, 16, 280, 1, 16, 64, 4764 }, // U+0435
    { 18, 16, 280, 0, 16, 72, 4828 }, // U+0436
    { 15, 16, 280, 1, 16, 60, 4900 }, // U+0437
    { 15, 16, 280, 1, 16, 60, 4960 }, // U+0438
    { 15, 24, 280, 1, 24, 90, 5020 }, // U+0439
    { 15, 16, 280, 2, 16, 60, 5110 }, // U+043A
    { 16, 16, 280, 0, 16, 64, 5170 }, // U+043B
    { 16, 16, 280, 1, 16, 64, 5234 }, // U+043C
    { 15, 16, 280, 1, 16, 60, 5298 }, // U+043D
    { 16, 16, 280, 1, 16, 64, 5358 }, // U+043E
    { 15, 16, 280, 1, 16, 60, 5422 }, // U+043F
    { 16, 22, 280, 1, 16, 88, 5482 }, // U+0440
    { 15, 16, 280, 1, 16, 60, 5570 }, // U+0441
    { 15, 16, 280, 1, 16, 60, 5630 }, // U+0442
    { 17, 22, 280, 0, 16, 94, 5690 }, // U+0443
    { 17, 27, 280, 0, 21, 115, 5784 }, // U+0444
    { 17, 16, 280, 0, 16, 68, 5899 }, // U+0445
    { 16, 21, 280, 1, 16, 84, 5967 }, // U+0446
    { 15, 16, 280, 1, 16, 60, 6051 }, // U+0447
    { 17, 16, 280, 0, 16, 68, 6111 }, // U+0448
    { 18, 20, 280, 0, 16, 90, 6179 }, // U+0449
    { 17, 16, 280, 0, 16, 68, 6269 }, // U+044A
    { 17, 16, 280, 0, 16, 68, 6337 }, // U+044B
    { 14, 16, 280, 2, 16, 56, 6405 }, // U+044C
    { 15, 16, 280, 1, 16, 60, 6461 }, // U+044D
    { 17, 16, 280, 0, 16, 68, 6521 }, // U+044E
    { 15, 16, 280, 1, 16, 60, 6589 }, // U+044F
    { 16, 24, 280, 1, 24, 96, 6649 }, // U+0450
    { 16, 23, 280, 1, 23, 92, 6745 }, // U+0451
    { 16, 28, 280, 0, 22, 112, 6837 }, // U+0452
    { 12, 25, 280, 3, 25, 75, 6949 }, // U+0453
    { 15, 16, 280, 1, 16, 60, 7024 }, // U+0454
    { 15, 16, 280, 1, 16, 60, 7084 }, // U+0455
    { 15, 22, 280, 2, 22, 83, 7144 }, // U+0456
    { 15, 23, 280, 2, 23, 87, 7227 }, // U+0457
    { 11, 29, 289, 2, 23, 80, 7314 }, // U+0458
    { 18, 16, 280, 0, 16, 72, 7394 }, // U+0459
    { 18, 16, 280, 0, 16, 72, 7466 }, // U+045A
    { 16, 22, 280, 0, 22, 88, 7538 }, // U+045B
    { 15, 25, 280, 2, 25, 94, 7626 }, // U+045C
    { 15, 24, 280, 1, 24, 90, 7720 }, // U+045D
    { 17, 30, 280, 0, 24, 128, 7810 }, // U+045E
    { 15, 20, 280, 1, 16, 75, 7938 }, // U+045F
    { 17, 21, 280, 0, 21, 90, 8013 }, // U+0472
    { 16, 16, 280, 1, 16, 64, 8103 }, // U+0473
    { 13, 26, 280, 3, 26, 85, 8167 }, // U+0490
    { 12, 20, 280, 3, 20, 60, 8252 }, // U+0491
    { 15, 21, 280, 1, 21, 79, 8312 }, // U+0492
    { 15, 16, 280, 1, 16, 60, 8391 }, // U+0493
    { 16, 27, 280, 1, 21, 108, 8451 }, // U+0494
    { 14, 22, 280, 2, 16, 77, 8559 }, // U+0495
    { 20, 26, 280, -1, 21, 130, 8636 }, // U+0496
    { 18, 20, 280, 0, 16, 90, 8766 }, // U+0497
    { 15, 26, 280, 1, 21, 98, 8856 }, // U+0498
    { 15, 20, 280, 1, 16, 75, 8954 }, // U+0499
    { 17, 25, 280, 1, 21, 107, 9029 }, // U+049A
    { 16, 20, 280, 1, 16, 80, 9136 }, // U+049B
    { 18, 21, 280, 0, 21, 95, 9216 }, // U+049C
    { 17, 16, 280, 0, 16, 68, 9311 }, // U+049D
    { 18, 21, 280, 0, 21, 95, 9379 }, // U+04A0
    { 17, 16, 280, 0, 16, 68, 9474 }, // U+04A1
    { 16, 25, 280, 1, 21, 100, 9542 }, // U+04A2
    { 16, 20, 280, 1, 16, 80, 9642 }, // U+04A3
    { 18, 21, 280, 0, 21, 95, 9722 }, // U+04A4
    { 17, 16, 280, 0, 16, 68, 9817 }, // U+04A5
    { 16, 26, 280, 1, 21, 104, 9885 }, // U+04AA
    { 15, 20, 280, 1, 16, 75, 9989 }, // U+04AB
    { 18, 21, 280, 0, 21, 95, 10064 }, // U+04AE
    { 17, 22, 280, 0, 16, 94, 10159 }, // U+04AF
    { 18, 21, 280, 0, 21, 95, 10253 }, // U+04B0
    { 17, 22, 280, 0, 16, 94, 10348 }, // U+04B1
    { 18, 25, 280, 0, 21, 113, 10442 }, // U+04B2
    { 17, 20, 280, 0, 16, 85, 10555 }, // U+04B3
    { 17, 25, 280, 0, 21, 107, 10640 }, // U+04B6
    { 16, 20, 280, 1, 16, 80, 10747 }, // U+04B7
    { 17, 21, 280, 0, 21, 90, 10827 }, // U+04B8
    { 15, 16, 280, 1, 16, 60, 10917 }, // U+04B9
    { 16, 21, 280, 1, 21, 84, 10977 }, // U+04BA
    { 15, 22, 280, 1, 22, 83, 11061 }, // U+04BB
    { 14, 21, 280, 2, 21, 74, 11144 }, // U+04C0
    { 18, 29, 280, 0, 29, 131, 11218 }, // U+04C1
    { 18, 24, 280, 0, 24, 108, 11349 }, // U+04C2
    { 15, 23, 280, 1, 23, 87, 11457 }, // U+04CF
    { 18, 29, 280, 0, 29, 131, 11544 }, // U+04D0
    { 16, 24, 280, 1, 24, 96, 11675 }, // U+04D1
    { 18, 28, 280, 0, 28, 126, 11771 }, // U+04D2
    { 16, 23, 280, 1, 23, 92, 11897 }, // U+04D3
    { 18, 21, 280, -1, 21, 95, 11989 }, // U+04D4
    { 18, 16, 280, 0, 16, 72, 12084 }, // U+04D5
    { 14, 29, 280, 2, 29, 102, 12156 }, // U+04D6
    { 16, 24, 280, 1, 24, 96, 12258 }, // U+04D7
    { 17, 21, 280, 0, 21, 90, 12354 }, // U+04D8
    { 16, 16, 280, 1, 16, 64, 12444 }, // U+04D9
    { 18, 28, 280, 0, 28, 126, 12508 }, // U+04DC
    { 18, 23, 280, 0, 23, 104, 12634 }, // U+04DD
    { 15, 28, 280, 1, 28, 105, 12738 }, // U+04DE
    { 15, 23, 280, 1, 23, 87, 12843 }, // U+04DF
    { 15, 28, 280, 1, 28, 105, 12930 }, // U+04E2
    { 15, 23, 280, 1, 23, 87, 13035 }, // U+04E3
    { 15, 28, 280, 1, 28, 105, 13122 }, // U+04E4
    { 15, 23, 280, 1, 23, 87, 13227 }, // U+04E5
    { 17, 28, 280, 0, 28, 119, 13314 }, // U+04E6
    { 16, 23, 280, 1, 23, 92, 13433 }, // U+04E7
    { 17, 21, 280, 0, 21, 90, 13525 }, // U+04E8
    { 16, 16, 280, 1, 16, 64, 13615 }, // U+04E9
    { 18, 28, 280, 0, 28, 126, 13679 }, // U+04EE
    { 17, 29, 280, 0, 23, 124, 13805 }, // U+04EF
    { 18, 28, 280, 0, 28, 126, 13929 }, // U+04F0
    { 17, 29, 280, 0, 23, 124, 14055 }, // U+04F1
    { 18, 29, 280, 0, 29, 131, 14179 }, // U+04F2
    { 17, 30, 280, 0, 24, 128, 14310 }, // U+04F3
    { 15, 28, 280, 1, 28, 105, 14438 }, // U+04F4
    { 15, 23, 280, 1, 23, 87, 14543 }, // U+04F5
    { 17, 28, 280, 0, 28, 119, 14630 }, // U+04F8
    { 17, 23, 280, 0, 23, 98, 14749 }, // U+04F9
    { 18, 26, 280, 0, 21, 117, 0 }, // U+1EA0
    { 16, 21, 280, 1, 16, 84, 117 }, // U+1EA1
    { 18, 30, 280, 0, 30, 135, 201 }, // U+1EA2
    { 16, 25, 280, 1, 25, 100, 336 }, // U+1EA3
    { 18, 35, 280, 0, 35, 158, 436 }, // U+1EA4
    { 17, 29, 280, 1, 29, 124, 594 }, // U+1EA5
    { 19, 35, 280, -1, 35, 167, 718 }, // U+1EA6
    { 18, 29, 280, -1, 29, 131, 885 }, // U+1EA7
    { 18, 35, 280, 0, 35, 158, 1016 }, // U+1EA8
    { 16, 30, 280, 1, 30, 120, 1174 }, // U+1EA9
    { 18, 34, 280, 0, 34, 153, 1294 }, // U+1EAA
    { 16, 29, 280, 1, 29, 116, 1447 }, // U+1EAB
    { 18, 34, 280, 0, 29, 153, 1563 }, // U+1EAC
    { 16, 29, 280, 1, 24, 116, 1716 }, // U+1EAD
    { 18, 35, 280, 0, 35, 158, 1832 }, // U+1EAE
    { 16, 30, 280, 1, 30, 120, 1990 }, // U+1EAF
    { 18, 35, 280, 0, 35, 158, 2110 }, // U+1EB0
    { 16, 30, 280, 1, 30, 120, 2268 }, // U+1EB1
    { 18, 34, 280, 0, 34, 153, 2388 }, // U+1EB2
    { 16, 29, 280, 1, 29, 116, 2541 }, // U+1EB3
    { 18, 33, 280, 0, 33, 149, 2657 }, // U+1EB4
    { 16, 28, 280, 1, 28, 112, 2806 }, // U+1EB5
    { 18, 34, 280, 0, 29, 153, 2918 }, // U+1EB6
    { 16, 29, 280, 1, 24, 116, 3071 }, // U+1EB7
    { 14, 26, 280, 2, 21, 91, 3187 }, // U+1EB8
    { 16, 21, 280, 1, 16, 84, 3278 }, // U+1EB9
    { 14, 30, 280, 2, 30, 105, 3362 }, // U+1EBA
    { 16, 25, 280, 1, 25, 100, 3467 }, // U+1EBB
    { 14, 28, 280, 2, 28, 98, 3567 }, // U+1EBC
    { 16, 23, 280, 1, 23, 92, 3665 }, // U+1EBD
    { 16, 35, 280, 2, 35, 140, 3757 }, // U+1EBE
    { 17, 29, 280, 1, 29, 124, 3897 }, // U+1EBF
    { 17, 35, 280, -1, 35, 149, 4021 }, // U+1EC0
    { 18, 29, 280, -1, 29, 131, 4170 }, // U+1EC1
    { 15, 35, 280, 2, 35, 132, 4301 }, // U+1EC2
    { 16, 30, 280, 1, 30, 120, 4433 }, // U+1EC3
    { 14, 34, 280, 2, 34, 119, 4553 }, // U+1EC4
    { 16, 29, 280, 1, 29, 116, 4672 }, // U+1EC5
    { 14, 34, 280, 2, 29, 119, 4788 }, // U+1EC6
    { 16, 29, 280, 1, 24, 116, 4907 }, // U+1EC7
    { 14, 30, 280, 2, 30, 105, 5023 }, // U+1EC8
    { 15, 25, 280, 2, 25, 94, 5128 }, // U+1EC9
    { 14, 26, 280, 2, 21, 91, 5222 }, // U+1ECA
    { 15, 27, 280, 2, 22, 102, 5313 }, // U+1ECB
    { 17, 26, 280, 0, 21, 111, 5415 }, // U+1ECC
    { 16, 21, 280, 1, 16, 84, 5526 }, // U+1ECD
    { 17, 30, 280, 0, 30, 128, 5610 }, // U+1ECE
    { 16, 25, 280, 1, 25, 100, 5738 }, // U+1ECF
    { 18, 35, 280, 0, 35, 158, 5838 }, // U+1ED0
    { 17, 29, 280, 1, 29, 124, 5996 }, // U+1ED1
    { 18, 35, 280, -1, 35, 158, 6120 }, // U+1ED2
    { 18, 29, 280, -1, 29, 131, 6278 }, // U+1ED3
    { 17, 35, 280, 0, 35, 149, 6409 }, // U+1ED4
    { 16, 30, 280, 1, 30, 120, 6558 }, // U+1ED5
    { 17, 34, 280, 0, 34, 145, 6678 }, // U+1ED6
    { 16, 29, 280, 1, 29, 116, 6823 }, // U+1ED7
    { 17, 34, 280, 0, 29, 145, 6939 }, // U+1ED8
    { 16, 29, 280, 1, 24, 116, 7084 }, // U+1ED9
    { 18, 30, 280, 0, 30, 135, 7200 }, // U+1EDA
    { 16, 25, 280, 1, 25, 100, 7335 }, // U+1EDB
    { 18, 29, 280, 0, 29, 131, 7435 }, // U+1EDC
    { 16, 24, 280, 1, 24, 96, 7566 }, // U+1EDD
    { 18, 30, 280, 0, 30, 135, 7662 }, // U+1EDE
    { 16, 25, 280, 1, 25, 100, 7797 }, // U+1EDF
    { 18, 28, 280, 0, 28, 126, 7897 }, // U+1EE0
    { 16, 23, 280, 1, 23, 92, 8023 }, // U+1EE1
    { 18, 30, 280, 0, 25, 135, 8115 }, // U+1EE2
    { 16, 25, 280, 1, 20, 100, 8250 }, // U+1EE3
    { 15, 26, 280, 1, 21, 98, 8350 }, // U+1EE4
    { 15, 21, 280, 1, 16, 79, 8448 }, // U+1EE5
    { 15, 30, 280, 1, 30, 113, 8527 }, // U+1EE6
    { 15, 25, 280, 1, 25, 94, 8640 }, // U+1EE7
    { 17, 30, 280, 1, 30, 128, 8734 }, // U+1EE8
    { 17, 25, 280, 1, 25, 107, 8862 }, // U+1EE9
    { 17, 29, 280, 1, 29, 124, 8969 }, // U+1EEA
    { 17, 24, 280, 1, 24, 102, 9093 }, // U+1EEB
    { 17, 30, 280, 1, 30, 128, 9195 }, // U+1EEC
    { 17, 25, 280, 1, 25, 107, 9323 }, // U+1EED
    { 17, 28, 280, 1, 28, 119, 9430 }, // U+1EEE
    { 17, 23, 280, 1, 23, 98, 9549 }, // U+1EEF
    { 17, 30, 280, 1, 25, 128, 9647 }, // U+1EF0
    { 17, 25, 280, 1, 20, 107, 9775 }, // U+1EF1
    { 18, 29, 280, 0, 29, 131, 9882 }, // U+1EF2
    { 17, 30, 280, 0, 24, 128, 10013 }, // U+1EF3
    { 18, 26, 280, 0, 21, 117, 10141 }, // U+1EF4
    { 17, 22, 280, 0, 16, 94, 10258 }, // U+1EF5
    { 18, 30, 280, 0, 30, 135, 10352 }, // U+1EF6
    { 17, 31, 280, 0, 25, 132, 10487 }, // U+1EF7
    { 18, 28, 280, 0, 28, 126, 10619 }, // U+1EF8
    { 17, 29, 280, 0, 23, 124, 10745 }, // U+1EF9
    { 15, 4, 280, 1, 11, 15, 0 }, // U+2013
    { 18, 4, 280, 0, 11, 18, 15 }, // U+2014
    { 8, 10, 280, 4, 22, 20, 33 }, // U+2018
    { 8, 10, 280, 5, 22, 20, 53 }, // U+2019
    { 9, 10, 280, 4, 5, 23, 73 }, // U+201A
    { 16, 10, 280, 0, 22, 40, 96 }, // U+201C
    { 16, 10, 280, 1, 22, 40, 136 }, // U+201D
    { 16, 10, 280, 1, 5, 40, 176 }, // U+201E
    { 15, 28, 280, 1, 22, 105, 216 }, // U+2020
    { 15, 28, 280, 1, 22, 105, 321 }, // U+2021
    { 9, 8, 280, 4, 13, 18, 426 }, // U+2022
    { 18, 5, 280, 0, 5, 23, 444 }, // U+2026
    { 18, 21, 280, 0, 21, 95, 467 }, // U+2030
    { 8, 14, 280, 5, 15, 28, 562 }, // U+2039
    { 8, 14, 280, 5, 15, 28, 590 }, // U+203A
    { 18, 21, 280, 0, 21, 95, 618 }, // U+2044
    { 10, 10, 280, 4, 20, 25, 0 }, // U+2070
    { 10, 10, 280, 4, 20, 25, 25 }, // U+2074
    { 10, 10, 280, 4, 20, 25, 50 }, // U+2075
    { 10, 10, 280, 4, 20, 25, 75 }, // U+2076
    { 10, 10, 280, 4, 20, 25, 100 }, // U+2077
    { 10, 10, 280, 4, 20, 25, 125 }, // U+2078
    { 10, 10, 280, 4, 20, 25, 150 }, // U+2079
    { 10, 11, 280, 4, 11, 28, 175 }, // U+2080
    { 10, 11, 280, 4, 11, 28, 203 }, // U+2081
    { 10, 11, 280, 4, 11, 28, 231 }, // U+2082
    { 10, 11, 280, 4, 11, 28, 259 }, // U+2083
    { 10, 11, 280, 4, 11, 28, 287 }, // U+2084
    { 10, 11, 280, 4, 11, 28, 315 }, // U+2085
    { 10, 11, 280, 4, 11, 28, 343 }, // U+2086
    { 10, 11, 280, 4, 11, 28, 371 }, // U+2087
    { 10, 11, 280, 4, 11, 28, 399 }, // U+2088
    { 10, 11, 280, 4, 11, 28, 427 }, // U+2089
    { 16, 28, 280, 1, 25, 112, 0 }, // U+20A1
    { 16, 21, 280, 1, 21, 84, 112 }, // U+20A4
    { 17, 21, 280, 0, 21, 90, 196 }, // U+20A6
    { 17, 21, 280, 1, 21, 90, 286 }, // U+20A8
    { 18, 21, 280, 0, 21, 95, 376 }, // U+20A9
    { 17, 21, 280, 0, 21, 90, 471 }, // U+20AA
    { 15, 22, 280, 2, 22, 83, 561 }, // U+20AB
    { 16, 21, 280, 1, 21, 84, 644 }, // U+20AC
    { 18, 21, 280, 0, 21, 95, 728 }, // U+20AD
    { 17, 21, 280, 0, 21, 90, 823 }, // U+20AE
    { 17, 21, 280, 0, 21, 90, 913 }, // U+20B1
    { 15, 28, 280, 1, 24, 105, 1003 }, // U+20B2
    { 17, 21, 280, 0, 21, 90, 1108 }, // U+20B4
    { 16, 28, 280, 1, 25, 112, 1198 }, // U+20B5
    { 16, 21, 280, 1, 21, 84, 1310 }, // U+20B8
    { 16, 21, 280, 1, 21, 84, 1394 }, // U+20B9
    { 16, 21, 280, 1, 21, 84, 1478 }, // U+20BA
    { 17, 21, 280, 0, 21, 90, 1562 }, // U+20BD
    { 15, 29, 280, 2, 25, 109, 1652 }, // U+20BF
    { 17, 15, 280, 0, 17, 64, 0 }, // U+2190
    { 15, 21, 280, 1, 21, 79, 64 }, // U+2191
    { 18, 15, 280, 0, 17, 68, 143 }, // U+2192
    { 15, 21, 280, 1, 20, 79, 211 }, // U+2193
    { 18, 13, 280, 0, 16, 59, 290 }, // U+2194
    { 15, 22, 280, 1, 21, 83, 349 }, // U+2195
    { 16, 16, 280, 1, 18, 64, 432 }, // U+2196
    { 17, 16, 280, 0, 18, 68, 496 }, // U+2197
    { 17, 16, 280, 0, 18, 68, 564 }, // U+2198
    { 16, 16, 280, 1, 18, 64, 632 }, // U+2199
    { 18, 18, 280, 0, 19, 81, 696 }, // U+21A9
    { 18, 18, 280, 0, 19, 81, 777 }, // U+21AA
    { 16, 21, 280, 0, 21, 84, 858 }, // U+21B0
    { 16, 21, 280, 1, 21, 84, 942 }, // U+21B1
    { 16, 21, 280, 0, 20, 84, 1026 }, // U+21B2
    { 16, 21, 280, 1, 20, 84, 1110 }, // U+21B3
    { 18, 18, 280, 0, 19, 81, 1194 }, // U+21B6
    { 18, 18, 280, 0, 19, 81, 1275 }, // U+21B7
    { 17, 21, 280, 0, 21, 90, 1356 }, // U+21BA
    { 17, 21, 280, 0, 21, 90, 1446 }, // U+21BB
    { 18, 27, 280, 0, 23, 122, 1536 }, // U+21C4
    { 18, 27, 280, 0, 23, 122, 1658 }, // U+21C6
    { 16, 21, 280, 1, 21, 84, 0 }, // U+2202
    { 16, 21, 280, 1, 21, 84, 84 }, // U+2206
    { 15, 21, 280, 1, 21, 79, 168 }, // U+220F
    { 15, 26, 280, 1, 20, 98, 247 }, // U+2211
    { 15, 3, 280, 1, 10, 12, 345 }, // U+2212
    { 18, 21, 280, 0, 20, 95, 357 }, // U+221A
    { 18, 10, 280, 0, 14, 45, 452 }, // U+221E
    { 16, 28, 280, 0, 22, 112, 497 }, // U+222B
    { 16, 12, 280, 1, 15, 48, 609 }, // U+2248
    { 15, 16, 280, 1, 17, 60, 657 }, // U+2260
    { 14, 18, 280, 2, 18, 63, 717 }, // U+2264
    { 14, 18, 280, 2, 18, 63, 780 }, // U+2265
    { 17, 22, 280, 0, 22, 94, 0 }, // U+FB01
    { 16, 22, 280, 0, 22, 88, 94 }, // U+FB02
};

static const EpdUnicodeInterval notosans_14_boldIntervals[] = {
    { 0x20, 0x7E, 0x0 },
    { 0xA0, 0xA3, 0x5F },
    { 0xA5, 0x17E, 0x63 },
    { 0x1A0, 0x1A1, 0x13D },
    { 0x1AF, 0x1B0, 0x13F },
    { 0x1FA, 0x1FF, 0x141 },
    { 0x218, 0x21B, 0x147 },
    { 0x300, 0x304, 0x14B },
    { 0x306, 0x30C, 0x150 },
    { 0x312, 0x312, 0x157 },
    { 0x315, 0x315, 0x158 },
    { 0x31B, 0x31B, 0x159 },
    { 0x323, 0x323, 0x15A },
    { 0x326, 0x328, 0x15B },
    { 0x400, 0x45F, 0x15E },
    { 0x472, 0x473, 0x1BE },
    { 0x490, 0x49D, 0x1C0 },
    { 0x4A0, 0x4A5, 0x1CE },
    { 0x4AA, 0x4AB, 0x1D4 },
    { 0x4AE, 0x4B3, 0x1D6 },
    { 0x4B6, 0x4BB, 0x1DC },
    { 0x4C0, 0x4C2, 0x1E2 },
    { 0x4CF, 0x4D9, 0x1E5 },
    { 0x4DC, 0x4DF, 0x1F0 },
    { 0x4E2, 0x4E9, 0x1F4 },
    { 0x4EE, 0x4F5, 0x1FC },
    { 0x4F8, 0x4F9, 0x204 },
    { 0x1EA0, 0x1EF9, 0x206 },
    { 0x2013, 0x2014, 0x260 },
    { 0x2018, 0x201A, 0x262 },
    { 0x201C, 0x201E, 0x265 },
    { 0x2020, 0x2022, 0x268 },
    { 0x2026, 0x2026, 0x26B },
    { 0x2030, 0x2030, 0x26C },
    { 0x2039, 0x203A, 0x26D },
    { 0x2044, 0x2044, 0x26F },
    { 0x2070, 0x2070, 0x270 },
    { 0x2074, 0x2079, 0x271 },
    { 0x2080, 0x2089, 0x277 },
    { 0x20A1, 0x20A1, 0x281 },
    { 0x20A4, 0x20A4, 0x282 },
    { 0x20A6, 0x20A6, 0x283 },
    { 0x20A8, 0x20AE, 0x284 },
    { 0x20B1, 0x20B2, 0x28B },
    { 0x20B4, 0x20B5, 0x28D },
    { 0x20B8, 0x20BA, 0x28F },
    { 0x20BD, 0x20BD, 0x292 },
    { 0x20BF, 0x20BF, 0x293 },
    { 0x2190, 0x2199, 0x294 },
    { 0x21A9, 0x21AA, 0x29E },
    { 0x21B0, 0x21B3, 0x2A0 },
    { 0x21B6, 0x21B7, 0x2A4 },
    { 0x21BA, 0x21BB, 0x2A6 },
    { 0x21C4, 0x21C4, 0x2A8 },
    { 0x21C6, 0x21C6, 0x2A9 },
    { 0x2202, 0x2202, 0x2AA },
    { 0x2206, 0x2206, 0x2AB },
    { 0x220F, 0x220F, 0x2AC },
    { 0x2211, 0x2212, 0x2AD },
    { 0x221A, 0x221A, 0x2AF },
    { 0x221E, 0x221E, 0x2B0 },
    { 0x222B, 0x222B, 0x2B1 },
    { 0x2248, 0x2248, 0x2B2 },
    { 0x2260, 0x2260, 0x2B3 },
    { 0x2264, 0x2265, 0x2B4 },
    { 0xFB01, 0xFB02, 0x2B6 },
};

static const EpdFontGroup notosans_14_boldGroups[] = {
    { 0, 2825, 7553, 95, 0 },
    { 2825, 2395, 8832, 95, 95 },
    { 5220, 3106, 14094, 127, 190 },
    { 8326, 776, 1797, 14, 317 },
    { 9102, 234, 326, 19, 331 },
    { 9336, 4136, 16204, 168, 350 },
    { 13472, 2168, 11895, 90, 518 },
    { 15640, 325, 765, 16, 608 },
    { 15965, 291, 540, 17, 624 },
    { 16256, 906, 1905, 19, 641 },
    { 17162, 691, 1935, 22, 660 },
    { 17853, 408, 891, 12, 682 },
    { 18261, 71, 198, 2, 694 },
};

static const EpdFontData notosans_14_bold = {
    notosans_14_boldBitmaps,
    notosans_14_boldGlyphs,
    notosans_14_boldIntervals,
    66,
    38,
    30,
    -9,
    true,
    notosans_14_boldGroups,
    13,
    nullptr,
    nullptr,
    nullptr,
    nullptr,
    nullptr,
    nullptr,
    nullptr,
    nullptr,
    nullptr,
    nullptr,
    nullptr,
    0,
    0,
    0,
    0,
    nullptr,
    0,
};
