/**
 * generated by fontconvert.py
 * name: notoserif_14_bolditalic
 * size: 14
 * mode: 2-bit  compressed: true
 * Command used: fontconvert.py notoserif_14_bolditalic 14 ../builtinFonts/source/iAWriterMonoS/iAWriterMonoS-BoldItalic.ttf --2bit --compress --pnum --zopfli
 */
#pragma once
#include "EpdFontData.h"

static const uint8_t notoserif_14_bolditalicBitmaps[23743] = {
    0xB5, 0x59, 0x3D, 0x90, 0xDC, 0xC8, 0x75, 0x7E, 0x00, 0xB4, 0x82, 0x65, 0xB8, 0xAA, 0x2F, 0xD9,
    0xE8, 0xCA, 0x85, 0xC4, 0x99, 0xCB, 0x05, 0x07, 0x4E, 0xAD, 0x86, 0x8A, 0x01, 0x03, 0x05, 0xC7,
    0x80, 0x23, 0x06, 0x1B, 0x30, 0x8F, 0x36, 0x76, 0x59, 0x72, 0x43, 0xC7, 0xE0, 0x42, 0x31, 0x10,
    0xCB, 0xA1, 0x9C, 0x27, 0x72, 0xA0, 0xCC, 0xBA, 0x6D, 0xDC, 0x5D, 0xA0, 0x80, 0x01, 0x41, 0xA9,
    0x58, 0x0C, 0x1C, 0x08, 0x65, 0xDF, 0x4F, 0x70, 0x01, 0xFB, 0xEE, 0xB0, 0x26, 0xF6, 0xB6, 0x81,
    0xE7, 0xEF, 0xAB, 0xC6, 0xEC, 0x0C, 0x59, 0x14, 0x7D, 0x2E, 0x97, 0x87, 0x78, 0xDF, 0x72, 0x16,
    0x8D, 0xD7, 0xEF, 0xAF, 0xBF, 0x7E, 0x8D, 0x15, 0xDF, 0x8B, 0xA6, 0xAB, 0x13, 0x6D, 0x33, 0x5E,
    0x92, 0xAD, 0x92, 0x2D, 0x92, 0x45, 0xC9, 0x66, 0xC9, 0x26, 0x91, 0x20, 0x32, 0x4A, 0xFA, 0xD4,
    0x51, 0x9A, 0x59, 0x2C, 0xAE, 0x49, 0x6C, 0x10, 0x33, 0x7A, 0xA9, 0x47, 0x95, 0x7A, 0x50, 0x69,
    0xFA, 0x55, 0x2C, 0xE5, 0xA3, 0x45, 0xEC, 0xFB, 0x94, 0x28, 0xEE, 0x56, 0x14, 0x0F, 0x11, 0xB1,
    0xB7, 0xA1, 0xC5, 0x55, 0xD0, 0x73, 0x61, 0x06, 0x91, 0xA5, 0xEE, 0x31, 0x41, 0xD3, 0xC9, 0x4F,
    0x16, 0xF7, 0xCB, 0x5C, 0x55, 0x17, 0x42, 0x2C, 0x08, 0x62, 0x9E, 0xE2, 0x89, 0xFA, 0xE3, 0x59,
    0x4E, 0xCE, 0x9F, 0x5F, 0xB5, 0x8D, 0xAA, 0x0E, 0x16, 0xD0, 0x5B, 0xC2, 0xE1, 0xD1, 0x7C, 0xB6,
    0xAD, 0x14, 0x93, 0x13, 0x29, 0xC3, 0x85, 0x48, 0x35, 0x2E, 0xB4, 0xD0, 0x0C, 0x84, 0x1E, 0x50,
    0x03, 0x32, 0x8F, 0xAF, 0x8D, 0xAE, 0x22, 0x5E, 0xB5, 0xCB, 0xA8, 0xA0, 0x58, 0x6D, 0x23, 0x45,
    0xFC, 0xE1, 0x9F, 0x49, 0x19, 0x7F, 0x28, 0x80, 0x9F, 0x89, 0x14, 0x8A, 0x19, 0x73, 0x5D, 0x5B,
    0x11, 0xD5, 0xC0, 0x27, 0xF0, 0x1D, 0xA3, 0x01, 0xD7, 0x84, 0xA0, 0xAD, 0xE4, 0x80, 0xEF, 0x17,
    0x01, 0xCE, 0xFE, 0xE1, 0x1B, 0x15, 0x0B, 0x93, 0x09, 0xB3, 0x54, 0xAA, 0x98, 0xE3, 0xFC, 0xEA,
    0xF5, 0xB9, 0xA1, 0x7A, 0xE6, 0x6F, 0x1A, 0x15, 0x18, 0xEB, 0xB5, 0x73, 0x42, 0xDB, 0x19, 0x58,
    0x03, 0xDF, 0xB2, 0xB9, 0xFE, 0x20, 0x48, 0x3E, 0x35, 0xBF, 0x18, 0xF0, 0x7F, 0x7B, 0xDE, 0x89,
    0xE8, 0x6A, 0xF1, 0x94, 0x8F, 0x00, 0x79, 0xF7, 0xA1, 0xA3, 0x8A, 0x9C, 0xD6, 0x54, 0x5F, 0xE8,
    0x0C, 0xBD, 0x4F, 0x06, 0xDC, 0xB1, 0xEF, 0xF5, 0xC0, 0x8B, 0x9A, 0x18, 0xEB, 0x9F, 0xCF, 0x08,
    0x40, 0xFD, 0x60, 0x82, 0xF3, 0x46, 0x03, 0xA6, 0xAE, 0x10, 0x20, 0xDB, 0x22, 0x81, 0xF8, 0xD0,
    0xF5, 0x92, 0x8E, 0x18, 0xFA, 0xDF, 0xFC, 0x97, 0x0A, 0xF2, 0xE3, 0x8F, 0xA1, 0xE9, 0x15, 0xA6,
    0x3E, 0x5D, 0x60, 0xFE, 0xF5, 0xE6, 0x48, 0xF3, 0x25, 0xBE, 0xD9, 0x4F, 0xF0, 0x94, 0x7B, 0x00,
    0xF0, 0x3F, 0x5A, 0x01, 0xAD, 0x96, 0xE2, 0x3B, 0x7D, 0xAF, 0xF7, 0xCF, 0x3D, 0xD3, 0x60, 0xE1,
    0xD2, 0x6A, 0x16, 0xA9, 0xA6, 0x72, 0x12, 0x13, 0xF0, 0x6F, 0xAC, 0x87, 0x7A, 0x68, 0x7A, 0xCB,
    0x7F, 0x9D, 0x83, 0x2F, 0x90, 0x7C, 0x15, 0x8C, 0xC0, 0x2C, 0x83, 0xF0, 0xAB, 0x28, 0xDC, 0x81,
    0xCA, 0x02, 0xBE, 0x54, 0x41, 0x50, 0x3B, 0x98, 0x7B, 0xA0, 0x11, 0xB4, 0x66, 0x93, 0x6E, 0x93,
    0xF6, 0xF0, 0x7F, 0xDE, 0xAF, 0x21, 0x1C, 0xCF, 0xE7, 0xF8, 0x3C, 0xF5, 0x50, 0x1F, 0xF5, 0x52,
    0x49, 0xBA, 0xC1, 0x9C, 0x2D, 0xFB, 0x1B, 0x72, 0x78, 0x9A, 0x52, 0x1F, 0x49, 0x43, 0x39, 0x9A,
    0x91, 0xB3, 0x79, 0x11, 0x59, 0xF1, 0xFC, 0x91, 0x81, 0x75, 0xB2, 0x9B, 0xC1, 0x44, 0x26, 0xA5,
    0x19, 0x05, 0xF7, 0xB6, 0xFB, 0x14, 0xF8, 0xDE, 0xDC, 0x0E, 0x3F, 0xB3, 0xAA, 0xAB, 0x57, 0xD5,
    0x9A, 0xC5, 0xE0, 0x51, 0x42, 0x1A, 0x91, 0x36, 0x04, 0x67, 0x41, 0x94, 0x82, 0xEF, 0x18, 0x91,
    0xAA, 0xFD, 0x1B, 0xE1, 0x87, 0x86, 0x1F, 0x74, 0x4C, 0x42, 0x1D, 0x27, 0x67, 0x97, 0x77, 0xA1,
    0x23, 0xEE, 0x85, 0x35, 0xC3, 0xB9, 0x5F, 0x31, 0xF3, 0x94, 0x95, 0x39, 0x64, 0xDA, 0xE7, 0xDA,
    0x16, 0x2B, 0x8A, 0x56, 0x2A, 0x14, 0x17, 0x17, 0x20, 0x86, 0xD0, 0x09, 0xA7, 0xC1, 0xEB, 0x88,
    0x0B, 0x49, 0xAC, 0x63, 0x33, 0xDB, 0xD9, 0x4E, 0x36, 0x48, 0xD2, 0xC0, 0x01, 0xC9, 0x45, 0x59,
    0x37, 0x23, 0x68, 0x41, 0x72, 0x93, 0x3A, 0xFE, 0x9F, 0x87, 0x49, 0x85, 0xB0, 0xD0, 0x44, 0xC9,
    0xE9, 0x60, 0xB9, 0x9E, 0x2D, 0x62, 0xE6, 0x8C, 0xF1, 0x11, 0x15, 0x3B, 0x12, 0x06, 0x80, 0xEB,
    0x5B, 0x15, 0xFF, 0xBB, 0xAF, 0x54, 0xF4, 0x31, 0xE1, 0x83, 0xDF, 0x03, 0xE0, 0x2F, 0x61, 0x01,
    0xC0, 0x6D, 0xDF, 0x56, 0x11, 0xE3, 0xCC, 0x24, 0xF6, 0xD2, 0xC3, 0x79, 0x32, 0x42, 0xA5, 0x2B,
    0x67, 0xFA, 0x94, 0x13, 0xB1, 0x84, 0x21, 0x8E, 0x8C, 0xE6, 0xFB, 0x62, 0xF1, 0xBD, 0x99, 0x91,
    0x83, 0x51, 0xBB, 0xBA, 0x87, 0x02, 0xE1, 0x6A, 0xDE, 0x84, 0xF5, 0x59, 0x50, 0x16, 0x48, 0x4C,
    0x82, 0x19, 0x4E, 0xCF, 0x16, 0xE6, 0x23, 0x3A, 0x88, 0x67, 0x4E, 0x73, 0x7D, 0xB8, 0x31, 0x02,
    0xBE, 0xE2, 0xDB, 0x3F, 0x43, 0x0F, 0xAC, 0xE9, 0x33, 0xA4, 0x9B, 0x7E, 0x2A, 0x41, 0x3B, 0xB2,
    0x48, 0x4B, 0x0B, 0xE8, 0x7F, 0x04, 0x68, 0x80, 0x3E, 0xDE, 0x6C, 0x68, 0x9E, 0x4E, 0xC7, 0xDF,
    0xEC, 0xD5, 0xEE, 0xAE, 0x60, 0x86, 0x85, 0x00, 0xAF, 0x08, 0xF2, 0x7D, 0x1D, 0x19, 0xA5, 0x85,
    0x51, 0xD2, 0x36, 0xD7, 0x7B, 0x18, 0x3E, 0x09, 0xE0, 0x9D, 0x6D, 0x8E, 0x96, 0x2A, 0x28, 0xAC,
    0x50, 0xCE, 0xC8, 0x45, 0x0F, 0x96, 0xE4, 0x6C, 0x30, 0x89, 0xEE, 0x24, 0xA8, 0x08, 0x4D, 0x57,
    0x41, 0xFD, 0xA5, 0x8B, 0xE4, 0xA9, 0xC0, 0xE5, 0x8D, 0x62, 0xF6, 0xE4, 0x29, 0x6A, 0xC1, 0xC3,
    0x04, 0x4B, 0xF0, 0xAC, 0x7C, 0x05, 0x94, 0x0A, 0x2D, 0xE6, 0x9B, 0xB8, 0x51, 0x80, 0xBF, 0x1D,
    0x51, 0xFE, 0x88, 0x49, 0x11, 0x59, 0x6E, 0x01, 0x51, 0x6F, 0x06, 0x80, 0x7B, 0x76, 0xFF, 0x92,
    0x86, 0x6B, 0xE7, 0x01, 0x2D, 0x81, 0xAA, 0x86, 0x1B, 0xE8, 0x37, 0x70, 0x4C, 0x8F, 0x27, 0x28,
    0x61, 0xD9, 0xED, 0xB8, 0xC2, 0x04, 0xD4, 0xBD, 0xD5, 0x0C, 0xF9, 0x7B, 0x90, 0xF2, 0x1B, 0xF2,
    0xE8, 0x35, 0x2C, 0x30, 0xEB, 0x99, 0xCA, 0xF7, 0xFF, 0x35, 0xA7, 0xAB, 0xD9, 0x11, 0x48, 0xD1,
    0x16, 0x8A, 0xC5, 0x5B, 0xAE, 0x08, 0x1D, 0xFC, 0x6D, 0x36, 0x8F, 0x30, 0x47, 0xF2, 0xC8, 0x31,
    0x4F, 0x03, 0x9E, 0xC7, 0xC4, 0x13, 0xD7, 0x8A, 0x14, 0x8C, 0x14, 0xD9, 0x6F, 0xF2, 0x5D, 0xF3,
    0x52, 0x83, 0x7D, 0xA1, 0xB3, 0xC3, 0xB3, 0x7E, 0xC0, 0xCA, 0x44, 0x65, 0x68, 0x07, 0x69, 0xF9,
    0xB3, 0x8C, 0xAC, 0x12, 0xD4, 0x53, 0x80, 0xDA, 0x01, 0x5A, 0x11, 0xA6, 0x4F, 0x39, 0x85, 0xDA,
    0x24, 0xAB, 0x7D, 0x74, 0x6F, 0x71, 0xA8, 0x3C, 0x4F, 0x6D, 0xC2, 0x75, 0x05, 0xAB, 0x99, 0x94,
    0x4C, 0x53, 0xD0, 0x2B, 0x4E, 0x44, 0x92, 0x08, 0x29, 0x04, 0x9E, 0xB7, 0xDA, 0x64, 0xC3, 0x72,
    0xB8, 0x05, 0x1B, 0x3F, 0xDD, 0xF6, 0x23, 0x46, 0x2F, 0xD7, 0x47, 0xB4, 0x04, 0xA1, 0x2A, 0x62,
    0x02, 0xD7, 0xE5, 0x2B, 0x75, 0x7A, 0xE5, 0x13, 0x3A, 0xB0, 0x14, 0x66, 0x46, 0x65, 0xC1, 0xF3,
    0x39, 0x97, 0x49, 0xB6, 0x81, 0xEB, 0xF9, 0x75, 0x2C, 0xB6, 0x80, 0xD4, 0xAA, 0x93, 0x94, 0x87,
    0x80, 0xBC, 0xBB, 0xB6, 0xD4, 0x12, 0x60, 0x82, 0x46, 0x2A, 0x58, 0xA5, 0x9E, 0xF2, 0xE3, 0xC5,
    0x46, 0x2D, 0x54, 0x00, 0x98, 0x2A, 0xC5, 0x64, 0x0C, 0xBF, 0xBE, 0x64, 0xF5, 0xFD, 0x02, 0xDE,
    0xBC, 0x53, 0x4F, 0x0C, 0x6B, 0xD8, 0x0A, 0xBC, 0x64, 0x1E, 0x6A, 0xD6, 0x98, 0x9F, 0x58, 0xE9,
    0xA4, 0xD2, 0x95, 0xF9, 0x43, 0x18, 0x95, 0xB9, 0x29, 0x95, 0xA5, 0x7F, 0xF8, 0xBC, 0xA9, 0x5D,
    0xE0, 0xF7, 0xE3, 0x5F, 0xBD, 0xFA, 0x79, 0x3B, 0xC1, 0xE1, 0xF3, 0x3D, 0xC8, 0x6F, 0xD2, 0x9E,
    0xE2, 0x99, 0xFD, 0x00, 0x07, 0xDB, 0x4A, 0x47, 0xB1, 0xCC, 0x3A, 0xD7, 0x4E, 0x9F, 0xCC, 0xB3,
    0xDA, 0xC2, 0x9E, 0x31, 0x15, 0x76, 0x85, 0x2F, 0x0C, 0xA9, 0xD4, 0x90, 0x5C, 0x4E, 0x76, 0xBB,
    0xBB, 0x06, 0xBE, 0x22, 0x60, 0x4B, 0x03, 0x91, 0xA3, 0xCF, 0xE9, 0x6E, 0x77, 0xC7, 0x21, 0xE0,
    0x1E, 0xC1, 0x84, 0x84, 0x8C, 0x0E, 0x0E, 0x1B, 0xDB, 0x6B, 0x87, 0xC8, 0x4C, 0xAC, 0x69, 0xD9,
    0x94, 0x73, 0x53, 0xE6, 0xFE, 0x36, 0x71, 0x9B, 0x66, 0xB6, 0x48, 0xFB, 0x4C, 0x9A, 0x5D, 0x52,
    0x81, 0xA0, 0xB3, 0x90, 0x56, 0x12, 0x37, 0x91, 0xA4, 0x30, 0x5F, 0xE7, 0x3E, 0xD3, 0xDE, 0xE1,
    0xEE, 0x09, 0xB3, 0xB0, 0xD5, 0x0A, 0x95, 0xE7, 0x4A, 0x6E, 0x89, 0x08, 0xE8, 0xC3, 0x1B, 0x46,
    0xDA, 0x7F, 0xCC, 0x02, 0x61, 0x4F, 0x04, 0x69, 0x20, 0x88, 0x1E, 0xD9, 0x82, 0x5B, 0x17, 0x2D,
    0x52, 0xE5, 0x63, 0x3F, 0x59, 0xB9, 0x4D, 0x79, 0x46, 0xCC, 0x62, 0xA5, 0xFC, 0x83, 0x95, 0xE6,
    0x63, 0x75, 0x62, 0x3F, 0x50, 0x8F, 0xAE, 0x21, 0xA8, 0xB8, 0xBA, 0xBF, 0x10, 0x5F, 0xF7, 0xAB,
    0xF8, 0xA6, 0x5B, 0x64, 0xB5, 0x5D, 0x94, 0xC5, 0xFE, 0x88, 0xF0, 0x80, 0xF0, 0xEF, 0x80, 0x66,
    0x9D, 0x65, 0xA9, 0x5F, 0x4E, 0x72, 0x51, 0xFE, 0xFE, 0x5F, 0xA0, 0x6C, 0x5B, 0xD1, 0x89, 0xFE,
    0x0C, 0x21, 0x27, 0x48, 0x76, 0x07, 0x20, 0xB5, 0xF2, 0xFE, 0x0D, 0x78, 0xD6, 0x88, 0x7A, 0x84,
    0x7B, 0x05, 0x14, 0xD1, 0x75, 0x52, 0x12, 0xCC, 0x84, 0xC4, 0x98, 0x60, 0x7B, 0x69, 0x46, 0x80,
    0x1D, 0x00, 0xEE, 0x99, 0x23, 0x29, 0x20, 0xE5, 0x84, 0x1C, 0x30, 0x72, 0x0D, 0x8C, 0x55, 0xC4,
    0x20, 0xF2, 0x4C, 0xA8, 0x83, 0xD4, 0xC1, 0x8E, 0x00, 0xDC, 0x7D, 0x58, 0x20, 0x2D, 0x90, 0x58,
    0x2C, 0x67, 0x20, 0xA4, 0x5C, 0x29, 0xD5, 0x5C, 0xAC, 0x66, 0x2A, 0xA2, 0xB9, 0x3C, 0x9F, 0x0D,
    0xF7, 0x3D, 0xD5, 0x16, 0x32, 0x52, 0x81, 0x1D, 0xCA, 0xD9, 0x0E, 0x55, 0xB4, 0x7D, 0x15, 0x1D,
    0x56, 0xB7, 0x7B, 0xE6, 0x83, 0xC7, 0x3D, 0x48, 0x07, 0x55, 0x0C, 0x1F, 0x59, 0x9D, 0xFF, 0x63,
    0xE1, 0x17, 0x60, 0x75, 0x16, 0x9D, 0xB6, 0x06, 0x31, 0xEC, 0x30, 0xF7, 0x5D, 0x16, 0x2C, 0xCB,
    0x6A, 0x1F, 0x02, 0x47, 0x70, 0x3D, 0xC0, 0x6F, 0xC0, 0xAF, 0xD9, 0x43, 0x00, 0x2D, 0x1F, 0xF0,
    0x60, 0x73, 0xE5, 0x82, 0xD0, 0x12, 0xAE, 0xC4, 0x36, 0xD5, 0xA2, 0x28, 0x27, 0xE2, 0x94, 0xF0,
    0x74, 0x05, 0xDC, 0x03, 0xB5, 0xAF, 0x42, 0xF6, 0xE1, 0x93, 0xDB, 0xE2, 0x77, 0x09, 0x4A, 0x42,
    0x05, 0x0B, 0x08, 0xCA, 0x5D, 0x4E, 0x3B, 0x42, 0x6B, 0x42, 0xA6, 0x88, 0x04, 0x59, 0x3D, 0x30,
    0x44, 0x97, 0x6E, 0x26, 0xAB, 0x8F, 0x84, 0x0E, 0x30, 0xCB, 0xB6, 0x69, 0x10, 0x0A, 0x80, 0x14,
    0x20, 0xDB, 0x54, 0x44, 0x25, 0x01, 0xFA, 0x36, 0x30, 0x57, 0xBB, 0x3B, 0x34, 0x72, 0x26, 0x4C,
    0x52, 0x13, 0xD8, 0xDB, 0x10, 0x5E, 0x27, 0x71, 0xA4, 0x69, 0xD7, 0x8A, 0xE3, 0x44, 0x1E, 0x6E,
    0x25, 0x16, 0xCF, 0x89, 0x84, 0xAE, 0x20, 0xFC, 0x8F, 0x13, 0x4D, 0x37, 0x13, 0x85, 0xB7, 0x4C,
    0x74, 0x03, 0xBE, 0x4B, 0x5B, 0xDD, 0x71, 0x89, 0x67, 0xA9, 0xC4, 0x41, 0x62, 0x55, 0xCC, 0x94,
    0xAB, 0x8E, 0x81, 0x78, 0x2D, 0x3D, 0xBA, 0x20, 0x6E, 0x84, 0x8F, 0xB8, 0xA3, 0xF6, 0xF7, 0x08,
    0x45, 0x24, 0x6C, 0x01, 0x75, 0x83, 0x61, 0xDB, 0xE0, 0xB8, 0x56, 0xBF, 0x64, 0xA2, 0x9E, 0x04,
    0xC9, 0x57, 0x03, 0x3D, 0x0A, 0x6D, 0x19, 0x60, 0x04, 0xD8, 0x21, 0x5F, 0x01, 0x05, 0x80, 0xE9,
    0x71, 0x09, 0xA8, 0xA8, 0x2B, 0x97, 0x1D, 0x09, 0x47, 0x13, 0x40, 0x01, 0x01, 0xE5, 0x49, 0x58,
    0xF7, 0xE9, 0xC1, 0xF0, 0x86, 0xB5, 0x8C, 0x0A, 0xDC, 0x03, 0x27, 0x67, 0x11, 0x8A, 0xE8, 0x3E,
    0x8A, 0x09, 0x76, 0xFA, 0xA8, 0xDD, 0x9C, 0x55, 0x48, 0x76, 0x03, 0x79, 0xDA, 0xC8, 0x09, 0x0B,
    0xE0, 0x10, 0x5E, 0xC2, 0x16, 0x5E, 0x02, 0xF9, 0xE7, 0xE4, 0xFE, 0xE5, 0x1D, 0x52, 0x0B, 0x7C,
    0xDB, 0x20, 0xE0, 0x06, 0xD5, 0xD7, 0x04, 0x92, 0x0E, 0x58, 0x2F, 0x4D, 0x42, 0x38, 0x4C, 0x72,
    0x98, 0x69, 0xD9, 0xE0, 0x38, 0x91, 0x80, 0x16, 0x33, 0xD9, 0x9E, 0x51, 0x1B, 0xEA, 0x90, 0x3A,
    0x2E, 0xEA, 0x64, 0x79, 0x6F, 0x1D, 0x17, 0x6B, 0x33, 0x0A, 0xF7, 0x10, 0x80, 0xC7, 0x6A, 0xCE,
    0x48, 0x65, 0x85, 0x32, 0xB0, 0x11, 0x2A, 0x9B, 0x09, 0xE0, 0x06, 0x80, 0x76, 0xE9, 0x31, 0x84,
    0xAE, 0x25, 0x74, 0x42, 0x1B, 0x01, 0xB8, 0x6B, 0xA2, 0xE5, 0x6A, 0x6F, 0x08, 0x5C, 0x47, 0xA4,
    0x01, 0x3B, 0x96, 0x0B, 0xF3, 0xA0, 0xB0, 0x80, 0x96, 0xEE, 0xBB, 0x36, 0xCA, 0xBE, 0x6B, 0xA3,
    0xC4, 0x64, 0x6F, 0x45, 0x21, 0x23, 0x53, 0x26, 0x08, 0xB7, 0x9B, 0x4D, 0x58, 0x70, 0x96, 0xF2,
    0xD9, 0xEE, 0x0E, 0xC3, 0xE3, 0x92, 0x8C, 0xC2, 0x5E, 0x40, 0x74, 0x34, 0x80, 0xD0, 0x44, 0x80,
    0x45, 0x79, 0x05, 0x1F, 0x41, 0xF4, 0x3A, 0xE7, 0xEB, 0xB7, 0xD7, 0x53, 0xF1, 0xAD, 0xBE, 0x9C,
    0x8A, 0x2B, 0x7D, 0x1E, 0x8A, 0x49, 0x1F, 0x87, 0x72, 0xD2, 0xF7, 0x42, 0x15, 0xD4, 0x8C, 0x55,
    0xF8, 0xD0, 0x0C, 0x26, 0xFC, 0xB4, 0x1E, 0xCC, 0xF8, 0x77, 0x4D, 0x6F, 0xC6, 0xBF, 0x6D, 0xFA,
    0x7A, 0x80, 0xAD, 0x35, 0xB7, 0xAB, 0x86, 0x40, 0x9A, 0x6B, 0x01, 0x9E, 0x5B, 0x28, 0x57, 0x30,
    0x86, 0x66, 0x3A, 0xD6, 0x43, 0x4E, 0x28, 0x30, 0x65, 0x0F, 0xB0, 0x1B, 0x5C, 0x4F, 0xB6, 0x2B,
    0x5F, 0xCE, 0x68, 0x33, 0xBE, 0x8E, 0x04, 0x36, 0x1B, 0x5F, 0x45, 0x05, 0x9F, 0x2F, 0x84, 0x15,
    0x05, 0x36, 0x70, 0x0F, 0xE9, 0xFD, 0x02, 0x60, 0x57, 0x97, 0xC0, 0x46, 0x4E, 0x35, 0x73, 0xAA,
    0x79, 0xEB, 0xB4, 0xFD, 0x6B, 0x9D, 0x76, 0x9E, 0xEA, 0xFB, 0xB8, 0xD3, 0xE6, 0xE6, 0xEF, 0x7B,
    0x00, 0x96, 0x32, 0xA1, 0x00, 0x74, 0xC5, 0x4A, 0x48, 0x9D, 0x36, 0x99, 0x87, 0x8B, 0xA7, 0x7E,
    0x63, 0xA7, 0x4D, 0xF5, 0x03, 0x81, 0xCB, 0x92, 0xFC, 0xB9, 0xDC, 0x53, 0xA4, 0x22, 0x4B, 0x4F,
    0xB2, 0x6C, 0x08, 0x50, 0x0F, 0x7E, 0x06, 0x5C, 0xDE, 0x87, 0x19, 0x1C, 0x5C, 0xAB, 0x52, 0xD5,
    0xDA, 0xFE, 0x69, 0x12, 0xF0, 0xC7, 0x24, 0x70, 0x38, 0x3B, 0x7C, 0x57, 0x8F, 0x08, 0xB9, 0xD2,
    0x8F, 0x03, 0xAC, 0xF4, 0x68, 0x39, 0xF2, 0xC8, 0xA1, 0xD7, 0x13, 0x9B, 0xCA, 0x8F, 0xF5, 0x44,
    0xFE, 0x84, 0xC2, 0xBF, 0x62, 0xE9, 0x5C, 0x70, 0xE1, 0xAD, 0xFB, 0x8D, 0x4E, 0x03, 0xEF, 0x74,
    0xC9, 0xDF, 0xE2, 0x55, 0x7F, 0xCB, 0x98, 0x11, 0x36, 0x57, 0x5B, 0x33, 0x1D, 0xFB, 0x4B, 0x57,
    0xE7, 0x1B, 0x7F, 0xE1, 0xE0, 0x53, 0x05, 0x0C, 0x84, 0x5E, 0x5B, 0xB8, 0xEA, 0x3B, 0x00, 0x3C,
    0xF6, 0x9D, 0x1D, 0x08, 0x23, 0xF4, 0xB0, 0x58, 0xB3, 0xD4, 0x22, 0x2A, 0xD3, 0xA8, 0xF0, 0xE7,
    0x99, 0x67, 0x7B, 0xF5, 0x97, 0xC7, 0x6B, 0x54, 0x5B, 0xC2, 0x15, 0xC7, 0x2A, 0x1B, 0x11, 0x5A,
    0xFA, 0xAE, 0xF2, 0x56, 0xAD, 0xBC, 0xBF, 0x2D, 0xEE, 0x8C, 0x60, 0xD0, 0xE2, 0xA6, 0x16, 0xD1,
    0x6D, 0x2C, 0xDC, 0xA7, 0x53, 0x80, 0x23, 0x03, 0x1D, 0x9A, 0xF8, 0xD3, 0xFB, 0x57, 0x3B, 0xBA,
    0x2F, 0x80, 0x40, 0x4D, 0x84, 0x26, 0x7C, 0x47, 0xBA, 0x26, 0xFC, 0x29, 0x1A, 0x4B, 0x9B, 0x5A,
    0x4C, 0x1C, 0xEC, 0xD3, 0x7E, 0x96, 0x20, 0x08, 0x37, 0xB5, 0xEC, 0x86, 0x7D, 0x13, 0xF1, 0x2E,
    0x1B, 0x1C, 0xB6, 0x44, 0x82, 0xEF, 0xB6, 0xA7, 0xF1, 0x15, 0xB6, 0xB9, 0xCF, 0xFC, 0x78, 0xC8,
    0x60, 0x0A, 0x1A, 0x83, 0xD9, 0x03, 0xB4, 0x73, 0x43, 0x22, 0x72, 0xDD, 0xEB, 0x23, 0x0B, 0x8F,
    0x66, 0x26, 0x70, 0x13, 0x6A, 0x08, 0x76, 0xC0, 0xBC, 0x18, 0x5E, 0x07, 0xDF, 0x01, 0x14, 0x3E,
    0x7F, 0xB5, 0xF2, 0xF8, 0xB3, 0x10, 0x22, 0xE0, 0x7A, 0x02, 0x68, 0x20, 0x8C, 0x24, 0xAE, 0x7E,
    0x0F, 0x41, 0xB2, 0x08, 0xC8, 0x23, 0xB4, 0x15, 0x73, 0x82, 0x51, 0x8B, 0x09, 0x50, 0x06, 0xF3,
    0x54, 0xAB, 0x50, 0xFF, 0x01, 0x1C, 0x51, 0x7F, 0xA2, 0x66, 0x68, 0x7E, 0xF7, 0xA2, 0xEE, 0x9B,
    0xC7, 0x84, 0x27, 0xBF, 0x6E, 0x3A, 0xFB, 0xA4, 0xC1, 0x72, 0xFD, 0x55, 0x63, 0x5B, 0x7B, 0xD1,
    0x38, 0xB1, 0x1F, 0x12, 0x7E, 0xDB, 0x5C, 0x88, 0x8B, 0x76, 0x11, 0x37, 0x5B, 0xB8, 0x3A, 0x11,
    0x02, 0x20, 0x15, 0xAF, 0xEF, 0x0D, 0x82, 0x30, 0x70, 0x25, 0xB2, 0x21, 0x6A, 0x82, 0xEF, 0x51,
    0x62, 0x4A, 0x03, 0xD7, 0xED, 0x15, 0x4F, 0x41, 0x2B, 0x41, 0x2B, 0x84, 0x3E, 0xF5, 0xA7, 0xB4,
    0x7C, 0x6B, 0x10, 0xDD, 0x13, 0x6E, 0x3D, 0x3F, 0x66, 0xED, 0x62, 0x19, 0x54, 0xB1, 0xD8, 0x1F,
    0x06, 0x10, 0xF6, 0x16, 0xCA, 0xB4, 0x07, 0x20, 0x74, 0x83, 0x28, 0xEA, 0xB0, 0x60, 0x3E, 0x30,
    0x8E, 0x54, 0x8C, 0x82, 0x40, 0xAC, 0xAA, 0xD9, 0x0E, 0x48, 0xA3, 0xEF, 0x48, 0xE3, 0x9C, 0x02,
    0x11, 0xCA, 0x0E, 0xCB, 0x43, 0xC7, 0xC3, 0xB2, 0x25, 0x1C, 0x17, 0xC3, 0xEB, 0xDB, 0x8D, 0x28,
    0xFB, 0x6A, 0xC0, 0x98, 0x03, 0x06, 0xD9, 0xED, 0x00, 0x52, 0xA4, 0xD0, 0xB2, 0xEC, 0xA8, 0xD5,
    0x4D, 0x9B, 0xD6, 0x42, 0xBB, 0xE3, 0x13, 0xB5, 0x9B, 0xA8, 0x6A, 0xD8, 0x7E, 0x6F, 0xD6, 0xFD,
    0xEF, 0xED, 0x65, 0x3A, 0x4D, 0x23, 0x6A, 0x7B, 0x60, 0x33, 0x7F, 0x47, 0x48, 0x1B, 0x14, 0x0F,
    0xE1, 0x68, 0x0A, 0x6D, 0x8F, 0x94, 0xFD, 0xEB, 0xA8, 0x4D, 0x26, 0x08, 0x4F, 0xEC, 0x90, 0x8A,
    0xC2, 0x08, 0x52, 0x06, 0xC8, 0xF1, 0x8B, 0x23, 0xB6, 0x24, 0x94, 0x47, 0x77, 0xC4, 0x52, 0xFD,
    0x26, 0xB6, 0x15, 0x5E, 0x1D, 0x07, 0xD5, 0xBC, 0xF8, 0xA4, 0x19, 0x79, 0x55, 0x81, 0x5A, 0x31,
    0x01, 0xAF, 0x99, 0xB3, 0x66, 0xBC, 0x68, 0x0A, 0x2D, 0x02, 0xE1, 0x78, 0xF8, 0x26, 0xAF, 0xAB,
    0x38, 0x81, 0x03, 0x4C, 0x5F, 0x92, 0xFF, 0x8D, 0x69, 0x2D, 0x84, 0xE1, 0x82, 0x78, 0xCA, 0xC1,
    0x73, 0xCA, 0xE6, 0xF9, 0xC9, 0xBD, 0xC8, 0xFE, 0x77, 0x3F, 0xC5, 0x76, 0xCE, 0xCB, 0x53, 0x78,
    0x59, 0xF3, 0x84, 0xFA, 0xCB, 0x69, 0xFF, 0x2E, 0xE0, 0x16, 0x6C, 0xD6, 0x7C, 0xE1, 0x86, 0xAB,
    0x42, 0x82, 0x27, 0x4F, 0xF8, 0xD6, 0x0E, 0x98, 0xB3, 0xEA, 0xE5, 0xEF, 0x85, 0x1F, 0x1E, 0xAF,
    0x6E, 0xDE, 0x66, 0xF1, 0x28, 0x95, 0x49, 0x4D, 0x72, 0xC3, 0xD6, 0x58, 0x85, 0x62, 0xA0, 0x51,
    0x4F, 0xB5, 0xD0, 0xAF, 0x57, 0xA3, 0xDF, 0x2E, 0xF5, 0x72, 0x7F, 0xB1, 0xA1, 0x8C, 0x58, 0xA3,
    0x91, 0x6B, 0x9C, 0x4B, 0x5C, 0x29, 0xA0, 0x07, 0x6D, 0x9B, 0xA0, 0x9D, 0x0B, 0xFE, 0xF3, 0x17,
    0xC1, 0xE9, 0xAF, 0x83, 0xD5, 0x66, 0x64, 0x19, 0xBE, 0xB1, 0xB0, 0xD6, 0x43, 0x1F, 0x83, 0x45,
    0x02, 0x65, 0x0B, 0x40, 0x79, 0x26, 0x7D, 0x0E, 0x53, 0x95, 0x04, 0x9D, 0x5A, 0x7B, 0x42, 0x38,
    0x30, 0xCF, 0xA1, 0xA7, 0x2E, 0x37, 0x8E, 0xB4, 0x7F, 0x64, 0x34, 0x1E, 0x23, 0x08, 0xEE, 0x63,
    0x2A, 0x7C, 0x17, 0xE0, 0x75, 0x28, 0x54, 0x43, 0xB5, 0xDE, 0x9F, 0xC1, 0xEE, 0x23, 0xB8, 0x8A,
    0x44, 0x98, 0xA4, 0x27, 0xEB, 0x50, 0x0A, 0xD0, 0x89, 0x99, 0xEC, 0x95, 0x1B, 0x6B, 0xD5, 0xAE,
    0x54, 0x3E, 0x37, 0x0A, 0xFD, 0x7D, 0xCB, 0xBA, 0x40, 0x2C, 0x84, 0xC1, 0x10, 0x44, 0x63, 0x15,
    0x86, 0x43, 0x6C, 0x48, 0x5D, 0xCF, 0x81, 0xF5, 0xA2, 0x30, 0x26, 0x7B, 0xCE, 0x6C, 0x00, 0x08,
    0x8B, 0xF8, 0xCF, 0x95, 0x75, 0xF7, 0x22, 0x08, 0x23, 0x93, 0x56, 0x28, 0xB7, 0x4A, 0x96, 0x3A,
    0xDF, 0x19, 0x54, 0xEB, 0x59, 0xE4, 0xD9, 0xA8, 0x19, 0x19, 0xDF, 0xF3, 0x89, 0x87, 0x05, 0xA7,
    0xDA, 0xBA, 0xF5, 0x97, 0x3C, 0xB5, 0xB4, 0xB6, 0x2F, 0x47, 0x7B, 0x79, 0x1E, 0x60, 0xED, 0x50,
    0xAA, 0xA6, 0x4D, 0x1D, 0x98, 0xF6, 0x0F, 0xA2, 0xD1, 0x95, 0x78, 0x79, 0x77, 0xDB, 0x0C, 0xB6,
    0x8D, 0x80, 0x8B, 0x8B, 0x98, 0x4E, 0x4E, 0xC4, 0x9D, 0x7F, 0x76, 0x67, 0x73, 0x74, 0x73, 0x92,
    0x5E, 0x1E, 0x90, 0x90, 0x1D, 0x90, 0x99, 0x22, 0x2E, 0xC4, 0x22, 0x61, 0xA4, 0x76, 0xA2, 0xF8,
    0xDB, 0x44, 0xF7, 0x78, 0x06, 0x36, 0xC8, 0x45, 0xAA, 0x43, 0xDA, 0x34, 0x08, 0x6F, 0xB7, 0xC4,
    0x7A, 0x22, 0xCB, 0x2F, 0x9E, 0x87, 0x66, 0x74, 0xE5, 0x3C, 0x52, 0x99, 0xED, 0x5C, 0x70, 0xD8,
    0x50, 0xD6, 0x6D, 0x43, 0x19, 0x8B, 0x25, 0xF5, 0x92, 0x4D, 0x00, 0x8D, 0xD6, 0x57, 0xFF, 0x18,
    0xF9, 0x9A, 0x23, 0x4A, 0xA5, 0x98, 0x24, 0x5B, 0x0F, 0x3B, 0x1E, 0xDC, 0xAB, 0x1F, 0x69, 0x2F,
    0x2E, 0x1D, 0xA9, 0x96, 0xF4, 0x42, 0x8E, 0x6E, 0xBC, 0x65, 0x73, 0xCB, 0x97, 0x7A, 0x64, 0x87,
    0x1B, 0x01, 0xEC, 0x0B, 0xD6, 0xE7, 0x2C, 0x3B, 0xDC, 0x67, 0xDE, 0x64, 0x6B, 0x81, 0x08, 0x21,
    0x5F, 0x01, 0xB0, 0xA5, 0xDE, 0x9F, 0x10, 0x00, 0xC7, 0x27, 0x04, 0x00, 0x6D, 0x29, 0x8E, 0xDE,
    0x4A, 0xC2, 0x68, 0xEA, 0x91, 0x14, 0x0B, 0x08, 0xB2, 0x0D, 0x39, 0x3D, 0x0F, 0xB4, 0xF6, 0x50,
    0x82, 0xA9, 0x0C, 0x91, 0xFB, 0x9F, 0x07, 0xF1, 0x1F, 0x60, 0xE2, 0xFB, 0x41, 0xD4, 0x0F, 0xE2,
    0xD9, 0x68, 0x40, 0x07, 0x4C, 0x3C, 0x34, 0xC9, 0x86, 0x32, 0x27, 0xA1, 0x4F, 0x1A, 0x20, 0xA3,
    0x50, 0x76, 0xEE, 0x15, 0x85, 0x29, 0x9B, 0x14, 0x6D, 0x29, 0xC7, 0x3D, 0xF8, 0x0F, 0x18, 0x5A,
    0xD8, 0xE8, 0x3F, 0x41, 0x74, 0xFF, 0x13, 0x71, 0xBD, 0x66, 0x44, 0x27, 0x52, 0x07, 0x1F, 0x79,
    0x6B, 0xD4, 0xE8, 0x5C, 0x35, 0x01, 0xDC, 0x02, 0xE0, 0x3A, 0x4D, 0x51, 0x93, 0x14, 0x35, 0xB6,
    0x77, 0x0B, 0xA2, 0xC6, 0x17, 0x40, 0x01, 0x5E, 0x98, 0x97, 0x74, 0x81, 0xBB, 0x72, 0xF3, 0x1F,
    0x6A, 0xE0, 0xB8, 0xBA, 0xDE, 0x0E, 0xAA, 0xFB, 0x06, 0x18, 0xDE, 0x59, 0x4D, 0xE2, 0x74, 0x90,
    0x53, 0x1A, 0x9E, 0xE4, 0xCD, 0xC6, 0xAF, 0x94, 0xE3, 0xC3, 0x83, 0x81, 0x20, 0x03, 0xE4, 0x1E,
    0x6C, 0xA8, 0x95, 0xCE, 0x52, 0x30, 0xF1, 0x1C, 0x33, 0xFF, 0xB6, 0x1A, 0x8A, 0x97, 0x6A, 0x43,
    0x71, 0xAD, 0x3E, 0x94, 0xB3, 0x7F, 0x1C, 0xAA, 0xE0, 0x4A, 0x80, 0xC7, 0x46, 0x3F, 0x5E, 0x54,
    0xC1, 0x0C, 0xAB, 0x19, 0xCD, 0xB0, 0x60, 0xB7, 0xEF, 0xA3, 0x19, 0xEA, 0x8F, 0xA2, 0xE9, 0x9B,
    0x8F, 0x63, 0xDD, 0xDB, 0xF7, 0x63, 0xD3, 0xDB, 0x5B, 0x33, 0xB6, 0xFC, 0x5B, 0x68, 0xED, 0x5D,
    0x31, 0xD9, 0xB6, 0x78, 0xB5, 0x5A, 0xCA, 0x57, 0xAB, 0xC5, 0xBC, 0x5A, 0x2D, 0xF5, 0x77, 0xA8,
    0x16, 0xF2, 0x53, 0x5A, 0xC1, 0xC1, 0x2C, 0xE7, 0x73, 0x73, 0xC3, 0xA6, 0x45, 0xF4, 0x94, 0xAE,
    0x84, 0x54, 0x10, 0x33, 0xB3, 0x6D, 0x62, 0x27, 0xCF, 0x46, 0x9E, 0x7D, 0x7C, 0x46, 0x7E, 0xD2,
    0xDB, 0x0B, 0xA0, 0xD6, 0x36, 0x53, 0xCB, 0x66, 0xF3, 0x92, 0xC7, 0x81, 0x1E, 0x2A, 0x54, 0x00,
    0x2B, 0x21, 0x6E, 0x90, 0x3A, 0xB1, 0x44, 0x47, 0x6C, 0xF4, 0xF9, 0xAA, 0x16, 0xB9, 0x51, 0xA4,
    0xEA, 0x6B, 0x9D, 0x52, 0x17, 0xF5, 0xF6, 0x7E, 0xF1, 0xFF, 0xCC, 0xFD, 0x62, 0x29, 0xAF, 0xA7,
    0xB7, 0xB3, 0xFA, 0xD1, 0x87, 0x56, 0x1F, 0x47, 0xAB, 0xBF, 0x8A, 0xA7, 0xEA, 0x79, 0x8E, 0xDB,
    0x5E, 0xCE, 0xB6, 0x87, 0x8C, 0x1F, 0x8E, 0x8B, 0x87, 0x23, 0xE3, 0x9C, 0x44, 0xEA, 0x15, 0xFE,
    0x6B, 0x40, 0x14, 0x27, 0xB3, 0x9C, 0xB1, 0x45, 0xEC, 0x18, 0x5C, 0xA3, 0x0F, 0x85, 0xDC, 0x88,
    0x7B, 0x43, 0xE2, 0x82, 0x26, 0xFC, 0x85, 0x20, 0x8A, 0x8F, 0xFC, 0xC8, 0xDE, 0x1C, 0x91, 0x4C,
    0x2F, 0x74, 0x2B, 0x0E, 0x0E, 0x07, 0x41, 0x04, 0x70, 0x6F, 0xD9, 0xEF, 0x83, 0xA7, 0xFE, 0xD9,
    0x5D, 0xF1, 0x6F, 0xAA, 0xC6, 0x6C, 0xC8, 0xB4, 0x44, 0xAE, 0x9B, 0x29, 0x4F, 0xAF, 0xC2, 0x5A,
    0x21, 0xBB, 0x36, 0x83, 0xB0, 0x02, 0x40, 0x17, 0x2B, 0xF3, 0xDF, 0x84, 0x22, 0xB2, 0x04, 0x90,
    0x7C, 0x48, 0x35, 0x33, 0xFF, 0x0E, 0xE9, 0xA7, 0xF8, 0xCE, 0x06, 0xDF, 0x33, 0x56, 0x8A, 0x38,
    0xBD, 0x40, 0x76, 0x39, 0x82, 0x71, 0x12, 0x2C, 0xFD, 0x3C, 0xF8, 0x68, 0x66, 0x8D, 0x55, 0x3C,
    0x8B, 0x65, 0xAC, 0xE6, 0x82, 0x82, 0x7D, 0x01, 0x35, 0x1F, 0x28, 0x66, 0xAE, 0x83, 0x09, 0xF0,
    0x68, 0x6C, 0x46, 0xDF, 0x37, 0x5F, 0x68, 0x5B, 0x33, 0x9F, 0x1A, 0x10, 0xB3, 0x56, 0xF8, 0xE1,
    0xF1, 0xB3, 0x16, 0x33, 0x44, 0xDB, 0x9A, 0x3E, 0x36, 0x1D, 0xEA, 0xBB, 0x41, 0x7D, 0xCF, 0x80,
    0xF7, 0x01, 0xF6, 0xC1, 0x04, 0x60, 0x7D, 0xDB, 0x22, 0xD8, 0x16, 0x2B, 0xC3, 0x0A, 0xC0, 0x8B,
    0x37, 0x01, 0xE4, 0x70, 0x0E, 0x9E, 0xF5, 0xD7, 0xDC, 0x52, 0xBF, 0x46, 0x08, 0xEB, 0xEE, 0x42,
    0xD8, 0xBD, 0xD4, 0x3D, 0xFB, 0xDC, 0x90, 0x6B, 0xD4, 0xA9, 0x5A, 0x96, 0x2F, 0xE6, 0x72, 0xD4,
    0x07, 0x73, 0xDE, 0xEA, 0xAD, 0x4F, 0xDF, 0xB4, 0xB5, 0xFF, 0xF5, 0xAD, 0x35, 0x6F, 0xED, 0xAD,
    0x15, 0x4B, 0xEA, 0x8F, 0xDE, 0x0F, 0x76, 0x71, 0x30, 0x93, 0xCD, 0x72, 0x35, 0x9A, 0x91, 0xC9,
    0xF4, 0x1D, 0x01, 0xA5, 0xCE, 0x63, 0xDE, 0xA1, 0x3B, 0x99, 0x32, 0x42, 0xBE, 0xBE, 0xCA, 0xBD,
    0x11, 0x50, 0x11, 0x6A, 0xC0, 0xD5, 0xBF, 0xCD, 0xF0, 0xF6, 0xCB, 0x59, 0x2A, 0x7D, 0x32, 0x71,
    0x33, 0xD8, 0x4E, 0x3E, 0xDF, 0x13, 0x7B, 0xD8, 0x0C, 0xDA, 0xFD, 0x66, 0xF0, 0x90, 0x31, 0x1D,
    0xF9, 0x36, 0x62, 0xB1, 0x7C, 0xF7, 0x85, 0x9A, 0xBD, 0x84, 0x2D, 0x86, 0xEF, 0x0F, 0xFE, 0xBC,
    0x6B, 0xF6, 0x2D, 0x54, 0xA1, 0x54, 0x32, 0x0B, 0x07, 0xFF, 0x54, 0x72, 0x6D, 0x3F, 0x14, 0x0C,
    0xF8, 0x27, 0x68, 0xF9, 0xCC, 0x01, 0x74, 0x15, 0xFB, 0x63, 0x8D, 0xE2, 0xE4, 0x7C, 0x64, 0xC3,
    0x74, 0x57, 0x72, 0x9E, 0x6B, 0x21, 0x86, 0x32, 0xC8, 0xB1, 0x1C, 0xFF, 0xC5, 0x93, 0x3F, 0x4F,
    0xEE, 0x23, 0x96, 0xE9, 0x0D, 0x33, 0x7F, 0x92, 0xDA, 0x39, 0x26, 0x8D, 0x6D, 0xC8, 0xD6, 0xEC,
    0xEF, 0x8E, 0x3A, 0x5A, 0x6C, 0xDF, 0xA5, 0x82, 0x66, 0xA1, 0x3A, 0x83, 0xF0, 0xBE, 0x0A, 0xA9,
    0x6D, 0x49, 0x7F, 0xE3, 0xA7, 0xE2, 0x02, 0xD7, 0xCC, 0xAB, 0x9C, 0xA4, 0x0C, 0x54, 0x67, 0x70,
    0x8D, 0xBC, 0xEA, 0x81, 0xDD, 0x65, 0xC3, 0x8B, 0xAD, 0x25, 0xAF, 0x56, 0x1C, 0xD5, 0x6C, 0x9A,
    0xE4, 0xF4, 0x2E, 0x2D, 0xE9, 0x20, 0x83, 0x38, 0x3D, 0xEE, 0x48, 0xBB, 0xD4, 0x85, 0x2E, 0x47,
    0x7F, 0xF2, 0x85, 0x54, 0x57, 0xC9, 0x61, 0x71, 0x91, 0x54, 0x4B, 0x07, 0xA8, 0xFC, 0xF8, 0xCF,
    0xBC, 0x34, 0x82, 0xD6, 0xF3, 0xE7, 0xC9, 0x59, 0xDA, 0xF3, 0xA8, 0xDE, 0xB2, 0x26, 0xDF, 0xC1,
    0xAF, 0x57, 0xF9, 0x4D, 0xAD, 0x9F, 0xAF, 0x5C, 0x5B, 0xEE, 0xB6, 0x86, 0x1F, 0x88, 0xEB, 0xFE,
    0x1B, 0xC5, 0x99, 0x01, 0xC4, 0x26, 0xD7, 0x7A, 0xC7, 0xFF, 0x33, 0xB3, 0xBB, 0x83, 0xD1, 0x9C,
    0x85, 0x05, 0x69, 0x3B, 0x00, 0x45, 0x9A, 0xA3, 0xDC, 0x72, 0xB1, 0xBD, 0x67, 0x7A, 0x83, 0x8B,
    0x8B, 0x04, 0xFB, 0x49, 0xD9, 0xB2, 0xC5, 0x85, 0x82, 0x85, 0x8B, 0xD2, 0x9B, 0x9C, 0x89, 0x20,
    0x08, 0xA4, 0xF4, 0x36, 0xA0, 0x52, 0x6D, 0x01, 0x68, 0xAA, 0x55, 0xA1, 0xDB, 0xCC, 0x49, 0x16,
    0x8B, 0x45, 0xE7, 0xE6, 0xBA, 0x37, 0xB8, 0xC8, 0x69, 0x92, 0xB4, 0x08, 0xF6, 0x64, 0xCD, 0x27,
    0xF3, 0x25, 0x67, 0xE6, 0xDF, 0xE7, 0x31, 0xEF, 0x7C, 0x6B, 0xEF, 0x6A, 0x8A, 0xFB, 0xFA, 0x72,
    0xCC, 0xF3, 0x83, 0x77, 0xE6, 0x79, 0x9E, 0x99, 0xF3, 0x9C, 0x67, 0xFE, 0x73, 0xDE, 0x8A, 0x7D,
    0xC5, 0xAE, 0x22, 0x6A, 0xA2, 0x21, 0x0E, 0x23, 0xA2, 0x8C, 0xA8, 0x22, 0xEA, 0x88, 0x26, 0xC2,
    0x24, 0xB4, 0x09, 0x36, 0xC1, 0xC9, 0x11, 0xE1, 0x47, 0x3D, 0x86, 0x00, 0x06, 0x00, 0x7F, 0x0E,
    0x60, 0x05, 0xB0, 0x00, 0x45, 0x06, 0x2C, 0x3B, 0x90, 0xA9, 0x22, 0x67, 0xB3, 0x7E, 0x9D, 0xDB,
    0x87, 0x5F, 0x8C, 0xF6, 0x83, 0x04, 0x77, 0x57, 0x2D, 0xC2, 0xDF, 0x95, 0x8B, 0xEF, 0x89, 0xDD,
    0x7F, 0x7F, 0x74, 0xF7, 0xEF, 0x27, 0xCB, 0x07, 0xD1, 0x90, 0xA1, 0xE6, 0x0A, 0xF8, 0x4F, 0x01,
    0xD7, 0x1D, 0x0C, 0x00, 0xFC, 0x04, 0xD4, 0x64, 0x07, 0x4B, 0x06, 0xF8, 0xD3, 0x41, 0xC3, 0x3E,
    0x05, 0xB0, 0x83, 0x00, 0x07, 0x5C, 0xE6, 0x49, 0x07, 0x43, 0x8E, 0x68, 0xC9, 0xB0, 0x01, 0x5E,
    0x0C, 0x43, 0x2F, 0x58, 0x61, 0x51, 0x2E, 0xB0, 0x7D, 0xCB, 0x4F, 0x6D, 0x6F, 0xC9, 0x21, 0x38,
    0x92, 0xBD, 0x7B, 0x85, 0xEC, 0x5C, 0x7F, 0x65, 0x41, 0x33, 0xA3, 0x5E, 0xEA, 0x0C, 0x33, 0x57,
    0x0B, 0x6C, 0x2A, 0x57, 0xB8, 0xB1, 0x20, 0xD8, 0x83, 0x05, 0x81, 0xE1, 0xB9, 0x05, 0xF0, 0xAF,
    0xCF, 0x80, 0xFB, 0x28, 0x01, 0x96, 0x23, 0xD0, 0xB2, 0xD7, 0x90, 0xDC, 0xD0, 0x92, 0x2B, 0x2E,
    0xDF, 0x3C, 0xBB, 0x01, 0x34, 0x13, 0x00, 0x23, 0xB8, 0x76, 0xEB, 0xF4, 0x06, 0x1C, 0x99, 0x15,
    0x33, 0xBC, 0x02, 0x03, 0x40, 0xCD, 0x08, 0x0B, 0x0A, 0x39, 0x32, 0xCA, 0x8C, 0x4A, 0x8E, 0x59,
    0x8F, 0x7A, 0xC2, 0xAF, 0x8D, 0x76, 0x44, 0x1B, 0x60, 0x03, 0x9C, 0x1C, 0x3D, 0xF4, 0xE8, 0xE0,
    0x81, 0x61, 0xF7, 0x84, 0x72, 0x4B, 0x66, 0x81, 0x46, 0x01, 0x86, 0x5F, 0x2C, 0x00, 0xF1, 0x7B,
    0xDB, 0x94, 0x80, 0x50, 0x7C, 0x2A, 0xF0, 0xEC, 0x35, 0xF3, 0x49, 0x21, 0x51, 0x93, 0x5D, 0xD1,
    0xC4, 0x72, 0x85, 0x19, 0xB1, 0xEA, 0xE4, 0x66, 0xB4, 0x4B, 0x39, 0xC1, 0xF0, 0xF3, 0x1E, 0x15,
    0xB9, 0x5F, 0x71, 0x85, 0x01, 0x80, 0x1B, 0x05, 0x26, 0xA2, 0xD4, 0x84, 0xCC, 0x67, 0x43, 0xD0,
    0x60, 0x3D, 0x5A, 0xAE, 0x40, 0x31, 0x88, 0x7B, 0xFB, 0x05, 0x3B, 0xF7, 0x05, 0xE1, 0x3E, 0x16,
    0xFB, 0x39, 0xE1, 0x7F, 0xBE, 0x6A, 0x6A, 0x6F, 0x6C, 0xD1, 0xB0, 0xC0, 0xA2, 0x1A, 0xD1, 0xF4,
    0xE6, 0xFB, 0x7C, 0x2E, 0xFC, 0xAE, 0xE1, 0xCF, 0xE2, 0x75, 0xC7, 0x94, 0xAE, 0xFB, 0xE7, 0x62,
    0xFA, 0x31, 0x81, 0xF4, 0xAF, 0xAB, 0xE0, 0xED, 0x05, 0x8A, 0x12, 0xF1, 0x6D, 0xDE, 0x7A, 0x6F,
    0xFC, 0xF1, 0xC0, 0xBB, 0xE1, 0xBB, 0x8E, 0x75, 0x7F, 0xBD, 0x99, 0x0D, 0x5A, 0xE0, 0x25, 0x34,
    0xE3, 0x95, 0x09, 0x25, 0x35, 0x2B, 0x7B, 0xA6, 0xC1, 0xFB, 0x86, 0xA9, 0x7E, 0x71, 0xC6, 0x95,
    0xB9, 0xE1, 0xEC, 0x38, 0xF9, 0x2A, 0xBD, 0x5C, 0x25, 0x7F, 0x33, 0xB9, 0x2F, 0xA3, 0xF9, 0x30,
    0x02, 0xB8, 0x04, 0x83, 0xEB, 0xF0, 0xC5, 0x52, 0xB2, 0xC9, 0x6D, 0x76, 0xC9, 0x25, 0x06, 0xD7,
    0x13, 0xBE, 0x5B, 0xE0, 0xDF, 0x23, 0x5C, 0x1A, 0x82, 0x99, 0x6D, 0xAC, 0x72, 0x93, 0x30, 0x95,
    0x23, 0xAE, 0xA2, 0xBB, 0x7C, 0x72, 0xF2, 0x82, 0x4E, 0x9B, 0xD8, 0xA4, 0x06, 0xD4, 0x09, 0x68,
    0x0E, 0x66, 0xE2, 0xC1, 0x46, 0xCF, 0x34, 0x30, 0xCA, 0x41, 0x8E, 0xC5, 0xD0, 0x35, 0x5D, 0x7C,
    0x06, 0xDF, 0xF9, 0xC3, 0xF5, 0x99, 0x7F, 0xFE, 0xD5, 0x9F, 0xFE, 0xFD, 0x47, 0xBF, 0xFD, 0x0F,
    0xF9, 0x99, 0x7F, 0xF9, 0xDB, 0xEF, 0xFC, 0xC1, 0xE5, 0xB7, 0x7F, 0xA7, 0x0C, 0xF5, 0x82, 0xCB,
    0xEA, 0x33, 0x6D, 0x07, 0x86, 0xBE, 0xE6, 0xD4, 0x32, 0xBB, 0x5F, 0x2E, 0x0E, 0x2F, 0xBF, 0xAC,
    0xC7, 0xE2, 0xDE, 0xCC, 0x8E, 0xB3, 0xA1, 0x4C, 0x4C, 0x07, 0xF8, 0x0E, 0x02, 0x00, 0x18, 0x14,
    0x54, 0xAC, 0xD0, 0xD9, 0x61, 0x5F, 0x0B, 0xBA, 0x46, 0x51, 0xBC, 0xB8, 0x9C, 0x40, 0x6B, 0x48,
    0x30, 0x9F, 0x63, 0x12, 0x94, 0x7F, 0x87, 0x6D, 0x5C, 0x3B, 0x39, 0x79, 0xA2, 0x12, 0x75, 0xEA,
    0x19, 0xEC, 0xAD, 0x11, 0x8D, 0xD6, 0x18, 0xDE, 0xD5, 0xC2, 0x75, 0x3D, 0x06, 0x76, 0xEA, 0x54,
    0x22, 0x7C, 0x9E, 0x8A, 0x32, 0xE1, 0xF6, 0x88, 0xA1, 0xD7, 0x73, 0xEA, 0xF8, 0x54, 0x13, 0x1D,
    0x43, 0xB3, 0x00, 0x5D, 0x31, 0x55, 0x8B, 0xCC, 0x49, 0x74, 0xA1, 0x05, 0x00, 0x76, 0x6D, 0x12,
    0xD8, 0x08, 0xEA, 0xCA, 0xD9, 0x11, 0x24, 0x88, 0x0F, 0xD5, 0xB2, 0x61, 0xE8, 0xAB, 0x2C, 0xA8,
    0x33, 0xD8, 0xD5, 0xB9, 0x20, 0x9A, 0x5C, 0x11, 0x86, 0xB7, 0x14, 0xEB, 0x2A, 0x78, 0x28, 0xF8,
    0xE8, 0xEE, 0xA2, 0x45, 0x06, 0xD8, 0x73, 0x38, 0x85, 0x0B, 0x3B, 0x60, 0xC9, 0xAE, 0xA4, 0xC0,
    0x08, 0x60, 0x79, 0x36, 0xC0, 0x73, 0x1A, 0x30, 0x30, 0xAD, 0x20, 0xD3, 0xB2, 0xE3, 0xBF, 0x24,
    0x9E, 0xC2, 0xF3, 0x83, 0x0C, 0xCB, 0xF7, 0x67, 0x34, 0xBC, 0x3B, 0x01, 0xB7, 0x15, 0xF6, 0xD5,
    0x04, 0xB8, 0xD7, 0x14, 0x3F, 0x54, 0x34, 0x11, 0xF0, 0x26, 0x2A, 0x46, 0xE0, 0x5D, 0x13, 0x80,
    0xB5, 0x15, 0x2C, 0x56, 0x90, 0x6D, 0x8F, 0x22, 0xBB, 0x1E, 0xB8, 0x71, 0x0D, 0x68, 0xB3, 0xCD,
    0x76, 0x76, 0x93, 0x9B, 0xF0, 0x02, 0x8A, 0x88, 0x72, 0xD4, 0xC7, 0x09, 0xDB, 0xFD, 0x96, 0xED,
    0x1C, 0xB5, 0x9B, 0x14, 0x84, 0x59, 0xF5, 0xB8, 0xF4, 0x12, 0x70, 0x07, 0xC8, 0x7A, 0x60, 0xC6,
    0xD3, 0xAB, 0x9C, 0xD0, 0x61, 0x18, 0x6B, 0x4E, 0xE6, 0xB3, 0x6C, 0xBB, 0xFF, 0x70, 0x90, 0x63,
    0xF1, 0xC8, 0x4E, 0xFC, 0xBF, 0x39, 0xB5, 0x1C, 0xD5, 0x95, 0x8E, 0x2A, 0x34, 0x5A, 0x6D, 0x6D,
    0x40, 0x9D, 0x8D, 0x16, 0x7D, 0xBD, 0x00, 0x7C, 0x9F, 0x80, 0xEB, 0x05, 0xBE, 0x5F, 0x51, 0xF0,
    0x07, 0x0B, 0xEA, 0xB5, 0x9D, 0x61, 0x27, 0x3F, 0xC2, 0x05, 0x02, 0xCF, 0xE2, 0x2F, 0xB4, 0xE6,
    0xAF, 0x42, 0x2F, 0xD6, 0xE5, 0xED, 0x13, 0x6C, 0x8F, 0xBF, 0x4C, 0xF0, 0xD0, 0x8E, 0x9E, 0x95,
    0xE5, 0x24, 0x1C, 0xEB, 0x08, 0xD4, 0x41, 0xEF, 0xB4, 0x09, 0xAE, 0x03, 0x98, 0xDF, 0x05, 0x0A,
    0x66, 0x3C, 0x1A, 0xA8, 0x92, 0x9A, 0x11, 0x9A, 0xD1, 0x09, 0x6D, 0xFF, 0x6F, 0xFA, 0x8C, 0xCA,
    0x4F, 0x84, 0xB9, 0x7E, 0x75, 0x44, 0x39, 0x35, 0x9C, 0x50, 0x47, 0x23, 0x34, 0x41, 0x3C, 0xC1,
    0x01, 0x4D, 0x7F, 0x9C, 0xE8, 0x76, 0xD4, 0xE8, 0x9C, 0x00, 0xF3, 0x41, 0x9A, 0xA1, 0xAE, 0x84,
    0x1E, 0x65, 0x02, 0xB2, 0x86, 0x13, 0x57, 0x72, 0x55, 0x1D, 0x35, 0x4D, 0x13, 0x1A, 0x26, 0x38,
    0x18, 0xA1, 0x4E, 0x82, 0x46, 0x5F, 0xF5, 0x92, 0xEF, 0x3A, 0x8D, 0x8E, 0xEF, 0x69, 0xF4, 0x7A,
    0xD6, 0xE8, 0xCD, 0xA4, 0xD1, 0x71, 0x47, 0xA3, 0xE3, 0x25, 0xD7, 0xA1, 0x88, 0x77, 0x34, 0x3A,
    0x67, 0x00, 0xF0, 0xE3, 0x6F, 0x7A, 0xEF, 0x05, 0x83, 0x1A, 0x4A, 0x6A, 0x37, 0x55, 0xEB, 0xB0,
    0x8F, 0x6A, 0xD9, 0xEC, 0xE9, 0xAC, 0x77, 0x8B, 0x5A, 0xCC, 0x68, 0xF5, 0x4C, 0x80, 0x8B, 0x62,
    0xA3, 0x5A, 0xDD, 0xB9, 0x68, 0xA2, 0x3B, 0xF3, 0xB1, 0xA5, 0xBE, 0x1C, 0x09, 0x68, 0x9F, 0x05,
    0xD4, 0x4F, 0x1D, 0x04, 0x36, 0x0A, 0x34, 0xB7, 0xED, 0xB5, 0x51, 0x66, 0x01, 0x66, 0x1C, 0x46,
    0x4B, 0x81, 0x3B, 0xC7, 0xA0, 0xF1, 0x39, 0x74, 0x28, 0x56, 0x41, 0x95, 0x7D, 0x8F, 0x5A, 0x61,
    0x26, 0x1F, 0xC4, 0x89, 0x0B, 0xE2, 0x4E, 0xE0, 0x46, 0x81, 0xFF, 0x85, 0x0F, 0xA0, 0xF6, 0x33,
    0x45, 0x29, 0x88, 0x55, 0x86, 0x8B, 0x4D, 0x86, 0x8D, 0x66, 0x82, 0x4D, 0xAD, 0xCA, 0x01, 0x17,
    0x05, 0xD0, 0x52, 0xD3, 0x70, 0x1D, 0x34, 0xEB, 0xFD, 0x8D, 0xCB, 0x3D, 0xA1, 0x22, 0x5D, 0x78,
    0x42, 0x05, 0x01, 0xD4, 0xEC, 0x01, 0xC3, 0xF1, 0xF0, 0xC6, 0xA6, 0x36, 0xC5, 0x3B, 0x9A, 0xCC,
    0x55, 0x5C, 0x7C, 0x42, 0x80, 0xBE, 0xAC, 0xFE, 0x0C, 0x20, 0xB5, 0x78, 0x15, 0x57, 0xA5, 0xAD,
    0x02, 0x17, 0x9F, 0xCB, 0x70, 0x2F, 0x03, 0xBC, 0xAF, 0x78, 0x5D, 0xF1, 0xBC, 0xD6, 0xE0, 0xF3,
    0xF3, 0xB7, 0x91, 0xCB, 0x36, 0x0A, 0x75, 0xDF, 0x70, 0x04, 0x5A, 0xED, 0xC7, 0xB6, 0x12, 0xB8,
    0x2A, 0x02, 0xF6, 0x87, 0x23, 0x60, 0xD8, 0x03, 0xE5, 0x72, 0xE1, 0xA9, 0x39, 0x32, 0xA8, 0x7F,
    0x25, 0xC9, 0x5E, 0x22, 0x50, 0x5F, 0xB2, 0x99, 0x10, 0x9E, 0xAD, 0xC2, 0xE6, 0x74, 0x11, 0x9A,
    0x87, 0xCA, 0xF6, 0x93, 0xE5, 0x06, 0x60, 0xEF, 0x32, 0x03, 0x4E, 0x09, 0xFF, 0x9A, 0x92, 0x37,
    0x67, 0x08, 0x39, 0x01, 0x25, 0xA9, 0xCD, 0x44, 0xA9, 0xED, 0x5C, 0x68, 0xA6, 0xF6, 0xF4, 0x05,
    0x98, 0xD4, 0x32, 0xC1, 0x46, 0x2B, 0x74, 0xA3, 0x65, 0x04, 0xAE, 0x6C, 0xB2, 0x69, 0x06, 0xC8,
    0x15, 0x15, 0xDF, 0xA4, 0x5C, 0x01, 0x76, 0x66, 0xC6, 0xD0, 0xB7, 0x09, 0x37, 0xE0, 0x12, 0x00,
    0x17, 0xF7, 0x25, 0xE7, 0x15, 0x9B, 0xDC, 0x3D, 0x87, 0x0F, 0xE5, 0x1B, 0x02, 0xBD, 0xC7, 0x51,
    0x2E, 0xB4, 0x5F, 0x0D, 0x69, 0x53, 0xC8, 0xAA, 0xA6, 0x81, 0x41, 0x13, 0x6B, 0x3A, 0x81, 0xF9,
    0x47, 0x01, 0x32, 0x80, 0x1F, 0x29, 0x38, 0xEF, 0x0E, 0x75, 0xA9, 0xA0, 0x98, 0x04, 0xF5, 0x8C,
    0x83, 0xC0, 0x28, 0x96, 0x73, 0x35, 0xF2, 0x3D, 0x6C, 0xA3, 0xE4, 0xFE, 0x36, 0xAE, 0x04, 0xA8,
    0x96, 0x93, 0x93, 0xED, 0xDC, 0x5A, 0xD1, 0xCC, 0x3B, 0xCC, 0xD9, 0x89, 0xDC, 0x2D, 0x39, 0x2B,
    0x26, 0xB4, 0x0A, 0x1B, 0x81, 0x0D, 0xEE, 0xB1, 0xF7, 0xBC, 0xCC, 0xD6, 0x49, 0x07, 0x4F, 0x46,
    0x0C, 0x9A, 0x33, 0xC9, 0xA0, 0xD1, 0xA1, 0x6E, 0xC7, 0x83, 0xBC, 0x46, 0x1B, 0xF7, 0xD3, 0x35,
    0x21, 0xFC, 0xE4, 0xE2, 0x13, 0xF2, 0x8A, 0x6D, 0x5E, 0x27, 0xC0, 0x7C, 0x99, 0xF5, 0xEC, 0x15,
    0x68, 0x71, 0x5D, 0xFB, 0xE2, 0x85, 0x27, 0xA4, 0x2A, 0x1C, 0x2A, 0xC3, 0xE1, 0x3E, 0x56, 0x7C,
    0x42, 0x6C, 0x4A, 0x1C, 0x17, 0x9F, 0xCB, 0x76, 0xFF, 0x2F, 0x01, 0x28, 0x1E, 0x7D, 0x89, 0xB8,
    0x4E, 0x5D, 0x04, 0x0D, 0xD0, 0x63, 0x1B, 0xDC, 0x2F, 0xD9, 0x70, 0xC2, 0x9F, 0x76, 0x8F, 0x3E,
    0xEF, 0x50, 0x9C, 0xA3, 0x54, 0x2F, 0xD5, 0xAA, 0x58, 0x14, 0x7B, 0xD2, 0x8A, 0x3D, 0x69, 0x85,
    0x96, 0xC6, 0xE5, 0x5B, 0xB2, 0xB2, 0xAC, 0xE6, 0xEC, 0x0E, 0x48, 0xFB, 0xAB, 0x13, 0xD3, 0xEE,
    0x41, 0xAB, 0x1A, 0x26, 0xED, 0x09, 0xB5, 0xDD, 0x85, 0x27, 0xD4, 0x2A, 0x5C, 0x16, 0x70, 0x51,
    0x2F, 0xC4, 0xD6, 0xB5, 0xEA, 0x60, 0xA0, 0xE3, 0xA2, 0x13, 0x6A, 0xB2, 0x1F, 0x61, 0xB2, 0x36,
    0xCF, 0x79, 0xD8, 0x31, 0xB1, 0xFF, 0x36, 0x72, 0x21, 0xDF, 0x50, 0xA8, 0x92, 0xE6, 0x2A, 0x78,
    0x91, 0x9D, 0xF8, 0x64, 0xBF, 0x7F, 0x4C, 0x38, 0x6D, 0x6D, 0x3E, 0x38, 0xA6, 0x03, 0xF4, 0x43,
    0x2C, 0xB4, 0x67, 0x1D, 0x83, 0xF8, 0x64, 0x6F, 0x12, 0xF4, 0xA3, 0xA4, 0x20, 0xDA, 0x24, 0x79,
    0xD8, 0xA4, 0x8D, 0xFE, 0xD4, 0xCF, 0xEA, 0x3E, 0x2A, 0x7A, 0xC1, 0xBC, 0xB7, 0xB9, 0x92, 0x7F,
    0x03, 0x34, 0x64, 0x8F, 0x5A, 0x51, 0x6C, 0xAF, 0x9C, 0x7D, 0x88, 0x4B, 0x71, 0x34, 0x9A, 0x58,
    0x30, 0xB6, 0x63, 0xA9, 0xA8, 0x98, 0x6C, 0x10, 0xB8, 0x03, 0xBE, 0x9E, 0x5C, 0x5F, 0x7F, 0x39,
    0xFB, 0xAE, 0x79, 0x98, 0x15, 0x79, 0x80, 0xF9, 0x22, 0x13, 0x26, 0x2E, 0x8A, 0x75, 0x45, 0x3B,
    0x72, 0x85, 0x0D, 0xC3, 0x22, 0xF0, 0x19, 0x6E, 0x83, 0x13, 0xF4, 0x6E, 0x86, 0xEF, 0x04, 0xDB,
    0x28, 0xD3, 0xB9, 0xAE, 0x9B, 0xCF, 0x75, 0xDD, 0xB2, 0x2F, 0x26, 0x1D, 0x68, 0x56, 0x6D, 0xE1,
    0x4C, 0x28, 0xA9, 0x02, 0x72, 0xBD, 0xB9, 0xC0, 0xCC, 0x25, 0x61, 0xF5, 0x7E, 0x5D, 0x84, 0x60,
    0x14, 0xF8, 0xB1, 0x20, 0x86, 0x20, 0x60, 0x28, 0x15, 0x95, 0xA0, 0xAF, 0x0E, 0x8F, 0x51, 0x3F,
    0xC2, 0xF4, 0x41, 0x65, 0x39, 0xA5, 0x9D, 0xE0, 0x4E, 0x87, 0xB8, 0xED, 0xB2, 0x34, 0x5C, 0xB1,
    0xAB, 0xCD, 0x2D, 0x5C, 0xBF, 0x15, 0xEB, 0xDE, 0x6D, 0x3B, 0x81, 0x9E, 0x82, 0x3B, 0x17, 0x9F,
    0xD0, 0xD0, 0x1F, 0xB6, 0x3C, 0x1A, 0x26, 0xC0, 0xFE, 0xCF, 0x0C, 0xF8, 0x57, 0x16, 0xE0, 0x8F,
    0xF0, 0xCE, 0xFE, 0xD5, 0x73, 0xB1, 0x09, 0x75, 0x00, 0xDA, 0xE5, 0x4F, 0x00, 0xC7, 0xAC, 0x58,
    0x24, 0x8D, 0xA7, 0x23, 0x74, 0x5C, 0x6C, 0x2E, 0x7B, 0xD3, 0xD7, 0x7E, 0xEF, 0xEF, 0x0A, 0x86,
    0xBB, 0x8B, 0xE0, 0xDE, 0xF2, 0xAD, 0xE4, 0xD2, 0xE1, 0x6A, 0x11, 0x91, 0x9A, 0xB9, 0xCA, 0xF5,
    0xD2, 0xCE, 0x05, 0x87, 0xA8, 0x7A, 0x0D, 0x6E, 0x01, 0x9C, 0xAE, 0xEA, 0x15, 0xAA, 0x44, 0xEC,
    0x3C, 0x04, 0x37, 0xDA, 0xD8, 0x76, 0xA6, 0xBF, 0x84, 0x02, 0xFB, 0x82, 0xD4, 0x62, 0x57, 0x4F,
    0x2B, 0xF4, 0xB4, 0x0C, 0xF5, 0x9F, 0x00, 0xFF, 0x99, 0xB8, 0x01, 0x7B, 0xA7, 0x37, 0x80, 0x21,
    0xA1, 0x5A, 0x0B, 0x0A, 0x97, 0x8A, 0x93, 0xCA, 0xAA, 0x07, 0x09, 0x4D, 0xB6, 0x6F, 0x25, 0xED,
    0x62, 0xAD, 0x70, 0xCE, 0x56, 0x28, 0x8B, 0x33, 0xC2, 0x30, 0xBA, 0x51, 0x18, 0xB4, 0xBD, 0xE9,
    0xCD, 0xA1, 0x59, 0x54, 0x7C, 0xD6, 0xBC, 0xB9, 0x02, 0x66, 0x0F, 0x12, 0x01, 0x7F, 0x73, 0xED,
    0x76, 0x7D, 0x73, 0x49, 0xB1, 0x6B, 0xA1, 0x24, 0x68, 0xBE, 0x49, 0x0B, 0xD5, 0xDA, 0x92, 0x1A,
    0x7D, 0x2C, 0x8D, 0x6A, 0x35, 0x6D, 0x44, 0xDD, 0x86, 0x04, 0x42, 0xBB, 0x11, 0x6C, 0x52, 0xE8,
    0xC6, 0x9B, 0x1B, 0xAB, 0x45, 0x71, 0xDE, 0xCB, 0xEA, 0x03, 0x86, 0x7E, 0xBF, 0xDA, 0x87, 0x36,
    0x6D, 0xF7, 0xEC, 0x48, 0x4D, 0x9B, 0x40, 0xC1, 0x4F, 0xF1, 0xA4, 0x16, 0xB2, 0x4F, 0x68, 0xA1,
    0x8B, 0x4E, 0xC8, 0x07, 0xA0, 0x78, 0x52, 0x0B, 0xC1, 0xEE, 0x5A, 0xE8, 0x42, 0x13, 0xDA, 0xB5,
    0xD0, 0x43, 0x9E, 0x2F, 0x8B, 0x73, 0x2D, 0x74, 0xE1, 0xB9, 0xEC, 0xDF, 0xC8, 0x78, 0xA2, 0x83,
    0x56, 0x8F, 0x7D, 0x23, 0x0F, 0x41, 0x0E, 0x3F, 0x6A, 0x7D, 0xC7, 0x4A, 0x83, 0xD7, 0x0B, 0xDA,
    0x64, 0x66, 0x98, 0xC9, 0x26, 0x34, 0xB3, 0x1B, 0x51, 0xE7, 0xA1, 0xDF, 0x94, 0x42, 0xC9, 0x65,
    0xDF, 0x2D, 0x61, 0x52, 0xC4, 0x73, 0xFD, 0xDF, 0xEF, 0x78, 0x7C, 0x97, 0xBC, 0x50, 0x94, 0x8A,
    0xF3, 0x5F, 0x77, 0x9C, 0xE8, 0xAF, 0x9C, 0x50, 0x92, 0x8B, 0x82, 0x12, 0xA3, 0x64, 0xA7, 0x6B,
    0xBD, 0xAF, 0xB2, 0xA0, 0xDE, 0xD1, 0x35, 0xDA, 0x2E, 0xCC, 0x99, 0x2C, 0x1A, 0x5D, 0x33, 0x8A,
    0x84, 0x96, 0x6B, 0x87, 0x36, 0x9D, 0xD7, 0xE1, 0xAE, 0x11, 0x0F, 0x9B, 0xC3, 0x2D, 0x09, 0x78,
    0x32, 0x80, 0xB2, 0x75, 0x5C, 0x52, 0x9F, 0xE3, 0x0A, 0x3B, 0x5A, 0x7D, 0x17, 0xDA, 0x5C, 0x32,
    0xB8, 0x6C, 0xBF, 0xEA, 0xDA, 0xD9, 0x77, 0x30, 0x33, 0x05, 0x93, 0x3E, 0xBF, 0x34, 0xCC, 0xE2,
    0xD4, 0x51, 0xD0, 0x30, 0x88, 0xE7, 0x41, 0xE1, 0x82, 0x1B, 0x3B, 0xC1, 0xDD, 0xCF, 0x86, 0xDE,
    0xDD, 0x27, 0xE1, 0xEF, 0x71, 0x81, 0xEF, 0x07, 0x8D, 0xD7, 0x01, 0x75, 0xD8, 0xB2, 0x30, 0x69,
    0xDB, 0x18, 0x29, 0x67, 0x00, 0x13, 0xA0, 0xC3, 0xFF, 0x8C, 0x15, 0x1F, 0xAE, 0x86, 0x5F, 0x2D,
    0xED, 0x72, 0x6B, 0x71, 0xA9, 0xCE, 0x92, 0x4A, 0xD6, 0x79, 0xD4, 0x69, 0xA4, 0x5A, 0x27, 0xC1,
    0x3B, 0x9B, 0xD8, 0xFB, 0x34, 0xFC, 0xF7, 0x83, 0xE4, 0xF9, 0x4F, 0xC9, 0xD1, 0x46, 0x7D, 0xFA,
    0xDB, 0x3C, 0xB6, 0xDD, 0x36, 0x8B, 0xFA, 0x0C, 0xD7, 0x6D, 0x0A, 0x8B, 0x74, 0x1C, 0xFF, 0x05,
    0xB7, 0x9D, 0x8B, 0x96, 0x23, 0x74, 0xDF, 0x82, 0xD5, 0x8C, 0x77, 0xC4, 0xF9, 0x55, 0x74, 0xC7,
    0xF1, 0x0F, 0xC0, 0xC9, 0x46, 0x84, 0x4E, 0xB5, 0xE7, 0xBC, 0xEF, 0x42, 0x1C, 0xC5, 0x37, 0xEF,
    0x65, 0xF0, 0xF5, 0x83, 0x3D, 0x9F, 0x0B, 0x9A, 0xF9, 0x68, 0xBE, 0xF7, 0x8D, 0x82, 0x86, 0x23,
    0xDA, 0x57, 0x23, 0x6C, 0x95, 0xE0, 0xAA, 0x08, 0xDD, 0x23, 0x30, 0xEC, 0x51, 0x2E, 0xC7, 0x89,
    0x63, 0x7B, 0xDF, 0x17, 0x7C, 0xC8, 0x58, 0xF1, 0x6B, 0x4E, 0xF5, 0x29, 0x3F, 0x9C, 0xCA, 0x30,
    0x7C, 0x7F, 0x02, 0x86, 0x4A, 0xB0, 0x6A, 0x4F, 0x20, 0x83, 0x21, 0xCF, 0x60, 0xDF, 0xCB, 0x80,
    0x2B, 0x15, 0x55, 0x6E, 0x7A, 0xF7, 0x16, 0x6F, 0x07, 0xB7, 0x0E, 0xEC, 0x6D, 0x76, 0x44, 0x13,
    0x9B, 0x09, 0x78, 0x7A, 0x05, 0x06, 0x8E, 0x15, 0x99, 0x9A, 0xF5, 0xD6, 0x6C, 0xA6, 0x6A, 0xB4,
    0xFB, 0x0E, 0x9F, 0x5A, 0x00, 0x7C, 0x28, 0x3A, 0x1F, 0xAA, 0xE8, 0xA2, 0x49, 0xEE, 0xAB, 0x61,
    0x6C, 0xC9, 0xBE, 0xA6, 0x5E, 0x17, 0x81, 0xA7, 0x0E, 0x2B, 0xAA, 0x98, 0x81, 0xBF, 0x9A, 0x51,
    0x32, 0x6D, 0x65, 0xB7, 0xF7, 0xFE, 0x36, 0x01, 0x1A, 0xA7, 0x9A, 0x81, 0x22, 0x03, 0x78, 0xE7,
    0xD1, 0x5B, 0x7E, 0x60, 0x2A, 0xC9, 0xB9, 0x59, 0x6F, 0x66, 0x89, 0x9B, 0x6D, 0xD4, 0x67, 0x71,
    0x7B, 0x52, 0xF9, 0xEB, 0xC9, 0xCE, 0xAF, 0x7F, 0x0D, 0x8D, 0xED, 0x42, 0x1D, 0xDD, 0xE9, 0xED,
    0xD4, 0x92, 0xE3, 0xBE, 0xCB, 0xB8, 0xD5, 0xB9, 0xE9, 0xB6, 0xE0, 0x3E, 0x00, 0x3C, 0xE8, 0xD0,
    0xE9, 0x48, 0xFE, 0xD9, 0xA1, 0xD2, 0x25, 0xCE, 0x08, 0xF7, 0xAB, 0x09, 0x7C, 0x2E, 0xE3, 0x27,
    0x9B, 0xF3, 0x63, 0xF8, 0x57, 0xF9, 0xA3, 0xEA, 0xE7, 0xB1, 0x9A, 0x3C, 0x96, 0x6F, 0x1D, 0x4D,
    0xD8, 0x26, 0xAF, 0x3D, 0xF4, 0x19, 0x2D, 0x8E, 0x22, 0x42, 0x87, 0xE5, 0x24, 0x96, 0xE0, 0xC4,
    0xAE, 0xDD, 0x4E, 0xC0, 0xF9, 0x84, 0x87, 0x7D, 0xC2, 0x25, 0xFE, 0x2B, 0x09, 0xC3, 0x6B, 0x19,
    0xBC, 0x95, 0xC0, 0x61, 0x84, 0x0A, 0x23, 0xBF, 0x6C, 0xFE, 0xB0, 0x0B, 0x8A, 0xFD, 0xB9, 0x2F,
    0x9B, 0xFF, 0xF2, 0x48, 0xFE, 0xAB, 0x15, 0x68, 0xD8, 0xC1, 0x32, 0x60, 0x78, 0x2B, 0x96, 0x4B,
    0x93, 0x30, 0x95, 0x51, 0x7B, 0xCC, 0x31, 0xFC, 0x6F, 0x6B, 0xFF, 0xF9, 0x59, 0xD7, 0x7F, 0xC9,
    0x76, 0xAA, 0xA8, 0x45, 0x8A, 0x23, 0x3E, 0x1B, 0xBB, 0x3C, 0x0B, 0xE8, 0x12, 0x01, 0x38, 0x1D,
    0x34, 0x87, 0x79, 0x90, 0x81, 0xB2, 0x5A, 0x00, 0xFC, 0xF1, 0x0A, 0xD8, 0x99, 0xAA, 0x30, 0x87,
    0xAE, 0x22, 0xD9, 0x99, 0xB5, 0x62, 0xD7, 0x4E, 0x60, 0x6F, 0x13, 0xD8, 0xB9, 0xA8, 0x18, 0x8B,
    0x0D, 0xDB, 0xBB, 0xC8, 0xC5, 0x7A, 0x81, 0x3D, 0xBB, 0x3D, 0x6F, 0xEF, 0xB3, 0x8A, 0xEC, 0x01,
    0x3F, 0xEF, 0xFA, 0xDE, 0xAC, 0xAA, 0xEF, 0xA9, 0x59, 0x70, 0x55, 0x7D, 0x3F, 0xE1, 0xD1, 0xA8,
    0x96, 0x36, 0x0A, 0x7C, 0x16, 0xA8, 0xAA, 0x5D, 0x3F, 0x24, 0x6A, 0x16, 0x44, 0x93, 0x41, 0x98,
    0xB9, 0x10, 0x4C, 0x8A, 0x54, 0xAE, 0xFA, 0x31, 0xBA, 0x6C, 0xD0, 0xBF, 0x1B, 0xA1, 0x95, 0x07,
    0x37, 0x2A, 0x42, 0x33, 0x0B, 0xCC, 0xF4, 0xFF, 0xAF, 0x6E, 0xED, 0x2A, 0x5B, 0x45, 0x26, 0xB3,
    0xDC, 0x9E, 0xED, 0x79, 0x97, 0xAB, 0xF2, 0xA0, 0xD6, 0xD7, 0x62, 0x8D, 0x98, 0x99, 0x55, 0x92,
    0xA8, 0x3C, 0x57, 0x75, 0xAE, 0xE2, 0xBC, 0x18, 0xE2, 0x37, 0xAF, 0xEE, 0x23, 0xF8, 0xFF, 0xE6,
    0xD5, 0x7D, 0x04, 0xFF, 0x05, 0x20, 0x73, 0xF5, 0x23, 0x0C, 0xCC, 0x70, 0x62, 0x57, 0x6D, 0x3C,
    0x92, 0xEF, 0x6F, 0xE8, 0x1C, 0x47, 0xF0, 0xAD, 0x2B, 0xAF, 0x5E, 0xC4, 0x32, 0xD0, 0x88, 0x99,
    0x47, 0xAE, 0x2D, 0x99, 0xDD, 0xC1, 0xAE, 0xC9, 0x3F, 0xCF, 0xD0, 0xB1, 0xFF, 0x19, 0xE4, 0xD5,
    0xC2, 0x26, 0xEE, 0xF6, 0x91, 0xC4, 0xE5, 0xC7, 0x9B, 0xFA, 0x3A, 0x28, 0xAB, 0x5F, 0xB2, 0x2F,
    0x59, 0x32, 0x54, 0x4B, 0xCD, 0x50, 0xE7, 0x56, 0x02, 0x67, 0xEF, 0x43, 0x73, 0x96, 0x05, 0x4C,
    0x83, 0x20, 0xB0, 0xD7, 0xC2, 0x44, 0xA5, 0x9F, 0x3C, 0x0D, 0x99, 0xD1, 0x92, 0x51, 0xBF, 0x77,
    0x80, 0xDF, 0xC7, 0xA3, 0xD1, 0x1D, 0xEA, 0x6F, 0xEF, 0x6E, 0xF3, 0xA1, 0x3E, 0x66, 0xE8, 0xD0,
    0x3A, 0x36, 0xA9, 0x5A, 0xB5, 0x8A, 0x6D, 0xAA, 0xB2, 0x16, 0xB2, 0x94, 0xB0, 0x58, 0x33, 0x6B,
    0x15, 0x7B, 0x29, 0x62, 0xB5, 0xA1, 0x77, 0x12, 0x55, 0xDF, 0xB2, 0x4C, 0x8E, 0x0F, 0xA2, 0xA5,
    0x9E, 0xE1, 0xC6, 0xBD, 0xFE, 0x0E, 0x37, 0xD7, 0x9F, 0xD7, 0x5F, 0x31, 0x1D, 0xC7, 0x7F, 0x41,
    0xEC, 0xF5, 0x77, 0x50, 0x51, 0x5A, 0x7F, 0xAA, 0xA2, 0x8E, 0xE2, 0xFF, 0x89, 0xFA, 0x90, 0x8E,
    0x07, 0x1C, 0xC9, 0xF7, 0x36, 0xAA, 0x28, 0x68, 0x1E, 0xDF, 0x9F, 0xF4, 0x9D, 0xE0, 0xD9, 0xFD,
    0x84, 0xFC, 0xD8, 0xBF, 0xE9, 0x0A, 0x3D, 0x7F, 0xEF, 0x34, 0x53, 0xB9, 0x6A, 0x2A, 0x8A, 0xAD,
    0xDD, 0x64, 0x41, 0xA3, 0x68, 0x05, 0x67, 0xFF, 0xAE, 0x6D, 0xEE, 0xF3, 0x19, 0x0D, 0xFF, 0x73,
    0x42, 0xB1, 0x9A, 0xC3, 0x5E, 0xE4, 0x25, 0xAD, 0xB8, 0xF6, 0xA7, 0x0C, 0xF0, 0x64, 0xA7, 0xFD,
    0x6E, 0xFB, 0x2F, 0xE2, 0x89, 0x3F, 0xE0, 0xFD, 0xAF, 0x7D, 0x65, 0xFC, 0x60, 0x11, 0xB4, 0xEC,
    0x40, 0xC7, 0x50, 0xF0, 0x94, 0x41, 0x25, 0xFD, 0xB8, 0x0B, 0x7D, 0x41, 0x3E, 0xE0, 0xFC, 0xAB,
    0x89, 0x7D, 0x93, 0x0B, 0x6D, 0xCD, 0x37, 0x09, 0xF3, 0x25, 0x17, 0x98, 0x87, 0x9C, 0xD0, 0xA6,
    0xA1, 0x17, 0xFC, 0x5F, 0xDB, 0xCC, 0x0A, 0xB4, 0x13, 0xF5, 0x1C, 0x81, 0x4D, 0x8F, 0xED, 0x76,
    0x03, 0xDF, 0xCA, 0xC3, 0xF9, 0x5F, 0xC5, 0x9B, 0x31, 0xAC, 0xE4, 0xC6, 0x79, 0xC7, 0xFF, 0x24,
    0xA5, 0x30, 0x09, 0x03, 0x8C, 0x9A, 0x03, 0x02, 0x08, 0x31, 0x9B, 0xB4, 0x12, 0x7B, 0x20, 0xF2,
    0x30, 0x56, 0x11, 0x04, 0x2E, 0xEC, 0xE2, 0x16, 0x32, 0xA0, 0xE2, 0xDC, 0x37, 0xD7, 0x06, 0xC8,
    0x59, 0xA4, 0x9C, 0xC2, 0x45, 0x8A, 0x1C, 0x90, 0x28, 0x29, 0x54, 0xA8, 0x49, 0xAF, 0x56, 0x40,
    0x74, 0x47, 0xCA, 0x2A, 0x54, 0xA8, 0x10, 0xE5, 0x40, 0x51, 0xA1, 0xC2, 0x94, 0x23, 0x49, 0x85,
    0x8B, 0x1B, 0x29, 0x7C, 0x30, 0x5F, 0x34, 0xE4, 0xE7, 0xEF, 0xCF, 0x59, 0xEE, 0xBE, 0xD5, 0xBB,
    0x7B, 0x7A, 0x67, 0xAF, 0x56, 0xF3, 0x30, 0x3F, 0xE0, 0xF6, 0x76, 0x39, 0xDF, 0xFF, 0x1B, 0xEE,
    0x37, 0xDF, 0x7C, 0x9C, 0x05, 0x9E, 0xDC, 0xFC, 0x18, 0xB0, 0xE2, 0x76, 0xE8, 0xF1, 0xF5, 0x96,
    0x8B, 0xC2, 0xEE, 0xD0, 0x48, 0x09, 0x48, 0x53, 0x22, 0x9A, 0x15, 0x89, 0xAF, 0x6A, 0xA4, 0x84,
    0x19, 0xAA, 0x16, 0xC6, 0xD9, 0x16, 0x45, 0xAF, 0xB0, 0x9D, 0xA2, 0xFA, 0x40, 0x5F, 0x13, 0x91,
    0x2E, 0x22, 0x62, 0x45, 0x9F, 0x78, 0xD8, 0x3E, 0xF3, 0x28, 0x7A, 0x33, 0xA0, 0x70, 0xB9, 0x43,
    0xEE, 0x6C, 0xAF, 0xA0, 0x29, 0x34, 0x82, 0xFD, 0x92, 0x1D, 0xD5, 0xFB, 0x92, 0xC8, 0x97, 0xB3,
    0x91, 0xFF, 0x9F, 0xF2, 0xE9, 0xD6, 0x64, 0x5D, 0xEA, 0x6D, 0xA7, 0x63, 0xB7, 0xA9, 0x6F, 0xEA,
    0x6C, 0x14, 0xF6, 0xD2, 0x0C, 0x52, 0x16, 0x4E, 0xEA, 0xCA, 0x35, 0x9F, 0x3D, 0x70, 0x95, 0xBC,
    0xEE, 0xAC, 0x14, 0x7D, 0x36, 0xDA, 0x0E, 0x78, 0x02, 0x4F, 0x01, 0x77, 0xF0, 0x26, 0x70, 0x3F,
    0xF2, 0x80, 0x7D, 0x75, 0x00, 0x0A, 0x2A, 0x36, 0xD2, 0x02, 0xF1, 0x7C, 0x6A, 0xB1, 0xB4, 0x87,
    0xE6, 0xDC, 0x8F, 0x3D, 0x2A, 0x35, 0x86, 0x82, 0x69, 0x4A, 0x3C, 0x1F, 0x45, 0xF0, 0x55, 0x42,
    0xAA, 0x55, 0xC8, 0xF8, 0x10, 0x21, 0x2D, 0x85, 0x88, 0x5C, 0x14, 0x32, 0x6F, 0x2A, 0x0A, 0xE1,
    0x85, 0x1F, 0x22, 0x04, 0xC8, 0x3A, 0xC5, 0xF7, 0xB5, 0xC3, 0x2F, 0xF8, 0xA9, 0x42, 0x46, 0x45,
    0xD1, 0xFF, 0x81, 0x32, 0xFA, 0x0B, 0x32, 0xC2, 0x65, 0x63, 0x07, 0x24, 0x67, 0x35, 0x62, 0x4E,
    0x59, 0x53, 0x03, 0x11, 0xB4, 0xA5, 0x9D, 0xC2, 0x0C, 0x8A, 0xBC, 0xA7, 0xD0, 0x96, 0x42, 0x01,
    0x4E, 0xF4, 0xB6, 0xFD, 0x89, 0xDC, 0x05, 0x0A, 0x5A, 0x23, 0x32, 0x23, 0x91, 0xFF, 0x10, 0xA4,
    0x1E, 0x3A, 0xE4, 0xA8, 0x57, 0xC9, 0x1D, 0x6E, 0xC2, 0x52, 0x82, 0xED, 0x89, 0x4E, 0x51, 0x2D,
    0x58, 0x2E, 0xB4, 0x43, 0xD5, 0x46, 0x77, 0x15, 0x9C, 0xCC, 0xCE, 0x8C, 0x28, 0xCE, 0x2B, 0x07,
    0x23, 0xD2, 0x21, 0x15, 0x7A, 0xB5, 0xA1, 0x01, 0x78, 0x82, 0xA6, 0x94, 0xE1, 0x2A, 0xEA, 0x57,
    0x08, 0x10, 0x7B, 0x20, 0x1A, 0xB0, 0xB4, 0xA7, 0x67, 0xCE, 0x41, 0x97, 0x88, 0xB8, 0x6C, 0xBE,
    0x35, 0x9A, 0x21, 0xE9, 0x0B, 0x17, 0xF1, 0xDD, 0xA1, 0xB7, 0x1C, 0x86, 0x3D, 0xE9, 0x75, 0x90,
    0xC1, 0x9E, 0x57, 0x7D, 0x2E, 0x52, 0xA7, 0xC2, 0xCF, 0xF5, 0xAB, 0x4D, 0x42, 0x37, 0xC8, 0x00,
    0x98, 0xDF, 0x79, 0x7E, 0x68, 0xA6, 0x83, 0xFE, 0x86, 0x83, 0x9F, 0x5E, 0xB0, 0xD0, 0x94, 0x16,
    0x46, 0x7A, 0xD8, 0x5F, 0x3B, 0x48, 0xE2, 0xD5, 0xED, 0xBC, 0xF6, 0x31, 0x05, 0x37, 0x84, 0x2C,
    0xA8, 0x57, 0x9C, 0x5E, 0x6B, 0xC4, 0xC9, 0xDC, 0xF6, 0x84, 0x7D, 0xC6, 0xD1, 0x74, 0x46, 0x9C,
    0xBC, 0xAC, 0x7C, 0x16, 0xC8, 0xBB, 0xA6, 0xD4, 0x89, 0x9D, 0xB6, 0x53, 0x1C, 0x4B, 0xF7, 0xDD,
    0x29, 0x66, 0x78, 0x7A, 0x06, 0x6F, 0xA0, 0xFA, 0xC1, 0x04, 0xFB, 0xD1, 0x00, 0xB3, 0xFC, 0x77,
    0x7D, 0x4C, 0xE5, 0xA1, 0xE5, 0x78, 0x0E, 0xB0, 0x6F, 0x09, 0x90, 0x7F, 0xEE, 0x81, 0x2C, 0xDC,
    0xE1, 0x6D, 0xF0, 0xF9, 0x85, 0x26, 0x72, 0x97, 0x18, 0x11, 0xA9, 0x72, 0xC5, 0x0B, 0x52, 0xC6,
    0x33, 0xA4, 0x4E, 0x26, 0x1D, 0x40, 0x61, 0xA9, 0xA7, 0x0A, 0x48, 0x89, 0x6C, 0x44, 0x43, 0x48,
    0x6B, 0x06, 0x48, 0x4D, 0x94, 0xC6, 0x45, 0x82, 0xDC, 0xA9, 0x88, 0xC2, 0x31, 0x2A, 0x9F, 0x55,
    0x23, 0xAC, 0x48, 0x4F, 0xD4, 0x8A, 0x11, 0xDA, 0xE2, 0xC9, 0xD6, 0x60, 0x84, 0x04, 0xF9, 0xD2,
    0xC2, 0x37, 0x95, 0xE9, 0xE8, 0x95, 0xD9, 0x38, 0x00, 0x4D, 0xA6, 0x48, 0xE4, 0x3D, 0x65, 0x26,
    0x0F, 0x1C, 0x60, 0xA6, 0x4A, 0x59, 0xB8, 0x42, 0x69, 0xFB, 0xA2, 0x57, 0x76, 0x45, 0x47, 0xED,
    0x36, 0xB0, 0xDD, 0xB3, 0x59, 0xC8, 0x79, 0xB5, 0x9F, 0x4B, 0xA9, 0x9C, 0xC9, 0xDC, 0x0B, 0xC7,
    0x70, 0xF2, 0x18, 0x62, 0xAD, 0xB8, 0x2D, 0x2A, 0x71, 0x4D, 0x9B, 0x9F, 0x97, 0xAB, 0x58, 0x07,
    0x29, 0xF3, 0x6B, 0x88, 0x0D, 0x33, 0xD4, 0xD0, 0xE9, 0xB2, 0xC3, 0x86, 0xF6, 0x40, 0x96, 0x35,
    0x08, 0x8C, 0xDE, 0xD0, 0xF0, 0x3D, 0x83, 0xF1, 0x1B, 0x0C, 0xE0, 0xAA, 0x6D, 0x75, 0x33, 0x63,
    0x38, 0x84, 0x60, 0x14, 0x57, 0x14, 0x1C, 0xBE, 0x72, 0x68, 0x3E, 0x13, 0x87, 0x8A, 0xBE, 0x61,
    0x28, 0x47, 0x88, 0xE5, 0xD1, 0xE6, 0x26, 0x60, 0xC4, 0x5F, 0xC4, 0x61, 0xE3, 0xA2, 0x59, 0x2E,
    0x48, 0x14, 0x48, 0xA6, 0xCD, 0x06, 0x89, 0xA7, 0x63, 0x82, 0xEF, 0x57, 0x98, 0x73, 0xCD, 0x15,
    0x8C, 0xC8, 0x48, 0x0C, 0xC8, 0x09, 0x7A, 0x3D, 0xC0, 0x76, 0x3B, 0xB4, 0x94, 0xF8, 0xC1, 0xA6,
    0x44, 0x45, 0xE5, 0x8D, 0x48, 0x07, 0x11, 0x69, 0x43, 0xDE, 0x53, 0xF0, 0x53, 0xDB, 0x84, 0xE3,
    0x62, 0xCB, 0xE6, 0x92, 0x3E, 0x89, 0x45, 0xC6, 0x6C, 0x7E, 0xD1, 0x9B, 0x21, 0xF1, 0x45, 0xCF,
    0x85, 0xEB, 0xF6, 0x40, 0x07, 0x56, 0x22, 0x65, 0x35, 0xFF, 0x1B, 0xBF, 0x47, 0xA5, 0x6D, 0xD3,
    0xDE, 0x9E, 0xDD, 0x76, 0xB9, 0x48, 0x97, 0x8A, 0x00, 0xCD, 0x27, 0xDB, 0xAF, 0x74, 0x8E, 0xA2,
    0x44, 0xDE, 0x56, 0x80, 0xF9, 0x6C, 0x06, 0x32, 0x8A, 0x4D, 0x96, 0x81, 0x9A, 0xFA, 0xD4, 0x62,
    0xF9, 0x6D, 0xFE, 0x99, 0xFE, 0x55, 0x98, 0x60, 0x3F, 0x1C, 0x91, 0x8B, 0x43, 0x26, 0x1D, 0xA2,
    0xF9, 0x38, 0x82, 0xAF, 0x8A, 0xD5, 0xA7, 0xD6, 0x1A, 0x49, 0x79, 0x18, 0xAF, 0xE7, 0xA3, 0x4D,
    0xEC, 0x75, 0x44, 0x0C, 0xC0, 0xDE, 0xFE, 0x80, 0xFC, 0x4C, 0x35, 0x3D, 0x9E, 0x08, 0x14, 0xA5,
    0x82, 0x17, 0x4C, 0x1C, 0xF1, 0x45, 0xAD, 0x90, 0x3E, 0xDC, 0x3C, 0x7F, 0x84, 0x8C, 0x12, 0xCD,
    0x08, 0xC4, 0xDD, 0x36, 0x55, 0x81, 0xF6, 0x9F, 0x00, 0x85, 0xD0, 0xFA, 0xEB, 0x2F, 0x45, 0xA7,
    0xBF, 0x79, 0x9F, 0xC5, 0x1D, 0x54, 0x3F, 0x9F, 0x50, 0x7C, 0xC4, 0xEB, 0xF4, 0x5C, 0x8A, 0xD6,
    0x4C, 0xF9, 0x78, 0x37, 0x70, 0x44, 0x07, 0xA7, 0xD4, 0x9B, 0x2F, 0xD9, 0xD5, 0x5B, 0x33, 0x38,
    0x70, 0xB0, 0x60, 0x5D, 0x7F, 0x19, 0xB6, 0x65, 0x40, 0x24, 0xE2, 0x91, 0xC8, 0x8B, 0x33, 0x32,
    0x1F, 0x09, 0xCC, 0x80, 0x19, 0xC5, 0xD7, 0x97, 0x5E, 0x99, 0xD0, 0xB4, 0xC4, 0x5B, 0xE2, 0xD1,
    0xB4, 0x2F, 0x10, 0xC9, 0x82, 0xED, 0xDA, 0x54, 0x75, 0x66, 0x80, 0x3D, 0xAB, 0x1C, 0x0A, 0xF9,
    0x2D, 0x17, 0xE1, 0xF7, 0x9C, 0xCA, 0x32, 0xEE, 0xD0, 0xA0, 0x83, 0x74, 0xAF, 0x38, 0x34, 0x28,
    0x67, 0xFA, 0x2E, 0x53, 0x53, 0xAB, 0xF4, 0xA6, 0x4E, 0xB9, 0x52, 0x98, 0xAD, 0x41, 0x82, 0x65,
    0x05, 0x28, 0x5C, 0xA4, 0xA6, 0xF5, 0xEA, 0x2D, 0xDB, 0x27, 0x93, 0x22, 0x9D, 0x50, 0x38, 0xE3,
    0x91, 0x9F, 0xFF, 0xA3, 0x87, 0x11, 0xBD, 0x72, 0x26, 0xEF, 0x8E, 0x88, 0x66, 0xB3, 0xDC, 0xBB,
    0x2E, 0xCC, 0x4D, 0xFE, 0x8A, 0xB4, 0xA8, 0xC2, 0x4A, 0x31, 0x51, 0x78, 0x8F, 0xED, 0x0D, 0x52,
    0xC0, 0x2A, 0xEA, 0x06, 0xC8, 0x3F, 0x9B, 0x00, 0x23, 0xE3, 0x2E, 0xB0, 0x95, 0xA7, 0x76, 0xD3,
    0x1A, 0x69, 0x69, 0xD0, 0x12, 0x69, 0xA7, 0xCB, 0x91, 0xF6, 0xF4, 0x6E, 0xBA, 0x14, 0x09, 0xCB,
    0x10, 0x96, 0xD8, 0x4E, 0xED, 0xA1, 0x60, 0xCB, 0x65, 0x83, 0xD8, 0x4E, 0xEF, 0x9C, 0x93, 0x2A,
    0xC7, 0x61, 0x6C, 0x29, 0xD7, 0xCD, 0xE1, 0x44, 0x78, 0xEC, 0xF6, 0x66, 0x49, 0xAF, 0x48, 0x09,
    0xD3, 0x29, 0xF2, 0x76, 0xF7, 0x91, 0xEF, 0xDA, 0x57, 0x61, 0x7F, 0x6D, 0xBD, 0x82, 0x2F, 0x26,
    0x93, 0x20, 0xEC, 0xD5, 0xD3, 0xD6, 0xE0, 0x42, 0x5B, 0x46, 0x55, 0xF4, 0x0A, 0xDB, 0x71, 0xE8,
    0x2E, 0x51, 0xB4, 0x6B, 0xBE, 0xA8, 0xF0, 0x50, 0x73, 0xA7, 0x8D, 0x94, 0x99, 0x48, 0x00, 0xCC,
    0x02, 0x17, 0x2F, 0x98, 0xD7, 0x54, 0x31, 0x51, 0x73, 0xFB, 0x65, 0x6F, 0x90, 0xAE, 0x58, 0xFC,
    0xDC, 0x9A, 0x71, 0x3B, 0x35, 0xE2, 0x80, 0x58, 0x98, 0xAC, 0x6B, 0x56, 0x88, 0xA2, 0x6B, 0x00,
    0x53, 0x3E, 0xB3, 0xB3, 0xA5, 0xDC, 0x81, 0x2E, 0xDE, 0x21, 0x9E, 0x89, 0x29, 0xEF, 0x55, 0x46,
    0xE5, 0x15, 0xDC, 0xC0, 0xCC, 0x1F, 0x0A, 0x52, 0x89, 0x04, 0x99, 0x87, 0x62, 0x5C, 0x3C, 0x49,
    0xD0, 0x20, 0x43, 0x5B, 0xF2, 0xD5, 0x20, 0xC5, 0x45, 0x83, 0x14, 0x66, 0xD8, 0x29, 0xB7, 0x3D,
    0xC5, 0xF8, 0x05, 0xB9, 0x62, 0x4C, 0xE7, 0x4D, 0xD3, 0x51, 0x74, 0x9B, 0x1E, 0x2A, 0x37, 0x0F,
    0x57, 0x3E, 0x5D, 0xAD, 0x3C, 0x28, 0xCA, 0x84, 0xFE, 0x5F, 0xA1, 0x73, 0x74, 0x73, 0x2B, 0x2B,
    0x39, 0x94, 0x95, 0x1E, 0xCA, 0x32, 0x8F, 0x2F, 0x6B, 0x89, 0xEF, 0xB1, 0xFC, 0xFB, 0x32, 0x66,
    0x8D, 0x94, 0x88, 0xE2, 0xE9, 0x60, 0xCE, 0xD7, 0x15, 0x32, 0x60, 0x23, 0xAF, 0x94, 0x8F, 0xF6,
    0x7B, 0xB2, 0x60, 0x22, 0xBC, 0x22, 0x3D, 0x5C, 0xA8, 0x0D, 0xC1, 0x61, 0x9F, 0xBC, 0x75, 0xC6,
    0xAC, 0x58, 0x06, 0xD8, 0x2D, 0x5C, 0xA8, 0xB4, 0x54, 0x9F, 0xDE, 0x8D, 0xF8, 0x0F, 0x76, 0x54,
    0x35, 0x42, 0x3B, 0x48, 0xA0, 0x6F, 0xDC, 0x76, 0x50, 0x31, 0xFB, 0xBD, 0x1F, 0x7B, 0xD5, 0x96,
    0x68, 0x5E, 0x76, 0x68, 0x7E, 0xE1, 0x21, 0xB7, 0x1C, 0xA4, 0xE9, 0x96, 0x4A, 0x54, 0x35, 0x6D,
    0x4B, 0x36, 0x9B, 0x0D, 0x75, 0x0A, 0x90, 0xAC, 0x58, 0xDB, 0xC9, 0x75, 0xDE, 0x58, 0x72, 0x8F,
    0x5E, 0x3B, 0x6D, 0xEC, 0xC0, 0x76, 0x34, 0x9D, 0x65, 0x04, 0xA4, 0x6D, 0xD6, 0x21, 0x75, 0x79,
    0x8B, 0xE4, 0xBC, 0xA9, 0x83, 0x6C, 0x88, 0x07, 0x2F, 0x77, 0x6A, 0xB1, 0x4F, 0xA1, 0xC4, 0xA8,
    0x7F, 0x13, 0xE3, 0xE8, 0x2D, 0x2A, 0xEB, 0x90, 0xF3, 0x4E, 0x9B, 0x8E, 0x21, 0xF8, 0x84, 0x42,
    0x90, 0xB5, 0x8F, 0xAE, 0x3E, 0x22, 0xF2, 0xE1, 0xEA, 0x29, 0xFB, 0x04, 0xC4, 0xE3, 0x1F, 0x2A,
    0xAF, 0x45, 0x23, 0x08, 0xF2, 0x06, 0x20, 0xEA, 0x80, 0xAC, 0x06, 0x0A, 0x68, 0xFF, 0xFB, 0x50,
    0x6C, 0x4D, 0xC7, 0x35, 0x60, 0x17, 0x84, 0x5D, 0xD0, 0x07, 0x9C, 0xFE, 0x7E, 0xFE, 0x63, 0xA7,
    0x90, 0xA3, 0x36, 0xB5, 0x42, 0x6A, 0x1D, 0x5A, 0xCA, 0x54, 0xA1, 0x43, 0x47, 0x6B, 0x94, 0x1E,
    0x19, 0xC9, 0x86, 0x64, 0x1F, 0xCE, 0xBC, 0x22, 0xF5, 0xAA, 0xFD, 0xB2, 0x7D, 0x45, 0x6B, 0x9C,
    0x0E, 0x57, 0x38, 0xD8, 0x33, 0x1D, 0xA4, 0xA0, 0xEE, 0x4C, 0x66, 0x20, 0x0A, 0xB9, 0x77, 0x59,
    0xB4, 0x90, 0xB6, 0xEA, 0x15, 0x8D, 0xA2, 0x6E, 0x3A, 0xDC, 0x87, 0xAD, 0x81, 0xE0, 0x06, 0x29,
    0x69, 0x06, 0x3D, 0x40, 0x44, 0x34, 0x23, 0x9E, 0x03, 0xB2, 0x31, 0x99, 0x68, 0x86, 0xDF, 0x82,
    0x83, 0xE7, 0x01, 0xBB, 0x62, 0x35, 0x61, 0x3B, 0xE3, 0x54, 0x34, 0x67, 0xE7, 0x4F, 0x89, 0x97,
    0xE8, 0x0C, 0xA9, 0x3A, 0xA0, 0x92, 0x16, 0x28, 0xA4, 0x5C, 0xE6, 0x6F, 0x35, 0xBC, 0x98, 0x14,
    0x8D, 0x70, 0xF4, 0xA5, 0x4E, 0x9E, 0x77, 0x48, 0x3A, 0xCE, 0x77, 0x19, 0x21, 0x34, 0x43, 0x0D,
    0x39, 0xA1, 0x6A, 0x6A, 0xAD, 0x26, 0x3C, 0x64, 0xD9, 0x8B, 0xF7, 0xD3, 0x38, 0x5D, 0x9E, 0xC6,
    0x4C, 0x51, 0xAE, 0x01, 0xDF, 0x76, 0xF9, 0xE2, 0x9C, 0x3E, 0x5C, 0x33, 0x15, 0xC1, 0xB2, 0x31,
    0x59, 0xDF, 0x6C, 0x44, 0x61, 0xA5, 0xA4, 0xD1, 0x2D, 0x12, 0x6F, 0x7A, 0x44, 0x2E, 0x69, 0x81,
    0x72, 0x7F, 0x5B, 0x39, 0xA2, 0xDF, 0x62, 0x53, 0x85, 0xC4, 0x67, 0x45, 0x45, 0x34, 0xF5, 0x8A,
    0x47, 0x58, 0xFB, 0x67, 0xB4, 0xD6, 0xD2, 0xD0, 0xE6, 0x6D, 0x85, 0xFD, 0x5F, 0x0F, 0xE4, 0x5F,
    0x29, 0x32, 0x19, 0x0E, 0x72, 0x6A, 0x66, 0x3D, 0x10, 0xD8, 0x41, 0xD1, 0x74, 0x91, 0x44, 0x52,
    0xC7, 0x92, 0x08, 0x33, 0x2F, 0xAE, 0x81, 0xC5, 0xA0, 0xA8, 0x3A, 0x45, 0x58, 0xBC, 0x78, 0x01,
    0x29, 0x89, 0x3A, 0x78, 0xCE, 0xD0, 0xF7, 0xC6, 0x5B, 0x87, 0xDC, 0x15, 0x84, 0xE1, 0x6C, 0x65,
    0x3E, 0xA4, 0x4B, 0xB6, 0x4B, 0x04, 0xB6, 0x8D, 0x05, 0xA1, 0x15, 0xEE, 0x72, 0x26, 0x57, 0x69,
    0xC7, 0x3D, 0xC2, 0x7F, 0x63, 0xD6, 0x91, 0x4C, 0xD9, 0x62, 0xD0, 0xA4, 0x10, 0x59, 0x97, 0x67,
    0xEC, 0x96, 0xE7, 0x98, 0xF7, 0x50, 0x36, 0xC2, 0xB8, 0xA6, 0x0B, 0xBB, 0xDE, 0xFC, 0xFF, 0x14,
    0xC5, 0x6F, 0xC4, 0xA8, 0x55, 0xC2, 0x22, 0x9E, 0xD0, 0xA0, 0xCA, 0x2B, 0x96, 0x70, 0x8E, 0x03,
    0x97, 0x8A, 0x76, 0xCC, 0x1C, 0xD2, 0x13, 0x23, 0xC7, 0x75, 0x61, 0xC6, 0x99, 0xAD, 0xC6, 0xBC,
    0x6D, 0x75, 0xA8, 0xD4, 0xAB, 0x90, 0x6C, 0x6C, 0x5A, 0x4D, 0x9C, 0x64, 0x57, 0x03, 0x9B, 0x08,
    0x01, 0x72, 0x7A, 0x28, 0x1F, 0x79, 0x47, 0xF5, 0x55, 0xA7, 0x72, 0xAD, 0x53, 0xE4, 0x03, 0x6F,
    0x90, 0xA5, 0xDA, 0x36, 0x85, 0xA5, 0x38, 0xE9, 0xC2, 0x77, 0x3E, 0xEF, 0x83, 0x3B, 0x1A, 0x00,
    0x3F, 0x43, 0x68, 0x72, 0xA1, 0x54, 0x3D, 0x73, 0xFC, 0x6D, 0xF7, 0xE1, 0x36, 0xCA, 0xD8, 0x47,
    0xC0, 0xB0, 0x0F, 0x21, 0xF7, 0xCC, 0xD9, 0xD7, 0xE8, 0xC0, 0xFE, 0xE9, 0xE6, 0xC7, 0x8C, 0x1F,
    0x55, 0xE8, 0x7D, 0x48, 0x45, 0xDE, 0xD0, 0x2E, 0xE1, 0x62, 0x29, 0x3F, 0xDC, 0x73, 0x35, 0x83,
    0x95, 0x5E, 0x7B, 0x58, 0x31, 0x6F, 0xD0, 0x1D, 0x6B, 0xA7, 0x57, 0xA4, 0x64, 0xDF, 0xDB, 0x34,
    0x87, 0xBE, 0xB7, 0xC7, 0x68, 0xB7, 0xED, 0xF2, 0x0C, 0xE8, 0xAB, 0x19, 0x99, 0x8C, 0xA1, 0xC2,
    0x31, 0x7F, 0x5B, 0x3A, 0xC2, 0x36, 0x68, 0xB5, 0x09, 0x53, 0x98, 0xAE, 0x98, 0x37, 0xB6, 0xC3,
    0xB7, 0xA7, 0x65, 0x1B, 0xC5, 0xF9, 0xBE, 0x64, 0x04, 0x52, 0x07, 0x64, 0x3D, 0x60, 0x5A, 0xED,
    0x35, 0xB0, 0x53, 0x25, 0xD9, 0x10, 0x09, 0x73, 0x52, 0xD3, 0xC7, 0xB3, 0x69, 0x93, 0x29, 0xAF,
    0x8F, 0xA0, 0x59, 0x4A, 0x2B, 0x1F, 0x0B, 0xAC, 0xFC, 0x66, 0x42, 0x25, 0xBF, 0xF2, 0xAA, 0xED,
    0xED, 0x11, 0xA8, 0xDE, 0x76, 0x44, 0x7F, 0x45, 0x38, 0x98, 0x03, 0x0E, 0xE3, 0x96, 0x21, 0x6C,
    0x0B, 0x2A, 0x05, 0xA5, 0x2E, 0x5A, 0x83, 0x58, 0xCC, 0xD7, 0xBA, 0x05, 0xF5, 0x6F, 0x34, 0xDE,
    0x8C, 0xFA, 0x37, 0x68, 0x77, 0xF9, 0xF0, 0x4D, 0x32, 0xAE, 0x9E, 0x9A, 0xE7, 0x27, 0xC8, 0xDF,
    0xD1, 0x7D, 0x3E, 0xD2, 0xCE, 0x00, 0x74, 0xDD, 0xA9, 0x09, 0x9F, 0xBF, 0x34, 0xBD, 0xAB, 0xED,
    0xA5, 0x4E, 0x41, 0x9B, 0x2C, 0x0F, 0x2C, 0xA4, 0xAC, 0x64, 0x40, 0xC3, 0xB8, 0x38, 0x02, 0x3F,
    0xBA, 0x30, 0x05, 0xAC, 0xED, 0xB1, 0xA6, 0x55, 0x88, 0x38, 0xDA, 0x6C, 0x64, 0x04, 0x7B, 0x2E,
    0x83, 0xAE, 0xCA, 0x5F, 0x9F, 0xA3, 0x4E, 0xFB, 0xFF, 0x74, 0xB0, 0xD2, 0x46, 0x8D, 0xB4, 0x85,
    0x9C, 0xC3, 0x4A, 0x8D, 0x97, 0xA4, 0xC4, 0x53, 0x02, 0x40, 0x92, 0x76, 0xB9, 0x05, 0x66, 0xAB,
    0xB7, 0x00, 0x23, 0xEA, 0x0C, 0xC8, 0xB8, 0x26, 0xDC, 0x25, 0x31, 0xAC, 0x13, 0x92, 0x8E, 0xBB,
    0xCD, 0x63, 0xAB, 0xC8, 0x4B, 0x84, 0x26, 0x2D, 0x1F, 0x72, 0x74, 0xA6, 0x8F, 0xA4, 0xCF, 0xBB,
    0x98, 0x48, 0xC4, 0x15, 0xAD, 0xC2, 0x6E, 0xF1, 0xD5, 0x60, 0xEB, 0xF4, 0x77, 0x63, 0x55, 0x66,
    0x5F, 0xFA, 0x05, 0x0D, 0xCC, 0x17, 0x5E, 0x60, 0xFA, 0x89, 0x98, 0x67, 0xE4, 0x9D, 0xCC, 0x28,
    0xDA, 0x66, 0x52, 0x30, 0xE8, 0x05, 0x58, 0x45, 0x6D, 0x47, 0x54, 0xA5, 0xE2, 0xE0, 0x09, 0xAC,
    0xDB, 0xD5, 0xF3, 0x76, 0xE1, 0xF0, 0x0E, 0xF1, 0xB8, 0x5B, 0xA3, 0xFC, 0x1A, 0x5B, 0xA3, 0xD3,
    0x09, 0x64, 0xB3, 0xFB, 0xE7, 0x67, 0xA5, 0x42, 0x2E, 0xD5, 0x0F, 0x8E, 0x2F, 0xF0, 0xDA, 0x75,
    0x0B, 0x26, 0x23, 0x31, 0xD3, 0x92, 0x74, 0x28, 0x3A, 0x8E, 0x5E, 0x86, 0x32, 0x01, 0x9A, 0xF1,
    0x52, 0xD6, 0x79, 0x2A, 0xAF, 0x85, 0x8A, 0x9C, 0x61, 0x0D, 0xB9, 0x68, 0x65, 0x5B, 0xB8, 0x4C,
    0x2F, 0xD4, 0x90, 0x4B, 0xAC, 0xED, 0xF8, 0xAE, 0xCB, 0x5B, 0xA0, 0x60, 0xDF, 0xD6, 0xB6, 0x9F,
    0x5B, 0xEF, 0x43, 0xC9, 0xFA, 0x68, 0xB6, 0x1A, 0x18, 0x64, 0x8A, 0xE5, 0xC3, 0x39, 0x91, 0x68,
    0x4E, 0x26, 0xED, 0xFA, 0x4A, 0xEA, 0xE3, 0x29, 0x1D, 0x99, 0x21, 0x24, 0xDE, 0xB0, 0xBB, 0x94,
    0x7D, 0xCC, 0x5D, 0x36, 0xE4, 0xBD, 0x19, 0x8A, 0xDE, 0xB8, 0xA3, 0x79, 0x6F, 0xBA, 0xD2, 0x7B,
    0xDC, 0x57, 0xA4, 0x8A, 0xFC, 0x17, 0x0E, 0xB0, 0x1F, 0x29, 0x4C, 0x28, 0x00, 0xB7, 0x00, 0xEE,
    0x2F, 0xEE, 0x72, 0x8F, 0x70, 0x57, 0xB4, 0x73, 0x57, 0x3C, 0x3F, 0xC6, 0x9D, 0x46, 0x18, 0xC3,
    0xD1, 0x7E, 0x4D, 0x48, 0xC7, 0x21, 0x6B, 0x20, 0x9E, 0x10, 0x9E, 0x90, 0x85, 0xEA, 0x6E, 0x4E,
    0x70, 0x3F, 0x11, 0xDA, 0x61, 0xD9, 0x1D, 0x8D, 0x38, 0xC4, 0x22, 0x5E, 0x0D, 0x7A, 0x71, 0x62,
    0x36, 0xB5, 0xAB, 0xC9, 0x40, 0xD1, 0x29, 0xAA, 0x2E, 0x12, 0x34, 0xAD, 0x42, 0xDA, 0x98, 0x48,
    0x14, 0x75, 0x32, 0x13, 0xD3, 0x76, 0x6F, 0x51, 0x1B, 0x16, 0x6B, 0xF2, 0x21, 0x64, 0xC1, 0xFB,
    0x2D, 0x02, 0xB3, 0xE0, 0xAB, 0x9F, 0xD6, 0xF1, 0x31, 0x74, 0xA8, 0xE5, 0x3B, 0x33, 0xDD, 0x1E,
    0x8B, 0xDD, 0x11, 0x93, 0xC4, 0x37, 0xEC, 0x75, 0xAA, 0x3D, 0xD3, 0x6E, 0xC6, 0xAA, 0xCD, 0x1D,
    0xAF, 0xCF, 0xCB, 0xF3, 0xEA, 0x91, 0x0E, 0x15, 0x8A, 0x2D, 0x05, 0xB7, 0x90, 0xB6, 0x9C, 0x81,
    0xE2, 0x43, 0x4F, 0xD9, 0x03, 0x1D, 0xDF, 0x43, 0xDF, 0x52, 0x9E, 0x58, 0xEC, 0x15, 0x4F, 0xEB,
    0x8E, 0x24, 0x98, 0x2D, 0xEE, 0x9F, 0x41, 0x38, 0x06, 0x94, 0x39, 0x01, 0xCC, 0xFB, 0x1E, 0xB0,
    0xFF, 0x34, 0x00, 0xCF, 0xC6, 0xFD, 0x89, 0x05, 0x87, 0x96, 0x74, 0xCF, 0x01, 0xD9, 0xD0, 0x00,
    0xE6, 0x63, 0x4E, 0x03, 0xD3, 0x14, 0xCB, 0x6C, 0xE9, 0xB9, 0xB4, 0xC5, 0x5E, 0x38, 0x95, 0x83,
    0xD2, 0x41, 0xED, 0x28, 0x2E, 0x3C, 0x8F, 0x56, 0x34, 0x0B, 0xEA, 0x94, 0xC8, 0x08, 0x33, 0x82,
    0x3E, 0xF8, 0xDA, 0xB8, 0xC1, 0x0F, 0xD4, 0x35, 0xA1, 0xA0, 0x38, 0x51, 0xC4, 0xF2, 0xEA, 0xF9,
    0x4D, 0x7E, 0xF9, 0x61, 0x06, 0xC2, 0x29, 0x8A, 0xDE, 0xF4, 0x2A, 0x35, 0xFF, 0xB4, 0xB4, 0x5D,
    0x21, 0xBD, 0x6D, 0x0B, 0xE9, 0x6C, 0x6B, 0x17, 0xB4, 0xA8, 0x08, 0xDB, 0x56, 0xB5, 0xA2, 0x29,
    0x61, 0x3B, 0x45, 0x71, 0x2E, 0x1B, 0x98, 0xF5, 0xB9, 0x58, 0x89, 0x46, 0x04, 0x68, 0xA2, 0x19,
    0x89, 0xBC, 0x23, 0xAD, 0x91, 0x07, 0xD2, 0xE5, 0x9F, 0xCB, 0x6B, 0xBD, 0x7D, 0x79, 0x4A, 0x7B,
    0xFB, 0xB7, 0x3E, 0xEB, 0xAA, 0xC8, 0xDF, 0x6E, 0x9B, 0x58, 0x04, 0xF7, 0x13, 0xF9, 0x44, 0xE1,
    0x80, 0x7B, 0x0B, 0xB2, 0xE1, 0x7B, 0x68, 0x6E, 0x4F, 0x55, 0x69, 0x45, 0x04, 0x05, 0xBF, 0xF9,
    0x0C, 0x4A, 0xD8, 0x36, 0x53, 0xEF, 0x2A, 0xC4, 0xBB, 0x05, 0x6A, 0x02, 0xB3, 0x75, 0x22, 0xE8,
    0xEB, 0x90, 0xA8, 0x34, 0x42, 0x2D, 0x98, 0x5E, 0x08, 0x5B, 0x78, 0x05, 0xA4, 0xE4, 0x3E, 0xBE,
    0x0C, 0xF1, 0x75, 0x48, 0x14, 0x67, 0xB7, 0x26, 0xE4, 0x22, 0x23, 0x41, 0x5F, 0xCD, 0x80, 0x7D,
    0x5F, 0x14, 0x1D, 0xD1, 0x4A, 0xA9, 0x7A, 0x9B, 0x5A, 0x51, 0xB5, 0xEA, 0x58, 0xDB, 0x11, 0xFD,
    0x72, 0xCE, 0x00, 0xA1, 0x3D, 0xBB, 0x5D, 0x2A, 0x25, 0x04, 0x90, 0x64, 0xDC, 0x6E, 0x83, 0x00,
    0x2B, 0x6F, 0xDD, 0xB3, 0xF2, 0xAE, 0xB7, 0xF2, 0x9A, 0xBF, 0x21, 0x8D, 0x87, 0x38, 0x40, 0xDA,
    0xFD, 0xB3, 0xDA, 0x59, 0xFB, 0x3E, 0x53, 0xDC, 0x67, 0x8B, 0x23, 0xFB, 0xC9, 0x85, 0x34, 0xED,
    0x41, 0x3A, 0x3C, 0x11, 0x1E, 0x61, 0xAF, 0x80, 0xC4, 0x1D, 0x41, 0x10, 0xB0, 0xCF, 0x0A, 0x8B,
    0x36, 0xE4, 0x4D, 0x16, 0xC0, 0x4B, 0xDA, 0xDF, 0x04, 0x0E, 0xCE, 0xC6, 0xBC, 0x3C, 0x5F, 0x79,
    0x36, 0xE6, 0xD4, 0xDE, 0xB9, 0x83, 0x01, 0xC2, 0xEF, 0x9B, 0x2E, 0x19, 0xC5, 0xB2, 0x95, 0x0F,
    0xD2, 0xD8, 0x8E, 0xE3, 0x99, 0x92, 0xFE, 0x76, 0x8A, 0xC4, 0xEF, 0x9E, 0xA8, 0xEF, 0x8E, 0xF7,
    0xE5, 0xD8, 0xB6, 0x48, 0x3E, 0x01, 0x0A, 0x11, 0xA0, 0x11, 0x69, 0x23, 0xF9, 0xA0, 0x29, 0x13,
    0xC1, 0x5F, 0x5D, 0xAC, 0xB5, 0x48, 0x49, 0x9C, 0xF3, 0xBD, 0xD2, 0xF3, 0x7D, 0x1E, 0x78, 0x5A,
    0xA6, 0xF5, 0x94, 0x67, 0x42, 0xC4, 0x82, 0x88, 0x30, 0x2C, 0x32, 0xD9, 0xF3, 0xDB, 0x2A, 0x2C,
    0x3C, 0xA7, 0xA6, 0xCD, 0xCD, 0xF9, 0x7A, 0xB2, 0x2F, 0x2F, 0xE9, 0xA1, 0xED, 0x96, 0x81, 0x96,
    0x05, 0x13, 0xD9, 0xF2, 0xB9, 0x64, 0x6D, 0x3C, 0x15, 0x19, 0xCC, 0xF4, 0x22, 0xD3, 0x85, 0x7A,
    0x59, 0x57, 0xE5, 0x2E, 0xE3, 0x14, 0xC7, 0xEE, 0xC2, 0xE3, 0x9C, 0xC2, 0xFD, 0x05, 0x72, 0x67,
    0x5F, 0x69, 0x7A, 0x5A, 0x4C, 0xD3, 0x63, 0x6A, 0xC0, 0xE2, 0xD9, 0x8A, 0xB9, 0x13, 0x6D, 0x4B,
    0xB7, 0x0F, 0x79, 0x6A, 0x64, 0x75, 0x1E, 0xF2, 0xA9, 0x13, 0x0B, 0x8E, 0x38, 0xA3, 0x4B, 0xA5,
    0xA6, 0xDB, 0x9E, 0xEC, 0x1B, 0xF1, 0x26, 0x1C, 0x9E, 0xC2, 0x31, 0x04, 0x5F, 0x4F, 0x08, 0xBE,
    0x26, 0x64, 0xBC, 0x52, 0xC8, 0x7C, 0x28, 0xA4, 0x57, 0x21, 0x33, 0x80, 0xB4, 0x56, 0x98, 0xFF,
    0x5C, 0x2B, 0x45, 0x7F, 0x4D, 0xEC, 0xEB, 0xED, 0x4F, 0x07, 0x19, 0x89, 0xC8, 0x90, 0x51, 0xC6,
    0xB0, 0x97, 0x91, 0x05, 0x19, 0x2D, 0x9E, 0x0E, 0x32, 0x9E, 0x50, 0x19, 0x45, 0x69, 0x17, 0x19,
    0x56, 0x44, 0xD5, 0xA9, 0x82, 0x67, 0x58, 0x77, 0xBE, 0x1B, 0x02, 0xC2, 0xBF, 0x3A, 0x24, 0xEB,
    0xC9, 0x54, 0xE6, 0xE5, 0xA1, 0x5C, 0x98, 0x39, 0xDB, 0xAA, 0x20, 0xD9, 0xCE, 0x2C, 0x9A, 0x61,
    0xCD, 0xEC, 0x71, 0xF2, 0xBB, 0x78, 0x3D, 0xD0, 0xD7, 0xFC, 0xC0, 0xEB, 0xA4, 0xF2, 0xBF, 0x3A,
    0x64, 0x52, 0x86, 0x31, 0x8E, 0x32, 0xB1, 0x1C, 0x52, 0x5A, 0xA2, 0x6E, 0x14, 0xE5, 0x8D, 0x5B,
    0xE7, 0x1B, 0x60, 0x7D, 0xC8, 0xB9, 0x2B, 0x8D, 0x3F, 0xEA, 0xE8, 0xC7, 0x61, 0x95, 0x52, 0xEA,
    0x2B, 0xEA, 0x79, 0xC0, 0x6E, 0x17, 0xBC, 0x8F, 0x10, 0x8E, 0xE8, 0x88, 0xFD, 0x7E, 0x38, 0xA3,
    0xF5, 0x6E, 0xDF, 0x8B, 0x9E, 0xBE, 0x9E, 0xAC, 0x88, 0x67, 0xBF, 0xD1, 0x7C, 0x70, 0x13, 0xCD,
    0xC3, 0x6A, 0x3C, 0x51, 0x17, 0x49, 0xEA, 0xE2, 0xB9, 0x18, 0xE2, 0x70, 0x0C, 0xBA, 0x04, 0xDD,
    0x5E, 0x74, 0xD8, 0x1F, 0x9A, 0x7B, 0x68, 0x1D, 0x29, 0x38, 0x7A, 0xF1, 0xF4, 0x72, 0x76, 0x92,
    0xBE, 0xA6, 0x07, 0x3B, 0xD0, 0xDB, 0x87, 0xA7, 0x91, 0x70, 0x52, 0x8F, 0x85, 0xB7, 0xD7, 0x58,
    0x2C, 0xCF, 0x06, 0xE1, 0x18, 0x13, 0xE1, 0x15, 0x5F, 0x8C, 0x61, 0x0C, 0x7A, 0x07, 0x74, 0x4D,
    0xC0, 0xE2, 0x20, 0x7A, 0xE8, 0x11, 0x75, 0xA2, 0xA8, 0x03, 0xFD, 0x04, 0x3A, 0x2A, 0x2C, 0x43,
    0x74, 0xD5, 0xFA, 0x25, 0xEB, 0x1E, 0x53, 0xE0, 0x7A, 0x38, 0xB1, 0x43, 0x45, 0xE8, 0xE0, 0xE5,
    0x35, 0x05, 0x5E, 0x7F, 0xAA, 0xF3, 0x70, 0xBF, 0xD6, 0xEC, 0x4F, 0xCA, 0x86, 0x57, 0xD0, 0x1E,
    0xB7, 0xF1, 0x9C, 0xF7, 0xB1, 0x34, 0x2E, 0x12, 0xA9, 0x21, 0x53, 0xB0, 0x1E, 0x1C, 0x2C, 0x9B,
    0x7F, 0x42, 0xD3, 0xB8, 0x08, 0x13, 0x4F, 0x3C, 0x3D, 0x60, 0xDF, 0xC2, 0x49, 0x53, 0x1F, 0x8E,
    0x22, 0x34, 0xE1, 0x90, 0x69, 0x80, 0xDB, 0x9F, 0x07, 0x20, 0xFA, 0xF0, 0x50, 0x7E, 0xDA, 0x62,
    0x7F, 0x4E, 0x95, 0x68, 0xEA, 0xF5, 0xD3, 0x4B, 0xAE, 0x5A, 0x7D, 0xDA, 0x2C, 0x7E, 0xE0, 0xDA,
    0x2A, 0x21, 0x44, 0x28, 0xE9, 0xA4, 0xF3, 0x9F, 0x2E, 0xA1, 0xB0, 0x12, 0x8F, 0xA7, 0xD6, 0x7B,
    0x91, 0x72, 0x79, 0xE0, 0x21, 0x99, 0xB9, 0xDB, 0x2B, 0x5C, 0xE2, 0xB9, 0xE1, 0xB3, 0x5D, 0xAA,
    0x3D, 0x1B, 0xB9, 0xDB, 0xAB, 0x5A, 0x33, 0xB0, 0x37, 0xB5, 0x75, 0x4D, 0xCB, 0x43, 0xF6, 0xE2,
    0xAC, 0x3C, 0xE8, 0x0B, 0x59, 0xDE, 0xD1, 0x5D, 0x71, 0x2E, 0xF3, 0xF4, 0x3A, 0xC3, 0x4E, 0xCF,
    0xC1, 0x6E, 0x3B, 0xDB, 0xD1, 0x74, 0x1E, 0x9E, 0x16, 0xBA, 0x7C, 0x2E, 0xF3, 0xD4, 0x62, 0xC3,
    0x8F, 0x40, 0xEE, 0xA1, 0x8A, 0x3C, 0xEC, 0xAB, 0x23, 0x85, 0xAF, 0x3F, 0x02, 0x39, 0x8A, 0xE0,
    0xD0, 0xAA, 0x0E, 0x88, 0x97, 0x0D, 0x6D, 0xCF, 0x44, 0xAB, 0xDD, 0xE1, 0x57, 0xC3, 0xEE, 0x54,
    0x61, 0x79, 0x6A, 0xE9, 0x6C, 0xCC, 0x09, 0xB9, 0xB1, 0x35, 0x6F, 0x3B, 0x14, 0xCF, 0x6B, 0x4F,
    0x1C, 0xF2, 0x1F, 0x76, 0x4B, 0x0D, 0x22, 0x9E, 0x8E, 0xE9, 0x82, 0xFE, 0x7B, 0x40, 0xCC, 0xC2,
    0x75, 0x3A, 0x56, 0x25, 0xCB, 0x31, 0x40, 0xFE, 0xCB, 0x51, 0x11, 0xBB, 0xEF, 0x42, 0x38, 0x92,
    0xEE, 0x1F, 0xB0, 0x0D, 0xC2, 0x1F, 0x4F, 0xDC, 0x78, 0x8F, 0x40, 0x95, 0x39, 0xE0, 0xCE, 0xBA,
    0xD9, 0x5D, 0x8F, 0x8A, 0xEC, 0x4F, 0xA7, 0xF8, 0x83, 0xD3, 0x29, 0x4B, 0x11, 0x47, 0x41, 0xF1,
    0x01, 0x74, 0x81, 0xDA, 0xBF, 0x1E, 0xBE, 0xA6, 0x17, 0x40, 0x37, 0x80, 0x7E, 0x38, 0x91, 0xC0,
    0x11, 0x40, 0xBC, 0x4B, 0xD3, 0xBF, 0x4F, 0x54, 0x7F, 0xA9, 0xB0, 0x33, 0xA8, 0xF7, 0xDA, 0xF3,
    0xE9, 0xF6, 0xF3, 0xF9, 0xA0, 0xB7, 0xF2, 0xFA, 0x3A, 0x9F, 0x6D, 0xB8, 0xF2, 0x78, 0xE9, 0x07,
    0x41, 0xD7, 0x3D, 0x2A, 0x95, 0x39, 0x44, 0x5E, 0x11, 0x73, 0x9F, 0x9F, 0x8C, 0x01, 0xBD, 0x24,
    0x83, 0x22, 0x75, 0xE6, 0x7D, 0xC9, 0x5C, 0xFE, 0xDF, 0x62, 0xFA, 0xFC, 0x6D, 0x31, 0x5D, 0xF1,
    0xCE, 0x83, 0xBC, 0x2D, 0xDE, 0x25, 0xDE, 0x7B, 0xBD, 0xA8, 0xED, 0x7B, 0x85, 0xAD, 0xED, 0x6B,
    0x85, 0x2D, 0xED, 0xFD, 0xA2, 0x82, 0xBD, 0x47, 0xBC, 0x59, 0xDC, 0x47, 0xE5, 0xED, 0x84, 0x6A,
    0xB4, 0x1E, 0xCD, 0x40, 0x38, 0xC5, 0x7A, 0x82, 0xF3, 0x9B, 0x7E, 0xB0, 0x63, 0xFA, 0x29, 0x87,
    0xE9, 0xBC, 0x2D, 0x4D, 0xEB, 0x8B, 0x3A, 0x7F, 0xCB, 0x17, 0x6D, 0xF1, 0xCB, 0x51, 0xF1, 0x73,
    0x85, 0x56, 0x64, 0x14, 0xCF, 0x0F, 0x3A, 0x6E, 0xE2, 0x6C, 0x59, 0xA5, 0xCE, 0x42, 0xD1, 0xA0,
    0xE1, 0xE2, 0xDD, 0xDC, 0xD6, 0x8B, 0x36, 0x5F, 0xC9, 0x00, 0xFB, 0xA5, 0x74, 0xC8, 0xEB, 0xFB,
    0xEB, 0x9A, 0x98, 0x0A, 0x3D, 0x22, 0x1D, 0x96, 0x6D, 0xDA, 0x92, 0xC1, 0xE3, 0x8D, 0x28, 0x9C,
    0xFB, 0xD8, 0xED, 0x71, 0xD5, 0xBF, 0x1D, 0xA4, 0xB6, 0x7D, 0xC2, 0xB9, 0x4F, 0xA7, 0xF0, 0x18,
    0xD6, 0x0C, 0x85, 0x5B, 0x6F, 0x99, 0xA6, 0x0E, 0x8E, 0x8C, 0x65, 0xE2, 0x85, 0xA9, 0x8A, 0x82,
    0x10, 0x62, 0xC6, 0xC3, 0x1E, 0x29, 0xE3, 0xD2, 0x03, 0x70, 0xC0, 0x76, 0x87, 0x87, 0xC6, 0xA6,
    0xDD, 0xA1, 0xB1, 0xE7, 0xB0, 0x6F, 0x4B, 0xE1, 0x66, 0xC1, 0xB2, 0x6D, 0x25, 0xD4, 0x0C, 0x85,
    0x19, 0x2E, 0x14, 0x36, 0x0F, 0xCF, 0x1B, 0x64, 0x44, 0xAE, 0x38, 0xFF, 0x2F, 0x35, 0x5C, 0x7E,
    0x3B, 0x22, 0x93, 0xF7, 0x06, 0x44, 0xF3, 0x9A, 0x5D, 0x3C, 0x01, 0xBB, 0x3F, 0x5A, 0x57, 0xAE,
    0x47, 0xEB, 0xEE, 0x02, 0x90, 0x77, 0xBC, 0xE2, 0x9F, 0x89, 0x7F, 0xF1, 0x88, 0xE4, 0x47, 0xA3,
    0x42, 0xE5, 0xB3, 0x9D, 0xDA, 0x43, 0x6B, 0x45, 0xEE, 0x60, 0xCB, 0x9B, 0x5F, 0xDE, 0xF2, 0x8A,
    0x88, 0x8B, 0x14, 0x7D, 0xAC, 0xE8, 0xB0, 0xD9, 0x28, 0x42, 0x41, 0x20, 0x13, 0xBE, 0xCF, 0x2B,
    0xAA, 0x61, 0x3B, 0x7A, 0x22, 0xF5, 0xF6, 0xF5, 0x62, 0x7D, 0x3D, 0x92, 0x6E, 0xFB, 0xBA, 0x99,
    0xD7, 0xD7, 0xED, 0xD9, 0xE6, 0x26, 0x9D, 0xE3, 0xD1, 0xAC, 0xB8, 0xAA, 0xBE, 0x34, 0x5F, 0xAC,
    0x2F, 0xA1, 0xEA, 0x6D, 0xAB, 0xCA, 0x6D, 0x9D, 0x88, 0x68, 0x68, 0x38, 0xAB, 0xA4, 0x34, 0xBD,
    0x99, 0xF0, 0xE7, 0x75, 0x41, 0x33, 0x68, 0x59, 0xB2, 0x58, 0x36, 0x2E, 0x6F, 0xBE, 0xA3, 0x7A,
    0xCB, 0x7B, 0x30, 0x13, 0x5E, 0x82, 0x95, 0x4F, 0x2B, 0x85, 0xCC, 0xB0, 0x3F, 0x14, 0x8F, 0x0A,
    0xB7, 0xFB, 0xCB, 0x87, 0x66, 0xF6, 0x4F, 0x5F, 0x70, 0x7A, 0x1F, 0x48, 0xBD, 0x45, 0x24, 0xE5,
    0xE1, 0x74, 0x7D, 0x6B, 0xF2, 0xC1, 0x9D, 0x63, 0x6B, 0xCA, 0x83, 0x9D, 0xE3, 0x7A, 0x4F, 0xD1,
    0x1B, 0xA7, 0x77, 0xC4, 0xE1, 0xCF, 0xB4, 0xAE, 0x2E, 0x45, 0x1D, 0xDF, 0x25, 0xBF, 0x07, 0x6D,
    0x93, 0x31, 0xCC, 0xDD, 0x34, 0x1C, 0xC4, 0xFF, 0x49, 0xAA, 0x66, 0x08, 0x92, 0x59, 0x3A, 0x55,
    0x28, 0xFB, 0x00, 0xDE, 0x17, 0x12, 0xC1, 0x2E, 0x31, 0xB4, 0xD3, 0x1B, 0xBA, 0x4F, 0xDF, 0x2E,
    0x81, 0x9C, 0x8D, 0xB5, 0x0B, 0x73, 0xD9, 0x97, 0xAE, 0x4C, 0xC4, 0x88, 0x5D, 0x0A, 0xC3, 0x07,
    0x6B, 0x04, 0xC0, 0x8A, 0xF5, 0x29, 0x9F, 0xF4, 0x1E, 0x4D, 0x72, 0xDC, 0xB9, 0xEF, 0x65, 0x40,
    0xB5, 0x94, 0x9F, 0xBE, 0xE7, 0xDA, 0xBD, 0x3B, 0xFB, 0x6C, 0x66, 0xD5, 0x2A, 0x9C, 0x85, 0x85,
    0xA8, 0x93, 0x35, 0x40, 0xB2, 0x11, 0x88, 0x25, 0xB0, 0x59, 0xBD, 0x9F, 0x60, 0xEE, 0x5C, 0xC2,
    0x7C, 0x2A, 0x60, 0xDD, 0x6C, 0xC4, 0x44, 0x84, 0x89, 0x3F, 0xC7, 0x48, 0x68, 0x25, 0x51, 0x11,
    0x43, 0xB5, 0x0B, 0x9B, 0xA1, 0xAF, 0x57, 0xFE, 0xE5, 0xCE, 0x5C, 0xD2, 0x26, 0xEB, 0x1E, 0xC7,
    0xD9, 0x3C, 0x10, 0xAD, 0xC1, 0x4E, 0x99, 0xF1, 0x4F, 0xD3, 0x78, 0xFA, 0x9A, 0x70, 0x33, 0xD1,
    0x4E, 0x84, 0x8F, 0xF6, 0x5C, 0x6B, 0x00, 0x0C, 0x35, 0xB8, 0xD0, 0x6D, 0x77, 0x67, 0xEA, 0xD6,
    0x2B, 0x25, 0x69, 0x34, 0x44, 0x62, 0xCC, 0x18, 0x6A, 0xA1, 0x21, 0xA4, 0x11, 0x3E, 0xA0, 0x51,
    0xF0, 0x97, 0x46, 0xB9, 0xFE, 0x2F, 0x25, 0x77, 0x86, 0xA4, 0x9D, 0x53, 0x73, 0xD6, 0xF6, 0x85,
    0x66, 0x05, 0x73, 0x89, 0x68, 0x95, 0x92, 0x51, 0x77, 0xF3, 0x73, 0xB9, 0x4B, 0x77, 0xBB, 0x22,
    0x66, 0x07, 0x75, 0x86, 0x74, 0x6F, 0xBB, 0xB3, 0x78, 0xF8, 0x8B, 0x72, 0x9D, 0xC4, 0x1D, 0x40,
    0x71, 0x5C, 0x03, 0x7E, 0x4F, 0x34, 0x89, 0x70, 0x19, 0xB3, 0x4B, 0x25, 0x26, 0x97, 0x2A, 0x70,
    0x53, 0x45, 0x8D, 0x54, 0xAD, 0x14, 0x22, 0xBA, 0xA9, 0x26, 0x64, 0xA9, 0x8B, 0x44, 0x88, 0x6E,
    0xC9, 0xA0, 0x46, 0x97, 0x18, 0x3A, 0x10, 0x7F, 0xFF, 0xC3, 0x94, 0x78, 0xAB, 0x94, 0xBC, 0x82,
    0xE6, 0x4C, 0x68, 0xF4, 0x4A, 0x39, 0x13, 0xCD, 0x42, 0xE4, 0xC9, 0xCF, 0x35, 0xFF, 0x44, 0xF3,
    0xE8, 0x29, 0x0B, 0xCE, 0xF9, 0x2F, 0xE9, 0xA0, 0xAB, 0x84, 0x86, 0x8B, 0x5B, 0x5A, 0xB5, 0x7A,
    0xB3, 0xEB, 0x68, 0x41, 0x74, 0x07, 0x46, 0x6D, 0xC3, 0xD8, 0x5B, 0xB1, 0x13, 0xD5, 0x1A, 0x06,
    0xAB, 0x05, 0xB7, 0x04, 0x26, 0x4C, 0x5D, 0xA4, 0x69, 0xA2, 0x9B, 0x88, 0x70, 0xCF, 0x39, 0x00,
    0x53, 0x21, 0x94, 0x44, 0xCE, 0x33, 0x37, 0x4A, 0xC6, 0x00, 0x3E, 0xF1, 0x7C, 0xDA, 0xD4, 0xCD,
    0x84, 0xDC, 0xCA, 0xAC, 0xBC, 0xCA, 0xEA, 0xD5, 0x69, 0xF6, 0x29, 0x9B, 0x74, 0x39, 0xD3, 0x24,
    0xBF, 0x66, 0x92, 0xC5, 0xC3, 0x61, 0xF8, 0x05, 0x15, 0x1E, 0x76, 0x87, 0x7F, 0xB7, 0x76, 0x7B,
    0xB5, 0x75, 0xEC, 0x84, 0x2A, 0xA1, 0xAB, 0xD0, 0x4D, 0x80, 0x9F, 0x6E, 0x11, 0xBD, 0x4F, 0x18,
    0x42, 0xD2, 0x51, 0x05, 0xBC, 0x4D, 0x1D, 0xFC, 0x7C, 0x9C, 0x93, 0x46, 0x35, 0x8B, 0xF5, 0x59,
    0x74, 0x49, 0xF4, 0x51, 0x0C, 0xBD, 0xF8, 0x99, 0x1D, 0x23, 0xDF, 0xA5, 0x8D, 0x62, 0xEE, 0x23,
    0x4F, 0x02, 0x2F, 0x55, 0x24, 0x18, 0x79, 0xD9, 0xC9, 0xE6, 0x71, 0x23, 0xDD, 0x83, 0xD8, 0xFE,
    0xB1, 0xBD, 0x30, 0xF3, 0x3F, 0x63, 0xE5, 0xD6, 0xCC, 0xF0, 0xAD, 0x88, 0x93, 0xA4, 0x80, 0x45,
    0x11, 0x41, 0xC1, 0x2A, 0xB3, 0x5E, 0x1D, 0xE9, 0x96, 0xF6, 0xF1, 0x2B, 0xDA, 0x68, 0x39, 0xE5,
    0x67, 0x4F, 0x76, 0x93, 0xC7, 0x7C, 0xBB, 0xD3, 0x62, 0x21, 0xAA, 0x8D, 0x68, 0xCE, 0xB7, 0x77,
    0xD2, 0x45, 0x89, 0xDD, 0x4C, 0xFA, 0x21, 0x0C, 0x05, 0x1E, 0x30, 0x57, 0x78, 0x87, 0xA5, 0x7E,
    0xC4, 0x6F, 0x4B, 0x19, 0xC7, 0x2F, 0xB8, 0x6F, 0xAC, 0x88, 0x5D, 0x65, 0x06, 0xA2, 0x03, 0x2E,
    0xE6, 0x7F, 0x92, 0xB5, 0x52, 0xA8, 0xD6, 0x66, 0xE8, 0xDE, 0xE0, 0x2E, 0x76, 0xFB, 0x88, 0xC1,
    0xAF, 0x1D, 0xAC, 0x99, 0x79, 0x21, 0xC7, 0xF8, 0x41, 0x28, 0x20, 0x56, 0xAB, 0xA8, 0x7F, 0x94,
    0x03, 0xB1, 0x19, 0x3E, 0x36, 0x8D, 0x6F, 0xF2, 0x3B, 0xDE, 0x19, 0x06, 0x4A, 0xEA, 0x73, 0xB0,
    0xFC, 0x0E, 0x0C, 0xEA, 0x6C, 0x09, 0x1B, 0x93, 0x55, 0x7B, 0x01, 0x72, 0xAB, 0xB0, 0x28, 0x35,
    0x1B, 0xDC, 0xAC, 0xFE, 0x4D, 0x32, 0xB7, 0x86, 0x96, 0x3C, 0xAF, 0x9E, 0x7C, 0xB7, 0xB0, 0x1D,
    0x0E, 0x73, 0x37, 0x91, 0x31, 0x44, 0x92, 0x95, 0xB7, 0x66, 0x2B, 0xD0, 0x5B, 0x8D, 0x13, 0x45,
    0xDC, 0x4D, 0x64, 0xA6, 0xC8, 0x69, 0xEF, 0x6F, 0xCD, 0x79, 0x22, 0xC8, 0xAD, 0x50, 0x4F, 0x84,
    0x5B, 0x08, 0x3F, 0x13, 0xDD, 0x40, 0xE4, 0x14, 0x5F, 0x5B, 0x1E, 0xC9, 0x8A, 0xF1, 0xF7, 0xD5,
    0x9C, 0xAC, 0x06, 0x5D, 0x2D, 0x7E, 0xC5, 0x50, 0xA2, 0x44, 0xAC, 0xB6, 0x1A, 0xEC, 0x12, 0x2B,
    0xD7, 0xAC, 0x21, 0xC4, 0xE6, 0xB2, 0x12, 0x48, 0x23, 0x11, 0x31, 0xD4, 0x28, 0x60, 0x95, 0x7C,
    0x34, 0xB2, 0xD1, 0xCA, 0x45, 0x90, 0xAB, 0x4F, 0xED, 0x18, 0x7A, 0xF2, 0xF2, 0xF7, 0xBE, 0x34,
    0x05, 0xEE, 0xC7, 0xBE, 0x82, 0x7D, 0x92, 0x2F, 0xF0, 0x0A, 0xF4, 0xC2, 0x45, 0x6B, 0x15, 0x63,
    0x54, 0xA2, 0xE7, 0xC8, 0xF5, 0x01, 0x51, 0x09, 0x25, 0xAC, 0x10, 0x5C, 0xCF, 0x3D, 0xDD, 0xE5,
    0x6E, 0x95, 0xD1, 0x45, 0x92, 0x91, 0xE6, 0x2F, 0x47, 0x3D, 0x8F, 0x32, 0xE4, 0x90, 0x41, 0x73,
    0x3F, 0x0A, 0xAB, 0x70, 0x16, 0xDA, 0xBD, 0xA7, 0x4E, 0xAA, 0xB9, 0xDD, 0x6D, 0xA7, 0xD9, 0x25,
    0x1B, 0x74, 0x34, 0x0E, 0xAF, 0x75, 0x63, 0xF2, 0x30, 0xD9, 0x53, 0xF9, 0xF0, 0xE9, 0x23, 0xBD,
    0xCF, 0xEF, 0xC6, 0x59, 0xCE, 0x15, 0xA1, 0x54, 0x16, 0x0D, 0x39, 0x06, 0xFD, 0xD2, 0xA3, 0x9A,
    0xA3, 0x52, 0x55, 0x29, 0x9F, 0xB3, 0x6C, 0x21, 0x0A, 0xC3, 0x48, 0xF4, 0xCF, 0x5E, 0x5D, 0x5E,
    0xE6, 0xB3, 0x27, 0x92, 0xD4, 0x05, 0x9F, 0x91, 0xAD, 0x4E, 0x07, 0x22, 0x11, 0x0E, 0x8C, 0x03,
    0x81, 0x8C, 0x5E, 0xD0, 0x49, 0x1E, 0x28, 0xF7, 0xE3, 0xDD, 0x6E, 0x44, 0xBD, 0x12, 0xCD, 0x21,
    0xE1, 0x26, 0x21, 0x4A, 0xAC, 0xBF, 0x95, 0xD4, 0xA5, 0xE3, 0x93, 0xB0, 0x07, 0xB6, 0x0E, 0x58,
    0xF5, 0x3D, 0x1B, 0xEF, 0x5F, 0xA8, 0x55, 0x92, 0x94, 0xD8, 0x11, 0x0E, 0xC5, 0x54, 0xA0, 0x4E,
    0xE5, 0xEE, 0x97, 0x12, 0xE0, 0xDF, 0xE8, 0x2D, 0x97, 0x4D, 0xFF, 0xFF, 0xD5, 0xE7, 0xF8, 0x7E,
    0xAD, 0xD1, 0x46, 0xB1, 0xD2, 0xD8, 0xF5, 0x20, 0xFE, 0x03, 0x25, 0x8D, 0x01, 0x66, 0x05, 0x31,
    0x10, 0x86, 0xFF, 0x7D, 0x5B, 0x82, 0x20, 0x0F, 0x1E, 0x55, 0x08, 0x14, 0x40, 0x73, 0x82, 0x67,
    0xF6, 0x08, 0x85, 0xDE, 0xA0, 0x87, 0x28, 0xFA, 0xDE, 0x46, 0xEF, 0xD5, 0x66, 0xE8, 0x05, 0x02,
    0x14, 0x85, 0xB4, 0x27, 0x98, 0xB2, 0x6A, 0x4B, 0x76, 0xA7, 0x59, 0xEF, 0x4B, 0x86, 0xF9, 0x67,
    0x3E, 0x06, 0xF0, 0xC3, 0xC8, 0x21, 0xBB, 0x62, 0x64, 0x57, 0x80, 0x0E, 0x7D, 0xB6, 0xB3, 0x17,
    0xE2, 0x84, 0x23, 0x1A, 0x94, 0x01, 0x15, 0xF4, 0x3A, 0xC3, 0xFD, 0x2E, 0x2D, 0x2A, 0xFC, 0x65,
    0xD3, 0x5C, 0x84, 0xBF, 0xC7, 0xA4, 0x95, 0xB4, 0xEE, 0x43, 0x39, 0x3C, 0x0C, 0x49, 0x73, 0x52,
    0x56, 0xE5, 0x2B, 0xEC, 0x4F, 0x38, 0x8D, 0x58, 0xE8, 0x63, 0xF6, 0x2A, 0x56, 0x73, 0xB7, 0x62,
    0xCC, 0x23, 0xA7, 0xF6, 0x34, 0x7A, 0xD1, 0x18, 0x44, 0x07, 0xFA, 0x51, 0xD0, 0xF7, 0xA5, 0x0E,
    0xF7, 0x63, 0x1D, 0x97, 0xB4, 0x74, 0xB5, 0x9F, 0x4C, 0xE9, 0x22, 0x00, 0xB3, 0xC2, 0x6B, 0x24,
    0xC7, 0x27, 0xCB, 0xAF, 0x8E, 0xCF, 0x3E, 0x92, 0xC2, 0x4E, 0xD8, 0xE8, 0xF3, 0xB1, 0xB5, 0x09,
    0xEE, 0x6B, 0x45, 0x78, 0x9F, 0x41, 0x46, 0x70, 0x34, 0x8C, 0x8D, 0x76, 0xFD, 0x0E, 0xCF, 0xE3,
    0xCB, 0x12, 0x3E, 0x67, 0xA7, 0xC5, 0x68, 0xDC, 0xAD, 0xD8, 0x49, 0x2F, 0xB6, 0xB8, 0x1C, 0x98,
    0x38, 0x45, 0x37, 0x3B, 0xF1, 0xC5, 0x6F, 0x69, 0x20, 0x20, 0xF0, 0xF6, 0x29, 0xDE, 0xA4, 0x81,
    0x14, 0xB4, 0x20, 0x48, 0x10, 0x12, 0x2A, 0x94, 0x6D, 0x75, 0x93, 0x93, 0xCD, 0x0C, 0xCD, 0xEC,
    0x62, 0xCF, 0x26, 0xDA, 0x8A, 0xF3, 0xED, 0x5B, 0xAA, 0xA1, 0xE0, 0xC9, 0x14, 0xDF, 0xE6, 0x74,
    0x4D, 0xAB, 0x9D, 0xFE, 0x01, 0xD5, 0x9B, 0x3F, 0xB0, 0xDE, 0xC6, 0x79, 0xEE, 0x17, 0x80, 0x44,
    0xF8, 0x0E, 0xEE, 0xCC, 0xBA, 0xB8, 0x9A, 0x3B, 0x63, 0x4D, 0x06, 0x69, 0x93, 0xCC, 0x04, 0x29,
    0xD2, 0xC6, 0x0B, 0x89, 0x85, 0x0A, 0x17, 0x64, 0xC1, 0x13, 0x16, 0x2C, 0xD8, 0xA4, 0x4A, 0xC3,
    0x26, 0xA5, 0xC7, 0x80, 0xA5, 0xC2, 0x85, 0x0A, 0xB2, 0x88, 0x26, 0x45, 0x0A, 0xBA, 0x6F, 0xDC,
    0xA4, 0x48, 0x26, 0x91, 0x00, 0x92, 0x05, 0x0B, 0x16, 0x82, 0xC4, 0x30, 0x2C, 0x52, 0x10, 0x23,
    0x91, 0x51, 0xE1, 0x82, 0x4B, 0x1A, 0xC7, 0xC4, 0x31, 0x17, 0xFB, 0xE6, 0x79, 0x16, 0xFB, 0x81,
    0xFC, 0x7C, 0x28, 0x9A, 0x0E, 0xE9, 0xA3, 0xC9, 0x37, 0xDC, 0x9F, 0xCE, 0x1C, 0x7D, 0xD8, 0xDD,
    0xF7, 0xDD, 0xF7, 0xDF, 0xEE, 0xE2, 0x28, 0xF5, 0x7D, 0xA5, 0x54, 0x32, 0x01, 0xF9, 0x0C, 0x64,
    0x0E, 0x48, 0x16, 0x40, 0x75, 0xC4, 0x0F, 0x09, 0x7C, 0x52, 0x11, 0xA9, 0x03, 0x32, 0x40, 0x65,
    0xCB, 0xC1, 0xC1, 0xFA, 0xDD, 0x9C, 0x28, 0xE6, 0x1D, 0xF4, 0xD1, 0xC1, 0x59, 0xA5, 0x45, 0x66,
    0x62, 0x52, 0x25, 0x51, 0x8D, 0x4A, 0xAD, 0x30, 0xC3, 0x86, 0x1E, 0x68, 0xEE, 0x1C, 0xD4, 0xAA,
    0x11, 0x19, 0x55, 0x27, 0x32, 0x28, 0x11, 0xC1, 0x6F, 0xAB, 0x47, 0x52, 0x2B, 0xF3, 0x48, 0xF0,
    0x9D, 0xAF, 0x88, 0xAF, 0x81, 0xE6, 0xB6, 0xE7, 0x24, 0x4E, 0x7A, 0x2E, 0x15, 0x7E, 0x32, 0xF8,
    0x81, 0xED, 0x9D, 0xEE, 0x0E, 0x54, 0xD2, 0xA3, 0xB5, 0x4A, 0x49, 0x8D, 0xF6, 0x1E, 0x9A, 0xD8,
    0x44, 0xC4, 0x61, 0x2E, 0x4B, 0x2A, 0x99, 0xCF, 0x96, 0x74, 0x6D, 0x2E, 0xF3, 0xB9, 0xCB, 0x16,
    0xB6, 0x62, 0xCE, 0x9C, 0x9E, 0x73, 0xA7, 0xA7, 0xC2, 0x69, 0xCB, 0x79, 0xE9, 0x49, 0x15, 0x67,
    0x26, 0x65, 0x1E, 0x5A, 0x0C, 0x30, 0x2A, 0x8D, 0x81, 0x52, 0xBF, 0xC9, 0x36, 0xEE, 0xE4, 0xD0,
    0x16, 0xA8, 0xC2, 0xFC, 0x5A, 0xA0, 0x52, 0xF1, 0x43, 0xB9, 0x37, 0xA8, 0x44, 0x0E, 0x0E, 0x00,
    0x3E, 0xE9, 0x77, 0xC8, 0x96, 0xB8, 0x90, 0x2F, 0xD6, 0xCA, 0xB4, 0xC1, 0x02, 0x25, 0x51, 0xD9,
    0xE3, 0x5A, 0x51, 0xA7, 0xE4, 0x0A, 0x7E, 0x94, 0x99, 0x43, 0x7A, 0x95, 0xC9, 0x79, 0x51, 0x85,
    0x53, 0xD2, 0xE2, 0xD9, 0x7F, 0x59, 0x9F, 0x30, 0x23, 0x21, 0xE8, 0xAB, 0x59, 0x81, 0x5F, 0x76,
    0x77, 0xCE, 0x06, 0x3D, 0x01, 0x2D, 0xD1, 0xA7, 0x50, 0x6B, 0x9F, 0x4D, 0xE8, 0x54, 0xCF, 0xCA,
    0x1C, 0x35, 0x56, 0x69, 0x2A, 0x38, 0xA7, 0x04, 0xAA, 0xE3, 0x3C, 0x12, 0xB9, 0xAF, 0xA8, 0x6B,
    0x45, 0xD5, 0xF7, 0x89, 0xDC, 0xE9, 0xB0, 0xB0, 0xEA, 0x8F, 0xA2, 0x1C, 0x01, 0x52, 0x13, 0x47,
    0xFC, 0xAE, 0x8C, 0xFC, 0x1E, 0x64, 0x7A, 0x57, 0x16, 0xCE, 0x5F, 0x80, 0x8C, 0x48, 0xA1, 0x0D,
    0x42, 0xD7, 0xD9, 0x82, 0x81, 0x2E, 0x39, 0xD5, 0xC4, 0x65, 0xEF, 0x55, 0xD2, 0xE1, 0x59, 0x25,
    0xDB, 0xCA, 0x06, 0x1C, 0xC8, 0x27, 0x75, 0x58, 0x4B, 0x80, 0xD3, 0xD8, 0xB0, 0x6A, 0x71, 0x5F,
    0x95, 0xF9, 0xBE, 0x2A, 0xF5, 0x4E, 0x95, 0x6F, 0x5F, 0x3C, 0x3C, 0xCB, 0xC9, 0x43, 0xC0, 0x08,
    0xAB, 0xA0, 0xA7, 0x66, 0x50, 0xDA, 0x35, 0x3D, 0xBE, 0xD7, 0xED, 0x30, 0x49, 0xAB, 0xE2, 0xE7,
    0x24, 0xE7, 0xA2, 0xD9, 0x7D, 0x19, 0xCD, 0xB9, 0x55, 0x6F, 0x1F, 0x84, 0x41, 0xF6, 0x47, 0x4A,
    0x03, 0xE2, 0x20, 0xC7, 0x46, 0x2A, 0x80, 0x1A, 0x23, 0x99, 0x5E, 0x73, 0x19, 0x61, 0x31, 0xE6,
    0xB0, 0x1B, 0x43, 0x9F, 0x5C, 0x46, 0xAE, 0xF2, 0x7D, 0x20, 0x97, 0x85, 0x70, 0x78, 0x80, 0xD0,
    0xDF, 0x10, 0xB7, 0x67, 0xE0, 0x06, 0x50, 0xDE, 0x9C, 0x80, 0x5B, 0x40, 0xF5, 0x31, 0x24, 0x37,
    0x97, 0x39, 0xC1, 0x33, 0xF8, 0xA2, 0xD1, 0x5F, 0x63, 0xA5, 0xCA, 0x2F, 0x17, 0xF5, 0x59, 0xF9,
    0xA5, 0x53, 0x4B, 0x75, 0xC3, 0x25, 0xCE, 0xDC, 0x70, 0xD9, 0x6C, 0x6E, 0xCE, 0x85, 0x35, 0xF7,
    0x26, 0x33, 0x36, 0x32, 0x9A, 0xBE, 0x91, 0xF6, 0xAF, 0x14, 0xD7, 0xD1, 0x6B, 0x8B, 0x10, 0xA5,
    0xC7, 0x15, 0xA9, 0x2B, 0x07, 0x95, 0xAD, 0xA8, 0x7A, 0x85, 0xC7, 0x02, 0x60, 0x61, 0x47, 0x8D,
    0xD4, 0x05, 0xF5, 0x4C, 0x58, 0x2D, 0xA2, 0xAD, 0x1E, 0xA5, 0x98, 0x02, 0xCA, 0x01, 0xDD, 0x54,
    0xD7, 0x96, 0x80, 0x72, 0x34, 0xD7, 0x97, 0x6E, 0x30, 0x1F, 0x42, 0x43, 0xE6, 0x23, 0xF1, 0xAA,
    0x39, 0x2D, 0xF7, 0x5F, 0xC3, 0xFD, 0xD3, 0x97, 0xB8, 0xFF, 0xFA, 0x99, 0x82, 0xC2, 0xF7, 0x7D,
    0xBD, 0x07, 0xCA, 0x7A, 0x67, 0x1F, 0xB5, 0x9E, 0x00, 0xF8, 0x99, 0x40, 0xE7, 0x89, 0xD0, 0x93,
    0x04, 0xBF, 0x48, 0x7D, 0xCA, 0x90, 0x87, 0xD5, 0x61, 0xE7, 0xC0, 0x45, 0xCB, 0x45, 0x18, 0x14,
    0x84, 0xAC, 0x09, 0x5A, 0x9A, 0x19, 0x80, 0x6A, 0x44, 0xBF, 0x58, 0xAC, 0xD2, 0xEA, 0x00, 0x06,
    0xBF, 0x02, 0x9E, 0x31, 0xE6, 0xEC, 0x31, 0x03, 0xFA, 0x60, 0x01, 0x6F, 0xA1, 0xA9, 0x1F, 0xEF,
    0xE6, 0xA3, 0x84, 0x68, 0xEA, 0xDD, 0x84, 0x74, 0x0B, 0xAC, 0x76, 0x52, 0xDA, 0xC4, 0x2B, 0x63,
    0xD3, 0x45, 0x75, 0x23, 0x4C, 0x44, 0x06, 0xC4, 0x39, 0x22, 0x97, 0x1E, 0x02, 0x02, 0x73, 0x25,
    0x7D, 0x31, 0x35, 0x4D, 0xAB, 0xAD, 0x07, 0x1E, 0xBB, 0xAE, 0xD6, 0x5F, 0x4F, 0x78, 0xF0, 0xA1,
    0x05, 0xA4, 0x17, 0xA8, 0xF4, 0x3D, 0x0F, 0x60, 0x24, 0xE3, 0xD0, 0x8F, 0x81, 0x76, 0xD0, 0x23,
    0xD0, 0x0C, 0x40, 0xD7, 0x52, 0x1B, 0x49, 0xFD, 0xC7, 0xD0, 0x43, 0xFB, 0x13, 0x4C, 0xA0, 0xC5,
    0x8C, 0xF4, 0x1D, 0x07, 0xC8, 0x4C, 0x2F, 0x1F, 0x69, 0x6B, 0x35, 0xB0, 0xEA, 0xAC, 0xB2, 0xC1,
    0x20, 0xA1, 0x86, 0x0E, 0x33, 0x80, 0x72, 0x32, 0xB7, 0x2A, 0x67, 0x51, 0xE9, 0x02, 0xAB, 0x4D,
    0x3C, 0x15, 0x2B, 0xE5, 0x08, 0x18, 0xAE, 0x5D, 0x03, 0x61, 0x1A, 0x0A, 0x68, 0x3C, 0xE1, 0x80,
    0x6A, 0xDE, 0x82, 0xE0, 0x08, 0x0F, 0x6A, 0x98, 0x81, 0xA4, 0xDE, 0x7D, 0x63, 0x02, 0x94, 0x60,
    0xA0, 0x04, 0x18, 0x01, 0x33, 0xA4, 0x1E, 0xC8, 0x80, 0x1E, 0xC3, 0x34, 0x11, 0x71, 0xEE, 0xB0,
    0xB7, 0x80, 0x59, 0x09, 0x16, 0x20, 0xD9, 0xC1, 0xE2, 0x99, 0xD2, 0xE2, 0x99, 0xCA, 0x66, 0x0B,
    0xFA, 0xA1, 0xD0, 0x0F, 0xCE, 0x03, 0x22, 0x01, 0xB3, 0x6A, 0x08, 0x46, 0xFB, 0xA8, 0x75, 0xB3,
    0xE1, 0x9D, 0x1A, 0x58, 0xA3, 0x9C, 0xD9, 0xD0, 0x05, 0x0B, 0xEC, 0x6A, 0x48, 0x08, 0x64, 0x0E,
    0x72, 0xE5, 0x84, 0x9E, 0x18, 0x72, 0xAC, 0xE9, 0x31, 0x08, 0x60, 0x06, 0xA0, 0xB9, 0x83, 0xDF,
    0xD1, 0x0B, 0x12, 0x22, 0x05, 0xC2, 0xF8, 0x23, 0x66, 0x5A, 0x8D, 0x34, 0x8A, 0xD5, 0x46, 0xCC,
    0x08, 0xF0, 0x7B, 0x2D, 0x51, 0x27, 0x5B, 0x72, 0x79, 0x61, 0x00, 0x8A, 0x11, 0xDC, 0xD1, 0xE0,
    0xBC, 0x2A, 0x8E, 0xCE, 0xAF, 0xA2, 0xD6, 0xD0, 0x37, 0x11, 0x8C, 0x25, 0x15, 0xCA, 0x0B, 0x1C,
    0x5E, 0x5C, 0x82, 0x94, 0xC4, 0x08, 0xF8, 0x90, 0xC2, 0xAF, 0x64, 0xF8, 0x15, 0x1A, 0x9C, 0xE4,
    0x02, 0xDC, 0x25, 0x15, 0x36, 0xB8, 0x8B, 0xD7, 0x13, 0x5C, 0xE6, 0xF0, 0xD2, 0xCC, 0x34, 0x51,
    0x62, 0x2A, 0x68, 0x23, 0x67, 0x6A, 0x86, 0x7C, 0xC6, 0x62, 0x3B, 0xD3, 0x17, 0x88, 0xAC, 0x7A,
    0x6E, 0xEE, 0x74, 0xB6, 0x13, 0x19, 0xD1, 0x5A, 0x74, 0x75, 0x72, 0x99, 0x31, 0xE6, 0x1F, 0xD9,
    0xE0, 0x2F, 0xCC, 0x88, 0x45, 0x05, 0xE0, 0xF0, 0x78, 0xEA, 0xF0, 0x78, 0x16, 0x30, 0x97, 0x04,
    0x1E, 0xCF, 0x27, 0xA0, 0xB0, 0xF4, 0x4B, 0xA2, 0x1C, 0xB9, 0x44, 0x3D, 0x16, 0xC6, 0x10, 0x52,
    0x77, 0xED, 0x29, 0x39, 0x90, 0x2B, 0x10, 0x55, 0xA6, 0x0A, 0xB0, 0x01, 0x26, 0x2E, 0x26, 0xBE,
    0xDE, 0xAA, 0x72, 0xC0, 0x02, 0x57, 0xC3, 0xDF, 0xD6, 0xEA, 0x4F, 0xDB, 0x93, 0xAB, 0xC6, 0x9A,
    0xD3, 0x73, 0xD5, 0x93, 0x98, 0x81, 0xF9, 0x60, 0x6A, 0x6A, 0xD0, 0x76, 0x78, 0xE2, 0x47, 0xD6,
    0x83, 0x67, 0x1E, 0x2D, 0xE4, 0x57, 0x8E, 0xFC, 0x7A, 0x06, 0xAF, 0x7E, 0x63, 0x15, 0x07, 0x1A,
    0x02, 0x6B, 0xB5, 0x76, 0xA6, 0xBC, 0xB9, 0x3C, 0xC2, 0x29, 0xCD, 0x65, 0xAA, 0xA6, 0x39, 0x03,
    0xCE, 0x0D, 0x34, 0x54, 0x4C, 0x1D, 0xA8, 0xAD, 0x80, 0xE5, 0x28, 0x85, 0x85, 0x84, 0x1E, 0x34,
    0xFD, 0x02, 0xAE, 0x25, 0x48, 0x23, 0x8B, 0xA2, 0xAC, 0xC0, 0x79, 0x74, 0xF8, 0x4F, 0x4A, 0x42,
    0x61, 0x41, 0xB0, 0xFF, 0x44, 0xD0, 0x2E, 0x38, 0x1A, 0xE5, 0x08, 0xB1, 0xF9, 0x3F, 0xB5, 0x4C,
    0x31, 0x6D, 0x6D, 0xF9, 0x2C, 0x21, 0x74, 0x5B, 0x38, 0x56, 0x06, 0xC1, 0x12, 0x31, 0x2C, 0x8D,
    0x3D, 0xE9, 0xE6, 0x93, 0x0C, 0x6E, 0xEA, 0xEC, 0xF7, 0x30, 0xD3, 0xB1, 0xEC, 0x01, 0x66, 0xAB,
    0x43, 0x68, 0x34, 0x15, 0x4F, 0x59, 0x1C, 0x50, 0x0D, 0x27, 0x1B, 0x6D, 0x4F, 0x32, 0xCF, 0x74,
    0x02, 0x8A, 0xF8, 0x1D, 0xCE, 0x63, 0x55, 0x3C, 0xFA, 0x4F, 0x16, 0xCC, 0x23, 0x75, 0x40, 0xE6,
    0x8A, 0x19, 0xD0, 0xC0, 0x8C, 0x6E, 0xF2, 0x29, 0x58, 0x48, 0x49, 0x03, 0x21, 0x10, 0x05, 0xA0,
    0x20, 0x33, 0xA2, 0x43, 0x0C, 0xDC, 0xB4, 0x66, 0x78, 0x9B, 0x9D, 0x57, 0x8C, 0xC0, 0xD5, 0x84,
    0x89, 0xC3, 0x46, 0x3B, 0xFC, 0x1B, 0x30, 0xBA, 0x8C, 0x1A, 0xB0, 0x95, 0x03, 0x8C, 0x4B, 0xC4,
    0x76, 0x88, 0x2E, 0x93, 0xCC, 0xA9, 0xFF, 0xCD, 0xD3, 0x29, 0xFB, 0x8D, 0x3C, 0x99, 0xB2, 0x23,
    0xB9, 0x6B, 0xB3, 0x49, 0x6E, 0xD9, 0x7C, 0x92, 0x33, 0xB6, 0xB0, 0xA2, 0xC7, 0xC2, 0x7E, 0xAA,
    0x07, 0x6D, 0x7F, 0x5C, 0x0E, 0x7A, 0xFC, 0xCB, 0xAA, 0xD7, 0xE3, 0x5F, 0x54, 0x7D, 0x39, 0x60,
    0x0C, 0xAC, 0x97, 0x69, 0x2B, 0x82, 0x11, 0xB5, 0x06, 0xBA, 0x57, 0xCF, 0x0B, 0xCB, 0xC1, 0x5A,
    0x87, 0x04, 0x28, 0x1D, 0x60, 0xD3, 0x6F, 0xC9, 0x0B, 0x43, 0xBE, 0x43, 0x0F, 0x65, 0x30, 0xCE,
    0xC1, 0x92, 0x7D, 0xF0, 0x23, 0x4B, 0x37, 0x70, 0x2A, 0xF7, 0x17, 0x60, 0xCA, 0x73, 0x1A, 0x87,
    0x87, 0x3E, 0x80, 0x01, 0x68, 0xD6, 0xE5, 0x03, 0xA4, 0x4F, 0x89, 0x0C, 0x68, 0x33, 0x4F, 0x2C,
    0x58, 0xD2, 0x3C, 0x54, 0xEF, 0x0E, 0x5F, 0x29, 0xA7, 0xB5, 0x84, 0xAB, 0xB8, 0x8C, 0x85, 0xF8,
    0x5D, 0x09, 0x27, 0xAC, 0x68, 0x80, 0x31, 0xE6, 0x8A, 0x83, 0x66, 0x93, 0x68, 0x15, 0xE6, 0xF9,
    0x4C, 0x37, 0xEF, 0x67, 0xBA, 0xDF, 0x47, 0xA2, 0x14, 0xBD, 0x13, 0x58, 0xF2, 0xB0, 0xB7, 0x58,
    0x90, 0x3F, 0x32, 0xAC, 0x52, 0xFD, 0x7C, 0xCF, 0x21, 0x7D, 0x66, 0x00, 0xF3, 0x87, 0xE6, 0x97,
    0x4B, 0x11, 0xCE, 0xD9, 0xD7, 0x2F, 0x8E, 0x5F, 0x44, 0x47, 0x6C, 0xB1, 0x21, 0x46, 0x90, 0xEA,
    0xD9, 0x26, 0xE6, 0x1F, 0x44, 0x85, 0x31, 0xF4, 0x8C, 0x6F, 0xC1, 0xA8, 0xCE, 0xC1, 0x21, 0xD8,
    0xC1, 0xD6, 0x5F, 0x33, 0xEC, 0x77, 0xB5, 0xF6, 0x9C, 0x5C, 0x01, 0x82, 0x30, 0x78, 0xB0, 0x7A,
    0xC1, 0x26, 0xA6, 0x61, 0xB8, 0x24, 0xDA, 0x0E, 0xA8, 0xDF, 0xB9, 0x78, 0x74, 0xF0, 0x4A, 0xB9,
    0x64, 0x9B, 0x39, 0xB0, 0xCD, 0x1C, 0x78, 0xF1, 0x56, 0xE0, 0x44, 0xCB, 0x1E, 0xCC, 0x2D, 0x22,
    0xE9, 0x80, 0x52, 0xE6, 0xD5, 0x87, 0x19, 0x8B, 0x61, 0xD4, 0xC2, 0xED, 0x80, 0x87, 0xA7, 0x58,
    0xA0, 0xFC, 0x62, 0x29, 0x87, 0xEA, 0x1A, 0xAA, 0x70, 0x73, 0x1D, 0x55, 0x38, 0xCA, 0x77, 0x03,
    0xCC, 0xC0, 0x47, 0x33, 0x7C, 0xE6, 0xE6, 0xD4, 0x29, 0x73, 0xF3, 0x91, 0xE7, 0x0A, 0xBA, 0x35,
    0x17, 0xA5, 0x42, 0x31, 0x2B, 0x8E, 0x54, 0x8E, 0x31, 0xF2, 0xAD, 0xD6, 0xDA, 0xF5, 0x9A, 0x11,
    0x8A, 0x36, 0xCA, 0xAA, 0xA4, 0xB2, 0x18, 0x5D, 0x1F, 0x0A, 0x44, 0x7F, 0xEA, 0xE3, 0x06, 0x23,
    0x13, 0xCB, 0x1A, 0x62, 0x24, 0xFA, 0x18, 0xF9, 0xB5, 0xD8, 0xDD, 0x66, 0xF4, 0x73, 0x2E, 0xF7,
    0x8F, 0x68, 0x5C, 0xF9, 0xA2, 0x0A, 0x87, 0x3E, 0xCB, 0x29, 0x15, 0x74, 0x07, 0x0B, 0x43, 0x67,
    0xD2, 0xAF, 0x61, 0x0E, 0x43, 0x71, 0x3C, 0xE8, 0x6F, 0x89, 0x08, 0x46, 0xA8, 0x72, 0xA2, 0x70,
    0xF8, 0xFF, 0x2C, 0x47, 0x68, 0x84, 0x0B, 0x81, 0x89, 0x5B, 0xA8, 0xBB, 0x24, 0x2A, 0x5B, 0x00,
    0x23, 0x37, 0x45, 0x63, 0x58, 0x0C, 0xE2, 0xCE, 0xC5, 0xC3, 0x60, 0x07, 0x2B, 0x3A, 0x20, 0x9E,
    0xA0, 0x54, 0x57, 0x00, 0x91, 0x4F, 0x55, 0x42, 0xF1, 0x53, 0x2F, 0xF0, 0x80, 0xA9, 0x1C, 0x43,
    0xD0, 0x60, 0xCC, 0xA0, 0x83, 0xD1, 0xBC, 0xB8, 0x9C, 0xF4, 0x2E, 0x5A, 0x3F, 0x4C, 0x94, 0x6D,
    0x12, 0x84, 0xF7, 0xEE, 0x41, 0x63, 0x9B, 0xB5, 0x28, 0x18, 0x4F, 0x49, 0x37, 0xD2, 0x76, 0x62,
    0xEB, 0x69, 0x38, 0x7B, 0x3B, 0x13, 0xAF, 0x47, 0xE1, 0xC6, 0xC8, 0x27, 0x0B, 0x56, 0x25, 0x75,
    0xD8, 0xDE, 0x64, 0xAE, 0xBA, 0xEE, 0xB2, 0xB8, 0xA9, 0xFA, 0x28, 0x60, 0xCE, 0xA7, 0xE6, 0x83,
    0xA9, 0xB0, 0x01, 0x5D, 0x61, 0xB5, 0x15, 0x60, 0x14, 0x0D, 0xA0, 0x07, 0x3C, 0xA9, 0x47, 0x3C,
    0x89, 0x45, 0x0D, 0xEB, 0x79, 0x17, 0xF3, 0x33, 0x22, 0x12, 0xD0, 0x36, 0x84, 0x5A, 0xCA, 0x1B,
    0x73, 0xE2, 0xAA, 0x1B, 0x53, 0xE2, 0xCC, 0x47, 0x53, 0xEA, 0xCC, 0xCF, 0x2C, 0x7A, 0xFE, 0x00,
    0x68, 0x0A, 0x04, 0xD6, 0x46, 0x8F, 0x19, 0xB2, 0xFB, 0x98, 0x5B, 0xAF, 0x87, 0x02, 0x46, 0xD2,
    0x17, 0x76, 0x29, 0x11, 0x53, 0x17, 0x04, 0xD6, 0x2F, 0x9C, 0x69, 0xF5, 0x97, 0x40, 0x79, 0xDD,
    0x99, 0xBA, 0x82, 0xA5, 0x00, 0x53, 0xA3, 0xCC, 0xDD, 0xA3, 0xAE, 0xE6, 0x18, 0x43, 0x40, 0x03,
    0xD0, 0x08, 0x8B, 0x5E, 0xA5, 0xB3, 0x86, 0x19, 0xC8, 0xC3, 0x76, 0x2D, 0x2B, 0xAA, 0x87, 0x02,
    0xBD, 0x7E, 0x88, 0x45, 0xE0, 0x17, 0xCC, 0x8A, 0x16, 0xE5, 0xF2, 0x0B, 0x9D, 0xE7, 0x5C, 0xA8,
    0x38, 0x47, 0x95, 0x3D, 0x0B, 0x39, 0x2E, 0x8B, 0x0B, 0x1D, 0x50, 0xCC, 0x69, 0x84, 0x9E, 0xB8,
    0xE4, 0x38, 0x3D, 0xD8, 0x4A, 0xA6, 0x01, 0x63, 0xD0, 0x2B, 0xD0, 0xA0, 0x58, 0xFC, 0x17, 0x48,
    0xA0, 0x58, 0x20, 0x63, 0xE2, 0x02, 0xD0, 0xDB, 0x4C, 0x1C, 0x21, 0x71, 0xE5, 0x32, 0xE5, 0x53,
    0x21, 0x0B, 0x21, 0x41, 0xB1, 0x3F, 0x82, 0x4E, 0x9B, 0x33, 0x01, 0x63, 0x39, 0x74, 0x67, 0x90,
    0xF8, 0xA5, 0x1C, 0x00, 0x2A, 0xD6, 0x03, 0xE2, 0x0C, 0x60, 0x4D, 0xDB, 0xF8, 0xDA, 0xB4, 0x9C,
    0xFD, 0xCB, 0x8F, 0x02, 0x80, 0x73, 0x00, 0x25, 0x62, 0x11, 0x4E, 0x04, 0x5B, 0xC5, 0xEC, 0xE7,
    0x24, 0x26, 0x74, 0x6D, 0x63, 0x50, 0x8E, 0xF1, 0x98, 0x41, 0xB4, 0xDA, 0x2F, 0xC2, 0xE3, 0x09,
    0xCF, 0xB1, 0xE0, 0xD8, 0xAA, 0xBF, 0x0B, 0x46, 0xB5, 0x21, 0xE5, 0x2A, 0x64, 0x1B, 0x92, 0x83,
    0xA0, 0x64, 0x02, 0xA3, 0x25, 0x6D, 0x48, 0xF1, 0x99, 0xA7, 0x2B, 0x38, 0x06, 0xC7, 0xE9, 0xD8,
    0x09, 0x0F, 0x3D, 0x0D, 0x69, 0x5E, 0x46, 0x18, 0xA6, 0x58, 0xD8, 0xE4, 0x5D, 0x94, 0x22, 0x30,
    0x42, 0x98, 0xCA, 0x69, 0x40, 0xB2, 0x39, 0x9B, 0x00, 0x3C, 0x91, 0xCF, 0x85, 0xF8, 0x82, 0xFA,
    0x2B, 0x26, 0xFD, 0x64, 0xD1, 0x16, 0xA7, 0x03, 0xC0, 0x6D, 0x07, 0x9B, 0xBC, 0x8D, 0xF0, 0x02,
    0x53, 0xA9, 0x7A, 0xC0, 0xB4, 0xDC, 0xB1, 0xD7, 0xE6, 0xA7, 0x82, 0x71, 0x5B, 0xE8, 0xA0, 0xA9,
    0xAB, 0x91, 0x91, 0x0A, 0xD2, 0x14, 0xDB, 0x09, 0x48, 0x73, 0x88, 0xAA, 0x45, 0xFA, 0x12, 0xA8,
    0xCB, 0x67, 0xB9, 0x9A, 0x60, 0xC6, 0xE4, 0xCE, 0xA8, 0xA3, 0x44, 0x55, 0x94, 0x8D, 0x3B, 0x28,
    0xC0, 0x58, 0xCC, 0xBC, 0xEB, 0x59, 0xAE, 0xFC, 0x54, 0x20, 0x07, 0x1F, 0x64, 0x88, 0x35, 0x13,
    0x93, 0xFC, 0x15, 0xD6, 0x94, 0xCD, 0x17, 0x92, 0xC9, 0x63, 0xAF, 0xE5, 0x37, 0x4B, 0xB9, 0x5C,
    0x5C, 0x0C, 0x82, 0x02, 0x3C, 0xD9, 0x35, 0xC1, 0x83, 0xE1, 0xBD, 0x6C, 0x58, 0x08, 0x16, 0x56,
    0xF0, 0x17, 0xDB, 0xFD, 0xD7, 0x43, 0xDB, 0xC8, 0x2F, 0xAC, 0x11, 0x06, 0x0D, 0x7A, 0xEE, 0xA5,
    0x50, 0x45, 0x01, 0x46, 0x38, 0x0E, 0x90, 0xC8, 0xC0, 0x95, 0xDD, 0xCE, 0x04, 0xA6, 0xAE, 0x56,
    0xE5, 0x13, 0x19, 0x61, 0xEB, 0x94, 0x67, 0x61, 0xD9, 0x6A, 0xF3, 0x58, 0xBC, 0xFD, 0x56, 0x3A,
    0xE6, 0x98, 0x80, 0x9E, 0x58, 0x0A, 0x85, 0xF3, 0x99, 0x81, 0xA6, 0xDB, 0xAE, 0xC9, 0x3D, 0x61,
    0xC8, 0x08, 0x55, 0x44, 0x27, 0x23, 0xC4, 0x9C, 0x0A, 0x7F, 0x71, 0xD6, 0x53, 0x3E, 0x63, 0x32,
    0xA8, 0xE1, 0x9A, 0xD1, 0x50, 0x8B, 0x4C, 0x60, 0xFF, 0x5E, 0x8D, 0x4D, 0xCF, 0x3D, 0x47, 0x69,
    0x59, 0x20, 0xA0, 0x8B, 0xBE, 0xE0, 0xD4, 0x58, 0x1D, 0xBC, 0xEB, 0x19, 0xBF, 0x06, 0x2C, 0x92,
    0xCD, 0x8E, 0x2E, 0x4E, 0x8A, 0xD9, 0x1C, 0x81, 0x15, 0xE7, 0x70, 0x96, 0x85, 0x61, 0xC9, 0x3E,
    0xFC, 0xD9, 0x18, 0x8A, 0x4E, 0xE1, 0x20, 0xB0, 0x63, 0xA0, 0xE8, 0x2B, 0x11, 0x18, 0x1A, 0x63,
    0xD6, 0x11, 0xB3, 0x50, 0x1B, 0x0A, 0x99, 0x03, 0x9A, 0x85, 0x76, 0xAB, 0xA8, 0xD0, 0xE7, 0xA5,
    0xDB, 0x4B, 0x2A, 0x4F, 0x96, 0x42, 0x9E, 0x42, 0x9D, 0x97, 0xA0, 0xCE, 0x62, 0x61, 0xC9, 0xD0,
    0xF4, 0x05, 0xD4, 0xC9, 0xA6, 0xA3, 0x3A, 0x4B, 0xDB, 0xB5, 0x98, 0xF1, 0x83, 0x10, 0x89, 0x94,
    0x16, 0x87, 0x39, 0x5D, 0xD9, 0xC9, 0x06, 0x6B, 0x97, 0xB9, 0xF0, 0x17, 0x1C, 0xA3, 0x75, 0x35,
    0x72, 0x49, 0x2E, 0x4D, 0xB4, 0xF7, 0x06, 0x8A, 0x6E, 0xFC, 0xDF, 0x33, 0x91, 0xA3, 0x76, 0xCB,
    0x47, 0x73, 0x78, 0xC9, 0x96, 0xAB, 0x2C, 0xA1, 0xF2, 0x49, 0x26, 0x44, 0xBB, 0x3A, 0x45, 0xCC,
    0x13, 0xAC, 0x80, 0xFE, 0x12, 0x12, 0x37, 0xFA, 0xC6, 0x21, 0xE6, 0x5C, 0xDE, 0x1C, 0xC1, 0xEA,
    0xD6, 0x00, 0x36, 0xF7, 0x7A, 0x4A, 0x20, 0x1B, 0xBB, 0x90, 0xC3, 0x96, 0xA6, 0x04, 0x1D, 0x79,
    0xCA, 0x75, 0xE5, 0x15, 0x55, 0x4D, 0x9E, 0xC9, 0x6B, 0x5C, 0x34, 0x58, 0x2F, 0xA9, 0x85, 0x98,
    0x41, 0xEE, 0x39, 0x9C, 0x14, 0x61, 0xBB, 0xAB, 0xCE, 0xA6, 0x4B, 0x90, 0xBD, 0x90, 0x09, 0x0D,
    0x66, 0x27, 0x23, 0x4E, 0xEF, 0x66, 0xFE, 0x2E, 0x87, 0x27, 0x97, 0x0F, 0xC2, 0xBC, 0x6D, 0x21,
    0x7C, 0x6E, 0x0E, 0x75, 0x95, 0x86, 0x1B, 0xC3, 0x95, 0x97, 0xCA, 0x52, 0xB6, 0xCC, 0x51, 0x3F,
    0x2C, 0x02, 0x58, 0x55, 0x61, 0xCD, 0x26, 0x36, 0xE8, 0x06, 0xD9, 0x92, 0xE6, 0x26, 0xD6, 0xC8,
    0xC3, 0xB1, 0x92, 0xF0, 0x8D, 0x41, 0xBD, 0xAD, 0x5A, 0xD5, 0x28, 0x98, 0x0D, 0xC2, 0x96, 0x39,
    0x3F, 0xA9, 0x4A, 0xEC, 0x7A, 0xF0, 0xBC, 0x28, 0x7C, 0x5E, 0xBB, 0xFF, 0x74, 0xAD, 0x31, 0x93,
    0x50, 0x85, 0x30, 0xB8, 0x16, 0x4E, 0xF1, 0xCC, 0x0B, 0x80, 0x35, 0x16, 0x4B, 0xC3, 0xD0, 0x2D,
    0x35, 0xB0, 0xA8, 0xF5, 0xA7, 0x12, 0xFD, 0x00, 0xEB, 0x49, 0xC5, 0x04, 0x94, 0xA1, 0xB8, 0x02,
    0x7A, 0x4C, 0x31, 0x04, 0x10, 0xA2, 0x5F, 0x51, 0x3E, 0xC0, 0xB7, 0xAB, 0x01, 0x19, 0xAE, 0xEA,
    0xE9, 0x32, 0x11, 0x58, 0x87, 0x16, 0xE8, 0xDE, 0x03, 0x04, 0x73, 0x48, 0x3C, 0xF0, 0xFF, 0x1D,
    0xAB, 0xD5, 0x99, 0x9E, 0x31, 0x02, 0x9E, 0x35, 0x65, 0x28, 0x3E, 0xF3, 0x05, 0xB6, 0x59, 0xF8,
    0x44, 0x7A, 0x2D, 0x99, 0xB4, 0x5A, 0x3E, 0x20, 0x2E, 0xC3, 0xAE, 0xEE, 0x3D, 0x6C, 0x54, 0xF9,
    0xB9, 0x6F, 0x54, 0x75, 0xCB, 0x75, 0xAA, 0xBA, 0x39, 0x77, 0xCA, 0x7C, 0x64, 0x61, 0xCE, 0xA7,
    0x87, 0x45, 0x99, 0xF7, 0x5B, 0xF4, 0xA7, 0x12, 0xB7, 0xA2, 0x43, 0xC4, 0x87, 0x94, 0x2C, 0x1D,
    0x5C, 0x40, 0x2C, 0xAC, 0x55, 0x11, 0x30, 0x03, 0xFA, 0xE8, 0xAF, 0x01, 0x11, 0x4F, 0x2C, 0xAA,
    0x0C, 0x80, 0x56, 0x63, 0x3D, 0x3C, 0xE6, 0x00, 0xD4, 0xB6, 0xD5, 0xC3, 0x53, 0xF0, 0x2D, 0x15,
    0x7D, 0x4B, 0xC3, 0xD1, 0xAB, 0x2D, 0x9C, 0xA0, 0x28, 0x60, 0x6B, 0xF3, 0xCD, 0x0F, 0x9A, 0xE8,
    0x9B, 0x55, 0xF0, 0x4D, 0x4F, 0xE7, 0xC6, 0x7C, 0x4A, 0xA2, 0x71, 0x00, 0x7E, 0x95, 0xFB, 0xBB,
    0x21, 0x6C, 0xC5, 0x49, 0xE9, 0xF9, 0xB7, 0x4F, 0xA2, 0x96, 0x15, 0x9C, 0x0F, 0xB0, 0x57, 0x9F,
    0x9B, 0x30, 0x1F, 0xF9, 0x60, 0x01, 0x4A, 0x9E, 0x03, 0x19, 0x96, 0x4B, 0x87, 0xDC, 0x51, 0xF4,
    0x61, 0x37, 0x07, 0x78, 0xC2, 0x45, 0xF4, 0x0C, 0x49, 0x3D, 0x07, 0xC2, 0x04, 0x99, 0x7D, 0xFC,
    0x05, 0x0C, 0xF4, 0x04, 0x32, 0xEB, 0xC7, 0x32, 0x29, 0x3A, 0xEC, 0xCB, 0x2B, 0xDF, 0x55, 0xFA,
    0x4E, 0xD0, 0xB9, 0xD8, 0x35, 0x32, 0x65, 0x63, 0x65, 0x93, 0x63, 0x45, 0x0E, 0xB4, 0x31, 0xB2,
    0xD2, 0x32, 0x47, 0xCD, 0xC8, 0xE0, 0x96, 0x33, 0xB6, 0x51, 0xFA, 0xF9, 0xDF, 0x8A, 0x21, 0x7B,
    0x22, 0xC6, 0x66, 0x4F, 0xA5, 0xB3, 0xF9, 0xDC, 0xDD, 0xB2, 0x85, 0x6D, 0x72, 0xA0, 0xCB, 0xAD,
    0x1E, 0x3F, 0x2B, 0xAC, 0x1E, 0xBC, 0x1E, 0xF5, 0x00, 0x07, 0x2F, 0x7B, 0xA7, 0x87, 0xF2, 0x9A,
    0xD3, 0x3D, 0x2A, 0x9B, 0xB2, 0x37, 0x1F, 0xB2, 0xBC, 0xC1, 0x21, 0x47, 0x6B, 0x4E, 0x4F, 0x48,
    0xC0, 0xD9, 0x64, 0xEA, 0xB8, 0xB0, 0x40, 0xBE, 0xAD, 0xEE, 0xF3, 0x47, 0x7A, 0xD0, 0xA1, 0xB6,
    0x44, 0x54, 0xA4, 0x03, 0x0A, 0xA2, 0x04, 0x8E, 0xFE, 0x95, 0x87, 0x2D, 0xBF, 0x64, 0x16, 0xFA,
    0x7C, 0x82, 0x45, 0xEE, 0xCA, 0xFF, 0xB7, 0x14, 0x4F, 0xD8, 0x3E, 0x81, 0x31, 0x37, 0x6B, 0xD4,
    0x5F, 0x62, 0xFE, 0x8D, 0xA7, 0xEF, 0x9A, 0xA8, 0x3C, 0x60, 0xCE, 0x01, 0x0D, 0x9A, 0xEA, 0x76,
    0x98, 0xFD, 0x0F, 0xB1, 0xB2, 0x1E, 0x1A, 0x66, 0x41, 0xA4, 0x9F, 0x78, 0x44, 0xF9, 0x6B, 0x9C,
    0xF8, 0x75, 0xE2, 0xC3, 0x19, 0xC0, 0xEC, 0xFB, 0x66, 0x15, 0xC1, 0x9A, 0x1A, 0xC2, 0x37, 0x75,
    0x07, 0xF9, 0x55, 0x77, 0xF5, 0xD7, 0x9E, 0x43, 0x62, 0xA5, 0x1E, 0xDE, 0x9B, 0x55, 0x79, 0xF9,
    0xEE, 0x88, 0xF9, 0xF4, 0x1C, 0x0C, 0x28, 0x88, 0x72, 0x3D, 0x33, 0xD9, 0x2E, 0xFE, 0x0A, 0x28,
    0x09, 0x1E, 0x64, 0x6C, 0x2A, 0x4E, 0xA6, 0x62, 0x59, 0xBE, 0x99, 0xF3, 0x51, 0x3E, 0x9A, 0xD3,
    0x5A, 0x4E, 0xDF, 0x8F, 0x07, 0xC4, 0x7B, 0x45, 0xC9, 0x9F, 0x9D, 0xF6, 0x69, 0x6D, 0x4E, 0x7B,
    0xA8, 0xF3, 0x5E, 0xD7, 0x0D, 0x66, 0x69, 0x10, 0xA8, 0x9D, 0x59, 0xD0, 0x93, 0x1E, 0x59, 0x56,
    0x79, 0x62, 0xBF, 0x92, 0x06, 0x58, 0x49, 0x13, 0xB1, 0x92, 0xE6, 0xD2, 0xEE, 0x50, 0x59, 0xA0,
    0xF9, 0x55, 0x6F, 0x0E, 0x1F, 0x0A, 0x2C, 0xFD, 0x2A, 0x7D, 0x36, 0x9C, 0x79, 0x64, 0x12, 0x0F,
    0xA5, 0xF5, 0xFD, 0x92, 0x5A, 0xEC, 0x42, 0x2C, 0x56, 0xEA, 0xB3, 0x0E, 0xF3, 0x58, 0xD0, 0x0B,
    0x17, 0x85, 0x6B, 0xC2, 0x46, 0xD3, 0x5E, 0x03, 0x94, 0x66, 0x9B, 0x8C, 0x6D, 0x42, 0x58, 0x2D,
    0xE5, 0x9E, 0xCD, 0x3D, 0x16, 0xE5, 0xFB, 0xD5, 0x7E, 0x2D, 0x8D, 0xA6, 0x47, 0x5F, 0xD8, 0x60,
    0x29, 0xBA, 0x5F, 0x56, 0x4B, 0x09, 0x1B, 0x9B, 0xBE, 0xFA, 0x10, 0x88, 0xBA, 0x66, 0xF9, 0xB1,
    0xE9, 0xBA, 0x83, 0xAE, 0xD5, 0xAA, 0xEB, 0xF2, 0x91, 0xA8, 0xEE, 0xA9, 0x78, 0xD5, 0x7D, 0xB3,
    0x78, 0x94, 0xA7, 0x13, 0xC4, 0xFD, 0x62, 0x57, 0xE5, 0x96, 0xCF, 0xAA, 0xDC, 0x8F, 0x08, 0x9E,
    0xA3, 0x01, 0x58, 0x9D, 0x22, 0x60, 0x44, 0x50, 0xD1, 0xA3, 0x53, 0x9F, 0xE1, 0x11, 0xE5, 0x51,
    0xED, 0x28, 0x69, 0x7E, 0xE9, 0x6B, 0x79, 0xE8, 0xA5, 0xEF, 0x3E, 0x87, 0x07, 0xFE, 0x30, 0x1F,
    0xD6, 0x6A, 0xB8, 0x05, 0x34, 0xA4, 0xBF, 0x5F, 0xEE, 0x2A, 0x07, 0x0C, 0x99, 0xCE, 0xEF, 0xCE,
    0x2A, 0x47, 0xC7, 0xAA, 0xA4, 0x56, 0x8C, 0x78, 0xA0, 0x73, 0x40, 0x1E, 0x4C, 0xF0, 0xEE, 0x14,
    0x7F, 0xD9, 0x49, 0x28, 0x6C, 0xE8, 0xDB, 0x0A, 0xF0, 0x0A, 0x1D, 0xF8, 0x04, 0x90, 0x7F, 0x0C,
    0x51, 0x88, 0x8F, 0x30, 0x5F, 0xE7, 0x1E, 0x01, 0x9B, 0x67, 0x3B, 0x04, 0x9C, 0x47, 0x41, 0x1B,
    0xBD, 0x42, 0x09, 0x76, 0x73, 0x84, 0x36, 0x1E, 0xCE, 0xBB, 0xC2, 0xF5, 0x36, 0x04, 0x34, 0x1F,
    0x02, 0xCD, 0xFB, 0x90, 0xB2, 0x41, 0xD4, 0x52, 0x4D, 0x86, 0x10, 0xDA, 0x5C, 0x9D, 0x3A, 0xF6,
    0xC4, 0x5D, 0x5F, 0xEF, 0x15, 0xC2, 0x2F, 0xBD, 0x65, 0x8D, 0x03, 0x9B, 0xDE, 0xAF, 0x7B, 0x65,
    0x3E, 0x0F, 0x3B, 0xE7, 0xA1, 0x43, 0x50, 0xEB, 0xFA, 0x6A, 0x94, 0x16, 0xAD, 0x36, 0x83, 0xB4,
    0xA6, 0xEF, 0x1E, 0x80, 0x22, 0x61, 0xF3, 0x99, 0x86, 0xAD, 0xFC, 0x11, 0xFE, 0x1B, 0xFC, 0x60,
    0x2C, 0x0F, 0x1B, 0x9B, 0xB3, 0xE4, 0xA1, 0x73, 0xF2, 0x0B, 0x95, 0x4C, 0x6C, 0x48, 0xA4, 0x56,
    0xD1, 0x1B, 0x31, 0x42, 0xF7, 0x1F, 0xD2, 0xAF, 0xCF, 0xBB, 0xF0, 0x7C, 0x46, 0x33, 0xCC, 0x26,
    0x98, 0x12, 0x1C, 0x5D, 0xC6, 0xDC, 0x76, 0x57, 0x6D, 0xC1, 0xAD, 0x4F, 0xF1, 0x88, 0xCB, 0x2E,
    0x8B, 0x06, 0xDC, 0x8A, 0xB1, 0xBC, 0x8B, 0x82, 0x13, 0xAB, 0x56, 0x86, 0x82, 0xB3, 0xDF, 0x15,
    0x9C, 0x82, 0xA4, 0xBE, 0x15, 0x9C, 0xA7, 0xE4, 0x3E, 0x0D, 0x10, 0x2B, 0x20, 0xB8, 0x21, 0xE5,
    0x39, 0xF6, 0x92, 0xCF, 0xE1, 0xEA, 0xC7, 0x91, 0xAA, 0xE3, 0x37, 0x31, 0x37, 0xB9, 0x3C, 0x65,
    0xA2, 0xA7, 0x77, 0x31, 0x80, 0x99, 0xB5, 0x6D, 0x2C, 0xE3, 0x22, 0x3A, 0xE0, 0x27, 0x1F, 0xD6,
    0xAD, 0x78, 0x01, 0x51, 0x32, 0x9E, 0x46, 0xB2, 0xFC, 0xFB, 0x67, 0x34, 0xF5, 0xDA, 0x85, 0x8D,
    0x6A, 0x6E, 0xC0, 0x18, 0x6F, 0x2C, 0x4A, 0x6E, 0x3A, 0x25, 0x1F, 0xAF, 0x0D, 0x9F, 0x37, 0xD2,
    0xF7, 0xB6, 0xD5, 0x2A, 0xF8, 0x1B, 0xBD, 0xE1, 0x94, 0x9C, 0xDB, 0xCE, 0xDB, 0x4B, 0xFB, 0x2D,
    0x79, 0x09, 0xD0, 0xF3, 0x7E, 0x38, 0x7D, 0x85, 0xBC, 0xA4, 0x08, 0xCD, 0x98, 0x6A, 0xEE, 0x11,
    0x32, 0x70, 0xCC, 0x56, 0xC5, 0x42, 0xE6, 0xAD, 0xD5, 0x31, 0x82, 0x69, 0x35, 0x6D, 0x88, 0x52,
    0xA9, 0x8B, 0xAF, 0x37, 0xA8, 0xD7, 0xAE, 0x60, 0xF7, 0xF3, 0xD4, 0x85, 0x19, 0xB3, 0x1E, 0x2A,
    0x1A, 0xB1, 0xD8, 0xD8, 0x46, 0x1C, 0xA2, 0xD7, 0x54, 0x18, 0xE7, 0xDC, 0x9A, 0xC3, 0x66, 0x78,
    0x3E, 0x4F, 0xA9, 0xD2, 0xC3, 0xE7, 0xC2, 0x58, 0x93, 0x5E, 0x2E, 0x8C, 0x10, 0xA3, 0x0D, 0xF2,
    0xC0, 0x30, 0xA9, 0x54, 0xCE, 0x6D, 0x1D, 0xA8, 0xB2, 0xFF, 0x97, 0xC5, 0xD1, 0x27, 0x70, 0x88,
    0x38, 0x7E, 0x2A, 0x50, 0x78, 0xE6, 0x63, 0x63, 0xF1, 0x88, 0x56, 0xAC, 0x6B, 0x19, 0xEC, 0x3E,
    0xCE, 0xE1, 0x9D, 0x4B, 0xF6, 0x39, 0xEF, 0xEA, 0x77, 0xC9, 0x13, 0x0B, 0xFD, 0x53, 0xAB, 0xBA,
    0x9F, 0x39, 0x25, 0xDC, 0x11, 0x75, 0x43, 0xB8, 0x42, 0x6A, 0x96, 0xF5, 0xF0, 0x45, 0xCE, 0x60,
    0x39, 0xCE, 0x60, 0x35, 0x78, 0xAA, 0x58, 0xC2, 0x50, 0x69, 0x8D, 0xEA, 0xCD, 0xF4, 0x1D, 0x2A,
    0xFC, 0x02, 0x4D, 0xB3, 0xCD, 0xA1, 0xF1, 0x23, 0x62, 0xD1, 0xC6, 0xD0, 0x0E, 0x9A, 0xBD, 0x0E,
    0xA9, 0xFD, 0xB5, 0x49, 0x1D, 0xDB, 0x9A, 0x6C, 0x52, 0x51, 0xFF, 0x87, 0x3B, 0x30, 0xC8, 0x4F,
    0x9B, 0x36, 0xB8, 0x38, 0x2E, 0x9F, 0xAE, 0x45, 0x74, 0x26, 0x36, 0x3C, 0xC2, 0x89, 0x12, 0x63,
    0x44, 0x73, 0x71, 0x00, 0x34, 0x92, 0x5E, 0x57, 0x22, 0xFD, 0xF9, 0x4A, 0x78, 0xC5, 0x8C, 0xAB,
    0x69, 0x67, 0xAE, 0xB9, 0xC4, 0x21, 0x6E, 0xA5, 0xCE, 0xBC, 0xEF, 0xB2, 0x09, 0x41, 0xBD, 0xB4,
    0x30, 0x2A, 0xE4, 0x1E, 0x98, 0x7E, 0xAB, 0xA5, 0xFF, 0x94, 0x46, 0x95, 0xCD, 0x3C, 0xA5, 0x9F,
    0xAA, 0x56, 0x21, 0xD4, 0xB7, 0x2A, 0x47, 0xBC, 0xE7, 0x3D, 0x4E, 0xD9, 0x16, 0x63, 0xD3, 0x8C,
    0x3A, 0x5E, 0x2C, 0x5F, 0x25, 0x72, 0x5B, 0xDE, 0x41, 0x10, 0x29, 0x79, 0x75, 0x51, 0x21, 0x77,
    0x8C, 0xA6, 0x95, 0xA6, 0x47, 0x7E, 0x90, 0xD6, 0xD4, 0x46, 0x54, 0x03, 0x07, 0x7F, 0xB9, 0xBF,
    0xBC, 0x7A, 0x1D, 0xF7, 0xCA, 0xFE, 0x92, 0xAC, 0x01, 0x66, 0xEF, 0x7D, 0x92, 0xA6, 0x05, 0x64,
    0x77, 0xEB, 0xCB, 0xCF, 0x1B, 0xAF, 0xDF, 0x55, 0x1D, 0xC3, 0xDA, 0xB8, 0x0E, 0xCC, 0xB0, 0x16,
    0x7E, 0x3F, 0xBF, 0x91, 0xFD, 0x86, 0x52, 0xED, 0xFF, 0xE3, 0xA9, 0x90, 0xC1, 0x94, 0x7A, 0x83,
    0x9F, 0x1E, 0x74, 0xF1, 0x64, 0x30, 0x95, 0x29, 0x4A, 0xC8, 0xCF, 0xC9, 0x56, 0x72, 0xBF, 0xBF,
    0x54, 0x0F, 0x21, 0xD5, 0x2F, 0x9E, 0x49, 0xC5, 0x8F, 0xC4, 0xE6, 0xD9, 0x42, 0x45, 0xF6, 0xE2,
    0xF3, 0x7F, 0x0A, 0x10, 0x2F, 0x6D, 0x88, 0x1E, 0xC0, 0x05, 0x5E, 0x3C, 0x76, 0x94, 0x67, 0xE0,
    0xDA, 0x72, 0x59, 0x89, 0x78, 0x41, 0x1D, 0xCE, 0x09, 0xCC, 0x83, 0xE3, 0xE7, 0xFF, 0x7B, 0xDB,
    0x90, 0xA3, 0x8B, 0x73, 0x85, 0x02, 0x9F, 0xEB, 0xC9, 0xF2, 0xB1, 0xDB, 0xB5, 0x83, 0x0B, 0xAE,
    0x83, 0x12, 0x79, 0xED, 0x84, 0x3E, 0xF6, 0xB6, 0x21, 0xF8, 0xFC, 0xA0, 0x05, 0x4C, 0xBF, 0x8F,
    0xF6, 0x04, 0xAF, 0x66, 0x69, 0x69, 0xF9, 0xB4, 0xB6, 0x82, 0xA1, 0x36, 0x34, 0xD6, 0x0B, 0xB8,
    0x0C, 0xAD, 0x43, 0xB8, 0xB5, 0xA1, 0x83, 0xE3, 0xB5, 0xC8, 0xF1, 0x00, 0x14, 0x37, 0xFA, 0xC4,
    0xBA, 0xD9, 0x97, 0x4F, 0x0E, 0xBE, 0xFD, 0x68, 0xCE, 0x50, 0xBE, 0x06, 0xE0, 0x77, 0xA1, 0xCC,
    0xE5, 0xE0, 0xD5, 0xE5, 0xC0, 0x23, 0x58, 0x27, 0x59, 0xD0, 0xB0, 0x4A, 0x07, 0xE7, 0xD8, 0x2B,
    0x1B, 0x3B, 0x6E, 0xC4, 0x6F, 0xFF, 0xFB, 0xFC, 0x72, 0x6E, 0x8D, 0xA8, 0xF3, 0xDA, 0x76, 0x02,
    0x51, 0xAF, 0x2B, 0x12, 0x22, 0x45, 0x17, 0x2F, 0xD1, 0xAB, 0x87, 0xB9, 0x16, 0xF1, 0x5A, 0x18,
    0xB6, 0xC4, 0x13, 0x89, 0x78, 0x54, 0x98, 0x00, 0x2F, 0xB9, 0xD4, 0xDA, 0x75, 0x91, 0xDF, 0x04,
    0x4A, 0x99, 0xE3, 0xB1, 0x7B, 0xBE, 0x7B, 0x33, 0x23, 0x5D, 0xEF, 0xF4, 0x27, 0x34, 0x38, 0xC1,
    0xC1, 0xD9, 0x67, 0x53, 0x7D, 0x8B, 0x07, 0x5A, 0x03, 0xF6, 0x85, 0x93, 0x7E, 0x2A, 0xAE, 0x5C,
    0xB4, 0x63, 0xE5, 0xBF, 0x55, 0xE8, 0x6C, 0x7D, 0x14, 0xA6, 0x40, 0x33, 0xF7, 0xC6, 0x90, 0xDD,
    0x99, 0xDC, 0x99, 0xDB, 0xB9, 0x31, 0x6B, 0x55, 0x83, 0xFA, 0x16, 0x2A, 0x66, 0xAD, 0x4D, 0x7A,
    0x50, 0xDB, 0x85, 0xFC, 0xCA, 0x91, 0xB7, 0x67, 0xB0, 0xBC, 0xCD, 0x4A, 0xB7, 0xBC, 0xC5, 0xE5,
    0x95, 0xB5, 0x40, 0x90, 0xDD, 0x4A, 0x2A, 0xDF, 0x5C, 0x1D, 0x14, 0x2C, 0xFA, 0xCC, 0xC0, 0x7B,
    0x68, 0x3D, 0xAA, 0x7C, 0xEE, 0xC0, 0xC2, 0x0A, 0xA8, 0xAD, 0xD7, 0xF7, 0x51, 0xE1, 0x7A, 0xC6,
    0xB1, 0x6B, 0x8B, 0x9E, 0x41, 0x46, 0x41, 0x2E, 0x70, 0x60, 0x66, 0x8F, 0x71, 0x54, 0xA9, 0xD5,
    0x43, 0x85, 0xDE, 0xF4, 0x35, 0x61, 0x00, 0x47, 0xC1, 0x95, 0x7C, 0x56, 0xDD, 0x84, 0x3B, 0xFD,
    0x04, 0xC7, 0x46, 0xA0, 0xB9, 0x4C, 0xA3, 0x6A, 0xAE, 0x6E, 0x07, 0x46, 0x12, 0x49, 0x3B, 0x72,
    0x5D, 0x55, 0xA3, 0xE0, 0xFB, 0x0C, 0x3C, 0x35, 0xFB, 0xEA, 0x8A, 0x32, 0x76, 0xA9, 0xB8, 0x17,
    0xE2, 0xB8, 0xE6, 0x3D, 0x97, 0x1F, 0x1B, 0x31, 0x1F, 0xC9, 0x53, 0x57, 0xB6, 0xDB, 0x71, 0x77,
    0xEC, 0x76, 0xFC, 0xFB, 0xDB, 0x0D, 0x18, 0x10, 0x6D, 0x20, 0xE7, 0x3A, 0x15, 0x52, 0xAF, 0x2B,
    0x86, 0x1A, 0xD9, 0xC5, 0xFF, 0xB1, 0xA1, 0x60, 0x4D, 0x11, 0x02, 0x79, 0x23, 0x21, 0xEB, 0xCB,
    0x18, 0xCF, 0x70, 0x2F, 0x4D, 0x31, 0x75, 0x00, 0x7B, 0x9E, 0xBD, 0x1E, 0x6B, 0x4D, 0x0C, 0x4B,
    0xA9, 0x87, 0x11, 0xFD, 0x3C, 0x5D, 0xAB, 0x13, 0xDE, 0xC7, 0x17, 0x32, 0xC6, 0xA3, 0x2D, 0x0E,
    0x3C, 0x27, 0xAA, 0xE0, 0xC6, 0x7B, 0x5E, 0xF7, 0x5F, 0xBC, 0x5C, 0xF4, 0xEC, 0x0E, 0x8D, 0x6E,
    0x17, 0x9B, 0x28, 0xBD, 0x19, 0x5F, 0xD3, 0xAF, 0x59, 0xC9, 0x3F, 0xCB, 0x4A, 0xF9, 0x2E, 0x2B,
    0x2D, 0x97, 0x6C, 0xBC, 0x82, 0x8E, 0x49, 0xB4, 0x0F, 0xEF, 0x55, 0x10, 0x23, 0xEC, 0xB7, 0xB2,
    0x94, 0x83, 0x58, 0x77, 0x94, 0xD2, 0xC2, 0xBE, 0x80, 0x3E, 0x93, 0xBA, 0x59, 0x2F, 0xA3, 0x9F,
    0x83, 0x47, 0x4B, 0x3C, 0xA7, 0x1D, 0x6F, 0xD2, 0x58, 0xBC, 0x03, 0x7A, 0xC6, 0xB4, 0xD1, 0x8B,
    0x9E, 0xD9, 0xF3, 0x51, 0xC7, 0xD1, 0xBC, 0x02, 0x58, 0xD9, 0x70, 0x5C, 0x6E, 0x55, 0x80, 0x2E,
    0xBC, 0x68, 0xE3, 0x81, 0x0A, 0xE8, 0x4B, 0x3A, 0x4A, 0x70, 0xB3, 0x94, 0xC8, 0x36, 0x30, 0x32,
    0x49, 0xFC, 0x87, 0xF1, 0x14, 0x25, 0xE2, 0x0F, 0xF9, 0x0C, 0x0B, 0xFF, 0x13, 0x6D, 0xC1, 0x4F,
    0x99, 0xFE, 0xDD, 0xA7, 0xA6, 0x07, 0x5D, 0xD3, 0x62, 0x4E, 0x8B, 0x50, 0xCB, 0xE2, 0xC8, 0x75,
    0x05, 0xF9, 0xB3, 0x7E, 0xFC, 0xEB, 0x05, 0xFC, 0xD5, 0x23, 0x4F, 0x5A, 0xB0, 0xFC, 0xDA, 0x0A,
    0xF8, 0xE5, 0xCF, 0x41, 0x68, 0xB5, 0xBB, 0x42, 0x7D, 0x36, 0x23, 0x69, 0x02, 0xF5, 0xC0, 0xE1,
    0x8A, 0xB8, 0xF9, 0x9E, 0xCF, 0x56, 0x43, 0x3E, 0x21, 0x23, 0x15, 0x87, 0x93, 0xA8, 0xE2, 0xF1,
    0xA1, 0xC7, 0x91, 0xCD, 0x13, 0x47, 0x55, 0x5A, 0x62, 0xA0, 0x84, 0x13, 0x36, 0x8D, 0x77, 0x9D,
    0xAA, 0xEE, 0x62, 0x2B, 0x6A, 0x6E, 0x5D, 0xF7, 0xB5, 0xE9, 0x13, 0xE9, 0x99, 0x6A, 0xDA, 0x06,
    0x82, 0xB7, 0x46, 0x78, 0x14, 0x45, 0xE5, 0x02, 0x4D, 0xFF, 0x8E, 0xD4, 0x8C, 0xEF, 0x61, 0x27,
    0x99, 0x2D, 0x40, 0x4E, 0xCB, 0xE4, 0x65, 0xBE, 0xBF, 0x68, 0xB7, 0xEB, 0x83, 0x20, 0x48, 0xAF,
    0xE8, 0xF6, 0xAA, 0x20, 0xF4, 0x5C, 0xC1, 0xF3, 0xA6, 0xD2, 0x46, 0x58, 0x3C, 0x51, 0x5A, 0xED,
    0x79, 0xC7, 0x46, 0x7B, 0x4C, 0x01, 0xE9, 0x39, 0x46, 0xDF, 0xF5, 0x18, 0x08, 0x97, 0xAB, 0xF2,
    0x21, 0x95, 0x78, 0xDA, 0x01, 0xF8, 0x72, 0x82, 0xB2, 0x13, 0x90, 0x70, 0x4F, 0x51, 0x13, 0x18,
    0x68, 0xA9, 0xA8, 0xC9, 0xD2, 0x02, 0xFA, 0x08, 0xA3, 0x15, 0x4C, 0xFC, 0xB9, 0x07, 0xA0, 0xF1,
    0x57, 0xBE, 0xFE, 0x5B, 0xCE, 0x2F, 0xD4, 0x46, 0x80, 0x0B, 0xD8, 0xAE, 0xFF, 0x66, 0x5A, 0xD7,
    0xB3, 0x43, 0x0B, 0xCB, 0x95, 0x87, 0x75, 0x01, 0x3C, 0x82, 0x17, 0xF4, 0x0D, 0xEC, 0xAC, 0x6B,
    0x01, 0xD2, 0x00, 0x17, 0xC7, 0x40, 0xF7, 0x00, 0xBD, 0x6E, 0x06, 0xF4, 0xCC, 0x65, 0x99, 0x88,
    0xA3, 0x0B, 0x80, 0xC8, 0xBC, 0x2E, 0x40, 0x15, 0x30, 0xB2, 0xFB, 0x21, 0x00, 0xDD, 0x9B, 0x38,
    0x06, 0x61, 0xFC, 0xFE, 0x18, 0x2E, 0x42, 0x92, 0x90, 0x09, 0x52, 0xD2, 0x67, 0xE2, 0x31, 0x7A,
    0xB6, 0x9C, 0x5B, 0xDF, 0xE7, 0xA0, 0x23, 0xCD, 0xCF, 0x58, 0x30, 0x59, 0x2E, 0x17, 0xC1, 0x82,
    0x8B, 0x1F, 0xA9, 0x57, 0xDA, 0x72, 0x24, 0xAB, 0x50, 0xCA, 0x91, 0xD5, 0x60, 0xFA, 0x1D, 0x4D,
    0xBF, 0xB2, 0x69, 0xC9, 0x0E, 0x6C, 0xDA, 0xAE, 0x66, 0x9F, 0x5A, 0xDC, 0x8A, 0x59, 0xCB, 0x9C,
    0xCF, 0xFA, 0xC1, 0xD9, 0x62, 0x2A, 0xB1, 0xDE, 0xEC, 0x08, 0xAF, 0x76, 0x05, 0xBF, 0x8D, 0x80,
    0x98, 0xE1, 0xDD, 0xA6, 0x5A, 0x55, 0x04, 0xFA, 0x51, 0x80, 0x44, 0x34, 0x6D, 0x28, 0x10, 0xF6,
    0x2E, 0xF1, 0xD3, 0xE7, 0x2F, 0xF1, 0x85, 0x97, 0xF8, 0x7F, 0xA3, 0xAA, 0xDF, 0x79, 0x89, 0x0F,
    0x24, 0x35, 0x53, 0xD8, 0x0C, 0x14, 0x30, 0xE8, 0xA9, 0x0A, 0xEA, 0xB5, 0xEB, 0x34, 0xA8, 0x23,
    0x3C, 0x32, 0xEE, 0x85, 0xB7, 0xA6, 0x05, 0xBA, 0x1A, 0x28, 0xBE, 0xE5, 0x84, 0x72, 0x3C, 0x76,
    0x42, 0x39, 0x20, 0xD4, 0x4C, 0x06, 0x21, 0x68, 0xBB, 0x3B, 0x91, 0x29, 0x06, 0xB8, 0x76, 0x6D,
    0x90, 0xB2, 0xEB, 0xF1, 0x0F, 0x93, 0x84, 0xEF, 0x8C, 0x19, 0xEB, 0xB8, 0x9C, 0xE5, 0x27, 0xC4,
    0xD1, 0x13, 0x24, 0x61, 0x3A, 0x84, 0x80, 0x1D, 0xFD, 0x5F, 0x28, 0xFD, 0xC2, 0x5A, 0x80, 0x4B,
    0x2B, 0x96, 0x18, 0xF7, 0xDE, 0x73, 0xD8, 0x0F, 0xF5, 0xFB, 0xEF, 0xF4, 0xD2, 0xC2, 0x17, 0x46,
    0x23, 0x88, 0x3C, 0x99, 0x9E, 0x31, 0xB2, 0x1A, 0xB8, 0x78, 0x88, 0x5A, 0x75, 0x39, 0x8A, 0xD2,
    0x8F, 0x16, 0x04, 0x10, 0xC4, 0x85, 0x27, 0x93, 0x2A, 0xD0, 0x7B, 0x2E, 0x08, 0x13, 0x54, 0x47,
    0x70, 0x24, 0xC6, 0xF2, 0xD8, 0xE2, 0x55, 0x4D, 0xCC, 0xE7, 0xAF, 0x28, 0x00, 0xC3, 0x18, 0x3B,
    0x11, 0xBF, 0x09, 0x30, 0x45, 0x01, 0xF8, 0x3E, 0xED, 0x56, 0x30, 0x85, 0xC4, 0xF8, 0x62, 0x01,
    0xAA, 0x31, 0x5E, 0xDD, 0xAD, 0x3B, 0x1D, 0x6D, 0x83, 0xA3, 0x14, 0x98, 0xED, 0xA4, 0x31, 0x5D,
    0x94, 0xA8, 0x40, 0x88, 0x97, 0x4D, 0x0D, 0x08, 0xFD, 0x2C, 0xAA, 0x0B, 0x88, 0xA3, 0x01, 0x3D,
    0x86, 0x14, 0x0C, 0xC9, 0xD1, 0x76, 0x43, 0xFA, 0xDF, 0x3E, 0xC7, 0xA4, 0x01, 0x24, 0x2C, 0xE9,
    0x6D, 0xC6, 0x90, 0x3A, 0x85, 0x6D, 0xEB, 0x5C, 0xD2, 0x35, 0x1C, 0x97, 0x3A, 0x88, 0x84, 0x70,
    0x26, 0x35, 0x67, 0x17, 0x1E, 0x10, 0x17, 0x68, 0x37, 0xAE, 0x1B, 0x90, 0x3C, 0xFC, 0x5E, 0x3F,
    0x25, 0xAB, 0xAF, 0x3D, 0xD8, 0x5C, 0x17, 0x90, 0xC7, 0x6E, 0xD0, 0x07, 0x1F, 0x83, 0xC6, 0x58,
    0x80, 0xC1, 0x1C, 0x67, 0x0C, 0x18, 0xDF, 0xB9, 0x28, 0x2C, 0xA9, 0x9F, 0xE7, 0xF8, 0x3F, 0x3C,
    0x90, 0x55, 0x3C, 0x90, 0x6D, 0xB7, 0x03, 0xD9, 0xA1, 0x74, 0x06, 0x06, 0x39, 0x6A, 0xD6, 0x21,
    0xAA, 0x0C, 0x68, 0x81, 0xAA, 0x06, 0x0C, 0x54, 0x9C, 0x0A, 0x9A, 0xAF, 0xC6, 0x6C, 0x31, 0x6C,
    0xA1, 0xF4, 0xCF, 0x43, 0x6B, 0x9E, 0xDB, 0xBB, 0xF0, 0x10, 0xC8, 0xAC, 0x9B, 0x5E, 0x3C, 0xD1,
    0x8D, 0x6A, 0xDF, 0x07, 0x16, 0x34, 0xC8, 0xDC, 0xAD, 0x6D, 0x2B, 0xC6, 0x0B, 0x36, 0xCB, 0xD0,
    0x59, 0x22, 0x72, 0xAE, 0x2F, 0x73, 0xB2, 0xC5, 0x9B, 0xC6, 0xBE, 0xB2, 0x66, 0xEC, 0x46, 0x13,
    0xCE, 0x60, 0x9A, 0x81, 0x0B, 0x1A, 0xFB, 0x73, 0xCF, 0xFA, 0x93, 0xF9, 0xB9, 0xFE, 0x2C, 0x1B,
    0x14, 0xD4, 0xE0, 0x71, 0x58, 0x62, 0x05, 0xB4, 0xC1, 0x54, 0xCC, 0x40, 0xDC, 0xB6, 0xA2, 0xCC,
    0x8D, 0x47, 0xC0, 0xCD, 0xAF, 0x02, 0x78, 0xBD, 0xF9, 0x4B, 0x20, 0xDE, 0xC7, 0xB8, 0x98, 0x53,
    0x2F, 0xDD, 0x02, 0xCA, 0x8F, 0xD1, 0x6B, 0x75, 0x06, 0x30, 0xFB, 0x95, 0xF9, 0x56, 0x9E, 0x53,
    0x31, 0x34, 0xBF, 0x75, 0x43, 0x87, 0x86, 0xB4, 0x68, 0x6E, 0xFE, 0xA7, 0x33, 0xB7, 0x3E, 0x9F,
    0xCD, 0xC3, 0x87, 0x13, 0xBA, 0x9D, 0xD0, 0xAB, 0x3D, 0x25, 0x38, 0x94, 0xAA, 0x2E, 0xA2, 0x61,
    0x2E, 0xA6, 0xDA, 0x14, 0xF3, 0xBB, 0x5E, 0xE9, 0x7F, 0x0B, 0xC0, 0xE3, 0xDB, 0x1B, 0xB5, 0xA2,
    0x8A, 0xA3, 0x54, 0x58, 0xDB, 0x03, 0x16, 0x02, 0x11, 0xAA, 0x24, 0xAA, 0x97, 0x16, 0xE7, 0x2F,
    0x7B, 0x75, 0x00, 0xD8, 0x3F, 0x5D, 0xC8, 0xF6, 0x4F, 0x17, 0x8A, 0xDF, 0xF7, 0x74, 0xE1, 0x04,
    0xFF, 0x86, 0x81, 0xF7, 0x97, 0x60, 0x93, 0x38, 0x32, 0x05, 0x79, 0x8B, 0x09, 0x56, 0x62, 0x41,
    0x2D, 0xFD, 0x2E, 0xC1, 0xF2, 0xF3, 0x5D, 0xBF, 0xB5, 0xAA, 0xBE, 0x97, 0xD6, 0xA0, 0xCB, 0x2C,
    0x99, 0x93, 0xCB, 0xC5, 0x11, 0x6C, 0xC2, 0x3C, 0x8D, 0x00, 0x94, 0x3A, 0x7E, 0xFE, 0xD0, 0x97,
    0xCF, 0xEF, 0x1C, 0xD4, 0x70, 0x7F, 0x8C, 0xDD, 0x49, 0xCF, 0x2C, 0xD5, 0xB5, 0xFC, 0x07, 0x21,
    0x31, 0x50, 0xF8, 0x97, 0x86, 0xE2, 0x97, 0xFF, 0x1C, 0x57, 0xA4, 0xC0, 0x3F, 0x06, 0x72, 0x64,
    0xEA, 0xB3, 0x9A, 0x86, 0x3D, 0x41, 0xCB, 0x71, 0x09, 0x7E, 0x92, 0x38, 0x20, 0x05, 0x82, 0xFE,
    0x2B, 0x19, 0xA3, 0xF6, 0xA3, 0xF2, 0x4F, 0xF0, 0x55, 0x75, 0xCC, 0x07, 0xD3, 0x99, 0x39, 0x9B,
    0x30, 0x19, 0x23, 0xE3, 0xF3, 0x57, 0xDA, 0xAF, 0xFF, 0x86, 0x46, 0xC7, 0x3D, 0xAE, 0xDC, 0x22,
    0x3E, 0x26, 0xCE, 0x38, 0xC5, 0x53, 0x52, 0xF6, 0x7D, 0xC2, 0xB2, 0xEE, 0x9D, 0xDE, 0x87, 0xC3,
    0xDA, 0xE0, 0x2E, 0x6F, 0x48, 0x4E, 0x13, 0xCD, 0x89, 0x14, 0x1A, 0x55, 0xE2, 0xE5, 0x40, 0x85,
    0x64, 0x0A, 0x1E, 0x79, 0xB0, 0x38, 0x5C, 0x40, 0xFD, 0x98, 0x2C, 0xBF, 0x46, 0x21, 0xA9, 0xAA,
    0x1B, 0x42, 0x23, 0x08, 0x6C, 0x7E, 0x46, 0xCA, 0x85, 0x59, 0x81, 0x4C, 0x7F, 0x69, 0x70, 0xDA,
    0x8C, 0xE4, 0x3E, 0x0A, 0xD4, 0x53, 0x09, 0xB7, 0xD6, 0xB6, 0x14, 0x0B, 0xF1, 0x2A, 0x30, 0x9C,
    0xB3, 0xA2, 0x9F, 0xB6, 0x69, 0x13, 0x79, 0x0C, 0xE1, 0xE5, 0xA9, 0x4C, 0xF9, 0xA1, 0xDC, 0x9D,
    0xD2, 0xBE, 0x7B, 0x1F, 0x9D, 0x74, 0x19, 0xE0, 0x99, 0xFA, 0x31, 0x33, 0x2D, 0x72, 0xA4, 0xAA,
    0x6B, 0x1C, 0x32, 0x25, 0x50, 0xB6, 0xB6, 0xE6, 0xAA, 0x5C, 0xEA, 0x8D, 0xEF, 0xA4, 0xAD, 0x1C,
    0xD4, 0x5F, 0x8C, 0xC5, 0xB4, 0xFB, 0xE3, 0x91, 0xBE, 0x21, 0x3A, 0x8C, 0x7B, 0x87, 0xC7, 0xE4,
    0xDB, 0x2B, 0x83, 0x28, 0xE6, 0x4E, 0xFA, 0xCF, 0x19, 0x53, 0x85, 0xAD, 0x98, 0xC2, 0xCA, 0x26,
    0x34, 0x53, 0x96, 0xF5, 0x76, 0x35, 0x53, 0xFF, 0x66, 0x2E, 0x61, 0x72, 0x61, 0x49, 0xB9, 0x9D,
    0x0D, 0xCA, 0x05, 0x1F, 0xCF, 0x89, 0x99, 0x2D, 0x30, 0x76, 0xCC, 0x08, 0xEF, 0x1C, 0x1C, 0xA0,
    0x23, 0x0A, 0xDC, 0xED, 0xA0, 0xA4, 0x4D, 0x81, 0x3A, 0xF3, 0x50, 0x4B, 0xB6, 0x00, 0x85, 0x63,
    0x42, 0x9D, 0xF9, 0xFA, 0x90, 0x3D, 0xF6, 0xE7, 0x5D, 0xBC, 0x79, 0x5B, 0x4B, 0x5A, 0x5B, 0x1D,
    0x5E, 0x9A, 0x4A, 0xD8, 0x55, 0x42, 0x75, 0xFD, 0x40, 0x1C, 0x87, 0x2E, 0x21, 0x80, 0x99, 0x42,
    0x91, 0xC0, 0x57, 0x74, 0xC6, 0xE6, 0x8E, 0xF4, 0xAC, 0xEF, 0x76, 0x37, 0x6F, 0xF4, 0xA7, 0x05,
    0xA4, 0x29, 0xD3, 0xA3, 0x02, 0x2F, 0x83, 0xFB, 0x3E, 0xF5, 0xDD, 0x47, 0xEF, 0xD5, 0xB9, 0x52,
    0x61, 0x32, 0xE2, 0x4D, 0x08, 0xE8, 0xAB, 0x8D, 0xF8, 0x9C, 0x54, 0xDC, 0xC6, 0x3A, 0x72, 0x7F,
    0x34, 0x71, 0x7F, 0x64, 0x81, 0xCA, 0x42, 0xB4, 0x0A, 0x45, 0xCD, 0xF6, 0x39, 0xB1, 0x3F, 0x90,
    0x38, 0xFE, 0x57, 0xB9, 0xB7, 0x8F, 0xFD, 0x55, 0xEE, 0x6A, 0x89, 0x5D, 0xB8, 0xA8, 0xE5, 0x84,
    0x78, 0xA8, 0x18, 0xDE, 0x73, 0x8A, 0xBB, 0x06, 0x99, 0xB6, 0xC1, 0x47, 0xA6, 0xF9, 0x79, 0xFD,
    0x1F, 0x39, 0x1D, 0x8D, 0xEF, 0x3B, 0xAD, 0x43, 0x16, 0x41, 0x3B, 0x61, 0x48, 0x05, 0x9F, 0x64,
    0x10, 0xD9, 0xB0, 0x37, 0xDA, 0xC9, 0xFE, 0x95, 0xC4, 0xDB, 0x08, 0x03, 0x21, 0x6A, 0xC5, 0x16,
    0x3F, 0x6F, 0xE4, 0x2E, 0xA3, 0x70, 0xCC, 0x0E, 0xEE, 0xB9, 0xBF, 0x13, 0x8D, 0xAB, 0x7E, 0xF2,
    0x72, 0x1E, 0xBB, 0x2A, 0x46, 0xB2, 0x79, 0x63, 0x72, 0x46, 0xC3, 0xF1, 0xEB, 0xA5, 0x34, 0x87,
    0x8A, 0x31, 0x61, 0xFB, 0x9C, 0xD4, 0x1F, 0x3A, 0xBC, 0xEC, 0x5A, 0xFC, 0xB5, 0xDF, 0xC5, 0xFA,
    0x5F, 0x73, 0x5B, 0x03, 0xA3, 0x3E, 0x47, 0x6F, 0x74, 0x11, 0xA5, 0xEC, 0xC5, 0xE1, 0x93, 0xFD,
    0x1B, 0xCB, 0x84, 0x73, 0xC9, 0x85, 0xD9, 0x7A, 0x85, 0xDB, 0x9B, 0xC8, 0x89, 0xDF, 0xE5, 0x29,
    0xF3, 0xF8, 0x78, 0xAC, 0x6B, 0x68, 0xB2, 0x27, 0xAF, 0x9C, 0xBD, 0x1C, 0xB0, 0x17, 0x86, 0xBF,
    0x2B, 0xE5, 0x84, 0x4F, 0x32, 0xFE, 0x39, 0x07, 0x86, 0x5C, 0xF9, 0xC4, 0x52, 0x6B, 0x5C, 0x30,
    0xF3, 0xEB, 0x33, 0x90, 0xDA, 0x13, 0xD6, 0x50, 0xFC, 0x4C, 0x9A, 0xA5, 0x77, 0x35, 0x70, 0x56,
    0xBC, 0xAB, 0xE7, 0xAC, 0x06, 0xE6, 0x9E, 0x76, 0xFA, 0x4E, 0xD4, 0xB4, 0x95, 0xEB, 0x67, 0x10,
    0xC4, 0xD0, 0xBB, 0x94, 0xDB, 0x64, 0xFF, 0x10, 0x7F, 0xFA, 0xF1, 0x92, 0x6D, 0xC2, 0x6B, 0xBF,
    0x16, 0xA7, 0x38, 0xF9, 0x50, 0x0F, 0xB1, 0x10, 0x22, 0x8C, 0x55, 0xF9, 0x02, 0xC9, 0xE3, 0xE7,
    0x24, 0xFF, 0x40, 0xE2, 0x98, 0x2B, 0x1C, 0xF3, 0x87, 0x37, 0xFD, 0xDE, 0xDA, 0x7F, 0x03, 0xCD,
    0x9A, 0x01, 0xA4, 0x25, 0xD7, 0x1D, 0xC6, 0x7F, 0x73, 0xE7, 0xED, 0xBB, 0xA9, 0xC1, 0x3C, 0x74,
    0x59, 0x42, 0x66, 0xB1, 0x05, 0xA4, 0x13, 0x04, 0x41, 0xD3, 0x19, 0xAD, 0x16, 0x20, 0xC1, 0x3E,
    0x5A, 0xC1, 0x06, 0x05, 0x60, 0x21, 0x08, 0x4D, 0x76, 0x6E, 0x94, 0x16, 0x41, 0x16, 0x4D, 0xA0,
    0xE8, 0x02, 0x00, 0x81, 0x62, 0x69, 0xBA, 0x33, 0x52, 0x40, 0xD1, 0x5B, 0x55, 0x41, 0xD0, 0x29,
    0x69, 0x8A, 0x20, 0x47, 0x3B, 0xDB, 0xCC, 0xD6, 0xCC, 0xFC, 0x3B, 0xDF, 0xC9, 0xBD, 0x87, 0xF7,
    0xBC, 0xBC, 0xD2, 0xF7, 0xEE, 0xCD, 0x1B, 0xCE, 0x07, 0xEF, 0xBD, 0x73, 0xBF, 0xEF, 0x37, 0xFF,
    0x39, 0xE7, 0x3F, 0xE7, 0x5D, 0xC8, 0x0C, 0x28, 0x82, 0xD4, 0x56, 0x82, 0xD5, 0x25, 0xD1, 0x34,
    0x4B, 0x3C, 0x54, 0x2B, 0x96, 0x92, 0xB4, 0xAB, 0x1A, 0x52, 0x57, 0x34, 0xE4, 0xED, 0x2C, 0xC5,
    0x7A, 0x96, 0xEA, 0x2F, 0x55, 0x83, 0x99, 0xAD, 0x23, 0xC9, 0x62, 0x96, 0x36, 0x1E, 0x28, 0xDA,
    0x64, 0x20, 0x6F, 0xD3, 0x8E, 0xDC, 0x65, 0x8E, 0xCC, 0x15, 0xED, 0x2C, 0xC4, 0x13, 0x78, 0x61,
    0x39, 0x4A, 0x06, 0x20, 0x91, 0x54, 0x7F, 0xB2, 0xD8, 0xFE, 0x39, 0xA5, 0xF6, 0x9F, 0x31, 0x1B,
    0xEF, 0x8C, 0x85, 0x5B, 0x0E, 0xC5, 0x3A, 0x1E, 0xAA, 0x66, 0x39, 0xD4, 0xAB, 0xA4, 0x37, 0x8D,
    0x32, 0xED, 0xAC, 0xCC, 0x9D, 0xAD, 0x2A, 0x57, 0x7F, 0xFA, 0xB9, 0xAB, 0xEC, 0x7D, 0x57, 0x58,
    0xDE, 0x26, 0x7D, 0xB1, 0xC6, 0x4A, 0x22, 0x3F, 0x60, 0x61, 0x10, 0x1B, 0x40, 0x74, 0x1B, 0x48,
    0xAC, 0xD9, 0x48, 0x2A, 0x21, 0x5F, 0x29, 0x25, 0xC0, 0xEF, 0x24, 0xDF, 0x94, 0xC0, 0xFE, 0x10,
    0xC8, 0x94, 0xEC, 0x68, 0x78, 0x47, 0x32, 0x54, 0xC8, 0x4E, 0x70, 0x73, 0x61, 0x1A, 0xCA, 0x2E,
    0x21, 0x6E, 0xA5, 0x49, 0x27, 0x4D, 0x5B, 0x69, 0xDE, 0xB0, 0xCD, 0x3F, 0x3D, 0x8B, 0x48, 0x95,
    0x3E, 0xFC, 0x1A, 0xA8, 0xFE, 0xEA, 0x80, 0x69, 0xD9, 0x03, 0xAF, 0xD3, 0x42, 0xB8, 0x02, 0x20,
    0x8A, 0xA0, 0x1B, 0x46, 0x1E, 0x12, 0x9E, 0x12, 0x1E, 0x13, 0x4B, 0xAF, 0x1E, 0x14, 0x9E, 0x14,
    0x1E, 0x15, 0x9E, 0x15, 0x1E, 0x96, 0xA7, 0x45, 0xE4, 0xD5, 0xF3, 0xC2, 0x03, 0xC3, 0x13, 0xC3,
    0x23, 0xC3, 0x33, 0xC3, 0x43, 0x0B, 0x81, 0x94, 0x47, 0x71, 0x94, 0x66, 0x1B, 0xA6, 0xF0, 0x51,
    0x7C, 0x12, 0x99, 0x6C, 0x7C, 0x0E, 0xC5, 0xE8, 0xE0, 0xB5, 0xA8, 0x25, 0x20, 0x45, 0x4C, 0x11,
    0x54, 0x44, 0x15, 0x61, 0x45, 0x5C, 0x11, 0x58, 0x44, 0x16, 0x93, 0x88, 0x2D, 0x82, 0x8B, 0xE8,
    0x22, 0xBC, 0x88, 0x2F, 0x02, 0xCC, 0x86, 0x70, 0x29, 0x27, 0x8D, 0xB8, 0xAC, 0x51, 0x4E, 0xB9,
    0x93, 0x2C, 0x44, 0x8F, 0x6E, 0x22, 0x38, 0x5A, 0x07, 0x47, 0x7D, 0xE0, 0xBA, 0xEF, 0xAA, 0x2B,
    0x65, 0x56, 0x5E, 0x3D, 0x39, 0xEF, 0x74, 0xD1, 0x79, 0x9F, 0xDE, 0xA6, 0xB8, 0xC9, 0xA4, 0xA8,
    0x09, 0xDA, 0x65, 0x55, 0xE1, 0xB1, 0x24, 0x32, 0x17, 0x74, 0xE1, 0x95, 0xA4, 0x95, 0xA6, 0xC2,
    0x37, 0xE5, 0x9E, 0xD4, 0x0F, 0x4E, 0x57, 0x61, 0x7C, 0x25, 0xAB, 0xF0, 0xD8, 0x27, 0x69, 0x25,
    0x42, 0x28, 0x51, 0x18, 0x9F, 0xC5, 0x47, 0x59, 0x2A, 0x89, 0x82, 0x9C, 0x51, 0x85, 0xBB, 0x2A,
    0x45, 0x4A, 0x19, 0x98, 0x7E, 0x24, 0x22, 0x23, 0xE4, 0x92, 0x83, 0xA7, 0x3B, 0x36, 0xD7, 0x84,
    0x6C, 0xAD, 0x20, 0x97, 0xAD, 0xFA, 0x9D, 0x0E, 0xC6, 0x78, 0x96, 0x5B, 0xDC, 0xDF, 0x73, 0x15,
    0x52, 0x7A, 0x9F, 0xB2, 0x29, 0x97, 0xC1, 0x64, 0x34, 0x79, 0x87, 0xDE, 0x60, 0xFD, 0xEB, 0xCE,
    0xDB, 0x7B, 0x8E, 0xD5, 0xE5, 0x54, 0x61, 0x64, 0xDB, 0xFC, 0xA9, 0xF2, 0x17, 0xBA, 0x2D, 0xA6,
    0xEA, 0xFA, 0x20, 0x72, 0x70, 0x84, 0xBF, 0xB8, 0x02, 0x7B, 0xA0, 0x8C, 0xCA, 0xA7, 0xAA, 0x47,
    0x2E, 0x65, 0xF2, 0x61, 0xE4, 0x38, 0x12, 0xB6, 0x9D, 0xEC, 0x91, 0xE1, 0x4A, 0xCA, 0xB0, 0xA4,
    0xAE, 0x05, 0x40, 0xE8, 0x6B, 0x00, 0xF9, 0x7A, 0xED, 0xD6, 0xF3, 0x30, 0x30, 0x82, 0xBD, 0x32,
    0x40, 0x65, 0x6E, 0x53, 0x4A, 0x87, 0xD3, 0xBE, 0xD9, 0x05, 0xB3, 0xF2, 0x2A, 0xAB, 0x72, 0x2A,
    0xA3, 0x83, 0x6C, 0xBE, 0x26, 0x97, 0x32, 0xE9, 0x3D, 0xE6, 0xD6, 0xB0, 0x9C, 0x2E, 0x6D, 0x43,
    0x05, 0xA2, 0xB0, 0xD2, 0x27, 0x92, 0xB8, 0x03, 0x16, 0x43, 0xC0, 0xF4, 0xEA, 0x95, 0xC2, 0x24,
    0xB3, 0xA2, 0x24, 0xAB, 0x72, 0xEA, 0x8D, 0x0E, 0xB2, 0xB9, 0x43, 0x4C, 0xBE, 0xE3, 0x4A, 0xAD,
    0x94, 0x34, 0x92, 0xD0, 0x6C, 0x7D, 0x00, 0xDC, 0xEC, 0x6E, 0x9E, 0x4D, 0x68, 0xB9, 0x77, 0x42,
    0xA9, 0x79, 0x77, 0x7E, 0x5C, 0xAB, 0x4A, 0xB8, 0xB7, 0xA1, 0xE3, 0x76, 0x48, 0x27, 0xF9, 0xE4,
    0x48, 0xA9, 0x87, 0x8D, 0x7C, 0xAB, 0x72, 0x40, 0x24, 0x30, 0x3C, 0x7F, 0x55, 0xC0, 0xC8, 0x63,
    0x65, 0xBD, 0x77, 0x28, 0x83, 0xF2, 0xF7, 0x1C, 0xCF, 0xEF, 0x0E, 0xCA, 0x01, 0x47, 0xF0, 0x86,
    0xEA, 0xE3, 0x51, 0x34, 0x40, 0xF1, 0xAB, 0x4E, 0xD9, 0xDD, 0xA6, 0x82, 0x16, 0xD3, 0x95, 0x59,
    0x9E, 0x65, 0x54, 0x3E, 0x1F, 0x2D, 0x06, 0xAA, 0xD9, 0x65, 0x61, 0xAD, 0x3C, 0xCA, 0xE2, 0xAE,
    0x96, 0x67, 0x59, 0x2D, 0xBD, 0xC4, 0xB3, 0x10, 0x8F, 0xC7, 0xC7, 0xC4, 0x43, 0x70, 0xD5, 0x6F,
    0x25, 0x7D, 0x72, 0xFC, 0x32, 0xA9, 0x59, 0x2F, 0xE9, 0xC8, 0x24, 0x79, 0x0B, 0x78, 0x29, 0xD6,
    0x41, 0x1A, 0xD4, 0xFA, 0x1C, 0x97, 0x54, 0x66, 0x2D, 0xF5, 0x4C, 0x43, 0x5C, 0x1A, 0xA8, 0x7C,
    0xE7, 0xD5, 0x08, 0xAC, 0xC4, 0xBC, 0xAC, 0x80, 0x64, 0x2A, 0xA9, 0xCD, 0xCD, 0x26, 0xFA, 0x64,
    0x7A, 0x65, 0x48, 0xBB, 0x78, 0xC8, 0x5B, 0x25, 0xBB, 0xDB, 0x15, 0x66, 0x6D, 0x65, 0x56, 0x56,
    0xD3, 0x2F, 0xA9, 0x9A, 0xA8, 0x2C, 0x9A, 0x65, 0x5B, 0x3C, 0xBE, 0xEB, 0x32, 0xB3, 0xF5, 0xD2,
    0x0C, 0xEA, 0x4F, 0xA0, 0x68, 0xF1, 0x9F, 0x5D, 0x69, 0x34, 0x9B, 0xE9, 0x8F, 0x09, 0x0D, 0x54,
    0xA7, 0xA4, 0x61, 0x49, 0x4D, 0x1B, 0x99, 0x2E, 0x81, 0x43, 0x00, 0xF6, 0x89, 0x20, 0x3A, 0x86,
    0xA5, 0x2A, 0xDB, 0xD6, 0x24, 0xF3, 0x20, 0x6B, 0xA0, 0xD8, 0x2C, 0x0D, 0x37, 0x80, 0x4B, 0xA0,
    0x81, 0xA2, 0x25, 0xEA, 0xD4, 0x72, 0x9B, 0x20, 0x93, 0x84, 0x4E, 0x6D, 0xDF, 0x79, 0x81, 0xFC,
    0xC9, 0x4F, 0xA8, 0x6D, 0xA0, 0x98, 0xC7, 0x91, 0xFF, 0xCB, 0x4B, 0xCA, 0x09, 0xA5, 0x44, 0x4E,
    0xA3, 0x11, 0x88, 0xFB, 0x70, 0x8B, 0xD7, 0x50, 0xBC, 0xBD, 0x02, 0x6B, 0x21, 0xB6, 0x0E, 0xB2,
    0x2F, 0x06, 0xF9, 0x9C, 0xE0, 0x19, 0x5E, 0xF8, 0x5A, 0x50, 0x00, 0xE1, 0xED, 0x72, 0xD9, 0x6F,
    0x37, 0x79, 0xDD, 0x7F, 0x5F, 0x00, 0xF5, 0x33, 0x72, 0xEA, 0x1B, 0xC8, 0x56, 0x0D, 0x64, 0x07,
    0x26, 0x23, 0x2F, 0xE0, 0x20, 0xF0, 0x12, 0x30, 0x44, 0x0C, 0x21, 0x43, 0xCC, 0x10, 0x34, 0x44,
    0x0D, 0x61, 0x43, 0xDC, 0x10, 0x38, 0x4F, 0x0E, 0xA1, 0x43, 0xEC, 0x10, 0x3C, 0x44, 0x6F, 0x83,
    0xEF, 0x48, 0xDC, 0x9C, 0xDC, 0x9C, 0xEC, 0x31, 0xB8, 0x27, 0x79, 0xB1, 0x58, 0x71, 0xA5, 0xF8,
    0x95, 0xB0, 0x3C, 0xD5, 0x6E, 0x44, 0x03, 0xF0, 0xB0, 0xF6, 0xE0, 0xC4, 0x4D, 0xD8, 0x44, 0x4D,
    0xD0, 0x2E, 0xA9, 0xC4, 0xAE, 0x97, 0x32, 0x35, 0xC8, 0xD4, 0x28, 0x19, 0xB6, 0x6F, 0xDF, 0xB1,
    0x83, 0xE2, 0x0F, 0x6B, 0xB0, 0xBF, 0x95, 0x57, 0xA7, 0xC4, 0x8E, 0x25, 0xE6, 0x24, 0xE2, 0x23,
    0x61, 0xB9, 0x5D, 0xF4, 0xEA, 0x4C, 0x4E, 0x7F, 0x7E, 0x4E, 0x89, 0xED, 0xA4, 0xCE, 0x38, 0x12,
    0x2E, 0x7B, 0x0F, 0xE5, 0x2A, 0xF5, 0x93, 0x15, 0xD1, 0xA1, 0x68, 0xC2, 0x26, 0x4E, 0x24, 0x43,
    0x4B, 0xEB, 0x21, 0xFF, 0xD7, 0x08, 0xC5, 0x6A, 0x96, 0x6F, 0x70, 0x6B, 0xEF, 0xFC, 0xCE, 0x5F,
    0x39, 0xCD, 0xE7, 0x68, 0x20, 0x93, 0xDD, 0xEA, 0xE3, 0x1E, 0x1E, 0x2D, 0x7A, 0xFF, 0x8E, 0xBB,
    0x2B, 0x74, 0x95, 0x5C, 0x99, 0xDB, 0x3C, 0x84, 0x69, 0xA8, 0xB0, 0x8C, 0xEF, 0xC0, 0x01, 0xFE,
    0xBA, 0x02, 0x5B, 0xB8, 0xB4, 0xF4, 0x6C, 0xFC, 0x53, 0xF8, 0x71, 0x87, 0x7D, 0x7F, 0xE0, 0x0D,
    0x02, 0xBA, 0xDD, 0x6C, 0xF1, 0xD7, 0xCB, 0xED, 0x23, 0x59, 0x8F, 0x92, 0x41, 0x2C, 0x24, 0xB1,
    0x53, 0x78, 0x79, 0x8D, 0xBC, 0x39, 0xC0, 0x42, 0x08, 0x2F, 0xC7, 0xF6, 0x6E, 0xE9, 0x4D, 0x83,
    0x01, 0x51, 0x90, 0x45, 0x68, 0xCD, 0xE2, 0x11, 0x02, 0x46, 0x49, 0xC0, 0xE8, 0xA5, 0x83, 0x6B,
    0x77, 0x1E, 0xBF, 0x4C, 0x2E, 0x8A, 0xC5, 0x46, 0x1C, 0x5C, 0xBB, 0xED, 0xDF, 0x4E, 0x7C, 0xDB,
    0x96, 0x89, 0x4D, 0x01, 0x3C, 0x02, 0x06, 0xE0, 0x26, 0x08, 0xB7, 0xB8, 0x9B, 0xA3, 0x98, 0xC7,
    0xF5, 0xBB, 0x4E, 0xFC, 0x95, 0x4E, 0xE0, 0x35, 0x94, 0xB0, 0xA4, 0x7E, 0xCB, 0x51, 0xFF, 0x62,
    0xC0, 0xEE, 0x38, 0xAC, 0x5E, 0x53, 0xAB, 0x66, 0x46, 0xC8, 0xDA, 0x3D, 0x86, 0x29, 0x42, 0x61,
    0x9C, 0xBA, 0xF3, 0x9A, 0xD4, 0x8F, 0xD1, 0xF7, 0xB0, 0x24, 0xC3, 0xE5, 0x24, 0x2B, 0xB6, 0x23,
    0xDC, 0xE7, 0x93, 0x4F, 0xD5, 0xC0, 0x72, 0x7A, 0x65, 0x24, 0xED, 0x17, 0x46, 0xEE, 0x22, 0xD3,
    0x2F, 0xCF, 0xB2, 0xC6, 0x66, 0x87, 0x91, 0x51, 0x37, 0xB3, 0x58, 0xB3, 0x90, 0xC4, 0xB3, 0xAC,
    0xE2, 0x49, 0x32, 0x62, 0xE5, 0x72, 0xC0, 0x56, 0xE9, 0x40, 0xDD, 0x64, 0x1D, 0xC5, 0xE3, 0xBA,
    0x25, 0x17, 0xBC, 0xC4, 0x26, 0x54, 0x63, 0x27, 0xCA, 0x59, 0x2C, 0x23, 0x2F, 0x06, 0xF0, 0xF4,
    0x04, 0xBE, 0x1A, 0xCD, 0xA5, 0xE3, 0xDD, 0x3E, 0x0F, 0x6D, 0x77, 0x3C, 0xD4, 0x1A, 0x2B, 0xDF,
    0x7E, 0xCF, 0x23, 0xED, 0xAB, 0x26, 0x73, 0x9A, 0x5C, 0x73, 0x6B, 0xEA, 0xA8, 0x6E, 0xFD, 0x9C,
    0xA7, 0x5B, 0x6F, 0x38, 0x16, 0x46, 0x5B, 0x4B, 0x9C, 0x64, 0xDB, 0xB8, 0x90, 0x85, 0x17, 0xDA,
    0xA7, 0x24, 0xB0, 0x47, 0x04, 0xFF, 0xBB, 0x41, 0xBD, 0x38, 0x0D, 0xA0, 0x04, 0xA2, 0x2E, 0x94,
    0x64, 0x38, 0x6C, 0xD7, 0xA7, 0x55, 0x77, 0x84, 0x5D, 0xF7, 0x5D, 0x48, 0xF2, 0xCF, 0x7A, 0xA8,
    0xBE, 0x37, 0xC0, 0xB3, 0xFC, 0x06, 0x60, 0xDF, 0x48, 0x2E, 0xDE, 0xB8, 0x89, 0x97, 0x80, 0x21,
    0x62, 0x08, 0x19, 0x79, 0x38, 0x8B, 0x15, 0x35, 0x6A, 0x89, 0xB8, 0x21, 0x70, 0x88, 0x1C, 0x42,
    0x77, 0xCA, 0x50, 0xC0, 0x07, 0x8B, 0x56, 0x46, 0xCE, 0x38, 0x21, 0xE2, 0xF5, 0xAA, 0xBC, 0x5A,
    0xFC, 0xFE, 0x9F, 0xC6, 0xED, 0xE2, 0x25, 0xE6, 0xF7, 0x86, 0x5A, 0x6C, 0x6C, 0x90, 0xF4, 0x5B,
    0x54, 0x49, 0x0B, 0xD5, 0x4B, 0x0D, 0x91, 0x7D, 0x78, 0x65, 0x10, 0x5D, 0xBC, 0x71, 0xDB, 0x49,
    0x9D, 0x1D, 0xC9, 0xC4, 0xF4, 0x63, 0xD4, 0x29, 0x40, 0x2A, 0x39, 0x58, 0xF6, 0x6C, 0xAE, 0xBA,
    0x84, 0x85, 0x3F, 0x81, 0x93, 0xEF, 0xE2, 0xA3, 0x01, 0xAA, 0x68, 0x96, 0x1B, 0xDC, 0xDC, 0x2F,
    0xBF, 0x0B, 0x37, 0x6E, 0x3B, 0x40, 0x57, 0xAF, 0x04, 0x67, 0xBD, 0xAD, 0xB0, 0x7F, 0xA8, 0xC2,
    0xDE, 0x1A, 0xE1, 0x45, 0x1E, 0x6E, 0x8E, 0xA3, 0x80, 0xAB, 0xB0, 0xB5, 0x9D, 0xDF, 0xB8, 0xED,
    0x64, 0xEB, 0xDB, 0x66, 0x97, 0x9B, 0xCC, 0x6D, 0xFB, 0xCD, 0x7A, 0xFE, 0x60, 0x26, 0xFF, 0x3F,
    0x93, 0x78, 0x53, 0xFD, 0x89, 0x6E, 0x46, 0x6D, 0xCA, 0x6C, 0xA3, 0xE8, 0xD8, 0x05, 0xE8, 0xF4,
    0xA2, 0xE3, 0xCE, 0xA6, 0xC3, 0x81, 0x24, 0x2D, 0x7D, 0x2B, 0x1C, 0xDA, 0xEE, 0xC3, 0xFB, 0x2C,
    0x86, 0xB4, 0x85, 0x2E, 0x5B, 0x03, 0x79, 0xC3, 0xD3, 0x9B, 0x96, 0x6B, 0x35, 0xE3, 0x98, 0x2E,
    0x69, 0x25, 0x67, 0x21, 0x04, 0xA9, 0xC4, 0x3F, 0x5B, 0x8B, 0x21, 0x1E, 0x60, 0x14, 0x88, 0x37,
    0xF7, 0x0F, 0x82, 0x6D, 0xE3, 0xEC, 0x6F, 0x4C, 0xE2, 0xB7, 0xE8, 0x7E, 0x06, 0x11, 0x79, 0x10,
    0x0F, 0x77, 0x05, 0xE2, 0x9C, 0x66, 0xE8, 0x67, 0x03, 0x14, 0xA2, 0xF1, 0xD4, 0xDE, 0x69, 0xA8,
    0x19, 0x52, 0x37, 0x24, 0xD1, 0xA3, 0x2C, 0xD9, 0x6C, 0xFC, 0x3F, 0xBC, 0x0F, 0xF7, 0x84, 0xE4,
    0xC6, 0x4E, 0x6B, 0x23, 0x7D, 0xF2, 0x32, 0x14, 0xA2, 0x91, 0xDB, 0x17, 0x03, 0x07, 0xF9, 0xEF,
    0x7B, 0x60, 0xFF, 0x20, 0x50, 0xC6, 0xB6, 0x84, 0xCA, 0x5A, 0x19, 0xFA, 0xF4, 0x3E, 0x47, 0xF5,
    0x3B, 0x2D, 0x1C, 0xEC, 0x2E, 0x7E, 0x3C, 0x48, 0xF6, 0x9E, 0xF7, 0xFC, 0xD5, 0x92, 0xC3, 0xFB,
    0xA1, 0x57, 0xDD, 0x51, 0xF2, 0x33, 0x3E, 0x77, 0x21, 0x59, 0x6A, 0xB6, 0x44, 0xB3, 0x25, 0xBD,
    0xE6, 0xE8, 0xB0, 0xF2, 0x4B, 0x71, 0x18, 0x99, 0x18, 0xE4, 0x5E, 0xDA, 0xC5, 0xA4, 0x0F, 0x1F,
    0x37, 0xD2, 0x78, 0x1B, 0x4B, 0x89, 0x77, 0xB0, 0xFD, 0x6B, 0xEF, 0xA0, 0xFA, 0x7B, 0xDD, 0x52,
    0xC8, 0x81, 0xDF, 0xDE, 0x23, 0x3B, 0x15, 0x5F, 0x12, 0x6C, 0xA4, 0x6E, 0x31, 0xA5, 0x2E, 0x9E,
    0x32, 0x17, 0x8F, 0xB9, 0xD3, 0x1B, 0x7C, 0x3C, 0x14, 0x6B, 0x6D, 0x08, 0x49, 0x5F, 0xCC, 0xAE,
    0xAA, 0x26, 0xED, 0x34, 0xEA, 0x55, 0xE1, 0xEA, 0x46, 0xFF, 0x7E, 0x30, 0x57, 0xD8, 0xE7, 0x6D,
    0x6E, 0xFE, 0x37, 0xD6, 0x9A, 0xD8, 0x4F, 0x19, 0x36, 0x05, 0xBE, 0xEA, 0xA0, 0xBE, 0x3D, 0x71,
    0x50, 0x7F, 0x0D, 0x60, 0xAF, 0x08, 0xA2, 0xDB, 0xFE, 0xC9, 0xD7, 0x33, 0x3F, 0x8F, 0x66, 0xF3,
    0x1E, 0x04, 0xBC, 0x19, 0xDE, 0x83, 0x2E, 0x4C, 0x83, 0x28, 0xAC, 0xB6, 0x69, 0x17, 0x4E, 0x61,
    0x3E, 0x1C, 0xA0, 0x56, 0xED, 0xBF, 0xB1, 0xA9, 0x7D, 0xD9, 0x76, 0x0A, 0xBD, 0x3E, 0x19, 0x9A,
    0x13, 0xA1, 0xA7, 0x0B, 0x86, 0x3E, 0x67, 0x1B, 0x7C, 0xC0, 0x62, 0x48, 0x1C, 0x74, 0xA9, 0xF3,
    0xB5, 0x3F, 0x07, 0xB7, 0xF5, 0x9C, 0xDC, 0x9A, 0x39, 0xFA, 0x84, 0xB2, 0xA3, 0xF0, 0x28, 0x3D,
    0x0A, 0x87, 0xF2, 0xA3, 0xF0, 0x5E, 0x10, 0x02, 0xEA, 0x66, 0xFB, 0xE5, 0x92, 0xC2, 0xDE, 0x6F,
    0x11, 0x06, 0xC4, 0x21, 0x1C, 0x45, 0x6F, 0x8F, 0x24, 0x14, 0x9E, 0x68, 0x5C, 0x6C, 0x41, 0x7C,
    0x77, 0xFF, 0x20, 0xCA, 0x93, 0xDB, 0xA0, 0x24, 0xEE, 0x67, 0x10, 0x91, 0x07, 0xD1, 0xEF, 0x0C,
    0xC4, 0x31, 0xB0, 0x30, 0xE7, 0xE5, 0xE4, 0xB3, 0xA0, 0xB2, 0xC8, 0xD5, 0x22, 0x5D, 0xDB, 0x3B,
    0x8D, 0xE8, 0xF6, 0x57, 0x6F, 0x83, 0x0F, 0xE0, 0x9E, 0x90, 0xDC, 0xD8, 0x19, 0x92, 0xD2, 0x6F,
    0x83, 0xAF, 0x42, 0xE1, 0x0F, 0xD9, 0xED, 0xDF, 0xDA, 0x06, 0xFF, 0x3C, 0x00, 0xFB, 0x07, 0x11,
    0xB6, 0xC1, 0x5A, 0x0C, 0x2A, 0xFB, 0xF4, 0x01, 0x47, 0xF5, 0xDB, 0x0E, 0x0E, 0x76, 0x14, 0x3F,
    0x1C, 0x68, 0xEE, 0x39, 0xEF, 0xF9, 0xFB, 0x00, 0x70, 0xF8, 0x60, 0xFB, 0x5C, 0xEC, 0x26, 0xF9,
    0x59, 0xA7, 0xCC, 0x92, 0xF0, 0x70, 0x36, 0xFE, 0x56, 0x84, 0xCE, 0xB9, 0xDB, 0xF2, 0xA1, 0x93,
    0xF8, 0x3F, 0xD5, 0xE4, 0x6B, 0x6C, 0x55, 0xB4, 0xB1, 0x90, 0x2C, 0x47, 0x32, 0x97, 0xF6, 0xA4,
    0x5D, 0xEE, 0xFC, 0x67, 0xA0, 0x57, 0x17, 0xE2, 0xD1, 0x60, 0x61, 0xA3, 0xB2, 0x0D, 0xE1, 0x25,
    0xBC, 0xF5, 0x33, 0x48, 0x56, 0x5B, 0x09, 0xE7, 0xAB, 0x92, 0xB0, 0x2F, 0x87, 0xEB, 0xE1, 0xF6,
    0x36, 0x2D, 0x46, 0x00, 0x93, 0x14, 0x92, 0x6F, 0x4B, 0x80, 0x58, 0xD0, 0xB7, 0x8D, 0x80, 0x95,
    0x12, 0x92, 0x1E, 0x23, 0xED, 0x22, 0xC9, 0x62, 0x22, 0x75, 0x5E, 0x62, 0x39, 0x8D, 0x87, 0x59,
    0x12, 0x49, 0x36, 0xCB, 0x93, 0xDF, 0xF6, 0xA4, 0xF6, 0x59, 0x4F, 0x62, 0x7F, 0xEC, 0x88, 0x26,
    0x9F, 0x3A, 0x73, 0x1C, 0x50, 0xB4, 0x64, 0xEF, 0x5A, 0x83, 0x8E, 0xD0, 0x29, 0x94, 0xE3, 0xD0,
    0xEE, 0xEF, 0x31, 0x7E, 0x38, 0x5E, 0x3E, 0xF5, 0x5D, 0x86, 0x90, 0xD7, 0xBE, 0xCC, 0x9B, 0x9C,
    0x99, 0x37, 0x9E, 0xC8, 0x36, 0xD6, 0x94, 0xF2, 0xA7, 0x03, 0xA9, 0x1A, 0xDD, 0xC4, 0x3E, 0xEA,
    0x89, 0x26, 0x6D, 0x07, 0xD7, 0x93, 0x0E, 0x8A, 0x97, 0x1C, 0x54, 0x99, 0xE3, 0xA9, 0xBA, 0x68,
    0xC9, 0xDF, 0xB3, 0x86, 0xFA, 0x44, 0xDE, 0xF0, 0x45, 0xEC, 0x15, 0xA4, 0x67, 0x7D, 0x11, 0xFB,
    0x03, 0xC9, 0xAD, 0xFD, 0xD7, 0xC6, 0xB1, 0xFF, 0x49, 0x27, 0xE9, 0x21, 0x92, 0x10, 0x3B, 0x59,
    0xF5, 0xFB, 0xFE, 0x0A, 0x58, 0x7C, 0x2D, 0x05, 0x42, 0x84, 0xD8, 0x68, 0x65, 0x35, 0xF9, 0xAB,
    0x65, 0xED, 0xE8, 0xAE, 0x5C, 0xB1, 0x7F, 0x4C, 0x9C, 0x7B, 0xD4, 0xB4, 0x77, 0x38, 0xFF, 0x05,
    0x74, 0x91, 0x81, 0x86, 0xDE, 0x40, 0x10, 0x80, 0xBF, 0x3F, 0x69, 0x05, 0xC1, 0xB6, 0x38, 0x50,
    0xEC, 0x1B, 0x74, 0xDF, 0xE0, 0x36, 0x1C, 0xA0, 0xF0, 0xA3, 0x29, 0x40, 0x5F, 0xA0, 0xF4, 0x0D,
    0xBA, 0x01, 0xA0, 0x2F, 0x54, 0x9C, 0xCB, 0x72, 0x2F, 0x10, 0x28, 0x80, 0x06, 0x0A, 0xA0, 0x8B,
    0xA5, 0xD1, 0x6E, 0x32, 0xCD, 0xFC, 0xF1, 0x97, 0x3A, 0x65, 0xBE, 0x4F, 0x36, 0x76, 0x66, 0xC6,
    0xCE, 0xF3, 0xBE, 0x7F, 0xEB, 0x45, 0xCA, 0x95, 0x9B, 0xBE, 0xEF, 0xCF, 0xA3, 0x88, 0x24, 0xD5,
    0xBC, 0x23, 0x13, 0x6E, 0xC0, 0x77, 0x8C, 0xB0, 0x51, 0xAF, 0x34, 0x05, 0x53, 0xB0, 0x19, 0x9F,
    0x18, 0x13, 0x95, 0x0C, 0xB5, 0xD0, 0x6C, 0xB4, 0x05, 0x93, 0xB1, 0x09, 0x37, 0xE1, 0xA3, 0x66,
    0x3C, 0xC0, 0x49, 0x62, 0x2D, 0x9D, 0x5E, 0x58, 0x69, 0x17, 0x4C, 0xC2, 0xCE, 0xB8, 0x88, 0x1F,
    0x08, 0x80, 0x99, 0x6C, 0xC4, 0x46, 0xDF, 0xE1, 0x87, 0x11, 0xC6, 0x4E, 0x40, 0xAA, 0x8D, 0x6A,
    0xAB, 0xCB, 0x9E, 0x62, 0xB4, 0x95, 0x5D, 0xB0, 0x8B, 0x4F, 0xF8, 0x1C, 0x12, 0x27, 0x79, 0x94,
    0xAE, 0x92, 0x3B, 0xA1, 0x96, 0x76, 0x3D, 0xAE, 0xB4, 0xC5, 0x24, 0x4C, 0x72, 0x33, 0x76, 0xF6,
    0x11, 0x17, 0xFD, 0x80, 0x1F, 0x02, 0x04, 0x56, 0xFE, 0x97, 0x91, 0x31, 0xF9, 0x69, 0x86, 0x67,
    0x03, 0xEA, 0xB2, 0xB3, 0xEC, 0x64, 0x68, 0x76, 0xDA, 0xA4, 0x70, 0x7D, 0xA3, 0x20, 0xB2, 0xDC,
    0x7C, 0xFC, 0x7A, 0xC6, 0x46, 0x70, 0x3B, 0x5E, 0x19, 0x76, 0x3A, 0x08, 0x0A, 0x30, 0x02, 0x02,
    0x6C, 0x07, 0xE8, 0x24, 0x05, 0xAA, 0x83, 0x7F, 0x5A, 0x1C, 0x05, 0xB4, 0xC2, 0x51, 0x82, 0xA0,
    0x1A, 0x39, 0x54, 0x8B, 0x48, 0x54, 0x0D, 0x8D, 0xEA, 0xF4, 0x6E, 0xED, 0x8F, 0x52, 0x54, 0xAA,
    0xFA, 0xA2, 0xE5, 0xAA, 0x26, 0xAB, 0x12, 0xC7, 0xD0, 0x3A, 0xED, 0x5F, 0x2D, 0xDC, 0xBC, 0xFF,
    0x7E, 0x06, 0x3B, 0xA1, 0x63, 0xA3, 0x7A, 0xD2, 0xBB, 0x95, 0x62, 0x34, 0x96, 0x3D, 0xAC, 0x64,
    0x2B, 0xC9, 0x49, 0xF2, 0x1A, 0xB3, 0x5B, 0xE5, 0x5B, 0x71, 0xBF, 0xE4, 0x47, 0xF1, 0xBF, 0x65,
    0x5C, 0xFC, 0x4F, 0x09, 0xF9, 0xA2, 0x66, 0x05, 0x27, 0x1D, 0xC1, 0x46, 0xEE, 0x4D, 0xA4, 0xEC,
    0xDC, 0xBB, 0xFD, 0x2C, 0x7C, 0xB0, 0xCB, 0xAB, 0x95, 0x46, 0xE6, 0x93, 0x64, 0xFC, 0x0A, 0xB7,
    0x1D, 0xBC, 0x94, 0x37, 0xB9, 0x11, 0x59, 0xCD, 0x63, 0xB9, 0xB5, 0x77, 0xC9, 0xBB, 0xFA, 0xC2,
    0x27, 0xF7, 0x39, 0x17, 0x23, 0x92, 0xEB, 0xC5, 0x4D, 0x9C, 0xA0, 0x85, 0x30, 0x54, 0xD2, 0x99,
    0x15, 0x97, 0x74, 0x4E, 0xDD, 0xD2, 0xA4, 0xDF, 0x6D, 0xA1, 0x2A, 0xF0, 0x05, 0x5E, 0x00, 0xD4,
    0x91, 0xF6, 0xF8, 0x29, 0x20, 0xBA, 0x4A, 0x42, 0x57, 0x09, 0xED, 0x86, 0xCB, 0x7A, 0x7A, 0x0D,
    0xCF, 0x00, 0xC0, 0x4C, 0x6A, 0x37, 0xA8, 0x83, 0x8A, 0xA2, 0xAA, 0xB2, 0xBA, 0x99, 0xD5, 0x26,
    0x72, 0x5D, 0x04, 0x0F, 0xF0, 0x67, 0x58, 0x00, 0xF3, 0x07, 0xD2, 0x8C, 0x02, 0x4B, 0x02, 0x00,
    0x45, 0x91, 0x21, 0x8C, 0xD5, 0x40, 0x10, 0x86, 0xFF, 0xB6, 0x90, 0x15, 0x2B, 0xC6, 0x8B, 0xCB,
    0xFA, 0x40, 0x58, 0x2F, 0xE8, 0x6C, 0x82, 0x40, 0x20, 0xCE, 0x6B, 0x50, 0x18, 0x2C, 0xE2, 0xB8,
    0x6E, 0x72, 0x12, 0x01, 0x1A, 0xAF, 0x30, 0x4F, 0x82, 0xE0, 0x6E, 0xC7, 0xAB, 0xF5, 0xE6, 0xAD,
    0xC0, 0xB7, 0xE2, 0x89, 0x1E, 0xB4, 0x6F, 0xD8, 0xF6, 0x42, 0x2E, 0x19, 0xF7, 0x4F, 0xE7, 0xFF,
    0xBE, 0x6E, 0x7B, 0x06, 0x8D, 0xE2, 0x5E, 0x67, 0x7E, 0x5B, 0xF8, 0x47, 0xB9, 0xB6, 0xF9, 0xDA,
    0x4A, 0x4F, 0xE2, 0x13, 0xEC, 0x0C, 0x78, 0x41, 0x92, 0x56, 0xA3, 0x3D, 0x46, 0xE7, 0xC2, 0x95,
    0x47, 0xD2, 0xFC, 0x3D, 0x45, 0xF4, 0xC0, 0x4B, 0x58, 0x2D, 0xA4, 0x99, 0x80, 0x17, 0x77, 0xE0,
    0x24, 0x4F, 0x48, 0x40, 0xF2, 0x9C, 0x64, 0x48, 0x70, 0x33, 0xC0, 0xD2, 0xAE, 0xB0, 0x05, 0xEE,
    0x1B, 0x58, 0x85, 0x2F, 0xEB, 0xE5, 0xCC, 0x4E, 0xBC, 0x06, 0x73, 0x8F, 0x41, 0xE5, 0xEE, 0x20,
    0x3F, 0x7D, 0x7C, 0xC7, 0xC0, 0x8A, 0x66, 0x46, 0x37, 0xC1, 0x66, 0x38, 0x01, 0x03, 0xAD, 0x06,
    0x1A, 0xB3, 0xEB, 0x32, 0x8D, 0xC1, 0x2A, 0x2A, 0xCF, 0xED, 0x3E, 0xBC, 0x5F, 0xAE, 0xCC, 0x6E,
    0x14, 0x36, 0x99, 0x4D, 0xE1, 0x43, 0xF6, 0xA3, 0x3C, 0xFD, 0x10, 0x91, 0x60, 0x66, 0xF8, 0x8C,
    0x5A, 0xEA, 0x14, 0x4C, 0xF1, 0x53, 0xFD, 0xE4, 0x8B, 0xAC, 0x47, 0x59, 0x48, 0x16, 0x17, 0x7E,
    0x79, 0x70, 0x8D, 0x7E, 0xEF, 0x0B, 0x0B, 0x78, 0xC1, 0xC5, 0x02, 0xCC, 0x68, 0xEA, 0x9C, 0xD0,
    0x4E, 0x1B, 0xC0, 0xB3, 0x3F, 0x48, 0x8A, 0xE6, 0x0C, 0xAB, 0xE2, 0x3E, 0x97, 0xC6, 0x94, 0x4D,
    0x80, 0xA5, 0x51, 0xD8, 0x13, 0x38, 0x6F, 0xD8, 0x49, 0xE3, 0x03, 0x9E, 0xA9, 0xA9, 0xC9, 0x38,
    0xC4, 0x9A, 0xE2, 0xD1, 0x3D, 0x6C, 0xEE, 0x94, 0xB7, 0x6D, 0x95, 0x56, 0xC5, 0x1E, 0xC5, 0x5D,
    0xC6, 0x9E, 0xE2, 0xA0, 0xE5, 0x7D, 0xFA, 0x0A, 0x0F, 0x30, 0x3A, 0x9D, 0x8C, 0x4E, 0x36, 0x80,
    0x00, 0x1A, 0x82, 0xAB, 0x0A, 0xB5, 0xC8, 0x94, 0x8B, 0xCD, 0x31, 0xDA, 0x7B, 0x20, 0xC5, 0x6E,
    0x01, 0x15, 0x70, 0xC4, 0x90, 0x50, 0x4B, 0x57, 0x57, 0x45, 0xE2, 0xAD, 0x0F, 0x7C, 0xDE, 0x61,
    0xB4, 0xF4, 0x87, 0x7C, 0x45, 0xF2, 0xD1, 0x47, 0x3C, 0xFC, 0xC3, 0x05, 0xDD, 0x09, 0x15, 0x8A,
    0x04, 0x3E, 0xA2, 0x49, 0xD1, 0xFC, 0x2D, 0x74, 0x33, 0xD1, 0x4D, 0x31, 0x63, 0xB4, 0x1A, 0x3C,
    0x49, 0x6F, 0x73, 0xFF, 0xBF, 0x62, 0xD3, 0x1C, 0xC5, 0xBD, 0x2A, 0xBE, 0x9B, 0xFC, 0x9B, 0xC9,
    0x57, 0x9E, 0x31, 0xEF, 0x2F, 0x8E, 0x5A, 0xED, 0x0B, 0xFE, 0x01, 0x65, 0xD3, 0x01, 0x84, 0x1D,
    0xDF, 0x19, 0x05, 0xF0, 0x33, 0x33, 0xED, 0x0E, 0x06, 0x37, 0xF0, 0x47, 0xBB, 0x74, 0x00, 0xC0,
    0x1A, 0x00, 0x34, 0xCD, 0x1D, 0xAD, 0x02, 0x48, 0x91, 0x4D, 0xB1, 0x74, 0x0B, 0x00, 0xB1, 0x00,
    0x41, 0x92, 0x99, 0x80, 0x20, 0x78, 0x81, 0x00, 0xA4, 0x00, 0x04, 0x05, 0x2D, 0xCA, 0xA6, 0xF7,
    0x36, 0x0F, 0x8B, 0x87, 0x9D, 0x76, 0xC5, 0x02, 0x72, 0x79, 0x2D, 0xB4, 0xC8, 0x64, 0x77, 0x36,
    0xBD, 0x2B, 0x33, 0x73, 0xFA, 0x7D, 0xCF, 0xEE, 0x6B, 0xDA, 0x3F, 0xE6, 0x67, 0x9F, 0xBB, 0xF7,
    0x7E, 0x73, 0xDE, 0xB9, 0x0F, 0xB8, 0xFB, 0x18, 0xC2, 0x1F, 0x84, 0x27, 0x3D, 0x90, 0x44, 0xA1,
    0xE2, 0x00, 0x38, 0xCE, 0x48, 0xB9, 0x66, 0x9D, 0xCF, 0x67, 0xF4, 0xE6, 0xF2, 0xE4, 0xF7, 0x28,
    0xD7, 0xAB, 0x16, 0xD5, 0xD9, 0xAA, 0x86, 0x3D, 0x59, 0x00, 0x76, 0x75, 0x1F, 0x68, 0x4E, 0x7F,
    0x22, 0x2C, 0xF6, 0x00, 0xF7, 0xE6, 0xAE, 0xF0, 0x48, 0x79, 0x22, 0x34, 0x4F, 0x1E, 0x0B, 0xC7,
    0x7F, 0xEC, 0x60, 0xE3, 0xE5, 0x08, 0x3B, 0x70, 0x80, 0x21, 0x03, 0x72, 0xB2, 0x46, 0xA2, 0x23,
    0xD2, 0x33, 0x0F, 0x64, 0x27, 0xAD, 0x20, 0x67, 0x02, 0x68, 0x06, 0x40, 0x97, 0x51, 0x92, 0x1E,
    0xCD, 0x95, 0xEB, 0x20, 0xA3, 0x01, 0xEA, 0xAA, 0x62, 0x48, 0x2F, 0x08, 0x60, 0x0B, 0xC0, 0x09,
    0xA5, 0x6E, 0xA8, 0x14, 0xB8, 0x7A, 0x07, 0x98, 0x60, 0xEB, 0x6C, 0x46, 0xD5, 0x96, 0x8C, 0x95,
    0x97, 0x05, 0x7A, 0xFB, 0x89, 0x6C, 0xED, 0x73, 0x47, 0xD8, 0x76, 0x67, 0x02, 0x18, 0x8A, 0x20,
    0x98, 0x0E, 0xEC, 0x8D, 0x4F, 0xA8, 0x7C, 0xED, 0x4B, 0x9F, 0x2A, 0xD9, 0x97, 0x5E, 0xF6, 0x5E,
    0x90, 0xA1, 0xFC, 0x7C, 0x43, 0x97, 0x87, 0x68, 0x61, 0x39, 0x36, 0x5E, 0x70, 0x1B, 0x5A, 0xE3,
    0x8F, 0x47, 0x94, 0xFE, 0x9D, 0xD0, 0x3E, 0x1B, 0x65, 0x5E, 0x23, 0xD4, 0x4D, 0x94, 0xF1, 0x76,
    0x80, 0x85, 0x00, 0x46, 0x08, 0xAC, 0x15, 0x8F, 0x64, 0x6A, 0x84, 0xB1, 0xF4, 0x48, 0x95, 0x2C,
    0x56, 0x2F, 0x63, 0x36, 0x34, 0xCD, 0x98, 0x71, 0x76, 0x31, 0x67, 0xE4, 0x6F, 0x73, 0xF6, 0x13,
    0x8A, 0xAF, 0x82, 0xF9, 0x57, 0x4F, 0x98, 0xF3, 0xA1, 0xF1, 0x42, 0xD5, 0x95, 0xCB, 0x68, 0x42,
    0xB9, 0x1C, 0x4D, 0xA8, 0x96, 0xF3, 0x51, 0xA8, 0x9E, 0x6B, 0xAC, 0xD6, 0x49, 0xAC, 0x7A, 0xF7,
    0x1A, 0x89, 0x6C, 0xEA, 0x93, 0x11, 0xA6, 0x4F, 0x85, 0xA0, 0x74, 0x59, 0x44, 0xA9, 0xF1, 0x19,
    0x95, 0xC1, 0x0A, 0xFD, 0xEE, 0xBF, 0x3F, 0x1E, 0xBD, 0xDA, 0x5D, 0x9F, 0xCA, 0x7B, 0xAE, 0x4F,
    0x6D, 0x68, 0xCE, 0xDF, 0xD8, 0xE0, 0x56, 0xBF, 0x69, 0x3A, 0x73, 0xBA, 0xF7, 0x14, 0xC2, 0x3B,
    0x94, 0x6F, 0xF6, 0x24, 0xD1, 0xA3, 0xBB, 0x12, 0xE6, 0xF8, 0x67, 0x11, 0xD5, 0xA8, 0x61, 0xA2,
    0x32, 0xD8, 0x1E, 0xE0, 0x5C, 0x3F, 0x03, 0x19, 0x94, 0xFE, 0x5D, 0x32, 0x1D, 0x0C, 0x63, 0x1A,
    0x93, 0x38, 0xA6, 0x57, 0x57, 0xC3, 0x98, 0x5D, 0x5C, 0x5D, 0xC5, 0xEC, 0xE2, 0xE2, 0x73, 0xCC,
    0x2E, 0x2F, 0x2E, 0x86, 0x7C, 0xBD, 0xBE, 0xEC, 0x8B, 0xF5, 0x7A, 0xDD, 0x17, 0xE7, 0x67, 0xEB,
    0xDE, 0x9C, 0x9C, 0x9C, 0x07, 0xB3, 0x5A, 0x9D, 0x04, 0x73, 0xBA, 0x5A, 0x75, 0xE5, 0x62, 0x71,
    0xEA, 0xCB, 0x45, 0x2B, 0x1D, 0x1D, 0xBE, 0x76, 0xAD, 0x2D, 0x49, 0xD8, 0x8A, 0x52, 0x9F, 0x65,
    0x00, 0xB4, 0x4D, 0x79, 0x18, 0x94, 0x0E, 0xA0, 0xF2, 0x90, 0x35, 0x90, 0xCC, 0xC0, 0xD1, 0xDF,
    0x26, 0xA4, 0xBC, 0x18, 0x91, 0xF3, 0xAB, 0x84, 0x9D, 0x0E, 0x47, 0x94, 0x7D, 0x1E, 0x51, 0x85,
    0x0D, 0xC5, 0x80, 0x6A, 0xA8, 0x06, 0x94, 0x64, 0x0F, 0xC3, 0x8F, 0x3D, 0x32, 0x9A, 0x1E, 0xB8,
    0x03, 0xE0, 0xBB, 0xFD, 0xFD, 0x5F, 0xA1, 0xD1, 0x05, 0xA7, 0x90, 0x3A, 0x22, 0x71, 0x42, 0xC9,
    0x49, 0x87, 0xB1, 0x4E, 0xF9, 0x9A, 0x3E, 0x1F, 0xB1, 0x07, 0x33, 0xE0, 0xDB, 0x1B, 0x66, 0x49,
    0xC0, 0xFE, 0x63, 0x1F, 0x68, 0x3C, 0x04, 0xCE, 0x5B, 0x26, 0xE1, 0xC3, 0x03, 0xC0, 0x7A, 0x08,
    0x21, 0xED, 0x50, 0x5E, 0x1F, 0x46, 0x18, 0x52, 0x87, 0xB3, 0x05, 0x8E, 0xAE, 0x01, 0xB0, 0x36,
    0xA3, 0x50, 0xF5, 0x20, 0x9A, 0x2E, 0x21, 0xD8, 0xA6, 0x4C, 0x89, 0x74, 0x96, 0x79, 0xD9, 0x64,
    0x06, 0xC1, 0x06, 0xE4, 0x93, 0xFB, 0x50, 0x6B, 0x65, 0x5E, 0x69, 0x95, 0xDA, 0x0C, 0x6C, 0x61,
    0x06, 0xE7, 0xA5, 0x66, 0xDB, 0x49, 0xDE, 0xAA, 0x17, 0x4A, 0x89, 0x1A, 0x4C, 0x94, 0x91, 0x72,
    0x80, 0xED, 0xB2, 0x19, 0xD6, 0xA7, 0xC4, 0x66, 0x6F, 0x23, 0xB4, 0x4E, 0xF9, 0xEE, 0xF0, 0x7A,
    0x1F, 0xB2, 0x0F, 0xCA, 0x1D, 0xE1, 0x8B, 0xE6, 0x65, 0x07, 0x54, 0x6C, 0x91, 0x30, 0xEA, 0x27,
    0xAF, 0x9F, 0xDE, 0x7B, 0xDC, 0x6B, 0x3E, 0xB5, 0xB8, 0xD3, 0xC8, 0x02, 0xDC, 0x35, 0xB0, 0x4B,
    0xFD, 0x83, 0x35, 0xF0, 0x67, 0x02, 0x08, 0x4A, 0xA2, 0x68, 0x11, 0x37, 0x15, 0x91, 0x93, 0x42,
    0x61, 0x9F, 0xB5, 0x21, 0x39, 0x28, 0xFD, 0x86, 0x62, 0x7E, 0xCB, 0xAE, 0x22, 0x19, 0xAC, 0xD0,
    0x6D, 0x28, 0x62, 0x3A, 0xA3, 0xB8, 0x3E, 0x90, 0xF2, 0xC8, 0x41, 0xE9, 0x84, 0x19, 0x92, 0x08,
    0x42, 0x10, 0xAA, 0x4E, 0xB0, 0x1B, 0xBC, 0x00, 0xE4, 0xBD, 0x50, 0x04, 0xC1, 0x74, 0x8A, 0x07,
    0x76, 0x28, 0x58, 0x0E, 0x48, 0xC8, 0x11, 0x19, 0x9D, 0x1C, 0x1A, 0x9F, 0x51, 0x4E, 0x39, 0xFE,
    0x13, 0xAA, 0x30, 0x02, 0xF6, 0xAF, 0x11, 0x68, 0xDE, 0xF7, 0xC2, 0xF2, 0xEA, 0x01, 0xDC, 0x92,
    0x13, 0xDC, 0x0B, 0x8E, 0xE0, 0x42, 0xB9, 0xBF, 0x1C, 0xE1, 0x0E, 0x7F, 0x11, 0xE1, 0x8E, 0xF2,
    0x01, 0x8D, 0x33, 0x3D, 0xEC, 0xDC, 0x74, 0xDA, 0xB9, 0x47, 0xC1, 0x19, 0x48, 0xF9, 0x77, 0x20,
    0x8B, 0x10, 0x86, 0xDB, 0x97, 0x40, 0xCA, 0x16, 0xA8, 0x18, 0x6F, 0x9A, 0xB7, 0xBF, 0x26, 0xF0,
    0x03, 0x08, 0x10, 0x36, 0xA1, 0x4B, 0x21, 0x28, 0x1D, 0x12, 0xEA, 0x3F, 0x0F, 0xC0, 0x7F, 0x0B,
    0x2D, 0x06, 0x8D, 0xD2, 0x2B, 0x9B, 0x43, 0x63, 0x12, 0x90, 0xCD, 0x07, 0x3D, 0x52, 0xEA, 0xA1,
    0x64, 0x00, 0x76, 0x67, 0xE8, 0xD0, 0xFE, 0x7B, 0xC9, 0x53, 0x0A, 0x3A, 0x1C, 0xE4, 0xAC, 0xA1,
    0x89, 0x7C, 0xB2, 0x4E, 0x2E, 0xC8, 0xD3, 0x7B, 0x9A, 0x1C, 0xB0, 0xFF, 0x9F, 0x5C, 0x70, 0xCB,
    0x20, 0xBC, 0xEC, 0x84, 0x85, 0x07, 0x9A, 0xC5, 0xF3, 0x1A, 0xCD, 0xEF, 0x24, 0xB9, 0x65, 0xA1,
    0x34, 0x3D, 0x8C, 0x86, 0xCE, 0x49, 0x20, 0xD1, 0xD0, 0xE9, 0x4D, 0x68, 0xA1, 0x17, 0xB4, 0x41,
    0xD8, 0x2D, 0xF2, 0x3B, 0xDA, 0x07, 0x00, 0xA0, 0xD1, 0xF6, 0x9D, 0x16, 0x40, 0x65, 0xBF, 0x91,
    0xEF, 0x19, 0x36, 0xFC, 0x4F, 0x7B, 0xCD, 0x16, 0xD7, 0xDE, 0xC2, 0x5A, 0xC1, 0x0D, 0x89, 0x92,
    0x2A, 0x80, 0xA6, 0x25, 0x19, 0x94, 0xCE, 0x08, 0xFE, 0xF6, 0xB2, 0xD5, 0xDA, 0x0C, 0xDB, 0x4A,
    0xA8, 0x7F, 0xFC, 0x96, 0xFF, 0xBC, 0x39, 0xA6, 0x20, 0xB4, 0x09, 0x45, 0xA3, 0xB2, 0x05, 0xC0,
    0xCD, 0xC8, 0x20, 0x54, 0xBD, 0x60, 0x46, 0x21, 0x9F, 0xB6, 0x43, 0xE8, 0x6F, 0xAF, 0x98, 0xDF,
    0xF2, 0x97, 0x00, 0xF9, 0x4E, 0x3A, 0x3D, 0x41, 0x99, 0x81, 0x5C, 0x9B, 0x30, 0x4C, 0x5B, 0xA1,
    0x6A, 0xF1, 0x23, 0x19, 0x8B, 0x84, 0x93, 0x2E, 0x74, 0xD6, 0xDB, 0x09, 0xC2, 0x88, 0xA6, 0xFD,
    0xE9, 0x08, 0x22, 0x1B, 0xD3, 0x59, 0x46, 0x1C, 0x8E, 0x28, 0xBE, 0xB9, 0xD4, 0xD7, 0x00, 0x2C,
    0xB5, 0x0B, 0xB2, 0x56, 0x3C, 0xDC, 0x6B, 0xD7, 0x81, 0xAD, 0x0D, 0x60, 0xAD, 0xC0, 0x86, 0x44,
    0xE8, 0x04, 0xE7, 0x77, 0xF8, 0x90, 0x5E, 0x03, 0x42, 0x18, 0x61, 0xC9, 0x57, 0xC8, 0x47, 0x00,
    0xBA, 0x55, 0x69, 0xE1, 0x94, 0x72, 0xFB, 0x93, 0x2E, 0xB7, 0x20, 0xFD, 0x79, 0x8B, 0xE2, 0xC4,
    0xA3, 0x78, 0xE1, 0x61, 0x5E, 0xFA, 0x94, 0xF4, 0x19, 0x39, 0xC8, 0x33, 0x66, 0xD3, 0xC1, 0x9C,
    0xCB, 0x1B, 0xE6, 0x31, 0x95, 0xC6, 0xB3, 0xD9, 0x0C, 0xD9, 0x68, 0xAE, 0x8E, 0xA2, 0xBE, 0x66,
    0x49, 0xD6, 0xF2, 0x84, 0x2A, 0x98, 0xC1, 0x76, 0x79, 0xB4, 0x5D, 0x31, 0x5A, 0x5F, 0x8C, 0x8D,
    0x37, 0xB1, 0xF9, 0xE0, 0x7A, 0x27, 0x6B, 0x3A, 0x94, 0x92, 0x26, 0x5F, 0xFA, 0xED, 0x88, 0x1F,
    0xFE, 0xB2, 0xC6, 0x7F, 0x00, 0x9C, 0x54, 0x3D, 0x88, 0x14, 0x4D, 0x14, 0xAC, 0xD9, 0xE5, 0x6E,
    0x3F, 0x58, 0x3E, 0x27, 0xBA, 0x48, 0x8F, 0x36, 0x4F, 0x26, 0x35, 0x10, 0xBB, 0x31, 0x0F, 0x35,
    0xCF, 0x23, 0x13, 0xF3, 0x6E, 0xF3, 0xC0, 0x3C, 0x33, 0x30, 0xC7, 0xD0, 0xAC, 0xC7, 0xBB, 0x9C,
    0x1B, 0x34, 0x34, 0x70, 0x30, 0x07, 0x87, 0x73, 0x91, 0x91, 0xDB, 0x9D, 0x67, 0x15, 0xBD, 0xEC,
    0xDE, 0x2D, 0xDE, 0xA1, 0x3E, 0xA8, 0x82, 0x7D, 0x7F, 0x55, 0x6F, 0x1A, 0x16, 0x50, 0x2C, 0x45,
    0x4D, 0x4B, 0xCA, 0xA4, 0x99, 0x29, 0xB5, 0x56, 0xCA, 0xCC, 0x52, 0x16, 0x35, 0x22, 0xE6, 0x4A,
    0x55, 0x7D, 0x65, 0xA2, 0xCC, 0x96, 0xA8, 0x88, 0x05, 0x53, 0x6E, 0x00, 0xE2, 0x1A, 0x95, 0x19,
    0x16, 0x66, 0xAD, 0x33, 0x1B, 0xFC, 0xC5, 0xE7, 0x55, 0x5D, 0x7F, 0xED, 0x50, 0xF7, 0x81, 0xC0,
    0x1F, 0xA3, 0xC4, 0x03, 0x51, 0xDC, 0xEB, 0x0E, 0x52, 0x5A, 0xC3, 0x9B, 0x59, 0x10, 0xB5, 0xA2,
    0x40, 0x2F, 0x9B, 0x6D, 0xB5, 0xF4, 0xC5, 0x32, 0x5B, 0xE2, 0x6F, 0x64, 0x89, 0x20, 0xBB, 0xB2,
    0x2D, 0xFB, 0x3A, 0x83, 0xE7, 0xE8, 0xAC, 0x72, 0x9E, 0xCE, 0xAC, 0xB0, 0x8D, 0xC7, 0x0B, 0x4A,
    0x9B, 0xEB, 0x30, 0x37, 0xB7, 0x42, 0xBD, 0x5E, 0x6C, 0x8A, 0xB3, 0xBC, 0x73, 0x56, 0x8F, 0xCC,
    0xA9, 0x5A, 0xFA, 0x34, 0xF1, 0x6F, 0xDF, 0xEC, 0xB8, 0xEE, 0x93, 0x7B, 0xFD, 0x69, 0xF0, 0x5F,
    0xBE, 0xAD, 0x6A, 0xB3, 0x7E, 0x6E, 0x96, 0x60, 0x13, 0xE0, 0xC7, 0x62, 0x7C, 0x9E, 0xA0, 0xE0,
    0xF8, 0x1E, 0x52, 0xDD, 0x10, 0x16, 0xB0, 0x89, 0x1D, 0xA6, 0x66, 0xC4, 0xB4, 0x98, 0xF0, 0xAC,
    0xE2, 0x2C, 0x22, 0x87, 0x1C, 0x87, 0x99, 0x40, 0xC5, 0x2E, 0xBC, 0x84, 0x62, 0xA9, 0xEE, 0x3D,
    0xA1, 0x16, 0x79, 0x91, 0x91, 0xE6, 0xE6, 0x03, 0x0F, 0x25, 0xF9, 0x81, 0x64, 0xED, 0x09, 0x53,
    0x00, 0x53, 0x00, 0x53, 0xA2, 0x56, 0x3F, 0x89, 0x12, 0x47, 0x22, 0x17, 0x54, 0xE8, 0x48, 0xCD,
    0x0A, 0xDB, 0xC7, 0x9A, 0x99, 0x92, 0xB9, 0xF3, 0x81, 0x49, 0x1F, 0x98, 0xF4, 0xDB, 0xF5, 0xB0,
    0x9D, 0xE4, 0x92, 0x74, 0x68, 0x08, 0x0F, 0x09, 0xCA, 0xCD, 0x27, 0xC9, 0x16, 0xD5, 0xDC, 0x4E,
    0xDC, 0x37, 0x71, 0xF1, 0x44, 0x85, 0x4D, 0xEE, 0xB4, 0xA3, 0xDC, 0xBE, 0xBA, 0xF9, 0x4D, 0x78,
    0x6F, 0x2F, 0xDA, 0x88, 0xD8, 0x73, 0xC4, 0x59, 0xFA, 0xA3, 0xB9, 0xD8, 0x36, 0x5D, 0x65, 0xA1,
    0xE9, 0xB8, 0xD8, 0x77, 0xF5, 0x88, 0x5C, 0x9E, 0x90, 0xD0, 0xB3, 0x5A, 0x0F, 0xE6, 0x50, 0xCE,
    0x85, 0xB5, 0x24, 0x9F, 0x48, 0xF7, 0xB0, 0x8D, 0xEA, 0xFD, 0xEE, 0x3B, 0x88, 0x62, 0xF7, 0x3F,
    0x60, 0xC1, 0x93, 0x24, 0x61, 0xF2, 0x69, 0x81, 0xF5, 0x28, 0x01, 0x6D, 0x4E, 0x35, 0xA9, 0xAB,
    0xB2, 0xAC, 0x16, 0x43, 0x6E, 0x05, 0x0D, 0x8A, 0x02, 0xE9, 0x14, 0xD7, 0x62, 0xAE, 0xB7, 0x60,
    0xC9, 0xD3, 0xBE, 0x25, 0xE8, 0xD5, 0x1C, 0xE7, 0x3D, 0xE1, 0x08, 0xCE, 0x67, 0x3E, 0x6B, 0x66,
    0x3D, 0xB3, 0x2F, 0xB3, 0x3F, 0x03, 0xB8, 0x0D, 0xCF, 0x09, 0x46, 0xCF, 0xBD, 0x23, 0x31, 0x41,
    0x4B, 0xB5, 0x3C, 0x9A, 0x8D, 0xC4, 0x44, 0xAC, 0x23, 0x3D, 0x47, 0xE6, 0x23, 0xEB, 0x91, 0x7D,
    0x11, 0x3D, 0x81, 0xDF, 0xE2, 0x84, 0xB8, 0x43, 0xAF, 0xF8, 0x91, 0x2F, 0xFA, 0x93, 0x4F, 0xFA,
    0xCF, 0x07, 0xFE, 0x51, 0x15, 0x0B, 0xBA, 0xB3, 0xDC, 0xCB, 0x88, 0x77, 0xA2, 0x2F, 0xBE, 0xE4,
    0x4F, 0x3E, 0x0F, 0xFC, 0xEF, 0x3E, 0x16, 0xEB, 0xBA, 0x53, 0xF7, 0x96, 0x88, 0x3A, 0xDC, 0x28,
    0xB9, 0x34, 0xA3, 0xDC, 0x10, 0x13, 0x5C, 0xDB, 0xB4, 0x68, 0x0A, 0x1D, 0x05, 0x12, 0x00, 0xD1,
    0x69, 0x73, 0x9E, 0x10, 0x5F, 0x5C, 0x50, 0xCA, 0xAC, 0x87, 0x33, 0x7D, 0x7C, 0x9B, 0xE4, 0x76,
    0xDC, 0x6E, 0x82, 0x4B, 0xA4, 0x63, 0xA2, 0xCA, 0x49, 0x3B, 0x57, 0x1C, 0x35, 0xC9, 0x7F, 0x98,
    0xE4, 0x32, 0xEB, 0xFE, 0xA8, 0x8F, 0x4E, 0xC2, 0x9E, 0x1E, 0xC5, 0x1A, 0x98, 0xA2, 0x6F, 0x61,
    0xDA, 0xEA, 0xB5, 0xB5, 0x36, 0xBD, 0x07, 0x85, 0x64, 0x9C, 0xF4, 0x84, 0xC0, 0x7F, 0xC4, 0xCC,
    0xAC, 0xBD, 0x41, 0x1D, 0x66, 0x67, 0x54, 0x5A, 0xFC, 0xB8, 0x5A, 0xA3, 0xBE, 0xFC, 0x69, 0x70,
    0x1F, 0xC7, 0x0C, 0x7F, 0x36, 0xC6, 0xE4, 0x5F, 0xBD, 0xF5, 0xC9, 0x07, 0xF8, 0x36, 0xEE, 0x88,
    0x3F, 0x99, 0x4B, 0x24, 0x5E, 0x15, 0xE1, 0x7A, 0x18, 0xB6, 0xFF, 0x4E, 0x92, 0x34, 0xEE, 0xC3,
    0x7D, 0xD9, 0xB5, 0xE1, 0x3A, 0x41, 0x34, 0xB7, 0xE1, 0x1D, 0x96, 0x57, 0x97, 0x6B, 0xB8, 0xEF,
    0x97, 0x1B, 0x34, 0xE7, 0x83, 0xC1, 0x9F, 0x0F, 0x31, 0xF8, 0xA7, 0x6F, 0x7C, 0xD2, 0x7A, 0x91,
    0x34, 0x0E, 0x85, 0x72, 0xB8, 0x55, 0xE8, 0xD7, 0x28, 0x2F, 0xE1, 0xB9, 0x65, 0xA8, 0x51, 0x79,
    0x51, 0x5E, 0x0F, 0x52, 0xA3, 0x92, 0x02, 0x00, 0x4C, 0xD1, 0x31, 0xA8, 0xD5, 0x30, 0x14, 0x06,
    0xE0, 0xBF, 0xAD, 0xDA, 0xA1, 0x60, 0x5C, 0xDE, 0xE4, 0xD0, 0xFD, 0x2D, 0x59, 0xDD, 0x52, 0x70,
    0x07, 0x97, 0xBB, 0xEF, 0x0E, 0xBA, 0x4F, 0x2D, 0xBE, 0x1D, 0x2E, 0xB8, 0x83, 0x83, 0x83, 0xDC,
    0x7D, 0x36, 0x11, 0x77, 0xC8, 0xEE, 0x52, 0xC1, 0xC9, 0x29, 0x62, 0x95, 0xF2, 0x48, 0x73, 0xFC,
    0x4F, 0xEB, 0x83, 0x7B, 0xE1, 0x7C, 0x4D, 0xC9, 0xC9, 0x39, 0xB7, 0x39, 0x78, 0x7D, 0x06, 0xFA,
    0x0C, 0x34, 0x02, 0xC0, 0x07, 0xC0, 0xCE, 0x80, 0x59, 0x60, 0xDF, 0xE7, 0x5A, 0xEE, 0x73, 0x27,
    0xB2, 0xF5, 0x6B, 0xBF, 0xB9, 0xB9, 0x2D, 0x63, 0x68, 0x8A, 0x0F, 0xCD, 0x26, 0x13, 0x63, 0x68,
    0xB3, 0x0C, 0x5D, 0xF6, 0x93, 0x59, 0xC6, 0xE8, 0x92, 0x13, 0x09, 0x46, 0x0A, 0x2A, 0xFF, 0x03,
    0xC0, 0xED, 0x47, 0xE2, 0x33, 0x11, 0x52, 0xC9, 0xC6, 0xFA, 0x4A, 0x5B, 0x88, 0xF9, 0x5B, 0xC8,
    0x2F, 0x62, 0xBF, 0x0B, 0xE0, 0xBE, 0x10, 0x3F, 0x11, 0x19, 0x84, 0xB9, 0x7C, 0x34, 0x1B, 0xB4,
    0x3E, 0x31, 0x2B, 0x84, 0x1D, 0x88, 0xBD, 0xBF, 0x48, 0x60, 0x17, 0x99, 0x94, 0x61, 0x07, 0x97,
    0xCB, 0xE5, 0x0C, 0xAE, 0xE6, 0x4A, 0xA9, 0x49, 0xAC, 0x0B, 0x1C, 0xFF, 0xA3, 0x92, 0x31, 0x2A,
    0x7E, 0x6A, 0x95, 0x6E, 0x65, 0x3D, 0x05, 0x66, 0x51, 0x52, 0xA5, 0x30, 0xBD, 0x57, 0xEC, 0xCC,
    0x33, 0x24, 0xC3, 0x45, 0x25, 0xB4, 0x3B, 0x2B, 0x4B, 0xF0, 0x0C, 0xD8, 0x8E, 0x4B, 0xC5, 0x8B,
    0x2C, 0xF0, 0x3F, 0x2F, 0x1F, 0x30, 0x46, 0x00, 0x2E, 0x11, 0xB3, 0x92, 0x2E, 0x93, 0xA6, 0x90,
    0x4A, 0x08, 0x24, 0x90, 0x23, 0x87, 0xB0, 0x0E, 0x11, 0xB2, 0x5F, 0xB4, 0xD9, 0x88, 0x5D, 0x88,
    0x8F, 0x7A, 0x60, 0xD2, 0xBB, 0x79, 0xA8, 0xE4, 0xEE, 0x2F, 0x9F, 0xB4, 0x63, 0xBE, 0x6A, 0x6B,
    0xF9, 0xEA, 0xFE, 0x07, 0x98, 0xBC, 0x10, 0x93, 0x94, 0x48, 0x6C, 0x20, 0x6E, 0xB8, 0x3D, 0xC3,
    0x63, 0x4C, 0x28, 0xF0, 0xA9, 0xCA, 0x90, 0xD4, 0xAC, 0xCC, 0x6C, 0x13, 0x31, 0x33, 0x9A, 0xA5,
    0x0F, 0x68, 0x56, 0xAB, 0xB8, 0x81, 0x78, 0xA0, 0xCE, 0x1B, 0xD9, 0xF6, 0x21, 0x2D, 0x8A, 0x96,
    0x94, 0x99, 0x9C, 0x06, 0x6E, 0x14, 0x7C, 0x86, 0x91, 0x3B, 0x09, 0x56, 0xBE, 0x49, 0x74, 0x77,
    0x9B, 0x99, 0xC7, 0x9A, 0xB5, 0x7C, 0xB5, 0x9A, 0xE8, 0xDB, 0x6C, 0xC3, 0x58, 0x46, 0x4E, 0x24,
    0x5B, 0x41, 0x37, 0xEB, 0x45, 0x01, 0x8F, 0x4F, 0xAA, 0x97, 0x41, 0x3F, 0x55, 0x00, 0xB4, 0xBB,
    0xC7, 0xA6, 0x59, 0x76, 0x93, 0xDA, 0x5F, 0x69, 0x67, 0xD5, 0xC5, 0x2B, 0x83, 0x3A, 0x5E, 0xE9,
    0x27, 0x55, 0x86, 0x2B, 0x95, 0xEA, 0xB0, 0x90, 0xBA, 0x56, 0xFB, 0x97, 0x1B, 0x75, 0x5F, 0x33,
    0xB5, 0xBF, 0x55, 0x23, 0x2B, 0x6D, 0x24, 0x51, 0x48, 0x54, 0x6F, 0x14, 0x3C, 0x52, 0x7C, 0x7C,
    0xCA, 0xBD, 0x8D, 0x83, 0x16, 0x91, 0x89, 0x1F, 0x57, 0x50, 0x85, 0x6E, 0x01, 0x9E, 0x69, 0x49,
    0x19, 0x5E, 0xF0, 0xFC, 0x1F, 0xD1, 0x09, 0x6C, 0x70, 0xEF, 0x58, 0xAA, 0x85, 0x8D, 0xBA, 0x95,
    0x8F, 0x39, 0x98, 0xD9, 0x88, 0x94, 0x9E, 0xB1, 0xA7, 0xF0, 0xCE, 0xD1, 0xA6, 0x63, 0x30, 0x36,
    0xEC, 0xD3, 0x63, 0x2C, 0x5E, 0x24, 0x75, 0x09, 0xE8, 0x23, 0xE0, 0x26, 0x3C, 0xFC, 0xDE, 0x00,
    0xDD, 0xC6, 0x2E, 0x19, 0x5E, 0xD6, 0x4E, 0x0A, 0x7B, 0x4D, 0x30, 0x2B, 0xF8, 0x3C, 0x83, 0xEF,
    0x03, 0xDE, 0x4A, 0x3A, 0xE6, 0xF2, 0x7C, 0x06, 0xF0, 0xEA, 0xE6, 0x74, 0x1A, 0x58, 0x2F, 0x68,
    0x78, 0x06, 0x00, 0x34, 0x91, 0xC1, 0xD4, 0x56, 0x56, 0xA6, 0xEE, 0x07, 0x33, 0x60, 0x57, 0x0D,
    0xAE, 0x97, 0x27, 0x22, 0xB1, 0xE7, 0x9E, 0x2D, 0x47, 0xEF, 0x7F, 0x53, 0x01, 0xEA, 0x41, 0x37,
    0x07, 0x00, 0x55, 0xCD, 0x81, 0x05, 0xC4, 0x30, 0x18, 0x86, 0xE1, 0xAF, 0x17, 0x04, 0x41, 0x46,
    0xE8, 0x08, 0x1D, 0x21, 0x1D, 0xE1, 0xE0, 0xE6, 0xB9, 0x0E, 0x71, 0xFB, 0xB4, 0x23, 0x64, 0x84,
    0x8C, 0x10, 0x14, 0x41, 0x92, 0xFF, 0xBE, 0xFC, 0xC7, 0x69, 0xE1, 0x81, 0x17, 0x2F, 0x9C, 0x2C,
    0x19, 0xA1, 0x93, 0xBD, 0x87, 0x0C, 0xF9, 0x84, 0x04, 0x41, 0x88, 0x93, 0x00, 0xF0, 0x22, 0x72,
    0x0C, 0xB6, 0xC1, 0x6A, 0xDB, 0x4B, 0x56, 0x53, 0xD9, 0x6D, 0x65, 0x77, 0x45, 0x79, 0x74, 0xF8,
    0xD3, 0x90, 0x6C, 0x1A, 0x61, 0x9F, 0x7F, 0xD8, 0x8A, 0x25, 0xB9, 0x82, 0x10, 0x15, 0x7F, 0x82,
    0xB7, 0x59, 0x6F, 0x89, 0x37, 0xC2, 0x5B, 0x1C, 0xB7, 0x63, 0x22, 0x1C, 0xD5, 0x37, 0x29, 0xFB,
    0xA6, 0xD8, 0xF6, 0xFC, 0xDF, 0x70, 0xBF, 0x11, 0xBD, 0x29, 0xB7, 0x5B, 0xBD, 0xDC, 0xBE,
};

static const EpdGlyph notoserif_14_bolditalicGlyphs[] = {
    { 0, 0, 280, 0, 0, 0, 0 }, // U+0020
    { 10, 21, 280, 4, 21, 53, 0 }, // !
    { 13, 10, 280, 4, 22, 33, 53 }, // "
    { 20, 21, 280, -1, 21, 105, 86 }, // #
    { 18, 28, 280, 0, 25, 126, 191 }, // $
    { 22, 21, 280, -2, 21, 116, 317 }, // %
    { 18, 21, 280, 0, 21, 95, 433 }, // &
    { 7, 10, 280, 7, 22, 18, 528 }, // '
    { 14, 27, 280, 4, 23, 95, 546 }, // (
    { 14, 27, 280, 0, 23, 95, 641 }, // )
    { 16, 16, 280, 1, 17, 64, 736 }, // *
    { 16, 15, 280, 1, 16, 60, 800 }, // +
    { 10, 10, 280, 2, 5, 25, 860 }, // ,
    { 10, 4, 280, 4, 11, 10, 885 }, // -
    { 7, 5, 280, 4, 5, 9, 895 }, // .
    { 18, 27, 280, 0, 23, 122, 904 }, // /
    { 17, 21, 280, 1, 21, 90, 1026 }, // 0
    { 16, 21, 280, 1, 21, 84, 1116 }, // 1
    { 17, 21, 280, 0, 21, 90, 1200 }, // 2
    { 17, 21, 280, 0, 21, 90, 1290 }, // 3
    { 17, 21, 280, 0, 21, 90, 1380 }, // 4
    { 18, 21, 280, 0, 21, 95, 1470 }, // 5
    { 16, 21, 280, 1, 21, 84, 1565 }, // 6
    { 16, 21, 280, 2, 21, 84, 1649 }, // 7
    { 18, 21, 280, 0, 21, 95, 1733 }, // 8
    { 17, 21, 280, 1, 21, 90, 1828 }, // 9
    { 9, 15, 280, 4, 15, 34, 1918 }, // :
    { 12, 20, 280, 2, 15, 60, 1952 }, // ;
    { 15, 18, 280, 2, 18, 68, 2012 }, // <
    { 16, 11, 280, 1, 15, 44, 2080 }, // =
    { 15, 18, 280, 1, 18, 68, 2124 }, // >
    { 14, 21, 280, 3, 21, 74, 2192 }, // ?
    { 17, 26, 280, 1, 21, 111, 2266 }, // @
    { 19, 21, 280, -2, 21, 100, 2377 }, // A
    { 16, 21, 280, 1, 21, 84, 2477 }, // B
    { 17, 21, 280, 1, 21, 90, 2561 }, // C
    { 18, 21, 280, 0, 21, 95, 2651 }, // D
    { 17, 21, 280, 1, 21, 90, 2746 }, // E
    { 17, 21, 280, 1, 21, 90, 2836 }, // F
    { 17, 21, 280, 1, 21, 90, 2926 }, // G
    { 18, 21, 280, 0, 21, 95, 3016 }, // H
    { 18, 21, 280, 0, 21, 95, 3111 }, // I
    { 17, 21, 280, 0, 21, 90, 3206 }, // J
    { 20, 21, 280, 0, 21, 105, 3296 }, // K
    { 15, 21, 280, 1, 21, 79, 3401 }, // L
    { 20, 21, 280, -1, 21, 105, 3480 }, // M
    { 18, 21, 280, 0, 21, 95, 3585 }, // N
    { 17, 21, 280, 1, 21, 90, 3680 }, // O
    { 17, 21, 280, 1, 21, 90, 3770 }, // P
    { 17, 27, 280, 1, 21, 115, 3860 }, // Q
    { 17, 21, 280, 1, 21, 90, 3975 }, // R
    { 18, 21, 280, 0, 21, 95, 4065 }, // S
    { 17, 21, 280, 2, 21, 90, 4160 }, // T
    { 18, 21, 280, 1, 21, 95, 4250 }, // U
    { 18, 21, 280, 2, 21, 95, 4345 }, // V
    { 20, 21, 280, 0, 21, 105, 4440 }, // W
    { 20, 21, 280, -1, 21, 105, 4545 }, // X
    { 18, 21, 280, 2, 21, 95, 4650 }, // Y
    { 18, 21, 280, 0, 21, 95, 4745 }, // Z
    { 15, 28, 280, 3, 24, 105, 4840 }, // [
    { 10, 27, 280, 4, 23, 68, 4945 }, // <backslash>
    { 15, 28, 280, 0, 24, 105, 5013 }, // ]
    { 17, 14, 280, 0, 21, 60, 5118 }, // ^
    { 16, 4, 280, -1, -2, 16, 5178 }, // _
    { 7, 8, 280, 5, 24, 14, 5194 }, // `
    { 16, 16, 280, 1, 16, 64, 5208 }, // a
    { 17, 22, 280, 0, 22, 94, 5272 }, // b
    { 15, 16, 280, 1, 16, 60, 5366 }, // c
    { 17, 22, 280, 1, 22, 94, 5426 }, // d
    { 16, 16, 280, 1, 16, 64, 5520 }, // e
    { 21, 28, 280, -1, 22, 147, 5584 }, // f
    { 17, 22, 280, 0, 16, 94, 5731 }, // g
    { 17, 22, 280, 0, 22, 94, 5825 }, // h
    { 16, 22, 280, 1, 22, 88, 5919 }, // i
    { 16, 28, 280, 0, 22, 112, 6007 }, // j
    { 18, 22, 280, 0, 22, 99, 6119 }, // k
    { 14, 22, 280, 2, 22, 77, 6218 }, // l
    { 19, 16, 280, -1, 16, 76, 6295 }, // m
    { 17, 16, 280, 0, 16, 68, 6371 }, // n
    { 16, 16, 280, 1, 16, 64, 6439 }, // o
    { 18, 22, 280, -1, 16, 99, 6503 }, // p
    { 16, 22, 280, 1, 16, 88, 6602 }, // q
    { 16, 16, 280, 2, 16, 64, 6690 }, // r
    { 15, 16, 280, 1, 16, 60, 6754 }, // s
    { 16, 21, 280, 1, 21, 84, 6814 }, // t
    { 16, 16, 280, 1, 16, 64, 6898 }, // u
    { 16, 17, 280, 1, 17, 68, 6962 }, // v
    { 17, 17, 280, 0, 17, 73, 7030 }, // w
    { 19, 16, 280, -1, 16, 76, 7103 }, // x
    { 17, 22, 280, 0, 16, 94, 7179 }, // y
    { 17, 16, 280, 0, 16, 68, 7273 }, // z
    { 16, 28, 280, 2, 24, 112, 7341 }, // {
    { 9, 27, 280, 5, 23, 61, 7453 }, // |
    { 16, 28, 280, 0, 24, 112, 7514 }, // }
    { 16, 6, 280, 1, 12, 24, 7626 }, // ~
    { 0, 0, 280, 0, 0, 0, 0 }, // U+00A0
    { 9, 21, 280, 4, 16, 48, 0 }, // U+00A1
    { 16, 23, 280, 1, 20, 92, 48 }, // U+00A2
    { 18, 21, 280, 0, 21, 95, 140 }, // U+00A3
    { 20, 21, 280, 0, 21, 105, 235 }, // U+00A5
    { 9, 27, 280, 5, 23, 61, 340 }, // U+00A6
    { 17, 27, 280, 0, 21, 115, 401 }, // U+00A7
    { 13, 5, 280, 3, 23, 17, 516 }, // U+00A8
    { 18, 20, 280, 0, 21, 90, 533 }, // U+00A9
    { 11, 11, 280, 4, 21, 31, 623 }, // U+00AA
    { 16, 14, 280, 1, 15, 56, 654 }, // U+00AB
    { 15, 10, 280, 1, 11, 38, 710 }, // U+00AC
    { 10, 4, 280, 4, 11, 10, 748 }, // U+00AD
    { 11, 11, 280, 4, 22, 31, 758 }, // U+00AE
    { 11, 4, 280, 4, 23, 11, 789 }, // U+00AF
    { 12, 11, 280, 4, 21, 33, 800 }, // U+00B0
    { 17, 19, 280, 0, 19, 81, 833 }, // U+00B1
    { 10, 10, 280, 5, 20, 25, 914 }, // U+00B2
    { 11, 10, 280, 4, 20, 28, 939 }, // U+00B3
    { 8, 8, 280, 6, 24, 16, 967 }, // U+00B4
    { 18, 22, 280, -1, 16, 99, 983 }, // U+00B5
    { 17, 26, 280, 2, 21, 111, 1082 }, // U+00B6
    { 8, 5, 280, 5, 11, 10, 1193 }, // U+00B7
    { 9, 8, 280, 4, 2, 18, 1203 }, // U+00B8
    { 9, 10, 280, 5, 20, 23, 1221 }, // U+00B9
    { 12, 11, 280, 4, 21, 33, 1244 }, // U+00BA
    { 17, 14, 280, 0, 15, 60, 1277 }, // U+00BB
    { 22, 21, 280, -2, 21, 116, 1337 }, // U+00BC
    { 22, 21, 280, -2, 21, 116, 1453 }, // U+00BD
    { 22, 21, 280, -2, 21, 116, 1569 }, // U+00BE
    { 15, 22, 280, 0, 16, 83, 1685 }, // U+00BF
    { 19, 29, 280, -2, 29, 138, 1768 }, // U+00C0
    { 19, 29, 280, -2, 29, 138, 1906 }, // U+00C1
    { 19, 29, 280, -2, 29, 138, 2044 }, // U+00C2
    { 19, 28, 280, -2, 28, 133, 2182 }, // U+00C3
    { 20, 28, 280, -2, 28, 140, 2315 }, // U+00C4
    { 19, 31, 280, -2, 31, 148, 2455 }, // U+00C5
    { 22, 21, 280, -1, 21, 116, 2603 }, // U+00C6
    { 17, 27, 280, 1, 21, 115, 2719 }, // U+00C7
    { 17, 29, 280, 1, 29, 124, 2834 }, // U+00C8
    { 17, 29, 280, 1, 29, 124, 2958 }, // U+00C9
    { 17, 29, 280, 1, 29, 124, 3082 }, // U+00CA
    { 17, 28, 280, 1, 28, 119, 3206 }, // U+00CB
    { 18, 29, 280, 0, 29, 131, 3325 }, // U+00CC
    { 18, 29, 280, 0, 29, 131, 3456 }, // U+00CD
    { 18, 29, 280, 0, 29, 131, 3587 }, // U+00CE
    { 18, 28, 280, 0, 28, 126, 3718 }, // U+00CF
    { 18, 21, 280, 0, 21, 95, 3844 }, // U+00D0
    { 18, 28, 280, 0, 28, 126, 3939 }, // U+00D1
    { 17, 29, 280, 1, 29, 124, 4065 }, // U+00D2
    { 17, 29, 280, 1, 29, 124, 4189 }, // U+00D3
    { 17, 29, 280, 1, 29, 124, 4313 }, // U+00D4
    { 17, 28, 280, 1, 28, 119, 4437 }, // U+00D5
    { 17, 28, 280, 1, 28, 119, 4556 }, // U+00D6
    { 16, 14, 280, 1, 16, 56, 4675 }, // U+00D7
    { 21, 25, 280, -1, 23, 132, 4731 }, // U+00D8
    { 18, 29, 280, 1, 29, 131, 4863 }, // U+00D9
    { 18, 29, 280, 1, 29, 131, 4994 }, // U+00DA
    { 18, 29, 280, 1, 29, 131, 5125 }, // U+00DB
    { 18, 28, 280, 1, 28, 126, 5256 }, // U+00DC
    { 18, 29, 280, 2, 29, 131, 5382 }, // U+00DD
    { 17, 21, 280, 0, 21, 90, 5513 }, // U+00DE
    { 18, 22, 280, 0, 22, 99, 5603 }, // U+00DF
    { 16, 24, 280, 1, 24, 96, 5702 }, // U+00E0
    { 16, 24, 280, 1, 24, 96, 5798 }, // U+00E1
    { 16, 24, 280, 1, 24, 96, 5894 }, // U+00E2
    { 16, 23, 280, 1, 23, 92, 5990 }, // U+00E3
    { 16, 23, 280, 1, 23, 92, 6082 }, // U+00E4
    { 16, 26, 280, 1, 26, 104, 6174 }, // U+00E5
    { 19, 16, 280, -1, 16, 76, 6278 }, // U+00E6
    { 15, 22, 280, 1, 16, 83, 6354 }, // U+00E7
    { 16, 24, 280, 1, 24, 96, 6437 }, // U+00E8
    { 16, 24, 280, 1, 24, 96, 6533 }, // U+00E9
    { 16, 24, 280, 1, 24, 96, 6629 }, // U+00EA
    { 16, 23, 280, 1, 23, 92, 6725 }, // U+00EB
    { 16, 24, 280, 1, 24, 96, 6817 }, // U+00EC
    { 16, 24, 280, 1, 24, 96, 6913 }, // U+00ED
    { 16, 24, 280, 1, 24, 96, 7009 }, // U+00EE
    { 16, 23, 280, 1, 23, 92, 7105 }, // U+00EF
    { 17, 23, 280, 0, 23, 98, 7197 }, // U+00F0
    { 17, 23, 280, 0, 23, 98, 7295 }, // U+00F1
    { 16, 24, 280, 1, 24, 96, 7393 }, // U+00F2
    { 16, 24, 280, 1, 24, 96, 7489 }, // U+00F3
    { 16, 24, 280, 1, 24, 96, 7585 }, // U+00F4
    { 16, 23, 280, 1, 23, 92, 7681 }, // U+00F5
    { 16, 23, 280, 1, 23, 92, 7773 }, // U+00F6
    { 16, 17, 280, 1, 18, 68, 7865 }, // U+00F7
    { 20, 20, 280, -1, 18, 100, 7933 }, // U+00F8
    { 16, 24, 280, 1, 24, 96, 8033 }, // U+00F9
    { 16, 24, 280, 1, 24, 96, 8129 }, // U+00FA
    { 16, 24, 280, 1, 24, 96, 8225 }, // U+00FB
    { 16, 23, 280, 1, 23, 92, 8321 }, // U+00FC
    { 17, 30, 280, 0, 24, 128, 8413 }, // U+00FD
    { 18, 28, 280, -1, 22, 126, 8541 }, // U+00FE
    { 17, 29, 280, 0, 23, 124, 8667 }, // U+00FF
    { 19, 28, 280, -2, 28, 133, 0 }, // U+0100
    { 16, 23, 280, 1, 23, 92, 133 }, // U+0101
    { 20, 29, 280, -2, 29, 145, 225 }, // U+0102
    { 16, 24, 280, 1, 24, 96, 370 }, // U+0103
    { 19, 27, 280, -2, 21, 129, 466 }, // U+0104
    { 16, 22, 280, 1, 16, 88, 595 }, // U+0105
    { 17, 29, 280, 1, 29, 124, 683 }, // U+0106
    { 15, 24, 280, 1, 24, 90, 807 }, // U+0107
    { 17, 29, 280, 1, 29, 124, 897 }, // U+0108
    { 16, 24, 280, 1, 24, 96, 1021 }, // U+0109
    { 17, 28, 280, 1, 28, 119, 1117 }, // U+010A
    { 15, 23, 280, 1, 23, 87, 1236 }, // U+010B
    { 17, 30, 280, 1, 30, 128, 1323 }, // U+010C
    { 16, 25, 280, 1, 25, 100, 1451 }, // U+010D
    { 18, 30, 280, 0, 30, 135, 1551 }, // U+010E
    { 21, 22, 280, 0, 22, 116, 1686 }, // U+010F
    { 18, 21, 280, 0, 21, 95, 1802 }, // U+0110
    { 19, 22, 280, 1, 22, 105, 1897 }, // U+0111
    { 17, 28, 280, 1, 28, 119, 2002 }, // U+0112
    { 16, 23, 280, 1, 23, 92, 2121 }, // U+0113
    { 17, 29, 280, 1, 29, 124, 2213 }, // U+0114
    { 16, 24, 280, 1, 24, 96, 2337 }, // U+0115
    { 17, 28, 280, 1, 28, 119, 2433 }, // U+0116
    { 16, 23, 280, 1, 23, 92, 2552 }, // U+0117
    { 17, 27, 280, 1, 21, 115, 2644 }, // U+0118
    { 16, 22, 280, 1, 16, 88, 2759 }, // U+0119
    { 17, 30, 280, 1, 30, 128, 2847 }, // U+011A
    { 16, 25, 280, 1, 25, 100, 2975 }, // U+011B
    { 17, 29, 280, 1, 29, 124, 3075 }, // U+011C
    { 17, 30, 280, 0, 24, 128, 3199 }, // U+011D
    { 17, 29, 280, 1, 29, 124, 3327 }, // U+011E
    { 17, 30, 280, 0, 24, 128, 3451 }, // U+011F
    { 17, 28, 280, 1, 28, 119, 3579 }, // U+0120
    { 17, 29, 280, 0, 23, 124, 3698 }, // U+0121
    { 17, 29, 280, 1, 21, 124, 3822 }, // U+0122
    { 17, 31, 280, 0, 25, 132, 3946 }, // U+0123
    { 18, 29, 280, 0, 29, 131, 4078 }, // U+0124
    { 17, 29, 280, 0, 29, 124, 4209 }, // U+0125
    { 20, 21, 280, 0, 21, 105, 4333 }, // U+0126
    { 17, 22, 280, 0, 22, 94, 4438 }, // U+0127
    { 18, 28, 280, 0, 28, 126, 4532 }, // U+0128
    { 16, 23, 280, 1, 23, 92, 4658 }, // U+0129
    { 18, 28, 280, 0, 28, 126, 4750 }, // U+012A
    { 16, 23, 280, 1, 23, 92, 4876 }, // U+012B
    { 18, 29, 280, 0, 29, 131, 4968 }, // U+012C
    { 16, 24, 280, 1, 24, 96, 5099 }, // U+012D
    { 18, 27, 280, 0, 21, 122, 5195 }, // U+012E
    { 16, 28, 280, 1, 22, 112, 5317 }, // U+012F
    { 18, 28, 280, 0, 28, 126, 5429 }, // U+0130
    { 16, 16, 280, 1, 16, 64, 5555 }, // U+0131
    { 17, 21, 280, 2, 21, 90, 5619 }, // U+0132
    { 18, 28, 280, 0, 22, 126, 5709 }, // U+0133
    { 18, 29, 280, 0, 29, 131, 5835 }, // U+0134
    { 18, 30, 280, 0, 24, 135, 5966 }, // U+0135
    { 20, 29, 280, 0, 21, 145, 6101 }, // U+0136
    { 18, 30, 280, 0, 22, 135, 6246 }, // U+0137
    { 18, 16, 280, 0, 16, 72, 6381 }, // U+0138
    { 15, 29, 280, 1, 29, 109, 6453 }, // U+0139
    { 14, 29, 280, 2, 29, 102, 6562 }, // U+013A
    { 15, 29, 280, 1, 21, 109, 6664 }, // U+013B
    { 14, 30, 280, 2, 22, 105, 6773 }, // U+013C
    { 16, 23, 280, 1, 23, 92, 6878 }, // U+013D
    { 17, 23, 280, 2, 23, 98, 6970 }, // U+013E
    { 16, 21, 280, 1, 21, 84, 7068 }, // U+013F
    { 16, 22, 280, 2, 22, 88, 7152 }, // U+0140
    { 15, 21, 280, 1, 21, 79, 7240 }, // U+0141
    { 15, 22, 280, 1, 22, 83, 7319 }, // U+0142
    { 18, 29, 280, 0, 29, 131, 7402 }, // U+0143
    { 17, 24, 280, 0, 24, 102, 7533 }, // U+0144
    { 18, 29, 280, 0, 21, 131, 7635 }, // U+0145
    { 17, 24, 280, 0, 16, 102, 7766 }, // U+0146
    { 18, 30, 280, 0, 30, 135, 7868 }, // U+0147
    { 17, 25, 280, 0, 25, 107, 8003 }, // U+0148
    { 16, 22, 280, 1, 22, 88, 8110 }, // U+0149
    { 18, 27, 280, 0, 21, 122, 8198 }, // U+014A
    { 17, 22, 280, 0, 16, 94, 8320 }, // U+014B
    { 17, 28, 280, 1, 28, 119, 8414 }, // U+014C
    { 16, 23, 280, 1, 23, 92, 8533 }, // U+014D
    { 17, 29, 280, 1, 29, 124, 8625 }, // U+014E
    { 16, 24, 280, 1, 24, 96, 8749 }, // U+014F
    { 17, 29, 280, 1, 29, 124, 8845 }, // U+0150
    { 17, 24, 280, 1, 24, 102, 8969 }, // U+0151
    { 20, 21, 280, 1, 21, 105, 9071 }, // U+0152
    { 18, 16, 280, 0, 16, 72, 9176 }, // U+0153
    { 17, 29, 280, 1, 29, 124, 9248 }, // U+0154
    { 16, 24, 280, 2, 24, 96, 9372 }, // U+0155
    { 17, 29, 280, 1, 21, 124, 9468 }, // U+0156
    { 16, 24, 280, 2, 16, 96, 9592 }, // U+0157
    { 17, 30, 280, 1, 30, 128, 9688 }, // U+0158
    { 16, 25, 280, 2, 25, 100, 9816 }, // U+0159
    { 18, 29, 280, 0, 29, 131, 9916 }, // U+015A
    { 15, 24, 280, 1, 24, 90, 10047 }, // U+015B
    { 18, 29, 280, 0, 29, 131, 10137 }, // U+015C
    { 15, 24, 280, 1, 24, 90, 10268 }, // U+015D
    { 18, 27, 280, 0, 21, 122, 10358 }, // U+015E
    { 15, 22, 280, 1, 16, 83, 10480 }, // U+015F
    { 18, 30, 280, 0, 30, 135, 10563 }, // U+0160
    { 16, 25, 280, 1, 25, 100, 10698 }, // U+0161
    { 17, 29, 280, 2, 21, 124, 10798 }, // U+0162
    { 16, 29, 280, 1, 21, 116, 10922 }, // U+0163
    { 17, 30, 280, 2, 30, 128, 11038 }, // U+0164
    { 18, 24, 280, 1, 24, 108, 11166 }, // U+0165
    { 17, 21, 280, 2, 21, 90, 11274 }, // U+0166
    { 16, 21, 280, 1, 21, 84, 11364 }, // U+0167
    { 18, 28, 280, 1, 28, 126, 11448 }, // U+0168
    { 16, 23, 280, 1, 23, 92, 11574 }, // U+0169
    { 18, 28, 280, 1, 28, 126, 11666 }, // U+016A
    { 16, 23, 280, 1, 23, 92, 11792 }, // U+016B
    { 18, 29, 280, 1, 29, 131, 11884 }, // U+016C
    { 16, 24, 280, 1, 24, 96, 12015 }, // U+016D
    { 18, 31, 280, 1, 31, 140, 12111 }, // U+016E
    { 16, 26, 280, 1, 26, 104, 12251 }, // U+016F
    { 18, 29, 280, 1, 29, 131, 12355 }, // U+0170
    { 17, 24, 280, 1, 24, 102, 12486 }, // U+0171
    { 18, 27, 280, 1, 21, 122, 12588 }, // U+0172
    { 16, 22, 280, 1, 16, 88, 12710 }, // U+0173
    { 20, 29, 280, 0, 29, 145, 12798 }, // U+0174
    { 17, 24, 280, 0, 24, 102, 12943 }, // U+0175
    { 18, 29, 280, 2, 29, 131, 13045 }, // U+0176
    { 17, 30, 280, 0, 24, 128, 13176 }, // U+0177
    { 18, 28, 280, 2, 28, 126, 13304 }, // U+0178
    { 18, 29, 280, 0, 29, 131, 13430 }, // U+0179
    { 17, 24, 280, 0, 24, 102, 13561 }, // U+017A
    { 18, 28, 280, 0, 28, 126, 13663 }, // U+017B
    { 17, 23, 280, 0, 23, 98, 13789 }, // U+017C
    { 18, 30, 280, 0, 30, 135, 13887 }, // U+017D
    { 17, 25, 280, 0, 25, 107, 14022 }, // U+017E
    { 19, 25, 280, 1, 25, 119, 0 }, // U+01A0
    { 18, 20, 280, 1, 20, 90, 119 }, // U+01A1
    { 20, 25, 280, 1, 25, 125, 209 }, // U+01AF
    { 19, 20, 280, 1, 20, 95, 334 }, // U+01B0
    { 19, 35, 280, -2, 35, 167, 429 }, // U+01FA
    { 16, 30, 280, 1, 30, 120, 596 }, // U+01FB
    { 22, 29, 280, -1, 29, 160, 716 }, // U+01FC
    { 19, 24, 280, -1, 24, 114, 876 }, // U+01FD
    { 21, 31, 280, -1, 29, 163, 990 }, // U+01FE
    { 20, 26, 280, -1, 24, 130, 1153 }, // U+01FF
    { 18, 29, 280, 0, 21, 131, 1283 }, // U+0218
    { 15, 24, 280, 1, 16, 90, 1414 }, // U+0219
    { 17, 29, 280, 2, 21, 124, 1504 }, // U+021A
    { 16, 29, 280, 1, 21, 116, 1628 }, // U+021B
    { 7, 8, 0, -4, 24, 14, 0 }, // U+0300
    { 7, 8, 0, -2, 24, 14, 14 }, // U+0301
    { 13, 7, 0, -6, 24, 23, 28 }, // U+0302
    { 12, 5, 0, -5, 23, 15, 51 }, // U+0303
    { 10, 4, 0, -4, 23, 10, 66 }, // U+0304
    { 12, 7, 0, -5, 24, 21, 76 }, // U+0306
    { 6, 5, 0, -2, 23, 8, 97 }, // U+0307
    { 13, 5, 0, -6, 23, 17, 105 }, // U+0308
    { 8, 8, 0, -3, 25, 16, 122 }, // U+0309
    { 10, 9, 0, -4, 26, 23, 138 }, // U+030A
    { 13, 8, 0, -5, 24, 26, 161 }, // U+030B
    { 12, 7, 0, -5, 25, 21, 187 }, // U+030C
    { 7, 7, 0, -2, 25, 13, 208 }, // U+0312
    { 7, 7, 0, -2, 23, 13, 221 }, // U+0315
    { 10, 6, 0, -5, 19, 15, 234 }, // U+031B
    { 7, 5, 0, -4, 0, 9, 249 }, // U+0323
    { 8, 7, 0, -5, -1, 14, 258 }, // U+0326
    { 8, 8, 0, -4, 2, 16, 272 }, // U+0327
    { 8, 7, 0, -7, 1, 14, 288 }, // U+0328
    { 17, 29, 280, 1, 29, 124, 0 }, // U+0400
    { 17, 28, 280, 1, 28, 119, 124 }, // U+0401
    { 16, 27, 280, 1, 21, 108, 243 }, // U+0402
    { 17, 29, 280, 1, 29, 124, 351 }, // U+0403
    { 17, 21, 280, 1, 21, 90, 475 }, // U+0404
    { 18, 21, 280, 0, 21, 95, 565 }, // U+0405
    { 18, 21, 280, 0, 21, 95, 660 }, // U+0406
    { 18, 28, 280, 0, 28, 126, 755 }, // U+0407
    { 17, 21, 280, 0, 21, 90, 881 }, // U+0408
    { 20, 21, 280, -2, 21, 105, 971 }, // U+0409
    { 19, 21, 280, -1, 21, 100, 1076 }, // U+040A
    { 16, 21, 280, 1, 21, 84, 1176 }, // U+040B
    { 19, 29, 280, 0, 29, 138, 1260 }, // U+040C
    { 19, 29, 280, 0, 29, 138, 1398 }, // U+040D
    { 19, 29, 280, 1, 29, 138, 1536 }, // U+040E
    { 18, 26, 280, 0, 21, 117, 1674 }, // U+040F
    { 19, 21, 280, -2, 21, 100, 1791 }, // U+0410
    { 17, 21, 280, 0, 21, 90, 1891 }, // U+0411
    { 16, 21, 280, 1, 21, 84, 1981 }, // U+0412
    { 17, 21, 280, 1, 21, 90, 2065 }, // U+0413
    { 20, 26, 280, -2, 21, 130, 2155 }, // U+0414
    { 17, 21, 280, 1, 21, 90, 2285 }, // U+0415
    { 22, 21, 280, -2, 21, 116, 2375 }, // U+0416
    { 17, 21, 280, 0, 21, 90, 2491 }, // U+0417
    { 19, 21, 280, 0, 21, 100, 2581 }, // U+0418
    { 19, 29, 280, 0, 29, 138, 2681 }, // U+0419
    { 19, 21, 280, 0, 21, 100, 2819 }, // U+041A
    { 20, 21, 280, -2, 21, 105, 2919 }, // U+041B
    { 20, 21, 280, -1, 21, 105, 3024 }, // U+041C
    { 18, 21, 280, 0, 21, 95, 3129 }, // U+041D
    { 17, 21, 280, 1, 21, 90, 3224 }, // U+041E
    { 18, 21, 280, 0, 21, 95, 3314 }, // U+041F
    { 17, 21, 280, 1, 21, 90, 3409 }, // U+0420
    { 17, 21, 280, 1, 21, 90, 3499 }, // U+0421
    { 17, 21, 280, 2, 21, 90, 3589 }, // U+0422
    { 19, 21, 280, 1, 21, 100, 3679 }, // U+0423
    { 18, 23, 280, 0, 22, 104, 3779 }, // U+0424
    { 20, 21, 280, -1, 21, 105, 3883 }, // U+0425
    { 17, 27, 280, 0, 21, 115, 3988 }, // U+0426
    { 16, 21, 280, 2, 21, 84, 4103 }, // U+0427
    { 20, 21, 280, -1, 21, 105, 4187 }, // U+0428
    { 19, 27, 280, -1, 21, 129, 4292 }, // U+0429
    { 17, 21, 280, 1, 21, 90, 4421 }, // U+042A
    { 20, 21, 280, -1, 21, 105, 4511 }, // U+042B
    { 17, 21, 280, 0, 21, 90, 4616 }, // U+042C
    { 18, 21, 280, 0, 21, 95, 4706 }, // U+042D
    { 19, 21, 280, -1, 21, 100, 4801 }, // U+042E
    { 19, 21, 280, -1, 21, 100, 4901 }, // U+042F
    { 16, 16, 280, 1, 16, 64, 5001 }, // U+0430
    { 17, 23, 280, 1, 23, 98, 5065 }, // U+0431
    { 15, 16, 280, 1, 16, 60, 5163 }, // U+0432
    { 15, 16, 280, 1, 16, 60, 5223 }, // U+0433
    { 16, 23, 280, 1, 23, 92, 5283 }, // U+0434
    { 16, 16, 280, 1, 16, 64, 5375 }, // U+0435
    { 21, 16, 280, -2, 16, 84, 5439 }, // U+0436
    { 16, 16, 280, 0, 16, 64, 5523 }, // U+0437
    { 16, 16, 280, 1, 16, 64, 5587 }, // U+0438
    { 16, 24, 280, 1, 24, 96, 5651 }, // U+0439
    { 17, 16, 280, 0, 16, 68, 5747 }, // U+043A
    { 18, 16, 280, -1, 16, 72, 5815 }, // U+043B
    { 18, 16, 280, 0, 16, 72, 5887 }, // U+043C
    { 17, 16, 280, 0, 16, 68, 5959 }, // U+043D
    { 16, 16, 280, 1, 16, 64, 6027 }, // U+043E
    { 17, 16, 280, 0, 16, 68, 6091 }, // U+043F
    { 18, 22, 280, -1, 16, 99, 6159 }, // U+0440
    { 15, 16, 280, 1, 16, 60, 6258 }, // U+0441
    { 19, 16, 280, -1, 16, 76, 6318 }, // U+0442
    { 17, 22, 280, 0, 16, 94, 6394 }, // U+0443
    { 18, 29, 280, 0, 23, 131, 6488 }, // U+0444
    { 19, 16, 280, -1, 16, 76, 6619 }, // U+0445
    { 18, 22, 280, 0, 16, 99, 6695 }, // U+0446
    { 16, 16, 280, 1, 16, 64, 6794 }, // U+0447
    { 18, 16, 280, 0, 16, 72, 6858 }, // U+0448
    { 18, 22, 280, 0, 16, 99, 6930 }, // U+0449
    { 17, 16, 280, 0, 16, 68, 7029 }, // U+044A
    { 18, 16, 280, 0, 16, 72, 7097 }, // U+044B
    { 14, 16, 280, 2, 16, 56, 7169 }, // U+044C
    { 15, 16, 280, 1, 16, 60, 7225 }, // U+044D
    { 18, 16, 280, -1, 16, 72, 7285 }, // U+044E
    { 16, 16, 280, 0, 16, 64, 7357 }, // U+044F
    { 16, 24, 280, 1, 24, 96, 7421 }, // U+0450
    { 16, 23, 280, 1, 23, 92, 7517 }, // U+0451
    { 17, 29, 280, 0, 23, 124, 7609 }, // U+0452
    { 15, 24, 280, 1, 24, 90, 7733 }, // U+0453
    { 15, 16, 280, 1, 16, 60, 7823 }, // U+0454
    { 15, 16, 280, 1, 16, 60, 7883 }, // U+0455
    { 16, 22, 280, 1, 22, 88, 7943 }, // U+0456
    { 16, 23, 280, 1, 23, 92, 8031 }, // U+0457
    { 16, 28, 280, 0, 22, 112, 8123 }, // U+0458
    { 20, 16, 280, -2, 16, 80, 8235 }, // U+0459
    { 19, 16, 280, -1, 16, 76, 8315 }, // U+045A
    { 17, 22, 280, 0, 22, 94, 8391 }, // U+045B
    { 17, 24, 280, 0, 24, 102, 8485 }, // U+045C
    { 16, 24, 280, 1, 24, 96, 8587 }, // U+045D
    { 17, 30, 280, 0, 24, 128, 8683 }, // U+045E
    { 16, 22, 280, 1, 16, 88, 8811 }, // U+045F
    { 17, 21, 280, 1, 21, 90, 8899 }, // U+0472
    { 16, 16, 280, 1, 16, 64, 8989 }, // U+0473
    { 18, 26, 280, 1, 26, 117, 9053 }, // U+0490
    { 15, 20, 280, 2, 20, 75, 9170 }, // U+0491
    { 18, 21, 280, 1, 21, 95, 9245 }, // U+0492
    { 16, 16, 280, 1, 16, 64, 9340 }, // U+0493
    { 17, 27, 280, 0, 21, 115, 9404 }, // U+0494
    { 15, 22, 280, 0, 16, 83, 9519 }, // U+0495
    { 21, 26, 280, -2, 21, 137, 9602 }, // U+0496
    { 21, 20, 280, -2, 16, 105, 9739 }, // U+0497
    { 17, 26, 280, 0, 21, 111, 9844 }, // U+0498
    { 16, 20, 280, 0, 16, 80, 9955 }, // U+0499
    { 19, 25, 280, 0, 21, 119, 10035 }, // U+049A
    { 17, 20, 280, 0, 16, 85, 10154 }, // U+049B
    { 21, 21, 280, -1, 21, 111, 10239 }, // U+049C
    { 19, 16, 280, -1, 16, 76, 10350 }, // U+049D
    { 19, 21, 280, 1, 21, 100, 10426 }, // U+04A0
    { 18, 16, 280, 0, 16, 72, 10526 }, // U+04A1
    { 17, 25, 280, 0, 21, 107, 10598 }, // U+04A2
    { 17, 20, 280, 0, 16, 85, 10705 }, // U+04A3
    { 21, 21, 280, -1, 21, 111, 10790 }, // U+04A4
    { 19, 16, 280, -1, 16, 76, 10901 }, // U+04A5
    { 17, 26, 280, 1, 21, 111, 10977 }, // U+04AA
    { 15, 20, 280, 1, 16, 75, 11088 }, // U+04AB
    { 18, 21, 280, 2, 21, 95, 11163 }, // U+04AE
    { 16, 22, 280, 2, 16, 88, 11258 }, // U+04AF
    { 18, 21, 280, 2, 21, 95, 11346 }, // U+04B0
    { 17, 22, 280, 1, 16, 94, 11441 }, // U+04B1
    { 21, 25, 280, -2, 21, 132, 11535 }, // U+04B2
    { 19, 20, 280, -1, 16, 95, 11667 }, // U+04B3
    { 16, 25, 280, 1, 21, 100, 11762 }, // U+04B6
    { 16, 20, 280, 1, 16, 80, 11862 }, // U+04B7
    { 18, 21, 280, 1, 21, 95, 11942 }, // U+04B8
    { 16, 16, 280, 1, 16, 64, 12037 }, // U+04B9
    { 17, 21, 280, 0, 21, 90, 12101 }, // U+04BA
    { 17, 22, 280, 0, 22, 94, 12191 }, // U+04BB
    { 18, 21, 280, 0, 21, 95, 12285 }, // U+04C0
    { 22, 29, 280, -2, 29, 160, 12380 }, // U+04C1
    { 21, 24, 280, -2, 24, 126, 12540 }, // U+04C2
    { 11, 23, 280, 3, 23, 64, 12666 }, // U+04CF
    { 20, 29, 280, -2, 29, 145, 12730 }, // U+04D0
    { 16, 24, 280, 1, 24, 96, 12875 }, // U+04D1
    { 20, 28, 280, -2, 28, 140, 12971 }, // U+04D2
    { 16, 23, 280, 1, 23, 92, 13111 }, // U+04D3
    { 22, 21, 280, -1, 21, 116, 13203 }, // U+04D4
    { 19, 16, 280, -1, 16, 76, 13319 }, // U+04D5
    { 17, 29, 280, 1, 29, 124, 13395 }, // U+04D6
    { 16, 24, 280, 1, 24, 96, 13519 }, // U+04D7
    { 17, 21, 280, 1, 21, 90, 13615 }, // U+04D8
    { 15, 16, 280, 1, 16, 60, 13705 }, // U+04D9
    { 22, 28, 280, -2, 28, 154, 13765 }, // U+04DC
    { 21, 23, 280, -2, 23, 121, 13919 }, // U+04DD
    { 17, 28, 280, 0, 28, 119, 14040 }, // U+04DE
    { 17, 23, 280, 0, 23, 98, 14159 }, // U+04DF
    { 19, 28, 280, 0, 28, 133, 14257 }, // U+04E2
    { 16, 23, 280, 1, 23, 92, 14390 }, // U+04E3
    { 19, 28, 280, 0, 28, 133, 14482 }, // U+04E4
    { 16, 23, 280, 1, 23, 92, 14615 }, // U+04E5
    { 17, 28, 280, 1, 28, 119, 14707 }, // U+04E6
    { 16, 23, 280, 1, 23, 92, 14826 }, // U+04E7
    { 17, 21, 280, 1, 21, 90, 14918 }, // U+04E8
    { 16, 16, 280, 1, 16, 64, 15008 }, // U+04E9
    { 19, 28, 280, 1, 28, 133, 15072 }, // U+04EE
    { 17, 29, 280, 0, 23, 124, 15205 }, // U+04EF
    { 19, 28, 280, 1, 28, 133, 15329 }, // U+04F0
    { 17, 29, 280, 0, 23, 124, 15462 }, // U+04F1
    { 19, 29, 280, 1, 29, 138, 15586 }, // U+04F2
    { 18, 30, 280, 0, 24, 135, 15724 }, // U+04F3
    { 16, 28, 280, 2, 28, 112, 15859 }, // U+04F4
    { 16, 23, 280, 1, 23, 92, 15971 }, // U+04F5
    { 20, 28, 280, -1, 28, 140, 16063 }, // U+04F8
    { 18, 23, 280, 0, 23, 104, 16203 }, // U+04F9
    { 19, 26, 280, -2, 21, 124, 0 }, // U+1EA0
    { 16, 21, 280, 1, 16, 84, 124 }, // U+1EA1
    { 19, 30, 280, -2, 30, 143, 208 }, // U+1EA2
    { 16, 25, 280, 1, 25, 100, 351 }, // U+1EA3
    { 23, 35, 280, -2, 35, 202, 451 }, // U+1EA4
    { 19, 29, 280, 1, 29, 138, 653 }, // U+1EA5
    { 19, 35, 280, -2, 35, 167, 791 }, // U+1EA6
    { 16, 29, 280, 1, 29, 116, 958 }, // U+1EA7
    { 23, 35, 280, -2, 35, 202, 1074 }, // U+1EA8
    { 19, 30, 280, 1, 30, 143, 1276 }, // U+1EA9
    { 20, 34, 280, -2, 34, 170, 1419 }, // U+1EAA
    { 16, 29, 280, 1, 29, 116, 1589 }, // U+1EAB
    { 19, 34, 280, -2, 29, 162, 1705 }, // U+1EAC
    { 16, 29, 280, 1, 24, 116, 1867 }, // U+1EAD
    { 20, 35, 280, -2, 35, 175, 1983 }, // U+1EAE
    { 16, 30, 280, 1, 30, 120, 2158 }, // U+1EAF
    { 20, 35, 280, -2, 35, 175, 2278 }, // U+1EB0
    { 16, 30, 280, 1, 30, 120, 2453 }, // U+1EB1
    { 20, 34, 280, -2, 34, 170, 2573 }, // U+1EB2
    { 16, 29, 280, 1, 29, 116, 2743 }, // U+1EB3
    { 20, 33, 280, -2, 33, 165, 2859 }, // U+1EB4
    { 16, 28, 280, 1, 28, 112, 3024 }, // U+1EB5
    { 20, 34, 280, -2, 29, 170, 3136 }, // U+1EB6
    { 16, 29, 280, 1, 24, 116, 3306 }, // U+1EB7
    { 17, 26, 280, 1, 21, 111, 3422 }, // U+1EB8
    { 16, 21, 280, 1, 16, 84, 3533 }, // U+1EB9
    { 17, 30, 280, 1, 30, 128, 3617 }, // U+1EBA
    { 16, 25, 280, 1, 25, 100, 3745 }, // U+1EBB
    { 17, 28, 280, 1, 28, 119, 3845 }, // U+1EBC
    { 16, 23, 280, 1, 23, 92, 3964 }, // U+1EBD
    { 20, 35, 280, 1, 35, 175, 4056 }, // U+1EBE
    { 19, 29, 280, 1, 29, 138, 4231 }, // U+1EBF
    { 17, 35, 280, 1, 35, 149, 4369 }, // U+1EC0
    { 16, 29, 280, 1, 29, 116, 4518 }, // U+1EC1
    { 20, 35, 280, 1, 35, 175, 4634 }, // U+1EC2
    { 19, 30, 280, 1, 30, 143, 4809 }, // U+1EC3
    { 17, 34, 280, 1, 34, 145, 4952 }, // U+1EC4
    { 17, 29, 280, 1, 29, 124, 5097 }, // U+1EC5
    { 17, 34, 280, 1, 29, 145, 5221 }, // U+1EC6
    { 16, 29, 280, 1, 24, 116, 5366 }, // U+1EC7
    { 18, 30, 280, 0, 30, 135, 5482 }, // U+1EC8
    { 16, 25, 280, 1, 25, 100, 5617 }, // U+1EC9
    { 18, 26, 280, 0, 21, 117, 5717 }, // U+1ECA
    { 16, 27, 280, 1, 22, 108, 5834 }, // U+1ECB
    { 17, 26, 280, 1, 21, 111, 5942 }, // U+1ECC
    { 16, 21, 280, 1, 16, 84, 6053 }, // U+1ECD
    { 17, 30, 280, 1, 30, 128, 6137 }, // U+1ECE
    { 16, 25, 280, 1, 25, 100, 6265 }, // U+1ECF
    { 20, 35, 280, 1, 35, 175, 6365 }, // U+1ED0
    { 19, 29, 280, 1, 29, 138, 6540 }, // U+1ED1
    { 17, 35, 280, 1, 35, 149, 6678 }, // U+1ED2
    { 16, 29, 280, 1, 29, 116, 6827 }, // U+1ED3
    { 19, 35, 280, 1, 35, 167, 6943 }, // U+1ED4
    { 19, 30, 280, 1, 30, 143, 7110 }, // U+1ED5
    { 17, 34, 280, 1, 34, 145, 7253 }, // U+1ED6
    { 17, 29, 280, 1, 29, 124, 7398 }, // U+1ED7
    { 17, 34, 280, 1, 29, 145, 7522 }, // U+1ED8
    { 16, 29, 280, 1, 24, 116, 7667 }, // U+1ED9
    { 19, 29, 280, 1, 29, 138, 7783 }, // U+1EDA
    { 18, 24, 280, 1, 24, 108, 7921 }, // U+1EDB
    { 19, 29, 280, 1, 29, 138, 8029 }, // U+1EDC
    { 18, 24, 280, 1, 24, 108, 8167 }, // U+1EDD
    { 19, 30, 280, 1, 30, 143, 8275 }, // U+1EDE
    { 18, 25, 280, 1, 25, 113, 8418 }, // U+1EDF
    { 19, 28, 280, 1, 28, 133, 8531 }, // U+1EE0
    { 18, 23, 280, 1, 23, 104, 8664 }, // U+1EE1
    { 19, 30, 280, 1, 25, 143, 8768 }, // U+1EE2
    { 18, 25, 280, 1, 20, 113, 8911 }, // U+1EE3
    { 18, 26, 280, 1, 21, 117, 9024 }, // U+1EE4
    { 16, 21, 280, 1, 16, 84, 9141 }, // U+1EE5
    { 18, 30, 280, 1, 30, 135, 9225 }, // U+1EE6
    { 16, 25, 280, 1, 25, 100, 9360 }, // U+1EE7
    { 20, 29, 280, 1, 29, 145, 9460 }, // U+1EE8
    { 19, 24, 280, 1, 24, 114, 9605 }, // U+1EE9
    { 20, 29, 280, 1, 29, 145, 9719 }, // U+1EEA
    { 19, 24, 280, 1, 24, 114, 9864 }, // U+1EEB
    { 20, 30, 280, 1, 30, 150, 9978 }, // U+1EEC
    { 19, 25, 280, 1, 25, 119, 10128 }, // U+1EED
    { 20, 28, 280, 1, 28, 140, 10247 }, // U+1EEE
    { 19, 23, 280, 1, 23, 110, 10387 }, // U+1EEF
    { 20, 30, 280, 1, 25, 150, 10497 }, // U+1EF0
    { 19, 25, 280, 1, 20, 119, 10647 }, // U+1EF1
    { 18, 29, 280, 2, 29, 131, 10766 }, // U+1EF2
    { 17, 30, 280, 0, 24, 128, 10897 }, // U+1EF3
    { 18, 26, 280, 2, 21, 117, 11025 }, // U+1EF4
    { 17, 22, 280, 0, 16, 94, 11142 }, // U+1EF5
    { 18, 30, 280, 2, 30, 135, 11236 }, // U+1EF6
    { 17, 31, 280, 0, 25, 132, 11371 }, // U+1EF7
    { 18, 28, 280, 2, 28, 126, 11503 }, // U+1EF8
    { 17, 29, 280, 0, 23, 124, 11629 }, // U+1EF9
    { 16, 4, 280, 1, 11, 16, 0 }, // U+2013
    { 18, 4, 280, 0, 11, 18, 16 }, // U+2014
    { 9, 10, 280, 5, 22, 23, 34 }, // U+2018
    { 9, 10, 280, 6, 22, 23, 57 }, // U+2019
    { 10, 10, 280, 3, 5, 25, 80 }, // U+201A
    { 17, 10, 280, 1, 22, 43, 105 }, // U+201C
    { 17, 10, 280, 2, 22, 43, 148 }, // U+201D
    { 17, 10, 280, -1, 5, 43, 191 }, // U+201E
    { 15, 28, 280, 2, 22, 105, 234 }, // U+2020
    { 17, 28, 280, 0, 22, 119, 339 }, // U+2021
    { 12, 9, 280, 3, 14, 27, 458 }, // U+2022
    { 20, 5, 280, -2, 5, 25, 485 }, // U+2026
    { 16, 21, 280, 1, 21, 84, 510 }, // U+2030
    { 9, 14, 280, 4, 15, 32, 594 }, // U+2039
    { 9, 14, 280, 4, 15, 32, 626 }, // U+203A
    { 22, 21, 280, -2, 21, 116, 658 }, // U+2044
    { 10, 10, 280, 5, 20, 25, 0 }, // U+2070
    { 10, 10, 280, 5, 20, 25, 25 }, // U+2074
    { 10, 10, 280, 5, 20, 25, 50 }, // U+2075
    { 10, 10, 280, 5, 20, 25, 75 }, // U+2076
    { 10, 10, 280, 6, 20, 25, 100 }, // U+2077
    { 10, 10, 280, 5, 20, 25, 125 }, // U+2078
    { 10, 10, 280, 5, 20, 25, 150 }, // U+2079
    { 10, 11, 280, 4, 11, 28, 175 }, // U+2080
    { 9, 11, 280, 4, 11, 25, 203 }, // U+2081
    { 10, 11, 280, 3, 11, 28, 228 }, // U+2082
    { 10, 11, 280, 3, 11, 28, 256 }, // U+2083
    { 10, 11, 280, 3, 11, 28, 284 }, // U+2084
    { 11, 11, 280, 3, 11, 31, 312 }, // U+2085
    { 10, 11, 280, 4, 11, 28, 343 }, // U+2086
    { 10, 11, 280, 4, 11, 28, 371 }, // U+2087
    { 11, 11, 280, 3, 11, 31, 399 }, // U+2088
    { 10, 11, 280, 3, 11, 28, 430 }, // U+2089
    { 17, 28, 280, 1, 25, 119, 0 }, // U+20A1
    { 18, 21, 280, 0, 21, 95, 119 }, // U+20A4
    { 18, 21, 280, 0, 21, 95, 214 }, // U+20A6
    { 20, 21, 280, -1, 21, 105, 309 }, // U+20A8
    { 19, 21, 280, 0, 21, 100, 414 }, // U+20A9
    { 20, 21, 280, -1, 21, 105, 514 }, // U+20AA
    { 18, 22, 280, 1, 22, 99, 619 }, // U+20AB
    { 18, 21, 280, 1, 21, 95, 718 }, // U+20AC
    { 20, 21, 280, 0, 21, 105, 813 }, // U+20AD
    { 17, 21, 280, 2, 21, 90, 918 }, // U+20AE
    { 19, 21, 280, 0, 21, 100, 1008 }, // U+20B1
    { 17, 28, 280, 1, 25, 119, 1108 }, // U+20B2
    { 18, 21, 280, 0, 21, 95, 1227 }, // U+20B4
    { 17, 28, 280, 1, 25, 119, 1322 }, // U+20B5
    { 17, 21, 280, 2, 21, 90, 1441 }, // U+20B8
    { 18, 21, 280, 1, 21, 95, 1531 }, // U+20B9
    { 17, 21, 280, 0, 21, 90, 1626 }, // U+20BA
    { 18, 21, 280, 0, 21, 95, 1716 }, // U+20BD
    { 16, 29, 280, 1, 25, 116, 1811 }, // U+20BF
    { 17, 15, 280, 0, 17, 64, 0 }, // U+2190
    { 15, 21, 280, 1, 21, 79, 64 }, // U+2191
    { 18, 15, 280, 0, 17, 68, 143 }, // U+2192
    { 15, 21, 280, 1, 20, 79, 211 }, // U+2193
    { 18, 13, 280, 0, 16, 59, 290 }, // U+2194
    { 15, 22, 280, 1, 21, 83, 349 }, // U+2195
    { 16, 16, 280, 1, 18, 64, 432 }, // U+2196
    { 17, 16, 280, 0, 18, 68, 496 }, // U+2197
    { 17, 16, 280, 0, 18, 68, 564 }, // U+2198
    { 16, 16, 280, 1, 18, 64, 632 }, // U+2199
    { 18, 18, 280, 0, 19, 81, 696 }, // U+21A9
    { 18, 18, 280, 0, 19, 81, 777 }, // U+21AA
    { 16, 21, 280, 0, 21, 84, 858 }, // U+21B0
    { 16, 21, 280, 1, 21, 84, 942 }, // U+21B1
    { 16, 21, 280, 0, 20, 84, 1026 }, // U+21B2
    { 16, 21, 280, 1, 20, 84, 1110 }, // U+21B3
    { 18, 18, 280, 0, 19, 81, 1194 }, // U+21B6
    { 18, 18, 280, 0, 19, 81, 1275 }, // U+21B7
    { 17, 21, 280, 0, 21, 90, 1356 }, // U+21BA
    { 17, 21, 280, 0, 21, 90, 1446 }, // U+21BB
    { 18, 27, 280, 0, 23, 122, 1536 }, // U+21C4
    { 18, 27, 280, 0, 23, 122, 1658 }, // U+21C6
    { 16, 21, 280, 1, 21, 84, 0 }, // U+2202
    { 17, 21, 280, -1, 21, 90, 84 }, // U+2206
    { 18, 21, 280, 0, 21, 95, 174 }, // U+220F
    { 19, 26, 280, -1, 20, 124, 269 }, // U+2211
    { 16, 3, 280, 1, 10, 12, 393 }, // U+2212
    { 19, 21, 280, 1, 21, 100, 405 }, // U+221A
    { 18, 10, 280, 0, 14, 45, 505 }, // U+221E
    { 21, 29, 280, -2, 22, 153, 550 }, // U+222B
    { 18, 12, 280, 0, 15, 54, 703 }, // U+2248
    { 16, 16, 280, 1, 17, 64, 757 }, // U+2260
    { 16, 18, 280, 1, 18, 72, 821 }, // U+2264
    { 15, 18, 280, 1, 18, 68, 893 }, // U+2265
    { 19, 22, 280, 0, 22, 105, 0 }, // U+FB01
    { 18, 22, 280, 0, 22, 99, 105 }, // U+FB02
};

static const EpdUnicodeInterval notoserif_14_bolditalicIntervals[] = {
    { 0x20, 0x7E, 0x0 },
    { 0xA0, 0xA3, 0x5F },
    { 0xA5, 0x17E, 0x63 },
    { 0x1A0, 0x1A1, 0x13D },
    { 0x1AF, 0x1B0, 0x13F },
    { 0x1FA, 0x1FF, 0x141 },
    { 0x218, 0x21B, 0x147 },
    { 0x300, 0x304, 0x14B },
    { 0x306, 0x30C, 0x150 },
    { 0x312, 0x312, 0x157 },
    { 0x315, 0x315, 0x158 },
    { 0x31B, 0x31B, 0x159 },
    { 0x323, 0x323, 0x15A },
    { 0x326, 0x328, 0x15B },
    { 0x400, 0x45F, 0x15E },
    { 0x472, 0x473, 0x1BE },
    { 0x490, 0x49D, 0x1C0 },
    { 0x4A0, 0x4A5, 0x1CE },
    { 0x4AA, 0x4AB, 0x1D4 },
    { 0x4AE, 0x4B3, 0x1D6 },
    { 0x4B6, 0x4BB, 0x1DC },
    { 0x4C0, 0x4C2, 0x1E2 },
    { 0x4CF, 0x4D9, 0x1E5 },
    { 0x4DC, 0x4DF, 0x1F0 },
    { 0x4E2, 0x4E9, 0x1F4 },
    { 0x4EE, 0x4F5, 0x1FC },
    { 0x4F8, 0x4F9, 0x204 },
    { 0x1EA0, 0x1EF9, 0x206 },
    { 0x2013, 0x2014, 0x260 },
    { 0x2018, 0x201A, 0x262 },
    { 0x201C, 0x201E, 0x265 },
    { 0x2020, 0x2022, 0x268 },
    { 0x2026, 0x2026, 0x26B },
    { 0x2030, 0x2030, 0x26C },
    { 0x2039, 0x203A, 0x26D },
    { 0x2044, 0x2044, 0x26F },
    { 0x2070, 0x2070, 0x270 },
    { 0x2074, 0x2079, 0x271 },
    { 0x2080, 0x2089, 0x277 },
    { 0x20A1, 0x20A1, 0x281 },
    { 0x20A4, 0x20A4, 0x282 },
    { 0x20A6, 0x20A6, 0x283 },
    { 0x20A8, 0x20AE, 0x284 },
    { 0x20B1, 0x20B2, 0x28B },
    { 0x20B4, 0x20B5, 0x28D },
    { 0x20B8, 0x20BA, 0x28F },
    { 0x20BD, 0x20BD, 0x292 },
    { 0x20BF, 0x20BF, 0x293 },
    { 0x2190, 0x2199, 0x294 },
    { 0x21A9, 0x21AA, 0x29E },
    { 0x21B0, 0x21B3, 0x2A0 },
    { 0x21B6, 0x21B7, 0x2A4 },
    { 0x21BA, 0x21BB, 0x2A6 },
    { 0x21C4, 0x21C4, 0x2A8 },
    { 0x21C6, 0x21C6, 0x2A9 },
    { 0x2202, 0x2202, 0x2AA },
    { 0x2206, 0x2206, 0x2AB },
    { 0x220F, 0x220F, 0x2AC },
    { 0x2211, 0x2212, 0x2AD },
    { 0x221A, 0x221A, 0x2AF },
    { 0x221E, 0x221E, 0x2B0 },
    { 0x222B, 0x222B, 0x2B1 },
    { 0x2248, 0x2248, 0x2B2 },
    { 0x2260, 0x2260, 0x2B3 },
    { 0x2264, 0x2265, 0x2B4 },
    { 0xFB01, 0xFB02, 0x2B6 },
};

static const EpdFontGroup notoserif_14_bolditalicGroups[] = {
    { 0, 3761, 8393, 95, 0 },
    { 3761, 3077, 9535, 95, 95 },
    { 6838, 4025, 15520, 127, 190 },
    { 10863, 907, 1857, 14, 317 },
    { 11770, 251, 334, 19, 331 },
    { 12021, 6074, 17703, 168, 350 },
    { 18095, 2305, 12462, 90, 518 },
    { 20400, 432, 874, 16, 608 },
    { 20832, 379, 540, 17, 624 },
    { 21211, 1178, 2116, 19, 641 },
    { 22389, 691, 1935, 22, 660 },
    { 23080, 538, 1033, 12, 682 },
    { 23618, 125, 220, 2, 694 },
};

static const EpdFontData notoserif_14_bolditalic = {
    notoserif_14_bolditalicBitmaps,
    notoserif_14_bolditalicGlyphs,
    notoserif_14_bolditalicIntervals,
    66,
    38,
    30,
    -9,
    true,
    notoserif_14_bolditalicGroups,
    13,
    nullptr,
    nullptr,
    nullptr,
    nullptr,
    nullptr,
    nullptr,
    nullptr,
    nullptr,
    nullptr,
    nullptr,
    nullptr,
    0,
    0,
    0,
    0,
    nullptr,
    0,
};
