/**
 * generated by fontconvert.py
 * name: notoserif_18_italic
 * size: 18
 * mode: 2-bit  compressed: true
 * Command used: fontconvert.py notoserif_18_italic 18 ../builtinFonts/source/iAWriterMonoS/iAWriterMonoS-Italic.ttf --2bit --compress --pnum --zopfli
 */
#pragma once
#include "EpdFontData.h"

static const uint8_t notoserif_18_italicBitmaps[29450] = {
    0xA5, 0x9A, 0x3D, 0xB0, 0xE4, 0xD8, 0x55, 0xF8, 0x8F, 0x74, 0xFF, 0xFF, 0x6D, 0x6A, 0x14, 0xC8,
    0x01, 0x10, 0x60, 0x0A, 0xA5, 0x66, 0xC0, 0xBE, 0x09, 0xE1, 0xCE, 0xBB, 0x6D, 0x3B, 0x70, 0x40,
    0xE2, 0x3C, 0x71, 0x42, 0xB4, 0x89, 0x09, 0x08, 0xA8, 0x62, 0xDE, 0x93, 0x16, 0x07, 0x0E, 0x3D,
    0x01, 0x19, 0x81, 0x27, 0xD8, 0xC0, 0xEE, 0xA9, 0xE2, 0x39, 0xD8, 0xC0, 0x41, 0x77, 0x4B, 0xB6,
    0x43, 0x02, 0x0B, 0x1C, 0x38, 0x20, 0x18, 0x61, 0xA6, 0x08, 0xDE, 0x42, 0xAD, 0xBC, 0x2B, 0xD8,
    0xBB, 0x6F, 0xD5, 0xBA, 0x9C, 0x5F, 0x49, 0x6A, 0xBD, 0x7E, 0xD3, 0x3B, 0x53, 0xB3, 0xD6, 0xB4,
    0x7E, 0xDD, 0xAF, 0xFB, 0xDE, 0x73, 0xCF, 0xD7, 0xFD, 0xD4, 0x88, 0x2D, 0xC4, 0xAD, 0xC5, 0x09,
    0xAF, 0x5C, 0x64, 0x2F, 0xBC, 0x0E, 0x22, 0xBD, 0xF0, 0xF2, 0x22, 0x2D, 0xAF, 0xA8, 0x91, 0xA8,
    0x96, 0xA8, 0xE2, 0x75, 0xF7, 0x72, 0xAD, 0xE4, 0x8D, 0xE4, 0xB5, 0x94, 0xB5, 0x84, 0x4A, 0x56,
    0xB5, 0x4B, 0xAA, 0x8B, 0xB4, 0xBA, 0x4A, 0xAB, 0xCB, 0xB4, 0xD8, 0x66, 0xEB, 0xDE, 0x8A, 0xBE,
    0xBC, 0x8B, 0xBA, 0x8B, 0xA8, 0x13, 0x89, 0xDB, 0x54, 0xEB, 0x9B, 0x26, 0x2D, 0x44, 0xCB, 0x66,
    0x22, 0x92, 0x54, 0x4E, 0x99, 0x16, 0x17, 0xCA, 0x6C, 0xBD, 0x45, 0x24, 0xED, 0xCA, 0x85, 0x78,
    0x89, 0x83, 0x5E, 0xBD, 0x09, 0x30, 0xDE, 0x0C, 0xCF, 0x6E, 0xDF, 0x93, 0xA8, 0x4B, 0x10, 0x30,
    0x89, 0xC9, 0xD6, 0x08, 0xB0, 0x22, 0x0F, 0xAF, 0x6F, 0xCA, 0xCD, 0x3A, 0xA7, 0xE4, 0xC4, 0x59,
    0x0C, 0xAD, 0xCA, 0x36, 0x6E, 0x95, 0xBD, 0x69, 0x94, 0xDD, 0xAA, 0x46, 0x8F, 0x49, 0xCC, 0xA8,
    0xC7, 0x5A, 0xB8, 0xBE, 0x76, 0x87, 0x8F, 0xEE, 0xF0, 0x6D, 0x60, 0xC3, 0x13, 0x41, 0xA1, 0x83,
    0x2A, 0x3B, 0x84, 0xA0, 0x4E, 0xAB, 0x3B, 0xAB, 0x66, 0x23, 0x4F, 0xDD, 0xD5, 0x46, 0x2A, 0x3F,
    0x6A, 0xE5, 0xC8, 0x98, 0xB6, 0x06, 0x53, 0x2B, 0xF3, 0x5F, 0x55, 0x82, 0x00, 0x3E, 0xAF, 0xC2,
    0x40, 0x63, 0xDF, 0x0D, 0x14, 0x4A, 0xAE, 0x7B, 0x6C, 0xFF, 0xFA, 0x00, 0x55, 0x14, 0x74, 0xF8,
    0x01, 0xAA, 0x22, 0xB9, 0x3C, 0x50, 0xEE, 0xC5, 0x15, 0x8F, 0xA2, 0x5E, 0xB2, 0xEE, 0xED, 0xC4,
    0x4B, 0x12, 0xF6, 0x41, 0x63, 0x81, 0x89, 0x22, 0x5F, 0x0E, 0x2F, 0xD0, 0xED, 0xA7, 0x40, 0x3A,
    0x20, 0xED, 0xC2, 0x48, 0x8B, 0xAC, 0x2A, 0x49, 0xB5, 0x7C, 0xAA, 0xFE, 0xF8, 0xA0, 0x13, 0x75,
    0xF2, 0x4E, 0xBC, 0x6C, 0x45, 0xF1, 0x53, 0xF5, 0x8C, 0xAA, 0xEA, 0xD5, 0x29, 0xB1, 0xBE, 0xA5,
    0x95, 0xBE, 0x45, 0x9D, 0xC5, 0x37, 0x71, 0x7B, 0xA9, 0xB5, 0x7D, 0x52, 0x7B, 0x11, 0x09, 0xE1,
    0xDD, 0xA7, 0x44, 0xE5, 0x20, 0x5C, 0xD1, 0xB7, 0xE5, 0xAF, 0x84, 0x2B, 0x09, 0x85, 0xF2, 0x3D,
    0x87, 0x55, 0xA6, 0xDD, 0x9B, 0x56, 0xB4, 0x2D, 0x8F, 0xED, 0xE9, 0xDF, 0xB7, 0xE8, 0xE2, 0x0C,
    0x6F, 0xB2, 0x35, 0x0D, 0x5F, 0x7A, 0x53, 0xC7, 0xAD, 0x16, 0x34, 0xB5, 0xB6, 0x97, 0x54, 0x06,
    0xFF, 0xA7, 0xEB, 0x68, 0x28, 0x0B, 0x6C, 0x0D, 0x83, 0xA0, 0x54, 0xA6, 0xD6, 0x28, 0x3F, 0x85,
    0x21, 0x10, 0xA0, 0xA1, 0x6C, 0x54, 0x60, 0xB3, 0x42, 0x6C, 0x15, 0x7B, 0xFD, 0xB1, 0x88, 0xE0,
    0x1A, 0xF2, 0x99, 0xD4, 0x89, 0x3B, 0x7E, 0x35, 0x68, 0xD0, 0x24, 0xA8, 0xD3, 0xDA, 0x42, 0xA2,
    0xF2, 0x56, 0x35, 0x4E, 0x3A, 0xC2, 0x96, 0x15, 0x57, 0x58, 0x40, 0x4B, 0x72, 0xA5, 0x7F, 0xE1,
    0x05, 0x12, 0xA8, 0x97, 0x55, 0x0B, 0x4D, 0x17, 0xD5, 0x07, 0x31, 0x9A, 0x1F, 0x3B, 0x79, 0xB0,
    0x4B, 0xAA, 0x5C, 0xBE, 0x9A, 0x67, 0x85, 0xBB, 0xE9, 0x5D, 0xA9, 0xDE, 0x6B, 0xD3, 0x83, 0xBA,
    0xB2, 0x30, 0x9D, 0x36, 0x95, 0xAD, 0xAD, 0x58, 0x95, 0x73, 0xA1, 0x72, 0x2E, 0x55, 0x65, 0xE2,
    0x87, 0x0C, 0x64, 0xEE, 0xF1, 0x19, 0x3A, 0xA0, 0x93, 0x88, 0x15, 0xD1, 0x22, 0x78, 0x5A, 0x70,
    0x80, 0x9A, 0x4D, 0x30, 0x24, 0xE5, 0x5E, 0x63, 0xC2, 0x58, 0xC4, 0x91, 0xA4, 0xD3, 0xFD, 0x88,
    0x2A, 0xBC, 0xDF, 0xB9, 0xF9, 0x9E, 0x72, 0x99, 0x8C, 0x62, 0xC9, 0x5B, 0xB2, 0x6A, 0xCC, 0x68,
    0xC1, 0xA0, 0xB1, 0x79, 0xDA, 0x1D, 0x93, 0x7D, 0x92, 0x4A, 0x2B, 0x94, 0x26, 0xDF, 0x69, 0x9D,
    0x1A, 0x68, 0x22, 0xDD, 0xE9, 0x1D, 0x4D, 0x77, 0xCC, 0x8D, 0xA6, 0xB3, 0xB6, 0x35, 0xF5, 0xC7,
    0x56, 0xB3, 0x49, 0x93, 0xC7, 0x18, 0x34, 0x16, 0xC1, 0xD3, 0x18, 0x71, 0x35, 0x9A, 0x9D, 0x68,
    0x0D, 0xBB, 0x16, 0x94, 0x81, 0x56, 0x66, 0x38, 0x40, 0x5D, 0xCC, 0x79, 0x84, 0xD7, 0xCA, 0x6E,
    0xFB, 0xDD, 0xDE, 0x6A, 0x06, 0xBF, 0x88, 0xCA, 0xF0, 0x29, 0x7D, 0x02, 0x4D, 0x07, 0x2A, 0x7C,
    0xA8, 0x9F, 0x72, 0x75, 0x51, 0xD4, 0x27, 0x35, 0xD9, 0xD2, 0x4A, 0x5A, 0xC7, 0x1E, 0x53, 0x3A,
    0x89, 0x44, 0x90, 0xFC, 0x40, 0x84, 0x96, 0x4E, 0xC4, 0x2F, 0x6D, 0x5C, 0x4E, 0x78, 0xB8, 0x19,
    0x36, 0x9A, 0x9C, 0x21, 0x74, 0xB9, 0xA2, 0x45, 0x6B, 0xAC, 0x9C, 0x81, 0x9D, 0x62, 0x16, 0x34,
    0x0A, 0xEC, 0x95, 0xCD, 0x3A, 0x0A, 0x62, 0x06, 0x31, 0xBD, 0x24, 0x1A, 0xF0, 0x96, 0x78, 0x31,
    0x42, 0x62, 0x27, 0x9E, 0xFD, 0xA3, 0xCD, 0x46, 0x54, 0xAC, 0xDE, 0x83, 0xB8, 0x36, 0x6F, 0xF2,
    0xBA, 0xAC, 0xC9, 0x54, 0x44, 0xCA, 0x2C, 0x84, 0x4A, 0xB3, 0x23, 0xA8, 0x3A, 0xEB, 0x25, 0x7E,
    0x29, 0x48, 0x93, 0xA3, 0x7F, 0xF1, 0xF0, 0xFD, 0x82, 0x3D, 0x40, 0x53, 0x14, 0x84, 0xAB, 0x3B,
    0x05, 0xAD, 0xCC, 0xE6, 0xA2, 0x12, 0xD7, 0x5C, 0xF0, 0x15, 0x0A, 0x6C, 0x5F, 0xA9, 0xC0, 0x52,
    0x90, 0xC1, 0x89, 0x98, 0x30, 0xC4, 0xD9, 0xDB, 0xB2, 0x95, 0x7C, 0xBD, 0xEA, 0xA4, 0xD7, 0x88,
    0x98, 0x4E, 0xA4, 0x27, 0xCB, 0xB6, 0x48, 0xDF, 0xA5, 0xC0, 0x16, 0x0A, 0xB7, 0xDE, 0xCB, 0xC1,
    0xA9, 0xDF, 0x7A, 0x17, 0x2B, 0x72, 0x39, 0x44, 0x3D, 0x59, 0xE1, 0x77, 0x24, 0x95, 0xC2, 0xB4,
    0x33, 0x92, 0x66, 0x87, 0x72, 0xFA, 0xAB, 0x2D, 0x98, 0x6F, 0xC4, 0x56, 0x71, 0x2F, 0xE9, 0x6D,
    0xD9, 0x89, 0xA1, 0xC7, 0xD3, 0x36, 0xFA, 0x1C, 0x14, 0xB9, 0x22, 0x0A, 0xBD, 0x56, 0xF2, 0x0A,
    0x5B, 0x2B, 0x42, 0xE4, 0xC5, 0xF8, 0xB8, 0x93, 0xB8, 0x41, 0x9B, 0xF5, 0x12, 0xC1, 0x15, 0x40,
    0x39, 0xF2, 0x92, 0x26, 0x4E, 0x90, 0x15, 0x33, 0xEC, 0x7A, 0x36, 0x74, 0xC1, 0x15, 0xE9, 0x12,
    0x4E, 0xD2, 0x65, 0xF6, 0x41, 0x2D, 0x16, 0xDD, 0xF2, 0xC2, 0xF4, 0xCC, 0x89, 0x87, 0xD8, 0xD3,
    0xCF, 0x7F, 0x02, 0x64, 0xC2, 0x61, 0x8E, 0x17, 0xBF, 0x8D, 0x7A, 0xA4, 0x35, 0xEA, 0x17, 0x22,
    0xF1, 0x80, 0x42, 0x1D, 0x0D, 0xD5, 0x18, 0x23, 0x18, 0x73, 0xF6, 0x2F, 0xC9, 0x37, 0x9B, 0xCD,
    0x93, 0x52, 0x1B, 0x6F, 0x02, 0x60, 0x6C, 0x47, 0xDF, 0x10, 0x3C, 0x8A, 0x3C, 0x0B, 0xAA, 0x7F,
    0x23, 0xE5, 0x9A, 0x9E, 0xE8, 0xC6, 0x2C, 0x80, 0xE2, 0xE6, 0xC8, 0xCD, 0xEA, 0x18, 0x24, 0x6E,
    0xCA, 0x9A, 0xBA, 0xA8, 0x16, 0x31, 0x51, 0x08, 0xB5, 0x21, 0x5E, 0x43, 0x53, 0x18, 0xF5, 0x77,
    0x52, 0x0D, 0xF2, 0x7D, 0x42, 0x19, 0x5A, 0x48, 0x5A, 0xAA, 0xD8, 0x4A, 0x92, 0xE1, 0x59, 0x58,
    0x23, 0x86, 0x4A, 0x16, 0xA5, 0x28, 0x19, 0xE0, 0x6A, 0x80, 0x19, 0x14, 0xB7, 0x83, 0x87, 0xAD,
    0x10, 0xF3, 0x5E, 0x08, 0x35, 0xCC, 0x2A, 0xAA, 0xB9, 0x08, 0xF6, 0x71, 0xC7, 0x8F, 0xA6, 0xE5,
    0x47, 0x98, 0x15, 0xD0, 0x11, 0x37, 0xE9, 0xA1, 0x36, 0x9D, 0xD4, 0xBC, 0xD2, 0x4A, 0x7F, 0x84,
    0x6E, 0xB3, 0xB9, 0xBE, 0x59, 0x13, 0x99, 0x50, 0xE4, 0x10, 0x63, 0xEC, 0x62, 0xF4, 0x09, 0xAF,
    0xF0, 0x3D, 0x65, 0x20, 0x1E, 0x53, 0x9F, 0xD2, 0x5D, 0x96, 0x12, 0x17, 0x77, 0xFA, 0xD8, 0x76,
    0x31, 0x5F, 0xBC, 0x65, 0x98, 0xFE, 0x1F, 0xAA, 0xC6, 0x9F, 0xDC, 0x68, 0xD8, 0xCD, 0x81, 0xCE,
    0x1F, 0xB7, 0x67, 0x3C, 0x36, 0xFB, 0x6A, 0xA1, 0x5A, 0x91, 0x10, 0x7A, 0xFC, 0x96, 0xD5, 0x62,
    0x1B, 0x82, 0xAF, 0x7E, 0x1B, 0x04, 0xBF, 0x21, 0xC0, 0x32, 0xEB, 0xF3, 0xD7, 0x31, 0x1F, 0x2A,
    0xC5, 0x30, 0x47, 0x24, 0xAD, 0xE7, 0x50, 0xE2, 0x45, 0x75, 0x16, 0x32, 0xCB, 0x17, 0x92, 0xFC,
    0x3A, 0x0C, 0x92, 0x3E, 0xDF, 0x84, 0xC2, 0xBE, 0x2F, 0xB6, 0x76, 0xEA, 0x98, 0xC6, 0xAD, 0xB5,
    0xA5, 0x9C, 0x02, 0xFB, 0xA5, 0x67, 0x91, 0xFB, 0x3B, 0xE4, 0x5C, 0xE1, 0x72, 0x87, 0x30, 0x57,
    0x45, 0x5A, 0x77, 0xB8, 0xF6, 0xF4, 0xAC, 0x9A, 0x8C, 0x1E, 0x9D, 0x73, 0x48, 0x41, 0x76, 0xB3,
    0xD9, 0xF4, 0x99, 0x5A, 0xEB, 0x2D, 0x9A, 0x3B, 0xEA, 0x3A, 0xEA, 0xFE, 0xC1, 0xA4, 0xC8, 0x7E,
    0xB6, 0xD4, 0x9C, 0xA6, 0xB5, 0x2D, 0x66, 0x67, 0x0E, 0xC7, 0x12, 0x98, 0x90, 0xB4, 0x73, 0x67,
    0x73, 0x94, 0xC8, 0xE7, 0xAE, 0x11, 0xF7, 0x73, 0x17, 0x4D, 0x1B, 0xC5, 0x98, 0x42, 0xA8, 0xE4,
    0xC9, 0x9C, 0xEB, 0x41, 0xF0, 0x55, 0xA0, 0xAC, 0xB6, 0x8B, 0x38, 0xA5, 0x57, 0xCA, 0x48, 0xE2,
    0xB3, 0x43, 0x9B, 0x55, 0xA7, 0x55, 0x6F, 0xCA, 0x9A, 0xDE, 0x80, 0x5C, 0x4B, 0xAC, 0xA2, 0x81,
    0x24, 0x4D, 0x48, 0x1C, 0x55, 0x9D, 0x2A, 0xE8, 0xDE, 0x6B, 0x3D, 0x98, 0xA3, 0x1F, 0x8C, 0xA1,
    0x18, 0x7E, 0x45, 0x4F, 0x57, 0xF3, 0x4A, 0xC9, 0xEB, 0x51, 0x11, 0x75, 0xCE, 0x80, 0xD2, 0x6F,
    0xD1, 0xEF, 0x72, 0x15, 0x1F, 0x87, 0x4D, 0x58, 0x27, 0xC8, 0x54, 0xA9, 0x49, 0xAD, 0xD5, 0x4C,
    0xEB, 0x5E, 0x72, 0x79, 0xC2, 0x9F, 0x29, 0xB1, 0xB0, 0x8D, 0x7A, 0x3B, 0x54, 0x76, 0xB8, 0x7E,
    0x5E, 0x25, 0x61, 0xD0, 0xF2, 0x65, 0xB3, 0x78, 0xE0, 0xE8, 0xC0, 0xAC, 0xC6, 0x33, 0xAA, 0x61,
    0x74, 0x78, 0x79, 0x5C, 0xE8, 0xC6, 0x6E, 0x65, 0xC6, 0xD7, 0x40, 0xE7, 0x7A, 0xE5, 0x75, 0x7F,
    0xE9, 0x2D, 0x56, 0x2D, 0x1B, 0x5F, 0x0D, 0x3F, 0xBC, 0xE2, 0x7A, 0xCD, 0x24, 0xB7, 0x5C, 0x7F,
    0x3D, 0xCF, 0x16, 0x56, 0x11, 0x13, 0x38, 0x4B, 0x3F, 0xE1, 0x43, 0x76, 0xE0, 0x43, 0x3D, 0x7E,
    0x40, 0x0B, 0xA1, 0xB2, 0x30, 0x44, 0xE1, 0x0F, 0x4C, 0xE6, 0x07, 0x29, 0x2B, 0x0C, 0xF7, 0x42,
    0x7D, 0x7E, 0x72, 0xFC, 0x94, 0xF4, 0xC7, 0xAE, 0xF7, 0xC7, 0x80, 0xE5, 0xA4, 0x5E, 0x13, 0xDF,
    0xD2, 0x6E, 0xFB, 0x63, 0xF9, 0x9C, 0x8B, 0x19, 0x78, 0xF3, 0x23, 0x61, 0x44, 0xE8, 0x05, 0x22,
    0x9A, 0xEB, 0x29, 0x38, 0x00, 0xD4, 0x13, 0xDB, 0x89, 0x60, 0xE3, 0xAC, 0x5C, 0xE2, 0xA7, 0x15,
    0x31, 0xC6, 0xA0, 0x5D, 0x3F, 0xF7, 0xB4, 0xAC, 0x9B, 0x2C, 0x49, 0xA8, 0xCD, 0x82, 0x33, 0x19,
    0x96, 0x0F, 0x14, 0x9F, 0x3B, 0xE7, 0x5F, 0x08, 0xD7, 0xB2, 0xFC, 0x2D, 0x03, 0x9D, 0xEB, 0xD9,
    0x80, 0x0B, 0xCB, 0xB5, 0xAD, 0xC4, 0x15, 0x8E, 0x3E, 0xF4, 0x00, 0x1C, 0xFB, 0x0A, 0x35, 0x73,
    0x99, 0x82, 0x8E, 0xFF, 0x32, 0x1A, 0xB3, 0x87, 0x97, 0x67, 0xA3, 0x0B, 0x79, 0xE9, 0x32, 0xE1,
    0x88, 0x01, 0xAD, 0x01, 0x7A, 0xA2, 0xA0, 0x47, 0x0D, 0x76, 0x3A, 0xB7, 0x25, 0x1B, 0x91, 0x55,
    0x1B, 0xF5, 0x6A, 0x91, 0x69, 0xA7, 0x9D, 0xCE, 0x36, 0xA9, 0x14, 0x69, 0x95, 0x74, 0xDB, 0xB4,
    0x70, 0xBD, 0x6E, 0xC6, 0xCA, 0x7F, 0xF2, 0x36, 0xEA, 0x63, 0xEF, 0x4C, 0xAB, 0xFB, 0x31, 0xD3,
    0x28, 0x56, 0x75, 0xD4, 0x5E, 0x26, 0x75, 0xDC, 0xEE, 0x58, 0x41, 0x6F, 0x15, 0x8D, 0x62, 0x55,
    0xF7, 0x5A, 0x0F, 0x64, 0x55, 0x9F, 0x34, 0x7F, 0x57, 0xF5, 0x26, 0x3C, 0xAF, 0xB6, 0x71, 0xF8,
    0x41, 0xB1, 0x95, 0x3F, 0x15, 0x06, 0x50, 0xB4, 0x9D, 0x2D, 0x48, 0x5F, 0xA0, 0x1A, 0xB3, 0x96,
    0x94, 0xD8, 0xF6, 0xFF, 0x37, 0xE3, 0xDC, 0x54, 0xC1, 0xB2, 0x86, 0xFC, 0x26, 0xF1, 0xC7, 0xD0,
    0xFC, 0x47, 0x8B, 0x11, 0xBF, 0x80, 0xE9, 0xF7, 0xA0, 0xFD, 0x06, 0x74, 0x31, 0x21, 0xBB, 0x8C,
    0x60, 0x4F, 0x64, 0xF4, 0xEE, 0xE9, 0x6A, 0x70, 0xD5, 0xC0, 0xB4, 0x82, 0xEA, 0xDB, 0x9D, 0x10,
    0xFB, 0x03, 0xBD, 0x95, 0xBD, 0xC3, 0xB0, 0xD9, 0xEC, 0xE9, 0xEB, 0xE2, 0x24, 0xF6, 0xD0, 0xB4,
    0x30, 0x69, 0x70, 0x7F, 0x5A, 0xA1, 0x26, 0xB1, 0x60, 0xCD, 0xC1, 0xAC, 0x43, 0xDD, 0x35, 0x68,
    0x25, 0xDF, 0x3C, 0xEB, 0x31, 0xE7, 0x80, 0xC8, 0x2B, 0xA4, 0xE7, 0x47, 0xEC, 0x51, 0xE2, 0xA0,
    0xFA, 0xC4, 0xCC, 0x5C, 0x5F, 0x6E, 0x0D, 0x53, 0x8B, 0xA1, 0x59, 0x73, 0xBB, 0x29, 0x2B, 0x55,
    0x69, 0xD5, 0x6A, 0x13, 0xB1, 0x4F, 0x6A, 0x89, 0xD4, 0x57, 0x77, 0x10, 0x7B, 0x6D, 0xC5, 0x74,
    0xB6, 0xD0, 0x22, 0xEA, 0xA2, 0xAC, 0xD6, 0x79, 0x2C, 0x14, 0xA8, 0x2C, 0x0A, 0xBC, 0x60, 0x07,
    0x7A, 0x44, 0xA8, 0x19, 0xA2, 0x3B, 0x71, 0x2C, 0x83, 0xD8, 0x77, 0x63, 0xC4, 0x15, 0x03, 0xEA,
    0x97, 0x18, 0x31, 0xB0, 0x60, 0x5E, 0xC2, 0x80, 0x93, 0xAC, 0x9A, 0x21, 0xF7, 0x11, 0x01, 0xD3,
    0x68, 0xBB, 0x69, 0xAD, 0x35, 0x6C, 0x45, 0x7A, 0xB2, 0x88, 0x38, 0x48, 0x84, 0xCD, 0xF2, 0x65,
    0x66, 0xA3, 0x92, 0xBD, 0xA3, 0x5A, 0x84, 0xF7, 0x02, 0x7E, 0x4D, 0xC9, 0x1F, 0xD3, 0xA9, 0xD1,
    0x11, 0xF6, 0x4A, 0x6F, 0x80, 0x69, 0x67, 0xAC, 0x5A, 0xD0, 0x28, 0x46, 0x7B, 0xEB, 0xD9, 0x54,
    0x85, 0xF1, 0x59, 0xB5, 0xD8, 0xAB, 0x6A, 0xCF, 0x13, 0x8A, 0xAD, 0x14, 0xA5, 0x7A, 0x36, 0x3E,
    0x48, 0xB9, 0x29, 0x3B, 0x29, 0x59, 0xE6, 0x05, 0x96, 0xFD, 0x78, 0x22, 0x54, 0x13, 0x59, 0xFE,
    0xAC, 0xB5, 0x18, 0xD7, 0x0E, 0xC8, 0x01, 0xC8, 0xE9, 0x1A, 0x05, 0x7A, 0x88, 0x7E, 0x42, 0x18,
    0x36, 0xEF, 0x09, 0x61, 0xF1, 0x02, 0x3B, 0x41, 0x3D, 0x99, 0x98, 0xD4, 0x30, 0x1D, 0x59, 0x2D,
    0xCC, 0x46, 0x16, 0xB2, 0xAC, 0x24, 0xB4, 0xF1, 0xE2, 0x44, 0x1D, 0xE1, 0xAD, 0x9E, 0x98, 0xF3,
    0xF3, 0x17, 0xD7, 0xAD, 0x13, 0xD8, 0x9E, 0xD3, 0xAD, 0x92, 0xD7, 0xEB, 0x36, 0x52, 0xCE, 0x2C,
    0xD0, 0x2B, 0xC9, 0x6E, 0xAF, 0x5B, 0x16, 0xA7, 0x1E, 0x8D, 0x7A, 0x52, 0x7F, 0x3B, 0xCD, 0xD4,
    0xE0, 0x5C, 0xC6, 0xC8, 0x83, 0xCD, 0xD3, 0x5C, 0xB2, 0xD0, 0xE6, 0x62, 0x43, 0x7B, 0x45, 0x9E,
    0xEC, 0xD9, 0x34, 0x28, 0x92, 0xFA, 0x8A, 0x4A, 0x39, 0x18, 0x23, 0x57, 0xA8, 0x6C, 0x5B, 0xC7,
    0x1F, 0x16, 0x9A, 0xA3, 0x3F, 0xD4, 0xCC, 0x1F, 0xAC, 0x48, 0xFE, 0xC2, 0x21, 0x06, 0xE9, 0x57,
    0x10, 0x8F, 0x64, 0x10, 0xAD, 0x7B, 0xB4, 0x86, 0x4C, 0xE5, 0xCB, 0x24, 0x8E, 0x47, 0x72, 0x31,
    0xCA, 0x3D, 0x3D, 0x53, 0x0B, 0xE3, 0x9D, 0x03, 0x36, 0x84, 0x7E, 0x22, 0x39, 0xD5, 0xA3, 0xB8,
    0x5A, 0x41, 0x56, 0x75, 0xD0, 0xB4, 0xC8, 0x86, 0x05, 0xB4, 0x6B, 0xDC, 0xC7, 0x24, 0xAE, 0x44,
    0xE1, 0x49, 0x91, 0xFC, 0x8E, 0x3A, 0x73, 0x3E, 0x41, 0x79, 0xF8, 0xEC, 0x76, 0xB3, 0x3E, 0xEE,
    0x8C, 0xDA, 0x2F, 0x90, 0x1B, 0x67, 0xFC, 0x9F, 0x83, 0xD7, 0xA7, 0x83, 0x36, 0x3E, 0x6C, 0x8A,
    0x13, 0x75, 0x58, 0x7F, 0x79, 0xD0, 0x69, 0x18, 0x9E, 0x91, 0x26, 0xE7, 0x37, 0x30, 0x4B, 0x04,
    0x97, 0x30, 0x9E, 0x6E, 0x60, 0xC0, 0xC9, 0x06, 0x06, 0xFC, 0x3F, 0xF4, 0x51, 0x8D, 0x18, 0x49,
    0xE2, 0x5E, 0x0B, 0x25, 0x1D, 0xDB, 0x97, 0x66, 0x9C, 0x25, 0xA4, 0xF4, 0x63, 0xF9, 0x95, 0xC7,
    0x84, 0xAC, 0xA1, 0x5A, 0x5E, 0x50, 0x61, 0xC0, 0x04, 0xE3, 0xA9, 0x99, 0x36, 0xD0, 0x15, 0x98,
    0x30, 0x90, 0xD1, 0x7C, 0x1D, 0x77, 0x7C, 0x6D, 0x3A, 0x57, 0xA0, 0x6C, 0x10, 0xE5, 0xC7, 0xA1,
    0x20, 0x07, 0x9F, 0x57, 0xF0, 0x2F, 0x1B, 0x26, 0x25, 0xCC, 0x48, 0xBB, 0xB8, 0x43, 0x79, 0xAD,
    0x8D, 0xE2, 0x07, 0x41, 0x73, 0x5A, 0x2B, 0xD0, 0x99, 0x91, 0xB0, 0xE2, 0x43, 0xAA, 0x14, 0x21,
    0x8A, 0x08, 0xA4, 0x40, 0xEC, 0x5F, 0xB2, 0x2A, 0x3F, 0x9A, 0xB6, 0x3B, 0xD9, 0x67, 0x01, 0xD4,
    0x43, 0xBB, 0xB9, 0xBB, 0x99, 0x37, 0x72, 0x66, 0x31, 0xC3, 0xEA, 0x2A, 0xB8, 0x20, 0x42, 0x0A,
    0x7C, 0xC4, 0x76, 0xC7, 0x0B, 0x8B, 0xC3, 0x8E, 0x85, 0x8A, 0x55, 0xB6, 0xBC, 0xF2, 0x56, 0x42,
    0x2B, 0xBB, 0x2E, 0xFA, 0xAC, 0x95, 0xAD, 0x37, 0x3A, 0x8D, 0xF5, 0xDB, 0xE4, 0xD7, 0xB5, 0xF8,
    0xC7, 0xE9, 0xF7, 0x95, 0x8F, 0x6C, 0x52, 0xE9, 0x5C, 0xAA, 0xE7, 0x9E, 0x71, 0x6B, 0xFB, 0xB4,
    0x30, 0x6D, 0xD6, 0xC1, 0xB4, 0xC9, 0xD6, 0xA6, 0x49, 0x2B, 0xCB, 0xC1, 0x54, 0xA1, 0xAC, 0x57,
    0xE2, 0x44, 0xCB, 0xCA, 0x05, 0x9A, 0x4C, 0xBC, 0x14, 0xB6, 0xF5, 0x5B, 0x34, 0x82, 0x6B, 0x0C,
    0xB4, 0x22, 0xE2, 0x71, 0x43, 0x34, 0xB2, 0x13, 0xB4, 0x4A, 0xD4, 0x97, 0x0D, 0x75, 0xCA, 0x76,
    0x66, 0x21, 0x87, 0x8E, 0x3A, 0xDE, 0xAB, 0x77, 0x23, 0xDF, 0xD3, 0xE7, 0xBA, 0xAD, 0x32, 0x6E,
    0xA1, 0x69, 0x2F, 0xE5, 0x4A, 0x79, 0xA1, 0xAD, 0x98, 0xC6, 0xC9, 0x4E, 0x35, 0xB1, 0x2A, 0x9F,
    0x33, 0xCF, 0x5E, 0xE5, 0xA5, 0x45, 0xAF, 0x92, 0xD2, 0x77, 0x3D, 0xFC, 0x19, 0x27, 0x5C, 0xC9,
    0xCF, 0xE9, 0x6D, 0xAB, 0x5F, 0x29, 0xD7, 0xCC, 0xD4, 0x56, 0x30, 0x57, 0xE5, 0x7D, 0x02, 0x59,
    0x27, 0x5D, 0x88, 0x04, 0x7A, 0x1B, 0xBC, 0x84, 0x2F, 0x1D, 0x19, 0x94, 0xEB, 0x55, 0x17, 0x2D,
    0x47, 0x06, 0xAD, 0x82, 0x10, 0x9C, 0x1C, 0x19, 0x68, 0x40, 0x1D, 0xB1, 0x74, 0x20, 0x27, 0xA0,
    0x7B, 0xB2, 0x00, 0xF8, 0x1D, 0x01, 0x7D, 0xB3, 0x23, 0x03, 0xC7, 0x40, 0x0D, 0x7B, 0x61, 0x4E,
    0x0F, 0x64, 0x0E, 0x09, 0xC5, 0xB8, 0x34, 0xE7, 0x61, 0xBF, 0x30, 0xEA, 0x11, 0x17, 0x79, 0xCA,
    0x90, 0x40, 0xA5, 0xB6, 0xC5, 0x82, 0x75, 0x19, 0xAF, 0x0B, 0x59, 0xDD, 0x6E, 0xFE, 0xE1, 0xB5,
    0xE3, 0x75, 0xF1, 0x06, 0xE3, 0x75, 0x21, 0x19, 0xBD, 0x91, 0x03, 0x15, 0xD5, 0x28, 0xF2, 0xF1,
    0xD1, 0x3B, 0xC9, 0xD1, 0x3B, 0x88, 0xC2, 0x45, 0x72, 0x40, 0xD0, 0xE2, 0x9D, 0x53, 0x17, 0x2D,
    0xDE, 0x59, 0x81, 0xA4, 0xDE, 0x4F, 0x2E, 0x72, 0xB8, 0xA8, 0x9C, 0x5C, 0x34, 0x94, 0xDD, 0x38,
    0x4D, 0x48, 0x89, 0x8B, 0x08, 0x06, 0xFD, 0xA6, 0x11, 0x19, 0x68, 0xD5, 0x31, 0xA8, 0x64, 0xE1,
    0xB8, 0x36, 0x7E, 0xF2, 0x6A, 0x2F, 0x16, 0x6F, 0xE6, 0x45, 0x2F, 0xB0, 0x56, 0x2F, 0x5E, 0xBF,
    0x98, 0x0F, 0x66, 0x93, 0x7A, 0x3C, 0xC8, 0x35, 0x1D, 0xA4, 0xDE, 0xB4, 0xA0, 0x63, 0x14, 0x82,
    0xB9, 0xE0, 0x45, 0xC7, 0x6B, 0xDC, 0x90, 0x2C, 0x23, 0x05, 0x07, 0x22, 0x9C, 0xC0, 0xA3, 0xDB,
    0xB8, 0x77, 0xA3, 0x47, 0xE4, 0x95, 0xE4, 0xFC, 0x8C, 0x6E, 0x31, 0x33, 0x0F, 0xD7, 0x5D, 0x0E,
    0x40, 0xF2, 0x1A, 0xDA, 0xE1, 0xC9, 0xFD, 0x13, 0x78, 0xC9, 0x7A, 0x18, 0x4D, 0x2B, 0x6A, 0x20,
    0xF9, 0xC9, 0x58, 0x9F, 0x20, 0x64, 0x1A, 0x10, 0xB3, 0x4E, 0x12, 0x5C, 0xBA, 0xB9, 0x77, 0x02,
    0x9F, 0x07, 0x4C, 0x2D, 0x61, 0xF5, 0xCE, 0xA6, 0x64, 0xB5, 0x30, 0xD7, 0x07, 0x6F, 0xBC, 0x74,
    0x18, 0xD9, 0xC2, 0xDF, 0x79, 0xEA, 0x3A, 0x33, 0x0F, 0xB7, 0x68, 0x04, 0x77, 0x02, 0x0F, 0xD3,
    0xF9, 0x4B, 0x02, 0xE7, 0x79, 0xB8, 0x7A, 0x69, 0x1E, 0x2E, 0xA0, 0xBD, 0x3B, 0x0F, 0xCB, 0xFD,
    0x79, 0x18, 0x1E, 0x87, 0x7B, 0x99, 0xE2, 0x98, 0x0B, 0xE9, 0x78, 0x10, 0xF2, 0xD1, 0x4F, 0xDB,
    0x04, 0x36, 0xDC, 0x93, 0xFD, 0xFB, 0x2D, 0x1F, 0x76, 0x24, 0xF6, 0x25, 0xE6, 0x5E, 0x61, 0xE7,
    0x05, 0x06, 0xBA, 0xE5, 0x28, 0x03, 0xB5, 0x2D, 0xFA, 0x5A, 0x62, 0x9C, 0x91, 0x6C, 0x9C, 0x1D,
    0x31, 0x5C, 0x35, 0x8C, 0x5C, 0x95, 0x42, 0xDB, 0xE4, 0x59, 0x92, 0x02, 0x11, 0x75, 0x8F, 0x1C,
    0x85, 0xF9, 0x4D, 0xC7, 0x74, 0xD5, 0x2A, 0x3E, 0xAB, 0x15, 0xA1, 0x22, 0x89, 0xD6, 0x60, 0x3E,
    0x04, 0xED, 0x61, 0xE4, 0x61, 0xDC, 0xAD, 0x28, 0xD4, 0x4E, 0xAC, 0x28, 0xA1, 0xA3, 0x64, 0xB3,
    0xAA, 0x93, 0xCA, 0xEA, 0x27, 0x6D, 0xA1, 0xA1, 0xBD, 0xBC, 0x49, 0x8B, 0xB4, 0xDA, 0xEB, 0xF8,
    0x9E, 0x16, 0xFF, 0xDB, 0x5A, 0x49, 0xDF, 0xFD, 0xA8, 0x75, 0x92, 0x7E, 0xE3, 0xB7, 0x3A, 0xD2,
    0x66, 0xDF, 0xFC, 0x17, 0x1D, 0x75, 0xB3, 0x6F, 0xFD, 0xAC, 0xDD, 0x4A, 0x96, 0xBE, 0xDB, 0xF6,
    0x62, 0xD3, 0xAF, 0xB7, 0x5E, 0xAC, 0x8D, 0x7E, 0xDB, 0x89, 0xBD, 0x88, 0x3E, 0x6A, 0xC5, 0x3D,
    0x8E, 0x54, 0xA5, 0x8B, 0xAD, 0xE8, 0xA8, 0x7A, 0xE1, 0x45, 0x35, 0x73, 0xAD, 0x84, 0x6A, 0x66,
    0xCD, 0x1E, 0x96, 0x88, 0x92, 0x78, 0x84, 0xBA, 0xC4, 0xD7, 0x04, 0x06, 0xF7, 0x93, 0x1F, 0x44,
    0x07, 0xDD, 0x55, 0x78, 0x81, 0x17, 0xC7, 0xDC, 0x75, 0x63, 0x32, 0xD9, 0x6F, 0x76, 0xBC, 0xA5,
    0xBF, 0x6C, 0x84, 0x37, 0x4C, 0xC6, 0xF1, 0x50, 0x4C, 0x0F, 0xD9, 0xFE, 0xCE, 0x07, 0xAD, 0xD4,
    0x2B, 0xA1, 0xEC, 0xC9, 0x1B, 0x89, 0x7B, 0x1A, 0xD6, 0x9C, 0x1B, 0xA7, 0x4D, 0xFA, 0x2C, 0x41,
    0xA0, 0x55, 0x19, 0xD0, 0x41, 0x62, 0xBD, 0x0F, 0xE3, 0x91, 0x4F, 0x8E, 0x9A, 0x73, 0xA8, 0xD1,
    0x25, 0x97, 0x31, 0x6C, 0x7C, 0x67, 0x0B, 0x6A, 0x90, 0x45, 0xAC, 0xEC, 0x54, 0x22, 0xAF, 0xB4,
    0x1E, 0x13, 0x09, 0x13, 0x28, 0xDC, 0x23, 0x4A, 0x0E, 0x88, 0x97, 0xAB, 0xA4, 0xA1, 0x22, 0x09,
    0x2D, 0x36, 0x5F, 0x0B, 0x49, 0x23, 0xB0, 0x87, 0xAB, 0xDF, 0xB5, 0x2F, 0x9C, 0x9C, 0x1A, 0x3C,
    0xDC, 0x8C, 0x4B, 0x30, 0xFC, 0xB8, 0x6C, 0x56, 0x41, 0x7C, 0xA7, 0xB5, 0xAC, 0x86, 0xF9, 0x1A,
    0x0E, 0xC0, 0x78, 0x98, 0xB6, 0xE7, 0xEB, 0x74, 0x4B, 0x1D, 0x57, 0x9C, 0xAD, 0x63, 0x2B, 0x98,
    0x73, 0xC4, 0x21, 0x8C, 0x18, 0x07, 0x81, 0x0C, 0x82, 0x21, 0x88, 0xE5, 0xA9, 0x82, 0xFE, 0x70,
    0xF7, 0x61, 0xD0, 0xE3, 0xE9, 0xA8, 0x92, 0x06, 0xFC, 0x9D, 0x27, 0x36, 0xED, 0xE9, 0xD3, 0x1A,
    0xC3, 0xC9, 0x18, 0x77, 0x35, 0x3D, 0xB5, 0xE1, 0x2E, 0x96, 0x67, 0x4D, 0x19, 0x6D, 0xDF, 0x7B,
    0xD6, 0x84, 0x68, 0xEE, 0xBD, 0xEE, 0x54, 0x70, 0x09, 0x73, 0xDF, 0x23, 0xE1, 0xE7, 0xAF, 0x09,
    0x15, 0x52, 0xAA, 0x23, 0x25, 0xA9, 0x90, 0x6B, 0x6A, 0x5E, 0x71, 0x23, 0xB4, 0xDD, 0x0A, 0x9A,
    0x78, 0x74, 0x43, 0xC6, 0xDB, 0x48, 0x9C, 0xAA, 0x65, 0xF7, 0xAA, 0x55, 0x63, 0x35, 0xD4, 0x8D,
    0xE6, 0x6A, 0xE9, 0x74, 0x4A, 0x2B, 0xBA, 0x12, 0x2E, 0x05, 0xDD, 0x96, 0xC7, 0x44, 0x33, 0x90,
    0x8B, 0xFC, 0x19, 0x1E, 0x74, 0x33, 0x10, 0x25, 0xF1, 0x11, 0xA6, 0x01, 0xF5, 0x0C, 0xDC, 0x20,
    0xC9, 0x0C, 0x94, 0x41, 0xA9, 0x19, 0xD9, 0xD9, 0xA7, 0x53, 0xF3, 0x93, 0x23, 0x6D, 0x2C, 0x27,
    0x22, 0x25, 0x98, 0xE2, 0x66, 0x69, 0x32, 0xE7, 0xEF, 0x7E, 0xCB, 0x30, 0xC1, 0x18, 0xD3, 0x38,
    0xDC, 0xCC, 0x84, 0x85, 0xB7, 0xF7, 0x2C, 0xEC, 0x38, 0xC5, 0xA6, 0x87, 0xB6, 0x49, 0xAD, 0x85,
    0x48, 0x40, 0xEF, 0x50, 0xFF, 0xCF, 0x15, 0x7F, 0x2B, 0x5C, 0xEF, 0x68, 0xE4, 0x9F, 0x12, 0xF2,
    0x36, 0x00, 0x7C, 0xE6, 0xC4, 0xAA, 0x5A, 0x49, 0xB5, 0xAA, 0x0C, 0x6A, 0x26, 0x43, 0xD4, 0xA9,
    0x02, 0xFF, 0xDA, 0x45, 0xE1, 0xE6, 0xE3, 0x76, 0xE5, 0xE5, 0xCF, 0xE8, 0x89, 0x69, 0x9B, 0x15,
    0x34, 0x49, 0x94, 0xDD, 0x71, 0xB3, 0xB6, 0x07, 0x3B, 0xD0, 0x93, 0xEF, 0x0A, 0xBB, 0x56, 0xB8,
    0xF5, 0x41, 0xD5, 0x67, 0x1B, 0x10, 0xD8, 0x06, 0xE4, 0x62, 0x6F, 0x77, 0x57, 0xEA, 0x6E, 0x55,
    0x3B, 0x0A, 0xC5, 0x8E, 0x8C, 0xF8, 0xDC, 0x67, 0x21, 0x78, 0x01, 0xEC, 0x40, 0xBF, 0x1A, 0x14,
    0x3C, 0xE4, 0xED, 0x87, 0xEB, 0x36, 0xBA, 0xAD, 0x8D, 0x8F, 0x3E, 0x63, 0xAB, 0xC9, 0x08, 0x40,
    0x5A, 0xEF, 0x4C, 0x3B, 0x63, 0xD5, 0x50, 0xBE, 0x56, 0x24, 0x80, 0xA3, 0x10, 0xAF, 0x30, 0x9D,
    0x62, 0xD5, 0x66, 0x35, 0xA7, 0x11, 0xEF, 0x4B, 0x5E, 0xD9, 0xFC, 0x99, 0x6A, 0x95, 0xD2, 0x11,
    0x23, 0xA6, 0xF4, 0xA8, 0x6C, 0xC8, 0xFE, 0x41, 0x35, 0xBE, 0x09, 0xEB, 0xE8, 0x20, 0x59, 0xC5,
    0x32, 0xA2, 0xE6, 0x80, 0x41, 0xD2, 0xFB, 0xFB, 0xD7, 0xB3, 0x48, 0xD6, 0x0E, 0xF3, 0xD5, 0xA0,
    0x9C, 0x07, 0x86, 0x3A, 0xA3, 0x71, 0xA8, 0x12, 0xB3, 0xF6, 0x11, 0xCB, 0xDA, 0x67, 0x89, 0xF4,
    0xC9, 0x9E, 0x62, 0x0B, 0xFA, 0x23, 0x3C, 0xBE, 0xF7, 0xB3, 0xEF, 0x3F, 0x3A, 0xE3, 0x7B, 0xF0,
    0x0A, 0xDF, 0x83, 0x33, 0xBE, 0xDF, 0x5F, 0xA8, 0xEF, 0x3D, 0xBE, 0x7F, 0xB2, 0xC3, 0xDE, 0x4E,
    0xC6, 0xFC, 0xCF, 0x6F, 0xCA, 0x4A, 0xED, 0x4D, 0xC7, 0x94, 0x49, 0x2B, 0x50, 0x48, 0xC2, 0xC9,
    0x8D, 0xD5, 0x20, 0xFF, 0xE1, 0x72, 0x62, 0xF4, 0x44, 0xDC, 0x8F, 0xBF, 0x7D, 0xEF, 0x84, 0x27,
    0xA9, 0x6C, 0xA1, 0x4D, 0xAA, 0x63, 0x83, 0xEA, 0x7D, 0xDD, 0x63, 0x6F, 0x33, 0x1E, 0x2C, 0x71,
    0x95, 0x18, 0x3F, 0x2D, 0x91, 0x25, 0xBD, 0xD9, 0xAC, 0xE7, 0x6E, 0x30, 0x46, 0x7F, 0x8E, 0x3F,
    0xF2, 0x8E, 0x6F, 0xA8, 0x45, 0x20, 0x78, 0x3B, 0xD0, 0x35, 0x87, 0xCD, 0x8F, 0x66, 0x67, 0xE1,
    0xA4, 0x33, 0x6F, 0x91, 0x87, 0x0C, 0x49, 0xCB, 0x02, 0x46, 0xED, 0x38, 0xF3, 0x46, 0x7E, 0xF0,
    0x56, 0xCB, 0x32, 0x74, 0x13, 0xDF, 0xFB, 0x6F, 0xBF, 0x87, 0x9A, 0x84, 0x2A, 0xE3, 0xCD, 0x11,
    0x55, 0x06, 0x69, 0x3B, 0x0E, 0xB0, 0x6E, 0x5C, 0xAF, 0x4D, 0xCB, 0xAB, 0x01, 0xB2, 0x88, 0x5B,
    0x46, 0x6C, 0xCE, 0xA9, 0x75, 0xFA, 0x0D, 0xDD, 0x4E, 0xF2, 0xDB, 0x6D, 0x1F, 0x0D, 0xF2, 0xA0,
    0x37, 0x5E, 0x0C, 0x2B, 0xED, 0xC8, 0x93, 0x54, 0x24, 0x24, 0x9D, 0x53, 0xE2, 0xD6, 0xB2, 0x9E,
    0xB1, 0xF3, 0xF1, 0xFE, 0x18, 0x5C, 0x45, 0x5A, 0x13, 0x82, 0xCA, 0x56, 0x92, 0xEB, 0xE4, 0x1F,
    0x3F, 0xAF, 0xD4, 0xBF, 0x3F, 0x28, 0x4C, 0x18, 0x32, 0x0D, 0x5A, 0x73, 0xEF, 0xE1, 0xF3, 0x15,
    0xE8, 0xE5, 0x11, 0x1B, 0xEB, 0xF2, 0xA6, 0x6C, 0xA6, 0x47, 0x13, 0xE1, 0xC5, 0xEB, 0xF3, 0x6D,
    0xD9, 0xC3, 0x66, 0x5E, 0xB5, 0x29, 0x83, 0x98, 0x8F, 0x6E, 0x43, 0x61, 0x3E, 0x59, 0x6B, 0x1F,
    0xF8, 0x6F, 0xE6, 0x5E, 0xAF, 0x0A, 0x25, 0x2D, 0xA8, 0x15, 0xAA, 0x78, 0x32, 0xAE, 0x76, 0xD2,
    0x42, 0x91, 0x29, 0x70, 0x8F, 0x66, 0x3E, 0xD1, 0x74, 0x0A, 0x51, 0x38, 0xB9, 0x00, 0x57, 0x34,
    0xBF, 0xA3, 0xF9, 0xED, 0xD8, 0x7C, 0x90, 0xBB, 0x50, 0xC7, 0x9C, 0xBD, 0x4A, 0x1E, 0x58, 0x31,
    0x32, 0xC9, 0x3B, 0xCF, 0x14, 0x62, 0x4E, 0xF7, 0xD2, 0xC9, 0xB9, 0x27, 0xAB, 0xE3, 0x68, 0x12,
    0xCB, 0x38, 0x12, 0x3A, 0xE6, 0xCB, 0x8B, 0xE8, 0xC0, 0x7C, 0xDE, 0xB1, 0xD9, 0xAB, 0x90, 0x4A,
    0xB8, 0x3C, 0xE5, 0x6A, 0x39, 0x4E, 0x92, 0x16, 0xF0, 0x33, 0x38, 0x77, 0x39, 0xB2, 0x31, 0x07,
    0xEF, 0x6C, 0x0E, 0xAF, 0xF6, 0xE0, 0xF9, 0xA7, 0xFA, 0xB3, 0xE6, 0x67, 0x1F, 0x0C, 0x7F, 0x05,
    0xF5, 0xF7, 0xA8, 0x4F, 0x96, 0x71, 0x4A, 0x3B, 0x65, 0x58, 0x74, 0x20, 0x70, 0x25, 0x2D, 0xDA,
    0x1E, 0x21, 0xED, 0x9B, 0xC4, 0x32, 0xB9, 0x13, 0xCB, 0x8A, 0x58, 0xD6, 0x1A, 0xCB, 0x64, 0x89,
    0x65, 0xC5, 0x03, 0x4E, 0xC2, 0x88, 0xB7, 0xE8, 0xFF, 0x45, 0xD6, 0x48, 0xF6, 0xFD, 0x41, 0xC4,
    0x7E, 0xAB, 0x55, 0x98, 0x4E, 0xBE, 0xE4, 0x54, 0xD6, 0x63, 0xC7, 0x40, 0x7B, 0xC1, 0xAA, 0xE8,
    0x4A, 0x9C, 0x2D, 0x76, 0x2C, 0xD7, 0xB6, 0x58, 0x54, 0x6A, 0x78, 0x08, 0xD1, 0x86, 0x08, 0x61,
    0x61, 0x52, 0x2F, 0xB3, 0x3E, 0x37, 0x61, 0xB1, 0x77, 0xFE, 0x87, 0x09, 0x37, 0xAA, 0x5F, 0x4E,
    0xDA, 0xF7, 0xC2, 0x8D, 0xC2, 0xDC, 0xBF, 0x1F, 0x77, 0x8C, 0xE1, 0xA6, 0xE7, 0xC8, 0xC2, 0x34,
    0x79, 0xB1, 0xFA, 0x77, 0x1D, 0x42, 0x3F, 0xEB, 0x84, 0xD5, 0x32, 0x71, 0x8C, 0xBA, 0x3D, 0x03,
    0xDA, 0x47, 0xE1, 0x7B, 0xA1, 0x88, 0x3F, 0xB9, 0xFE, 0xE5, 0x75, 0x65, 0x7C, 0xF2, 0x5F, 0x49,
    0x6D, 0xBA, 0x95, 0x2E, 0x95, 0x75, 0xA1, 0xDC, 0xE8, 0xEC, 0xA5, 0x8B, 0x64, 0x4C, 0x23, 0x41,
    0xB9, 0xD3, 0x82, 0x7B, 0xFC, 0x97, 0xAD, 0xB9, 0x33, 0xE1, 0xB6, 0xC2, 0x3F, 0x27, 0xDC, 0x17,
    0xDC, 0xD3, 0xBF, 0x4B, 0xE1, 0x7E, 0xCC, 0xAD, 0x46, 0x72, 0xF7, 0x63, 0xBF, 0x30, 0xA7, 0xFD,
    0x62, 0x75, 0xDA, 0x2F, 0xD2, 0xD3, 0x7E, 0x91, 0xBD, 0x79, 0xBF, 0x88, 0x19, 0x35, 0x2D, 0xE3,
    0x5D, 0xD0, 0xF9, 0xC7, 0xF4, 0x92, 0x55, 0x48, 0x46, 0xA8, 0x19, 0x07, 0x08, 0x27, 0x33, 0xE6,
    0xE7, 0xAE, 0xAB, 0xE3, 0x23, 0xD7, 0xA4, 0xBE, 0xBC, 0x7F, 0x3C, 0x41, 0x48, 0x99, 0x7F, 0x96,
    0xE7, 0xAE, 0xCC, 0x74, 0x85, 0x52, 0x67, 0x60, 0xA5, 0x7B, 0xC6, 0x21, 0xFF, 0xFB, 0xAC, 0x0D,
    0xF7, 0x15, 0x8A, 0x95, 0xCC, 0x1A, 0xFC, 0xC9, 0xF6, 0x66, 0xE1, 0xF4, 0x1C, 0xB4, 0x83, 0x31,
    0x7C, 0x69, 0xEB, 0xD6, 0xB3, 0xE2, 0x34, 0x9D, 0xA8, 0x4F, 0x32, 0x55, 0xF9, 0xF9, 0x4D, 0x50,
    0x1F, 0xFC, 0x22, 0x04, 0x34, 0xCA, 0x5F, 0x40, 0x11, 0x65, 0xB1, 0x0C, 0xFA, 0x76, 0xE4, 0x4B,
    0x8F, 0xCE, 0x2F, 0xC0, 0x17, 0x5E, 0x7B, 0x9C, 0x9F, 0xFF, 0xCA, 0xF3, 0x6B, 0x8F, 0xD7, 0x74,
    0x62, 0x80, 0x71, 0x65, 0x28, 0xCA, 0x36, 0x84, 0xEF, 0x87, 0x76, 0x53, 0x7E, 0xE7, 0xE6, 0x89,
    0x58, 0xD6, 0x4F, 0xEE, 0x29, 0xA8, 0x96, 0xC7, 0x6A, 0xA7, 0xAB, 0x95, 0x13, 0x44, 0x1E, 0x2C,
    0x22, 0xCF, 0x0C, 0x0E, 0x12, 0x95, 0xE3, 0x53, 0xF1, 0x9A, 0xB9, 0xB8, 0x93, 0x41, 0x62, 0x4F,
    0xB5, 0x6F, 0x53, 0x4D, 0x46, 0x20, 0x4A, 0xC2, 0x7B, 0x0A, 0x1B, 0x38, 0x0B, 0x65, 0x70, 0xD7,
    0xA8, 0xA2, 0x43, 0xD2, 0x2C, 0xA3, 0x4C, 0x8A, 0x5F, 0x5C, 0xAD, 0xE1, 0xE7, 0x70, 0x82, 0x62,
    0x3D, 0xA7, 0x03, 0xC5, 0xCB, 0x96, 0x1E, 0x47, 0xAA, 0x95, 0xC2, 0xB2, 0x08, 0x74, 0x8A, 0xE6,
    0xE1, 0xF5, 0xED, 0xE6, 0xC9, 0x2B, 0xFE, 0xF7, 0xCA, 0xD9, 0x15, 0x5B, 0x5C, 0x88, 0xFA, 0xB6,
    0x56, 0x94, 0x85, 0xEC, 0x78, 0xE2, 0xDA, 0x5B, 0xCE, 0x77, 0x8E, 0xE7, 0xBD, 0xF6, 0x89, 0x20,
    0x84, 0x6C, 0x5E, 0x36, 0xCA, 0x80, 0xDE, 0x61, 0x15, 0xF4, 0x0E, 0x0B, 0x9C, 0x00, 0xB9, 0x02,
    0x97, 0xA4, 0x19, 0x8F, 0xDD, 0x09, 0xD5, 0x41, 0x38, 0xCA, 0x53, 0x18, 0xB6, 0x6A, 0x69, 0x2F,
    0xA5, 0x3C, 0xF2, 0xE2, 0x3E, 0xF8, 0xD4, 0x4B, 0x16, 0x7E, 0xD3, 0xC9, 0x5B, 0xC3, 0x37, 0xDA,
    0x79, 0xB4, 0xD6, 0x04, 0xC9, 0x07, 0xF5, 0xC6, 0x3B, 0x07, 0xBC, 0xBC, 0x03, 0x5B, 0x40, 0x57,
    0x56, 0xF0, 0x49, 0x11, 0x79, 0xC0, 0xD3, 0x1A, 0xFD, 0x96, 0x87, 0x8F, 0x9C, 0x09, 0xB1, 0x27,
    0x54, 0x38, 0x1C, 0x7A, 0x60, 0x19, 0xED, 0x55, 0x98, 0x1A, 0xB3, 0xFA, 0x4F, 0x1E, 0xD3, 0x87,
    0xF9, 0xB9, 0x33, 0x17, 0x4E, 0x5F, 0xD5, 0x5F, 0x15, 0x53, 0xAF, 0x2A, 0x27, 0x0C, 0x3B, 0x96,
    0xFE, 0x3F, 0xB2, 0xC8, 0x30, 0x74, 0x3D, 0x0F, 0x39, 0xA9, 0xDE, 0x0C, 0x3C, 0x0C, 0x3A, 0x99,
    0x4A, 0xE7, 0xFD, 0x02, 0x63, 0x8F, 0xC3, 0xCE, 0xA5, 0x72, 0x2B, 0x5B, 0x7D, 0xEF, 0xC5, 0x43,
    0x55, 0xEA, 0xCA, 0x6C, 0x39, 0xE1, 0xF8, 0xA1, 0xD3, 0x38, 0xBB, 0xDE, 0x06, 0x62, 0x3D, 0x3E,
    0xA1, 0xF7, 0x78, 0xDA, 0x0E, 0x26, 0x34, 0x12, 0xCA, 0xF4, 0xC3, 0x76, 0x75, 0xB0, 0x7F, 0x62,
    0xB4, 0x93, 0x64, 0x6F, 0xC7, 0xED, 0x03, 0x49, 0xFF, 0x86, 0xC8, 0xA6, 0x3F, 0x89, 0x61, 0x73,
    0x7F, 0x43, 0x6A, 0x47, 0x16, 0xD0, 0x29, 0xB7, 0x92, 0x43, 0xF9, 0xA0, 0x48, 0x64, 0x1B, 0xFD,
    0x5B, 0x95, 0xAF, 0x77, 0xE6, 0x9F, 0x7F, 0x7E, 0x90, 0xFC, 0xFA, 0x5B, 0xA1, 0x13, 0x37, 0x18,
    0xBA, 0x73, 0xC7, 0x00, 0x4C, 0xFA, 0xEC, 0x40, 0x2F, 0x20, 0xF2, 0xA0, 0xE3, 0x0C, 0x51, 0xD1,
    0xA9, 0xDB, 0x62, 0x60, 0xDA, 0x11, 0x8D, 0x62, 0xA5, 0xE0, 0xD0, 0x6D, 0x55, 0x2B, 0x52, 0xC2,
    0x9F, 0x55, 0x9A, 0x28, 0xAE, 0x4A, 0x1A, 0xB9, 0xAE, 0x56, 0x6D, 0xFC, 0xBC, 0x30, 0xC3, 0xF5,
    0x77, 0x8A, 0x28, 0x1C, 0x58, 0xEB, 0x34, 0xA7, 0xBB, 0x21, 0x82, 0x4F, 0xD0, 0x1F, 0x31, 0xC0,
    0x2C, 0x8B, 0x9A, 0x98, 0x45, 0x8D, 0x24, 0x07, 0xA6, 0xF8, 0xD0, 0x38, 0x19, 0xAE, 0x0F, 0x57,
    0x6A, 0x6A, 0xC9, 0x09, 0x4A, 0xD2, 0x1A, 0xA6, 0x35, 0x45, 0x3E, 0xD6, 0xA5, 0x57, 0xCC, 0xD9,
    0xBB, 0x1F, 0x5D, 0x87, 0x1B, 0x63, 0x55, 0x82, 0x40, 0x0F, 0x12, 0xB7, 0xC6, 0xB3, 0x1A, 0x0B,
    0x4F, 0xC4, 0xDB, 0xEB, 0xF0, 0xC4, 0xBB, 0xA8, 0xD4, 0xCE, 0x20, 0x51, 0xC9, 0xEC, 0xC5, 0xA8,
    0x4C, 0xC7, 0x8C, 0x6E, 0x37, 0xC5, 0xE9, 0x3E, 0xEF, 0x04, 0xED, 0xDC, 0xA5, 0x70, 0xCC, 0xF2,
    0x64, 0x7A, 0x02, 0x7F, 0xBE, 0xE5, 0xA7, 0xC7, 0xD2, 0xE5, 0xC0, 0xFE, 0xEB, 0xBA, 0x5E, 0xAA,
    0x81, 0xE3, 0x88, 0x90, 0x54, 0xF3, 0xC8, 0xB8, 0x03, 0xFE, 0xF3, 0xB6, 0x97, 0x37, 0x1B, 0x05,
    0x63, 0xAC, 0x00, 0x61, 0x25, 0x46, 0x3F, 0x92, 0x4C, 0xA8, 0xED, 0x84, 0x96, 0x1F, 0xD1, 0x34,
    0xFB, 0xD7, 0x2D, 0x7A, 0x21, 0x8B, 0x38, 0xD1, 0x58, 0x4C, 0x84, 0x84, 0x10, 0x11, 0x1B, 0xF6,
    0xA9, 0x09, 0x9D, 0xF2, 0x35, 0x62, 0x18, 0x3F, 0x41, 0xCF, 0xA2, 0x7C, 0x77, 0x66, 0x83, 0xDC,
    0x83, 0xEE, 0x68, 0x0A, 0x8A, 0x66, 0xEB, 0xD9, 0x1F, 0xFE, 0x14, 0x7B, 0x60, 0x59, 0xE1, 0x25,
    0xA0, 0xD4, 0x61, 0xC7, 0x50, 0x75, 0x55, 0x83, 0x0A, 0xD4, 0x67, 0x5C, 0xFB, 0xF8, 0x14, 0xDB,
    0x09, 0x0F, 0x37, 0x4C, 0x53, 0x08, 0xCA, 0xE9, 0x9F, 0xF1, 0xB0, 0x96, 0xA7, 0xAA, 0x6D, 0xE4,
    0xDD, 0x3F, 0x86, 0xEB, 0x76, 0xA7, 0xDF, 0xD6, 0x5F, 0xD1, 0x31, 0x42, 0xFE, 0x0F, 0xD5, 0xDA,
    0x3F, 0x8C, 0xE6, 0xC6, 0x79, 0xC7, 0xF1, 0x2F, 0x39, 0xE7, 0x63, 0xA0, 0x81, 0x3D, 0x6A, 0x62,
    0xF8, 0x3F, 0x5D, 0xB8, 0x08, 0x6C, 0xF8, 0x26, 0x85, 0x0A, 0x17, 0x7B, 0x3B, 0x63, 0xA5, 0x74,
    0x11, 0x03, 0xE9, 0xD2, 0x38, 0x85, 0xD2, 0xC4, 0x01, 0xCE, 0x08, 0x54, 0xEE, 0xBE, 0xA4, 0xEC,
    0x22, 0xED, 0x15, 0xEE, 0xA1, 0x42, 0x01, 0xE2, 0x55, 0x71, 0x2A, 0x54, 0xA8, 0xD8, 0x5D, 0x8E,
    0xE3, 0xC2, 0x2D, 0x1D, 0x05, 0x70, 0xA1, 0xC2, 0x44, 0x72, 0xD5, 0x09, 0x86, 0x27, 0x31, 0x81,
    0xA3, 0xD6, 0x24, 0x9F, 0x70, 0xE6, 0x76, 0x5F, 0xEC, 0x9E, 0xCF, 0x48, 0x90, 0xC0, 0x27, 0xDD,
    0x68, 0xF6, 0xC3, 0x17, 0x8B, 0x3D, 0xF1, 0xF7, 0x0C, 0xDF, 0x77, 0x48, 0x0E, 0x5F, 0xBA, 0x80,
    0x3C, 0xE9, 0x6D, 0x21, 0x2D, 0xD7, 0xDB, 0x0F, 0xE0, 0x1D, 0x88, 0xA9, 0x17, 0x03, 0xE5, 0x80,
    0xCA, 0x5D, 0xF7, 0x98, 0xAD, 0x87, 0xD4, 0xEB, 0xDC, 0x6D, 0x8B, 0xF3, 0xA9, 0xFF, 0x29, 0x80,
    0x6E, 0x01, 0x93, 0xF1, 0x97, 0x94, 0x32, 0x40, 0x2D, 0x2B, 0x74, 0x22, 0xBE, 0x5C, 0xEE, 0xD4,
    0xA1, 0x8A, 0x77, 0xAB, 0xDE, 0xF4, 0x07, 0x05, 0x26, 0x1C, 0x80, 0x6D, 0x8F, 0xC0, 0xF9, 0xF7,
    0x36, 0xC8, 0x8C, 0x89, 0x78, 0x45, 0x11, 0x35, 0xAE, 0x1C, 0xEA, 0x60, 0x5F, 0x1D, 0x1A, 0xCC,
    0xFB, 0xBF, 0x58, 0xD0, 0xF2, 0x9B, 0x91, 0x52, 0xA4, 0x87, 0x7B, 0xEB, 0x33, 0x76, 0x0B, 0xC0,
    0x6D, 0xB9, 0x0F, 0x34, 0x32, 0xA7, 0x0C, 0x6F, 0x0B, 0x54, 0x23, 0x2E, 0xE4, 0xFC, 0x7D, 0x8A,
    0x5D, 0xE5, 0xD8, 0x80, 0xE3, 0x99, 0xDE, 0xEE, 0x4E, 0xFE, 0x19, 0x8C, 0xC8, 0x9C, 0x9D, 0x00,
    0x13, 0x78, 0xCA, 0xBA, 0xE5, 0x4F, 0xC0, 0x7A, 0x8E, 0xE1, 0x10, 0x1C, 0xE4, 0x0A, 0xCA, 0x8F,
    0xC0, 0xFA, 0xAD, 0x6A, 0x5F, 0x7B, 0xF7, 0x40, 0xE4, 0x81, 0x77, 0xDC, 0x13, 0xA1, 0x81, 0x2F,
    0xCE, 0xA8, 0x08, 0xC5, 0xAC, 0x46, 0x50, 0x63, 0x31, 0x81, 0x19, 0x98, 0xA1, 0x0E, 0x2C, 0xA4,
    0x48, 0x3B, 0x58, 0xC1, 0x51, 0xCC, 0x60, 0xBD, 0x1A, 0xD3, 0x5E, 0xCC, 0x00, 0x26, 0xD4, 0x01,
    0x74, 0xEF, 0x80, 0x6A, 0x38, 0x03, 0xD4, 0x7F, 0xCE, 0x40, 0xF9, 0x38, 0xE6, 0x84, 0x32, 0x5F,
    0xFA, 0xD2, 0x49, 0x77, 0xF2, 0x16, 0xB0, 0x03, 0xE0, 0x2C, 0x7B, 0x9A, 0x9D, 0xAF, 0x39, 0x01,
    0x5F, 0x3F, 0x59, 0x4F, 0xEE, 0xD3, 0x89, 0x48, 0x9F, 0x0D, 0x60, 0x5A, 0x8C, 0xA7, 0xDE, 0x3A,
    0x58, 0x70, 0xB9, 0xAE, 0xBB, 0xB9, 0x1F, 0xC1, 0x69, 0xEE, 0x53, 0xEA, 0xBF, 0xDF, 0xAA, 0x90,
    0xBA, 0x0E, 0x98, 0xF6, 0x0F, 0xFE, 0x6F, 0x8E, 0xE1, 0x08, 0xE0, 0xDE, 0x47, 0xA0, 0x44, 0x06,
    0xCC, 0xFA, 0x60, 0xC4, 0xB5, 0xC5, 0x40, 0x93, 0xD3, 0xEE, 0x39, 0x4F, 0x34, 0x1E, 0x70, 0x23,
    0x60, 0xA4, 0xCF, 0xEF, 0x23, 0x8A, 0xE9, 0x8B, 0x12, 0xAA, 0x1E, 0xD7, 0x9B, 0x80, 0x1E, 0x6A,
    0x8F, 0x8A, 0xF6, 0x92, 0x6A, 0xB0, 0x29, 0x80, 0x19, 0xA9, 0x7D, 0x25, 0xF7, 0xCF, 0xA0, 0x93,
    0x1E, 0x6E, 0x27, 0xA8, 0x23, 0xA0, 0x26, 0xA0, 0x98, 0x01, 0x12, 0xC5, 0xC4, 0x2D, 0xD4, 0x98,
    0x0E, 0xD6, 0x80, 0x13, 0x09, 0x68, 0x59, 0x80, 0xBF, 0xF6, 0xE0, 0x82, 0xB8, 0x37, 0xD6, 0xE6,
    0x8D, 0xB5, 0x7B, 0x75, 0x81, 0xE2, 0x9F, 0x00, 0x3A, 0x19, 0x40, 0x8B, 0x2C, 0xE0, 0x1E, 0x16,
    0x9D, 0x67, 0x05, 0x13, 0xCA, 0x11, 0x54, 0xAC, 0x86, 0xE2, 0xC7, 0xC5, 0x68, 0x82, 0x5D, 0x99,
    0x6A, 0x3A, 0x69, 0x4F, 0xEF, 0x14, 0x93, 0x0E, 0x47, 0x77, 0x55, 0x2C, 0xFD, 0xC1, 0x41, 0xD5,
    0xC3, 0xC1, 0x91, 0x0E, 0x9B, 0xA7, 0x66, 0xF3, 0xE8, 0x3D, 0xD3, 0xC2, 0x69, 0x76, 0xDA, 0x7E,
    0xF3, 0x69, 0xC6, 0xA3, 0xAA, 0x6F, 0x8A, 0x78, 0xA0, 0x64, 0x56, 0xC3, 0x61, 0x21, 0x51, 0x07,
    0xCB, 0xE7, 0xBD, 0xF5, 0x26, 0xC0, 0x39, 0xD5, 0x48, 0x35, 0x53, 0xC8, 0x49, 0xCA, 0xD0, 0x88,
    0xF8, 0x54, 0xD8, 0x00, 0xDC, 0x1B, 0x50, 0xB2, 0xA0, 0xFB, 0x86, 0x92, 0x1A, 0x2E, 0x7F, 0x4A,
    0x91, 0x3C, 0x60, 0xCE, 0xDF, 0xE5, 0x88, 0xBB, 0x9C, 0x72, 0xCA, 0xF1, 0xED, 0x19, 0xB7, 0x9E,
    0xA2, 0xC7, 0xF7, 0xB8, 0x6C, 0x7F, 0xCE, 0xE7, 0x28, 0x22, 0xA7, 0xE8, 0xA8, 0x26, 0x5C, 0xA8,
    0x87, 0x62, 0xA5, 0xF3, 0x7A, 0x52, 0x0B, 0x6E, 0x30, 0xE9, 0xE0, 0xD4, 0x81, 0x06, 0x1B, 0x70,
    0xC1, 0x0E, 0xD4, 0x83, 0x1E, 0xA9, 0xA6, 0x72, 0xA6, 0x58, 0xE8, 0xA0, 0xC1, 0xB6, 0xD4, 0xE8,
    0x96, 0x4F, 0x51, 0x6E, 0xEF, 0xA8, 0x93, 0x93, 0x37, 0x9D, 0x88, 0xC4, 0x26, 0x01, 0xA8, 0x61,
    0x4F, 0x0F, 0x54, 0x01, 0xD0, 0x7B, 0x52, 0xF5, 0x7C, 0xCA, 0x7F, 0xE1, 0xE4, 0x04, 0x27, 0x82,
    0x93, 0x15, 0xEC, 0x44, 0x21, 0xE2, 0xAB, 0xBE, 0x0A, 0x06, 0x86, 0x03, 0x1B, 0xE3, 0xB7, 0xBE,
    0xF5, 0xFA, 0x3B, 0xAF, 0xBF, 0xF2, 0x83, 0x77, 0xDF, 0x6D, 0xFA, 0x77, 0x5E, 0xFF, 0x87, 0x10,
    0x5F, 0x7F, 0xE7, 0x17, 0xC3, 0xC1, 0x77, 0xFF, 0x2A, 0xD4, 0x69, 0xCF, 0x32, 0x43, 0xD7, 0xF3,
    0x85, 0x93, 0x9F, 0x38, 0x59, 0x9C, 0xCC, 0xDC, 0x7B, 0x48, 0x29, 0x2B, 0xE6, 0xA2, 0xF3, 0xB6,
    0x35, 0xC1, 0x51, 0xF5, 0xC7, 0xA8, 0xFE, 0x28, 0xFF, 0x54, 0xE1, 0x98, 0xF4, 0x3B, 0xEB, 0xED,
    0xA3, 0x15, 0x2D, 0x13, 0x45, 0x77, 0x1F, 0xE0, 0xB5, 0x04, 0x53, 0xA2, 0x18, 0xD9, 0x5B, 0xC6,
    0xA4, 0xBA, 0xEE, 0x00, 0xA5, 0x6C, 0x2D, 0xA8, 0x6C, 0x79, 0xF2, 0xE0, 0xD1, 0x89, 0x07, 0x7D,
    0x7D, 0x7A, 0x68, 0xD9, 0x5B, 0xFB, 0xA4, 0x85, 0xEC, 0xB3, 0xDA, 0x56, 0xFE, 0x36, 0xD9, 0xA4,
    0x61, 0x9B, 0xB3, 0x13, 0xD8, 0xA1, 0x48, 0x6F, 0x83, 0x5D, 0xD5, 0x5A, 0xB0, 0x70, 0x17, 0x4E,
    0x51, 0x91, 0xBA, 0xE5, 0x2C, 0x6F, 0x3D, 0x4E, 0x66, 0x27, 0xD3, 0xD5, 0x5F, 0x1E, 0x16, 0xDE,
    0xC2, 0x1D, 0x38, 0xC2, 0x45, 0x9A, 0x01, 0x26, 0x38, 0xBA, 0xC5, 0xD1, 0xDD, 0x62, 0xAA, 0x25,
    0xDE, 0x16, 0x0F, 0x0C, 0x6A, 0xAA, 0x62, 0xAA, 0xFE, 0x98, 0x57, 0x00, 0x1C, 0x58, 0x9F, 0xDC,
    0xF7, 0x5D, 0xF6, 0x38, 0xBF, 0x38, 0xCB, 0x2F, 0x4E, 0xF3, 0x8B, 0xF9, 0x5A, 0x9F, 0x92, 0xC5,
    0x48, 0x31, 0x51, 0x3E, 0x31, 0xA2, 0xC6, 0x94, 0xAA, 0x8A, 0x49, 0xB3, 0x39, 0xF2, 0x8D, 0x48,
    0x35, 0xF3, 0x78, 0xA0, 0x92, 0x07, 0xBF, 0x1C, 0xD0, 0xBF, 0x92, 0xEF, 0xF4, 0x98, 0x9F, 0x4F,
    0xBA, 0xBF, 0x31, 0x46, 0xF5, 0xF5, 0x31, 0x7A, 0x62, 0x02, 0x77, 0x4D, 0x6E, 0xA7, 0x31, 0x69,
    0x44, 0xC6, 0x52, 0xE4, 0xED, 0xA8, 0x45, 0xCA, 0x58, 0x8B, 0xA8, 0xE8, 0x64, 0x55, 0x43, 0x93,
    0xE8, 0x64, 0xA9, 0x7A, 0x91, 0xB9, 0x0A, 0x1B, 0x3A, 0x61, 0x36, 0x26, 0xD3, 0x36, 0x09, 0x27,
    0x63, 0xED, 0x6B, 0x89, 0x35, 0x5A, 0xA2, 0xA5, 0xE8, 0xA2, 0x83, 0x6D, 0xCC, 0xC8, 0xE4, 0xF7,
    0x07, 0x55, 0x38, 0x02, 0x1D, 0x4E, 0xC1, 0x84, 0x39, 0xA5, 0x9B, 0x2E, 0xA9, 0xBF, 0x3D, 0x6E,
    0x14, 0x11, 0x6C, 0xB9, 0xE1, 0xD4, 0xC6, 0xA1, 0x1A, 0x2E, 0x39, 0xAE, 0x7A, 0x00, 0xB0, 0xA3,
    0x8B, 0xE9, 0xBF, 0x66, 0x28, 0x5A, 0x15, 0x54, 0xAB, 0x7F, 0xCC, 0x0E, 0xFB, 0x8A, 0xEB, 0x16,
    0xFB, 0x90, 0x3A, 0xD0, 0x05, 0x2D, 0xAD, 0xF9, 0x4B, 0x7F, 0xCB, 0x78, 0x0C, 0xD4, 0xB9, 0xDF,
    0xB9, 0x9A, 0x5C, 0x0F, 0xD8, 0x32, 0x36, 0x32, 0x62, 0x47, 0x0A, 0x59, 0xA9, 0x1E, 0x5A, 0x6F,
    0x5A, 0x13, 0x6A, 0xAA, 0x60, 0xA9, 0xC2, 0x21, 0x3A, 0xDC, 0xCD, 0x3F, 0xA6, 0xDD, 0x7E, 0xFC,
    0x21, 0x8E, 0xFA, 0x8D, 0x39, 0xD5, 0xC3, 0xFE, 0xEC, 0x5D, 0xB4, 0x04, 0xD4, 0x90, 0x0E, 0xC7,
    0xC4, 0x0C, 0x2B, 0x0D, 0x34, 0xAD, 0x0D, 0xD8, 0xC1, 0x44, 0xF4, 0xA8, 0x66, 0xD4, 0x58, 0xCC,
    0xE8, 0xA8, 0x66, 0xF2, 0xA7, 0x5B, 0x7C, 0x13, 0xD4, 0x5C, 0xAC, 0x98, 0xA1, 0x1A, 0x71, 0xBE,
    0x0E, 0x1C, 0xF0, 0x15, 0xF8, 0x2A, 0xB7, 0x80, 0x62, 0x86, 0x2A, 0x50, 0xE7, 0xF1, 0xE0, 0x7C,
    0x02, 0x07, 0x7F, 0x33, 0xC1, 0x29, 0x30, 0x52, 0x8C, 0x40, 0x44, 0x0D, 0x50, 0x44, 0x74, 0xC8,
    0x9B, 0xDA, 0x43, 0x39, 0x70, 0x08, 0xA8, 0x81, 0x39, 0x6D, 0xFA, 0x22, 0x42, 0x29, 0xE2, 0xC9,
    0x1B, 0x2E, 0xDB, 0xED, 0xFB, 0x49, 0xEA, 0x01, 0xCA, 0x88, 0xEB, 0x41, 0xF5, 0x3C, 0x0E, 0x60,
    0x82, 0x7A, 0x3F, 0x80, 0x45, 0xFF, 0x63, 0x80, 0x63, 0x6A, 0xDD, 0xC2, 0xC4, 0xC1, 0xB6, 0x29,
    0x23, 0xD1, 0x78, 0xAA, 0xBE, 0x10, 0x89, 0x98, 0x76, 0xDB, 0x0C, 0x38, 0xA0, 0xCE, 0xA1, 0xB8,
    0xF3, 0xC7, 0x4E, 0x5D, 0x9C, 0x27, 0xD1, 0xD2, 0xA7, 0xD4, 0xF5, 0x5F, 0x44, 0x50, 0xFD, 0x97,
    0xCB, 0x98, 0x52, 0x93, 0x36, 0x36, 0x97, 0xC1, 0x31, 0x98, 0x9C, 0x9A, 0x5D, 0x2E, 0xAF, 0x1C,
    0xA1, 0xEA, 0x31, 0x21, 0xFF, 0x7E, 0x07, 0x38, 0x10, 0x09, 0x9C, 0xE6, 0x0D, 0x54, 0x4B, 0x4E,
    0x6D, 0x25, 0x9F, 0x3D, 0x0F, 0x74, 0xC0, 0x01, 0x55, 0xFE, 0x03, 0x8C, 0x4F, 0xA9, 0xAB, 0x25,
    0xA7, 0xD6, 0x53, 0x4E, 0x8D, 0xCD, 0xA9, 0xF3, 0x9B, 0x01, 0x5A, 0xC3, 0x0C, 0xAA, 0x77, 0x29,
    0x75, 0x21, 0x33, 0xE4, 0x53, 0xC3, 0x1F, 0x7B, 0xAC, 0x31, 0x73, 0x62, 0x02, 0xEA, 0xCC, 0x08,
    0xD8, 0xC8, 0xEF, 0xB5, 0x97, 0x3C, 0x50, 0xB7, 0x09, 0x0F, 0xD8, 0x8D, 0xA2, 0x01, 0x6A, 0x01,
    0x64, 0x05, 0xB5, 0x7A, 0x30, 0x11, 0xA8, 0x03, 0xE0, 0xDA, 0x04, 0x57, 0x34, 0xF0, 0x15, 0xEF,
    0xC0, 0x79, 0xE7, 0xE9, 0xB0, 0x7D, 0x39, 0x63, 0xA4, 0x1B, 0x51, 0x22, 0x7D, 0xBE, 0x9E, 0x00,
    0xB8, 0x95, 0x3D, 0xCE, 0xBA, 0xAC, 0xCD, 0xD6, 0x7E, 0x3F, 0xE1, 0x50, 0x85, 0x64, 0xC9, 0xD3,
    0xCD, 0x85, 0x64, 0xD7, 0x27, 0x65, 0x00, 0xCA, 0xDF, 0x26, 0xD5, 0x7F, 0x44, 0x40, 0xFF, 0x2C,
    0x69, 0x7E, 0x94, 0xB4, 0xAF, 0x26, 0x5D, 0x39, 0x02, 0xC7, 0x45, 0x72, 0x2E, 0x26, 0xD8, 0x7E,
    0x66, 0x50, 0x31, 0x59, 0x0D, 0x49, 0x13, 0x92, 0x75, 0xE0, 0x0C, 0x9C, 0xC8, 0x02, 0x8D, 0xA4,
    0x4A, 0xD7, 0x93, 0x93, 0x73, 0x8A, 0x19, 0x1C, 0xE5, 0x94, 0x54, 0x31, 0xA9, 0x87, 0x4D, 0x6F,
    0x02, 0x58, 0x6F, 0xDB, 0xCD, 0xD6, 0xE5, 0x21, 0xDB, 0x17, 0x86, 0xCD, 0x36, 0xD9, 0x25, 0x91,
    0x33, 0xA0, 0x86, 0xFD, 0xC5, 0x37, 0xC5, 0x0B, 0x55, 0x97, 0x9E, 0x00, 0xEC, 0x9C, 0xEC, 0x3A,
    0xA0, 0x9C, 0xAC, 0x07, 0x3D, 0xE4, 0x8F, 0x89, 0x57, 0x3D, 0x14, 0xE0, 0x5F, 0xA0, 0x8A, 0x5E,
    0x03, 0xA8, 0xC4, 0x7B, 0x30, 0x72, 0x11, 0xE1, 0xA5, 0x2A, 0x47, 0xA4, 0xB9, 0x51, 0xC5, 0x8B,
    0x53, 0x51, 0x35, 0xD5, 0x43, 0xB6, 0x07, 0x3D, 0xDA, 0x4D, 0x13, 0x5D, 0x78, 0xD1, 0xAA, 0xE0,
    0xF6, 0x43, 0x00, 0xBB, 0x24, 0x8F, 0xEA, 0x64, 0x34, 0xFE, 0x9A, 0x24, 0xEF, 0x24, 0xBB, 0x39,
    0x59, 0x0F, 0x2F, 0x52, 0x75, 0x22, 0xE2, 0xA1, 0xCC, 0x1B, 0xD4, 0xE3, 0x8B, 0x13, 0xA0, 0xFA,
    0xE5, 0x00, 0x60, 0x7E, 0xDE, 0x03, 0xD4, 0xDF, 0xC9, 0x1B, 0x67, 0x02, 0xC0, 0x2E, 0x6F, 0x98,
    0xF3, 0x86, 0xA9, 0x6E, 0xC9, 0x27, 0x33, 0x4F, 0x0A, 0x68, 0x4F, 0xDE, 0x04, 0xDD, 0x3B, 0x89,
    0x29, 0x62, 0xDE, 0x58, 0xEF, 0x00, 0x1C, 0x3B, 0x80, 0x26, 0x45, 0x85, 0x9C, 0x98, 0x62, 0x3D,
    0x99, 0xB9, 0xAA, 0x8B, 0x2A, 0x6F, 0x30, 0x7D, 0xAA, 0x18, 0x13, 0x72, 0xF9, 0xD6, 0x97, 0x17,
    0x27, 0x3E, 0xD5, 0x91, 0xF2, 0x9D, 0xE7, 0x0D, 0x50, 0xAF, 0x39, 0x72, 0x7F, 0x79, 0x0F, 0x98,
    0x66, 0xF4, 0x0E, 0x16, 0x66, 0xD8, 0xA9, 0x11, 0xBE, 0x96, 0xCA, 0xCE, 0x55, 0x63, 0xFA, 0x44,
    0x00, 0xEA, 0x44, 0xAA, 0x1E, 0x97, 0xF1, 0x09, 0x9E, 0x49, 0xD9, 0xBA, 0x7C, 0x4B, 0xD8, 0x62,
    0x82, 0xE9, 0x71, 0xAD, 0x9E, 0x0A, 0x49, 0x3B, 0x9F, 0x2F, 0x6F, 0xE4, 0xAA, 0x8F, 0x80, 0xB2,
    0x07, 0xD4, 0xBF, 0x01, 0xDC, 0xF3, 0x80, 0x69, 0xE1, 0x73, 0xF5, 0x86, 0x13, 0x40, 0x4F, 0xEC,
    0x9B, 0x1A, 0xB2, 0x71, 0x3F, 0xF1, 0xC2, 0x94, 0x3D, 0xCD, 0x1E, 0x64, 0x5F, 0xE6, 0x66, 0x73,
    0x22, 0x12, 0x2E, 0x6D, 0xB6, 0xCB, 0x7C, 0x7F, 0xE3, 0xB6, 0x7C, 0xC9, 0xCE, 0x7B, 0x29, 0x9E,
    0x38, 0x5D, 0x9B, 0xDC, 0x2F, 0x4E, 0x4E, 0xDE, 0x4A, 0xA9, 0x65, 0xCA, 0x8E, 0x54, 0x03, 0x70,
    0xA9, 0xEE, 0x93, 0x26, 0x79, 0x73, 0x61, 0xE2, 0x89, 0xED, 0xFE, 0xAA, 0x1A, 0xB7, 0xED, 0xBC,
    0xBD, 0x11, 0x07, 0xC0, 0xEF, 0x6F, 0x74, 0x50, 0x59, 0xD3, 0xEF, 0xFF, 0x21, 0x6E, 0x5F, 0xDD,
    0x8B, 0x56, 0x57, 0x97, 0x2C, 0xA5, 0x07, 0xAA, 0xC7, 0x11, 0xA8, 0x7F, 0x3A, 0x01, 0xBB, 0x5C,
    0xCC, 0xC4, 0x61, 0x2E, 0xE8, 0xD6, 0x0B, 0x54, 0x91, 0x0B, 0x02, 0x6C, 0x8B, 0x11, 0x7B, 0xF3,
    0xAA, 0x04, 0xF0, 0x42, 0x1D, 0x17, 0x9F, 0xA8, 0xFA, 0xEC, 0xB5, 0x4F, 0x53, 0x71, 0xFD, 0xD3,
    0x74, 0x94, 0xFD, 0xEA, 0x33, 0xEB, 0x6A, 0xB2, 0x5F, 0x7F, 0x3B, 0x4D, 0x27, 0x97, 0xFF, 0xB6,
    0x8A, 0xFF, 0xA7, 0x74, 0x4F, 0x64, 0x2F, 0x4D, 0xE2, 0x7F, 0x1E, 0xAC, 0x6D, 0xE7, 0xEB, 0xBE,
    0xAE, 0xE6, 0xE6, 0xE7, 0xA8, 0x1C, 0xF6, 0x81, 0x30, 0x61, 0xBF, 0x33, 0x76, 0xD7, 0xAA, 0x7B,
    0xF9, 0x85, 0xAA, 0x4B, 0x5A, 0x40, 0xE5, 0xD7, 0xFA, 0x77, 0x11, 0xB0, 0x3F, 0x1C, 0x81, 0x73,
    0x66, 0x60, 0xE4, 0x6E, 0x2E, 0xE8, 0x45, 0xAA, 0x68, 0xFF, 0xD9, 0xC9, 0xCE, 0x80, 0xA8, 0x24,
    0x2F, 0x52, 0x15, 0x56, 0x3E, 0x22, 0x27, 0x0C, 0x9B, 0x27, 0x5D, 0xDC, 0x24, 0x55, 0xB1, 0x83,
    0x25, 0xDB, 0xC0, 0x19, 0x38, 0x98, 0x9F, 0xB6, 0x98, 0x92, 0x9D, 0x48, 0x76, 0xA5, 0xE1, 0xFB,
    0x17, 0x3F, 0xD9, 0x4C, 0xB5, 0x9D, 0x67, 0xD7, 0x5C, 0xE1, 0x82, 0x1E, 0x28, 0xE6, 0x54, 0x61,
    0x39, 0xA5, 0x0A, 0xD5, 0x88, 0x09, 0xE8, 0x98, 0xB4, 0x21, 0x55, 0xD8, 0x79, 0xEC, 0xA3, 0x07,
    0x4B, 0x8A, 0x23, 0x29, 0x82, 0xAC, 0x1E, 0xE0, 0x76, 0xB6, 0x19, 0x6F, 0x01, 0x22, 0xE7, 0xC0,
    0x9B, 0xCD, 0x02, 0xA0, 0x47, 0xFE, 0x60, 0x73, 0x3D, 0x3A, 0xD0, 0x0C, 0x98, 0x40, 0x17, 0xAF,
    0x6C, 0x59, 0x46, 0x6A, 0xCF, 0x34, 0x61, 0x7D, 0x31, 0xCD, 0x29, 0xFF, 0x78, 0xBA, 0x59, 0xC6,
    0xA4, 0x8A, 0xC7, 0xEC, 0x36, 0x0F, 0x39, 0x46, 0x0D, 0x8E, 0x33, 0xAA, 0xC1, 0x32, 0x53, 0xF5,
    0xB5, 0x9F, 0xD1, 0xC1, 0xB4, 0x33, 0x26, 0x98, 0x37, 0xA6, 0xE4, 0x4F, 0x47, 0x4C, 0xAB, 0xFF,
    0x25, 0x52, 0xB7, 0xD5, 0xFB, 0x9B, 0x3E, 0x5D, 0xB7, 0x59, 0xD4, 0x6F, 0x07, 0x1C, 0xE5, 0xE3,
    0x64, 0x21, 0x3D, 0x87, 0x20, 0x81, 0x5D, 0xF6, 0x38, 0x0B, 0x05, 0x80, 0xCD, 0x5C, 0x5D, 0x20,
    0xA4, 0xB4, 0xA0, 0xFA, 0xFD, 0x87, 0xDE, 0x73, 0xBD, 0xA5, 0xBB, 0xD1, 0x4A, 0xA4, 0xC5, 0x5E,
    0x74, 0x91, 0xCE, 0x57, 0x63, 0x31, 0x5F, 0x2E, 0xF9, 0xCF, 0x55, 0xDC, 0x30, 0x3D, 0x9C, 0x99,
    0xB0, 0x61, 0xDB, 0x0D, 0xE7, 0x61, 0x71, 0xC0, 0x9C, 0x69, 0xA0, 0x98, 0xCF, 0xA1, 0x9C, 0x32,
    0x67, 0xA0, 0xC6, 0x44, 0xDC, 0xD0, 0xC3, 0x86, 0x09, 0xBB, 0xCB, 0xCB, 0xBF, 0x06, 0x1B, 0xCA,
    0x19, 0x73, 0xF1, 0xE4, 0x4E, 0x38, 0xDC, 0xBC, 0x13, 0xCE, 0x51, 0x6D, 0xA2, 0x01, 0x98, 0x81,
    0x72, 0xCC, 0xC1, 0x3F, 0x89, 0x99, 0xD5, 0x02, 0x18, 0x01, 0xDC, 0x03, 0x0F, 0x8B, 0x09, 0xA8,
    0x51, 0x0D, 0x54, 0xA1, 0x88, 0x14, 0xE0, 0x3F, 0x59, 0x71, 0x3F, 0x0F, 0x94, 0x12, 0x5E, 0xA6,
    0x92, 0x75, 0x42, 0xBD, 0x2A, 0x23, 0x60, 0x5B, 0xF6, 0xED, 0x13, 0x15, 0xB7, 0x5C, 0xF4, 0x88,
    0x9A, 0x4D, 0x64, 0xCF, 0x27, 0x2F, 0x24, 0x40, 0xD1, 0xC3, 0xA0, 0x46, 0xAA, 0x91, 0x99, 0xBA,
    0xA7, 0xA1, 0xF3, 0xD4, 0x3F, 0x9C, 0x41, 0xFF, 0x26, 0x82, 0x92, 0x16, 0x8A, 0x95, 0x94, 0x14,
    0xB0, 0xBF, 0x09, 0xD0, 0xE9, 0x01, 0x35, 0x95, 0x23, 0x66, 0x60, 0xC1, 0x79, 0x1C, 0xDF, 0x84,
    0xAF, 0xC0, 0xBE, 0x7D, 0x35, 0x3F, 0x0F, 0x9C, 0xA1, 0x91, 0x8B, 0x31, 0x3F, 0x0F, 0x1C, 0xD2,
    0x0E, 0x9A, 0x90, 0xF6, 0xE0, 0x02, 0xCE, 0xD3, 0x05, 0x1A, 0x0A, 0x09, 0x2C, 0xA8, 0x0F, 0x7A,
    0x66, 0xCC, 0x77, 0xFA, 0x72, 0xE2, 0x8E, 0xE9, 0xD5, 0xC8, 0x51, 0x36, 0x9A, 0xA0, 0xA2, 0xEA,
    0xD3, 0x13, 0x4C, 0xDD, 0xD6, 0x41, 0x47, 0x8B, 0x6D, 0xF5, 0x70, 0x84, 0x6B, 0x75, 0x3F, 0xE2,
    0xBC, 0x7E, 0x7F, 0xA0, 0x41, 0x7F, 0x10, 0x38, 0xDF, 0xD2, 0xC2, 0x4C, 0xB5, 0x50, 0x4E, 0xA8,
    0x09, 0x9D, 0xC6, 0x1C, 0x1B, 0x30, 0xDB, 0xCE, 0x3D, 0xB6, 0x93, 0x19, 0x76, 0x5B, 0x28, 0xF8,
    0xDC, 0x55, 0xE5, 0xD9, 0x9A, 0x6C, 0xCB, 0xFE, 0x6C, 0xA2, 0xB3, 0xAA, 0x67, 0x3F, 0xDB, 0xE0,
    0xB9, 0xD1, 0x8A, 0x6B, 0x73, 0x7B, 0x39, 0x72, 0x39, 0x9F, 0xEF, 0xB2, 0x67, 0xD9, 0x85, 0x6A,
    0x80, 0x19, 0xFD, 0xC4, 0x9E, 0x62, 0xC6, 0x84, 0x94, 0x2D, 0x39, 0x26, 0xF3, 0xC3, 0x85, 0xA4,
    0xCD, 0xE6, 0xC7, 0x69, 0x38, 0xD0, 0x4F, 0xEC, 0x93, 0x26, 0x5C, 0xDA, 0xE4, 0x88, 0x0E, 0x9C,
    0x4F, 0xBD, 0x21, 0x1D, 0xD0, 0x05, 0xCC, 0xDA, 0x4D, 0x50, 0x89, 0x0C, 0xC0, 0xBD, 0x95, 0x6B,
    0xCD, 0xB4, 0x49, 0x1B, 0x92, 0x2E, 0xC1, 0x7C, 0xED, 0xAA, 0xF3, 0x05, 0xAC, 0x4B, 0x2D, 0x49,
    0x23, 0x49, 0xF7, 0xA0, 0x05, 0x56, 0x13, 0x52, 0x41, 0xA9, 0x98, 0xAA, 0x2F, 0x22, 0x14, 0xE0,
    0x5F, 0x9C, 0x8A, 0xF2, 0x1C, 0x41, 0x39, 0xEB, 0x08, 0x6A, 0x36, 0x7B, 0x81, 0x17, 0xEA, 0xFD,
    0xF6, 0x72, 0xF6, 0x30, 0x7B, 0x7E, 0x95, 0x97, 0x9C, 0x6B, 0x7F, 0xCD, 0xE6, 0x9F, 0xB5, 0x58,
    0xDA, 0x00, 0x75, 0x70, 0x80, 0xF3, 0xB6, 0x85, 0x35, 0xA7, 0x9D, 0x31, 0x3D, 0x55, 0x4C, 0xDD,
    0xF4, 0xE4, 0xC0, 0xA9, 0x90, 0x06, 0x98, 0x59, 0x80, 0x45, 0x8D, 0xC0, 0x4E, 0x0F, 0xFB, 0x05,
    0x16, 0xDB, 0x78, 0x52, 0x38, 0x92, 0x73, 0xB2, 0xFA, 0xFF, 0x5F, 0x3C, 0xDE, 0x64, 0x97, 0x38,
    0x4B, 0x74, 0x22, 0x2D, 0x22, 0x12, 0x59, 0x4F, 0xDE, 0x9E, 0x53, 0xAD, 0x6B, 0x31, 0x41, 0x53,
    0x8E, 0xE0, 0x54, 0x26, 0x42, 0x93, 0x49, 0x01, 0xD6, 0x6A, 0xA0, 0x98, 0x75, 0x4F, 0x35, 0x99,
    0x47, 0x27, 0x5D, 0x34, 0x22, 0xD2, 0x6E, 0x4C, 0xD4, 0xE1, 0x6A, 0xCF, 0xD6, 0xFF, 0xFE, 0xE2,
    0x0A, 0xD8, 0x8F, 0xA0, 0x14, 0x09, 0x69, 0xC5, 0x66, 0xC0, 0x06, 0x15, 0x69, 0x28, 0x26, 0x16,
    0x98, 0x98, 0x37, 0x8A, 0x89, 0x62, 0x6A, 0x46, 0xBA, 0xA9, 0x1B, 0x2B, 0x19, 0xBF, 0x1F, 0xED,
    0xC5, 0x9B, 0x2A, 0xBA, 0x96, 0x2A, 0x9E, 0xA7, 0xBA, 0x4F, 0x53, 0xD9, 0x1B, 0xA6, 0xDF, 0x6D,
    0x04, 0xD7, 0x6F, 0xE8, 0x35, 0x5F, 0x4D, 0xF6, 0x75, 0xFA, 0x2B, 0xEB, 0x29, 0x26, 0x0B, 0x4C,
    0x2E, 0x53, 0x50, 0x4C, 0x87, 0xA6, 0xAD, 0xE2, 0xCE, 0x5C, 0x74, 0xC3, 0x99, 0xDA, 0x92, 0x9E,
    0x72, 0x6F, 0xE2, 0xB2, 0xBD, 0xBB, 0xBF, 0x79, 0x9D, 0x13, 0x47, 0xFB, 0xE3, 0x6E, 0x13, 0x9F,
    0xE1, 0x7A, 0xD3, 0x6B, 0x31, 0xD2, 0xC8, 0xBF, 0x8E, 0x85, 0x3C, 0xFA, 0x6D, 0xAC, 0x26, 0xBE,
    0x11, 0x4D, 0x8F, 0x89, 0x69, 0xBF, 0x83, 0x83, 0xAA, 0xDF, 0xD0, 0x4F, 0x82, 0x9D, 0x27, 0xCE,
    0x12, 0x33, 0xD4, 0xED, 0x86, 0xF5, 0x1B, 0xCE, 0x2F, 0xD0, 0x71, 0x4E, 0x29, 0x38, 0xAF, 0x1B,
    0xEC, 0xC5, 0xD9, 0x0E, 0x23, 0xE3, 0x8E, 0x42, 0xDA, 0x33, 0xAE, 0xDA, 0xEB, 0x89, 0x05, 0x28,
    0xA7, 0xAB, 0xC3, 0x6D, 0xC2, 0x55, 0xAA, 0x2F, 0x3D, 0xFF, 0x54, 0x6E, 0x00, 0xBA, 0x08, 0xE5,
    0x3A, 0x5F, 0x9E, 0x8B, 0xF3, 0x69, 0xF8, 0x2E, 0xC6, 0x73, 0x8B, 0xE7, 0x1E, 0xA8, 0xB8, 0x0F,
    0xD4, 0x4B, 0x01, 0x4E, 0x3E, 0x0C, 0xFC, 0x59, 0x2D, 0x2D, 0x14, 0x0B, 0xF0, 0xFC, 0xB3, 0xD4,
    0x43, 0xD3, 0x52, 0xF7, 0x9D, 0xC7, 0x26, 0x5C, 0x90, 0x8F, 0x25, 0x06, 0x5F, 0xBC, 0x0F, 0x74,
    0x23, 0x94, 0xF1, 0x08, 0x54, 0xB8, 0x7B, 0x49, 0x15, 0x0E, 0xD2, 0xAB, 0xF7, 0xA0, 0x94, 0x08,
    0x34, 0xFE, 0x79, 0x47, 0xB3, 0x63, 0xB1, 0x82, 0xAC, 0x5A, 0x7A, 0xB5, 0x76, 0xF6, 0xC3, 0x68,
    0x82, 0x39, 0x2D, 0x62, 0x85, 0x8E, 0x8C, 0x50, 0x0D, 0x45, 0x04, 0x1D, 0xCA, 0x4D, 0x13, 0xEA,
    0x81, 0xCF, 0x3E, 0xF8, 0x50, 0xDA, 0x52, 0x44, 0x16, 0xEA, 0xCD, 0xFB, 0xB8, 0xB6, 0xF6, 0x70,
    0x86, 0x05, 0xE6, 0xEC, 0x84, 0xA3, 0xDC, 0xBC, 0xE7, 0xB7, 0x30, 0xC5, 0x07, 0xC1, 0xFA, 0xE6,
    0xC1, 0xCF, 0x2F, 0x56, 0x9C, 0x94, 0x32, 0xA1, 0x27, 0x9A, 0xFB, 0x50, 0x74, 0x03, 0xD4, 0xB2,
    0x40, 0xF3, 0x48, 0x7C, 0xB1, 0x50, 0x07, 0x15, 0xD1, 0xBD, 0x1E, 0x28, 0x31, 0xFB, 0xA9, 0xCA,
    0xF9, 0x3D, 0x3C, 0xCD, 0xA7, 0x12, 0x26, 0x6C, 0xE4, 0x27, 0xDB, 0x2B, 0x66, 0xAC, 0x66, 0x94,
    0x48, 0x84, 0x4E, 0x5A, 0xA8, 0x1E, 0xB2, 0xD1, 0x02, 0xFA, 0xAD, 0xFD, 0xE9, 0xC2, 0x02, 0xAF,
    0x38, 0xA0, 0x5B, 0x00, 0xFB, 0x90, 0xAB, 0x76, 0x27, 0xE1, 0x12, 0x96, 0x1B, 0x77, 0x82, 0x55,
    0x42, 0xB5, 0xEC, 0x5B, 0x4A, 0x3F, 0x82, 0x11, 0xF1, 0x5B, 0xFA, 0x2E, 0x14, 0x0B, 0x66, 0x50,
    0x11, 0x15, 0x4D, 0x48, 0xB4, 0xE8, 0xC1, 0x7A, 0x6C, 0xEF, 0xF8, 0xAC, 0xB4, 0x79, 0xF1, 0xDF,
    0xE5, 0xA1, 0xFA, 0xC9, 0x77, 0xD9, 0xA7, 0x2F, 0x12, 0x3A, 0xD8, 0x16, 0xDB, 0xD6, 0x3D, 0x82,
    0x5E, 0x1F, 0xCC, 0x94, 0x22, 0x03, 0xD8, 0x95, 0x7D, 0xFB, 0x4C, 0xC2, 0xDD, 0xBC, 0xCD, 0x8B,
    0x40, 0xD5, 0x03, 0xA5, 0x7F, 0xEE, 0xA9, 0xF4, 0x0C, 0xD4, 0x2B, 0xD0, 0xE4, 0x7B, 0x82, 0x3C,
    0xB3, 0xEB, 0x1E, 0xDD, 0x96, 0x03, 0x05, 0xF8, 0xE7, 0x1B, 0x68, 0x7F, 0xC7, 0x33, 0xE4, 0x87,
    0x59, 0x97, 0x4F, 0xB1, 0xE0, 0x63, 0x39, 0x5A, 0xB7, 0xC3, 0xD5, 0x81, 0x51, 0x11, 0x28, 0x13,
    0x8C, 0x89, 0xF7, 0x12, 0xAF, 0x73, 0xAD, 0x75, 0x32, 0x82, 0x48, 0x84, 0xBF, 0x7B, 0x7B, 0x03,
    0x95, 0xA8, 0x06, 0x40, 0xF7, 0x89, 0x00, 0x98, 0x3D, 0xD7, 0x9F, 0xAD, 0x97, 0xE0, 0x30, 0x61,
    0xA3, 0xF1, 0x1C, 0x16, 0x0B, 0xEC, 0xF4, 0x08, 0x67, 0x2E, 0x40, 0x27, 0x40, 0x33, 0x01, 0xD7,
    0x86, 0xA1, 0xDC, 0x27, 0x32, 0x3D, 0x60, 0x5B, 0xE0, 0x10, 0x60, 0x4E, 0xFC, 0xE0, 0xF9, 0xA7,
    0x12, 0x0F, 0x4A, 0x02, 0x98, 0x0F, 0x07, 0xB0, 0x3F, 0x8A, 0x70, 0xC6, 0x0C, 0x23, 0x07, 0x00,
    0x2F, 0x3F, 0xEF, 0x40, 0xCD, 0xB7, 0x97, 0xCB, 0x75, 0x43, 0x51, 0xF3, 0x25, 0xF0, 0x71, 0x1C,
    0x2D, 0x4F, 0x35, 0x97, 0x3D, 0x74, 0xDF, 0xDB, 0xA8, 0x57, 0xC0, 0x4C, 0x40, 0x33, 0x83, 0x9A,
    0x76, 0x50, 0xF4, 0xEE, 0x6A, 0x72, 0xFA, 0x5B, 0x1D, 0xA8, 0xE5, 0xFD, 0x9E, 0x4E, 0x1E, 0x0F,
    0xE5, 0xCA, 0x2E, 0xEA, 0x88, 0x79, 0xF2, 0xA6, 0xB6, 0xED, 0x86, 0x63, 0xA3, 0x49, 0x9C, 0xEF,
    0x39, 0x4B, 0xA9, 0x37, 0x74, 0xBF, 0x61, 0xC2, 0x71, 0xCA, 0xEA, 0xC0, 0x61, 0xF3, 0xE7, 0x62,
    0x7D, 0x70, 0xF3, 0x3B, 0x17, 0xAF, 0x01, 0x7A, 0xC5, 0x53, 0xCB, 0xEF, 0x7A, 0x3E, 0xAD, 0xA5,
    0x07, 0xCE, 0x79, 0xAA, 0x95, 0x63, 0x3D, 0xA1, 0x62, 0x27, 0xA8, 0xFF, 0xBA, 0x90, 0x56, 0x3D,
    0xF6, 0x75, 0xA8, 0x7E, 0x8D, 0xE9, 0xAB, 0x09, 0xDD, 0xEB, 0xB8, 0x61, 0xFA, 0x44, 0x40, 0x87,
    0x0D, 0x13, 0xEA, 0xF6, 0x92, 0xD6, 0x7A, 0xEA, 0xD6, 0x82, 0xF5, 0x6E, 0x83, 0x9C, 0xE5, 0x30,
    0xB1, 0x83, 0x43, 0xCE, 0x60, 0xC7, 0x29, 0x69, 0x0B, 0x00, 0x7F, 0x9F, 0x38, 0x7E, 0x6A, 0xA6,
    0xF6, 0x80, 0x6E, 0x01, 0xE5, 0x6F, 0xC4, 0xCA, 0x1F, 0x4E, 0x59, 0x40, 0x1E, 0x89, 0x57, 0x33,
    0x75, 0xC8, 0x59, 0x6E, 0x8E, 0xD0, 0xCD, 0x61, 0xAA, 0xAE, 0x8D, 0xD0, 0xF1, 0xCD, 0x45, 0x8D,
    0x67, 0x8C, 0xD0, 0xBE, 0x7D, 0x33, 0xE1, 0x6E, 0x5C, 0x18, 0xAA, 0xFD, 0x85, 0x61, 0xC5, 0x73,
    0x4F, 0x65, 0x46, 0xC0, 0xCD, 0xC0, 0x9A, 0x97, 0x6B, 0x1C, 0xE4, 0x3D, 0x18, 0xAF, 0x02, 0x50,
    0x3C, 0xF7, 0x40, 0xAF, 0x5D, 0x7D, 0x71, 0xC2, 0xC8, 0xEF, 0x06, 0x5E, 0xAA, 0xA4, 0x07, 0x3A,
    0x0F, 0xF0, 0xBC, 0xB3, 0xE4, 0x6F, 0x3B, 0xE4, 0xD3, 0x84, 0x89, 0x2E, 0x64, 0x3E, 0x8E, 0x18,
    0xB8, 0x70, 0x45, 0xD3, 0x26, 0x3C, 0xCF, 0x6A, 0xE9, 0x3B, 0xB7, 0x6F, 0x39, 0x11, 0x19, 0x9B,
    0x04, 0xCF, 0x6A, 0xD5, 0x04, 0xE8, 0x11, 0x30, 0xF1, 0x0A, 0x80, 0x16, 0xEC, 0x52, 0x46, 0x4A,
    0x91, 0x0F, 0x42, 0x0A, 0x20, 0x1E, 0x97, 0xEF, 0xAC, 0x3B, 0x92, 0x33, 0x7A, 0xA5, 0x9C, 0xB0,
    0x0E, 0x15, 0x39, 0x4D, 0x96, 0xD1, 0x51, 0x45, 0x1D, 0x1C, 0x7A, 0xA8, 0x69, 0xD0, 0xFD, 0x11,
    0x3B, 0xF4, 0x2F, 0x22, 0x67, 0x54, 0xBF, 0x0C, 0xCC, 0x54, 0x42, 0x39, 0xA1, 0x16, 0xAA, 0x88,
    0x9A, 0x49, 0x63, 0x99, 0x06, 0x09, 0x7B, 0x4F, 0x16, 0x38, 0xCA, 0x8B, 0x5E, 0x5F, 0x83, 0x7D,
    0x2B, 0xDE, 0xD9, 0xAF, 0x03, 0x4D, 0x89, 0xD3, 0xC4, 0xDD, 0xC4, 0x61, 0xE2, 0xCB, 0x5C, 0x6B,
    0x26, 0x5C, 0xBE, 0x4D, 0xAF, 0xCF, 0x12, 0x79, 0x82, 0xD8, 0xC8, 0x13, 0x44, 0xC2, 0x91, 0xD9,
    0x25, 0x8E, 0x61, 0xC7, 0x19, 0x9C, 0x73, 0x0A, 0x0B, 0x33, 0xC5, 0xCC, 0x9C, 0x72, 0x2D, 0x98,
    0x99, 0x8E, 0xBB, 0x13, 0xEE, 0xC3, 0x8F, 0x26, 0x6A, 0xF9, 0xF7, 0x91, 0xDB, 0xEB, 0xAB, 0x91,
    0xAB, 0x96, 0x62, 0x15, 0x33, 0xA0, 0x46, 0x40, 0xF7, 0xFB, 0x2B, 0x4E, 0x80, 0x2F, 0x3D, 0xFF,
    0x54, 0xAE, 0x07, 0x24, 0x82, 0xBA, 0x98, 0xC0, 0xF4, 0x33, 0x38, 0x7F, 0x08, 0x47, 0xD4, 0xF9,
    0x79, 0xF6, 0xF3, 0x0E, 0x94, 0x6F, 0x98, 0x6C, 0x10, 0x70, 0x7B, 0xE0, 0xE3, 0x3A, 0x5A, 0xDA,
    0x93, 0x77, 0x08, 0xCE, 0x03, 0xBB, 0x1B, 0x97, 0xC2, 0x45, 0xE0, 0x5A, 0x9B, 0xE1, 0x2C, 0x31,
    0x67, 0x8A, 0x29, 0x31, 0x52, 0x4C, 0xE5, 0xC6, 0xA8, 0x22, 0x65, 0x42, 0xC5, 0x27, 0x0C, 0x1B,
    0xD5, 0xC6, 0xA0, 0x7B, 0xAA, 0x7E, 0xC3, 0xA4, 0x8A, 0xEA, 0x60, 0x7A, 0x5C, 0xD0, 0x03, 0x0F,
    0x42, 0x15, 0xCB, 0x5F, 0xB5, 0x6A, 0x7D, 0xF0, 0xBD, 0xB6, 0x90, 0xC5, 0x7A, 0xEC, 0x60, 0x01,
    0xDC, 0xFE, 0x1D, 0x7C, 0x06, 0xA9, 0x8E, 0xBB, 0x54, 0x23, 0xDD, 0xA3, 0x6E, 0xC0, 0x8A, 0x78,
    0x4A, 0xC9, 0x37, 0x1F, 0xFD, 0xB5, 0xC5, 0xA0, 0x70, 0xDD, 0x67, 0x7F, 0x3B, 0xDA, 0x15, 0xD2,
    0x6E, 0x1A, 0x19, 0x37, 0xDD, 0xDB, 0x33, 0xEC, 0xDE, 0x65, 0xDD, 0x0C, 0x38, 0xE8, 0x72, 0xF5,
    0xE7, 0x60, 0x3D, 0xF3, 0x35, 0x27, 0x70, 0x14, 0x63, 0xB2, 0x7C, 0xE2, 0x53, 0x0B, 0x76, 0x33,
    0x6A, 0x4C, 0xBD, 0xFA, 0x35, 0x75, 0x44, 0xFF, 0xEA, 0x91, 0x04, 0xF4, 0xCF, 0x44, 0x52, 0x90,
    0xE6, 0xE1, 0x3E, 0xD4, 0xFF, 0xE2, 0xCB, 0xDA, 0x87, 0x59, 0x8A, 0xB5, 0x9A, 0xF2, 0x8A, 0x62,
    0x5E, 0x50, 0xDC, 0xAF, 0x24, 0x7E, 0x42, 0x0F, 0xC3, 0x7F, 0x03, 0xD5, 0x9C, 0x31, 0x90, 0xE4,
    0xC6, 0x79, 0xA8, 0xBF, 0x06, 0x4E, 0xC2, 0x2B, 0xA2, 0x9E, 0x70, 0x81, 0x4A, 0x55, 0x2A, 0xBE,
    0x2A, 0xBC, 0xD0, 0x45, 0x4B, 0xEC, 0xC4, 0x81, 0x02, 0xDE, 0x00, 0xA4, 0x02, 0x05, 0x4E, 0xE8,
    0x2A, 0x33, 0x56, 0x2E, 0x97, 0x4B, 0x0E, 0x1C, 0x28, 0xB8, 0x1D, 0x40, 0x52, 0xA0, 0xD0, 0x17,
    0x38, 0x17, 0x03, 0x06, 0xE6, 0x30, 0xD8, 0xC4, 0x01, 0x83, 0x9D, 0x41, 0x53, 0xCE, 0xAB, 0x60,
    0x39, 0x70, 0x66, 0x42, 0x16, 0x03, 0xFB, 0xAE, 0x54, 0x07, 0xE9, 0x60, 0x1F, 0xB8, 0x04, 0xD0,
    0x9E, 0xFF, 0xAF, 0x19, 0xD4, 0xCC, 0xCE, 0x4A, 0x27, 0xF2, 0xE8, 0xBD, 0xDB, 0xD6, 0xF2, 0xDB,
    0x1B, 0x55, 0xED, 0xE0, 0xEF, 0xAF, 0x7B, 0xA6, 0xBB, 0xFF, 0x6E, 0x00, 0x82, 0xD5, 0xAA, 0x84,
    0xD0, 0x7B, 0x07, 0x91, 0xF2, 0x19, 0x25, 0x73, 0xC2, 0xAA, 0x16, 0xFA, 0x06, 0x08, 0x9E, 0x08,
    0xC3, 0x5F, 0xB7, 0x40, 0xFC, 0x4F, 0xC2, 0xE4, 0xA7, 0x42, 0xFB, 0x96, 0x30, 0x0B, 0x3A, 0xE0,
    0xCC, 0x08, 0x07, 0xD3, 0x83, 0xE9, 0x19, 0x20, 0x6C, 0x85, 0x51, 0x23, 0x4C, 0x9C, 0x30, 0x75,
    0xAC, 0x21, 0xF3, 0x7E, 0x84, 0xC2, 0xFB, 0x09, 0xA6, 0xD5, 0x6A, 0x83, 0x19, 0x20, 0x23, 0xE8,
    0x85, 0x61, 0x2B, 0x8C, 0x9B, 0x2D, 0xF3, 0xC4, 0x81, 0xCD, 0x6D, 0xB9, 0x65, 0x99, 0x01, 0x69,
    0xC9, 0x2B, 0xAB, 0x15, 0xA4, 0xDE, 0x2B, 0xB8, 0xB6, 0xC4, 0x93, 0xE9, 0x28, 0xFC, 0x2F, 0x3B,
    0xE3, 0x1F, 0x3E, 0x69, 0xA3, 0x9E, 0x3F, 0x6D, 0x93, 0x9A, 0xA4, 0x4D, 0x4B, 0xA2, 0x26, 0x83,
    0xA8, 0xDE, 0x22, 0xAE, 0x97, 0x12, 0xD4, 0x46, 0xB0, 0x16, 0x48, 0x74, 0xE5, 0x16, 0x36, 0x97,
    0x60, 0xF2, 0x11, 0x2A, 0x36, 0x04, 0x9E, 0x2C, 0x8F, 0x0B, 0xEC, 0xE5, 0x7A, 0x49, 0xE2, 0xBB,
    0x25, 0xC6, 0x97, 0x6B, 0xC0, 0xC0, 0xDB, 0x10, 0x97, 0xA6, 0x85, 0xC8, 0x45, 0x0D, 0x84, 0x8D,
    0x84, 0x1B, 0x4C, 0x55, 0x0E, 0x48, 0xD5, 0xC0, 0x7E, 0x72, 0xDB, 0xF4, 0xDE, 0xC1, 0xC0, 0xEB,
    0x44, 0x8E, 0x54, 0x5E, 0x26, 0xA5, 0xA8, 0xBA, 0x1C, 0x21, 0xF4, 0x1D, 0x50, 0x3D, 0x78, 0x31,
    0xB6, 0x5F, 0x62, 0x63, 0x42, 0x01, 0x1F, 0x0A, 0xC2, 0x5A, 0x98, 0x94, 0xCA, 0x5C, 0xF9, 0x38,
    0x17, 0x7A, 0x07, 0x04, 0xD3, 0xFF, 0xAE, 0xAF, 0x33, 0xF1, 0x75, 0x1F, 0x30, 0xED, 0x3E, 0x8A,
    0x05, 0xC0, 0x7D, 0xC1, 0x20, 0xD8, 0x5C, 0x00, 0xC5, 0x08, 0xA4, 0x0D, 0x80, 0x11, 0x84, 0x0D,
    0x10, 0xB7, 0xA8, 0x0E, 0xC8, 0x00, 0xD4, 0x7A, 0x27, 0xB8, 0xCB, 0x61, 0xB1, 0x13, 0x04, 0xDE,
    0xD7, 0x24, 0xD3, 0x79, 0x47, 0xE6, 0x82, 0x81, 0x0D, 0x8C, 0x22, 0x6C, 0x19, 0x76, 0x70, 0x37,
    0x6A, 0x41, 0x6D, 0x21, 0xB2, 0x48, 0x67, 0x88, 0x35, 0xB2, 0x7C, 0x06, 0x57, 0x61, 0x04, 0x61,
    0x63, 0x73, 0x92, 0x3A, 0x75, 0x58, 0x97, 0xB4, 0x54, 0x44, 0xFE, 0x83, 0x11, 0xE3, 0x7D, 0x0B,
    0xAF, 0x4E, 0x39, 0xFB, 0xF2, 0x2D, 0x41, 0x21, 0x18, 0x01, 0x6D, 0xEE, 0xA8, 0xD9, 0x57, 0x3A,
    0xE2, 0xB0, 0x98, 0xAA, 0x81, 0xD4, 0x4F, 0x50, 0x3D, 0xF4, 0xB9, 0x19, 0x49, 0x5D, 0xD8, 0x12,
    0xD5, 0x49, 0x8D, 0x21, 0xB9, 0x12, 0x1A, 0xD7, 0x22, 0xCE, 0xB7, 0x48, 0x4B, 0x9B, 0x53, 0x90,
    0xD4, 0xC1, 0x48, 0x24, 0xB5, 0x0F, 0xF4, 0xAB, 0xD4, 0x7E, 0x0A, 0x80, 0xCF, 0x21, 0x94, 0xD7,
    0xC9, 0xA3, 0x06, 0xB2, 0xEF, 0xB6, 0x30, 0xD2, 0x63, 0x5A, 0xB1, 0x9F, 0x73, 0xF7, 0xE5, 0x92,
    0x98, 0x74, 0x40, 0x36, 0x00, 0xD3, 0x06, 0xC2, 0x2E, 0x83, 0xA4, 0x4E, 0x4A, 0x52, 0x22, 0xA7,
    0x5F, 0x02, 0x37, 0xEF, 0x0F, 0x30, 0x13, 0x10, 0x8C, 0x7B, 0x00, 0x2F, 0x99, 0xB5, 0x16, 0x48,
    0x1B, 0x41, 0x0D, 0x58, 0x01, 0xDC, 0xB8, 0xAB, 0xBB, 0xDC, 0x01, 0x3E, 0xE4, 0x75, 0x60, 0xC9,
    0x08, 0xD8, 0xEF, 0x76, 0x40, 0xF2, 0x71, 0x0D, 0xC4, 0x3E, 0x07, 0x42, 0x15, 0x78, 0xBD, 0x44,
    0xD4, 0x22, 0xAA, 0x11, 0xF5, 0xA8, 0x22, 0x51, 0x93, 0xA8, 0x4A, 0xD4, 0xA5, 0xCA, 0xDC, 0xD9,
    0x24, 0x3D, 0xA0, 0x56, 0x42, 0x6B, 0x31, 0x93, 0x6B, 0x68, 0x40, 0xBD, 0xA2, 0x62, 0x51, 0xB3,
    0xA8, 0x5A, 0xD4, 0x2D, 0x2A, 0x77, 0x6F, 0xD7, 0x40, 0x4E, 0x5C, 0x06, 0x0D, 0x51, 0x93, 0xD4,
    0x04, 0x9D, 0xBC, 0xF3, 0x38, 0x02, 0x95, 0xF6, 0xD6, 0xE6, 0x85, 0xD8, 0xD6, 0xA8, 0x92, 0x3C,
    0xAC, 0x89, 0x5D, 0xE2, 0x08, 0xDB, 0x02, 0xCC, 0x38, 0x00, 0x1A, 0x7A, 0xE6, 0xB8, 0x5A, 0x2A,
    0xFF, 0x09, 0x78, 0xEF, 0x65, 0x2C, 0xF1, 0x8E, 0x81, 0xA4, 0x35, 0x03, 0x61, 0x67, 0x7A, 0xCC,
    0x10, 0x74, 0x30, 0x84, 0x8A, 0x76, 0x8F, 0x48, 0xD1, 0x6C, 0x11, 0xD7, 0x98, 0x21, 0x51, 0x38,
    0x82, 0x5E, 0xAE, 0xD7, 0xA7, 0x5B, 0x74, 0xB6, 0x24, 0x6A, 0x6D, 0x4E, 0xDC, 0xE8, 0x27, 0x75,
    0x0B, 0xEB, 0xB6, 0xA8, 0x58, 0x12, 0x8C, 0x54, 0xAB, 0xAA, 0xA3, 0x92, 0x98, 0xBD, 0xFF, 0x14,
    0x2D, 0x8B, 0xB8, 0x05, 0x58, 0x26, 0x6A, 0x6D, 0xAD, 0x32, 0xB8, 0xD0, 0x5F, 0x0C, 0x69, 0xAE,
    0xBF, 0xAC, 0x90, 0x7E, 0x21, 0x34, 0x3D, 0x10, 0x4D, 0x81, 0x9A, 0xF6, 0xBF, 0x6C, 0x01, 0x19,
    0x9F, 0x20, 0x1C, 0xB6, 0x23, 0x94, 0x0E, 0x0F, 0x49, 0x83, 0x48, 0x8D, 0xC5, 0x79, 0x49, 0x5C,
    0x8B, 0x58, 0xB5, 0x9C, 0x71, 0xF8, 0x6B, 0x09, 0x69, 0x39, 0xFF, 0x3A, 0x43, 0xF5, 0x2F, 0x21,
    0x43, 0x7F, 0x79, 0xF5, 0x1E, 0x54, 0x40, 0x56, 0xC6, 0x4B, 0x20, 0x95, 0xD1, 0x0B, 0x62, 0xDF,
    0xAD, 0xB5, 0x4D, 0xCB, 0x0B, 0x00, 0xAB, 0x35, 0xC9, 0xB4, 0x21, 0xB2, 0x55, 0xD5, 0xEA, 0x50,
    0xAC, 0x1D, 0x94, 0x51, 0x59, 0xA0, 0x43, 0x37, 0x0C, 0x57, 0xA8, 0x75, 0xC9, 0xC4, 0x87, 0x72,
    0xA2, 0xE0, 0xAF, 0x2E, 0xDF, 0xDF, 0x52, 0x64, 0x6F, 0x94, 0x13, 0xE2, 0x7C, 0x94, 0xBA, 0x98,
    0x41, 0xAA, 0x12, 0xF4, 0x24, 0x35, 0x61, 0xA7, 0x15, 0x6C, 0x85, 0xD6, 0x91, 0x3A, 0xAA, 0x1C,
    0xFB, 0xF0, 0x7C, 0x04, 0xAB, 0x3D, 0x35, 0xF3, 0xFB, 0x21, 0x28, 0x53, 0x2E, 0xD1, 0x09, 0x75,
    0xAB, 0x6C, 0xC0, 0xBC, 0x33, 0xE6, 0xF3, 0x58, 0x4B, 0xBF, 0x17, 0xAB, 0x63, 0xBE, 0x0E, 0xFA,
    0x18, 0xB5, 0xAA, 0xC3, 0x3E, 0x3A, 0xEE, 0xA3, 0x03, 0x3F, 0x3A, 0xF2, 0x0B, 0xE3, 0x1A, 0x1D,
    0xFB, 0xD9, 0x28, 0xD7, 0x4A, 0x1D, 0xFE, 0x85, 0x36, 0x17, 0x66, 0x39, 0x3A, 0x03, 0xD0, 0x29,
    0x00, 0x3A, 0x07, 0x00, 0x7B, 0xB9, 0x59, 0x40, 0xE2, 0xFB, 0x25, 0x18, 0xFF, 0x40, 0x5C, 0xF2,
    0xDA, 0xEA, 0x7D, 0x95, 0x38, 0x2A, 0x07, 0x9E, 0x51, 0x32, 0x2F, 0xBA, 0x95, 0x14, 0xAB, 0xD5,
    0x2A, 0xD7, 0x0A, 0xC2, 0x5A, 0x39, 0x2A, 0x87, 0x99, 0x18, 0xA5, 0xE9, 0xD9, 0x8F, 0xC0, 0x84,
    0x97, 0xAB, 0xD5, 0x7B, 0x84, 0xDE, 0xFB, 0x5E, 0xD9, 0x49, 0xD5, 0x40, 0xA9, 0x55, 0x03, 0x12,
    0x65, 0xE2, 0x4E, 0xBE, 0x59, 0x4A, 0xD0, 0x0A, 0x02, 0xD9, 0xF6, 0xE2, 0xE5, 0x51, 0x38, 0x98,
    0xD5, 0xEA, 0x81, 0xBC, 0x67, 0xAD, 0xE0, 0xBA, 0x62, 0xAA, 0x4E, 0x04, 0xF8, 0x9C, 0xE2, 0x61,
    0xE5, 0xCC, 0x48, 0xD2, 0x84, 0x2D, 0x61, 0x9B, 0x38, 0x41, 0x49, 0xDC, 0xD8, 0x1C, 0x5B, 0x67,
    0x7C, 0xC3, 0x97, 0x3A, 0xE5, 0xDB, 0xE2, 0x01, 0xD9, 0xFB, 0x6F, 0x5F, 0x19, 0x08, 0x62, 0x67,
    0x4B, 0x6C, 0x99, 0xD6, 0x78, 0xE2, 0xE9, 0x7C, 0x20, 0xD0, 0xC6, 0xB5, 0x13, 0xC0, 0xD7, 0xF9,
    0x0A, 0x70, 0x9F, 0x34, 0x87, 0x7B, 0x64, 0x40, 0xA6, 0x66, 0xD2, 0x47, 0xBD, 0x76, 0xE2, 0x06,
    0xD1, 0x9F, 0xDF, 0x3A, 0xBD, 0x39, 0x6F, 0x13, 0x39, 0x3A, 0xC2, 0x5A, 0xA5, 0x25, 0x35, 0x66,
    0xAA, 0x4A, 0xA8, 0x26, 0x20, 0xED, 0x5E, 0x8C, 0x6D, 0xAA, 0x5C, 0xE8, 0x39, 0xE2, 0x2D, 0x73,
    0x4B, 0xAC, 0xA3, 0x73, 0x7B, 0x84, 0x9B, 0x97, 0xF9, 0x52, 0x2B, 0x22, 0xCD, 0x85, 0xFD, 0xC9,
    0x22, 0xEA, 0x4D, 0xE5, 0xE3, 0xF2, 0x68, 0x11, 0x35, 0xFB, 0xE2, 0xAA, 0xAF, 0x5A, 0xE0, 0x74,
    0xB0, 0xD4, 0x71, 0xD2, 0x54, 0x2E, 0x5B, 0x55, 0x93, 0x5C, 0xA7, 0xDB, 0xE2, 0x3F, 0xAF, 0x0C,
    0xFF, 0x91, 0x8C, 0xFC, 0xA9, 0xF8, 0xAA, 0x66, 0x5F, 0x2D, 0x58, 0x5F, 0x02, 0xDF, 0x06, 0x68,
    0xF7, 0x01, 0x45, 0xDA, 0x92, 0x8A, 0xCF, 0x34, 0x8F, 0x52, 0x83, 0xD1, 0xE1, 0xE0, 0x0E, 0x00,
    0x6F, 0x90, 0x02, 0x99, 0x4A, 0x4D, 0x7E, 0x31, 0x00, 0xF1, 0x23, 0xFD, 0x63, 0x8D, 0xDA, 0xDC,
    0xC2, 0x6E, 0x9B, 0x73, 0x57, 0xAA, 0xDE, 0x11, 0xB4, 0x3A, 0x45, 0x91, 0xBF, 0xDA, 0x54, 0xFB,
    0x85, 0x43, 0xFA, 0x62, 0x7A, 0x31, 0xE1, 0xA8, 0x5D, 0x01, 0xC8, 0xCE, 0x4B, 0x98, 0x64, 0xA6,
    0xD4, 0x85, 0x0D, 0x51, 0x6D, 0x5A, 0x0C, 0xE4, 0x1C, 0x94, 0x1F, 0x7E, 0xBA, 0xCB, 0x78, 0xA5,
    0x97, 0xE7, 0x2D, 0x45, 0x19, 0xF6, 0x8C, 0x30, 0x04, 0x3D, 0x5C, 0x44, 0xAD, 0xBA, 0x11, 0x5C,
    0xB7, 0x52, 0xE0, 0x95, 0xD5, 0xBB, 0x05, 0xA9, 0x6F, 0x0B, 0xAC, 0x6F, 0x97, 0x10, 0x36, 0x1B,
    0x88, 0xEA, 0xCD, 0xBC, 0x3C, 0x2F, 0x04, 0x3A, 0x15, 0xCB, 0x4A, 0x8A, 0xD2, 0xD6, 0xC1, 0xE3,
    0x32, 0x99, 0xCE, 0x7F, 0x9E, 0x87, 0x7E, 0xB2, 0x50, 0x7C, 0x92, 0x9D, 0x86, 0x3B, 0x8A, 0x0B,
    0x0D, 0xD7, 0x9D, 0x86, 0x1B, 0xF8, 0xF2, 0x8C, 0x54, 0xE6, 0x41, 0xC5, 0xE5, 0xC5, 0x60, 0x26,
    0x5E, 0x19, 0xC2, 0x9E, 0x50, 0x26, 0x88, 0xA6, 0x4F, 0x6A, 0x4C, 0xA7, 0x95, 0x4D, 0x4B, 0x82,
    0xD6, 0x96, 0x84, 0xAD, 0xCD, 0xB7, 0xD0, 0x29, 0xB6, 0xCE, 0x1C, 0x74, 0x6E, 0x28, 0x8A, 0x9D,
    0x75, 0x14, 0x2E, 0x69, 0x82, 0x8F, 0xDD, 0xD6, 0xDF, 0xDF, 0x95, 0xDB, 0x80, 0xD2, 0x9C, 0x42,
    0xF4, 0x83, 0x55, 0xD5, 0x82, 0xA5, 0x60, 0xE0, 0x1E, 0x51, 0x4F, 0xF5, 0xB0, 0x6A, 0xB0, 0xD2,
    0x76, 0x46, 0xE6, 0xAF, 0x50, 0xF2, 0xFF, 0x09, 0x6B, 0x2E, 0x08, 0xDA, 0xA0, 0xC3, 0x74, 0xA2,
    0x6B, 0xAA, 0x1C, 0x64, 0x3E, 0x87, 0xB8, 0x47, 0xCB, 0xCB, 0x25, 0x3B, 0xFF, 0x7D, 0x31, 0x17,
    0xC7, 0x31, 0xBF, 0x9C, 0xC6, 0xC3, 0x01, 0x88, 0x7A, 0x41, 0xA7, 0xA3, 0xC6, 0x4B, 0xA7, 0xF8,
    0x28, 0x48, 0x45, 0xDC, 0xBD, 0xDC, 0x4E, 0x5F, 0xBC, 0xB0, 0xB9, 0x24, 0xAD, 0xA0, 0x39, 0xBE,
    0x12, 0xC0, 0x3D, 0xC1, 0x05, 0x5A, 0xD2, 0xAB, 0xD5, 0x02, 0x23, 0x08, 0x67, 0xD9, 0x2F, 0xA7,
    0x67, 0x7C, 0x39, 0x8F, 0x75, 0xF1, 0x67, 0x2D, 0x60, 0x7F, 0xD2, 0x01, 0x1B, 0xAD, 0x42, 0xA7,
    0x75, 0xBC, 0xCB, 0x95, 0x92, 0xA9, 0xF9, 0xA5, 0x72, 0x0D, 0xA9, 0xF2, 0x78, 0xA1, 0x63, 0x0E,
    0x56, 0x74, 0x41, 0x07, 0x05, 0x61, 0xB7, 0x5F, 0xC5, 0xAD, 0x75, 0xF4, 0x1B, 0xA5, 0x7D, 0xFD,
    0xB0, 0xA3, 0xAE, 0xA0, 0x49, 0x74, 0x45, 0xA7, 0xD5, 0x17, 0x86, 0x2D, 0xA9, 0x53, 0x96, 0x42,
    0x9B, 0xEB, 0x8A, 0x4B, 0x56, 0xD3, 0xA8, 0x89, 0x5D, 0x20, 0xC5, 0x41, 0x38, 0x64, 0x0D, 0xE0,
    0x5B, 0x08, 0xA6, 0x01, 0xE2, 0x66, 0xBD, 0xCB, 0xF9, 0xDE, 0x23, 0xC9, 0xB9, 0xC3, 0x5C, 0x16,
    0xB3, 0x9A, 0xF5, 0xDC, 0x8C, 0xC3, 0x8C, 0x1E, 0x34, 0x78, 0x69, 0x87, 0x9E, 0xA0, 0xAD, 0x3C,
    0xE1, 0xEF, 0x2E, 0x7D, 0x19, 0x3E, 0xCD, 0x53, 0x17, 0xFE, 0x86, 0xA4, 0x8E, 0x7A, 0xE2, 0x3A,
    0x6E, 0x05, 0xF5, 0x16, 0x89, 0xD3, 0x3C, 0x03, 0x89, 0x4B, 0xCA, 0x2D, 0x34, 0x07, 0xAF, 0x53,
    0x14, 0x2B, 0x4E, 0xB2, 0x2D, 0xD8, 0x22, 0x63, 0x21, 0x58, 0xC2, 0x82, 0x35, 0x2C, 0xB9, 0x80,
    0xF5, 0xA9, 0xCF, 0x92, 0x51, 0xA2, 0xB6, 0x5E, 0xD4, 0x58, 0xE5, 0x37, 0xC6, 0x77, 0xDE, 0x29,
    0xFE, 0x72, 0xF6, 0xC9, 0xF2, 0xC4, 0xE7, 0x70, 0xE2, 0xB3, 0xFF, 0x32, 0x7C, 0xCE, 0x9E, 0xBE,
    0xB2, 0x79, 0x27, 0x27, 0xD1, 0x8F, 0xA4, 0xF7, 0xE5, 0x0B, 0xF1, 0xC4, 0x57, 0x73, 0x80, 0xA2,
    0xBB, 0x03, 0x78, 0x7F, 0x0E, 0xBC, 0x5B, 0x4C, 0x00, 0x51, 0xF7, 0xAC, 0xD5, 0x71, 0xA1, 0x7C,
    0xED, 0x83, 0xCB, 0x55, 0x8E, 0x5A, 0x83, 0xA8, 0xFD, 0x22, 0x33, 0xAE, 0xD3, 0xBC, 0x59, 0xA1,
    0x7C, 0xE6, 0x04, 0x70, 0x7B, 0xF1, 0x69, 0x55, 0x1E, 0x85, 0xA3, 0x15, 0xD2, 0xFA, 0xE0, 0xFD,
    0x46, 0x6A, 0x33, 0x5E, 0xFB, 0xDD, 0x5C, 0xF9, 0x0E, 0x74, 0x86, 0xFB, 0x83, 0x0F, 0x5A, 0x34,
    0x7E, 0x0D, 0x5C, 0xE2, 0x16, 0x38, 0x20, 0x99, 0x91, 0x96, 0x82, 0x5C, 0x23, 0x0E, 0x20, 0x23,
    0x71, 0x5B, 0x14, 0x39, 0x0B, 0x33, 0xC2, 0x52, 0xDE, 0x7E, 0x9D, 0x39, 0x79, 0x57, 0xA0, 0xE8,
    0xE7, 0x8C, 0xE8, 0x6B, 0xAB, 0x7F, 0x00, 0x0A, 0x3F, 0xCC, 0x04, 0x6E, 0xA7, 0x57, 0xAD, 0x8A,
    0xD6, 0xA1, 0x12, 0x00, 0x2F, 0x46, 0xE9, 0x5D, 0xFE, 0x8F, 0xA6, 0x7C, 0x2D, 0x70, 0x5F, 0xAB,
    0xB2, 0xD0, 0x90, 0xED, 0xA3, 0x0E, 0x48, 0x7C, 0xAD, 0x0B, 0xA3, 0x5B, 0xA7, 0x57, 0xAB, 0xD5,
    0x61, 0xE1, 0x82, 0x33, 0x58, 0xEA, 0xB7, 0xFD, 0xE3, 0x56, 0x6B, 0xA4, 0x15, 0xBA, 0x79, 0xDB,
    0x2F, 0xB9, 0x31, 0x78, 0x5D, 0x60, 0x3A, 0x61, 0xE4, 0xE6, 0x7D, 0x46, 0xD2, 0x37, 0x95, 0xBB,
    0xDD, 0xC6, 0x72, 0xDE, 0x43, 0xD9, 0x08, 0x7C, 0x0E, 0xC6, 0xCF, 0x17, 0xE2, 0xCB, 0xF6, 0x9A,
    0xEE, 0xBD, 0x06, 0xEA, 0xB5, 0x85, 0xB5, 0x15, 0xAF, 0xD3, 0xEC, 0xB5, 0x01, 0xA2, 0x7C, 0xBF,
    0xA8, 0xEE, 0xF7, 0x7B, 0x94, 0x81, 0xE2, 0x72, 0x4B, 0x23, 0x11, 0x50, 0x94, 0x57, 0x33, 0x3D,
    0x66, 0x52, 0xDE, 0xBA, 0xBE, 0x7D, 0x23, 0x3D, 0x75, 0x80, 0xA5, 0x60, 0x23, 0x58, 0x9B, 0x1E,
    0x86, 0x40, 0xB1, 0xDB, 0x60, 0x30, 0xFD, 0x16, 0x81, 0xA2, 0x8B, 0x1A, 0xC2, 0x36, 0x56, 0xEC,
    0x93, 0x24, 0xCD, 0x16, 0x3A, 0x94, 0x26, 0xF5, 0x71, 0x34, 0x8A, 0xF2, 0x8E, 0x44, 0xA3, 0x99,
    0xFB, 0x0C, 0x2A, 0x32, 0x17, 0x8C, 0x24, 0x97, 0xE7, 0x3D, 0x91, 0xF7, 0xB5, 0x4E, 0xAD, 0x55,
    0xD0, 0x06, 0x7C, 0x1E, 0x78, 0x8C, 0x92, 0x0D, 0x12, 0xF2, 0xF5, 0x05, 0xD3, 0x21, 0xC1, 0x08,
    0xE5, 0x27, 0x6A, 0x94, 0xB5, 0x30, 0xAE, 0xE5, 0xA5, 0x84, 0x55, 0x0B, 0x63, 0xA1, 0xFE, 0x94,
    0xC2, 0x54, 0xA9, 0x23, 0x3C, 0x56, 0x55, 0x65, 0x60, 0x95, 0x19, 0x2C, 0x94, 0x4B, 0xE5, 0x5A,
    0x5F, 0x5E, 0xC0, 0x12, 0xB5, 0x72, 0x98, 0x8D, 0xBF, 0x63, 0x84, 0x0B, 0xD1, 0x43, 0xF6, 0x93,
    0x16, 0x48, 0x7E, 0x2D, 0x8C, 0x3E, 0x6B, 0x00, 0xE3, 0xDD, 0xDC, 0x17, 0x30, 0x1E, 0x88, 0x7C,
    0x09, 0xE9, 0xC7, 0x0E, 0x32, 0xCD, 0x80, 0x18, 0xC9, 0x85, 0x70, 0x71, 0x75, 0x43, 0x37, 0xF1,
    0xBE, 0x17, 0x74, 0xBC, 0xB2, 0xFA, 0xA0, 0xDB, 0x37, 0xB6, 0x22, 0x3A, 0x6E, 0xF6, 0xEB, 0x45,
    0x03, 0xF6, 0x9A, 0xDD, 0xC9, 0xA5, 0x82, 0x3B, 0xB0, 0xD6, 0x6A, 0xB0, 0x21, 0x18, 0x24, 0xDB,
    0xDF, 0x61, 0x2F, 0xAB, 0x86, 0xD8, 0xFB, 0x1C, 0xAA, 0x1E, 0x8D, 0xBA, 0x65, 0xDF, 0x35, 0xCC,
    0x38, 0xE8, 0x95, 0x97, 0x7A, 0x05, 0x9B, 0xC3, 0xEB, 0xC4, 0x25, 0x57, 0xF7, 0x75, 0x75, 0x3B,
    0x03, 0x28, 0x94, 0x3F, 0x58, 0x8D, 0xCC, 0x13, 0x58, 0x86, 0x03, 0xF6, 0x47, 0x39, 0x27, 0x61,
    0x2B, 0x0C, 0x0F, 0x79, 0x9C, 0x73, 0x9A, 0x99, 0xB8, 0x63, 0xFE, 0x89, 0x56, 0x76, 0xA3, 0x3D,
    0x3D, 0x2B, 0x25, 0xB2, 0xB4, 0xCE, 0x80, 0xA8, 0x13, 0x9A, 0x71, 0x01, 0x50, 0x8D, 0x42, 0x3B,
    0xB0, 0xD7, 0x47, 0x06, 0x51, 0x4F, 0x01, 0x69, 0xC3, 0x12, 0x8A, 0x52, 0x74, 0x4C, 0x30, 0x12,
    0xF6, 0x30, 0x90, 0x34, 0xC2, 0xAC, 0xC4, 0x0C, 0x4C, 0x48, 0xAF, 0xEF, 0x25, 0xD6, 0xA4, 0xD1,
    0xAD, 0xED, 0x52, 0xA2, 0xF4, 0x6C, 0xF9, 0xC4, 0x97, 0x10, 0xF9, 0x8F, 0x9D, 0xF0, 0xCF, 0x1B,
    0x88, 0x47, 0x89, 0x3F, 0xE9, 0xA4, 0x5E, 0x49, 0x6D, 0x06, 0x8D, 0x72, 0x14, 0x6B, 0x7A, 0xB5,
    0x92, 0x2C, 0xD7, 0x3E, 0xE7, 0x76, 0x5B, 0x5D, 0x19, 0x3A, 0xC7, 0xD5, 0x6A, 0x17, 0x10, 0xF4,
    0x1C, 0x95, 0xB8, 0x13, 0x26, 0xAD, 0xB2, 0x46, 0xDB, 0x76, 0x6E, 0x4D, 0x16, 0xCA, 0xFB, 0x9F,
    0x6F, 0xD5, 0x10, 0x1F, 0xCC, 0x86, 0x9D, 0xCC, 0x86, 0xEB, 0xF0, 0x37, 0xC4, 0xF5, 0x3C, 0x1B,
    0x76, 0xFA, 0x39, 0xD1, 0xD0, 0x12, 0xCD, 0xB8, 0x95, 0x69, 0x43, 0xFA, 0xB3, 0x09, 0xEC, 0xF7,
    0xDA, 0x2D, 0xC2, 0x8E, 0xBB, 0x99, 0xE9, 0xB9, 0x9F, 0x31, 0x04, 0xC3, 0x82, 0x65, 0xDC, 0x2C,
    0xC9, 0x6C, 0xB9, 0x26, 0x19, 0xB9, 0x20, 0x6A, 0x4E, 0xCE, 0x25, 0x15, 0xF3, 0xA8, 0x31, 0xCC,
    0x61, 0xB4, 0x73, 0x1B, 0xF7, 0x30, 0x61, 0x7A, 0xA2, 0x9E, 0xA0, 0x23, 0xAD, 0x09, 0x5A, 0x0A,
    0x59, 0x57, 0x9A, 0x91, 0x2D, 0xC5, 0x40, 0xD8, 0xD8, 0x1A, 0xA2, 0xA6, 0x02, 0xE2, 0x5F, 0x4E,
    0xC2, 0x8F, 0x3D, 0xFA, 0x29, 0x29, 0xB7, 0x9C, 0xC4, 0x4C, 0xD2, 0xC5, 0x2D, 0x6C, 0x2B, 0xD3,
    0x89, 0x23, 0xA3, 0x0B, 0x3E, 0x26, 0x35, 0x55, 0x28, 0x6D, 0x29, 0x4C, 0x6A, 0x96, 0x10, 0xB7,
    0x47, 0x8B, 0xAD, 0x4A, 0x30, 0xCC, 0x1F, 0xB0, 0x7A, 0x9F, 0x2B, 0x36, 0xCC, 0x85, 0xD3, 0x0F,
    0x53, 0x71, 0x6C, 0x7C, 0x3C, 0x32, 0x6E, 0x06, 0x66, 0xE3, 0x40, 0xF8, 0xB9, 0x3E, 0xC3, 0xE5,
    0x1E, 0xF6, 0xE1, 0x6A, 0x55, 0xCA, 0x18, 0xA0, 0xC8, 0xD1, 0x12, 0x96, 0xA0, 0x75, 0x75, 0x90,
    0xE9, 0xD5, 0x55, 0x22, 0xEF, 0xEE, 0xC6, 0xDD, 0x56, 0x07, 0x89, 0xD5, 0x07, 0xAD, 0x5E, 0x42,
    0xAF, 0x10, 0x3B, 0x48, 0x76, 0xFF, 0xA5, 0xA5, 0xAA, 0xC1, 0x6A, 0x3D, 0xE6, 0x5D, 0x54, 0xCE,
    0x76, 0x6F, 0x35, 0xE8, 0x7F, 0xEC, 0xCE, 0x38, 0x7D, 0x3D, 0xE8, 0x58, 0x87, 0x6D, 0x38, 0x84,
    0x6D, 0xD2, 0x84, 0x4D, 0x51, 0x46, 0xBF, 0x1A, 0x89, 0x3E, 0xEB, 0x74, 0x61, 0x6E, 0xC6, 0x97,
    0xC7, 0x8A, 0x96, 0x64, 0xCE, 0xBF, 0x58, 0x77, 0x14, 0xDA, 0x99, 0xE0, 0xC3, 0x9B, 0xD7, 0x33,
    0x97, 0xA8, 0xD7, 0x46, 0xDB, 0x6F, 0x79, 0x93, 0xEE, 0x2E, 0x71, 0x0F, 0x2D, 0xD3, 0xCE, 0x55,
    0xF6, 0xE6, 0xB0, 0x85, 0xC8, 0xC9, 0x44, 0x49, 0x11, 0x36, 0xB0, 0x0C, 0xDD, 0xCD, 0xC9, 0xDC,
    0xFA, 0x49, 0x6B, 0xEF, 0x5B, 0xEB, 0xB6, 0x86, 0x32, 0x59, 0x86, 0xEB, 0xFA, 0x7B, 0x21, 0x92,
    0xEE, 0x43, 0xE2, 0x3E, 0x14, 0x1C, 0x8D, 0x31, 0x96, 0xD3, 0x31, 0x46, 0x7D, 0xAF, 0x8F, 0xC3,
    0xED, 0x41, 0x95, 0x21, 0xCE, 0x10, 0x69, 0x88, 0x35, 0x44, 0x1B, 0xE2, 0x4D, 0xC5, 0xA9, 0x39,
    0x55, 0xF7, 0xBC, 0x5D, 0x2B, 0x73, 0x61, 0xAB, 0xA0, 0x28, 0x23, 0xC5, 0x17, 0xB1, 0x01, 0x5E,
    0xB0, 0xB5, 0xF1, 0xCC, 0xD9, 0xD6, 0x89, 0x0D, 0x0F, 0x4B, 0xC1, 0x99, 0x99, 0x60, 0x2D, 0x78,
    0x0E, 0x1B, 0x9F, 0x67, 0xA4, 0x9F, 0x5D, 0x7D, 0x13, 0xD6, 0xD1, 0x08, 0x93, 0xEF, 0xF9, 0xAA,
    0x9F, 0x72, 0x32, 0x5F, 0x42, 0x31, 0x00, 0x7F, 0xF1, 0x47, 0xF4, 0x9C, 0x6D, 0xF2, 0xE6, 0xDD,
    0xC4, 0x7B, 0xDF, 0x08, 0xEA, 0xD8, 0x7B, 0x48, 0x04, 0xAF, 0xAC, 0xAA, 0x3F, 0x30, 0xDC, 0xCC,
    0xCD, 0xA0, 0x98, 0xDF, 0xFA, 0xAF, 0xA5, 0x4A, 0x03, 0xBC, 0xAA, 0xB1, 0x7C, 0x0A, 0x85, 0xD4,
    0xAD, 0xFA, 0xF9, 0x16, 0x6F, 0x27, 0xA5, 0x56, 0xC6, 0xC8, 0xE0, 0xA8, 0xD9, 0x9E, 0xCC, 0x6D,
    0x31, 0xC1, 0x22, 0xEA, 0x61, 0x99, 0xD6, 0x50, 0x54, 0xF9, 0x7E, 0x9F, 0xA8, 0x46, 0x4B, 0x7E,
    0x30, 0x51, 0x68, 0x51, 0x2F, 0xA8, 0x8E, 0xB9, 0x07, 0xD2, 0xC3, 0x35, 0x69, 0xC2, 0xAC, 0x26,
    0x76, 0x14, 0x3A, 0x37, 0xAC, 0xDA, 0x3D, 0x4B, 0xC6, 0x8E, 0x34, 0xA7, 0xEF, 0xB1, 0xB9, 0xE9,
    0x07, 0x32, 0x4C, 0x77, 0xB1, 0x65, 0xD0, 0x0A, 0xC3, 0xF6, 0x8C, 0xE5, 0x96, 0x0B, 0xCE, 0x34,
    0xDF, 0xB9, 0x26, 0x6A, 0x2C, 0x03, 0x51, 0x9D, 0xE6, 0x83, 0xA4, 0x8E, 0xCA, 0x41, 0xC6, 0xCD,
    0x1F, 0xF7, 0xC2, 0x8F, 0x3A, 0x92, 0x32, 0xFE, 0x45, 0x4B, 0x5A, 0x46, 0xFF, 0xB2, 0x65, 0x2E,
    0xE7, 0x4A, 0x2D, 0xE1, 0x93, 0x46, 0xDE, 0xEF, 0xA9, 0xD0, 0xF8, 0x9A, 0x05, 0x78, 0xC7, 0x52,
    0x79, 0xA6, 0xDC, 0x97, 0xEF, 0xCC, 0x8D, 0x38, 0x9C, 0x9E, 0x46, 0x8C, 0x39, 0x28, 0x9A, 0xDF,
    0x0A, 0x8F, 0xF3, 0x5B, 0xD1, 0x71, 0x7E, 0x2B, 0x39, 0xCE, 0x6F, 0xA5, 0x9F, 0x37, 0xBF, 0x75,
    0x1B, 0x8C, 0xCD, 0x03, 0xC0, 0xDC, 0x41, 0xAC, 0x13, 0x66, 0xF9, 0xD5, 0x99, 0x52, 0x7F, 0x43,
    0xD6, 0x4E, 0xE7, 0x41, 0x39, 0x50, 0x5D, 0x3F, 0x0F, 0x9A, 0x0F, 0xE1, 0xDD, 0xC7, 0xB2, 0x7B,
    0x1B, 0xD2, 0x9F, 0x76, 0x7A, 0x08, 0xAF, 0xD9, 0x2F, 0x1C, 0xE6, 0x04, 0xC6, 0xAD, 0xE9, 0xD0,
    0x47, 0x87, 0xF0, 0xC4, 0x66, 0x78, 0xF5, 0x10, 0x5E, 0x0D, 0x70, 0xD3, 0x1D, 0x3A, 0x6E, 0x8E,
    0xBF, 0x50, 0x73, 0x20, 0x9D, 0x73, 0x21, 0x6F, 0x30, 0x97, 0x75, 0x34, 0xC1, 0x60, 0xBD, 0x63,
    0xD8, 0x54, 0x0D, 0x63, 0x1D, 0xB7, 0xE6, 0xB3, 0x3C, 0xEC, 0xCC, 0x44, 0xD0, 0x05, 0xC3, 0x16,
    0x61, 0x27, 0x90, 0xC5, 0xA7, 0x22, 0x6A, 0x76, 0x68, 0x74, 0xF9, 0x19, 0xBB, 0x67, 0xA6, 0x96,
    0x7F, 0x6F, 0xEB, 0x4D, 0xDA, 0x7A, 0xE3, 0x61, 0xEB, 0x09, 0x83, 0xEE, 0xA4, 0xF5, 0xDA, 0x93,
    0xD6, 0xAB, 0xD3, 0xAB, 0xAD, 0xE7, 0xE2, 0x5F, 0x74, 0xC7, 0xAD, 0x97, 0x87, 0x4F, 0xDA, 0x67,
    0x7F, 0xB8, 0x92, 0x12, 0xC8, 0xD3, 0x72, 0x77, 0x9C, 0x95, 0xB0, 0xB7, 0x80, 0x19, 0x33, 0x80,
    0x62, 0x23, 0x4C, 0x07, 0x61, 0xD8, 0xDD, 0xD8, 0xC7, 0xEA, 0x02, 0xEE, 0x30, 0x40, 0x2A, 0xB0,
    0xAE, 0x87, 0xF8, 0xB7, 0x72, 0x75, 0xDF, 0x02, 0x55, 0x03, 0xD8, 0x52, 0x0F, 0x78, 0xBD, 0xAB,
    0xC7, 0x2F, 0x04, 0x0D, 0x57, 0xCA, 0xE9, 0x1E, 0x68, 0x29, 0x8B, 0xE0, 0x96, 0x2A, 0x8F, 0x3A,
    0x33, 0x60, 0x86, 0xB0, 0xDB, 0x1F, 0xA5, 0x4C, 0x6A, 0x3D, 0xF1, 0xB8, 0x85, 0x2D, 0xB7, 0xD0,
    0x1E, 0x9C, 0x01, 0x83, 0xA2, 0x00, 0x33, 0x6C, 0x20, 0xE8, 0x15, 0x6B, 0x51, 0x21, 0x68, 0xB7,
    0xD0, 0x6D, 0x9E, 0xC4, 0x2D, 0x77, 0x7B, 0x3D, 0x05, 0xD6, 0x05, 0x03, 0xC9, 0x65, 0xD5, 0xE9,
    0xDD, 0x33, 0x7A, 0xED, 0xDD, 0xED, 0x34, 0x91, 0xBC, 0x8E, 0x05, 0xD7, 0x95, 0x40, 0x6A, 0x60,
    0xFD, 0x08, 0xFE, 0xA1, 0xCF, 0xC3, 0x81, 0xD4, 0xA9, 0x4E, 0xDD, 0x3C, 0xD1, 0xCD, 0xB8, 0x8C,
    0x3D, 0x0A, 0xC1, 0x06, 0x22, 0x89, 0x20, 0x6A, 0x24, 0x8C, 0xFA, 0xEC, 0x6A, 0x18, 0x66, 0xD4,
    0xF3, 0xBA, 0x84, 0x73, 0xEA, 0x65, 0xDE, 0xA1, 0x1F, 0x08, 0x77, 0xBB, 0xDD, 0xCD, 0xBC, 0xDB,
    0x0D, 0xC4, 0xFD, 0x4B, 0xA8, 0xCE, 0x40, 0x49, 0x92, 0x07, 0xB2, 0x72, 0x8D, 0xE4, 0x13, 0x97,
    0x3A, 0xC2, 0xC9, 0x03, 0xE2, 0x0A, 0xDB, 0xBC, 0x18, 0x93, 0x5A, 0x08, 0x9B, 0x05, 0x20, 0x0B,
    0x64, 0x48, 0xDC, 0xC0, 0x6E, 0x5A, 0xCF, 0xFD, 0xA8, 0x06, 0xBA, 0x24, 0x07, 0xEE, 0x9A, 0xEB,
    0x9C, 0xAA, 0x54, 0xD4, 0x2A, 0xAA, 0x15, 0xF5, 0x8A, 0x8A, 0x45, 0xCD, 0xA2, 0x6A, 0x51, 0xB7,
    0xA8, 0x5C, 0xD4, 0x2E, 0x6A, 0x76, 0x47, 0x15, 0x8C, 0xCA, 0xDD, 0x51, 0x1D, 0x2B, 0x5B, 0xD4,
    0x32, 0xAA, 0x19, 0xAD, 0x11, 0x5A, 0x25, 0x35, 0x8D, 0xAA, 0x46, 0x5D, 0x73, 0x5C, 0xAD, 0x28,
    0xFF, 0xDB, 0x5D, 0x7D, 0xB2, 0xB7, 0x3A, 0x58, 0x46, 0x0D, 0xF4, 0x89, 0xEE, 0x0A, 0x83, 0x71,
    0xFF, 0xEF, 0x86, 0x6D, 0x6F, 0xE9, 0xBD, 0xFC, 0x1F, 0xC2, 0x74, 0xAA, 0x56, 0xEF, 0x52, 0x94,
    0x4B, 0x30, 0x23, 0x5B, 0x6A, 0x65, 0xC5, 0x98, 0xD4, 0xA8, 0x16, 0xA6, 0x4E, 0x68, 0x4B, 0xDD,
    0xB3, 0xCC, 0x8D, 0x32, 0xB8, 0x5C, 0x91, 0xC9, 0x5B, 0x50, 0xEC, 0xD9, 0xC2, 0x92, 0xA8, 0x99,
    0x49, 0x5C, 0x0B, 0xC5, 0x77, 0x76, 0x40, 0x5B, 0xA6, 0x25, 0x24, 0x8D, 0x30, 0xF2, 0xD5, 0xEA,
    0x3D, 0x8C, 0x06, 0x42, 0xAA, 0x8C, 0x3B, 0xAA, 0x9C, 0x62, 0x8A, 0x7C, 0x63, 0xA6, 0x2A, 0x7D,
    0xD4, 0x85, 0x6D, 0xB2, 0xA6, 0xD7, 0x84, 0x4B, 0x9F, 0xB8, 0xA8, 0xA5, 0x4F, 0xCB, 0xB0, 0x31,
    0x9D, 0xCD, 0xA3, 0x3A, 0x6E, 0x33, 0xA2, 0x87, 0xDE, 0x65, 0xC4, 0x7E, 0x62, 0x41, 0xE2, 0x1F,
    0x08, 0x4B, 0xB8, 0xB7, 0x63, 0xAA, 0xCC, 0x4A, 0xC3, 0x82, 0xCC, 0x45, 0x2E, 0xE3, 0x69, 0x9D,
    0x96, 0xE9, 0xA3, 0x27, 0x97, 0x9E, 0xC4, 0x3B, 0x3F, 0x10, 0x4C, 0xBB, 0x4E, 0x6F, 0x04, 0x44,
    0x07, 0xB9, 0x6A, 0x5B, 0x0A, 0x97, 0x07, 0x99, 0xE6, 0x56, 0x48, 0x7E, 0x9A, 0x04, 0xAF, 0x95,
    0x03, 0x14, 0xAB, 0x0F, 0x3C, 0x2C, 0xC5, 0xD1, 0xBC, 0x03, 0xAC, 0x06, 0x99, 0x69, 0x0E, 0x6C,
    0x06, 0x1D, 0x54, 0x9A, 0x82, 0x1D, 0x0F, 0xCE, 0x90, 0xD5, 0x44, 0x97, 0xE7, 0x9F, 0x40, 0xD4,
    0xE8, 0x72, 0xBB, 0x8E, 0x5A, 0x48, 0x5C, 0xD8, 0x09, 0x4D, 0x7F, 0x70, 0x20, 0x79, 0xAD, 0x2C,
    0xD0, 0x61, 0x51, 0x7F, 0xB4, 0x4F, 0xCE, 0x99, 0x32, 0xF6, 0xE5, 0x1F, 0xE7, 0x94, 0x4D, 0x37,
    0xDF, 0xA2, 0x31, 0x1F, 0x7F, 0x38, 0xEA, 0x80, 0x95, 0x2F, 0xAB, 0xD6, 0xFB, 0x9F, 0xF9, 0x76,
    0x55, 0x7D, 0xFF, 0xE1, 0x03, 0xEC, 0x8F, 0x80, 0xEC, 0x5D, 0xC1, 0x9C, 0x23, 0x28, 0x4E, 0xD6,
    0xAC, 0x27, 0x4B, 0xB5, 0xAB, 0xAB, 0x99, 0x19, 0xCD, 0x2D, 0x31, 0x76, 0x9A, 0x4F, 0x74, 0x42,
    0x7B, 0x7D, 0x3E, 0xD1, 0xFA, 0xC6, 0x0E, 0x99, 0xFF, 0x95, 0x1F, 0x5E, 0x3B, 0xFF, 0xD7, 0xCB,
    0xF7, 0x88, 0xFF, 0x0D, 0x48, 0xFE, 0xE3, 0x28, 0xC7, 0x92, 0x3A, 0x41, 0x3E, 0xAF, 0x40, 0x9F,
    0x91, 0x07, 0x38, 0x42, 0xCF, 0x5C, 0xE6, 0x83, 0x3F, 0xC7, 0x6F, 0x3C, 0xBF, 0x27, 0xF7, 0x38,
    0x98, 0x1F, 0x77, 0xFA, 0xF2, 0x42, 0x0C, 0x6A, 0x0A, 0x1D, 0xEC, 0xB9, 0xDB, 0x1F, 0x88, 0x23,
    0x1A, 0xD0, 0x72, 0x8B, 0x3A, 0xB4, 0xE6, 0xD0, 0x2D, 0xB1, 0xD3, 0x29, 0x10, 0x71, 0x3D, 0x42,
    0xF8, 0xB4, 0x07, 0xE3, 0x9B, 0xFD, 0x29, 0x18, 0x6E, 0xBC, 0x43, 0x03, 0xF9, 0xBC, 0x2D, 0x48,
    0xA8, 0x8C, 0x9B, 0xAB, 0x09, 0xE8, 0xFB, 0xCA, 0xAF, 0x73, 0xA5, 0xBC, 0xEA, 0x1F, 0x40, 0xA0,
    0xB6, 0x93, 0xE9, 0x03, 0xAF, 0x33, 0xDC, 0xC2, 0x51, 0xE8, 0x5B, 0x8C, 0x10, 0xE4, 0x1A, 0x07,
    0x47, 0x9C, 0x94, 0x45, 0x2D, 0xB4, 0xD3, 0x03, 0x1D, 0x02, 0xA7, 0x5C, 0xBF, 0xDC, 0xDB, 0x79,
    0x92, 0xB9, 0xCF, 0xA9, 0x55, 0xCA, 0xE2, 0x68, 0x5F, 0x2D, 0x06, 0xA6, 0x5D, 0xCE, 0x3E, 0xED,
    0x88, 0x3B, 0x22, 0xBF, 0xF2, 0x8D, 0x7E, 0x1D, 0xE7, 0x12, 0xD4, 0x27, 0xCC, 0xE5, 0x6B, 0x1C,
    0xDD, 0x9B, 0x38, 0x6A, 0x4D, 0xF7, 0x95, 0x0F, 0xDC, 0xF1, 0x11, 0xD4, 0x4F, 0x35, 0xEB, 0x51,
    0xCB, 0x11, 0xD4, 0x8E, 0x89, 0xA0, 0x17, 0x81, 0x6F, 0x9B, 0x0E, 0x50, 0x68, 0x5F, 0xC4, 0xBF,
    0x07, 0x58, 0xDF, 0x6B, 0xCD, 0x35, 0x6E, 0xB7, 0x77, 0x16, 0x0A, 0xA2, 0x26, 0xD1, 0x33, 0x52,
    0x35, 0xD6, 0x89, 0x15, 0x15, 0x24, 0x61, 0x95, 0x80, 0xE8, 0xD9, 0xB7, 0x78, 0xF4, 0xB4, 0x05,
    0xD2, 0x8F, 0x7A, 0x8D, 0xEE, 0x6C, 0xBE, 0x31, 0x4B, 0xFB, 0xFF, 0xAD, 0xF1, 0x1C, 0x0D, 0xF3,
    0x29, 0xD5, 0x22, 0x87, 0x51, 0xC7, 0xFB, 0xA3, 0x53, 0xAA, 0x37, 0xAC, 0xF8, 0x4B, 0x90, 0x95,
    0x1F, 0xCA, 0x6A, 0xBE, 0x90, 0xAC, 0x9E, 0xF8, 0x1A, 0x59, 0xDF, 0x99, 0xC7, 0x34, 0xA8, 0x4A,
    0xB4, 0x2A, 0xCC, 0xE9, 0x81, 0xEF, 0x35, 0x47, 0x47, 0xD5, 0x8F, 0x7C, 0x5D, 0xFE, 0x41, 0x5F,
    0x7F, 0xAF, 0xBE, 0x3E, 0xF9, 0x63, 0x7C, 0xA5, 0xE2, 0x24, 0xF4, 0x7E, 0x94, 0xBA, 0x3D, 0x00,
    0x5A, 0xC0, 0x34, 0xBA, 0x99, 0x3E, 0x7F, 0xEC, 0x63, 0x07, 0xFF, 0x57, 0x27, 0x3D, 0xF3, 0xE9,
    0x57, 0xFD, 0xFE, 0xDA, 0x1D, 0x62, 0xC3, 0x6A, 0xED, 0x93, 0x8F, 0x06, 0xDD, 0x01, 0xBD, 0xE6,
    0xAC, 0xFA, 0x2D, 0xEA, 0xC0, 0x7A, 0x56, 0xBD, 0xA1, 0xC7, 0x74, 0xA1, 0x2E, 0x64, 0xDC, 0xAE,
    0x2B, 0xDB, 0x11, 0x48, 0x3A, 0xB4, 0xDC, 0x6C, 0x2F, 0x2E, 0xFC, 0xB6, 0xD4, 0x95, 0xD0, 0xFD,
    0x60, 0x55, 0xC9, 0xAA, 0x71, 0xAE, 0x15, 0xF0, 0xB9, 0x8F, 0xFA, 0x2B, 0xA5, 0x76, 0xCF, 0x7F,
    0xCA, 0xE1, 0xB8, 0x78, 0xE5, 0x34, 0x5F, 0xF6, 0xE8, 0x52, 0x51, 0xCD, 0xAE, 0x2F, 0x9D, 0xCE,
    0x09, 0xD4, 0x53, 0xB0, 0x4F, 0x43, 0xCB, 0x09, 0xC3, 0x36, 0xDB, 0xA2, 0x79, 0xED, 0xFC, 0x72,
    0xF5, 0x40, 0x43, 0x22, 0xB9, 0x26, 0xF5, 0x7E, 0xFD, 0x2C, 0x24, 0x28, 0x59, 0xEA, 0x8E, 0x1F,
    0x55, 0xA9, 0x79, 0x70, 0x06, 0xDB, 0xC0, 0x34, 0x6F, 0x72, 0xDB, 0x07, 0xA7, 0x51, 0x4F, 0x1A,
    0xF3, 0xD1, 0xE0, 0x18, 0xD5, 0x73, 0xBC, 0x06, 0x72, 0xF9, 0xB7, 0x84, 0xA8, 0x29, 0x9E, 0xDD,
    0x5D, 0xA5, 0x8C, 0xE3, 0xBC, 0x5B, 0x4E, 0xD6, 0x70, 0x5A, 0x5E, 0xF6, 0xC6, 0x0B, 0xE7, 0xD9,
    0xF4, 0xC1, 0xDD, 0xA3, 0x4E, 0x17, 0x76, 0x98, 0x2E, 0xB9, 0xE1, 0x56, 0x79, 0x5E, 0x59, 0xC7,
    0x37, 0xC2, 0xE8, 0x49, 0x9E, 0x2F, 0x51, 0xD6, 0xF3, 0xF5, 0x59, 0x3D, 0xD8, 0x21, 0x68, 0x79,
    0x45, 0x16, 0xAB, 0x5F, 0xA4, 0xCF, 0x7E, 0x53, 0x60, 0xBC, 0xBB, 0xAB, 0xDF, 0x7E, 0x3D, 0x84,
    0x6F, 0xFA, 0x6E, 0x9E, 0xCF, 0x5F, 0x5F, 0xAE, 0x39, 0xF9, 0xDC, 0xC2, 0x52, 0xB9, 0x56, 0x8E,
    0x68, 0xB3, 0x13, 0x2B, 0x77, 0x27, 0x9F, 0xDD, 0xC9, 0x49, 0xDD, 0x52, 0x68, 0x0F, 0x4F, 0xEA,
    0x72, 0xE5, 0xA4, 0xAE, 0x72, 0x3E, 0xF2, 0x00, 0x3A, 0xF5, 0xDD, 0x65, 0x16, 0x46, 0x48, 0xA6,
    0xAA, 0xDF, 0xDF, 0xE1, 0xCA, 0x0F, 0x27, 0x0D, 0x4E, 0xAA, 0x95, 0x0E, 0x06, 0x0A, 0xFF, 0xB8,
    0xE4, 0xCF, 0x52, 0x9F, 0x9F, 0x1E, 0x87, 0x80, 0xF9, 0x7C, 0xD1, 0x61, 0xF6, 0x50, 0x13, 0x87,
    0x5B, 0x68, 0xE2, 0x50, 0x90, 0xA1, 0x58, 0x0A, 0xCE, 0x60, 0xC9, 0x1A, 0x36, 0x5C, 0xC0, 0x88,
    0x66, 0x51, 0x06, 0xC2, 0x81, 0x91, 0x64, 0xA0, 0xE2, 0x5E, 0x4F, 0xF6, 0xE8, 0xD3, 0x9E, 0xD4,
    0xFF, 0x7B, 0xC7, 0x57, 0xA7, 0xB7, 0x5A, 0x40, 0x12, 0x87, 0x18, 0x69, 0xA0, 0xE3, 0xD4, 0xE1,
    0x2D, 0xF4, 0xAA, 0x8F, 0xB7, 0xB1, 0xDE, 0x0B, 0x26, 0x00, 0x5E, 0x88, 0x52, 0x4D, 0x2D, 0xA2,
    0x77, 0xD2, 0xA0, 0xB7, 0xD2, 0xA0, 0xF7, 0xD2, 0xEC, 0xD2, 0x8B, 0x64, 0x3A, 0x10, 0xC6, 0xFD,
    0xAD, 0xD3, 0x7B, 0x87, 0x00, 0xEE, 0x11, 0x3B, 0x2C, 0xEA, 0xAB, 0x80, 0xE4, 0xD1, 0x00, 0x91,
    0xEF, 0x80, 0xAA, 0x7C, 0x31, 0xB6, 0xCD, 0x87, 0xCC, 0x6B, 0xE2, 0xD7, 0x75, 0xE4, 0x7A, 0x23,
    0x14, 0xFE, 0x28, 0x54, 0x46, 0xC2, 0xFB, 0x49, 0x0E, 0x64, 0x5A, 0x8D, 0xB8, 0xBB, 0x45, 0xCE,
    0x79, 0xB5, 0x04, 0xBC, 0x8E, 0xC0, 0x17, 0x5B, 0xB8, 0x37, 0x20, 0x2A, 0xB7, 0x88, 0xCB, 0xFB,
    0x10, 0x39, 0x4D, 0x5A, 0x36, 0x40, 0x95, 0xDF, 0xB4, 0xF8, 0x39, 0xEF, 0xFB, 0xBA, 0x0E, 0x2E,
    0xC5, 0x9C, 0xF7, 0xB5, 0x3A, 0x3E, 0x9C, 0xED, 0xF2, 0xBE, 0xA5, 0xE6, 0x7D, 0x6F, 0x93, 0x72,
    0x2D, 0xDF, 0x0A, 0x6A, 0xC8, 0x34, 0x14, 0x7D, 0x9C, 0x46, 0x9A, 0xA3, 0x19, 0xEE, 0xA4, 0x1C,
    0x20, 0xE2, 0x6F, 0x6E, 0xD6, 0xF6, 0x97, 0x64, 0xAC, 0xFB, 0xD2, 0x8D, 0xF9, 0xFC, 0xEA, 0xD3,
    0x9B, 0x72, 0xA1, 0x15, 0xB0, 0x50, 0x66, 0xE7, 0xC2, 0xD4, 0x0B, 0xA3, 0xFE, 0xB9, 0x7C, 0xAD,
    0x4F, 0x7D, 0x7D, 0x6D, 0xF6, 0xF5, 0x5F, 0x1D, 0xA9, 0x3C, 0x24, 0x22, 0x98, 0xB4, 0xFF, 0xC5,
    0x6E, 0x1F, 0xC1, 0xF1, 0xE6, 0x73, 0xA8, 0xE7, 0xA5, 0x7D, 0x3B, 0x9F, 0x97, 0xF6, 0xCC, 0x6B,
    0xB7, 0xE4, 0x71, 0xCD, 0xEE, 0xF1, 0x43, 0x8C, 0xF4, 0xA0, 0x0F, 0x20, 0xBA, 0x72, 0x60, 0x75,
    0xFF, 0x46, 0x83, 0xD0, 0xF4, 0xC2, 0xA0, 0x8B, 0x6A, 0x08, 0xDB, 0x1D, 0x9D, 0xCE, 0x97, 0x5D,
    0xD2, 0x44, 0x75, 0xEC, 0xEC, 0xF6, 0x5F, 0xB1, 0xCB, 0x1A, 0xA9, 0x6D, 0xD1, 0x24, 0x65, 0xE2,
    0x36, 0x4D, 0x9A, 0x27, 0xE5, 0x7F, 0xB7, 0x96, 0xE4, 0xC7, 0xBF, 0x6B, 0x33, 0x92, 0xB7, 0x7E,
    0xDB, 0x2E, 0x48, 0xBF, 0xFB, 0xCF, 0xED, 0x19, 0xE9, 0xF7, 0x3E, 0x6A, 0x2F, 0x48, 0x93, 0x1F,
    0xB7, 0x03, 0x36, 0x79, 0xB3, 0xED, 0xB1, 0xD6, 0xFC, 0xB6, 0xC3, 0x2E, 0xCC, 0xEF, 0x5A, 0xB2,
    0xFB, 0xE6, 0x49, 0xCB, 0xE2, 0x82, 0xA7, 0x0D, 0x8B, 0x9E, 0xCF, 0x6A, 0xB2, 0x16, 0xEF, 0xF6,
    0xAC, 0x39, 0xD8, 0x38, 0x8F, 0xB5, 0x69, 0xEC, 0xC7, 0x0E, 0xD8, 0xC4, 0x35, 0x7A, 0x92, 0x59,
    0x5B, 0xA9, 0xBB, 0xB6, 0x46, 0x51, 0xFD, 0x6D, 0xC2, 0x5A, 0xB2, 0xEC, 0x1A, 0xB5, 0xEE, 0x59,
    0x2A, 0xCB, 0x54, 0x5A, 0x2A, 0x97, 0x98, 0xD3, 0x3C, 0x25, 0xC9, 0x53, 0x52, 0xD2, 0xDC, 0x62,
    0x49, 0xC9, 0x90, 0xDF, 0x0B, 0x6D, 0xAD, 0x85, 0xFE, 0xEF, 0x8C, 0xB3, 0x2D, 0x2F, 0xF4, 0x9E,
    0x84, 0x81, 0x5E, 0x18, 0x74, 0x2C, 0xC3, 0x0B, 0xE9, 0x6B, 0x3F, 0xCF, 0x7E, 0xE8, 0xC8, 0x06,
    0xEB, 0x21, 0x6E, 0x76, 0x09, 0x5A, 0x65, 0x36, 0x08, 0xA7, 0x11, 0x3D, 0x74, 0xCA, 0xEE, 0x81,
    0x4A, 0xA4, 0x44, 0xEE, 0x9A, 0xA3, 0xB7, 0x05, 0x90, 0xBA, 0x0C, 0xC8, 0x72, 0x5B, 0xC2, 0xA4,
    0x7D, 0x5C, 0x77, 0x89, 0xA2, 0x56, 0x7E, 0x92, 0x7A, 0xD7, 0xCD, 0x83, 0x9E, 0x02, 0x18, 0x18,
    0x81, 0x31, 0xEC, 0x40, 0x0E, 0x71, 0x02, 0x59, 0xE2, 0x00, 0x5B, 0xE4, 0x40, 0x32, 0x21, 0x1C,
    0x84, 0xD1, 0xF3, 0xCF, 0x98, 0xC3, 0x69, 0x3F, 0x1E, 0xD9, 0xC7, 0xA5, 0xCA, 0x57, 0xF7, 0x7B,
    0xF5, 0x47, 0x65, 0x80, 0xB5, 0x60, 0x50, 0x98, 0x5E, 0xD0, 0x61, 0xFA, 0xA0, 0xD3, 0xB5, 0xF8,
    0xBC, 0xDD, 0xAE, 0x38, 0xDA, 0x6E, 0xAF, 0xE3, 0x5A, 0x24, 0x39, 0x52, 0x97, 0xD4, 0x64, 0x2E,
    0x6E, 0x38, 0x77, 0x51, 0x1B, 0x7C, 0x5C, 0x86, 0xD3, 0xF9, 0xF7, 0x4B, 0xE3, 0x47, 0x9B, 0x63,
    0x9B, 0xF9, 0x8C, 0x16, 0x0B, 0xC1, 0x1A, 0x30, 0x7A, 0x1B, 0x62, 0x77, 0x70, 0x1B, 0x62, 0xA0,
    0x69, 0x80, 0xB8, 0xB3, 0x35, 0x24, 0x6D, 0xE6, 0x8E, 0x09, 0xDC, 0x26, 0xFD, 0x90, 0x1F, 0x9C,
    0x7D, 0x51, 0x9E, 0x1E, 0x99, 0xBA, 0x27, 0xE0, 0xCE, 0x35, 0x77, 0x44, 0x0C, 0xCA, 0x9E, 0xD7,
    0x56, 0x7A, 0x1A, 0x1D, 0x92, 0xE6, 0xE0, 0x19, 0x7A, 0x82, 0xE0, 0x20, 0xD2, 0xB4, 0x16, 0x6A,
    0x35, 0x98, 0x04, 0x61, 0x0F, 0x22, 0xEE, 0xFA, 0xBF, 0xE9, 0x98, 0xFF, 0x26, 0x2B, 0xAF, 0xFD,
    0x1B, 0xEB, 0x00, 0x7D, 0x9A, 0xC1, 0xFB, 0xC8, 0x92, 0x70, 0x54, 0x0E, 0xC7, 0xD9, 0x5C, 0x5B,
    0x9E, 0x9E, 0x98, 0xAA, 0x81, 0xA0, 0xE4, 0xA0, 0xC4, 0x23, 0x19, 0x85, 0x6F, 0x32, 0xA6, 0xF3,
    0x71, 0x19, 0xB4, 0x54, 0xF2, 0x95, 0x15, 0xB7, 0x61, 0x4D, 0xE2, 0xB6, 0x28, 0xB4, 0x2F, 0xEC,
    0x45, 0xAB, 0xC9, 0xCD, 0x5E, 0x59, 0xDC, 0x04, 0x35, 0x59, 0x19, 0xB6, 0x4C, 0x04, 0x6D, 0x28,
    0x99, 0x21, 0xD9, 0xA0, 0xEB, 0xED, 0xB9, 0x7F, 0xD0, 0x67, 0xA6, 0xF2, 0x6D, 0x86, 0xA9, 0xCA,
    0xB9, 0x1E, 0x45, 0x79, 0xF5, 0x79, 0x23, 0xDC, 0x26, 0xB7, 0x51, 0x7F, 0xFA, 0xA0, 0x11, 0xB8,
    0x71, 0x99, 0x77, 0x30, 0xEC, 0xEF, 0x37, 0xD0, 0x91, 0x10, 0xDD, 0x22, 0x21, 0x7C, 0xDA, 0x01,
    0x81, 0xAF, 0x55, 0x6F, 0x7E, 0xBB, 0xF4, 0x1E, 0x3F, 0x0B, 0x23, 0xDC, 0x3F, 0x0B, 0xA3, 0x28,
    0x80, 0x6C, 0x78, 0x61, 0xB6, 0xFF, 0x07, 0x6D, 0x94, 0x01, 0xA7, 0xE5, 0x46, 0x14, 0xC7, 0xFF,
    0x49, 0xEA, 0x05, 0xA1, 0x29, 0xA8, 0x52, 0xA4, 0x28, 0x68, 0xD9, 0xF9, 0x02, 0xDD, 0x4E, 0x14,
    0x60, 0xA1, 0x9F, 0xA3, 0xF0, 0x8A, 0x02, 0xDE, 0xDE, 0x84, 0x7E, 0x81, 0xF7, 0x11, 0x8A, 0x82,
    0x5B, 0x3C, 0x80, 0xE2, 0xDD, 0x9B, 0xA1, 0x58, 0x80, 0xB4, 0x45, 0xF1, 0x20, 0x74, 0xC1, 0x5B,
    0x34, 0x6C, 0xAA, 0xD9, 0x2B, 0x37, 0xD3, 0xFC, 0x8C, 0xBB, 0x09, 0xBB, 0xC7, 0xF5, 0x9B, 0xD9,
    0x7D, 0x66, 0xE6, 0x7F, 0xFE, 0xE7, 0x9C, 0x48, 0x52, 0xEA, 0x60, 0xB6, 0x61, 0x1E, 0x58, 0x4B,
    0xD7, 0xDE, 0x97, 0x4A, 0xBD, 0xF7, 0x92, 0x39, 0x35, 0x83, 0xD4, 0x94, 0x69, 0xAF, 0x68, 0x52,
    0x34, 0x2A, 0x19, 0xA4, 0x49, 0x69, 0x0F, 0xF3, 0x56, 0x3A, 0x70, 0x6E, 0xA1, 0xA9, 0xA1, 0x2D,
    0xA5, 0xB3, 0xAC, 0xF8, 0x6B, 0x60, 0x25, 0x0E, 0x1E, 0xA5, 0x38, 0x70, 0xD4, 0x41, 0x5C, 0x02,
    0x7B, 0x98, 0x75, 0x30, 0x77, 0xDA, 0x89, 0x4B, 0xAC, 0x38, 0x62, 0x5C, 0x7C, 0x96, 0x72, 0x1E,
    0x57, 0xE2, 0x3D, 0xCA, 0xAE, 0xDF, 0x28, 0x44, 0x5E, 0xC2, 0x02, 0xC8, 0x00, 0xCE, 0xC4, 0xDE,
    0x9F, 0x25, 0xE3, 0xFD, 0x28, 0xF9, 0x47, 0x5F, 0x2B, 0x99, 0x54, 0x38, 0x65, 0x3D, 0xF7, 0xE7,
    0x8E, 0xB7, 0x4C, 0x0D, 0xAD, 0x56, 0x56, 0x50, 0x47, 0x91, 0xCE, 0x61, 0x61, 0x07, 0xB3, 0x56,
    0xCF, 0xDF, 0xA3, 0x27, 0x42, 0xCF, 0x7C, 0xF7, 0x1E, 0x3D, 0x32, 0x40, 0x5F, 0x6F, 0xF8, 0x14,
    0xE8, 0x79, 0x34, 0x49, 0x76, 0x8A, 0xC6, 0x85, 0x63, 0x3C, 0x48, 0xD5, 0x6D, 0xD2, 0x4B, 0x3B,
    0xC1, 0x23, 0xD4, 0x99, 0x47, 0x35, 0x29, 0x0B, 0x6C, 0xF1, 0x2A, 0x77, 0xB8, 0x04, 0x07, 0x98,
    0x0C, 0x2A, 0xEA, 0x55, 0xBF, 0x29, 0x51, 0x6B, 0xC5, 0x11, 0xD8, 0xC2, 0xDC, 0x05, 0x22, 0xB5,
    0x40, 0xB3, 0x6C, 0xC9, 0x2F, 0x38, 0x39, 0xA3, 0xBC, 0x99, 0x44, 0x49, 0x3B, 0x94, 0xCF, 0x0A,
    0x91, 0xBE, 0xA7, 0xFA, 0xCB, 0x9A, 0xF9, 0x72, 0x61, 0xEE, 0x05, 0x5F, 0xAA, 0xA8, 0xD9, 0x14,
    0x25, 0x1B, 0x03, 0x65, 0xC5, 0xC6, 0x6A, 0xFD, 0xED, 0xA0, 0x9E, 0xB3, 0xD1, 0x81, 0xE4, 0x74,
    0x4F, 0x72, 0x9A, 0x14, 0x4D, 0x30, 0x59, 0x78, 0xD6, 0x87, 0x0B, 0x1B, 0x3D, 0xC5, 0x8F, 0x57,
    0xFF, 0x2E, 0x2C, 0xFC, 0x1F, 0x83, 0x74, 0x35, 0xC7, 0xBD, 0x08, 0x5D, 0x29, 0x68, 0x80, 0x16,
    0xE8, 0x1E, 0xA8, 0x07, 0x21, 0xAE, 0x5E, 0x42, 0x73, 0x86, 0x37, 0x05, 0xEC, 0xF3, 0x72, 0x43,
    0xC1, 0x27, 0xB0, 0x99, 0x60, 0xD1, 0xC1, 0x6D, 0x58, 0x07, 0x9B, 0x16, 0x62, 0x87, 0xE2, 0xD7,
    0x30, 0xF9, 0x9B, 0x57, 0xB2, 0xDF, 0x60, 0xFE, 0x23, 0x34, 0xDF, 0x40, 0x1B, 0x0F, 0xA2, 0x94,
    0x90, 0x52, 0x32, 0x03, 0x13, 0x7D, 0x03, 0xD3, 0x0E, 0xE6, 0x0E, 0x16, 0x8E, 0xCC, 0x2D, 0x7D,
    0xA8, 0xCA, 0xFB, 0x59, 0x9A, 0xF7, 0xFB, 0x23, 0xF9, 0xCB, 0x2A, 0x1E, 0x61, 0xD2, 0x43, 0x6A,
    0x6D, 0x71, 0x58, 0xA6, 0x34, 0xF5, 0xC2, 0xDA, 0x8A, 0xB2, 0x2D, 0xF8, 0xE4, 0x6D, 0x0B, 0x4D,
    0xE2, 0x0D, 0xE0, 0x14, 0x42, 0x9F, 0xDE, 0x2E, 0x60, 0x20, 0xE2, 0xFE, 0x86, 0xFF, 0x7F, 0x2A,
    0x40, 0x15, 0xBF, 0x62, 0xF7, 0x2B, 0x43, 0xC0, 0x89, 0xAA, 0xD4, 0x26, 0xB2, 0x39, 0x1A, 0x54,
    0x2D, 0x46, 0x47, 0xFE, 0xF1, 0x75, 0x9F, 0x8E, 0xFA, 0xB2, 0xCF, 0x5B, 0xE5, 0x7D, 0x51, 0x2F,
    0xEA, 0xAD, 0x94, 0xB6, 0x0B, 0xB2, 0x76, 0x47, 0x1A, 0x47, 0x70, 0x00, 0xE4, 0x53, 0x4F, 0x28,
    0x44, 0x7E, 0x79, 0xA6, 0x6E, 0x47, 0xC5, 0x7E, 0xD9, 0x67, 0x95, 0xCC, 0xE9, 0xB0, 0x53, 0xEE,
    0x87, 0x9D, 0x22, 0x5F, 0x1F, 0xB4, 0x89, 0xA4, 0x83, 0xCA, 0x7A, 0x88, 0x25, 0x6B, 0x29, 0x71,
    0x87, 0x18, 0x80, 0xF4, 0x91, 0xDE, 0x0D, 0xCF, 0x77, 0x47, 0x71, 0x58, 0x92, 0xFF, 0x4E, 0x7B,
    0x49, 0xE9, 0x5F, 0x5C, 0xA9, 0xFC, 0x45, 0x2B, 0x6E, 0x7C, 0xC6, 0x22, 0x1B, 0xBA, 0x75, 0x17,
    0x96, 0x29, 0x2C, 0x23, 0x16, 0x2A, 0xEE, 0x8B, 0x52, 0x78, 0x67, 0xF6, 0x3F, 0x91, 0x98, 0xF5,
    0x3D, 0x09, 0xB1, 0xC8, 0x94, 0x36, 0xE8, 0xD9, 0xB1, 0x54, 0x54, 0x4A, 0xF2, 0x2C, 0x8A, 0xE6,
    0x7D, 0xB0, 0x5C, 0x2C, 0x69, 0x58, 0xF2, 0x36, 0x1A, 0xC5, 0xE9, 0x68, 0x10, 0xA7, 0xE3, 0xD3,
    0xBE, 0xA4, 0x8C, 0xE8, 0x3B, 0x86, 0xE5, 0x6D, 0x44, 0x2D, 0x4C, 0x06, 0x98, 0x75, 0x6B, 0xF6,
    0xDB, 0x3E, 0xFE, 0x01, 0x6C, 0xC2, 0x0C, 0xD1, 0x2C, 0xF9, 0x39, 0xF3, 0x6D, 0x32, 0x37, 0xE6,
    0x55, 0x9F, 0xBB, 0xFC, 0x3E, 0xEA, 0x53, 0xFC, 0x1B, 0xE8, 0xAE, 0xA8, 0x67, 0x3C, 0x63, 0x32,
    0x70, 0x45, 0xA7, 0x8F, 0xEF, 0x5E, 0xF9, 0x3A, 0xF6, 0x28, 0x2E, 0x16, 0xDE, 0xCA, 0xD6, 0x24,
    0x7B, 0x90, 0xC1, 0x05, 0xA8, 0x91, 0x66, 0x5B, 0x78, 0x5D, 0x2E, 0x45, 0x8C, 0x1E, 0x9C, 0x29,
    0xAB, 0xBB, 0x17, 0xA7, 0x59, 0xD6, 0xC7, 0x7E, 0x54, 0x36, 0xAA, 0xBA, 0x15, 0x51, 0x02, 0x8D,
    0x20, 0x86, 0xA4, 0x2C, 0x9E, 0x81, 0xA6, 0x5C, 0x3F, 0x62, 0x1F, 0x68, 0x1B, 0x9F, 0x49, 0x57,
    0xFE, 0x76, 0xC2, 0xBC, 0xD3, 0xA0, 0xD8, 0xFF, 0xE2, 0x3B, 0xA5, 0x83, 0x2A, 0xA7, 0xA2, 0x65,
    0xB2, 0x6C, 0xA9, 0xC6, 0xA9, 0x52, 0xE4, 0x9D, 0xCE, 0x4A, 0x1E, 0x5A, 0x4D, 0xCA, 0x9F, 0xB5,
    0xF1, 0xA8, 0x27, 0x79, 0x9B, 0x0C, 0xBA, 0x81, 0x5A, 0xF2, 0x4C, 0xFA, 0xA4, 0x2D, 0x5C, 0xDA,
    0x67, 0x75, 0xE1, 0xB2, 0xDE, 0xC8, 0xD4, 0x59, 0x77, 0x23, 0x5B, 0x67, 0xED, 0x40, 0x8F, 0xFD,
    0xD9, 0xA9, 0x52, 0xF6, 0xE0, 0x74, 0x54, 0xF6, 0x0F, 0xB9, 0xA5, 0x67, 0x74, 0x26, 0x23, 0xD6,
    0x24, 0x93, 0x8C, 0x53, 0xBE, 0x3C, 0x5E, 0xCA, 0x34, 0x7E, 0x92, 0x76, 0x8B, 0x28, 0xA6, 0x67,
    0x1B, 0x8A, 0x43, 0x45, 0x42, 0x5E, 0x2D, 0x34, 0xF5, 0xFA, 0x89, 0x9E, 0x80, 0xBE, 0xD7, 0x36,
    0x18, 0xC6, 0x73, 0xDC, 0xD3, 0x81, 0x0F, 0x8E, 0xAF, 0xBD, 0x2F, 0x65, 0x5D, 0x4C, 0xF7, 0x0B,
    0x4E, 0xCA, 0x66, 0x64, 0x18, 0xCB, 0xB5, 0xF7, 0x30, 0xEE, 0xAD, 0x96, 0x2C, 0x1C, 0x63, 0x5D,
    0xA0, 0xB9, 0xBD, 0xD1, 0x4E, 0xD9, 0xEF, 0xBD, 0x0E, 0x4B, 0xEB, 0x3A, 0x94, 0x7B, 0xA1, 0xFC,
    0xAC, 0x14, 0xE5, 0xF8, 0x94, 0xF9, 0x47, 0x94, 0x5F, 0xD3, 0x78, 0x37, 0x28, 0xD7, 0xE7, 0x97,
    0x11, 0xE7, 0x1F, 0xB1, 0x27, 0xA5, 0x7C, 0x26, 0x3D, 0xDB, 0xE2, 0x6D, 0x45, 0x4B, 0xE9, 0x2C,
    0xC5, 0xA5, 0x26, 0x11, 0x5B, 0xCE, 0x40, 0x55, 0xC8, 0x70, 0xA6, 0xBC, 0xA9, 0x9F, 0xA9, 0xE0,
    0xB5, 0x27, 0x77, 0x15, 0x13, 0x8C, 0xCE, 0x50, 0x0D, 0x50, 0x05, 0x64, 0x01, 0x9A, 0xB9, 0x44,
    0xB6, 0x56, 0x34, 0xA9, 0x18, 0x94, 0x0D, 0x4A, 0xFD, 0xDE, 0x77, 0x8A, 0x18, 0x44, 0x44, 0xBD,
    0xD4, 0x26, 0x2E, 0x77, 0x91, 0x0C, 0x1C, 0xD6, 0xEE, 0xC9, 0x5A, 0x98, 0xD7, 0x82, 0x40, 0x51,
    0xF3, 0x46, 0xCA, 0xBD, 0x6F, 0x55, 0x3D, 0x36, 0x83, 0x70, 0x8F, 0x91, 0xFA, 0x36, 0xE2, 0x54,
    0x00, 0xB7, 0xC8, 0xFF, 0x8C, 0x78, 0x3F, 0x8A, 0xEC, 0x4B, 0xB4, 0xBB, 0xCB, 0x1C, 0x25, 0x20,
    0xED, 0x72, 0xAE, 0xB7, 0xAD, 0x8C, 0xC3, 0x19, 0x61, 0x12, 0xD2, 0x6A, 0x6D, 0x22, 0x1D, 0x39,
    0xD4, 0x8B, 0x7A, 0x03, 0x77, 0xE9, 0x65, 0x7B, 0xE9, 0xE7, 0xCA, 0x2F, 0xD1, 0x36, 0xD0, 0x7D,
    0xB7, 0x6F, 0xF6, 0xFB, 0x7A, 0xB5, 0x81, 0xD8, 0x6D, 0xBE, 0x54, 0x67, 0xA0, 0x69, 0x65, 0x14,
    0x38, 0xC2, 0x78, 0x80, 0x49, 0x60, 0xBF, 0x32, 0x0D, 0xEC, 0x36, 0x76, 0x04, 0xBA, 0x95, 0x45,
    0x60, 0xBD, 0x8E, 0x9A, 0x85, 0xDB, 0x90, 0x07, 0x9A, 0xD7, 0x67, 0xB7, 0x4F, 0xA5, 0x2D, 0xCC,
    0x9C, 0x56, 0x6D, 0x40, 0xE3, 0xC5, 0xD4, 0xB8, 0x0F, 0x52, 0x64, 0xBC, 0xF7, 0xBD, 0x5D, 0xD0,
    0x7D, 0x71, 0x77, 0xDA, 0xDF, 0x2A, 0x0B, 0xBE, 0x6C, 0x80, 0x10, 0x50, 0xAE, 0x5E, 0xAD, 0x88,
    0x6B, 0xED, 0x94, 0xB7, 0x0B, 0x9A, 0x5A, 0x87, 0x94, 0x11, 0x30, 0x9D, 0x34, 0x53, 0xA2, 0x66,
    0xE4, 0xC4, 0xED, 0xBB, 0xAA, 0xE7, 0x8B, 0x66, 0x3C, 0x42, 0x31, 0x82, 0x2F, 0x7A, 0xFF, 0x07,
    0x1D, 0x8E, 0x01, 0x66, 0xEC, 0x40, 0x00, 0x86, 0xBF, 0x64, 0xE2, 0x05, 0x83, 0x79, 0x07, 0x78,
    0xFB, 0x06, 0xA0, 0x4A, 0x3B, 0x17, 0xD8, 0xEE, 0xC4, 0x9E, 0xA0, 0xE7, 0x28, 0xB4, 0x28, 0x8A,
    0x74, 0x33, 0xED, 0x09, 0xF6, 0x18, 0x55, 0x14, 0x40, 0xCB, 0xB6, 0x3B, 0x47, 0x98, 0x23, 0x04,
    0x0A, 0x16, 0x0D, 0x82, 0x41, 0xB2, 0xD3, 0x6C, 0xFC, 0x3F, 0xF0, 0x7F, 0x7E, 0x1F, 0x5C, 0xB0,
    0xC1, 0xA2, 0x51, 0x4E, 0x7A, 0xE1, 0x00, 0xB8, 0x67, 0xCC, 0x63, 0xD9, 0x2A, 0x6F, 0xF8, 0x07,
    0x60, 0x5B, 0xD8, 0x77, 0xE4, 0xC7, 0x01, 0xD9, 0x7E, 0x62, 0x9C, 0xE5, 0x0A, 0x55, 0x15, 0x40,
    0xB6, 0x05, 0x3D, 0x66, 0xD8, 0x74, 0xF0, 0x67, 0x3A, 0x39, 0xB2, 0x91, 0xF3, 0xD7, 0x97, 0x26,
    0x0D, 0x53, 0xFF, 0x52, 0xF0, 0x8E, 0xA6, 0x66, 0xC3, 0x8A, 0x01, 0x73, 0xE8, 0x51, 0x29, 0x4C,
    0x47, 0x15, 0xD6, 0x9F, 0xD2, 0xB8, 0xE6, 0xE9, 0xD8, 0xAC, 0xC7, 0xFD, 0x7A, 0x4C, 0x62, 0xB8,
    0xD9, 0xEE, 0xFB, 0x14, 0x89, 0x79, 0x57, 0x06, 0xE5, 0xFE, 0x90, 0x7D, 0x20, 0x53, 0x65, 0x4A,
    0xBF, 0x14, 0x61, 0x6A, 0x2D, 0xFC, 0x52, 0x3A, 0x93, 0x28, 0x7B, 0x00, 0xB2, 0xB0, 0x40, 0xF4,
    0xB6, 0x92, 0xE1, 0x0B, 0xED, 0x22, 0x56, 0x74, 0xEC, 0xA4, 0xE7, 0xAE, 0x04, 0x00, 0x28, 0xA8,
    0xD1, 0x58, 0xA6, 0xFD, 0x39, 0xA2, 0x7E, 0x5A, 0x44, 0x72, 0xE4, 0x09, 0xE8, 0xF3, 0x4E, 0x74,
    0x32, 0xA8, 0x59, 0x42, 0x75, 0x2A, 0x68, 0xAF, 0x9D, 0x61, 0xC5, 0x12, 0x1E, 0xD9, 0x4D, 0x89,
    0xB6, 0x6F, 0x5A, 0xDD, 0x9A, 0x70, 0x12, 0x95, 0xFD, 0xCC, 0xCC, 0x44, 0x0D, 0xD7, 0xD0, 0x91,
    0x05, 0xC4, 0x37, 0xDC, 0x56, 0x28, 0xB7, 0xD0, 0xCE, 0x26, 0x64, 0x84, 0xFF, 0xF0, 0x80, 0x08,
    0xA8, 0x8A, 0x4B, 0x58, 0x15, 0xD8, 0x37, 0xCC, 0x3C, 0xFD, 0x02, 0xE5, 0x9C, 0x01, 0xA4, 0x2C,
    0xD9, 0x99, 0xC7, 0x4F, 0x55, 0xCD, 0x4C, 0x6D, 0xA6, 0xD8, 0x1A, 0x64, 0x23, 0x32, 0xB2, 0xB5,
    0x08, 0xD6, 0xCB, 0x26, 0x07, 0x20, 0xC8, 0xEB, 0xAA, 0xCC, 0xCA, 0x06, 0xC1, 0x0E, 0x76, 0x41,
    0x30, 0x8B, 0x05, 0xC3, 0xE6, 0x2D, 0x82, 0x65, 0x5F, 0x77, 0x55, 0x12, 0x04, 0x81, 0x87, 0xB0,
    0x00, 0xC1, 0x20, 0xD3, 0x0F, 0x37, 0x08, 0x82, 0xEE, 0xAE, 0x9A, 0x84, 0x1D, 0x0C, 0x52, 0x9B,
    0x15, 0x41, 0x30, 0x95, 0xE4, 0x8D, 0xEC, 0xBE, 0x97, 0xDD, 0xA9, 0x99, 0xD4, 0x98, 0x7A, 0x77,
    0xAA, 0xEA, 0xEC, 0xF7, 0xFF, 0x9F, 0xEA, 0xEA, 0xAE, 0x3B, 0x7D, 0x33, 0xF3, 0xB2, 0xE3, 0xCD,
    0x7D, 0xBB, 0x7D, 0x6F, 0xFD, 0xCE, 0xBD, 0xB7, 0x6F, 0xF7, 0xF9, 0xCE, 0x77, 0xBE, 0xF3, 0x9D,
    0xEF, 0x7C, 0xE7, 0x54, 0xAB, 0xF1, 0xE1, 0x55, 0x64, 0x0D, 0xBA, 0x0D, 0xA8, 0x5A, 0x72, 0x43,
    0x7E, 0x9E, 0x7C, 0x4A, 0xCD, 0x1F, 0xB1, 0x31, 0xA6, 0x18, 0x99, 0xAE, 0xD7, 0xEB, 0x44, 0xAD,
    0xF8, 0xF7, 0x2D, 0xD9, 0x93, 0xDD, 0x81, 0x8E, 0x65, 0x7B, 0xA8, 0xC3, 0x3B, 0x5F, 0xAF, 0x5F,
    0x50, 0x9E, 0xBC, 0x41, 0x4B, 0x36, 0xCA, 0xA7, 0x1C, 0x96, 0x41, 0x09, 0x86, 0x96, 0xC5, 0x81,
    0x91, 0x65, 0x06, 0xEA, 0x04, 0x8C, 0xA5, 0xF2, 0xEC, 0x58, 0x1C, 0xFC, 0xAD, 0x30, 0xC2, 0xF4,
    0xEB, 0xC3, 0xC4, 0xFC, 0x19, 0x2B, 0xD2, 0xA3, 0xD3, 0x0A, 0xD0, 0xE2, 0xDA, 0xD9, 0xF9, 0x8B,
    0x7C, 0x2F, 0x02, 0xEF, 0x31, 0x03, 0xDF, 0x46, 0x7F, 0xF1, 0x3B, 0x02, 0x63, 0x12, 0xBC, 0xA4,
    0x54, 0xF1, 0xAD, 0xA8, 0x56, 0x31, 0xFA, 0x74, 0xA5, 0xBC, 0x46, 0x6D, 0x09, 0xFC, 0xDA, 0xED,
    0x21, 0x4D, 0xF1, 0x6B, 0xA7, 0x15, 0x41, 0xA5, 0x21, 0x41, 0x29, 0xCF, 0x87, 0xA5, 0x3C, 0x15,
    0x16, 0x84, 0x5F, 0x8F, 0x6F, 0x2B, 0xF8, 0x3B, 0x9D, 0x48, 0x93, 0x63, 0xF9, 0x6D, 0x00, 0xD2,
    0x01, 0x75, 0x76, 0x93, 0x06, 0x1C, 0x20, 0xA0, 0x20, 0x40, 0x9C, 0xEC, 0xD5, 0x07, 0x2D, 0xB9,
    0x34, 0xAA, 0xE4, 0x58, 0xE5, 0xA9, 0x31, 0x3D, 0xD0, 0xA9, 0xDD, 0x7A, 0xFD, 0x3D, 0xEA, 0xF5,
    0x00, 0xAA, 0xD6, 0x25, 0x1A, 0xDA, 0xE4, 0x0C, 0x54, 0x6A, 0x00, 0x5C, 0xAE, 0x07, 0x22, 0x81,
    0x20, 0x6A, 0x86, 0x15, 0xB0, 0x03, 0xE4, 0x79, 0x69, 0x82, 0x6B, 0x4C, 0xA5, 0xC2, 0xE1, 0xAC,
    0x15, 0x63, 0x71, 0x3A, 0x3C, 0xB3, 0x43, 0xEF, 0x2E, 0x0E, 0x15, 0x85, 0x53, 0x1D, 0x11, 0xA0,
    0xD9, 0x29, 0x04, 0xEC, 0x04, 0x6F, 0x7A, 0x19, 0x5C, 0x68, 0x21, 0x2C, 0xE5, 0x65, 0xBA, 0x08,
    0x6B, 0x95, 0x2B, 0xDF, 0x9C, 0xF5, 0xCA, 0x31, 0xA6, 0x96, 0xF7, 0x1A, 0x20, 0xDC, 0xD3, 0xE6,
    0x16, 0x45, 0xE8, 0x94, 0xC8, 0x70, 0x1B, 0xBD, 0x56, 0xAA, 0x54, 0x4C, 0x10, 0xCD, 0x83, 0xD9,
    0xB9, 0x89, 0xD5, 0xC9, 0x8C, 0x03, 0x99, 0x96, 0xB6, 0x09, 0xB7, 0x20, 0xA7, 0xE1, 0xBB, 0xDD,
    0xC0, 0x1B, 0xA3, 0x53, 0x40, 0xC7, 0x5A, 0x6D, 0x4E, 0xA6, 0x64, 0x3C, 0xFE, 0x1C, 0xF0, 0x4D,
    0xE2, 0x0C, 0x76, 0x1C, 0x49, 0xAF, 0x8B, 0xB1, 0x9A, 0xB5, 0xA9, 0x20, 0x99, 0x49, 0x20, 0xD4,
    0x9D, 0x69, 0x48, 0xA4, 0xE4, 0xB5, 0xDB, 0xE7, 0xEB, 0x84, 0xCA, 0x47, 0x65, 0xE0, 0x83, 0x1B,
    0xB6, 0xE5, 0xB1, 0x1C, 0xC0, 0x7B, 0x8F, 0x33, 0xA9, 0x7C, 0x98, 0x86, 0x44, 0x0A, 0xCE, 0x06,
    0x33, 0xD8, 0x09, 0x8D, 0x07, 0xCE, 0x1F, 0x57, 0xBC, 0x15, 0xA1, 0x31, 0x2D, 0xD0, 0xA8, 0x27,
    0xD7, 0xB7, 0x9B, 0xB9, 0x85, 0x13, 0x07, 0x0B, 0x2F, 0xE7, 0x16, 0x4E, 0x1C, 0x2C, 0x1C, 0x98,
    0x59, 0x38, 0xF0, 0x98, 0xC8, 0x03, 0x89, 0x60, 0xD3, 0x6E, 0x27, 0xFF, 0x24, 0xDD, 0xAC, 0xCF,
    0xF3, 0x4A, 0x05, 0xEC, 0xE4, 0xBC, 0xB5, 0xEA, 0xE9, 0x8E, 0x8B, 0x35, 0xFF, 0xB8, 0x74, 0x58,
    0x6C, 0xED, 0xB8, 0xDE, 0x58, 0x7D, 0x75, 0xB3, 0xA2, 0xA5, 0x6C, 0x4E, 0xE3, 0x97, 0x1C, 0xDC,
    0x81, 0xC9, 0x20, 0x78, 0x68, 0x1A, 0x16, 0xF7, 0x3A, 0x29, 0xAA, 0xB0, 0x18, 0xA4, 0x0D, 0x65,
    0x94, 0xC1, 0x9A, 0x8B, 0x28, 0x89, 0x21, 0xBD, 0x66, 0x91, 0xC5, 0x10, 0x35, 0x4A, 0x58, 0x08,
    0x20, 0xF3, 0x42, 0x40, 0x71, 0x97, 0x72, 0x89, 0x04, 0x5B, 0x71, 0x45, 0x9F, 0xAE, 0xD5, 0x20,
    0x12, 0xC7, 0x85, 0x32, 0x26, 0x93, 0x27, 0x94, 0x69, 0xD9, 0x36, 0x9D, 0x80, 0x31, 0x84, 0x24,
    0xBB, 0x91, 0x2B, 0x72, 0xA9, 0xF8, 0x7A, 0xC8, 0x87, 0x0E, 0x70, 0x41, 0xA8, 0x95, 0x74, 0xE0,
    0xA0, 0xCF, 0x6F, 0x8B, 0x0E, 0x7C, 0x63, 0xCE, 0xF3, 0x42, 0x58, 0x87, 0x55, 0x20, 0x3E, 0xCF,
    0xAF, 0xE1, 0xF4, 0x3C, 0xA1, 0x5F, 0x91, 0xF2, 0xB7, 0x28, 0x0B, 0xC0, 0x04, 0x7F, 0xD3, 0xC2,
    0xA0, 0x8C, 0xA5, 0x11, 0x51, 0x11, 0x2B, 0x69, 0x56, 0x22, 0xBC, 0x37, 0x40, 0x1C, 0x83, 0xEA,
    0x62, 0x93, 0x7D, 0xF8, 0xCE, 0xBA, 0x40, 0xB7, 0x1C, 0xCD, 0xE6, 0x01, 0x19, 0x15, 0x07, 0x83,
    0xDD, 0x90, 0xCD, 0xE9, 0xC9, 0x1C, 0xFF, 0x0A, 0xC6, 0x09, 0xB8, 0x83, 0x96, 0xA5, 0x4E, 0x8A,
    0x02, 0xE2, 0xDD, 0x3A, 0x36, 0x00, 0x06, 0x85, 0xA7, 0x52, 0xEA, 0x9A, 0x5A, 0x86, 0xBB, 0x16,
    0xCD, 0xD6, 0x42, 0x34, 0x09, 0x2C, 0x60, 0xC9, 0x41, 0x29, 0xAC, 0x60, 0xD1, 0xD0, 0x25, 0x8C,
    0xD9, 0x6D, 0x84, 0xF0, 0xB6, 0x42, 0xD5, 0xB1, 0xCE, 0x9E, 0x2A, 0x59, 0xD1, 0xA2, 0xC7, 0xFA,
    0xEF, 0x50, 0x9C, 0x06, 0xF4, 0x29, 0x6E, 0xB2, 0x9F, 0x61, 0x60, 0x56, 0x47, 0xA1, 0x0A, 0x39,
    0xB6, 0xE8, 0x87, 0xA7, 0xDB, 0xC5, 0x9A, 0x56, 0x08, 0x08, 0xD0, 0xA8, 0xB4, 0x80, 0x75, 0x98,
    0x0C, 0x3A, 0x35, 0x89, 0x30, 0x30, 0x89, 0x48, 0x13, 0xBE, 0x8E, 0xB6, 0xC4, 0x37, 0x60, 0x31,
    0xBB, 0x58, 0x9A, 0xEC, 0x74, 0x0B, 0x05, 0x8B, 0x58, 0x0A, 0x83, 0x6A, 0x2B, 0x6D, 0x89, 0x8A,
    0x4E, 0xDA, 0x12, 0xE3, 0x25, 0xE5, 0x16, 0x2F, 0x79, 0xA9, 0x95, 0x97, 0x84, 0x3F, 0xAE, 0xE5,
    0x25, 0xE1, 0xB7, 0xD1, 0xBC, 0xE8, 0xB9, 0x0C, 0x4C, 0x95, 0x50, 0xF7, 0x18, 0xC3, 0x71, 0x4B,
    0xD6, 0xB0, 0x83, 0xB8, 0x80, 0x20, 0x69, 0x42, 0x2A, 0x50, 0x39, 0x99, 0x73, 0x0B, 0x3F, 0x41,
    0xC3, 0x41, 0x89, 0x71, 0xE5, 0x95, 0xF8, 0xBB, 0x7B, 0x9E, 0xA3, 0xC1, 0x86, 0xEE, 0x44, 0x57,
    0xEA, 0xC4, 0x23, 0xCC, 0x30, 0xD1, 0xE1, 0x9F, 0x63, 0x1A, 0xD9, 0x0E, 0x15, 0x59, 0x6B, 0x71,
    0x1B, 0xD0, 0xE7, 0x0F, 0x61, 0x89, 0x76, 0x45, 0xC5, 0x7C, 0x9C, 0x6C, 0xE9, 0x9C, 0x56, 0x1C,
    0xEB, 0xB1, 0x57, 0x83, 0x34, 0x54, 0xFD, 0xD7, 0xB4, 0xCF, 0xB3, 0x04, 0x15, 0x18, 0xAA, 0xBC,
    0x07, 0xFD, 0x76, 0x52, 0x39, 0xAB, 0xA1, 0xF4, 0xFB, 0x99, 0xF6, 0x5A, 0x4E, 0x35, 0xF7, 0x64,
    0x75, 0xA4, 0xF3, 0x94, 0x5C, 0xB1, 0x77, 0xB7, 0xFC, 0xE7, 0x5E, 0x08, 0x9D, 0xE3, 0x1F, 0x48,
    0x87, 0x84, 0x1C, 0x2B, 0x48, 0x3B, 0x1A, 0x5B, 0xCF, 0xAA, 0x3A, 0x4B, 0x34, 0xC4, 0x11, 0x56,
    0xF8, 0xB7, 0xA0, 0x1C, 0x1B, 0xE5, 0x09, 0x0B, 0xFC, 0x03, 0x89, 0x06, 0x32, 0x5C, 0xC1, 0xBF,
    0xE9, 0x84, 0xDA, 0x86, 0xB1, 0x61, 0x9A, 0x3E, 0x2B, 0xE6, 0x9E, 0xD7, 0xAB, 0x67, 0x6D, 0x01,
    0x4B, 0x30, 0x20, 0x1F, 0x4F, 0x40, 0x18, 0x0B, 0x98, 0x97, 0xA0, 0xA9, 0x04, 0xEE, 0xEF, 0x40,
    0xEF, 0xD7, 0xB5, 0x30, 0xF8, 0x31, 0x18, 0x7E, 0x13, 0xD4, 0xCF, 0x80, 0xB1, 0xDB, 0xD0, 0x79,
    0x82, 0x1D, 0x9A, 0x23, 0xD7, 0xE8, 0x78, 0x58, 0xCB, 0xB1, 0xB9, 0x6F, 0x39, 0x33, 0xF5, 0x8C,
    0x82, 0x06, 0xA5, 0x86, 0xF5, 0x7A, 0x37, 0xEA, 0xC1, 0x6D, 0x41, 0xAF, 0x06, 0x83, 0x4A, 0x98,
    0x40, 0xCD, 0x3A, 0xD1, 0xEC, 0xEB, 0xD8, 0xBA, 0x8E, 0xDC, 0x98, 0x06, 0xA8, 0xF1, 0xCA, 0xEF,
    0x5E, 0x0C, 0x9B, 0x9A, 0x13, 0x61, 0xD3, 0xF9, 0xFA, 0x59, 0xE5, 0xA3, 0xC6, 0x00, 0x73, 0x7C,
    0x58, 0x22, 0x22, 0x29, 0x44, 0x3B, 0x02, 0xBF, 0xA2, 0xE6, 0xA8, 0x38, 0xE8, 0xAD, 0x62, 0xD0,
    0xC2, 0xEE, 0x13, 0xE8, 0x22, 0x15, 0x29, 0x93, 0x74, 0x7D, 0xBB, 0xB7, 0xD5, 0x8A, 0xC0, 0x09,
    0xA5, 0x4F, 0x80, 0x5A, 0xC9, 0x33, 0x74, 0xB9, 0x3D, 0x1A, 0xB5, 0x82, 0x18, 0xE9, 0x84, 0x1D,
    0x04, 0xEA, 0x45, 0x23, 0x6E, 0x27, 0x02, 0x3D, 0x5D, 0x7B, 0xA8, 0x5C, 0xD0, 0x43, 0x20, 0xF1,
    0xBD, 0x15, 0xDC, 0x43, 0x25, 0x6D, 0x0E, 0x4A, 0x69, 0x7E, 0x58, 0x1C, 0xC1, 0x6D, 0x45, 0x20,
    0xAF, 0xD1, 0x22, 0x55, 0x2D, 0x52, 0x45, 0xA5, 0x74, 0xA3, 0xC9, 0xA8, 0x34, 0x41, 0x75, 0x25,
    0xE2, 0x47, 0x0F, 0xB5, 0x93, 0xD4, 0x30, 0xBB, 0x19, 0x95, 0x06, 0xF4, 0x70, 0xF4, 0xCF, 0xF4,
    0xCD, 0x07, 0xFA, 0xC2, 0x28, 0x43, 0xD5, 0x3A, 0x41, 0xDD, 0xB1, 0x0A, 0x2D, 0x8B, 0x3D, 0x77,
    0xAC, 0xBF, 0xA7, 0x00, 0x1D, 0x24, 0x70, 0x5B, 0x54, 0xEC, 0x35, 0xA0, 0x5F, 0x8F, 0x36, 0xBD,
    0xA2, 0x15, 0xED, 0xE8, 0x28, 0xB7, 0xEA, 0x49, 0xB3, 0x5E, 0x0F, 0xDF, 0x8D, 0x8C, 0x3C, 0x6A,
    0x4B, 0xCD, 0xA6, 0xC6, 0x60, 0x05, 0xFA, 0xE5, 0x82, 0xAD, 0x5D, 0x81, 0xC5, 0x47, 0x69, 0xE4,
    0x57, 0x7A, 0xE9, 0x16, 0x66, 0x81, 0x9D, 0xD9, 0xE0, 0x12, 0xA5, 0xC0, 0x97, 0x0A, 0x04, 0x51,
    0xC6, 0x22, 0xB6, 0xA1, 0xC5, 0x0A, 0x85, 0x4E, 0xB6, 0x68, 0xA7, 0x56, 0x1D, 0x0A, 0x0C, 0x43,
    0xB4, 0xDD, 0xAB, 0x51, 0xAC, 0x20, 0x85, 0x73, 0x6E, 0xCE, 0x50, 0x69, 0x8E, 0xB1, 0x46, 0x49,
    0x29, 0x58, 0x17, 0x66, 0x90, 0xA6, 0xA3, 0xF2, 0xBF, 0xD0, 0xA2, 0x48, 0x1D, 0x16, 0xBD, 0xDB,
    0x04, 0x25, 0x83, 0x1D, 0x1F, 0xD6, 0xC9, 0xC2, 0xAB, 0xF1, 0x25, 0x66, 0xE3, 0x57, 0x14, 0x8C,
    0x85, 0xCE, 0xD8, 0xD7, 0xE8, 0x3A, 0xAA, 0xE4, 0x86, 0x8C, 0x0D, 0x1F, 0xE6, 0xA9, 0xCF, 0xCF,
    0x3A, 0x65, 0x12, 0xB7, 0x57, 0x9F, 0x1B, 0x03, 0xF6, 0xDD, 0xA4, 0xD4, 0x6E, 0x6F, 0x9B, 0x81,
    0x78, 0xB5, 0x75, 0x9E, 0x89, 0x44, 0x10, 0x19, 0xC2, 0x61, 0x6E, 0xE2, 0x13, 0x90, 0xF3, 0x04,
    0xFC, 0xFA, 0x2F, 0x20, 0x79, 0x8E, 0x71, 0x19, 0x97, 0x2A, 0x57, 0xD1, 0x70, 0xD6, 0xA3, 0x45,
    0x15, 0xEA, 0xBE, 0xE2, 0x33, 0x9D, 0xFA, 0x94, 0xFA, 0xB8, 0xB0, 0xB5, 0x93, 0x10, 0xCD, 0xEC,
    0xA6, 0xE2, 0xF4, 0x83, 0xA0, 0x41, 0x45, 0x8C, 0xEC, 0x9F, 0x18, 0x14, 0x1F, 0x8F, 0xD0, 0x0C,
    0x7E, 0xA5, 0xA3, 0x26, 0xDF, 0x5A, 0x7B, 0x60, 0x8B, 0xF0, 0xAE, 0x4C, 0x34, 0x7C, 0x03, 0x16,
    0xD4, 0x22, 0xDE, 0xA2, 0x43, 0x91, 0xB0, 0xD0, 0x2C, 0x38, 0x23, 0xB3, 0x70, 0xC7, 0xA2, 0xA1,
    0xF3, 0xA3, 0x15, 0x6E, 0x6D, 0xD1, 0xED, 0x0B, 0x8E, 0xF7, 0x96, 0xED, 0x64, 0x5C, 0xAA, 0xEC,
    0xA4, 0x3C, 0x15, 0x41, 0x89, 0x02, 0x57, 0x94, 0xB1, 0x02, 0x2D, 0x45, 0xCA, 0x9F, 0x3E, 0xC1,
    0x49, 0x0F, 0xBA, 0x65, 0x91, 0xA1, 0x80, 0x71, 0xAB, 0xA0, 0xC5, 0x5A, 0x38, 0x6C, 0x10, 0x4E,
    0x68, 0x61, 0x8D, 0xEF, 0xB4, 0x56, 0xA6, 0x56, 0xDB, 0xC6, 0x79, 0xA7, 0x56, 0x9B, 0xD6, 0x93,
    0xE9, 0xB8, 0xDB, 0x04, 0x3F, 0x2F, 0x55, 0x7B, 0x33, 0xFC, 0x96, 0xF0, 0xBA, 0x0E, 0x0A, 0xA7,
    0x59, 0x2C, 0x64, 0x30, 0xD6, 0xBA, 0x0B, 0xA5, 0x1B, 0xA3, 0x06, 0x0C, 0xAB, 0x28, 0xC1, 0x7A,
    0x44, 0x8B, 0xA4, 0x41, 0x26, 0x2C, 0x7D, 0xCC, 0xAE, 0x85, 0xA3, 0x16, 0x14, 0xCC, 0x72, 0xC9,
    0x78, 0x6A, 0x03, 0x19, 0xC1, 0x84, 0xFE, 0x77, 0x6F, 0xAF, 0x8E, 0x65, 0x73, 0xB0, 0xC4, 0x51,
    0x7B, 0x11, 0x48, 0x15, 0x4E, 0x71, 0x4D, 0x72, 0x88, 0x68, 0xAC, 0xDE, 0x52, 0x1A, 0xC2, 0x8E,
    0xEA, 0xDA, 0xD2, 0x6B, 0xF6, 0xEC, 0x97, 0x6E, 0x24, 0x67, 0x3F, 0xE9, 0x61, 0xE8, 0x1A, 0x53,
    0x5F, 0x33, 0x45, 0x34, 0x64, 0x06, 0xEA, 0x84, 0x36, 0x98, 0xA8, 0x40, 0x08, 0x95, 0xCE, 0x03,
    0x2C, 0x10, 0xFE, 0xE7, 0x3E, 0x7B, 0x3C, 0xC3, 0x4A, 0xAF, 0x56, 0x79, 0xE2, 0xCB, 0x08, 0x90,
    0xF7, 0x46, 0xF5, 0x9D, 0x5F, 0x0B, 0xE0, 0x8E, 0xB7, 0x61, 0x21, 0xD0, 0x99, 0x00, 0x4B, 0xC7,
    0x9E, 0xC3, 0x91, 0x80, 0x5D, 0x76, 0x3B, 0x78, 0x27, 0x02, 0x6E, 0xB5, 0x01, 0x6A, 0x01, 0x86,
    0x8F, 0x54, 0xB2, 0x1A, 0xC3, 0x90, 0x54, 0x3A, 0xC9, 0x15, 0xA1, 0xCF, 0xF3, 0x86, 0x36, 0x8B,
    0xBA, 0xE7, 0xEB, 0x6D, 0xCC, 0x29, 0xF9, 0x51, 0xD4, 0x17, 0xBF, 0x2B, 0xEA, 0x4B, 0x3F, 0x88,
    0xA8, 0x2F, 0x3B, 0x1D, 0xF5, 0x81, 0xC5, 0x48, 0xCE, 0x96, 0x94, 0xAD, 0x24, 0x3B, 0x85, 0xA8,
    0xC5, 0xA0, 0x6A, 0x4E, 0xA0, 0x76, 0x2C, 0x91, 0xDD, 0x81, 0x90, 0x50, 0x67, 0xEC, 0xC5, 0x04,
    0x12, 0xE6, 0x8C, 0xA8, 0x7B, 0x3B, 0xD3, 0x91, 0x52, 0xE9, 0xF9, 0xFA, 0x3B, 0x17, 0xE6, 0xBB,
    0xE2, 0x22, 0xA3, 0xEC, 0xBD, 0xB3, 0x08, 0x53, 0x2E, 0xAA, 0x44, 0x2E, 0x4A, 0xCC, 0x1D, 0xBA,
    0x95, 0x3E, 0xE8, 0x21, 0xC4, 0x0A, 0x9A, 0x79, 0x0A, 0xDD, 0x87, 0xCE, 0x9F, 0xE5, 0x00, 0x00,
    0x9D, 0xF1, 0x2D, 0x27, 0xA8, 0x8B, 0x70, 0x00, 0x99, 0x1F, 0x2F, 0xE6, 0xA2, 0x6E, 0xEF, 0x73,
    0x51, 0x4F, 0x0F, 0x09, 0xBB, 0xCC, 0x94, 0x39, 0x58, 0x3C, 0xBF, 0xCE, 0x31, 0x21, 0x3F, 0x60,
    0x86, 0x63, 0x1E, 0x1A, 0x80, 0xEC, 0xC6, 0x0F, 0x20, 0xE1, 0x72, 0xA5, 0xD7, 0x39, 0x53, 0xB3,
    0xC9, 0x1A, 0x7C, 0xFA, 0x3C, 0xE1, 0x30, 0x94, 0x3F, 0x69, 0x46, 0xF9, 0xE6, 0x4B, 0xBF, 0x31,
    0x8C, 0x72, 0xD3, 0x44, 0x3C, 0x7B, 0x21, 0x3D, 0xC0, 0xAF, 0x28, 0x03, 0xB5, 0xB4, 0x0F, 0x01,
    0x4D, 0x94, 0x80, 0x5A, 0xB8, 0x52, 0x5A, 0x81, 0xC8, 0x32, 0x2C, 0x15, 0xFE, 0xB6, 0x54, 0x0B,
    0x66, 0x49, 0x96, 0x72, 0xC5, 0x6C, 0x52, 0x9C, 0x6D, 0xC4, 0x5B, 0xE8, 0xAA, 0x0B, 0x2B, 0x11,
    0x7F, 0x30, 0x19, 0x2C, 0x92, 0x79, 0x6E, 0x53, 0x5D, 0x10, 0xC7, 0x23, 0x9D, 0x67, 0x41, 0x8E,
    0x83, 0x8C, 0xAA, 0xCF, 0x69, 0x4E, 0x0E, 0x97, 0x28, 0xEC, 0x2F, 0x78, 0x9F, 0x8A, 0x7A, 0x63,
    0x5B, 0x77, 0xCA, 0x36, 0xD6, 0x76, 0xAE, 0xFE, 0xCB, 0x86, 0xBA, 0xF8, 0x49, 0xC5, 0x02, 0x03,
    0x1E, 0x6D, 0x04, 0x95, 0xD7, 0xB1, 0xF0, 0x6D, 0x11, 0xF6, 0x2C, 0xE2, 0x9C, 0xC5, 0x8E, 0xFD,
    0xE8, 0x76, 0xEC, 0x5A, 0xBF, 0xB6, 0x99, 0xAC, 0xD2, 0x67, 0x3F, 0x24, 0xB4, 0x92, 0x81, 0x32,
    0xB8, 0x72, 0xF5, 0x36, 0xF2, 0x49, 0x47, 0x31, 0x13, 0x7C, 0x53, 0x96, 0x98, 0xDF, 0x2B, 0x90,
    0xAB, 0x0C, 0x72, 0x47, 0xE3, 0xDB, 0x92, 0x70, 0x72, 0x64, 0x0B, 0xBA, 0x0D, 0x7E, 0xF0, 0x1A,
    0xB4, 0x68, 0xB2, 0x11, 0x98, 0x09, 0xC9, 0x55, 0x07, 0xEC, 0x08, 0x81, 0x65, 0x39, 0x4E, 0x4E,
    0x21, 0xC8, 0x19, 0xCA, 0x32, 0xC3, 0x0F, 0x58, 0x77, 0x64, 0x10, 0xE2, 0x30, 0xBD, 0x8A, 0x4B,
    0xFB, 0x4F, 0x8E, 0x95, 0x6E, 0xE4, 0x61, 0x67, 0xE4, 0x9F, 0x48, 0x84, 0xFF, 0x8D, 0x62, 0xCF,
    0xBF, 0x86, 0x49, 0x2D, 0x32, 0x95, 0x50, 0x89, 0x23, 0x9C, 0x96, 0x37, 0x2D, 0x7D, 0xBC, 0x5D,
    0xDE, 0x24, 0x22, 0x11, 0x81, 0xF9, 0x9A, 0xA8, 0xE8, 0xDD, 0x05, 0x21, 0x51, 0x58, 0x24, 0x22,
    0x8F, 0x2E, 0x9D, 0x3C, 0x0B, 0xB9, 0x84, 0x02, 0xD4, 0x27, 0x5E, 0x38, 0x0C, 0xF3, 0x14, 0x58,
    0x01, 0xDB, 0x59, 0x9C, 0x49, 0x38, 0x00, 0x5D, 0x2D, 0x4D, 0x87, 0xE4, 0xC5, 0x2F, 0x79, 0x82,
    0xC4, 0xE5, 0x36, 0xB8, 0xBC, 0xDA, 0x69, 0x40, 0x5C, 0xF6, 0xCB, 0xAF, 0x2C, 0x71, 0x05, 0x25,
    0x2E, 0xE4, 0xC7, 0x10, 0x88, 0xE3, 0xA7, 0x23, 0x6B, 0xCE, 0xC0, 0x28, 0xD3, 0x09, 0x2E, 0xD8,
    0xB4, 0xA6, 0xFD, 0xC6, 0x8A, 0x5F, 0xB4, 0xDE, 0x85, 0x5A, 0x8A, 0x1E, 0xCD, 0xBA, 0x1F, 0x35,
    0x98, 0x93, 0x6A, 0x85, 0x70, 0x1B, 0xE3, 0x54, 0xB8, 0x75, 0x1A, 0x2C, 0x98, 0x5D, 0x52, 0x22,
    0xB7, 0x12, 0x94, 0xD8, 0xA7, 0x05, 0xF1, 0x1C, 0xC2, 0x6D, 0xC4, 0xFF, 0x78, 0x2E, 0x4A, 0xF0,
    0x57, 0x4D, 0xC6, 0xA2, 0x3F, 0x10, 0xCF, 0xC5, 0x0A, 0xCF, 0xAD, 0x14, 0x9E, 0x5B, 0x52, 0x91,
    0x5B, 0xB2, 0x93, 0x4E, 0x05, 0xF1, 0x1C, 0x56, 0x58, 0x5B, 0xCE, 0xED, 0x5B, 0x86, 0xF1, 0x1D,
    0xB8, 0x1E, 0x6E, 0x0F, 0x19, 0xFD, 0x61, 0x91, 0x83, 0x74, 0x47, 0x41, 0x02, 0x86, 0x96, 0x50,
    0x78, 0xA6, 0x85, 0x66, 0x58, 0x88, 0xE9, 0xBE, 0x95, 0xF7, 0x18, 0x44, 0x81, 0xBC, 0xD6, 0xD4,
    0x0A, 0x40, 0xBE, 0xB7, 0x9E, 0x2F, 0x32, 0x81, 0x93, 0x8B, 0xCC, 0xBB, 0xDF, 0xE1, 0xA4, 0x94,
    0x01, 0x35, 0x3C, 0x5C, 0xC3, 0xF8, 0xD1, 0xDA, 0xF7, 0x16, 0xE8, 0x8E, 0xE0, 0xA0, 0xA7, 0xDC,
    0x96, 0x96, 0x2D, 0xC2, 0x46, 0x95, 0x84, 0x13, 0xA6, 0xE0, 0xD8, 0xE7, 0x32, 0x60, 0xCA, 0x81,
    0x82, 0x5B, 0xB2, 0x63, 0xE7, 0x4F, 0x44, 0x1F, 0x2B, 0x85, 0x3E, 0x06, 0x5D, 0x12, 0x2E, 0x42,
    0x7A, 0xD7, 0xDC, 0x27, 0x0D, 0x56, 0x5D, 0x92, 0x2A, 0x46, 0x1F, 0x23, 0x2B, 0x1A, 0x14, 0xAE,
    0xD8, 0x2C, 0xF4, 0x8F, 0xDE, 0x25, 0x65, 0x5E, 0x44, 0x1F, 0xBB, 0x2D, 0xFA, 0xD8, 0x6D, 0xD0,
    0xC7, 0xB0, 0x61, 0xE4, 0x2C, 0xD0, 0xC7, 0xBA, 0x60, 0x1F, 0x27, 0x5B, 0xE9, 0xE3, 0x5E, 0xA1,
    0x8F, 0x6F, 0x31, 0x1F, 0x30, 0x19, 0xE8, 0xFB, 0x5C, 0xAE, 0x4B, 0xE3, 0xB8, 0xA0, 0xEA, 0xA6,
    0xBC, 0x45, 0xBA, 0xCF, 0x5B, 0xA0, 0x77, 0x05, 0x55, 0x94, 0x09, 0x38, 0xF3, 0xCF, 0xF3, 0x16,
    0x59, 0x0A, 0x17, 0x97, 0xAE, 0xCF, 0x98, 0xB7, 0xA8, 0x99, 0xB7, 0x38, 0x44, 0x48, 0xC5, 0x14,
    0x21, 0xB5, 0xF4, 0x1C, 0x36, 0x04, 0x79, 0x8A, 0xEA, 0x1B, 0x91, 0x1E, 0x03, 0xFA, 0x75, 0x00,
    0x85, 0xE0, 0xED, 0x78, 0x5C, 0x51, 0x6C, 0xAF, 0xA1, 0x77, 0x7B, 0x1C, 0x3D, 0xCE, 0xE5, 0x00,
    0x9D, 0x57, 0x54, 0x3A, 0x03, 0xF7, 0x96, 0xD0, 0x35, 0xE5, 0x18, 0x21, 0xAD, 0x38, 0xCF, 0x2C,
    0x45, 0x31, 0x99, 0xD8, 0xF9, 0x70, 0x06, 0xDB, 0xA6, 0x9D, 0x73, 0x41, 0xD9, 0x21, 0x53, 0xE0,
    0xB4, 0xA4, 0xB8, 0x08, 0xF4, 0x0F, 0x34, 0x0B, 0xDD, 0xE2, 0x79, 0xD2, 0x18, 0x24, 0x0A, 0xCD,
    0x00, 0x3F, 0x7A, 0x57, 0x28, 0xFD, 0xD3, 0x73, 0x89, 0x2C, 0x36, 0x4D, 0xA2, 0x7F, 0x60, 0xD9,
    0x91, 0x10, 0xFD, 0xD3, 0x0A, 0xB5, 0x50, 0xFA, 0x04, 0xE6, 0x00, 0xD2, 0xE6, 0xF3, 0xB3, 0x1A,
    0x23, 0xD2, 0x20, 0x84, 0x0D, 0x06, 0xCE, 0x5C, 0x8C, 0x07, 0x0C, 0xE8, 0x9B, 0xF5, 0x59, 0x85,
    0x09, 0x21, 0x40, 0xB2, 0x88, 0x21, 0x55, 0x72, 0x08, 0xA9, 0x52, 0x98, 0x30, 0xA8, 0x2D, 0xE9,
    0xAB, 0xA1, 0xF6, 0x12, 0x84, 0x93, 0x62, 0x38, 0x83, 0x37, 0xD5, 0xEB, 0x81, 0xAA, 0x62, 0x34,
    0x09, 0xBD, 0x05, 0x35, 0x18, 0x96, 0x60, 0xCC, 0x00, 0x2B, 0xA5, 0x16, 0x07, 0xF4, 0xBE, 0xCB,
    0x69, 0xFD, 0xD3, 0x0D, 0x98, 0x97, 0x24, 0x23, 0x5F, 0x11, 0xD0, 0x69, 0x44, 0x69, 0x3F, 0x6D,
    0x1C, 0x73, 0xF7, 0x77, 0xB5, 0xDF, 0xCA, 0xE6, 0x00, 0x9C, 0xB6, 0xCD, 0x5B, 0x31, 0x1D, 0x40,
    0xC7, 0xC9, 0x48, 0x78, 0x07, 0x6C, 0x81, 0x0E, 0x72, 0x32, 0x34, 0x67, 0x64, 0xDE, 0xC3, 0x26,
    0x76, 0x22, 0x19, 0xF6, 0x43, 0x52, 0xB1, 0x81, 0xED, 0x4A, 0x84, 0x6D, 0x64, 0xBC, 0x99, 0x0C,
    0x76, 0xE9, 0x3C, 0xFF, 0x3D, 0x45, 0x93, 0xE5, 0x9E, 0x5C, 0xD8, 0x72, 0x2D, 0xB2, 0x37, 0x83,
    0x9E, 0x5D, 0x7E, 0x30, 0xD2, 0x1B, 0x77, 0x94, 0xFF, 0x2B, 0x69, 0x62, 0xF0, 0x8B, 0xBB, 0x26,
    0x0B, 0x7F, 0xAB, 0xA2, 0x32, 0x44, 0x7E, 0x80, 0x51, 0xBB, 0x26, 0x32, 0x41, 0x9C, 0x00, 0x6A,
    0xC2, 0xCC, 0xC5, 0x17, 0x1A, 0x1A, 0xA4, 0x26, 0xC3, 0xD2, 0xE9, 0x95, 0x8F, 0xE0, 0xCF, 0xA1,
    0xB1, 0x68, 0x18, 0x8B, 0x93, 0xDF, 0xA1, 0x36, 0x45, 0x82, 0xBB, 0xA6, 0x70, 0x06, 0xA9, 0xC3,
    0xC3, 0x0A, 0x2B, 0xA8, 0x04, 0x9C, 0xB0, 0xF8, 0x5A, 0xFD, 0x85, 0x1B, 0x2D, 0xD3, 0x62, 0x82,
    0xDB, 0x83, 0x9D, 0xAB, 0x04, 0x51, 0x06, 0x70, 0xF2, 0xC8, 0x34, 0x26, 0x32, 0xE9, 0x4D, 0x83,
    0x3A, 0xBA, 0xE3, 0x4D, 0x48, 0x07, 0x5B, 0x41, 0x11, 0x26, 0x14, 0x73, 0x37, 0x2F, 0x6C, 0x10,
    0x70, 0xCB, 0x86, 0x6B, 0xDE, 0xE4, 0xBE, 0x30, 0x21, 0x7F, 0x4C, 0xFE, 0xE5, 0x06, 0x53, 0x3D,
    0xF2, 0xB2, 0xB0, 0x99, 0x42, 0xCF, 0xE3, 0x11, 0x13, 0x61, 0xF9, 0x63, 0x92, 0x18, 0xE9, 0x8F,
    0x10, 0xED, 0x70, 0x72, 0xB4, 0x23, 0x40, 0x45, 0xDC, 0x1E, 0x7A, 0xF2, 0x0C, 0x6A, 0x1C, 0x43,
    0x8B, 0x4C, 0x10, 0x4D, 0x3E, 0x91, 0x15, 0xF9, 0xA5, 0x08, 0x28, 0xFD, 0x9D, 0x9A, 0x97, 0x2B,
    0xC7, 0xDC, 0x7E, 0xBB, 0x92, 0xF6, 0xFE, 0x73, 0x25, 0x3D, 0x1D, 0x41, 0xB1, 0xE1, 0x61, 0x90,
    0x97, 0xE9, 0xD4, 0xD3, 0x00, 0xBA, 0x2F, 0x4A, 0x04, 0x5A, 0x09, 0x62, 0x38, 0xC0, 0xAD, 0x5D,
    0x66, 0xC4, 0x99, 0xDF, 0x60, 0x9D, 0x22, 0x6F, 0x6C, 0x77, 0xBE, 0xEE, 0x50, 0xB1, 0x0D, 0x15,
    0x9B, 0xA8, 0x54, 0x1A, 0x2D, 0x9A, 0x0F, 0x31, 0xFA, 0x30, 0x85, 0x00, 0xA3, 0x4B, 0xD1, 0x52,
    0xD1, 0xC7, 0x0E, 0x49, 0xC7, 0x5B, 0x2A, 0x7E, 0xF1, 0xD9, 0x0B, 0x61, 0x75, 0x50, 0xE8, 0x0C,
    0x3D, 0x58, 0x8A, 0x62, 0x03, 0x28, 0x16, 0xFB, 0xC9, 0x8C, 0xE6, 0x51, 0x7F, 0xA4, 0xF0, 0x44,
    0xA2, 0x55, 0x5E, 0xA8, 0xB3, 0x22, 0x76, 0xCE, 0xC5, 0x56, 0x0B, 0x6E, 0x2D, 0x7B, 0xE5, 0xC2,
    0x2B, 0x51, 0x2C, 0xFD, 0x02, 0xC5, 0xCD, 0x20, 0x43, 0xB1, 0x09, 0x13, 0x29, 0x5E, 0xEB, 0x9F,
    0x4B, 0xA6, 0x95, 0xFB, 0x58, 0x04, 0x2F, 0x35, 0x1A, 0x8A, 0xFA, 0x7A, 0xCD, 0xE2, 0x99, 0xFA,
    0xB3, 0xD0, 0x9D, 0xCB, 0x42, 0x7B, 0xFC, 0xE3, 0x75, 0xE4, 0xC0, 0x64, 0x45, 0xED, 0x95, 0xD1,
    0x0B, 0x2A, 0x96, 0xF9, 0x31, 0x44, 0xE3, 0x83, 0x82, 0x1E, 0x0A, 0xDD, 0x10, 0x72, 0x55, 0x26,
    0x7E, 0x0F, 0x96, 0xD6, 0xA8, 0xEA, 0x62, 0xAA, 0x18, 0x46, 0x8B, 0x21, 0x8B, 0x79, 0x40, 0xB9,
    0x6B, 0x73, 0xE8, 0x9E, 0x72, 0x5A, 0x7B, 0x94, 0x11, 0x4D, 0xAA, 0x54, 0x69, 0x12, 0xCA, 0x3C,
    0x89, 0xF6, 0x36, 0x34, 0x24, 0xF4, 0xE1, 0x68, 0x93, 0xA3, 0x61, 0x02, 0x34, 0x3D, 0x01, 0xCC,
    0x51, 0x03, 0xB1, 0x22, 0x56, 0xB6, 0x8F, 0xA4, 0x64, 0x24, 0xB7, 0xC1, 0xE8, 0xC2, 0xE4, 0x26,
    0xF0, 0x3A, 0xF9, 0x59, 0x44, 0xCF, 0xD5, 0x75, 0x31, 0xEA, 0x7B, 0xF7, 0x5B, 0x31, 0xCE, 0x5F,
    0x35, 0x92, 0x18, 0x42, 0x96, 0xFD, 0x71, 0xF5, 0xC4, 0x98, 0x29, 0xD5, 0x6A, 0xFF, 0xBE, 0xE1,
    0x5D, 0x64, 0x5E, 0x21, 0x06, 0xC2, 0xAC, 0xF9, 0xE3, 0xA1, 0x48, 0xC5, 0x60, 0xD3, 0x69, 0x44,
    0x43, 0x98, 0x91, 0x91, 0xEA, 0x8D, 0x13, 0xC1, 0x60, 0x77, 0xEC, 0xBC, 0x8A, 0x41, 0x27, 0x42,
    0xCD, 0xBB, 0xE2, 0xCB, 0x02, 0x6E, 0xF6, 0x43, 0xCD, 0x36, 0xB6, 0xC3, 0xE8, 0xC7, 0xB4, 0x6A,
    0x33, 0xC2, 0x5A, 0xE1, 0xD5, 0x36, 0xDD, 0xEB, 0x0C, 0x10, 0xCD, 0x64, 0x76, 0x95, 0xAA, 0x52,
    0xAE, 0xB2, 0x73, 0x72, 0x58, 0x9F, 0x31, 0x3F, 0x1C, 0x09, 0x5B, 0x28, 0x02, 0x64, 0x7E, 0x22,
    0x46, 0xD4, 0x0F, 0x7A, 0x7B, 0xAE, 0x38, 0x8E, 0x97, 0x1C, 0x5A, 0xF4, 0x89, 0xF4, 0xBE, 0xC7,
    0x09, 0x0B, 0xCE, 0xBF, 0x5B, 0x79, 0x35, 0xD2, 0x31, 0x2E, 0x93, 0x2D, 0x6C, 0x03, 0xE8, 0x62,
    0xF9, 0xA2, 0x5C, 0x74, 0xB4, 0xF2, 0xC6, 0xEF, 0x24, 0x94, 0xA6, 0xBD, 0x9E, 0x45, 0x5B, 0xE5,
    0xBF, 0x5A, 0xC4, 0x4B, 0x15, 0xBC, 0x52, 0x6C, 0x36, 0xB2, 0x23, 0x52, 0xB6, 0x1B, 0xC9, 0xA4,
    0xFD, 0xBA, 0x96, 0xA1, 0xFF, 0xA3, 0xB7, 0xCB, 0x56, 0x8C, 0xD5, 0x64, 0xA2, 0xA7, 0xC4, 0x38,
    0x8D, 0x54, 0x35, 0x88, 0x5C, 0x5A, 0x6D, 0x28, 0xDD, 0xD7, 0x3C, 0xF0, 0xCF, 0x44, 0xAE, 0xC5,
    0x41, 0x3A, 0x30, 0x28, 0xD4, 0x06, 0x44, 0x23, 0x10, 0x7E, 0x4A, 0xC9, 0x71, 0xE9, 0x55, 0x02,
    0x5F, 0x50, 0x31, 0x70, 0x0F, 0xD8, 0xAB, 0x82, 0x42, 0x32, 0x5A, 0x67, 0x05, 0xE6, 0x9B, 0x22,
    0x12, 0x64, 0xB6, 0x6B, 0xD9, 0xAB, 0x97, 0x77, 0x2D, 0xB7, 0x98, 0x51, 0xBA, 0x1C, 0xAB, 0x5C,
    0xA1, 0xDD, 0x35, 0x89, 0x87, 0xF9, 0x33, 0xA8, 0xF9, 0xCE, 0x93, 0xF7, 0x56, 0x7B, 0xA4, 0xC0,
    0x0E, 0xB3, 0xFC, 0x56, 0x50, 0x09, 0x82, 0x72, 0x79, 0x31, 0x23, 0xE2, 0xF4, 0x5C, 0xBF, 0x1F,
    0xE6, 0x7B, 0x04, 0xFA, 0x08, 0xD5, 0x72, 0xD1, 0xDB, 0x9B, 0xE7, 0x26, 0xF3, 0xDE, 0x4E, 0xA2,
    0xC2, 0xFF, 0x2F, 0x4C, 0xDD, 0xC8, 0x69, 0xD8, 0xDA, 0xCA, 0xA9, 0x31, 0x93, 0x89, 0x02, 0x99,
    0x9E, 0x35, 0xC6, 0xB6, 0x63, 0x01, 0x70, 0xBB, 0x9C, 0x0B, 0xA1, 0x8D, 0x42, 0x19, 0x3B, 0x26,
    0x13, 0xD2, 0xC1, 0xC6, 0xF1, 0x6D, 0x44, 0xD3, 0x3F, 0x40, 0xD6, 0x79, 0xC7, 0xE9, 0x3A, 0xA7,
    0xFD, 0x0C, 0xB6, 0xBB, 0x0F, 0xB4, 0xF9, 0x29, 0xA7, 0x01, 0x5D, 0x12, 0x4E, 0x60, 0x45, 0x6E,
    0xF7, 0x19, 0x98, 0x06, 0xA6, 0x28, 0xF2, 0x46, 0x22, 0xE8, 0xAB, 0x32, 0x05, 0x49, 0xFF, 0x1A,
    0x83, 0x56, 0xA7, 0x77, 0xA6, 0xA5, 0x7B, 0x06, 0x46, 0x09, 0xA8, 0x2D, 0x01, 0xD4, 0x3C, 0x71,
    0x01, 0xC0, 0xEB, 0x8A, 0xBE, 0x23, 0xD8, 0x7E, 0x2E, 0xFA, 0x16, 0x65, 0x71, 0xB0, 0xF8, 0xD0,
    0x80, 0xA3, 0xC2, 0x0B, 0xC9, 0x0C, 0x75, 0x12, 0x41, 0x22, 0xC0, 0xE8, 0xE5, 0x94, 0xE9, 0x8E,
    0x53, 0xA6, 0x8B, 0x51, 0xC1, 0x29, 0xD3, 0x69, 0x76, 0x98, 0xE0, 0xDF, 0x34, 0xDF, 0x34, 0x99,
    0xFB, 0xF6, 0xD9, 0x4F, 0xCE, 0x0A, 0xAF, 0x0D, 0x7E, 0x8B, 0xBD, 0x18, 0xBF, 0xC6, 0x8E, 0x3E,
    0x6C, 0xC7, 0xAF, 0xB0, 0x76, 0x09, 0xB8, 0x7E, 0xC1, 0x15, 0x66, 0xBC, 0xF8, 0x15, 0x25, 0xB8,
    0x22, 0x85, 0x4B, 0xF3, 0x2B, 0xE6, 0xB5, 0xE0, 0x65, 0xBF, 0x96, 0xBC, 0x6E, 0xF2, 0xDA, 0xF0,
    0xEA, 0x14, 0x2D, 0x8A, 0x25, 0xE1, 0xB4, 0x00, 0xD6, 0xA1, 0xAE, 0x80, 0x86, 0x0C, 0x78, 0xA7,
    0xAC, 0xB9, 0x14, 0x20, 0xA2, 0x45, 0xF4, 0x86, 0x04, 0x73, 0x50, 0xC9, 0x64, 0xE1, 0xD7, 0xEE,
    0xAB, 0x99, 0x37, 0x9C, 0x3D, 0x97, 0x39, 0xA6, 0xC7, 0x5C, 0x54, 0xE9, 0x49, 0x0D, 0x0B, 0x60,
    0x6B, 0xA3, 0x91, 0xEB, 0xE8, 0xA3, 0xFC, 0xAE, 0x28, 0x96, 0x07, 0x09, 0x5C, 0x9C, 0xDD, 0x99,
    0xCE, 0x00, 0xA5, 0xE4, 0xF9, 0x0B, 0xC7, 0xA9, 0x00, 0xB0, 0x3A, 0xD0, 0x67, 0x2E, 0xE4, 0x5B,
    0x2F, 0x8B, 0x01, 0x98, 0x7B, 0xAF, 0x8A, 0xB7, 0x1A, 0xF2, 0xF3, 0x01, 0x7B, 0x82, 0x65, 0xAC,
    0xA0, 0x15, 0x32, 0xD1, 0x7B, 0x7D, 0x24, 0x9A, 0x03, 0x8A, 0x9C, 0x74, 0xB2, 0x52, 0x2B, 0x91,
    0x63, 0x69, 0xF5, 0x21, 0x84, 0x3E, 0xC0, 0x56, 0x88, 0xC8, 0x7A, 0xE5, 0x76, 0x18, 0xEF, 0xAF,
    0x1B, 0x09, 0x76, 0x75, 0xFF, 0xB6, 0xD8, 0x6A, 0xF0, 0xAB, 0x37, 0xFA, 0xB9, 0x38, 0x8F, 0x91,
    0x91, 0x07, 0x71, 0xE2, 0x97, 0x8B, 0x29, 0xC7, 0xE0, 0x99, 0xEC, 0xB0, 0xE3, 0xE6, 0xB6, 0xF0,
    0xF0, 0x7A, 0xF0, 0x4C, 0xA5, 0x4C, 0x1E, 0xBE, 0x5E, 0xFB, 0xBD, 0xFE, 0x53, 0x99, 0xAF, 0xCB,
    0xE8, 0xF3, 0x6E, 0xFD, 0xA4, 0x0A, 0xBF, 0x86, 0x56, 0x86, 0xDF, 0x27, 0xAB, 0x8B, 0x69, 0x25,
    0x6D, 0x99, 0x81, 0x31, 0x73, 0xBC, 0x29, 0x79, 0x2F, 0x0B, 0xD4, 0xC6, 0xF9, 0x45, 0x91, 0x26,
    0x5B, 0xEF, 0x95, 0x1F, 0xF5, 0x2A, 0x3D, 0xFB, 0x92, 0x69, 0x54, 0x3C, 0x78, 0xB0, 0xF6, 0x46,
    0x8C, 0x94, 0x19, 0x83, 0x52, 0x14, 0x15, 0xB0, 0xA7, 0x38, 0x4A, 0x27, 0x44, 0xE2, 0xBF, 0x81,
    0x04, 0xBA, 0x49, 0xA8, 0x96, 0x23, 0xAC, 0xD0, 0x57, 0x3B, 0x29, 0x54, 0x2F, 0xF0, 0x90, 0xF9,
    0x0F, 0xBA, 0xCF, 0xC7, 0xD9, 0x67, 0xBA, 0x4E, 0x9F, 0xB7, 0xA6, 0x09, 0x4D, 0x65, 0x1A, 0x77,
    0x48, 0x56, 0x54, 0x04, 0xE0, 0x54, 0x2A, 0xBA, 0xE3, 0x21, 0x90, 0xFB, 0x17, 0x71, 0xD7, 0x37,
    0x4C, 0x21, 0xB2, 0x0D, 0xEA, 0xD2, 0x69, 0x6B, 0xE6, 0x13, 0x6C, 0x45, 0x48, 0x37, 0xF7, 0xD2,
    0x42, 0xBD, 0x11, 0x93, 0xE8, 0xB0, 0x72, 0xAA, 0xC5, 0x0C, 0x9E, 0x4F, 0xDA, 0xF9, 0x06, 0xF1,
    0x85, 0xDD, 0x25, 0x34, 0x71, 0x1C, 0x0F, 0xB3, 0x51, 0x61, 0xC7, 0x83, 0x50, 0x2E, 0x58, 0xC1,
    0x38, 0x1E, 0x66, 0xA3, 0x62, 0xC9, 0x6B, 0x09, 0x1B, 0x98, 0xFA, 0x1F, 0x17, 0x89, 0x45, 0xA7,
    0xF4, 0xBF, 0xD0, 0xEF, 0x02, 0x31, 0xD5, 0x7F, 0xD8, 0x7D, 0xB5, 0x56, 0x69, 0x9B, 0xBE, 0x59,
    0xAB, 0xA8, 0xD4, 0xDF, 0xAC, 0x31, 0x12, 0xC4, 0xF8, 0x47, 0x56, 0x81, 0xD4, 0x89, 0x9F, 0xA2,
    0xC4, 0x12, 0xBF, 0x6B, 0x36, 0x3E, 0x1E, 0x89, 0xDF, 0x17, 0x54, 0xC2, 0x72, 0x24, 0x7E, 0xDF,
    0xD0, 0xBD, 0x77, 0x63, 0x76, 0x6C, 0xC1, 0x7A, 0x17, 0xC8, 0x7C, 0x7F, 0x7F, 0xE1, 0xF5, 0xC1,
    0x5B, 0x75, 0x7C, 0x96, 0x7E, 0xF5, 0x9D, 0x5A, 0x77, 0xF1, 0x1B, 0xA6, 0x42, 0x8C, 0xBE, 0x2B,
    0x69, 0x50, 0x05, 0xE8, 0x91, 0x7E, 0x81, 0x19, 0x37, 0xC8, 0x70, 0x9A, 0x2E, 0x4C, 0x54, 0xF0,
    0xAF, 0xD6, 0xD1, 0x05, 0xBD, 0xC8, 0x09, 0xF7, 0xDE, 0x23, 0xED, 0x94, 0x0E, 0x0A, 0x0D, 0xA1,
    0x02, 0xA7, 0xD8, 0xF8, 0x8B, 0xB7, 0x64, 0x4C, 0xA6, 0x86, 0x0B, 0xA7, 0x42, 0x5C, 0xB1, 0xAE,
    0x5C, 0x24, 0xAF, 0x67, 0xE3, 0x9D, 0xBF, 0x06, 0x76, 0xEB, 0xD0, 0xED, 0x60, 0x7A, 0x88, 0xD4,
    0x55, 0x0A, 0x97, 0xED, 0x9B, 0x8C, 0xE3, 0x10, 0x7A, 0x9F, 0xC8, 0x7C, 0x27, 0xB4, 0x4F, 0x26,
    0xF0, 0xAA, 0xD1, 0x97, 0x5A, 0xA1, 0x8E, 0x0D, 0xB4, 0xFF, 0x83, 0x34, 0x13, 0xED, 0xCB, 0x7F,
    0x5D, 0x67, 0x56, 0x54, 0xFA, 0x40, 0x08, 0xED, 0x07, 0x05, 0x88, 0xA5, 0xCF, 0x4D, 0x61, 0x0B,
    0x2D, 0x65, 0x2D, 0x7A, 0x0C, 0xB3, 0xF0, 0xCF, 0x7A, 0xB7, 0x46, 0x20, 0x2E, 0x14, 0x41, 0x29,
    0x1C, 0xF3, 0x9C, 0xC0, 0xA9, 0xB3, 0x4A, 0x2F, 0xE5, 0x62, 0xDD, 0xDF, 0x16, 0x21, 0xA3, 0xDD,
    0x57, 0x7A, 0x1C, 0x43, 0x31, 0x52, 0xE7, 0x45, 0x2B, 0x4F, 0x81, 0x1D, 0x80, 0xD4, 0xA1, 0x74,
    0x75, 0x78, 0xFF, 0xAC, 0x1A, 0xA3, 0xED, 0x14, 0x16, 0xF7, 0x84, 0xC9, 0x6C, 0x53, 0x1D, 0x24,
    0x9D, 0xE1, 0xB0, 0x44, 0x4A, 0x4C, 0x41, 0x68, 0xE7, 0x51, 0x85, 0x4F, 0xE2, 0xA4, 0x46, 0xC4,
    0xD5, 0x39, 0x30, 0x9F, 0x0E, 0x1E, 0x43, 0x1D, 0x4B, 0x46, 0xF4, 0x89, 0xCF, 0xB3, 0x6C, 0x25,
    0xB2, 0x02, 0xE3, 0x22, 0x49, 0x89, 0x88, 0xF0, 0xB4, 0xCA, 0x0C, 0x88, 0x19, 0x86, 0x3C, 0x71,
    0x6B, 0x24, 0x07, 0x10, 0xD2, 0xC3, 0xAE, 0x74, 0x02, 0xC2, 0x86, 0xFC, 0x12, 0x0C, 0x5E, 0xDB,
    0x81, 0xA6, 0x87, 0xA6, 0xCD, 0x61, 0xCD, 0x0C, 0x62, 0xCD, 0x4C, 0x32, 0x59, 0xA6, 0x85, 0xB4,
    0x2B, 0x57, 0x2C, 0x4A, 0xBC, 0x43, 0x2D, 0xD4, 0x22, 0xDD, 0x12, 0x9B, 0x01, 0xA8, 0x7D, 0x48,
    0x20, 0x73, 0x2B, 0x91, 0xF5, 0x59, 0xCB, 0x45, 0xAC, 0xDB, 0x41, 0x84, 0x86, 0xBD, 0x3F, 0xA2,
    0x72, 0xB9, 0x87, 0x38, 0x20, 0xC6, 0x63, 0x20, 0xF7, 0x04, 0xE0, 0x9F, 0xA3, 0xBD, 0xA5, 0xE8,
    0x20, 0x86, 0x1B, 0x31, 0x52, 0xBF, 0x2B, 0x42, 0x60, 0xF9, 0x1B, 0xAB, 0xBC, 0x02, 0x12, 0x7A,
    0x7B, 0x3E, 0x3E, 0x0B, 0xC4, 0x80, 0x9E, 0xE6, 0xDD, 0x80, 0x69, 0x55, 0xC0, 0x3B, 0x84, 0xBE,
    0x0F, 0x69, 0x7D, 0xE3, 0x75, 0x61, 0x0D, 0x48, 0x57, 0xB7, 0x51, 0xA5, 0x82, 0x46, 0x73, 0x4C,
    0x3D, 0x6C, 0x31, 0x16, 0xFB, 0xF5, 0xE7, 0xE3, 0xBB, 0xBF, 0x4D, 0x50, 0x19, 0x4D, 0x28, 0x1B,
    0xD3, 0x4B, 0x93, 0xD7, 0x63, 0x20, 0xE6, 0xCE, 0x03, 0x31, 0x6F, 0x1E, 0x88, 0x05, 0xF3, 0x40,
    0x2C, 0x7C, 0xF0, 0x40, 0x4C, 0xA1, 0x7C, 0x0C, 0x35, 0x47, 0x80, 0x2E, 0x90, 0x0E, 0x7E, 0x03,
    0xB9, 0x75, 0x2C, 0xB7, 0xD1, 0xA5, 0xB4, 0xE9, 0xFD, 0xE3, 0x33, 0x53, 0x8F, 0xF6, 0x53, 0x26,
    0x69, 0xDA, 0xE1, 0xF1, 0xD5, 0xE1, 0xF1, 0x10, 0x56, 0xE9, 0x0F, 0x10, 0x9E, 0xF1, 0xDC, 0xB3,
    0x31, 0xC4, 0xA9, 0x18, 0xED, 0xA3, 0x88, 0x03, 0x57, 0x27, 0xC3, 0x33, 0xD6, 0xC4, 0x3A, 0x61,
    0x11, 0x0D, 0x86, 0x4B, 0x8B, 0xEE, 0x79, 0xD6, 0x81, 0xA4, 0x16, 0xEC, 0x37, 0x83, 0xA0, 0x05,
    0x07, 0x2B, 0xF1, 0x62, 0x26, 0xEE, 0x8A, 0x71, 0x0D, 0xCA, 0xF6, 0x62, 0x41, 0xC5, 0x24, 0x0A,
    0x92, 0x53, 0x38, 0x3A, 0xCD, 0x8C, 0x0D, 0x12, 0x58, 0x90, 0xD0, 0xA8, 0x63, 0xC8, 0xFC, 0x79,
    0xF2, 0x91, 0xC3, 0xF7, 0x32, 0x0F, 0xF2, 0xFC, 0xED, 0x0B, 0x67, 0x83, 0x4A, 0xE0, 0xC4, 0xB1,
    0x20, 0x44, 0xB9, 0x18, 0xA4, 0x76, 0x0D, 0x2A, 0x48, 0x65, 0x7C, 0x22, 0x44, 0x58, 0x05, 0x48,
    0x20, 0xC6, 0x5C, 0xA0, 0xA9, 0xD1, 0xEB, 0x71, 0x38, 0xA4, 0x5F, 0xE8, 0x79, 0x50, 0x99, 0x27,
    0x94, 0x89, 0x0F, 0x43, 0x0C, 0xBC, 0x06, 0x85, 0x06, 0xF0, 0x34, 0x70, 0xEA, 0x11, 0xA3, 0xF7,
    0x53, 0xE0, 0x79, 0x9B, 0xE7, 0xDC, 0x00, 0xDD, 0x84, 0xF7, 0x0A, 0x22, 0x28, 0xF9, 0xA5, 0xE7,
    0x5E, 0xFF, 0x1C, 0xE2, 0xEF, 0x20, 0x7E, 0xCC, 0x31, 0x55, 0xF2, 0x94, 0x82, 0xC0, 0xE9, 0x17,
    0xD0, 0x04, 0x6A, 0xD4, 0xA8, 0x87, 0x76, 0xED, 0x18, 0x76, 0xA6, 0x6B, 0x0B, 0xEF, 0xFC, 0x2C,
    0x61, 0x1D, 0x11, 0x8B, 0x52, 0x0B, 0x99, 0xF4, 0x43, 0x51, 0xC4, 0x41, 0x05, 0x55, 0x2D, 0xD2,
    0x8E, 0x4B, 0xB2, 0xF3, 0x41, 0x8A, 0x2C, 0x4D, 0x52, 0xE8, 0x8A, 0x33, 0x13, 0xBC, 0x38, 0xC7,
    0x2D, 0x8B, 0x05, 0x77, 0xF5, 0x11, 0xA2, 0x62, 0x4C, 0x70, 0x03, 0x04, 0x8D, 0xE9, 0x5D, 0x49,
    0x2B, 0x56, 0xF0, 0xF1, 0x8C, 0x33, 0x99, 0x18, 0x15, 0x0B, 0xA6, 0x61, 0xB6, 0x6C, 0x2E, 0xC9,
    0xCC, 0xB9, 0x65, 0xE5, 0x32, 0x99, 0xC3, 0xFC, 0xB9, 0x70, 0x27, 0x32, 0x78, 0xBF, 0x31, 0x45,
    0xF0, 0xB3, 0xAF, 0xBC, 0x7E, 0x56, 0xE1, 0x6C, 0xB7, 0x5F, 0x0B, 0x71, 0x9E, 0x38, 0x09, 0x0A,
    0x9E, 0x24, 0x16, 0x62, 0xC7, 0xCF, 0x12, 0xA9, 0x40, 0xCC, 0x4F, 0x0B, 0x19, 0x2C, 0x3A, 0x5B,
    0xC8, 0x84, 0x60, 0xD4, 0x52, 0x5A, 0x8C, 0xB9, 0x5B, 0xA5, 0xD5, 0x55, 0x73, 0x6E, 0x7C, 0x7C,
    0x0E, 0x48, 0x81, 0x6E, 0xCA, 0x7C, 0x97, 0xD3, 0x7C, 0xA4, 0x0E, 0x8F, 0x87, 0x94, 0x17, 0x61,
    0x4D, 0xDF, 0xA7, 0x12, 0xA8, 0x93, 0xC9, 0x6A, 0xAF, 0x03, 0x0B, 0xE0, 0x93, 0x0F, 0x3B, 0x23,
    0x24, 0x77, 0xCB, 0xA8, 0xBF, 0x87, 0xC8, 0x30, 0x2B, 0xF4, 0x50, 0x03, 0x0B, 0xD9, 0x9D, 0xF1,
    0xFC, 0x41, 0xA2, 0x70, 0xBA, 0x65, 0xFE, 0xB8, 0x52, 0xEB, 0xC7, 0x0F, 0x54, 0x43, 0x7F, 0x3C,
    0x69, 0xE8, 0x2D, 0x68, 0xE8, 0xA7, 0xD0, 0x10, 0x06, 0xCD, 0xE1, 0x41, 0x71, 0x96, 0xC4, 0x09,
    0x8F, 0x73, 0xE9, 0x99, 0x16, 0x24, 0x28, 0xE0, 0x6C, 0x36, 0x61, 0x71, 0x7C, 0xA6, 0xA5, 0x8F,
    0x13, 0x00, 0x9B, 0x8A, 0x44, 0xBA, 0x5E, 0xDF, 0x9E, 0xCE, 0xB4, 0x78, 0xD3, 0x99, 0x16, 0xDF,
    0x9E, 0x69, 0x61, 0xFE, 0x18, 0x4D, 0xC8, 0x98, 0x28, 0xB1, 0x67, 0x5A, 0x86, 0xF9, 0x99, 0x96,
    0x53, 0x59, 0xA2, 0x0A, 0xD3, 0x62, 0x71, 0xD8, 0xBC, 0x05, 0xA4, 0xA2, 0x3A, 0xC5, 0xDE, 0x49,
    0x0E, 0x4C, 0x47, 0x66, 0xDE, 0x9D, 0x25, 0x72, 0xDF, 0x95, 0x25, 0xFA, 0x7D, 0x59, 0x93, 0x15,
    0xB9, 0x64, 0x02, 0xB0, 0xDB, 0x93, 0x67, 0x5E, 0xA9, 0xA0, 0x19, 0xC7, 0xB3, 0x08, 0x96, 0xD3,
    0x11, 0x8C, 0x53, 0x07, 0x9E, 0x83, 0xF7, 0x71, 0x66, 0x45, 0x5B, 0x26, 0x73, 0xB9, 0xC8, 0x49,
    0xAE, 0x1D, 0x39, 0x9F, 0x0B, 0x0E, 0x93, 0x74, 0xE9, 0x60, 0x49, 0xE4, 0x12, 0x72, 0xEC, 0x29,
    0x3B, 0x3D, 0x57, 0xCC, 0x67, 0x39, 0x22, 0x9B, 0xDD, 0xE1, 0x72, 0xE9, 0x41, 0xDC, 0x25, 0xC0,
    0xBD, 0x41, 0x31, 0x54, 0xCB, 0xBB, 0x88, 0x4E, 0x1E, 0xB0, 0x15, 0xF1, 0x5E, 0xB3, 0xA2, 0xB8,
    0x6B, 0xC3, 0xFA, 0x85, 0x0F, 0x4E, 0xA9, 0x94, 0x0D, 0xA2, 0x0D, 0x90, 0xEC, 0xC5, 0x77, 0x35,
    0x6C, 0xD6, 0x26, 0x6C, 0x00, 0x03, 0x15, 0x84, 0xB8, 0x75, 0xC9, 0x4E, 0x29, 0x30, 0x4F, 0xDB,
    0xE3, 0x25, 0xC3, 0x78, 0x1E, 0x1A, 0x66, 0x71, 0xF9, 0x09, 0x80, 0xE9, 0x65, 0xC4, 0x5B, 0xB9,
    0x3D, 0xB6, 0x9B, 0xF9, 0x12, 0x52, 0x96, 0xE2, 0x06, 0x02, 0xEC, 0xB4, 0x23, 0x9D, 0x22, 0xFF,
    0x15, 0x16, 0x7B, 0x44, 0x44, 0x36, 0xD9, 0x3A, 0x30, 0xED, 0x62, 0x55, 0xE9, 0xD1, 0x3C, 0xFF,
    0x71, 0x60, 0x0B, 0xA4, 0xCF, 0x61, 0xD9, 0x4A, 0x4F, 0x67, 0x6C, 0xCD, 0x30, 0x84, 0xD2, 0x39,
    0x65, 0x08, 0x17, 0x17, 0xA0, 0x9F, 0x48, 0x24, 0x7D, 0x8C, 0x3B, 0xA3, 0x5E, 0x81, 0xD2, 0xFE,
    0x5B, 0x46, 0x7C, 0x58, 0x23, 0xF6, 0x2F, 0xEC, 0x2E, 0x56, 0x94, 0x5C, 0x3A, 0x57, 0xD9, 0xEE,
    0x74, 0x98, 0xE5, 0x4E, 0x36, 0x08, 0x79, 0x3A, 0xC4, 0x17, 0x02, 0x67, 0x40, 0xDB, 0xD3, 0x7A,
    0x8C, 0x91, 0x23, 0xDE, 0xCA, 0xC3, 0x22, 0x2C, 0x38, 0xD5, 0x8C, 0x33, 0xE1, 0x78, 0x8F, 0xD2,
    0x0A, 0x45, 0xCC, 0xBD, 0xCA, 0xA9, 0x70, 0x1B, 0x48, 0xB8, 0xB2, 0x33, 0xFD, 0x16, 0x6D, 0xF6,
    0x2A, 0xB6, 0xD5, 0x3B, 0x37, 0x39, 0xFA, 0x92, 0x36, 0x04, 0x4F, 0x35, 0x70, 0xE1, 0xDC, 0xA2,
    0x6F, 0xF5, 0x37, 0x1A, 0xF4, 0x73, 0x4C, 0x05, 0xAA, 0x9D, 0x57, 0xA3, 0xE0, 0x59, 0x06, 0xB1,
    0x27, 0x14, 0xF4, 0xE3, 0x52, 0x04, 0xD5, 0x98, 0x5C, 0x92, 0xA2, 0xE2, 0x36, 0xAE, 0x6F, 0xB2,
    0x18, 0xD1, 0x82, 0x49, 0x52, 0x85, 0x62, 0x8C, 0xCF, 0x66, 0xC5, 0xC2, 0x16, 0x4B, 0x12, 0xCD,
    0xEE, 0xB9, 0xF7, 0xAE, 0x8C, 0x3C, 0x63, 0x0A, 0x75, 0x96, 0x2D, 0xDC, 0xF3, 0x44, 0x84, 0x5F,
    0x7A, 0x25, 0x82, 0xA4, 0x9B, 0x7E, 0x81, 0x62, 0x13, 0x66, 0xB6, 0x48, 0x50, 0x74, 0x21, 0xB4,
    0xFE, 0xB3, 0xFE, 0xC6, 0xD1, 0x29, 0xD1, 0xB1, 0x0D, 0xDF, 0xA8, 0x17, 0x76, 0xAF, 0xE9, 0x3A,
    0x53, 0x73, 0x2C, 0xB4, 0x57, 0xA1, 0x58, 0x78, 0x25, 0x8A, 0x9B, 0x3C, 0x58, 0x7E, 0xAD, 0x0D,
    0x0A, 0x2D, 0x5B, 0x4E, 0x75, 0x50, 0x84, 0x8D, 0x4A, 0x33, 0xDE, 0xCC, 0x82, 0x87, 0x53, 0xB3,
    0x70, 0x67, 0x85, 0x57, 0xD9, 0xA2, 0x64, 0xE1, 0x30, 0xB6, 0x1F, 0xD4, 0xFE, 0xD8, 0xB4, 0xD8,
    0x64, 0x0E, 0x1F, 0x7B, 0x73, 0x34, 0xE1, 0xDD, 0x84, 0x7E, 0x36, 0x06, 0x2E, 0x6C, 0x58, 0xB5,
    0x87, 0x0D, 0x2B, 0xEE, 0x22, 0x9E, 0x3C, 0x3B, 0xFD, 0x47, 0x30, 0x58, 0xF4, 0x6D, 0x99, 0x67,
    0xF0, 0xF8, 0x8D, 0x6B, 0xD0, 0xE4, 0x76, 0xDC, 0x71, 0x0D, 0x18, 0xCA, 0x9C, 0xF6, 0x46, 0x87,
    0x1D, 0xB4, 0xCC, 0xEE, 0xA0, 0x0D, 0x98, 0x37, 0xEB, 0xF9, 0x0E, 0x1A, 0xB3, 0x8E, 0xCE, 0xDA,
    0x24, 0x14, 0x48, 0xC0, 0x4E, 0x4B, 0x0F, 0x3B, 0x68, 0x40, 0x58, 0x7E, 0x64, 0x3C, 0xD1, 0xA3,
    0x33, 0xDD, 0x38, 0x46, 0xF9, 0x90, 0x80, 0x27, 0x24, 0xA0, 0xA1, 0xD3, 0x8E, 0xD4, 0x9E, 0x8D,
    0x5D, 0x31, 0xEE, 0xDA, 0x51, 0x15, 0x5B, 0x3A, 0x24, 0xA4, 0x99, 0xC0, 0xB0, 0x04, 0x75, 0x01,
    0xDD, 0xC4, 0x14, 0x68, 0x00, 0x31, 0xEC, 0x11, 0x32, 0x30, 0x7A, 0x2E, 0xF7, 0x12, 0x71, 0x32,
    0xE5, 0x0C, 0x0F, 0x06, 0x95, 0xBD, 0x31, 0x01, 0xF4, 0x48, 0xBC, 0x71, 0x94, 0x39, 0x47, 0x5B,
    0x05, 0xA8, 0x90, 0x73, 0x17, 0x18, 0x77, 0xA0, 0xEE, 0x20, 0x4E, 0x60, 0xDD, 0x64, 0x7B, 0xF2,
    0x1C, 0xDC, 0x74, 0xF6, 0x0A, 0x29, 0xA7, 0x92, 0xA7, 0xE5, 0x05, 0x29, 0x5A, 0x84, 0x63, 0xD5,
    0xDE, 0x3E, 0x34, 0x2D, 0x22, 0xB8, 0xED, 0x1C, 0xDA, 0x6D, 0x81, 0xDE, 0xEE, 0x5C, 0x33, 0xA1,
    0x2A, 0xE0, 0xD9, 0x6A, 0x04, 0x36, 0xF2, 0x9A, 0xFD, 0xED, 0x71, 0xAE, 0xC9, 0x96, 0x08, 0x01,
    0xB7, 0xA3, 0x1F, 0x8D, 0x50, 0xDD, 0x3C, 0xC0, 0x01, 0x38, 0x07, 0xAB, 0x9E, 0xDD, 0xC8, 0xFD,
    0x7F, 0x30, 0xA5, 0xA4, 0xBD, 0xF0, 0xA3, 0x6E, 0x2B, 0x02, 0x6E, 0x78, 0x2C, 0xEC, 0x87, 0x61,
    0x29, 0x6C, 0x75, 0x21, 0x6C, 0xE0, 0xDE, 0x7E, 0x59, 0x8B, 0x0A, 0x83, 0xF3, 0xF3, 0x4E, 0x08,
    0xF3, 0x40, 0xDF, 0xD7, 0xC2, 0x1F, 0xFF, 0xB4, 0x01, 0xFF, 0x0D, 0x6B, 0xFC, 0x6F, 0x15, 0x1D,
    0x92, 0xE7, 0x45, 0x2F, 0xFC, 0x32, 0xB6, 0xA1, 0xE3, 0x20, 0xA3, 0x92, 0xF8, 0xCD, 0x0A, 0x39,
    0xEF, 0xA3, 0xCF, 0xC2, 0xFF, 0xA0, 0x38, 0x0C, 0xEF, 0x5C, 0xB9, 0x20, 0x0F, 0x35, 0x37, 0xD0,
    0x3D, 0x76, 0x56, 0x55, 0xC2, 0x96, 0x92, 0x34, 0x3A, 0x13, 0x72, 0xD7, 0xE9, 0x8D, 0x1A, 0x39,
    0xE8, 0xF3, 0x77, 0x1A, 0x76, 0x5D, 0x41, 0x79, 0x2A, 0xC8, 0xF0, 0xEF, 0x35, 0xF8, 0x52, 0x2B,
    0x7C, 0xB9, 0xB0, 0xF2, 0x6C, 0x85, 0x7F, 0x95, 0x4C, 0x27, 0xC2, 0xA1, 0xC5, 0x3B, 0x60, 0x38,
    0xDD, 0x3F, 0x22, 0x8D, 0x08, 0x2B, 0x30, 0x2A, 0xAE, 0x9D, 0x21, 0x22, 0x87, 0x5A, 0x73, 0x1A,
    0x67, 0x47, 0x1B, 0x68, 0x0F, 0xF6, 0x20, 0x92, 0xC0, 0xE9, 0x16, 0x60, 0xCC, 0x39, 0x6B, 0x27,
    0x8C, 0xEF, 0x75, 0xA0, 0x29, 0xC9, 0x5A, 0xB8, 0x82, 0xC9, 0xF0, 0xC6, 0x69, 0xE8, 0x1C, 0x44,
    0xE4, 0x07, 0xEE, 0xC8, 0x54, 0xED, 0x0D, 0x53, 0x98, 0xA0, 0xA5, 0xD4, 0xB3, 0x0A, 0x5B, 0x30,
    0xE8, 0x84, 0xD0, 0x49, 0x0C, 0x0F, 0x90, 0xE1, 0x8D, 0x53, 0x75, 0xED, 0xEC, 0x94, 0x3C, 0x56,
    0x92, 0x04, 0xCC, 0x21, 0xCF, 0xBA, 0x03, 0xF7, 0x92, 0x80, 0xB4, 0xC2, 0x05, 0x65, 0x60, 0x44,
    0x2A, 0xD7, 0x4A, 0x88, 0xF4, 0x30, 0x87, 0x48, 0x02, 0x46, 0x77, 0xA0, 0xF9, 0xB0, 0xE5, 0x0A,
    0xA5, 0x7D, 0xB0, 0xF3, 0x85, 0xCE, 0xF1, 0xF9, 0x42, 0x76, 0x99, 0x27, 0x3C, 0x97, 0xD8, 0x8F,
    0x5B, 0xF5, 0x96, 0x7F, 0xE8, 0xF9, 0x42, 0xB0, 0xE7, 0x38, 0xEB, 0x38, 0xDA, 0xED, 0xF0, 0x3A,
    0x1E, 0x64, 0xCD, 0x2C, 0x0A, 0x71, 0x60, 0xC0, 0xE3, 0x18, 0x9B, 0xA5, 0x1B, 0x91, 0x71, 0xAE,
    0xFC, 0x6A, 0x5C, 0xF7, 0x15, 0xC1, 0xB4, 0x4B, 0x0A, 0x64, 0x61, 0xC6, 0x7D, 0x0B, 0x0C, 0x2E,
    0xA9, 0x5C, 0xCD, 0xF6, 0x2D, 0x16, 0x40, 0xDA, 0xAE, 0x00, 0x19, 0x63, 0x39, 0x53, 0x32, 0xA7,
    0xFD, 0x52, 0x8A, 0xB6, 0xC2, 0xC4, 0x99, 0x86, 0xDD, 0x22, 0xC2, 0xC1, 0xC0, 0xA2, 0xCF, 0xEC,
    0xC6, 0x02, 0x2D, 0x84, 0xCE, 0x34, 0x8A, 0x96, 0xFA, 0x77, 0x69, 0x8B, 0x50, 0x1B, 0x8B, 0x1A,
    0x05, 0x34, 0xB8, 0x9B, 0xA6, 0x4F, 0x14, 0xBD, 0x1A, 0x6D, 0x12, 0x1D, 0x3F, 0x2F, 0xD8, 0xC7,
    0x51, 0xE6, 0x8E, 0x45, 0x43, 0xCB, 0xA4, 0x64, 0xB1, 0x9A, 0x17, 0x88, 0x2B, 0x20, 0x1F, 0x8A,
    0x1D, 0xFD, 0x2F, 0x0D, 0xD1, 0x74, 0x6E, 0x43, 0x4A, 0xDD, 0xEB, 0x17, 0xEC, 0x1E, 0xB9, 0x70,
    0xC9, 0x56, 0x71, 0x7B, 0x17, 0x35, 0xD9, 0xDA, 0x45, 0x75, 0x1D, 0x07, 0x7F, 0x3B, 0x11, 0x55,
    0xA2, 0xE2, 0x9A, 0xF5, 0x82, 0x0A, 0x8C, 0xA9, 0x18, 0x54, 0x0A, 0xA2, 0xB2, 0x15, 0xB9, 0xDC,
    0x87, 0xA3, 0xEF, 0x3E, 0xE2, 0x9D, 0x43, 0x5F, 0xFB, 0x23, 0xDE, 0x9F, 0xA2, 0xD0, 0xC1, 0xA9,
    0xCF, 0x1C, 0x60, 0xDA, 0xED, 0xBD, 0xB6, 0x46, 0xBD, 0x8C, 0x83, 0x59, 0x73, 0xB9, 0x56, 0x62,
    0x6F, 0xA0, 0x75, 0xCC, 0x78, 0x7B, 0x1A, 0x3D, 0xC6, 0xD3, 0xF7, 0xE7, 0xD1, 0x77, 0x39, 0x8B,
    0xBE, 0x6D, 0xF6, 0x0F, 0x7A, 0x4F, 0x8F, 0xB2, 0x7F, 0x34, 0x20, 0x57, 0x85, 0xEF, 0xEB, 0xA4,
    0xF9, 0xE3, 0x00, 0x0F, 0x35, 0xC5, 0x70, 0xDB, 0x83, 0x0A, 0x1A, 0xBF, 0x1D, 0x73, 0xB5, 0xE9,
    0x90, 0x40, 0xB1, 0xA7, 0xA7, 0xD8, 0x94, 0x2D, 0x8D, 0xF9, 0xCE, 0xA8, 0x65, 0xC0, 0x5F, 0x5D,
    0xCE, 0x6B, 0x7E, 0x8D, 0x6F, 0xFA, 0x44, 0x08, 0x20, 0x9D, 0x9E, 0x4E, 0xFE, 0xA5, 0x67, 0x9C,
    0xB1, 0xA2, 0xCA, 0x62, 0x2B, 0x62, 0x0A, 0xC9, 0xC2, 0x41, 0x81, 0x1D, 0xE8, 0xFF, 0x6F, 0x4F,
    0x9F, 0x6F, 0x66, 0x3B, 0xFD, 0xD3, 0xCA, 0x77, 0x83, 0xF9, 0x06, 0xA7, 0x1B, 0xDC, 0x5A, 0x5E,
    0x23, 0x0A, 0x0D, 0xB3, 0x60, 0x4C, 0xAC, 0x04, 0xD0, 0x80, 0x5F, 0x2C, 0x04, 0xE5, 0x06, 0xCA,
    0x6E, 0x05, 0x6F, 0xD6, 0xBC, 0x81, 0x54, 0xF0, 0x8E, 0xD4, 0xE3, 0x1C, 0xF2, 0x94, 0xFD, 0xFB,
    0x8A, 0xF2, 0x81, 0x49, 0x4F, 0xC9, 0x29, 0x3D, 0x35, 0xD4, 0x53, 0x85, 0x71, 0x75, 0x51, 0x4F,
    0x5B, 0x8F, 0xE1, 0x6F, 0xC0, 0x41, 0xC1, 0x66, 0x46, 0xF9, 0x41, 0x4F, 0x9C, 0xC4, 0x1F, 0xFF,
    0xCA, 0x5B, 0x7F, 0x63, 0x6F, 0x4A, 0x25, 0xBB, 0x07, 0xD7, 0x13, 0x7A, 0x74, 0xEB, 0x97, 0x5C,
    0x95, 0x1F, 0x65, 0x2B, 0x82, 0xD2, 0xE5, 0x9E, 0x57, 0xC3, 0x23, 0x07, 0x9C, 0xF3, 0xA6, 0x53,
    0xAD, 0x1B, 0xB7, 0x11, 0xA0, 0x65, 0x4B, 0xBC, 0x70, 0x11, 0x16, 0x82, 0x08, 0xAD, 0xE3, 0x6C,
    0xB3, 0x44, 0x35, 0x1C, 0xF2, 0x0D, 0x20, 0xFF, 0xF6, 0x27, 0xCF, 0xBD, 0xF6, 0x2C, 0xC4, 0x6B,
    0xB0, 0xDC, 0xA9, 0xE7, 0xD9, 0xD0, 0x99, 0x31, 0xEA, 0x0C, 0x52, 0x51, 0xE0, 0x01, 0x63, 0x0A,
    0x4A, 0x82, 0x7E, 0xA0, 0x02, 0xAF, 0x61, 0x13, 0xB8, 0x91, 0x44, 0xFD, 0x53, 0x0B, 0xA9, 0x5D,
    0xE0, 0xC5, 0x5F, 0xAE, 0xD9, 0xBA, 0x57, 0x6D, 0x83, 0x0D, 0xDB, 0xE7, 0xF7, 0xA0, 0xA2, 0x16,
    0xA7, 0xA0, 0x47, 0xF7, 0x2C, 0xD2, 0x94, 0x45, 0xC7, 0xF7, 0xF2, 0x1A, 0x2A, 0x27, 0xAC, 0xA8,
    0x35, 0x5D, 0xF8, 0xB6, 0xD3, 0x68, 0xA6, 0x3D, 0x64, 0xE0, 0x7B, 0x74, 0x76, 0x7B, 0x3A, 0x6F,
    0xB9, 0x27, 0x1D, 0xDB, 0x9E, 0x8A, 0x9B, 0x59, 0x90, 0x3C, 0x2F, 0x2A, 0x90, 0xE6, 0x3B, 0x6E,
    0x81, 0xF7, 0x1F, 0xF0, 0x16, 0xF8, 0x93, 0x47, 0x5B, 0xE0, 0x26, 0xC1, 0x16, 0xB8, 0xE1, 0x16,
    0xF8, 0x0D, 0x6E, 0x81, 0x1F, 0xA7, 0x23, 0xAE, 0x93, 0x4B, 0xF2, 0x26, 0xB9, 0x51, 0xB3, 0xD5,
    0xE1, 0xB8, 0x30, 0x3C, 0x9C, 0xC6, 0x24, 0xB6, 0xC4, 0x74, 0x1A, 0xB3, 0x07, 0x78, 0x50, 0x2F,
    0x07, 0xE2, 0x5B, 0x4F, 0x18, 0xA5, 0xE1, 0xFB, 0x03, 0x5A, 0xE0, 0xF3, 0x2F, 0x9C, 0x5E, 0xFB,
    0xCE, 0xD6, 0xAF, 0xA6, 0x04, 0xB0, 0xA4, 0x01, 0x54, 0x48, 0x5C, 0x34, 0x08, 0x86, 0x90, 0xC0,
    0x7C, 0xCB, 0x72, 0x01, 0x97, 0xBF, 0xE2, 0x29, 0x41, 0x5A, 0xA3, 0x80, 0x77, 0xDC, 0xF8, 0xD8,
    0x9A, 0x5D, 0xB6, 0x22, 0xCB, 0xFD, 0x56, 0x64, 0xF9, 0xA5, 0x54, 0xF4, 0xE2, 0xC9, 0x2C, 0xB7,
    0xC9, 0x46, 0x04, 0xE6, 0xF2, 0x00, 0xF4, 0x70, 0xE4, 0x7F, 0x5A, 0x44, 0x37, 0xF3, 0x45, 0xB4,
    0xE0, 0x59, 0x28, 0xAC, 0x09, 0x4A, 0x41, 0x58, 0xC6, 0x0E, 0x4E, 0xB1, 0x13, 0xCF, 0xD4, 0x51,
    0xA1, 0x7F, 0xFD, 0xCB, 0xF1, 0xC8, 0xBF, 0x0B, 0xA8, 0xA7, 0xEF, 0xE0, 0x45, 0x05, 0x77, 0xC4,
    0x52, 0xB4, 0x16, 0xBA, 0x4D, 0xA0, 0xDB, 0x4B, 0x16, 0xFC, 0x97, 0xE7, 0xEE, 0x5C, 0xA9, 0x75,
    0xE5, 0x95, 0xA9, 0xA0, 0x18, 0x04, 0x2F, 0xF5, 0x2A, 0xF5, 0x5F, 0xD9, 0xCA, 0x31, 0x8D, 0xAE,
    0xC3, 0x0E, 0x71, 0x87, 0x20, 0x1B, 0x96, 0x0A, 0xB5, 0x47, 0xC4, 0xE9, 0x9C, 0xFF, 0x03, 0xDD,
    0x81, 0xA0, 0xDC, 0xFB, 0xF9, 0x7D, 0x66, 0x1D, 0x0A, 0xCF, 0x48, 0xD6, 0x11, 0xA7, 0x8B, 0xEC,
    0x4D, 0xB6, 0x02, 0xA7, 0x0D, 0x4A, 0x41, 0x48, 0x14, 0x84, 0x3C, 0x71, 0x59, 0xFE, 0x81, 0x18,
    0xF3, 0x0F, 0x8B, 0x79, 0xE5, 0x53, 0x0A, 0xF1, 0xE1, 0xA7, 0xC9, 0xAF, 0xF8, 0x07, 0xE7, 0x30,
    0x2F, 0x4D, 0x81, 0x7A, 0xEA, 0x83, 0x6A, 0xB1, 0xD9, 0xE9, 0x31, 0x3F, 0x3D, 0x66, 0xA8, 0x99,
    0xA3, 0x3E, 0xFD, 0x78, 0x54, 0x6F, 0xCE, 0xE6, 0x27, 0x6D, 0xEC, 0x97, 0xB9, 0x22, 0x28, 0x7B,
    0xC2, 0x43, 0x67, 0x23, 0xFC, 0xCC, 0xD9, 0x68, 0x38, 0x9F, 0x4B, 0x3F, 0x6F, 0x43, 0x5D, 0xA9,
    0x43, 0xBD, 0x08, 0x60, 0x79, 0x5D, 0x5B, 0xB7, 0xD6, 0xBE, 0xAD, 0x72, 0xC7, 0xAB, 0xA2, 0xA9,
    0xD1, 0xD0, 0xC2, 0xE2, 0x70, 0x8D, 0x77, 0xE0, 0xD2, 0x57, 0xC5, 0xE3, 0xB5, 0x62, 0xBB, 0xEC,
    0xD5, 0xE1, 0xE2, 0xDB, 0x31, 0x00, 0x91, 0x64, 0x5D, 0x86, 0x54, 0x38, 0xAE, 0x3F, 0xFC, 0xB3,
    0x4A, 0xAE, 0xF8, 0xC7, 0x69, 0x3C, 0xA1, 0xDC, 0xC4, 0xE6, 0x18, 0xA2, 0x84, 0x63, 0x3D, 0x46,
    0xD8, 0xDF, 0x4B, 0x65, 0xA7, 0x0F, 0x15, 0x3F, 0xA4, 0x9B, 0x11, 0x78, 0xAA, 0x02, 0x64, 0x6E,
    0x4A, 0x0B, 0xC3, 0x3A, 0x2E, 0x1E, 0x31, 0xDD, 0x46, 0x55, 0x2A, 0x28, 0xC5, 0x3E, 0x34, 0x10,
    0x17, 0xE6, 0xC3, 0x51, 0xA6, 0xE2, 0xFC, 0xA9, 0x5C, 0x5B, 0x78, 0x6F, 0x9F, 0xAF, 0xA1, 0xE1,
    0x9F, 0xDB, 0x10, 0xE9, 0x65, 0x2A, 0x2E, 0xFA, 0x32, 0x8B, 0xD8, 0x7A, 0xE2, 0x95, 0x2D, 0x3A,
    0x5B, 0xB4, 0x51, 0xC6, 0xB9, 0x0F, 0xA1, 0x05, 0x66, 0xA2, 0xF5, 0x77, 0x21, 0x52, 0x6C, 0x98,
    0x96, 0x60, 0xC1, 0x79, 0x61, 0x9C, 0x0F, 0xA0, 0xAC, 0x9E, 0x95, 0xB2, 0x70, 0x06, 0x2C, 0x21,
    0xA9, 0x5E, 0x54, 0x6A, 0x8B, 0xB0, 0x84, 0xE2, 0xB1, 0x9A, 0xB5, 0xEB, 0x57, 0x19, 0x69, 0x09,
    0xD4, 0x09, 0xF9, 0x76, 0xB6, 0x50, 0xBA, 0xC1, 0xD9, 0x05, 0x33, 0x04, 0xA6, 0xF4, 0x86, 0x5C,
    0xDF, 0xC3, 0x59, 0xA6, 0x8D, 0x53, 0xFB, 0x08, 0x63, 0x1B, 0xF4, 0x94, 0x53, 0xC3, 0x91, 0xB9,
    0x94, 0x42, 0x8C, 0xE5, 0x63, 0x67, 0xF7, 0x4C, 0xE6, 0x1A, 0xD4, 0x1A, 0x19, 0x9E, 0xA4, 0xC9,
    0x20, 0xF0, 0x96, 0xA3, 0xFD, 0x70, 0x37, 0xBB, 0x2B, 0xBC, 0x91, 0x88, 0x0A, 0x25, 0xE4, 0xD3,
    0x12, 0xEC, 0xBD, 0x7C, 0x3E, 0x48, 0x1F, 0xBB, 0xA6, 0x85, 0xCF, 0x4F, 0xE1, 0x23, 0x3F, 0xAE,
    0x3E, 0x22, 0xDC, 0xC0, 0x53, 0xF0, 0xAE, 0x21, 0x4E, 0x71, 0x4C, 0xB8, 0x50, 0x66, 0x6B, 0x62,
    0x43, 0xF2, 0x68, 0x7D, 0x94, 0x22, 0xFC, 0x97, 0xBA, 0xA5, 0x02, 0x28, 0xDE, 0xB3, 0xE7, 0x90,
    0x10, 0x6F, 0x9C, 0xE3, 0x28, 0x7D, 0x2E, 0x7A, 0x46, 0x5A, 0xE8, 0xC3, 0x38, 0xC0, 0xC4, 0x1D,
    0xC0, 0x80, 0x77, 0x00, 0x62, 0x87, 0xD3, 0x24, 0x7E, 0xE3, 0x21, 0xCF, 0xC4, 0xD4, 0x2E, 0x66,
    0x92, 0x0D, 0xF5, 0x37, 0xA1, 0x27, 0xAE, 0x49, 0xF3, 0x3A, 0x4C, 0xEB, 0x16, 0xF6, 0x86, 0xFD,
    0x13, 0x3B, 0x9C, 0xAB, 0xF9, 0x0E, 0xE7, 0xC9, 0xBB, 0xF6, 0x9F, 0x30, 0xB7, 0x60, 0xB2, 0x90,
    0x6A, 0x6D, 0x94, 0x8F, 0xF4, 0x1C, 0xF3, 0x54, 0x11, 0xF5, 0x4D, 0xD5, 0x13, 0x8F, 0xE7, 0x22,
    0x74, 0x2E, 0x92, 0xFB, 0xE6, 0xFC, 0xAC, 0x8A, 0x1A, 0x0C, 0x01, 0x04, 0x48, 0x29, 0x34, 0x8F,
    0x3A, 0x12, 0xC1, 0x4E, 0x0A, 0xAF, 0xE3, 0x6E, 0x2D, 0x5B, 0xC5, 0x3B, 0x6E, 0x38, 0x0A, 0xFC,
    0xD6, 0x16, 0x0C, 0x23, 0xFB, 0x00, 0x05, 0xCE, 0x90, 0xFD, 0xDF, 0x8A, 0x32, 0xE8, 0xB5, 0x47,
    0x87, 0x3D, 0x79, 0x6C, 0x14, 0x57, 0x3F, 0xA0, 0x38, 0x3E, 0xA3, 0x04, 0xB0, 0xC7, 0xE6, 0x8F,
    0x2B, 0xF0, 0x11, 0x37, 0xB4, 0x1C, 0x97, 0x67, 0x0F, 0x27, 0xCC, 0x1E, 0x0F, 0xE5, 0x6E, 0x27,
    0x25, 0x61, 0xD7, 0xF7, 0x68, 0x50, 0x1D, 0x39, 0x57, 0xD4, 0x23, 0xF6, 0x09, 0x36, 0x4F, 0xAE,
    0xD7, 0x0A, 0xCB, 0x6F, 0x60, 0x98, 0x24, 0x7E, 0xF8, 0x87, 0x66, 0x78, 0x4E, 0x0E, 0xA6, 0x37,
    0xE7, 0xA3, 0xA5, 0x4C, 0xC6, 0x39, 0x1A, 0x71, 0x4E, 0x3C, 0xE2, 0x43, 0x51, 0x26, 0x87, 0x89,
    0xF7, 0xFB, 0x86, 0xC9, 0x15, 0xF8, 0xB8, 0x18, 0x06, 0xB7, 0x74, 0x95, 0xF4, 0x90, 0xC4, 0xEC,
    0xF1, 0x50, 0xEE, 0xD1, 0xFA, 0x7F, 0x72, 0xC6, 0xC8, 0x45, 0x3C, 0x34, 0x56, 0xEA, 0x93, 0x97,
    0x3F, 0xAE, 0xFC, 0xA7, 0xAE, 0xE0, 0x73, 0x0F, 0x79, 0x13, 0x33, 0x81, 0xC7, 0x15, 0x3E, 0x50,
    0x77, 0xF9, 0x52, 0xEE, 0x91, 0x52, 0x3A, 0xE3, 0x81, 0x71, 0xFA, 0x0D, 0xAC, 0x4B, 0xB9, 0xCA,
    0x4A, 0x57, 0x8E, 0x7A, 0x8A, 0x89, 0x9E, 0x9B, 0x6C, 0x59, 0x47, 0xAD, 0x70, 0xE1, 0xCB, 0x1D,
    0xA8, 0x16, 0xBA, 0x76, 0x2B, 0xDE, 0x55, 0x91, 0x3C, 0xF6, 0x28, 0xD9, 0xBE, 0x7D, 0x38, 0xE5,
    0x27, 0x85, 0x74, 0x0C, 0x98, 0xBC, 0x84, 0xD1, 0xD7, 0x0F, 0x55, 0x6E, 0xB8, 0xC1, 0xF6, 0x8F,
    0xFE, 0xA9, 0xFE, 0x01, 0xC7, 0x6F, 0xC8, 0x0F, 0x72, 0x47, 0x9B, 0x9D, 0x74, 0x68, 0xE3, 0xE1,
    0xBB, 0x02, 0xD9, 0x53, 0x8A, 0x5D, 0x05, 0x86, 0xE5, 0x7E, 0x3B, 0x9B, 0xB3, 0x20, 0xBB, 0x4B,
    0xB1, 0xBF, 0x14, 0x3B, 0x4C, 0xD9, 0x1E, 0x63, 0x97, 0xCD, 0x8F, 0x34, 0x52, 0x04, 0x76, 0x9B,
    0xED, 0x37, 0xDB, 0x71, 0xB6, 0xE7, 0xF6, 0x5D, 0xC7, 0xE1, 0x71, 0x00, 0xB3, 0x08, 0xF3, 0xC7,
    0x15, 0xF8, 0x38, 0x9D, 0xC3, 0xFC, 0xCE, 0xCF, 0x23, 0x4F, 0x11, 0xBD, 0xCC, 0x1E, 0x0F, 0xE5,
    0xBE, 0x3D, 0x45, 0xED, 0xEC, 0xC9, 0xE8, 0x83, 0x42, 0x9D, 0x78, 0x5C, 0xE5, 0xCF, 0x86, 0xE1,
    0xBA, 0xD0, 0x7A, 0x17, 0x7A, 0x96, 0xCB, 0xD6, 0x86, 0x1F, 0xDA, 0x9D, 0x72, 0xFF, 0x03, 0xE5,
    0x9B, 0x31, 0x6C, 0xDC, 0x56, 0x78, 0xC7, 0x7F, 0x24, 0x65, 0x31, 0x08, 0xD1, 0xD0, 0x28, 0x8C,
    0x02, 0x49, 0xDC, 0xB2, 0x73, 0x9A, 0x98, 0x6B, 0x87, 0xCA, 0x7C, 0xE8, 0xDA, 0xA1, 0xDA, 0x97,
    0x2E, 0x99, 0x8C, 0x02, 0xEE, 0x0E, 0x5B, 0x64, 0xD0, 0xA1, 0xAB, 0xF7, 0x29, 0x83, 0x87, 0x58,
    0x19, 0xD4, 0x21, 0x43, 0x07, 0x9F, 0x8E, 0x69, 0x86, 0xAC, 0x6C, 0x76, 0xA0, 0x87, 0x34, 0x93,
    0x3D, 0x94, 0x40, 0x58, 0x94, 0x51, 0x79, 0xF7, 0xAA, 0xEF, 0xFB, 0x20, 0x3E, 0x58, 0x27, 0xD4,
    0x35, 0x52, 0x28, 0x77, 0xE9, 0x83, 0xF0, 0x3B, 0xE0, 0x64, 0x80, 0xEF, 0xFD, 0x7F, 0xFC, 0x3E,
    0x3E, 0x52, 0x34, 0x50, 0xB5, 0x00, 0xCB, 0x4E, 0xE8, 0x57, 0x40, 0xFC, 0xB3, 0x30, 0xF9, 0xB7,
    0x1E, 0xC8, 0xBE, 0x13, 0xE6, 0x7F, 0x2F, 0x2C, 0xFF, 0x52, 0x58, 0xC5, 0x03, 0xF0, 0x34, 0x12,
    0x4E, 0xD1, 0x08, 0xD1, 0xC8, 0x04, 0x49, 0x2F, 0x4C, 0x57, 0xC2, 0xBC, 0x15, 0x16, 0x2D, 0x0B,
    0xA8, 0xBC, 0x5F, 0x43, 0xED, 0xFD, 0x06, 0x36, 0xA7, 0xA7, 0xE7, 0x44, 0x13, 0x54, 0xC4, 0xA3,
    0x30, 0xE9, 0x85, 0xD9, 0x0A, 0x2A, 0x97, 0xB7, 0x50, 0xBA, 0xB2, 0x81, 0xB2, 0xA9, 0x80, 0xA2,
    0xE1, 0x86, 0xB1, 0x74, 0x81, 0x9E, 0x99, 0xD9, 0x26, 0x1A, 0xA8, 0xFD, 0x0F, 0x43, 0xE4, 0x5F,
    0xFD, 0xDC, 0xA7, 0x23, 0x7F, 0xD6, 0xE7, 0x1D, 0x79, 0x5F, 0x34, 0xA4, 0xAB, 0x0A, 0xD2, 0xAE,
    0x82, 0xAC, 0x3B, 0x91, 0xB9, 0x9D, 0x0B, 0x16, 0x02, 0x99, 0x64, 0x33, 0x41, 0xE9, 0x64, 0x4E,
    0x6E, 0x0D, 0x4B, 0xCE, 0x89, 0x3D, 0x95, 0xCB, 0x6A, 0xCA, 0x8B, 0xC5, 0x09, 0xB9, 0x1F, 0x4E,
    0x88, 0x7C, 0xB3, 0xE0, 0xFA, 0xA8, 0x1B, 0x85, 0xCE, 0x66, 0x9E, 0x0C, 0x1F, 0x3D, 0x17, 0x96,
    0x1B, 0x61, 0x65, 0xDF, 0x3D, 0x54, 0xBE, 0x14, 0x68, 0x68, 0x24, 0x2B, 0x61, 0xB4, 0xB5, 0xBE,
    0x1D, 0x16, 0xF1, 0xE8, 0x19, 0xB0, 0x1C, 0x00, 0x3F, 0x02, 0x08, 0xE2, 0x1E, 0x09, 0x16, 0xC8,
    0x1B, 0xE0, 0x90, 0x30, 0x6E, 0x51, 0x88, 0x53, 0xC6, 0x1A, 0xA9, 0x2E, 0x03, 0xC8, 0x35, 0x42,
    0x0A, 0x17, 0xF2, 0xCF, 0x47, 0x15, 0x50, 0x4E, 0x7F, 0xAA, 0x19, 0x2F, 0x85, 0xF1, 0x58, 0x3A,
    0x20, 0x5B, 0xC9, 0x8A, 0xC9, 0x5D, 0xD2, 0x01, 0x11, 0x3A, 0xB6, 0xD5, 0x04, 0x37, 0x2A, 0xC7,
    0xEC, 0xCC, 0x7A, 0xD4, 0xCF, 0x2C, 0xC8, 0x0C, 0x99, 0xA2, 0xD9, 0x91, 0x49, 0x32, 0x4B, 0x57,
    0x9A, 0xCC, 0xD3, 0x95, 0x28, 0x33, 0x75, 0xA5, 0xCA, 0x5C, 0x99, 0x2C, 0xCC, 0x16, 0xA6, 0x0B,
    0xF3, 0x05, 0x26, 0x0C, 0x33, 0x86, 0x29, 0x23, 0x14, 0x0F, 0x91, 0x32, 0x6B, 0xB0, 0x43, 0x00,
    0x95, 0xD3, 0x09, 0x71, 0x25, 0xB1, 0xFA, 0x71, 0x05, 0xF8, 0xBE, 0x81, 0xF8, 0x62, 0xD4, 0x34,
    0x16, 0x40, 0xE9, 0x2A, 0xE0, 0x88, 0xDC, 0x01, 0x1C, 0xC0, 0xB6, 0x5C, 0xB5, 0x8B, 0xEA, 0x45,
    0xFD, 0xA2, 0x82, 0x51, 0xC3, 0xA8, 0x62, 0xD4, 0x31, 0x2A, 0x19, 0xB5, 0xCC, 0x42, 0xA9, 0x9E,
    0x51, 0xD1, 0xA8, 0x69, 0x54, 0xB5, 0xB9, 0x36, 0xD9, 0x66, 0xDB, 0x74, 0xCF, 0xBE, 0xEF, 0xA1,
    0x39, 0x86, 0x82, 0xE2, 0x48, 0xF9, 0x40, 0x59, 0x28, 0xF3, 0xBF, 0x1E, 0x81, 0x3B, 0xE5, 0x64,
    0xA2, 0x67, 0xCF, 0xA6, 0xD9, 0x2C, 0x47, 0xB0, 0x3F, 0xC5, 0x77, 0x6C, 0x2D, 0xC3, 0xA4, 0xA3,
    0x47, 0x54, 0x75, 0x3C, 0x11, 0xFC, 0x45, 0xB5, 0x82, 0xBB, 0xBE, 0x57, 0x7F, 0xAA, 0x4F, 0xED,
    0xCD, 0xF2, 0x0E, 0x6E, 0xBF, 0x2A, 0x89, 0x5F, 0x08, 0x49, 0xBC, 0x66, 0x9A, 0xFA, 0x0E, 0xFD,
    0x6C, 0xCD, 0x4F, 0x63, 0x79, 0xFF, 0xBF, 0xAD, 0xCA, 0xF7, 0x9F, 0x0B, 0x73, 0x2F, 0x2C, 0x94,
    0x94, 0xCA, 0x23, 0x42, 0x55, 0xF6, 0x6F, 0xAF, 0x4A, 0x76, 0xA5, 0x2A, 0xF9, 0x50, 0xA9, 0x9A,
    0x13, 0xBF, 0x79, 0x09, 0xF1, 0x17, 0x7E, 0x04, 0x28, 0x3A, 0xAE, 0xC6, 0xA1, 0xAE, 0xBA, 0x98,
    0x84, 0xF5, 0x06, 0x89, 0xAE, 0x02, 0x52, 0xAB, 0xCA, 0xC6, 0xAA, 0x32, 0x72, 0x7B, 0x53, 0x95,
    0x7C, 0xAE, 0xAB, 0x75, 0x12, 0xC6, 0x45, 0xCF, 0xFB, 0xA9, 0x4E, 0xAF, 0x76, 0xD8, 0xF8, 0xE8,
    0x19, 0x50, 0xF7, 0x10, 0x49, 0x12, 0x69, 0xAF, 0xD9, 0x56, 0xF0, 0x50, 0xE4, 0x1D, 0x70, 0xE7,
    0xF6, 0xAB, 0x32, 0x53, 0x23, 0x6F, 0x6B, 0x8B, 0xDB, 0x02, 0xF6, 0x7F, 0x73, 0x48, 0xB5, 0x02,
    0x96, 0x3D, 0xC4, 0x9B, 0xE9, 0xAA, 0x45, 0x36, 0xDA, 0x22, 0x55, 0x46, 0x18, 0x3B, 0xB3, 0x93,
    0x0C, 0xE3, 0x03, 0x65, 0xD9, 0xCC, 0x3D, 0x93, 0x89, 0xB0, 0x93, 0xEC, 0x80, 0x2C, 0x6E, 0x06,
    0xC8, 0x5A, 0xC9, 0x2B, 0xED, 0xF2, 0x0E, 0x92, 0xCD, 0xB2, 0x81, 0x48, 0x52, 0x85, 0x72, 0x85,
    0x8D, 0x7D, 0x33, 0xFB, 0xE7, 0x82, 0x73, 0xC0, 0x3A, 0x73, 0xD8, 0x6D, 0x3A, 0xF8, 0xF4, 0xFD,
    0xA4, 0xE5, 0x81, 0x1C, 0xB1, 0x70, 0xD2, 0x6A, 0x2F, 0x36, 0x90, 0x7A, 0x99, 0xD5, 0xB2, 0xF9,
    0xAD, 0x6C, 0x7E, 0x46, 0xD8, 0xED, 0x97, 0x84, 0x0D, 0x68, 0xDE, 0xCC, 0x57, 0xBF, 0x2C, 0xF9,
    0x5D, 0xAA, 0xFA, 0x46, 0x30, 0xCE, 0x9B, 0xB2, 0xA7, 0x73, 0x0E, 0x05, 0xF0, 0xE9, 0x07, 0x3B,
    0xA3, 0x4A, 0xFB, 0x72, 0xE8, 0x82, 0xD5, 0x9A, 0x79, 0x1B, 0x45, 0xB8, 0x33, 0x4B, 0xD3, 0x76,
    0x05, 0xD9, 0x17, 0xB1, 0x4A, 0xCA, 0x56, 0xD7, 0x24, 0x3D, 0xFE, 0x69, 0xEF, 0x24, 0x3D, 0x72,
    0x58, 0xFF, 0xC3, 0x0F, 0x40, 0xD4, 0x5B, 0xEB, 0xB0, 0x53, 0xF3, 0xFE, 0x9F, 0x24, 0x0D, 0x0F,
    0x0E, 0x32, 0xF1, 0x53, 0xBE, 0xE9, 0xE7, 0xD9, 0xED, 0xFB, 0x59, 0xBA, 0xBB, 0x90, 0xF8, 0x8B,
    0x01, 0xD2, 0xD7, 0x32, 0xDB, 0x88, 0xC7, 0x0D, 0xD8, 0x48, 0xE1, 0x4B, 0xC8, 0x9A, 0xDF, 0x8D,
    0x99, 0x78, 0x8D, 0x23, 0xF7, 0xAF, 0x3B, 0x8A, 0x33, 0xDF, 0x72, 0x10, 0x6D, 0xB0, 0x71, 0x9F,
    0xB8, 0xE1, 0x01, 0x26, 0xA5, 0x21, 0x7F, 0xF5, 0x5B, 0x4A, 0x89, 0xE0, 0x58, 0x62, 0x8F, 0x24,
    0xF6, 0x36, 0x95, 0xD8, 0x75, 0xD3, 0x10, 0x6F, 0xEC, 0x7A, 0x65, 0xBD, 0x2B, 0x84, 0xFF, 0xBB,
    0xDB, 0x40, 0x1C, 0x10, 0xC1, 0x03, 0xD2, 0x96, 0x82, 0xA2, 0x21, 0x6F, 0x24, 0xD4, 0x8B, 0x35,
    0x24, 0x5A, 0x4F, 0xAA, 0x64, 0x07, 0x77, 0x11, 0x1A, 0x8F, 0x6F, 0x31, 0xD6, 0xA7, 0xA7, 0xA7,
    0x8E, 0x13, 0x00, 0x16, 0xCA, 0xB5, 0x72, 0x0A, 0x8C, 0x8C, 0xA3, 0x50, 0x3D, 0x90, 0x5C, 0x9C,
    0x9E, 0x3E, 0x27, 0xF1, 0xDE, 0x8F, 0xCA, 0x01, 0xD1, 0x0F, 0xC6, 0x4C, 0xAD, 0xE6, 0xC6, 0x36,
    0xB0, 0x30, 0x36, 0xC2, 0xD2, 0x09, 0xAB, 0xCB, 0x83, 0x37, 0x6F, 0x4C, 0xE7, 0x86, 0x91, 0x4C,
    0x81, 0xE9, 0xA8, 0x1C, 0x84, 0xD1, 0x72, 0x80, 0xDC, 0x7B, 0x47, 0xFD, 0x6A, 0xD9, 0x46, 0x6B,
    0xF2, 0x55, 0xD2, 0x93, 0xF4, 0x79, 0x2B, 0x68, 0xC8, 0x56, 0xA5, 0xA3, 0xEC, 0x2A, 0xFE, 0xC8,
    0x37, 0x7A, 0x42, 0x5C, 0xE2, 0x19, 0xD5, 0x8B, 0x63, 0xA8, 0x40, 0x11, 0x09, 0xB2, 0xB6, 0x6C,
    0x28, 0x9B, 0xA2, 0xC3, 0x93, 0x6D, 0xCE, 0x26, 0x62, 0xEF, 0x57, 0x50, 0x6E, 0xD8, 0x1A, 0x79,
    0x7F, 0x85, 0x62, 0x75, 0x05, 0x38, 0x75, 0x40, 0xEC, 0x57, 0xCA, 0x1E, 0x20, 0x51, 0xA6, 0x96,
    0x40, 0x13, 0xAE, 0xFF, 0xEF, 0x11, 0xC6, 0xCE, 0x8B, 0xD0, 0x1B, 0xD2, 0xC2, 0x03, 0xA5, 0x47,
    0x38, 0x5F, 0xC4, 0xC7, 0x79, 0x89, 0xA1, 0x5C, 0x6E, 0x4B, 0xC8, 0xA1, 0xCD, 0x77, 0x88, 0x00,
    0xEF, 0xCF, 0x80, 0xBF, 0xAB, 0x7D, 0x38, 0x29, 0xC2, 0xD8, 0x9B, 0x9C, 0xED, 0x8E, 0xB1, 0xB9,
    0x6B, 0x77, 0x8C, 0xE9, 0xA1, 0xEF, 0xAF, 0x2A, 0x96, 0x5B, 0x4F, 0x37, 0x3C, 0x19, 0x2A, 0x94,
    0x54, 0x2E, 0x04, 0xA5, 0x89, 0xCC, 0xEA, 0x97, 0xDF, 0xB7, 0x40, 0xEC, 0x7F, 0xD0, 0x04, 0xFE,
    0xB3, 0x07, 0x28, 0xBE, 0x1D, 0x01, 0x4E, 0x78, 0x09, 0x30, 0x72, 0x04, 0x70, 0x97, 0x83, 0x9B,
    0x85, 0xCC, 0x1F, 0xA6, 0x44, 0x9D, 0xD8, 0xB1, 0x82, 0x15, 0xA6, 0xF0, 0x21, 0x62, 0xC2, 0x3C,
    0x54, 0x4D, 0x70, 0x63, 0x72, 0x30, 0x3B, 0x2A, 0x26, 0xF8, 0x11, 0x41, 0xC1, 0x90, 0xCA, 0x09,
    0x1F, 0x2A, 0x49, 0x2D, 0x05, 0x4D, 0xE6, 0xE9, 0xFA, 0x34, 0x75, 0x38, 0xC2, 0x6D, 0x96, 0x32,
    0x5B, 0x85, 0x2A, 0xAF, 0x80, 0x6C, 0x7A, 0x02, 0x94, 0xEB, 0xBB, 0x40, 0x5D, 0xEB, 0xA4, 0x8B,
    0x46, 0x66, 0x92, 0xD9, 0x13, 0x8D, 0x15, 0x44, 0xE0, 0x6E, 0x90, 0x6B, 0x76, 0x55, 0x2F, 0xEA,
    0x17, 0x15, 0x8C, 0x1A, 0x46, 0x15, 0xA3, 0x8E, 0x51, 0xC9, 0xA8, 0x65, 0xD3, 0x6C, 0x9E, 0xA9,
    0x98, 0x4D, 0x9B, 0x6A, 0xD4, 0x35, 0x2A, 0xDB, 0x6C, 0x9B, 0xEE, 0xD9, 0xB7, 0x0B, 0x49, 0xA4,
    0xDD, 0xBC, 0xD7, 0x25, 0x56, 0x9D, 0x18, 0xBF, 0x59, 0xB6, 0xC0, 0x1F, 0xFA, 0x6E, 0x16, 0x6D,
    0x9E, 0x55, 0xB3, 0x5A, 0x56, 0xC9, 0xFB, 0x53, 0x72, 0xF7, 0xE6, 0xC3, 0x86, 0x7B, 0x92, 0x52,
    0x90, 0x0B, 0xB2, 0xBF, 0x9A, 0x20, 0x2A, 0xD7, 0xE6, 0x4F, 0xF5, 0xA9, 0x3D, 0x95, 0xA7, 0xEE,
    0x6E, 0xBF, 0x2A, 0xED, 0xFE, 0xA4, 0x0A, 0xF7, 0x27, 0xE1, 0x61, 0xBD, 0xDA, 0xB2, 0x7A, 0x14,
    0xB9, 0xFF, 0xE2, 0x6E, 0x96, 0xF4, 0x70, 0xDF, 0x24, 0x41, 0xF4, 0x02, 0x7B, 0x5C, 0xAC, 0xB4,
    0xB3, 0x33, 0x5C, 0x52, 0x29, 0x09, 0xC5, 0x76, 0x6F, 0x2F, 0x8A, 0x2D, 0x52, 0x8B, 0xF9, 0x06,
    0x07, 0x95, 0x7F, 0xDD, 0xC2, 0xFD, 0x8F, 0x75, 0x75, 0xD1, 0x86, 0x79, 0x7C, 0xE2, 0x80, 0x48,
    0xBF, 0x4E, 0xBD, 0x7A, 0xFC, 0xE7, 0x01, 0xA8, 0x99, 0xF6, 0xD4, 0xE3, 0x87, 0xB6, 0xC7, 0x3F,
    0x20, 0xD6, 0x87, 0xC0, 0xDD, 0x72, 0x02, 0x3E, 0x5E, 0x61, 0x23, 0x7E, 0x0E, 0xE4, 0x6B, 0xA0,
    0x5A, 0x02, 0xEB, 0xB2, 0x21, 0xE9, 0xA5, 0xD8, 0x5A, 0x2B, 0xB6, 0xE6, 0xD6, 0x8B, 0x6D, 0x69,
    0xD7, 0xB5, 0x0E, 0x48, 0x77, 0xA8, 0x90, 0x6E, 0x61, 0x47, 0x4D, 0x36, 0x01, 0xC5, 0xE6, 0x8D,
    0xCE, 0xD7, 0x67, 0x1D, 0x59, 0x13, 0x6F, 0x75, 0xBE, 0x5D, 0xD9, 0x7E, 0x47, 0xA7, 0xCE, 0xFA,
    0x83, 0x72, 0x15, 0xBA, 0x44, 0x66, 0xE1, 0xB8, 0xF0, 0x37, 0x94, 0x7B, 0xDC, 0x64, 0xAD, 0x56,
    0x7E, 0xF2, 0xF5, 0xC5, 0xA9, 0x9B, 0x77, 0xEE, 0xCA, 0x77, 0xCE, 0xDE, 0x48, 0x60, 0xAD, 0x7C,
    0xEB, 0xA9, 0x70, 0x79, 0xF0, 0x8D, 0x5A, 0x0B, 0xD3, 0xD1, 0x65, 0xE9, 0xAA, 0x74, 0x51, 0xB6,
    0x26, 0x3B, 0x72, 0xA9, 0x0B, 0xDA, 0x5A, 0xCF, 0xD2, 0x0F, 0xE0, 0x7D, 0x0F, 0x8F, 0xBE, 0xEE,
    0xD1, 0x95, 0xD8, 0x12, 0x6C, 0x05, 0x9A, 0x46, 0x3E, 0x43, 0xE7, 0xAD, 0xD9, 0x94, 0x2E, 0x86,
    0x4A, 0xBE, 0xAD, 0xA8, 0x1D, 0x0F, 0xA3, 0x35, 0x9C, 0x64, 0x03, 0x2C, 0xAA, 0x16, 0x96, 0x1E,
    0xA8, 0x47, 0xA0, 0xEC, 0x76, 0x3C, 0xB1, 0xED, 0x91, 0x0D, 0x76, 0xD6, 0x5C, 0x27, 0x3E, 0xE0,
    0x5A, 0xF7, 0xBD, 0xF5, 0x44, 0x6F, 0x7A, 0xD4, 0xA0, 0x08, 0x73, 0xE4, 0xF1, 0x2F, 0x90, 0x7A,
    0xDF, 0x50, 0x5E, 0x2C, 0x7B, 0x96, 0x2E, 0x1D, 0xA2, 0x89, 0x68, 0x4A, 0x06, 0x98, 0x24, 0xF8,
    0x49, 0xB2, 0x5E, 0xC8, 0x2C, 0x16, 0x65, 0x23, 0x87, 0x71, 0xB0, 0xAE, 0x80, 0x49, 0xA1, 0xA5,
    0x7C, 0x0E, 0xF1, 0xA8, 0x58, 0x40, 0x32, 0x08, 0xFA, 0x4B, 0x64, 0x2B, 0x7D, 0xC4, 0x70, 0x62,
    0x0F, 0x40, 0xA8, 0x29, 0xDB, 0x78, 0x22, 0xBF, 0x58, 0x0E, 0x24, 0x92, 0xAA, 0x1C, 0x7B, 0x6B,
    0xD8, 0xA9, 0xD0, 0xBE, 0x81, 0x58, 0x8B, 0xD6, 0xAF, 0xC1, 0xBF, 0xF2, 0x2E, 0x99, 0x28, 0xDA,
    0xAC, 0x27, 0xEB, 0xB4, 0x1D, 0x68, 0x53, 0xAF, 0xB8, 0x42, 0x2D, 0x38, 0x87, 0x54, 0x66, 0x90,
    0xCA, 0x0C, 0xB2, 0xEE, 0xE9, 0xB5, 0x69, 0x68, 0x47, 0xD9, 0x9C, 0xE9, 0x34, 0xBA, 0x9B, 0xA6,
    0xB1, 0x35, 0x83, 0x3A, 0xFC, 0x19, 0x35, 0xF7, 0x0A, 0x07, 0x14, 0xF3, 0xB9, 0xF5, 0x12, 0x88,
    0xD4, 0xFF, 0x31, 0x61, 0xEC, 0x42, 0xBA, 0xFA, 0x76, 0x50, 0xB5, 0x16, 0x6C, 0xE6, 0xE2, 0x9E,
    0x80, 0x78, 0x7E, 0x24, 0x1B, 0x39, 0xC2, 0xB8, 0xE5, 0xB0, 0x47, 0x41, 0xA4, 0x4C, 0x7A, 0x42,
    0x39, 0x3B, 0x48, 0xA6, 0x23, 0x4D, 0xFA, 0x3D, 0xA0, 0xD2, 0xD3, 0x76, 0x2D, 0xBF, 0x4C, 0xFA,
    0x64, 0x05, 0x69, 0x1B, 0xF5, 0x61, 0xFF, 0x75, 0x2D, 0x71, 0x8B, 0xDC, 0x32, 0xD7, 0xD0, 0xD1,
    0xD4, 0xD1, 0xD8, 0xD1, 0xDC, 0xD1, 0xE0, 0xD1, 0xE4, 0xD1, 0xE8, 0xD1, 0xEC, 0xD1, 0xDC, 0x8D,
    0x68, 0xFC, 0x68, 0xF4, 0x46, 0xD4, 0x80, 0xB2, 0x47, 0x1D, 0xA0, 0x12, 0xD0, 0xF5, 0xA2, 0x0B,
    0x36, 0x0F, 0x26, 0xC2, 0x4C, 0x6C, 0x2D, 0x3A, 0xB6, 0xCB, 0x6F, 0x58, 0x2F, 0xE5, 0xFC, 0x8E,
    0x4C, 0x3E, 0x8C, 0x40, 0xA5, 0xAF, 0x27, 0x6C, 0xCE, 0x81, 0x64, 0xAC, 0xC0, 0xF2, 0xA7, 0x70,
    0x89, 0xED, 0x5E, 0x81, 0x2D, 0x67, 0x26, 0x4D, 0xAD, 0xA1, 0xDA, 0x50, 0x6F, 0xA8, 0x38, 0xD4,
    0x1C, 0x15, 0x81, 0xB5, 0x52, 0xED, 0xA1, 0xFA, 0x50, 0x7F, 0x3C, 0xDD, 0x5A, 0x91, 0x3A, 0x34,
    0x89, 0x6A, 0x71, 0x5E, 0xD1, 0xC1, 0xDC, 0x50, 0xAB, 0x70, 0x9F, 0xE3, 0x80, 0xAC, 0x01, 0x92,
    0xEF, 0x26, 0x88, 0x72, 0x6F, 0xFE, 0x54, 0x9F, 0xDA, 0x53, 0x79, 0xEA, 0x6E, 0xA7, 0x4A, 0xE5,
    0xEE, 0x7C, 0x3E, 0x4E, 0x82, 0x27, 0x73, 0xB5, 0x3C, 0x10, 0xE4, 0xF9, 0x00, 0x07, 0xD5, 0x64,
    0x5A, 0xCC, 0x8A, 0x4A, 0x31, 0x27, 0x44, 0xB7, 0x5F, 0x43, 0x37, 0x3D, 0x1C, 0xB4, 0x33, 0xAB,
    0xBD, 0x12, 0x91, 0xAC, 0x1F, 0xDE, 0x58, 0x43, 0xC3, 0xFE, 0xD6, 0x90, 0xBD, 0xE9, 0x93, 0xEA,
    0x77, 0x99, 0xF2, 0x8D, 0xDD, 0x98, 0xAE, 0x77, 0xF8, 0xA7, 0x6B, 0x35, 0x34, 0x54, 0x40, 0x6E,
    0x35, 0xC4, 0x6E, 0xD5, 0x90, 0x3D, 0x75, 0xAC, 0xFB, 0x03, 0x22, 0xEF, 0xCF, 0xA1, 0xAB, 0xD7,
    0x68, 0x2A, 0x36, 0xA2, 0xAF, 0x80, 0x6C, 0xA3, 0x53, 0x03, 0xCE, 0x8B, 0x96, 0x78, 0x48, 0x3B,
    0xD2, 0x2E, 0xDE, 0xC1, 0x1A, 0xE2, 0x43, 0x20, 0xF2, 0xDD, 0x5D, 0x7B, 0x2B, 0xC7, 0x5E, 0xCA,
    0x09, 0xEF, 0xE4, 0x1C, 0x7E, 0x09, 0x94, 0x13, 0xB0, 0x5C, 0x43, 0x3C, 0x55, 0xFA, 0x32, 0x48,
    0x43, 0xEE, 0xD2, 0x8E, 0x3B, 0x44, 0xEE, 0xB6, 0x6B, 0x28, 0x59, 0x03, 0xD6, 0xA1, 0xCE, 0xAE,
    0x3A, 0xD4, 0x70, 0x43, 0x87, 0xDA, 0x9B, 0xAD, 0x12, 0xF9, 0x00, 0xCC, 0x6D, 0x2A, 0x9E, 0xDB,
    0x54, 0xBE, 0xD5, 0xA6, 0x76, 0x67, 0x5F, 0xC5, 0x01, 0x84, 0x47, 0x2F, 0xCA, 0x3A, 0xEC, 0xC9,
    0xE3, 0x21, 0x6D, 0x21, 0xE9, 0xB4, 0xCA, 0x9D, 0x92, 0xDC, 0xD8, 0xC0, 0x63, 0xEF, 0x9D, 0x58,
    0xF1, 0x88, 0x96, 0x01, 0xF1, 0xD2, 0x23, 0x62, 0xC6, 0x5F, 0xD1, 0xAB, 0xA6, 0x77, 0xEB, 0x55,
    0xEB, 0xFF, 0xF1, 0x7A, 0xFF, 0x99, 0xB2, 0x0A, 0x77, 0x1C, 0xF1, 0x18, 0x7A, 0x75, 0xDE, 0xE6,
    0x0E, 0x52, 0x0A, 0x53, 0xAA, 0xAC, 0x44, 0x8D, 0x68, 0x29, 0xBD, 0x1F, 0x55, 0x4E, 0x43, 0xE8,
    0x46, 0xAB, 0xFF, 0xFB, 0x6E, 0x14, 0xE6, 0x4C, 0xA4, 0x2C, 0x8D, 0x2E, 0x68, 0xB1, 0xDC, 0x93,
    0x4E, 0x5C, 0xC4, 0xAB, 0x7D, 0x75, 0xF1, 0xB7, 0xCA, 0xA7, 0x41, 0x08, 0xA5, 0x52, 0x1C, 0x40,
    0xD6, 0xC8, 0x67, 0xE2, 0x76, 0xC4, 0x45, 0x78, 0x6D, 0x53, 0xE9, 0x00, 0x0A, 0xC2, 0xD4, 0x5F,
    0x8A, 0x8B, 0xA8, 0x57, 0x0B, 0xC7, 0xFB, 0xE4, 0x42, 0xEF, 0x49, 0xA8, 0xD6, 0xCA, 0x8D, 0x90,
    0x23, 0x42, 0xBD, 0xF7, 0x76, 0xA6, 0x89, 0x8B, 0x68, 0x67, 0x5C, 0xD4, 0x0E, 0x7D, 0x4B, 0xA4,
    0x87, 0xF8, 0xB5, 0xEF, 0xF5, 0xAB, 0x7F, 0x08, 0xBB, 0x0F, 0xF6, 0x28, 0x7F, 0x59, 0x22, 0x64,
    0xFA, 0x90, 0x38, 0xFB, 0x77, 0xFD, 0x05, 0xE7, 0x56, 0x01, 0xBB, 0x92, 0x36, 0xA4, 0xFB, 0x99,
    0x2D, 0x37, 0x5F, 0xA5, 0xA9, 0xDA, 0xEB, 0x04, 0x76, 0x2B, 0xF3, 0xAD, 0xB1, 0x3D, 0xE7, 0xBA,
    0x41, 0xE3, 0xA2, 0x22, 0x1A, 0x85, 0xF1, 0x00, 0xB5, 0x1C, 0x9A, 0x13, 0xE5, 0x42, 0xB9, 0x96,
    0x09, 0x30, 0x91, 0x19, 0x3B, 0xA2, 0x49, 0xA6, 0x11, 0x8F, 0xCA, 0x01, 0x5B, 0x45, 0xD1, 0x08,
    0x4B, 0xA3, 0xC3, 0xDE, 0x15, 0xCF, 0x8C, 0x1D, 0x95, 0xCE, 0xDC, 0x58, 0x43, 0xA1, 0xF3, 0xAF,
    0x9C, 0xFC, 0x84, 0xFC, 0x37, 0xCB, 0x51, 0xB7, 0x64, 0x2B, 0xE0, 0xF1, 0xE6, 0x9D, 0x56, 0x91,
    0xB7, 0xD8, 0xBE, 0xA8, 0x55, 0x14, 0x8D, 0xC0, 0x51, 0x34, 0xE5, 0x25, 0x5C, 0x05, 0xA5, 0xA0,
    0x42, 0x71, 0x22, 0x78, 0x0A, 0x27, 0x2C, 0xE0, 0x9C, 0x97, 0xB0, 0x46, 0xEF, 0x86, 0x26, 0xB1,
    0xB3, 0x26, 0x9F, 0x58, 0x72, 0x34, 0x52, 0xBD, 0xFE, 0x65, 0xA4, 0xF0, 0x3F, 0x0E, 0x1C, 0x6E,
    0xEC, 0xC5, 0xFF, 0x30, 0xB6, 0x9F, 0xBD, 0x29, 0x38, 0xFC, 0x6A, 0xAB, 0xC9, 0xE7, 0xCA, 0xEA,
    0xFA, 0x7F, 0xE2, 0xE2, 0x98, 0x30, 0x76, 0x5E, 0xC4, 0xA3, 0x06, 0xF0, 0xF3, 0x1B, 0x80, 0x08,
    0x64, 0x4E, 0x56, 0xCD, 0x85, 0x03, 0xEE, 0x10, 0xC6, 0x2D, 0x0A, 0x09, 0x5B, 0x4D, 0x3B, 0x29,
    0x20, 0x6C, 0x35, 0x29, 0x75, 0x63, 0xF6, 0x10, 0x70, 0x4A, 0x38, 0x52, 0x3E, 0xD5, 0xB4, 0x27,
    0x4D, 0x7B, 0xD4, 0xB4, 0x9F, 0x85, 0xB4, 0xCF, 0xFF, 0xD7, 0x69, 0x0F, 0x5B, 0x69, 0xF7, 0xEF,
    0x96, 0xF6, 0x46, 0xD3, 0x9E, 0xB8, 0xF9, 0xB4, 0xFF, 0x47, 0xEC, 0xBC, 0x08, 0x6F, 0x10, 0x74,
    0xE1, 0xB9, 0x78, 0xA5, 0x4D, 0xF5, 0xFE, 0xB5, 0x76, 0x2A, 0xB9, 0x7B, 0x27, 0x99, 0x7B, 0x84,
    0x3F, 0xA1, 0xD1, 0xA3, 0xD9, 0x53, 0x2A, 0x35, 0x7D, 0xE1, 0xFC, 0xA3, 0x02, 0xCC, 0x80, 0x29,
    0x30, 0x07, 0x26, 0xC1, 0x2C, 0xB0, 0xE6, 0x83, 0x09, 0xF3, 0x40, 0xF5, 0xFA, 0x3F, 0x46, 0x28,
    0xFC, 0x0F, 0x03, 0x97, 0x2A, 0xE2, 0x3E, 0x6C, 0x35, 0x0B, 0x63, 0x33, 0xCF, 0x69, 0xDE, 0x6A,
    0x52, 0x42, 0xBC, 0xAF, 0x2E, 0x22, 0x55, 0x11, 0xAB, 0x04, 0xC6, 0xAD, 0xFF, 0x3E, 0xF6, 0x50,
    0x5D, 0xFC, 0xF1, 0xAE, 0xB8, 0x78, 0x7B, 0x17, 0x2A, 0x21, 0x1A, 0xD4, 0xC2, 0xF1, 0x3E, 0xB9,
    0xD0, 0x2E, 0x84, 0xEF, 0x95, 0x26, 0x43, 0xA8, 0xF3, 0x0A, 0x0F, 0x8E, 0xC4, 0xC5, 0x9D, 0x9D,
    0x71, 0x51, 0x3B, 0x20, 0x7E, 0x63, 0xAB, 0xF9, 0xB8, 0x29, 0x01, 0x2C, 0xF9, 0x3D, 0xCA, 0x3F,
    0xD5, 0xB0, 0x4B, 0x7F, 0x06, 0x3C, 0x58, 0x7A, 0x80, 0xC3, 0x51, 0xD2, 0x66, 0x67, 0xD2, 0x06,
    0xF6, 0x2A, 0xDB, 0x77, 0xDF, 0xEA, 0x00, 0xEC, 0x5C, 0xE6, 0x61, 0x6C, 0xBF, 0xFF, 0x1C, 0xC8,
    0x01, 0xA1, 0x73, 0x2E, 0x82, 0xA0, 0x6B, 0xB7, 0xED, 0x37, 0x3D, 0xCF, 0xAD, 0x81, 0xA2, 0xAD,
    0x90, 0x28, 0xCB, 0x06, 0x36, 0x6A, 0x44, 0x6F, 0x0A, 0xD2, 0x5E, 0x7E, 0xF2, 0xCE, 0xA4, 0x88,
    0xAC, 0x1A, 0x98, 0x58, 0x03, 0xEB, 0x64, 0x00, 0x4E, 0xC4, 0x27, 0x95, 0x26, 0x55, 0xD6, 0x0E,
    0x11, 0x80, 0x70, 0xD2, 0x30, 0x7F, 0xF5, 0x9F, 0xA5, 0x6D, 0x64, 0xCE, 0x7E, 0x69, 0xFF, 0xDA,
    0xEC, 0x24, 0x1D, 0x60, 0x29, 0x75, 0x10, 0xC6, 0x04, 0x0B, 0xC1, 0xA4, 0x88, 0x46, 0xC1, 0x40,
    0x34, 0xC6, 0x97, 0x18, 0x92, 0x9E, 0x58, 0x90, 0xF4, 0x86, 0xD5, 0x25, 0xD2, 0x4B, 0xAC, 0xB2,
    0x8E, 0xB4, 0xBB, 0x44, 0xDE, 0x89, 0xD7, 0x36, 0xEF, 0xA8, 0xDA, 0x6C, 0xC5, 0x59, 0x9B, 0xF6,
    0xF1, 0xBF, 0x36, 0xC9, 0xE6, 0xEC, 0x6F, 0x9A, 0xC8, 0xAF, 0x4B, 0x47, 0xB9, 0x2A, 0x01, 0xAA,
    0x39, 0xE1, 0x05, 0x88, 0xD0, 0x23, 0xD2, 0x81, 0xE5, 0xAB, 0xE5, 0x8A, 0xD2, 0x7B, 0x47, 0xEC,
    0x7F, 0xDA, 0xF5, 0x64, 0xB7, 0xC6, 0x72, 0xEB, 0xAC, 0xDA, 0xDC, 0x6E, 0xA2, 0x45, 0x27, 0x68,
    0x17, 0x50, 0x7E, 0x3B, 0xF1, 0x69, 0xF9, 0xFD, 0x56, 0xA2, 0xF0, 0xC9, 0xF6, 0x4B, 0x78, 0x4F,
    0x20, 0xBC, 0x84, 0x17, 0x6A, 0x38, 0x76, 0xFB, 0x74, 0x9E, 0x1F, 0xBE, 0xB0, 0x0D, 0x85, 0xA0,
    0xB9, 0xAA, 0xD8, 0xF0, 0xB6, 0xF7, 0x20, 0x38, 0xDE, 0xD1, 0xF3, 0x1C, 0x3E, 0x17, 0x64, 0x1B,
    0x1C, 0x14, 0xFE, 0xBF, 0x3A, 0xF8, 0x83, 0xCC, 0x77, 0x00, 0xE7, 0x10, 0xC6, 0xBE, 0xF8, 0x78,
    0xCB, 0xDF, 0x67, 0x76, 0xD4, 0xC2, 0x7F, 0x03, 0x95, 0x92, 0x21, 0x88, 0xDC, 0x40, 0x14, 0x86,
    0xBF, 0x24, 0x1C, 0x29, 0x0C, 0x74, 0xCC, 0x9D, 0x69, 0x45, 0xAA, 0x4F, 0x34, 0x1E, 0x6E, 0x6F,
    0xE2, 0x6A, 0xEB, 0x55, 0xF5, 0x89, 0xD6, 0x43, 0xB7, 0x19, 0xA8, 0x87, 0xF5, 0xAA, 0xA2, 0x2A,
    0x15, 0xF5, 0xB0, 0x5C, 0xC2, 0xD5, 0x43, 0xEA, 0xCD, 0x88, 0x53, 0x55, 0x23, 0x86, 0x32, 0x94,
    0x6C, 0xA6, 0xCC, 0x74, 0x77, 0xA8, 0xE8, 0x1D, 0x74, 0x99, 0xFD, 0xC8, 0xE4, 0xBD, 0x97, 0xF7,
    0xF3, 0xFE, 0x77, 0x39, 0x0C, 0xC3, 0xE7, 0x3E, 0x84, 0xE0, 0xC6, 0x88, 0x9B, 0x21, 0xDE, 0xE3,
    0x63, 0xF0, 0x21, 0x11, 0x31, 0x21, 0x35, 0xAA, 0xA3, 0x87, 0x95, 0x62, 0xA1, 0x5A, 0x10, 0x1E,
    0x69, 0x69, 0x2D, 0x17, 0xAF, 0x21, 0x4C, 0x84, 0xAE, 0x08, 0xF1, 0x7D, 0xE5, 0x11, 0x16, 0x39,
    0x23, 0x27, 0xDA, 0x0E, 0x05, 0xE7, 0xC0, 0x90, 0xA2, 0x6B, 0x2A, 0x74, 0xB1, 0x30, 0x46, 0x35,
    0x0A, 0x3E, 0xC0, 0x1E, 0x90, 0xBA, 0x32, 0x34, 0x5D, 0x3D, 0xA3, 0x62, 0xEC, 0x36, 0x46, 0x0F,
    0xA8, 0xAE, 0x5C, 0x18, 0xA9, 0x7D, 0xB1, 0x22, 0x6D, 0xB5, 0xD0, 0xD8, 0x7A, 0x41, 0x19, 0xE9,
    0xB9, 0xE8, 0xCE, 0x62, 0x63, 0xAD, 0x4C, 0x11, 0xE8, 0xA7, 0xF2, 0xC0, 0xD8, 0x55, 0x0B, 0x81,
    0xDA, 0x15, 0x87, 0x94, 0x8C, 0x9C, 0x2A, 0x4B, 0xA3, 0x6B, 0x93, 0xBE, 0xC9, 0x06, 0xD9, 0x71,
    0xCE, 0x19, 0x70, 0xD3, 0x3D, 0xDB, 0x3D, 0x5C, 0x6B, 0x2A, 0xFF, 0xCF, 0x5A, 0x12, 0x68, 0x00,
    0xDA, 0x8C, 0xEB, 0x8C, 0x0D, 0xC0, 0x7B, 0x50, 0x71, 0x8C, 0x11, 0xF6, 0x72, 0x58, 0x87, 0x4F,
    0xE0, 0x01, 0x1C, 0x50, 0xD8, 0x13, 0xCA, 0x88, 0xCA, 0x64, 0xCC, 0x40, 0x9D, 0x30, 0x01, 0x22,
    0x42, 0x26, 0x68, 0xF8, 0x9F, 0xDE, 0xB0, 0xCF, 0xF0, 0x00, 0xE0, 0x38, 0x35, 0xA5, 0xCC, 0x4C,
    0x7D, 0xC9, 0x9C, 0x39, 0xB6, 0xAE, 0xA2, 0xE3, 0x5D, 0x22, 0xE5, 0xF0, 0xF5, 0xC7, 0x70, 0xD4,
    0x70, 0xEC, 0x4F, 0x43, 0x26, 0x6D, 0xA2, 0x22, 0x8B, 0x60, 0x93, 0xB8, 0x25, 0x8B, 0x61, 0x9F,
    0xB8, 0x24, 0xFA, 0xCC, 0xB8, 0x6D, 0x86, 0xB8, 0x63, 0x33, 0x37, 0x5F, 0x7E, 0x0D, 0xFA, 0x71,
    0x51, 0x20, 0x4E, 0xCC, 0x23, 0x09, 0x36, 0x1D, 0xD3, 0xC4, 0x33, 0xB7, 0x61, 0x52, 0x7F, 0x8E,
    0x09, 0xDF, 0x02, 0xFD, 0x1C, 0x3E, 0x06, 0xC6, 0xEF, 0x89, 0x77, 0xE1, 0xD5, 0x4A, 0xB8, 0x0B,
    0xF5, 0x01, 0xC6, 0x34, 0xE2, 0xE0, 0x80, 0x46, 0xEF, 0x01, 0xC5, 0x06, 0xD8, 0xB0, 0x4D, 0x8C,
    0x9A, 0xAF, 0x58, 0x80, 0xEB, 0xD2, 0xF1, 0x96, 0x26, 0xCC, 0x62, 0xA5, 0x5E, 0x8B, 0xB0, 0x03,
    0xDE, 0x39, 0xE0, 0xF9, 0x0A, 0x94, 0xE9, 0xDE, 0x38, 0x80, 0xA7, 0xE2, 0x5E, 0xDC, 0x43, 0xBF,
    0xAA, 0x95, 0xC2, 0x37, 0xAE, 0xA5, 0x32, 0xC2, 0x48, 0x5D, 0xCF, 0x62, 0x12, 0xBA, 0x9E, 0xC4,
    0x24, 0x75, 0xFC, 0x1F, 0xD9, 0x89, 0xA9, 0xD1, 0x31, 0xA7, 0x9F, 0xB7, 0x94, 0xE1, 0x67, 0xF0,
    0xD0, 0xEB, 0x71, 0x07, 0x00, 0x6F, 0x28, 0x2D, 0xD2, 0xD0, 0xEB, 0xF2, 0x80, 0x74, 0xA8, 0x99,
    0x1E, 0x46, 0x18, 0x35, 0xED, 0x8C, 0xB0, 0x94, 0x0B, 0xDC, 0xC2, 0x4B, 0x78, 0x02, 0x50, 0x6A,
    0x2A, 0x43, 0xE5, 0x61, 0x85, 0x5E, 0xD3, 0x1A, 0x84, 0xA3, 0x72, 0x31, 0x55, 0x19, 0x42, 0xDC,
    0x6B, 0x69, 0x50, 0x1D, 0x57, 0xF0, 0x02, 0xC8, 0x33, 0x3D, 0xF9, 0x8A, 0x02, 0xB2, 0x53, 0x85,
    0xE3, 0xE4, 0x40, 0x1E, 0x38, 0x4D, 0x97, 0x3D, 0xCE, 0x66, 0x16, 0x96, 0xC7, 0x7F, 0xA5, 0x85,
    0xEC, 0x22, 0x72, 0xCA, 0x2B, 0x93, 0x37, 0x04, 0xFF, 0x77, 0x62, 0x3D, 0x3F, 0x28, 0x8A, 0xDF,
    0x65, 0x91, 0x31, 0x92, 0x94, 0x40, 0x14, 0x40, 0x1F, 0xB0, 0x35, 0x1D, 0x10, 0x74, 0x62, 0x64,
    0x60, 0xA7, 0x06, 0x3A, 0xA4, 0x06, 0x34, 0x30, 0x27, 0xF0, 0x28, 0x7B, 0x81, 0xDE, 0x9D, 0xF6,
    0x06, 0xDE, 0xC3, 0xD4, 0x80, 0x80, 0x71, 0xF0, 0x06, 0x1C, 0x01, 0x23, 0xD3, 0x0E, 0x08, 0xDA,
    0x2A, 0x86, 0xB6, 0xC1, 0xA5, 0x6A, 0xCA, 0xAD, 0x7A, 0xD1, 0xFF, 0xF0, 0x29, 0xDE, 0xE3, 0xFC,
    0x35, 0x0B, 0x93, 0x1C, 0x3A, 0x85, 0xAE, 0xA8, 0x34, 0x95, 0xF9, 0xA0, 0x4D, 0xA9, 0x3B, 0x8C,
    0xA1, 0x33, 0x4C, 0x95, 0x70, 0x2A, 0xF4, 0x87, 0x1B, 0x24, 0x33, 0x99, 0x47, 0x7A, 0xF4, 0xC4,
    0x77, 0x97, 0x8E, 0x4E, 0xFC, 0x74, 0x2A, 0x1D, 0xCB, 0x74, 0xFC, 0xF1, 0xCD, 0x87, 0x10, 0xB7,
    0x3D, 0xA2, 0x27, 0xB7, 0x59, 0xB8, 0x45, 0x84, 0x25, 0x6F, 0x90, 0x20, 0x0B, 0xFB, 0x2E, 0x38,
    0x75, 0xF2, 0xD0, 0x46, 0xDE, 0x30, 0x3D, 0xA5, 0xAE, 0x08, 0x83, 0x58, 0x40, 0x8C, 0xD4, 0x0D,
    0x9E, 0x6C, 0x24, 0xEF, 0x91, 0x8F, 0xB6, 0x08, 0xAE, 0xC6, 0x6B, 0x4C, 0xB9, 0xD2, 0x56, 0xC9,
    0xA4, 0xC2, 0x90, 0x2E, 0x8D, 0x0A, 0xA1, 0x08, 0xCB, 0x47, 0x74, 0x1C, 0xBE, 0x4F, 0xDC, 0xFE,
    0x42, 0xC3, 0x11, 0x0C, 0x78, 0xD2, 0x38, 0x1B, 0xD6, 0x19, 0xD7, 0x21, 0x0B, 0x5E, 0xF6, 0x9D,
    0x44, 0x4B, 0x4A, 0x69, 0xA7, 0x34, 0x0C, 0x79, 0x18, 0xE2, 0x29, 0x43, 0xDB, 0xE2, 0x2F, 0xA9,
    0xAB, 0xB7, 0xAF, 0x1F, 0x16, 0x8A, 0x30, 0x3C, 0x67, 0xAE, 0xC5, 0x4D, 0x91, 0xC4, 0x5D, 0xC4,
    0xBA, 0xCA, 0x7F, 0x6F, 0x97, 0x2B, 0x98, 0x11, 0x23, 0x45, 0x03, 0x57, 0x7B, 0x67, 0x49, 0x6B,
    0x36, 0x45, 0x9F, 0x9E, 0x3A, 0x4C, 0x47, 0xBB, 0x59, 0x1A, 0xA3, 0x25, 0x71, 0x03, 0xD5, 0x13,
    0x6C, 0x1E, 0xAC, 0xFC, 0xDC, 0x3C, 0x48, 0x88, 0x28, 0x38, 0x6E, 0x68, 0x28, 0x57, 0xCE, 0x61,
    0x8A, 0xF0, 0x38, 0x26, 0x61, 0xCE, 0xC6, 0x67, 0x61, 0x8B, 0x7D, 0x1D, 0x1D, 0x3A, 0x94, 0xE5,
    0x42, 0x36, 0xA2, 0x1A, 0xEA, 0xE0, 0x23, 0x14, 0xDB, 0x93, 0xF1, 0x0F, 0x9A, 0x23, 0x54, 0x60,
    0xA8, 0x1D, 0xE7, 0x01, 0x3C, 0x98, 0x07, 0x3A, 0x9D, 0xF8, 0xE8, 0xED, 0x10, 0x9A, 0xBD, 0xD1,
    0xF4, 0xD2, 0xE8, 0x97, 0x13, 0x5F, 0xB6, 0x46, 0xD9, 0xF0, 0xD2, 0x48, 0xDC, 0x37, 0x9A, 0x5F,
    0x35, 0x9A, 0xC0, 0x47, 0xD6, 0x46, 0xD9, 0xDE, 0x28, 0xDF, 0x1A, 0xCD, 0xBB, 0xF2, 0xB7, 0xCD,
    0x31, 0x36, 0x3A, 0x79, 0x4D, 0x67, 0xE8, 0x4A, 0x7C, 0x95, 0xB8, 0xD8, 0x28, 0xCA, 0xFC, 0xD7,
    0xA8, 0xA4, 0x8C, 0xC3, 0xAD, 0x51, 0xEC, 0xB1, 0x9B, 0xBC, 0x6B, 0x24, 0xED, 0x7D, 0xA3, 0xF2,
    0xBF, 0x46, 0xDD, 0x5D, 0xA3, 0x7C, 0x21, 0xB9, 0x46, 0x99, 0x4E, 0xD9, 0xB9, 0xA2, 0xD4, 0x2B,
    0x5D, 0x7D, 0x9A, 0xD5, 0x32, 0xA5, 0x7F, 0xF6, 0x5B, 0x35, 0x89, 0x27, 0x1F, 0xF8, 0x0B, 0x85,
    0xD5, 0x31, 0x6C, 0xDD, 0xC6, 0x19, 0xC0, 0xF1, 0x3F, 0x79, 0x81, 0xD8, 0x9A, 0x40, 0x2F, 0x4B,
    0x0B, 0x24, 0x1A, 0xB8, 0x74, 0x4A, 0x5B, 0x73, 0x0E, 0x20, 0xE9, 0x88, 0x2E, 0x1E, 0x32, 0x24,
    0x4B, 0xD6, 0xA6, 0xB3, 0x81, 0xC2, 0x6B, 0x07, 0xE9, 0xBD, 0x4B, 0x3D, 0x74, 0xE8, 0x50, 0x2F,
    0xDD, 0x3B, 0x74, 0x08, 0xE8, 0x41, 0xAB, 0x50, 0xF8, 0x89, 0x27, 0x69, 0xE8, 0x18, 0xA6, 0x45,
    0x77, 0x06, 0xF1, 0xE4, 0x0C, 0x39, 0xC7, 0x0C, 0x42, 0xAB, 0x7C, 0xBC, 0xDE, 0x77, 0x0F, 0x56,
    0x6C, 0xBB, 0x40, 0x09, 0xE2, 0x87, 0x27, 0x82, 0x77, 0xFC, 0xEE, 0xBB, 0xFB, 0x3E, 0x41, 0xFE,
    0xA5, 0x07, 0xD4, 0x3F, 0xC5, 0xE2, 0x6A, 0x88, 0x96, 0x57, 0x7D, 0xB4, 0x0E, 0x0E, 0xF2, 0x10,
    0x7A, 0xD0, 0xE1, 0x74, 0x04, 0xB3, 0xE8, 0x19, 0xBA, 0xDF, 0x55, 0x0B, 0x6C, 0x0F, 0x6E, 0xAF,
    0x51, 0xD3, 0xC1, 0xE1, 0xFB, 0x28, 0x7F, 0x76, 0x00, 0xE5, 0x30, 0x1E, 0x83, 0xEE, 0xFD, 0x59,
    0xF4, 0xC2, 0x8F, 0x50, 0x5D, 0xF6, 0x1E, 0xEA, 0xAB, 0x8B, 0x01, 0xCC, 0xFD, 0xCB, 0x3E, 0x7A,
    0xE7, 0xBE, 0x8B, 0x7E, 0x70, 0x47, 0xD4, 0xA5, 0x15, 0x75, 0x13, 0xBD, 0xAD, 0x89, 0x1E, 0x56,
    0xE2, 0xC1, 0x6D, 0xD5, 0x50, 0xCF, 0x87, 0xBA, 0xA7, 0x9A, 0x0E, 0x6A, 0x87, 0x1E, 0x8F, 0x3B,
    0x28, 0xB6, 0xDD, 0x36, 0x85, 0x33, 0x82, 0x0A, 0xC1, 0xFE, 0x10, 0x71, 0x1F, 0x2D, 0x65, 0x62,
    0xB4, 0x4C, 0x7C, 0x73, 0xED, 0x85, 0x07, 0xD1, 0x75, 0x48, 0xC3, 0x1E, 0x86, 0x86, 0x62, 0xC4,
    0x38, 0x74, 0xBC, 0x7B, 0x6A, 0xCB, 0x5E, 0x83, 0x69, 0x00, 0x0C, 0x37, 0x16, 0x21, 0x2C, 0x50,
    0x06, 0x19, 0xB4, 0xD7, 0xB5, 0x9F, 0x01, 0x75, 0x7A, 0xA7, 0xB2, 0x91, 0x5B, 0xA7, 0x4F, 0xFE,
    0x06, 0x55, 0x08, 0x53, 0x72, 0xDC, 0x3D, 0xFF, 0x11, 0xD4, 0x70, 0x02, 0x47, 0x60, 0xE0, 0x4C,
    0xCC, 0x9F, 0xCB, 0xC0, 0x2A, 0x2C, 0x4D, 0xD5, 0x98, 0x2E, 0x84, 0xD3, 0xC6, 0x70, 0x2F, 0x04,
    0xD6, 0xB0, 0x3F, 0x43, 0xED, 0x25, 0x0C, 0x33, 0xA2, 0x6D, 0xB2, 0xE1, 0x70, 0xA2, 0x6A, 0x38,
    0x99, 0xA9, 0xE1, 0xF8, 0x91, 0xF8, 0xE8, 0x18, 0x03, 0xF3, 0x89, 0x4C, 0x3B, 0x1D, 0x71, 0x48,
    0x3D, 0x9A, 0x10, 0x86, 0xDA, 0xD7, 0xD1, 0x9F, 0xF9, 0xFA, 0x2F, 0xDB, 0x26, 0xF7, 0x15, 0x13,
    0x6A, 0xD0, 0xCD, 0xC4, 0x3A, 0xE6, 0x24, 0xB8, 0xF8, 0xA9, 0x4F, 0x83, 0xDD, 0xFF, 0xF7, 0x27,
    0x17, 0xDF, 0x51, 0xBA, 0xF2, 0xD2, 0x47, 0x65, 0x4F, 0xB5, 0x53, 0xFF, 0x8A, 0x5A, 0xF5, 0x55,
    0x8F, 0x6E, 0xD4, 0xF7, 0x8E, 0xAA, 0xC9, 0xA3, 0x35, 0x59, 0xD8, 0x69, 0x31, 0x10, 0x65, 0xBD,
    0x34, 0x40, 0x17, 0x86, 0xE8, 0xB9, 0x6C, 0x3B, 0x73, 0x3E, 0x89, 0xCC, 0x2F, 0xCC, 0x26, 0x31,
    0x1F, 0xB3, 0x69, 0x2F, 0xC6, 0x90, 0x8F, 0xDD, 0xA4, 0xBC, 0xFA, 0x36, 0x44, 0xAB, 0xAF, 0xFC,
    0x6F, 0x55, 0x08, 0x7F, 0xEA, 0x29, 0xC2, 0xB6, 0x74, 0x94, 0x5F, 0xFB, 0xA2, 0xA7, 0xBC, 0xF2,
    0xCA, 0xA3, 0x2F, 0xC7, 0x7C, 0x46, 0x5F, 0x4C, 0x2C, 0x68, 0x3B, 0x63, 0x9A, 0x2A, 0xAA, 0x5D,
    0xDD, 0x6C, 0x28, 0xA3, 0x6B, 0xCA, 0xDE, 0x60, 0x92, 0xB5, 0xD3, 0xCE, 0xA0, 0xAF, 0x3B, 0xBB,
    0x92, 0xDD, 0x66, 0x03, 0xEB, 0xC7, 0x29, 0xC9, 0x45, 0xCF, 0x23, 0x28, 0xDD, 0x4E, 0x66, 0x24,
    0x87, 0xD3, 0x0B, 0xAB, 0x26, 0x1B, 0xA3, 0x64, 0x1E, 0x6A, 0xF6, 0xAF, 0xDB, 0xB6, 0x7B, 0x50,
    0x87, 0x78, 0x0D, 0x46, 0xEC, 0xD5, 0x70, 0xE2, 0x8F, 0x51, 0xC3, 0x77, 0x62, 0xFF, 0xD4, 0x9F,
    0xD1, 0x5D, 0x3C, 0xF5, 0xC1, 0x76, 0x57, 0x5F, 0x44, 0xEF, 0x5D, 0x5D, 0xFA, 0x6B, 0xF4, 0x3F,
    0xFE, 0xF0, 0xD4, 0xA3, 0xFF, 0xFC, 0xEB, 0x6F, 0x07, 0xF4, 0x87, 0xF9, 0xB3, 0xE8, 0x6F, 0xF2,
    0x67, 0x3D, 0xD5, 0x61, 0xFE, 0xCC, 0x51, 0x1D, 0xA4, 0xBC, 0x9D, 0xE5, 0xC1, 0x52, 0x8F, 0xA2,
    0xF1, 0x79, 0x68, 0xC0, 0x84, 0xC7, 0xCC, 0xD1, 0x25, 0xBA, 0x6E, 0x43, 0x33, 0x71, 0x42, 0xFD,
    0xE9, 0xC4, 0x26, 0x2E, 0x79, 0x64, 0x36, 0xFA, 0xD2, 0x8B, 0x57, 0x9E, 0xE9, 0x28, 0x9A, 0x4D,
    0x2B, 0x7D, 0x7F, 0xC8, 0xC6, 0x93, 0xEA, 0xCE, 0x90, 0xFB, 0x47, 0xF5, 0x9D, 0x5E, 0xF9, 0xB9,
    0x2E, 0x5D, 0xD4, 0x68, 0xA7, 0x86, 0x29, 0x5A, 0x7C, 0x19, 0x5F, 0xB5, 0xC5, 0x17, 0xF1, 0x25,
    0x1B, 0xF7, 0x72, 0x53, 0x35, 0x71, 0xE0, 0x5C, 0x23, 0x1A, 0xE2, 0xF0, 0xC9, 0x50, 0xFD, 0x71,
    0x60, 0x45, 0x75, 0xA7, 0x67, 0x26, 0x0E, 0xCF, 0x27, 0x8C, 0x7E, 0x72, 0xEA, 0xA3, 0x21, 0x38,
    0x8E, 0x74, 0x78, 0x4E, 0xBA, 0xEA, 0xA4, 0xE1, 0xA5, 0x1A, 0xF2, 0x90, 0x7D, 0x7C, 0xFE, 0x11,
    0xA4, 0xC4, 0xF2, 0x0E, 0x8F, 0xE4, 0xF1, 0x30, 0x43, 0x15, 0xA6, 0xE8, 0xDA, 0xFE, 0x72, 0x82,
    0x2D, 0xC5, 0x28, 0x3B, 0xAE, 0x46, 0x94, 0x27, 0xF7, 0xE2, 0xCD, 0x5D, 0x0C, 0xA8, 0x41, 0x2C,
    0x7A, 0xB1, 0xEC, 0xE5, 0x61, 0xE5, 0x50, 0x13, 0x9D, 0x23, 0x0B, 0x0F, 0x3F, 0x77, 0xD0, 0x05,
    0x6D, 0xA1, 0x9A, 0x6E, 0x35, 0xBC, 0x7C, 0xBD, 0xD7, 0xB6, 0xAD, 0x45, 0xF6, 0xC5, 0xB1, 0x4E,
    0x42, 0xB5, 0xA4, 0xF8, 0x06, 0xF4, 0x72, 0x3A, 0x61, 0x6C, 0x36, 0x73, 0x0E, 0xE7, 0xD9, 0x04,
    0xEF, 0xAB, 0x54, 0xEE, 0x43, 0x44, 0xC7, 0xD8, 0x85, 0x81, 0xEA, 0x49, 0xFB, 0x80, 0xDA, 0xC2,
    0x0E, 0xD3, 0x08, 0x6D, 0xDB, 0xC8, 0xB4, 0x56, 0x68, 0x30, 0x00, 0x3B, 0x1A, 0x0A, 0x5B, 0x5B,
    0x74, 0x5F, 0x39, 0x8C, 0xD5, 0x9E, 0x40, 0xB1, 0x9C, 0xCE, 0x64, 0x32, 0x55, 0xFA, 0x36, 0xDA,
    0x51, 0xCA, 0x0A, 0xD2, 0x6D, 0x59, 0x37, 0xD4, 0x4D, 0xB6, 0x95, 0xB1, 0x6A, 0x8C, 0xA2, 0x07,
    0xD1, 0x58, 0x58, 0xB1, 0x00, 0xE7, 0xF9, 0x1C, 0xDD, 0x94, 0x3E, 0x3A, 0xD7, 0x8E, 0xB4, 0x9E,
    0xE0, 0x92, 0xF6, 0xBD, 0xA5, 0x8B, 0xB1, 0xE4, 0x93, 0xC4, 0x96, 0x8F, 0xDA, 0x81, 0xF2, 0xE5,
    0x20, 0x2A, 0x2F, 0xE6, 0x53, 0x5A, 0xD0, 0x0C, 0xF1, 0xE9, 0x79, 0xB4, 0x67, 0x0D, 0x5A, 0x82,
    0x13, 0x2B, 0x27, 0xEA, 0x41, 0x02, 0x29, 0x7C, 0xCA, 0x51, 0xE8, 0x3B, 0xD1, 0xDD, 0x6D, 0x3B,
    0x49, 0x1E, 0x06, 0x80, 0x75, 0x72, 0x95, 0xDC, 0x24, 0xB7, 0x79, 0x93, 0x02, 0x12, 0x43, 0x88,
    0x64, 0xE1, 0x71, 0xB4, 0x5C, 0xD2, 0xCF, 0x31, 0xE5, 0x70, 0xFC, 0x71, 0xF4, 0xFE, 0xD3, 0x0D,
    0xBC, 0xA5, 0xC2, 0x0C, 0x14, 0x21, 0x25, 0x72, 0x4A, 0x3F, 0xFB, 0xA8, 0xF9, 0x46, 0x3C, 0x92,
    0xC0, 0x79, 0x3B, 0x49, 0xB5, 0xD3, 0x8A, 0x69, 0x76, 0x4C, 0x32, 0xE5, 0x5B, 0x42, 0xF4, 0xD1,
    0xF6, 0xE1, 0x0C, 0x9B, 0x74, 0x6F, 0xE1, 0x08, 0x2D, 0x31, 0x8F, 0x49, 0x7F, 0x6B, 0x89, 0x35,
    0xF9, 0x57, 0xD9, 0xD0, 0x15, 0xF9, 0x28, 0xAA, 0xE8, 0x86, 0x5D, 0x7D, 0x26, 0xDD, 0x2F, 0x62,
    0xDD, 0x2E, 0x56, 0xCE, 0x96, 0x97, 0x9C, 0x54, 0x3D, 0x65, 0x7C, 0xDC, 0xC8, 0x3C, 0x13, 0xE8,
    0x27, 0x6D, 0x13, 0x7D, 0x23, 0x90, 0x9D, 0x86, 0xD7, 0x05, 0x0A, 0x17, 0x29, 0x6D, 0x44, 0x37,
    0x42, 0x1A, 0x0A, 0xDC, 0x5B, 0x52, 0xCB, 0x77, 0x54, 0xD7, 0xC1, 0xB3, 0x6E, 0xFE, 0x33, 0x31,
    0xE3, 0x67, 0x35, 0x66, 0xC3, 0x71, 0x31, 0xA8, 0x5E, 0xFA, 0xA6, 0x8B, 0xC4, 0xA1, 0x95, 0xD5,
    0x48, 0xCB, 0x8A, 0xF0, 0x2B, 0xE1, 0xE8, 0xE3, 0x8F, 0xD6, 0xAC, 0x83, 0x5F, 0x49, 0xAF, 0x5C,
    0xE1, 0xD5, 0xB0, 0xC9, 0x86, 0xA2, 0xDF, 0xA8, 0xBE, 0x74, 0x2B, 0xE5, 0xB4, 0x5B, 0x95, 0x56,
    0x5B, 0xA3, 0x9B, 0x1A, 0xF3, 0x21, 0x2B, 0xEA, 0x25, 0x9F, 0xE5, 0x58, 0x7B, 0x8A, 0x94, 0x2B,
    0x59, 0x0A, 0x23, 0x80, 0x07, 0xF2, 0x21, 0xA2, 0x7A, 0x90, 0xA8, 0x9E, 0x83, 0xAC, 0xB8, 0x87,
    0xFA, 0xBA, 0xF3, 0xF0, 0x13, 0xD4, 0x0C, 0xC0, 0xAB, 0xBE, 0xDB, 0xB6, 0x0F, 0x97, 0x57, 0xDA,
    0x1B, 0x14, 0x0B, 0x80, 0x19, 0x22, 0xF9, 0x12, 0xB9, 0x7B, 0x1A, 0x73, 0xD9, 0xA4, 0x43, 0x63,
    0x43, 0x52, 0x92, 0x0E, 0xCA, 0x8B, 0xC5, 0xF0, 0x8A, 0x19, 0xA9, 0xA6, 0x1D, 0xF9, 0x4C, 0xDD,
    0x43, 0xF8, 0x7A, 0xD7, 0xD8, 0x66, 0x60, 0x4F, 0x62, 0x06, 0x94, 0x8B, 0x14, 0x82, 0xBE, 0xC9,
    0x67, 0x05, 0xEC, 0x07, 0xC8, 0x25, 0x04, 0xBD, 0x74, 0x23, 0xC6, 0xFD, 0x5D, 0x2A, 0x77, 0xDC,
    0x64, 0x73, 0xE6, 0x8F, 0xD4, 0x98, 0x0F, 0x3F, 0x2F, 0xBC, 0xEA, 0x29, 0xFB, 0xE2, 0x45, 0x3E,
    0x9D, 0x86, 0xDA, 0x56, 0xC2, 0xA1, 0x64, 0xF6, 0x20, 0xC2, 0xEF, 0x85, 0x51, 0xF0, 0x91, 0x7C,
    0x88, 0xA8, 0x3E, 0x52, 0x38, 0xD5, 0xD4, 0x1F, 0x58, 0xDD, 0x57, 0x9F, 0x53, 0x5B, 0x1D, 0xE8,
    0x28, 0xC2, 0xE9, 0xBC, 0xEB, 0x15, 0x74, 0x4B, 0x03, 0x67, 0x2F, 0x52, 0x99, 0xDD, 0xE4, 0xB3,
    0x92, 0x05, 0x37, 0xB5, 0x18, 0x93, 0x15, 0xAF, 0x37, 0xFA, 0xCF, 0x67, 0x48, 0x6A, 0xB6, 0xC9,
    0xF9, 0xD5, 0x04, 0x67, 0x93, 0x98, 0x27, 0x6F, 0x72, 0x96, 0x7C, 0x3D, 0x7F, 0xE5, 0xCE, 0x5E,
    0xD4, 0xEE, 0x75, 0x2B, 0xFB, 0x3F, 0x2B, 0x46, 0xA5, 0x0D, 0x2B, 0x44, 0xB7, 0xD7, 0x3E, 0xBC,
    0x6E, 0xED, 0xCD, 0xE7, 0x8F, 0xE0, 0x56, 0x2C, 0x92, 0x16, 0x9D, 0xE2, 0xAF, 0xC4, 0xD7, 0x0B,
    0x7C, 0x16, 0x8A, 0x49, 0x56, 0xD1, 0xF9, 0x54, 0x78, 0x16, 0xBA, 0x54, 0xE4, 0x54, 0xEE, 0x87,
    0xA8, 0xD4, 0x28, 0xE6, 0xB3, 0xC8, 0x92, 0x5C, 0x27, 0xCD, 0x2E, 0xAC, 0x5E, 0x2C, 0xFD, 0x6B,
    0xAF, 0xA6, 0xB5, 0xE7, 0x89, 0x31, 0x2D, 0x36, 0x91, 0xBB, 0xC8, 0x3D, 0x4B, 0xF1, 0x7D, 0x80,
    0x32, 0xB5, 0xCC, 0x2D, 0xE4, 0xA1, 0x97, 0xBF, 0xDC, 0x3E, 0xFA, 0x93, 0x8B, 0x85, 0xB7, 0xAA,
    0x6F, 0x26, 0xA8, 0x53, 0x37, 0x18, 0xF9, 0x69, 0x29, 0x1D, 0xD8, 0x04, 0x58, 0x1D, 0xAE, 0x61,
    0xF3, 0xF6, 0x0A, 0x66, 0xCE, 0x65, 0xEE, 0x0D, 0x85, 0x67, 0x46, 0xF7, 0x91, 0xCE, 0xB2, 0x9C,
    0x2E, 0xD2, 0x87, 0x47, 0xF2, 0xB0, 0x34, 0xA9, 0x2A, 0x87, 0x54, 0x04, 0x4B, 0xF4, 0x49, 0x2B,
    0xC5, 0xEF, 0xA8, 0x5D, 0xF4, 0xC5, 0xDD, 0x53, 0x59, 0xB1, 0xDE, 0x99, 0x5E, 0x30, 0x50, 0x25,
    0x8D, 0x15, 0x3B, 0xDE, 0xED, 0xDA, 0xD3, 0x19, 0x39, 0x01, 0x1E, 0x13, 0xD2, 0xCC, 0x6F, 0x54,
    0xD2, 0xDD, 0x25, 0x1E, 0x03, 0xBA, 0x74, 0x00, 0x82, 0xF8, 0x7F, 0x36, 0x1A, 0xDE, 0xD9, 0x6B,
    0xE0, 0xB6, 0x8E, 0x1C, 0xEE, 0x00, 0x0E, 0x2A, 0xE4, 0x0B, 0x8D, 0xE0, 0x77, 0x2D, 0xF0, 0x04,
    0xB6, 0x6C, 0x60, 0xC5, 0x0C, 0xEB, 0x1B, 0xD2, 0x7F, 0xB3, 0x6D, 0x36, 0x92, 0xCF, 0xF9, 0xC8,
    0xBE, 0x57, 0xB2, 0xC9, 0x91, 0x2D, 0xEA, 0xBA, 0xED, 0x5C, 0x31, 0x50, 0xF8, 0x72, 0x20, 0x9F,
    0xCA, 0x9E, 0x6C, 0xD6, 0xEE, 0x25, 0xF2, 0xA9, 0xB2, 0xA8, 0xB1, 0xB6, 0x14, 0xBE, 0x6E, 0xA8,
    0x9C, 0x69, 0x63, 0x6A, 0x8C, 0x04, 0x1D, 0x79, 0x00, 0x67, 0x87, 0xC0, 0x78, 0x10, 0xF1, 0x91,
    0xCC, 0x1F, 0xC3, 0x7F, 0x01, 0xB5, 0x96, 0x2F, 0x8C, 0xE4, 0x54, 0x1C, 0xC7, 0x3F, 0xD3, 0x1E,
    0x19, 0x92, 0x8A, 0x41, 0xAC, 0x40, 0x5C, 0xA8, 0x39, 0x5F, 0x83, 0x40, 0xDC, 0xEE, 0xD4, 0x21,
    0x30, 0x08, 0x3C, 0x06, 0x8F, 0x4F, 0xE8, 0xB5, 0x09, 0x3E, 0x59, 0xAF, 0xF0, 0x5E, 0xB2, 0x37,
    0x0D, 0x27, 0x31, 0xBD, 0x9C, 0x40, 0x6E, 0x13, 0x3C, 0x34, 0xA1, 0x09, 0x85, 0x7D, 0xB3, 0x8F,
    0xF9, 0x88, 0x97, 0x19, 0x6E, 0xB3, 0x01, 0x96, 0xDB, 0x97, 0xC9, 0x27, 0x99, 0xEF, 0xFB, 0xF5,
    0xF7, 0xDE, 0xEF, 0xFB, 0xFE, 0xB4, 0x50, 0x03, 0x64, 0xA3, 0x2C, 0x26, 0x59, 0xF5, 0x72, 0x27,
    0xF2, 0x45, 0x6E, 0x46, 0xB9, 0x8D, 0x87, 0x36, 0x54, 0x51, 0x16, 0x2A, 0x64, 0x41, 0x1A, 0x99,
    0x9E, 0x32, 0x43, 0xCA, 0x66, 0xE6, 0xC4, 0x7C, 0x30, 0xCD, 0x6C, 0x96, 0x3D, 0x10, 0x63, 0x4D,
    0x7E, 0x73, 0x3D, 0xB0, 0xF9, 0xF9, 0xCD, 0xCC, 0xF6, 0xDB, 0xD7, 0x7B, 0x2E, 0xF2, 0xF1, 0x05,
    0xEF, 0xE7, 0xE3, 0x87, 0x90, 0x8F, 0xBC, 0x7B, 0xC0, 0xE7, 0x62, 0x35, 0x23, 0xF7, 0x92, 0xB6,
    0x96, 0xE5, 0x20, 0xD7, 0xA9, 0x23, 0xDA, 0x6A, 0x11, 0x51, 0x09, 0x72, 0x3D, 0xC9, 0xB2, 0x97,
    0xED, 0x51, 0x46, 0xD9, 0xF6, 0x38, 0x93, 0xD6, 0x0E, 0x34, 0x06, 0x2D, 0x42, 0xB3, 0xD0, 0x36,
    0x34, 0x50, 0x2B, 0x93, 0xA9, 0xF9, 0x90, 0x8C, 0x5E, 0xF1, 0xC4, 0xE9, 0xF6, 0x15, 0xAE, 0x88,
    0x6B, 0xB2, 0x73, 0x4D, 0xB2, 0xE0, 0xCF, 0xC5, 0x69, 0x51, 0x2C, 0xFB, 0x9D, 0x05, 0x4E, 0x6D,
    0x94, 0x65, 0x6F, 0xB0, 0x35, 0xEE, 0x74, 0x20, 0x0B, 0x5A, 0x63, 0x70, 0x39, 0x54, 0xBD, 0xD9,
    0xCA, 0x94, 0xF9, 0xF1, 0x56, 0xF3, 0x69, 0x3E, 0x3E, 0x65, 0xEB, 0x63, 0xD5, 0xAB, 0xD7, 0x81,
    0xE2, 0xB7, 0x9F, 0x26, 0xB2, 0x9B, 0x5F, 0x2D, 0x20, 0x5A, 0x4B, 0x48, 0x9B, 0x2B, 0xEB, 0xB1,
    0xA9, 0x07, 0x88, 0x47, 0xA8, 0x47, 0x23, 0xFE, 0x30, 0x76, 0xD9, 0x01, 0xC1, 0xE9, 0x07, 0x1F,
    0x0B, 0x16, 0x15, 0xD8, 0xC1, 0x17, 0x28, 0xA2, 0x88, 0x22, 0x8A, 0xDC, 0x11, 0xBF, 0x17, 0x1F,
    0x90, 0x86, 0xDA, 0x23, 0xB4, 0x56, 0x94, 0xA2, 0x3D, 0x77, 0x1B, 0x1C, 0xB0, 0x9E, 0x1A, 0x1D,
    0x3D, 0xA0, 0xA5, 0x39, 0x48, 0x34, 0x07, 0x89, 0xB3, 0x83, 0x84, 0xC9, 0xCD, 0x98, 0x72, 0x57,
    0x49, 0xE2, 0x9B, 0xD3, 0xFC, 0xF0, 0x89, 0x78, 0x29, 0xB6, 0x5D, 0x3A, 0x71, 0x1E, 0x3E, 0xB8,
    0xBD, 0x23, 0x36, 0x8A, 0x8D, 0x62, 0xA3, 0xD8, 0x28, 0x36, 0x46, 0x9E, 0x3B, 0xC2, 0x95, 0x63,
    0x39, 0xDD, 0x9B, 0x34, 0x67, 0x91, 0xDA, 0xC7, 0x22, 0xA4, 0xE4, 0x66, 0x34, 0xB7, 0x09, 0x8F,
    0x52, 0x50, 0x0A, 0x4A, 0x41, 0x29, 0x18, 0x15, 0x8C, 0x5A, 0x8C, 0xFA, 0xD3, 0xA8, 0x38, 0x8A,
    0x8E, 0xD3, 0x05, 0xF0, 0xE1, 0x4B, 0x64, 0x40, 0x46, 0x49, 0xDB, 0xCB, 0xCD, 0x00, 0x1D, 0xEB,
    0x91, 0x6C, 0x74, 0xB5, 0x8B, 0x49, 0x56, 0xBD, 0xDC, 0x41, 0x31, 0x38, 0x4E, 0xD9, 0x6F, 0x46,
    0x56, 0x3B, 0xB6, 0xD1, 0x74, 0xD5, 0x81, 0x97, 0xFC, 0x87, 0x7B, 0xA6, 0x94, 0x59, 0x94, 0x85,
    0xA4, 0xB4, 0x93, 0x6D, 0x8D, 0x84, 0x33, 0xB8, 0x80, 0x46, 0xD2, 0xD6, 0xB2, 0x1C, 0xD4, 0xD7,
    0x33, 0x65, 0xE7, 0xB6, 0x2F, 0x66, 0x3B, 0xB2, 0xE8, 0xFD, 0x86, 0xC3, 0xBF, 0x75, 0xDA, 0xEF,
    0xDE, 0x8E, 0x3C, 0x17, 0x1C, 0x6F, 0xB9, 0xF1, 0x5E, 0x4F, 0xC1, 0xB2, 0x66, 0x31, 0x6B, 0xC6,
    0x6C, 0xC7, 0x6C, 0xC8, 0x6C, 0xC6, 0xD9, 0xE4, 0x33, 0xD9, 0x70, 0x00, 0x3C, 0x0C, 0x1E, 0x4F,
    0xCE, 0x53, 0xCD, 0x38, 0x0A, 0xF9, 0x7C, 0xB2, 0x85, 0xAC, 0x6C, 0x14, 0xC3, 0x62, 0xCC, 0x62,
    0xD1, 0x8B, 0xF5, 0x2F, 0x5A, 0xB1, 0xE8, 0xCA, 0x62, 0x82, 0x05, 0x1E, 0x02, 0xDB, 0x77, 0x0F,
    0x99, 0x78, 0xCD, 0xAC, 0x75, 0x33, 0x1B, 0xB1, 0xED, 0xF4, 0x25, 0x39, 0xE4, 0x96, 0x98, 0x4F,
    0xAD, 0xBB, 0xF7, 0x5C, 0xA4, 0x2B, 0xF0, 0x2B, 0x78, 0x58, 0x09, 0x4F, 0x84, 0xE5, 0xEB, 0xDF,
    0x62, 0xD6, 0xC5, 0xA1, 0x16, 0xB8, 0x15, 0xA7, 0xFE, 0x81, 0x31, 0xFA, 0x87, 0xFE, 0xA1, 0x7F,
    0xE8, 0x1F, 0x26, 0xC0, 0x54, 0xA9, 0x65, 0x71, 0xB4, 0x3F, 0xEE, 0x31, 0xC0, 0x90, 0xC0, 0xA6,
    0x27, 0x9B, 0x58, 0x0F, 0x56, 0x9D, 0x4F, 0x4E, 0xDD, 0xBF, 0x8A, 0x12, 0xEE, 0xE3, 0xB3, 0x75,
    0xFF, 0x0C, 0x9A, 0x75, 0x7F, 0x05, 0xDB, 0x4F, 0x7F, 0x08, 0xB0, 0x79, 0xF3, 0xE3, 0x04, 0xF9,
    0xEF, 0xD7, 0x76, 0xC7, 0x88, 0x13, 0x0B, 0x72, 0x33, 0xC9, 0xBC, 0xE7, 0xAD, 0xF6, 0xB5, 0xF3,
    0xC8, 0xDC, 0xDB, 0x14, 0xB3, 0x1B, 0xBA, 0xEC, 0x56, 0x16, 0x87, 0x17, 0xDE, 0xB9, 0x3F, 0x6F,
    0xA6, 0x0B, 0x64, 0x05, 0xFC, 0x03, 0xBB, 0x8A, 0x8E, 0x7C, 0xAA, 0xF2, 0x89, 0x55, 0xA8, 0x5C,
    0x88, 0xB6, 0x72, 0x4D, 0xCA, 0x5F, 0x5E, 0x3A, 0xE9, 0xA8, 0xB5, 0x2B, 0x1D, 0x80, 0xB6, 0x93,
    0x1F, 0x41, 0xF2, 0xA7, 0x70, 0x16, 0x7F, 0xE7, 0x9E, 0x74, 0x7A, 0xCB, 0xC2, 0xD7, 0x5C, 0xFB,
    0xD9, 0xAB, 0x99, 0x55, 0x28, 0xFA, 0x40, 0x3E, 0x15, 0x7D, 0x4B, 0x31, 0x14, 0x7D, 0x55, 0x6F,
    0xBA, 0xA2, 0xDF, 0xF4, 0x25, 0xAB, 0xFA, 0xF0, 0xCF, 0x71, 0x86, 0x0B, 0x8B, 0x3D, 0xE5, 0x78,
    0xAA, 0x54, 0xA4, 0x97, 0xD8, 0xE1, 0xB9, 0x0E, 0x7C, 0x1E, 0x2A, 0xBD, 0xE7, 0x85, 0x87, 0xDB,
    0x0B, 0xA6, 0xBD, 0xFC, 0x52, 0x3B, 0xA2, 0xB7, 0xDA, 0x6A, 0x97, 0x76, 0xB4, 0x17, 0x41, 0xA2,
    0xC6, 0xC9, 0x22, 0xAE, 0xF4, 0xF9, 0x7A, 0xDD, 0xC1, 0x6D, 0xE9, 0xDB, 0x75, 0x29, 0xB3, 0x85,
    0xF5, 0x54, 0x72, 0x85, 0xF3, 0xDA, 0x52, 0x76, 0x25, 0x9B, 0xAE, 0xE2, 0x3D, 0x8A, 0x7E, 0x8B,
    0xA3, 0xFF, 0xCF, 0x19, 0xAE, 0xEE, 0xCC, 0x70, 0xE6, 0xF8, 0x06, 0x69, 0xEE, 0xFF, 0x9C, 0x01,
    0x3B, 0x3C, 0x3C, 0x71, 0x90, 0x27, 0xB7, 0x5A, 0x76, 0xBC, 0xD5, 0xEA, 0xAA, 0xF7, 0x36, 0xDD,
    0xE1, 0xFF, 0xE7, 0x8F, 0xF3, 0x0D, 0xF8, 0x4E, 0xBE, 0x31, 0xCF, 0x30, 0x43, 0x83, 0xD9, 0xAC,
    0x97, 0xFA, 0xDF, 0xD7, 0x7B, 0xCF, 0xA7, 0xDC, 0xF1, 0x16, 0xFF, 0x0B, 0x62, 0x60, 0x5C, 0x02,
    0x68, 0xA3, 0x0E, 0x61, 0x65, 0x27, 0xA2, 0x30, 0x8E, 0xFF, 0x3B, 0x05, 0x9A, 0x30, 0x21, 0x55,
    0x20, 0x78, 0x84, 0x7A, 0x08, 0x29, 0x02, 0xBD, 0x53, 0x87, 0xE4, 0x09, 0xBC, 0x0F, 0x06, 0x81,
    0xDE, 0x6D, 0x15, 0xFA, 0x79, 0xF5, 0x2C, 0xEB, 0xE5, 0xDD, 0x6C, 0xBD, 0x2A, 0x5E, 0x50, 0xF1,
    0x12, 0x12, 0x30, 0x93, 0x50, 0x31, 0x97, 0xCC, 0xEE, 0xBC, 0xF9, 0x32, 0xC9, 0xDB, 0x7B, 0x73,
    0xF7, 0x88, 0xDF, 0x99, 0xD9, 0x74, 0xE6, 0x7C, 0xD9, 0x34, 0x05, 0x48, 0x43, 0xA6, 0x5B, 0x32,
    0xF5, 0x96, 0x21, 0x8A, 0x51, 0xF4, 0x43, 0xA6, 0x9D, 0xB1, 0xE9, 0xC7, 0x99, 0x31, 0xFD, 0xB7,
    0x9A, 0x2B, 0xE3, 0xDA, 0x78, 0x5A, 0xAF, 0x5F, 0x7D, 0x3F, 0x50, 0x7B, 0x47, 0xE6, 0x20, 0x4E,
    0xD0, 0xF8, 0x4B, 0x66, 0x8D, 0x60, 0x97, 0xA8, 0xB3, 0x51, 0x3C, 0x40, 0x37, 0xEC, 0xC1, 0xE1,
    0x20, 0xD2, 0xBE, 0x7B, 0xE5, 0xA9, 0x53, 0x9A, 0x60, 0x0C, 0x00, 0x55, 0xD2, 0x70, 0xE5, 0x68,
    0x44, 0xFB, 0xD7, 0x04, 0xDD, 0x4F, 0x19, 0x97, 0xC7, 0xB0, 0x13, 0x0F, 0x36, 0x13, 0xEC, 0x82,
    0xF1, 0xCD, 0x42, 0xBD, 0x36, 0x6B, 0x9E, 0x50, 0xFB, 0x7C, 0x79, 0xA6, 0x1F, 0x32, 0x8E, 0xCC,
    0x09, 0xB3, 0x11, 0x31, 0xC1, 0x04, 0xAA, 0x50, 0x7B, 0xAA, 0x68, 0x57, 0x88, 0xBA, 0x22, 0xF6,
    0x53, 0xC6, 0x0D, 0x70, 0x1A, 0x8F, 0xC7, 0xE3, 0xE5, 0x9C, 0x52, 0x12, 0x29, 0xF2, 0x4B, 0xDE,
    0x4F, 0x68, 0x3D, 0x53, 0x8C, 0xD0, 0x4D, 0xB2, 0x1F, 0xA4, 0x1B, 0xAA, 0x90, 0xC5, 0x14, 0x37,
    0x18, 0x35, 0x8E, 0x03, 0xF2, 0x84, 0xBC, 0xD0, 0x68, 0x14, 0xB6, 0xB8, 0x50, 0x45, 0xF2, 0xDC,
    0x2A, 0x48, 0xB3, 0x15, 0x75, 0xAB, 0x12, 0x17, 0x07, 0xE9, 0xD0, 0x41, 0x87, 0x8E, 0x14, 0x0F,
    0xE8, 0xE1, 0xE2, 0xCF, 0xF0, 0xF1, 0x00, 0x9F, 0xE6, 0x84, 0x7F, 0xD0, 0x2A, 0x32, 0x52, 0x57,
    0x03, 0x79, 0x98, 0xD4, 0x78, 0x34, 0x4F, 0x75, 0x11, 0x8C, 0x42, 0x13, 0xE0, 0xDE, 0xA3, 0xE1,
    0xC5, 0xA3, 0xEE, 0x89, 0x57, 0x51, 0x07, 0x69, 0xBD, 0xEC, 0x67, 0x39, 0x8A, 0xEA, 0x22, 0xEB,
    0x4D, 0xB6, 0xAB, 0x74, 0x93, 0x4C, 0xC2, 0xC4, 0xDB, 0x99, 0x6E, 0x96, 0xEE, 0x9F, 0xE3, 0xF1,
    0x2D, 0x2E, 0xA5, 0xE4, 0x19, 0x25, 0xA8, 0xF4, 0xC3, 0x36, 0x8A, 0x5B, 0xA8, 0x66, 0xB9, 0x85,
    0xED, 0xA6, 0x5B, 0x9A, 0x03, 0x9F, 0xBF, 0x86, 0xC8, 0x18, 0x20, 0x70, 0x8E, 0x98, 0x4D, 0x5B,
    0x1D, 0x7A, 0xC0, 0x2E, 0x52, 0x87, 0xF6, 0x74, 0x83, 0x74, 0xC8, 0x7D, 0x76, 0x47, 0x94, 0x55,
    0xC8, 0x3A, 0xE3, 0x65, 0xAD, 0xC4, 0xBD, 0x9D, 0x65, 0x3B, 0x69, 0x50, 0x3F, 0xC8, 0x11, 0x79,
    0x91, 0x6D, 0x44, 0x6E, 0x7C, 0xA8, 0xF3, 0x5A, 0x25, 0xEA, 0x14, 0x6D, 0x5A, 0xDA, 0xF5, 0xF0,
    0x5D, 0xE3, 0xBB, 0xA1, 0xFB, 0xC1, 0x78, 0x47, 0xBB, 0x56, 0xDB, 0x2E, 0x0F, 0xAF, 0xB6, 0x3D,
    0x76, 0x32, 0xD9, 0x76, 0x36, 0x7E, 0xCF, 0xB7, 0x73, 0xED, 0x77, 0xFC, 0xB6, 0xDA, 0xC5, 0xFD,
    0xFE, 0xE7, 0xF6, 0xEB, 0xD4, 0xA6, 0xE9, 0x7C, 0xC5, 0x5C, 0xE8, 0xCA, 0xAD, 0x5F, 0x1C, 0xDF,
    0xA8, 0xA5, 0xB4, 0x64, 0xEB, 0xD2, 0x9A, 0x15, 0x95, 0xA2, 0x69, 0xFC, 0xB3, 0xD6, 0x4D, 0xA5,
    0x0D, 0x92, 0xBE, 0x34, 0xC7, 0x9D, 0x76, 0x28, 0x6D, 0x5F, 0xDA, 0xA9, 0xB4, 0x78, 0xA7, 0x55,
    0xA1, 0xB4, 0x4D, 0x62, 0x4A, 0xAB, 0xFD, 0x9D, 0xA6, 0x60, 0x6A, 0x0A, 0xF9, 0x11, 0x56, 0xAD,
    0x2B, 0xC1, 0xFA, 0x59, 0x0D, 0xEB, 0xD5, 0xA8, 0x63, 0x89, 0x99, 0x4A, 0x4C, 0x97, 0x24, 0xED,
    0x55, 0x62, 0x82, 0xA4, 0x7F, 0xC7, 0x67, 0x54, 0x29, 0x0D, 0xFD, 0xD0, 0x3C, 0x9E, 0xFF, 0x4F,
    0xF9, 0x1E, 0x9B, 0x22, 0x66, 0x60, 0x5C, 0x78, 0x59, 0x55, 0x9A, 0xF8, 0x1E, 0x9B, 0x02, 0x91,
    0xFE, 0xEF, 0xF4, 0xEF, 0xC6, 0x8E, 0x3E, 0xAD, 0x7C, 0x85, 0xB9, 0x6A, 0x08, 0xD5, 0x9B, 0x12,
    0xED, 0xD9, 0x2B, 0x63, 0x53, 0xAE, 0x27, 0x5E, 0x3F, 0xFC, 0xAD, 0x25, 0xD9, 0x4E, 0x10, 0x15,
    0x27, 0xA5, 0x14, 0x70, 0xD9, 0x88, 0x0C, 0xD0, 0xDF, 0xFE, 0xB8, 0x2A, 0x20, 0x5F, 0xF3, 0xAC,
    0x1A, 0xC1, 0x59, 0xD8, 0x84, 0x32, 0x6E, 0xD9, 0x5E, 0x43, 0x3E, 0x49, 0x0A, 0x32, 0x3E, 0x96,
    0xAF, 0x99, 0xDC, 0x90, 0x41, 0x9A, 0xA4, 0xAC, 0xF4, 0x97, 0xB2, 0x59, 0x9E, 0x6E, 0x56, 0xB4,
    0xF1, 0xD2, 0xAC, 0x3C, 0xAD, 0x6F, 0xF4, 0x65, 0x42, 0xD9, 0x66, 0x46, 0x49, 0xA9, 0xB7, 0xE2,
    0x2A, 0x74, 0x98, 0x4E, 0xCB, 0x4A, 0x4B, 0x5E, 0x69, 0xC9, 0x59, 0x93, 0x6D, 0xCC, 0x20, 0xB4,
    0x52, 0x50, 0xE5, 0x2C, 0x31, 0xCF, 0x8F, 0xCA, 0x3F, 0x95, 0x17, 0x9D, 0xAF, 0x79, 0x56, 0x5F,
    0x6A, 0xAA, 0xD3, 0x38, 0x27, 0xDE, 0x03, 0x45, 0xCE, 0x01, 0xC6, 0xC3, 0x40, 0x10, 0xC5, 0xF1,
    0x97, 0x04, 0x41, 0x90, 0x23, 0xE4, 0x00, 0x1F, 0x72, 0x83, 0x6C, 0x7C, 0xF7, 0x6A, 0x44, 0x4F,
    0xD0, 0x73, 0xB4, 0x57, 0xE8, 0x6A, 0x8E, 0xB0, 0x47, 0x58, 0x00, 0x05, 0x83, 0x45, 0x54, 0x74,
    0x3A, 0xF3, 0x20, 0x6B, 0xFC, 0x3D, 0x2C, 0x7E, 0xA8, 0x35, 0xBF, 0x80, 0x5E, 0x93, 0x02, 0xE1,
    0xBD, 0x5A, 0x27, 0x54, 0x5F, 0xE0, 0x02, 0x7F, 0x91, 0x3D, 0xCE, 0x06, 0x55, 0x2D, 0xAC, 0xE0,
    0xEF, 0x73, 0x7F, 0x08, 0xEA, 0x82, 0x46, 0xFC, 0xDA, 0x7C, 0xB6, 0x4B, 0x3E, 0xBA, 0x0D, 0x6D,
    0x42, 0xBF, 0xA1, 0xF3, 0xF2, 0x56, 0xEF, 0xC0, 0x8E, 0xB3, 0x8F, 0x11, 0x18, 0x66, 0x04, 0x60,
    0x64, 0xED, 0x26, 0x76, 0x61, 0x23, 0x87, 0xD5, 0x9C, 0x32, 0x19, 0x53, 0x16, 0x53, 0xDE, 0xA2,
    0x7F, 0x7A, 0xBA, 0xF1, 0x40, 0xF4, 0x98, 0x6D, 0xB7, 0x54, 0xBB, 0xC9, 0xAE, 0xC5, 0xF2, 0x2F,
    0xA6, 0x6B, 0x84, 0x38, 0xE7, 0x65, 0xD2, 0x28, 0x23, 0x8C, 0x2E, 0xB2, 0xA8, 0x22, 0x8A, 0x26,
    0x92, 0x28, 0x22, 0x88, 0x1E, 0x72, 0xA8, 0x21, 0xE6, 0x07,
};

static const EpdGlyph notoserif_18_italicGlyphs[] = {
    { 0, 0, 360, 0, 0, 0, 0 }, // U+0020
    { 9, 26, 360, 7, 26, 59, 0 }, // !
    { 12, 10, 360, 7, 28, 30, 59 }, // "
    { 24, 26, 360, 0, 26, 156, 89 }, // #
    { 22, 35, 360, 0, 31, 193, 245 }, // $
    { 26, 26, 360, -1, 26, 169, 438 }, // %
    { 23, 26, 360, 0, 26, 150, 607 }, // &
    { 5, 10, 360, 11, 28, 13, 757 }, // '
    { 15, 34, 360, 7, 29, 128, 770 }, // (
    { 15, 34, 360, 1, 29, 128, 898 }, // )
    { 20, 19, 360, 2, 21, 95, 1026 }, // *
    { 19, 19, 360, 2, 21, 91, 1121 }, // +
    { 9, 11, 360, 5, 6, 25, 1212 }, // ,
    { 13, 3, 360, 5, 13, 10, 1237 }, // -
    { 6, 5, 360, 7, 5, 8, 1247 }, // .
    { 23, 34, 360, 0, 29, 196, 1255 }, // /
    { 20, 26, 360, 2, 26, 130, 1451 }, // 0
    { 19, 26, 360, 1, 26, 124, 1581 }, // 1
    { 20, 26, 360, 1, 26, 130, 1705 }, // 2
    { 21, 26, 360, 0, 26, 137, 1835 }, // 3
    { 21, 26, 360, 0, 26, 137, 1972 }, // 4
    { 21, 26, 360, 1, 26, 137, 2109 }, // 5
    { 19, 26, 360, 2, 26, 124, 2246 }, // 6
    { 20, 26, 360, 3, 26, 130, 2370 }, // 7
    { 21, 26, 360, 1, 26, 137, 2500 }, // 8
    { 19, 26, 360, 3, 26, 124, 2637 }, // 9
    { 9, 20, 360, 7, 20, 45, 2761 }, // :
    { 11, 25, 360, 5, 20, 69, 2806 }, // ;
    { 19, 23, 360, 3, 23, 110, 2875 }, // <
    { 21, 10, 360, 1, 17, 53, 2985 }, // =
    { 19, 23, 360, 1, 23, 110, 3038 }, // >
    { 17, 26, 360, 4, 26, 111, 3148 }, // ?
    { 20, 32, 360, 2, 26, 160, 3259 }, // @
    { 21, 26, 360, -1, 26, 137, 3419 }, // A
    { 20, 26, 360, 1, 26, 130, 3556 }, // B
    { 20, 26, 360, 2, 26, 130, 3686 }, // C
    { 20, 26, 360, 2, 26, 130, 3816 }, // D
    { 22, 26, 360, 1, 26, 143, 3946 }, // E
    { 22, 26, 360, 1, 26, 143, 4089 }, // F
    { 20, 26, 360, 2, 26, 130, 4232 }, // G
    { 22, 26, 360, 1, 26, 143, 4362 }, // H
    { 22, 26, 360, 1, 26, 143, 4505 }, // I
    { 19, 26, 360, 2, 26, 124, 4648 }, // J
    { 24, 26, 360, 1, 26, 156, 4772 }, // K
    { 17, 26, 360, 2, 26, 111, 4928 }, // L
    { 23, 26, 360, 0, 26, 150, 5039 }, // M
    { 22, 26, 360, 1, 26, 143, 5189 }, // N
    { 20, 26, 360, 2, 26, 130, 5332 }, // O
    { 21, 26, 360, 1, 26, 137, 5462 }, // P
    { 20, 34, 360, 2, 26, 170, 5599 }, // Q
    { 21, 26, 360, 1, 26, 137, 5769 }, // R
    { 22, 26, 360, 0, 26, 143, 5906 }, // S
    { 22, 26, 360, 3, 26, 143, 6049 }, // T
    { 21, 26, 360, 2, 26, 137, 6192 }, // U
    { 20, 26, 360, 4, 26, 130, 6329 }, // V
    { 23, 26, 360, 1, 26, 150, 6459 }, // W
    { 26, 26, 360, -1, 26, 169, 6609 }, // X
    { 22, 26, 360, 3, 26, 143, 6778 }, // Y
    { 23, 26, 360, 0, 26, 150, 6921 }, // Z
    { 16, 34, 360, 6, 29, 136, 7071 }, // [
    { 11, 34, 360, 6, 29, 94, 7207 }, // <backslash>
    { 17, 34, 360, 0, 29, 145, 7301 }, // ]
    { 20, 16, 360, 2, 26, 80, 7446 }, // ^
    { 19, 3, 360, 0, -3, 15, 7526 }, // _
    { 6, 9, 360, 8, 30, 14, 7541 }, // `
    { 19, 20, 360, 2, 20, 95, 7555 }, // a
    { 20, 28, 360, 1, 28, 140, 7650 }, // b
    { 18, 20, 360, 2, 20, 90, 7790 }, // c
    { 20, 28, 360, 2, 28, 140, 7880 }, // d
    { 18, 20, 360, 2, 20, 90, 8020 }, // e
    { 26, 36, 360, -1, 28, 234, 8110 }, // f
    { 20, 28, 360, 1, 20, 140, 8344 }, // g
    { 18, 28, 360, 2, 28, 126, 8484 }, // h
    { 18, 28, 360, 3, 28, 126, 8610 }, // i
    { 18, 36, 360, 2, 28, 162, 8736 }, // j
    { 20, 28, 360, 2, 28, 140, 8898 }, // k
    { 16, 28, 360, 4, 28, 112, 9038 }, // l
    { 22, 20, 360, 0, 20, 110, 9150 }, // m
    { 18, 20, 360, 2, 20, 90, 9260 }, // n
    { 19, 20, 360, 2, 20, 95, 9350 }, // o
    { 21, 28, 360, 0, 20, 147, 9445 }, // p
    { 19, 28, 360, 2, 20, 133, 9592 }, // q
    { 19, 20, 360, 4, 20, 95, 9725 }, // r
    { 19, 20, 360, 1, 20, 95, 9820 }, // s
    { 18, 26, 360, 2, 26, 117, 9915 }, // t
    { 18, 20, 360, 3, 20, 90, 10032 }, // u
    { 19, 21, 360, 2, 21, 100, 10122 }, // v
    { 21, 21, 360, 1, 21, 111, 10222 }, // w
    { 23, 20, 360, 0, 20, 115, 10333 }, // x
    { 20, 28, 360, 1, 20, 140, 10448 }, // y
    { 20, 20, 360, 1, 20, 100, 10588 }, // z
    { 18, 34, 360, 4, 29, 153, 10688 }, // {
    { 9, 34, 360, 7, 29, 77, 10841 }, // |
    { 19, 34, 360, 1, 29, 162, 10918 }, // }
    { 19, 5, 360, 2, 14, 24, 11080 }, // ~
    { 0, 0, 360, 0, 0, 0, 0 }, // U+00A0
    { 10, 27, 360, 6, 20, 68, 0 }, // U+00A1
    { 18, 28, 360, 2, 24, 126, 68 }, // U+00A2
    { 22, 26, 360, 0, 26, 143, 194 }, // U+00A3
    { 24, 26, 360, 1, 26, 156, 337 }, // U+00A5
    { 9, 34, 360, 7, 29, 77, 493 }, // U+00A6
    { 19, 33, 360, 2, 26, 157, 570 }, // U+00A7
    { 12, 4, 360, 6, 27, 12, 727 }, // U+00A8
    { 24, 26, 360, 0, 27, 156, 739 }, // U+00A9
    { 13, 14, 360, 6, 27, 46, 895 }, // U+00AA
    { 19, 17, 360, 2, 19, 81, 941 }, // U+00AB
    { 19, 11, 360, 2, 13, 53, 1022 }, // U+00AC
    { 13, 3, 360, 5, 13, 10, 1075 }, // U+00AD
    { 15, 14, 360, 5, 27, 53, 1085 }, // U+00AE
    { 12, 3, 360, 6, 27, 9, 1138 }, // U+00AF
    { 14, 13, 360, 6, 27, 46, 1147 }, // U+00B0
    { 21, 24, 360, 0, 24, 126, 1193 }, // U+00B1
    { 12, 14, 360, 6, 26, 42, 1319 }, // U+00B2
    { 12, 14, 360, 6, 26, 42, 1361 }, // U+00B3
    { 7, 9, 360, 10, 30, 16, 1403 }, // U+00B4
    { 21, 28, 360, 0, 20, 147, 1419 }, // U+00B5
    { 19, 33, 360, 3, 26, 157, 1566 }, // U+00B6
    { 7, 5, 360, 8, 14, 9, 1723 }, // U+00B7
    { 8, 9, 360, 7, 1, 18, 1732 }, // U+00B8
    { 11, 14, 360, 7, 26, 39, 1750 }, // U+00B9
    { 14, 14, 360, 6, 27, 49, 1789 }, // U+00BA
    { 20, 17, 360, 1, 19, 85, 1838 }, // U+00BB
    { 26, 26, 360, -1, 26, 169, 1923 }, // U+00BC
    { 26, 26, 360, -1, 26, 169, 2092 }, // U+00BD
    { 26, 26, 360, -1, 26, 169, 2261 }, // U+00BE
    { 17, 28, 360, 1, 20, 119, 2430 }, // U+00BF
    { 21, 36, 360, -1, 36, 189, 2549 }, // U+00C0
    { 21, 36, 360, -1, 36, 189, 2738 }, // U+00C1
    { 22, 35, 360, -1, 35, 193, 2927 }, // U+00C2
    { 23, 35, 360, -1, 35, 202, 3120 }, // U+00C3
    { 22, 33, 360, -1, 33, 182, 3322 }, // U+00C4
    { 21, 37, 360, -1, 37, 195, 3504 }, // U+00C5
    { 25, 26, 360, -1, 26, 163, 3699 }, // U+00C6
    { 20, 34, 360, 2, 26, 170, 3862 }, // U+00C7
    { 22, 36, 360, 1, 36, 198, 4032 }, // U+00C8
    { 22, 36, 360, 1, 36, 198, 4230 }, // U+00C9
    { 22, 35, 360, 1, 35, 193, 4428 }, // U+00CA
    { 22, 33, 360, 1, 33, 182, 4621 }, // U+00CB
    { 22, 36, 360, 1, 36, 198, 4803 }, // U+00CC
    { 22, 36, 360, 1, 36, 198, 5001 }, // U+00CD
    { 22, 35, 360, 1, 35, 193, 5199 }, // U+00CE
    { 22, 33, 360, 1, 33, 182, 5392 }, // U+00CF
    { 21, 26, 360, 1, 26, 137, 5574 }, // U+00D0
    { 22, 35, 360, 1, 35, 193, 5711 }, // U+00D1
    { 20, 36, 360, 2, 36, 180, 5904 }, // U+00D2
    { 20, 36, 360, 2, 36, 180, 6084 }, // U+00D3
    { 20, 35, 360, 2, 35, 175, 6264 }, // U+00D4
    { 20, 35, 360, 2, 35, 175, 6439 }, // U+00D5
    { 20, 33, 360, 2, 33, 165, 6614 }, // U+00D6
    { 19, 17, 360, 2, 20, 81, 6779 }, // U+00D7
    { 24, 28, 360, 0, 27, 168, 6860 }, // U+00D8
    { 21, 36, 360, 2, 36, 189, 7028 }, // U+00D9
    { 21, 36, 360, 2, 36, 189, 7217 }, // U+00DA
    { 21, 35, 360, 2, 35, 184, 7406 }, // U+00DB
    { 21, 33, 360, 2, 33, 174, 7590 }, // U+00DC
    { 22, 36, 360, 3, 36, 198, 7764 }, // U+00DD
    { 20, 26, 360, 1, 26, 130, 7962 }, // U+00DE
    { 19, 28, 360, 2, 28, 133, 8092 }, // U+00DF
    { 19, 30, 360, 2, 30, 143, 8225 }, // U+00E0
    { 19, 30, 360, 2, 30, 143, 8368 }, // U+00E1
    { 19, 29, 360, 2, 29, 138, 8511 }, // U+00E2
    { 19, 28, 360, 2, 28, 133, 8649 }, // U+00E3
    { 19, 27, 360, 2, 27, 129, 8782 }, // U+00E4
    { 19, 31, 360, 2, 31, 148, 8911 }, // U+00E5
    { 23, 20, 360, 0, 20, 115, 9059 }, // U+00E6
    { 18, 28, 360, 2, 20, 126, 9174 }, // U+00E7
    { 18, 30, 360, 2, 30, 135, 9300 }, // U+00E8
    { 18, 30, 360, 2, 30, 135, 9435 }, // U+00E9
    { 18, 29, 360, 2, 29, 131, 9570 }, // U+00EA
    { 18, 27, 360, 2, 27, 122, 9701 }, // U+00EB
    { 18, 30, 360, 3, 30, 135, 9823 }, // U+00EC
    { 18, 30, 360, 3, 30, 135, 9958 }, // U+00ED
    { 18, 29, 360, 3, 29, 131, 10093 }, // U+00EE
    { 18, 27, 360, 3, 27, 122, 10224 }, // U+00EF
    { 19, 29, 360, 2, 29, 138, 10346 }, // U+00F0
    { 18, 28, 360, 2, 28, 126, 10484 }, // U+00F1
    { 19, 30, 360, 2, 30, 143, 10610 }, // U+00F2
    { 19, 30, 360, 2, 30, 143, 10753 }, // U+00F3
    { 19, 29, 360, 2, 29, 138, 10896 }, // U+00F4
    { 19, 28, 360, 2, 28, 133, 11034 }, // U+00F5
    { 19, 27, 360, 2, 27, 129, 11167 }, // U+00F6
    { 19, 19, 360, 2, 21, 91, 11296 }, // U+00F7
    { 23, 22, 360, 0, 21, 127, 11387 }, // U+00F8
    { 18, 30, 360, 3, 30, 135, 11514 }, // U+00F9
    { 18, 30, 360, 3, 30, 135, 11649 }, // U+00FA
    { 18, 29, 360, 3, 29, 131, 11784 }, // U+00FB
    { 18, 27, 360, 3, 27, 122, 11915 }, // U+00FC
    { 20, 38, 360, 1, 30, 190, 12037 }, // U+00FD
    { 21, 36, 360, 0, 28, 189, 12227 }, // U+00FE
    { 20, 35, 360, 1, 27, 175, 12416 }, // U+00FF
    { 22, 34, 360, -1, 34, 187, 0 }, // U+0100
    { 19, 27, 360, 2, 27, 129, 187 }, // U+0101
    { 23, 36, 360, -1, 36, 207, 316 }, // U+0102
    { 19, 30, 360, 2, 30, 143, 523 }, // U+0103
    { 22, 34, 360, -1, 26, 187, 666 }, // U+0104
    { 19, 28, 360, 2, 20, 133, 853 }, // U+0105
    { 20, 36, 360, 2, 36, 180, 986 }, // U+0106
    { 18, 30, 360, 2, 30, 135, 1166 }, // U+0107
    { 20, 35, 360, 2, 35, 175, 1301 }, // U+0108
    { 18, 29, 360, 2, 29, 131, 1476 }, // U+0109
    { 20, 33, 360, 2, 33, 165, 1607 }, // U+010A
    { 18, 27, 360, 2, 27, 122, 1772 }, // U+010B
    { 21, 36, 360, 2, 36, 189, 1894 }, // U+010C
    { 19, 30, 360, 2, 30, 143, 2083 }, // U+010D
    { 20, 36, 360, 2, 36, 180, 2226 }, // U+010E
    { 27, 28, 360, 1, 28, 189, 2406 }, // U+010F
    { 21, 26, 360, 1, 26, 137, 2595 }, // U+0110
    { 22, 28, 360, 2, 28, 154, 2732 }, // U+0111
    { 22, 34, 360, 1, 34, 187, 2886 }, // U+0112
    { 18, 27, 360, 2, 27, 122, 3073 }, // U+0113
    { 22, 36, 360, 1, 36, 198, 3195 }, // U+0114
    { 19, 30, 360, 2, 30, 143, 3393 }, // U+0115
    { 22, 33, 360, 1, 33, 182, 3536 }, // U+0116
    { 18, 27, 360, 2, 27, 122, 3718 }, // U+0117
    { 22, 34, 360, 1, 26, 187, 3840 }, // U+0118
    { 18, 28, 360, 2, 20, 126, 4027 }, // U+0119
    { 22, 36, 360, 1, 36, 198, 4153 }, // U+011A
    { 19, 30, 360, 2, 30, 143, 4351 }, // U+011B
    { 20, 35, 360, 2, 35, 175, 4494 }, // U+011C
    { 20, 37, 360, 1, 29, 185, 4669 }, // U+011D
    { 20, 36, 360, 2, 36, 180, 4854 }, // U+011E
    { 20, 38, 360, 1, 30, 190, 5034 }, // U+011F
    { 20, 33, 360, 2, 33, 165, 5224 }, // U+0120
    { 20, 35, 360, 1, 27, 175, 5389 }, // U+0121
    { 20, 35, 360, 2, 26, 175, 5564 }, // U+0122
    { 20, 37, 360, 1, 29, 185, 5739 }, // U+0123
    { 22, 35, 360, 1, 35, 193, 5924 }, // U+0124
    { 18, 36, 360, 2, 36, 162, 6117 }, // U+0125
    { 24, 26, 360, 1, 26, 156, 6279 }, // U+0126
    { 18, 28, 360, 2, 28, 126, 6435 }, // U+0127
    { 22, 35, 360, 1, 35, 193, 6561 }, // U+0128
    { 18, 28, 360, 3, 28, 126, 6754 }, // U+0129
    { 22, 34, 360, 1, 34, 187, 6880 }, // U+012A
    { 18, 27, 360, 3, 27, 122, 7067 }, // U+012B
    { 22, 36, 360, 1, 36, 198, 7189 }, // U+012C
    { 18, 30, 360, 3, 30, 135, 7387 }, // U+012D
    { 22, 34, 360, 1, 26, 187, 7522 }, // U+012E
    { 18, 36, 360, 3, 28, 162, 7709 }, // U+012F
    { 22, 33, 360, 1, 33, 182, 7871 }, // U+0130
    { 18, 20, 360, 3, 20, 90, 8053 }, // U+0131
    { 20, 26, 360, 2, 26, 130, 8143 }, // U+0132
    { 21, 36, 360, 2, 28, 189, 8273 }, // U+0133
    { 19, 35, 360, 2, 35, 167, 8462 }, // U+0134
    { 21, 37, 360, 2, 29, 195, 8629 }, // U+0135
    { 24, 35, 360, 1, 26, 210, 8824 }, // U+0136
    { 20, 37, 360, 2, 28, 185, 9034 }, // U+0137
    { 21, 20, 360, 2, 20, 105, 9219 }, // U+0138
    { 17, 36, 360, 2, 36, 153, 9324 }, // U+0139
    { 16, 37, 360, 4, 37, 148, 9477 }, // U+013A
    { 17, 35, 360, 2, 26, 149, 9625 }, // U+013B
    { 16, 37, 360, 4, 28, 148, 9774 }, // U+013C
    { 17, 28, 360, 2, 28, 119, 9922 }, // U+013D
    { 18, 28, 360, 4, 28, 126, 10041 }, // U+013E
    { 18, 26, 360, 2, 26, 117, 10167 }, // U+013F
    { 17, 28, 360, 4, 28, 119, 10284 }, // U+0140
    { 18, 26, 360, 1, 26, 117, 10403 }, // U+0141
    { 18, 28, 360, 2, 28, 126, 10520 }, // U+0142
    { 22, 36, 360, 1, 36, 198, 10646 }, // U+0143
    { 18, 30, 360, 2, 30, 135, 10844 }, // U+0144
    { 22, 35, 360, 1, 26, 193, 10979 }, // U+0145
    { 18, 29, 360, 2, 20, 131, 11172 }, // U+0146
    { 22, 36, 360, 1, 36, 198, 11303 }, // U+0147
    { 18, 30, 360, 2, 30, 135, 11501 }, // U+0148
    { 19, 28, 360, 1, 28, 133, 11636 }, // U+0149
    { 22, 34, 360, 1, 26, 187, 11769 }, // U+014A
    { 18, 28, 360, 2, 20, 126, 11956 }, // U+014B
    { 20, 34, 360, 2, 34, 170, 12082 }, // U+014C
    { 19, 27, 360, 2, 27, 129, 12252 }, // U+014D
    { 20, 36, 360, 2, 36, 180, 12381 }, // U+014E
    { 19, 30, 360, 2, 30, 143, 12561 }, // U+014F
    { 21, 36, 360, 2, 36, 189, 12704 }, // U+0150
    { 20, 30, 360, 2, 30, 150, 12893 }, // U+0151
    { 23, 26, 360, 1, 26, 150, 13043 }, // U+0152
    { 23, 20, 360, 0, 20, 115, 13193 }, // U+0153
    { 21, 36, 360, 1, 36, 189, 13308 }, // U+0154
    { 19, 30, 360, 4, 30, 143, 13497 }, // U+0155
    { 21, 35, 360, 1, 26, 184, 13640 }, // U+0156
    { 20, 29, 360, 3, 20, 145, 13824 }, // U+0157
    { 21, 36, 360, 1, 36, 189, 13969 }, // U+0158
    { 19, 30, 360, 4, 30, 143, 14158 }, // U+0159
    { 22, 36, 360, 0, 36, 198, 14301 }, // U+015A
    { 19, 30, 360, 1, 30, 143, 14499 }, // U+015B
    { 22, 35, 360, 0, 35, 193, 14642 }, // U+015C
    { 19, 29, 360, 1, 29, 138, 14835 }, // U+015D
    { 22, 34, 360, 0, 26, 187, 14973 }, // U+015E
    { 19, 28, 360, 1, 20, 133, 15160 }, // U+015F
    { 22, 36, 360, 0, 36, 198, 15293 }, // U+0160
    { 19, 30, 360, 1, 30, 143, 15491 }, // U+0161
    { 22, 35, 360, 3, 26, 193, 15634 }, // U+0162
    { 18, 35, 360, 2, 26, 158, 15827 }, // U+0163
    { 22, 36, 360, 3, 36, 198, 15985 }, // U+0164
    { 20, 29, 360, 2, 29, 145, 16183 }, // U+0165
    { 22, 26, 360, 3, 26, 143, 16328 }, // U+0166
    { 18, 26, 360, 2, 26, 117, 16471 }, // U+0167
    { 21, 35, 360, 2, 35, 184, 16588 }, // U+0168
    { 18, 28, 360, 3, 28, 126, 16772 }, // U+0169
    { 21, 34, 360, 2, 34, 179, 16898 }, // U+016A
    { 18, 27, 360, 3, 27, 122, 17077 }, // U+016B
    { 21, 36, 360, 2, 36, 189, 17199 }, // U+016C
    { 18, 30, 360, 3, 30, 135, 17388 }, // U+016D
    { 21, 37, 360, 2, 37, 195, 17523 }, // U+016E
    { 18, 31, 360, 3, 31, 140, 17718 }, // U+016F
    { 21, 36, 360, 2, 36, 189, 17858 }, // U+0170
    { 19, 30, 360, 3, 30, 143, 18047 }, // U+0171
    { 21, 34, 360, 2, 26, 179, 18190 }, // U+0172
    { 18, 28, 360, 3, 20, 126, 18369 }, // U+0173
    { 23, 35, 360, 1, 35, 202, 18495 }, // U+0174
    { 21, 29, 360, 1, 29, 153, 18697 }, // U+0175
    { 22, 35, 360, 3, 35, 193, 18850 }, // U+0176
    { 20, 37, 360, 1, 29, 185, 19043 }, // U+0177
    { 22, 33, 360, 3, 33, 182, 19228 }, // U+0178
    { 23, 36, 360, 0, 36, 207, 19410 }, // U+0179
    { 20, 30, 360, 1, 30, 150, 19617 }, // U+017A
    { 23, 33, 360, 0, 33, 190, 19767 }, // U+017B
    { 20, 27, 360, 1, 27, 135, 19957 }, // U+017C
    { 23, 36, 360, 0, 36, 207, 20092 }, // U+017D
    { 20, 30, 360, 1, 30, 150, 20299 }, // U+017E
    { 22, 31, 360, 2, 31, 171, 0 }, // U+01A0
    { 21, 24, 360, 2, 24, 126, 171 }, // U+01A1
    { 24, 31, 360, 2, 31, 186, 297 }, // U+01AF
    { 22, 24, 360, 3, 24, 132, 483 }, // U+01B0
    { 21, 43, 360, -1, 43, 226, 615 }, // U+01FA
    { 19, 37, 360, 2, 37, 176, 841 }, // U+01FB
    { 25, 36, 360, -1, 36, 225, 1017 }, // U+01FC
    { 23, 30, 360, 0, 30, 173, 1242 }, // U+01FD
    { 24, 37, 360, 0, 36, 222, 1415 }, // U+01FE
    { 23, 31, 360, 0, 30, 179, 1637 }, // U+01FF
    { 22, 35, 360, 0, 26, 193, 1816 }, // U+0218
    { 19, 29, 360, 1, 20, 138, 2009 }, // U+0219
    { 22, 35, 360, 3, 26, 193, 2147 }, // U+021A
    { 18, 35, 360, 2, 26, 158, 2340 }, // U+021B
    { 6, 9, 0, -3, 30, 14, 0 }, // U+0300
    { 8, 9, 0, -2, 30, 18, 14 }, // U+0301
    { 13, 7, 0, -6, 29, 23, 32 }, // U+0302
    { 14, 5, 0, -6, 28, 18, 55 }, // U+0303
    { 12, 3, 0, -5, 27, 9, 73 }, // U+0304
    { 13, 7, 0, -5, 30, 23, 82 }, // U+0306
    { 6, 4, 0, -2, 27, 6, 105 }, // U+0307
    { 12, 4, 0, -5, 27, 12, 111 }, // U+0308
    { 7, 8, 0, -2, 30, 14, 123 }, // U+0309
    { 10, 9, 0, -4, 31, 23, 137 }, // U+030A
    { 13, 9, 0, -4, 30, 30, 160 }, // U+030B
    { 13, 7, 0, -5, 30, 23, 190 }, // U+030C
    { 7, 7, 0, -2, 29, 13, 213 }, // U+0312
    { 7, 7, 0, -2, 28, 13, 226 }, // U+0315
    { 8, 6, 0, -4, 24, 12, 239 }, // U+031B
    { 6, 4, 0, -4, -3, 6, 251 }, // U+0323
    { 7, 7, 0, -5, -2, 13, 257 }, // U+0326
    { 9, 9, 0, -5, 1, 21, 270 }, // U+0327
    { 9, 9, 0, -8, 1, 21, 291 }, // U+0328
    { 22, 36, 360, 1, 36, 198, 0 }, // U+0400
    { 22, 33, 360, 1, 33, 182, 198 }, // U+0401
    { 19, 33, 360, 2, 26, 157, 380 }, // U+0402
    { 20, 36, 360, 3, 36, 180, 537 }, // U+0403
    { 20, 26, 360, 2, 26, 130, 717 }, // U+0404
    { 22, 26, 360, 0, 26, 143, 847 }, // U+0405
    { 22, 26, 360, 1, 26, 143, 990 }, // U+0406
    { 22, 33, 360, 1, 33, 182, 1133 }, // U+0407
    { 19, 26, 360, 2, 26, 124, 1315 }, // U+0408
    { 25, 26, 360, -2, 26, 163, 1439 }, // U+0409
    { 23, 26, 360, 0, 26, 150, 1602 }, // U+040A
    { 19, 26, 360, 2, 26, 124, 1752 }, // U+040B
    { 22, 36, 360, 1, 36, 198, 1876 }, // U+040C
    { 22, 36, 360, 1, 36, 198, 2074 }, // U+040D
    { 21, 36, 360, 3, 36, 189, 2272 }, // U+040E
    { 22, 32, 360, 1, 26, 176, 2461 }, // U+040F
    { 21, 26, 360, -1, 26, 137, 2637 }, // U+0410
    { 19, 26, 360, 2, 26, 124, 2774 }, // U+0411
    { 20, 26, 360, 1, 26, 130, 2898 }, // U+0412
    { 20, 26, 360, 3, 26, 130, 3028 }, // U+0413
    { 24, 32, 360, -2, 26, 192, 3158 }, // U+0414
    { 22, 26, 360, 1, 26, 143, 3350 }, // U+0415
    { 27, 26, 360, -2, 26, 176, 3493 }, // U+0416
    { 20, 26, 360, 1, 26, 130, 3669 }, // U+0417
    { 22, 26, 360, 1, 26, 143, 3799 }, // U+0418
    { 22, 36, 360, 1, 36, 198, 3942 }, // U+0419
    { 22, 26, 360, 1, 26, 143, 4140 }, // U+041A
    { 25, 26, 360, -2, 26, 163, 4283 }, // U+041B
    { 23, 26, 360, 0, 26, 150, 4446 }, // U+041C
    { 22, 26, 360, 1, 26, 143, 4596 }, // U+041D
    { 20, 26, 360, 2, 26, 130, 4739 }, // U+041E
    { 22, 26, 360, 1, 26, 143, 4869 }, // U+041F
    { 21, 26, 360, 1, 26, 137, 5012 }, // U+0420
    { 20, 26, 360, 2, 26, 130, 5149 }, // U+0421
    { 22, 26, 360, 3, 26, 143, 5279 }, // U+0422
    { 21, 26, 360, 3, 26, 137, 5422 }, // U+0423
    { 22, 29, 360, 1, 27, 160, 5559 }, // U+0424
    { 26, 26, 360, -1, 26, 169, 5719 }, // U+0425
    { 21, 33, 360, 1, 26, 174, 5888 }, // U+0426
    { 19, 26, 360, 3, 26, 124, 6062 }, // U+0427
    { 24, 26, 360, 0, 26, 156, 6186 }, // U+0428
    { 23, 33, 360, 0, 26, 190, 6342 }, // U+0429
    { 20, 26, 360, 2, 26, 130, 6532 }, // U+042A
    { 24, 26, 360, 0, 26, 156, 6662 }, // U+042B
    { 18, 26, 360, 2, 26, 117, 6818 }, // U+042C
    { 20, 26, 360, 1, 26, 130, 6935 }, // U+042D
    { 22, 26, 360, 0, 26, 143, 7065 }, // U+042E
    { 23, 26, 360, 0, 26, 150, 7208 }, // U+042F
    { 19, 20, 360, 2, 20, 95, 7358 }, // U+0430
    { 20, 29, 360, 2, 29, 145, 7453 }, // U+0431
    { 18, 20, 360, 2, 20, 90, 7598 }, // U+0432
    { 18, 20, 360, 2, 20, 90, 7688 }, // U+0433
    { 18, 29, 360, 2, 29, 131, 7778 }, // U+0434
    { 18, 20, 360, 2, 20, 90, 7909 }, // U+0435
    { 26, 20, 360, -2, 20, 130, 7999 }, // U+0436
    { 19, 20, 360, 1, 20, 95, 8129 }, // U+0437
    { 18, 20, 360, 3, 20, 90, 8224 }, // U+0438
    { 18, 30, 360, 3, 30, 135, 8314 }, // U+0439
    { 19, 20, 360, 2, 20, 95, 8449 }, // U+043A
    { 22, 20, 360, -1, 20, 110, 8544 }, // U+043B
    { 21, 20, 360, 1, 20, 105, 8654 }, // U+043C
    { 19, 20, 360, 2, 20, 95, 8759 }, // U+043D
    { 19, 20, 360, 2, 20, 95, 8854 }, // U+043E
    { 18, 20, 360, 2, 20, 90, 8949 }, // U+043F
    { 21, 28, 360, 0, 20, 147, 9039 }, // U+0440
    { 18, 20, 360, 2, 20, 90, 9186 }, // U+0441
    { 22, 20, 360, 0, 20, 110, 9276 }, // U+0442
    { 20, 28, 360, 1, 20, 140, 9386 }, // U+0443
    { 21, 36, 360, 1, 28, 189, 9526 }, // U+0444
    { 23, 20, 360, 0, 20, 115, 9715 }, // U+0445
    { 20, 26, 360, 2, 20, 130, 9830 }, // U+0446
    { 17, 20, 360, 3, 20, 85, 9960 }, // U+0447
    { 22, 20, 360, 1, 20, 110, 10045 }, // U+0448
    { 23, 27, 360, 0, 20, 156, 10155 }, // U+0449
    { 19, 20, 360, 2, 20, 95, 10311 }, // U+044A
    { 22, 20, 360, 1, 20, 110, 10406 }, // U+044B
    { 17, 20, 360, 3, 20, 85, 10516 }, // U+044C
    { 18, 20, 360, 2, 20, 90, 10601 }, // U+044D
    { 21, 20, 360, 0, 20, 105, 10691 }, // U+044E
    { 19, 20, 360, 1, 20, 95, 10796 }, // U+044F
    { 18, 30, 360, 2, 30, 135, 10891 }, // U+0450
    { 18, 27, 360, 2, 27, 122, 11026 }, // U+0451
    { 18, 36, 360, 2, 28, 162, 11148 }, // U+0452
    { 18, 30, 360, 2, 30, 135, 11310 }, // U+0453
    { 18, 20, 360, 2, 20, 90, 11445 }, // U+0454
    { 19, 20, 360, 1, 20, 95, 11535 }, // U+0455
    { 18, 28, 360, 3, 28, 126, 11630 }, // U+0456
    { 18, 27, 360, 3, 27, 122, 11756 }, // U+0457
    { 18, 36, 360, 2, 28, 162, 11878 }, // U+0458
    { 25, 20, 360, -2, 20, 125, 12040 }, // U+0459
    { 23, 20, 360, 0, 20, 115, 12165 }, // U+045A
    { 18, 28, 360, 2, 28, 126, 12280 }, // U+045B
    { 19, 30, 360, 2, 30, 143, 12406 }, // U+045C
    { 18, 30, 360, 3, 30, 135, 12549 }, // U+045D
    { 20, 38, 360, 1, 30, 190, 12684 }, // U+045E
    { 18, 28, 360, 3, 20, 126, 12874 }, // U+045F
    { 20, 26, 360, 2, 26, 130, 13000 }, // U+0472
    { 19, 20, 360, 2, 20, 95, 13130 }, // U+0473
    { 21, 32, 360, 3, 32, 168, 13225 }, // U+0490
    { 19, 25, 360, 3, 25, 119, 13393 }, // U+0491
    { 22, 26, 360, 2, 26, 143, 13512 }, // U+0492
    { 20, 20, 360, 1, 20, 100, 13655 }, // U+0493
    { 20, 33, 360, 1, 26, 165, 13755 }, // U+0494
    { 18, 28, 360, 2, 20, 126, 13920 }, // U+0495
    { 26, 31, 360, -2, 26, 202, 14046 }, // U+0496
    { 26, 26, 360, -2, 20, 169, 14248 }, // U+0497
    { 20, 33, 360, 1, 26, 165, 14417 }, // U+0498
    { 19, 25, 360, 1, 20, 119, 14582 }, // U+0499
    { 21, 31, 360, 1, 26, 163, 14701 }, // U+049A
    { 19, 25, 360, 2, 20, 119, 14864 }, // U+049B
    { 23, 26, 360, 1, 26, 150, 14983 }, // U+049C
    { 21, 20, 360, 1, 20, 105, 15133 }, // U+049D
    { 22, 26, 360, 2, 26, 143, 15238 }, // U+04A0
    { 21, 20, 360, 1, 20, 105, 15381 }, // U+04A1
    { 21, 31, 360, 1, 26, 163, 15486 }, // U+04A2
    { 19, 25, 360, 1, 20, 119, 15649 }, // U+04A3
    { 25, 26, 360, 0, 26, 163, 15768 }, // U+04A4
    { 24, 20, 360, 0, 20, 120, 15931 }, // U+04A5
    { 20, 32, 360, 2, 26, 160, 16051 }, // U+04AA
    { 18, 25, 360, 2, 20, 113, 16211 }, // U+04AB
    { 22, 26, 360, 3, 26, 143, 16324 }, // U+04AE
    { 18, 28, 360, 4, 20, 126, 16467 }, // U+04AF
    { 22, 26, 360, 3, 26, 143, 16593 }, // U+04B0
    { 20, 28, 360, 2, 20, 140, 16736 }, // U+04B1
    { 25, 31, 360, -1, 26, 194, 16876 }, // U+04B2
    { 23, 25, 360, 0, 20, 144, 17070 }, // U+04B3
    { 19, 31, 360, 3, 26, 148, 17214 }, // U+04B6
    { 17, 25, 360, 3, 20, 107, 17362 }, // U+04B7
    { 19, 26, 360, 3, 26, 124, 17469 }, // U+04B8
    { 17, 20, 360, 3, 20, 85, 17593 }, // U+04B9
    { 19, 26, 360, 1, 26, 124, 17678 }, // U+04BA
    { 18, 28, 360, 2, 28, 126, 17802 }, // U+04BB
    { 22, 26, 360, 1, 26, 143, 17928 }, // U+04C0
    { 27, 36, 360, -2, 36, 243, 18071 }, // U+04C1
    { 26, 30, 360, -2, 30, 195, 18314 }, // U+04C2
    { 14, 28, 360, 4, 28, 98, 18509 }, // U+04CF
    { 23, 36, 360, -1, 36, 207, 18607 }, // U+04D0
    { 19, 30, 360, 2, 30, 143, 18814 }, // U+04D1
    { 22, 33, 360, -1, 33, 182, 18957 }, // U+04D2
    { 19, 27, 360, 2, 27, 129, 19139 }, // U+04D3
    { 25, 26, 360, -1, 26, 163, 19268 }, // U+04D4
    { 23, 20, 360, 0, 20, 115, 19431 }, // U+04D5
    { 22, 36, 360, 1, 36, 198, 19546 }, // U+04D6
    { 19, 30, 360, 2, 30, 143, 19744 }, // U+04D7
    { 20, 26, 360, 2, 26, 130, 19887 }, // U+04D8
    { 18, 20, 360, 2, 20, 90, 20017 }, // U+04D9
    { 27, 33, 360, -2, 33, 223, 20107 }, // U+04DC
    { 26, 27, 360, -2, 27, 176, 20330 }, // U+04DD
    { 20, 33, 360, 1, 33, 165, 20506 }, // U+04DE
    { 19, 27, 360, 1, 27, 129, 20671 }, // U+04DF
    { 22, 34, 360, 1, 34, 187, 20800 }, // U+04E2
    { 18, 27, 360, 3, 27, 122, 20987 }, // U+04E3
    { 22, 33, 360, 1, 33, 182, 21109 }, // U+04E4
    { 18, 27, 360, 3, 27, 122, 21291 }, // U+04E5
    { 20, 33, 360, 2, 33, 165, 21413 }, // U+04E6
    { 19, 27, 360, 2, 27, 129, 21578 }, // U+04E7
    { 20, 26, 360, 2, 26, 130, 21707 }, // U+04E8
    { 19, 20, 360, 2, 20, 95, 21837 }, // U+04E9
    { 21, 34, 360, 3, 34, 179, 21932 }, // U+04EE
    { 20, 35, 360, 1, 27, 175, 22111 }, // U+04EF
    { 21, 33, 360, 3, 33, 174, 22286 }, // U+04F0
    { 20, 35, 360, 1, 27, 175, 22460 }, // U+04F1
    { 21, 36, 360, 3, 36, 189, 22635 }, // U+04F2
    { 21, 38, 360, 1, 30, 200, 22824 }, // U+04F3
    { 19, 33, 360, 3, 33, 157, 23024 }, // U+04F4
    { 17, 27, 360, 3, 27, 115, 23181 }, // U+04F5
    { 24, 33, 360, 0, 33, 198, 23296 }, // U+04F8
    { 22, 27, 360, 1, 27, 149, 23494 }, // U+04F9
    { 21, 33, 360, -1, 26, 174, 0 }, // U+1EA0
    { 19, 27, 360, 2, 20, 129, 174 }, // U+1EA1
    { 21, 36, 360, -1, 36, 189, 303 }, // U+1EA2
    { 19, 30, 360, 2, 30, 143, 492 }, // U+1EA3
    { 27, 41, 360, -1, 41, 277, 635 }, // U+1EA4
    { 22, 35, 360, 2, 35, 193, 912 }, // U+1EA5
    { 22, 41, 360, -1, 41, 226, 1105 }, // U+1EA6
    { 19, 35, 360, 2, 35, 167, 1331 }, // U+1EA7
    { 26, 41, 360, -1, 41, 267, 1498 }, // U+1EA8
    { 21, 35, 360, 2, 35, 184, 1765 }, // U+1EA9
    { 24, 41, 360, -1, 41, 246, 1949 }, // U+1EAA
    { 19, 35, 360, 2, 35, 167, 2195 }, // U+1EAB
    { 22, 42, 360, -1, 35, 231, 2362 }, // U+1EAC
    { 19, 36, 360, 2, 29, 171, 2593 }, // U+1EAD
    { 23, 42, 360, -1, 42, 242, 2764 }, // U+1EAE
    { 19, 35, 360, 2, 35, 167, 3006 }, // U+1EAF
    { 23, 42, 360, -1, 42, 242, 3173 }, // U+1EB0
    { 19, 35, 360, 2, 35, 167, 3415 }, // U+1EB1
    { 23, 41, 360, -1, 41, 236, 3582 }, // U+1EB2
    { 19, 34, 360, 2, 34, 162, 3818 }, // U+1EB3
    { 23, 40, 360, -1, 40, 230, 3980 }, // U+1EB4
    { 19, 33, 360, 2, 33, 157, 4210 }, // U+1EB5
    { 23, 43, 360, -1, 36, 248, 4367 }, // U+1EB6
    { 19, 37, 360, 2, 30, 176, 4615 }, // U+1EB7
    { 22, 33, 360, 1, 26, 182, 4791 }, // U+1EB8
    { 18, 27, 360, 2, 20, 122, 4973 }, // U+1EB9
    { 22, 36, 360, 1, 36, 198, 5095 }, // U+1EBA
    { 18, 30, 360, 2, 30, 135, 5293 }, // U+1EBB
    { 22, 35, 360, 1, 35, 193, 5428 }, // U+1EBC
    { 19, 28, 360, 2, 28, 133, 5621 }, // U+1EBD
    { 25, 41, 360, 1, 41, 257, 5754 }, // U+1EBE
    { 23, 35, 360, 2, 35, 202, 6011 }, // U+1EBF
    { 22, 41, 360, 1, 41, 226, 6213 }, // U+1EC0
    { 18, 35, 360, 2, 35, 158, 6439 }, // U+1EC1
    { 24, 41, 360, 1, 41, 246, 6597 }, // U+1EC2
    { 22, 35, 360, 2, 35, 193, 6843 }, // U+1EC3
    { 22, 41, 360, 1, 41, 226, 7036 }, // U+1EC4
    { 20, 35, 360, 2, 35, 175, 7262 }, // U+1EC5
    { 22, 42, 360, 1, 35, 231, 7437 }, // U+1EC6
    { 18, 36, 360, 2, 29, 162, 7668 }, // U+1EC7
    { 22, 36, 360, 1, 36, 198, 7830 }, // U+1EC8
    { 18, 30, 360, 3, 30, 135, 8028 }, // U+1EC9
    { 22, 33, 360, 1, 26, 182, 8163 }, // U+1ECA
    { 18, 35, 360, 3, 28, 158, 8345 }, // U+1ECB
    { 20, 33, 360, 2, 26, 165, 8503 }, // U+1ECC
    { 19, 27, 360, 2, 20, 129, 8668 }, // U+1ECD
    { 20, 36, 360, 2, 36, 180, 8797 }, // U+1ECE
    { 19, 30, 360, 2, 30, 143, 8977 }, // U+1ECF
    { 24, 41, 360, 2, 41, 246, 9120 }, // U+1ED0
    { 23, 35, 360, 2, 35, 202, 9366 }, // U+1ED1
    { 20, 41, 360, 2, 41, 205, 9568 }, // U+1ED2
    { 19, 35, 360, 2, 35, 167, 9773 }, // U+1ED3
    { 22, 41, 360, 2, 41, 226, 9940 }, // U+1ED4
    { 22, 35, 360, 2, 35, 193, 10166 }, // U+1ED5
    { 20, 41, 360, 2, 41, 205, 10359 }, // U+1ED6
    { 20, 35, 360, 2, 35, 175, 10564 }, // U+1ED7
    { 20, 42, 360, 2, 35, 210, 10739 }, // U+1ED8
    { 19, 36, 360, 2, 29, 171, 10949 }, // U+1ED9
    { 22, 36, 360, 2, 36, 198, 11120 }, // U+1EDA
    { 21, 30, 360, 2, 30, 158, 11318 }, // U+1EDB
    { 22, 36, 360, 2, 36, 198, 11476 }, // U+1EDC
    { 21, 30, 360, 2, 30, 158, 11674 }, // U+1EDD
    { 22, 36, 360, 2, 36, 198, 11832 }, // U+1EDE
    { 21, 30, 360, 2, 30, 158, 12030 }, // U+1EDF
    { 22, 34, 360, 2, 34, 187, 12188 }, // U+1EE0
    { 21, 27, 360, 2, 27, 142, 12375 }, // U+1EE1
    { 22, 38, 360, 2, 31, 209, 12517 }, // U+1EE2
    { 21, 31, 360, 2, 24, 163, 12726 }, // U+1EE3
    { 21, 33, 360, 2, 26, 174, 12889 }, // U+1EE4
    { 18, 27, 360, 3, 20, 122, 13063 }, // U+1EE5
    { 21, 36, 360, 2, 36, 189, 13185 }, // U+1EE6
    { 18, 30, 360, 3, 30, 135, 13374 }, // U+1EE7
    { 24, 36, 360, 2, 36, 216, 13509 }, // U+1EE8
    { 22, 30, 360, 3, 30, 165, 13725 }, // U+1EE9
    { 24, 36, 360, 2, 36, 216, 13890 }, // U+1EEA
    { 22, 30, 360, 3, 30, 165, 14106 }, // U+1EEB
    { 24, 36, 360, 2, 36, 216, 14271 }, // U+1EEC
    { 22, 30, 360, 3, 30, 165, 14487 }, // U+1EED
    { 24, 34, 360, 2, 34, 204, 14652 }, // U+1EEE
    { 22, 27, 360, 3, 27, 149, 14856 }, // U+1EEF
    { 24, 38, 360, 2, 31, 228, 15005 }, // U+1EF0
    { 22, 31, 360, 3, 24, 171, 15233 }, // U+1EF1
    { 22, 36, 360, 3, 36, 198, 15404 }, // U+1EF2
    { 20, 38, 360, 1, 30, 190, 15602 }, // U+1EF3
    { 22, 33, 360, 3, 26, 182, 15792 }, // U+1EF4
    { 20, 28, 360, 1, 20, 140, 15974 }, // U+1EF5
    { 22, 36, 360, 3, 36, 198, 16114 }, // U+1EF6
    { 20, 38, 360, 1, 30, 190, 16312 }, // U+1EF7
    { 22, 35, 360, 3, 35, 193, 16502 }, // U+1EF8
    { 20, 36, 360, 1, 28, 180, 16695 }, // U+1EF9
    { 19, 3, 360, 2, 13, 15, 0 }, // U+2013
    { 23, 3, 360, 0, 13, 18, 15 }, // U+2014
    { 10, 11, 360, 8, 28, 28, 33 }, // U+2018
    { 10, 11, 360, 9, 28, 28, 61 }, // U+2019
    { 9, 11, 360, 5, 6, 25, 89 }, // U+201A
    { 18, 11, 360, 4, 28, 50, 114 }, // U+201C
    { 18, 11, 360, 5, 28, 50, 164 }, // U+201D
    { 19, 11, 360, 1, 6, 53, 214 }, // U+201E
    { 19, 36, 360, 3, 28, 171, 267 }, // U+2020
    { 21, 36, 360, 1, 28, 189, 438 }, // U+2021
    { 11, 8, 360, 6, 15, 22, 627 }, // U+2022
    { 21, 5, 360, 0, 5, 27, 649 }, // U+2026
    { 21, 26, 360, 1, 26, 137, 676 }, // U+2030
    { 11, 17, 360, 6, 19, 47, 813 }, // U+2039
    { 11, 17, 360, 6, 19, 47, 860 }, // U+203A
    { 26, 26, 360, -1, 26, 169, 907 }, // U+2044
    { 12, 14, 360, 7, 26, 42, 0 }, // U+2070
    { 12, 14, 360, 7, 26, 42, 42 }, // U+2074
    { 12, 14, 360, 7, 26, 42, 84 }, // U+2075
    { 11, 14, 360, 7, 26, 39, 126 }, // U+2076
    { 12, 14, 360, 7, 26, 42, 165 }, // U+2077
    { 12, 14, 360, 7, 26, 42, 207 }, // U+2078
    { 11, 14, 360, 8, 26, 39, 249 }, // U+2079
    { 12, 14, 360, 5, 14, 42, 288 }, // U+2080
    { 11, 14, 360, 5, 14, 39, 330 }, // U+2081
    { 12, 14, 360, 4, 14, 42, 369 }, // U+2082
    { 12, 14, 360, 4, 14, 42, 411 }, // U+2083
    { 12, 14, 360, 5, 14, 42, 453 }, // U+2084
    { 12, 14, 360, 5, 14, 42, 495 }, // U+2085
    { 11, 14, 360, 5, 14, 39, 537 }, // U+2086
    { 12, 14, 360, 5, 14, 42, 576 }, // U+2087
    { 12, 14, 360, 5, 14, 42, 618 }, // U+2088
    { 12, 14, 360, 5, 14, 42, 660 }, // U+2089
    { 21, 36, 360, 2, 30, 189, 0 }, // U+20A1
    { 22, 26, 360, 0, 26, 143, 189 }, // U+20A4
    { 22, 26, 360, 1, 26, 143, 332 }, // U+20A6
    { 24, 26, 360, 0, 26, 156, 475 }, // U+20A8
    { 22, 26, 360, 1, 26, 143, 631 }, // U+20A9
    { 24, 26, 360, 0, 26, 156, 774 }, // U+20AA
    { 23, 28, 360, 1, 28, 161, 930 }, // U+20AB
    { 20, 26, 360, 2, 26, 130, 1091 }, // U+20AC
    { 23, 26, 360, 0, 26, 150, 1221 }, // U+20AD
    { 22, 26, 360, 3, 26, 143, 1371 }, // U+20AE
    { 23, 26, 360, 1, 26, 150, 1514 }, // U+20B1
    { 20, 35, 360, 2, 31, 175, 1664 }, // U+20B2
    { 22, 26, 360, 1, 26, 143, 1839 }, // U+20B4
    { 20, 35, 360, 2, 31, 175, 1982 }, // U+20B5
    { 21, 26, 360, 3, 26, 137, 2157 }, // U+20B8
    { 22, 26, 360, 2, 26, 143, 2294 }, // U+20B9
    { 20, 26, 360, 1, 26, 130, 2437 }, // U+20BA
    { 22, 26, 360, 1, 26, 143, 2567 }, // U+20BD
    { 20, 35, 360, 1, 31, 175, 2710 }, // U+20BF
    { 22, 16, 360, 0, 21, 88, 0 }, // U+2190
    { 17, 27, 360, 3, 27, 115, 88 }, // U+2191
    { 21, 16, 360, 1, 21, 84, 203 }, // U+2192
    { 17, 27, 360, 3, 26, 115, 287 }, // U+2193
    { 23, 16, 360, 0, 21, 92, 402 }, // U+2194
    { 17, 28, 360, 3, 27, 119, 494 }, // U+2195
    { 20, 20, 360, 2, 23, 100, 613 }, // U+2196
    { 20, 20, 360, 1, 24, 100, 713 }, // U+2197
    { 20, 20, 360, 1, 24, 100, 813 }, // U+2198
    { 20, 20, 360, 2, 24, 100, 913 }, // U+2199
    { 22, 21, 360, 0, 23, 116, 1013 }, // U+21A9
    { 22, 21, 360, 0, 23, 116, 1129 }, // U+21AA
    { 19, 26, 360, 1, 26, 124, 1245 }, // U+21B0
    { 18, 26, 360, 3, 26, 117, 1369 }, // U+21B1
    { 19, 27, 360, 1, 27, 129, 1486 }, // U+21B2
    { 18, 27, 360, 3, 27, 122, 1615 }, // U+21B3
    { 23, 24, 360, 0, 25, 138, 1737 }, // U+21B6
    { 23, 24, 360, 0, 25, 138, 1875 }, // U+21B7
    { 22, 27, 360, 0, 27, 149, 2013 }, // U+21BA
    { 22, 27, 360, 0, 27, 149, 2162 }, // U+21BB
    { 22, 28, 360, 0, 27, 154, 2311 }, // U+21C4
    { 22, 28, 360, 0, 27, 154, 2465 }, // U+21C6
    { 19, 27, 360, 2, 27, 129, 0 }, // U+2202
    { 20, 26, 360, 0, 26, 130, 129 }, // U+2206
    { 22, 27, 360, 1, 26, 149, 259 }, // U+220F
    { 24, 34, 360, -1, 27, 204, 408 }, // U+2211
    { 19, 3, 360, 2, 13, 15, 612 }, // U+2212
    { 23, 26, 360, 2, 26, 150, 627 }, // U+221A
    { 23, 14, 360, 0, 19, 81, 777 }, // U+221E
    { 26, 36, 360, -2, 28, 234, 858 }, // U+222B
    { 21, 13, 360, 1, 18, 69, 1092 }, // U+2248
    { 21, 18, 360, 1, 21, 95, 1161 }, // U+2260
    { 21, 23, 360, 1, 23, 121, 1256 }, // U+2264
    { 20, 23, 360, 1, 23, 115, 1377 }, // U+2265
    { 21, 28, 360, 2, 28, 147, 0 }, // U+FB01
    { 20, 28, 360, 2, 28, 140, 147 }, // U+FB02
};

static const EpdUnicodeInterval notoserif_18_italicIntervals[] = {
    { 0x20, 0x7E, 0x0 },
    { 0xA0, 0xA3, 0x5F },
    { 0xA5, 0x17E, 0x63 },
    { 0x1A0, 0x1A1, 0x13D },
    { 0x1AF, 0x1B0, 0x13F },
    { 0x1FA, 0x1FF, 0x141 },
    { 0x218, 0x21B, 0x147 },
    { 0x300, 0x304, 0x14B },
    { 0x306, 0x30C, 0x150 },
    { 0x312, 0x312, 0x157 },
    { 0x315, 0x315, 0x158 },
    { 0x31B, 0x31B, 0x159 },
    { 0x323, 0x323, 0x15A },
    { 0x326, 0x328, 0x15B },
    { 0x400, 0x45F, 0x15E },
    { 0x472, 0x473, 0x1BE },
    { 0x490, 0x49D, 0x1C0 },
    { 0x4A0, 0x4A5, 0x1CE },
    { 0x4AA, 0x4AB, 0x1D4 },
    { 0x4AE, 0x4B3, 0x1D6 },
    { 0x4B6, 0x4BB, 0x1DC },
    { 0x4C0, 0x4C2, 0x1E2 },
    { 0x4CF, 0x4D9, 0x1E5 },
    { 0x4DC, 0x4DF, 0x1F0 },
    { 0x4E2, 0x4E9, 0x1F4 },
    { 0x4EE, 0x4F5, 0x1FC },
    { 0x4F8, 0x4F9, 0x204 },
    { 0x1EA0, 0x1EF9, 0x206 },
    { 0x2013, 0x2014, 0x260 },
    { 0x2018, 0x201A, 0x262 },
    { 0x201C, 0x201E, 0x265 },
    { 0x2020, 0x2022, 0x268 },
    { 0x2026, 0x2026, 0x26B },
    { 0x2030, 0x2030, 0x26C },
    { 0x2039, 0x203A, 0x26D },
    { 0x2044, 0x2044, 0x26F },
    { 0x2070, 0x2070, 0x270 },
    { 0x2074, 0x2079, 0x271 },
    { 0x2080, 0x2089, 0x277 },
    { 0x20A1, 0x20A1, 0x281 },
    { 0x20A4, 0x20A4, 0x282 },
    { 0x20A6, 0x20A6, 0x283 },
    { 0x20A8, 0x20AE, 0x284 },
    { 0x20B1, 0x20B2, 0x28B },
    { 0x20B4, 0x20B5, 0x28D },
    { 0x20B8, 0x20BA, 0x28F },
    { 0x20BD, 0x20BD, 0x292 },
    { 0x20BF, 0x20BF, 0x293 },
    { 0x2190, 0x2199, 0x294 },
    { 0x21A9, 0x21AA, 0x29E },
    { 0x21B0, 0x21B3, 0x2A0 },
    { 0x21B6, 0x21B7, 0x2A4 },
    { 0x21BA, 0x21BB, 0x2A6 },
    { 0x21C4, 0x21C4, 0x2A8 },
    { 0x21C6, 0x21C6, 0x2A9 },
    { 0x2202, 0x2202, 0x2AA },
    { 0x2206, 0x2206, 0x2AB },
    { 0x220F, 0x220F, 0x2AC },
    { 0x2211, 0x2212, 0x2AD },
    { 0x221A, 0x221A, 0x2AF },
    { 0x221E, 0x221E, 0x2B0 },
    { 0x222B, 0x222B, 0x2B1 },
    { 0x2248, 0x2248, 0x2B2 },
    { 0x2260, 0x2260, 0x2B3 },
    { 0x2264, 0x2265, 0x2B4 },
    { 0xFB01, 0xFB02, 0x2B6 },
};

static const EpdFontGroup notoserif_18_italicGroups[] = {
    { 0, 4734, 11881, 95, 0 },
    { 4734, 3805, 13581, 95, 95 },
    { 8539, 4988, 21977, 127, 190 },
    { 13527, 1161, 2683, 14, 317 },
    { 14688, 267, 364, 19, 331 },
    { 14955, 7444, 25383, 168, 350 },
    { 22399, 2841, 17967, 90, 518 },
    { 25240, 520, 1187, 16, 608 },
    { 25760, 415, 714, 17, 624 },
    { 26175, 1558, 3041, 19, 641 },
    { 27733, 871, 2828, 22, 660 },
    { 28604, 683, 1577, 12, 682 },
    { 29287, 163, 308, 2, 694 },
};

static const EpdFontData notoserif_18_italic = {
    notoserif_18_italicBitmaps,
    notoserif_18_italicGlyphs,
    notoserif_18_italicIntervals,
    66,
    49,
    39,
    -11,
    true,
    notoserif_18_italicGroups,
    13,
    nullptr,
    nullptr,
    nullptr,
    nullptr,
    nullptr,
    nullptr,
    nullptr,
    nullptr,
    nullptr,
    nullptr,
    nullptr,
    0,
    0,
    0,
    0,
    nullptr,
    0,
};
