/**
 * generated by fontconvert.py
 * name: notoserif_14_italic
 * size: 14
 * mode: 2-bit  compressed: true
 * Command used: fontconvert.py notoserif_14_italic 14 ../builtinFonts/source/iAWriterMonoS/iAWriterMonoS-Italic.ttf --2bit --compress --pnum --zopfli
 */
#pragma once
#include "EpdFontData.h"

static const uint8_t notoserif_14_italicBitmaps[21342] = {
    0xA5, 0x99, 0x01, 0xC4, 0x2C, 0x59, 0x76, 0xC7, 0x7F, 0x75, 0xEF, 0xEE, 0xBB, 0x2F, 0xAF, 0x64,
    0xEE, 0x22, 0x58, 0x26, 0xF9, 0x0A, 0x82, 0x90, 0xD7, 0x5D, 0x10, 0xF2, 0x50, 0x55, 0x5D, 0x6F,
    0x07, 0x41, 0xB0, 0x0B, 0x00, 0x24, 0x08, 0x80, 0x7D, 0xF0, 0xD0, 0x36, 0xF5, 0xA6, 0x6B, 0x0C,
    0x16, 0x0B, 0x0F, 0x00, 0xD8, 0x05, 0x00, 0x49, 0xF0, 0xA1, 0xB3, 0xFA, 0xBD, 0xBE, 0xBB, 0x8B,
    0xC5, 0x60, 0x2A, 0x59, 0xB1, 0x58, 0x76, 0xEE, 0xCA, 0xB0, 0x10, 0xBB, 0x77, 0x66, 0x2B, 0x3B,
    0x35, 0x99, 0xEE, 0xBE, 0xA9, 0xA3, 0xBA, 0xCB, 0xD7, 0xE6, 0xCD, 0xDB, 0x8C, 0x54, 0xF5, 0xFF,
    0xFF, 0x69, 0x7D, 0xEB, 0xDE, 0x73, 0xCE, 0x3D, 0xF7, 0xDC, 0x7F, 0xDD, 0x8F, 0x86, 0x1D, 0x3B,
    0x06, 0x7A, 0xFA, 0x24, 0x8C, 0xB7, 0x57, 0x9D, 0x72, 0xAA, 0x55, 0xB5, 0x02, 0x00, 0x56, 0x6E,
    0xBC, 0xDB, 0x4D, 0xBD, 0x4C, 0xDB, 0x32, 0xAD, 0x0B, 0x3B, 0x7E, 0x68, 0x2C, 0xEB, 0x8C, 0xED,
    0x92, 0x7E, 0x01, 0xF2, 0x0D, 0xB6, 0x42, 0x61, 0x09, 0x49, 0x28, 0x40, 0x75, 0x0D, 0x68, 0x77,
    0x8B, 0x89, 0x31, 0x86, 0x54, 0x08, 0xAB, 0x3A, 0xC8, 0xB4, 0x83, 0x85, 0x71, 0x50, 0xA4, 0x35,
    0x9B, 0x18, 0x23, 0x7B, 0xA1, 0x3B, 0x8F, 0x7A, 0x79, 0xD4, 0x6D, 0x85, 0x7A, 0x48, 0xDB, 0x00,
    0xF6, 0x1B, 0x1E, 0x20, 0x9D, 0xC9, 0x5E, 0xE8, 0x5E, 0x7C, 0x0E, 0x79, 0x3C, 0x40, 0xFC, 0xF6,
    0xBE, 0x4E, 0xFA, 0x87, 0xD6, 0xE9, 0xF0, 0x50, 0xA1, 0xBB, 0x82, 0x91, 0x1E, 0x81, 0x0E, 0x7F,
    0x05, 0xC9, 0xE1, 0x29, 0xB0, 0x1F, 0x80, 0x2C, 0x76, 0x40, 0xEC, 0x81, 0x5F, 0x1D, 0x80, 0xAE,
    0x84, 0xA4, 0xAB, 0x40, 0xB9, 0x92, 0xFB, 0xCA, 0x3D, 0xA3, 0xD2, 0xEE, 0x40, 0xFE, 0xB3, 0xEF,
    0x06, 0xB1, 0xDE, 0xC1, 0xFE, 0xD3, 0xCF, 0x8F, 0xFD, 0xA6, 0x27, 0x83, 0xCD, 0x81, 0x02, 0x09,
    0x42, 0x8F, 0xEA, 0xDE, 0x48, 0x3C, 0xDA, 0xDD, 0x68, 0x27, 0x6C, 0x19, 0xB9, 0x58, 0x88, 0x0D,
    0xBB, 0x35, 0x24, 0x31, 0x7C, 0x0B, 0xD8, 0xB4, 0x00, 0x24, 0x27, 0xE0, 0xAB, 0x26, 0x3A, 0xB0,
    0xF6, 0xAD, 0x0E, 0xCA, 0x45, 0xE2, 0x61, 0x5D, 0x08, 0x87, 0x42, 0x75, 0x62, 0xF9, 0xC8, 0xA6,
    0x7D, 0xA4, 0x1D, 0x96, 0x32, 0x6B, 0x59, 0x90, 0x9F, 0x60, 0x8D, 0xE9, 0x01, 0x75, 0xAA, 0xC1,
    0x8A, 0x23, 0xAB, 0xB7, 0x02, 0x34, 0xF4, 0xB0, 0xBD, 0xA6, 0x86, 0x00, 0xA5, 0xF6, 0x90, 0xDB,
    0x16, 0x13, 0x8F, 0x90, 0xA7, 0x0E, 0x0A, 0xDD, 0xC1, 0x56, 0x05, 0x18, 0xE8, 0xA1, 0x67, 0x97,
    0xD4, 0x03, 0x2F, 0xB5, 0xDB, 0xF1, 0x81, 0xAD, 0xDF, 0x36, 0xEF, 0x7F, 0x9F, 0x3C, 0x9A, 0x03,
    0x66, 0x50, 0x3D, 0x96, 0x8C, 0x1B, 0x96, 0x94, 0x14, 0x72, 0x43, 0xD2, 0x63, 0x1C, 0x19, 0x34,
    0x10, 0x50, 0x62, 0x22, 0x16, 0xDE, 0x80, 0x05, 0x14, 0xD0, 0xC0, 0x16, 0x7A, 0x08, 0xD7, 0x9F,
    0x5B, 0x78, 0x0A, 0x85, 0x7C, 0xC8, 0xC0, 0xD6, 0x68, 0x47, 0x22, 0x16, 0x82, 0x45, 0xFA, 0x54,
    0xDD, 0xA5, 0xED, 0x1A, 0x8A, 0xEB, 0xCF, 0xDC, 0xF1, 0x2D, 0x04, 0x12, 0x8F, 0x44, 0xC8, 0x91,
    0xD6, 0xDC, 0x40, 0x01, 0x3D, 0xBA, 0xC3, 0xB6, 0x94, 0x00, 0x61, 0x42, 0x22, 0xF0, 0x48, 0xD3,
    0xEA, 0xAD, 0x6E, 0xB7, 0xFA, 0xEC, 0xB7, 0x07, 0x15, 0x63, 0x4B, 0xE6, 0x21, 0x0F, 0xB0, 0xEB,
    0x49, 0x42, 0x83, 0xE9, 0x4A, 0x6C, 0x9D, 0x71, 0x8F, 0xFB, 0xC0, 0xDF, 0x5F, 0x3F, 0xAF, 0xA6,
    0xE7, 0xA5, 0xF7, 0x55, 0x8C, 0x07, 0x81, 0x98, 0x4A, 0xDA, 0x22, 0x83, 0x63, 0x05, 0x4C, 0xF8,
    0x2A, 0xA8, 0x1F, 0x98, 0x60, 0xBD, 0x75, 0x59, 0xBD, 0xA2, 0x9C, 0x26, 0x05, 0x56, 0xD1, 0x6D,
    0xA2, 0xBB, 0x2C, 0x22, 0x40, 0x3B, 0xA6, 0x1E, 0xB0, 0x00, 0x0B, 0x80, 0x02, 0xE0, 0x96, 0x69,
    0x54, 0x19, 0x0E, 0x8C, 0xBB, 0xB4, 0xB8, 0x99, 0x5B, 0xAC, 0x01, 0x02, 0x62, 0xD8, 0xDC, 0x51,
    0xFD, 0xF9, 0x8E, 0xFA, 0xB9, 0x23, 0x07, 0x98, 0xF6, 0xF3, 0x1D, 0xA1, 0x62, 0x4D, 0x1E, 0x03,
    0x2F, 0x93, 0x21, 0xE9, 0x69, 0x74, 0x47, 0x99, 0x3A, 0x96, 0xB6, 0x66, 0x99, 0x41, 0x95, 0x69,
    0x5F, 0xE5, 0x26, 0x94, 0x55, 0x1A, 0xCA, 0xD2, 0x74, 0x4D, 0x09, 0xBB, 0x02, 0xB6, 0x23, 0xFA,
    0x82, 0x24, 0x94, 0xE8, 0x2E, 0xC7, 0x3A, 0xDB, 0x6E, 0x30, 0xF1, 0x40, 0xB2, 0xEF, 0xA4, 0x4F,
    0x48, 0x4F, 0xB0, 0x7A, 0x06, 0x87, 0x12, 0x13, 0x0A, 0x6C, 0xDB, 0x70, 0x8F, 0x1D, 0xB0, 0x05,
    0xFA, 0x09, 0x73, 0x74, 0x05, 0x1E, 0xB4, 0xA0, 0x1B, 0xE1, 0x98, 0xA2, 0xEB, 0xA4, 0x24, 0x04,
    0x01, 0x2A, 0xB6, 0x90, 0xC5, 0x01, 0x36, 0x8F, 0x8F, 0x30, 0xB0, 0x92, 0xC7, 0x72, 0x78, 0x4E,
    0x06, 0x90, 0x03, 0x54, 0x00, 0xCF, 0x00, 0x0E, 0x80, 0x0E, 0x80, 0x75, 0xC0, 0x06, 0x50, 0x03,
    0x90, 0x7A, 0x60, 0x55, 0x43, 0x72, 0xB8, 0x7C, 0xCB, 0x6B, 0x90, 0x49, 0x1D, 0x84, 0x7A, 0x48,
    0xE2, 0x73, 0x19, 0xE8, 0x20, 0x03, 0xBD, 0x9C, 0x06, 0xE2, 0x6B, 0xE4, 0xD7, 0x63, 0xEC, 0x00,
    0x13, 0xC0, 0xC6, 0x5A, 0xA8, 0x3D, 0x7F, 0x85, 0x1E, 0x60, 0xB8, 0x34, 0x61, 0xE0, 0x3E, 0x49,
    0x4F, 0x85, 0x0E, 0xE4, 0xCF, 0x33, 0x47, 0x1A, 0x23, 0x24, 0xFB, 0x0F, 0x01, 0x38, 0x02, 0x5A,
    0x28, 0x3D, 0x00, 0x59, 0x03, 0x34, 0x42, 0xFD, 0x16, 0xB4, 0xEF, 0x21, 0x75, 0x3D, 0x64, 0x04,
    0x28, 0x93, 0x00, 0xFD, 0x48, 0xCA, 0x2B, 0x8F, 0x71, 0xBA, 0x23, 0x63, 0xA4, 0x12, 0xED, 0xA6,
    0xE2, 0x29, 0x34, 0xE7, 0x93, 0x90, 0xAD, 0x85, 0x80, 0x4D, 0x3C, 0xB1, 0x8F, 0x47, 0x02, 0x30,
    0xAF, 0x85, 0x3B, 0x91, 0xFE, 0xE9, 0x09, 0xF3, 0xCF, 0xD1, 0xA5, 0x3E, 0x0D, 0xF7, 0x6A, 0x25,
    0x2D, 0x7A, 0xE0, 0x8C, 0x24, 0x7C, 0x05, 0xED, 0x9F, 0x91, 0xBA, 0x55, 0xFB, 0xA4, 0xB6, 0xF1,
    0x48, 0xB2, 0xF7, 0x40, 0xE6, 0xE0, 0x25, 0xE8, 0x7E, 0x0A, 0xF1, 0x0A, 0xD8, 0x49, 0x6B, 0xB1,
    0x1C, 0xD2, 0xB1, 0x4F, 0xFB, 0x24, 0x76, 0xD9, 0x6D, 0x1A, 0x56, 0x6D, 0xD2, 0xAF, 0x60, 0x28,
    0x05, 0x53, 0xDA, 0xF4, 0x25, 0x2A, 0x54, 0x98, 0x2E, 0x7B, 0xFE, 0xA4, 0x35, 0xE7, 0x3E, 0x25,
    0xFC, 0x82, 0x06, 0x15, 0xB6, 0xE8, 0xEE, 0x16, 0x71, 0x3F, 0xAB, 0xA1, 0x02, 0x1A, 0x60, 0x00,
    0x15, 0x26, 0xC3, 0x53, 0x07, 0xF2, 0xD3, 0xEA, 0xF5, 0x3F, 0x71, 0x2F, 0xB6, 0xAC, 0x62, 0xCF,
    0x31, 0x39, 0xE8, 0x40, 0x65, 0xDC, 0x8C, 0x42, 0x3B, 0x06, 0xD5, 0x1B, 0xCF, 0x26, 0xD6, 0xEC,
    0x63, 0x3D, 0xFA, 0xEF, 0xF3, 0x69, 0xE7, 0xE9, 0x77, 0x30, 0x0C, 0xD0, 0x1F, 0x48, 0xFA, 0x1D,
    0x3A, 0x8C, 0xBE, 0xBB, 0x2C, 0x9E, 0x50, 0xD1, 0x43, 0xF6, 0x29, 0x49, 0x8C, 0xAD, 0xF9, 0x30,
    0xED, 0x6C, 0xAB, 0x42, 0x0E, 0x41, 0xFC, 0x6A, 0x10, 0x24, 0x23, 0x74, 0xA8, 0x48, 0xE5, 0x19,
    0x6F, 0xE3, 0xAF, 0x9D, 0x8A, 0xDF, 0x6C, 0x21, 0x03, 0x2A, 0xE0, 0x00, 0x3A, 0xCC, 0x31, 0x4B,
    0x06, 0x48, 0x3B, 0xD0, 0x07, 0x3D, 0x98, 0xC1, 0xF4, 0x70, 0x7D, 0xCD, 0xD5, 0x22, 0x72, 0x4A,
    0x4E, 0xC9, 0x91, 0xAB, 0xEB, 0x95, 0x65, 0x06, 0xE0, 0xCF, 0x41, 0xF5, 0x90, 0x7B, 0xD4, 0x09,
    0x32, 0x4F, 0x32, 0xFD, 0x41, 0x52, 0xFF, 0x19, 0xB0, 0x6A, 0x41, 0x46, 0xE3, 0x25, 0x90, 0x75,
    0xA0, 0x0E, 0xC0, 0x06, 0x48, 0xB9, 0x5C, 0x59, 0x8C, 0x47, 0x01, 0xD7, 0x97, 0x24, 0x5A, 0x2F,
    0x00, 0xD0, 0xF5, 0xE4, 0x8E, 0xF4, 0x4F, 0x2E, 0x8E, 0x0C, 0xC0, 0xA6, 0x86, 0xD4, 0x4F, 0x79,
    0xA4, 0x02, 0xF2, 0x83, 0xD8, 0x91, 0xCF, 0x76, 0x20, 0x2D, 0x9E, 0x02, 0x00, 0x3C, 0xE9, 0xD1,
    0x31, 0x62, 0xBB, 0xBC, 0xCD, 0x49, 0x5D, 0x89, 0x71, 0xF7, 0x2F, 0xEB, 0x1F, 0xDB, 0xC2, 0x0A,
    0xEE, 0x1D, 0x41, 0xF2, 0xEE, 0x05, 0x73, 0xE5, 0xE0, 0x07, 0xCC, 0x97, 0xF8, 0x92, 0x06, 0xB0,
    0x67, 0x60, 0x4E, 0x35, 0xAB, 0xE8, 0x39, 0x26, 0x83, 0x0A, 0xC8, 0x5C, 0x97, 0xA6, 0x7D, 0xB9,
    0xB0, 0xDF, 0x88, 0x2F, 0xAC, 0xE9, 0x76, 0x99, 0x6D, 0x9B, 0xA5, 0xA5, 0x59, 0x64, 0xAC, 0xCB,
    0x25, 0xB7, 0xC5, 0x92, 0xBE, 0x58, 0x10, 0x9A, 0xA5, 0x0A, 0xEB, 0xEC, 0x41, 0x58, 0xDB, 0xA3,
    0x5F, 0x9B, 0x8F, 0x9E, 0x17, 0x80, 0x60, 0x09, 0xD8, 0xE7, 0x48, 0x89, 0x83, 0xFD, 0x08, 0x00,
    0xAC, 0x07, 0xB2, 0x00, 0x54, 0x42, 0x85, 0xD0, 0xAD, 0x50, 0x10, 0xC7, 0x7D, 0x7F, 0x56, 0x2F,
    0x69, 0x3B, 0x92, 0xAD, 0x1B, 0xC8, 0x18, 0xA9, 0x9C, 0x76, 0xB1, 0x12, 0xA2, 0x64, 0x7E, 0x94,
    0xB4, 0x0A, 0x54, 0xE8, 0x0E, 0x71, 0x7F, 0x24, 0x5B, 0x93, 0x91, 0x43, 0x46, 0x25, 0x0F, 0x4A,
    0xB2, 0x8D, 0x08, 0xCA, 0x27, 0x83, 0xF6, 0x52, 0xA3, 0x47, 0x38, 0x1A, 0xE3, 0xD8, 0x8D, 0x18,
    0xD2, 0xD6, 0x78, 0x1B, 0x63, 0x2D, 0xB0, 0xB5, 0xF1, 0x19, 0x49, 0xC8, 0xA0, 0xCF, 0x47, 0x54,
    0x23, 0xCA, 0xA9, 0x4E, 0xFB, 0x86, 0xCC, 0x6D, 0xA2, 0xC8, 0xAC, 0x5E, 0x02, 0x04, 0xAB, 0xD8,
    0x25, 0x47, 0x13, 0xB4, 0x67, 0x48, 0x1D, 0x8D, 0xAD, 0x21, 0x07, 0x2A, 0xA0, 0x64, 0x4A, 0x94,
    0x06, 0xD8, 0x9D, 0xB1, 0x3D, 0x63, 0x87, 0x6A, 0x1B, 0x8C, 0xAB, 0xB0, 0x6D, 0xDE, 0x6E, 0xB0,
    0xF1, 0x30, 0x55, 0xCD, 0x78, 0x1A, 0x31, 0xF6, 0x19, 0x4C, 0x50, 0x81, 0x83, 0x12, 0x5B, 0x3D,
    0xA5, 0xEE, 0x46, 0xC8, 0x04, 0x8C, 0x48, 0x05, 0x2D, 0xCF, 0x6C, 0x2B, 0xE3, 0xB1, 0xB3, 0x30,
    0x4C, 0xB6, 0xAA, 0xB0, 0x44, 0xFB, 0x0A, 0xEB, 0x4A, 0x36, 0xAC, 0xE2, 0x81, 0x4D, 0x7C, 0x2E,
    0xE1, 0x89, 0x13, 0xA9, 0x00, 0x68, 0x2F, 0xD4, 0xCD, 0x3B, 0xDA, 0x4C, 0x53, 0xD9, 0x8B, 0xB1,
    0x17, 0x0A, 0x73, 0xED, 0xE3, 0xCE, 0xE6, 0xB0, 0x04, 0x28, 0x67, 0x2A, 0xCE, 0xB9, 0xEC, 0xD8,
    0x0B, 0xC9, 0x18, 0x75, 0x22, 0xF4, 0x7F, 0x1B, 0x28, 0x7C, 0xB9, 0x81, 0x9A, 0x79, 0x4B, 0x90,
    0x9D, 0x6C, 0xDA, 0x71, 0x1F, 0x1F, 0x92, 0x5E, 0x84, 0x19, 0x0B, 0x73, 0x4E, 0x74, 0xE9, 0x2D,
    0xE3, 0x32, 0x0B, 0x71, 0x18, 0xD1, 0x97, 0x20, 0x08, 0x32, 0x8B, 0x53, 0xD9, 0xD4, 0x3E, 0xC7,
    0x7A, 0xDB, 0x6D, 0x3A, 0x13, 0x7F, 0xE7, 0x92, 0xFD, 0xBB, 0x4E, 0x05, 0x2C, 0xCA, 0x93, 0x89,
    0xDD, 0xB9, 0xD8, 0xBD, 0x44, 0x3B, 0x2A, 0x24, 0xE4, 0xA4, 0x8E, 0x42, 0xEC, 0x6E, 0x64, 0x8C,
    0x9D, 0xD8, 0x3D, 0x4C, 0x94, 0x41, 0x2F, 0x14, 0x58, 0x92, 0x04, 0x2A, 0x54, 0xA0, 0x14, 0x2A,
    0x90, 0x3C, 0x43, 0x77, 0x13, 0xED, 0x90, 0x34, 0x13, 0x9A, 0x66, 0x42, 0x08, 0xB6, 0xF3, 0x56,
    0xD7, 0x03, 0x04, 0x20, 0x11, 0x52, 0x41, 0xC8, 0xBF, 0x3E, 0x88, 0xD7, 0x9B, 0x94, 0x50, 0x06,
    0xEC, 0xE7, 0xE9, 0x90, 0x04, 0x10, 0x9C, 0xC7, 0x19, 0xAE, 0x05, 0x43, 0xF2, 0x6A, 0xC1, 0x30,
    0x4B, 0x32, 0xDB, 0x16, 0xD8, 0xBA, 0x22, 0x27, 0x7F, 0xFC, 0x02, 0x1B, 0x07, 0xC9, 0x4F, 0x79,
    0x2A, 0xED, 0x44, 0x34, 0xD4, 0xCA, 0xF3, 0x02, 0xDD, 0xA9, 0x7E, 0xA4, 0x54, 0x14, 0x64, 0xDE,
    0x62, 0xDC, 0xDB, 0x90, 0xFE, 0x68, 0x18, 0xE9, 0xBB, 0x1E, 0xEC, 0xF7, 0x3B, 0xB0, 0xFB, 0x00,
    0xF6, 0x18, 0x20, 0xF3, 0x03, 0xE4, 0x6D, 0x33, 0x12, 0x15, 0x48, 0xD7, 0x88, 0x5E, 0x94, 0xC8,
    0x3A, 0x44, 0x3D, 0x22, 0xFB, 0x04, 0x5B, 0x92, 0x70, 0xAD, 0x69, 0x3A, 0xAE, 0x35, 0xCD, 0x6C,
    0xE2, 0xAC, 0x1A, 0xE7, 0x29, 0x5F, 0xDE, 0x59, 0x7C, 0x05, 0xD0, 0x4C, 0x19, 0xDA, 0x8E, 0x11,
    0xA9, 0x39, 0x90, 0x7A, 0x8E, 0xD8, 0x8E, 0x13, 0x2B, 0x97, 0x44, 0x36, 0x4E, 0xFD, 0x96, 0xCF,
    0x9C, 0xFA, 0xC5, 0xE3, 0x5F, 0x3B, 0xFD, 0xF3, 0x77, 0xDF, 0x6B, 0xF5, 0x4F, 0xDE, 0xFB, 0x5E,
    0xAD, 0x7F, 0xF2, 0xBE, 0xAD, 0xCD, 0x8F, 0x8F, 0x96, 0xF4, 0x9D, 0xC3, 0x48, 0x75, 0x9F, 0x61,
    0x6B, 0xBF, 0xC4, 0xD2, 0x2E, 0xB0, 0x50, 0x92, 0x41, 0xC1, 0xF2, 0x4C, 0x0D, 0x25, 0x6C, 0x29,
    0xE0, 0x56, 0xA8, 0x47, 0x1D, 0xB0, 0xA8, 0x23, 0x16, 0x7D, 0x22, 0x43, 0x47, 0xC9, 0xA5, 0x0F,
    0x46, 0x32, 0xEF, 0x4B, 0x2E, 0xBD, 0x5F, 0x17, 0xA4, 0xDF, 0x93, 0xF8, 0xFE, 0x8D, 0x6B, 0xB0,
    0x6F, 0xB9, 0x35, 0x56, 0x77, 0x5B, 0x32, 0xD5, 0xF5, 0x64, 0x89, 0x0F, 0x2C, 0x93, 0x10, 0x28,
    0xF9, 0x48, 0xE8, 0xBF, 0x03, 0x05, 0x3F, 0xF4, 0x34, 0x6C, 0xBA, 0x91, 0x56, 0x1D, 0x5B, 0x56,
    0x8E, 0x9E, 0xDC, 0x7D, 0x91, 0xF4, 0xAC, 0x6C, 0x4B, 0x95, 0x41, 0x95, 0x4F, 0x28, 0xAB, 0x11,
    0x25, 0x34, 0x23, 0x76, 0x23, 0x86, 0xD7, 0x48, 0x4F, 0xC9, 0x4F, 0x2F, 0x74, 0x40, 0x05, 0x5E,
    0xCE, 0xAB, 0x21, 0x9B, 0xC8, 0x38, 0x72, 0xA1, 0x8A, 0xD4, 0xF1, 0x0C, 0xDB, 0xAA, 0xE1, 0xB2,
    0x94, 0x4F, 0xF5, 0x97, 0x5E, 0xC5, 0xD7, 0xC6, 0x7B, 0x4A, 0x73, 0x36, 0xDE, 0xD6, 0xE2, 0xC0,
    0x6C, 0xBC, 0xA0, 0xB9, 0x38, 0x50, 0x4C, 0x0E, 0x84, 0x8B, 0x00, 0xCA, 0xB1, 0xAD, 0xFD, 0x8F,
    0xFD, 0x79, 0x63, 0x79, 0x0E, 0xB6, 0xFD, 0x1A, 0x12, 0x4F, 0xF5, 0x71, 0x80, 0xE8, 0xA0, 0x02,
    0xF8, 0xD2, 0x8E, 0x1D, 0xE6, 0x1A, 0x55, 0x63, 0x93, 0x00, 0x19, 0x92, 0xC0, 0x34, 0xB0, 0xA4,
    0x84, 0x92, 0x7C, 0x4E, 0x05, 0xA9, 0xC5, 0xF2, 0xE0, 0x4E, 0x3A, 0x43, 0xC5, 0x0E, 0xF2, 0x78,
    0x84, 0x97, 0xF5, 0xA6, 0x4E, 0x7A, 0xE9, 0x2D, 0x90, 0xC8, 0x90, 0x9C, 0x29, 0x00, 0xC9, 0x11,
    0x2E, 0x2F, 0xC4, 0xF2, 0x04, 0x6F, 0x0E, 0x00, 0x07, 0x80, 0xF2, 0x0E, 0xDD, 0x47, 0xE6, 0x1D,
    0x06, 0x32, 0x9F, 0x5E, 0xDE, 0xA3, 0x9F, 0x7C, 0x8A, 0xC8, 0xBD, 0xE8, 0x36, 0x23, 0xB5, 0x5F,
    0x5C, 0x2C, 0x52, 0xF7, 0x6A, 0x45, 0x4B, 0x36, 0xD3, 0x12, 0xA0, 0xBA, 0x1E, 0xB5, 0xB9, 0x9A,
    0x2B, 0x29, 0x7F, 0xF3, 0x76, 0x53, 0xB3, 0xCD, 0xE6, 0x2D, 0x87, 0xB0, 0x9C, 0x8A, 0xAA, 0xC0,
    0x4B, 0xD1, 0x93, 0x72, 0xB7, 0x93, 0x5D, 0x1B, 0xE3, 0x06, 0xD2, 0x11, 0xB6, 0x1D, 0x51, 0xEF,
    0x58, 0xF1, 0xF6, 0xE3, 0x23, 0x79, 0xEC, 0xE5, 0xA0, 0x81, 0x01, 0xCA, 0x2D, 0xEC, 0x26, 0xCD,
    0xA7, 0x82, 0x3C, 0x5B, 0x60, 0x9C, 0x04, 0x53, 0xA2, 0xBA, 0x60, 0x29, 0x71, 0xE6, 0x86, 0x1D,
    0x19, 0xBD, 0x4C, 0x81, 0x2C, 0x13, 0xAC, 0x71, 0xD8, 0xBF, 0x6D, 0x49, 0xBF, 0x09, 0xE9, 0x3F,
    0x81, 0x39, 0x08, 0xCE, 0x32, 0x1A, 0x54, 0x67, 0xC5, 0xFD, 0x0B, 0x99, 0x36, 0x13, 0xF7, 0x6F,
    0x54, 0x6F, 0xEB, 0x1B, 0xDD, 0x5B, 0x96, 0xA6, 0xCF, 0x58, 0xA4, 0xB7, 0x4B, 0x16, 0xF6, 0x69,
    0x49, 0x79, 0xB3, 0x2E, 0x28, 0x1E, 0xAE, 0x1B, 0x8A, 0xE2, 0xD1, 0x9A, 0xE2, 0xE9, 0xA3, 0x5B,
    0x8A, 0xF0, 0x28, 0x8C, 0x54, 0x04, 0xBE, 0xD3, 0x95, 0x9E, 0x7F, 0x74, 0x55, 0xC7, 0xA6, 0x5D,
    0x39, 0xF6, 0xB5, 0x10, 0xAB, 0x16, 0x1A, 0x78, 0x46, 0x05, 0x03, 0x39, 0x3A, 0x60, 0xEB, 0xD4,
    0x91, 0xBA, 0xAC, 0x46, 0x77, 0x15, 0xA8, 0x30, 0x00, 0x92, 0x7E, 0x44, 0x77, 0x56, 0x73, 0xAC,
    0x00, 0xE2, 0xB4, 0x7B, 0x89, 0xBC, 0x77, 0x90, 0xBD, 0xE5, 0xA1, 0x4A, 0x02, 0x1C, 0xE8, 0x51,
    0x81, 0x1D, 0xA6, 0xA3, 0x24, 0xAB, 0xC9, 0x27, 0xE1, 0x52, 0x82, 0x75, 0x15, 0xE4, 0x64, 0x48,
    0x5A, 0xD6, 0x48, 0x4C, 0x75, 0x40, 0xBB, 0xD4, 0xA1, 0xBD, 0xAD, 0x49, 0x42, 0xC5, 0xA4, 0xB7,
    0xF9, 0xD7, 0x1E, 0xD8, 0x78, 0x60, 0xE5, 0x80, 0xFC, 0x7A, 0x39, 0xBE, 0x76, 0x8A, 0x89, 0xB2,
    0x3C, 0x84, 0x2E, 0x49, 0x93, 0xD7, 0xC8, 0x90, 0x90, 0x0C, 0x57, 0x6F, 0x82, 0x2B, 0x80, 0x17,
    0x40, 0xD2, 0x03, 0xC6, 0x5F, 0x52, 0x6B, 0x75, 0x49, 0x5E, 0x15, 0x80, 0xB4, 0x03, 0xF1, 0x03,
    0xDE, 0x66, 0xDA, 0x96, 0x0E, 0x44, 0x21, 0xCE, 0x2F, 0xF2, 0x08, 0xD6, 0xC0, 0xED, 0x19, 0x01,
    0xAE, 0xDF, 0xAF, 0x26, 0x68, 0xC7, 0x0C, 0xD3, 0x8E, 0xA8, 0x21, 0x1D, 0x61, 0x61, 0xC6, 0xCD,
    0x19, 0x0B, 0xA0, 0x98, 0x30, 0x0F, 0xF1, 0x2F, 0x3C, 0xE5, 0x11, 0x05, 0x0F, 0x59, 0x70, 0xC3,
    0x1B, 0x58, 0x52, 0x4C, 0xAD, 0x5B, 0xED, 0xB4, 0x53, 0x2E, 0xE9, 0xF0, 0x84, 0xB1, 0xD1, 0x2D,
    0xEB, 0x73, 0xB3, 0x3F, 0x93, 0x46, 0x67, 0x99, 0xDE, 0xB2, 0x8F, 0xAF, 0x1E, 0x6F, 0x6C, 0x76,
    0x3D, 0x9E, 0x60, 0x2D, 0x78, 0xB5, 0x3B, 0x82, 0x57, 0xB8, 0xB3, 0xBF, 0x0C, 0xC1, 0x4B, 0x48,
    0x22, 0xE8, 0x0F, 0x6A, 0xD9, 0x1C, 0xC8, 0xB4, 0x43, 0x64, 0xDF, 0x90, 0x04, 0x15, 0x08, 0xDA,
    0xB1, 0x95, 0x15, 0x98, 0x43, 0xF9, 0x70, 0x1A, 0x9C, 0x73, 0x5C, 0x43, 0x1C, 0x71, 0x9F, 0x82,
    0x25, 0x16, 0xCB, 0x3D, 0xC8, 0x7D, 0x93, 0xC4, 0xE3, 0x56, 0xF7, 0xE9, 0xD6, 0x3A, 0xD5, 0x5B,
    0x08, 0xF9, 0x88, 0x4A, 0x56, 0xEA, 0x88, 0x02, 0xE5, 0x65, 0x95, 0x4E, 0x10, 0xB1, 0xF8, 0x97,
    0x2E, 0x7F, 0xFC, 0x89, 0xB3, 0xF1, 0xBD, 0x56, 0x9D, 0x6C, 0xFB, 0x85, 0x32, 0xE1, 0xDF, 0xF6,
    0xB5, 0xFE, 0x69, 0xF4, 0xFA, 0x97, 0x26, 0x98, 0xC0, 0x90, 0x76, 0xEC, 0xD2, 0x59, 0x84, 0x32,
    0x0B, 0x51, 0xA9, 0x08, 0x4B, 0x94, 0x5F, 0x61, 0xBA, 0xAA, 0x7B, 0xD2, 0x16, 0xFB, 0x13, 0x4D,
    0xD6, 0x43, 0x2E, 0x22, 0x22, 0x62, 0x7C, 0xD6, 0xDA, 0x5A, 0xBB, 0x25, 0x09, 0xE5, 0x1D, 0x81,
    0x3C, 0xCC, 0x50, 0x6C, 0xB1, 0x6D, 0x43, 0xCE, 0xEA, 0xF1, 0x01, 0x7B, 0x39, 0xBB, 0x80, 0x0C,
    0xA1, 0x57, 0xEE, 0x2D, 0xE2, 0x35, 0xA3, 0xDB, 0x0D, 0xE2, 0x37, 0xD6, 0xC9, 0xCE, 0x04, 0x3D,
    0xE2, 0x3A, 0xE2, 0x3B, 0xA5, 0x90, 0x78, 0x4F, 0x73, 0x47, 0x9D, 0x59, 0x47, 0x49, 0xEE, 0xC8,
    0x1F, 0x7F, 0xE6, 0xB0, 0xF1, 0x17, 0x2D, 0xEA, 0x94, 0xB6, 0x97, 0x77, 0xD4, 0xDA, 0x7C, 0x98,
    0x3A, 0x5B, 0xEB, 0x6E, 0x89, 0xEE, 0x44, 0xA9, 0xEC, 0x92, 0x7D, 0x2B, 0x47, 0x01, 0x71, 0xAA,
    0x61, 0x08, 0x76, 0x98, 0xB6, 0x21, 0xAB, 0x57, 0xF5, 0x4B, 0x91, 0x4A, 0x17, 0x6B, 0x37, 0x27,
    0xC4, 0x22, 0x64, 0x9C, 0x6B, 0xED, 0x76, 0x3E, 0x2E, 0x91, 0x77, 0xC0, 0x3F, 0x54, 0x8E, 0x8B,
    0xEB, 0xAD, 0x73, 0x7B, 0xA1, 0x59, 0x32, 0xFE, 0xC9, 0x7C, 0xB8, 0x91, 0xCB, 0xC9, 0x6E, 0xFA,
    0xEF, 0x1E, 0xD4, 0x27, 0x1D, 0xB0, 0x9F, 0x8B, 0x40, 0x3A, 0x64, 0xAC, 0xE2, 0xB7, 0x39, 0xAA,
    0xDF, 0xA8, 0xC0, 0x0B, 0xDD, 0x51, 0xDC, 0xA9, 0xE9, 0x6B, 0x0B, 0xDB, 0x0C, 0x7A, 0x81, 0x45,
    0x07, 0xDB, 0x3E, 0x08, 0xA9, 0x7F, 0x16, 0x74, 0xFC, 0xD8, 0xB3, 0x7F, 0x77, 0xD6, 0x5E, 0x5F,
    0xC1, 0xB6, 0xCB, 0x7A, 0x43, 0x26, 0x9B, 0x68, 0x7C, 0x3E, 0x9F, 0x44, 0x5D, 0x9F, 0xF3, 0x09,
    0xC6, 0x4C, 0xF9, 0x79, 0xEC, 0x24, 0x53, 0xF4, 0x87, 0x2A, 0x18, 0x9F, 0x84, 0xD4, 0x11, 0xD2,
    0x36, 0x09, 0xB6, 0x1E, 0x81, 0xF2, 0x16, 0xDD, 0x65, 0x23, 0x96, 0x48, 0x26, 0x18, 0x57, 0x8E,
    0x10, 0x8D, 0x2D, 0xC0, 0x04, 0x30, 0xE2, 0x4C, 0xC7, 0xDD, 0x6B, 0x3A, 0x66, 0x00, 0xB2, 0x33,
    0x96, 0x40, 0xC9, 0xB5, 0xDC, 0xDB, 0x26, 0x0E, 0xC9, 0xCD, 0x3E, 0xAF, 0x09, 0x2F, 0x48, 0x7E,
    0x77, 0x56, 0x01, 0x2F, 0x01, 0x74, 0x98, 0x60, 0x02, 0x77, 0x2F, 0x59, 0x86, 0x71, 0x04, 0xB6,
    0x3E, 0xE3, 0xF5, 0x83, 0x08, 0xCE, 0xCE, 0x7F, 0x7D, 0x44, 0x45, 0x20, 0x7B, 0x27, 0x60, 0x7E,
    0x15, 0x48, 0x7E, 0xEF, 0xA7, 0xC8, 0x67, 0xF5, 0xEB, 0xE3, 0xF3, 0xB3, 0x4B, 0x7C, 0x92, 0x60,
    0x3C, 0x21, 0x75, 0x49, 0x48, 0x5B, 0xDD, 0xD9, 0x3A, 0xAB, 0x6D, 0x72, 0xC4, 0x66, 0x2D, 0x99,
    0xAD, 0x59, 0x1A, 0xF7, 0xA7, 0x4B, 0xDD, 0xED, 0xCA, 0x51, 0xCE, 0x14, 0x44, 0x57, 0xF0, 0x36,
    0x12, 0x83, 0x18, 0xEF, 0x98, 0x56, 0x08, 0xAE, 0xCC, 0x9A, 0xF0, 0x4A, 0xA1, 0xFF, 0x00, 0xE3,
    0x72, 0x52, 0x77, 0x20, 0x7D, 0x37, 0x60, 0xFF, 0xAE, 0xC5, 0x9E, 0xA6, 0x70, 0xEB, 0xF7, 0xBA,
    0x17, 0x98, 0x0F, 0x3E, 0x8E, 0x75, 0xFA, 0x83, 0xCF, 0x64, 0x4F, 0xDB, 0xA5, 0xAD, 0x6D, 0xB7,
    0x69, 0x6D, 0xE9, 0xED, 0x48, 0xC1, 0x92, 0x09, 0xDD, 0x24, 0x21, 0x63, 0x99, 0xF8, 0x1B, 0x4A,
    0xD5, 0x2D, 0x28, 0x74, 0x57, 0x8E, 0xE4, 0x0A, 0x1A, 0xA1, 0xB5, 0x19, 0x69, 0x6B, 0xDA, 0x35,
    0xBA, 0x9B, 0xF3, 0x20, 0x98, 0x3B, 0x79, 0x60, 0xEF, 0xE4, 0x41, 0xF6, 0xBA, 0x3C, 0x48, 0x8F,
    0x32, 0x37, 0x4E, 0x0D, 0xC6, 0xA7, 0x4E, 0x9E, 0xA1, 0xCF, 0x60, 0x5B, 0x09, 0xE6, 0xB3, 0x30,
    0x81, 0xE8, 0x0F, 0xED, 0xC5, 0x2B, 0xDB, 0x6D, 0xEA, 0x49, 0x0A, 0x76, 0xD0, 0x3F, 0xE9, 0xF8,
    0x28, 0x0E, 0xC9, 0x27, 0xEF, 0x1C, 0x92, 0x03, 0x95, 0xEA, 0xC9, 0xB5, 0x27, 0xD3, 0x1D, 0xB9,
    0x76, 0xE4, 0xE7, 0x73, 0xAC, 0x52, 0xAA, 0x98, 0x6D, 0xD9, 0x5A, 0x97, 0xF4, 0xF6, 0xF6, 0x4D,
    0x9F, 0xE5, 0xB1, 0xCD, 0xCC, 0x91, 0xE5, 0xAB, 0x43, 0xFC, 0xFF, 0xAD, 0xB0, 0xAF, 0xCC, 0x31,
    0xC1, 0xFE, 0x90, 0x87, 0x38, 0xC4, 0xC0, 0x0F, 0x3B, 0xF8, 0x1F, 0xE0, 0x00, 0xF4, 0x5C, 0x57,
    0xE2, 0xEE, 0xD5, 0x2F, 0x6C, 0x02, 0xDE, 0x3C, 0x41, 0x8C, 0x5E, 0xF7, 0xF7, 0x7A, 0xE3, 0xF8,
    0x96, 0x69, 0xA7, 0xDF, 0xF5, 0x87, 0x90, 0xC4, 0x4F, 0xE1, 0xCD, 0x28, 0x2D, 0xBB, 0x4B, 0x36,
    0x14, 0x23, 0x56, 0x6D, 0xEE, 0x6C, 0x3C, 0x21, 0x27, 0xAA, 0xB3, 0x49, 0x37, 0xB3, 0xE3, 0x52,
    0xA3, 0x3A, 0x79, 0x9F, 0xA4, 0xF9, 0x43, 0x2F, 0x92, 0x72, 0xA4, 0x9A, 0xB7, 0xFA, 0x47, 0x47,
    0xF4, 0x7B, 0x01, 0x1D, 0x6B, 0x92, 0x41, 0x3C, 0x55, 0x9F, 0x9B, 0xE7, 0xEA, 0xCE, 0x3C, 0x37,
    0x58, 0x41, 0xDD, 0x90, 0xB1, 0x63, 0x45, 0x43, 0xA4, 0x32, 0xBF, 0x21, 0x8F, 0x4B, 0x52, 0x99,
    0x61, 0x60, 0x35, 0x10, 0x56, 0x3D, 0x72, 0x0F, 0x04, 0xB6, 0x23, 0x76, 0x49, 0x60, 0x9B, 0x78,
    0x06, 0xE5, 0xE9, 0x75, 0x97, 0x04, 0xDD, 0x69, 0xAF, 0x9D, 0x71, 0xDA, 0xD9, 0xD6, 0xB8, 0x15,
    0xE6, 0xC7, 0x07, 0x4C, 0x9C, 0x8E, 0xEF, 0x00, 0x2C, 0xE1, 0xE1, 0x88, 0x62, 0xC4, 0xE2, 0x26,
    0xF1, 0x8B, 0x85, 0xEA, 0x96, 0x23, 0x16, 0x85, 0x76, 0x17, 0x14, 0x6B, 0xD3, 0x16, 0xDB, 0xB4,
    0x5D, 0xDF, 0xDA, 0xBA, 0xBF, 0xB5, 0x8F, 0xC3, 0xF6, 0xAF, 0xDF, 0xED, 0x36, 0xFF, 0x19, 0xDB,
    0xFC, 0x9D, 0x23, 0xE4, 0xF5, 0x9E, 0x24, 0xFE, 0x38, 0x3A, 0xF3, 0xC9, 0xCF, 0xBF, 0x3B, 0x4E,
    0xE7, 0x2F, 0x75, 0x77, 0x3F, 0xF9, 0x2F, 0xED, 0x48, 0x06, 0xD5, 0x92, 0xF4, 0x57, 0x2F, 0xEF,
    0x3A, 0xC0, 0x3F, 0x08, 0xDD, 0x3E, 0x08, 0x7F, 0x44, 0xFF, 0xC7, 0x61, 0xC5, 0xAE, 0xF9, 0xFD,
    0xC0, 0x26, 0xEC, 0x3D, 0x79, 0x5B, 0xD5, 0xD0, 0x93, 0x13, 0x58, 0xCA, 0xBE, 0x24, 0x50, 0x9E,
    0x42, 0xCD, 0x47, 0x53, 0x6C, 0x47, 0xF4, 0x46, 0xE0, 0x64, 0xCD, 0xE8, 0x60, 0xDC, 0x83, 0xA0,
    0xC3, 0x77, 0xBC, 0x92, 0x9A, 0xBC, 0xB9, 0xAA, 0xC9, 0xF5, 0xB2, 0xDE, 0x93, 0xC7, 0x61, 0xAA,
    0xC9, 0xFB, 0xE7, 0x85, 0x8E, 0x87, 0xC2, 0xB8, 0xFD, 0xC1, 0x62, 0x82, 0x25, 0x75, 0x0F, 0xC8,
    0x81, 0x1D, 0x28, 0x3F, 0x25, 0x4A, 0x45, 0xCD, 0xA0, 0x3A, 0xED, 0x93, 0x60, 0x1D, 0x61, 0x75,
    0xAA, 0x43, 0xF3, 0xE4, 0x14, 0x1A, 0x9E, 0x38, 0x00, 0x74, 0xF4, 0x58, 0x01, 0x70, 0x73, 0x07,
    0x16, 0x48, 0xEB, 0x6B, 0x15, 0x93, 0xB5, 0xEC, 0x65, 0x99, 0x0E, 0x40, 0xCE, 0xB5, 0x48, 0x6A,
    0x80, 0x00, 0xBA, 0xFB, 0xBC, 0x7E, 0x4B, 0xA3, 0x47, 0x86, 0xA1, 0x40, 0xEE, 0x35, 0xB7, 0xDC,
    0x12, 0x08, 0x4C, 0xFF, 0x36, 0xED, 0xB4, 0x93, 0xDB, 0xB4, 0xA6, 0x95, 0xF2, 0x23, 0xF7, 0xCD,
    0x78, 0x2F, 0xCE, 0xCD, 0x01, 0xD8, 0xC8, 0x2A, 0x3F, 0x01, 0x6F, 0x70, 0xAD, 0xFF, 0xB6, 0x90,
    0xF8, 0x29, 0xF5, 0x2D, 0x67, 0xB4, 0xA0, 0x62, 0x18, 0xE1, 0xC9, 0xEA, 0x6B, 0xD9, 0xB6, 0xBC,
    0xE3, 0x99, 0x69, 0xE5, 0xEF, 0x04, 0x0B, 0xFB, 0x78, 0xF6, 0x0C, 0x30, 0x47, 0xFE, 0x22, 0x8B,
    0xDD, 0xAE, 0x32, 0xB1, 0xFF, 0x3A, 0x4F, 0xDA, 0xFF, 0x05, 0xC5, 0x99, 0x01, 0xA4, 0x25, 0x59,
    0x7A, 0xC7, 0x7F, 0x75, 0xCE, 0xF4, 0xD6, 0xEC, 0x9C, 0xCC, 0x3B, 0x0D, 0xCB, 0x4A, 0x77, 0x77,
    0x41, 0x10, 0xF2, 0xFA, 0x9E, 0x41, 0xA3, 0x51, 0x75, 0xEB, 0xF4, 0x34, 0x1A, 0x11, 0xB3, 0x00,
    0x20, 0x19, 0x00, 0x90, 0x19, 0x74, 0xE4, 0x25, 0xEA, 0xF5, 0x3B, 0xBB, 0x8D, 0x20, 0xD8, 0x06,
    0x40, 0x30, 0x09, 0x20, 0x8B, 0x6E, 0xF1, 0x70, 0xB3, 0x6E, 0xBF, 0x7B, 0x76, 0x17, 0x83, 0xC5,
    0xD6, 0x04, 0x16, 0xC8, 0x9E, 0xD8, 0x86, 0x08, 0x99, 0xB3, 0x93, 0x1A, 0x5B, 0x63, 0xEF, 0xBD,
    0x27, 0x75, 0xDE, 0x5E, 0xD7, 0xEB, 0xCE, 0xC8, 0x62, 0x5F, 0x77, 0xD7, 0xBD, 0xBF, 0x1F, 0xFA,
    0x95, 0xEF, 0xFF, 0x55, 0xD5, 0x77, 0xAB, 0x8F, 0x2A, 0xB9, 0x96, 0x63, 0x39, 0x94, 0x03, 0x00,
    0x08, 0x2B, 0x91, 0x94, 0x68, 0x34, 0x15, 0x86, 0x96, 0x39, 0x0D, 0xC7, 0x74, 0x2C, 0xA1, 0xE8,
    0x41, 0x64, 0x3C, 0x98, 0x40, 0x91, 0xB6, 0x94, 0xBF, 0x79, 0xE2, 0xF4, 0xDF, 0xDD, 0xF7, 0xA6,
    0xBC, 0x4B, 0xA3, 0xA0, 0xD3, 0xB0, 0x9C, 0x58, 0x1C, 0xC0, 0x78, 0x23, 0x53, 0xB0, 0x38, 0x54,
    0xAE, 0xAB, 0x0D, 0x6D, 0xFD, 0x0C, 0x9D, 0x06, 0x44, 0x72, 0x70, 0x0A, 0x3C, 0x05, 0x22, 0xC0,
    0x2A, 0x80, 0x4A, 0x1B, 0x30, 0xEE, 0x04, 0x8E, 0xD1, 0x8E, 0x91, 0x2B, 0x30, 0xC0, 0xCB, 0xD2,
    0x53, 0x28, 0x55, 0xDE, 0x97, 0x25, 0x40, 0x07, 0xB0, 0x04, 0x58, 0x70, 0x08, 0x91, 0x06, 0xE1,
    0x98, 0xA1, 0xFE, 0x93, 0x8A, 0x36, 0x7D, 0x55, 0xD1, 0x5D, 0x4B, 0x5B, 0x3A, 0xFE, 0x70, 0x8D,
    0x0C, 0x30, 0x8A, 0x88, 0x8C, 0x45, 0xA4, 0xEC, 0x19, 0x72, 0xD0, 0x12, 0x03, 0x1D, 0xC7, 0xD0,
    0x30, 0x82, 0x11, 0x11, 0x74, 0xE9, 0x41, 0x7F, 0xE0, 0x40, 0x3D, 0x99, 0x48, 0x69, 0x9B, 0xB5,
    0x81, 0x22, 0x02, 0x22, 0x00, 0xB2, 0xDF, 0xCB, 0x03, 0xA5, 0x87, 0x36, 0xA5, 0x21, 0x2B, 0x42,
    0x9D, 0x3F, 0x1C, 0x71, 0xCA, 0x29, 0x31, 0x7F, 0x8A, 0x50, 0x04, 0xF6, 0x9B, 0xB2, 0xCA, 0x6A,
    0xF2, 0xE7, 0xE6, 0xF4, 0xB9, 0xB5, 0xDB, 0x1D, 0x91, 0x1E, 0x53, 0xA5, 0x91, 0xF6, 0xEE, 0x82,
    0x05, 0x57, 0x19, 0x20, 0xC3, 0x1A, 0x58, 0x59, 0x30, 0x1B, 0xF8, 0x61, 0xF2, 0xD2, 0x5F, 0x8B,
    0xDA, 0x16, 0x83, 0x86, 0xA1, 0xCA, 0x40, 0xD4, 0xBD, 0xE8, 0xCB, 0xED, 0x07, 0x96, 0xD5, 0x08,
    0x62, 0x03, 0xB4, 0x40, 0xB5, 0xC3, 0x70, 0x93, 0x67, 0x98, 0x34, 0xF0, 0x8D, 0xE4, 0x00, 0x30,
    0xF7, 0x62, 0x7B, 0x3F, 0xB4, 0x2A, 0x00, 0x30, 0xFD, 0x73, 0x0F, 0x26, 0xAD, 0x61, 0xCB, 0x09,
    0x32, 0xA0, 0x9C, 0x76, 0x5B, 0xE9, 0x6F, 0x96, 0xE9, 0x47, 0xA1, 0xD6, 0xF7, 0xFA, 0x58, 0xCF,
    0xB0, 0xF1, 0x41, 0x0D, 0xF1, 0x34, 0xEB, 0xE9, 0xB9, 0xEE, 0x40, 0x78, 0x5A, 0x8B, 0xA2, 0x7F,
    0xD0, 0xE8, 0x7B, 0xFE, 0x4E, 0xB5, 0x2D, 0x5D, 0x5D, 0x0E, 0x15, 0x15, 0x1C, 0xA3, 0x42, 0x39,
    0x20, 0x52, 0xF2, 0x60, 0xBE, 0x22, 0x37, 0x55, 0x3D, 0x71, 0xD7, 0xA5, 0xE7, 0xFC, 0x7B, 0x2D,
    0xF9, 0x87, 0x3F, 0x70, 0xB1, 0xB4, 0x51, 0xDB, 0xB3, 0x27, 0x98, 0xEF, 0x03, 0xC0, 0x37, 0x79,
    0x8F, 0x79, 0x11, 0x8B, 0x51, 0xF5, 0x2A, 0xB4, 0xB6, 0xFD, 0xEE, 0x86, 0x67, 0x32, 0xB2, 0x96,
    0x81, 0x33, 0x19, 0x31, 0x76, 0x8D, 0xF2, 0x73, 0x44, 0xD4, 0x8E, 0x4F, 0xA4, 0x05, 0x00, 0xF2,
    0x59, 0x1F, 0x27, 0x06, 0xE0, 0x14, 0x88, 0xEC, 0x29, 0x02, 0x64, 0x68, 0x93, 0x3F, 0x49, 0xBE,
    0x58, 0x59, 0x65, 0xC3, 0x21, 0xB7, 0xDF, 0xDB, 0x1E, 0x7E, 0xFC, 0xE9, 0xF5, 0x7F, 0xDC, 0x5C,
    0xFF, 0xA7, 0x7F, 0x38, 0xFC, 0x97, 0x3F, 0xBB, 0xFD, 0x1E, 0x4F, 0x6F, 0x08, 0x5F, 0x6E, 0x00,
    0x56, 0xC9, 0xAD, 0x92, 0x05, 0xC4, 0x96, 0x2A, 0xF9, 0xB9, 0x0C, 0x0B, 0x62, 0x24, 0x7F, 0x07,
    0x11, 0x9E, 0x29, 0xDF, 0x26, 0xAB, 0x46, 0xE0, 0xDB, 0x00, 0x0D, 0x40, 0xBD, 0x57, 0x07, 0xB0,
    0x80, 0x32, 0xA5, 0x69, 0xAF, 0x49, 0x40, 0x64, 0xA7, 0xE2, 0x5C, 0x01, 0x10, 0xE7, 0xEA, 0x01,
    0x2C, 0xC0, 0xC5, 0x03, 0xE1, 0x24, 0xA5, 0x21, 0x87, 0xEB, 0x27, 0xEE, 0x86, 0xF4, 0x48, 0x87,
    0x82, 0x9A, 0x22, 0xA0, 0xE1, 0xE1, 0x3F, 0xB3, 0x4A, 0xE4, 0xBF, 0xFE, 0xC0, 0x21, 0x7D, 0xF1,
    0x04, 0xB1, 0x06, 0x0D, 0x8A, 0x0F, 0x35, 0x0F, 0xCF, 0xA8, 0x06, 0xB0, 0x22, 0x96, 0x5E, 0xDB,
    0x59, 0x6E, 0x71, 0xC0, 0x10, 0x99, 0x15, 0x91, 0x26, 0x23, 0x02, 0xB5, 0x0C, 0x74, 0xB2, 0x9F,
    0xF0, 0x2C, 0x26, 0xC6, 0xD2, 0x33, 0x28, 0x5F, 0x44, 0xE5, 0x65, 0xD4, 0xFE, 0x9D, 0xA8, 0xE3,
    0xDF, 0x06, 0xBD, 0xFA, 0x22, 0x54, 0xE6, 0x51, 0x7F, 0x13, 0x98, 0x01, 0xCD, 0x8E, 0x1A, 0xE8,
    0x00, 0x4C, 0x1A, 0x8B, 0xA9, 0x5B, 0x95, 0xE2, 0x69, 0x95, 0x42, 0x6C, 0x53, 0x1F, 0x4F, 0x26,
    0x56, 0xD3, 0xC4, 0xFC, 0x96, 0x1F, 0xF7, 0x27, 0xE9, 0x51, 0xDF, 0xA6, 0x7B, 0xDE, 0x4C, 0xA8,
    0x54, 0x7A, 0x9E, 0x94, 0x8E, 0x4A, 0x59, 0x6E, 0x4E, 0xDC, 0xD2, 0x90, 0xA9, 0x33, 0x37, 0x27,
    0x6E, 0xC1, 0xD1, 0xC4, 0x69, 0x0D, 0x99, 0x38, 0xF1, 0xC9, 0x1F, 0x61, 0x7C, 0x9B, 0x3F, 0x4E,
    0xDA, 0x12, 0xF5, 0x1D, 0x4E, 0x39, 0x9A, 0x0F, 0xA6, 0xE7, 0x98, 0x72, 0xCD, 0xC1, 0x21, 0xD4,
    0x70, 0x07, 0x1E, 0x90, 0xBF, 0x4F, 0xF9, 0xD6, 0x97, 0xB6, 0x4D, 0xAE, 0xD8, 0xA2, 0x3E, 0xF7,
    0x33, 0xD1, 0xD7, 0xC4, 0x23, 0xE2, 0x69, 0x11, 0xF2, 0x57, 0xF8, 0xA3, 0xD2, 0x99, 0x15, 0x6A,
    0xDC, 0x8F, 0x9A, 0xB6, 0x1D, 0x65, 0x6F, 0x10, 0x83, 0xF6, 0x6C, 0x64, 0xA4, 0x2D, 0x46, 0x1E,
    0x8A, 0xA1, 0xD8, 0xA8, 0x58, 0x46, 0xE3, 0x2A, 0xF7, 0x8C, 0x63, 0x19, 0xF9, 0x58, 0x3A, 0x00,
    0xA8, 0x3C, 0x15, 0x24, 0x47, 0x0D, 0x3F, 0xB7, 0x9C, 0x82, 0xB2, 0x45, 0x04, 0x85, 0xF4, 0xA0,
    0x51, 0x36, 0xFB, 0x26, 0x70, 0x40, 0x0D, 0xE2, 0xC9, 0xE3, 0x53, 0x90, 0x29, 0x70, 0x61, 0xD3,
    0x7E, 0x02, 0xE3, 0xE1, 0x16, 0x7F, 0xED, 0xA0, 0xE3, 0x97, 0x0E, 0xA2, 0xFC, 0xD4, 0x22, 0x7A,
    0xA5, 0xA0, 0xF4, 0x37, 0x14, 0x68, 0x4C, 0xEA, 0xB9, 0xC5, 0xB7, 0xFE, 0xC2, 0x72, 0x04, 0x07,
    0xBF, 0x77, 0xFA, 0x0A, 0x40, 0x24, 0x0F, 0xBA, 0x7C, 0xD4, 0xC3, 0x2D, 0x21, 0x3C, 0x74, 0x48,
    0x0F, 0x11, 0x05, 0xA2, 0xE7, 0x30, 0xA7, 0x13, 0x40, 0x53, 0x5A, 0xB8, 0x45, 0x95, 0x1C, 0x47,
    0x98, 0xC9, 0x54, 0x3D, 0x15, 0xAC, 0x22, 0x35, 0x84, 0x81, 0x53, 0xE0, 0x41, 0x4E, 0x27, 0x48,
    0x0F, 0xC6, 0xE6, 0x74, 0x91, 0xE7, 0x05, 0x62, 0x0D, 0xE5, 0xFB, 0xE1, 0x3C, 0xDD, 0x03, 0x9C,
    0xFD, 0xDE, 0xC7, 0x5E, 0x6C, 0x40, 0xAC, 0x41, 0xEE, 0xD8, 0x6F, 0xDF, 0x01, 0x11, 0x40, 0xF6,
    0x90, 0x59, 0x79, 0xCA, 0xE4, 0xA8, 0x7A, 0x68, 0x81, 0x63, 0x60, 0x49, 0xE6, 0xCA, 0x84, 0x76,
    0xC7, 0x18, 0xF2, 0x5D, 0xA5, 0xDA, 0xFD, 0x47, 0x04, 0x05, 0x80, 0xB6, 0x80, 0x72, 0x80, 0xF4,
    0x80, 0xC8, 0x22, 0x0B, 0x00, 0x1D, 0x80, 0x2A, 0x02, 0xF3, 0xAC, 0x3A, 0xEB, 0x34, 0x2B, 0x0E,
    0x39, 0x7C, 0x00, 0xE9, 0x17, 0xA0, 0xDC, 0xA4, 0x3C, 0x52, 0x54, 0x4C, 0x6A, 0xA8, 0xA1, 0xA3,
    0x81, 0x94, 0x36, 0x14, 0x29, 0x6D, 0x11, 0x91, 0x39, 0xB2, 0xC7, 0xA0, 0x3C, 0x26, 0xA7, 0x56,
    0x18, 0xA8, 0x98, 0xEF, 0x5A, 0x78, 0x0B, 0xC0, 0x00, 0x34, 0x00, 0x23, 0x50, 0x84, 0x2C, 0xF7,
    0xDA, 0x7B, 0x91, 0x6B, 0x40, 0x6D, 0x00, 0x63, 0x80, 0xA5, 0xB2, 0x10, 0xA4, 0x03, 0x78, 0xED,
    0xBD, 0x98, 0x09, 0x56, 0xFF, 0xE1, 0xE1, 0xB3, 0xE4, 0x01, 0x03, 0x00, 0x6F, 0xA4, 0x97, 0x87,
    0xDA, 0xC3, 0xB3, 0xAC, 0x4D, 0xE5, 0xDE, 0x5C, 0x1B, 0x62, 0x04, 0xD4, 0x9F, 0x03, 0x37, 0x14,
    0x70, 0x78, 0x2E, 0x0D, 0xDC, 0xB8, 0x01, 0xA8, 0x81, 0x37, 0x73, 0xA1, 0xD2, 0x1A, 0xDA, 0xAC,
    0xBF, 0x89, 0xC0, 0x97, 0x11, 0x8A, 0x2F, 0x02, 0xC8, 0x7F, 0xEB, 0x41, 0xFE, 0xA4, 0x07, 0xF5,
    0xC8, 0x83, 0x96, 0x1E, 0x66, 0x65, 0xEA, 0x69, 0x54, 0xF2, 0x74, 0xCA, 0xC1, 0xA8, 0x6D, 0xCE,
    0x00, 0x79, 0x2E, 0x5F, 0x81, 0xF2, 0x06, 0xB4, 0x9D, 0x81, 0xA1, 0x81, 0x86, 0x36, 0xD1, 0x65,
    0x51, 0x6E, 0x73, 0x4C, 0xCF, 0xA6, 0x8C, 0x32, 0x30, 0x2A, 0xCF, 0xD1, 0x79, 0x3C, 0x30, 0x07,
    0x1A, 0xE0, 0x18, 0xE8, 0x80, 0xE5, 0x05, 0x16, 0xC0, 0x12, 0xE1, 0x3A, 0xCA, 0xBE, 0x41, 0x3B,
    0x63, 0x4F, 0xD0, 0x69, 0x8D, 0x48, 0x01, 0x0E, 0x81, 0x06, 0x28, 0x3D, 0x88, 0x9E, 0xE2, 0xBF,
    0x3C, 0xAC, 0x00, 0xAE, 0x02, 0x0C, 0x00, 0x1D, 0x40, 0x0D, 0x70, 0x0B, 0xE0, 0x5D, 0x00, 0xC8,
    0x6D, 0x27, 0xB2, 0x10, 0x11, 0x90, 0xE1, 0xE5, 0xB5, 0xE1, 0x4E, 0xCA, 0x01, 0x3A, 0xA5, 0x21,
    0x2B, 0xA2, 0x2D, 0xA0, 0x01, 0x2A, 0x00, 0x03, 0x30, 0x03, 0x68, 0xF6, 0xAA, 0x01, 0x4E, 0x52,
    0xF2, 0xAC, 0xB2, 0x00, 0x0B, 0x14, 0xBB, 0x94, 0x5D, 0xC5, 0x0A, 0xE0, 0xFA, 0xEB, 0xEF, 0xC5,
    0x64, 0xAD, 0x7A, 0x28, 0xF2, 0x75, 0x2E, 0xFD, 0x02, 0x34, 0x35, 0xC0, 0x6B, 0xEF, 0xA5, 0x8C,
    0x6B, 0x50, 0x21, 0xEB, 0xB3, 0x49, 0xC0, 0x9B, 0x68, 0xE3, 0xE2, 0xA8, 0x2C, 0xF6, 0x7F, 0x3F,
    0x04, 0xF8, 0x83, 0x8B, 0xBD, 0x88, 0x2C, 0x58, 0x00, 0x8C, 0x00, 0xC3, 0x0B, 0x2B, 0x44, 0x71,
    0xAE, 0xF0, 0xBB, 0x5B, 0x3D, 0x97, 0xDD, 0x89, 0x0A, 0x58, 0xBD, 0x34, 0x2A, 0xBB, 0x23, 0xEE,
    0x77, 0xFB, 0x30, 0x03, 0xF8, 0xF6, 0xEB, 0xEF, 0xA5, 0x75, 0xBB, 0x51, 0x11, 0x5F, 0x44, 0x50,
    0x7E, 0x80, 0x03, 0xEE, 0x00, 0xBC, 0xF6, 0x5E, 0xF6, 0x53, 0x82, 0xFE, 0xD1, 0x08, 0xC0, 0x1B,
    0x69, 0xA3, 0x4D, 0x2E, 0x6B, 0x80, 0xAE, 0x58, 0xC3, 0x92, 0x16, 0x16, 0x54, 0x30, 0xA2, 0x2D,
    0x43, 0x56, 0x9C, 0x54, 0x64, 0xB5, 0x29, 0x9E, 0xAB, 0xB2, 0x32, 0x50, 0xE5, 0x44, 0x83, 0xF4,
    0xCC, 0x73, 0x58, 0x83, 0xF2, 0x2C, 0x73, 0xE2, 0x88, 0x76, 0x32, 0xEF, 0x5E, 0x79, 0x74, 0x4A,
    0x50, 0xA5, 0xE7, 0xBB, 0x76, 0xD1, 0xDB, 0xEB, 0xF0, 0x6E, 0xB5, 0xDE, 0x75, 0xFE, 0xE2, 0x26,
    0xD6, 0x68, 0xC4, 0x06, 0x8D, 0xDC, 0xE6, 0xF2, 0x89, 0x19, 0xF2, 0x17, 0x93, 0xCA, 0x9F, 0xE5,
    0xF2, 0x3F, 0xB3, 0x35, 0xEA, 0xEF, 0x5D, 0x8D, 0xBE, 0xEF, 0x3B, 0xF4, 0x3D, 0x7F, 0x84, 0x96,
    0xFD, 0x82, 0x4A, 0xF4, 0x03, 0x55, 0x11, 0x22, 0xB3, 0x22, 0x46, 0x1A, 0x7E, 0x95, 0xF5, 0x65,
    0xA4, 0xE6, 0x87, 0x81, 0x8E, 0x93, 0x7E, 0x52, 0xDB, 0xB3, 0xA0, 0xF5, 0x0C, 0x98, 0xDD, 0xEF,
    0x83, 0x08, 0x0C, 0xC0, 0x11, 0x50, 0xEF, 0xC7, 0x11, 0x91, 0x2C, 0x26, 0x45, 0xCE, 0x8A, 0xB1,
    0x18, 0xE8, 0x64, 0x4F, 0xA3, 0x3C, 0x73, 0xED, 0x98, 0x57, 0x30, 0x37, 0x19, 0x68, 0xE6, 0x13,
    0x0D, 0x74, 0x13, 0xCB, 0x89, 0xB1, 0x86, 0xA1, 0xA6, 0x88, 0x0D, 0xB2, 0x37, 0x68, 0xAF, 0xDD,
    0x09, 0x65, 0x5A, 0x53, 0xAC, 0x7A, 0x00, 0x0B, 0x32, 0x40, 0xE9, 0x41, 0x5B, 0xB8, 0x05, 0xFC,
    0xF1, 0x2B, 0xCC, 0x6B, 0x1D, 0x24, 0x8F, 0xFC, 0x65, 0x40, 0xBB, 0xC8, 0x01, 0xB7, 0x81, 0x57,
    0x97, 0x27, 0x03, 0xE8, 0xCD, 0x75, 0xDE, 0x35, 0x6B, 0x28, 0x03, 0xC0, 0x2B, 0xCD, 0xCB, 0x3F,
    0x1B, 0xFD, 0xE3, 0x71, 0x62, 0x78, 0xE5, 0x59, 0xC0, 0x37, 0xA0, 0xD7, 0x4E, 0x06, 0xD9, 0x57,
    0xAE, 0x88, 0x0F, 0xE1, 0x6C, 0x00, 0xD3, 0x43, 0xEB, 0xE0, 0x37, 0x3D, 0x65, 0x18, 0xA8, 0x6C,
    0xC7, 0x33, 0x0C, 0x1F, 0x73, 0x00, 0x00, 0x80, 0x85, 0xD5, 0x67, 0x11, 0x95, 0x52, 0x8F, 0x71,
    0x2B, 0xC7, 0x31, 0x06, 0x46, 0x4E, 0xAC, 0x88, 0xA4, 0x5C, 0xF0, 0x17, 0xAE, 0xEC, 0xD5, 0xF7,
    0x9D, 0xF2, 0x95, 0x9E, 0x54, 0x6B, 0xAB, 0xDD, 0x30, 0xE9, 0x7B, 0xA1, 0xCA, 0x53, 0x6E, 0xD0,
    0x1F, 0x30, 0x47, 0x37, 0x34, 0xE8, 0x91, 0x0E, 0x1D, 0x19, 0x51, 0x5E, 0x46, 0x74, 0xA8, 0x3C,
    0x6D, 0x4A, 0xD0, 0x7D, 0x34, 0xC0, 0xD5, 0x7D, 0xA0, 0xF4, 0x13, 0x3D, 0x14, 0x01, 0x88, 0xC0,
    0x87, 0x00, 0x28, 0x4F, 0xAD, 0x1D, 0x9D, 0xB6, 0x2C, 0x27, 0x16, 0x15, 0x8C, 0x13, 0x83, 0x81,
    0x38, 0xCB, 0x87, 0x8E, 0xC8, 0x84, 0x1A, 0x19, 0x3A, 0x64, 0xBF, 0x44, 0xFA, 0x05, 0xA5, 0x1F,
    0x51, 0x13, 0xDA, 0x4D, 0xD8, 0x25, 0x2D, 0x0F, 0xEF, 0x6E, 0x76, 0x0F, 0x70, 0x1E, 0x03, 0x05,
    0xA0, 0x1C, 0x54, 0x40, 0x03, 0x2C, 0x80, 0x4F, 0x5E, 0x61, 0xDE, 0x16, 0x64, 0x02, 0xFD, 0x53,
    0xC7, 0x4C, 0xF6, 0xDC, 0x21, 0x00, 0xAF, 0x2E, 0xCF, 0xDC, 0x8F, 0xB4, 0x65, 0xA0, 0x55, 0x3D,
    0x00, 0xF0, 0x8A, 0xCF, 0x25, 0xDA, 0x01, 0x15, 0x40, 0x03, 0x70, 0xCA, 0xFE, 0x84, 0x42, 0x03,
    0xDA, 0xCF, 0xC1, 0x50, 0xC1, 0x31, 0xDA, 0xEE, 0x66, 0x01, 0xE9, 0x95, 0x47, 0x06, 0x6D, 0x29,
    0xE2, 0x1C, 0x18, 0x96, 0xC0, 0xBF, 0x0E, 0xC0, 0x49, 0x00, 0x5A, 0x0F, 0x98, 0x17, 0xD7, 0x0F,
    0x73, 0x80, 0x66, 0xAF, 0x6E, 0xAF, 0x25, 0x50, 0xC4, 0x0C, 0x88, 0x09, 0x19, 0x26, 0x52, 0x72,
    0x13, 0x51, 0xFA, 0x62, 0x5D, 0x7A, 0x3A, 0xE5, 0x69, 0x94, 0xA3, 0xD1, 0x76, 0x77, 0x0E, 0x60,
    0xAC, 0x28, 0xA3, 0x49, 0xA9, 0x37, 0x69, 0xCB, 0xFC, 0xA5, 0x47, 0x34, 0x4B, 0x00, 0x91, 0x1C,
    0x55, 0x8A, 0x9C, 0xDC, 0x1D, 0x59, 0xD3, 0x15, 0x03, 0xB5, 0x88, 0xD4, 0x6D, 0xB8, 0xB6, 0x6E,
    0xFB, 0xD5, 0x5A, 0x7E, 0xF6, 0x15, 0xE5, 0x4F, 0xC2, 0x44, 0x8F, 0x9A, 0xD0, 0xDF, 0x1B, 0xD0,
    0x76, 0xE5, 0xB4, 0x55, 0x43, 0x05, 0xCB, 0x89, 0xDA, 0x4C, 0xCC, 0xDE, 0xA6, 0x6B, 0xE6, 0x77,
    0xC7, 0xA6, 0x4A, 0xA1, 0x16, 0x5B, 0x4B, 0x61, 0x41, 0x79, 0x90, 0x13, 0xA2, 0x07, 0x02, 0xF0,
    0x18, 0x00, 0x4C, 0xE8, 0x8A, 0xB4, 0x59, 0xC8, 0x41, 0x2D, 0xB4, 0x17, 0x83, 0x86, 0x68, 0x26,
    0xE6, 0xF9, 0x1A, 0x4D, 0xD4, 0x88, 0xF3, 0xEB, 0x73, 0x0E, 0xDA, 0x37, 0xFC, 0x89, 0x37, 0x77,
    0x7F, 0xED, 0x75, 0xFA, 0xA9, 0x13, 0x5B, 0xED, 0xE0, 0x0A, 0xA0, 0x2D, 0xCC, 0x80, 0x0E, 0x88,
    0x97, 0x57, 0xBB, 0x58, 0x43, 0x99, 0x40, 0x7F, 0x60, 0x69, 0x4A, 0xCF, 0x83, 0xC2, 0x03, 0x97,
    0x53, 0xDB, 0xF4, 0x96, 0x55, 0x0A, 0x5C, 0x3D, 0x71, 0x00, 0x97, 0x56, 0xB7, 0x55, 0x3D, 0xAD,
    0xEE, 0x79, 0xA8, 0x3D, 0x00, 0x70, 0x89, 0xE7, 0xE2, 0x4F, 0xE1, 0x40, 0x5A, 0xDE, 0xCD, 0x94,
    0x70, 0x70, 0x00, 0x72, 0xBC, 0xBC, 0x8C, 0x95, 0x3D, 0xA3, 0x4C, 0x9F, 0x26, 0xAF, 0xDF, 0xFF,
    0xFC, 0x9E, 0x7F, 0x9B, 0xB5, 0xE8, 0x61, 0x90, 0x1E, 0x62, 0xE5, 0xE1, 0xB7, 0xCB, 0xAD, 0xE7,
    0xCC, 0xDE, 0x0F, 0x70, 0x24, 0x02, 0x44, 0xD9, 0x67, 0x85, 0x2B, 0xC4, 0x6F, 0x46, 0xCD, 0x78,
    0x38, 0xCC, 0x39, 0x19, 0x4E, 0x46, 0xAA, 0xBE, 0x0A, 0x60, 0x46, 0x8A, 0x94, 0x28, 0x43, 0xE5,
    0xB4, 0x2D, 0xBD, 0xA1, 0xA0, 0xB9, 0x30, 0xEF, 0xE3, 0x9E, 0x82, 0x05, 0xCA, 0x75, 0x18, 0x5A,
    0x2E, 0xBC, 0x78, 0xB8, 0x0D, 0xFC, 0x15, 0x70, 0xCD, 0x81, 0xF4, 0xC8, 0xCF, 0x1D, 0xC5, 0x16,
    0xFE, 0xDF, 0x79, 0xAE, 0xBE, 0xCA, 0x99, 0xB6, 0x7C, 0xAE, 0xBC, 0xB6, 0xB2, 0x9F, 0x21, 0xFB,
    0x1A, 0xE5, 0x97, 0xC5, 0xCA, 0xAD, 0xD2, 0x86, 0x94, 0x1E, 0xEF, 0x73, 0x97, 0x94, 0xAE, 0xA3,
    0xB2, 0xAD, 0x3D, 0x43, 0xA7, 0x31, 0x67, 0xF2, 0x35, 0xF3, 0x7C, 0x79, 0xB5, 0xBF, 0x7E, 0x9E,
    0x2F, 0xA5, 0xF6, 0xCB, 0x73, 0x77, 0x69, 0x75, 0xAF, 0x00, 0x33, 0x40, 0x67, 0x2C, 0x94, 0x0E,
    0x84, 0x05, 0xE0, 0x24, 0x59, 0x56, 0x09, 0xA8, 0x32, 0x5F, 0xFF, 0xEC, 0x99, 0x45, 0xE1, 0x19,
    0x55, 0xCF, 0x60, 0x2C, 0xF1, 0x19, 0xC5, 0xFF, 0x44, 0x48, 0x1E, 0xCE, 0x00, 0xAE, 0x02, 0x0D,
    0x30, 0x82, 0x88, 0xBB, 0xEB, 0xC9, 0xE5, 0xD4, 0x56, 0x11, 0xAA, 0x11, 0x8E, 0x6B, 0x8A, 0xA1,
    0x42, 0x78, 0x05, 0x5C, 0x52, 0xED, 0xB5, 0xB1, 0xC5, 0xD8, 0x22, 0x26, 0x80, 0xCB, 0xAB, 0x0B,
    0xA0, 0xFB, 0xA7, 0x14, 0x29, 0xC0, 0x0A, 0xCA, 0xCF, 0xE1, 0x9D, 0xDD, 0x23, 0x8E, 0x6B, 0x43,
    0x24, 0x6D, 0xA3, 0x1C, 0xD4, 0xA9, 0xF2, 0xC5, 0xA8, 0x2D, 0xA3, 0x81, 0xC5, 0x7C, 0x62, 0xBF,
    0x3C, 0x83, 0xB8, 0x5B, 0xA2, 0x05, 0x83, 0xF2, 0xBA, 0x3F, 0xB1, 0x65, 0xDA, 0xC0, 0xAA, 0x87,
    0xEA, 0xF9, 0x55, 0xDA, 0x14, 0xB9, 0xFA, 0x51, 0xCF, 0x85, 0x4D, 0xF6, 0x2B, 0x2B, 0x7F, 0x9E,
    0x7A, 0xF9, 0xEF, 0x65, 0x2C, 0x9F, 0x8B, 0x58, 0x86, 0x22, 0x2A, 0x4F, 0xD4, 0xAE, 0x88, 0xDA,
    0x4E, 0x20, 0x42, 0x85, 0xEC, 0x33, 0x33, 0xA4, 0x9F, 0x51, 0xFA, 0x66, 0xA2, 0x46, 0xB9, 0x0C,
    0xB8, 0xDD, 0x5A, 0x2A, 0x02, 0x99, 0x53, 0xE0, 0x36, 0x00, 0xA8, 0x9C, 0x9D, 0xBC, 0x18, 0xCB,
    0xA0, 0x7C, 0xAE, 0xC7, 0x50, 0xED, 0x7A, 0x9E, 0x18, 0x9B, 0xDC, 0x73, 0x06, 0xF1, 0x52, 0xCF,
    0xEB, 0xDC, 0x33, 0x20, 0x80, 0xD2, 0xBF, 0xF8, 0x7B, 0xFC, 0xF0, 0x92, 0x6A, 0xAF, 0x40, 0x24,
    0x8B, 0xFA, 0xD4, 0x53, 0x89, 0x40, 0x4D, 0x04, 0x2E, 0xA5, 0xF6, 0xEE, 0x5C, 0x0F, 0xBC, 0x65,
    0x02, 0xC0, 0xE5, 0xD5, 0x7D, 0x14, 0x31, 0x99, 0xFB, 0xF1, 0x52, 0xEB, 0x16, 0x23, 0x88, 0x01,
    0xE4, 0xC0, 0x4B, 0x2F, 0xB8, 0xD6, 0x19, 0x5E, 0xDE, 0x2A, 0x07, 0x26, 0x63, 0x01, 0xB0, 0x88,
    0x74, 0xCF, 0x63, 0x52, 0x82, 0xB3, 0x62, 0x83, 0x88, 0xAC, 0x91, 0xBD, 0xDC, 0x50, 0x7A, 0xFD,
    0x97, 0x68, 0xD7, 0xCC, 0x26, 0x0D, 0x73, 0xF4, 0xBD, 0xBE, 0x41, 0x6B, 0x3B, 0xA9, 0x61, 0x89,
    0x1E, 0x18, 0x51, 0x41, 0x44, 0xD4, 0x50, 0xF5, 0xCC, 0x52, 0x82, 0x23, 0xB3, 0x5F, 0xA9, 0x8B,
    0x0B, 0x77, 0x9C, 0xFD, 0x9D, 0xDE, 0x03, 0xA0, 0xAD, 0xF8, 0x3F, 0x93, 0x39, 0xBF, 0x30, 0x99,
    0x1D, 0x3A, 0x63, 0x3B, 0x2A, 0x96, 0xB4, 0x74, 0x24, 0xE6, 0xE5, 0x7F, 0x63, 0xD2, 0x0C, 0x35,
    0x36, 0xC0, 0xDB, 0x80, 0xD9, 0xDF, 0x7D, 0x28, 0xC2, 0x84, 0xBB, 0x9C, 0xDA, 0x72, 0x0D, 0x6A,
    0x03, 0xA6, 0x82, 0xA5, 0x72, 0x04, 0xE9, 0x81, 0xCB, 0xA9, 0x9D, 0xEF, 0xEE, 0xCF, 0x26, 0x76,
    0x8F, 0xB3, 0x2F, 0xAD, 0x2E, 0x58, 0x28, 0x22, 0xC8, 0x1E, 0x94, 0x83, 0x0A, 0x78, 0x1B, 0xE0,
    0x6B, 0x5F, 0x4A, 0x8A, 0x17, 0x5F, 0x4A, 0x0E, 0x65, 0x66, 0xF7, 0x52, 0xB2, 0xF4, 0xEF, 0x44,
    0x39, 0xBD, 0x94, 0x14, 0xE9, 0x8B, 0xC0, 0xC9, 0xA3, 0x1E, 0xA4, 0x87, 0xD2, 0xBF, 0x85, 0xB6,
    0x33, 0xBB, 0xC2, 0xA4, 0x11, 0x91, 0x1E, 0xBF, 0x78, 0x57, 0xCC, 0x2C, 0x80, 0x11, 0x18, 0x3E,
    0xEA, 0xF9, 0x55, 0x1A, 0xF9, 0xF5, 0x77, 0xD7, 0xC5, 0x9A, 0xB9, 0x18, 0x30, 0x22, 0x50, 0xC9,
    0x1E, 0x23, 0x7D, 0x86, 0x79, 0x79, 0xBE, 0xBA, 0xA6, 0x9B, 0x58, 0x68, 0x5F, 0x0C, 0xFA, 0xF4,
    0x5A, 0xD0, 0x26, 0xB9, 0xAA, 0xDC, 0x30, 0x83, 0x89, 0x7D, 0xF9, 0x7D, 0x04, 0x65, 0x5C, 0xA3,
    0xC2, 0xC4, 0xFE, 0xA9, 0xE3, 0x2B, 0x3D, 0xBE, 0xFF, 0x05, 0xC5, 0x9B, 0x01, 0xA4, 0x24, 0x49,
    0x9A, 0xC7, 0x7F, 0x99, 0xB1, 0x3A, 0x67, 0x3B, 0xEC, 0xC4, 0xE0, 0xB0, 0xCC, 0xF6, 0xCB, 0xC3,
    0xE0, 0xB8, 0xF7, 0x2A, 0x0F, 0xCB, 0x35, 0xB2, 0xAA, 0xA2, 0x6F, 0x31, 0x00, 0x0D, 0x00, 0x6E,
    0x0E, 0x00, 0xDC, 0x2C, 0x1A, 0xCF, 0x5E, 0x75, 0x57, 0xAE, 0xC1, 0x62, 0x31, 0xC3, 0x01, 0xE0,
    0x06, 0x00, 0x9C, 0x46, 0xA3, 0x6E, 0x55, 0x77, 0xC5, 0xCC, 0xE1, 0x30, 0x98, 0xEC, 0x1B, 0x2C,
    0x8E, 0xDB, 0x98, 0x9B, 0xC6, 0x71, 0xEC, 0xC6, 0xEC, 0xE6, 0xDC, 0xE5, 0xDC, 0xD4, 0xAB, 0xB8,
    0xFC, 0xBA, 0x32, 0x55, 0xD5, 0xF5, 0xBC, 0xED, 0x9D, 0xD9, 0x7A, 0xDD, 0xC1, 0xFF, 0x8F, 0x99,
    0xCA, 0x88, 0xEF, 0x17, 0x91, 0x2F, 0xE2, 0xCB, 0x2F, 0xB3, 0x01, 0x80, 0x79, 0xAC, 0x60, 0x25,
    0xF6, 0x75, 0xCD, 0x78, 0x20, 0x0F, 0xC0, 0x44, 0xAC, 0x14, 0x7B, 0x20, 0x16, 0x1A, 0x48, 0x7D,
    0x67, 0xCA, 0x2D, 0x40, 0x57, 0x9D, 0x19, 0x3B, 0x83, 0x9C, 0xCE, 0xC6, 0x94, 0x30, 0x63, 0x0C,
    0x31, 0x5E, 0x90, 0xC4, 0xB8, 0x21, 0x0D, 0x4C, 0x50, 0x35, 0x05, 0xDA, 0x75, 0x66, 0x2C, 0x39,
    0x05, 0x9D, 0x4D, 0xE4, 0x42, 0x00, 0xA6, 0xD1, 0x21, 0xDA, 0x6F, 0x85, 0x9F, 0x25, 0xF1, 0x62,
    0xA1, 0x1A, 0xBD, 0x30, 0x2E, 0x6D, 0x0C, 0x84, 0xA2, 0xD3, 0x84, 0x24, 0x8C, 0x3B, 0x95, 0xA4,
    0x7E, 0x86, 0xAA, 0xB7, 0x32, 0x6E, 0xCC, 0x9F, 0xBB, 0xE2, 0xD6, 0xFF, 0x38, 0x13, 0x3F, 0xAA,
    0xD2, 0x8D, 0x19, 0xA0, 0xEE, 0x27, 0x35, 0x3C, 0xC8, 0x1C, 0x8C, 0x73, 0x0B, 0xC5, 0x06, 0xD0,
    0xCD, 0x4B, 0x03, 0xFD, 0x21, 0x81, 0x52, 0xD5, 0x4C, 0x8C, 0xC3, 0x44, 0xC8, 0xDA, 0x23, 0x02,
    0xBF, 0x38, 0x90, 0x13, 0x80, 0xFB, 0x40, 0xEA, 0x00, 0xF5, 0x81, 0x58, 0xB4, 0x90, 0x6C, 0x9E,
    0x87, 0xE1, 0xF7, 0x30, 0xDC, 0xB3, 0x18, 0xDA, 0xC2, 0x29, 0xE0, 0xB7, 0x5D, 0xAB, 0x0F, 0xFB,
    0x8E, 0x37, 0x40, 0x62, 0x91, 0xA0, 0x24, 0x26, 0x72, 0x60, 0x0C, 0xBC, 0x01, 0x00, 0xD9, 0x06,
    0xA6, 0xB1, 0x4E, 0x2E, 0xB2, 0xA0, 0x3C, 0xAD, 0x76, 0xCC, 0x24, 0xCE, 0x02, 0x98, 0xF4, 0xBF,
    0xBC, 0x0B, 0xCC, 0x80, 0x65, 0xAF, 0x45, 0xAF, 0x25, 0x69, 0x35, 0x23, 0x73, 0x13, 0x4C, 0x55,
    0x54, 0x73, 0x4C, 0x5C, 0x93, 0xC4, 0xF7, 0x80, 0x57, 0x80, 0xA2, 0xBF, 0xBA, 0x81, 0xC4, 0x77,
    0xAA, 0x00, 0xA0, 0x68, 0x65, 0xA2, 0xC8, 0x7C, 0x5E, 0x19, 0xAB, 0xDC, 0x88, 0x84, 0xF1, 0x5E,
    0xFF, 0x2D, 0x83, 0x52, 0x16, 0x98, 0x6A, 0x46, 0xC1, 0xF4, 0xD6, 0x1A, 0x13, 0x03, 0x69, 0xAC,
    0x80, 0xB9, 0x85, 0xE8, 0x50, 0x9F, 0xD5, 0x18, 0x1B, 0xB8, 0xC1, 0x1D, 0xE0, 0xEA, 0x58, 0xD4,
    0x1A, 0xF4, 0x05, 0x14, 0x39, 0x2C, 0xB5, 0xC5, 0xAB, 0x0A, 0x38, 0x16, 0x0B, 0x70, 0x0F, 0x78,
    0x08, 0xC0, 0xD5, 0x72, 0x34, 0x9D, 0xC2, 0x56, 0xC0, 0xF1, 0x18, 0x00, 0x43, 0x89, 0xAE, 0x1A,
    0xD4, 0x27, 0x9E, 0x24, 0x56, 0xB0, 0xB9, 0x5A, 0x16, 0x80, 0x3B, 0x49, 0x4D, 0xA9, 0x1D, 0x45,
    0x01, 0x66, 0x0D, 0x59, 0x38, 0x2E, 0xD3, 0x29, 0xF7, 0xC9, 0x53, 0x8F, 0x79, 0xB7, 0x22, 0x8B,
    0x90, 0xAE, 0x61, 0x68, 0x71, 0xD3, 0xA9, 0x63, 0x0A, 0x59, 0x48, 0x03, 0xEB, 0xD4, 0x33, 0x53,
    0x9E, 0xB1, 0xAA, 0x3B, 0x39, 0xC6, 0x59, 0x27, 0x2D, 0xAA, 0xB8, 0x6B, 0x2A, 0x84, 0x77, 0x69,
    0xA0, 0xCD, 0xA1, 0x29, 0x48, 0xC3, 0x08, 0xE5, 0x27, 0xC8, 0xDF, 0xEF, 0x9C, 0x69, 0xC7, 0x34,
    0xDF, 0x32, 0x95, 0x53, 0x80, 0xD9, 0x04, 0xC1, 0x1F, 0x23, 0x3E, 0x03, 0x68, 0x1E, 0x20, 0x7E,
    0x1F, 0xE6, 0x75, 0x80, 0x34, 0x7E, 0x11, 0x40, 0xFB, 0x93, 0x00, 0xB9, 0xCD, 0x3C, 0x8C, 0x50,
    0x35, 0x8C, 0x11, 0x97, 0xBD, 0x41, 0x28, 0x33, 0x07, 0x0B, 0xB4, 0x83, 0x16, 0x53, 0x21, 0x6E,
    0x61, 0x41, 0x61, 0x61, 0xC9, 0xDB, 0xC0, 0xF4, 0xAF, 0x7E, 0x05, 0x14, 0xB1, 0x00, 0xB2, 0x76,
    0x04, 0x30, 0x8D, 0x95, 0x58, 0x03, 0xB3, 0x64, 0x0D, 0x4B, 0xA6, 0xB0, 0x20, 0xEF, 0xAF, 0x6E,
    0xC4, 0x42, 0x67, 0x89, 0xD8, 0x34, 0x86, 0xA7, 0x96, 0x5B, 0xE5, 0xC9, 0x65, 0xEC, 0x42, 0x86,
    0x9E, 0x20, 0xF4, 0x32, 0xF0, 0x12, 0x5D, 0x21, 0x83, 0x2B, 0xF9, 0x79, 0x2E, 0x9B, 0x76, 0x84,
    0x3C, 0x3E, 0x01, 0x20, 0x47, 0x46, 0xAA, 0x7B, 0x63, 0x0C, 0x50, 0xF6, 0x56, 0xF8, 0x19, 0xB2,
    0x0F, 0x22, 0x1B, 0x21, 0xB2, 0x13, 0x62, 0x20, 0x50, 0x88, 0xC9, 0x66, 0xC8, 0x58, 0x4C, 0xB6,
    0x43, 0xE1, 0xAD, 0x07, 0x33, 0x32, 0x72, 0xE1, 0x28, 0x6E, 0x7D, 0x25, 0xA3, 0xFD, 0x5B, 0x45,
    0xBA, 0xD1, 0x15, 0x00, 0xA0, 0xE2, 0x1A, 0xB2, 0xD8, 0xF2, 0x75, 0x2D, 0x89, 0x31, 0x6E, 0x2D,
    0x0D, 0x80, 0xF2, 0x62, 0xB5, 0x98, 0x03, 0xB2, 0xC1, 0x84, 0x08, 0xE1, 0x68, 0xC4, 0x04, 0x0B,
    0x30, 0x03, 0x0E, 0x05, 0xC0, 0x88, 0x01, 0x67, 0xC7, 0x34, 0x8F, 0xD1, 0xB1, 0x12, 0xBB, 0xF4,
    0xC8, 0xCE, 0xBF, 0x94, 0xF1, 0x6D, 0xF6, 0x44, 0x3B, 0x63, 0x55, 0x2D, 0x4B, 0x5A, 0xA2, 0xDD,
    0x32, 0x59, 0x55, 0xAB, 0x78, 0x41, 0x8C, 0xEF, 0xD1, 0x82, 0x48, 0x16, 0xB7, 0x9A, 0x91, 0xDB,
    0xA9, 0x7D, 0x84, 0x89, 0xED, 0xEE, 0x96, 0x25, 0xE3, 0xA4, 0xB3, 0xAA, 0x04, 0xF5, 0xB8, 0x15,
    0xAA, 0x00, 0xCC, 0xAB, 0x97, 0x06, 0xFA, 0xEC, 0x91, 0x7D, 0x44, 0xE0, 0xC2, 0x02, 0x53, 0xC4,
    0x5E, 0xE2, 0x7A, 0x26, 0x2D, 0xA4, 0xA2, 0x86, 0x63, 0xAE, 0xE7, 0x8B, 0x03, 0xE0, 0x3A, 0xC0,
    0x1D, 0x00, 0x0F, 0xA4, 0x9F, 0x02, 0x49, 0x74, 0xC0, 0xEA, 0xDB, 0x62, 0x3C, 0xC4, 0xC4, 0x86,
    0x54, 0x3A, 0xB9, 0x06, 0x9C, 0x02, 0xE7, 0xA2, 0xDB, 0x30, 0x0F, 0x50, 0xD4, 0x00, 0x40, 0x66,
    0x6F, 0x08, 0xD0, 0x0C, 0x92, 0xDF, 0x06, 0x40, 0x2E, 0x60, 0x6E, 0x5F, 0xDA, 0xED, 0x7A, 0x13,
    0xCF, 0x99, 0xAA, 0x31, 0x6F, 0x59, 0xF4, 0x05, 0xA8, 0x63, 0xDE, 0xAE, 0xD3, 0x0A, 0x01, 0x54,
    0xBF, 0xF5, 0xC8, 0x51, 0xF9, 0x2A, 0x37, 0x19, 0x9A, 0xFC, 0xA0, 0x88, 0x81, 0x47, 0xB7, 0xD6,
    0x49, 0xC3, 0x58, 0x79, 0xCE, 0x84, 0xCA, 0x54, 0x20, 0x24, 0x39, 0xC3, 0x71, 0x19, 0xDB, 0x4E,
    0xCD, 0x18, 0x44, 0x92, 0x12, 0x76, 0x4A, 0xC3, 0x04, 0xE5, 0x0B, 0x8C, 0x37, 0xF5, 0xBC, 0xCE,
    0xE2, 0xEF, 0x5C, 0xB2, 0x7A, 0xC7, 0xC1, 0xB4, 0xD3, 0xAA, 0x26, 0xFD, 0x3C, 0xA0, 0xDD, 0x82,
    0x57, 0x29, 0x19, 0x9A, 0x6E, 0x73, 0xA6, 0xF1, 0x6F, 0xB9, 0x48, 0x7F, 0x9D, 0x06, 0x1E, 0xAA,
    0xED, 0x41, 0x5A, 0xF6, 0x47, 0xD5, 0xB9, 0x81, 0x45, 0x0E, 0x8D, 0xC8, 0xA0, 0x82, 0xA9, 0xAE,
    0x07, 0xED, 0xEF, 0x06, 0x15, 0xBB, 0xD8, 0x57, 0xEF, 0xD4, 0xA0, 0x1C, 0x64, 0xEE, 0x3B, 0x98,
    0x6A, 0x64, 0xE7, 0xE4, 0x71, 0x4D, 0x3A, 0x1C, 0xCB, 0x86, 0x53, 0xB4, 0x9D, 0x91, 0x7D, 0x10,
    0x50, 0xB1, 0x86, 0x95, 0xBD, 0x5A, 0x4E, 0x40, 0x73, 0x83, 0xCC, 0xCE, 0x50, 0x8F, 0xE5, 0xAE,
    0xF3, 0x32, 0xE6, 0xD5, 0xB3, 0x4E, 0x7B, 0xDD, 0x03, 0xE0, 0x8A, 0xD7, 0xD2, 0xEE, 0xC6, 0x83,
    0x2B, 0x66, 0xBB, 0x22, 0x86, 0xBE, 0x15, 0x3D, 0xCA, 0x90, 0x8F, 0x3D, 0x00, 0x02, 0x40, 0xDA,
    0xC7, 0xA3, 0xFB, 0x51, 0x8A, 0x9E, 0xF7, 0xCA, 0xD7, 0xB1, 0x02, 0x56, 0x35, 0xA4, 0xB2, 0x07,
    0x69, 0xD7, 0x70, 0xF0, 0xB7, 0x09, 0x69, 0xC0, 0x90, 0x7A, 0x72, 0x94, 0xA7, 0x40, 0xD5, 0x8C,
    0x0E, 0x13, 0x1D, 0xC9, 0x7D, 0x99, 0x61, 0x2A, 0x96, 0x98, 0x18, 0xDB, 0xAD, 0x49, 0x24, 0x62,
    0x81, 0x11, 0x49, 0x60, 0x22, 0xFD, 0x8C, 0xC5, 0x4A, 0xD4, 0x7E, 0xDA, 0x22, 0xA9, 0x1A, 0xAD,
    0x18, 0x2B, 0x90, 0xEC, 0x39, 0xFB, 0xC4, 0x91, 0x27, 0x01, 0xC9, 0x40, 0x01, 0x58, 0x00, 0x0D,
    0x10, 0x10, 0x49, 0x6F, 0xA4, 0x5E, 0xB4, 0xB2, 0xEA, 0x97, 0xB1, 0x56, 0xFF, 0x9E, 0x05, 0xF5,
    0x24, 0x0D, 0x99, 0x4F, 0x82, 0x76, 0x04, 0x5D, 0x25, 0x41, 0x92, 0x34, 0x89, 0xDA, 0xA0, 0xEA,
    0xBC, 0x93, 0x84, 0x3C, 0x22, 0x73, 0xE3, 0x4E, 0x12, 0xAF, 0x68, 0x0F, 0xAC, 0xA6, 0x60, 0x1A,
    0x63, 0xF4, 0x73, 0xB1, 0xFF, 0x0F, 0x66, 0x9F, 0x05, 0x2B, 0x9E, 0x01, 0xF3, 0x97, 0x83, 0x75,
    0x0E, 0x0D, 0x98, 0xA7, 0x5D, 0x34, 0x47, 0x03, 0x90, 0x91, 0xC1, 0x6C, 0x7E, 0x00, 0xDF, 0xCB,
    0xD7, 0x48, 0x87, 0x5F, 0x9B, 0x08, 0xA4, 0x62, 0xB0, 0x00, 0x68, 0x01, 0x1A, 0x80, 0x00, 0x24,
    0x62, 0xE9, 0x53, 0xF3, 0xCF, 0x3F, 0x5F, 0x9E, 0x9A, 0x1D, 0x2C, 0x07, 0x56, 0xBB, 0x03, 0xE4,
    0xD1, 0x2D, 0x19, 0xA7, 0xE2, 0xD6, 0x86, 0xFD, 0x36, 0x8F, 0x96, 0x55, 0x04, 0xF2, 0x5E, 0x23,
    0x60, 0xDC, 0xAB, 0x04, 0x66, 0xC0, 0x22, 0x71, 0xB4, 0xBA, 0xA6, 0x29, 0x2C, 0xE1, 0x21, 0xC9,
    0xEF, 0x02, 0x3C, 0xED, 0x13, 0x00, 0xFA, 0xBC, 0x55, 0x8B, 0x01, 0x2F, 0x8F, 0x11, 0x20, 0x46,
    0xD1, 0x15, 0x30, 0x6A, 0xCE, 0x40, 0x8E, 0x0E, 0xB2, 0xC7, 0x0D, 0xDB, 0x8D, 0x9C, 0x95, 0x7D,
    0x59, 0xA0, 0x49, 0xAD, 0x2A, 0x82, 0xB1, 0xB4, 0x13, 0x98, 0xAF, 0x21, 0xF7, 0x47, 0x02, 0x7E,
    0x91, 0x20, 0xBB, 0xEC, 0x2E, 0xF1, 0x40, 0xFA, 0x58, 0x2C, 0x3A, 0xE0, 0x51, 0xDF, 0xB3, 0x0E,
    0x5B, 0x65, 0xF5, 0xB7, 0xC0, 0xCB, 0x7A, 0xBC, 0x65, 0x8F, 0x57, 0x6D, 0xFB, 0xFD, 0x33, 0xC0,
    0x83, 0xDA, 0x2B, 0x43, 0x25, 0x1B, 0x80, 0xE9, 0xCE, 0x5E, 0xDE, 0x6D, 0xFC, 0x47, 0xAF, 0x5E,
    0xA0, 0xE8, 0x34, 0x92, 0x52, 0x5F, 0xFF, 0xD8, 0x5F, 0x76, 0x9A, 0x29, 0xC7, 0x32, 0x73, 0x2C,
    0xB4, 0x5C, 0x59, 0xD1, 0x18, 0x8B, 0x6C, 0x63, 0x7B, 0x3B, 0xB6, 0x12, 0xD5, 0xB2, 0x85, 0x4D,
    0x31, 0x2E, 0xAF, 0xE6, 0x56, 0x4B, 0xDD, 0x70, 0xE5, 0xA1, 0x65, 0x42, 0xB2, 0x66, 0x4E, 0xBA,
    0x66, 0x05, 0x0D, 0x63, 0x76, 0x2D, 0xF5, 0xB4, 0x02, 0xDB, 0x08, 0x6C, 0xD8, 0x5A, 0xE6, 0x92,
    0x80, 0x76, 0xA9, 0xA4, 0x93, 0x9D, 0x49, 0x52, 0x2A, 0xE6, 0x30, 0x74, 0x96, 0x93, 0x89, 0x69,
    0xC7, 0x08, 0x5D, 0x31, 0xC1, 0x58, 0xC6, 0x62, 0xE5, 0x2E, 0x2F, 0xFE, 0x0B, 0xB1, 0xA5, 0xC0,
    0x4F, 0xC7, 0x80, 0x5E, 0x33, 0x3C, 0xC6, 0x14, 0x0E, 0xE6, 0x9E, 0xA4, 0x09, 0x48, 0xB5, 0x51,
    0x73, 0xCA, 0xD0, 0xA4, 0x5E, 0x21, 0x82, 0x05, 0xD0, 0xEE, 0x4E, 0xA6, 0x67, 0x39, 0xFB, 0x33,
    0x57, 0x34, 0x9C, 0xEB, 0x55, 0x89, 0xB1, 0x13, 0x0A, 0x8A, 0x5B, 0xF2, 0x90, 0xD0, 0xF6, 0xE5,
    0x1C, 0xD5, 0x02, 0x66, 0x0D, 0x4C, 0x46, 0xC0, 0xC2, 0x58, 0x0E, 0xEA, 0x6C, 0x7D, 0xA9, 0x3D,
    0xC6, 0xC3, 0x65, 0xED, 0x49, 0xC4, 0x2E, 0xCB, 0xF0, 0x67, 0x0C, 0xB6, 0x00, 0x68, 0xE0, 0xFB,
    0x62, 0x13, 0x02, 0xE4, 0x3F, 0x0D, 0x90, 0x7D, 0x2A, 0x71, 0xFF, 0xB7, 0x07, 0x56, 0x0E, 0xC8,
    0x2D, 0xC8, 0xC4, 0xD6, 0x69, 0xA0, 0xB0, 0xA9, 0xE7, 0x21, 0xAA, 0x4E, 0x9B, 0xCE, 0x74, 0x8D,
    0x72, 0x45, 0x45, 0xE6, 0xEE, 0x81, 0xFE, 0xA0, 0xED, 0xEC, 0x67, 0x1E, 0xCC, 0x3F, 0xD4, 0x60,
    0x56, 0x01, 0xCC, 0x85, 0x74, 0xEA, 0x5B, 0x28, 0xAA, 0x59, 0x67, 0x4C, 0x40, 0x58, 0x87, 0x89,
    0x97, 0xD2, 0x17, 0x59, 0xCD, 0x12, 0x15, 0x58, 0xC8, 0x28, 0x7B, 0x6D, 0x0A, 0x70, 0x17, 0x60,
    0x0D, 0xD0, 0x30, 0xDC, 0xF1, 0xF5, 0xF3, 0x32, 0x80, 0x4F, 0x86, 0x03, 0x34, 0x09, 0x99, 0x27,
    0x68, 0x97, 0x04, 0x5D, 0xA9, 0xDA, 0xD8, 0xDC, 0x9A, 0xE4, 0x02, 0x93, 0x57, 0xE4, 0xC6, 0x32,
    0xCA, 0xDC, 0x0F, 0x46, 0xAA, 0x5E, 0x8E, 0xBB, 0x3C, 0xA7, 0x24, 0xBA, 0x72, 0x3F, 0x73, 0x7D,
    0xD8, 0x8F, 0xDB, 0x48, 0xDF, 0xFB, 0xB9, 0x58, 0xD2, 0xEA, 0x2A, 0xF3, 0xC6, 0x4A, 0x21, 0xED,
    0x1E, 0x26, 0x69, 0xC9, 0x33, 0x4F, 0x5E, 0x54, 0x8C, 0x56, 0x8E, 0xE9, 0x57, 0x9E, 0xE9, 0xBF,
    0x06, 0xA6, 0xB6, 0xA5, 0x64, 0xC9, 0x8C, 0x49, 0xE7, 0xB9, 0x95, 0xA2, 0x8D, 0x4C, 0x19, 0x09,
    0x08, 0xB6, 0xF0, 0x33, 0xEE, 0x39, 0xFE, 0x06, 0xA0, 0x1F, 0xA7, 0xE7, 0x50, 0xF5, 0xE1, 0xFD,
    0xA2, 0x45, 0xD5, 0x2E, 0xE3, 0x34, 0xEC, 0xB2, 0xCE, 0x11, 0x30, 0xE1, 0xF0, 0x8F, 0x75, 0x1E,
    0x63, 0xB5, 0x8A, 0xD1, 0xC2, 0x6B, 0xC0, 0x42, 0x3A, 0xEF, 0xEB, 0xDD, 0x16, 0xAE, 0xC1, 0x6A,
    0x38, 0xB3, 0x46, 0x7B, 0x17, 0x8A, 0x66, 0x7B, 0x73, 0x2B, 0xFA, 0xDA, 0x7B, 0xF8, 0x3A, 0x99,
    0x2B, 0xD0, 0x6E, 0x8D, 0x7E, 0x27, 0x60, 0xDE, 0xAA, 0x30, 0x1B, 0xC8, 0xFC, 0x55, 0x31, 0x1C,
    0xAE, 0x49, 0xD2, 0xC8, 0x18, 0x43, 0xDF, 0x57, 0xC7, 0x32, 0x34, 0x53, 0x77, 0x72, 0x90, 0x5B,
    0x28, 0x76, 0x43, 0xF4, 0x11, 0xDF, 0x25, 0x09, 0x33, 0xD2, 0xB0, 0x20, 0xF5, 0xB2, 0x39, 0x84,
    0x23, 0x31, 0x67, 0x7E, 0x15, 0xB5, 0x8B, 0x51, 0x57, 0x8C, 0x64, 0xAB, 0x32, 0x50, 0xBE, 0xFA,
    0x02, 0xD7, 0x28, 0x77, 0xC6, 0x16, 0x95, 0xA1, 0xB0, 0x7F, 0x48, 0xBC, 0xCF, 0x5F, 0x83, 0xA2,
    0xDA, 0x9E, 0x1C, 0xD3, 0x6F, 0x14, 0x2B, 0x33, 0x60, 0x79, 0x09, 0xAF, 0xC8, 0x5F, 0x47, 0xFD,
    0xC7, 0x06, 0x15, 0x9F, 0x30, 0xFF, 0x12, 0x56, 0x0E, 0xDE, 0xBC, 0x64, 0xCE, 0xF3, 0x18, 0x7D,
    0x11, 0x63, 0xAD, 0x63, 0xC0, 0xC4, 0xCB, 0x26, 0x60, 0xB8, 0xF0, 0x96, 0xC5, 0xAC, 0x2C, 0x6F,
    0x6F, 0x78, 0x3D, 0x5A, 0xA6, 0x8F, 0xE0, 0x4F, 0xB7, 0x5C, 0xEF, 0x33, 0x4B, 0x03, 0x4B, 0xE3,
    0x58, 0x4C, 0xE1, 0x8B, 0x16, 0xA2, 0xA7, 0xDF, 0x3A, 0x2C, 0xF4, 0x75, 0x99, 0x7A, 0xD8, 0x92,
    0x47, 0x00, 0xDF, 0x07, 0x00, 0xD2, 0x35, 0x86, 0xF4, 0x02, 0x83, 0xDA, 0x90, 0xA3, 0x22, 0x23,
    0xD4, 0xAF, 0x3A, 0xCB, 0x3E, 0x66, 0x8C, 0xFE, 0xD8, 0x96, 0xE8, 0x9F, 0xCB, 0x91, 0xF0, 0xA6,
    0x9B, 0x61, 0x7E, 0xE4, 0xCE, 0x31, 0xAA, 0x5E, 0x90, 0xA7, 0x75, 0x43, 0x9E, 0xF8, 0xC0, 0x28,
    0x09, 0x81, 0x31, 0x9F, 0x8B, 0x7D, 0x11, 0x28, 0xF9, 0x85, 0x67, 0xC6, 0xBC, 0xEE, 0x6C, 0x5A,
    0xB3, 0x60, 0xEA, 0x68, 0x28, 0x1C, 0x90, 0xF6, 0x1B, 0x4D, 0xFE, 0xCC, 0x46, 0xA3, 0xEA, 0xDD,
    0x43, 0x46, 0xB6, 0xF7, 0x90, 0x61, 0xF6, 0x1E, 0x32, 0x72, 0x2E, 0x7F, 0xC8, 0x78, 0x71, 0x10,
    0xBB, 0xF6, 0xF0, 0x92, 0x73, 0x40, 0xB9, 0x23, 0x00, 0x3D, 0x67, 0xD3, 0xEF, 0x5B, 0xC6, 0x29,
    0x28, 0xB7, 0x84, 0x74, 0x57, 0x9B, 0x5B, 0xB1, 0xD7, 0x5E, 0xEC, 0xC4, 0xFC, 0x80, 0xFB, 0x98,
    0x34, 0xA0, 0x3F, 0x72, 0xA8, 0xDD, 0xEB, 0x98, 0x63, 0xAC, 0x70, 0xCE, 0xE1, 0x4E, 0x77, 0x13,
    0xF8, 0xF1, 0xB6, 0x5F, 0xBE, 0x7D, 0xBF, 0xE6, 0x99, 0x3B, 0xE7, 0x37, 0x32, 0x41, 0x1F, 0x33,
    0x4C, 0xD0, 0xBB, 0x87, 0x13, 0xA4, 0x0E, 0x26, 0xE8, 0xE4, 0xE9, 0x04, 0xB1, 0x37, 0x41, 0xFE,
    0x70, 0x82, 0xDC, 0xC1, 0x04, 0x65, 0x15, 0x7C, 0x5F, 0x77, 0x36, 0x35, 0x16, 0xCC, 0xC7, 0x80,
    0x8A, 0x00, 0xCB, 0x3F, 0x76, 0x7A, 0x8C, 0x45, 0xF4, 0x86, 0x81, 0xBB, 0x39, 0xE4, 0x6F, 0x41,
    0x76, 0x01, 0x49, 0x0B, 0x00, 0x3A, 0x36, 0x98, 0x4E, 0x70, 0xD8, 0xD2, 0x68, 0xB7, 0x25, 0xA4,
    0xA4, 0x4D, 0x1A, 0x66, 0xAA, 0x66, 0xAC, 0x1D, 0x13, 0x53, 0x31, 0xC9, 0x61, 0x52, 0x6C, 0x35,
    0x9E, 0x74, 0x1A, 0xC3, 0xAC, 0xD3, 0xB2, 0x53, 0x5B, 0x42, 0x53, 0x22, 0x65, 0x24, 0x55, 0x17,
    0x18, 0x67, 0xAA, 0x39, 0x59, 0x5C, 0x93, 0xAC, 0x6A, 0x00, 0xC8, 0x63, 0xE8, 0xE4, 0xD9, 0x6F,
    0xFA, 0x02, 0x56, 0xD1, 0xA5, 0x6D, 0xE6, 0xB5, 0x13, 0x26, 0x9A, 0x1C, 0x16, 0x93, 0xAD, 0xDA,
    0x31, 0xD2, 0xA7, 0x28, 0x95, 0x7E, 0xBD, 0x6C, 0xBD, 0xA6, 0x9E, 0x5B, 0xE9, 0x97, 0xA1, 0xDF,
    0x57, 0x39, 0xC5, 0xB0, 0x20, 0xFB, 0x70, 0x57, 0xB6, 0xBC, 0x6A, 0x96, 0x53, 0xCE, 0x39, 0x21,
    0x60, 0xDE, 0xAC, 0xD1, 0xB1, 0x22, 0xD9, 0x1C, 0x91, 0xE9, 0xB5, 0xEF, 0x00, 0xE3, 0x1C, 0x58,
    0x8C, 0x21, 0x09, 0x0B, 0x50, 0x1F, 0x04, 0x48, 0x6F, 0x55, 0x7B, 0x58, 0x08, 0x97, 0x80, 0x21,
    0x64, 0x08, 0x1A, 0xC2, 0x86, 0xC0, 0x21, 0x74, 0x14, 0xBD, 0x8D, 0x11, 0x40, 0x84, 0x10, 0x41,
    0x14, 0x6B, 0x91, 0x20, 0x10, 0x4A, 0x04, 0x13, 0xE1, 0x44, 0x40, 0x85, 0x94, 0x01, 0xF5, 0xB5,
    0x3F, 0x41, 0xA2, 0x90, 0x20, 0xD4, 0xE3, 0x80, 0xFE, 0x91, 0xE3, 0x5A, 0x6A, 0x8F, 0xC2, 0x79,
    0xED, 0xE9, 0x03, 0x5D, 0x67, 0xC9, 0x45, 0x0E, 0x99, 0xCF, 0x91, 0x02, 0x1F, 0xE4, 0x74, 0x36,
    0x62, 0x3C, 0x7C, 0xA3, 0xB1, 0xB5, 0xF9, 0x05, 0x4B, 0x56, 0xEB, 0xCE, 0x16, 0xD0, 0xD2, 0x88,
    0x05, 0x58, 0x20, 0x96, 0x04, 0x90, 0xB3, 0x8E, 0x49, 0xEA, 0xA1, 0xF8, 0x7B, 0x0F, 0x3A, 0xC6,
    0xD0, 0x41, 0x74, 0xC6, 0xDC, 0x3E, 0x22, 0x8D, 0xFF, 0x1C, 0x5D, 0xF6, 0xF8, 0xBF, 0xDE, 0xA9,
    0x0D, 0x17, 0x89, 0x3F, 0x61, 0x99, 0xF8, 0x33, 0x16, 0xAA, 0x2E, 0x69, 0x72, 0x57, 0x12, 0x23,
    0x33, 0xE2, 0x13, 0xCE, 0x09, 0x70, 0x9E, 0x88, 0xA9, 0x00, 0xA5, 0x0A, 0xDA, 0x8E, 0xF3, 0xF3,
    0x82, 0xE2, 0x62, 0xBA, 0x46, 0x37, 0xDA, 0x03, 0x09, 0xC3, 0xC1, 0xA9, 0x1D, 0x90, 0x03, 0x94,
    0x00, 0x6F, 0xEC, 0x9E, 0x87, 0xBD, 0xD8, 0x9A, 0x34, 0xF0, 0x88, 0xA1, 0xF8, 0x98, 0x6F, 0x2D,
    0x73, 0x14, 0x62, 0x13, 0xB9, 0xFC, 0x6E, 0xBF, 0xDB, 0xC4, 0x18, 0xC4, 0x2C, 0x46, 0x06, 0xCF,
    0x69, 0xA1, 0x60, 0xC6, 0x30, 0x11, 0x85, 0x58, 0x0E, 0xB2, 0x39, 0x31, 0x93, 0x0B, 0x97, 0xDB,
    0x08, 0xBE, 0x03, 0x14, 0xC0, 0x0C, 0x68, 0x20, 0xDD, 0x7D, 0xAE, 0xB1, 0x5A, 0x17, 0x21, 0xB6,
    0x31, 0xF0, 0x8B, 0x1A, 0xFE, 0xF7, 0xF0, 0xC0, 0x48, 0x2E, 0x49, 0x2A, 0x44, 0xBA, 0x12, 0xBD,
    0x48, 0x88, 0x5D, 0x9B, 0xFF, 0xBE, 0x23, 0xB4, 0x88, 0x7A, 0x3D, 0xDD, 0x4C, 0xD7, 0x8C, 0x1E,
    0xC0, 0xA4, 0xDA, 0x2B, 0x46, 0x5F, 0x9E, 0x6A, 0x0E, 0xA0, 0xA2, 0xA1, 0xE9, 0x3E, 0x4D, 0x1E,
    0x0A, 0xE2, 0x67, 0x40, 0xC9, 0xD0, 0xA4, 0x82, 0x8C, 0xB6, 0x0D, 0xA8, 0x5F, 0xD6, 0xFD, 0x9F,
    0x1A, 0x1B, 0x76, 0xED, 0x05, 0x4F, 0xCC, 0xFD, 0xD4, 0x31, 0x93, 0xDC, 0x7A, 0x0A, 0x66, 0x0D,
    0x3A, 0x00, 0x1C, 0x65, 0x85, 0x81, 0xDB, 0x00, 0x0D, 0x08, 0xCA, 0xF6, 0x7F, 0x62, 0x00, 0xBE,
    0xBB, 0xDB, 0x41, 0x6B, 0x28, 0xE2, 0x05, 0x3C, 0xB2, 0x73, 0x9B, 0x34, 0x02, 0x14, 0x48, 0x84,
    0x9A, 0xDE, 0x02, 0x90, 0x5C, 0x00, 0xAC, 0xBE, 0x04, 0xB4, 0x5C, 0xC1, 0xEB, 0x2D, 0x7D, 0x40,
    0x8C, 0xF7, 0xEC, 0x15, 0x98, 0x31, 0x85, 0x96, 0xDC, 0xEB, 0x40, 0x26, 0x7B, 0x00, 0x6F, 0xCB,
    0x65, 0x24, 0x97, 0xE6, 0x81, 0xBC, 0xBE, 0x81, 0x18, 0xBD, 0x6A, 0xAE, 0x35, 0x99, 0xE3, 0x76,
    0x56, 0x6D, 0x43, 0x55, 0x4F, 0x20, 0x89, 0x5F, 0xC2, 0xEB, 0x51, 0x88, 0xEA, 0x21, 0x53, 0x2F,
    0x3B, 0x4D, 0xAB, 0xC2, 0x99, 0xB8, 0x21, 0x59, 0x3D, 0x01, 0xF2, 0x1A, 0x98, 0x07, 0xA0, 0x6D,
    0x90, 0x5F, 0xF4, 0x6F, 0x30, 0xE1, 0xC5, 0x73, 0x6E, 0x40, 0x45, 0x90, 0x6C, 0x68, 0xA4, 0x6A,
    0x6E, 0xE2, 0x81, 0xE3, 0x70, 0x7E, 0x33, 0x88, 0x27, 0x3B, 0x88, 0xE6, 0xF7, 0x42, 0xAC, 0x29,
    0x06, 0x88, 0x9E, 0x5D, 0x01, 0xE8, 0xDB, 0x40, 0xB2, 0x00, 0xB8, 0x09, 0x4C, 0x1A, 0xA0, 0xA8,
    0x9F, 0x87, 0xF1, 0x9F, 0x03, 0x86, 0xEB, 0x6F, 0x4C, 0x3F, 0x60, 0xE4, 0x31, 0x92, 0xC6, 0x06,
    0xBE, 0x07, 0xDC, 0xB0, 0x70, 0xCD, 0x03, 0x01, 0xBE, 0xF2, 0x7B, 0x9F, 0x42, 0xA8, 0xEA, 0x55,
    0x48, 0xFD, 0x18, 0x68, 0x1A, 0x60, 0xE5, 0x81, 0x69, 0xF5, 0x72, 0xD6, 0x12, 0x38, 0x45, 0xB2,
    0x5B, 0x8F, 0xFE, 0xF9, 0x2E, 0xBB, 0x3D, 0xD2, 0x7A, 0x4E, 0x63, 0x37, 0xD4, 0xBC, 0xB3, 0xEA,
    0xF2, 0xC2, 0xA9, 0x3E, 0x28, 0x9C, 0x5E, 0x5E, 0x5C, 0x9B, 0x1C, 0x52, 0xCD, 0x18, 0x6C, 0xC9,
    0x7E, 0x4B, 0x5A, 0x18, 0x5E, 0xD8, 0x1F, 0x96, 0x65, 0xA1, 0xF7, 0x1C, 0x38, 0xD9, 0x3D, 0x40,
    0x77, 0xF1, 0xD5, 0x52, 0x9B, 0x65, 0xF6, 0xBC, 0xC2, 0x62, 0xE6, 0x54, 0x5D, 0x54, 0xEA, 0x83,
    0x0B, 0xD4, 0x47, 0x61, 0x5B, 0x59, 0x6E, 0x61, 0x68, 0xAA, 0x2F, 0x64, 0xEB, 0xC3, 0x9D, 0x79,
    0x6F, 0x96, 0xC9, 0xA5, 0x1F, 0xFD, 0xAE, 0x03, 0x15, 0x39, 0x9C, 0x69, 0x5E, 0xE4, 0x64, 0xA5,
    0x01, 0x94, 0xA8, 0xC6, 0x28, 0x47, 0x9E, 0x55, 0x9C, 0xE8, 0xA3, 0x4D, 0xC8, 0x37, 0x01, 0x91,
    0x1F, 0x7B, 0xB1, 0x5A, 0x68, 0x0E, 0x40, 0x8A, 0xE7, 0x83, 0x3C, 0x77, 0x35, 0x7B, 0x35, 0x32,
    0x4E, 0x2B, 0xDA, 0x2B, 0x67, 0xA4, 0x95, 0xAA, 0xF3, 0x0E, 0xE0, 0x11, 0xEA, 0x5F, 0x24, 0xF8,
    0x4A, 0x82, 0xEF, 0x83, 0x6A, 0x7E, 0xCC, 0x0F, 0x57, 0x01, 0x4C, 0xC5, 0x5E, 0xDB, 0x7B, 0xE9,
    0xBB, 0xEC, 0xB4, 0xC8, 0x19, 0xBE, 0xAB, 0x23, 0x8C, 0xB6, 0x2F, 0xA0, 0x45, 0xB2, 0x1F, 0x78,
    0x49, 0x68, 0x97, 0x28, 0xB7, 0x20, 0x73, 0x2D, 0xBA, 0x93, 0xA9, 0x3A, 0xD9, 0x25, 0x53, 0xEE,
    0xDD, 0xBA, 0xA0, 0x88, 0x0D, 0xD7, 0xE2, 0x7B, 0x30, 0x7F, 0xCF, 0x22, 0xF1, 0xDE, 0x5E, 0x1D,
    0x8C, 0x65, 0x6C, 0xFA, 0xCC, 0xD3, 0xD1, 0x64, 0xEF, 0xE9, 0x68, 0x86, 0x11, 0xD9, 0x19, 0x39,
    0xD2, 0xE7, 0x8C, 0xC8, 0x24, 0xFB, 0x35, 0x45, 0x1C, 0xA1, 0xDB, 0x31, 0x00, 0x14, 0xD1, 0x77,
    0xAA, 0x01, 0xAE, 0x9C, 0x63, 0xF8, 0x32, 0x7D, 0x15, 0x8F, 0xCF, 0x51, 0x72, 0x9F, 0xB3, 0x24,
    0x90, 0x67, 0x0E, 0x13, 0x2D, 0xE9, 0xC5, 0xD5, 0xB3, 0xC8, 0x17, 0xE8, 0x77, 0x32, 0xC7, 0x38,
    0xB7, 0x14, 0x1B, 0xD0, 0xCD, 0x11, 0x99, 0x1E, 0x82, 0xFA, 0x99, 0x45, 0xAB, 0x0A, 0xA3, 0x5C,
    0xA7, 0x0A, 0xAD, 0x21, 0x5D, 0x5F, 0x2D, 0x57, 0xDA, 0x82, 0xFE, 0x6B, 0xB8, 0xA1, 0xE1, 0x54,
    0x64, 0xE0, 0xC6, 0x0D, 0xC8, 0x8E, 0xC9, 0x76, 0xFB, 0x35, 0x68, 0xA4, 0x4E, 0xDB, 0xA2, 0x3E,
    0xF4, 0x08, 0xDF, 0x77, 0xD5, 0xD5, 0x31, 0x61, 0x2D, 0xCA, 0x37, 0x64, 0x32, 0x56, 0xE6, 0x38,
    0x33, 0xF0, 0xC6, 0x2B, 0x47, 0x61, 0x39, 0x42, 0xBC, 0x2C, 0x99, 0x74, 0xF1, 0xAE, 0x29, 0x62,
    0xE8, 0xE2, 0xAD, 0xE0, 0xBB, 0x7D, 0x85, 0xC7, 0x43, 0xF2, 0xA9, 0x25, 0x89, 0x0E, 0xE6, 0xF6,
    0x0F, 0x89, 0xD5, 0x1E, 0xC6, 0xFA, 0x1B, 0x26, 0xD9, 0x3F, 0x52, 0xC4, 0x31, 0xBA, 0x2D, 0x81,
    0xF7, 0x41, 0x55, 0x60, 0xE8, 0xF4, 0x4A, 0xA7, 0x0B, 0xC8, 0x5A, 0x60, 0x6A, 0x01, 0x19, 0x45,
    0x7D, 0xE6, 0xC1, 0x54, 0x01, 0x6E, 0xF0, 0x43, 0x76, 0xCD, 0x40, 0x5A, 0x1B, 0x50, 0x6E, 0xB0,
    0xAC, 0xCA, 0x41, 0x57, 0x27, 0x69, 0x63, 0xEC, 0x89, 0x6A, 0x0C, 0xA3, 0xAC, 0xC9, 0x39, 0xD3,
    0x0F, 0x46, 0x9C, 0x99, 0x3B, 0x63, 0xC6, 0x27, 0xE7, 0x25, 0xE5, 0xE9, 0xF9, 0x8C, 0xB2, 0xBC,
    0x79, 0x4E, 0x79, 0xE7, 0xE6, 0x03, 0xCA, 0x70, 0x33, 0x74, 0x56, 0x06, 0x7E, 0x52, 0x8F, 0x3D,
    0x7F, 0xE7, 0x26, 0x35, 0xF3, 0x6A, 0xEA, 0x58, 0x59, 0x31, 0xA6, 0x15, 0x1C, 0x7E, 0x65, 0xE2,
    0xE5, 0x50, 0xDC, 0x05, 0x11, 0x4E, 0x3B, 0x95, 0x9D, 0xCE, 0x4E, 0x12, 0x7F, 0x76, 0x96, 0xD6,
    0xA3, 0x4E, 0x67, 0xA5, 0x72, 0x83, 0xCA, 0xF3, 0xAC, 0x2A, 0x17, 0xBA, 0x3A, 0x7F, 0x60, 0x6C,
    0xF3, 0xC0, 0xDC, 0x0A, 0x8B, 0xBF, 0x7C, 0xA7, 0x9E, 0x7F, 0x16, 0xAB, 0xE2, 0xA7, 0x17, 0x80,
    0x48, 0x45, 0x40, 0xBE, 0x9A, 0x66, 0xA2, 0x1C, 0x1D, 0x65, 0xCD, 0xAE, 0x8D, 0xC1, 0xB8, 0x09,
    0x14, 0xE4, 0x70, 0x17, 0x63, 0x91, 0x85, 0x52, 0x01, 0xE5, 0xB4, 0x43, 0x79, 0x63, 0x49, 0xC2,
    0x04, 0x68, 0x96, 0xC0, 0x3F, 0x35, 0xC0, 0xDC, 0x03, 0x53, 0x07, 0x14, 0xDF, 0xE4, 0x5C, 0xA2,
    0x70, 0xB0, 0xF2, 0x24, 0x9F, 0x07, 0x32, 0xB7, 0x38, 0x78, 0x89, 0xD9, 0x50, 0xF0, 0xB4, 0xFE,
    0xC8, 0x58, 0x94, 0x7A, 0xCA, 0x4E, 0xB3, 0xFE, 0x25, 0xEE, 0xA2, 0x53, 0x93, 0x3D, 0x55, 0x12,
    0x24, 0xB8, 0xCC, 0x5D, 0x0F, 0x2A, 0xFC, 0xC4, 0xA7, 0xF2, 0x31, 0xD1, 0xFC, 0xE0, 0x63, 0x22,
    0x3B, 0xB2, 0x2B, 0x8A, 0xD8, 0x6E, 0x3F, 0x26, 0x9A, 0xBE, 0xE9, 0x3B, 0xD3, 0x4F, 0xAD, 0xA7,
    0x7E, 0x29, 0xE8, 0xBC, 0x06, 0xD0, 0x02, 0x49, 0x60, 0xA8, 0x32, 0x58, 0xE0, 0x3A, 0x7D, 0x8B,
    0x72, 0xE4, 0x8B, 0x0D, 0x79, 0x40, 0x61, 0x81, 0xBB, 0x43, 0xF2, 0xA6, 0x02, 0x12, 0x2D, 0x30,
    0x05, 0x78, 0x08, 0x24, 0x0D, 0x90, 0x79, 0xC0, 0x54, 0xC3, 0x7F, 0x5F, 0x0F, 0x79, 0x9E, 0xD0,
    0x92, 0x5B, 0xE0, 0x1E, 0xC0, 0x2A, 0xC6, 0x35, 0x51, 0x0C, 0x92, 0xFE, 0x8A, 0xBC, 0x0F, 0xF6,
    0x01, 0xF0, 0x3E, 0x00, 0xAC, 0xDE, 0x2B, 0x55, 0x5C, 0x97, 0x99, 0x5B, 0xAD, 0x0D, 0x59, 0x30,
    0x68, 0x77, 0x9D, 0x62, 0x4B, 0x91, 0x7A, 0xD0, 0x15, 0x4C, 0xB0, 0xB4, 0x69, 0xAD, 0x7C, 0x12,
    0x8C, 0x23, 0x4C, 0x37, 0x36, 0xCC, 0xDE, 0xDE, 0x84, 0x19, 0x6F, 0xBB, 0x3E, 0xC2, 0xFC, 0xA9,
    0x55, 0x0C, 0xED, 0xC5, 0x23, 0xF6, 0xDA, 0x25, 0xA2, 0x47, 0xC2, 0x03, 0x48, 0x9D, 0xA6, 0xBF,
    0x2F, 0xDA, 0x76, 0xB8, 0x25, 0x0A, 0xF7, 0x72, 0x40, 0x0F, 0xFF, 0x59, 0x44, 0xFF, 0xA4, 0x72,
    0x34, 0xE0, 0xFF, 0x03, 0x55, 0xD4, 0x31, 0x8C, 0xDC, 0xC4, 0x17, 0xC7, 0xF1, 0xAF, 0x67, 0x94,
    0x38, 0xFF, 0xFF, 0x88, 0x0C, 0x25, 0xD2, 0x29, 0x71, 0x2F, 0xC2, 0x9A, 0x92, 0x62, 0xED, 0x9B,
    0xE4, 0x0A, 0x0A, 0x0A, 0xE8, 0x0B, 0xFA, 0x8A, 0x34, 0x14, 0x41, 0xDA, 0xB0, 0x16, 0xF4, 0x82,
    0xBE, 0xAF, 0xA9, 0x28, 0xB6, 0x38, 0x65, 0x07, 0x51, 0x50, 0xA4, 0x19, 0xE8, 0x25, 0x5C, 0x5C,
    0x1F, 0x0B, 0x19, 0x61, 0xA4, 0xDD, 0x1B, 0xDE, 0x93, 0xF7, 0xBC, 0xBA, 0xA7, 0x7B, 0x9F, 0x93,
    0xA5, 0xF1, 0xFB, 0x79, 0x3C, 0xF2, 0x02, 0x36, 0xDE, 0xA3, 0xEC, 0x30, 0x39, 0x07, 0xEA, 0x9C,
    0xE1, 0x4D, 0x31, 0x22, 0x7F, 0x1B, 0x6C, 0xA2, 0xC1, 0x45, 0x5A, 0x7C, 0x27, 0x54, 0x08, 0xF5,
    0x89, 0x86, 0x56, 0x69, 0x60, 0xA3, 0x5C, 0x2B, 0x13, 0x6B, 0x18, 0x85, 0x62, 0xA0, 0xC1, 0xF6,
    0xD4, 0xF8, 0x88, 0xEF, 0xB6, 0x50, 0xE6, 0x03, 0x14, 0xFB, 0x84, 0xD6, 0x43, 0xC5, 0x05, 0xC1,
    0x33, 0xE3, 0x34, 0x77, 0x9F, 0x8F, 0x98, 0xA9, 0x4C, 0x12, 0x29, 0x03, 0x7C, 0x60, 0xD4, 0xC8,
    0x1D, 0xED, 0x89, 0x89, 0x06, 0x1D, 0x3F, 0x63, 0x96, 0x0C, 0x27, 0x19, 0x69, 0x1B, 0xE6, 0x0C,
    0x4E, 0x19, 0x0C, 0xF7, 0x28, 0x7A, 0x59, 0x75, 0x99, 0x7C, 0xC7, 0x36, 0xCA, 0xE4, 0x6B, 0x14,
    0x1D, 0x3F, 0x29, 0x23, 0xB5, 0xB2, 0x9A, 0x1F, 0xDC, 0x28, 0xA6, 0x67, 0xAD, 0xE3, 0xF5, 0x2D,
    0xC8, 0x4A, 0x1B, 0xD9, 0x51, 0x46, 0x26, 0x9C, 0xE2, 0x3B, 0x45, 0x47, 0x5C, 0xC2, 0xB7, 0xCF,
    0x8F, 0x50, 0xE7, 0x49, 0x36, 0x96, 0x7F, 0x44, 0xCB, 0x04, 0xA1, 0xEC, 0xEE, 0x70, 0xC1, 0x07,
    0x93, 0xF1, 0x98, 0x5B, 0x2A, 0x1D, 0x2A, 0x24, 0x56, 0x3A, 0xB4, 0xD5, 0xA1, 0x8D, 0xB2, 0xC6,
    0x75, 0x6C, 0x74, 0xB2, 0x10, 0x84, 0x8A, 0x79, 0xFC, 0x86, 0x77, 0xD0, 0x96, 0x3F, 0x69, 0xC6,
    0x0A, 0xDC, 0xD4, 0xA0, 0xF5, 0x40, 0xF1, 0x4A, 0xA3, 0x7C, 0xAD, 0x68, 0x99, 0x49, 0x70, 0x5F,
    0x0A, 0x4F, 0x9C, 0xF0, 0xCC, 0x29, 0x5E, 0x2F, 0x9F, 0x08, 0x6E, 0x14, 0xCE, 0xE5, 0x7B, 0xA1,
    0x1A, 0x84, 0x56, 0x59, 0x2B, 0x3F, 0x2B, 0xC3, 0x08, 0xA6, 0x17, 0x6C, 0xDC, 0x81, 0xEB, 0x04,
    0x1F, 0x36, 0x50, 0x21, 0x34, 0xAC, 0x4F, 0xC7, 0x9E, 0xE5, 0xC8, 0x8A, 0x9C, 0x6F, 0x31, 0x03,
    0xAD, 0x6E, 0x4A, 0x4F, 0x43, 0xF0, 0x81, 0x8A, 0x1A, 0xA1, 0x45, 0x2F, 0x30, 0xE8, 0x14, 0x78,
    0x0A, 0x7C, 0x82, 0x16, 0xC5, 0x01, 0xCA, 0xCF, 0xE0, 0xB1, 0x0D, 0xBC, 0xA7, 0x5D, 0xC2, 0xE3,
    0xC7, 0x60, 0x27, 0x96, 0xAA, 0xFB, 0x4D, 0x91, 0x8F, 0x3B, 0x3B, 0xBA, 0x9D, 0x8F, 0x66, 0xF4,
    0x30, 0xD4, 0xD2, 0x2D, 0xC5, 0xD0, 0x48, 0xAF, 0x31, 0xBD, 0x1E, 0xD0, 0xDC, 0x3E, 0x36, 0x7C,
    0x18, 0xEB, 0xE7, 0xFF, 0x44, 0x9F, 0xDF, 0x76, 0xE6, 0xD6, 0x77, 0x9A, 0x22, 0x8D, 0x4D, 0x82,
    0x5E, 0x52, 0x49, 0xB3, 0x56, 0x3E, 0x5E, 0x32, 0xF2, 0x01, 0x2E, 0x95, 0x6F, 0x06, 0xE0, 0x6F,
    0xA1, 0xF8, 0xAB, 0x07, 0xFB, 0x47, 0x12, 0x7E, 0x15, 0xDC, 0xF7, 0x11, 0xBC, 0x15, 0x56, 0x65,
    0x4E, 0x34, 0x2E, 0x47, 0x36, 0xBA, 0x9B, 0xC9, 0x07, 0xDD, 0x3E, 0xD8, 0xAC, 0xC4, 0x0A, 0x5C,
    0xAC, 0x75, 0xC7, 0x2B, 0xA8, 0x69, 0xA0, 0x91, 0xC9, 0x6C, 0x14, 0x20, 0x28, 0xA3, 0xB4, 0xED,
    0xD1, 0x95, 0x77, 0x07, 0xF8, 0x48, 0xD1, 0xDA, 0x87, 0x37, 0x94, 0xF9, 0xB7, 0x1C, 0xFD, 0x8B,
    0x77, 0x57, 0xF1, 0x11, 0x07, 0x93, 0x60, 0xD4, 0xE0, 0xA1, 0x12, 0x24, 0xC4, 0xE4, 0x7C, 0xC3,
    0xEA, 0x45, 0x0F, 0xAF, 0x8C, 0x30, 0xD8, 0xA4, 0xF4, 0x0F, 0x18, 0xFE, 0x37, 0x78, 0xA6, 0x67,
    0x63, 0xCB, 0x76, 0xDC, 0x4E, 0x54, 0xA9, 0xD2, 0x0C, 0xDE, 0x57, 0x26, 0xE9, 0x62, 0xB8, 0x7B,
    0x0F, 0x2E, 0x08, 0xFF, 0x47, 0x8B, 0x20, 0x99, 0xBF, 0x0F, 0xFA, 0xF9, 0x25, 0xEA, 0x6E, 0xDF,
    0xF1, 0x9A, 0x5A, 0xD7, 0x6F, 0x83, 0x19, 0xC8, 0x9D, 0xED, 0xED, 0x9F, 0x5D, 0x99, 0xDC, 0x0F,
    0x9D, 0x8B, 0x95, 0x17, 0xD6, 0x3E, 0xF8, 0x6E, 0x14, 0xBE, 0xEB, 0x2B, 0xFC, 0xA7, 0xB1, 0xC6,
    0x7F, 0x4E, 0x8B, 0x6F, 0x68, 0xF0, 0x13, 0x1B, 0xFC, 0x80, 0x7E, 0x22, 0x76, 0xC0, 0xF7, 0x55,
    0x94, 0x7D, 0x67, 0xD8, 0xBC, 0x1C, 0xE7, 0x07, 0xD1, 0xEA, 0xEE, 0x3F, 0xCB, 0x72, 0x26, 0x1F,
    0x28, 0x10, 0x30, 0xF9, 0x2A, 0xDE, 0xFD, 0x0E, 0x1D, 0x31, 0x03, 0x07, 0x59, 0x6A, 0x8F, 0x94,
    0xD1, 0x7F, 0x85, 0xEF, 0x9A, 0x95, 0x30, 0x4A, 0xE4, 0x55, 0x92, 0x48, 0x1F, 0x84, 0x46, 0x3F,
    0xE7, 0x51, 0x73, 0x7B, 0x59, 0xEE, 0xC6, 0x2A, 0xB1, 0xD2, 0xFB, 0x5F, 0xD5, 0x4B, 0xAE, 0xC9,
    0x49, 0x0F, 0xFA, 0x28, 0x43, 0xC3, 0x36, 0x14, 0xA3, 0xCC, 0x90, 0xA5, 0xC5, 0x7C, 0x10, 0x33,
    0x83, 0x20, 0x81, 0x7A, 0x0A, 0xFF, 0x0A, 0x4E, 0xEF, 0xE0, 0x62, 0x12, 0x38, 0x28, 0xCD, 0x19,
    0x1E, 0xA1, 0x67, 0x0A, 0x13, 0x55, 0xEF, 0x06, 0xCA, 0x9C, 0x23, 0xBC, 0xD4, 0xDB, 0xCE, 0xE5,
    0xA3, 0x50, 0x05, 0xA1, 0x5E, 0xEE, 0x5C, 0x2F, 0x5F, 0xEA, 0xC5, 0xAD, 0x1E, 0x67, 0x6F, 0xC7,
    0x87, 0x63, 0x19, 0xF9, 0xA2, 0xEC, 0x40, 0xFE, 0x63, 0x6F, 0xA0, 0xC8, 0x32, 0xE8, 0x22, 0x77,
    0xE0, 0x92, 0x3E, 0x9C, 0x74, 0x5A, 0x4B, 0x5F, 0x76, 0x75, 0xF4, 0xF9, 0x96, 0x62, 0x7F, 0xC3,
    0x52, 0x97, 0xD2, 0xAF, 0xA5, 0xAF, 0xA5, 0x47, 0xE9, 0x01, 0x8A, 0x84, 0xBE, 0xF7, 0x1C, 0xB7,
    0x42, 0x87, 0x39, 0x6F, 0x31, 0x2D, 0x3F, 0xF7, 0x8A, 0x53, 0xF4, 0x00, 0xF0, 0x8A, 0x0F, 0x8A,
    0x34, 0xD5, 0xC2, 0x4A, 0x69, 0xEF, 0xEF, 0x7E, 0xB3, 0xA0, 0x99, 0xE7, 0x2A, 0x26, 0xC1, 0x0C,
    0x77, 0x61, 0xE5, 0x79, 0x3A, 0xA8, 0xA7, 0x99, 0x4F, 0xE7, 0xB1, 0x3A, 0x4B, 0x9E, 0x2F, 0xED,
    0xF5, 0xD5, 0xE9, 0xB4, 0x9D, 0xF4, 0xC4, 0x79, 0x13, 0xA7, 0x36, 0xBD, 0xCE, 0x2B, 0xA3, 0x4D,
    0x75, 0x67, 0x7F, 0x39, 0x62, 0xDF, 0x0E, 0xD8, 0x1C, 0x34, 0x6D, 0x29, 0x3D, 0xBA, 0x32, 0xCD,
    0x1B, 0xF2, 0x61, 0x8E, 0xF9, 0x48, 0xFA, 0x3F, 0x25, 0x8C, 0x21, 0x4C, 0xC3, 0x40, 0x18, 0x46,
    0xDF, 0xAE, 0x24, 0xC7, 0x52, 0xF1, 0x23, 0x71, 0xBF, 0x0F, 0x2D, 0x35, 0x93, 0xDD, 0x7A, 0x0E,
    0x3B, 0xAF, 0xF0, 0x0A, 0x31, 0x51, 0xB1, 0x70, 0xF5, 0x0A, 0xEF, 0x7D, 0x26, 0x10, 0x18, 0xD8,
    0x1F, 0x0C, 0xB6, 0x5E, 0x9D, 0xC0, 0xA7, 0xA2, 0x62, 0x82, 0x50, 0xCA, 0x96, 0xCF, 0xBD, 0x2F,
    0xEF, 0x5D, 0xB3, 0x46, 0x11, 0xF2, 0x90, 0x05, 0x87, 0x37, 0x09, 0xF7, 0xEC, 0x79, 0x84, 0x23,
    0x6E, 0x0A, 0xF9, 0x97, 0xA9, 0x4B, 0x35, 0x03, 0xA0, 0xDF, 0x37, 0xCD, 0x34, 0x5E, 0x55, 0x09,
    0x88, 0x93, 0xC5, 0xA9, 0x03, 0x0E, 0x8B, 0xD4, 0x66, 0xB6, 0xD6, 0x50, 0xFD, 0xE2, 0x4F, 0x54,
    0xA1, 0xA1, 0xE1, 0x59, 0xEC, 0x43, 0xEC, 0x5D, 0x0D, 0x62, 0x1F, 0x93, 0xEB, 0x33, 0x13, 0x96,
    0xF8, 0x54, 0xB6, 0xAB, 0xE2, 0x50, 0x3C, 0x15, 0xAB, 0x9D, 0xF6, 0x40, 0xD8, 0xBA, 0x34, 0xFA,
    0xCF, 0x24, 0x0F, 0x56, 0x0A, 0xB7, 0x4B, 0x80, 0xDD, 0xA2, 0xAF, 0xBD, 0x69, 0x85, 0xFC, 0xE0,
    0x47, 0xFE, 0xDD, 0xDC, 0xA4, 0xBB, 0x84, 0x37, 0xEC, 0xE7, 0xBD, 0x32, 0xE0, 0xCE, 0xD5, 0x3B,
    0x3B, 0x9E, 0x79, 0x44, 0x4C, 0xBB, 0x6A, 0xFE, 0x6B, 0x5A, 0x5C, 0x97, 0x05, 0xFF, 0xC2, 0x1B,
    0xF5, 0xE6, 0xA4, 0x09, 0x48, 0x3E, 0x94, 0x33, 0x6F, 0xB7, 0x71, 0xD0, 0xFE, 0x0F, 0xCD, 0x5B,
    0x3D, 0x8C, 0xE5, 0xD6, 0x75, 0xFE, 0x48, 0xDA, 0xA2, 0x6C, 0xC6, 0xBA, 0x2E, 0x5C, 0x18, 0x10,
    0x34, 0x6C, 0x52, 0x18, 0x88, 0xE7, 0xB1, 0x49, 0x21, 0x20, 0xE4, 0x23, 0x57, 0x02, 0xA2, 0x42,
    0x40, 0xE2, 0x3E, 0x80, 0xDD, 0xA4, 0x8E, 0x1A, 0x17, 0x93, 0x80, 0xB3, 0x8F, 0xF2, 0x02, 0x71,
    0xE1, 0xC2, 0xEA, 0x1B, 0xA7, 0x2F, 0x12, 0x17, 0x53, 0xBC, 0x20, 0x6F, 0xF6, 0x51, 0x52, 0xE1,
    0x42, 0x85, 0x99, 0xA4, 0x70, 0x11, 0xC0, 0xA6, 0xE3, 0x0D, 0x02, 0x04, 0xB1, 0xF7, 0x5A, 0x66,
    0x2C, 0x6E, 0xF6, 0xBD, 0x61, 0xBE, 0x8F, 0xBC, 0x78, 0xC3, 0x99, 0xCC, 0x7A, 0x05, 0xED, 0xEE,
    0x24, 0x8C, 0xCF, 0x17, 0x09, 0xF3, 0x78, 0xEE, 0xF9, 0xBB, 0xE7, 0x9C, 0x7B, 0x2E, 0x05, 0x7C,
    0x19, 0x7C, 0x3A, 0x41, 0x29, 0x48, 0x05, 0xC7, 0x82, 0x2F, 0x91, 0xF4, 0x78, 0xC3, 0x30, 0x4C,
    0xE0, 0x5B, 0x00, 0x41, 0x2B, 0x68, 0x04, 0x35, 0x21, 0x3C, 0x40, 0x54, 0x11, 0xCC, 0x30, 0x74,
    0x02, 0x0B, 0x53, 0xE8, 0x5F, 0x49, 0x88, 0x05, 0x89, 0x60, 0x21, 0xC8, 0x1C, 0xB8, 0xB5, 0x56,
    0xC3, 0x50, 0x63, 0x2B, 0x40, 0x68, 0x77, 0x64, 0xD3, 0x0A, 0xFE, 0x91, 0xE0, 0x9E, 0x5B, 0x16,
    0x43, 0x00, 0x2D, 0x33, 0xDA, 0x63, 0x43, 0x5A, 0x93, 0x7A, 0x67, 0x24, 0x4B, 0x41, 0x1E, 0x5F,
    0xC0, 0xE7, 0x0F, 0xFD, 0x2E, 0x6C, 0x83, 0xD6, 0xB7, 0x41, 0x43, 0xAA, 0xFD, 0x36, 0xAC, 0x03,
    0x51, 0x13, 0x55, 0x41, 0x63, 0xAA, 0xB0, 0x36, 0x85, 0x28, 0xAA, 0x63, 0x98, 0x0A, 0x92, 0xE3,
    0x4B, 0xA4, 0xE4, 0x5B, 0x40, 0x44, 0xDE, 0xFE, 0x1E, 0xC0, 0x37, 0x48, 0x28, 0x20, 0x85, 0x24,
    0xFB, 0x28, 0xAB, 0x64, 0xFB, 0x2A, 0xF4, 0x50, 0x88, 0x3D, 0x69, 0xE7, 0x59, 0xC0, 0x17, 0xB5,
    0xD2, 0x5A, 0x4A, 0x93, 0x64, 0x2D, 0x52, 0x24, 0x12, 0x77, 0x51, 0x41, 0x92, 0x9E, 0x8E, 0xC4,
    0x69, 0x29, 0x1D, 0x1D, 0x49, 0x1D, 0x84, 0x17, 0x05, 0x55, 0x6D, 0xBC, 0x7D, 0xD8, 0x91, 0x57,
    0xCF, 0xF7, 0x4F, 0xF4, 0x5E, 0x32, 0xFB, 0xED, 0x6A, 0x68, 0xB1, 0x25, 0xCD, 0x55, 0x17, 0xAD,
    0xE1, 0xA1, 0xE4, 0xAA, 0x4B, 0xAE, 0x96, 0x54, 0x2B, 0x9A, 0x77, 0x47, 0x7F, 0xBC, 0x07, 0x1A,
    0xA3, 0x21, 0x07, 0x0A, 0x8B, 0xFB, 0xC5, 0xAA, 0xF0, 0x3A, 0xFE, 0x9D, 0xF2, 0x7A, 0xA3, 0xB0,
    0x0E, 0x2C, 0xC1, 0x93, 0xCA, 0xD8, 0x3E, 0x22, 0x44, 0x7A, 0x03, 0xAF, 0x8A, 0x2B, 0x76, 0x82,
    0x6C, 0x06, 0x2F, 0x4B, 0xD4, 0x5C, 0x6B, 0xC6, 0x6D, 0x64, 0x11, 0xCA, 0x27, 0x78, 0xE7, 0x11,
    0x9C, 0xF3, 0x05, 0x12, 0xC6, 0x49, 0x85, 0x4E, 0x30, 0xF2, 0x17, 0xF8, 0x23, 0xB4, 0x4F, 0x0F,
    0x90, 0x11, 0x0A, 0x07, 0xB2, 0x97, 0x73, 0xBE, 0x60, 0x16, 0x83, 0xE6, 0xFD, 0x1E, 0x57, 0x9E,
    0xDB, 0x14, 0x23, 0x1F, 0x76, 0xA2, 0x1B, 0x42, 0x50, 0x74, 0x73, 0x48, 0x88, 0x5C, 0x48, 0xA4,
    0x64, 0xBA, 0x44, 0x82, 0xE4, 0xCE, 0x39, 0x9D, 0xD5, 0x4F, 0xCE, 0xF2, 0xC4, 0xCF, 0x17, 0x04,
    0x4D, 0x29, 0x58, 0x13, 0x6A, 0x42, 0x58, 0x77, 0x02, 0xAB, 0xB7, 0x09, 0xE6, 0xCE, 0x50, 0xC1,
    0xF8, 0x83, 0x25, 0xFC, 0x9C, 0xAE, 0x08, 0x9A, 0x0D, 0x16, 0x41, 0x5D, 0x22, 0x0B, 0xEA, 0x14,
    0x69, 0xC8, 0x7F, 0x2A, 0x23, 0x42, 0x17, 0x55, 0x6B, 0xCF, 0x9A, 0x3B, 0x1D, 0x83, 0xFE, 0xAD,
    0x36, 0xAF, 0xCC, 0x50, 0x67, 0x88, 0xF7, 0x14, 0x8F, 0x42, 0xF8, 0xD6, 0x10, 0x5A, 0xEA, 0xC6,
    0xBF, 0x82, 0x10, 0x6B, 0xB1, 0x58, 0xEB, 0x2C, 0x04, 0x4B, 0x2D, 0x96, 0xF7, 0xDA, 0xA9, 0x03,
    0x61, 0x17, 0x57, 0xA6, 0xD8, 0x68, 0xC7, 0xAC, 0x43, 0x41, 0xC0, 0x5F, 0x75, 0x21, 0xF9, 0xD9,
    0x11, 0xA8, 0x91, 0x67, 0xE3, 0xA2, 0xF4, 0xED, 0x5D, 0x94, 0x3E, 0x15, 0x5A, 0x07, 0xD4, 0xE8,
    0xC5, 0x6C, 0x57, 0x14, 0xCE, 0x77, 0xDA, 0x62, 0x2E, 0x81, 0x64, 0x82, 0xAF, 0x09, 0x26, 0x37,
    0x27, 0x82, 0x53, 0xF9, 0xBA, 0xE7, 0x4F, 0x3D, 0x4B, 0xFD, 0x82, 0x86, 0x10, 0xD5, 0x52, 0xB2,
    0x70, 0xFA, 0xD5, 0x1B, 0xC2, 0x20, 0x8B, 0x0E, 0x2D, 0xA1, 0xE8, 0x08, 0x92, 0x2F, 0x96, 0xB0,
    0x89, 0xA4, 0x5E, 0x20, 0x13, 0xF3, 0x85, 0x20, 0x06, 0xE4, 0x36, 0x94, 0x30, 0x16, 0x1B, 0x6D,
    0x1C, 0x97, 0xA1, 0xAD, 0xA0, 0x13, 0x9C, 0x08, 0x52, 0x5C, 0xE6, 0x09, 0x49, 0x10, 0x2B, 0x16,
    0x72, 0x49, 0xBC, 0xA5, 0x04, 0xDE, 0x05, 0x25, 0x08, 0x2E, 0x28, 0x41, 0xF4, 0x4B, 0x50, 0xA5,
    0x94, 0x66, 0xCE, 0xC8, 0xB7, 0xDA, 0x94, 0x74, 0xAC, 0x5D, 0xC3, 0x04, 0x0D, 0x7D, 0x1A, 0xD1,
    0xE5, 0x71, 0x4C, 0xD6, 0x8B, 0x8C, 0xD2, 0x67, 0x1B, 0x81, 0x25, 0xB3, 0xBC, 0x21, 0x9F, 0x15,
    0x6D, 0x83, 0x15, 0x08, 0xE7, 0x8A, 0xA9, 0x9D, 0x60, 0x7C, 0xE8, 0x69, 0xF9, 0x07, 0xA9, 0xD2,
    0xD9, 0x05, 0x95, 0xEB, 0xE0, 0x1E, 0x29, 0x93, 0x51, 0x97, 0x0D, 0x55, 0xE9, 0x24, 0x91, 0x41,
    0x40, 0x9B, 0x9A, 0x2A, 0xAA, 0xE2, 0xD1, 0x1A, 0x8A, 0x1F, 0xAD, 0xEC, 0xFF, 0xDC, 0xC2, 0xFB,
    0x45, 0x03, 0x7C, 0x42, 0x9E, 0x43, 0x01, 0x0A, 0x0D, 0x9C, 0x3A, 0xFF, 0x75, 0xA3, 0x42, 0x18,
    0x6A, 0xD2, 0x68, 0x68, 0x29, 0x47, 0x90, 0x72, 0x89, 0xE4, 0x59, 0x0A, 0x32, 0xC9, 0x23, 0xE0,
    0xA2, 0xD1, 0x08, 0x15, 0x36, 0xB2, 0xDC, 0x5A, 0xD0, 0xC1, 0x80, 0x10, 0x03, 0xCE, 0x4D, 0x0B,
    0xB1, 0x58, 0xCA, 0x48, 0x99, 0xDE, 0x4E, 0x05, 0x94, 0xA5, 0x9E, 0x6F, 0xB7, 0xC5, 0xBC, 0x22,
    0x38, 0xF8, 0x8A, 0x00, 0xA6, 0x25, 0xC4, 0x96, 0xB0, 0x14, 0xA4, 0x82, 0x33, 0x81, 0x95, 0xB0,
    0x6D, 0xE7, 0xB6, 0x50, 0x54, 0x11, 0x4C, 0x51, 0xCA, 0xB9, 0x84, 0x4C, 0x2C, 0x4A, 0x71, 0x64,
    0x26, 0x57, 0xDA, 0xB8, 0x18, 0x85, 0xD0, 0xD2, 0x89, 0x64, 0x4E, 0x24, 0x69, 0x8C, 0x04, 0x84,
    0xA5, 0x5E, 0x54, 0xB6, 0x27, 0xF5, 0x4F, 0xDC, 0xDE, 0xE4, 0xA0, 0x74, 0x18, 0x55, 0x21, 0x37,
    0x83, 0x67, 0xA5, 0xA8, 0xF4, 0x8C, 0x45, 0x7C, 0x23, 0x21, 0x7F, 0xB2, 0x6F, 0x97, 0x88, 0xEB,
    0x7C, 0x18, 0x98, 0xC9, 0x3B, 0x2D, 0x5B, 0x91, 0xAC, 0xDF, 0x7A, 0x3D, 0x79, 0x95, 0xD2, 0x9B,
    0xBC, 0x4A, 0x1A, 0x6E, 0x43, 0xEA, 0xC9, 0xAB, 0xE5, 0xF6, 0x2B, 0x46, 0x2A, 0xC2, 0x56, 0x7C,
    0xC4, 0x2F, 0x21, 0x2D, 0x49, 0x19, 0xFF, 0x3D, 0x23, 0xCF, 0x92, 0x3C, 0x59, 0x23, 0x69, 0xAA,
    0xEE, 0x85, 0x54, 0x26, 0x65, 0xBB, 0x4E, 0x40, 0x7E, 0xA9, 0x18, 0x97, 0x82, 0x8D, 0xD8, 0xAF,
    0xC5, 0x9B, 0x51, 0xE7, 0xC0, 0x92, 0xBD, 0x27, 0xF0, 0x5B, 0x2E, 0xA2, 0xCD, 0x3B, 0x46, 0x19,
    0x22, 0x81, 0xA9, 0x62, 0xAD, 0x41, 0xC8, 0x65, 0xD8, 0x53, 0xAD, 0xD5, 0x73, 0x31, 0x65, 0x18,
    0x1B, 0x13, 0xDA, 0x23, 0xC9, 0xB9, 0x10, 0x64, 0x84, 0x9A, 0x10, 0xD6, 0xA9, 0xE0, 0xF6, 0xFA,
    0x1C, 0xAB, 0xF4, 0xD7, 0x69, 0xD9, 0x33, 0x85, 0xCC, 0x5A, 0x49, 0xE1, 0x84, 0xFB, 0x12, 0xA5,
    0x51, 0x6C, 0xC6, 0x61, 0x4D, 0xA0, 0x5A, 0xE9, 0xC2, 0x90, 0xAB, 0x0A, 0x6B, 0xA2, 0x84, 0xBD,
    0x39, 0x95, 0x43, 0x4A, 0x79, 0xB9, 0x8C, 0x95, 0xB9, 0x63, 0xEA, 0xDC, 0x1B, 0xEA, 0xDC, 0x99,
    0x22, 0x86, 0x65, 0xB6, 0x57, 0xD6, 0x2D, 0x05, 0x1B, 0x25, 0xB8, 0xA9, 0x32, 0xC7, 0x7A, 0xF7,
    0xFE, 0x9D, 0xFB, 0xC0, 0x0F, 0x91, 0x3B, 0x11, 0x1D, 0x2C, 0x05, 0x25, 0xC9, 0xEF, 0x94, 0xA4,
    0xE4, 0x2A, 0x01, 0x42, 0x7B, 0xA8, 0x6B, 0x9B, 0x03, 0xEC, 0xF0, 0x7B, 0x40, 0xA7, 0x24, 0x63,
    0x11, 0x37, 0x71, 0xAD, 0x50, 0x94, 0x5E, 0x0F, 0x6E, 0x33, 0x01, 0x79, 0x18, 0xAD, 0x9D, 0x11,
    0x0A, 0x4A, 0x15, 0xAA, 0x54, 0x05, 0xD2, 0x92, 0xBD, 0x07, 0x01, 0xB7, 0x9D, 0x11, 0x6F, 0xAF,
    0x0C, 0x68, 0x13, 0xC3, 0x1F, 0xA1, 0xF5, 0xB5, 0x88, 0xDF, 0x6A, 0x25, 0x82, 0xC4, 0x62, 0x25,
    0xAB, 0xB9, 0x48, 0x48, 0xA8, 0xB8, 0x30, 0x0B, 0x59, 0x05, 0x45, 0x06, 0x62, 0xB1, 0x49, 0x14,
    0xA0, 0xCB, 0x89, 0x6B, 0x22, 0x8F, 0x2B, 0x41, 0x63, 0x09, 0xA9, 0x87, 0x50, 0xE9, 0x70, 0xAB,
    0xB5, 0xF6, 0x20, 0x50, 0xAF, 0xA8, 0xE5, 0x3F, 0x9A, 0x06, 0x17, 0xC8, 0xB9, 0x2B, 0xA8, 0xB7,
    0xFF, 0x10, 0x8F, 0x6B, 0xFF, 0x5F, 0xEE, 0xFC, 0x7B, 0x1D, 0xFC, 0xE4, 0xDE, 0x47, 0x55, 0xF0,
    0xE1, 0x47, 0xDF, 0x2B, 0x82, 0x0F, 0x7F, 0xCC, 0x7C, 0xF1, 0xC1, 0xDE, 0x20, 0x7A, 0x77, 0x47,
    0x28, 0x3A, 0x2D, 0xD5, 0x2E, 0x60, 0x50, 0x1D, 0x13, 0x9C, 0x16, 0x5A, 0x8A, 0xE0, 0x12, 0xE1,
    0x5A, 0x7B, 0xE1, 0x4C, 0xD0, 0xC9, 0x60, 0x86, 0xBA, 0xCC, 0x12, 0xFB, 0x42, 0x5B, 0x6D, 0x39,
    0x25, 0x76, 0x2A, 0x21, 0x1F, 0xC9, 0x02, 0x63, 0x62, 0x67, 0x5A, 0x9C, 0x20, 0x3E, 0x24, 0xF6,
    0x85, 0xE4, 0x5F, 0x8A, 0x4F, 0x26, 0x48, 0xC5, 0x47, 0xF5, 0x65, 0x82, 0x8D, 0xF8, 0xF4, 0x02,
    0x5A, 0x8D, 0x26, 0xA0, 0xE1, 0xEE, 0x7B, 0xBD, 0xD7, 0x8D, 0x29, 0x30, 0x8B, 0xB8, 0x10, 0x19,
    0x2F, 0xC9, 0x68, 0x99, 0x4C, 0x94, 0x2D, 0x49, 0x94, 0xB1, 0x24, 0x6D, 0x48, 0xBD, 0xA4, 0x4C,
    0xA7, 0xF4, 0xD7, 0xD0, 0x82, 0xB5, 0x61, 0xD3, 0x1B, 0xAA, 0xE9, 0xDD, 0x36, 0xB3, 0x26, 0xF0,
    0xD3, 0x55, 0xA5, 0xFE, 0x4A, 0x55, 0xF2, 0x9E, 0x56, 0x95, 0x46, 0xE1, 0xD7, 0x62, 0xC1, 0x85,
    0x5A, 0xC1, 0x4E, 0x3F, 0xBD, 0x7F, 0x58, 0x2D, 0x1E, 0x41, 0xBF, 0x4A, 0x04, 0x4B, 0xFD, 0xF4,
    0x54, 0x8D, 0xF7, 0x68, 0x25, 0x4B, 0xB8, 0x28, 0x3E, 0x4D, 0x56, 0x2A, 0x05, 0x1B, 0x01, 0xC2,
    0x0B, 0xA5, 0x5F, 0x1D, 0x0D, 0xAC, 0x3B, 0x1A, 0x94, 0xD7, 0x8F, 0x06, 0xA7, 0xEE, 0x8D, 0x8D,
    0xA3, 0xB5, 0xA3, 0x0D, 0xFC, 0xEA, 0xA6, 0xA3, 0x41, 0x4E, 0x03, 0xD5, 0x2B, 0x42, 0xF5, 0xE4,
    0x66, 0x38, 0xBA, 0xA9, 0x19, 0x76, 0x82, 0x3B, 0x58, 0x08, 0x96, 0x57, 0xA5, 0x2F, 0xE7, 0xD2,
    0xBF, 0x90, 0xC6, 0xE3, 0xBA, 0x85, 0x62, 0xA5, 0x19, 0x45, 0x60, 0xD0, 0xFD, 0xF7, 0x9E, 0xC2,
    0xDA, 0x1C, 0xB1, 0x6A, 0x2E, 0x33, 0x85, 0x41, 0xAA, 0x35, 0x4B, 0x75, 0xB9, 0x6B, 0x75, 0xB9,
    0xBD, 0xBA, 0xDC, 0x4E, 0x69, 0xBE, 0x57, 0x9A, 0xDF, 0x28, 0xCD, 0xDF, 0x55, 0x86, 0xCF, 0x1F,
    0xFE, 0x59, 0x43, 0x4E, 0x5C, 0x5A, 0x0D, 0xEC, 0x5C, 0x3F, 0x81, 0x16, 0x3B, 0x95, 0xA6, 0xBD,
    0xBC, 0x6C, 0xA1, 0x7E, 0x54, 0xD9, 0x4A, 0xFD, 0xF3, 0x52, 0xD2, 0xE9, 0x95, 0x8F, 0x2D, 0x41,
    0x42, 0x62, 0x55, 0x10, 0x72, 0xD2, 0x28, 0xAF, 0xAF, 0xD4, 0x1D, 0xFD, 0xA8, 0x26, 0xD3, 0x37,
    0x5B, 0x80, 0xB5, 0x40, 0x7B, 0x59, 0xFB, 0x4C, 0xE1, 0xA4, 0xD8, 0x24, 0x9F, 0x64, 0xEA, 0x34,
    0xB4, 0x67, 0xE8, 0x91, 0xD4, 0x75, 0x04, 0x9B, 0xA0, 0x56, 0x4B, 0x27, 0xA7, 0xAB, 0xA1, 0x87,
    0xEB, 0x2E, 0x7C, 0xAB, 0x0D, 0x1A, 0x23, 0x10, 0x35, 0xDA, 0x9D, 0xDA, 0x9C, 0x99, 0x88, 0x1E,
    0xD3, 0xCE, 0x14, 0x6D, 0x19, 0x9C, 0x83, 0xEC, 0x02, 0xFC, 0x21, 0xE9, 0xDB, 0xA4, 0x1F, 0x52,
    0x34, 0x8B, 0xC7, 0x17, 0xCC, 0x86, 0xEF, 0xD4, 0x4A, 0x63, 0x06, 0xD8, 0xC4, 0x54, 0x4B, 0x5D,
    0xC5, 0xE2, 0xD0, 0x55, 0x88, 0x7C, 0x12, 0x3B, 0x16, 0x6D, 0xB1, 0xE2, 0xD5, 0xC6, 0xA8, 0x51,
    0x27, 0x3D, 0xB9, 0x7F, 0x48, 0x48, 0xDA, 0xF8, 0x34, 0xBD, 0x3F, 0x42, 0xBB, 0xF0, 0x5B, 0x5A,
    0x27, 0x20, 0x64, 0xCC, 0x87, 0x75, 0x1A, 0x30, 0x0B, 0x96, 0x23, 0x84, 0x35, 0xED, 0x1E, 0x55,
    0xA6, 0xE8, 0x05, 0x1D, 0x03, 0x82, 0x9A, 0xC9, 0x69, 0x23, 0xC4, 0xE0, 0x9B, 0x09, 0xF8, 0x26,
    0x33, 0xAF, 0xBA, 0x81, 0x54, 0xDD, 0x00, 0x5F, 0x2A, 0xB1, 0xD2, 0x7E, 0x93, 0x5E, 0x5C, 0x68,
    0x19, 0xD4, 0x94, 0x31, 0xAC, 0xFD, 0x36, 0x8D, 0x98, 0x69, 0xCB, 0xA8, 0x22, 0x98, 0x82, 0x0D,
    0x1F, 0xD3, 0x1F, 0x41, 0x07, 0xA7, 0x58, 0x67, 0x26, 0xB5, 0x73, 0x76, 0xA1, 0x6A, 0x92, 0xC1,
    0xF8, 0x2D, 0xCD, 0xCD, 0x57, 0x10, 0xF3, 0xD7, 0x58, 0x08, 0xC8, 0x68, 0x0D, 0x32, 0xEA, 0x41,
    0x46, 0x1D, 0xCA, 0xE8, 0xDD, 0x4E, 0x0B, 0xA9, 0xA5, 0x22, 0xB8, 0xA8, 0xC7, 0x2B, 0x0E, 0xC2,
    0x07, 0xAF, 0x01, 0x66, 0xBB, 0x03, 0xE2, 0x97, 0x3A, 0x6C, 0xF7, 0x00, 0xA5, 0x79, 0xF2, 0x21,
    0x67, 0xB8, 0x20, 0x0D, 0xAC, 0x09, 0xDA, 0xBC, 0x9E, 0xA5, 0x4F, 0xBB, 0xA0, 0x56, 0x04, 0x8A,
    0xD8, 0x10, 0xD4, 0x3A, 0x8A, 0x05, 0x2D, 0xDB, 0xA3, 0xDA, 0x8C, 0x67, 0xAD, 0x07, 0xCA, 0x3F,
    0xB2, 0xA1, 0xA0, 0x85, 0x6C, 0x88, 0x40, 0x20, 0x1B, 0x42, 0xE6, 0x43, 0x38, 0x01, 0xFB, 0x02,
    0x9A, 0x6F, 0xE8, 0x08, 0x77, 0x76, 0xB2, 0x61, 0x4A, 0xF3, 0x21, 0x1B, 0x21, 0x56, 0xD5, 0x4A,
    0xD4, 0xE9, 0x2E, 0x08, 0xA5, 0x3A, 0xDE, 0x5E, 0x36, 0xB4, 0x29, 0x55, 0xAB, 0x4B, 0xC9, 0xBD,
    0xB9, 0x14, 0xF2, 0xE9, 0x6D, 0x2D, 0x05, 0xA4, 0xA0, 0x85, 0x3C, 0x04, 0xAB, 0x3C, 0x29, 0xD2,
    0x56, 0x60, 0xE0, 0x71, 0x07, 0x24, 0x55, 0xCE, 0xDF, 0xAE, 0x28, 0x3C, 0xA2, 0x0B, 0x60, 0x4B,
    0x85, 0x1F, 0x85, 0x96, 0xB1, 0xDD, 0x87, 0xAA, 0x14, 0x18, 0x29, 0x75, 0x54, 0x8E, 0x69, 0x28,
    0x26, 0x01, 0xA2, 0x9E, 0xAB, 0xBB, 0x2D, 0x1E, 0xB4, 0x4A, 0xCF, 0xA7, 0x88, 0x8B, 0x9C, 0x7D,
    0x91, 0x19, 0x7A, 0x6D, 0x1E, 0x35, 0x95, 0x7B, 0x30, 0xA8, 0x86, 0x82, 0xDE, 0x33, 0xF4, 0xF5,
    0x3A, 0x24, 0x58, 0xD6, 0xD7, 0xF7, 0x09, 0xE1, 0x07, 0x2D, 0x0D, 0xF2, 0x21, 0x21, 0xBA, 0xC7,
    0xDA, 0x6E, 0x24, 0x2F, 0xC1, 0x54, 0x46, 0x8D, 0x67, 0xCC, 0x7F, 0x41, 0xAC, 0xEE, 0x73, 0x61,
    0x0A, 0xDA, 0xC2, 0x14, 0x99, 0x20, 0x45, 0xAA, 0x3E, 0xA5, 0x8C, 0xDE, 0x57, 0xDD, 0x19, 0x5A,
    0xAC, 0x95, 0x75, 0xE4, 0xAA, 0x1A, 0x46, 0x90, 0x17, 0x53, 0x85, 0xA8, 0xD0, 0x41, 0x7A, 0xC3,
    0x80, 0x10, 0x4F, 0x80, 0x4E, 0x59, 0x61, 0xAF, 0x2D, 0x9B, 0xAB, 0x0B, 0x0C, 0x05, 0x51, 0x5D,
    0xBA, 0x86, 0x61, 0x29, 0xDB, 0x6E, 0xD0, 0x4B, 0xAD, 0x8E, 0x36, 0x22, 0x44, 0xF4, 0x35, 0xB6,
    0x15, 0xE1, 0x7C, 0x54, 0x34, 0x69, 0x4B, 0x6F, 0xD8, 0xAF, 0x83, 0x2E, 0x5A, 0x9B, 0xDA, 0xEF,
    0x64, 0xD5, 0x84, 0xB4, 0x74, 0xDB, 0x2F, 0xA5, 0x2F, 0x94, 0x18, 0x27, 0x32, 0x0C, 0xFF, 0x3F,
    0xA8, 0x93, 0x3B, 0x9F, 0x50, 0xB9, 0x8F, 0x2A, 0xFF, 0x82, 0x42, 0x29, 0x49, 0x25, 0x43, 0x87,
    0xFB, 0xB2, 0x9D, 0xEC, 0xE6, 0x06, 0x55, 0x15, 0x29, 0xE2, 0x9F, 0xF2, 0x01, 0xCB, 0x36, 0xAE,
    0x73, 0x79, 0x47, 0x3C, 0xC8, 0x6F, 0x23, 0xE2, 0x2F, 0xD7, 0xEA, 0x50, 0xA1, 0x98, 0x97, 0xC4,
    0x9A, 0x46, 0x68, 0x12, 0xB1, 0xA3, 0xDA, 0x96, 0xFA, 0x93, 0x41, 0xDC, 0xCB, 0x0E, 0x45, 0xD8,
    0xC5, 0xB5, 0xCE, 0xDF, 0x89, 0xD2, 0x8A, 0x4E, 0x4F, 0xDE, 0xF9, 0x78, 0xC8, 0xD8, 0xFE, 0xC7,
    0xFD, 0xF1, 0x2C, 0x47, 0xAA, 0x36, 0xA4, 0x4C, 0xDE, 0x2A, 0xEE, 0x5F, 0x4E, 0x32, 0x92, 0x47,
    0x2A, 0xC0, 0x55, 0xC4, 0xF5, 0x7D, 0xC5, 0xD2, 0x48, 0x92, 0xEE, 0x9D, 0xC2, 0x63, 0xDC, 0xC5,
    0x17, 0xEF, 0x61, 0xE9, 0x76, 0x4A, 0x47, 0xEA, 0x61, 0x70, 0xEE, 0x6D, 0x91, 0xF3, 0xFD, 0x48,
    0x4E, 0xD0, 0x43, 0x19, 0xA8, 0x9F, 0xFE, 0x41, 0x71, 0xC8, 0xF7, 0x7D, 0x17, 0xA3, 0xB0, 0xB4,
    0x9D, 0xE5, 0x9E, 0xB3, 0x41, 0x77, 0x64, 0xB9, 0xF1, 0xC7, 0x74, 0x98, 0xC0, 0x73, 0xB6, 0xF3,
    0x45, 0xAD, 0x0A, 0x36, 0x69, 0x4C, 0x87, 0x6A, 0xAF, 0xE2, 0xEA, 0x9C, 0xBC, 0x3B, 0xA7, 0xDF,
    0xA3, 0x49, 0xBF, 0x07, 0x8A, 0x0F, 0xA5, 0x4F, 0xFD, 0x96, 0x7D, 0xA0, 0xB7, 0xAD, 0xB6, 0x3A,
    0x3F, 0x51, 0x07, 0xAE, 0x2E, 0x52, 0x7E, 0xAE, 0xCA, 0x99, 0x7E, 0x8A, 0x46, 0xD5, 0x92, 0x4D,
    0x68, 0x4D, 0xB0, 0xC3, 0xC9, 0x11, 0xC3, 0xFB, 0x75, 0x1D, 0x06, 0x5E, 0x3F, 0x7E, 0x85, 0x90,
    0x31, 0x35, 0x9C, 0xA4, 0xC7, 0x3A, 0x53, 0xEC, 0x1C, 0x9C, 0x9D, 0xA4, 0x80, 0x3D, 0x13, 0xA8,
    0x67, 0x69, 0xAD, 0xC4, 0x22, 0x6C, 0x99, 0x97, 0xEA, 0x73, 0x4F, 0x27, 0xA5, 0x57, 0x2F, 0x54,
    0xBE, 0xEA, 0xA0, 0xE3, 0x8E, 0xA9, 0x0E, 0x7B, 0x91, 0xF4, 0x6A, 0x8D, 0x64, 0xAF, 0x10, 0x53,
    0x9A, 0xAD, 0xE1, 0x6C, 0xF9, 0x3A, 0x65, 0x5D, 0x15, 0xEF, 0x54, 0xB1, 0x52, 0xCB, 0xB6, 0xC5,
    0xAC, 0x1C, 0x34, 0xD7, 0xCB, 0x41, 0x7A, 0x59, 0x0E, 0x0A, 0xEA, 0x41, 0x7D, 0x72, 0x94, 0x60,
    0x6C, 0x84, 0xBF, 0xA2, 0x79, 0x17, 0x88, 0x98, 0x14, 0xC6, 0xE7, 0xCC, 0x6F, 0x9F, 0x30, 0x3B,
    0x78, 0x66, 0xFE, 0x11, 0x33, 0x47, 0x34, 0xCE, 0x71, 0xF4, 0x7F, 0x39, 0x0C, 0xF4, 0xCB, 0x0E,
    0x89, 0x5A, 0xA6, 0xA1, 0x92, 0x7A, 0xCA, 0xBE, 0x53, 0xCD, 0xA3, 0xEA, 0x25, 0x3A, 0xAC, 0xC7,
    0xED, 0x93, 0x57, 0x1D, 0x54, 0x62, 0xD5, 0xA6, 0x84, 0x2A, 0xCD, 0x21, 0xAB, 0x05, 0xF9, 0x19,
    0x09, 0x15, 0x13, 0x30, 0xC2, 0x02, 0xCA, 0x78, 0x87, 0x3E, 0x3D, 0x55, 0x96, 0x29, 0x81, 0x8D,
    0x40, 0xAC, 0x7C, 0x4B, 0xC8, 0x6B, 0x35, 0xD6, 0x0A, 0x1F, 0x9F, 0x8C, 0x0B, 0x7F, 0xC7, 0x4A,
    0x48, 0x0F, 0x0E, 0x08, 0x7E, 0xC9, 0x26, 0x3A, 0xF8, 0x69, 0xF0, 0x33, 0x84, 0x3F, 0x8E, 0xBE,
    0x89, 0xE8, 0xFB, 0xF1, 0x31, 0xA2, 0xB7, 0x99, 0x31, 0xCD, 0x5B, 0x7D, 0x0A, 0x13, 0x58, 0x41,
    0x43, 0x91, 0xBD, 0xFA, 0x04, 0x47, 0x28, 0xD6, 0x53, 0x8F, 0x9E, 0x89, 0x55, 0x2A, 0x70, 0x07,
    0xF7, 0x35, 0xA9, 0x57, 0x5A, 0xA7, 0x47, 0xA9, 0x2F, 0xA6, 0x6C, 0xC9, 0x26, 0x51, 0x34, 0xB7,
    0x5D, 0x76, 0xC5, 0x76, 0x52, 0x68, 0xAF, 0x8C, 0x59, 0xFB, 0x7D, 0xC8, 0x68, 0x98, 0x86, 0x07,
    0x31, 0xB0, 0x5E, 0x4E, 0x24, 0x0F, 0x75, 0xA9, 0xC8, 0x95, 0x64, 0x8D, 0x28, 0x4C, 0xB3, 0x2A,
    0xD4, 0xF1, 0x62, 0xAB, 0xBA, 0xB0, 0x2D, 0x82, 0x9F, 0x0C, 0x4D, 0xF0, 0x53, 0xC6, 0xCF, 0x03,
    0xDF, 0x86, 0xAD, 0xCA, 0x0A, 0x5C, 0xAB, 0x40, 0xBA, 0xE6, 0xBB, 0xC5, 0x6C, 0x7D, 0x11, 0xBA,
    0x77, 0x1A, 0xFC, 0x9A, 0xC3, 0x8D, 0x4F, 0xDE, 0xDD, 0x79, 0x3B, 0x2C, 0xFD, 0xC9, 0x35, 0xB1,
    0xA6, 0x21, 0xD4, 0x29, 0x51, 0x17, 0x4B, 0xCA, 0xD4, 0xF3, 0x9B, 0x0A, 0xCC, 0x57, 0x5E, 0x67,
    0xCE, 0x5E, 0x6D, 0x63, 0x3A, 0x2F, 0x0E, 0xF7, 0x32, 0xC7, 0x48, 0xD9, 0x3C, 0xC5, 0x93, 0x90,
    0x8C, 0x79, 0x04, 0x61, 0xAB, 0xE9, 0xA1, 0xD6, 0xF5, 0x90, 0xCD, 0x2A, 0x65, 0x7F, 0x20, 0x1F,
    0xEB, 0x31, 0x86, 0x12, 0xE4, 0x2E, 0x0F, 0x8D, 0xFB, 0xEC, 0xA3, 0xE6, 0x1C, 0xE1, 0xCF, 0x3E,
    0x1E, 0x8A, 0xE8, 0x6F, 0x1E, 0xAB, 0xE1, 0xDA, 0xD0, 0xF3, 0x6C, 0x1B, 0x0A, 0x83, 0x43, 0xC7,
    0x20, 0x38, 0x1A, 0x3B, 0x06, 0xAF, 0x3D, 0x42, 0xE6, 0x37, 0xC7, 0x48, 0x5D, 0xC7, 0xC0, 0x18,
    0x10, 0x9C, 0x48, 0xD1, 0x75, 0x58, 0x9D, 0x40, 0x21, 0xA7, 0xC3, 0x89, 0xCE, 0x56, 0x22, 0xB5,
    0x59, 0xA4, 0x72, 0xE6, 0xBF, 0x59, 0x59, 0x0E, 0x6C, 0x58, 0x7F, 0xD1, 0x06, 0xF6, 0xAF, 0x5A,
    0x7F, 0xF8, 0xB8, 0xC5, 0xEA, 0xDE, 0x61, 0x84, 0xF2, 0x39, 0xB0, 0x90, 0x14, 0x5B, 0x24, 0xCA,
    0x07, 0xCA, 0x77, 0x8C, 0x72, 0x29, 0x3B, 0x69, 0x7E, 0x42, 0x3A, 0x3B, 0xD4, 0x7F, 0xAF, 0xFF,
    0xD8, 0x86, 0x17, 0xC3, 0xCE, 0xDC, 0xEB, 0xCA, 0x98, 0xC5, 0x8B, 0x12, 0x66, 0x94, 0x6D, 0x24,
    0x89, 0x47, 0xC1, 0x44, 0xE5, 0x59, 0x54, 0xAC, 0x3B, 0xEA, 0x45, 0xB2, 0x9B, 0xFC, 0xBB, 0xED,
    0xEA, 0xE1, 0x50, 0x27, 0xDF, 0x5C, 0x02, 0xC7, 0x93, 0x61, 0x5F, 0x27, 0xEB, 0x25, 0xC9, 0xF4,
    0x6E, 0x84, 0x9D, 0x50, 0x00, 0x6F, 0xF8, 0x60, 0xA8, 0xC3, 0x4F, 0x7E, 0xF2, 0x5D, 0x96, 0x86,
    0x9F, 0x06, 0xCD, 0xCB, 0xDE, 0x7F, 0x06, 0x35, 0x57, 0xF4, 0x2B, 0x95, 0x84, 0xF9, 0xBC, 0x3B,
    0x20, 0xFC, 0xB9, 0xE0, 0xEC, 0x8B, 0xF6, 0x0B, 0xE8, 0xBE, 0x64, 0x73, 0x6C, 0xCA, 0xDF, 0xF6,
    0x58, 0x59, 0xA6, 0x8F, 0xA4, 0x5A, 0x16, 0x3A, 0xB5, 0x8C, 0x79, 0x7E, 0xE1, 0x5A, 0xC8, 0xCC,
    0x4D, 0xA9, 0x4B, 0xB7, 0x5B, 0xD7, 0xA4, 0x0E, 0x0B, 0xD2, 0x92, 0x74, 0x8E, 0xDE, 0xDB, 0x7C,
    0xFB, 0x3C, 0x3A, 0xB5, 0xF9, 0x3E, 0xB7, 0x51, 0x9B, 0xB4, 0x00, 0x44, 0xCA, 0xD3, 0x0D, 0x2E,
    0xDE, 0xAC, 0x83, 0x87, 0x8F, 0xAB, 0xA0, 0xDE, 0x8A, 0x6F, 0x93, 0x90, 0xF7, 0x65, 0xDC, 0x47,
    0x75, 0xEA, 0x78, 0x67, 0xC8, 0x59, 0xE5, 0x1F, 0x22, 0x1E, 0x7E, 0x00, 0x7F, 0x1F, 0x1F, 0xA2,
    0x68, 0x1E, 0x49, 0x53, 0xD7, 0x58, 0xD1, 0x54, 0x51, 0x75, 0x12, 0x56, 0x51, 0x71, 0xA6, 0xDD,
    0xDF, 0x45, 0xA3, 0xFB, 0x05, 0x72, 0x3F, 0x81, 0xEE, 0x8F, 0x71, 0xEC, 0x37, 0x6A, 0x18, 0x15,
    0x03, 0x5A, 0x2D, 0x55, 0x79, 0xCB, 0x62, 0x5E, 0x16, 0xE4, 0xBF, 0x1D, 0xA8, 0x48, 0xB3, 0x39,
    0xA1, 0x66, 0x67, 0x8C, 0x24, 0x76, 0x9C, 0x6A, 0x09, 0x09, 0xEA, 0x65, 0x8C, 0x67, 0x8F, 0x10,
    0x7B, 0xED, 0x31, 0x8E, 0xE8, 0x1D, 0x1C, 0xAB, 0x1A, 0x68, 0x96, 0x2E, 0x2E, 0xA5, 0x06, 0xEA,
    0x27, 0x60, 0x6F, 0xD9, 0x2B, 0xF8, 0xBB, 0xBA, 0xFC, 0xA3, 0x0F, 0x3E, 0xA9, 0xF3, 0x5F, 0xEC,
    0x87, 0x3A, 0x7E, 0xB7, 0x5B, 0x55, 0x32, 0xAE, 0x20, 0x2C, 0x08, 0x11, 0x10, 0x3F, 0xD0, 0x79,
    0x7E, 0xF8, 0x15, 0x50, 0xBE, 0xB4, 0x43, 0xFC, 0x1D, 0x8B, 0x9C, 0xC1, 0x93, 0x6E, 0x6B, 0x94,
    0x71, 0x31, 0xF5, 0x90, 0xD9, 0xB6, 0xC0, 0x3F, 0x0C, 0xAD, 0xF7, 0xC8, 0xEF, 0xFC, 0x56, 0xE7,
    0x11, 0x91, 0x9A, 0x42, 0x35, 0x87, 0x01, 0xAB, 0x5A, 0x5C, 0x43, 0xB9, 0x2E, 0x19, 0x0F, 0xA5,
    0xD4, 0xCF, 0xA5, 0xB8, 0x23, 0x1C, 0xBB, 0x14, 0x47, 0xFD, 0x56, 0x45, 0xC6, 0x65, 0x28, 0xE8,
    0x5D, 0xDF, 0xA6, 0xD8, 0xC0, 0x96, 0x58, 0xC3, 0x9E, 0xA0, 0x63, 0xA9, 0x41, 0xE7, 0xD9, 0x0E,
    0x67, 0x6C, 0x90, 0x28, 0x77, 0x4D, 0x09, 0x06, 0xCF, 0x32, 0x44, 0xBD, 0x16, 0xE1, 0x0D, 0xAD,
    0xBB, 0xBA, 0x85, 0x78, 0x35, 0x20, 0x61, 0x9B, 0xAF, 0xB3, 0xB4, 0x0E, 0xAC, 0x2E, 0x02, 0x8A,
    0xB1, 0x72, 0x16, 0xF3, 0xCA, 0xD9, 0xAB, 0x52, 0x41, 0x32, 0xAA, 0xDB, 0xF6, 0x40, 0x0D, 0x26,
    0xD2, 0x32, 0x22, 0xD7, 0x3D, 0x6A, 0x97, 0x28, 0xBB, 0xC4, 0x48, 0xF8, 0xBE, 0x71, 0xEF, 0xD3,
    0x8B, 0x3D, 0x21, 0x67, 0x57, 0x59, 0xED, 0x12, 0x8E, 0x27, 0xAC, 0x41, 0xF4, 0x46, 0x4B, 0x47,
    0xBE, 0xD9, 0x18, 0x98, 0xB0, 0x26, 0x0C, 0x84, 0x98, 0x89, 0x05, 0x47, 0x51, 0x95, 0xE0, 0x38,
    0x52, 0xCF, 0x16, 0xA9, 0x5D, 0x8B, 0x2A, 0x39, 0xE3, 0x7D, 0x2A, 0xA5, 0xB1, 0xD2, 0xC9, 0x38,
    0x56, 0x7A, 0x89, 0xEB, 0xA9, 0x01, 0x63, 0x33, 0xEB, 0xEB, 0x0F, 0xED, 0x48, 0x6B, 0x5F, 0x1D,
    0xD7, 0x23, 0xA8, 0x8B, 0xA7, 0xE6, 0xA4, 0x44, 0x83, 0x20, 0xCA, 0xB9, 0x63, 0x23, 0x4D, 0x2B,
    0xE7, 0x0D, 0x85, 0x28, 0xB4, 0x59, 0x8A, 0xE9, 0x3C, 0x13, 0x90, 0xFC, 0xC6, 0x05, 0xB1, 0x76,
    0x34, 0x9E, 0xB9, 0x4B, 0x40, 0x1E, 0x35, 0xC8, 0x4D, 0xC3, 0xD3, 0x65, 0x0D, 0xF7, 0x3C, 0x17,
    0xBE, 0xAE, 0x6D, 0x92, 0x4D, 0x45, 0xAE, 0x6F, 0x17, 0x3D, 0x63, 0x25, 0x30, 0x05, 0x44, 0xBF,
    0x6F, 0x80, 0xD3, 0x18, 0x88, 0xBF, 0x05, 0x30, 0xBB, 0xC3, 0x93, 0x24, 0x2F, 0x93, 0x62, 0xB7,
    0x33, 0xD7, 0xEE, 0xC0, 0x50, 0x49, 0x9B, 0x67, 0xEE, 0xF6, 0xAE, 0x56, 0x89, 0x70, 0x5E, 0x25,
    0x54, 0x14, 0xD5, 0x18, 0xCD, 0x2E, 0x3A, 0x3F, 0xA7, 0x11, 0xD9, 0xAC, 0x4A, 0x14, 0x70, 0xDD,
    0x53, 0x1B, 0x74, 0x2F, 0x29, 0x7B, 0x7F, 0x23, 0xAC, 0xA6, 0xD5, 0x83, 0x07, 0x20, 0xDF, 0x47,
    0xFC, 0xBB, 0x8C, 0x46, 0x5F, 0xB8, 0x93, 0x4D, 0x4A, 0xCA, 0xAB, 0xA4, 0x36, 0x63, 0xF7, 0xC4,
    0x1F, 0x85, 0x96, 0xD4, 0x8E, 0x3F, 0x99, 0x3F, 0xAB, 0xA1, 0xE0, 0xFA, 0x4E, 0xED, 0x9B, 0x92,
    0x53, 0x29, 0x81, 0x3C, 0x0A, 0xC7, 0x17, 0xBB, 0xA4, 0x80, 0x3D, 0x87, 0xF7, 0x1B, 0x37, 0xA5,
    0xB8, 0x0F, 0x60, 0x97, 0x14, 0x5E, 0x9F, 0xC3, 0x27, 0x3D, 0x57, 0xBE, 0xCA, 0xE6, 0x22, 0x09,
    0x3E, 0x7F, 0xB6, 0xD4, 0x73, 0x20, 0xD1, 0x87, 0x8E, 0x9E, 0xB2, 0x08, 0xC9, 0x79, 0xE5, 0xAB,
    0xA4, 0x25, 0x2C, 0xE2, 0x77, 0x2D, 0x42, 0x0D, 0x62, 0x7E, 0xDB, 0x92, 0x5F, 0x0D, 0xC4, 0x85,
    0xBB, 0x12, 0x36, 0x23, 0x04, 0xB5, 0x83, 0xA3, 0x90, 0xB0, 0x08, 0xBF, 0xD7, 0x72, 0x83, 0x6E,
    0x3B, 0xA4, 0xA6, 0xDD, 0x10, 0x2A, 0x56, 0x5B, 0x43, 0xF6, 0x67, 0xAA, 0x19, 0x36, 0xE6, 0x9E,
    0x6C, 0x8D, 0x12, 0x9B, 0xB9, 0x67, 0x73, 0x76, 0x2B, 0xF5, 0x29, 0xC6, 0x61, 0xEF, 0xB1, 0xA6,
    0xC3, 0x19, 0x14, 0x73, 0x84, 0x82, 0xC0, 0x3A, 0x43, 0xC0, 0x09, 0xA3, 0x9C, 0xA9, 0xB1, 0x60,
    0x63, 0x1B, 0xD5, 0xF1, 0xD0, 0xEB, 0xA7, 0x36, 0x98, 0x6E, 0x19, 0x53, 0x45, 0x72, 0x0A, 0xAB,
    0x9F, 0xD2, 0xA2, 0x27, 0xD8, 0xEE, 0x54, 0x94, 0xDA, 0xC3, 0x61, 0x5B, 0xFB, 0xE3, 0xEA, 0x7E,
    0xB8, 0xDC, 0x0B, 0xC1, 0x6C, 0x2F, 0x44, 0xB3, 0xBD, 0x60, 0x7E, 0x57, 0x57, 0xC4, 0x58, 0x03,
    0x12, 0x37, 0x85, 0xEA, 0xC4, 0xF0, 0x10, 0xF3, 0xCF, 0xDC, 0xD1, 0xFA, 0x90, 0xD2, 0xB2, 0xC3,
    0x2C, 0xF7, 0xD4, 0xCF, 0xA5, 0xDB, 0xE6, 0xA3, 0xD4, 0x2B, 0x75, 0x54, 0x3E, 0xD7, 0xDC, 0x04,
    0x16, 0x50, 0xA5, 0x72, 0xCF, 0x8B, 0xE9, 0x82, 0x3E, 0x83, 0xDC, 0x0F, 0x29, 0xF7, 0xDF, 0x5E,
    0x3D, 0x85, 0xD8, 0x4B, 0x72, 0x7E, 0xBC, 0x3A, 0x23, 0xB6, 0xB3, 0x19, 0x71, 0x31, 0x9B, 0x11,
    0xF3, 0xDA, 0x2B, 0x27, 0x65, 0x6E, 0x46, 0x9C, 0xBA, 0x19, 0x71, 0x06, 0xFF, 0x72, 0x46, 0xDC,
    0x5C, 0xCE, 0x88, 0x7F, 0x57, 0xC7, 0x4D, 0x3E, 0x3D, 0xE9, 0x7F, 0x77, 0xDC, 0xEF, 0x5D, 0x76,
    0xDC, 0x7C, 0xBE, 0x78, 0xC3, 0x20, 0xD4, 0xDD, 0x27, 0x12, 0x76, 0xB3, 0xE6, 0xEB, 0x85, 0xCC,
    0x57, 0xD5, 0x64, 0xCE, 0xED, 0x15, 0x28, 0x03, 0x8A, 0x66, 0xDF, 0x19, 0x44, 0x9F, 0x32, 0x17,
    0x88, 0x40, 0x13, 0xD6, 0x82, 0x0A, 0xCB, 0x1B, 0xE6, 0xD0, 0x84, 0xD9, 0x27, 0x15, 0x34, 0x8F,
    0x03, 0x69, 0x39, 0x53, 0x75, 0xA6, 0xA5, 0x20, 0xBC, 0xAA, 0xAA, 0xB4, 0x9C, 0x0E, 0xC5, 0x5B,
    0x92, 0xB8, 0x75, 0x73, 0x77, 0xEB, 0x4F, 0x3D, 0xA9, 0xD3, 0xCB, 0x37, 0x7E, 0x38, 0x21, 0xD2,
    0xC0, 0xDD, 0x17, 0xB9, 0x46, 0xE3, 0xC6, 0x9B, 0xCD, 0xBF, 0xBB, 0xD0, 0x0C, 0x87, 0x2E, 0xD3,
    0xAD, 0xE9, 0x34, 0x1C, 0x58, 0x5C, 0x1D, 0xAE, 0xD8, 0x69, 0x20, 0xA2, 0x41, 0x88, 0xE3, 0x10,
    0x90, 0x43, 0xF4, 0x11, 0xFF, 0xBF, 0x6A, 0xCA, 0x30, 0x5E, 0x30, 0x73, 0x1D, 0x2B, 0x72, 0xBF,
    0xB8, 0x5C, 0xE7, 0xAF, 0xF7, 0x88, 0x7E, 0x30, 0x54, 0x66, 0xAD, 0x83, 0x58, 0xD0, 0xA8, 0x8C,
    0xC7, 0x10, 0xCD, 0x1B, 0x5D, 0x27, 0xF1, 0x57, 0x15, 0xA8, 0x6A, 0xE4, 0xBE, 0x4F, 0x06, 0x17,
    0x93, 0x05, 0x35, 0x93, 0x26, 0x2A, 0x30, 0x85, 0x3A, 0xB5, 0xAA, 0xD5, 0x54, 0xCE, 0xE8, 0x80,
    0x45, 0xF4, 0xBE, 0x15, 0x7E, 0x87, 0x2A, 0xC6, 0xE6, 0x4D, 0xE5, 0x5C, 0xF3, 0xB6, 0x98, 0xC9,
    0xE2, 0x54, 0x6C, 0x0F, 0x85, 0x7C, 0x4C, 0x2C, 0x17, 0xF2, 0x6D, 0x9F, 0x11, 0xA9, 0x19, 0x17,
    0x0B, 0x34, 0x0A, 0xE5, 0xEA, 0xA5, 0x94, 0x19, 0xD1, 0x14, 0xDA, 0xD1, 0x09, 0x7A, 0xAE, 0x9D,
    0xA1, 0x0B, 0xF4, 0x32, 0x17, 0x9D, 0x61, 0x39, 0xE2, 0xC9, 0x88, 0xEB, 0xF1, 0xFE, 0x36, 0xF1,
    0x77, 0x61, 0x75, 0xC1, 0xD4, 0xFE, 0x46, 0x83, 0xD7, 0x22, 0x0A, 0x70, 0x64, 0xC2, 0x0A, 0xAF,
    0x99, 0x08, 0x04, 0x33, 0xC6, 0x8A, 0x80, 0xCA, 0xA4, 0xC7, 0x47, 0x84, 0x94, 0x70, 0x22, 0x38,
    0x13, 0xD8, 0xD2, 0x20, 0x6F, 0x4E, 0x0C, 0x73, 0xFE, 0x59, 0x30, 0xC6, 0x47, 0x2B, 0x68, 0x08,
    0xBE, 0xDB, 0x00, 0xE3, 0x94, 0x88, 0x09, 0x1E, 0xB8, 0x7B, 0x67, 0x3F, 0x5D, 0x5D, 0xE2, 0xCB,
    0x48, 0x6E, 0xB8, 0x02, 0xDD, 0x90, 0x5E, 0xB2, 0x9F, 0xF9, 0x0A, 0x54, 0xF5, 0x7D, 0xB6, 0xA7,
    0x8E, 0x04, 0x0B, 0xD2, 0x93, 0x47, 0x2E, 0xBA, 0xFD, 0xD7, 0x75, 0x8B, 0x1B, 0x3D, 0xB9, 0x18,
    0xFB, 0xDA, 0x38, 0x72, 0x49, 0xC6, 0x91, 0x8B, 0x3F, 0x74, 0xE2, 0x34, 0x3F, 0xF3, 0x1E, 0x2E,
    0x8B, 0x4A, 0x6D, 0x01, 0x05, 0xB0, 0x6F, 0x35, 0xA9, 0xD5, 0xED, 0x9F, 0xA9, 0x08, 0x09, 0xD4,
    0x51, 0x6B, 0x0B, 0xEC, 0xA4, 0x46, 0x2B, 0x68, 0xA0, 0x59, 0x37, 0x01, 0x9D, 0x78, 0xF5, 0x6E,
    0x6C, 0x98, 0xA1, 0x14, 0x28, 0x95, 0x21, 0x11, 0xC4, 0x52, 0xD1, 0xF4, 0x58, 0x23, 0x9C, 0x7F,
    0xCF, 0xE4, 0xC0, 0x73, 0x40, 0x39, 0x7B, 0x2D, 0xAB, 0xF9, 0xB0, 0x16, 0xE5, 0x9A, 0x4A, 0xBA,
    0xA4, 0x4E, 0x6B, 0x4D, 0xE4, 0xDB, 0xA9, 0x4C, 0x41, 0x33, 0x0C, 0x5D, 0xFB, 0x2D, 0x49, 0x71,
    0x9B, 0x22, 0x9C, 0x47, 0xB8, 0xA8, 0x42, 0x3F, 0xA9, 0xA2, 0x92, 0x39, 0xCD, 0x3F, 0x73, 0xF8,
    0xBF, 0x26, 0x43, 0xFF, 0x5F, 0x6B, 0xFE, 0xE9, 0x17, 0x1F, 0x70, 0xC9, 0x7F, 0xFE, 0xB0, 0x41,
    0xF0, 0xE1, 0xF7, 0xA9, 0x20, 0xCD, 0x42, 0xD8, 0x43, 0xD3, 0x13, 0x85, 0xBA, 0xEE, 0xFB, 0xFF,
    0x94, 0x9A, 0x9B, 0x57, 0xF8, 0x7E, 0x7C, 0x14, 0x12, 0xDC, 0x35, 0x62, 0xEB, 0xEE, 0x05, 0x81,
    0x0B, 0xC1, 0x5D, 0x2D, 0xA9, 0x52, 0xB9, 0x1B, 0xEB, 0xCD, 0xF7, 0x82, 0x86, 0x2F, 0xD7, 0xE6,
    0x4F, 0x62, 0x98, 0x6F, 0x66, 0x63, 0x3D, 0x8F, 0x49, 0x49, 0xBA, 0xC1, 0x22, 0xA5, 0x51, 0x5E,
    0xA7, 0xC0, 0x5F, 0x89, 0x31, 0x9D, 0x4C, 0x23, 0xAB, 0xFB, 0x57, 0xB5, 0x98, 0x05, 0xF3, 0xC9,
    0x52, 0xB6, 0x2A, 0x05, 0x3D, 0xC6, 0x13, 0x80, 0xEC, 0x01, 0x74, 0xEA, 0xBE, 0x6D, 0x2C, 0x1B,
    0x2D, 0x09, 0x8A, 0x39, 0x39, 0x90, 0x82, 0x6C, 0x08, 0x4D, 0x79, 0xF8, 0xD2, 0x60, 0x09, 0xE7,
    0xA7, 0x5A, 0x1A, 0x54, 0xD2, 0xA0, 0x30, 0x35, 0x21, 0xA4, 0x01, 0xE1, 0x77, 0x58, 0x69, 0xDC,
    0xBB, 0xDA, 0x4D, 0x6B, 0x74, 0x04, 0x05, 0xF7, 0x5A, 0xD6, 0xEA, 0xB5, 0x0B, 0x3B, 0x05, 0xAD,
    0xD8, 0x7B, 0x23, 0x58, 0x45, 0x45, 0xBB, 0x14, 0x90, 0x9F, 0x72, 0x04, 0x17, 0x32, 0x15, 0x81,
    0xFC, 0xC2, 0x9A, 0xF2, 0x7D, 0xAA, 0x9B, 0x9E, 0x61, 0x10, 0xDD, 0x70, 0xD3, 0xC3, 0x66, 0x88,
    0xE4, 0x8A, 0x6A, 0xC1, 0x00, 0xD9, 0xF5, 0x88, 0x5D, 0x9F, 0x7C, 0x35, 0xAF, 0x8E, 0x86, 0x15,
    0xAF, 0x4A, 0xDF, 0x7B, 0x91, 0xC8, 0x87, 0x54, 0xC7, 0x24, 0xEE, 0x64, 0xD1, 0xE1, 0xC0, 0x77,
    0xED, 0xC8, 0xDF, 0xD1, 0xF4, 0x07, 0x3E, 0xA4, 0x56, 0x5B, 0xD8, 0x63, 0x4E, 0xDC, 0x31, 0xD0,
    0x08, 0xEE, 0x6A, 0xA2, 0x26, 0xC7, 0x90, 0x50, 0x47, 0xB5, 0x0B, 0x78, 0x41, 0x24, 0x1B, 0x52,
    0x78, 0x38, 0x50, 0x34, 0xC7, 0x58, 0x08, 0x96, 0xEE, 0x20, 0xBB, 0x44, 0x7A, 0x08, 0xF8, 0x8D,
    0xCC, 0xBA, 0x76, 0xFE, 0xDB, 0xA0, 0x83, 0xF8, 0x0D, 0x94, 0x9E, 0xDB, 0x85, 0x69, 0x16, 0xF3,
    0xB1, 0x5F, 0xE1, 0xCE, 0xC4, 0xFA, 0x04, 0xC3, 0xC1, 0xC2, 0xB1, 0x72, 0x90, 0x3A, 0x56, 0xCE,
    0x57, 0x6B, 0xD8, 0xCB, 0x7B, 0x54, 0xE8, 0x1E, 0xD5, 0x8E, 0x86, 0xDE, 0x50, 0xC4, 0x2F, 0xC7,
    0x2A, 0x69, 0x2E, 0xE1, 0xCC, 0xE6, 0x53, 0x37, 0xDC, 0xA5, 0x32, 0x49, 0xBB, 0xBB, 0xD4, 0xB8,
    0x5A, 0x21, 0x92, 0xA3, 0xB7, 0xEF, 0x5D, 0x19, 0x7A, 0xE9, 0x87, 0xD7, 0x4F, 0x34, 0xC9, 0x13,
    0xE7, 0x5E, 0x9E, 0x6E, 0x92, 0xDD, 0xDC, 0x6B, 0xAF, 0x48, 0x9F, 0x4E, 0x78, 0xFA, 0xE1, 0x89,
    0xE3, 0x75, 0x36, 0xCA, 0x64, 0x14, 0x9E, 0x89, 0x52, 0xC1, 0xE9, 0x74, 0x67, 0xAD, 0xCE, 0x6C,
    0x32, 0x78, 0x40, 0xA7, 0x4E, 0xC1, 0x8D, 0x4E, 0xDC, 0xFF, 0xBE, 0x23, 0xAC, 0x5A, 0xE9, 0x54,
    0x13, 0x92, 0xD9, 0x4D, 0xF3, 0xD3, 0xEE, 0x6A, 0xD7, 0xD3, 0xA5, 0x83, 0x6B, 0x81, 0x0D, 0x7F,
    0x72, 0x3C, 0xDA, 0xF5, 0x88, 0x52, 0x18, 0xA5, 0x01, 0xBF, 0x81, 0xEA, 0x51, 0xF4, 0x76, 0x81,
    0x90, 0xE5, 0x2C, 0xFC, 0x25, 0x10, 0xEC, 0x48, 0xDD, 0xEC, 0x6B, 0xA3, 0xEB, 0xB5, 0xB2, 0x76,
    0x0A, 0xE4, 0x97, 0x0A, 0x54, 0xA3, 0x02, 0xBE, 0x55, 0xD8, 0x34, 0x52, 0xA0, 0xA2, 0x02, 0x89,
    0x14, 0x18, 0x2D, 0xD8, 0x4B, 0x01, 0x7B, 0x50, 0xA0, 0x70, 0x05, 0x47, 0xF0, 0x14, 0x05, 0x16,
    0x7C, 0x3B, 0x06, 0xAC, 0x39, 0x5C, 0x34, 0x47, 0x85, 0xC2, 0x26, 0xAC, 0x8E, 0x5D, 0x3B, 0x7C,
    0xC6, 0x35, 0x2D, 0xFC, 0x7F, 0x6A, 0x78, 0xD9, 0x5C, 0xC3, 0x7B, 0xEC, 0x6A, 0xFD, 0x7E, 0x62,
    0xC0, 0xD6, 0x8F, 0xD4, 0x5D, 0xB9, 0x17, 0xF3, 0x49, 0xD3, 0x75, 0x4E, 0xA6, 0xB1, 0x5A, 0x42,
    0x79, 0x5D, 0x66, 0xA8, 0x12, 0xA9, 0x78, 0xAA, 0x5C, 0xA2, 0x1D, 0xFF, 0x9B, 0xC3, 0xED, 0xEF,
    0xB6, 0x20, 0xDC, 0x25, 0x89, 0xF7, 0xD4, 0x50, 0xA8, 0xB3, 0x40, 0x22, 0xE3, 0x9C, 0x8A, 0x61,
    0x4F, 0xEE, 0x0A, 0x41, 0x99, 0x47, 0x07, 0x7C, 0xE4, 0x96, 0xBF, 0x8F, 0x2F, 0xDB, 0xC5, 0xE6,
    0x7A, 0xBB, 0xF8, 0x99, 0xE7, 0x7D, 0x2F, 0x1F, 0xE6, 0x7D, 0x17, 0x9A, 0xF7, 0xFD, 0x4A, 0x57,
    0x75, 0xC7, 0xAE, 0xFA, 0xCF, 0xE1, 0x75, 0x39, 0xA7, 0xBB, 0x6C, 0x93, 0x7C, 0xEB, 0xEE, 0xA0,
    0x44, 0x0D, 0x49, 0xB1, 0x4F, 0x8A, 0xEA, 0xBC, 0x88, 0x2B, 0x75, 0x8A, 0xE1, 0xF0, 0x70, 0x7E,
    0xFD, 0x2B, 0x9A, 0xED, 0xA2, 0xDC, 0x4E, 0x61, 0x18, 0x5C, 0x0F, 0x8A, 0x2B, 0x73, 0x46, 0xD1,
    0x65, 0xD2, 0x49, 0x48, 0x2B, 0xE4, 0x7F, 0xAC, 0x99, 0xE0, 0x5F, 0x20, 0x7C, 0x74, 0xFD, 0xC4,
    0xBA, 0x22, 0x9F, 0xED, 0xD5, 0x32, 0x85, 0xA8, 0xB8, 0xE9, 0x1A, 0x7B, 0xD4, 0x21, 0xE4, 0x85,
    0x6F, 0xF4, 0x06, 0x29, 0x68, 0x97, 0x86, 0xCD, 0x96, 0x09, 0xC7, 0x6B, 0xEC, 0x90, 0x84, 0xC5,
    0xDB, 0x35, 0xBE, 0x1E, 0x55, 0x48, 0x8D, 0x48, 0x53, 0x8F, 0x2B, 0xD7, 0xD8, 0x2E, 0xD9, 0x1E,
    0xDA, 0xB9, 0xD4, 0x30, 0xE1, 0xBE, 0x62, 0xAA, 0xF4, 0xB5, 0xA4, 0x58, 0x1E, 0x6F, 0x8B, 0x78,
    0xE0, 0x75, 0xC1, 0xF0, 0x2D, 0x8A, 0x16, 0xD3, 0x74, 0x5C, 0xF1, 0xDB, 0x57, 0x65, 0x7D, 0xEA,
    0x07, 0x78, 0x0F, 0xC7, 0x16, 0xB5, 0x31, 0x4D, 0x68, 0xCD, 0xE5, 0x87, 0x7D, 0x4E, 0x76, 0x5C,
    0x6D, 0x53, 0xDD, 0x9D, 0xDD, 0xF5, 0x96, 0xF9, 0x79, 0x9D, 0x74, 0x6F, 0xEF, 0xB3, 0xE9, 0xC3,
    0x67, 0xAA, 0xAE, 0x70, 0xCA, 0xF0, 0x6A, 0xB7, 0xAE, 0x5C, 0x37, 0xE1, 0x16, 0x3F, 0xC3, 0xE3,
    0x23, 0xB5, 0x28, 0xBA, 0xD7, 0x1A, 0x2D, 0xBC, 0x90, 0xC0, 0xD2, 0x3F, 0x9E, 0x4D, 0x83, 0x9E,
    0xFF, 0x8D, 0x9F, 0xEA, 0x50, 0xC5, 0xFF, 0xC9, 0x4A, 0x52, 0x41, 0x61, 0xA7, 0xEC, 0x95, 0x29,
    0x7E, 0xA6, 0x0E, 0x43, 0xAE, 0xE8, 0x46, 0x0F, 0x58, 0xB9, 0xC0, 0x6F, 0x65, 0x74, 0xFD, 0x4F,
    0xBD, 0xAD, 0x65, 0x65, 0xFC, 0x54, 0xD6, 0xBC, 0xD5, 0x8F, 0x64, 0x81, 0x02, 0x34, 0xAE, 0x8E,
    0x34, 0x38, 0xD6, 0xD9, 0x63, 0x80, 0xEB, 0x59, 0xF5, 0x3C, 0xFB, 0x9D, 0xF7, 0x34, 0x4A, 0x3D,
    0x17, 0xEC, 0xE3, 0xCA, 0x31, 0xBD, 0x7D, 0x35, 0xAF, 0x0E, 0x76, 0x9F, 0x9B, 0x7A, 0x2E, 0x88,
    0x73, 0xC1, 0x5F, 0x4A, 0xEC, 0xFF, 0x22, 0x78, 0x1F, 0x2B, 0x79, 0xB0, 0x5C, 0xB1, 0xD1, 0x26,
    0x44, 0xF7, 0xDC, 0x04, 0x0E, 0x8B, 0x70, 0xD0, 0x20, 0x64, 0xA8, 0x75, 0x37, 0x31, 0xB6, 0xA0,
    0x92, 0x1D, 0x08, 0x04, 0x6A, 0xEE, 0x28, 0x7B, 0x22, 0x71, 0x17, 0xE4, 0x2B, 0xED, 0x32, 0x72,
    0x46, 0x49, 0x50, 0x7D, 0xBA, 0xCF, 0x18, 0xFA, 0xD1, 0x50, 0x9B, 0x37, 0x1E, 0xBE, 0x59, 0xBF,
    0x8C, 0x9D, 0xAF, 0x46, 0x59, 0x5C, 0x6D, 0x4C, 0x98, 0xB2, 0xC1, 0x03, 0x2C, 0xDE, 0xE0, 0xDA,
    0x27, 0x3E, 0xC1, 0x06, 0x8D, 0xA0, 0xFD, 0x3C, 0xEC, 0x17, 0xAC, 0x41, 0xFF, 0xF5, 0x8E, 0x9D,
    0x70, 0xB7, 0xEA, 0x75, 0xD4, 0x6A, 0x9D, 0xF6, 0x91, 0x56, 0x0A, 0xAB, 0xD4, 0x59, 0xD9, 0x1F,
    0x5A, 0x57, 0x09, 0x6F, 0xFF, 0xBF, 0x13, 0x7A, 0x4A, 0x20, 0x3E, 0xFB, 0x08, 0xFE, 0xA5, 0xA1,
    0x18, 0xAF, 0x3B, 0x2E, 0xBC, 0x3E, 0xB0, 0xD0, 0x31, 0x3B, 0xF3, 0x0A, 0x45, 0xC7, 0x25, 0xE5,
    0x97, 0x23, 0xA9, 0xCD, 0xD3, 0x46, 0x52, 0x6A, 0x22, 0x25, 0x93, 0xC6, 0xB7, 0x8C, 0x9E, 0x66,
    0xFC, 0xD4, 0x66, 0xCA, 0xBB, 0x9D, 0x88, 0x23, 0xEC, 0x4E, 0x73, 0x08, 0xF3, 0x6F, 0x6A, 0x93,
    0xFC, 0x36, 0x73, 0x1F, 0x36, 0x24, 0xC5, 0xCA, 0xC9, 0xC4, 0xF7, 0x6F, 0xDE, 0x1C, 0xB7, 0x9E,
    0x51, 0x35, 0xF2, 0x86, 0x3F, 0x42, 0xB7, 0x82, 0x9E, 0x17, 0x99, 0x47, 0x03, 0xB6, 0x4D, 0x84,
    0x73, 0xC1, 0xFE, 0xFA, 0x6A, 0xB7, 0xF6, 0x91, 0x35, 0xE2, 0x7B, 0x16, 0xC9, 0x9B, 0x16, 0xF9,
    0x5B, 0xED, 0x7C, 0xFD, 0x67, 0xFD, 0xB0, 0x43, 0x8F, 0x04, 0x73, 0xB7, 0x3D, 0xD7, 0x9F, 0xDB,
    0xFF, 0x0F, 0x4C, 0x56, 0x34, 0xCF, 0x96, 0x04, 0x3C, 0xB7, 0x8F, 0x43, 0x66, 0xFF, 0x31, 0x97,
    0xF9, 0xA0, 0xFB, 0xBF, 0x53, 0x4F, 0xBB, 0xE7, 0x9C, 0xB4, 0x8F, 0x9F, 0xBB, 0x7A, 0x54, 0xAC,
    0xBF, 0xAE, 0xDC, 0x0B, 0xF8, 0xF2, 0xD9, 0x85, 0xA1, 0xE8, 0x2D, 0x3B, 0x5F, 0xEA, 0x59, 0xBF,
    0x2F, 0xF9, 0xFF, 0x39, 0x81, 0xBF, 0x39, 0x1C, 0xF1, 0xC2, 0x3E, 0x39, 0x86, 0x6A, 0xEB, 0x8E,
    0x0A, 0xB8, 0x3A, 0xF2, 0x62, 0x6F, 0x53, 0xE6, 0xF1, 0xF8, 0xC2, 0x75, 0x0B, 0xED, 0x0E, 0x51,
    0x4B, 0x62, 0xAC, 0xDE, 0x86, 0x6E, 0x28, 0x8A, 0xB1, 0x1F, 0xE3, 0x87, 0x9B, 0x30, 0xE4, 0x70,
    0x6C, 0x80, 0xAF, 0x7D, 0xE1, 0x05, 0xFA, 0xEE, 0x73, 0x9F, 0x27, 0x24, 0x6A, 0x24, 0xCA, 0x04,
    0x53, 0xB4, 0xFB, 0x8D, 0xD2, 0x71, 0xF5, 0xDE, 0x4C, 0x55, 0xE9, 0x0A, 0x29, 0x3A, 0x81, 0xD4,
    0x15, 0x68, 0x41, 0x82, 0x34, 0x16, 0x50, 0x6C, 0x81, 0x94, 0x86, 0xB4, 0x86, 0xD4, 0x86, 0xF4,
    0xC6, 0xA8, 0xB8, 0x34, 0x9F, 0xF5, 0x34, 0x52, 0x1E, 0xD2, 0x7E, 0x54, 0xDF, 0xE9, 0x9F, 0x87,
    0xED, 0xA1, 0x8B, 0x9C, 0x3D, 0x2F, 0xE2, 0x7B, 0xEC, 0x31, 0x80, 0x76, 0x89, 0x68, 0xDE, 0x8B,
    0x3D, 0xF3, 0x87, 0x39, 0xAE, 0xD0, 0x77, 0x84, 0xA0, 0xBB, 0x8B, 0xAB, 0xCF, 0x2D, 0x7E, 0xC1,
    0xAC, 0x9C, 0x87, 0x44, 0x70, 0x3D, 0xEB, 0x01, 0xCF, 0xFD, 0xFB, 0x99, 0xFF, 0x01, 0xCD, 0xDA,
    0x01, 0x84, 0x25, 0xD9, 0x7E, 0xC7, 0xF1, 0x4F, 0x55, 0xCD, 0x4E, 0x8D, 0xAD, 0xEC, 0x3B, 0x8D,
    0xC5, 0x13, 0x79, 0x7B, 0x07, 0x0F, 0x4B, 0x4C, 0xD7, 0xC3, 0xE0, 0xE1, 0xDE, 0x7B, 0x6B, 0x3D,
    0x04, 0x48, 0x5E, 0x00, 0x80, 0x01, 0x08, 0x48, 0xB0, 0x68, 0x71, 0xB3, 0x5D, 0x11, 0x00, 0x18,
    0x00, 0xC0, 0xE0, 0x01, 0x88, 0x0D, 0x83, 0x0E, 0xBD, 0xD3, 0x95, 0x20, 0x11, 0x41, 0xAE, 0x00,
    0x04, 0x8A, 0x5D, 0x00, 0xD9, 0x4A, 0x72, 0x93, 0x77, 0x37, 0xBA, 0xBB, 0xD2, 0x7F, 0xAF, 0x5C,
    0x19, 0x63, 0x3C, 0xCF, 0xBB, 0xB7, 0x7B, 0xF1, 0xFF, 0xE9, 0x81, 0x53, 0xE7, 0xFB, 0xED, 0x5F,
    0xD5, 0x71, 0xF4, 0x90, 0x7A, 0xCC, 0x06, 0x2C, 0x23, 0xE6, 0x11, 0xAF, 0x23, 0x86, 0x2D, 0x79,
    0xBF, 0xA5, 0xE8, 0x2E, 0xA8, 0xDA, 0x0B, 0x52, 0xB3, 0x66, 0x66, 0xCD, 0xC2, 0x9C, 0xB5, 0x05,
    0xE3, 0x78, 0x23, 0x1B, 0xC7, 0x5B, 0xF9, 0x60, 0xA9, 0xD8, 0xA8, 0x55, 0x9D, 0x5A, 0x6A, 0xCC,
    0xD4, 0xCC, 0x2C, 0x49, 0x0D, 0x50, 0x0C, 0x28, 0x7B, 0x54, 0x11, 0x75, 0xBF, 0xCE, 0xC6, 0x9B,
    0x8B, 0x62, 0x5B, 0x5D, 0xA4, 0x2E, 0xDF, 0x26, 0x86, 0x9A, 0x61, 0x29, 0x1B, 0x16, 0x77, 0x33,
    0x97, 0xF7, 0x6B, 0xC5, 0xE6, 0x57, 0x93, 0xBA, 0x85, 0xDF, 0xEF, 0xEA, 0xCF, 0x7E, 0xD9, 0xA5,
    0xF1, 0x9F, 0xDB, 0xFC, 0x36, 0xB5, 0xE0, 0x06, 0xD7, 0xD3, 0x00, 0xE5, 0x35, 0xAA, 0x5B, 0x78,
    0x06, 0x6B, 0x18, 0xE0, 0x25, 0x00, 0xEE, 0x97, 0xBC, 0xB8, 0xA5, 0x18, 0x91, 0xB0, 0xC0, 0x05,
    0x5E, 0xE0, 0x40, 0x16, 0x40, 0xD5, 0x40, 0x8A, 0xB4, 0x00, 0x67, 0x28, 0x76, 0x03, 0xAA, 0x1B,
    0xA8, 0x6B, 0xB8, 0xAC, 0x1A, 0xF4, 0x45, 0xCB, 0x3B, 0x42, 0x26, 0x23, 0xA1, 0x64, 0x72, 0x32,
    0x49, 0x09, 0x2B, 0x93, 0x96, 0xF0, 0x62, 0x12, 0x13, 0x66, 0x4C, 0x6A, 0xC2, 0x8D, 0x49, 0x4E,
    0xD8, 0x21, 0xF4, 0x10, 0x7E, 0x08, 0x41, 0x84, 0x21, 0x42, 0x11, 0xE1, 0xC8, 0x5E, 0x12, 0x10,
    0x9B, 0x12, 0x50, 0x66, 0x30, 0x27, 0xBB, 0xFE, 0x9C, 0xF2, 0x16, 0xB3, 0x3F, 0x6A, 0x58, 0x94,
    0x1D, 0x5F, 0xE6, 0x1D, 0xB0, 0x37, 0x28, 0x14, 0x0A, 0x87, 0x42, 0xA2, 0xB0, 0x28, 0x34, 0x0A,
    0x8F, 0x42, 0xA4, 0x30, 0x29, 0x34, 0x4E, 0x21, 0x75, 0xC2, 0xA6, 0xD0, 0x29, 0x7C, 0xDA, 0x0B,
    0xA5, 0x6C, 0x05, 0x29, 0xF2, 0x88, 0xAC, 0x87, 0xAF, 0x77, 0x93, 0xCB, 0x50, 0x39, 0x99, 0x0C,
    0x91, 0x0F, 0x50, 0xAB, 0x26, 0x16, 0x0A, 0xAD, 0xD3, 0xDE, 0x06, 0xFC, 0xCD, 0x75, 0xA8, 0x12,
    0xA6, 0x42, 0xD4, 0xE4, 0xE9, 0xA0, 0x35, 0x2B, 0x6E, 0x50, 0x8E, 0xF0, 0x09, 0xCC, 0xC9, 0x7E,
    0xF1, 0x9A, 0xF2, 0xFA, 0x05, 0xE9, 0x0D, 0x16, 0x09, 0xDB, 0xB2, 0xA3, 0xC9, 0x9A, 0x07, 0x78,
    0xD7, 0xC8, 0x6F, 0x51, 0x8C, 0x0D, 0x12, 0x9C, 0xE2, 0x17, 0x3F, 0x8D, 0xBD, 0x3F, 0x25, 0x7D,
    0x8B, 0xBA, 0x6A, 0xB9, 0x08, 0x7F, 0x27, 0x9A, 0x63, 0xB5, 0x68, 0xF6, 0xCD, 0x09, 0xAB, 0x71,
    0xE0, 0xE4, 0x4F, 0x37, 0x80, 0xE2, 0x1A, 0xE9, 0x06, 0xCB, 0x19, 0x76, 0xB1, 0x8F, 0x97, 0x79,
    0xF3, 0x10, 0x05, 0x2A, 0x37, 0xD4, 0xBB, 0xE7, 0x3E, 0x3D, 0xDF, 0x52, 0x6D, 0x40, 0x16, 0x05,
    0x1A, 0x45, 0x81, 0xAC, 0x8B, 0xCE, 0xD3, 0xAC, 0x3D, 0x5C, 0x81, 0x82, 0xFD, 0x48, 0x2F, 0xCF,
    0x01, 0x4E, 0xA3, 0x3D, 0x7B, 0x9A, 0x5E, 0x9E, 0xCF, 0xB3, 0x0E, 0x38, 0xCA, 0x49, 0xF5, 0x08,
    0x52, 0x83, 0xE5, 0x5B, 0x87, 0xD4, 0xAB, 0xCD, 0x86, 0x2F, 0x8B, 0x0D, 0xEB, 0x59, 0xCB, 0xEA,
    0x16, 0xD5, 0xD6, 0x83, 0x48, 0xCA, 0xC4, 0x2A, 0xCC, 0xB0, 0xC0, 0x6B, 0x7E, 0xF2, 0xEA, 0x95,
    0xB3, 0xBC, 0xB7, 0xA8, 0x3A, 0xB3, 0xB1, 0x51, 0xEE, 0x1C, 0x4E, 0x52, 0x3E, 0x39, 0x79, 0xEB,
    0xE3, 0xBB, 0xF9, 0x7E, 0x49, 0xC9, 0x1A, 0xCA, 0x2E, 0x56, 0x9B, 0xF6, 0xD6, 0x1F, 0x59, 0x0A,
    0x28, 0xF7, 0xAF, 0x8E, 0xB9, 0x20, 0xC3, 0x1F, 0x6F, 0x5A, 0x86, 0x9F, 0xED, 0xA5, 0x8C, 0x0F,
    0x27, 0x05, 0x8A, 0x1B, 0x8A, 0x5B, 0x3C, 0xC3, 0x19, 0x4F, 0x87, 0x9F, 0x3B, 0xCB, 0x86, 0x90,
    0xA2, 0x1E, 0x1B, 0xD5, 0x21, 0xA5, 0xCC, 0x36, 0x0D, 0xE7, 0x63, 0xCF, 0xC9, 0x79, 0x0B, 0x78,
    0x65, 0x2A, 0xC9, 0xC3, 0xFB, 0x48, 0xDF, 0x9C, 0x88, 0x0F, 0xFF, 0xC7, 0xD3, 0x77, 0xFF, 0x27,
    0x8E, 0x5D, 0x90, 0x2F, 0xB3, 0x0D, 0xAF, 0xCB, 0x8E, 0xC5, 0xAC, 0xA1, 0x7E, 0xEB, 0x0D, 0x79,
    0xF8, 0x6F, 0x2B, 0x3C, 0x37, 0x98, 0x17, 0x1B, 0xCB, 0x14, 0xC7, 0xA4, 0x90, 0x70, 0xA4, 0xEF,
    0x6B, 0x6C, 0x73, 0x14, 0x21, 0x1F, 0x50, 0xF4, 0x11, 0x1B, 0x41, 0x88, 0x72, 0x8A, 0x60, 0x45,
    0x1A, 0xC7, 0x6D, 0xC4, 0x20, 0x35, 0x48, 0x30, 0x83, 0x1A, 0x4E, 0x61, 0xB1, 0x8F, 0x39, 0x51,
    0xBC, 0xB1, 0x73, 0x15, 0x01, 0xAC, 0x9A, 0x08, 0xA6, 0x98, 0x7D, 0x17, 0xCF, 0x6E, 0xCA, 0x6F,
    0xAA, 0x2E, 0x35, 0xC5, 0xE6, 0x54, 0xB1, 0x99, 0xAB, 0xBA, 0xCB, 0xEC, 0xAA, 0xBD, 0x1A, 0x6F,
    0x8C, 0xE3, 0x4B, 0x3B, 0xC4, 0x5C, 0x2A, 0xDB, 0xB5, 0x59, 0xB3, 0x6A, 0xDE, 0x48, 0xE3, 0x4E,
    0x3E, 0xB6, 0xC0, 0x57, 0xF6, 0x30, 0x80, 0xD5, 0x06, 0xE7, 0x3D, 0xB2, 0x9E, 0x20, 0x99, 0x6C,
    0x7F, 0x00, 0xC0, 0x3D, 0x93, 0xBF, 0xFF, 0x5A, 0x73, 0x00, 0x0B, 0xF9, 0x16, 0xD5, 0xED, 0xEF,
    0xF0, 0xE1, 0xEC, 0xDA, 0xF4, 0x6F, 0x0F, 0xC3, 0x5A, 0x6F, 0x1A, 0x57, 0x63, 0x6F, 0xFF, 0xB1,
    0x71, 0x18, 0x46, 0x80, 0x33, 0xD8, 0x22, 0xEF, 0xA7, 0x4D, 0xD7, 0xFF, 0x82, 0xAB, 0x0D, 0xF9,
    0x7F, 0x0C, 0x94, 0xDD, 0x05, 0xC9, 0xFC, 0x01, 0xE0, 0x7F, 0xAB, 0x9B, 0x59, 0x08, 0x12, 0x86,
    0x84, 0x22, 0xE1, 0x48, 0x48, 0x12, 0x96, 0x84, 0x26, 0xE1, 0x49, 0x88, 0xB2, 0x63, 0x8A, 0x70,
    0x25, 0x64, 0x09, 0x5B, 0x42, 0xD7, 0xE4, 0xEB, 0x11, 0xAC, 0x61, 0x0E, 0xCF, 0xE0, 0x07, 0x50,
    0xD5, 0xDD, 0xF7, 0x45, 0xD8, 0x6F, 0x7C, 0x33, 0x3B, 0x50, 0x8B, 0x56, 0x7D, 0xC4, 0x00, 0xC3,
    0xC4, 0xF6, 0xE1, 0x1F, 0xB4, 0xAC, 0xFE, 0x01, 0xFF, 0x3B, 0x04, 0xF2, 0x96, 0xD4, 0xCC, 0xF9,
    0xC0, 0xC7, 0xF7, 0x2C, 0xE5, 0xB7, 0xBA, 0x99, 0x1D, 0xBA, 0x45, 0xD9, 0xED, 0x67, 0x14, 0xE3,
    0x48, 0x96, 0xDF, 0x00, 0xFC, 0xAA, 0x40, 0xBD, 0x28, 0x50, 0x00, 0xAF, 0x79, 0xEC, 0xD3, 0x87,
    0x28, 0xD0, 0x6F, 0x78, 0x33, 0x3B, 0x40, 0x81, 0xF6, 0x2F, 0x4F, 0xF6, 0xDF, 0x0F, 0xFD, 0xF2,
    0xBC, 0x7B, 0xA0, 0xBE, 0xFF, 0x66, 0x76, 0xBC, 0xC3, 0xF6, 0x7C, 0x2A, 0x03, 0xF9, 0xC6, 0xC4,
    0x96, 0xE0, 0x09, 0x00, 0x26, 0x21, 0x11, 0x5C, 0xC0, 0x0E, 0xB6, 0x30, 0x20, 0x8B, 0x08, 0x5F,
    0xF2, 0xFE, 0xD7, 0x4B, 0x8B, 0x48, 0x8D, 0x29, 0x66, 0xB8, 0x7A, 0xDB, 0x4A, 0xDA, 0x92, 0xAE,
    0x71, 0x86, 0x81, 0xD8, 0x59, 0xD6, 0x22, 0xFC, 0xC5, 0xF9, 0x84, 0xD9, 0x34, 0xA7, 0x58, 0x4C,
    0x33, 0xC7, 0x1A, 0x17, 0x59, 0x67, 0x57, 0x6D, 0x6C, 0xEB, 0xC6, 0xF0, 0x95, 0xEC, 0xBF, 0x06,
    0xC6, 0x8E, 0x37, 0xF7, 0x0D, 0xE2, 0x1C, 0xDE, 0x98, 0xCC, 0x2B, 0x07, 0xCA, 0x7E, 0xDF, 0x74,
    0x1C, 0x04, 0x0A, 0x5C, 0x93, 0xED, 0xC8, 0x77, 0xC8, 0xC7, 0x46, 0x3D, 0x0E, 0xDE, 0x64, 0xBB,
    0x6C, 0x6B, 0x5D, 0x6C, 0x2C, 0xAA, 0xCE, 0x32, 0xB5, 0x96, 0x33, 0x96, 0x35, 0x31, 0x8B, 0x25,
    0x8B, 0x05, 0xEB, 0x05, 0x97, 0x0B, 0x76, 0x73, 0xB6, 0x73, 0xD9, 0xB0, 0x50, 0x6C, 0x6A, 0xA9,
    0x4B, 0xED, 0xB9, 0x72, 0xBC, 0x96, 0x5D, 0x6D, 0xEC, 0x71, 0xBE, 0x98, 0x60, 0xAA, 0x9B, 0xC0,
    0xED, 0xF2, 0x5D, 0xD9, 0x57, 0x5D, 0x36, 0xA4, 0xC6, 0x76, 0xC6, 0xC5, 0x92, 0x98, 0xDD, 0x42,
    0xAC, 0x15, 0x93, 0xC7, 0x7A, 0x7D, 0xAD, 0xEA, 0xD2, 0xE6, 0xBC, 0x89, 0xF5, 0x4C, 0xEB, 0xED,
    0xD7, 0xBA, 0x01, 0xB8, 0xEA, 0x18, 0x37, 0x84, 0xEE, 0x70, 0x9C, 0xF0, 0x04, 0x70, 0x44, 0xAE,
    0x6C, 0x6C, 0xEE, 0xA6, 0xA5, 0x6A, 0x48, 0x98, 0xE3, 0xC7, 0x38, 0x10, 0x27, 0x6C, 0x91, 0x0D,
    0x08, 0x36, 0x55, 0xC3, 0xEA, 0x0F, 0x31, 0x76, 0x14, 0x5F, 0xF7, 0xA4, 0x76, 0xE0, 0x47, 0x3E,
    0xE7, 0x6D, 0x5E, 0x01, 0x1C, 0xC4, 0x02, 0x59, 0x30, 0x0B, 0x68, 0x41, 0x2D, 0xB0, 0xD5, 0x53,
    0x2C, 0x04, 0xB9, 0x40, 0x17, 0xEC, 0x02, 0x5E, 0xEC, 0x4E, 0xE0, 0x0B, 0x7E, 0x21, 0x40, 0x18,
    0x08, 0x05, 0xEC, 0x1D, 0x40, 0xB6, 0xEF, 0x7B, 0xC8, 0xF7, 0x09, 0xC6, 0xF9, 0xB4, 0x8D, 0xEA,
    0x1F, 0x3B, 0x66, 0x79, 0xCF, 0xDC, 0x00, 0xD8, 0x0B, 0x0A, 0x43, 0x42, 0x91, 0x70, 0x24, 0x24,
    0x09, 0x4B, 0x96, 0x53, 0xEC, 0x84, 0x28, 0xF3, 0x88, 0x50, 0x25, 0x5C, 0x09, 0x59, 0xC2, 0x96,
    0xD8, 0xCB, 0xE4, 0xEB, 0x04, 0x5B, 0x9C, 0x61, 0x8E, 0x67, 0xF8, 0x68, 0xD5, 0x84, 0xAA, 0x30,
    0x15, 0xA2, 0xC2, 0xD3, 0xB1, 0x4B, 0x11, 0x2E, 0x0C, 0x78, 0x8D, 0x33, 0xFC, 0x74, 0x14, 0xCF,
    0x0A, 0x11, 0xE1, 0x61, 0xD2, 0x70, 0xC0, 0x92, 0xBC, 0xF3, 0x31, 0x2E, 0x3A, 0x7E, 0x37, 0xE1,
    0xEA, 0x9F, 0xC8, 0x7E, 0xB9, 0xA1, 0xFC, 0xBB, 0x81, 0xE4, 0x35, 0x4F, 0x3C, 0x7D, 0xA0, 0x92,
    0x8C, 0x4D, 0x44, 0x87, 0xA2, 0x45, 0xC2, 0x9F, 0x3C, 0x23, 0x1B, 0x7F, 0x48, 0xF1, 0x6D, 0x4B,
    0xFA, 0x59, 0xC7, 0x22, 0x1B, 0xF8, 0xD8, 0xCF, 0x8F, 0x54, 0x92, 0xFC, 0xE6, 0x91, 0x32, 0x4E,
    0xEA, 0xC7, 0xDF, 0x01, 0xAB, 0x96, 0x28, 0xC8, 0xBF, 0xF6, 0x52, 0xB3, 0xF5, 0xC4, 0xF3, 0xA3,
    0x16, 0x24, 0x1F, 0x48, 0xB7, 0xBF, 0xE7, 0xA3, 0xD9, 0x35, 0x79, 0x0F, 0x8C, 0xC4, 0x49, 0x1B,
    0x05, 0x39, 0xCD, 0x7A, 0x9F, 0x7A, 0x75, 0xB0, 0x82, 0x4C, 0x7C, 0xFB, 0x17, 0xE0, 0x07, 0x7B,
    0xBE, 0xFB, 0xF9, 0xDA, 0xBB, 0x3A, 0x6E, 0xF9, 0xDF, 0x3E, 0x09, 0x1A, 0x14, 0xD3, 0x05, 0x71,
    0xEA, 0xD3, 0xB3, 0xA2, 0xE3, 0xD3, 0x08, 0x65, 0x1B, 0x27, 0x78, 0x30, 0x8F, 0xD1, 0xF9, 0xED,
    0x41, 0x3A, 0xDF, 0xBF, 0xA7, 0xF3, 0xB9, 0xFD, 0x36, 0x1A, 0x9C, 0x3E, 0xC6, 0xBA, 0x6A, 0x78,
    0x91, 0x20, 0x51, 0x8D, 0x63, 0xF0, 0xDF, 0x44, 0xB5, 0x37, 0x07, 0xA8, 0xB6, 0x13, 0x18, 0x60,
    0x0B, 0x67, 0x01, 0x3D, 0x8F, 0xF8, 0xE1, 0xFD, 0xE3, 0xB7, 0xC4, 0xD2, 0x64, 0x03, 0x0C, 0x81,
    0xFF, 0x3A, 0xF0, 0x9F, 0x1F, 0x0D, 0x1F, 0x5C, 0x75, 0x18, 0x37, 0xFB, 0xE3, 0xB2, 0x45, 0x8A,
    0x1F, 0x9F, 0x44, 0xB8, 0x7F, 0x11, 0x90, 0x8D, 0x4D, 0x44, 0x8B, 0x50, 0x20, 0x85, 0x8D, 0x79,
    0xFC, 0xF8, 0xE3, 0xA3, 0xDA, 0x28, 0x77, 0x27, 0xD3, 0xAD, 0xEE, 0x83, 0xEA, 0xEB, 0x0E, 0x0F,
    0xE3, 0xA0, 0xEA, 0x4F, 0xA8, 0xC7, 0xFF, 0xE1, 0x51, 0xFD, 0x6F, 0x0D, 0x8E, 0x07, 0x5D, 0x3C,
    0x1C, 0x25, 0x38, 0x87, 0x2F, 0xE0, 0x2B, 0xE0, 0x31, 0x54, 0xC7, 0x85, 0x7E, 0xEB, 0x91, 0x37,
    0xA8, 0x3A, 0xF3, 0xD4, 0x5A, 0xA7, 0xC6, 0x65, 0x6A, 0x5C, 0xCC, 0xD8, 0xCD, 0xD8, 0xD6, 0x0C,
    0xA7, 0xE2, 0xCB, 0x9D, 0xC7, 0xF4, 0x73, 0x45, 0x1F, 0x3A, 0x2E, 0x15, 0xDD, 0x85, 0xB2, 0xDB,
    0xA9, 0xEE, 0x26, 0xB5, 0x77, 0xD3, 0x5C, 0x5A, 0xF9, 0xE2, 0xB3, 0x1B, 0xF5, 0xB8, 0xF5, 0x78,
    0x7C, 0x89, 0xE9, 0x9E, 0xB0, 0xA5, 0xD8, 0x92, 0x9A, 0x7C, 0x48, 0xF2, 0x7E, 0xA6, 0xD8, 0xC4,
    0x9C, 0x2A, 0xBA, 0xA5, 0xB2, 0x5B, 0xDC, 0xCD, 0x5C, 0xD5, 0xAE, 0xA5, 0x98, 0x66, 0x6D, 0x26,
    0xD6, 0x5A, 0x1B, 0x2D, 0xCB, 0x7F, 0x57, 0x8F, 0xA7, 0xAA, 0xDD, 0x02, 0x64, 0xD7, 0xE4, 0xD3,
    0x9A, 0x20, 0x1F, 0x63, 0x1A, 0x12, 0x3E, 0xC1, 0x1C, 0x4F, 0x81, 0x23, 0x72, 0x29, 0xAF, 0xA9,
    0x6E, 0xF1, 0x0C, 0x6B, 0x0C, 0x78, 0x89, 0x43, 0x70, 0x66, 0x50, 0xB5, 0x98, 0xC1, 0xC2, 0xC0,
    0x45, 0xC4, 0xAB, 0x08, 0x59, 0x5F, 0x75, 0x56, 0x9B, 0xD4, 0x3A, 0xEF, 0x02, 0x4C, 0x84, 0x40,
    0x13, 0x6C, 0xEA, 0x88, 0xA0, 0x13, 0x78, 0x82, 0x4F, 0x00, 0x0A, 0x42, 0x81, 0x28, 0x18, 0x05,
    0xA4, 0xA0, 0x14, 0x98, 0x62, 0x2F, 0x02, 0x54, 0x3D, 0xEE, 0x98, 0x50, 0x9F, 0x40, 0x0D, 0x0B,
    0xD8, 0xE5, 0x8D, 0xAC, 0x2F, 0x5B, 0x59, 0x7B, 0x17, 0x54, 0xCD, 0x1D, 0xEE, 0x28, 0xC9, 0x6F,
    0xCD, 0x14, 0xBD, 0x20, 0x16, 0xC8, 0x82, 0x59, 0x40, 0x0B, 0x6A, 0x81, 0x2D, 0xB8, 0x05, 0xB8,
    0x78, 0x9A, 0xB5, 0x6F, 0x59, 0x96, 0x7F, 0x4D, 0xC0, 0x4F, 0xF4, 0x9A, 0xFD, 0x1B, 0xB9, 0x11,
    0xB4, 0x06, 0x86, 0x88, 0x17, 0xF7, 0x8D, 0xFF, 0xEE, 0x5F, 0x4F, 0xF3, 0x46, 0xBE, 0x89, 0x9F,
    0xBB, 0xA3, 0xE1, 0x43, 0x3E, 0x8A, 0x68, 0x90, 0xE0, 0x13, 0x98, 0x1B, 0x78, 0x1A, 0xE1, 0x7E,
    0x45, 0xBC, 0xF7, 0x7F, 0x81, 0xE5, 0x0D, 0x43, 0x88, 0x78, 0x79, 0x54, 0x1B, 0xA9, 0x6F, 0x58,
    0x8D, 0x3D, 0x8F, 0xEA, 0x76, 0xC0, 0xC3, 0x38, 0xA8, 0xFF, 0x12, 0x57, 0xE3, 0xDF, 0x37, 0x4E,
    0xAE, 0x82, 0xD7, 0x11, 0xA1, 0x1F, 0x8E, 0x12, 0xB2, 0x1D, 0xF2, 0x2D, 0x8A, 0x08, 0xE4, 0x0D,
    0x8E, 0x0D, 0x2D, 0xBB, 0x46, 0xBE, 0x7F, 0xB8, 0x77, 0x3F, 0x05, 0x18, 0xE0, 0x05, 0x60, 0x41,
    0xEA, 0x96, 0xD4, 0x66, 0xFC, 0x85, 0xD4, 0x08, 0xC6, 0x62, 0x50, 0x74, 0x55, 0xA7, 0xE8, 0x53,
    0x23, 0x1B, 0x96, 0xD8, 0x5E, 0xE2, 0x6F, 0xB7, 0x38, 0xEF, 0xB1, 0xEA, 0x50, 0xC3, 0x0C, 0x6A,
    0x58, 0xC2, 0x62, 0x1F, 0xEB, 0x7D, 0x5C, 0x82, 0x13, 0xEC, 0xB0, 0xC6, 0x1C, 0x3F, 0xC2, 0x47,
    0xC0, 0x56, 0x6D, 0x70, 0x1A, 0xFE, 0x63, 0xC2, 0xFE, 0xDD, 0xC4, 0xFD, 0x68, 0x1D, 0xEA, 0xEF,
    0x66, 0x5B, 0x76, 0x31, 0xD9, 0x10, 0x9B, 0x2B, 0xBB, 0x0F, 0x87, 0x62, 0xF8, 0xF3, 0x3E, 0x1F,
    0xFF, 0xB3, 0x77, 0xFE, 0x57, 0x1B, 0x82, 0xB1, 0xEC, 0x1E, 0x49, 0xCD, 0x69, 0x73, 0x25, 0x7E,
    0x1B, 0xF9, 0xF8, 0xF2, 0x3E, 0xE1, 0x90, 0xED, 0xEC, 0xE5, 0x1F, 0x02, 0xAA, 0x2E, 0x3A, 0xAB,
    0xB2, 0x7B, 0xB2, 0x4C, 0xCD, 0xEA, 0xFF, 0x41, 0x01, 0xF9, 0xF8, 0xEE, 0x1F, 0x2D, 0xAC, 0xE1,
    0x29, 0x00, 0xEE, 0xD9, 0x80, 0xD5, 0x86, 0xF3, 0x9E, 0xAC, 0xA7, 0xE8, 0x48, 0x0D, 0x1F, 0x1C,
    0xF5, 0x57, 0x2C, 0xB5, 0x58, 0x6D, 0xFF, 0x8C, 0xE7, 0x57, 0x03, 0x66, 0x2D, 0x3C, 0x8C, 0x83,
    0xF2, 0xBB, 0x47, 0xD2, 0x78, 0x23, 0x2B, 0x77, 0x80, 0xA3, 0xB2, 0xFF, 0x1F, 0x65, 0x91, 0x81,
    0x86, 0xDC, 0x40, 0x1C, 0xC6, 0x7F, 0xC9, 0xD0, 0x51, 0xE1, 0xFE, 0x45, 0x0F, 0x20, 0x79, 0x82,
    0x15, 0x80, 0x62, 0x77, 0x33, 0x00, 0x1C, 0x5A, 0xF4, 0x31, 0x4A, 0x01, 0x16, 0xD7, 0xDB, 0x3C,
    0x42, 0x1F, 0xE1, 0xD0, 0x07, 0x28, 0x16, 0xC5, 0x91, 0x79, 0x84, 0xD0, 0x17, 0x98, 0xF6, 0x09,
    0xA6, 0x0C, 0x52, 0x92, 0xCB, 0xDD, 0x98, 0xB1, 0xD6, 0xDD, 0xF0, 0xFB, 0x41, 0x3E, 0xF3, 0x99,
    0x2F, 0x00, 0xDD, 0xBA, 0xCE, 0x11, 0x00, 0x86, 0x75, 0x5D, 0xDD, 0x1A, 0xC5, 0x96, 0x5B, 0x42,
    0xE9, 0x95, 0xAF, 0x46, 0xB1, 0xAD, 0xBD, 0x36, 0xE5, 0xAC, 0x82, 0xF6, 0x95, 0x95, 0xBE, 0x61,
    0xCF, 0x96, 0xF7, 0x94, 0xF7, 0xDA, 0x8B, 0x13, 0xDB, 0x98, 0x8E, 0x5D, 0x8C, 0xC3, 0x16, 0xCF,
    0xA9, 0x1C, 0x0B, 0xAF, 0xAD, 0xF2, 0x62, 0xF5, 0xD8, 0x18, 0xB1, 0x1D, 0x8D, 0x3D, 0xD2, 0x99,
    0x85, 0x6B, 0x3E, 0xA3, 0x26, 0x71, 0xDA, 0x37, 0xB6, 0x1A, 0xDB, 0xF4, 0xCD, 0x7C, 0xA3, 0xE5,
    0x81, 0x1D, 0x81, 0x43, 0xE1, 0xF8, 0x54, 0x18, 0x8A, 0x1F, 0x6F, 0xBE, 0xAB, 0x20, 0x63, 0xE5,
    0x5B, 0x1B, 0x33, 0xD2, 0xEF, 0x63, 0x86, 0x3D, 0x13, 0xB9, 0x02, 0x94, 0x4D, 0xE8, 0x1E, 0x2A,
    0x03, 0x42, 0x84, 0xFC, 0x84, 0x91, 0x1A, 0xD8, 0x64, 0xB6, 0x17, 0x1C, 0x80, 0x53, 0xC6, 0x9F,
    0xA1, 0x70, 0x89, 0x8B, 0xAB, 0x13, 0x7D, 0xAA, 0x00, 0x39, 0xAB, 0x26, 0xDF, 0xCB, 0x36, 0x4B,
    0x3D, 0x57, 0xF6, 0x51, 0x26, 0x15, 0x70, 0x02, 0xF8, 0x09, 0xE0, 0x2F, 0x15, 0x2B, 0x52, 0x47,
    0x92, 0xB2, 0x49, 0xF1, 0x3F, 0x84, 0x24, 0xAA, 0x9E, 0xF4, 0x22, 0xE4, 0x55, 0x6D, 0x52, 0xBB,
    0x74, 0x4B, 0x37, 0x77, 0xF3, 0x71, 0x1E, 0xA6, 0xE3, 0x47, 0xFF, 0x38, 0xC8, 0xBF, 0x65, 0x90,
    0x3F, 0xCB, 0xDA, 0xFC, 0x9D, 0xF5, 0x04, 0xCD, 0x0A, 0x3B, 0x31, 0x1C, 0x74, 0xCF, 0x49, 0x1B,
    0x4E, 0x02, 0x87, 0x9A, 0x2F, 0x4D, 0xA8, 0x26, 0x8A, 0x47, 0xC3, 0x57, 0x87, 0xFE, 0x0F, 0x9D,
    0x81, 0x77, 0xC3, 0x4D, 0x50, 0xBF, 0x97, 0x8D, 0xE0, 0xAF, 0x9E, 0x91, 0x1A, 0x27, 0x75, 0xE1,
    0xEA, 0xAB, 0xD2, 0x6D, 0xE4, 0x26, 0xFC, 0x2A, 0x97, 0x76, 0x04, 0x28, 0x41, 0x0C, 0x77, 0x94,
    0x01, 0x19, 0xE9, 0x0C, 0x7B, 0xA2, 0xC5, 0xA2, 0x3C, 0x4C, 0xF0, 0x01, 0x00, 0xDE, 0x22, 0x46,
    0x8F, 0x65, 0x60, 0x61, 0xCF, 0x5D, 0x31, 0x57, 0xAE, 0x35, 0x0F, 0xDC, 0x93, 0x4E, 0xC3, 0x79,
    0xB5, 0x34, 0x51, 0xE1, 0xC9, 0x0B, 0xE4, 0x37, 0x53, 0xBF, 0x8C, 0xBC, 0x3A, 0xC2, 0x79, 0x7F,
    0x6E, 0xC9, 0xCB, 0xE6, 0x41, 0xD1, 0xF6, 0x65, 0xE4, 0x00, 0xC0, 0x13, 0x3D, 0x8F, 0x81, 0x86,
    0x1B, 0x51, 0x14, 0x86, 0xBF, 0xB9, 0xB7, 0x7A, 0x71, 0x75, 0xAE, 0xB2, 0x5B, 0x68, 0xBB, 0xB3,
    0x0F, 0x90, 0x6C, 0xA0, 0x88, 0x9A, 0x4C, 0x0E, 0x05, 0x14, 0xFA, 0x04, 0xDD, 0x3E, 0x41, 0x41,
    0x68, 0x54, 0xD3, 0xBD, 0xCF, 0x93, 0x90, 0x89, 0x0A, 0x2D, 0xD2, 0xE6, 0xB0, 0x2F, 0x30, 0x40,
    0x81, 0x0A, 0x6D, 0xC1, 0xA2, 0x83, 0x20, 0xC8, 0x66, 0x3A, 0xD1, 0xB6, 0x7C, 0x80, 0xF3, 0x7F,
    0xFF, 0xF9, 0x93, 0x03, 0xFE, 0x46, 0x33, 0x53, 0x75, 0xEE, 0x57, 0xF9, 0x87, 0x2A, 0x37, 0xDA,
    0xB7, 0x9A, 0xFB, 0xD8, 0x5B, 0xE3, 0x76, 0xE0, 0x95, 0x5E, 0xE4, 0x4D, 0x4C, 0xBE, 0x8A, 0x7D,
    0x4E, 0xEA, 0xC9, 0x03, 0x57, 0x8D, 0x9E, 0xBE, 0x14, 0x1E, 0x63, 0x9B, 0xCA, 0x4D, 0xA3, 0x87,
    0xF4, 0x0B, 0x59, 0x29, 0x77, 0x6C, 0xC4, 0xEA, 0x89, 0x8B, 0x45, 0x89, 0xDF, 0xC1, 0x27, 0xAB,
    0x29, 0xC5, 0x6E, 0xF2, 0x7A, 0x11, 0xEA, 0x50, 0x9F, 0x4D, 0x56, 0xD9, 0xE6, 0xAA, 0x89, 0x6F,
    0x4B, 0x59, 0x04, 0x5E, 0x74, 0x60, 0x04, 0x35, 0x46, 0x71, 0x91, 0x00, 0x5D, 0x30, 0x07, 0x09,
    0x33, 0x4D, 0x8D, 0xFA, 0x99, 0xB8, 0x03, 0x5D, 0x1F, 0xFB, 0x36, 0xF6, 0xFF, 0xF9, 0x5A, 0x8A,
    0x39, 0x4B, 0x4F, 0x1B, 0x7F, 0x5F, 0x92, 0xCD, 0x21, 0x87, 0x2D, 0xAE, 0xE2, 0x02, 0xCC, 0x9E,
    0x50, 0x32, 0xB0, 0x6D, 0x44, 0x97, 0xCF, 0x74, 0x79, 0x1D, 0x6B, 0x17, 0x17, 0x9E, 0x65, 0x46,
    0xB1, 0x22, 0x6C, 0x60, 0x75, 0x34, 0x5C, 0x8C, 0xA0, 0x65, 0x01, 0x35, 0x47, 0x36, 0x24, 0x15,
    0x0F, 0x7E, 0xB2, 0x6E, 0x48, 0x0E, 0xB8, 0x5F, 0x1A, 0x4C, 0x45, 0x8B, 0x55, 0x02, 0xBC, 0xC3,
    0x6C, 0x08, 0x42, 0x31, 0x95, 0x61, 0x23, 0xC7, 0x83, 0x1B, 0xBD, 0x6B, 0x14, 0xAB, 0x94, 0x92,
    0xDC, 0x82, 0x17, 0x6C, 0x3C, 0xFF, 0xBF, 0xD8, 0x56, 0x04, 0x65, 0xA8, 0x7C, 0xD4, 0xE4, 0x7B,
    0xB4, 0xD7, 0x31, 0x38, 0xE9, 0xFA, 0x36, 0xBB, 0x39, 0xBD, 0x14, 0x52, 0x7C, 0x13, 0xC3, 0x54,
    0xEE, 0xC1, 0x23, 0xE8, 0xEE, 0x18, 0xAE, 0x39, 0x09, 0xE0, 0x79, 0xD5, 0x2E, 0xFA, 0x4C, 0xB6,
    0x85, 0xC9, 0xB1, 0xD1, 0x45, 0x52, 0x18, 0xEC, 0x29, 0x2E, 0x19, 0x7B, 0x59, 0x78, 0x19, 0x05,
    0x06, 0x13, 0xFC, 0x96, 0x61, 0xA3, 0x4F, 0x67, 0xFA, 0xC4, 0xCB, 0x79, 0x0A, 0x39, 0x8C, 0xA1,
    0xFE, 0xFB, 0xAF, 0x87, 0x33, 0x30, 0xB7, 0x84, 0x52, 0x3A, 0x36, 0x76, 0x9C, 0x84, 0x39, 0x0F,
    0xF7, 0x8C, 0x33, 0x6A, 0x4F, 0xFD, 0xA7, 0xE2, 0x07, 0x6E, 0x47, 0xAF, 0x24, 0x77, 0x32, 0x76,
    0xB1, 0x95, 0x17, 0x6B, 0xFC, 0x37, 0xC8, 0x61, 0x89, 0xAD, 0xC8, 0x84, 0xDF, 0x85, 0xD5, 0x01,
    0x84, 0x24, 0xCB, 0x19, 0xC0, 0xF1, 0x7F, 0x77, 0xB9, 0x6B, 0x52, 0x6C, 0x1D, 0x82, 0x48, 0xEC,
    0x14, 0x40, 0xB0, 0x3B, 0x0D, 0xC1, 0xA1, 0x7B, 0xBA, 0x12, 0x08, 0x0E, 0x0B, 0x00, 0x12, 0x04,
    0x20, 0x01, 0x2C, 0x96, 0xD7, 0x9B, 0xE9, 0x04, 0x82, 0xC1, 0x1D, 0x02, 0x40, 0x00, 0x00, 0x16,
    0x27, 0x99, 0x30, 0x6E, 0x2A, 0x6F, 0xB0, 0x08, 0x34, 0x07, 0xC0, 0x53, 0xDE, 0x13, 0x01, 0xA4,
    0xDE, 0xD3, 0x92, 0x7E, 0xCC, 0x6C, 0xA5, 0xAA, 0xEC, 0x8D, 0x48, 0x90, 0x59, 0xDF, 0x0F, 0xA3,
    0xBF, 0xEF, 0x9B, 0xAF, 0xFB, 0xEB, 0x5A, 0x78, 0x70, 0xF0, 0xCD, 0x08, 0x5F, 0x59, 0x5E, 0x06,
    0x4B, 0x1D, 0x46, 0xC2, 0x66, 0x12, 0xFF, 0xBA, 0x99, 0xAB, 0xC7, 0x8B, 0x5E, 0x6D, 0x2E, 0x5F,
    0xE9, 0x8B, 0x2B, 0xEA, 0xCB, 0x86, 0xD5, 0xD5, 0x6B, 0xDA, 0xE6, 0x96, 0xFE, 0xF5, 0x03, 0xBB,
    0x5B, 0xCF, 0x2E, 0xA6, 0xEE, 0xBE, 0x1E, 0xD9, 0x7E, 0x69, 0xF9, 0xF3, 0x47, 0xCB, 0x87, 0xC3,
    0x6F, 0xCD, 0xFA, 0xF1, 0x8D, 0xED, 0x36, 0xDA, 0xD4, 0x6F, 0x3F, 0xA0, 0xC2, 0x1C, 0x63, 0xE0,
    0xA2, 0x81, 0x98, 0xCE, 0xD5, 0x1D, 0x00, 0x50, 0xEC, 0x1D, 0xC8, 0x70, 0x82, 0x7A, 0x58, 0x43,
    0x8F, 0x1A, 0x98, 0x79, 0x01, 0x13, 0x80, 0x07, 0x54, 0x08, 0xCF, 0x30, 0x03, 0x6C, 0x13, 0x3B,
    0xA0, 0x4E, 0x59, 0x5D, 0x38, 0xE6, 0xEF, 0xBE, 0x07, 0x9E, 0x86, 0x72, 0x64, 0x49, 0xF5, 0x7B,
    0x34, 0x5D, 0xF8, 0x9B, 0xE2, 0xFE, 0x97, 0xE1, 0x89, 0x9E, 0xEF, 0x1F, 0xA1, 0x1B, 0x84, 0xA5,
    0xB3, 0xD5, 0xC0, 0x67, 0x89, 0x3F, 0x59, 0x69, 0xF8, 0xE3, 0xA8, 0xE0, 0x1B, 0x17, 0xF9, 0xDA,
    0x2B, 0x94, 0x0F, 0xC1, 0x69, 0x17, 0xC2, 0x58, 0x3A, 0x7F, 0x4D, 0x39, 0xBE, 0x6F, 0x11, 0x76,
    0xDB, 0xD0, 0x85, 0xB9, 0xB3, 0xB1, 0xD1, 0x7A, 0xA8, 0x6C, 0x73, 0x47, 0x35, 0xB4, 0x5B, 0xA4,
    0xB9, 0x7E, 0x8F, 0x32, 0x4B, 0x8F, 0x42, 0x27, 0x94, 0x47, 0xA3, 0x1C, 0x45, 0x70, 0x50, 0x86,
    0x63, 0xC4, 0xDD, 0x83, 0x18, 0x57, 0x89, 0x65, 0xC4, 0xAE, 0xA0, 0xB2, 0x6D, 0x3D, 0x4A, 0xDB,
    0x07, 0x27, 0x7F, 0xF3, 0x4F, 0x3F, 0xA8, 0xF0, 0xD5, 0x88, 0x0A, 0x65, 0x44, 0x97, 0x1E, 0xAD,
    0x98, 0x23, 0xE6, 0x9E, 0xA5, 0x1A, 0x34, 0xAD, 0xB4, 0xCA, 0xB4, 0x95, 0x95, 0x43, 0x23, 0x9C,
    0x1C, 0xFA, 0x62, 0xD6, 0xA6, 0x67, 0xFF, 0xC4, 0x16, 0x3D, 0xC1, 0x7B, 0x62, 0xDE, 0x84, 0xB0,
    0x78, 0x32, 0x55, 0x66, 0x28, 0x1C, 0xD2, 0x94, 0x0E, 0x65, 0x54, 0x48, 0x13, 0x45, 0x46, 0xF1,
    0xF9, 0x17, 0x0B, 0xC4, 0xE1, 0x8B, 0x4B, 0xC4, 0xE3, 0xCF, 0xAF, 0xE9, 0x36, 0x8B, 0x38, 0xD1,
    0xDB, 0x45, 0x37, 0x54, 0x3F, 0x5B, 0x34, 0xC8, 0x5F, 0x2D, 0xEE, 0x90, 0xCD, 0x22, 0x4E, 0x74,
    0xB7, 0x78, 0x40, 0x3D, 0x2C, 0x3C, 0xCA, 0x6B, 0x87, 0x76, 0x11, 0xC2, 0xB7, 0x85, 0x2F, 0x42,
    0xF8, 0xB1, 0x2F, 0xBC, 0xFA, 0xDC, 0x95, 0x4E, 0x1C, 0x46, 0xF1, 0xF1, 0x63, 0xE2, 0x70, 0xB0,
    0xE2, 0x70, 0x78, 0xB4, 0xE2, 0xF1, 0xF1, 0xD1, 0x56, 0x7F, 0xDD, 0x6C, 0x06, 0xB9, 0xD9, 0xDC,
    0x18, 0xF9, 0xF6, 0xE6, 0xC6, 0xA8, 0x1B, 0xA5, 0x50, 0x2A, 0xA1, 0xB5, 0x46, 0xEB, 0xE5, 0x92,
    0xE5, 0xF2, 0xFA, 0x9A, 0x65, 0x4B, 0xFC, 0x6B, 0xD9, 0xD1, 0x34, 0xE5, 0x44, 0xD3, 0x05, 0x47,
    0xBF, 0x7E, 0x02, 0xE0, 0x1A, 0x58, 0x07, 0x0B, 0xFB, 0x04, 0x3D, 0xC0, 0x1D, 0x68, 0xB7, 0x85,
    0xFD, 0x31, 0x4E, 0x3C, 0x7D, 0xC7, 0x23, 0xC6, 0xD2, 0x23, 0x87, 0xC2, 0xA3, 0x4C, 0x26, 0x0D,
    0x4B, 0x39, 0x46, 0x44, 0xC4, 0x48, 0x8B, 0x1C, 0x3F, 0xB3, 0x88, 0xF0, 0x77, 0x0B, 0xE1, 0xA7,
    0x03, 0xE7, 0x4F, 0xAC, 0x1B, 0x2C, 0x19, 0x5E, 0x3E, 0x19, 0xBA, 0x30, 0x72, 0xAA, 0xBC, 0x70,
    0xCC, 0xD2, 0x72, 0xA7, 0x0C, 0xD4, 0x40, 0x17, 0xA6, 0x18, 0x9E, 0x7B, 0x60, 0x97, 0x23, 0x65,
    0x8E, 0x39, 0xB6, 0xC0, 0x8E, 0x82, 0x9E, 0xCA, 0xAE, 0xD0, 0xA6, 0x1E, 0xF2, 0x7A, 0x53, 0x84,
    0x77, 0xD0, 0x23, 0x2D, 0x3B, 0x6A, 0x98, 0x53, 0xF2, 0x54, 0xCC, 0x11, 0xE1, 0x28, 0xBC, 0xB2,
    0x91, 0x0E, 0x4A, 0xBF, 0x03, 0xF1, 0xE5, 0x94, 0x9A, 0x84, 0xC0, 0x3A, 0x51, 0x1D, 0x1C, 0x54,
    0x7F, 0xF1, 0x20, 0xED, 0x1C, 0x19, 0x7A, 0x50, 0xC3, 0x2A, 0x62, 0xEA, 0x08, 0x6A, 0x40, 0xA7,
    0xC2, 0x35, 0xC2, 0xB1, 0xA4, 0xF4, 0x39, 0xD7, 0xA6, 0xDC, 0x81, 0xD2, 0x01, 0x22, 0x33, 0x26,
    0x2C, 0xA9, 0x56, 0x54, 0xFE, 0x23, 0x71, 0x02, 0xD6, 0x23, 0xC8, 0x60, 0x40, 0xFD, 0xE1, 0x8D,
    0xE1, 0xBB, 0x7A, 0x0F, 0xD4, 0x13, 0x14, 0x01, 0xA8, 0x9F, 0x80, 0xB6, 0x05, 0x5E, 0x25, 0xE8,
    0xCF, 0xEC, 0x80, 0x22, 0xB7, 0x08, 0xC1, 0x23, 0x5C, 0x31, 0xA7, 0x16, 0x0D, 0x75, 0x6A, 0xDE,
    0x25, 0x2A, 0x9B, 0x26, 0xCE, 0x0C, 0xEC, 0xF2, 0x30, 0x66, 0x1F, 0x41, 0x81, 0x47, 0x53, 0x8D,
    0xE8, 0xF8, 0x15, 0x75, 0x98, 0x61, 0x05, 0xD0, 0x66, 0xFE, 0xB7, 0x0F, 0x80, 0x83, 0x62, 0x84,
    0xD2, 0xE6, 0x29, 0xCA, 0x7C, 0x02, 0x79, 0x3E, 0xA8, 0x63, 0xE1, 0x2F, 0x5A, 0x31, 0x5E, 0x5D,
    0x4B, 0xDB, 0xA0, 0xCC, 0x8F, 0x50, 0x3C, 0x50, 0xE3, 0x62, 0x8C, 0xAC, 0xCA, 0x30, 0xB7, 0x22,
    0x4C, 0x6D, 0x65, 0x7C, 0x2B, 0xF1, 0xED, 0x45, 0xE1, 0xDB, 0xCB, 0xD2, 0xAD, 0xAE, 0x84, 0xD5,
    0xAF, 0xD5, 0xA0, 0xA6, 0x35, 0x55, 0x38, 0xE6, 0xC7, 0x73, 0xAE, 0x3E, 0x00, 0x65, 0x88, 0xD6,
    0x61, 0x82, 0x55, 0x71, 0x04, 0x58, 0x9D, 0x69, 0x39, 0xBF, 0x39, 0x0E, 0xEA, 0x01, 0xCA, 0x13,
    0xA0, 0x47, 0xC8, 0x63, 0x67, 0xCA, 0xFF, 0xB8, 0xE5, 0x67, 0x1C, 0x9E, 0x62, 0x96, 0x1E, 0xF6,
    0xA9, 0xFC, 0x0F, 0xBE, 0x05, 0x10, 0xCF, 0x2D, 0x2B, 0x03, 0x12, 0x5E, 0x06, 0xC8, 0x7B, 0x57,
    0x7B, 0xE1, 0x9A, 0x59, 0xDA, 0xDB, 0x5E, 0x99, 0x87, 0x57, 0x35, 0x9E, 0x55, 0x31, 0xD2, 0x96,
    0x96, 0x5E, 0x0C, 0xEC, 0x2A, 0xC3, 0x4E, 0xC2, 0xF6, 0x22, 0xC6, 0x65, 0x8C, 0x26, 0xC6, 0xEB,
    0x82, 0xFE, 0xB6, 0xB2, 0xAD, 0x57, 0xA6, 0x76, 0xBF, 0xCE, 0x7B, 0x27, 0xC2, 0xBB, 0x5C, 0x5D,
    0x1A, 0x50, 0x40, 0xFA, 0xD5, 0xD4, 0x89, 0xFF, 0xFA, 0xAC, 0x43, 0x38, 0x25, 0x8E, 0x50, 0x59,
    0x40, 0x26, 0xD4, 0x90, 0x30, 0x9F, 0xD0, 0x7C, 0xA2, 0x86, 0xFF, 0xF3, 0xC8, 0x44, 0xDE, 0x80,
    0x04, 0x2C, 0x00, 0xA4, 0x21, 0x97, 0x56, 0x69, 0x0D, 0x12, 0x80, 0x3C, 0xD7, 0x5F, 0xE7, 0xC3,
    0x3A, 0xF1, 0x8E, 0x28, 0x80, 0xCE, 0x7D, 0x9F, 0x6F, 0x1C, 0x94, 0x1E, 0x60, 0x4E, 0xDC, 0xF3,
    0xE9, 0x9A, 0x17, 0x80, 0x7E, 0x8E, 0x1A, 0x58, 0x15, 0x03, 0xAD, 0x1E, 0xE8, 0x9E, 0xF2, 0x5E,
    0x57, 0x27, 0xD0, 0xC7, 0x8A, 0x1F, 0x6E, 0xF7, 0x10, 0x26, 0x8A, 0x60, 0xD0, 0x13, 0xCD, 0xDA,
    0xD3, 0xFF, 0xC2, 0xB3, 0x2D, 0x1D, 0x53, 0x3A, 0x2F, 0xC4, 0x28, 0x47, 0x31, 0xAE, 0x4D, 0x15,
    0x4E, 0xC8, 0xE0, 0x48, 0xB7, 0x2E, 0x91, 0x2E, 0x47, 0x5B, 0x6A, 0x2A, 0xCB, 0x12, 0x31, 0xD2,
    0x9E, 0x69, 0xC8, 0xFB, 0xAD, 0xF2, 0x6A, 0xA7, 0x6B, 0x4F, 0xE8, 0xBC, 0x11, 0xE7, 0xFF, 0x4D,
    0x45, 0xA2, 0x4B, 0x45, 0x32, 0xE7, 0xB7, 0x30, 0x93, 0xB2, 0x81, 0xE2, 0x27, 0x06, 0x71, 0x18,
    0x10, 0xBF, 0x33, 0x54, 0x6F, 0xF2, 0x0B, 0x15, 0xC3, 0x97, 0xAE, 0x98, 0x85, 0xA3, 0x17, 0x63,
    0x0C, 0x4B, 0x5F, 0x59, 0x76, 0x31, 0x66, 0x39, 0x54, 0x2E, 0xFD, 0xAC, 0x1C, 0xA6, 0x72, 0x9A,
    0xC2, 0x6B, 0x98, 0xEA, 0x18, 0xAB, 0x18, 0x2D, 0x85, 0x6F, 0x11, 0xAE, 0x47, 0xA7, 0x03, 0x80,
    0x7D, 0x98, 0x9F, 0xCB, 0xA7, 0x30, 0x14, 0x2F, 0xE0, 0xDF, 0xA5, 0xD5, 0x3D, 0x8C, 0xDC, 0x54,
    0x17, 0xC6, 0xF1, 0x9F, 0xC7, 0xFB, 0x6A, 0x76, 0x5E, 0x93, 0x5C, 0x0A, 0x8A, 0x48, 0x44, 0x31,
    0x05, 0x05, 0x4D, 0xB2, 0xBD, 0x34, 0xE3, 0xB1, 0xA0, 0x87, 0xF4, 0x15, 0x7D, 0x43, 0x1B, 0x89,
    0x6C, 0xD6, 0x7D, 0x01, 0xF4, 0x7D, 0x49, 0x39, 0x45, 0x8A, 0x95, 0xD6, 0x3D, 0xCD, 0x00, 0x3D,
    0x72, 0x8F, 0x04, 0x57, 0x68, 0x90, 0x5C, 0x4C, 0x62, 0x7C, 0x12, 0x58, 0xA4, 0x44, 0x49, 0x94,
    0x50, 0x3C, 0x7F, 0x8D, 0xE6, 0x9E, 0xAF, 0xC7, 0x3A, 0xBA, 0xD7, 0x29, 0x6C, 0xE1, 0x88, 0x32,
    0x23, 0xF5, 0xD8, 0x4E, 0xD3, 0xD4, 0x3D, 0x43, 0xEA, 0x50, 0x0E, 0x30, 0x42, 0x03, 0x37, 0x00,
    0x9C, 0xA0, 0xC6, 0x45, 0xAF, 0x98, 0xB2, 0xE5, 0x2F, 0x97, 0xEA, 0xCF, 0xB7, 0x36, 0x37, 0x53,
    0x77, 0x92, 0x0A, 0x92, 0xB7, 0x97, 0x15, 0xA4, 0x16, 0xCB, 0x3D, 0x8A, 0x03, 0x9C, 0x8B, 0x79,
    0xDA, 0x40, 0x87, 0x06, 0xC5, 0x88, 0xE5, 0x80, 0xD4, 0xE1, 0xFF, 0xC0, 0x3B, 0x35, 0x8D, 0x61,
    0x63, 0xE8, 0x18, 0x3E, 0x4C, 0x84, 0x99, 0x30, 0xA5, 0xC6, 0x09, 0x6E, 0x2D, 0xF0, 0xB0, 0xEA,
    0x15, 0x87, 0x32, 0xC7, 0x5C, 0x47, 0x75, 0xEB, 0xCC, 0xC5, 0x3C, 0x4F, 0x7F, 0x15, 0x38, 0xE3,
    0x4C, 0xD5, 0xBB, 0xB4, 0xC8, 0x8B, 0xCC, 0x65, 0xD5, 0xF3, 0x49, 0xF9, 0x1F, 0xBF, 0xD4, 0xAD,
    0xB4, 0xD4, 0xDC, 0xAC, 0xBB, 0xF4, 0x4D, 0xA3, 0xFC, 0x6D, 0x64, 0x1A, 0xD8, 0x76, 0xDC, 0x04,
    0x73, 0xFF, 0xFD, 0x73, 0xB5, 0x7C, 0x3D, 0xF0, 0x60, 0x9C, 0xD5, 0xCC, 0x4A, 0x9D, 0x07, 0xE5,
    0xE0, 0x03, 0x23, 0x1A, 0xA4, 0x8E, 0x72, 0xC0, 0x88, 0x0D, 0x4E, 0x2D, 0xA6, 0xA7, 0xCA, 0x69,
    0xC2, 0x44, 0xF9, 0x3B, 0xE9, 0x5B, 0x9A, 0xC4, 0x98, 0x94, 0x43, 0x92, 0xBA, 0xFF, 0x69, 0x30,
    0x12, 0x99, 0x51, 0xA1, 0xC1, 0x69, 0xE8, 0xA5, 0xAA, 0xD7, 0x7F, 0xAC, 0x44, 0x6E, 0xD4, 0x10,
    0xB5, 0xA2, 0x66, 0xD4, 0x36, 0x89, 0x5E, 0x21, 0x4E, 0xB1, 0x79, 0xB1, 0xF2, 0xC7, 0xC6, 0x98,
    0x39, 0x66, 0x7F, 0xEE, 0x61, 0x14, 0x9E, 0xC2, 0xDB, 0xEC, 0xB1, 0x17, 0x3E, 0x23, 0x3E, 0xF0,
    0x04, 0x2E, 0x10, 0xB9, 0xEF, 0x59, 0xF6, 0xB6, 0x81, 0xE3, 0x8C, 0x32, 0xAB, 0xBA, 0xD4, 0x3B,
    0x8B, 0x8D, 0x79, 0x12, 0x18, 0xBC, 0x7E, 0x8D, 0x8B, 0xC7, 0xA8, 0x46, 0x9C, 0x75, 0xD8, 0xC0,
    0x43, 0xAB, 0x40, 0xDD, 0xCE, 0x58, 0xEE, 0xAD, 0x15, 0x07, 0x67, 0xAD, 0x73, 0x55, 0xAC, 0x61,
    0x71, 0x35, 0x03, 0x1B, 0xE2, 0x40, 0x84, 0x88, 0x60, 0x56, 0x00, 0xB7, 0x70, 0x4E, 0x31, 0xB2,
    0x1C, 0xC4, 0x61, 0x6C, 0x4B, 0x0E, 0xD5, 0xE4, 0x39, 0x23, 0xCF, 0xA9, 0xD9, 0xB9, 0xEC, 0xB6,
    0xCC, 0x1B, 0x75, 0x5F, 0xF1, 0xF2, 0xE7, 0x9E, 0x27, 0x19, 0x66, 0xE5, 0x9D, 0xAA, 0xDF, 0xD9,
    0xDA, 0x39, 0xDA, 0x95, 0xD9, 0xAE, 0xE8, 0xED, 0x78, 0xAD, 0xEE, 0xE3, 0x8D, 0x7D, 0x4F, 0x65,
    0x1B, 0xD9, 0x28, 0x97, 0x83, 0x9C, 0x5A, 0xF9, 0xDA, 0x47, 0x4B, 0x38, 0x2F, 0x0E, 0x38, 0xC7,
    0x6D, 0x60, 0xF7, 0x46, 0x75, 0x76, 0xE5, 0x60, 0x67, 0x9C, 0xD5, 0xCC, 0xFA, 0xD7, 0x07, 0x55,
    0xCF, 0x16, 0x47, 0xCA, 0x4C, 0xD1, 0x03, 0xBE, 0xDA, 0xB3, 0x98, 0x8E, 0x54, 0xFB, 0x2D, 0x49,
    0xD5, 0xB9, 0xA3, 0xEC, 0xDD, 0x0D, 0xAC, 0x15, 0xED, 0x0C, 0x5C, 0xE3, 0xFD, 0xF5, 0x09, 0x8F,
    0xD7, 0x35, 0xCD, 0xFA, 0x11, 0xE9, 0xFB, 0x91, 0x72, 0x1A, 0x70, 0x7D, 0x85, 0x38, 0x81, 0xAB,
    0x96, 0x2A, 0x3A, 0xD7, 0xED, 0x25, 0x1B, 0xF7, 0x78, 0x20, 0xB1, 0x0B, 0xDC, 0x57, 0xB5, 0xBC,
    0x80, 0x93, 0x40, 0x5D, 0x7D, 0xD6, 0x4B, 0x3F, 0x7C, 0xD1, 0x29, 0x7F, 0x7D, 0x84, 0x69, 0xC4,
    0xF6, 0xFA, 0x3E, 0x5A, 0x40, 0xAC, 0xC9, 0xDF, 0xC0, 0x47, 0x53, 0xCF, 0xE1, 0x8F, 0xAC, 0x1C,
    0xF2, 0xA5, 0xAA, 0xCB, 0x8D, 0x24, 0x27, 0x77, 0x7D, 0x99, 0xDA, 0x35, 0xCB, 0xEE, 0x15, 0xA8,
    0xDA, 0xBB, 0x24, 0x35, 0xF7, 0xC2, 0xF6, 0x43, 0xE5, 0x61, 0x71, 0xE0, 0x6A, 0xDA, 0xF3, 0xE1,
    0x53, 0xB6, 0xF1, 0x23, 0x40, 0x1D, 0xB8, 0xF8, 0xB1, 0xB5, 0xF8, 0xF3, 0xE7, 0xC1, 0xF2, 0xA7,
    0xFD, 0x41, 0xFA, 0x74, 0xBF, 0x56, 0x2F, 0xF6, 0x77, 0x6C, 0x8A, 0xEF, 0x92, 0x67, 0xF5, 0x5E,
    0xDF, 0x28, 0x51, 0xAB, 0xFA, 0xEB, 0x46, 0xD3, 0x3F, 0x8D, 0x58, 0x41, 0xFD, 0xEA, 0xDB, 0xB9,
    0xC5, 0x39, 0xE2, 0xE0, 0x34, 0x42, 0xB6, 0x11, 0x7C, 0x5C, 0xBD, 0xD3, 0xFB, 0xF2, 0x76, 0x0F,
    0xD4, 0x0A, 0x4D, 0x6A, 0xB9, 0xF1, 0x4E, 0x0F, 0xC7, 0x5F, 0x5D, 0xD1, 0x01, 0xA6, 0xE5, 0x56,
    0x1C, 0xC7, 0xF1, 0x4F, 0x72, 0x98, 0x8B, 0x54, 0xB3, 0x81, 0x56, 0xBA, 0x82, 0x97, 0x2E, 0x20,
    0xF7, 0x26, 0x0C, 0xBA, 0x9D, 0x02, 0x1E, 0xEE, 0xD3, 0xD0, 0x0D, 0x4C, 0xF7, 0x32, 0xB8, 0xE5,
    0xEA, 0x0D, 0x03, 0x28, 0x64, 0x01, 0x45, 0x68, 0x17, 0x70, 0x10, 0x26, 0xAD, 0xF7, 0xDE, 0x69,
    0xCE, 0x33, 0x2E, 0x06, 0xDF, 0xAF, 0x3F, 0x8E, 0xDF, 0xFF, 0x97, 0x7F, 0xBC, 0x1B, 0x28, 0x57,
    0x3C, 0xA1, 0x19, 0x38, 0x4C, 0x94, 0xB3, 0x76, 0x8D, 0xD2, 0x1F, 0x31, 0x2C, 0x61, 0xAD, 0x87,
    0x62, 0x6B, 0xD8, 0x4E, 0x3B, 0xC7, 0x9D, 0x8E, 0xF5, 0x4C, 0x3C, 0x2B, 0x62, 0x27, 0xCC, 0x47,
    0x87, 0xA9, 0xD1, 0xAA, 0xFE, 0x7B, 0x56, 0xDC, 0x3E, 0x00, 0xFA, 0x91, 0xDB, 0xCE, 0xE7, 0x49,
    0xF1, 0xF7, 0x24, 0x7C, 0x9A, 0x1C, 0x7E, 0x9D, 0xD5, 0xEF, 0x67, 0x4D, 0xB9, 0x38, 0x96, 0xD1,
    0xB9, 0x88, 0x56, 0x71, 0xF7, 0xBE, 0xC7, 0x7A, 0x98, 0x6C, 0xF5, 0xE8, 0xD2, 0x70, 0x3D, 0x71,
    0x7E, 0xDA, 0xB9, 0xA5, 0xF4, 0x9C, 0x76, 0x40, 0xB9, 0x4F, 0xC2, 0x9B, 0x66, 0xAD, 0x30, 0x39,
    0xE5, 0xBA, 0x47, 0xD5, 0x9B, 0x46, 0x67, 0xF5, 0x9B, 0x06, 0x57, 0x35, 0x9B, 0x86, 0x55, 0x9B,
    0xF5, 0xA0, 0x88, 0x4E, 0x59, 0x47, 0x65, 0xD4, 0x09, 0x8B, 0x73, 0xCE, 0xB9, 0x66, 0x5D, 0xE4,
    0xE5, 0x59, 0x40, 0x9F, 0xD2, 0xEA, 0x97, 0xAC, 0x23, 0xB4, 0xC8, 0xA9, 0xE4, 0x17, 0xC2, 0x42,
    0x4E, 0xC2, 0x86, 0xAF, 0xDF, 0x54, 0x13, 0xB9, 0x08, 0x3D, 0x5C, 0x51, 0xAE, 0x38, 0xCC, 0x68,
    0x06, 0x9C, 0x60, 0x43, 0x88, 0xA8, 0x27, 0xB4, 0xB8, 0xAF, 0x8D, 0xDA, 0xFD, 0x9B, 0xFB, 0x1D,
    0x94, 0x0B, 0xC2, 0x84, 0x6A, 0x44, 0x0D, 0x0F, 0xFA, 0x45, 0xA7, 0x8F, 0xCE, 0x44, 0x2B, 0xF9,
    0x8A, 0x62, 0x98, 0xC9, 0x77, 0xF4, 0xB1, 0x1E, 0xB2, 0x70, 0x79, 0xC0, 0x63, 0x87, 0xF3, 0x05,
    0x5D, 0xC4, 0x69, 0x41, 0x3F, 0x65, 0x8D, 0x14, 0xBF, 0x7B, 0x52, 0xA5, 0xF7, 0x69, 0x6C, 0x7E,
    0xFA, 0xF3, 0x30, 0x1D, 0x8B, 0xBF, 0xC2, 0xDC, 0x59, 0xCB, 0xF9, 0x31, 0x07, 0x5E, 0x8A, 0x18,
    0xA6, 0xC7, 0xF0, 0xF1, 0x30, 0x75, 0xDF, 0x76, 0xF5, 0xD0, 0x3F, 0xB7, 0xAF, 0xAA, 0xA5, 0x5A,
    0xE1, 0xF6, 0x42, 0x99, 0x9E, 0xEF, 0xF5, 0xEE, 0x1D, 0x87, 0xBB, 0xA0, 0x81, 0x16, 0x1E, 0xE0,
    0x78, 0x57, 0x07, 0x67, 0xB8, 0xC2, 0x05, 0xD6, 0xBB, 0x22, 0x8A, 0xC8, 0x0F, 0x65, 0xE4, 0x5A,
    0x2E, 0xF4, 0x61, 0xA6, 0xFE, 0x34, 0x13, 0x3E, 0x4F, 0x48, 0x23, 0x4E, 0x80, 0xF2, 0xD5, 0x77,
    0x75, 0xFA, 0xE7, 0xA9, 0x2D, 0xD3, 0xF6, 0x8D, 0x76, 0x06, 0xA8, 0x36, 0x3F, 0xF7, 0xE9, 0xB7,
    0xF5, 0x5A, 0xA5, 0xE5, 0x47, 0xB7, 0x81, 0xE2, 0x03, 0x61, 0xCA, 0x0D, 0x9B, 0x94, 0x5E, 0x32,
    0xAC, 0x94, 0x33, 0x87, 0x91, 0x86, 0xFC, 0xEB, 0x33, 0x22, 0x79, 0x67, 0x35, 0x02, 0xF8, 0x9E,
    0xE2, 0x85, 0x76, 0x75, 0x78, 0xE5, 0x36, 0xAB, 0xFE, 0xA5, 0x1E, 0x77, 0x16, 0xB9, 0x03, 0x6D,
    0x1E, 0xD2, 0xF0, 0x65, 0xD8, 0x01, 0x39, 0x73, 0xBA, 0xED, 0x40, 0x18, 0x09, 0x1B, 0xC5, 0x6D,
    0x94, 0x0B, 0x72, 0x1F, 0x76, 0xAA, 0x55, 0x91, 0xC6, 0xBC, 0xE2, 0xDD, 0xEB, 0x20, 0xA7, 0x1C,
    0xF1, 0x75, 0xCE, 0xFF, 0x65, 0xCC, 0x81, 0x05, 0xC3, 0x40, 0x18, 0x47, 0xF1, 0x27, 0x87, 0xA0,
    0xB8, 0x11, 0xB2, 0x41, 0xBA, 0x40, 0x23, 0x19, 0x2C, 0xE8, 0x58, 0x07, 0xA4, 0x3A, 0x41, 0xBA,
    0xC1, 0x8D, 0xF0, 0xE1, 0x00, 0x57, 0x5F, 0xFF, 0x57, 0x02, 0x0E, 0x3F, 0xF0, 0x78, 0xAC, 0xF6,
    0xC5, 0xAD, 0x0E, 0x99, 0x1A, 0x4E, 0x08, 0x2F, 0x18, 0xE5, 0x70, 0x37, 0x77, 0xCF, 0x71, 0x0B,
    0xE7, 0x9F, 0xCA, 0xA4, 0xD2, 0xCC, 0xDC, 0x9E, 0xCD, 0x42, 0xDC, 0x1E, 0x44, 0x9A, 0x9D, 0x89,
    0xC4, 0x5D, 0x66, 0x0A, 0x0B, 0xAC, 0x65, 0xD7, 0x37, 0xE9, 0x9B, 0xF4, 0x2D, 0xFA, 0xDA, 0x28,
    0x87, 0x7F, 0xF4, 0x7D, 0xEB, 0x3B, 0xC8, 0xF5, 0x95, 0xFE, 0x2B, 0xFD, 0xF7, 0x07,
};

static const EpdGlyph notoserif_14_italicGlyphs[] = {
    { 0, 0, 280, 0, 0, 0, 0 }, // U+0020
    { 8, 21, 280, 5, 21, 42, 0 }, // !
    { 9, 8, 280, 6, 22, 18, 42 }, // "
    { 19, 21, 280, 0, 21, 100, 60 }, // #
    { 18, 28, 280, 0, 25, 126, 160 }, // $
    { 21, 21, 280, -1, 21, 111, 286 }, // %
    { 18, 21, 280, 0, 21, 95, 397 }, // &
    { 5, 8, 280, 8, 22, 10, 492 }, // '
    { 11, 27, 280, 6, 23, 75, 502 }, // (
    { 12, 27, 280, 1, 23, 81, 577 }, // )
    { 16, 15, 280, 1, 17, 60, 658 }, // *
    { 15, 16, 280, 1, 17, 60, 718 }, // +
    { 7, 9, 280, 4, 5, 16, 778 }, // ,
    { 10, 3, 280, 4, 11, 8, 794 }, // -
    { 5, 4, 280, 5, 4, 5, 802 }, // .
    { 18, 27, 280, 0, 23, 122, 807 }, // /
    { 16, 21, 280, 1, 21, 84, 929 }, // 0
    { 15, 21, 280, 1, 21, 79, 1013 }, // 1
    { 17, 21, 280, 0, 21, 90, 1092 }, // 2
    { 17, 21, 280, 0, 21, 90, 1182 }, // 3
    { 17, 21, 280, 0, 21, 90, 1272 }, // 4
    { 16, 21, 280, 1, 21, 84, 1362 }, // 5
    { 15, 21, 280, 1, 21, 79, 1446 }, // 6
    { 15, 21, 280, 3, 21, 79, 1525 }, // 7
    { 16, 21, 280, 1, 21, 84, 1604 }, // 8
    { 15, 21, 280, 2, 21, 79, 1688 }, // 9
    { 7, 16, 280, 5, 16, 28, 1767 }, // :
    { 8, 20, 280, 4, 16, 40, 1795 }, // ;
    { 15, 18, 280, 2, 18, 68, 1835 }, // <
    { 16, 9, 280, 1, 14, 36, 1903 }, // =
    { 15, 18, 280, 1, 18, 68, 1939 }, // >
    { 14, 21, 280, 3, 21, 74, 2007 }, // ?
    { 16, 25, 280, 1, 21, 100, 2081 }, // @
    { 17, 21, 280, -1, 21, 90, 2181 }, // A
    { 16, 21, 280, 1, 21, 84, 2271 }, // B
    { 15, 21, 280, 2, 21, 79, 2355 }, // C
    { 16, 21, 280, 1, 21, 84, 2434 }, // D
    { 17, 21, 280, 1, 21, 90, 2518 }, // E
    { 17, 21, 280, 1, 21, 90, 2608 }, // F
    { 16, 21, 280, 1, 21, 84, 2698 }, // G
    { 17, 21, 280, 1, 21, 90, 2782 }, // H
    { 17, 21, 280, 1, 21, 90, 2872 }, // I
    { 16, 21, 280, 1, 21, 84, 2962 }, // J
    { 18, 21, 280, 1, 21, 95, 3046 }, // K
    { 13, 21, 280, 2, 21, 69, 3141 }, // L
    { 18, 21, 280, 0, 21, 95, 3210 }, // M
    { 17, 21, 280, 1, 21, 90, 3305 }, // N
    { 16, 21, 280, 1, 21, 84, 3395 }, // O
    { 17, 21, 280, 1, 21, 90, 3479 }, // P
    { 16, 28, 280, 1, 21, 112, 3569 }, // Q
    { 17, 21, 280, 1, 21, 90, 3681 }, // R
    { 17, 21, 280, 0, 21, 90, 3771 }, // S
    { 17, 21, 280, 2, 21, 90, 3861 }, // T
    { 16, 21, 280, 2, 21, 84, 3951 }, // U
    { 16, 21, 280, 3, 21, 84, 4035 }, // V
    { 18, 21, 280, 1, 21, 95, 4119 }, // W
    { 20, 21, 280, -1, 21, 105, 4214 }, // X
    { 18, 21, 280, 2, 21, 95, 4319 }, // Y
    { 18, 21, 280, 0, 21, 95, 4414 }, // Z
    { 14, 28, 280, 4, 24, 98, 4509 }, // [
    { 8, 27, 280, 5, 23, 54, 4607 }, // <backslash>
    { 13, 28, 280, 0, 24, 91, 4661 }, // ]
    { 16, 13, 280, 1, 21, 52, 4752 }, // ^
    { 15, 3, 280, 0, -2, 12, 4804 }, // _
    { 5, 6, 280, 6, 23, 8, 4816 }, // `
    { 15, 16, 280, 1, 16, 60, 4824 }, // a
    { 15, 22, 280, 1, 22, 83, 4884 }, // b
    { 14, 16, 280, 2, 16, 56, 4967 }, // c
    { 17, 22, 280, 1, 22, 94, 5023 }, // d
    { 14, 16, 280, 2, 16, 56, 5117 }, // e
    { 20, 28, 280, -1, 22, 140, 5173 }, // f
    { 16, 22, 280, 0, 16, 88, 5313 }, // g
    { 15, 22, 280, 1, 22, 83, 5401 }, // h
    { 14, 22, 280, 2, 22, 77, 5484 }, // i
    { 15, 28, 280, 1, 22, 105, 5561 }, // j
    { 16, 22, 280, 1, 22, 88, 5666 }, // k
    { 13, 22, 280, 3, 22, 72, 5754 }, // l
    { 17, 16, 280, 0, 16, 68, 5826 }, // m
    { 15, 16, 280, 1, 16, 60, 5894 }, // n
    { 15, 16, 280, 1, 16, 60, 5954 }, // o
    { 16, 22, 280, 0, 16, 88, 6014 }, // p
    { 15, 22, 280, 1, 16, 83, 6102 }, // q
    { 15, 16, 280, 3, 16, 60, 6185 }, // r
    { 15, 16, 280, 1, 16, 60, 6245 }, // s
    { 14, 21, 280, 2, 21, 74, 6305 }, // t
    { 14, 16, 280, 2, 16, 56, 6379 }, // u
    { 15, 17, 280, 1, 17, 64, 6435 }, // v
    { 16, 17, 280, 1, 17, 68, 6499 }, // w
    { 18, 16, 280, 0, 16, 72, 6567 }, // x
    { 16, 22, 280, 0, 16, 88, 6639 }, // y
    { 16, 16, 280, 1, 16, 64, 6727 }, // z
    { 14, 28, 280, 3, 24, 98, 6791 }, // {
    { 8, 27, 280, 5, 23, 54, 6889 }, // |
    { 14, 28, 280, 1, 24, 98, 6943 }, // }
    { 16, 5, 280, 1, 12, 20, 7041 }, // ~
    { 0, 0, 280, 0, 0, 0, 0 }, // U+00A0
    { 7, 21, 280, 5, 16, 37, 0 }, // U+00A1
    { 14, 22, 280, 2, 19, 77, 37 }, // U+00A2
    { 17, 21, 280, 0, 21, 90, 114 }, // U+00A3
    { 19, 21, 280, 0, 21, 100, 204 }, // U+00A5
    { 8, 27, 280, 5, 23, 54, 304 }, // U+00A6
    { 16, 27, 280, 1, 21, 108, 358 }, // U+00A7
    { 10, 3, 280, 4, 22, 8, 466 }, // U+00A8
    { 18, 21, 280, 0, 22, 95, 474 }, // U+00A9
    { 10, 11, 280, 5, 21, 28, 569 }, // U+00AA
    { 15, 14, 280, 2, 15, 53, 597 }, // U+00AB
    { 15, 9, 280, 1, 11, 34, 650 }, // U+00AC
    { 10, 3, 280, 4, 11, 8, 684 }, // U+00AD
    { 11, 11, 280, 4, 22, 31, 692 }, // U+00AE
    { 9, 3, 280, 5, 22, 7, 723 }, // U+00AF
    { 11, 11, 280, 5, 22, 31, 730 }, // U+00B0
    { 17, 19, 280, 0, 19, 81, 761 }, // U+00B1
    { 9, 10, 280, 5, 20, 23, 842 }, // U+00B2
    { 9, 10, 280, 5, 20, 23, 865 }, // U+00B3
    { 7, 6, 280, 7, 23, 11, 888 }, // U+00B4
    { 16, 22, 280, 0, 16, 88, 899 }, // U+00B5
    { 15, 26, 280, 2, 21, 98, 987 }, // U+00B6
    { 6, 4, 280, 6, 11, 6, 1085 }, // U+00B7
    { 7, 7, 280, 5, 1, 13, 1091 }, // U+00B8
    { 9, 10, 280, 5, 20, 23, 1104 }, // U+00B9
    { 10, 11, 280, 5, 21, 28, 1127 }, // U+00BA
    { 15, 14, 280, 1, 15, 53, 1155 }, // U+00BB
    { 21, 21, 280, -1, 21, 111, 1208 }, // U+00BC
    { 21, 21, 280, -1, 21, 111, 1319 }, // U+00BD
    { 21, 21, 280, -1, 21, 111, 1430 }, // U+00BE
    { 13, 22, 280, 1, 16, 72, 1541 }, // U+00BF
    { 17, 28, 280, -1, 28, 119, 1613 }, // U+00C0
    { 17, 28, 280, -1, 28, 119, 1732 }, // U+00C1
    { 18, 28, 280, -1, 28, 126, 1851 }, // U+00C2
    { 18, 28, 280, -1, 28, 126, 1977 }, // U+00C3
    { 18, 27, 280, -1, 27, 122, 2103 }, // U+00C4
    { 17, 30, 280, -1, 30, 128, 2225 }, // U+00C5
    { 20, 21, 280, -1, 21, 105, 2353 }, // U+00C6
    { 15, 27, 280, 2, 21, 102, 2458 }, // U+00C7
    { 17, 28, 280, 1, 28, 119, 2560 }, // U+00C8
    { 17, 28, 280, 1, 28, 119, 2679 }, // U+00C9
    { 17, 28, 280, 1, 28, 119, 2798 }, // U+00CA
    { 17, 27, 280, 1, 27, 115, 2917 }, // U+00CB
    { 17, 28, 280, 1, 28, 119, 3032 }, // U+00CC
    { 17, 28, 280, 1, 28, 119, 3151 }, // U+00CD
    { 17, 28, 280, 1, 28, 119, 3270 }, // U+00CE
    { 17, 27, 280, 1, 27, 115, 3389 }, // U+00CF
    { 17, 21, 280, 0, 21, 90, 3504 }, // U+00D0
    { 17, 28, 280, 1, 28, 119, 3594 }, // U+00D1
    { 16, 28, 280, 1, 28, 112, 3713 }, // U+00D2
    { 16, 28, 280, 1, 28, 112, 3825 }, // U+00D3
    { 16, 28, 280, 1, 28, 112, 3937 }, // U+00D4
    { 16, 28, 280, 1, 28, 112, 4049 }, // U+00D5
    { 16, 27, 280, 1, 27, 108, 4161 }, // U+00D6
    { 15, 14, 280, 2, 16, 53, 4269 }, // U+00D7
    { 19, 23, 280, 0, 22, 110, 4322 }, // U+00D8
    { 16, 28, 280, 2, 28, 112, 4432 }, // U+00D9
    { 16, 28, 280, 2, 28, 112, 4544 }, // U+00DA
    { 16, 28, 280, 2, 28, 112, 4656 }, // U+00DB
    { 16, 27, 280, 2, 27, 108, 4768 }, // U+00DC
    { 18, 28, 280, 2, 28, 126, 4876 }, // U+00DD
    { 16, 21, 280, 1, 21, 84, 5002 }, // U+00DE
    { 16, 22, 280, 1, 22, 88, 5086 }, // U+00DF
    { 15, 23, 280, 1, 23, 87, 5174 }, // U+00E0
    { 15, 23, 280, 1, 23, 87, 5261 }, // U+00E1
    { 15, 23, 280, 1, 23, 87, 5348 }, // U+00E2
    { 15, 22, 280, 1, 22, 83, 5435 }, // U+00E3
    { 15, 22, 280, 1, 22, 83, 5518 }, // U+00E4
    { 15, 25, 280, 1, 25, 94, 5601 }, // U+00E5
    { 18, 16, 280, 0, 16, 72, 5695 }, // U+00E6
    { 14, 22, 280, 2, 16, 77, 5767 }, // U+00E7
    { 14, 23, 280, 2, 23, 81, 5844 }, // U+00E8
    { 14, 23, 280, 2, 23, 81, 5925 }, // U+00E9
    { 14, 23, 280, 2, 23, 81, 6006 }, // U+00EA
    { 14, 22, 280, 2, 22, 77, 6087 }, // U+00EB
    { 14, 23, 280, 2, 23, 81, 6164 }, // U+00EC
    { 14, 23, 280, 2, 23, 81, 6245 }, // U+00ED
    { 14, 23, 280, 2, 23, 81, 6326 }, // U+00EE
    { 14, 22, 280, 2, 22, 77, 6407 }, // U+00EF
    { 15, 23, 280, 1, 23, 87, 6484 }, // U+00F0
    { 15, 22, 280, 1, 22, 83, 6571 }, // U+00F1
    { 15, 23, 280, 1, 23, 87, 6654 }, // U+00F2
    { 15, 23, 280, 1, 23, 87, 6741 }, // U+00F3
    { 15, 23, 280, 1, 23, 87, 6828 }, // U+00F4
    { 15, 22, 280, 1, 22, 83, 6915 }, // U+00F5
    { 15, 22, 280, 1, 22, 83, 6998 }, // U+00F6
    { 16, 15, 280, 1, 17, 60, 7081 }, // U+00F7
    { 18, 18, 280, 0, 17, 81, 7141 }, // U+00F8
    { 14, 23, 280, 2, 23, 81, 7222 }, // U+00F9
    { 14, 23, 280, 2, 23, 81, 7303 }, // U+00FA
    { 14, 23, 280, 2, 23, 81, 7384 }, // U+00FB
    { 14, 22, 280, 2, 22, 77, 7465 }, // U+00FC
    { 16, 29, 280, 0, 23, 116, 7542 }, // U+00FD
    { 16, 28, 280, 0, 22, 112, 7658 }, // U+00FE
    { 16, 28, 280, 0, 22, 112, 7770 }, // U+00FF
    { 17, 28, 280, -1, 28, 119, 0 }, // U+0100
    { 15, 22, 280, 1, 22, 83, 119 }, // U+0101
    { 18, 29, 280, -1, 29, 131, 202 }, // U+0102
    { 15, 24, 280, 1, 24, 90, 333 }, // U+0103
    { 17, 27, 280, -1, 21, 115, 423 }, // U+0104
    { 15, 22, 280, 1, 16, 83, 538 }, // U+0105
    { 15, 28, 280, 2, 28, 105, 621 }, // U+0106
    { 14, 23, 280, 2, 23, 81, 726 }, // U+0107
    { 15, 28, 280, 2, 28, 105, 807 }, // U+0108
    { 14, 23, 280, 2, 23, 81, 912 }, // U+0109
    { 15, 27, 280, 2, 27, 102, 993 }, // U+010A
    { 14, 22, 280, 2, 22, 77, 1095 }, // U+010B
    { 16, 29, 280, 2, 29, 116, 1172 }, // U+010C
    { 14, 24, 280, 2, 24, 84, 1288 }, // U+010D
    { 16, 29, 280, 1, 29, 116, 1372 }, // U+010E
    { 21, 22, 280, 1, 22, 116, 1488 }, // U+010F
    { 17, 21, 280, 0, 21, 90, 1604 }, // U+0110
    { 18, 22, 280, 1, 22, 99, 1694 }, // U+0111
    { 17, 28, 280, 1, 28, 119, 1793 }, // U+0112
    { 14, 22, 280, 2, 22, 77, 1912 }, // U+0113
    { 17, 29, 280, 1, 29, 124, 1989 }, // U+0114
    { 15, 24, 280, 2, 24, 90, 2113 }, // U+0115
    { 17, 27, 280, 1, 27, 115, 2203 }, // U+0116
    { 14, 22, 280, 2, 22, 77, 2318 }, // U+0117
    { 17, 27, 280, 1, 21, 115, 2395 }, // U+0118
    { 14, 22, 280, 2, 16, 77, 2510 }, // U+0119
    { 17, 29, 280, 1, 29, 124, 2587 }, // U+011A
    { 15, 24, 280, 2, 24, 90, 2711 }, // U+011B
    { 16, 28, 280, 1, 28, 112, 2801 }, // U+011C
    { 16, 29, 280, 0, 23, 116, 2913 }, // U+011D
    { 16, 29, 280, 1, 29, 116, 3029 }, // U+011E
    { 16, 30, 280, 0, 24, 120, 3145 }, // U+011F
    { 16, 27, 280, 1, 27, 108, 3265 }, // U+0120
    { 16, 28, 280, 0, 22, 112, 3373 }, // U+0121
    { 16, 29, 280, 1, 21, 116, 3485 }, // U+0122
    { 16, 30, 280, 0, 24, 120, 3601 }, // U+0123
    { 17, 28, 280, 1, 28, 119, 3721 }, // U+0124
    { 15, 28, 280, 1, 28, 105, 3840 }, // U+0125
    { 18, 21, 280, 1, 21, 95, 3945 }, // U+0126
    { 15, 22, 280, 1, 22, 83, 4040 }, // U+0127
    { 17, 28, 280, 1, 28, 119, 4123 }, // U+0128
    { 14, 22, 280, 2, 22, 77, 4242 }, // U+0129
    { 17, 28, 280, 1, 28, 119, 4319 }, // U+012A
    { 14, 22, 280, 2, 22, 77, 4438 }, // U+012B
    { 17, 29, 280, 1, 29, 124, 4515 }, // U+012C
    { 14, 24, 280, 2, 24, 84, 4639 }, // U+012D
    { 17, 27, 280, 1, 21, 115, 4723 }, // U+012E
    { 14, 28, 280, 2, 22, 98, 4838 }, // U+012F
    { 17, 27, 280, 1, 27, 115, 4936 }, // U+0130
    { 14, 16, 280, 2, 16, 56, 5051 }, // U+0131
    { 16, 21, 280, 1, 21, 84, 5107 }, // U+0132
    { 17, 28, 280, 1, 22, 119, 5191 }, // U+0133
    { 16, 28, 280, 1, 28, 112, 5310 }, // U+0134
    { 17, 29, 280, 1, 23, 124, 5422 }, // U+0135
    { 18, 29, 280, 1, 21, 131, 5546 }, // U+0136
    { 16, 30, 280, 1, 22, 120, 5677 }, // U+0137
    { 16, 16, 280, 2, 16, 64, 5797 }, // U+0138
    { 13, 28, 280, 2, 28, 91, 5861 }, // U+0139
    { 13, 28, 280, 3, 28, 91, 5952 }, // U+013A
    { 13, 29, 280, 2, 21, 95, 6043 }, // U+013B
    { 13, 30, 280, 3, 22, 98, 6138 }, // U+013C
    { 13, 23, 280, 2, 23, 75, 6236 }, // U+013D
    { 14, 23, 280, 3, 23, 81, 6311 }, // U+013E
    { 13, 21, 280, 2, 21, 69, 6392 }, // U+013F
    { 13, 22, 280, 3, 22, 72, 6461 }, // U+0140
    { 14, 21, 280, 1, 21, 74, 6533 }, // U+0141
    { 15, 22, 280, 1, 22, 83, 6607 }, // U+0142
    { 17, 28, 280, 1, 28, 119, 6690 }, // U+0143
    { 15, 23, 280, 1, 23, 87, 6809 }, // U+0144
    { 17, 29, 280, 1, 21, 124, 6896 }, // U+0145
    { 15, 24, 280, 1, 16, 90, 7020 }, // U+0146
    { 17, 29, 280, 1, 29, 124, 7110 }, // U+0147
    { 15, 24, 280, 1, 24, 90, 7234 }, // U+0148
    { 15, 22, 280, 1, 22, 83, 7324 }, // U+0149
    { 17, 27, 280, 1, 21, 115, 7407 }, // U+014A
    { 15, 22, 280, 1, 16, 83, 7522 }, // U+014B
    { 16, 28, 280, 1, 28, 112, 7605 }, // U+014C
    { 15, 22, 280, 1, 22, 83, 7717 }, // U+014D
    { 16, 29, 280, 1, 29, 116, 7800 }, // U+014E
    { 15, 24, 280, 1, 24, 90, 7916 }, // U+014F
    { 17, 28, 280, 1, 28, 119, 8006 }, // U+0150
    { 16, 23, 280, 1, 23, 92, 8125 }, // U+0151
    { 18, 21, 280, 1, 21, 95, 8217 }, // U+0152
    { 18, 16, 280, 0, 16, 72, 8312 }, // U+0153
    { 17, 28, 280, 1, 28, 119, 8384 }, // U+0154
    { 15, 23, 280, 3, 23, 87, 8503 }, // U+0155
    { 17, 29, 280, 1, 21, 124, 8590 }, // U+0156
    { 16, 24, 280, 2, 16, 96, 8714 }, // U+0157
    { 17, 29, 280, 1, 29, 124, 8810 }, // U+0158
    { 15, 24, 280, 3, 24, 90, 8934 }, // U+0159
    { 17, 28, 280, 0, 28, 119, 9024 }, // U+015A
    { 15, 23, 280, 1, 23, 87, 9143 }, // U+015B
    { 17, 28, 280, 0, 28, 119, 9230 }, // U+015C
    { 15, 23, 280, 1, 23, 87, 9349 }, // U+015D
    { 17, 27, 280, 0, 21, 115, 9436 }, // U+015E
    { 15, 22, 280, 1, 16, 83, 9551 }, // U+015F
    { 17, 29, 280, 0, 29, 124, 9634 }, // U+0160
    { 15, 24, 280, 1, 24, 90, 9758 }, // U+0161
    { 17, 29, 280, 2, 21, 124, 9848 }, // U+0162
    { 14, 29, 280, 2, 21, 102, 9972 }, // U+0163
    { 17, 29, 280, 2, 29, 124, 10074 }, // U+0164
    { 15, 24, 280, 2, 24, 90, 10198 }, // U+0165
    { 17, 21, 280, 2, 21, 90, 10288 }, // U+0166
    { 14, 21, 280, 2, 21, 74, 10378 }, // U+0167
    { 16, 28, 280, 2, 28, 112, 10452 }, // U+0168
    { 14, 22, 280, 2, 22, 77, 10564 }, // U+0169
    { 16, 28, 280, 2, 28, 112, 10641 }, // U+016A
    { 14, 22, 280, 2, 22, 77, 10753 }, // U+016B
    { 16, 29, 280, 2, 29, 116, 10830 }, // U+016C
    { 14, 24, 280, 2, 24, 84, 10946 }, // U+016D
    { 16, 30, 280, 2, 30, 120, 11030 }, // U+016E
    { 14, 25, 280, 2, 25, 88, 11150 }, // U+016F
    { 16, 28, 280, 2, 28, 112, 11238 }, // U+0170
    { 15, 23, 280, 2, 23, 87, 11350 }, // U+0171
    { 16, 27, 280, 2, 21, 108, 11437 }, // U+0172
    { 14, 22, 280, 2, 16, 77, 11545 }, // U+0173
    { 18, 28, 280, 1, 28, 126, 11622 }, // U+0174
    { 16, 23, 280, 1, 23, 92, 11748 }, // U+0175
    { 18, 28, 280, 2, 28, 126, 11840 }, // U+0176
    { 16, 29, 280, 0, 23, 116, 11966 }, // U+0177
    { 18, 27, 280, 2, 27, 122, 12082 }, // U+0178
    { 18, 28, 280, 0, 28, 126, 12204 }, // U+0179
    { 16, 23, 280, 1, 23, 92, 12330 }, // U+017A
    { 18, 27, 280, 0, 27, 122, 12422 }, // U+017B
    { 16, 22, 280, 1, 22, 88, 12544 }, // U+017C
    { 18, 29, 280, 0, 29, 131, 12632 }, // U+017D
    { 16, 24, 280, 1, 24, 96, 12763 }, // U+017E
    { 18, 25, 280, 1, 25, 113, 0 }, // U+01A0
    { 17, 20, 280, 1, 20, 85, 113 }, // U+01A1
    { 19, 25, 280, 2, 25, 119, 198 }, // U+01AF
    { 17, 20, 280, 2, 20, 85, 317 }, // U+01B0
    { 17, 35, 280, -1, 35, 149, 402 }, // U+01FA
    { 15, 30, 280, 1, 30, 113, 551 }, // U+01FB
    { 20, 28, 280, -1, 28, 140, 664 }, // U+01FC
    { 18, 23, 280, 0, 23, 104, 804 }, // U+01FD
    { 19, 29, 280, 0, 28, 138, 908 }, // U+01FE
    { 18, 24, 280, 0, 23, 108, 1046 }, // U+01FF
    { 17, 29, 280, 0, 21, 124, 1154 }, // U+0218
    { 15, 24, 280, 1, 16, 90, 1278 }, // U+0219
    { 17, 29, 280, 2, 21, 124, 1368 }, // U+021A
    { 14, 29, 280, 2, 21, 102, 1492 }, // U+021B
    { 5, 6, 0, -3, 23, 8, 0 }, // U+0300
    { 6, 6, 0, -1, 23, 9, 8 }, // U+0301
    { 11, 6, 0, -5, 23, 17, 17 }, // U+0302
    { 11, 3, 0, -5, 22, 9, 34 }, // U+0303
    { 9, 3, 0, -4, 22, 7, 43 }, // U+0304
    { 10, 6, 0, -4, 24, 15, 50 }, // U+0306
    { 5, 3, 0, -2, 22, 4, 65 }, // U+0307
    { 10, 3, 0, -4, 22, 8, 69 }, // U+0308
    { 6, 7, 0, -2, 24, 11, 77 }, // U+0309
    { 8, 8, 0, -3, 25, 16, 88 }, // U+030A
    { 11, 6, 0, -4, 23, 17, 104 }, // U+030B
    { 10, 6, 0, -4, 24, 15, 121 }, // U+030C
    { 6, 6, 0, -2, 24, 9, 136 }, // U+0312
    { 5, 6, 0, -1, 23, 8, 145 }, // U+0315
    { 6, 5, 0, -3, 19, 8, 153 }, // U+031B
    { 5, 3, 0, -3, -1, 4, 161 }, // U+0323
    { 6, 6, 0, -4, -2, 9, 165 }, // U+0326
    { 7, 7, 0, -4, 1, 13, 174 }, // U+0327
    { 7, 8, 0, -6, 2, 14, 187 }, // U+0328
    { 17, 28, 280, 1, 28, 119, 0 }, // U+0400
    { 17, 27, 280, 1, 27, 115, 119 }, // U+0401
    { 14, 27, 280, 2, 21, 95, 234 }, // U+0402
    { 16, 28, 280, 2, 28, 112, 329 }, // U+0403
    { 16, 21, 280, 2, 21, 84, 441 }, // U+0404
    { 17, 21, 280, 0, 21, 90, 525 }, // U+0405
    { 17, 21, 280, 1, 21, 90, 615 }, // U+0406
    { 17, 27, 280, 1, 27, 115, 705 }, // U+0407
    { 16, 21, 280, 1, 21, 84, 820 }, // U+0408
    { 20, 21, 280, -2, 21, 105, 904 }, // U+0409
    { 18, 21, 280, 0, 21, 95, 1009 }, // U+040A
    { 14, 21, 280, 2, 21, 74, 1104 }, // U+040B
    { 17, 28, 280, 1, 28, 119, 1178 }, // U+040C
    { 17, 28, 280, 1, 28, 119, 1297 }, // U+040D
    { 16, 29, 280, 3, 29, 116, 1416 }, // U+040E
    { 17, 26, 280, 1, 21, 111, 1532 }, // U+040F
    { 17, 21, 280, -1, 21, 90, 1643 }, // U+0410
    { 15, 21, 280, 1, 21, 79, 1733 }, // U+0411
    { 16, 21, 280, 1, 21, 84, 1812 }, // U+0412
    { 16, 21, 280, 2, 21, 84, 1896 }, // U+0413
    { 19, 26, 280, -2, 21, 124, 1980 }, // U+0414
    { 17, 21, 280, 1, 21, 90, 2104 }, // U+0415
    { 20, 21, 280, -1, 21, 105, 2194 }, // U+0416
    { 17, 21, 280, 0, 21, 90, 2299 }, // U+0417
    { 17, 21, 280, 1, 21, 90, 2389 }, // U+0418
    { 17, 29, 280, 1, 29, 124, 2479 }, // U+0419
    { 17, 21, 280, 1, 21, 90, 2603 }, // U+041A
    { 19, 21, 280, -1, 21, 100, 2693 }, // U+041B
    { 18, 21, 280, 0, 21, 95, 2793 }, // U+041C
    { 17, 21, 280, 1, 21, 90, 2888 }, // U+041D
    { 16, 21, 280, 1, 21, 84, 2978 }, // U+041E
    { 17, 21, 280, 1, 21, 90, 3062 }, // U+041F
    { 17, 21, 280, 1, 21, 90, 3152 }, // U+0420
    { 15, 21, 280, 2, 21, 79, 3242 }, // U+0421
    { 17, 21, 280, 2, 21, 90, 3321 }, // U+0422
    { 16, 21, 280, 3, 21, 84, 3411 }, // U+0423
    { 17, 23, 280, 1, 22, 98, 3495 }, // U+0424
    { 20, 21, 280, -1, 21, 105, 3593 }, // U+0425
    { 16, 27, 280, 1, 21, 108, 3698 }, // U+0426
    { 16, 21, 280, 2, 21, 84, 3806 }, // U+0427
    { 19, 21, 280, 0, 21, 100, 3890 }, // U+0428
    { 18, 27, 280, 0, 21, 122, 3990 }, // U+0429
    { 15, 21, 280, 2, 21, 79, 4112 }, // U+042A
    { 19, 21, 280, 0, 21, 100, 4191 }, // U+042B
    { 15, 21, 280, 1, 21, 79, 4291 }, // U+042C
    { 16, 21, 280, 1, 21, 84, 4370 }, // U+042D
    { 18, 21, 280, 0, 21, 95, 4454 }, // U+042E
    { 18, 21, 280, 0, 21, 95, 4549 }, // U+042F
    { 15, 16, 280, 1, 16, 60, 4644 }, // U+0430
    { 15, 23, 280, 2, 23, 87, 4704 }, // U+0431
    { 14, 16, 280, 2, 16, 56, 4791 }, // U+0432
    { 14, 16, 280, 2, 16, 56, 4847 }, // U+0433
    { 15, 24, 280, 1, 24, 90, 4903 }, // U+0434
    { 14, 16, 280, 2, 16, 56, 4993 }, // U+0435
    { 20, 16, 280, -1, 16, 80, 5049 }, // U+0436
    { 15, 16, 280, 1, 16, 60, 5129 }, // U+0437
    { 14, 16, 280, 2, 16, 56, 5189 }, // U+0438
    { 14, 24, 280, 2, 24, 84, 5245 }, // U+0439
    { 15, 16, 280, 2, 16, 60, 5329 }, // U+043A
    { 17, 16, 280, -1, 16, 68, 5389 }, // U+043B
    { 17, 16, 280, 0, 16, 68, 5457 }, // U+043C
    { 15, 16, 280, 1, 16, 60, 5525 }, // U+043D
    { 15, 16, 280, 1, 16, 60, 5585 }, // U+043E
    { 15, 16, 280, 1, 16, 60, 5645 }, // U+043F
    { 16, 22, 280, 0, 16, 88, 5705 }, // U+0440
    { 14, 16, 280, 2, 16, 56, 5793 }, // U+0441
    { 17, 16, 280, 0, 16, 68, 5849 }, // U+0442
    { 16, 22, 280, 0, 16, 88, 5917 }, // U+0443
    { 16, 29, 280, 1, 23, 116, 6005 }, // U+0444
    { 18, 16, 280, 0, 16, 72, 6121 }, // U+0445
    { 15, 22, 280, 2, 16, 83, 6193 }, // U+0446
    { 14, 16, 280, 2, 16, 56, 6276 }, // U+0447
    { 18, 16, 280, 0, 16, 72, 6332 }, // U+0448
    { 18, 22, 280, 0, 16, 99, 6404 }, // U+0449
    { 15, 16, 280, 1, 16, 60, 6503 }, // U+044A
    { 17, 16, 280, 1, 16, 68, 6563 }, // U+044B
    { 13, 16, 280, 2, 16, 52, 6631 }, // U+044C
    { 14, 16, 280, 1, 16, 56, 6683 }, // U+044D
    { 17, 16, 280, 0, 16, 68, 6739 }, // U+044E
    { 16, 16, 280, 0, 16, 64, 6807 }, // U+044F
    { 14, 23, 280, 2, 23, 81, 6871 }, // U+0450
    { 14, 22, 280, 2, 22, 77, 6952 }, // U+0451
    { 15, 29, 280, 1, 23, 109, 7029 }, // U+0452
    { 14, 23, 280, 2, 23, 81, 7138 }, // U+0453
    { 14, 16, 280, 2, 16, 56, 7219 }, // U+0454
    { 15, 16, 280, 1, 16, 60, 7275 }, // U+0455
    { 14, 22, 280, 2, 22, 77, 7335 }, // U+0456
    { 14, 22, 280, 2, 22, 77, 7412 }, // U+0457
    { 15, 28, 280, 1, 22, 105, 7489 }, // U+0458
    { 20, 16, 280, -2, 16, 80, 7594 }, // U+0459
    { 18, 16, 280, 0, 16, 72, 7674 }, // U+045A
    { 15, 22, 280, 1, 22, 83, 7746 }, // U+045B
    { 15, 23, 280, 2, 23, 87, 7829 }, // U+045C
    { 14, 23, 280, 2, 23, 81, 7916 }, // U+045D
    { 16, 30, 280, 0, 24, 120, 7997 }, // U+045E
    { 14, 22, 280, 2, 16, 77, 8117 }, // U+045F
    { 16, 21, 280, 1, 21, 84, 8194 }, // U+0472
    { 15, 16, 280, 1, 16, 60, 8278 }, // U+0473
    { 17, 26, 280, 2, 26, 111, 8338 }, // U+0490
    { 15, 20, 280, 2, 20, 75, 8449 }, // U+0491
    { 17, 21, 280, 1, 21, 90, 8524 }, // U+0492
    { 16, 16, 280, 1, 16, 64, 8614 }, // U+0493
    { 16, 27, 280, 1, 21, 108, 8678 }, // U+0494
    { 15, 22, 280, 1, 16, 83, 8786 }, // U+0495
    { 21, 26, 280, -2, 21, 137, 8869 }, // U+0496
    { 20, 20, 280, -2, 16, 100, 9006 }, // U+0497
    { 17, 26, 280, 0, 21, 111, 9106 }, // U+0498
    { 15, 20, 280, 1, 16, 75, 9217 }, // U+0499
    { 17, 26, 280, 1, 21, 111, 9292 }, // U+049A
    { 15, 20, 280, 1, 16, 75, 9403 }, // U+049B
    { 18, 21, 280, 0, 21, 95, 9478 }, // U+049C
    { 16, 16, 280, 1, 16, 64, 9573 }, // U+049D
    { 17, 21, 280, 2, 21, 90, 9637 }, // U+04A0
    { 17, 16, 280, 1, 16, 68, 9727 }, // U+04A1
    { 16, 26, 280, 1, 21, 104, 9795 }, // U+04A2
    { 15, 20, 280, 1, 16, 75, 9899 }, // U+04A3
    { 20, 21, 280, 0, 21, 105, 9974 }, // U+04A4
    { 18, 16, 280, 0, 16, 72, 10079 }, // U+04A5
    { 15, 26, 280, 2, 21, 98, 10151 }, // U+04AA
    { 14, 20, 280, 2, 16, 70, 10249 }, // U+04AB
    { 18, 21, 280, 2, 21, 95, 10319 }, // U+04AE
    { 14, 22, 280, 3, 16, 77, 10414 }, // U+04AF
    { 18, 21, 280, 2, 21, 95, 10491 }, // U+04B0
    { 15, 22, 280, 2, 16, 83, 10586 }, // U+04B1
    { 20, 26, 280, -1, 21, 130, 10669 }, // U+04B2
    { 18, 20, 280, 0, 16, 90, 10799 }, // U+04B3
    { 15, 26, 280, 2, 21, 98, 10889 }, // U+04B6
    { 14, 20, 280, 2, 16, 70, 10987 }, // U+04B7
    { 16, 21, 280, 2, 21, 84, 11057 }, // U+04B8
    { 14, 16, 280, 2, 16, 56, 11141 }, // U+04B9
    { 15, 21, 280, 1, 21, 79, 11197 }, // U+04BA
    { 15, 22, 280, 1, 22, 83, 11276 }, // U+04BB
    { 17, 21, 280, 1, 21, 90, 11359 }, // U+04C0
    { 20, 29, 280, -1, 29, 145, 11449 }, // U+04C1
    { 20, 24, 280, -1, 24, 120, 11594 }, // U+04C2
    { 11, 23, 280, 3, 23, 64, 11714 }, // U+04CF
    { 18, 29, 280, -1, 29, 131, 11778 }, // U+04D0
    { 15, 24, 280, 1, 24, 90, 11909 }, // U+04D1
    { 18, 27, 280, -1, 27, 122, 11999 }, // U+04D2
    { 15, 22, 280, 1, 22, 83, 12121 }, // U+04D3
    { 20, 21, 280, -1, 21, 105, 12204 }, // U+04D4
    { 18, 16, 280, 0, 16, 72, 12309 }, // U+04D5
    { 17, 29, 280, 1, 29, 124, 12381 }, // U+04D6
    { 15, 24, 280, 2, 24, 90, 12505 }, // U+04D7
    { 16, 21, 280, 1, 21, 84, 12595 }, // U+04D8
    { 15, 16, 280, 1, 16, 60, 12679 }, // U+04D9
    { 20, 27, 280, -1, 27, 135, 12739 }, // U+04DC
    { 20, 22, 280, -1, 22, 110, 12874 }, // U+04DD
    { 17, 27, 280, 0, 27, 115, 12984 }, // U+04DE
    { 15, 22, 280, 1, 22, 83, 13099 }, // U+04DF
    { 17, 28, 280, 1, 28, 119, 13182 }, // U+04E2
    { 14, 22, 280, 2, 22, 77, 13301 }, // U+04E3
    { 17, 27, 280, 1, 27, 115, 13378 }, // U+04E4
    { 14, 22, 280, 2, 22, 77, 13493 }, // U+04E5
    { 16, 27, 280, 1, 27, 108, 13570 }, // U+04E6
    { 15, 22, 280, 1, 22, 83, 13678 }, // U+04E7
    { 16, 21, 280, 1, 21, 84, 13761 }, // U+04E8
    { 15, 16, 280, 1, 16, 60, 13845 }, // U+04E9
    { 16, 28, 280, 3, 28, 112, 13905 }, // U+04EE
    { 16, 28, 280, 0, 22, 112, 14017 }, // U+04EF
    { 16, 27, 280, 3, 27, 108, 14129 }, // U+04F0
    { 16, 28, 280, 0, 22, 112, 14237 }, // U+04F1
    { 16, 28, 280, 3, 28, 112, 14349 }, // U+04F2
    { 17, 29, 280, 0, 23, 124, 14461 }, // U+04F3
    { 16, 27, 280, 2, 27, 108, 14585 }, // U+04F4
    { 14, 22, 280, 2, 22, 77, 14693 }, // U+04F5
    { 19, 27, 280, 0, 27, 129, 14770 }, // U+04F8
    { 17, 22, 280, 1, 22, 94, 14899 }, // U+04F9
    { 17, 25, 280, -1, 21, 107, 0 }, // U+1EA0
    { 15, 20, 280, 1, 16, 75, 107 }, // U+1EA1
    { 17, 30, 280, -1, 30, 128, 182 }, // U+1EA2
    { 15, 24, 280, 1, 24, 90, 310 }, // U+1EA3
    { 21, 33, 280, -1, 33, 174, 400 }, // U+1EA4
    { 18, 28, 280, 1, 28, 126, 574 }, // U+1EA5
    { 17, 33, 280, -1, 33, 141, 700 }, // U+1EA6
    { 15, 28, 280, 1, 28, 105, 841 }, // U+1EA7
    { 20, 33, 280, -1, 33, 165, 946 }, // U+1EA8
    { 17, 28, 280, 1, 28, 119, 1111 }, // U+1EA9
    { 19, 32, 280, -1, 32, 152, 1230 }, // U+1EAA
    { 15, 28, 280, 1, 28, 105, 1382 }, // U+1EAB
    { 18, 32, 280, -1, 28, 144, 1487 }, // U+1EAC
    { 15, 27, 280, 1, 23, 102, 1631 }, // U+1EAD
    { 18, 33, 280, -1, 33, 149, 1733 }, // U+1EAE
    { 15, 28, 280, 1, 28, 105, 1882 }, // U+1EAF
    { 18, 33, 280, -1, 33, 149, 1987 }, // U+1EB0
    { 15, 28, 280, 1, 28, 105, 2136 }, // U+1EB1
    { 18, 33, 280, -1, 33, 149, 2241 }, // U+1EB2
    { 15, 28, 280, 1, 28, 105, 2390 }, // U+1EB3
    { 18, 32, 280, -1, 32, 144, 2495 }, // U+1EB4
    { 15, 27, 280, 1, 27, 102, 2639 }, // U+1EB5
    { 18, 33, 280, -1, 29, 149, 2741 }, // U+1EB6
    { 15, 28, 280, 1, 24, 105, 2890 }, // U+1EB7
    { 17, 25, 280, 1, 21, 107, 2995 }, // U+1EB8
    { 14, 20, 280, 2, 16, 70, 3102 }, // U+1EB9
    { 17, 30, 280, 1, 30, 128, 3172 }, // U+1EBA
    { 14, 24, 280, 2, 24, 84, 3300 }, // U+1EBB
    { 17, 28, 280, 1, 28, 119, 3384 }, // U+1EBC
    { 14, 22, 280, 2, 22, 77, 3503 }, // U+1EBD
    { 20, 33, 280, 1, 33, 165, 3580 }, // U+1EBE
    { 18, 28, 280, 2, 28, 126, 3745 }, // U+1EBF
    { 17, 33, 280, 1, 33, 141, 3871 }, // U+1EC0
    { 14, 28, 280, 2, 28, 98, 4012 }, // U+1EC1
    { 19, 33, 280, 1, 33, 157, 4110 }, // U+1EC2
    { 17, 28, 280, 2, 28, 119, 4267 }, // U+1EC3
    { 17, 32, 280, 1, 32, 136, 4386 }, // U+1EC4
    { 15, 28, 280, 2, 28, 105, 4522 }, // U+1EC5
    { 17, 32, 280, 1, 28, 136, 4627 }, // U+1EC6
    { 14, 27, 280, 2, 23, 95, 4763 }, // U+1EC7
    { 17, 30, 280, 1, 30, 128, 4858 }, // U+1EC8
    { 14, 24, 280, 2, 24, 84, 4986 }, // U+1EC9
    { 17, 25, 280, 1, 21, 107, 5070 }, // U+1ECA
    { 14, 26, 280, 2, 22, 91, 5177 }, // U+1ECB
    { 16, 25, 280, 1, 21, 100, 5268 }, // U+1ECC
    { 15, 20, 280, 1, 16, 75, 5368 }, // U+1ECD
    { 16, 30, 280, 1, 30, 120, 5443 }, // U+1ECE
    { 15, 24, 280, 1, 24, 90, 5563 }, // U+1ECF
    { 19, 33, 280, 1, 33, 157, 5653 }, // U+1ED0
    { 18, 28, 280, 1, 28, 126, 5810 }, // U+1ED1
    { 16, 33, 280, 1, 33, 132, 5936 }, // U+1ED2
    { 15, 28, 280, 1, 28, 105, 6068 }, // U+1ED3
    { 18, 33, 280, 1, 33, 149, 6173 }, // U+1ED4
    { 17, 28, 280, 1, 28, 119, 6322 }, // U+1ED5
    { 16, 32, 280, 1, 32, 128, 6441 }, // U+1ED6
    { 16, 28, 280, 1, 28, 112, 6569 }, // U+1ED7
    { 16, 32, 280, 1, 28, 128, 6681 }, // U+1ED8
    { 15, 27, 280, 1, 23, 102, 6809 }, // U+1ED9
    { 18, 28, 280, 1, 28, 126, 6911 }, // U+1EDA
    { 17, 23, 280, 1, 23, 98, 7037 }, // U+1EDB
    { 18, 28, 280, 1, 28, 126, 7135 }, // U+1EDC
    { 17, 23, 280, 1, 23, 98, 7261 }, // U+1EDD
    { 18, 30, 280, 1, 30, 135, 7359 }, // U+1EDE
    { 17, 24, 280, 1, 24, 102, 7494 }, // U+1EDF
    { 18, 28, 280, 1, 28, 126, 7596 }, // U+1EE0
    { 17, 21, 280, 1, 21, 90, 7722 }, // U+1EE1
    { 18, 29, 280, 1, 25, 131, 7812 }, // U+1EE2
    { 17, 24, 280, 1, 20, 102, 7943 }, // U+1EE3
    { 16, 25, 280, 2, 21, 100, 8045 }, // U+1EE4
    { 14, 20, 280, 2, 16, 70, 8145 }, // U+1EE5
    { 16, 30, 280, 2, 30, 120, 8215 }, // U+1EE6
    { 14, 24, 280, 2, 24, 84, 8335 }, // U+1EE7
    { 19, 28, 280, 2, 28, 133, 8419 }, // U+1EE8
    { 17, 23, 280, 2, 23, 98, 8552 }, // U+1EE9
    { 19, 28, 280, 2, 28, 133, 8650 }, // U+1EEA
    { 17, 23, 280, 2, 23, 98, 8783 }, // U+1EEB
    { 19, 30, 280, 2, 30, 143, 8881 }, // U+1EEC
    { 17, 24, 280, 2, 24, 102, 9024 }, // U+1EED
    { 19, 28, 280, 2, 28, 133, 9126 }, // U+1EEE
    { 17, 21, 280, 2, 21, 90, 9259 }, // U+1EEF
    { 19, 29, 280, 2, 25, 138, 9349 }, // U+1EF0
    { 17, 24, 280, 2, 20, 102, 9487 }, // U+1EF1
    { 18, 28, 280, 2, 28, 126, 9589 }, // U+1EF2
    { 16, 29, 280, 0, 23, 116, 9715 }, // U+1EF3
    { 18, 25, 280, 2, 21, 113, 9831 }, // U+1EF4
    { 16, 22, 280, 0, 16, 88, 9944 }, // U+1EF5
    { 18, 30, 280, 2, 30, 135, 10032 }, // U+1EF6
    { 16, 30, 280, 0, 24, 120, 10167 }, // U+1EF7
    { 18, 28, 280, 2, 28, 126, 10287 }, // U+1EF8
    { 16, 28, 280, 0, 22, 112, 10413 }, // U+1EF9
    { 16, 3, 280, 1, 11, 12, 0 }, // U+2013
    { 18, 3, 280, 0, 11, 14, 12 }, // U+2014
    { 8, 9, 280, 6, 22, 18, 26 }, // U+2018
    { 8, 9, 280, 7, 22, 18, 44 }, // U+2019
    { 7, 9, 280, 4, 5, 16, 62 }, // U+201A
    { 14, 9, 280, 3, 22, 32, 78 }, // U+201C
    { 14, 9, 280, 4, 22, 32, 110 }, // U+201D
    { 14, 9, 280, 1, 5, 32, 142 }, // U+201E
    { 14, 28, 280, 3, 22, 98, 174 }, // U+2020
    { 17, 28, 280, 0, 22, 119, 272 }, // U+2021
    { 8, 6, 280, 5, 12, 12, 391 }, // U+2022
    { 16, 4, 280, 0, 4, 16, 403 }, // U+2026
    { 16, 21, 280, 1, 21, 84, 419 }, // U+2030
    { 9, 14, 280, 4, 15, 32, 503 }, // U+2039
    { 8, 14, 280, 5, 15, 28, 535 }, // U+203A
    { 21, 21, 280, -1, 21, 111, 563 }, // U+2044
    { 10, 10, 280, 5, 20, 25, 0 }, // U+2070
    { 10, 10, 280, 5, 20, 25, 25 }, // U+2074
    { 10, 10, 280, 5, 20, 25, 50 }, // U+2075
    { 8, 10, 280, 6, 20, 20, 75 }, // U+2076
    { 9, 10, 280, 6, 20, 23, 95 }, // U+2077
    { 10, 10, 280, 5, 20, 25, 118 }, // U+2078
    { 9, 10, 280, 6, 20, 23, 143 }, // U+2079
    { 9, 11, 280, 4, 11, 25, 166 }, // U+2080
    { 9, 11, 280, 4, 11, 25, 191 }, // U+2081
    { 10, 11, 280, 3, 11, 28, 216 }, // U+2082
    { 10, 11, 280, 3, 11, 28, 244 }, // U+2083
    { 10, 11, 280, 3, 11, 28, 272 }, // U+2084
    { 9, 11, 280, 4, 11, 25, 300 }, // U+2085
    { 9, 11, 280, 4, 11, 25, 325 }, // U+2086
    { 10, 11, 280, 4, 11, 28, 350 }, // U+2087
    { 9, 11, 280, 4, 11, 25, 378 }, // U+2088
    { 9, 11, 280, 4, 11, 25, 403 }, // U+2089
    { 16, 29, 280, 2, 24, 116, 0 }, // U+20A1
    { 17, 21, 280, 0, 21, 90, 116 }, // U+20A4
    { 18, 21, 280, 0, 21, 95, 206 }, // U+20A6
    { 18, 21, 280, 0, 21, 95, 301 }, // U+20A8
    { 18, 21, 280, 0, 21, 95, 396 }, // U+20A9
    { 18, 21, 280, 0, 21, 95, 491 }, // U+20AA
    { 18, 22, 280, 1, 22, 99, 586 }, // U+20AB
    { 15, 21, 280, 2, 21, 79, 685 }, // U+20AC
    { 18, 21, 280, 0, 21, 95, 764 }, // U+20AD
    { 17, 21, 280, 2, 21, 90, 859 }, // U+20AE
    { 18, 21, 280, 1, 21, 95, 949 }, // U+20B1
    { 16, 28, 280, 1, 25, 112, 1044 }, // U+20B2
    { 18, 21, 280, 0, 21, 95, 1156 }, // U+20B4
    { 15, 28, 280, 2, 25, 105, 1251 }, // U+20B5
    { 17, 21, 280, 2, 21, 90, 1356 }, // U+20B8
    { 18, 21, 280, 1, 20, 95, 1446 }, // U+20B9
    { 16, 21, 280, 1, 21, 84, 1541 }, // U+20BA
    { 18, 21, 280, 0, 21, 95, 1625 }, // U+20BD
    { 16, 29, 280, 1, 25, 116, 1720 }, // U+20BF
    { 17, 13, 280, 0, 16, 56, 0 }, // U+2190
    { 13, 21, 280, 2, 21, 69, 56 }, // U+2191
    { 17, 13, 280, 0, 16, 56, 125 }, // U+2192
    { 13, 21, 280, 2, 20, 69, 181 }, // U+2193
    { 18, 13, 280, 0, 16, 59, 250 }, // U+2194
    { 13, 22, 280, 2, 21, 72, 309 }, // U+2195
    { 16, 15, 280, 1, 18, 60, 381 }, // U+2196
    { 16, 15, 280, 0, 18, 60, 441 }, // U+2197
    { 16, 15, 280, 0, 18, 60, 501 }, // U+2198
    { 16, 15, 280, 1, 18, 60, 561 }, // U+2199
    { 17, 17, 280, 0, 18, 73, 621 }, // U+21A9
    { 17, 17, 280, 0, 18, 73, 694 }, // U+21AA
    { 15, 21, 280, 1, 20, 79, 767 }, // U+21B0
    { 15, 21, 280, 2, 20, 79, 846 }, // U+21B1
    { 15, 21, 280, 1, 20, 79, 925 }, // U+21B2
    { 15, 21, 280, 2, 20, 79, 1004 }, // U+21B3
    { 18, 18, 280, 0, 19, 81, 1083 }, // U+21B6
    { 18, 18, 280, 0, 19, 81, 1164 }, // U+21B7
    { 17, 21, 280, 0, 21, 90, 1245 }, // U+21BA
    { 17, 21, 280, 0, 21, 90, 1335 }, // U+21BB
    { 17, 22, 280, 0, 21, 94, 1425 }, // U+21C4
    { 17, 22, 280, 0, 21, 94, 1519 }, // U+21C6
    { 15, 21, 280, 1, 21, 79, 0 }, // U+2202
    { 16, 21, 280, 0, 21, 84, 79 }, // U+2206
    { 17, 21, 280, 1, 21, 90, 163 }, // U+220F
    { 19, 27, 280, -1, 21, 129, 253 }, // U+2211
    { 16, 2, 280, 1, 10, 8, 382 }, // U+2212
    { 18, 20, 280, 1, 20, 90, 390 }, // U+221A
    { 18, 11, 280, 0, 15, 50, 480 }, // U+221E
    { 20, 28, 280, -1, 22, 140, 530 }, // U+222B
    { 16, 11, 280, 1, 15, 44, 670 }, // U+2248
    { 16, 14, 280, 1, 16, 56, 714 }, // U+2260
    { 16, 18, 280, 1, 18, 72, 770 }, // U+2264
    { 15, 18, 280, 1, 18, 68, 842 }, // U+2265
    { 16, 22, 280, 2, 22, 88, 0 }, // U+FB01
    { 15, 22, 280, 2, 22, 83, 88 }, // U+FB02
};

static const EpdUnicodeInterval notoserif_14_italicIntervals[] = {
    { 0x20, 0x7E, 0x0 },
    { 0xA0, 0xA3, 0x5F },
    { 0xA5, 0x17E, 0x63 },
    { 0x1A0, 0x1A1, 0x13D },
    { 0x1AF, 0x1B0, 0x13F },
    { 0x1FA, 0x1FF, 0x141 },
    { 0x218, 0x21B, 0x147 },
    { 0x300, 0x304, 0x14B },
    { 0x306, 0x30C, 0x150 },
    { 0x312, 0x312, 0x157 },
    { 0x315, 0x315, 0x158 },
    { 0x31B, 0x31B, 0x159 },
    { 0x323, 0x323, 0x15A },
    { 0x326, 0x328, 0x15B },
    { 0x400, 0x45F, 0x15E },
    { 0x472, 0x473, 0x1BE },
    { 0x490, 0x49D, 0x1C0 },
    { 0x4A0, 0x4A5, 0x1CE },
    { 0x4AA, 0x4AB, 0x1D4 },
    { 0x4AE, 0x4B3, 0x1D6 },
    { 0x4B6, 0x4BB, 0x1DC },
    { 0x4C0, 0x4C2, 0x1E2 },
    { 0x4CF, 0x4D9, 0x1E5 },
    { 0x4DC, 0x4DF, 0x1F0 },
    { 0x4E2, 0x4E9, 0x1F4 },
    { 0x4EE, 0x4F5, 0x1FC },
    { 0x4F8, 0x4F9, 0x204 },
    { 0x1EA0, 0x1EF9, 0x206 },
    { 0x2013, 0x2014, 0x260 },
    { 0x2018, 0x201A, 0x262 },
    { 0x201C, 0x201E, 0x265 },
    { 0x2020, 0x2022, 0x268 },
    { 0x2026, 0x2026, 0x26B },
    { 0x2030, 0x2030, 0x26C },
    { 0x2039, 0x203A, 0x26D },
    { 0x2044, 0x2044, 0x26F },
    { 0x2070, 0x2070, 0x270 },
    { 0x2074, 0x2079, 0x271 },
    { 0x2080, 0x2089, 0x277 },
    { 0x20A1, 0x20A1, 0x281 },
    { 0x20A4, 0x20A4, 0x282 },
    { 0x20A6, 0x20A6, 0x283 },
    { 0x20A8, 0x20AE, 0x284 },
    { 0x20B1, 0x20B2, 0x28B },
    { 0x20B4, 0x20B5, 0x28D },
    { 0x20B8, 0x20BA, 0x28F },
    { 0x20BD, 0x20BD, 0x292 },
    { 0x20BF, 0x20BF, 0x293 },
    { 0x2190, 0x2199, 0x294 },
    { 0x21A9, 0x21AA, 0x29E },
    { 0x21B0, 0x21B3, 0x2A0 },
    { 0x21B6, 0x21B7, 0x2A4 },
    { 0x21BA, 0x21BB, 0x2A6 },
    { 0x21C4, 0x21C4, 0x2A8 },
    { 0x21C6, 0x21C6, 0x2A9 },
    { 0x2202, 0x2202, 0x2AA },
    { 0x2206, 0x2206, 0x2AB },
    { 0x220F, 0x220F, 0x2AC },
    { 0x2211, 0x2212, 0x2AD },
    { 0x221A, 0x221A, 0x2AF },
    { 0x221E, 0x221E, 0x2B0 },
    { 0x222B, 0x222B, 0x2B1 },
    { 0x2248, 0x2248, 0x2B2 },
    { 0x2260, 0x2260, 0x2B3 },
    { 0x2264, 0x2265, 0x2B4 },
    { 0xFB01, 0xFB02, 0x2B6 },
};

static const EpdFontGroup notoserif_14_italicGroups[] = {
    { 0, 3402, 7663, 95, 0 },
    { 3402, 2704, 8621, 95, 95 },
    { 6106, 3578, 14171, 127, 190 },
    { 9684, 868, 1767, 14, 317 },
    { 10552, 198, 241, 19, 331 },
    { 10750, 5440, 16276, 168, 350 },
    { 16190, 2047, 11561, 90, 518 },
    { 18237, 383, 749, 16, 608 },
    { 18620, 385, 530, 17, 624 },
    { 19005, 1101, 1994, 19, 641 },
    { 20106, 656, 1807, 22, 660 },
    { 20762, 474, 955, 12, 682 },
    { 21236, 106, 176, 2, 694 },
};

static const EpdFontData notoserif_14_italic = {
    notoserif_14_italicBitmaps,
    notoserif_14_italicGlyphs,
    notoserif_14_italicIntervals,
    66,
    38,
    30,
    -9,
    true,
    notoserif_14_italicGroups,
    13,
    nullptr,
    nullptr,
    nullptr,
    nullptr,
    nullptr,
    nullptr,
    nullptr,
    nullptr,
    nullptr,
    nullptr,
    nullptr,
    0,
    0,
    0,
    0,
    nullptr,
    0,
};
