/**
 * generated by fontconvert.py
 * name: notosans_14_regular
 * size: 14
 * mode: 2-bit  compressed: true
 * Command used: fontconvert.py notosans_14_regular 14 ../builtinFonts/source/iAWriterMonoS/iAWriterMonoS-Regular.ttf --2bit --compress --pnum --zopfli
 */
#pragma once
#include "EpdFontData.h"

static const uint8_t notosans_14_regularBitmaps[15965] = {
    0xB5, 0x99, 0x31, 0x6C, 0xE4, 0x48, 0x76, 0x86, 0x3F, 0x92, 0x07, 0x97, 0x01, 0xC2, 0x53, 0xC9,
    0x06, 0x06, 0x06, 0x23, 0xA6, 0x1B, 0xAC, 0x9A, 0xA9, 0x03, 0x92, 0xCD, 0xF5, 0x85, 0x97, 0x67,
    0x06, 0x9C, 0x03, 0x06, 0xE4, 0xC0, 0x81, 0x60, 0x50, 0x6A, 0x9E, 0x37, 0x07, 0x26, 0x8F, 0x1C,
    0x38, 0x87, 0x03, 0x05, 0x6D, 0x5C, 0xEF, 0x76, 0x2D, 0x2E, 0x74, 0x42, 0xFB, 0x42, 0x07, 0x57,
    0x38, 0x2B, 0xDF, 0x32, 0x96, 0xB6, 0xB9, 0x5E, 0x4A, 0xE5, 0xF7, 0xD4, 0x6C, 0xB7, 0x7B, 0x3C,
    0xC2, 0x6A, 0x3C, 0x73, 0xCD, 0xFA, 0x5E, 0x93, 0x55, 0xFF, 0x7B, 0x55, 0x04, 0x5F, 0x57, 0x3F,
    0xB5, 0x4A, 0x4E, 0x47, 0x81, 0x1E, 0xAF, 0xE4, 0xF8, 0x23, 0xF4, 0x00, 0x80, 0x75, 0x7F, 0x38,
    0xC6, 0xFA, 0xFC, 0xC0, 0xB8, 0x00, 0xA6, 0x17, 0x93, 0x7F, 0x29, 0xC6, 0x7E, 0xE9, 0xC5, 0xA4,
    0x83, 0x98, 0x6C, 0xA0, 0x88, 0x31, 0xBA, 0x27, 0x43, 0x6D, 0x1C, 0x54, 0x79, 0xAF, 0xA6, 0x15,
    0x63, 0x5B, 0xF6, 0x32, 0x70, 0x30, 0x8C, 0x05, 0x10, 0x56, 0x6A, 0x2E, 0xD5, 0xD4, 0x90, 0xF8,
    0x0A, 0xD2, 0x27, 0x33, 0x74, 0x40, 0xE6, 0x4E, 0xBC, 0xBE, 0x27, 0x8D, 0xB1, 0xCF, 0x7F, 0xFC,
    0x2E, 0x14, 0x5F, 0x7D, 0x3B, 0x95, 0x99, 0xFB, 0xCB, 0x46, 0xFA, 0x95, 0x52, 0x28, 0xBE, 0x72,
    0xD8, 0x1F, 0x1D, 0x59, 0xFC, 0x01, 0xAE, 0xA2, 0x9C, 0xFC, 0x36, 0x90, 0x7D, 0x3B, 0x89, 0xEF,
    0x4E, 0xE8, 0x94, 0x3F, 0x96, 0xF3, 0xDB, 0xCC, 0x4D, 0xE5, 0x6F, 0xFE, 0x31, 0xE4, 0x31, 0x0E,
    0xEC, 0x1F, 0xCF, 0xE6, 0x48, 0x1F, 0xC4, 0x5A, 0x99, 0xA3, 0x2F, 0x8D, 0xB3, 0x54, 0xE9, 0x70,
    0x49, 0x25, 0x6B, 0x52, 0x33, 0xCA, 0xE5, 0x3F, 0x05, 0x56, 0xE6, 0xD7, 0x0E, 0x1B, 0x7F, 0xD9,
    0xAA, 0x18, 0x20, 0x9D, 0xE0, 0x67, 0x45, 0x84, 0xAA, 0xC9, 0x7B, 0xAE, 0xAB, 0xCC, 0x11, 0xAE,
    0x53, 0x97, 0xF8, 0xEB, 0x74, 0xC8, 0x9C, 0x9C, 0x99, 0x5E, 0xFA, 0x2C, 0x32, 0x7A, 0x81, 0xE8,
    0x2A, 0xF5, 0xA0, 0xB8, 0x07, 0xA2, 0xCE, 0x3E, 0x96, 0x2D, 0xD9, 0x90, 0x83, 0x71, 0x2C, 0x26,
    0x53, 0x93, 0x06, 0x80, 0x49, 0x48, 0x1E, 0x88, 0x6D, 0xFE, 0x9D, 0x98, 0xE2, 0x17, 0x2E, 0xB0,
    0x4A, 0x43, 0xA0, 0x66, 0x0A, 0x54, 0x34, 0x5E, 0x4C, 0x31, 0x50, 0x93, 0x0F, 0xAC, 0xB1, 0x41,
    0x2E, 0xBA, 0x99, 0x3C, 0x86, 0x86, 0x64, 0xDF, 0x17, 0x6D, 0xB7, 0xBC, 0x34, 0xF0, 0x0A, 0x3A,
    0x08, 0xA4, 0x83, 0xCE, 0x90, 0xB7, 0x58, 0xB8, 0x80, 0x4B, 0xA8, 0xA1, 0x3A, 0x6F, 0xB5, 0xF6,
    0xEB, 0xA8, 0x45, 0x95, 0x99, 0x53, 0x2F, 0x02, 0x74, 0x68, 0x1C, 0xE3, 0x3A, 0x28, 0xF4, 0x9D,
    0xD4, 0x43, 0x80, 0x6B, 0xA8, 0xE0, 0x0D, 0xD8, 0x43, 0x6B, 0xC9, 0xCF, 0x9B, 0x6D, 0x97, 0x21,
    0xD1, 0x54, 0xAA, 0x27, 0xA8, 0xAF, 0x71, 0x14, 0xD0, 0x81, 0x9E, 0xBD, 0xCB, 0xAD, 0xF9, 0x76,
    0xB7, 0xF9, 0xF1, 0xBB, 0xF9, 0x0F, 0x62, 0xEC, 0x29, 0x02, 0x94, 0xC2, 0xCD, 0x0C, 0x53, 0x4D,
    0x1A, 0x0A, 0x91, 0xE4, 0x2E, 0x6D, 0x33, 0x00, 0xD5, 0x3F, 0xCB, 0x3A, 0xC6, 0x49, 0x79, 0x6E,
    0x3C, 0x0F, 0xD6, 0x5B, 0x67, 0x5D, 0xD1, 0x96, 0x34, 0x54, 0x00, 0x9B, 0xE8, 0xA4, 0x1D, 0x3F,
    0x01, 0x60, 0x04, 0xDB, 0x0A, 0xC0, 0x4A, 0x50, 0x51, 0x27, 0xDC, 0x09, 0x01, 0x12, 0x0F, 0xD9,
    0x20, 0x38, 0xC8, 0x55, 0x0A, 0x14, 0xC2, 0xE5, 0x22, 0xBD, 0x16, 0xC6, 0x83, 0x34, 0x55, 0xE9,
    0x32, 0x77, 0xBE, 0x44, 0xBC, 0x10, 0xEA, 0x45, 0x4A, 0x39, 0x6A, 0xA2, 0x63, 0xEE, 0x0B, 0x67,
    0xFB, 0xCC, 0x17, 0x24, 0xA1, 0x81, 0xB1, 0x86, 0xA9, 0x82, 0x6D, 0x97, 0xBB, 0x5D, 0x67, 0xFD,
    0x01, 0x3D, 0x87, 0x9D, 0xF6, 0xEB, 0xB8, 0xEA, 0x54, 0xAF, 0x7E, 0xEA, 0x2F, 0x71, 0x34, 0x9E,
    0x10, 0x60, 0x1F, 0x48, 0xFF, 0x2B, 0x90, 0xFF, 0x2E, 0x50, 0xFE, 0x69, 0xA0, 0x4E, 0x03, 0x9F,
    0x09, 0x7C, 0x08, 0x99, 0xF8, 0xC6, 0x38, 0x2B, 0x5C, 0x8D, 0x64, 0x31, 0x92, 0xFB, 0xD2, 0x15,
    0xAD, 0x19, 0x1A, 0x32, 0xFF, 0x87, 0x64, 0x47, 0xA1, 0x17, 0x06, 0xC8, 0x1D, 0x14, 0x2D, 0xDC,
    0x42, 0x32, 0x81, 0xF1, 0x50, 0xF6, 0xF0, 0x35, 0xA4, 0x23, 0xD8, 0x01, 0xD6, 0x2D, 0xA7, 0x07,
    0x74, 0x75, 0xAF, 0x31, 0xA5, 0x5F, 0x62, 0x62, 0x06, 0x8D, 0x73, 0x1E, 0xEB, 0xAA, 0x65, 0x33,
    0xC1, 0xE6, 0x01, 0x28, 0xFA, 0x43, 0xBF, 0xCE, 0x97, 0x3C, 0xF1, 0x99, 0x9C, 0xDF, 0x60, 0x7C,
    0xF9, 0xB6, 0x74, 0x79, 0x8C, 0xB0, 0xBF, 0x07, 0xCA, 0x01, 0x58, 0xAB, 0xF9, 0x95, 0x98, 0xE4,
    0x7B, 0x0D, 0xFB, 0x1B, 0x31, 0xE6, 0xD7, 0xCB, 0x96, 0xC5, 0x4A, 0x4D, 0xA7, 0x66, 0x14, 0x93,
    0x04, 0x31, 0x99, 0x13, 0x93, 0xF7, 0x62, 0x0A, 0xC4, 0x34, 0x6A, 0x64, 0x89, 0xB1, 0x7D, 0x32,
    0xA0, 0xE2, 0x73, 0x53, 0x4A, 0x96, 0x2A, 0xAB, 0xE5, 0xB9, 0xD7, 0x0B, 0xD5, 0x91, 0xF2, 0x9E,
    0x3A, 0x3E, 0xB2, 0x6E, 0x37, 0xED, 0xE7, 0x58, 0xC7, 0xE1, 0x06, 0x15, 0xAF, 0xEF, 0x9F, 0x61,
    0xDC, 0x0E, 0x2B, 0x49, 0xB7, 0xC1, 0xC6, 0x07, 0x92, 0xBD, 0xAE, 0x76, 0x82, 0xDC, 0x43, 0xD9,
    0xC2, 0xD7, 0x90, 0x8C, 0x07, 0xB5, 0x71, 0x60, 0x7B, 0x28, 0xF2, 0x07, 0xCA, 0x4D, 0xEC, 0x9B,
    0xA1, 0xF0, 0xEB, 0x36, 0xFD, 0x9F, 0x44, 0x59, 0x18, 0x57, 0x82, 0x6D, 0xB3, 0x90, 0xFB, 0xA7,
    0x64, 0x68, 0x29, 0x47, 0xBD, 0x8B, 0x51, 0xA9, 0x48, 0x84, 0x34, 0x54, 0x12, 0xB1, 0x3A, 0x45,
    0x6C, 0xA1, 0x5C, 0x56, 0xBE, 0x13, 0x26, 0x48, 0x02, 0x64, 0xCA, 0x00, 0xF9, 0x51, 0x06, 0x34,
    0xC2, 0xCD, 0x22, 0xBB, 0x9A, 0xF4, 0xC1, 0xF5, 0xD6, 0x17, 0xBE, 0x94, 0x75, 0x94, 0xE2, 0xB4,
    0x82, 0xA7, 0x77, 0xDB, 0xA6, 0xDE, 0xC8, 0xFC, 0xE8, 0x3D, 0xC5, 0x47, 0xEC, 0x90, 0x0F, 0xDA,
    0xAF, 0x6B, 0xD4, 0xE4, 0x55, 0xF4, 0x7C, 0x4D, 0x32, 0x16, 0xF7, 0xAF, 0x83, 0x91, 0x38, 0x6C,
    0x74, 0x17, 0x3F, 0x7C, 0x10, 0x74, 0xED, 0x45, 0x9B, 0xF9, 0x06, 0xC4, 0xE7, 0x74, 0x7F, 0x8D,
    0x50, 0xB6, 0xD9, 0x64, 0xFD, 0xC5, 0x28, 0xBB, 0x7E, 0x60, 0xFF, 0xCF, 0xFF, 0x7B, 0x91, 0x9A,
    0x56, 0xC0, 0x7C, 0x58, 0xBB, 0x75, 0xB0, 0x39, 0x7D, 0xA5, 0x71, 0xF6, 0x3A, 0xF5, 0xE7, 0xE1,
    0x70, 0x70, 0xFE, 0x7A, 0xDF, 0x0E, 0x01, 0x24, 0x0E, 0x0A, 0x61, 0xDF, 0x92, 0x6B, 0x52, 0xF6,
    0x64, 0xF3, 0x21, 0xDD, 0xBE, 0xE6, 0xC0, 0xDA, 0x81, 0x99, 0x80, 0x7D, 0x0F, 0xF9, 0x08, 0x49,
    0x6C, 0x0F, 0x3E, 0xA9, 0x00, 0xC0, 0x29, 0xF9, 0xCF, 0x5F, 0x67, 0xFD, 0x7F, 0x2B, 0x7C, 0xC3,
    0x21, 0xB6, 0x79, 0x00, 0x9D, 0x8B, 0xFC, 0x29, 0xF0, 0x12, 0x2F, 0x77, 0xDA, 0xA9, 0x93, 0xA9,
    0x28, 0x15, 0x4D, 0xE1, 0x61, 0xBF, 0x6C, 0x51, 0x00, 0x9A, 0x4F, 0x79, 0x9C, 0x29, 0xDF, 0x6E,
    0x68, 0x28, 0x5A, 0xCD, 0xB5, 0xCF, 0xC4, 0xEF, 0xF4, 0x50, 0x4B, 0x48, 0x1E, 0x61, 0x3D, 0x0A,
    0x2D, 0xD4, 0x1C, 0x39, 0xBD, 0x22, 0xE7, 0xEC, 0x3D, 0x26, 0x3E, 0x60, 0x87, 0xAB, 0x76, 0x85,
    0x71, 0x15, 0x99, 0xEB, 0xCC, 0xEF, 0x86, 0x6D, 0xF1, 0x38, 0xDC, 0xAD, 0x8D, 0x1F, 0xAB, 0xD4,
    0x87, 0x4E, 0xB8, 0x7E, 0x07, 0xE9, 0x1F, 0x1B, 0xE3, 0xEF, 0x8A, 0x47, 0xBF, 0x35, 0xFF, 0xF6,
    0xB6, 0x03, 0x2A, 0xA1, 0x14, 0xEC, 0x00, 0x99, 0xC4, 0x64, 0x23, 0x00, 0x64, 0x13, 0x60, 0x66,
    0x20, 0xDF, 0x01, 0xB6, 0x56, 0x73, 0x01, 0x5C, 0x58, 0xA0, 0xB6, 0xED, 0x52, 0x64, 0x74, 0xC6,
    0xC1, 0x36, 0x13, 0x33, 0x66, 0x9E, 0x24, 0xA4, 0x81, 0x34, 0x24, 0x41, 0x13, 0x73, 0x24, 0x5B,
    0xF6, 0xFF, 0x1D, 0xB6, 0xE7, 0x06, 0x71, 0x6A, 0x28, 0xA0, 0xA4, 0x84, 0x82, 0x06, 0xE9, 0xD9,
    0xC4, 0x7B, 0x36, 0xF1, 0x91, 0x8E, 0x4D, 0xDB, 0x61, 0x5D, 0x47, 0x2E, 0x98, 0xE5, 0xDD, 0xF6,
    0x1D, 0xA5, 0x8C, 0x4F, 0xC2, 0x03, 0x72, 0x2E, 0xD7, 0x66, 0xE8, 0xC8, 0xBC, 0x10, 0x16, 0xFC,
    0xA1, 0xAF, 0x70, 0x9B, 0x18, 0x55, 0x0B, 0x9B, 0x7B, 0x32, 0x4D, 0x7A, 0x7F, 0xD5, 0x96, 0xE4,
    0x4E, 0xF7, 0x91, 0x0E, 0xD8, 0x09, 0x5B, 0x61, 0x7A, 0x0F, 0xDB, 0x65, 0x5C, 0x75, 0xAA, 0x2F,
    0x31, 0xCE, 0xFA, 0xB2, 0xD7, 0x38, 0x1A, 0x6F, 0x1D, 0xDF, 0x0A, 0x33, 0x35, 0x7B, 0x2A, 0x8A,
    0xB6, 0x22, 0x77, 0x95, 0xE8, 0x04, 0xBF, 0x10, 0x2A, 0xD2, 0x13, 0x7A, 0x7D, 0x1A, 0x1B, 0x54,
    0xAF, 0x7E, 0xEA, 0xAF, 0x71, 0x34, 0x9E, 0xAC, 0xD7, 0x29, 0x1D, 0xF0, 0x1C, 0x2F, 0xD0, 0x9C,
    0xE9, 0x84, 0x41, 0xF9, 0x09, 0x6D, 0xAF, 0xE8, 0xF9, 0x4B, 0xA0, 0x9C, 0x48, 0x62, 0x6C, 0xCD,
    0xF8, 0xF4, 0xED, 0x18, 0x0A, 0xF0, 0xAB, 0x53, 0x9E, 0x9E, 0xB4, 0x49, 0x0C, 0xCA, 0x0D, 0x84,
    0x7A, 0xA1, 0x59, 0x36, 0x24, 0xF5, 0xCB, 0xEF, 0x2F, 0x42, 0x1A, 0xE7, 0xC0, 0x66, 0x08, 0x3B,
    0x8C, 0xFB, 0x29, 0xF6, 0x31, 0x2A, 0xCB, 0xF5, 0xCB, 0xF5, 0x94, 0x40, 0xF1, 0x11, 0x94, 0x70,
    0x8C, 0x65, 0x63, 0x94, 0xA6, 0x5D, 0x14, 0x2F, 0x68, 0xE5, 0x96, 0xB2, 0xA3, 0x59, 0x7F, 0x39,
    0xDB, 0x38, 0xA6, 0xB1, 0xDF, 0x91, 0x8E, 0x3B, 0xCC, 0xB0, 0xA3, 0x90, 0xF3, 0x35, 0x3B, 0x66,
    0x76, 0xE9, 0xC8, 0xCE, 0x0C, 0xEC, 0x8A, 0x9E, 0xDD, 0x1A, 0x76, 0x11, 0xBE, 0x89, 0x2D, 0xFB,
    0xDF, 0x3A, 0xF6, 0x3F, 0xF7, 0x7C, 0xA3, 0xE3, 0xAA, 0xE3, 0x56, 0x28, 0x05, 0x2B, 0xBE, 0xB9,
    0xC4, 0xC8, 0xC2, 0x8E, 0x64, 0xDA, 0x01, 0x9F, 0x0A, 0xB9, 0xC5, 0x5E, 0x59, 0xB7, 0xE9, 0xB4,
    0xEE, 0xB3, 0x69, 0xED, 0xCC, 0xB4, 0x1E, 0xEC, 0xD4, 0x04, 0xBB, 0xAD, 0xC3, 0xE5, 0xB6, 0xD2,
    0xA3, 0xBA, 0xDE, 0x56, 0x97, 0x61, 0x5B, 0x15, 0x82, 0x1D, 0xB6, 0x55, 0xEE, 0xB6, 0x55, 0xD6,
    0x6F, 0xAB, 0x94, 0x6D, 0xC5, 0xF3, 0xEC, 0xC9, 0xDC, 0xBE, 0x15, 0xDC, 0x81, 0x5F, 0xF9, 0xCC,
    0xFD, 0x43, 0xC8, 0xDC, 0x76, 0x14, 0x76, 0x42, 0x25, 0x34, 0x42, 0x21, 0xD8, 0x9F, 0xBB, 0x6D,
    0xFE, 0x95, 0xDB, 0x4A, 0xA9, 0xBF, 0xCD, 0xFE, 0xD5, 0x6D, 0x93, 0xEF, 0xDD, 0x96, 0xFF, 0x14,
    0xF6, 0xC2, 0x46, 0x58, 0x0B, 0x85, 0xFB, 0xBF, 0x85, 0xDA, 0xF9, 0xF7, 0x6F, 0x07, 0xB3, 0xB0,
    0x3B, 0xC1, 0x7C, 0x1C, 0x53, 0x9D, 0xEA, 0xDF, 0x29, 0xD4, 0x96, 0xED, 0x25, 0xA2, 0x5B, 0x48,
    0x47, 0xF6, 0x9E, 0xED, 0x25, 0x3B, 0x6E, 0x2F, 0xAD, 0x6A, 0x5F, 0xF6, 0x91, 0x19, 0x41, 0x27,
    0xC0, 0x8C, 0x57, 0x0E, 0x9D, 0x12, 0x9D, 0x1B, 0x5D, 0x04, 0xBA, 0x9A, 0x83, 0xD1, 0xF5, 0xA9,
    0xD9, 0x9D, 0x9B, 0x79, 0x91, 0x64, 0x61, 0xA2, 0xE1, 0x61, 0xA4, 0x60, 0x1D, 0x24, 0x8A, 0xF5,
    0x1A, 0x2F, 0x68, 0xE4, 0x59, 0xE7, 0x58, 0x03, 0x58, 0xF7, 0x01, 0x77, 0x20, 0xBA, 0x51, 0x37,
    0x6D, 0xBA, 0xCC, 0xD3, 0x25, 0x72, 0xCE, 0x2C, 0xD4, 0x42, 0xC9, 0x61, 0xC3, 0xCD, 0x9D, 0xFA,
    0x70, 0xF5, 0x03, 0x46, 0x3F, 0x00, 0x52, 0x1D, 0x94, 0x24, 0x63, 0x03, 0xAD, 0x80, 0x52, 0x0A,
    0xC5, 0x80, 0x8C, 0xFF, 0x1D, 0xEC, 0x63, 0x4B, 0xB2, 0xF7, 0x90, 0x8D, 0xC0, 0x24, 0xCC, 0xC2,
    0xEE, 0x73, 0x98, 0x6E, 0x49, 0xC7, 0x72, 0x78, 0xED, 0xF3, 0xA5, 0xBA, 0x90, 0xF9, 0xA3, 0x7B,
    0x32, 0xA4, 0x01, 0x48, 0x7E, 0x5F, 0x46, 0x77, 0x83, 0xFF, 0x2F, 0xC7, 0x6F, 0x9F, 0x06, 0xDB,
    0x97, 0xC7, 0xB2, 0x30, 0x7A, 0x66, 0xA8, 0x77, 0xD0, 0x1D, 0x53, 0x49, 0x77, 0xB5, 0xA7, 0x74,
    0x6A, 0x33, 0x6F, 0xFB, 0x6C, 0xC8, 0x9D, 0x71, 0x62, 0x7B, 0xB9, 0x6A, 0xA5, 0x57, 0x47, 0x61,
    0x6C, 0x0E, 0xC9, 0xD7, 0x75, 0x50, 0x6D, 0xA1, 0x5E, 0xFE, 0x2E, 0x28, 0x04, 0xEB, 0x11, 0x7B,
    0x39, 0x42, 0xAD, 0xDC, 0xA9, 0x42, 0xC9, 0x87, 0xEA, 0xDA, 0x2A, 0xBE, 0xEA, 0x2E, 0x42, 0xD7,
    0x5D, 0x86, 0xAE, 0xFA, 0xE2, 0xEE, 0xBA, 0xAA, 0xFE, 0x4A, 0x90, 0x8F, 0xE2, 0x75, 0x75, 0xA7,
    0x47, 0xFD, 0xF7, 0x97, 0x77, 0x97, 0xE1, 0x32, 0xAC, 0xC2, 0x45, 0x28, 0xBD, 0x0D, 0xC5, 0x70,
    0xA0, 0x84, 0xA2, 0xB5, 0x8E, 0x06, 0xDD, 0x63, 0x48, 0x03, 0x23, 0x8C, 0x59, 0x80, 0x9D, 0x71,
    0xD0, 0xD8, 0x1E, 0x8A, 0x2B, 0x20, 0x7F, 0x00, 0xB2, 0x59, 0xCD, 0x78, 0xFC, 0xB2, 0xB7, 0x4F,
    0x05, 0x4F, 0x01, 0xD4, 0xD6, 0xC1, 0x9C, 0x0D, 0x87, 0xEF, 0xF4, 0xCC, 0x33, 0x91, 0x3B, 0x6E,
    0x24, 0x36, 0x6B, 0x1A, 0xE4, 0x5D, 0x8C, 0xED, 0x4B, 0x28, 0xE5, 0x8D, 0x46, 0x47, 0x77, 0x07,
    0x9D, 0x7A, 0xC0, 0x24, 0xBE, 0x74, 0xF9, 0xD3, 0x94, 0xED, 0xD9, 0x94, 0x13, 0x7C, 0xC8, 0xF3,
    0x3F, 0x15, 0x65, 0x4B, 0x29, 0x7E, 0xFA, 0x0B, 0xA7, 0x01, 0xE6, 0x53, 0xB7, 0x75, 0xA7, 0x3A,
    0x7A, 0x3E, 0xCC, 0x61, 0x86, 0x63, 0x99, 0x05, 0x37, 0x87, 0x0D, 0x6F, 0x56, 0x00, 0x29, 0xE1,
    0xA5, 0x5D, 0xC3, 0x47, 0xB7, 0x25, 0x54, 0xB5, 0x4C, 0x7D, 0x21, 0x58, 0x21, 0x6F, 0xC1, 0x38,
    0xC8, 0x84, 0xD4, 0x03, 0x41, 0x18, 0x51, 0x0F, 0x50, 0xF1, 0xA5, 0x50, 0x1C, 0xC5, 0xBD, 0x0A,
    0x85, 0x01, 0x92, 0xA3, 0xF8, 0x4E, 0xE8, 0x16, 0xF1, 0x4A, 0xB0, 0x8A, 0x46, 0xED, 0x81, 0x75,
    0x74, 0xD2, 0xC8, 0x3E, 0x41, 0x5B, 0x42, 0xD9, 0xE1, 0x90, 0x99, 0xCD, 0x08, 0xDD, 0x0E, 0xC6,
    0x5A, 0xB3, 0x98, 0x6C, 0xB0, 0xBD, 0x66, 0xB7, 0x25, 0xF3, 0x2B, 0xE9, 0xA9, 0x60, 0xBA, 0x86,
    0x0A, 0x80, 0x43, 0x3D, 0x31, 0x2B, 0x3F, 0xA3, 0x63, 0x85, 0xC5, 0xF4, 0x69, 0xCB, 0xE6, 0x58,
    0xA4, 0x6E, 0x78, 0x85, 0xED, 0x21, 0x77, 0x60, 0x9E, 0x48, 0x74, 0x5B, 0x11, 0xCA, 0xDE, 0xB8,
    0x46, 0xAE, 0x6B, 0xF4, 0xDD, 0xCA, 0xF5, 0x66, 0xB0, 0xF1, 0xFB, 0x39, 0x89, 0xBF, 0x9C, 0x2B,
    0xE0, 0xBD, 0x14, 0xF7, 0x54, 0xFB, 0x47, 0x9A, 0x61, 0xD3, 0xAA, 0xCF, 0xB1, 0x06, 0x7B, 0x86,
    0x41, 0x35, 0xAA, 0xAD, 0xE2, 0xA3, 0xF8, 0x8E, 0xE8, 0xBA, 0xB2, 0x43, 0xF1, 0x4C, 0x49, 0xDE,
    0xD7, 0x24, 0x74, 0xA0, 0xB0, 0x5B, 0xE8, 0x16, 0x74, 0x4C, 0xEB, 0x40, 0xD1, 0xB6, 0xEA, 0xA3,
    0xBE, 0x90, 0xFA, 0xF7, 0xB2, 0xFF, 0x1B, 0x9F, 0xC5, 0xFF, 0xF0, 0xD6, 0xAF, 0xFC, 0xE1, 0x0F,
    0xA7, 0xD4, 0xD7, 0xCF, 0xA0, 0x63, 0xAA, 0x51, 0xAD, 0xFA, 0xA8, 0x2F, 0xE5, 0xA8, 0x35, 0x16,
    0x66, 0x3C, 0xFD, 0x02, 0xB1, 0x82, 0xB1, 0x16, 0x8E, 0xF9, 0x5F, 0x03, 0x4A, 0x01, 0xAD, 0x6D,
    0x13, 0x6F, 0xEE, 0x5F, 0x0F, 0xE2, 0xD3, 0x52, 0x4E, 0x90, 0xEC, 0x03, 0x26, 0x06, 0xEC, 0xDB,
    0xB3, 0x3A, 0x26, 0xC6, 0x18, 0x14, 0x3D, 0x7F, 0x39, 0xA7, 0xFA, 0xE7, 0xA3, 0xEF, 0x8B, 0x54,
    0xC8, 0x86, 0x04, 0xE3, 0xEC, 0xDB, 0xB2, 0xCD, 0xE3, 0x23, 0xEC, 0x3D, 0xCF, 0x3E, 0xDF, 0x52,
    0xC6, 0xE2, 0x83, 0x3E, 0x5F, 0x1A, 0x6C, 0x5B, 0x63, 0x7B, 0xAD, 0x9D, 0x5F, 0x0A, 0x45, 0xCF,
    0x11, 0x80, 0x53, 0x8E, 0xB6, 0x0A, 0xD8, 0x0F, 0xA1, 0xD7, 0xDC, 0xF6, 0x0A, 0xCC, 0x4B, 0x3B,
    0x45, 0x9C, 0xA4, 0x81, 0xB4, 0xED, 0x8B, 0xDB, 0x04, 0x23, 0x26, 0xAC, 0xE3, 0xB0, 0x7E, 0x64,
    0x84, 0x67, 0x28, 0xFA, 0x91, 0x5B, 0xC6, 0x64, 0x62, 0x34, 0x9E, 0xB1, 0xE8, 0x19, 0x6F, 0xE1,
    0xDF, 0x67, 0x88, 0x8F, 0xC2, 0x9F, 0xB7, 0xCC, 0xD6, 0xE9, 0xA6, 0x2E, 0x9A, 0x91, 0x91, 0x9D,
    0xB0, 0x16, 0xAC, 0xF8, 0x99, 0x61, 0x1F, 0x41, 0xA1, 0xF8, 0x14, 0x9C, 0x72, 0xE1, 0xFA, 0xEB,
    0xDC, 0xFF, 0x75, 0x5C, 0x8F, 0xB7, 0x85, 0x9F, 0xBA, 0xDC, 0x75, 0x9D, 0x71, 0xDD, 0xB5, 0x71,
    0xD5, 0x4B, 0xF9, 0xE8, 0x67, 0xAB, 0x9F, 0x91, 0x63, 0xF1, 0xD7, 0x9E, 0xFD, 0x4A, 0xA7, 0x4C,
    0x0B, 0xA3, 0xF6, 0xE9, 0x98, 0x6A, 0x54, 0xAB, 0x3E, 0xEA, 0xFB, 0x91, 0x7B, 0xC7, 0xB3, 0x39,
    0xFB, 0x09, 0x3E, 0x23, 0xEF, 0x25, 0xCE, 0xAF, 0xC7, 0x38, 0xEF, 0x47, 0x6E, 0x06, 0xB8, 0x05,
    0x6E, 0x84, 0xEE, 0xA7, 0xD1, 0x02, 0x4B, 0x39, 0xFE, 0x40, 0x94, 0xFB, 0xD7, 0xDE, 0xB6, 0xB8,
    0xE3, 0xB7, 0x47, 0x7E, 0x0F, 0x69, 0xFC, 0x01, 0x5E, 0x8B, 0x06, 0x13, 0x80, 0x27, 0x74, 0x6F,
    0x2F, 0x44, 0x6B, 0xC4, 0x47, 0xCB, 0x3F, 0x6A, 0xDE, 0x45, 0x63, 0x8F, 0x0A, 0xCD, 0xA9, 0xEF,
    0x39, 0x4E, 0xB5, 0x62, 0x0F, 0x79, 0xF4, 0x5A, 0x26, 0x76, 0xE4, 0xFD, 0x4B, 0xD1, 0xFC, 0x38,
    0x54, 0x61, 0xFB, 0xDE, 0xC6, 0x7F, 0xE9, 0x93, 0xC7, 0x5F, 0xF4, 0xCB, 0x0F, 0x6C, 0x61, 0x79,
    0xBE, 0x5A, 0x6F, 0x39, 0x23, 0x47, 0x36, 0xE8, 0x4F, 0x5E, 0xC7, 0xAA, 0xEB, 0x12, 0xB6, 0x15,
    0x74, 0xDD, 0xA1, 0xAE, 0x5A, 0x05, 0xB0, 0x5E, 0x18, 0xA8, 0xD2, 0xA0, 0xFF, 0x1C, 0x18, 0xF3,
    0xB6, 0xCE, 0xA6, 0xBC, 0xBD, 0xCC, 0xB6, 0x96, 0x0B, 0xD3, 0x89, 0xC9, 0xBF, 0xB0, 0xD8, 0xFC,
    0xCD, 0x2B, 0xAC, 0x7D, 0x73, 0x81, 0x7D, 0xF5, 0xEA, 0x0D, 0xF6, 0x8D, 0xBD, 0x24, 0xFF, 0xB3,
    0xFC, 0x0B, 0xCC, 0x5F, 0xE4, 0x15, 0xA6, 0x33, 0x1D, 0xD9, 0x36, 0xDB, 0x92, 0x8D, 0xD9, 0xA4,
    0x66, 0x44, 0x4B, 0x63, 0xDD, 0xAF, 0xCD, 0x90, 0xBB, 0x34, 0x14, 0x87, 0x0C, 0xBC, 0xD9, 0x41,
    0x19, 0x74, 0x3E, 0xC1, 0x1F, 0xCE, 0xBB, 0x19, 0xC6, 0x86, 0x2C, 0x14, 0xAD, 0x71, 0xF9, 0x53,
    0xFE, 0xAE, 0xC5, 0xB7, 0x83, 0xDD, 0x29, 0x5F, 0x53, 0x7F, 0x76, 0x3F, 0xC1, 0x42, 0x58, 0x9D,
    0x2A, 0xC8, 0x7A, 0x7B, 0x76, 0x2F, 0x98, 0xD3, 0x2F, 0xDF, 0xC7, 0xBA, 0xA7, 0x9C, 0x05, 0x8F,
    0xD6, 0x4C, 0xBD, 0x02, 0x85, 0xB0, 0x3E, 0x15, 0x44, 0xF9, 0x70, 0x2A, 0x9D, 0x26, 0xC8, 0xB4,
    0xCB, 0x9D, 0xD5, 0x47, 0x4E, 0x01, 0xD8, 0x3C, 0x10, 0x1F, 0x08, 0x9C, 0xDA, 0x16, 0x2A, 0xB0,
    0x2C, 0xFF, 0x5C, 0xB8, 0x22, 0x4E, 0xC4, 0x11, 0x36, 0xE8, 0xA5, 0x76, 0xC2, 0x0A, 0x3A, 0x18,
    0x39, 0x73, 0x8C, 0x0F, 0x12, 0xAD, 0x7B, 0xFE, 0x05, 0x1A, 0x4A, 0x54, 0x5C, 0x1C, 0xDB, 0x25,
    0x54, 0x70, 0x47, 0xE2, 0xC9, 0x1C, 0x5A, 0x88, 0x8E, 0x48, 0x10, 0xCA, 0x87, 0x64, 0xD2, 0xCB,
    0xB3, 0xFF, 0x8F, 0xD4, 0x70, 0x71, 0x6A, 0x12, 0x47, 0xA2, 0x01, 0x98, 0x1F, 0xF8, 0x93, 0x32,
    0x0E, 0x53, 0x6D, 0x62, 0xF8, 0x9C, 0x4D, 0xFF, 0xDF, 0xC5, 0x99, 0x01, 0xA4, 0x24, 0xC9, 0x19,
    0xC7, 0x7F, 0xDD, 0xB5, 0xD9, 0xCE, 0x5D, 0xDF, 0x4E, 0x2D, 0x72, 0x90, 0xDD, 0x7B, 0x7D, 0x38,
    0x2C, 0x6E, 0x5F, 0x39, 0x0E, 0x8B, 0xEE, 0x99, 0xCA, 0x1D, 0x41, 0x4E, 0x08, 0x00, 0x10, 0x00,
    0x44, 0xF2, 0xEE, 0x58, 0x3C, 0xF4, 0xEE, 0x74, 0x1C, 0x02, 0xC4, 0x01, 0x00, 0x12, 0x80, 0x20,
    0x7B, 0x61, 0x31, 0x91, 0xD9, 0x9D, 0x3A, 0x41, 0x88, 0xA0, 0xCF, 0x21, 0x38, 0x92, 0x8A, 0x3C,
    0x00, 0x54, 0x72, 0x4D, 0x7A, 0x2F, 0x33, 0xAF, 0x52, 0x35, 0x33, 0x73, 0x6F, 0x86, 0x37, 0xEC,
    0x5D, 0xE6, 0xDD, 0x75, 0xF7, 0xEF, 0xDB, 0x57, 0x5D, 0x5F, 0xFF, 0xBF, 0x9A, 0x9E, 0xEE, 0xAF,
    0xBE, 0x9A, 0x1D, 0x35, 0xAB, 0x1D, 0x00, 0x6E, 0x2C, 0xF7, 0x41, 0xD8, 0x8B, 0xE5, 0xAE, 0xB6,
    0x76, 0xBE, 0x05, 0xC8, 0x2D, 0x66, 0x1D, 0xC2, 0x2F, 0x90, 0x7F, 0x57, 0x5A, 0xC9, 0x5C, 0x57,
    0x12, 0xEA, 0x35, 0xD3, 0xC8, 0x56, 0xBB, 0x92, 0x09, 0x4A, 0x66, 0x26, 0xFA, 0xC6, 0x6B, 0x38,
    0xB1, 0xBB, 0x5A, 0xB7, 0x16, 0xE0, 0x7D, 0x2B, 0xBA, 0xAC, 0xCB, 0x0D, 0x13, 0xD9, 0x70, 0x53,
    0x6A, 0x58, 0xD2, 0x40, 0x6E, 0x20, 0x0B, 0x8C, 0xFD, 0x7C, 0x49, 0xEA, 0xB8, 0xC0, 0x82, 0x68,
    0x57, 0x7E, 0x23, 0x02, 0xDE, 0xF7, 0x91, 0x61, 0x3C, 0xA5, 0x40, 0xC5, 0x9E, 0x61, 0x94, 0x98,
    0x22, 0x2C, 0x3D, 0xA9, 0x4B, 0x1C, 0xF4, 0xC2, 0xC2, 0x34, 0x8A, 0x56, 0x52, 0x43, 0x51, 0x00,
    0xF2, 0x41, 0xC0, 0xFB, 0xC5, 0xCA, 0x10, 0xDC, 0xF6, 0x9B, 0x0B, 0xBF, 0xFA, 0x62, 0x03, 0xD8,
    0x69, 0x8F, 0xCF, 0x10, 0xDE, 0x23, 0xDB, 0x9F, 0x51, 0x70, 0x0D, 0x05, 0x4B, 0x8A, 0x06, 0x64,
    0x07, 0xC2, 0xB7, 0x64, 0x8F, 0x16, 0x1C, 0x25, 0x33, 0x5D, 0x22, 0xCD, 0x84, 0xCC, 0x4C, 0x11,
    0xE6, 0x41, 0x60, 0xD4, 0xE4, 0x5A, 0x9E, 0xFF, 0x94, 0xC4, 0x77, 0x70, 0x7D, 0x0E, 0x8C, 0x80,
    0x02, 0x90, 0x40, 0x81, 0xD4, 0x0F, 0x29, 0xE2, 0xBD, 0xF0, 0x2D, 0x00, 0x4F, 0xA5, 0x59, 0x1D,
    0x00, 0x70, 0xCB, 0x6B, 0x98, 0x79, 0x87, 0xE8, 0x93, 0x05, 0xD2, 0xA0, 0x28, 0xD2, 0x45, 0xDE,
    0x94, 0xD2, 0xBF, 0x6D, 0xEE, 0xA9, 0xEC, 0xA3, 0xF6, 0x7E, 0x99, 0x62, 0x1F, 0x97, 0xE0, 0x3E,
    0xFC, 0xC2, 0x2C, 0x9B, 0xF7, 0xCB, 0x04, 0x5B, 0x46, 0x97, 0xA5, 0xF3, 0xF2, 0xB2, 0x3C, 0x0A,
    0x88, 0x67, 0x71, 0x1C, 0x51, 0x94, 0xFC, 0x5C, 0x93, 0xF7, 0x0C, 0x9F, 0xF2, 0xAE, 0x84, 0x5C,
    0x93, 0xE9, 0xC2, 0xEB, 0xA7, 0x8F, 0xB4, 0xCB, 0xB4, 0x93, 0xFA, 0xE9, 0xEC, 0x03, 0xF5, 0x89,
    0x05, 0xE0, 0x35, 0x0C, 0x13, 0xD1, 0x0A, 0x57, 0x34, 0xD2, 0x3C, 0x64, 0x9C, 0xCE, 0x99, 0x0B,
    0x17, 0xB0, 0xCC, 0x44, 0x4F, 0x61, 0x9E, 0x90, 0x59, 0xA5, 0xE9, 0xB3, 0x96, 0x7B, 0x89, 0x01,
    0x60, 0xF5, 0x35, 0xBA, 0x08, 0xB0, 0x8F, 0xB1, 0x37, 0xE1, 0x48, 0xCE, 0x91, 0xDF, 0x6F, 0x5F,
    0xE7, 0xDD, 0x37, 0x16, 0x77, 0xDE, 0xFB, 0xD3, 0xED, 0xDF, 0x2D, 0x6E, 0xBF, 0xF7, 0x97, 0xDB,
    0x6F, 0xFC, 0xF9, 0xCE, 0xBD, 0xEF, 0xBD, 0x39, 0x48, 0x6C, 0xEA, 0x35, 0xC0, 0xC6, 0x19, 0x48,
    0x83, 0xBF, 0x6F, 0xD5, 0x5B, 0xAE, 0x64, 0x52, 0x72, 0x1A, 0x8E, 0x8A, 0x2E, 0x34, 0xC3, 0xC9,
    0x20, 0x45, 0x66, 0x2E, 0x65, 0xF3, 0x54, 0xED, 0xEB, 0xDF, 0xDE, 0x36, 0xBE, 0x59, 0x8F, 0x7A,
    0xC4, 0xBD, 0x5C, 0x13, 0x0E, 0x09, 0x35, 0xA9, 0x45, 0x6A, 0x86, 0xBF, 0xD1, 0x23, 0x6F, 0xF2,
    0x67, 0x0C, 0x1F, 0x41, 0xAE, 0xD3, 0xDF, 0x22, 0x7A, 0x90, 0x90, 0xE9, 0x57, 0x73, 0x3D, 0x9C,
    0x91, 0xF7, 0x24, 0xE4, 0x46, 0xEA, 0x63, 0x4A, 0x5E, 0x0B, 0xE4, 0xCD, 0xF3, 0x52, 0x21, 0x9B,
    0x51, 0xA4, 0x1D, 0x37, 0x23, 0xFF, 0x69, 0x53, 0xCE, 0xDE, 0x09, 0xE7, 0xE1, 0x32, 0x18, 0x7B,
    0x9B, 0x79, 0x6F, 0xA5, 0xFF, 0xC8, 0x8E, 0x02, 0xE3, 0xC0, 0x6C, 0x8B, 0xF1, 0xFA, 0xBC, 0x0A,
    0xC8, 0x80, 0x08, 0xF0, 0x93, 0x80, 0xF8, 0x12, 0xA4, 0xCD, 0x07, 0x9B, 0x1C, 0x33, 0xE0, 0x06,
    0xAF, 0xE8, 0xEB, 0x8E, 0xC7, 0x0F, 0x9D, 0x6A, 0x53, 0x87, 0x72, 0xBC, 0xF9, 0x21, 0xEC, 0x1E,
    0x2F, 0x3F, 0x8B, 0x77, 0x67, 0x75, 0xEF, 0xEA, 0xCC, 0x3C, 0x16, 0xC6, 0xA5, 0xED, 0xEA, 0x08,
    0x7F, 0x9F, 0x66, 0x26, 0x9C, 0x0F, 0xBD, 0x9B, 0x47, 0x6B, 0x48, 0x87, 0x6C, 0x1E, 0x90, 0x39,
    0xD5, 0x24, 0xF3, 0xDC, 0xF1, 0x30, 0xED, 0x18, 0x26, 0x1D, 0x8B, 0xCC, 0x89, 0xAE, 0x30, 0xF1,
    0x99, 0x1B, 0xD1, 0x73, 0x87, 0x16, 0x80, 0xCC, 0x92, 0x35, 0x23, 0x8B, 0xE4, 0x4D, 0xCB, 0x11,
    0x58, 0xCA, 0x68, 0x4E, 0xA3, 0x71, 0x60, 0x13, 0x0B, 0x56, 0x18, 0xBE, 0xFB, 0x79, 0xDE, 0x30,
    0xF2, 0x5C, 0x6C, 0x43, 0x28, 0x79, 0x0A, 0x93, 0xE4, 0x6F, 0xE0, 0xC4, 0x2F, 0x49, 0xDB, 0x7C,
    0x80, 0x30, 0x37, 0x06, 0xE4, 0xBA, 0x1C, 0x20, 0x09, 0xE3, 0xBE, 0xCB, 0xCB, 0x3F, 0xD6, 0x25,
    0x0C, 0xBE, 0x52, 0xA0, 0x74, 0x0E, 0x48, 0x0F, 0xE5, 0x91, 0xD4, 0x4C, 0xAE, 0xE5, 0x1A, 0x87,
    0x24, 0x6D, 0xB9, 0x8B, 0x30, 0x3C, 0x26, 0xD7, 0xA2, 0x45, 0x22, 0x35, 0x77, 0x29, 0xBC, 0x29,
    0xA3, 0xC9, 0x3B, 0xB2, 0x46, 0xCD, 0x91, 0x94, 0xC7, 0x1C, 0xC1, 0x80, 0x92, 0xD0, 0x7D, 0x8A,
    0xE8, 0x58, 0xBE, 0xFE, 0x16, 0x8E, 0x84, 0xE1, 0x5E, 0x11, 0x03, 0x2D, 0x80, 0xBC, 0xFB, 0x4A,
    0x9F, 0x08, 0x65, 0x76, 0xD9, 0xDE, 0x64, 0x73, 0xC1, 0x49, 0x83, 0xF0, 0x0D, 0xD2, 0x82, 0x02,
    0x2A, 0xA0, 0x5E, 0x92, 0xF0, 0x80, 0xCC, 0x0C, 0x91, 0x4D, 0xF1, 0xC1, 0x98, 0xDC, 0xCF, 0x49,
    0x66, 0x16, 0x12, 0x80, 0x62, 0xA3, 0x82, 0x30, 0x40, 0x62, 0x01, 0x7E, 0x05, 0x00, 0x20, 0x7A,
    0x20, 0x9B, 0x03, 0xF9, 0x14, 0x90, 0x55, 0x34, 0x47, 0xC0, 0x91, 0x64, 0x9D, 0xC2, 0xCB, 0xBC,
    0x21, 0x3E, 0x31, 0x30, 0x89, 0x0A, 0x9D, 0xB0, 0x24, 0x2E, 0x75, 0xAB, 0x7C, 0x2F, 0xBC, 0xEF,
    0x10, 0xEB, 0x17, 0x78, 0x1A, 0xE3, 0x3C, 0x58, 0xBE, 0x8A, 0x14, 0xA0, 0x50, 0x50, 0x30, 0x84,
    0x28, 0x73, 0x0D, 0x40, 0x01, 0x54, 0x00, 0x13, 0x00, 0x07, 0xD0, 0x7E, 0xED, 0x63, 0x59, 0x06,
    0x92, 0x0B, 0x40, 0x29, 0xA0, 0xCE, 0x0D, 0x7C, 0x98, 0x1A, 0x80, 0xAF, 0x7D, 0x2C, 0x4A, 0x03,
    0xDE, 0x1A, 0xF8, 0xB5, 0x6F, 0x61, 0xD5, 0x86, 0x6F, 0x64, 0x2C, 0x71, 0x92, 0xBB, 0x30, 0xDF,
    0xD8, 0x30, 0xD2, 0x0E, 0x18, 0xBC, 0x02, 0xDC, 0xCE, 0x81, 0xD7, 0xF3, 0xCD, 0x5F, 0x83, 0x01,
    0x90, 0xF5, 0xDF, 0xCC, 0xA8, 0x32, 0xEF, 0x1B, 0xF2, 0x68, 0xE4, 0x09, 0x20, 0x8F, 0x81, 0x22,
    0x9A, 0xBB, 0xD1, 0x94, 0xD1, 0xD4, 0xD1, 0x4C, 0xA2, 0xE9, 0x94, 0xD7, 0xB8, 0x60, 0x12, 0xA7,
    0x20, 0xB5, 0xC7, 0x20, 0xFC, 0x39, 0x64, 0xD1, 0xE4, 0xE6, 0x18, 0x64, 0x13, 0x8D, 0x0E, 0xA6,
    0x40, 0xC1, 0x31, 0xCA, 0x37, 0x55, 0x34, 0x9C, 0x9C, 0x2D, 0x7D, 0xA5, 0x3D, 0xD1, 0x2A, 0xF8,
    0x0E, 0x11, 0x6D, 0x0D, 0x4C, 0x81, 0x09, 0xD0, 0xEF, 0x61, 0x0A, 0xD4, 0x40, 0xF4, 0x57, 0x64,
    0x46, 0x5A, 0xD5, 0x44, 0x1D, 0x66, 0x1D, 0x0C, 0x08, 0xFC, 0x08, 0x92, 0x0E, 0x38, 0x85, 0x87,
    0x1D, 0xA8, 0x16, 0x6E, 0x02, 0xDD, 0xFA, 0xE2, 0x0A, 0x28, 0x80, 0x17, 0x37, 0x13, 0xBB, 0x37,
    0x91, 0x1A, 0xD8, 0xC3, 0x1E, 0x9F, 0xFD, 0x7E, 0xA0, 0x21, 0x75, 0x20, 0x5A, 0xC8, 0x1B, 0x90,
    0xC0, 0x0B, 0x57, 0x18, 0x6F, 0xD4, 0xC0, 0xAC, 0x25, 0xF9, 0x97, 0x43, 0x98, 0x9A, 0x8C, 0x57,
    0x80, 0xAB, 0x8B, 0x97, 0xD9, 0x39, 0x1B, 0x80, 0x2B, 0x8D, 0xC5, 0x4D, 0x48, 0x1C, 0xD0, 0x03,
    0x25, 0x70, 0x74, 0xF1, 0xDD, 0xCD, 0x42, 0x7F, 0x04, 0x05, 0x14, 0xFF, 0x07, 0x6A, 0xAD, 0xB5,
    0xEF, 0xBB, 0xBB, 0x71, 0x85, 0xF1, 0x46, 0x0D, 0xF8, 0x96, 0xF4, 0xDF, 0x6E, 0x59, 0xBD, 0xE7,
    0xBC, 0x0E, 0x5C, 0x5D, 0xBC, 0xDC, 0xCE, 0xD9, 0x00, 0x5C, 0x69, 0x2C, 0xE1, 0x9F, 0x21, 0xE2,
    0xBF, 0x6D, 0xEE, 0x44, 0x9B, 0x74, 0xA2, 0x65, 0x1A, 0xA8, 0x02, 0xC3, 0x35, 0xA3, 0xB1, 0xB7,
    0x2A, 0x22, 0x5A, 0x22, 0xA3, 0xAD, 0xBE, 0x6A, 0xE5, 0x9F, 0x74, 0xCB, 0xEB, 0xD7, 0x7A, 0x69,
    0x07, 0xF2, 0xFC, 0x25, 0x5E, 0x2C, 0x16, 0xC4, 0xC6, 0xF6, 0x36, 0x43, 0x98, 0x99, 0x0E, 0x98,
    0x15, 0x7F, 0xB0, 0xC2, 0xFC, 0xDE, 0x09, 0x33, 0xE9, 0x02, 0xD3, 0x40, 0x19, 0x18, 0x06, 0x8A,
    0x80, 0x7C, 0xDB, 0x4C, 0xF2, 0xF7, 0xCD, 0x24, 0xFB, 0xA3, 0x99, 0x88, 0x7F, 0x9A, 0x49, 0xF2,
    0x99, 0x99, 0xF0, 0x9F, 0xC0, 0x2C, 0x30, 0x0E, 0x8C, 0x02, 0x85, 0xE1, 0x1A, 0x9B, 0x84, 0x03,
    0x12, 0xC8, 0x1A, 0x48, 0x03, 0x00, 0xAA, 0x23, 0xF5, 0x9E, 0xEC, 0xAC, 0x30, 0xB2, 0x11, 0xB6,
    0x20, 0x75, 0x43, 0xE8, 0x2A, 0xE8, 0x23, 0x35, 0xCC, 0x03, 0xD3, 0x2D, 0xE6, 0x9B, 0xBE, 0xE8,
    0x17, 0xFD, 0xE3, 0x75, 0xF1, 0xFA, 0xA8, 0x13, 0xF5, 0xE0, 0x26, 0x30, 0x05, 0xBA, 0xF5, 0xE2,
    0xD4, 0x04, 0xF4, 0xD5, 0xC5, 0x93, 0x16, 0x46, 0x1D, 0x4C, 0xA7, 0x24, 0x4E, 0x91, 0x9A, 0x1C,
    0xE0, 0xEA, 0xE2, 0x3D, 0x01, 0xE1, 0xDF, 0x27, 0xFD, 0x85, 0xD7, 0xCB, 0x06, 0x5C, 0x69, 0xBC,
    0xB4, 0x1F, 0x6D, 0xB8, 0xF2, 0x58, 0x00, 0x77, 0x10, 0x2C, 0x2B, 0xD4, 0x66, 0x48, 0x66, 0x7B,
    0x92, 0xFF, 0x3A, 0x18, 0x1B, 0x56, 0xEF, 0xB9, 0x45, 0xFC, 0xA3, 0x47, 0x36, 0x0F, 0x19, 0x52,
    0x34, 0x77, 0xC8, 0x34, 0x00, 0xF0, 0x1A, 0xAA, 0xAB, 0x83, 0x4E, 0x97, 0x9D, 0xA9, 0xA0, 0x9B,
    0xD9, 0x82, 0xDC, 0x05, 0x9F, 0xAE, 0xA2, 0x0A, 0x31, 0x4F, 0xFB, 0x1A, 0x37, 0xAF, 0xD3, 0x76,
    0x5A, 0x67, 0x66, 0x5A, 0x4B, 0x3D, 0x7D, 0x70, 0xC4, 0xB4, 0x2A, 0xE9, 0xAB, 0xC7, 0xF4, 0x23,
    0x47, 0x17, 0x57, 0x44, 0xD2, 0x08, 0x2B, 0xC3, 0x78, 0x46, 0xDE, 0x53, 0x9F, 0x74, 0x41, 0x14,
    0xD8, 0x9F, 0x3F, 0x99, 0x92, 0x99, 0xAF, 0x4A, 0xBD, 0x24, 0x5F, 0x56, 0xE3, 0xAA, 0x19, 0x23,
    0xFD, 0x82, 0xC4, 0x5B, 0xF6, 0xE7, 0xCF, 0x2B, 0x8A, 0xB7, 0x3F, 0x7F, 0x5E, 0x49, 0xBC, 0x7D,
    0xF9, 0xF3, 0x2A, 0x62, 0x3D, 0xC7, 0x6A, 0x62, 0xEF, 0xCF, 0x54, 0xCB, 0xD2, 0x8F, 0x5E, 0xB4,
    0xEB, 0xC2, 0x7F, 0x28, 0x35, 0x14, 0x27, 0x40, 0xBE, 0xD8, 0xD4, 0x93, 0xD1, 0x83, 0xE4, 0xB9,
    0xCC, 0x25, 0xF3, 0x73, 0x1F, 0xF0, 0xD4, 0x14, 0xA6, 0x46, 0xB4, 0x01, 0x5B, 0x07, 0xC5, 0x15,
    0xC2, 0x06, 0xDA, 0xD8, 0x17, 0x7C, 0x74, 0xF4, 0xAD, 0x81, 0x5D, 0x36, 0x43, 0x19, 0x7B, 0x03,
    0x8B, 0xCC, 0x92, 0x3A, 0x1C, 0xC2, 0xD2, 0x21, 0x5A, 0x26, 0x8C, 0xDA, 0x5B, 0x7D, 0x30, 0xE3,
    0x3E, 0x34, 0x17, 0x20, 0x3E, 0x76, 0x5B, 0x66, 0x7D, 0xAE, 0x55, 0x36, 0x98, 0x74, 0x11, 0x0C,
    0x45, 0x34, 0x79, 0xB3, 0x36, 0x3A, 0x98, 0x4F, 0xCE, 0x94, 0x16, 0x1F, 0xFB, 0xF3, 0xE8, 0xD7,
    0xC1, 0x4D, 0xA0, 0x5F, 0x87, 0x3E, 0x06, 0x24, 0x70, 0x1D, 0x00, 0x18, 0x5B, 0x32, 0xBF, 0x40,
    0xB6, 0x63, 0x06, 0xDB, 0xBF, 0x19, 0x06, 0x12, 0xEF, 0x8D, 0x0C, 0xA8, 0x26, 0x33, 0xC3, 0xD0,
    0xAE, 0x02, 0x43, 0x64, 0x68, 0x8F, 0x5B, 0xE9, 0x3F, 0x9B, 0x27, 0xFE, 0xE7, 0x73, 0xD0, 0xBB,
    0x19, 0x3B, 0xD7, 0x87, 0xD3, 0x56, 0x06, 0xC6, 0x0E, 0xBA, 0x1E, 0x61, 0x2B, 0x44, 0x33, 0x00,
    0x0E, 0xA3, 0x9D, 0xF4, 0x90, 0xF9, 0x1F, 0x20, 0xDE, 0xF1, 0x10, 0x1B, 0x70, 0x30, 0x6D, 0xE1,
    0x9E, 0xB0, 0xE6, 0xA0, 0xBA, 0x00, 0x28, 0x03, 0x33, 0x07, 0xEE, 0x3E, 0xD8, 0x7B, 0xE0, 0x1E,
    0xC3, 0xD8, 0x41, 0xD1, 0x1C, 0x24, 0x46, 0xDA, 0x67, 0x1D, 0xD2, 0x17, 0xE7, 0x0C, 0xF3, 0x27,
    0x05, 0xA5, 0x70, 0x59, 0x43, 0x6A, 0x85, 0xB9, 0x30, 0xD7, 0x7D, 0xD4, 0x88, 0x66, 0xF8, 0x96,
    0x85, 0xD3, 0xD4, 0xC2, 0x24, 0x75, 0xC1, 0x44, 0xE7, 0x07, 0x2F, 0x3E, 0x29, 0xF4, 0x68, 0x3E,
    0x3A, 0x27, 0xB7, 0x79, 0xB7, 0x1C, 0x8F, 0x58, 0x8E, 0xE7, 0x04, 0x45, 0xDE, 0x54, 0x24, 0xD4,
    0xB0, 0x64, 0xBA, 0x66, 0xD3, 0x8E, 0x7D, 0x8A, 0xCC, 0x04, 0x5F, 0x2D, 0xFC, 0x39, 0x8C, 0xCF,
    0xE0, 0x06, 0x30, 0x68, 0x20, 0x71, 0xC0, 0x63, 0x78, 0xE8, 0x40, 0xB5, 0x70, 0x0D, 0xA8, 0x00,
    0x05, 0x48, 0x0D, 0x99, 0xD9, 0xA9, 0x4E, 0x12, 0xEF, 0xC9, 0xBA, 0xCD, 0x0C, 0x97, 0xB8, 0x63,
    0xE8, 0xAA, 0xC0, 0xE6, 0x37, 0xC6, 0x0A, 0x88, 0x14, 0xA0, 0xA5, 0x4E, 0xC2, 0x6C, 0x76, 0xAB,
    0x0D, 0xD7, 0x68, 0x54, 0x7F, 0x79, 0x25, 0x92, 0xEA, 0xC3, 0x68, 0x4B, 0xBB, 0xD4, 0x60, 0x5A,
    0x6F, 0x57, 0x1D, 0x07, 0xD1, 0x4E, 0xFA, 0x11, 0x1B, 0x80, 0x83, 0xE9, 0x5E, 0x3A, 0x93, 0xBE,
    0x00, 0x00, 0xDE, 0xAF, 0x40, 0x7D, 0xB9, 0x4A, 0x39, 0x3E, 0x3E, 0x11, 0xD0, 0x20, 0x2C, 0x64,
    0x06, 0x64, 0x03, 0x05, 0xF0, 0xED, 0xC3, 0x68, 0xEF, 0xCE, 0x90, 0x93, 0xF5, 0x0C, 0x79, 0x18,
    0xED, 0xBC, 0x9D, 0xB3, 0x01, 0x38, 0x98, 0x2E, 0x40, 0xB2, 0x90, 0xA0, 0x16, 0x90, 0x3B, 0x18,
    0x4D, 0xE0, 0xFE, 0x3A, 0x69, 0x9F, 0xFC, 0xD5, 0xA4, 0xFE, 0xF3, 0x36, 0x3B, 0x3B, 0xB2, 0x52,
    0x0B, 0x57, 0x90, 0x74, 0xDB, 0x95, 0xDB, 0x9A, 0xE5, 0x39, 0x45, 0xE2, 0xA4, 0xDE, 0xAE, 0xD2,
    0xFA, 0xF5, 0x0A, 0xE2, 0x87, 0x97, 0xAE, 0x20, 0x4A, 0x65, 0x29, 0xFD, 0x82, 0x61, 0x3B, 0x66,
    0x88, 0xD4, 0x15, 0xB2, 0x29, 0xC9, 0xCD, 0xF3, 0xC2, 0x35, 0x76, 0xE7, 0x97, 0xAC, 0xD9, 0x7D,
    0x67, 0x36, 0x15, 0xA7, 0x5E, 0x3D, 0x7F, 0xEB, 0x71, 0x07, 0x76, 0xC7, 0x5D, 0x6C, 0x8D, 0x3B,
    0xD9, 0xBF, 0x32, 0x38, 0x98, 0xF6, 0x9E, 0x55, 0xC0, 0x01, 0xB4, 0xF7, 0x54, 0xFC, 0x07, 0xD0,
    0xDE, 0x53, 0xDD, 0x1F, 0xE8, 0x7E, 0x98, 0x0B, 0xE0, 0xD2, 0xFF, 0x9F, 0x61, 0x7B, 0xDB, 0xF5,
    0xFF, 0x0E, 0xAA, 0xAB, 0x83, 0x96, 0x0B, 0x9A, 0xAD, 0xD4, 0xB9, 0x2D, 0x28, 0x42, 0xFC, 0x3A,
    0xC4, 0x76, 0x5D, 0x25, 0x4C, 0x5F, 0xE5, 0xBA, 0xAF, 0x8E, 0x43, 0xFC, 0x53, 0xBA, 0xC2, 0x25,
    0x5F, 0x54, 0xEE, 0xCA, 0x7B, 0x6A, 0xD5, 0xF1, 0xEA, 0x65, 0x95, 0xFB, 0xF1, 0x45, 0xBE, 0xA9,
    0xC9, 0x9B, 0xE7, 0x25, 0x3E, 0xC3, 0xAB, 0xCA, 0x72, 0xD6, 0x48, 0xFF, 0x69, 0x93, 0x9C, 0xBF,
    0xD3, 0xEC, 0xE6, 0x1B, 0x0D, 0x05, 0xF0, 0xD2, 0x81, 0xB4, 0x47, 0x1A, 0xBC, 0x61, 0x37, 0xDF,
    0x1C, 0x46, 0x7B, 0x37, 0xDF, 0x70, 0x30, 0x5D, 0xD8, 0xFF, 0x6E, 0xD5, 0x30, 0xBD, 0x78, 0x4E,
    0x52, 0x9B, 0x37, 0xC2, 0x64, 0x61, 0x17, 0x6D, 0x68, 0x39, 0x09, 0xEE, 0x18, 0xFA, 0x0A, 0xEA,
    0x1A, 0xAA, 0x09, 0x1C, 0x3B, 0x90, 0x36, 0xD0, 0x42, 0x66, 0x2E, 0x56, 0x41, 0x0A, 0xA8, 0x40,
    0xCD, 0x03, 0x16, 0x4A, 0xF6, 0x50, 0x9C, 0x51, 0xCE, 0xCE, 0x63, 0x0E, 0xD2, 0x43, 0xA4, 0x29,
    0x11, 0x6D, 0xC0, 0xEE, 0xA1, 0x8D, 0x3E, 0xD1, 0xB7, 0xF4, 0xE7, 0x94, 0x45, 0xB7, 0x4F, 0x77,
    0xCF, 0xBB, 0x72, 0x75, 0x9F, 0xEF, 0x7F, 0xC5, 0x9A, 0x3F, 0x8C, 0xE4, 0x4A, 0x5E, 0xC7, 0x3F,
    0x76, 0x81, 0xAC, 0xBB, 0xE2, 0x6D, 0xBD, 0x80, 0x00, 0x69, 0xD9, 0x35, 0x01, 0xC1, 0x0B, 0x76,
    0xC6, 0x84, 0x17, 0xF4, 0x1F, 0x9F, 0x5E, 0x78, 0xC9, 0xE5, 0x42, 0x82, 0x5C, 0x48, 0x7B, 0xC1,
    0x06, 0x2B, 0xE1, 0xDD, 0x36, 0x20, 0x44, 0xC8, 0xE6, 0x11, 0x01, 0xB9, 0x36, 0xD8, 0xA0, 0xD1,
    0xF9, 0xBD, 0x2E, 0x81, 0x44, 0x8A, 0x4F, 0x84, 0x17, 0xE0, 0xA7, 0xDB, 0x80, 0x04, 0x5D, 0x1D,
    0xAF, 0x8E, 0xF3, 0xD3, 0x79, 0xA6, 0xA8, 0x9F, 0xDC, 0xAD, 0x52, 0xDF, 0xDB, 0x19, 0x66, 0x98,
    0xEE, 0xBD, 0x9A, 0xF9, 0x94, 0xE4, 0xAE, 0xDF, 0xBF, 0xAF, 0xCB, 0xDD, 0x76, 0x57, 0x35, 0x00,
    0x6C, 0x82, 0x9D, 0xBB, 0xDF, 0x6C, 0x6A, 0x04, 0x8A, 0x09, 0xD0, 0x1D, 0x60, 0x96, 0xD2, 0x3D,
    0x05, 0x9E, 0x1A, 0x60, 0x69, 0x6A, 0x58, 0xE8, 0x16, 0x9A, 0xC2, 0xC2, 0x56, 0x59, 0xF0, 0x6A,
    0x20, 0x73, 0xB9, 0x23, 0x77, 0x99, 0x43, 0x85, 0xE0, 0xA5, 0x1B, 0x89, 0x06, 0x1D, 0xA6, 0xE5,
    0x15, 0xD1, 0x69, 0x45, 0x09, 0x15, 0x15, 0x94, 0xAC, 0x40, 0xC2, 0x80, 0x0A, 0x57, 0x02, 0x47,
    0x6D, 0x33, 0x50, 0xC4, 0xD7, 0x4C, 0xBF, 0xE1, 0x91, 0xB8, 0xA3, 0x2D, 0x14, 0x82, 0xCD, 0x42,
    0xB0, 0x26, 0x52, 0xB5, 0x85, 0x5D, 0xC5, 0xE3, 0x65, 0x64, 0x85, 0x89, 0xC7, 0x9B, 0xDE, 0x84,
    0xAF, 0xA7, 0x2C, 0xFC, 0xD5, 0x04, 0x00, 0x6F, 0xF3, 0x1E, 0x5E, 0x2A, 0x0B, 0xAB, 0xB2, 0x85,
    0x32, 0x00, 0xC5, 0xF8, 0x5B, 0x13, 0x5A, 0xB4, 0x06, 0x65, 0x2F, 0xC8, 0x7D, 0x07, 0xC1, 0x43,
    0xD5, 0x9F, 0x4E, 0xF0, 0x47, 0x14, 0xF2, 0x08, 0xE0, 0x05, 0x90, 0x0D, 0x40, 0xFE, 0x55, 0x0D,
    0x59, 0xB0, 0xC0, 0xAE, 0x26, 0xC9, 0xA8, 0xEF, 0x2E, 0xE3, 0x2F, 0xFF, 0xD3, 0x84, 0x9F, 0x45,
    0x19, 0x75, 0x07, 0x38, 0x28, 0x5A, 0x30, 0xEC, 0xB9, 0x82, 0x7C, 0x84, 0x1F, 0x02, 0x23, 0x64,
    0x0E, 0x54, 0x2F, 0x26, 0x91, 0xC3, 0xA9, 0x7B, 0x8F, 0x0A, 0xD7, 0x98, 0xE1, 0x79, 0x5D, 0xA1,
    0x63, 0x4C, 0xD5, 0x37, 0x40, 0x07, 0x6C, 0x81, 0xF1, 0x03, 0x6C, 0xF7, 0xE3, 0x0D, 0x20, 0xF6,
    0x15, 0x85, 0x35, 0x43, 0xD5, 0x4A, 0x1C, 0x89, 0x07, 0xED, 0x3E, 0xD7, 0x40, 0x1C, 0x9A, 0x85,
    0x7F, 0x37, 0x4D, 0x95, 0x0A, 0xA2, 0xF1, 0x39, 0x15, 0xBA, 0x5D, 0x92, 0xD1, 0x80, 0x40, 0x97,
    0xE2, 0x0A, 0xC8, 0x98, 0xC4, 0x8E, 0xB6, 0xB5, 0xF8, 0x88, 0x2F, 0x65, 0x0F, 0x6B, 0x07, 0x5D,
    0x47, 0xE6, 0x2E, 0x51, 0xD6, 0x00, 0x67, 0xD4, 0x52, 0xD9, 0x39, 0xAF, 0xF7, 0x71, 0x74, 0x41,
    0x51, 0x3F, 0x01, 0x4E, 0xA4, 0xC5, 0xD8, 0x04, 0x9C, 0x57, 0x47, 0xD9, 0x26, 0xE0, 0x74, 0x1A,
    0x00, 0x65, 0xB5, 0xCC, 0x05, 0x74, 0xDD, 0x3C, 0x37, 0x65, 0x7F, 0x5E, 0x2D, 0x40, 0xD1, 0x7E,
    0x22, 0xF3, 0x01, 0xDE, 0xCF, 0x75, 0x54, 0xF6, 0xA4, 0x9A, 0x9E, 0xF0, 0x02, 0x53, 0x3B, 0xD4,
    0xBF, 0xF7, 0x64, 0xA1, 0x85, 0x5D, 0x0A, 0xBF, 0x0E, 0x6F, 0x22, 0x13, 0x4B, 0x76, 0x2C, 0x28,
    0xEB, 0x05, 0xDA, 0x2E, 0x50, 0x7D, 0x64, 0xD8, 0xE3, 0x16, 0xE4, 0x09, 0x39, 0x4E, 0x63, 0xBD,
    0xD8, 0x8B, 0x9F, 0xF8, 0x4B, 0x1C, 0x89, 0x07, 0xFA, 0x6F, 0x9C, 0x74, 0x83, 0x74, 0xBD, 0x74,
    0x16, 0xF4, 0xDF, 0x59, 0xE9, 0xDA, 0xEC, 0x5A, 0xB7, 0xE8, 0xF0, 0xD3, 0x96, 0xF2, 0xCD, 0x8F,
    0x5B, 0x56, 0x98, 0x96, 0x06, 0xBD, 0xEF, 0xBA, 0x0F, 0x74, 0x69, 0x54, 0x8C, 0xC5, 0x6D, 0x1F,
    0x40, 0x42, 0xA1, 0xC2, 0x37, 0x91, 0x60, 0x55, 0xAF, 0x9D, 0xEA, 0x33, 0xAF, 0x7A, 0xBA, 0xC8,
    0x32, 0xB2, 0xDA, 0xB3, 0xDE, 0x84, 0xA1, 0x12, 0x54, 0x8F, 0xB0, 0x4E, 0x63, 0x62, 0x47, 0x37,
    0xFB, 0x69, 0x27, 0x71, 0x24, 0x1E, 0xE4, 0x83, 0x4C, 0xB5, 0x00, 0xB9, 0x8B, 0x0C, 0x02, 0xBB,
    0xBF, 0x1E, 0x54, 0xF8, 0x9F, 0xC1, 0x0C, 0x97, 0x43, 0x59, 0xAB, 0x61, 0x15, 0x5F, 0x5B, 0xDE,
    0x80, 0x8C, 0x89, 0x8D, 0xD8, 0x8A, 0x8F, 0xF8, 0x02, 0xA8, 0x30, 0x09, 0xC7, 0x17, 0x6E, 0xCC,
    0x2B, 0x34, 0xC0, 0x0D, 0xDC, 0x60, 0x73, 0xB3, 0x1D, 0x40, 0x16, 0x82, 0xC0, 0x51, 0xAB, 0xBC,
    0xBC, 0x46, 0xE1, 0x4B, 0x6B, 0x5A, 0x35, 0x94, 0xF3, 0xF5, 0xEE, 0x97, 0x91, 0x75, 0x08, 0xA3,
    0xB0, 0x04, 0x84, 0x12, 0x6A, 0x53, 0x67, 0x43, 0xF1, 0xFE, 0x71, 0x1F, 0x7D, 0x6A, 0xAA, 0x11,
    0x00, 0xCD, 0x13, 0x0A, 0x2B, 0xD7, 0xC0, 0x48, 0x16, 0x1C, 0x6C, 0xDA, 0xB3, 0x6B, 0xC9, 0xAD,
    0x8E, 0x95, 0x18, 0x18, 0x5F, 0xC3, 0x66, 0x82, 0x72, 0x38, 0x9D, 0xA6, 0xAA, 0x4E, 0x9C, 0x7B,
    0x5E, 0x4C, 0xCF, 0x9E, 0x93, 0xCE, 0xCB, 0x59, 0x6A, 0x45, 0xD7, 0xB0, 0x00, 0x1C, 0xE0, 0x5B,
    0x08, 0x03, 0x54, 0xED, 0x4D, 0xB5, 0xAE, 0x8E, 0x6B, 0xE5, 0xE2, 0xDB, 0xB5, 0x46, 0xDF, 0x2B,
    0xE0, 0x47, 0x90, 0x5B, 0x28, 0x6A, 0xD0, 0x7F, 0x0B, 0x45, 0x80, 0xEC, 0x0A, 0x40, 0xEE, 0x4A,
    0xA8, 0xBE, 0x21, 0xFB, 0x85, 0x83, 0x5D, 0x0F, 0xEB, 0x8F, 0x71, 0x6D, 0x15, 0x64, 0xAE, 0x84,
    0xAE, 0x81, 0xB5, 0x07, 0x73, 0xC2, 0x6B, 0xCB, 0x0C, 0x12, 0x03, 0x9A, 0x57, 0xE0, 0xA2, 0x77,
    0x5F, 0xD4, 0x29, 0xF6, 0x88, 0xD8, 0xED, 0x63, 0xC7, 0x51, 0x86, 0x4B, 0x60, 0xB9, 0xA7, 0x39,
    0x90, 0x05, 0x27, 0x48, 0x84, 0xE5, 0x9E, 0x55, 0xA4, 0x22, 0x73, 0xE2, 0xA7, 0xDF, 0x3F, 0x75,
    0x79, 0x98, 0x1C, 0x9B, 0xDE, 0x61, 0x8E, 0x9F, 0x2A, 0x72, 0xAB, 0x39, 0xB4, 0x87, 0x7F, 0x7E,
    0xE5, 0x11, 0xD5, 0x67, 0x14, 0xD6, 0xBC, 0xA9, 0x6A, 0x1D, 0xAE, 0x61, 0x37, 0xB0, 0x3F, 0x87,
    0x75, 0xAC, 0x06, 0xC6, 0x55, 0x7A, 0x7F, 0x9E, 0x53, 0xE7, 0x7C, 0xB7, 0x96, 0x2A, 0xC1, 0xBF,
    0x82, 0x5D, 0xCA, 0x79, 0x56, 0xAD, 0xBA, 0x4F, 0xC0, 0x79, 0x35, 0x1E, 0x3F, 0x55, 0x9D, 0x5F,
    0xDB, 0x99, 0xE6, 0x09, 0x20, 0x69, 0xA9, 0x23, 0x40, 0x09, 0x5C, 0x00, 0x99, 0x94, 0xD3, 0x83,
    0x8A, 0x14, 0x16, 0xF4, 0x6C, 0x77, 0x76, 0xAD, 0xEB, 0x16, 0x42, 0x4F, 0xFE, 0xDF, 0x2E, 0x8E,
    0x74, 0x68, 0x9E, 0x71, 0x68, 0x9D, 0xBC, 0xC2, 0xED, 0xEC, 0x42, 0x10, 0xE6, 0xE3, 0x3B, 0xA0,
    0x26, 0xD0, 0xD7, 0x50, 0xFE, 0x59, 0xCD, 0xB2, 0xB0, 0xBC, 0xC8, 0x7A, 0x00, 0x70, 0x37, 0xB1,
    0x6B, 0xF9, 0x3A, 0x78, 0x7E, 0xFD, 0xFD, 0x89, 0x91, 0x25, 0x9E, 0x15, 0x8E, 0xEA, 0xAE, 0x68,
    0x4B, 0x43, 0xEA, 0x76, 0x41, 0xEA, 0x95, 0xEE, 0x78, 0x60, 0xDF, 0x85, 0x30, 0xCD, 0x9D, 0x1C,
    0xDE, 0xAF, 0x53, 0x76, 0x9E, 0xBB, 0x75, 0x18, 0x84, 0xF9, 0x58, 0xF8, 0xE7, 0x6B, 0xD4, 0xBF,
    0x85, 0x5E, 0xFD, 0x57, 0xE1, 0xD4, 0x80, 0x57, 0x3D, 0xA3, 0xB2, 0x74, 0x77, 0x25, 0xF7, 0x60,
    0xAE, 0x7F, 0x8F, 0xEF, 0x96, 0x57, 0x20, 0x07, 0xA9, 0x71, 0x38, 0xF9, 0x54, 0x40, 0xF9, 0x00,
    0xAA, 0x14, 0x6B, 0xCE, 0xF7, 0x87, 0x7C, 0xE7, 0x03, 0xF9, 0x42, 0x98, 0xA1, 0xBA, 0x5F, 0x6C,
    0x39, 0xDF, 0x02, 0x40, 0x11, 0x26, 0xE1, 0xEC, 0x3A, 0x48, 0xB9, 0x4E, 0xAE, 0x41, 0x73, 0x41,
    0xD1, 0x2E, 0x50, 0x5F, 0xA5, 0x07, 0xBF, 0x73, 0x6B, 0x31, 0x3C, 0x43, 0xB7, 0x92, 0xD3, 0xA7,
    0x9C, 0x27, 0xD2, 0x74, 0x9E, 0x9A, 0x75, 0x0D, 0xDF, 0x03, 0x9C, 0xD0, 0x42, 0x98, 0x9F, 0x62,
    0xD6, 0xB0, 0xE7, 0xC4, 0xF3, 0xA2, 0x81, 0x97, 0x80, 0x83, 0xEC, 0x90, 0x6F, 0x13, 0xF3, 0xD5,
    0xEC, 0x39, 0xFB, 0x35, 0xF7, 0x50, 0x0D, 0x0D, 0xFA, 0x5E, 0xC0, 0x31, 0x0D, 0xA6, 0x5D, 0x51,
    0xD6, 0xD5, 0x9B, 0x0D, 0x3A, 0x4C, 0x64, 0xBB, 0x37, 0x6C, 0x28, 0xED, 0x01, 0x52, 0x63, 0x89,
    0xA9, 0x1F, 0x02, 0x09, 0x60, 0xB3, 0x5F, 0xB6, 0x9C, 0xBF, 0xB6, 0x6F, 0x06, 0xBC, 0x57, 0xFD,
    0xE2, 0xB0, 0xB4, 0x82, 0x09, 0x21, 0xFE, 0x43, 0x05, 0xE5, 0x1D, 0xFE, 0xAB, 0x2D, 0x55, 0xC3,
    0x6A, 0xFD, 0xFD, 0xC9, 0x04, 0x9F, 0x87, 0x96, 0xEC, 0x0A, 0x54, 0x00, 0xF3, 0xF7, 0x2D, 0x97,
    0x6A, 0xE0, 0x7B, 0xB8, 0xF4, 0x30, 0x3C, 0x0A, 0x80, 0xB0, 0xFD, 0x7F, 0x32, 0x02, 0x1E, 0x0A,
    0xC7, 0x3A, 0xF4, 0xAC, 0xAF, 0xA1, 0x23, 0xF7, 0x1D, 0x45, 0xDF, 0x51, 0xB6, 0x1D, 0x6B, 0x3A,
    0x26, 0xBA, 0xDC, 0xD3, 0x15, 0x3D, 0x5D, 0xD9, 0xD2, 0xAD, 0xA1, 0x0B, 0xF0, 0x65, 0xA8, 0xD9,
    0xFD, 0x87, 0x65, 0xF7, 0xF9, 0xC0, 0x97, 0x32, 0x2E, 0x76, 0xBC, 0x8E, 0x54, 0x11, 0x13, 0x7D,
    0x75, 0x8C, 0xA1, 0x5C, 0x47, 0x36, 0x1E, 0x3D, 0x04, 0x94, 0xF5, 0x61, 0xFE, 0xE1, 0x02, 0x58,
    0x80, 0xE7, 0x26, 0xCA, 0xD6, 0xF3, 0x1A, 0x1F, 0x43, 0xF8, 0x62, 0xC0, 0xC7, 0xFC, 0xFE, 0x35,
    0xFC, 0x72, 0x82, 0x70, 0x1D, 0x89, 0x37, 0xD3, 0xC9, 0x58, 0xBC, 0x72, 0xD1, 0xC6, 0xE3, 0xE9,
    0x22, 0xEB, 0x88, 0x69, 0x3D, 0x45, 0xCF, 0xA1, 0xAD, 0x81, 0xD7, 0x69, 0xDD, 0x84, 0x77, 0x80,
    0x63, 0x6F, 0xB7, 0xC2, 0x33, 0xCE, 0x31, 0x24, 0xD6, 0x1A, 0xFC, 0x04, 0xBF, 0x92, 0xF8, 0x3F,
    0xAF, 0x09, 0xC6, 0x32, 0xC9, 0x98, 0xD4, 0xC0, 0x17, 0x47, 0xF1, 0x33, 0x40, 0xB7, 0x60, 0x80,
    0xCB, 0x59, 0x0A, 0x7F, 0x02, 0x00, 0x74, 0x27, 0x64, 0x17, 0x42, 0x2B, 0x40, 0x0D, 0xB9, 0x03,
    0xD5, 0xA7, 0xC4, 0xDF, 0x91, 0xF1, 0x19, 0xCA, 0x53, 0x90, 0xDE, 0xD7, 0xE7, 0xD1, 0x90, 0xE6,
    0x84, 0x15, 0xF0, 0x0A, 0x68, 0x80, 0x2D, 0xF0, 0xF6, 0x7C, 0x5A, 0x52, 0xDE, 0x3D, 0x4B, 0x60,
    0xB1, 0xCF, 0xFD, 0x0E, 0x28, 0xDB, 0x48, 0x4D, 0x57, 0x32, 0xF3, 0x34, 0x72, 0x71, 0x2A, 0xCD,
    0xC5, 0xB0, 0x0B, 0x45, 0x1F, 0xB1, 0x94, 0x82, 0x6E, 0x23, 0xF5, 0xC7, 0x9B, 0xA3, 0x29, 0x71,
    0x87, 0x7A, 0xEF, 0x37, 0x07, 0xF9, 0x98, 0xB8, 0xBD, 0x56, 0x6D, 0xE1, 0x76, 0xFE, 0x00, 0xFD,
    0xAF, 0x13, 0x3A, 0xBC, 0x67, 0xF3, 0x0D, 0x04, 0x0B, 0x3F, 0xB8, 0xC9, 0x36, 0x84, 0x51, 0xB8,
    0x5B, 0xAD, 0x59, 0xE4, 0x79, 0x4D, 0x75, 0x8D, 0x96, 0x25, 0xCF, 0x9F, 0xC3, 0x1F, 0xFF, 0x1F,
    0xB5, 0x7E, 0xF0, 0xBD, 0xF6, 0x09, 0x00, 0xEC, 0x50, 0x76, 0x57, 0x47, 0xEC, 0xCC, 0x8F, 0x07,
    0x65, 0xFF, 0xC9, 0x29, 0xBB, 0xF5, 0x91, 0x2E, 0xB2, 0x88, 0xAC, 0x22, 0x65, 0xC4, 0x7C, 0x6E,
    0xB7, 0x71, 0x09, 0x74, 0x5B, 0xFC, 0x8B, 0xDD, 0xAA, 0x9F, 0xD9, 0x6D, 0xF6, 0xB5, 0xDD, 0xF2,
    0xAB, 0xC8, 0x2E, 0xB2, 0x89, 0xAC, 0x23, 0xA5, 0xBD, 0xE9, 0xBD, 0x0D, 0xB0, 0xA8, 0x06, 0x16,
    0xE1, 0x8A, 0x55, 0xBF, 0x61, 0x35, 0xDF, 0x87, 0xDA, 0x05, 0xDA, 0xDE, 0x95, 0xF3, 0xD4, 0x7B,
    0xFB, 0xFB, 0xE9, 0xA1, 0x35, 0x73, 0x68, 0x55, 0x9D, 0x3E, 0x2B, 0x0E, 0xF1, 0x5F, 0x00, 0x80,
    0xE6, 0x19, 0x85, 0xED, 0xC8, 0x7F, 0xE1, 0x0E, 0x8F, 0x59, 0xC0, 0x39, 0xE7, 0x68, 0xBF, 0x40,
    0x65, 0x3F, 0xB4, 0x40, 0xF5, 0x70, 0xCD, 0x87, 0xAD, 0x04, 0x0F, 0xB8, 0x3D, 0x03, 0x0F, 0xFF,
    0x2E, 0x75, 0x9E, 0x73, 0xA1, 0x12, 0x14, 0xB6, 0x08, 0xA1, 0x2D, 0xC2, 0xF5, 0xC3, 0xE7, 0xFD,
    0x98, 0x56, 0x85, 0x30, 0x6F, 0x67, 0xDC, 0xB2, 0xA0, 0x9D, 0x87, 0x40, 0xF1, 0xFE, 0xB0, 0x40,
    0x97, 0xBB, 0x15, 0xF8, 0x25, 0x8C, 0x42, 0x03, 0x53, 0xA4, 0x4B, 0x30, 0x1D, 0xC6, 0xC4, 0x4E,
    0xEC, 0xC5, 0x4F, 0xFC, 0x25, 0x8E, 0xC4, 0xBB, 0x2D, 0x57, 0x76, 0xC8, 0x55, 0x4B, 0xAE, 0x6C,
    0xCE, 0x95, 0xF2, 0x09, 0x7E, 0x15, 0x91, 0x31, 0xB1, 0x11, 0xDB, 0x2C, 0xC5, 0xBD, 0x79, 0x21,
    0xFB, 0x8C, 0x5A, 0xD4, 0xCD, 0x39, 0x1F, 0xAE, 0xE9, 0x77, 0x33, 0x30, 0x9F, 0xCF, 0xF7, 0xB4,
    0xA5, 0x81, 0x97, 0x17, 0xF0, 0xA3, 0xCF, 0xCE, 0xA6, 0xE7, 0x28, 0xDF, 0x42, 0xF2, 0x3D, 0x83,
    0x3F, 0xFF, 0xEC, 0x34, 0x5A, 0x36, 0xE1, 0x4A, 0x85, 0x70, 0x65, 0x06, 0x4F, 0x85, 0x67, 0x19,
    0x69, 0x22, 0x5D, 0x64, 0x1B, 0x19, 0x05, 0xC2, 0x34, 0xE3, 0x11, 0xB6, 0xFB, 0xF1, 0x66, 0x6F,
    0x5F, 0x45, 0xC4, 0x5F, 0xE2, 0x48, 0xBC, 0x7C, 0x2C, 0x46, 0x4C, 0x28, 0xAF, 0xA9, 0xF4, 0xAB,
    0x92, 0x85, 0xF2, 0x45, 0xBB, 0xC8, 0x9D, 0xB2, 0x4D, 0x16, 0xBB, 0x97, 0xD2, 0x6D, 0x63, 0xFE,
    0xB9, 0x8B, 0x87, 0x10, 0x07, 0x20, 0x9A, 0x30, 0x1B, 0x57, 0xFA, 0x8B, 0xB2, 0x36, 0xA1, 0xBA,
    0x26, 0x86, 0xF2, 0x40, 0x7D, 0xBC, 0x25, 0xBD, 0xBF, 0x4F, 0xA4, 0xEF, 0x04, 0x81, 0x86, 0xD2,
    0x36, 0xA8, 0x3E, 0x32, 0x44, 0xDC, 0x9E, 0x21, 0xD2, 0xCB, 0x98, 0xD8, 0x6C, 0x82, 0xA7, 0x89,
    0xFE, 0x8D, 0x1A, 0x62, 0x46, 0xA9, 0x7F, 0x8A, 0x2C, 0x23, 0x55, 0xC4, 0xB4, 0x0D, 0xDA, 0x8A,
    0x0F, 0x7C, 0x0A, 0x2C, 0x81, 0x0E, 0x70, 0x90, 0xF7, 0x90, 0xB5, 0x00, 0x84, 0xE9, 0xB1, 0x0F,
    0xD3, 0xCE, 0xF3, 0xAA, 0x87, 0xD7, 0xE9, 0x59, 0xEE, 0x76, 0xD2, 0xF7, 0xBE, 0xB3, 0xD4, 0x9B,
    0xEE, 0x1B, 0x11, 0x60, 0x95, 0xEE, 0x4D, 0xBC, 0x7C, 0x78, 0xCD, 0x1C, 0xDA, 0x15, 0x30, 0x01,
    0x23, 0xE0, 0x20, 0x13, 0x7A, 0x8E, 0x37, 0x31, 0x7E, 0xE9, 0xF7, 0x8B, 0x8D, 0xC9, 0xED, 0x6C,
    0x9A, 0x07, 0xD5, 0x32, 0x9A, 0x9A, 0xD5, 0x0A, 0xCA, 0x09, 0xB4, 0x03, 0x00, 0x4E, 0xA1, 0xF9,
    0x53, 0x60, 0xBB, 0x9F, 0xFF, 0x01, 0x94, 0x8D, 0x00, 0x00, 0xCF, 0xBF, 0xA1, 0x88, 0x36, 0xE6,
    0xFD, 0x63, 0x57, 0x91, 0xF9, 0x15, 0xD4, 0x11, 0x84, 0x0A, 0x28, 0x7B, 0xE2, 0xF8, 0x3F, 0xC2,
    0x2E, 0xD4, 0x64, 0x3B, 0x71, 0xF6, 0xC0, 0x08, 0x4C, 0x40, 0xF7, 0x19, 0x8C, 0xAF, 0xC9, 0x7D,
    0xD5, 0x3F, 0x1E, 0x74, 0x08, 0xAD, 0x3C, 0xF8, 0xCD, 0xF9, 0xC6, 0xE3, 0xEB, 0x3C, 0x3F, 0xE4,
    0x1B, 0x51, 0xD1, 0x4E, 0x0F, 0x8F, 0x07, 0x53, 0x63, 0x0D, 0x60, 0x6A, 0xD0, 0xEF, 0x21, 0x0F,
    0xD1, 0xF7, 0x71, 0xB0, 0x50, 0x38, 0x40, 0x70, 0x97, 0x31, 0x48, 0x19, 0x6D, 0x8B, 0xE8, 0x23,
    0xB5, 0x62, 0x64, 0x3E, 0xFC, 0xF1, 0x06, 0x09, 0x67, 0xD4, 0x72, 0x73, 0xBE, 0x87, 0x6B, 0xB9,
    0x7F, 0xBD, 0xEE, 0x43, 0xF5, 0xAE, 0xFB, 0xC7, 0x4E, 0xC7, 0x38, 0xEC, 0x62, 0x4C, 0x05, 0x14,
    0x3F, 0x04, 0x3A, 0x60, 0x01, 0x97, 0x1D, 0xE8, 0xE1, 0x21, 0xB5, 0x5A, 0x9E, 0xFF, 0x66, 0xDC,
    0x67, 0x29, 0x2E, 0x90, 0xA7, 0x9F, 0x5D, 0xA4, 0x0D, 0xB8, 0x33, 0xCE, 0x49, 0xCA, 0x59, 0x1D,
    0xE5, 0x3C, 0xD5, 0xBC, 0x6C, 0xE6, 0x0F, 0xB7, 0xD8, 0x91, 0x3B, 0x20, 0x3B, 0x5B, 0x97, 0x9A,
    0x72, 0x1C, 0xBA, 0x5E, 0x3A, 0x0B, 0x14, 0xD2, 0xE9, 0x1A, 0x58, 0x7E, 0x9B, 0x58, 0x9E, 0x17,
    0x58, 0x01, 0xCB, 0xDB, 0x49, 0x67, 0xBB, 0x05, 0x1D, 0x86, 0xF9, 0x44, 0x1F, 0xDA, 0x17, 0xE9,
    0x93, 0x10, 0x0F, 0x38, 0xC8, 0x0E, 0xC3, 0x6F, 0x73, 0x0B, 0x8D, 0xB6, 0x50, 0x95, 0x80, 0xB9,
    0x02, 0xD4, 0x48, 0x6A, 0x1F, 0xF3, 0x64, 0xE9, 0x3E, 0x62, 0x05, 0x96, 0xBA, 0x8D, 0xD4, 0x91,
    0x93, 0x9D, 0x90, 0xBB, 0x0A, 0x91, 0xD1, 0xB4, 0xE5, 0x72, 0x6F, 0x21, 0xF7, 0x9C, 0xCD, 0x15,
    0x98, 0x10, 0x5A, 0xE1, 0x5B, 0x7E, 0x97, 0x40, 0x19, 0x3C, 0x45, 0xF0, 0xB7, 0x6D, 0xB7, 0xA4,
    0x7D, 0xAC, 0xFB, 0xD3, 0x08, 0x68, 0xBB, 0xC2, 0xB4, 0x55, 0xBB, 0xC1, 0x84, 0x2B, 0xB2, 0x30,
    0xA0, 0xF6, 0xDB, 0x2D, 0x9F, 0x7C, 0x20, 0x5F, 0xB4, 0x6F, 0xEF, 0xCA, 0x12, 0xD3, 0xCE, 0xB1,
    0x77, 0x51, 0xE3, 0x4F, 0xDB, 0xEC, 0xFA, 0x07, 0x2D, 0x69, 0x0B, 0xE4, 0xEC, 0x3A, 0xE6, 0x5C,
    0xA3, 0x70, 0x52, 0x0D, 0x37, 0x6C, 0xB7, 0x9C, 0x55, 0x4B, 0xDA, 0x6E, 0x69, 0x50, 0x3F, 0xF1,
    0xE4, 0x29, 0xE7, 0x69, 0x34, 0x55, 0x35, 0x7C, 0xD5, 0x93, 0xD9, 0xB7, 0xE4, 0x91, 0x2C, 0xC2,
    0x30, 0x7C, 0x14, 0x5D, 0x6C, 0xF6, 0xFB, 0xBD, 0xBD, 0x23, 0x97, 0xFC, 0x3F, 0x39, 0x2C, 0x19,
    0xD4, 0xA7, 0xD1, 0xF6, 0xFB, 0xBF, 0x03, 0x4B, 0x03, 0xCD, 0x25, 0xF8, 0x05, 0xD9, 0xF0, 0x8E,
    0xCC, 0xFE, 0xC3, 0xD9, 0x34, 0xCD, 0xF9, 0x4A, 0x68, 0x96, 0xE0, 0x1A, 0xB2, 0xDE, 0x91, 0xB5,
    0x6F, 0x4E, 0xA2, 0xE5, 0x44, 0xF5, 0xD6, 0x73, 0xBD, 0xD3, 0x7C, 0xED, 0xE6, 0x2D, 0x7C, 0x02,
    0x2C, 0x84, 0x3F, 0x82, 0xB5, 0x07, 0x3D, 0x3C, 0xB8, 0x56, 0xB8, 0x00, 0xDE, 0xA5, 0xDF, 0x11,
    0x64, 0xBF, 0xB6, 0xB0, 0xA9, 0x8F, 0x1F, 0xBB, 0xAA, 0xA3, 0xC7, 0x2E, 0x07, 0x17, 0x1E, 0x96,
    0xC2, 0x3B, 0x58, 0x6C, 0x05, 0xDD, 0x2F, 0x5E, 0x1A, 0x61, 0x58, 0x34, 0x4F, 0x5D, 0xD3, 0x5C,
    0xB8, 0x66, 0xF1, 0xEC, 0xDD, 0xCB, 0xC5, 0xE2, 0x45, 0xE4, 0xE5, 0x76, 0xF1, 0x72, 0xF1, 0x4E,
    0xFE, 0x96, 0x6F, 0x2F, 0xDE, 0x5D, 0xB8, 0x0B, 0x77, 0xE9, 0x9E, 0xBA, 0x6A, 0x30, 0xAE, 0xEC,
    0x67, 0x50, 0xE3, 0xE1, 0xF6, 0x56, 0x55, 0xEC, 0x6F, 0x79, 0x72, 0xF3, 0x4B, 0x6D, 0x91, 0xBB,
    0xA2, 0x5D, 0x28, 0xAF, 0xEB, 0xA5, 0x1A, 0x75, 0x7D, 0xA1, 0xB6, 0x86, 0xA7, 0x45, 0x13, 0x3B,
    0xFD, 0xCC, 0x60, 0xF4, 0x93, 0x47, 0x18, 0xF3, 0xE4, 0x29, 0xE6, 0xD1, 0xA3, 0x27, 0x98, 0x27,
    0xE6, 0x02, 0xFD, 0xA7, 0xFA, 0x19, 0xC5, 0x5F, 0xE8, 0x05, 0x45, 0x53, 0x34, 0xA8, 0xAD, 0xDA,
    0xA2, 0xBC, 0x1A, 0xA5, 0xF3, 0xDC, 0x21, 0xE5, 0x0A, 0x39, 0x5D, 0x50, 0x61, 0x5A, 0x56, 0x68,
    0x4B, 0x87, 0x1A, 0x18, 0xE7, 0x1F, 0x7C, 0x33, 0xAA, 0x7E, 0xEF, 0xB6, 0x32, 0x35, 0x94, 0xCF,
    0x01, 0x7D, 0xB8, 0x43, 0xDF, 0xEB, 0x6E, 0x7C, 0xDB, 0xE9, 0x6E, 0xA0, 0x4B, 0xDF, 0xB8, 0xF3,
    0x41, 0xB7, 0xCA, 0x16, 0xF1, 0x4F, 0xF5, 0xF1, 0xC8, 0x19, 0x70, 0x97, 0x30, 0x2E, 0xA1, 0x69,
    0x60, 0xB9, 0x85, 0x4B, 0x27, 0xF1, 0x22, 0x3D, 0x14, 0x36, 0xAD, 0x86, 0x56, 0xC0, 0x12, 0xAA,
    0x29, 0x32, 0x00, 0x5F, 0x1A, 0x0B, 0xA9, 0x03, 0x7E, 0x2B, 0xD2, 0xF9, 0x14, 0xE8, 0x00, 0x4F,
    0xFA, 0x72, 0x54, 0x03, 0x70, 0xF8, 0x85, 0x18, 0x64, 0x1E, 0x49, 0x8F, 0xDE, 0xEF, 0x80, 0xAD,
    0x80, 0x29, 0xBD, 0x6C, 0x2C, 0x07, 0x79, 0x4C, 0x73, 0xFE, 0xA2, 0x17, 0x05, 0x50, 0x01, 0xAF,
    0xE6, 0xC5, 0xF9, 0x49, 0xB8, 0x65, 0xA1, 0x58, 0xF2, 0xB5, 0x02, 0x94, 0x91, 0x75, 0x0A, 0xA6,
    0xFB, 0x94, 0x76, 0x04, 0x25, 0x2F, 0xD9, 0xA3, 0xD8, 0x56, 0xB8, 0xE1, 0xD7, 0x89, 0xE7, 0xD1,
    0x71, 0xC3, 0x06, 0xF5, 0x83, 0x35, 0xA4, 0x87, 0xFB, 0xA3, 0x5F, 0xF4, 0x9D, 0x53, 0x4B, 0x5A,
    0x8C, 0x6E, 0x8E, 0x17, 0xA3, 0x4F, 0xA4, 0xE9, 0x7F, 0x01, 0xB5, 0x93, 0x81, 0x86, 0x2C, 0xC7,
    0x17, 0x87, 0xBF, 0xEE, 0xFE, 0xFB, 0x77, 0xA4, 0x49, 0x05, 0x41, 0x58, 0xD9, 0x0E, 0x2E, 0x82,
    0xBB, 0x53, 0x00, 0xC1, 0x74, 0x6F, 0x09, 0x40, 0x1E, 0x66, 0x01, 0x06, 0xBD, 0x99, 0xCA, 0x1B,
    0xDC, 0x87, 0xC8, 0x23, 0x5C, 0x2C, 0x7A, 0x6D, 0x3D, 0x42, 0x03, 0x10, 0x68, 0xEC, 0x03, 0x14,
    0x29, 0xF4, 0xD2, 0x3B, 0x95, 0x73, 0xCC, 0xEC, 0x8C, 0x9B, 0x84, 0x2B, 0x48, 0xF1, 0x7D, 0xA3,
    0xBA, 0x4E, 0xFF, 0xCE, 0xB4, 0xA3, 0x80, 0xED, 0x27, 0xD8, 0xBC, 0x96, 0x39, 0xA7, 0xFA, 0xB9,
    0xF5, 0xC6, 0x57, 0x53, 0x4B, 0x19, 0x7B, 0x48, 0xDD, 0x91, 0x65, 0x80, 0x55, 0x18, 0x2F, 0xB0,
    0xEA, 0x73, 0x45, 0xEB, 0xB4, 0x5E, 0xDE, 0x9B, 0xE5, 0xFD, 0x20, 0x39, 0x60, 0x13, 0xC0, 0x3B,
    0x61, 0x38, 0xB1, 0xC3, 0xE6, 0xA5, 0x78, 0xEB, 0xE1, 0xB4, 0x47, 0xA1, 0x3D, 0xE2, 0x5B, 0x8F,
    0x13, 0xA9, 0x17, 0xF4, 0xCC, 0xB8, 0x63, 0x5E, 0x71, 0xC9, 0xDB, 0x5C, 0xE0, 0x66, 0xA4, 0x7E,
    0x15, 0x56, 0x21, 0xFC, 0x5B, 0x06, 0x85, 0x26, 0xF4, 0x18, 0x6F, 0xFD, 0x1E, 0x93, 0x5F, 0x29,
    0xF2, 0x0C, 0xF0, 0xAD, 0xB0, 0x7D, 0x43, 0x6A, 0x56, 0x61, 0x11, 0xFC, 0xE7, 0xE8, 0x24, 0xEB,
    0x98, 0xF7, 0xE4, 0x4D, 0xFE, 0xDD, 0x17, 0x87, 0x9F, 0x3D, 0x7C, 0x01, 0xD0, 0xAB, 0x76, 0xAA,
    0xC8, 0x69, 0x55, 0x0B, 0x60, 0x0E, 0xC0, 0x77, 0x06, 0x78, 0xDF, 0x00, 0xD7, 0x06, 0x30, 0xAF,
    0x40, 0x99, 0x3E, 0xA9, 0xAB, 0x57, 0xA0, 0x19, 0x01, 0xD3, 0xA9, 0xAE, 0xDF, 0x8A, 0x3B, 0xE3,
    0x60, 0xDB, 0x78, 0x18, 0xEA, 0x00, 0x0F, 0x95, 0x28, 0x55, 0x33, 0x45, 0x2C, 0x23, 0x65, 0x2C,
    0x22, 0x55, 0xCE, 0x49, 0xB5, 0x20, 0x05, 0x23, 0xC6, 0x73, 0x8F, 0x71, 0xF4, 0xB4, 0x60, 0xB1,
    0xD0, 0xD2, 0x83, 0xC6, 0x7C, 0x00, 0xA9, 0xA7, 0x9A, 0xA0, 0x76, 0x00, 0xD0, 0x7A, 0xD8, 0x47,
    0x88, 0x1F, 0x61, 0xFE, 0xF1, 0xF8, 0xAB, 0x7B, 0x7D, 0x0E, 0xB0, 0x9F, 0xA9, 0xF3, 0x2B, 0x66,
    0xDA, 0xF3, 0x95, 0x46, 0xD3, 0x04, 0xA8, 0x15, 0x9D, 0x5A, 0x30, 0x82, 0xF5, 0x75, 0xE8, 0x65,
    0xDF, 0x09, 0x3D, 0x46, 0xF6, 0xFB, 0xC9, 0xE4, 0x3F, 0xD6, 0x22, 0xFF, 0xBA, 0x02, 0x5F, 0x0B,
    0x8C, 0xAA, 0x24, 0x94, 0x33, 0x50, 0x05, 0x95, 0x03, 0x00, 0xC9, 0xCF, 0x9E, 0x46, 0x65, 0xEE,
    0x00, 0xB3, 0x01, 0x5A, 0xD5, 0x8D, 0x6A, 0xAB, 0x1A, 0x54, 0x0F, 0xAA, 0x64, 0xB3, 0x23, 0x8A,
    0x8A, 0x68, 0x35, 0x6D, 0x03, 0x55, 0x3E, 0x40, 0xAD, 0x6A, 0x82, 0x6C, 0x8D, 0x57, 0x39, 0x51,
    0x8B, 0x85, 0x0D, 0x36, 0xFB, 0x4E, 0x05, 0xFF, 0x03, 0xB0, 0xAA, 0x0E, 0x0D, 0x3C, 0x8F, 0xEB,
    0x83, 0x0A, 0x28, 0x97, 0x3A, 0x61, 0x72, 0x7B, 0xA0, 0x6F, 0x1E, 0x5B, 0xB6, 0x55, 0xAC, 0xBD,
    0x34, 0xA9, 0xC2, 0x45, 0xFF, 0xCF, 0xFA, 0xC9, 0xAA, 0xFE, 0xA7, 0x19, 0x76, 0xA5, 0xE8, 0xA1,
    0x8C, 0x22, 0x2D, 0xBE, 0xFF, 0xF2, 0xB1, 0x75, 0xB7, 0xEB, 0xED, 0x81, 0x66, 0x6E, 0xD2, 0xE9,
    0xEB, 0x47, 0x21, 0x81, 0x56, 0x56, 0x41, 0x70, 0x00, 0xEF, 0xB0, 0x69, 0x38, 0x5E, 0x48, 0x1B,
    0x8D, 0xAF, 0xE7, 0x96, 0x26, 0xF6, 0xB4, 0xA9, 0xA3, 0x5B, 0x3A, 0x76, 0xCB, 0x40, 0x5C, 0x87,
    0x72, 0x1A, 0x65, 0xEC, 0xE3, 0x60, 0xDC, 0x78, 0x7F, 0xCD, 0xD8, 0x6D, 0x59, 0xBA, 0x8F, 0x2C,
    0xB7, 0x91, 0x64, 0xA7, 0x32, 0x9A, 0x50, 0xCD, 0x46, 0x2E, 0xD0, 0x6D, 0xCE, 0x0C, 0x77, 0x49,
    0x42, 0xF9, 0xE7, 0x9E, 0xA5, 0x03, 0xF8, 0x46, 0x7B, 0xCA, 0xD8, 0xA2, 0x5C, 0xBA, 0xC9, 0xB8,
    0x46, 0x7A, 0xB6, 0xD2, 0x73, 0x90, 0x9E, 0x31, 0x75, 0x55, 0x58, 0xBA, 0xC6, 0x2D, 0xDD, 0x86,
    0xD4, 0xEF, 0x48, 0x6D, 0x2C, 0xCE, 0xF9, 0x56, 0xF3, 0x6D, 0xE2, 0x7B, 0x80, 0xBB, 0x17, 0x6A,
    0x1D, 0xFD, 0xF3, 0x55, 0xB4, 0x14, 0xA9, 0x07, 0x27, 0xA0, 0x58, 0xA1, 0x9D, 0x90, 0xF3, 0xDF,
    0xE0, 0x29, 0x3B, 0x8A, 0xA7, 0x19, 0xAA, 0x04, 0x2C, 0xC2, 0x2A, 0x8C, 0x3F, 0xC0, 0xF2, 0x0B,
    0xA5, 0xFC, 0xFF, 0xAB, 0x59, 0xA7, 0xCE, 0xFE, 0x85, 0xF3, 0x32, 0xE1, 0x84, 0x83, 0x16, 0xB8,
    0x16, 0x6E, 0xB4, 0xE7, 0x42, 0x25, 0xB5, 0xCD, 0x7C, 0x35, 0xCB, 0x51, 0x30, 0x1C, 0x4B, 0x9A,
    0x67, 0x28, 0xF3, 0x0B, 0x5C, 0xE5, 0x00, 0x75, 0x04, 0xA2, 0xB2, 0xA1, 0x88, 0xAD, 0xD4, 0xD6,
    0x9A, 0x7F, 0xF7, 0xD7, 0x7C, 0x0F, 0xED, 0x29, 0x7F, 0x23, 0xBC, 0x87, 0xBD, 0xCE, 0x53, 0x15,
    0xD0, 0x51, 0x52, 0xFC, 0x67, 0xBA, 0xAC, 0x2A, 0x9E, 0x35, 0xA9, 0x02, 0x50, 0xAB, 0x1A, 0x07,
    0x74, 0x7F, 0x27, 0xE7, 0x9C, 0x14, 0x7A, 0xDD, 0x7F, 0x86, 0xF3, 0x34, 0x3C, 0x34, 0x79, 0xD6,
    0x41, 0x70, 0x5E, 0x8F, 0xA7, 0x59, 0x2C, 0x42, 0x12, 0x22, 0x14, 0x33, 0x7F, 0x02, 0x25, 0x8E,
    0x01, 0x66, 0x03, 0x41, 0x18, 0x85, 0xBF, 0xC9, 0x60, 0xCB, 0x90, 0x01, 0x28, 0xC4, 0x04, 0x05,
    0x9A, 0x18, 0x80, 0x60, 0x92, 0xFD, 0x6F, 0xD0, 0xDE, 0xA0, 0x7A, 0x87, 0x20, 0x20, 0xBB, 0xF4,
    0x02, 0x3D, 0x4C, 0x01, 0x6C, 0xFF, 0x23, 0xCC, 0x11, 0xE6, 0x08, 0xC1, 0x20, 0x58, 0xD9, 0xEE,
    0xAA, 0xF7, 0x01, 0xCF, 0xF3, 0xBD, 0x27, 0x8E, 0x04, 0xBC, 0x58, 0x35, 0xFD, 0x8A, 0x46, 0xBD,
    0x04, 0x12, 0x2F, 0xD8, 0x11, 0xF7, 0x20, 0x7C, 0xC8, 0xB1, 0xD1, 0xB3, 0xC9, 0x40, 0x14, 0x7E,
    0xEB, 0xF7, 0xE7, 0x54, 0x08, 0x3D, 0xD0, 0x4E, 0x3A, 0x03, 0xFC, 0x98, 0x92, 0xAC, 0x9E, 0x9C,
    0xFA, 0x69, 0x59, 0x0D, 0xC3, 0xD0, 0x79, 0xFD, 0x07, 0xBA, 0xDC, 0x15, 0x53, 0xAC, 0x36, 0xFD,
    0x0A, 0x70, 0xA5, 0x1D, 0x0F, 0xBB, 0xF3, 0xE6, 0xB0, 0x8B, 0x77, 0x57, 0x8C, 0x11, 0xF7, 0x95,
    0x7D, 0xA3, 0x7B, 0x4F, 0xDA, 0xB0, 0x7D, 0x06, 0x98, 0x5D, 0xB3, 0x31, 0xBC, 0x89, 0x7B, 0xB0,
    0x7C, 0x10, 0x4F, 0x20, 0x72, 0xE2, 0xCA, 0x38, 0xDE, 0xEB, 0xED, 0x66, 0xF3, 0x92, 0x57, 0xED,
    0xFA, 0xD9, 0x14, 0x65, 0xA9, 0x8E, 0x24, 0x2E, 0x38, 0xD6, 0xAC, 0xDF, 0x4D, 0xE5, 0x72, 0xAD,
    0x31, 0x03, 0xC5, 0xC9, 0x9E, 0x44, 0xDA, 0xB6, 0xD5, 0x95, 0x3F, 0xCD, 0x9B, 0x3F, 0x8C, 0xE4,
    0x46, 0x76, 0x87, 0x3F, 0xB2, 0xA4, 0xE3, 0xF9, 0x08, 0x1C, 0x15, 0x1A, 0xD8, 0xF3, 0x32, 0x71,
    0xA0, 0x40, 0x3B, 0x74, 0x0E, 0xB2, 0x49, 0xE9, 0x42, 0x07, 0x56, 0x9E, 0xD8, 0x39, 0x60, 0x8C,
    0xC3, 0x05, 0xCC, 0xD9, 0xA6, 0xEC, 0x1C, 0x50, 0x1E, 0x3B, 0x8F, 0x64, 0xBB, 0x0F, 0xE0, 0xAA,
    0x4B, 0x77, 0xE1, 0x05, 0xA6, 0xED, 0xE0, 0x42, 0x53, 0xF0, 0x3A, 0x34, 0x4C, 0x41, 0x84, 0x8F,
    0xC2, 0x72, 0xA6, 0xFC, 0x1E, 0xC9, 0x9E, 0x3F, 0xBD, 0x3D, 0xA3, 0x5E, 0xCD, 0xB6, 0x7C, 0xDD,
    0xFD, 0xFD, 0xA6, 0x59, 0xF5, 0xDE, 0x23, 0x6B, 0xBB, 0xF8, 0x58, 0xAC, 0xE2, 0xF2, 0x01, 0xD0,
    0x0B, 0xB5, 0x90, 0x09, 0xB1, 0xF0, 0x33, 0x01, 0x58, 0x3B, 0x67, 0x95, 0x12, 0x38, 0xC8, 0x31,
    0x36, 0x7B, 0x76, 0x41, 0x3B, 0xB2, 0x63, 0x79, 0x9D, 0x6C, 0x5F, 0x5B, 0xE7, 0x60, 0x12, 0x32,
    0x1E, 0x92, 0x95, 0x6B, 0x20, 0x77, 0x83, 0x48, 0xF1, 0x52, 0xCB, 0x72, 0x95, 0x44, 0x25, 0x3E,
    0x4A, 0xB8, 0x2B, 0xBE, 0xBB, 0x52, 0x19, 0xC0, 0x2B, 0xC0, 0xB4, 0x10, 0x58, 0x88, 0x0A, 0x78,
    0x0A, 0xFC, 0x42, 0x40, 0xF7, 0xE7, 0x0A, 0x25, 0x03, 0xDE, 0x15, 0xC4, 0xDF, 0x81, 0x73, 0x95,
    0xE9, 0xC3, 0x36, 0xB4, 0x5E, 0x1F, 0x15, 0x7C, 0x11, 0x03, 0x67, 0xC2, 0x6A, 0x21, 0x77, 0xBD,
    0x72, 0xBD, 0xAD, 0x24, 0x42, 0x2C, 0x88, 0x7D, 0x2F, 0x7E, 0x9D, 0x19, 0xC2, 0x56, 0xE3, 0x4C,
    0xF1, 0xCE, 0xBF, 0x23, 0x70, 0xCE, 0x46, 0xAF, 0x9E, 0x74, 0x09, 0x5E, 0xBF, 0x82, 0xE2, 0x8E,
    0x5F, 0x83, 0xD4, 0xFF, 0x03, 0x6C, 0x5D, 0x81, 0xB7, 0x6D, 0xC1, 0xF4, 0xC0, 0x20, 0x8C, 0x42,
    0xFD, 0x21, 0x0C, 0x2F, 0xF0, 0xFB, 0xA4, 0x79, 0xD2, 0x86, 0x1A, 0x73, 0xFD, 0x9D, 0x98, 0x3A,
    0xAB, 0xCC, 0x01, 0x1E, 0x41, 0xC2, 0x75, 0xAC, 0xB0, 0x1D, 0xD9, 0x71, 0xFB, 0x75, 0x8A, 0x7D,
    0x45, 0xCE, 0xC9, 0x67, 0x2A, 0x8A, 0x8F, 0xF8, 0x24, 0x1B, 0x92, 0x92, 0x55, 0xFE, 0xF1, 0x18,
    0xB9, 0xDE, 0x77, 0x95, 0xEF, 0x2E, 0x61, 0x96, 0x36, 0x7B, 0x50, 0xF2, 0x5E, 0xE5, 0x4A, 0x37,
    0x93, 0xCA, 0xB4, 0x59, 0x68, 0x4D, 0x93, 0x99, 0xE6, 0x96, 0x58, 0x91, 0x40, 0x25, 0xB4, 0x52,
    0x1B, 0x17, 0x62, 0x77, 0x45, 0xEE, 0x18, 0x10, 0xDF, 0xD2, 0xEB, 0x38, 0x4E, 0x5C, 0xAB, 0xA7,
    0xCD, 0x28, 0xF2, 0xCD, 0x96, 0x0B, 0xAF, 0x8B, 0x0B, 0xA9, 0x88, 0xAA, 0x6B, 0xB1, 0x77, 0x36,
    0xB5, 0x56, 0xEC, 0xC4, 0x6D, 0x9C, 0x7D, 0x1F, 0x79, 0xAA, 0xC5, 0xC7, 0x8B, 0x07, 0x98, 0x06,
    0x42, 0x0B, 0xD1, 0xD2, 0xB5, 0xFF, 0x58, 0x00, 0x6A, 0x29, 0xAC, 0x89, 0xAA, 0x9A, 0x84, 0x9A,
    0x95, 0x50, 0x0A, 0x03, 0xB5, 0xD7, 0x51, 0x9B, 0x96, 0x3A, 0xB0, 0x53, 0x27, 0x55, 0xEA, 0xD0,
    0xCE, 0x65, 0xBE, 0xD4, 0xD1, 0x0B, 0xA3, 0x50, 0x2E, 0x7E, 0x49, 0x21, 0x71, 0xBA, 0x9A, 0xA0,
    0xD3, 0xFC, 0x28, 0xEE, 0x30, 0x08, 0xA9, 0xF0, 0xF4, 0x26, 0x3F, 0x4A, 0xBD, 0xEE, 0x4F, 0x88,
    0x85, 0x5C, 0x58, 0x0B, 0xBF, 0xB7, 0xB5, 0xF7, 0xAD, 0xAD, 0xCD, 0xBF, 0xDB, 0x3A, 0xF8, 0x8D,
    0xAD, 0xA3, 0x5F, 0xDA, 0x3A, 0x0E, 0xEC, 0x26, 0x13, 0x4A, 0xA1, 0x0F, 0xEC, 0xAF, 0xBA, 0xC0,
    0xFE, 0x73, 0x13, 0xD8, 0xAD, 0x15, 0x0A, 0x41, 0xE2, 0xBC, 0x14, 0x6A, 0x81, 0x42, 0x9B, 0x17,
    0x15, 0x7E, 0x1B, 0x41, 0x77, 0x06, 0xEB, 0x11, 0xE2, 0x16, 0xD8, 0xED, 0x93, 0x72, 0x05, 0x75,
    0x02, 0x7D, 0x54, 0xE8, 0xCF, 0xE1, 0xB7, 0x81, 0x35, 0x8D, 0x11, 0xF5, 0x65, 0x4B, 0x4B, 0xA9,
    0xE3, 0xD9, 0x6A, 0x95, 0x42, 0x5C, 0x42, 0xD4, 0x43, 0xD8, 0x81, 0x69, 0x85, 0x66, 0xC9, 0x46,
    0x15, 0xC6, 0x81, 0xB9, 0x5C, 0xDA, 0xF1, 0x4E, 0x08, 0xED, 0xF5, 0xD9, 0x16, 0xC3, 0x1D, 0xDE,
    0x17, 0xCC, 0x00, 0x04, 0x23, 0x10, 0xD6, 0x40, 0x94, 0xA9, 0x3C, 0x05, 0x9E, 0x46, 0x40, 0x16,
    0x15, 0x90, 0x86, 0x15, 0x94, 0x7A, 0x80, 0x1B, 0x23, 0xD2, 0x9B, 0x16, 0xAF, 0xF3, 0x3B, 0xFC,
    0xCE, 0xEB, 0x30, 0xCE, 0xF5, 0x2A, 0x03, 0x62, 0xA0, 0xBF, 0x34, 0x17, 0x88, 0xD3, 0x8A, 0x18,
    0x92, 0xF9, 0x64, 0x5C, 0x21, 0x25, 0xDA, 0x11, 0x95, 0x1A, 0x0E, 0x21, 0x75, 0xFD, 0x52, 0x9F,
    0x54, 0x73, 0xA7, 0x31, 0x8D, 0xD0, 0xDE, 0xA2, 0xD1, 0x72, 0xAD, 0x57, 0x3B, 0xB5, 0x5F, 0xBB,
    0x57, 0xC2, 0x15, 0x25, 0xEB, 0xA2, 0x24, 0xB2, 0x25, 0xA1, 0x10, 0x2C, 0x7F, 0xA3, 0xAA, 0x24,
    0x91, 0xFA, 0x41, 0xB8, 0xA4, 0x14, 0x3F, 0xA9, 0x6B, 0x4A, 0x89, 0x25, 0x74, 0x0B, 0xED, 0x5C,
    0x16, 0xEB, 0xC5, 0x49, 0x6D, 0x4F, 0x73, 0x09, 0x90, 0xDC, 0xBE, 0x48, 0xC6, 0x71, 0x92, 0xAA,
    0x94, 0xD7, 0x52, 0xAB, 0x0C, 0x2A, 0x3D, 0x3D, 0x5E, 0x27, 0x62, 0x54, 0x82, 0x06, 0x6D, 0x9E,
    0x73, 0x76, 0x92, 0x12, 0x82, 0x7D, 0x79, 0xAE, 0x72, 0x8A, 0x4B, 0xB9, 0xE4, 0x1C, 0xC9, 0x6F,
    0xDA, 0xDD, 0x57, 0x22, 0x45, 0x2C, 0x29, 0x88, 0xC8, 0xEB, 0xCE, 0x88, 0x3E, 0xEB, 0x32, 0xC2,
    0xAF, 0xBA, 0x92, 0xE0, 0xAB, 0xAE, 0xC6, 0xFC, 0x6B, 0xD7, 0xE3, 0x39, 0xD7, 0xCE, 0xA2, 0x9B,
    0x73, 0x85, 0x9A, 0xA8, 0xF1, 0x0A, 0xF1, 0x4D, 0x48, 0x34, 0xC0, 0x14, 0x6A, 0x0A, 0x3A, 0x85,
    0x1F, 0xBC, 0xCE, 0x34, 0x6C, 0xC5, 0xC1, 0x39, 0x92, 0x26, 0xB1, 0xCF, 0xB4, 0xC9, 0x98, 0xF6,
    0x06, 0xDD, 0x4E, 0xA6, 0x2B, 0x18, 0xEB, 0x2B, 0x20, 0xB6, 0x73, 0xB9, 0xDF, 0x81, 0x37, 0xF1,
    0xA7, 0xF2, 0xFD, 0xA5, 0x94, 0xE5, 0xCD, 0xB9, 0x0D, 0xA7, 0xA4, 0xF8, 0xEA, 0x24, 0x79, 0xC2,
    0x03, 0xE4, 0xE0, 0x09, 0xAB, 0x14, 0x63, 0x37, 0x78, 0xAE, 0x83, 0x75, 0x05, 0x9C, 0x2E, 0x37,
    0x9D, 0x24, 0xBF, 0xAE, 0xDD, 0x38, 0x51, 0x1E, 0xF1, 0xAE, 0x85, 0xCD, 0x42, 0x3F, 0xE3, 0x75,
    0x94, 0xA6, 0xA5, 0x0C, 0x2D, 0xA5, 0x2B, 0x28, 0x2F, 0xA1, 0xCC, 0x0B, 0x7F, 0xC8, 0x2B, 0x33,
    0xE4, 0x36, 0x18, 0xF2, 0x26, 0x1A, 0x56, 0x5D, 0xB4, 0xC9, 0xBA, 0x67, 0x9B, 0x54, 0xDF, 0xE9,
    0xF3, 0x4D, 0xFA, 0xAC, 0xDB, 0xA4, 0xB1, 0x10, 0x35, 0x9B, 0x34, 0xB4, 0x9B, 0xD4, 0x54, 0x9B,
    0xD4, 0x67, 0x93, 0x72, 0x3F, 0xC7, 0xE4, 0xBF, 0x25, 0xF7, 0x1D, 0x9D, 0x2F, 0x49, 0x7A, 0x7C,
    0xE7, 0x08, 0x5E, 0xC5, 0x36, 0xAA, 0x4C, 0x1B, 0xE3, 0x77, 0x2B, 0xE8, 0x33, 0x18, 0x94, 0x12,
    0x46, 0xA1, 0xBE, 0xC5, 0xB8, 0xAB, 0x53, 0x3B, 0xB5, 0x57, 0x3F, 0xF5, 0xD7, 0x38, 0x1A, 0xEF,
    0xF0, 0x31, 0x3C, 0x8E, 0x39, 0xAD, 0x39, 0x34, 0x75, 0x95, 0x98, 0x03, 0x69, 0xCD, 0xEC, 0xD2,
    0x5A, 0xA1, 0xB6, 0x25, 0x7C, 0x2F, 0xAC, 0x5F, 0x61, 0xDC, 0x15, 0x51, 0x7B, 0x5E, 0x24, 0x84,
    0x76, 0x35, 0xC5, 0x80, 0x5A, 0xD8, 0x08, 0xC3, 0x01, 0x36, 0x4B, 0x7D, 0x29, 0xA8, 0x7D, 0x42,
    0x60, 0xA3, 0x36, 0xA9, 0x34, 0x8E, 0xC6, 0xBB, 0xC9, 0x4D, 0xF8, 0x1D, 0xE0, 0x9D, 0x4A, 0x4E,
    0x71, 0x11, 0xDE, 0xDF, 0xCF, 0xB9, 0xAB, 0xB4, 0x73, 0xF4, 0x84, 0xFF, 0xF5, 0xCD, 0x38, 0x65,
    0xAE, 0xFD, 0xA4, 0x75, 0x9F, 0x14, 0x93, 0x5D, 0xF4, 0xB1, 0x78, 0x84, 0x5F, 0x8B, 0xAF, 0x46,
    0x99, 0xE2, 0xED, 0xEF, 0x23, 0x81, 0xB8, 0x88, 0x2C, 0x2B, 0x82, 0x86, 0x1A, 0xBF, 0xA3, 0x87,
    0xDE, 0x74, 0x4C, 0x67, 0x32, 0xAB, 0xA8, 0x82, 0xF8, 0x1C, 0x08, 0x2F, 0x01, 0x33, 0xAA, 0xF4,
    0xBB, 0x2B, 0x78, 0xF4, 0x25, 0x90, 0xC4, 0x40, 0x26, 0x21, 0x18, 0x4D, 0x33, 0x5F, 0xA8, 0x4D,
    0xCB, 0x40, 0x68, 0xB9, 0x90, 0xD8, 0xE4, 0xAC, 0x74, 0x1F, 0x9A, 0x34, 0xDE, 0x15, 0x5B, 0xE7,
    0x46, 0x05, 0xA8, 0xF7, 0x78, 0x5E, 0xE2, 0x77, 0xFB, 0xA4, 0x0B, 0x99, 0xB0, 0x12, 0x12, 0x21,
    0x6E, 0x82, 0x2E, 0x74, 0xAE, 0xF3, 0xB6, 0xAF, 0x3B, 0xF0, 0x1F, 0xA4, 0x0E, 0x6C, 0xF9, 0x4E,
    0x08, 0x6D, 0xB9, 0x3B, 0x76, 0x49, 0x3A, 0x03, 0x27, 0x91, 0x4C, 0x25, 0xD7, 0x53, 0x60, 0x12,
    0x20, 0x38, 0x24, 0xD5, 0xF6, 0x12, 0x98, 0x84, 0xEC, 0x41, 0xC9, 0x5D, 0xAB, 0x32, 0xEA, 0xE6,
    0x5A, 0x25, 0x2A, 0x54, 0x2A, 0x91, 0xD0, 0xDE, 0x16, 0x2D, 0x5B, 0x6A, 0xD7, 0xEA, 0x71, 0x39,
    0xFB, 0xD6, 0x50, 0x3E, 0xC4, 0xF6, 0x52, 0x70, 0xB6, 0xAC, 0x9F, 0xB4, 0x65, 0xED, 0x77, 0x52,
    0xD6, 0xBF, 0x89, 0x96, 0x4B, 0xBD, 0xDA, 0xA9, 0x7D, 0x09, 0x3C, 0xC4, 0x2E, 0x5F, 0x5D, 0x70,
    0x6E, 0x6F, 0x0D, 0xC3, 0x94, 0x6E, 0xF7, 0x5D, 0xCB, 0xB5, 0x7E, 0x37, 0x14, 0x63, 0xDB, 0x12,
    0x68, 0x3E, 0x6A, 0xCE, 0x8B, 0x9C, 0xD0, 0x7E, 0x24, 0x36, 0xCB, 0xA9, 0xA2, 0xF4, 0x13, 0xB9,
    0x53, 0x86, 0xDD, 0xB6, 0xA2, 0x36, 0xEF, 0x69, 0xF7, 0x12, 0x7B, 0xCD, 0x63, 0x51, 0xB3, 0x2E,
    0x34, 0x1F, 0x69, 0xBC, 0x8D, 0xE7, 0x8A, 0x4D, 0xE8, 0xDA, 0x4D, 0xF4, 0x77, 0xDD, 0x26, 0x66,
    0xD8, 0x24, 0x6C, 0x36, 0x2B, 0xCA, 0x1D, 0xB5, 0xB0, 0xBD, 0x52, 0x74, 0x7B, 0x8F, 0x33, 0x41,
    0xED, 0xD5, 0x4F, 0xFD, 0x03, 0xD7, 0x6A, 0x3C, 0xB6, 0xAE, 0x0B, 0x9C, 0xEB, 0xA2, 0x46, 0xBA,
    0x71, 0xA1, 0x43, 0x19, 0xAF, 0xCB, 0x17, 0x12, 0x41, 0xCB, 0xB4, 0xCE, 0x88, 0x0D, 0xE7, 0xC2,
    0x99, 0x5E, 0x21, 0x85, 0xC1, 0xEB, 0xF4, 0x6D, 0x84, 0xA0, 0x11, 0x1B, 0xEB, 0x75, 0x4E, 0x6C,
    0x2F, 0x91, 0xBA, 0xB5, 0xB6, 0xFD, 0x12, 0x39, 0x76, 0x7E, 0x4E, 0x54, 0x41, 0x68, 0x21, 0x98,
    0xF0, 0xF4, 0x6E, 0x57, 0x48, 0xAA, 0xC0, 0xAE, 0x64, 0x3B, 0x13, 0x56, 0x44, 0xB2, 0xBD, 0x6E,
    0x22, 0xF7, 0xED, 0xE8, 0xB9, 0xCF, 0x46, 0xD9, 0x4F, 0xE1, 0x3B, 0x57, 0x84, 0x2D, 0xC4, 0x05,
    0xAC, 0x80, 0x4C, 0x28, 0x85, 0x3A, 0x69, 0xF8, 0x95, 0x1B, 0x79, 0x5D, 0xAD, 0x91, 0x3D, 0x54,
    0xA3, 0xF8, 0x0F, 0x98, 0x66, 0xA1, 0x55, 0x36, 0xF2, 0x5D, 0x49, 0xE7, 0xD8, 0x55, 0xF4, 0xF9,
    0x9A, 0x40, 0x7C, 0xD8, 0x36, 0x38, 0xD7, 0x0A, 0x23, 0x03, 0x2F, 0xE9, 0x59, 0x5D, 0x33, 0x50,
    0x2F, 0x75, 0xC3, 0x52, 0x16, 0x0B, 0x91, 0x10, 0x33, 0xB0, 0x9E, 0x7C, 0xB4, 0x3E, 0x77, 0x57,
    0xF2, 0xC9, 0xE0, 0xC8, 0x8F, 0xFE, 0xFB, 0x2E, 0xB2, 0xF1, 0xEE, 0x91, 0x41, 0xA5, 0xDF, 0x89,
    0xD7, 0x89, 0xF8, 0x2A, 0xA6, 0x11, 0x09, 0xAD, 0x88, 0x5E, 0x84, 0xAA, 0x49, 0x4A, 0x08, 0x6F,
    0xC9, 0x73, 0x91, 0x82, 0x64, 0x1A, 0xA3, 0x12, 0xF4, 0xBB, 0xEB, 0xBE, 0x8E, 0x64, 0xE9, 0x33,
    0x21, 0x97, 0x06, 0x29, 0x19, 0xA0, 0xC4, 0x50, 0x44, 0x85, 0x27, 0xD7, 0xF8, 0x27, 0x8D, 0xF8,
    0x88, 0xEF, 0xC0, 0x94, 0xE4, 0xCF, 0x44, 0xB8, 0x35, 0x0E, 0xFE, 0xB8, 0x4B, 0x09, 0x3E, 0x13,
    0x31, 0x5F, 0x75, 0x1B, 0x0D, 0xDF, 0xCD, 0x89, 0x3F, 0xD0, 0x81, 0x6F, 0x28, 0x15, 0x6A, 0x92,
    0x4D, 0xC6, 0xB3, 0x9B, 0x06, 0x98, 0x43, 0xB1, 0x1D, 0xA6, 0x31, 0x6F, 0xFC, 0xF9, 0x34, 0xE6,
    0xB5, 0x60, 0x84, 0x40, 0x88, 0x0B, 0xDC, 0x25, 0x48, 0x1D, 0x84, 0x5A, 0xDE, 0x08, 0xED, 0x9F,
    0xC8, 0xDF, 0xFC, 0xF3, 0x78, 0x1A, 0xDF, 0x7A, 0x32, 0xBE, 0x95, 0xD0, 0x55, 0x4A, 0x2C, 0xE4,
    0xC2, 0x56, 0x78, 0x5D, 0xA5, 0xE6, 0x77, 0x55, 0x1A, 0xFC, 0xB6, 0x4A, 0xA3, 0xB0, 0x4A, 0xCF,
    0x84, 0x52, 0xE8, 0xC3, 0x6A, 0xD5, 0x85, 0x55, 0x6E, 0x85, 0x4A, 0x20, 0xAC, 0x32, 0xC1, 0xE3,
    0x03, 0x22, 0xF4, 0x5B, 0x89, 0xB1, 0x5F, 0xE0, 0xEF, 0x8D, 0x65, 0x1F, 0x1B, 0xBF, 0x27, 0xA1,
    0x27, 0x13, 0x36, 0xD3, 0x2F, 0xD6, 0x9B, 0x96, 0x3E, 0xB0, 0xF4, 0xD1, 0xD2, 0xBC, 0x2B, 0xE8,
    0xE7, 0xA9, 0xAF, 0xB9, 0x4E, 0x6D, 0x18, 0x85, 0x5C, 0x7C, 0xE3, 0x6A, 0xB9, 0x5F, 0x54, 0xF7,
    0xC3, 0x0C, 0xC2, 0xF2, 0x56, 0x57, 0x5F, 0x30, 0x0D, 0x7D, 0x2E, 0xE1, 0x56, 0xD0, 0x6B, 0x56,
    0x71, 0x4A, 0x91, 0x34, 0xAF, 0x6D, 0xDE, 0xFC, 0xDE, 0xFE, 0x6D, 0xF3, 0xBF, 0xED, 0xB7, 0x4D,
    0xFF, 0xCD, 0x7F, 0x36, 0xFD, 0x3F, 0xFD, 0xA6, 0xE9, 0xD7, 0x42, 0xFE, 0xCB, 0xA6, 0x8F, 0x4D,
    0xD3, 0xFF, 0x5C, 0xF8, 0xA9, 0xC0, 0x0D, 0x29, 0x61, 0x75, 0x1F, 0xB9, 0x73, 0x13, 0x0F, 0xD9,
    0x5C, 0xF7, 0x37, 0x1D, 0x67, 0x16, 0x73, 0x7F, 0x5B, 0xC6, 0x99, 0xCA, 0xB0, 0x30, 0x1D, 0xAB,
    0xD6, 0xA9, 0x8D, 0xDA, 0xAA, 0x8F, 0xFA, 0xEE, 0xED, 0xE3, 0xED, 0x89, 0xA5, 0x8F, 0x48, 0x92,
    0x5B, 0x49, 0x6E, 0xD4, 0xDC, 0x91, 0x62, 0x1A, 0xA1, 0xBD, 0x87, 0x46, 0x6D, 0xD4, 0x36, 0x75,
    0x57, 0xA4, 0x71, 0x4F, 0x0A, 0x07, 0xD1, 0xBC, 0x65, 0xA6, 0xBC, 0x75, 0x4E, 0x32, 0xFD, 0xD6,
    0x1E, 0x25, 0x4C, 0xD4, 0x0B, 0xE5, 0x82, 0xD6, 0xE9, 0x78, 0x51, 0xF3, 0xBB, 0xFA, 0xA8, 0xAF,
    0x73, 0xAE, 0x51, 0x88, 0xE1, 0x87, 0x50, 0x42, 0x7D, 0xF3, 0x6F, 0xE6, 0xB7, 0x61, 0x65, 0x6C,
    0x20, 0xEF, 0x69, 0xFE, 0xA6, 0x5B, 0xE6, 0x6F, 0x86, 0x0C, 0xCA, 0x12, 0xB2, 0x0D, 0x9C, 0x75,
    0x10, 0xB5, 0xC2, 0x32, 0xFC, 0x0B, 0x2B, 0x88, 0x80, 0x44, 0xC8, 0x20, 0x19, 0x85, 0x16, 0xAD,
    0x7B, 0x83, 0xF0, 0x77, 0xBF, 0x6D, 0x92, 0xD7, 0xAE, 0x5B, 0xC5, 0x5F, 0x0F, 0x65, 0x60, 0xCB,
    0x4D, 0x60, 0xD3, 0x87, 0x50, 0x1B, 0xB5, 0x55, 0x1F, 0xF5, 0xD5, 0x18, 0x87, 0xD0, 0x19, 0xDD,
    0xE9, 0x1E, 0xA2, 0x09, 0xAD, 0xDF, 0xC5, 0xF3, 0xF1, 0x5E, 0xD4, 0x90, 0x74, 0x7A, 0x9C, 0x42,
    0x3B, 0x7F, 0x2F, 0xC7, 0xA9, 0x87, 0x98, 0x2E, 0x2E, 0x02, 0x1B, 0x4E, 0xFD, 0x28, 0x17, 0xDF,
    0x9A, 0x88, 0x1F, 0xC2, 0xD6, 0xB9, 0x41, 0x01, 0x36, 0xB7, 0x78, 0xBE, 0x21, 0x2A, 0x0E, 0x51,
    0x0B, 0xA5, 0x90, 0x17, 0xDB, 0x22, 0x71, 0xFF, 0x53, 0x04, 0x57, 0x7F, 0x51, 0x40, 0xF4, 0x06,
    0xCF, 0xA5, 0xED, 0x3F, 0x04, 0x9D, 0xFC, 0x54, 0x52, 0x63, 0x53, 0x1E, 0x2D, 0xB9, 0xA6, 0xFE,
    0x49, 0x80, 0xE0, 0x80, 0xC0, 0x76, 0xDC, 0x09, 0xE5, 0x01, 0x59, 0xBB, 0x56, 0x65, 0xD4, 0xCD,
    0x17, 0x2A, 0xB1, 0x4A, 0x74, 0x2D, 0xF1, 0x52, 0xA1, 0x26, 0x6A, 0xAC, 0x5E, 0xE5, 0x21, 0xD6,
    0x57, 0x82, 0xB3, 0x65, 0x19, 0x74, 0x65, 0xE9, 0x09, 0xF4, 0x8A, 0x7E, 0xD7, 0x32, 0xA9, 0x6B,
    0x26, 0x9B, 0x01, 0x38, 0xC4, 0xCD, 0x05, 0xF8, 0x85, 0x10, 0xEF, 0xF1, 0xE2, 0xFA, 0x42, 0xEB,
    0xB9, 0x8A, 0xC8, 0x0D, 0xE4, 0x1F, 0xBF, 0xA4, 0x24, 0x61, 0xFE, 0x41, 0x42, 0x3B, 0xE1, 0xDC,
    0x0C, 0xC1, 0xBC, 0xBD, 0xCC, 0x97, 0xA9, 0xAD, 0xFA, 0xA8, 0xEF, 0x86, 0x6D, 0xB1, 0x31, 0x3A,
    0x58, 0xFA, 0xAC, 0xDF, 0x44, 0xD3, 0xC0, 0xA7, 0xDC, 0x3C, 0x15, 0xCE, 0x34, 0x77, 0xCC, 0xE8,
    0x77, 0x2D, 0xD3, 0x3A, 0xB5, 0x51, 0xDB, 0x79, 0x60, 0xB4, 0xD5, 0x81, 0x51, 0x63, 0x9C, 0x6B,
    0xA2, 0x46, 0x4F, 0x3F, 0xD3, 0xC4, 0xCC, 0xE8, 0x77, 0x2D, 0xD3, 0x3A, 0xB5, 0xA1, 0x34, 0x0D,
    0x83, 0xD1, 0x21, 0x52, 0x63, 0x5A, 0xD3, 0xE4, 0x56, 0x10, 0x3B, 0xDE, 0x03, 0x32, 0xB8, 0x3E,
    0x74, 0x3D, 0x54, 0xBF, 0x02, 0xE0, 0xB1, 0x17, 0x6C, 0x6F, 0xC8, 0xAF, 0x59, 0x5E, 0xEF, 0x24,
    0xAE, 0x1E, 0x9E, 0xB1, 0x42, 0x33, 0x0F, 0xB6, 0x15, 0xDD, 0x9E, 0xF8, 0xF5, 0x15, 0xE6, 0x5F,
    0x5C, 0x63, 0xFE, 0x3B, 0xE8, 0xF4, 0x9A, 0x36, 0xB5, 0xDA, 0x52, 0x1F, 0x0B, 0xDC, 0x61, 0xB3,
    0x0C, 0x7E, 0x1B, 0xBC, 0x69, 0x7F, 0xA1, 0x25, 0x82, 0x67, 0xCB, 0xDC, 0xFB, 0x5B, 0x8F, 0xB2,
    0x1E, 0xC8, 0xDC, 0x5B, 0xD7, 0x2A, 0xF7, 0x64, 0xEE, 0xAB, 0xC9, 0x97, 0xF3, 0x41, 0xFC, 0x5D,
    0x15, 0xB6, 0x4F, 0xDA, 0xA8, 0xC0, 0x46, 0xBB, 0xEE, 0xF6, 0x0A, 0x7C, 0xF7, 0x1D, 0x3C, 0x99,
    0x3A, 0x5B, 0x07, 0x4C, 0x9C, 0xE9, 0xC8, 0x58, 0x6C, 0x03, 0xF1, 0xE1, 0x5C, 0xEA, 0xE3, 0x6A,
    0xC7, 0xDE, 0x2A, 0x64, 0x31, 0x41, 0xF4, 0x36, 0x54, 0xE2, 0xE3, 0x5A, 0x25, 0x6C, 0x46, 0x76,
    0xDC, 0x7E, 0x39, 0x37, 0xF3, 0x56, 0x6B, 0x50, 0x89, 0xFA, 0x38, 0xAB, 0xC0, 0xB8, 0x7C, 0x6E,
    0x8E, 0x74, 0x90, 0x0F, 0x0C, 0xB0, 0x39, 0xFA, 0x33, 0x40, 0x4F, 0xD0, 0xE5, 0xAE, 0xD1, 0x25,
    0x25, 0x37, 0xB2, 0x48, 0x5B, 0xDE, 0x91, 0x66, 0x92, 0xF5, 0xA0, 0xE2, 0x30, 0x4D, 0x19, 0x5B,
    0x63, 0x4B, 0x33, 0x4B, 0xA0, 0x12, 0x56, 0x22, 0x11, 0x52, 0x71, 0x85, 0x98, 0x0C, 0x88, 0x71,
    0x4A, 0xC7, 0x43, 0xE2, 0x5E, 0x69, 0x5A, 0xBC, 0x14, 0xE9, 0x12, 0x2D, 0x8B, 0x8A, 0x37, 0x45,
    0x2B, 0xC4, 0x44, 0x8D, 0x4F, 0xD7, 0xB1, 0xDF, 0x07, 0xA6, 0xA9, 0x8D, 0x5B, 0xB7, 0x29, 0x7F,
    0x26, 0x00, 0x8F, 0x1E, 0x29, 0x7E, 0xBA, 0xB7, 0x5A, 0x74, 0x26, 0xFC, 0xD1, 0xBB, 0x19, 0xC5,
    0x3E, 0xBC, 0x32, 0x74, 0xBA, 0xD1, 0xC8, 0x0F, 0x1D, 0xF5, 0xED, 0x46, 0x8D, 0xFB, 0xFD, 0xFA,
    0xCD, 0x59, 0x4F, 0xEF, 0xCE, 0xAC, 0xE7, 0x05, 0xE8, 0x95, 0x78, 0x42, 0xDB, 0x74, 0x71, 0xC4,
    0xAC, 0xE7, 0xE1, 0x11, 0xEE, 0x7E, 0x22, 0xDD, 0x1B, 0xE1, 0xB6, 0x37, 0x23, 0x5C, 0xF8, 0x09,
    0xFB, 0x27, 0xF6, 0x49, 0x16, 0x67, 0x78, 0x7A, 0xFD, 0x79, 0xDB, 0x9C, 0x29, 0x6D, 0x1D, 0x27,
    0x3A, 0xB8, 0x8F, 0xAD, 0xBB, 0x52, 0xF4, 0xFB, 0x71, 0x38, 0xD7, 0x2B, 0x87, 0x63, 0x5D, 0x2A,
    0x0F, 0xFA, 0xAF, 0x9D, 0x9B, 0x28, 0xE1, 0x5E, 0x5E, 0x2C, 0xB3, 0x31, 0x2F, 0x8A, 0xC4, 0x96,
    0x04, 0xB7, 0x67, 0x90, 0x05, 0x5F, 0xE9, 0x16, 0xDA, 0xF2, 0xCE, 0x4A, 0x4B, 0x64, 0xC9, 0x5D,
    0x41, 0x3E, 0xE0, 0x5C, 0x3B, 0x31, 0xC0, 0x9B, 0xAC, 0x5B, 0x5E, 0xBB, 0x91, 0xAB, 0xE2, 0x4B,
    0x06, 0x12, 0x21, 0x16, 0xA2, 0x3B, 0x30, 0x11, 0x2F, 0xAC, 0x20, 0x1C, 0x85, 0x96, 0x8C, 0x2E,
    0xB0, 0x67, 0x74, 0x61, 0x15, 0x6B, 0x06, 0x8A, 0x44, 0x88, 0xAA, 0x2E, 0x21, 0xB4, 0x9D, 0xCE,
    0x76, 0x74, 0x19, 0xA6, 0x99, 0x8E, 0xAC, 0xDB, 0x80, 0x9B, 0xA7, 0x06, 0x5A, 0xFC, 0xAF, 0xFB,
    0x61, 0xAE, 0x50, 0x93, 0xC9, 0x78, 0x76, 0x93, 0x28, 0x31, 0x09, 0xBA, 0x4C, 0x25, 0x41, 0xAD,
    0x86, 0x1F, 0x4B, 0x3A, 0x33, 0x02, 0xA4, 0x87, 0xA4, 0xD4, 0x51, 0x4A, 0x6A, 0x9A, 0x33, 0x32,
    0xD3, 0x64, 0x9C, 0x99, 0x26, 0x25, 0x36, 0xCD, 0x73, 0x22, 0xD3, 0x7C, 0x41, 0xF8, 0xF7, 0x4D,
    0x87, 0xD1, 0x96, 0x07, 0x2A, 0x91, 0xDC, 0x23, 0x6A, 0xC5, 0x46, 0x4D, 0xCA, 0xD9, 0x58, 0xDD,
    0x34, 0x40, 0x62, 0x35, 0x94, 0x05, 0xCC, 0x1B, 0xB2, 0x7D, 0xA5, 0xFE, 0xC4, 0xCD, 0xB9, 0x34,
    0x36, 0x68, 0xDE, 0xC3, 0xB4, 0xDC, 0x21, 0xB4, 0x70, 0x5E, 0xB0, 0x1E, 0xBE, 0x7F, 0x5D, 0xEB,
    0xFA, 0xBE, 0xBF, 0x7F, 0xE3, 0x4A, 0x78, 0xDC, 0x3C, 0x42, 0x74, 0x3D, 0x8F, 0xF0, 0x0B, 0xF9,
    0x9B, 0x57, 0xB1, 0xCE, 0x2F, 0x15, 0x9E, 0x1B, 0x20, 0xE2, 0x0E, 0x83, 0xD8, 0x0E, 0xE2, 0x3B,
    0xFF, 0xAA, 0x99, 0x50, 0x0B, 0x3D, 0x83, 0xDF, 0x31, 0x68, 0xDA, 0x0F, 0x2D, 0xE2, 0x2A, 0xC0,
    0x20, 0x61, 0x87, 0x40, 0xCA, 0x4C, 0xCB, 0xE0, 0x49, 0xFD, 0xF4, 0xAE, 0x17, 0xBF, 0x5C, 0x62,
    0xC4, 0xFD, 0x40, 0xD0, 0x03, 0xFB, 0x7C, 0xBA, 0x64, 0x66, 0x52, 0x32, 0xA1, 0x16, 0x7A, 0x52,
    0xBF, 0x25, 0x0B, 0x96, 0x0E, 0x28, 0xA4, 0x81, 0x95, 0xB2, 0x4E, 0xEB, 0x16, 0x9B, 0x95, 0x10,
    0xB7, 0x29, 0x61, 0x0B, 0xFE, 0x1D, 0x4A, 0x18, 0x4A, 0xBC, 0x9B, 0x25, 0xDF, 0x34, 0xB2, 0x65,
    0x1A, 0x17, 0x65, 0x9A, 0x50, 0xA6, 0x99, 0x50, 0xB3, 0x76, 0xDD, 0xC4, 0x45, 0x39, 0xC8, 0x76,
    0x29, 0xAC, 0x98, 0xEB, 0xA7, 0xFB, 0x9C, 0xDD, 0x99, 0xD2, 0x49, 0x9C, 0xAB, 0x12, 0xBE, 0x9C,
    0xCF, 0x9A, 0x50, 0xCA, 0xA4, 0xFE, 0x0B, 0xB1, 0xFB, 0x22, 0x15, 0xC4, 0xF7, 0x1F, 0x35, 0x4E,
    0xA3, 0xE8, 0x77, 0x2D, 0x13, 0x2E, 0x28, 0x49, 0x98, 0x6C, 0x09, 0xFB, 0x12, 0xBF, 0x77, 0xA3,
    0x6C, 0x88, 0x24, 0x50, 0xB2, 0x52, 0x29, 0x55, 0x86, 0xDD, 0x03, 0x20, 0x66, 0x92, 0x46, 0x24,
    0xB4, 0x48, 0x34, 0x96, 0x9E, 0x70, 0x11, 0x2D, 0xEB, 0xF1, 0x52, 0xDB, 0x8A, 0xF8, 0x6A, 0x47,
    0xBF, 0xF3, 0xA5, 0xBC, 0x8E, 0x97, 0x34, 0x22, 0x61, 0xB3, 0x1D, 0x39, 0x43, 0x24, 0xBD, 0x1B,
    0xBE, 0xDD, 0x45, 0x89, 0x8A, 0x25, 0xF2, 0x24, 0xE5, 0x5E, 0x78, 0x35, 0x5E, 0x22, 0xAF, 0x2B,
    0x91, 0xF8, 0xD8, 0x35, 0x01, 0xE5, 0x18, 0xDB, 0x51, 0x01, 0xEA, 0x7D, 0xBE, 0xE7, 0x66, 0x55,
    0xB9, 0xAF, 0x7E, 0x50, 0xF6, 0x6F, 0x64, 0x33, 0xD6, 0xAE, 0x5A, 0xA4, 0x84, 0x87, 0x25, 0x77,
    0xE3, 0x22, 0xB2, 0xF9, 0x96, 0x52, 0xE2, 0xDC, 0xCC, 0xC0, 0x3E, 0x6B, 0x37, 0x53, 0x72, 0x3F,
    0x9C, 0xDF, 0xAC, 0xC4, 0xC5, 0xC5, 0x6E, 0x25, 0xCE, 0x2B, 0x6A, 0x40, 0x19, 0xDE, 0x66, 0x35,
    0xAE, 0xB9, 0x59, 0x8D, 0x23, 0xAC, 0xEE, 0x72, 0x3D, 0xE6, 0x5F, 0xBF, 0xC5, 0x6C, 0x4D, 0x52,
    0x04, 0x1A, 0xEF, 0x40, 0xB6, 0x59, 0x89, 0x56, 0x09, 0x24, 0xF2, 0x87, 0x15, 0xA1, 0xA5, 0x46,
    0x4F, 0xFE, 0x79, 0x19, 0x8A, 0xE1, 0xBA, 0x33, 0xAF, 0xA2, 0xE2, 0xCE, 0x3A, 0xD6, 0x00, 0x6F,
    0xB5, 0x3E, 0x98, 0x41, 0x7F, 0x06, 0x5D, 0x84, 0xDF, 0xEA, 0xDD, 0x64, 0x68, 0x8D, 0xBC, 0xC3,
    0x4A, 0x07, 0x56, 0xDE, 0x6E, 0x60, 0x25, 0xA7, 0x23, 0xA5, 0x90, 0x6E, 0xE0, 0x59, 0x07, 0xB1,
    0x10, 0x35, 0xCB, 0x4C, 0xFA, 0x61, 0xEE, 0x6D, 0x80, 0x7F, 0xB0, 0x01, 0x09, 0x10, 0x5D, 0xEE,
    0x96, 0xDF, 0xFC, 0x9E, 0xEB, 0xC7, 0x61, 0xFA, 0x23, 0x1B, 0x10, 0xFF, 0xC0, 0x06, 0x04, 0xCE,
    0x59, 0xA1, 0xDA, 0x6F, 0xC0, 0xEE, 0xD8, 0x33, 0x35, 0x1A, 0x31, 0xAD, 0xD7, 0xE3, 0xE9, 0xB0,
    0x98, 0x7A, 0xEF, 0xB0, 0x47, 0x20, 0x18, 0xEE, 0xAE, 0x1F, 0xBE, 0x04, 0x92, 0x64, 0x97, 0x03,
    0x34, 0x77, 0xFB, 0x9D, 0xE9, 0x30, 0x0D, 0x3D, 0x91, 0xE5, 0x25, 0x31, 0xE4, 0xED, 0x6A, 0x19,
    0xE3, 0xFA, 0x07, 0xC4, 0xFB, 0xF4, 0xFB, 0x67, 0xAF, 0x9A, 0x03, 0xB3, 0x57, 0x91, 0x8E, 0x11,
    0x5D, 0x8E, 0xE7, 0x80, 0xF8, 0x36, 0x9A, 0xB1, 0x1F, 0x22, 0x13, 0x56, 0x42, 0x52, 0x85, 0x6D,
    0xE4, 0x5C, 0xEB, 0xB9, 0xD7, 0x2D, 0x98, 0xFB, 0x70, 0x33, 0x24, 0xFB, 0x0C, 0x44, 0xDC, 0x47,
    0x4D, 0xCC, 0xFA, 0xE3, 0x2D, 0x32, 0xCB, 0x45, 0x70, 0x15, 0x01, 0x77, 0x18, 0x38, 0x90, 0x6C,
    0x74, 0xFC, 0x74, 0x88, 0x34, 0xFC, 0xA4, 0xCB, 0x16, 0x56, 0x42, 0xF2, 0xE7, 0x9F, 0x74, 0x91,
    0x73, 0x9D, 0x11, 0xF8, 0xCB, 0x7F, 0xEB, 0x90, 0xB2, 0x3B, 0xE0, 0x5F, 0xF3, 0xC6, 0x2C, 0xDC,
    0x47, 0x33, 0xB5, 0x50, 0x7E, 0x14, 0x17, 0xF9, 0x5F, 0xEB, 0x4C, 0xDC, 0x7F, 0x14, 0x72, 0x8C,
    0x05, 0x1F, 0x2D, 0x70, 0x43, 0x09, 0x47, 0x8E, 0x0B, 0xE3, 0xBD, 0x71, 0xA1, 0x3F, 0x71, 0xB0,
    0x3D, 0xC0, 0x41, 0x92, 0x96, 0xD4, 0x5D, 0xEA, 0x0C, 0x33, 0x2B, 0xA2, 0x22, 0x9B, 0xAE, 0xE8,
    0xA1, 0x3D, 0x96, 0x53, 0x3C, 0x23, 0xCA, 0x07, 0x00, 0xBD, 0x69, 0x60, 0x63, 0xEC, 0xF2, 0x64,
    0x5B, 0xEC, 0x96, 0x33, 0xE1, 0xE6, 0xF5, 0xE3, 0x3D, 0xDA, 0x74, 0xE4, 0x01, 0xBD, 0xF3, 0xE5,
    0x25, 0x60, 0xFF, 0xB1, 0xC0, 0xC7, 0xF2, 0xB6, 0xFF, 0xC8, 0x3F, 0xDA, 0xA3, 0x87, 0xF0, 0x9E,
    0x58, 0xC4, 0x18, 0x7B, 0x86, 0xDF, 0xA6, 0x20, 0x6E, 0x24, 0x0D, 0xBB, 0xD7, 0xA3, 0xD7, 0x5A,
    0xBF, 0x8C, 0x2C, 0xB7, 0x04, 0xFE, 0x5F, 0x9A, 0x69, 0xBA, 0x97, 0xEC, 0x00, 0xDE, 0x5D, 0xF3,
    0xA6, 0xEB, 0x4C, 0xA8, 0x12, 0x9D, 0x03, 0xD1, 0x19, 0x10, 0xAB, 0x3C, 0x53, 0x49, 0x55, 0x4A,
    0x95, 0x8D, 0x4A, 0x9F, 0xB8, 0x82, 0x4E, 0x44, 0xFB, 0x3D, 0x7E, 0x2B, 0x65, 0xD3, 0xE8, 0x23,
    0x50, 0x09, 0xAD, 0x6C, 0x46, 0x95, 0x4A, 0x21, 0x12, 0x93, 0xC0, 0x19, 0x89, 0xAB, 0x32, 0x15,
    0x7F, 0x08, 0x7A, 0x22, 0x17, 0x5F, 0xB1, 0x0A, 0x5F, 0xC6, 0xA4, 0xA6, 0x0B, 0x2A, 0x89, 0x60,
    0xEC, 0x8D, 0xFC, 0xC4, 0xE9, 0xC1, 0xAA, 0xAC, 0x3E, 0x69, 0xE1, 0xB9, 0x2F, 0xB2, 0xF1, 0x3B,
    0x11, 0x35, 0xBE, 0xF8, 0xD9, 0x4B, 0xC9, 0x81, 0x63, 0x7E, 0x45, 0xD8, 0x86, 0x3D, 0x1E, 0xF3,
    0x7E, 0x82, 0x69, 0x75, 0xEB, 0xCD, 0xE7, 0xF1, 0x4E, 0xF1, 0x50, 0x24, 0x05, 0x5C, 0x5F, 0xC3,
    0xFB, 0xFD, 0x19, 0xA1, 0xC7, 0x4F, 0x2F, 0x73, 0x3E, 0xF5, 0x05, 0xA2, 0x36, 0xB6, 0x89, 0x5E,
    0xFD, 0xC4, 0xFF, 0xA7, 0xD0, 0x03, 0xC3, 0x42, 0xBD, 0x9B, 0xA9, 0xB9, 0x80, 0x31, 0xBD, 0x35,
    0x53, 0x73, 0x86, 0xB7, 0xCC, 0xD4, 0x04, 0xB7, 0xD7, 0x12, 0x97, 0xD1, 0xA6, 0x23, 0x6A, 0x62,
    0x1B, 0xEF, 0x3D, 0x63, 0xB1, 0x1C, 0x53, 0xBF, 0x02, 0xA5, 0x9B, 0xFD, 0x4D, 0x13, 0xB4, 0xC9,
    0xE2, 0xFF, 0x8A, 0xC3, 0xFD, 0xFF, 0xC7, 0xCF, 0xA5, 0x87, 0x0F, 0xE3, 0x44, 0x19, 0xD4, 0x74,
    0x5F, 0xB2, 0xE3, 0xF6, 0xEB, 0x14, 0x0F, 0xAB, 0xDE, 0xB7, 0xAF, 0xC7, 0x3E, 0x24, 0x00, 0x88,
    0xFF, 0x38, 0x01, 0x9C, 0xF4, 0x41, 0xD5, 0x79, 0x5F, 0xC3, 0x04, 0xF0, 0xCE, 0x1E, 0x24, 0x08,
    0xDB, 0x91, 0x85, 0x93, 0xB7, 0xE1, 0xF0, 0x52, 0xC2, 0xE3, 0xDB, 0xE0, 0x0F, 0x39, 0x3B, 0x6E,
    0xBF, 0x4E, 0xF1, 0x30, 0xEA, 0x7D, 0xFB, 0x7A, 0xE4, 0x03, 0x09, 0x7F, 0xA0, 0x53, 0xC8, 0xA8,
    0xFF, 0x04, 0x70, 0xD2, 0xFF, 0xB0, 0xB1, 0xB7, 0xAF, 0x53, 0x2F, 0x01, 0xEC, 0xFD, 0x8E, 0x27,
    0x6D, 0xDB, 0xDE, 0xBE, 0x4E, 0xDF, 0x36, 0xDE, 0xF7, 0x40, 0xCE, 0x4D, 0x62, 0x31, 0xC8, 0x22,
    0x78, 0xFE, 0x0C, 0xFE, 0xE6, 0xC3, 0x13, 0xB5, 0x6F, 0x6F, 0x7F, 0xA9, 0xEE, 0xEF, 0x23, 0xF8,
    0xAB, 0x0F, 0x4F, 0xD9, 0xC6, 0x7B, 0x73, 0xFA, 0x29, 0x9E, 0x97, 0x8D, 0x7E, 0x3D, 0xB0, 0xE3,
    0xF6, 0xEB, 0xB1, 0x0F, 0x76, 0xDC, 0xD3, 0x2F, 0x4E, 0xF2, 0x80, 0xE9, 0x3D, 0xFB, 0x7A, 0xF4,
    0x33, 0x16, 0xFF, 0x07, 0xCD, 0xDA, 0x31, 0x8C, 0xE3, 0xD6, 0xF1, 0xC7, 0xF1, 0x0F, 0xC9, 0xFB,
    0x2F, 0xED, 0xE3, 0x3F, 0xE6, 0x05, 0x48, 0x71, 0x48, 0x90, 0x53, 0x73, 0xAD, 0xC5, 0x1E, 0x90,
    0x76, 0x69, 0x27, 0x4E, 0x10, 0xA4, 0x48, 0xFA, 0xCA, 0x7D, 0x93, 0x26, 0x85, 0x0B, 0x5D, 0x44,
    0x27, 0x45, 0x4A, 0xA7, 0xAF, 0x2E, 0x7D, 0xE3, 0xE2, 0x8A, 0x2B, 0x14, 0x1F, 0x3B, 0x17, 0x69,
    0x08, 0xB8, 0x4C, 0x43, 0x20, 0xEE, 0x41, 0x23, 0x2A, 0x68, 0x44, 0xBB, 0x0C, 0x79, 0xC2, 0x42,
    0x52, 0xA2, 0x03, 0xD6, 0x36, 0x79, 0x67, 0x2D, 0x7E, 0x6F, 0xC1, 0xD5, 0xD3, 0xCC, 0x7C, 0x87,
    0xF3, 0xDE, 0x90, 0xE2, 0x8A, 0x5A, 0xC4, 0x3B, 0x24, 0x1B, 0xA4, 0x4B, 0xA4, 0x8F, 0xF0, 0x28,
    0xC5, 0x32, 0xCD, 0x59, 0x24, 0x05, 0xAB, 0xB8, 0xE4, 0x79, 0x54, 0xB2, 0x8D, 0x6A, 0x41, 0x13,
    0x36, 0xC2, 0x26, 0x68, 0x44, 0x5D, 0xB7, 0x1D, 0x86, 0x56, 0x5C, 0xDA, 0x48, 0x0B, 0x4F, 0xA4,
    0xB9, 0x4B, 0x33, 0x32, 0x19, 0x33, 0x97, 0xA4, 0x39, 0x10, 0x6D, 0x4F, 0x86, 0x75, 0x2D, 0xEE,
    0xAE, 0xA5, 0xD5, 0xDA, 0x3B, 0xD2, 0x82, 0xA4, 0x24, 0x7E, 0xA9, 0xA0, 0xEB, 0xCA, 0xB4, 0x57,
    0x56, 0xC4, 0xE5, 0xA5, 0xB8, 0x5C, 0x1A, 0x7E, 0xA7, 0xFD, 0xF1, 0xBA, 0x4A, 0xBB, 0x7F, 0xED,
    0x82, 0xEE, 0xE3, 0x1D, 0x98, 0x95, 0x07, 0x81, 0xE4, 0x25, 0xCC, 0x35, 0xBC, 0x0B, 0x0B, 0x78,
    0x06, 0x1F, 0x3A, 0x7A, 0xBD, 0x5E, 0xF2, 0xAB, 0xBA, 0x57, 0x83, 0x86, 0xB0, 0x22, 0x2A, 0x09,
    0x61, 0x94, 0x2C, 0xDC, 0x83, 0x14, 0xE6, 0xC7, 0xC4, 0x51, 0x5B, 0x93, 0x5E, 0x23, 0x9B, 0x61,
    0x95, 0x94, 0x7C, 0x1A, 0x96, 0x6F, 0x2C, 0x09, 0x3C, 0x47, 0x43, 0x58, 0x13, 0x95, 0xB2, 0xCF,
    0x73, 0xEB, 0x86, 0x6D, 0x2B, 0xAA, 0x96, 0xA2, 0xE2, 0x1D, 0x8C, 0x96, 0x14, 0xE6, 0x90, 0xC2,
    0x80, 0x20, 0x2A, 0x11, 0x7C, 0xD1, 0xFA, 0xBE, 0x24, 0xE5, 0x1E, 0x2C, 0x4E, 0x23, 0x8D, 0x0B,
    0x44, 0x7F, 0x6F, 0x30, 0xDB, 0x61, 0x79, 0x89, 0x6D, 0x9A, 0x53, 0x47, 0x85, 0xA3, 0xD7, 0xAC,
    0x25, 0xE8, 0xBA, 0x5C, 0xB4, 0x9D, 0x95, 0xA2, 0x22, 0xAA, 0x11, 0x36, 0x08, 0x6E, 0x87, 0x75,
    0xF7, 0x32, 0x96, 0x46, 0x52, 0x07, 0x8D, 0xB4, 0x18, 0x86, 0x7C, 0x18, 0x8A, 0x68, 0xF8, 0xDB,
    0x6C, 0x08, 0x72, 0xD7, 0xB1, 0xAE, 0xD7, 0x5E, 0xBD, 0x78, 0x82, 0xA7, 0xCF, 0x88, 0x77, 0x1F,
    0x92, 0xFE, 0xE1, 0x16, 0x7F, 0x80, 0xF6, 0x40, 0xFE, 0xDA, 0xAB, 0xE8, 0xCC, 0x5A, 0xBA, 0xFF,
    0xB3, 0xD2, 0xD5, 0x17, 0x7C, 0xD6, 0x08, 0x9A, 0x8D, 0xA8, 0x9C, 0x0B, 0xBD, 0x35, 0x4E, 0x15,
    0xAD, 0xFF, 0x92, 0xD3, 0x75, 0x15, 0x3F, 0x7C, 0x51, 0x1C, 0x60, 0x8F, 0x0B, 0xE8, 0xA3, 0xB8,
    0xE4, 0xC3, 0xA0, 0x78, 0x13, 0x05, 0x14, 0xDE, 0xFC, 0x5C, 0xDC, 0x75, 0x82, 0x8B, 0x6B, 0x20,
    0x2B, 0x1D, 0xAF, 0xA8, 0x30, 0x7F, 0x7B, 0xB4, 0x15, 0x75, 0xCC, 0x9D, 0x8D, 0xB0, 0x70, 0x46,
    0x6F, 0x26, 0xC7, 0xEC, 0xF5, 0xF1, 0x6E, 0x32, 0x45, 0xA3, 0xB9, 0x07, 0x19, 0x2C, 0xE1, 0x39,
    0x34, 0x78, 0x5A, 0x55, 0x3C, 0x8B, 0x4A, 0x9E, 0x24, 0x25, 0x59, 0x87, 0xB8, 0xF5, 0x66, 0x92,
    0x94, 0x63, 0x4B, 0xD8, 0x10, 0x95, 0x24, 0xB9, 0x38, 0xB9, 0x2F, 0x2A, 0x1F, 0x89, 0xEA, 0x27,
    0x74, 0x2D, 0x59, 0x35, 0x5E, 0x92, 0x02, 0x98, 0x41, 0x7A, 0xD8, 0x6E, 0x6B, 0x3C, 0xAD, 0xBF,
    0x3F, 0x49, 0x79, 0x80, 0x16, 0x2B, 0xCC, 0x91, 0x12, 0xC7, 0x13, 0x26, 0x05, 0x24, 0x2D, 0x92,
    0xDD, 0x71, 0x6F, 0xF6, 0xDB, 0xBA, 0xA0, 0x79, 0xBF, 0xFA, 0x5E, 0x54, 0x0A, 0xAE, 0xCA, 0x5E,
    0xF5, 0xED, 0xD5, 0x89, 0x30, 0xF9, 0x3F, 0x71, 0x91, 0x4E, 0x98, 0x94, 0xC3, 0xDE, 0x6A, 0x5D,
    0x00, 0x6A, 0xB7, 0x95, 0xB2, 0x4C, 0x8B, 0x37, 0x9F, 0x94, 0xF0, 0xE6, 0x83, 0x93, 0xFD, 0x35,
    0x96, 0x0C, 0x95, 0x22, 0x6C, 0x56, 0x13, 0x25, 0xE5, 0xD3, 0xB0, 0xE2, 0xA3, 0xA8, 0xE4, 0x72,
    0x56, 0x30, 0x1B, 0x35, 0x01, 0x23, 0x6C, 0xB2, 0xEC, 0xAB, 0xA2, 0x7C, 0x57, 0xB8, 0xDD, 0xD0,
    0x6D, 0xC9, 0xAA, 0xC9, 0x36, 0xDA, 0x75, 0x3F, 0x7F, 0xD0, 0x0A, 0xE7, 0xE5, 0x4E, 0x73, 0x8E,
    0xE7, 0x81, 0x2C, 0x3F, 0xD2, 0x56, 0x1F, 0x9B, 0x78, 0x3B, 0x2B, 0xD3, 0x22, 0xAA, 0x67, 0x82,
    0x66, 0xCE, 0x76, 0xD9, 0xEB, 0xAA, 0x4F, 0xD3, 0xA0, 0x25, 0x06, 0xCD, 0xC8, 0xD3, 0x3C, 0xA8,
    0xE3, 0x2F, 0x7F, 0x52, 0x0D, 0x17, 0x5F, 0xB2, 0x16, 0x48, 0xEA, 0x83, 0xE0, 0x45, 0xD9, 0xAB,
    0x26, 0xD8, 0xAF, 0x26, 0x71, 0xCE, 0x05, 0x80, 0x09, 0xB9, 0x9A, 0x5E, 0x2D, 0x7E, 0x7F, 0xB8,
    0xD7, 0x08, 0x0A, 0xF8, 0xCE, 0x9C, 0xE1, 0x96, 0xA4, 0xFB, 0x95, 0xFB, 0xB3, 0x1B, 0xC2, 0x16,
    0x13, 0xF3, 0xFC, 0x8D, 0xA8, 0xFB, 0x53, 0x1E, 0xFE, 0xB9, 0xCB, 0x0D, 0x07, 0xC0, 0x28, 0x2C,
    0xC8, 0xD1, 0x1C, 0x35, 0xC7, 0xC2, 0xD5, 0x27, 0xBC, 0xA8, 0x04, 0x5F, 0x35, 0xA2, 0x72, 0x25,
    0xF6, 0xD3, 0x69, 0xF9, 0x78, 0x80, 0xC5, 0xD1, 0x6D, 0x51, 0x25, 0xFD, 0x67, 0x39, 0xB0, 0x59,
    0xAD, 0x68, 0x66, 0xC2, 0x32, 0x19, 0x93, 0xD9, 0xEA, 0xF0, 0xBE, 0x34, 0x27, 0xFA, 0xA4, 0x76,
    0xEC, 0x2F, 0x28, 0xE3, 0x1C, 0x60, 0xD6, 0x75, 0xCD, 0x4B, 0xE1, 0xAC, 0xEE, 0x38, 0xE7, 0x78,
    0xDE, 0x71, 0x0C, 0x8F, 0x90, 0x3A, 0xC4, 0x30, 0x15, 0xF3, 0xD1, 0x62, 0xAC, 0x89, 0x4A, 0x3F,
    0xFE, 0x65, 0x61, 0xFD, 0x39, 0xFF, 0x6E, 0x44, 0x75, 0x2B, 0x2E, 0x96, 0x42, 0x6F, 0x4D, 0x78,
    0x9E, 0xCF, 0x2C, 0xCC, 0x8B, 0x8F, 0x2B, 0xB3, 0xAF, 0x0A, 0x97, 0x2D, 0x3D, 0x41, 0x58, 0xA7,
    0x14, 0xE1, 0x28, 0xCC, 0xF1, 0xD7, 0xF7, 0xA4, 0xDD, 0x8D, 0x20, 0x6E, 0x81, 0xAB, 0xC2, 0x80,
    0x1F, 0x7E, 0xB5, 0x15, 0x97, 0x0B, 0x17, 0xDE, 0x9A, 0xB4, 0xAE, 0x83, 0x9B, 0xF7, 0x44, 0x43,
    0x2C, 0xEF, 0xDF, 0x00, 0x69, 0xCD, 0xD5, 0x96, 0xCD, 0x13, 0xC1, 0x50, 0x63, 0xC5, 0xC5, 0x78,
    0xE7, 0xF7, 0xAA, 0x78, 0xDD, 0x6B, 0xF6, 0xB4, 0x77, 0xA4, 0xFB, 0xDA, 0xB5, 0x59, 0x09, 0x9A,
    0xEC, 0xB8, 0x76, 0x27, 0xEC, 0x2B, 0xD5, 0xE1, 0x3B, 0xA4, 0xE4, 0xB4, 0xAF, 0xBC, 0xE8, 0x63,
    0x1C, 0x24, 0xC3, 0xEC, 0x3B, 0x28, 0x3B, 0xB2, 0x05, 0x5D, 0x49, 0x77, 0xDE, 0x6F, 0xD7, 0xED,
    0x25, 0xFB, 0x66, 0xF6, 0xBB, 0xDE, 0xF6, 0xA0, 0xC9, 0x62, 0xBE, 0xCA, 0x0F, 0x9A, 0x15, 0x07,
    0x9D, 0xF4, 0xAD, 0xDC, 0x20, 0xE9, 0x37, 0x51, 0x31, 0xD4, 0x43, 0x3D, 0x08, 0xA4, 0xE5, 0x41,
    0xD9, 0x56, 0xD8, 0x75, 0xE2, 0x2F, 0x6F, 0xCF, 0x79, 0xD8, 0x5C, 0xB2, 0x5D, 0xD2, 0x0E, 0x5A,
    0xB1, 0xEB, 0xB5, 0x39, 0xD2, 0xEE, 0xF6, 0xBD, 0x61, 0xDE, 0x30, 0x7F, 0xF8, 0xDC, 0xF0, 0xF9,
    0xC1, 0xCE, 0x60, 0x0F, 0xA4, 0xD5, 0x41, 0x43, 0x5D, 0xDD, 0xFA, 0xC8, 0xF7, 0x75, 0xB5, 0xF7,
    0x71, 0xF0, 0xD3, 0x6B, 0xBB, 0xB7, 0x17, 0x34, 0x69, 0xBE, 0xB7, 0x17, 0x9C, 0xB7, 0x77, 0xB4,
    0x3D, 0x6D, 0xF1, 0xEC, 0x7F, 0xAF, 0x1B, 0x98, 0x8E, 0xEB, 0xD5, 0x7E, 0xC7, 0xE0, 0x3C, 0xD7,
    0x5F, 0x0B, 0x57, 0xA7, 0xEB, 0x75, 0x62, 0xC6, 0xBB, 0xC7, 0x30, 0x0E, 0xB3, 0xE7, 0x58, 0x1C,
    0xEE, 0x6E, 0xC5, 0xBF, 0xA9, 0xBD, 0x66, 0xE6, 0xF3, 0x31, 0x4C, 0xC4, 0x7C, 0xB6, 0x90, 0x2E,
    0xFE, 0xB8, 0xEF, 0xAF, 0xCB, 0x96, 0xED, 0xBE, 0xBF, 0xCA, 0x83, 0x49, 0x99, 0xEF, 0x1C, 0xC3,
    0x08, 0xCC, 0xB7, 0x3D, 0xD6, 0x2F, 0xFE, 0xBB, 0xC7, 0xAE, 0x04, 0xF5, 0xA1, 0xC7, 0x8E, 0xCE,
    0x7B, 0x17, 0xFF, 0x87, 0x1E, 0x3F, 0x0A, 0xEB, 0xC1, 0xF6, 0xE6, 0x5C, 0xED, 0x4C, 0xBF, 0xDF,
    0xBE, 0xDA, 0xFF, 0x04, 0x7B, 0xF1, 0x03, 0x6C, 0xB0, 0x25, 0xAC, 0x17, 0xA2, 0xB2, 0x57, 0xBE,
    0xC0, 0x42, 0xD6, 0xED, 0xFA, 0x18, 0xB7, 0xFD, 0xE7, 0x8B, 0x3E, 0xE6, 0xEA, 0x88, 0x75, 0xFB,
    0xAD, 0x59, 0x4F, 0xFD, 0x3D, 0x16, 0x95, 0x2B, 0x61, 0xBE, 0xC2, 0x47, 0xB2, 0xAE, 0x0D, 0x6E,
    0xFD, 0xE5, 0x51, 0xB5, 0x67, 0xD3, 0xDC, 0x99, 0xED, 0x1E, 0x56, 0xB8, 0x44, 0x6A, 0x21, 0x2E,
    0x16, 0xC2, 0x62, 0x2A, 0x96, 0x83, 0xBF, 0x39, 0x52, 0x8F, 0xC5, 0xC5, 0x78, 0x2C, 0xE7, 0x7B,
    0xD5, 0x42, 0x30, 0xF0, 0x98, 0x8C, 0xE9, 0x8C, 0xDF, 0xC7, 0xC2, 0x6A, 0x25, 0x28, 0xC6, 0xE3,
    0xFA, 0xEC, 0x03, 0x83, 0x3F, 0xEF, 0x5D, 0x2F, 0x30, 0x2D, 0x4F, 0x77, 0x23, 0xE8, 0x6E, 0x1E,
    0x63, 0x85, 0xB1, 0x18, 0xA6, 0x8E, 0xFB, 0xCC, 0x3A, 0x35, 0x32, 0xC3, 0xA9, 0xFD, 0x8D, 0xB8,
    0xFC, 0xB6, 0x5A, 0x19, 0x94, 0x94, 0x97, 0xD2, 0x22, 0x2B, 0xD6, 0xD2, 0xEE, 0x5A, 0xD0, 0xD5,
    0x38, 0xBD, 0x26, 0x5E, 0x49, 0x8A, 0xBB, 0x6A, 0x29, 0x2D, 0xF6, 0xF6, 0x5E, 0x14, 0x69, 0xF7,
    0x8F, 0x22, 0xB8, 0xF9, 0x75, 0x01, 0xAE, 0x0E, 0xBA, 0xCB, 0xFD, 0xC9, 0x64, 0x5C, 0xAF, 0xBE,
    0x3F, 0x19, 0x81, 0x33, 0x27, 0x6C, 0x88, 0x2A, 0x92, 0x62, 0x2E, 0x35, 0xF7, 0x83, 0x5E, 0xBC,
    0xBB, 0x11, 0x5F, 0xF7, 0xDA, 0x8D, 0xCB, 0x93, 0x13, 0xD5, 0xC4, 0x25, 0x69, 0xFE, 0xD0, 0xCC,
    0xC2, 0xFF, 0xF7, 0x62, 0xB1, 0x92, 0xEC, 0x7A, 0xB5, 0xDF, 0x9A, 0xE5, 0x01, 0x41, 0x83, 0x16,
    0x0B, 0x73, 0x8F, 0x7A, 0xDD, 0x9F, 0x90, 0xE5, 0xD4, 0xDF, 0x43, 0x73, 0x0B, 0x6F, 0x8F, 0xC4,
    0x72, 0xBE, 0xDE, 0xE6, 0x2E, 0xCC, 0x39, 0x65, 0x9A, 0xB8, 0xDE, 0x1E, 0x4A, 0xF2, 0x85, 0x8B,
    0xF1, 0xB8, 0xC2, 0xAF, 0x7F, 0x24, 0xE9, 0x76, 0x82, 0x78, 0x3B, 0x67, 0x5A, 0x9E, 0xB8, 0x6B,
    0x07, 0x3D, 0xC4, 0x82, 0xD1, 0x18, 0xCE, 0xC6, 0x3D, 0xE5, 0x7E, 0x86, 0xB1, 0x19, 0xB8, 0x3A,
    0xE8, 0xD5, 0xCF, 0x37, 0x3D, 0x05, 0x5C, 0x1A, 0x6C, 0x90, 0x49, 0x0B, 0x97, 0x92, 0xD2, 0x46,
    0x54, 0x6B, 0xF7, 0x4F, 0x5F, 0xB4, 0x51, 0xC5, 0x2A, 0x29, 0xB9, 0x4C, 0x73, 0x66, 0xBF, 0x43,
    0x72, 0x8D, 0xA8, 0x45, 0xD8, 0x20, 0xB8, 0xE3, 0x70, 0x7A, 0xAD, 0x43, 0x5C, 0x10, 0xE6, 0x60,
    0xC5, 0xE6, 0xD0, 0x67, 0xC2, 0x3A, 0x29, 0xA2, 0x32, 0xEE, 0x7F, 0xA2, 0xAA, 0x3F, 0x6A, 0x52,
    0x9A, 0x39, 0xED, 0x92, 0xD5, 0x8A, 0xE5, 0x73, 0xE6, 0x0D, 0x69, 0x4D, 0x5A, 0x11, 0x97, 0x24,
    0x05, 0x29, 0x32, 0x2C, 0xC9, 0x76, 0xBD, 0xEA, 0xD7, 0x09, 0x77, 0xE6, 0xC1, 0xD3, 0x38, 0x50,
    0x51, 0x23, 0xEB, 0xB5, 0x8C, 0x9A, 0x5B, 0x28, 0x77, 0xFF, 0x97, 0xB1, 0xD7, 0x9D, 0x81, 0xF3,
    0x5F, 0x8D, 0x4C, 0x7A, 0x8A, 0x65, 0x39, 0xBA, 0xBA, 0xE4, 0xAF, 0x5D, 0x75, 0x7B, 0xEC, 0xCD,
    0xE4, 0x60, 0xFF, 0xF8, 0xC7, 0xB9, 0xC7, 0x3F, 0x53, 0xF1, 0xFF, 0x07, 0xBD, 0x8E, 0x01, 0x66,
    0x04, 0x31, 0x14, 0x86, 0xBF, 0xCC, 0x20, 0x65, 0x54, 0x6E, 0xD0, 0x40, 0x01, 0x2A, 0x00, 0x8B,
    0xDD, 0x49, 0x8E, 0xB5, 0xD8, 0x6D, 0x72, 0x84, 0x1E, 0xA6, 0x28, 0xAA, 0x9B, 0x23, 0x84, 0xA2,
    0x00, 0xD1, 0x13, 0x04, 0xC5, 0x62, 0xA6, 0xD3, 0x9D, 0xE8, 0xAE, 0xD5, 0x96, 0x42, 0xF5, 0x3D,
    0xDF, 0x2F, 0x79, 0xF9, 0x22, 0x01, 0xF0, 0xD3, 0x34, 0xCC, 0x00, 0x30, 0x1D, 0x2A, 0xD7, 0xA0,
    0x34, 0xB9, 0xCD, 0x32, 0xA9, 0xA8, 0xA3, 0x09, 0x36, 0xA8, 0x5C, 0x57, 0xCE, 0xD2, 0xB3, 0x64,
    0x4D, 0x57, 0xE6, 0xC9, 0x61, 0xE6, 0x4C, 0x9D, 0x88, 0x2C, 0x43, 0x9B, 0x94, 0x93, 0x51, 0xA3,
    0xA2, 0xAD, 0x98, 0xF0, 0x84, 0x75, 0x23, 0x5E, 0x0C, 0xE8, 0xE4, 0x9D, 0x89, 0xBB, 0xBA, 0xB7,
    0x0C, 0xF4, 0xEC, 0xD9, 0x88, 0xC2, 0x63, 0x53, 0xB8, 0x6F, 0xD2, 0xAF, 0xE7, 0x68, 0x7E, 0xA0,
    0xFE, 0x38, 0xCD, 0xA0, 0xE1, 0x3F, 0x38, 0xBE, 0xF7, 0xD7, 0x77, 0xA6, 0x74, 0xD6, 0xEA, 0x75,
    0x3C, 0xA7, 0xDB, 0x03, 0x66, 0x02, 0x56, 0xDA, 0xC1, 0x5A, 0x86, 0xCF, 0x58, 0xCC, 0xB1, 0x52,
    0x68, 0xBA, 0xB1, 0x19, 0x01, 0x7F, 0x07, 0xDD, 0x1B, 0x88, 0x77, 0x07, 0x32, 0x01, 0x42, 0xE7,
    0x9D, 0x63, 0xEB, 0x5F, 0x12, 0x45, 0x53, 0x28, 0xEA, 0x7B, 0x6C, 0xFC, 0x73, 0xA2, 0x7A, 0x70,
    0x41, 0xCF, 0x20, 0x8B, 0x89, 0x96, 0x1E, 0x13, 0xBA, 0x2C, 0xF6, 0x6C, 0xB9, 0x04, 0xB8, 0x66,
    0x85, 0x0E, 0xB2, 0x88, 0x81, 0xDB, 0x43, 0x8F, 0x6D, 0x51, 0xB1, 0x67, 0x01, 0x00, 0x32, 0x00,
    0x0A, 0xE0, 0x0A, 0x60, 0x09, 0xB0, 0x06, 0x28, 0x80, 0xC8, 0x40, 0x1B, 0x81, 0x2E, 0xF0, 0xB5,
    0xAA, 0xFA, 0x70, 0x54, 0x9B, 0x74, 0x52, 0x1D, 0xA0, 0x00, 0x6E, 0x4E, 0xDA, 0x07, 0x75, 0x91,
    0x81, 0x66, 0xC3, 0x50, 0x14, 0x86, 0xBF, 0x26, 0xE3, 0xE2, 0x92, 0x0E, 0x2D, 0xA0, 0x4D, 0x31,
    0xC0, 0xB6, 0xC2, 0x90, 0x4D, 0x9A, 0x5C, 0x06, 0xC0, 0x1E, 0x61, 0x4F, 0x11, 0x04, 0x33, 0xF7,
    0x09, 0xF6, 0x20, 0x1D, 0xCB, 0x50, 0x0C, 0xA6, 0xF7, 0x11, 0xC2, 0x00, 0xA8, 0x01, 0x30, 0x08,
    0x86, 0x14, 0x5D, 0x76, 0xCF, 0x62, 0xA8, 0x6E, 0x5C, 0x24, 0xF7, 0x3F, 0xFF, 0x39, 0xE7, 0xFF,
    0xAE, 0x6A, 0x99, 0x57, 0xA4, 0xCA, 0x96, 0xD7, 0xAE, 0x78, 0x73, 0x45, 0xE8, 0xCA, 0xD0, 0xF9,
    0x5F, 0x7F, 0xE9, 0x25, 0xEE, 0xE1, 0x8B, 0x60, 0x83, 0xBA, 0x21, 0x8A, 0x48, 0x23, 0x56, 0x53,
    0xD6, 0x9D, 0x1B, 0xDF, 0x1A, 0x22, 0xE6, 0x1D, 0xE7, 0x4B, 0x4E, 0xE1, 0xB2, 0x25, 0xAF, 0x38,
    0xD2, 0x16, 0x65, 0x4F, 0xB4, 0xC9, 0x2A, 0x74, 0x0B, 0x2F, 0x84, 0x8E, 0x21, 0x9C, 0xED, 0xBC,
    0x6A, 0x52, 0xB5, 0xD7, 0x39, 0xEF, 0xEC, 0xD5, 0xA3, 0xBD, 0xD0, 0xE6, 0x58, 0x2A, 0x20, 0x85,
    0x15, 0x34, 0x04, 0xB5, 0xB8, 0xF4, 0x8E, 0x4C, 0x2C, 0x66, 0xFA, 0x24, 0xDF, 0xA9, 0xB6, 0xDE,
    0xEB, 0x8F, 0xEF, 0xA3, 0xB7, 0xE8, 0xD6, 0xAB, 0x94, 0x7E, 0x67, 0xE5, 0xB2, 0xCA, 0xEA, 0x0F,
    0x2B, 0x63, 0x16, 0xD0, 0xA2, 0x6A, 0x69, 0x1E, 0x4B, 0x22, 0xB1, 0x14, 0xFB, 0xA1, 0x62, 0x19,
    0x4D, 0xD0, 0x30, 0x6F, 0x48, 0x9E, 0xE1, 0xE0, 0x8C, 0xB7, 0x26, 0xEF, 0x9C, 0x30, 0x59, 0x93,
    0x0C, 0x0D, 0xDA, 0x20, 0xEB, 0x21, 0x59, 0x6A, 0x62, 0xC8, 0x96, 0x52, 0xD0, 0x2F, 0x30, 0xF2,
    0xAA, 0x26, 0x78, 0x25, 0x6C, 0x91, 0x32, 0x65, 0x66, 0x3E, 0xFB, 0x1A, 0xC9, 0x9E, 0x09, 0xB7,
    0xC1, 0x86, 0xF0, 0x01, 0x1D, 0x31, 0xF9, 0x1F, 0x5D, 0xF2, 0x4B, 0x6F, 0x74, 0x48, 0xAF, 0x96,
    0xF9, 0x53, 0x58, 0xFC, 0x00, 0xBC, 0x53, 0x2E, 0xE9, 0x53, 0xEC, 0x03, 0x9C, 0x0D, 0x61, 0x02,
    0x29, 0x94, 0xD0, 0x30, 0x78, 0x17, 0x80, 0xA1, 0x45, 0x6F, 0xE9, 0x5F, 0xD6, 0x63, 0x8C, 0xFF,
    0xC2, 0xD8, 0x3F, 0x7D, 0xA2, 0x4C, 0x11, 0x0A, 0xC9, 0x5C, 0x48, 0x1A, 0x7A, 0x92, 0x9F, 0x42,
    0xF2, 0x1B, 0x9D, 0x94, 0x31, 0x6C, 0xE4, 0x44, 0x14, 0x86, 0x7F, 0x7B, 0xA4, 0x1B, 0x21, 0x4B,
    0x67, 0x7A, 0x14, 0xDC, 0x52, 0x04, 0xDC, 0xA6, 0xF0, 0xC6, 0xBE, 0x92, 0x8E, 0xBE, 0xBB, 0xBE,
    0xB8, 0x2B, 0x52, 0xA4, 0x98, 0xB0, 0x3E, 0x28, 0x52, 0x44, 0x22, 0x7D, 0x71, 0xA2, 0x97, 0x10,
    0x04, 0xD1, 0x6C, 0xE1, 0xB0, 0x23, 0x52, 0x50, 0xA4, 0x60, 0x74, 0xD7, 0x0B, 0xDF, 0x91, 0x5E,
    0x73, 0xC8, 0x42, 0x23, 0xE1, 0xCD, 0xF0, 0x3F, 0xEF, 0x66, 0x37, 0x44, 0x50, 0x80, 0xA5, 0xEF,
    0x73, 0xE6, 0xCD, 0x9B, 0x17, 0xBD, 0xF1, 0xD3, 0x62, 0xAF, 0x02, 0x3E, 0x26, 0xFB, 0x07, 0x40,
    0x1D, 0x90, 0xC6, 0x5B, 0x64, 0xE3, 0xB2, 0x29, 0x8E, 0xE7, 0xF6, 0xF0, 0xE0, 0x07, 0x57, 0x1D,
    0x7C, 0xDF, 0x98, 0xA3, 0x0B, 0x2C, 0x8E, 0x3C, 0xC2, 0x73, 0x8F, 0xE1, 0xA2, 0x5F, 0xF3, 0xCE,
    0x4D, 0x84, 0x37, 0x16, 0x8B, 0xB7, 0x6B, 0x4E, 0x5E, 0x5B, 0xD4, 0xAF, 0xAF, 0x5C, 0x79, 0x75,
    0x6A, 0xF3, 0xDF, 0xBE, 0x6B, 0x14, 0x6B, 0xA9, 0x78, 0x03, 0xF5, 0x73, 0x03, 0x75, 0x4D, 0xCE,
    0xB0, 0x7E, 0x3E, 0x58, 0x01, 0x31, 0x3A, 0x35, 0xE8, 0x21, 0xE3, 0xD1, 0xBC, 0xC5, 0xFB, 0x79,
    0x03, 0x4C, 0xB4, 0xC0, 0x3C, 0x8E, 0x13, 0xCA, 0x01, 0xAA, 0x07, 0x52, 0xBF, 0x8B, 0xA5, 0x5C,
    0x4B, 0x9C, 0xE7, 0x50, 0x83, 0xC4, 0x18, 0x04, 0x1D, 0x50, 0x41, 0x8F, 0x5B, 0x7D, 0x2B, 0xFA,
    0x5A, 0x74, 0xDE, 0x50, 0x67, 0x6D, 0x85, 0xFA, 0x34, 0xC6, 0xB6, 0xFE, 0x92, 0xD2, 0x5F, 0xF4,
    0x8C, 0xBD, 0xF0, 0x54, 0x4B, 0xD5, 0x2C, 0xD1, 0xD6, 0x71, 0xAC, 0x5B, 0xDD, 0x56, 0x12, 0x9B,
    0x89, 0x0A, 0x51, 0x6E, 0xA8, 0xAC, 0xA3, 0xF4, 0x48, 0xA9, 0x11, 0xCB, 0x00, 0x60, 0x19, 0xA9,
    0xAE, 0x68, 0x29, 0x6D, 0x29, 0xB5, 0xD3, 0x4F, 0x2B, 0xC6, 0xAE, 0x23, 0x77, 0xCF, 0x3F, 0x65,
    0x5E, 0x01, 0x9E, 0xC8, 0xB9, 0x11, 0xD8, 0x59, 0x67, 0xD8, 0x4E, 0x77, 0x98, 0x04, 0x74, 0x25,
    0x4E, 0xD0, 0xE5, 0x4D, 0x41, 0xD9, 0x9C, 0x27, 0x1C, 0xA5, 0x86, 0x12, 0x1D, 0xE2, 0x8A, 0x2A,
    0x6F, 0xE4, 0x36, 0x66, 0x6B, 0x65, 0x0D, 0xAA, 0x7F, 0x14, 0x1B, 0x8F, 0x56, 0xD4, 0x66, 0xA7,
    0x86, 0xB1, 0x33, 0x23, 0xAD, 0xEE, 0x73, 0xE3, 0x7C, 0xAF, 0xB6, 0xF5, 0xF9, 0x87, 0xB5, 0xD5,
    0x5F, 0x3D, 0x66, 0xEC, 0x65, 0x7E, 0xA7, 0x6F, 0x32, 0x76, 0xD4, 0x51, 0x6A, 0xD4, 0x01, 0x2A,
    0xA8, 0x80, 0xF9, 0x2D, 0xCC, 0x3C, 0x3A, 0x63, 0x52, 0x6F, 0x0C, 0x82, 0x31, 0x1F, 0x99, 0xFF,
    0xF8, 0xC8, 0x01, 0x04, 0x29, 0x30, 0x15, 0x62, 0x41, 0x20, 0x07, 0x8A, 0xE8, 0x85, 0xCD, 0x87,
    0x45, 0x7A, 0x9B, 0x23, 0x8F, 0xBF, 0xA0, 0x6C, 0x97, 0x98, 0xA1, 0x80, 0x01, 0x7B, 0xDE, 0x21,
    0x6B, 0x89, 0xCB, 0x3E, 0xF3, 0x7E, 0x9D, 0xF2, 0xEF, 0x9E, 0x25, 0x1B, 0x15, 0x30, 0xBF, 0x81,
    0x8C, 0x55, 0xEE, 0xCA, 0xB6, 0x84, 0xB6, 0x33, 0xA4, 0xCE, 0x00, 0xE8, 0xA6, 0x1C, 0x87, 0x48,
    0x02, 0xB0, 0x45, 0xD6, 0x12, 0x97, 0x7D, 0x43, 0x66, 0x50, 0x4E, 0xCE, 0xC9, 0x79, 0xA9, 0x33,
    0xD5, 0x73, 0x38, 0x14, 0x8D, 0x54, 0xEA, 0x29, 0xED, 0xA8, 0xDC, 0x4E, 0xA9, 0xD4, 0x89, 0x28,
    0x50, 0xAF, 0x3C, 0xA6, 0x2B, 0x9F, 0x24, 0x4B, 0xD9, 0x18, 0xB7, 0x29, 0xB5, 0x28, 0x6F, 0xEF,
    0x0A, 0x28, 0x4F, 0x21, 0x88, 0x2E, 0x45, 0xF5, 0xEE, 0x73, 0xD9, 0x69, 0xA4, 0x91, 0x3C, 0xD4,
    0x73, 0xEA, 0x4F, 0x4F, 0xC5, 0x16, 0xC8, 0xA6, 0x41, 0xE3, 0x2A, 0xFD, 0xC3, 0x5F, 0x20, 0x79,
    0x12, 0xE5, 0xCF, 0xD8, 0x00, 0xC5, 0x20, 0x19, 0xB2, 0x7A, 0x23, 0xB9, 0x0F, 0xAB, 0x50, 0x19,
    0x3B, 0xA3, 0xD8, 0x77, 0x66, 0x53, 0x4F, 0x61, 0x71, 0xEF, 0x9F, 0x73, 0x69, 0xB0, 0xD3, 0xDF,
    0x36, 0x16, 0x9B, 0x13, 0x31, 0xF6, 0xA2, 0x46, 0x52, 0xF0, 0xEF, 0x02, 0xAA, 0x7B, 0x1C, 0x00,
    0x65, 0x40, 0xC2, 0x63, 0x7A, 0x58, 0xDA, 0xBC, 0xFD, 0xDD, 0x17, 0xE8, 0xFB, 0x4F, 0xD0, 0x63,
    0x96, 0x38, 0x54, 0xA9, 0x85, 0x11, 0x94, 0x10, 0xBD, 0xD1, 0x42, 0xE3, 0xAB, 0x0C, 0x7E, 0x96,
    0xC3, 0x1F, 0x92, 0xE2, 0x71, 0xEA, 0xF3, 0x97, 0xBC, 0xC0, 0x55, 0x61, 0x59, 0x07, 0xA8, 0x87,
    0x6D, 0x69, 0x1C, 0x6D, 0x7E, 0x39, 0x20, 0x17, 0xA8, 0x86, 0xCC, 0x03, 0x4D, 0x42, 0x01, 0xC3,
    0xBA, 0x6F, 0x69, 0xA2, 0x9D, 0x04, 0xFC, 0x08, 0x20, 0x95, 0x78, 0x61, 0x71, 0x6F, 0x63, 0xBA,
    0x77, 0xE5, 0xB6, 0xEA, 0x29, 0xC6, 0x8E, 0x81, 0xD5, 0xA3, 0x00, 0xCC, 0x23, 0x03, 0x99, 0x8C,
    0x2F, 0x2E, 0x88, 0xDF, 0xF1, 0x6C, 0x58, 0xCF, 0xDD, 0xDB, 0xD8, 0x94, 0xE9, 0xB5, 0x9D, 0xA9,
    0x2B, 0x27, 0x8D, 0x2C, 0x54, 0x8B, 0x85, 0x6E, 0x30, 0x64, 0xC0, 0x90, 0x6F, 0x78, 0x4C, 0xF6,
    0x80, 0x40, 0x16, 0xFB, 0x80, 0xA9, 0x80, 0x59, 0x95, 0xBA, 0xF2, 0x98, 0x73, 0x17, 0xCA, 0x46,
    0xEA, 0x20, 0xDE, 0x6C, 0x4B, 0x27, 0xFD, 0x34, 0xDF, 0xA3, 0x80, 0xDD, 0xB3, 0x8B, 0x69, 0x8B,
    0xFF, 0xC3, 0x9C, 0x67, 0x05, 0x24, 0x7E, 0x3B, 0xFD, 0xDB, 0x18, 0x0E, 0xA7, 0x35, 0x92, 0x91,
    0x31, 0x4F, 0x1A, 0xE0, 0x73, 0x00, 0x25, 0xDF, 0xB9, 0x05, 0x94, 0xE7, 0x5E, 0x00, 0x70, 0x49,
    0xEA, 0x4D, 0x30, 0xF9, 0x4C, 0x4A, 0xED, 0x78, 0x8F, 0x5C, 0x72, 0x64, 0x87, 0x69, 0x30, 0x65,
    0x2E, 0xE7, 0x7E, 0x0F, 0x4F, 0xDF, 0xAD, 0x90, 0xC4, 0x1E, 0x29, 0xDB, 0x2C, 0x3D, 0xCC, 0x9C,
    0x3C, 0xF5, 0xE8, 0x78, 0x26, 0x24, 0x3E, 0x19, 0x12, 0xAF, 0xFB, 0xC4, 0x3F, 0x93, 0x0F, 0xCC,
    0xBC, 0x01, 0x3A, 0xDE, 0x36, 0x9A, 0x03, 0xA7, 0xDD, 0xA3, 0x41, 0x5B, 0x8C, 0xC4, 0x3C, 0xA0,
    0xD3, 0x36, 0x1D, 0x96, 0xCC, 0x21, 0x8D, 0x76, 0x9B, 0x16, 0xF9, 0xE6, 0x7A, 0xE2, 0x61, 0xFB,
    0xC9, 0x8B, 0x16, 0xE9, 0x2B, 0xBB, 0x85, 0x1F, 0x96, 0xAC, 0x60, 0x30, 0x6F, 0x0C, 0x7B, 0x31,
    0xC8, 0x88, 0xDE, 0xBC, 0xF3, 0xD6, 0xA0, 0xE4, 0x7E, 0xD8, 0xE4, 0x14, 0x5C, 0x6B, 0x67, 0xA0,
    0x7A, 0xE2, 0x37, 0xF4, 0xEB, 0x58, 0x61, 0x79, 0x7F, 0x53, 0xEE, 0xFD, 0xFA, 0x78, 0xD2, 0xE0,
    0x2F, 0xA5, 0xD5, 0x3D, 0x8C, 0xDC, 0x54, 0x17, 0xC6, 0xF1, 0x9F, 0xC7, 0xFB, 0x6A, 0x76, 0x5E,
    0x93, 0x5C, 0x0A, 0x8A, 0x48, 0x44, 0x31, 0x05, 0x05, 0x4D, 0xB2, 0xBD, 0x34, 0xE3, 0xB1, 0xA0,
    0x87, 0xF4, 0x15, 0x7D, 0x43, 0x1B, 0x89, 0x6C, 0xD6, 0x7D, 0x01, 0xF4, 0x7D, 0x49, 0x39, 0x45,
    0x8A, 0x95, 0xD6, 0x3D, 0xCD, 0x00, 0x3D, 0x72, 0x8F, 0x04, 0x57, 0x68, 0x90, 0x5C, 0x4C, 0x62,
    0x7C, 0x12, 0x58, 0xA4, 0x44, 0x49, 0x94, 0x50, 0x3C, 0x7F, 0x8D, 0xE6, 0x9E, 0xAF, 0xC7, 0x3A,
    0xBA, 0xD7, 0x29, 0x6C, 0xE1, 0x88, 0x32, 0x23, 0xF5, 0xD8, 0x4E, 0xD3, 0xD4, 0x3D, 0x43, 0xEA,
    0x50, 0x0E, 0x30, 0x42, 0x03, 0x37, 0x00, 0x9C, 0xA0, 0xC6, 0x45, 0xAF, 0x98, 0xB2, 0xE5, 0x2F,
    0x97, 0xEA, 0xCF, 0xB7, 0x36, 0x37, 0x53, 0x77, 0x92, 0x0A, 0x92, 0xB7, 0x97, 0x15, 0xA4, 0x16,
    0xCB, 0x3D, 0x8A, 0x03, 0x9C, 0x8B, 0x79, 0xDA, 0x40, 0x87, 0x06, 0xC5, 0x88, 0xE5, 0x80, 0xD4,
    0xE1, 0xFF, 0xC0, 0x3B, 0x35, 0x8D, 0x61, 0x63, 0xE8, 0x18, 0x3E, 0x4C, 0x84, 0x99, 0x30, 0xA5,
    0xC6, 0x09, 0x6E, 0x2D, 0xF0, 0xB0, 0xEA, 0x15, 0x87, 0x32, 0xC7, 0x5C, 0x47, 0x75, 0xEB, 0xCC,
    0xC5, 0x3C, 0x4F, 0x7F, 0x15, 0x38, 0xE3, 0x4C, 0xD5, 0xBB, 0xB4, 0xC8, 0x8B, 0xCC, 0x65, 0xD5,
    0xF3, 0x49, 0xF9, 0x1F, 0xBF, 0xD4, 0xAD, 0xB4, 0xD4, 0xDC, 0xAC, 0xBB, 0xF4, 0x4D, 0xA3, 0xFC,
    0x6D, 0x64, 0x1A, 0xD8, 0x76, 0xDC, 0x04, 0x73, 0xFF, 0xFD, 0x73, 0xB5, 0x7C, 0x3D, 0xF0, 0x60,
    0x9C, 0xD5, 0xCC, 0x4A, 0x9D, 0x07, 0xE5, 0xE0, 0x03, 0x23, 0x1A, 0xA4, 0x8E, 0x72, 0xC0, 0x88,
    0x0D, 0x4E, 0x2D, 0xA6, 0xA7, 0xCA, 0x69, 0xC2, 0x44, 0xF9, 0x3B, 0xE9, 0x5B, 0x9A, 0xC4, 0x98,
    0x94, 0x43, 0x92, 0xBA, 0xFF, 0x69, 0x30, 0x12, 0x99, 0x51, 0xA1, 0xC1, 0x69, 0xE8, 0xA5, 0xAA,
    0xD7, 0x7F, 0xAC, 0x44, 0x6E, 0xD4, 0x10, 0xB5, 0xA2, 0x66, 0xD4, 0x36, 0x89, 0x5E, 0x21, 0x4E,
    0xB1, 0x79, 0xB1, 0xF2, 0xC7, 0xC6, 0x98, 0x39, 0x66, 0x7F, 0xEE, 0x61, 0x14, 0x9E, 0xC2, 0xDB,
    0xEC, 0xB1, 0x17, 0x3E, 0x23, 0x3E, 0xF0, 0x04, 0x2E, 0x10, 0xB9, 0xEF, 0x59, 0xF6, 0xB6, 0x81,
    0xE3, 0x8C, 0x32, 0xAB, 0xBA, 0xD4, 0x3B, 0x8B, 0x8D, 0x79, 0x12, 0x18, 0xBC, 0x7E, 0x8D, 0x8B,
    0xC7, 0xA8, 0x46, 0x9C, 0x75, 0xD8, 0xC0, 0x43, 0xAB, 0x40, 0xDD, 0xCE, 0x58, 0xEE, 0xAD, 0x15,
    0x07, 0x67, 0xAD, 0x73, 0x55, 0xAC, 0x61, 0x71, 0x35, 0x03, 0x1B, 0xE2, 0x40, 0x84, 0x88, 0x60,
    0x56, 0x00, 0xB7, 0x70, 0x4E, 0x31, 0xB2, 0x1C, 0xC4, 0x61, 0x6C, 0x4B, 0x0E, 0xD5, 0xE4, 0x39,
    0x23, 0xCF, 0xA9, 0xD9, 0xB9, 0xEC, 0xB6, 0xCC, 0x1B, 0x75, 0x5F, 0xF1, 0xF2, 0xE7, 0x9E, 0x27,
    0x19, 0x66, 0xE5, 0x9D, 0xAA, 0xDF, 0xD9, 0xDA, 0x39, 0xDA, 0x95, 0xD9, 0xAE, 0xE8, 0xED, 0x78,
    0xAD, 0xEE, 0xE3, 0x8D, 0x7D, 0x4F, 0x65, 0x1B, 0xD9, 0x28, 0x97, 0x83, 0x9C, 0x5A, 0xF9, 0xDA,
    0x47, 0x4B, 0x38, 0x2F, 0x0E, 0x38, 0xC7, 0x6D, 0x60, 0xF7, 0x46, 0x75, 0x76, 0xE5, 0x60, 0x67,
    0x9C, 0xD5, 0xCC, 0xFA, 0xD7, 0x07, 0x55, 0xCF, 0x16, 0x47, 0xCA, 0x4C, 0xD1, 0x03, 0xBE, 0xDA,
    0xB3, 0x98, 0x8E, 0x54, 0xFB, 0x2D, 0x49, 0xD5, 0xB9, 0xA3, 0xEC, 0xDD, 0x0D, 0xAC, 0x15, 0xED,
    0x0C, 0x5C, 0xE3, 0xFD, 0xF5, 0x09, 0x8F, 0xD7, 0x35, 0xCD, 0xFA, 0x11, 0xE9, 0xFB, 0x91, 0x72,
    0x1A, 0x70, 0x7D, 0x85, 0x38, 0x81, 0xAB, 0x96, 0x2A, 0x3A, 0xD7, 0xED, 0x25, 0x1B, 0xF7, 0x78,
    0x20, 0xB1, 0x0B, 0xDC, 0x57, 0xB5, 0xBC, 0x80, 0x93, 0x40, 0x5D, 0x7D, 0xD6, 0x4B, 0x3F, 0x7C,
    0xD1, 0x29, 0x7F, 0x7D, 0x84, 0x69, 0xC4, 0xF6, 0xFA, 0x3E, 0x5A, 0x40, 0xAC, 0xC9, 0xDF, 0xC0,
    0x47, 0x53, 0xCF, 0xE1, 0x8F, 0xAC, 0x1C, 0xF2, 0xA5, 0xAA, 0xCB, 0x8D, 0x24, 0x27, 0x77, 0x7D,
    0x99, 0xDA, 0x35, 0xCB, 0xEE, 0x15, 0xA8, 0xDA, 0xBB, 0x24, 0x35, 0xF7, 0xC2, 0xF6, 0x43, 0xE5,
    0x61, 0x71, 0xE0, 0x6A, 0xDA, 0xF3, 0xE1, 0x53, 0xB6, 0xF1, 0x23, 0x40, 0x1D, 0xB8, 0xF8, 0xB1,
    0xB5, 0xF8, 0xF3, 0xE7, 0xC1, 0xF2, 0xA7, 0xFD, 0x41, 0xFA, 0x74, 0xBF, 0x56, 0x2F, 0xF6, 0x77,
    0x6C, 0x8A, 0xEF, 0x92, 0x67, 0xF5, 0x5E, 0xDF, 0x28, 0x51, 0xAB, 0xFA, 0xEB, 0x46, 0xD3, 0x3F,
    0x8D, 0x58, 0x41, 0xFD, 0xEA, 0xDB, 0xB9, 0xC5, 0x39, 0xE2, 0xE0, 0x34, 0x42, 0xB6, 0x11, 0x7C,
    0x5C, 0xBD, 0xD3, 0xFB, 0xF2, 0x76, 0x0F, 0xD4, 0x0A, 0x4D, 0x6A, 0xB9, 0xF1, 0x4E, 0x0F, 0xC7,
    0x5F, 0xB5, 0xD2, 0x81, 0x86, 0xDC, 0x50, 0x14, 0x87, 0xF1, 0xDF, 0x24, 0x34, 0x34, 0xB8, 0x0F,
    0x50, 0x04, 0xA0, 0xD0, 0x1D, 0x80, 0x62, 0xB2, 0x9B, 0x37, 0xE8, 0x4B, 0x14, 0x80, 0x05, 0x58,
    0x4C, 0x4D, 0x5E, 0xA0, 0xEC, 0x13, 0xF4, 0x29, 0x16, 0x83, 0xD1, 0xB9, 0x8F, 0x10, 0xFA, 0x02,
    0x41, 0x51, 0x28, 0x17, 0x41, 0x96, 0xE9, 0xA6, 0x73, 0x97, 0xB5, 0xAB, 0x14, 0x68, 0xF1, 0x9D,
    0xC4, 0x39, 0xFF, 0xFB, 0x45, 0x8E, 0xEB, 0x23, 0xAE, 0x3A, 0xAA, 0x11, 0x27, 0xAC, 0x51, 0xF7,
    0xAE, 0xBF, 0xC5, 0xE2, 0xE1, 0xEB, 0x58, 0xC7, 0x3A, 0x05, 0x45, 0xBA, 0x60, 0x6A, 0x99, 0x5F,
    0x30, 0x65, 0x2E, 0xC8, 0xF3, 0x9C, 0x3B, 0xE7, 0x8F, 0x9D, 0xEB, 0x19, 0x08, 0x23, 0x4D, 0xE2,
    0x5D, 0x62, 0xB3, 0x67, 0xBB, 0x65, 0xBF, 0x61, 0xBA, 0xB4, 0x4A, 0x8D, 0x62, 0x0C, 0xCA, 0x21,
    0x74, 0x55, 0x3C, 0x9F, 0xEC, 0xAB, 0x18, 0xBA, 0x72, 0x38, 0x77, 0xD3, 0xFA, 0x3C, 0xBD, 0x64,
    0xDA, 0x30, 0x1F, 0x38, 0x1C, 0x97, 0xE5, 0x94, 0x81, 0xF3, 0x33, 0x66, 0xF6, 0xCA, 0x7F, 0x02,
    0x5C, 0x2D, 0xCB, 0xF4, 0x08, 0x9A, 0x9E, 0x3A, 0x52, 0x26, 0xCC, 0xF8, 0x84, 0x35, 0x42, 0x6E,
    0x0E, 0x14, 0x4F, 0x83, 0x03, 0xAB, 0x89, 0x72, 0x24, 0xCF, 0xD6, 0xC8, 0xD9, 0x99, 0x1C, 0xA9,
    0x22, 0xA1, 0xE3, 0xEA, 0xD9, 0x9F, 0x99, 0x33, 0xA8, 0x7B, 0x04, 0x68, 0xE0, 0x02, 0x5A, 0xBB,
    0xC1, 0xC6, 0x2E, 0xB9, 0x21, 0x99, 0x98, 0x24, 0xF6, 0xAB, 0xC4, 0xB6, 0x18, 0xD9, 0x94, 0x91,
    0x36, 0x97, 0x26, 0x9F, 0x0F, 0xD9, 0x1F, 0x3E, 0xA0, 0xFE, 0x82, 0xEA, 0x27, 0xCA, 0x13, 0x72,
    0x29, 0xBE, 0xAF, 0x66, 0xCD, 0x52, 0x2F, 0xDA, 0xF0, 0x39, 0xF4, 0xDB, 0xF2, 0x47, 0x15, 0xF7,
    0x45, 0xCA, 0x3F, 0x9D, 0x4B, 0x7E, 0xBB, 0x29, 0xEF, 0xCA, 0xD8, 0xBE, 0x6E, 0x43, 0xBF, 0x3E,
    0x35, 0x8B, 0x6A, 0xAA, 0x66, 0x56, 0xCB, 0xAC, 0x3A, 0xF3, 0xF8, 0x81, 0xFF, 0x41, 0x67, 0x59,
    0x58, 0x4E, 0x40, 0x75, 0xEF, 0xFD, 0x7A, 0x19, 0xE6, 0xB6, 0x5A, 0xD2, 0x5B, 0xBB, 0x9E, 0xBF,
    0xF5, 0x5F, 0x21, 0x60, 0xE3, 0x69, 0x8D, 0x8A, 0x91, 0x32, 0x52, 0x67, 0xAF, 0xE7, 0xFE, 0x1D,
    0x12, 0xC5, 0x00, 0x50, 0x44, 0xAE, 0xA3, 0xEA, 0xA1, 0xB3, 0x1B, 0xD5, 0xBF, 0xD8, 0xDD, 0x72,
    0xC0, 0xB1, 0xA7, 0xB9, 0xC7, 0x71, 0xA0, 0x7E, 0xC0, 0x2E, 0x52, 0x45, 0x78, 0x79, 0xDD, 0xE0,
    0x4E, 0xCE, 0xB3, 0x7E, 0x5C, 0xD3, 0xAD, 0x2C, 0xE2, 0x18, 0xA9, 0x9F, 0xFC, 0xD9, 0xE3, 0x4D,
    0xF6, 0xF7, 0xEC, 0xF1, 0xA7, 0xE7, 0x37, 0x63, 0xFC, 0x7F, 0xF8, 0x01, 0xFB, 0xFF, 0xE3, 0x5F,
    0xB8, 0x1B, 0xD8, 0xBF, 0xF0, 0x3B, 0x30, 0x3F, 0xE0, 0x77, 0x60, 0x60, 0x00, 0xE1, 0xFF, 0xFF,
    0xFF, 0x3F, 0x00, 0x61, 0xFE, 0x06, 0x26, 0xA0, 0x18, 0xE9, 0x98, 0xF1, 0xFF, 0xA1, 0x07, 0xEC,
    0x40, 0xCC, 0x8D, 0xA6, 0xFF, 0x3F, 0x50, 0x0C, 0x88, 0xC9, 0x36, 0x17, 0x00,
};

static const EpdGlyph notosans_14_regularGlyphs[] = {
    { 0, 0, 280, 0, 0, 0, 0 }, // U+0020
    { 5, 21, 280, 6, 21, 27, 0 }, // !
    { 8, 8, 280, 5, 22, 16, 27 }, // "
    { 18, 21, 280, 0, 21, 95, 43 }, // #
    { 16, 28, 280, 1, 25, 112, 138 }, // $
    { 18, 21, 311, 1, 21, 95, 250 }, // %
    { 17, 21, 280, 0, 21, 90, 345 }, // &
    { 3, 8, 280, 7, 22, 6, 435 }, // '
    { 10, 27, 280, 5, 23, 68, 441 }, // (
    { 9, 27, 280, 3, 23, 61, 509 }, // )
    { 16, 16, 280, 1, 17, 64, 570 }, // *
    { 15, 15, 280, 1, 17, 57, 634 }, // +
    { 7, 8, 280, 5, 4, 14, 691 }, // ,
    { 9, 3, 280, 4, 11, 7, 705 }, // -
    { 5, 4, 280, 6, 4, 5, 712 }, // .
    { 13, 27, 280, 2, 23, 88, 717 }, // /
    { 15, 21, 280, 1, 21, 79, 805 }, // 0
    { 16, 21, 280, 1, 21, 84, 884 }, // 1
    { 15, 21, 280, 1, 21, 79, 968 }, // 2
    { 15, 21, 280, 1, 21, 79, 1047 }, // 3
    { 17, 21, 280, 0, 21, 90, 1126 }, // 4
    { 14, 21, 280, 2, 21, 74, 1216 }, // 5
    { 15, 21, 280, 1, 21, 79, 1290 }, // 6
    { 15, 21, 280, 1, 21, 79, 1369 }, // 7
    { 15, 21, 280, 1, 21, 79, 1448 }, // 8
    { 15, 21, 280, 1, 21, 79, 1527 }, // 9
    { 5, 16, 280, 6, 16, 20, 1606 }, // :
    { 7, 20, 280, 5, 16, 35, 1626 }, // ;
    { 14, 18, 280, 2, 18, 63, 1661 }, // <
    { 15, 9, 280, 1, 14, 34, 1724 }, // =
    { 14, 18, 280, 2, 18, 63, 1758 }, // >
    { 13, 21, 280, 2, 21, 69, 1821 }, // ?
    { 14, 25, 280, 2, 21, 88, 1890 }, // @
    { 17, 21, 280, 0, 21, 90, 1978 }, // A
    { 14, 21, 280, 2, 21, 74, 2068 }, // B
    { 14, 21, 280, 2, 21, 74, 2142 }, // C
    { 14, 21, 280, 2, 21, 74, 2216 }, // D
    { 14, 21, 280, 2, 21, 74, 2290 }, // E
    { 14, 21, 280, 2, 21, 74, 2364 }, // F
    { 15, 21, 280, 1, 21, 79, 2438 }, // G
    { 14, 21, 280, 2, 21, 74, 2517 }, // H
    { 14, 21, 280, 2, 21, 74, 2591 }, // I
    { 12, 21, 280, 2, 21, 63, 2665 }, // J
    { 15, 21, 280, 2, 21, 79, 2728 }, // K
    { 13, 21, 280, 3, 21, 69, 2807 }, // L
    { 15, 21, 280, 1, 21, 79, 2876 }, // M
    { 14, 21, 280, 2, 21, 74, 2955 }, // N
    { 15, 21, 280, 1, 21, 79, 3029 }, // O
    { 14, 21, 280, 2, 21, 74, 3108 }, // P
    { 18, 22, 280, 1, 21, 99, 3182 }, // Q
    { 15, 21, 280, 2, 21, 79, 3281 }, // R
    { 15, 21, 280, 1, 21, 79, 3360 }, // S
    { 17, 21, 280, 0, 21, 90, 3439 }, // T
    { 14, 21, 280, 2, 21, 74, 3529 }, // U
    { 16, 21, 280, 1, 21, 84, 3603 }, // V
    { 16, 21, 280, 1, 21, 84, 3687 }, // W
    { 17, 21, 280, 0, 21, 90, 3771 }, // X
    { 17, 21, 280, 0, 21, 90, 3861 }, // Y
    { 16, 21, 280, 1, 21, 84, 3951 }, // Z
    { 9, 28, 280, 6, 24, 63, 4035 }, // [
    { 13, 27, 280, 2, 23, 88, 4098 }, // <backslash>
    { 9, 28, 280, 2, 24, 63, 4186 }, // ]
    { 16, 13, 280, 1, 21, 52, 4249 }, // ^
    { 15, 3, 280, 1, -2, 12, 4301 }, // _
    { 6, 6, 280, 5, 23, 9, 4313 }, // `
    { 16, 16, 280, 1, 16, 64, 4322 }, // a
    { 14, 22, 280, 2, 22, 77, 4386 }, // b
    { 14, 16, 280, 2, 16, 56, 4463 }, // c
    { 14, 22, 280, 1, 22, 77, 4519 }, // d
    { 15, 16, 280, 1, 16, 60, 4596 }, // e
    { 14, 22, 280, 2, 22, 77, 4656 }, // f
    { 14, 22, 280, 1, 16, 77, 4733 }, // g
    { 13, 22, 280, 2, 22, 72, 4810 }, // h
    { 14, 22, 280, 2, 22, 77, 4882 }, // i
    { 11, 28, 280, 2, 22, 77, 4959 }, // j
    { 14, 22, 280, 3, 22, 77, 5036 }, // k
    { 14, 22, 280, 2, 22, 77, 5113 }, // l
    { 15, 16, 280, 1, 16, 60, 5190 }, // m
    { 13, 16, 280, 2, 16, 52, 5250 }, // n
    { 15, 16, 280, 1, 16, 60, 5302 }, // o
    { 14, 22, 280, 2, 16, 77, 5362 }, // p
    { 14, 22, 280, 1, 16, 77, 5439 }, // q
    { 15, 16, 280, 2, 16, 60, 5516 }, // r
    { 15, 16, 280, 1, 16, 60, 5576 }, // s
    { 15, 21, 280, 1, 21, 79, 5636 }, // t
    { 13, 16, 280, 2, 16, 52, 5715 }, // u
    { 15, 16, 280, 1, 16, 60, 5767 }, // v
    { 17, 16, 280, 0, 16, 68, 5827 }, // w
    { 15, 16, 280, 1, 16, 60, 5895 }, // x
    { 15, 22, 280, 1, 16, 83, 5955 }, // y
    { 14, 16, 280, 2, 16, 56, 6038 }, // z
    { 12, 28, 280, 3, 24, 84, 6094 }, // {
    { 3, 27, 280, 7, 23, 21, 6178 }, // |
    { 12, 28, 280, 3, 24, 84, 6199 }, // }
    { 15, 5, 280, 1, 12, 19, 6283 }, // ~
    { 0, 0, 280, 0, 0, 0, 0 }, // U+00A0
    { 5, 21, 280, 6, 16, 27, 0 }, // U+00A1
    { 14, 23, 280, 2, 20, 81, 27 }, // U+00A2
    { 16, 21, 280, 1, 21, 84, 108 }, // U+00A3
    { 17, 21, 280, 0, 21, 90, 192 }, // U+00A5
    { 3, 27, 280, 7, 23, 21, 282 }, // U+00A6
    { 14, 27, 280, 2, 21, 95, 303 }, // U+00A7
    { 9, 3, 280, 4, 22, 7, 398 }, // U+00A8
    { 18, 21, 388, 3, 22, 95, 405 }, // U+00A9
    { 10, 11, 280, 4, 21, 28, 500 }, // U+00AA
    { 14, 14, 280, 2, 15, 49, 528 }, // U+00AB
    { 15, 9, 280, 1, 11, 34, 577 }, // U+00AC
    { 9, 3, 280, 4, 11, 7, 611 }, // U+00AD
    { 12, 12, 280, 3, 22, 36, 618 }, // U+00AE
    { 9, 3, 280, 4, 22, 7, 654 }, // U+00AF
    { 11, 11, 280, 3, 22, 31, 661 }, // U+00B0
    { 15, 19, 280, 1, 19, 72, 692 }, // U+00B1
    { 9, 10, 280, 4, 20, 23, 764 }, // U+00B2
    { 9, 10, 280, 4, 20, 23, 787 }, // U+00B3
    { 6, 6, 280, 7, 23, 9, 810 }, // U+00B4
    { 13, 22, 280, 2, 16, 72, 819 }, // U+00B5
    { 14, 26, 280, 1, 21, 91, 891 }, // U+00B6
    { 5, 4, 280, 6, 11, 5, 982 }, // U+00B7
    { 7, 7, 280, 6, 1, 13, 987 }, // U+00B8
    { 10, 10, 280, 4, 20, 25, 1000 }, // U+00B9
    { 10, 11, 280, 4, 21, 28, 1025 }, // U+00BA
    { 15, 14, 280, 1, 15, 53, 1053 }, // U+00BB
    { 18, 21, 280, 0, 21, 95, 1106 }, // U+00BC
    { 17, 21, 280, 0, 21, 90, 1201 }, // U+00BD
    { 18, 21, 280, 0, 21, 95, 1291 }, // U+00BE
    { 14, 22, 280, 2, 16, 77, 1386 }, // U+00BF
    { 17, 28, 280, 0, 28, 119, 1463 }, // U+00C0
    { 17, 28, 280, 0, 28, 119, 1582 }, // U+00C1
    { 17, 28, 280, 0, 28, 119, 1701 }, // U+00C2
    { 17, 28, 280, 0, 28, 119, 1820 }, // U+00C3
    { 17, 27, 280, 0, 27, 115, 1939 }, // U+00C4
    { 17, 30, 280, 0, 30, 128, 2054 }, // U+00C5
    { 17, 21, 280, 0, 21, 90, 2182 }, // U+00C6
    { 14, 27, 280, 2, 21, 95, 2272 }, // U+00C7
    { 14, 28, 280, 2, 28, 98, 2367 }, // U+00C8
    { 14, 28, 280, 2, 28, 98, 2465 }, // U+00C9
    { 14, 28, 280, 2, 28, 98, 2563 }, // U+00CA
    { 14, 27, 280, 2, 27, 95, 2661 }, // U+00CB
    { 14, 28, 280, 2, 28, 98, 2756 }, // U+00CC
    { 14, 28, 280, 2, 28, 98, 2854 }, // U+00CD
    { 14, 28, 280, 2, 28, 98, 2952 }, // U+00CE
    { 14, 27, 280, 2, 27, 95, 3050 }, // U+00CF
    { 16, 21, 280, 0, 21, 84, 3145 }, // U+00D0
    { 14, 28, 280, 2, 28, 98, 3229 }, // U+00D1
    { 15, 28, 280, 1, 28, 105, 3327 }, // U+00D2
    { 15, 28, 280, 1, 28, 105, 3432 }, // U+00D3
    { 15, 28, 280, 1, 28, 105, 3537 }, // U+00D4
    { 15, 28, 280, 1, 28, 105, 3642 }, // U+00D5
    { 15, 27, 280, 1, 27, 102, 3747 }, // U+00D6
    { 13, 14, 280, 2, 16, 46, 3849 }, // U+00D7
    { 16, 23, 280, 1, 22, 92, 3895 }, // U+00D8
    { 14, 28, 280, 2, 28, 98, 3987 }, // U+00D9
    { 14, 28, 280, 2, 28, 98, 4085 }, // U+00DA
    { 14, 28, 280, 2, 28, 98, 4183 }, // U+00DB
    { 14, 27, 280, 2, 27, 95, 4281 }, // U+00DC
    { 17, 28, 280, 0, 28, 119, 4376 }, // U+00DD
    { 14, 21, 280, 2, 21, 74, 4495 }, // U+00DE
    { 17, 22, 280, 0, 22, 94, 4569 }, // U+00DF
    { 16, 23, 280, 1, 23, 92, 4663 }, // U+00E0
    { 16, 23, 280, 1, 23, 92, 4755 }, // U+00E1
    { 16, 23, 280, 1, 23, 92, 4847 }, // U+00E2
    { 16, 23, 280, 1, 23, 92, 4939 }, // U+00E3
    { 16, 22, 280, 1, 22, 88, 5031 }, // U+00E4
    { 16, 25, 280, 1, 25, 100, 5119 }, // U+00E5
    { 18, 16, 280, 0, 16, 72, 5219 }, // U+00E6
    { 14, 22, 280, 2, 16, 77, 5291 }, // U+00E7
    { 15, 23, 280, 1, 23, 87, 5368 }, // U+00E8
    { 15, 23, 280, 1, 23, 87, 5455 }, // U+00E9
    { 15, 23, 280, 1, 23, 87, 5542 }, // U+00EA
    { 15, 22, 280, 1, 22, 83, 5629 }, // U+00EB
    { 13, 23, 280, 3, 23, 75, 5712 }, // U+00EC
    { 13, 23, 280, 3, 23, 75, 5787 }, // U+00ED
    { 13, 23, 280, 3, 23, 75, 5862 }, // U+00EE
    { 13, 22, 280, 3, 22, 72, 5937 }, // U+00EF
    { 15, 23, 280, 1, 23, 87, 6009 }, // U+00F0
    { 13, 23, 280, 2, 23, 75, 6096 }, // U+00F1
    { 15, 23, 280, 1, 23, 87, 6171 }, // U+00F2
    { 15, 23, 280, 1, 23, 87, 6258 }, // U+00F3
    { 15, 23, 280, 1, 23, 87, 6345 }, // U+00F4
    { 15, 23, 280, 1, 23, 87, 6432 }, // U+00F5
    { 15, 22, 280, 1, 22, 83, 6519 }, // U+00F6
    { 15, 15, 280, 1, 17, 57, 6602 }, // U+00F7
    { 16, 18, 280, 1, 17, 72, 6659 }, // U+00F8
    { 13, 23, 280, 2, 23, 75, 6731 }, // U+00F9
    { 13, 23, 280, 2, 23, 75, 6806 }, // U+00FA
    { 13, 23, 280, 2, 23, 75, 6881 }, // U+00FB
    { 13, 22, 280, 2, 22, 72, 6956 }, // U+00FC
    { 15, 29, 280, 1, 23, 109, 7028 }, // U+00FD
    { 14, 28, 280, 2, 22, 98, 7137 }, // U+00FE
    { 15, 28, 280, 1, 22, 105, 7235 }, // U+00FF
    { 17, 27, 280, 0, 27, 115, 0 }, // U+0100
    { 16, 22, 280, 1, 22, 88, 115 }, // U+0101
    { 17, 29, 280, 0, 29, 124, 203 }, // U+0102
    { 16, 24, 280, 1, 24, 96, 327 }, // U+0103
    { 18, 27, 280, 0, 21, 122, 423 }, // U+0104
    { 16, 22, 280, 1, 16, 88, 545 }, // U+0105
    { 14, 28, 280, 2, 28, 98, 633 }, // U+0106
    { 14, 23, 280, 2, 23, 81, 731 }, // U+0107
    { 14, 28, 280, 2, 28, 98, 812 }, // U+0108
    { 14, 23, 280, 2, 23, 81, 910 }, // U+0109
    { 14, 27, 280, 2, 27, 95, 991 }, // U+010A
    { 14, 22, 280, 2, 22, 77, 1086 }, // U+010B
    { 14, 29, 280, 2, 29, 102, 1163 }, // U+010C
    { 14, 24, 280, 2, 24, 84, 1265 }, // U+010D
    { 14, 29, 280, 2, 29, 102, 1349 }, // U+010E
    { 18, 22, 280, 1, 22, 99, 1451 }, // U+010F
    { 16, 21, 280, 0, 21, 84, 1550 }, // U+0110
    { 16, 22, 280, 1, 22, 88, 1634 }, // U+0111
    { 14, 27, 280, 2, 27, 95, 1722 }, // U+0112
    { 15, 22, 280, 1, 22, 83, 1817 }, // U+0113
    { 14, 29, 280, 2, 29, 102, 1900 }, // U+0114
    { 15, 24, 280, 1, 24, 90, 2002 }, // U+0115
    { 14, 27, 280, 2, 27, 95, 2092 }, // U+0116
    { 15, 22, 280, 1, 22, 83, 2187 }, // U+0117
    { 14, 27, 280, 2, 21, 95, 2270 }, // U+0118
    { 15, 22, 280, 1, 16, 83, 2365 }, // U+0119
    { 14, 29, 280, 2, 29, 102, 2448 }, // U+011A
    { 15, 24, 280, 1, 24, 90, 2550 }, // U+011B
    { 15, 28, 280, 1, 28, 105, 2640 }, // U+011C
    { 14, 29, 280, 1, 23, 102, 2745 }, // U+011D
    { 15, 29, 280, 1, 29, 109, 2847 }, // U+011E
    { 14, 30, 280, 1, 24, 105, 2956 }, // U+011F
    { 15, 27, 280, 1, 27, 102, 3061 }, // U+0120
    { 14, 28, 280, 1, 22, 98, 3163 }, // U+0121
    { 15, 29, 280, 1, 21, 109, 3261 }, // U+0122
    { 14, 30, 280, 1, 24, 105, 3370 }, // U+0123
    { 14, 28, 280, 2, 28, 98, 3475 }, // U+0124
    { 16, 28, 280, -1, 28, 112, 3573 }, // U+0125
    { 18, 21, 280, 0, 21, 95, 3685 }, // U+0126
    { 15, 22, 280, 0, 22, 83, 3780 }, // U+0127
    { 14, 28, 280, 2, 28, 98, 3863 }, // U+0128
    { 13, 23, 280, 3, 23, 75, 3961 }, // U+0129
    { 14, 27, 280, 2, 27, 95, 4036 }, // U+012A
    { 13, 22, 280, 3, 22, 72, 4131 }, // U+012B
    { 14, 29, 280, 2, 29, 102, 4203 }, // U+012C
    { 13, 24, 280, 3, 24, 78, 4305 }, // U+012D
    { 14, 27, 280, 2, 21, 95, 4383 }, // U+012E
    { 14, 28, 280, 3, 22, 98, 4478 }, // U+012F
    { 14, 27, 280, 2, 27, 95, 4576 }, // U+0130
    { 13, 16, 280, 3, 16, 52, 4671 }, // U+0131
    { 13, 21, 280, 2, 21, 69, 4723 }, // U+0132
    { 13, 28, 280, 2, 22, 91, 4792 }, // U+0133
    { 12, 28, 280, 2, 28, 84, 4883 }, // U+0134
    { 15, 29, 280, 2, 23, 109, 4967 }, // U+0135
    { 15, 29, 280, 2, 21, 109, 5076 }, // U+0136
    { 14, 30, 280, 3, 22, 105, 5185 }, // U+0137
    { 14, 16, 280, 3, 16, 56, 5290 }, // U+0138
    { 13, 28, 280, 3, 28, 91, 5346 }, // U+0139
    { 14, 28, 280, 2, 28, 98, 5437 }, // U+013A
    { 13, 29, 280, 3, 21, 95, 5535 }, // U+013B
    { 14, 30, 280, 2, 22, 105, 5630 }, // U+013C
    { 13, 23, 280, 3, 23, 75, 5735 }, // U+013D
    { 14, 23, 280, 2, 23, 81, 5810 }, // U+013E
    { 13, 21, 280, 3, 21, 69, 5891 }, // U+013F
    { 15, 22, 280, 2, 22, 83, 5960 }, // U+0140
    { 15, 21, 280, 1, 21, 79, 6043 }, // U+0141
    { 14, 22, 280, 2, 22, 77, 6122 }, // U+0142
    { 14, 28, 280, 2, 28, 98, 6199 }, // U+0143
    { 13, 23, 280, 2, 23, 75, 6297 }, // U+0144
    { 14, 29, 280, 2, 21, 102, 6372 }, // U+0145
    { 13, 24, 280, 2, 16, 78, 6474 }, // U+0146
    { 14, 29, 280, 2, 29, 102, 6552 }, // U+0147
    { 13, 24, 280, 2, 24, 78, 6654 }, // U+0148
    { 15, 22, 280, 0, 22, 83, 6732 }, // U+0149
    { 14, 27, 280, 2, 21, 95, 6815 }, // U+014A
    { 13, 22, 280, 2, 16, 72, 6910 }, // U+014B
    { 15, 27, 280, 1, 27, 102, 6982 }, // U+014C
    { 15, 22, 280, 1, 22, 83, 7084 }, // U+014D
    { 15, 29, 280, 1, 29, 109, 7167 }, // U+014E
    { 15, 24, 280, 1, 24, 90, 7276 }, // U+014F
    { 15, 28, 280, 1, 28, 105, 7366 }, // U+0150
    { 15, 23, 280, 1, 23, 87, 7471 }, // U+0151
    { 16, 21, 280, 1, 21, 84, 7558 }, // U+0152
    { 18, 16, 280, 0, 16, 72, 7642 }, // U+0153
    { 15, 28, 280, 2, 28, 105, 7714 }, // U+0154
    { 15, 23, 280, 2, 23, 87, 7819 }, // U+0155
    { 15, 29, 280, 2, 21, 109, 7906 }, // U+0156
    { 15, 24, 280, 2, 16, 90, 8015 }, // U+0157
    { 15, 29, 280, 2, 29, 109, 8105 }, // U+0158
    { 15, 24, 280, 2, 24, 90, 8214 }, // U+0159
    { 15, 28, 280, 1, 28, 105, 8304 }, // U+015A
    { 15, 23, 280, 1, 23, 87, 8409 }, // U+015B
    { 15, 28, 280, 1, 28, 105, 8496 }, // U+015C
    { 15, 23, 280, 1, 23, 87, 8601 }, // U+015D
    { 15, 27, 280, 1, 21, 102, 8688 }, // U+015E
    { 15, 22, 280, 1, 16, 83, 8790 }, // U+015F
    { 15, 29, 280, 1, 29, 109, 8873 }, // U+0160
    { 15, 24, 280, 1, 24, 90, 8982 }, // U+0161
    { 17, 29, 280, 0, 21, 124, 9072 }, // U+0162
    { 15, 29, 280, 1, 21, 109, 9196 }, // U+0163
    { 17, 29, 280, 0, 29, 124, 9305 }, // U+0164
    { 15, 24, 280, 1, 24, 90, 9429 }, // U+0165
    { 17, 21, 280, 0, 21, 90, 9519 }, // U+0166
    { 15, 21, 280, 1, 21, 79, 9609 }, // U+0167
    { 14, 28, 280, 2, 28, 98, 9688 }, // U+0168
    { 13, 23, 280, 2, 23, 75, 9786 }, // U+0169
    { 14, 27, 280, 2, 27, 95, 9861 }, // U+016A
    { 13, 22, 280, 2, 22, 72, 9956 }, // U+016B
    { 14, 29, 280, 2, 29, 102, 10028 }, // U+016C
    { 13, 24, 280, 2, 24, 78, 10130 }, // U+016D
    { 14, 30, 280, 2, 30, 105, 10208 }, // U+016E
    { 13, 25, 280, 2, 25, 82, 10313 }, // U+016F
    { 14, 28, 280, 2, 28, 98, 10395 }, // U+0170
    { 13, 23, 280, 2, 23, 75, 10493 }, // U+0171
    { 14, 27, 280, 2, 21, 95, 10568 }, // U+0172
    { 14, 22, 280, 2, 16, 77, 10663 }, // U+0173
    { 16, 28, 280, 1, 28, 112, 10740 }, // U+0174
    { 17, 23, 280, 0, 23, 98, 10852 }, // U+0175
    { 17, 28, 280, 0, 28, 119, 10950 }, // U+0176
    { 15, 29, 280, 1, 23, 109, 11069 }, // U+0177
    { 17, 27, 280, 0, 27, 115, 11178 }, // U+0178
    { 16, 28, 280, 1, 28, 112, 11293 }, // U+0179
    { 14, 23, 280, 2, 23, 81, 11405 }, // U+017A
    { 16, 27, 280, 1, 27, 108, 11486 }, // U+017B
    { 14, 22, 280, 2, 22, 77, 11594 }, // U+017C
    { 16, 29, 280, 1, 29, 116, 11671 }, // U+017D
    { 14, 24, 280, 2, 24, 84, 11787 }, // U+017E
    { 16, 25, 280, 1, 25, 100, 0 }, // U+01A0
    { 15, 20, 280, 1, 20, 75, 100 }, // U+01A1
    { 16, 25, 280, 2, 25, 100, 175 }, // U+01AF
    { 16, 20, 280, 2, 20, 80, 275 }, // U+01B0
    { 17, 34, 280, 0, 34, 145, 355 }, // U+01FA
    { 16, 29, 280, 1, 29, 116, 500 }, // U+01FB
    { 17, 28, 280, 0, 28, 119, 616 }, // U+01FC
    { 18, 23, 280, 0, 23, 104, 735 }, // U+01FD
    { 16, 29, 280, 1, 28, 116, 839 }, // U+01FE
    { 16, 24, 280, 1, 23, 96, 955 }, // U+01FF
    { 15, 29, 280, 1, 21, 109, 1051 }, // U+0218
    { 15, 24, 280, 1, 16, 90, 1160 }, // U+0219
    { 17, 29, 280, 0, 21, 124, 1250 }, // U+021A
    { 15, 29, 280, 1, 21, 109, 1374 }, // U+021B
    { 6, 6, 0, -4, 23, 9, 0 }, // U+0300
    { 6, 6, 0, -2, 23, 9, 9 }, // U+0301
    { 10, 6, 0, -5, 23, 15, 18 }, // U+0302
    { 10, 4, 0, -5, 23, 10, 33 }, // U+0303
    { 10, 3, 0, -5, 22, 8, 43 }, // U+0304
    { 10, 6, 0, -5, 24, 15, 51 }, // U+0306
    { 4, 3, 0, -2, 22, 3, 66 }, // U+0307
    { 10, 3, 0, -5, 22, 8, 69 }, // U+0308
    { 6, 7, 0, -3, 24, 11, 77 }, // U+0309
    { 8, 8, 0, -4, 25, 16, 88 }, // U+030A
    { 10, 6, 0, -4, 23, 15, 104 }, // U+030B
    { 10, 6, 0, -5, 24, 15, 119 }, // U+030C
    { 5, 6, 0, -2, 24, 8, 134 }, // U+0312
    { 4, 6, 0, 0, 23, 6, 142 }, // U+0315
    { 6, 5, 0, -3, 19, 8, 148 }, // U+031B
    { 4, 3, 0, -2, -1, 3, 156 }, // U+0323
    { 5, 6, 0, -3, -2, 8, 159 }, // U+0326
    { 7, 7, 0, -3, 1, 13, 167 }, // U+0327
    { 7, 8, 0, -6, 2, 14, 180 }, // U+0328
    { 14, 28, 280, 2, 28, 98, 0 }, // U+0400
    { 14, 27, 280, 2, 27, 95, 98 }, // U+0401
    { 17, 26, 280, 0, 21, 111, 193 }, // U+0402
    { 13, 28, 280, 3, 28, 91, 304 }, // U+0403
    { 15, 21, 280, 1, 21, 79, 395 }, // U+0404
    { 15, 21, 280, 1, 21, 79, 474 }, // U+0405
    { 14, 21, 280, 2, 21, 74, 553 }, // U+0406
    { 14, 27, 280, 2, 27, 95, 627 }, // U+0407
    { 12, 21, 280, 2, 21, 63, 722 }, // U+0408
    { 18, 21, 280, 0, 21, 95, 785 }, // U+0409
    { 17, 21, 280, 0, 21, 90, 880 }, // U+040A
    { 17, 21, 280, 0, 21, 90, 970 }, // U+040B
    { 15, 28, 280, 2, 28, 105, 1060 }, // U+040C
    { 14, 28, 280, 2, 28, 98, 1165 }, // U+040D
    { 16, 29, 280, 1, 29, 116, 1263 }, // U+040E
    { 14, 26, 280, 2, 21, 91, 1379 }, // U+040F
    { 17, 21, 280, 0, 21, 90, 1470 }, // U+0410
    { 14, 21, 280, 2, 21, 74, 1560 }, // U+0411
    { 14, 21, 280, 2, 21, 74, 1634 }, // U+0412
    { 13, 21, 280, 3, 21, 69, 1708 }, // U+0413
    { 17, 26, 280, 0, 21, 111, 1777 }, // U+0414
    { 14, 21, 280, 2, 21, 74, 1888 }, // U+0415
    { 18, 21, 280, 0, 21, 95, 1962 }, // U+0416
    { 15, 21, 280, 1, 21, 79, 2057 }, // U+0417
    { 14, 21, 280, 2, 21, 74, 2136 }, // U+0418
    { 14, 29, 280, 2, 29, 102, 2210 }, // U+0419
    { 15, 21, 280, 2, 21, 79, 2312 }, // U+041A
    { 16, 21, 280, 0, 21, 84, 2391 }, // U+041B
    { 15, 21, 280, 1, 21, 79, 2475 }, // U+041C
    { 14, 21, 280, 2, 21, 74, 2554 }, // U+041D
    { 15, 21, 280, 1, 21, 79, 2628 }, // U+041E
    { 14, 21, 280, 2, 21, 74, 2707 }, // U+041F
    { 14, 21, 280, 2, 21, 74, 2781 }, // U+0420
    { 14, 21, 280, 2, 21, 74, 2855 }, // U+0421
    { 17, 21, 280, 0, 21, 90, 2929 }, // U+0422
    { 16, 21, 280, 1, 21, 84, 3019 }, // U+0423
    { 17, 23, 280, 0, 22, 98, 3103 }, // U+0424
    { 17, 21, 280, 0, 21, 90, 3201 }, // U+0425
    { 15, 26, 280, 2, 21, 98, 3291 }, // U+0426
    { 14, 21, 280, 1, 21, 74, 3389 }, // U+0427
    { 16, 21, 280, 1, 21, 84, 3463 }, // U+0428
    { 17, 26, 280, 0, 21, 111, 3547 }, // U+0429
    { 17, 21, 280, 0, 21, 90, 3658 }, // U+042A
    { 16, 21, 280, 1, 21, 84, 3748 }, // U+042B
    { 14, 21, 280, 2, 21, 74, 3832 }, // U+042C
    { 15, 21, 280, 1, 21, 79, 3906 }, // U+042D
    { 16, 21, 280, 1, 21, 84, 3985 }, // U+042E
    { 14, 21, 280, 1, 21, 74, 4069 }, // U+042F
    { 16, 16, 280, 1, 16, 64, 4143 }, // U+0430
    { 14, 23, 280, 2, 23, 81, 4207 }, // U+0431
    { 13, 16, 280, 3, 16, 52, 4288 }, // U+0432
    { 12, 16, 280, 3, 16, 48, 4340 }, // U+0433
    { 17, 20, 280, 0, 16, 85, 4388 }, // U+0434
    { 15, 16, 280, 1, 16, 60, 4473 }, // U+0435
    { 17, 16, 280, 0, 16, 68, 4533 }, // U+0436
    { 14, 16, 280, 1, 16, 56, 4601 }, // U+0437
    { 13, 16, 280, 2, 16, 52, 4657 }, // U+0438
    { 13, 24, 280, 2, 24, 78, 4709 }, // U+0439
    { 13, 16, 280, 3, 16, 52, 4787 }, // U+043A
    { 15, 16, 280, 0, 16, 60, 4839 }, // U+043B
    { 14, 16, 280, 2, 16, 56, 4899 }, // U+043C
    { 13, 16, 280, 2, 16, 52, 4955 }, // U+043D
    { 15, 16, 280, 1, 16, 60, 5007 }, // U+043E
    { 13, 16, 280, 2, 16, 52, 5067 }, // U+043F
    { 14, 22, 280, 2, 16, 77, 5119 }, // U+0440
    { 14, 16, 280, 2, 16, 56, 5196 }, // U+0441
    { 14, 16, 280, 2, 16, 56, 5252 }, // U+0442
    { 15, 22, 280, 1, 16, 83, 5308 }, // U+0443
    { 16, 27, 280, 1, 21, 108, 5391 }, // U+0444
    { 15, 16, 280, 1, 16, 60, 5499 }, // U+0445
    { 15, 20, 280, 2, 16, 75, 5559 }, // U+0446
    { 13, 16, 280, 2, 16, 52, 5634 }, // U+0447
    { 15, 16, 280, 1, 16, 60, 5686 }, // U+0448
    { 17, 21, 280, 0, 16, 90, 5746 }, // U+0449
    { 17, 16, 280, 0, 16, 68, 5836 }, // U+044A
    { 15, 16, 280, 1, 16, 60, 5904 }, // U+044B
    { 13, 16, 280, 3, 16, 52, 5964 }, // U+044C
    { 14, 16, 280, 2, 16, 56, 6016 }, // U+044D
    { 16, 16, 280, 1, 16, 64, 6072 }, // U+044E
    { 14, 16, 280, 1, 16, 56, 6136 }, // U+044F
    { 15, 23, 280, 1, 23, 87, 6192 }, // U+0450
    { 15, 22, 280, 1, 22, 83, 6279 }, // U+0451
    { 15, 29, 280, 0, 23, 109, 6362 }, // U+0452
    { 12, 23, 280, 3, 23, 69, 6471 }, // U+0453
    { 14, 16, 280, 2, 16, 56, 6540 }, // U+0454
    { 15, 16, 280, 1, 16, 60, 6596 }, // U+0455
    { 14, 22, 280, 2, 22, 77, 6656 }, // U+0456
    { 13, 22, 280, 3, 22, 72, 6733 }, // U+0457
    { 11, 28, 280, 2, 22, 77, 6805 }, // U+0458
    { 18, 16, 280, 0, 16, 72, 6882 }, // U+0459
    { 17, 16, 280, 0, 16, 68, 6954 }, // U+045A
    { 15, 22, 280, 0, 22, 83, 7022 }, // U+045B
    { 13, 23, 280, 3, 23, 75, 7105 }, // U+045C
    { 13, 23, 280, 2, 23, 75, 7180 }, // U+045D
    { 15, 30, 280, 1, 24, 113, 7255 }, // U+045E
    { 13, 20, 280, 2, 16, 65, 7368 }, // U+045F
    { 15, 21, 280, 1, 21, 79, 7433 }, // U+0472
    { 15, 16, 280, 1, 16, 60, 7512 }, // U+0473
    { 13, 26, 280, 3, 26, 85, 7572 }, // U+0490
    { 12, 20, 280, 3, 20, 60, 7657 }, // U+0491
    { 15, 21, 280, 1, 21, 79, 7717 }, // U+0492
    { 15, 16, 280, 1, 16, 60, 7796 }, // U+0493
    { 14, 26, 280, 2, 21, 91, 7856 }, // U+0494
    { 13, 22, 280, 3, 16, 72, 7947 }, // U+0495
    { 20, 26, 280, -1, 21, 130, 8019 }, // U+0496
    { 18, 20, 280, 0, 16, 90, 8149 }, // U+0497
    { 15, 26, 280, 1, 21, 98, 8239 }, // U+0498
    { 14, 20, 280, 1, 16, 70, 8337 }, // U+0499
    { 15, 26, 280, 2, 21, 98, 8407 }, // U+049A
    { 14, 20, 280, 2, 16, 70, 8505 }, // U+049B
    { 16, 21, 280, 1, 21, 84, 8575 }, // U+049C
    { 15, 16, 280, 2, 16, 60, 8659 }, // U+049D
    { 18, 21, 280, 0, 21, 95, 8719 }, // U+04A0
    { 17, 16, 280, 0, 16, 68, 8814 }, // U+04A1
    { 15, 26, 280, 2, 21, 98, 8882 }, // U+04A2
    { 15, 20, 280, 2, 16, 75, 8980 }, // U+04A3
    { 17, 21, 280, 0, 21, 90, 9055 }, // U+04A4
    { 16, 16, 280, 1, 16, 64, 9145 }, // U+04A5
    { 14, 26, 280, 2, 21, 91, 9209 }, // U+04AA
    { 14, 20, 280, 2, 16, 70, 9300 }, // U+04AB
    { 17, 21, 280, 0, 21, 90, 9370 }, // U+04AE
    { 15, 22, 280, 1, 16, 83, 9460 }, // U+04AF
    { 17, 21, 280, 0, 21, 90, 9543 }, // U+04B0
    { 15, 22, 280, 1, 16, 83, 9633 }, // U+04B1
    { 18, 26, 280, 0, 21, 117, 9716 }, // U+04B2
    { 16, 20, 280, 1, 16, 80, 9833 }, // U+04B3
    { 16, 26, 280, 1, 21, 104, 9913 }, // U+04B6
    { 15, 20, 280, 2, 16, 75, 10017 }, // U+04B7
    { 14, 21, 280, 1, 21, 74, 10092 }, // U+04B8
    { 13, 16, 280, 2, 16, 52, 10166 }, // U+04B9
    { 14, 21, 280, 2, 21, 74, 10218 }, // U+04BA
    { 13, 22, 280, 2, 22, 72, 10292 }, // U+04BB
    { 14, 21, 280, 2, 21, 74, 10364 }, // U+04C0
    { 18, 29, 280, 0, 29, 131, 10438 }, // U+04C1
    { 17, 24, 280, 0, 24, 102, 10569 }, // U+04C2
    { 14, 23, 280, 2, 23, 81, 10671 }, // U+04CF
    { 17, 29, 280, 0, 29, 124, 10752 }, // U+04D0
    { 16, 24, 280, 1, 24, 96, 10876 }, // U+04D1
    { 17, 27, 280, 0, 27, 115, 10972 }, // U+04D2
    { 16, 22, 280, 1, 22, 88, 11087 }, // U+04D3
    { 17, 21, 280, 0, 21, 90, 11175 }, // U+04D4
    { 18, 16, 280, 0, 16, 72, 11265 }, // U+04D5
    { 14, 29, 280, 2, 29, 102, 11337 }, // U+04D6
    { 15, 24, 280, 1, 24, 90, 11439 }, // U+04D7
    { 15, 21, 280, 1, 21, 79, 11529 }, // U+04D8
    { 15, 16, 280, 1, 16, 60, 11608 }, // U+04D9
    { 18, 27, 280, 0, 27, 122, 11668 }, // U+04DC
    { 17, 22, 280, 0, 22, 94, 11790 }, // U+04DD
    { 15, 27, 280, 1, 27, 102, 11884 }, // U+04DE
    { 14, 22, 280, 1, 22, 77, 11986 }, // U+04DF
    { 14, 27, 280, 2, 27, 95, 12063 }, // U+04E2
    { 13, 22, 280, 2, 22, 72, 12158 }, // U+04E3
    { 14, 27, 280, 2, 27, 95, 12230 }, // U+04E4
    { 13, 22, 280, 2, 22, 72, 12325 }, // U+04E5
    { 15, 27, 280, 1, 27, 102, 12397 }, // U+04E6
    { 15, 22, 280, 1, 22, 83, 12499 }, // U+04E7
    { 15, 21, 280, 1, 21, 79, 12582 }, // U+04E8
    { 15, 16, 280, 1, 16, 60, 12661 }, // U+04E9
    { 16, 27, 280, 1, 27, 108, 12721 }, // U+04EE
    { 15, 28, 280, 1, 22, 105, 12829 }, // U+04EF
    { 16, 27, 280, 1, 27, 108, 12934 }, // U+04F0
    { 15, 28, 280, 1, 22, 105, 13042 }, // U+04F1
    { 16, 28, 280, 1, 28, 112, 13147 }, // U+04F2
    { 15, 29, 280, 1, 23, 109, 13259 }, // U+04F3
    { 14, 27, 280, 1, 27, 95, 13368 }, // U+04F4
    { 13, 22, 280, 2, 22, 72, 13463 }, // U+04F5
    { 16, 27, 280, 1, 27, 108, 13535 }, // U+04F8
    { 15, 22, 280, 1, 22, 83, 13643 }, // U+04F9
    { 17, 25, 280, 0, 21, 107, 0 }, // U+1EA0
    { 16, 20, 280, 1, 16, 80, 107 }, // U+1EA1
    { 17, 30, 280, 0, 30, 128, 187 }, // U+1EA2
    { 16, 24, 280, 1, 24, 96, 315 }, // U+1EA3
    { 17, 33, 280, 0, 33, 141, 411 }, // U+1EA4
    { 16, 28, 280, 1, 28, 112, 552 }, // U+1EA5
    { 17, 33, 280, 0, 33, 141, 664 }, // U+1EA6
    { 17, 28, 280, 0, 28, 119, 805 }, // U+1EA7
    { 17, 33, 280, 0, 33, 141, 924 }, // U+1EA8
    { 16, 28, 280, 1, 28, 112, 1065 }, // U+1EA9
    { 17, 32, 280, 0, 32, 136, 1177 }, // U+1EAA
    { 16, 27, 280, 1, 27, 108, 1313 }, // U+1EAB
    { 17, 32, 280, 0, 28, 136, 1421 }, // U+1EAC
    { 16, 27, 280, 1, 23, 108, 1557 }, // U+1EAD
    { 17, 33, 280, 0, 33, 141, 1665 }, // U+1EAE
    { 16, 28, 280, 1, 28, 112, 1806 }, // U+1EAF
    { 17, 33, 280, 0, 33, 141, 1918 }, // U+1EB0
    { 16, 28, 280, 1, 28, 112, 2059 }, // U+1EB1
    { 17, 33, 280, 0, 33, 141, 2171 }, // U+1EB2
    { 16, 28, 280, 1, 28, 112, 2312 }, // U+1EB3
    { 17, 33, 280, 0, 33, 141, 2424 }, // U+1EB4
    { 16, 28, 280, 1, 28, 112, 2565 }, // U+1EB5
    { 17, 33, 280, 0, 29, 141, 2677 }, // U+1EB6
    { 16, 28, 280, 1, 24, 112, 2818 }, // U+1EB7
    { 14, 25, 280, 2, 21, 88, 2930 }, // U+1EB8
    { 15, 20, 280, 1, 16, 75, 3018 }, // U+1EB9
    { 14, 30, 280, 2, 30, 105, 3093 }, // U+1EBA
    { 15, 24, 280, 1, 24, 90, 3198 }, // U+1EBB
    { 14, 28, 280, 2, 28, 98, 3288 }, // U+1EBC
    { 15, 23, 280, 1, 23, 87, 3386 }, // U+1EBD
    { 15, 33, 280, 2, 33, 124, 3473 }, // U+1EBE
    { 16, 28, 280, 1, 28, 112, 3597 }, // U+1EBF
    { 15, 33, 280, 1, 33, 124, 3709 }, // U+1EC0
    { 15, 28, 280, 1, 28, 105, 3833 }, // U+1EC1
    { 14, 33, 280, 2, 33, 116, 3938 }, // U+1EC2
    { 15, 28, 280, 1, 28, 105, 4054 }, // U+1EC3
    { 14, 32, 280, 2, 32, 112, 4159 }, // U+1EC4
    { 15, 27, 280, 1, 27, 102, 4271 }, // U+1EC5
    { 14, 32, 280, 2, 28, 112, 4373 }, // U+1EC6
    { 15, 27, 280, 1, 23, 102, 4485 }, // U+1EC7
    { 14, 30, 280, 2, 30, 105, 4587 }, // U+1EC8
    { 13, 24, 280, 3, 24, 78, 4692 }, // U+1EC9
    { 14, 25, 280, 2, 21, 88, 4770 }, // U+1ECA
    { 14, 26, 280, 2, 22, 91, 4858 }, // U+1ECB
    { 15, 25, 280, 1, 21, 94, 4949 }, // U+1ECC
    { 15, 20, 280, 1, 16, 75, 5043 }, // U+1ECD
    { 15, 30, 280, 1, 30, 113, 5118 }, // U+1ECE
    { 15, 24, 280, 1, 24, 90, 5231 }, // U+1ECF
    { 16, 33, 280, 1, 33, 132, 5321 }, // U+1ED0
    { 16, 28, 280, 1, 28, 112, 5453 }, // U+1ED1
    { 15, 33, 280, 1, 33, 124, 5565 }, // U+1ED2
    { 15, 28, 280, 1, 28, 105, 5689 }, // U+1ED3
    { 15, 33, 280, 1, 33, 124, 5794 }, // U+1ED4
    { 15, 28, 280, 1, 28, 105, 5918 }, // U+1ED5
    { 15, 32, 280, 1, 32, 120, 6023 }, // U+1ED6
    { 15, 27, 280, 1, 27, 102, 6143 }, // U+1ED7
    { 15, 32, 280, 1, 28, 120, 6245 }, // U+1ED8
    { 15, 27, 280, 1, 23, 102, 6365 }, // U+1ED9
    { 16, 28, 280, 1, 28, 112, 6467 }, // U+1EDA
    { 15, 23, 280, 1, 23, 87, 6579 }, // U+1EDB
    { 16, 28, 280, 1, 28, 112, 6666 }, // U+1EDC
    { 15, 23, 280, 1, 23, 87, 6778 }, // U+1EDD
    { 16, 30, 280, 1, 30, 120, 6865 }, // U+1EDE
    { 15, 24, 280, 1, 24, 90, 6985 }, // U+1EDF
    { 16, 28, 280, 1, 28, 112, 7075 }, // U+1EE0
    { 15, 21, 280, 1, 21, 79, 7187 }, // U+1EE1
    { 16, 29, 280, 1, 25, 116, 7266 }, // U+1EE2
    { 15, 24, 280, 1, 20, 90, 7382 }, // U+1EE3
    { 14, 25, 280, 2, 21, 88, 7472 }, // U+1EE4
    { 13, 20, 280, 2, 16, 65, 7560 }, // U+1EE5
    { 14, 30, 280, 2, 30, 105, 7625 }, // U+1EE6
    { 13, 24, 280, 2, 24, 78, 7730 }, // U+1EE7
    { 16, 28, 280, 2, 28, 112, 7808 }, // U+1EE8
    { 16, 23, 280, 2, 23, 92, 7920 }, // U+1EE9
    { 16, 28, 280, 2, 28, 112, 8012 }, // U+1EEA
    { 16, 23, 280, 2, 23, 92, 8124 }, // U+1EEB
    { 16, 30, 280, 2, 30, 120, 8216 }, // U+1EEC
    { 16, 24, 280, 2, 24, 96, 8336 }, // U+1EED
    { 16, 28, 280, 2, 28, 112, 8432 }, // U+1EEE
    { 16, 21, 280, 2, 21, 84, 8544 }, // U+1EEF
    { 16, 29, 280, 2, 25, 116, 8628 }, // U+1EF0
    { 16, 24, 280, 2, 20, 96, 8744 }, // U+1EF1
    { 17, 28, 280, 0, 28, 119, 8840 }, // U+1EF2
    { 15, 29, 280, 1, 23, 109, 8959 }, // U+1EF3
    { 17, 25, 280, 0, 21, 107, 9068 }, // U+1EF4
    { 15, 22, 280, 1, 16, 83, 9175 }, // U+1EF5
    { 17, 30, 280, 0, 30, 128, 9258 }, // U+1EF6
    { 15, 30, 280, 1, 24, 113, 9386 }, // U+1EF7
    { 17, 28, 280, 0, 28, 119, 9499 }, // U+1EF8
    { 15, 29, 280, 1, 23, 109, 9618 }, // U+1EF9
    { 15, 3, 280, 1, 11, 12, 0 }, // U+2013
    { 18, 3, 280, 0, 11, 14, 12 }, // U+2014
    { 6, 8, 280, 5, 22, 12, 26 }, // U+2018
    { 6, 8, 280, 6, 22, 12, 38 }, // U+2019
    { 7, 8, 280, 5, 4, 14, 50 }, // U+201A
    { 13, 8, 280, 2, 22, 26, 64 }, // U+201C
    { 13, 8, 280, 3, 22, 26, 90 }, // U+201D
    { 13, 8, 280, 3, 4, 26, 116 }, // U+201E
    { 14, 28, 280, 2, 22, 98, 142 }, // U+2020
    { 14, 28, 280, 2, 22, 98, 240 }, // U+2021
    { 6, 6, 280, 6, 12, 9, 338 }, // U+2022
    { 16, 4, 280, 1, 4, 16, 347 }, // U+2026
    { 19, 21, 324, 1, 21, 100, 363 }, // U+2030
    { 8, 14, 280, 4, 15, 28, 463 }, // U+2039
    { 8, 14, 280, 5, 15, 28, 491 }, // U+203A
    { 17, 21, 280, 0, 21, 90, 519 }, // U+2044
    { 9, 10, 280, 4, 20, 23, 0 }, // U+2070
    { 10, 10, 280, 4, 20, 25, 23 }, // U+2074
    { 9, 10, 280, 4, 20, 23, 48 }, // U+2075
    { 9, 10, 280, 4, 20, 23, 71 }, // U+2076
    { 9, 10, 280, 4, 20, 23, 94 }, // U+2077
    { 9, 10, 280, 4, 20, 23, 117 }, // U+2078
    { 9, 10, 280, 4, 20, 23, 140 }, // U+2079
    { 9, 11, 280, 4, 11, 25, 163 }, // U+2080
    { 10, 11, 280, 4, 11, 28, 188 }, // U+2081
    { 9, 11, 280, 4, 11, 25, 216 }, // U+2082
    { 9, 11, 280, 4, 11, 25, 241 }, // U+2083
    { 10, 11, 280, 4, 11, 28, 266 }, // U+2084
    { 9, 11, 280, 4, 11, 25, 294 }, // U+2085
    { 9, 11, 280, 4, 11, 25, 319 }, // U+2086
    { 9, 11, 280, 4, 11, 25, 344 }, // U+2087
    { 9, 11, 280, 4, 11, 25, 369 }, // U+2088
    { 9, 11, 280, 4, 11, 25, 394 }, // U+2089
    { 14, 29, 280, 2, 24, 102, 0 }, // U+20A1
    { 16, 21, 280, 1, 21, 84, 102 }, // U+20A4
    { 17, 21, 280, 0, 21, 90, 186 }, // U+20A6
    { 17, 21, 280, 1, 21, 90, 276 }, // U+20A8
    { 17, 21, 280, 0, 21, 90, 366 }, // U+20A9
    { 15, 21, 280, 1, 21, 79, 456 }, // U+20AA
    { 15, 22, 280, 2, 22, 83, 535 }, // U+20AB
    { 14, 21, 280, 2, 21, 74, 618 }, // U+20AC
    { 17, 21, 280, 0, 21, 90, 692 }, // U+20AD
    { 17, 21, 280, 0, 21, 90, 782 }, // U+20AE
    { 17, 21, 280, 0, 21, 90, 872 }, // U+20B1
    { 15, 28, 280, 1, 25, 105, 962 }, // U+20B2
    { 17, 21, 280, 0, 21, 90, 1067 }, // U+20B4
    { 14, 28, 280, 2, 25, 98, 1157 }, // U+20B5
    { 16, 21, 280, 1, 21, 84, 1255 }, // U+20B8
    { 16, 21, 280, 1, 20, 84, 1339 }, // U+20B9
    { 16, 21, 280, 1, 21, 84, 1423 }, // U+20BA
    { 16, 21, 280, 1, 21, 84, 1507 }, // U+20BD
    { 14, 29, 280, 2, 25, 102, 1591 }, // U+20BF
    { 17, 13, 280, 0, 16, 56, 0 }, // U+2190
    { 13, 21, 280, 2, 21, 69, 56 }, // U+2191
    { 17, 13, 280, 0, 16, 56, 125 }, // U+2192
    { 13, 21, 280, 2, 20, 69, 181 }, // U+2193
    { 18, 13, 280, 0, 16, 59, 250 }, // U+2194
    { 13, 22, 280, 2, 21, 72, 309 }, // U+2195
    { 16, 15, 280, 1, 18, 60, 381 }, // U+2196
    { 16, 15, 280, 0, 18, 60, 441 }, // U+2197
    { 16, 15, 280, 0, 18, 60, 501 }, // U+2198
    { 16, 15, 280, 1, 18, 60, 561 }, // U+2199
    { 17, 17, 280, 0, 18, 73, 621 }, // U+21A9
    { 17, 17, 280, 0, 18, 73, 694 }, // U+21AA
    { 15, 21, 280, 1, 20, 79, 767 }, // U+21B0
    { 15, 21, 280, 2, 20, 79, 846 }, // U+21B1
    { 15, 21, 280, 1, 20, 79, 925 }, // U+21B2
    { 15, 21, 280, 2, 20, 79, 1004 }, // U+21B3
    { 18, 18, 280, 0, 19, 81, 1083 }, // U+21B6
    { 18, 18, 280, 0, 19, 81, 1164 }, // U+21B7
    { 17, 21, 280, 0, 21, 90, 1245 }, // U+21BA
    { 17, 21, 280, 0, 21, 90, 1335 }, // U+21BB
    { 17, 22, 280, 0, 21, 94, 1425 }, // U+21C4
    { 17, 22, 280, 0, 21, 94, 1519 }, // U+21C6
    { 15, 21, 280, 1, 21, 79, 0 }, // U+2202
    { 16, 21, 280, 1, 21, 84, 79 }, // U+2206
    { 14, 21, 280, 2, 21, 74, 163 }, // U+220F
    { 15, 27, 280, 1, 21, 102, 237 }, // U+2211
    { 15, 2, 280, 1, 10, 8, 339 }, // U+2212
    { 17, 20, 280, 0, 20, 85, 347 }, // U+221A
    { 18, 11, 280, 0, 15, 50, 432 }, // U+221E
    { 15, 27, 280, 1, 21, 102, 482 }, // U+222B
    { 15, 11, 280, 1, 15, 42, 584 }, // U+2248
    { 15, 14, 280, 1, 16, 53, 626 }, // U+2260
    { 14, 18, 280, 2, 18, 63, 679 }, // U+2264
    { 14, 18, 280, 2, 18, 63, 742 }, // U+2265
    { 15, 22, 280, 1, 22, 83, 0 }, // U+FB01
    { 14, 22, 280, 1, 22, 77, 83 }, // U+FB02
};

static const EpdUnicodeInterval notosans_14_regularIntervals[] = {
    { 0x20, 0x7E, 0x0 },
    { 0xA0, 0xA3, 0x5F },
    { 0xA5, 0x17E, 0x63 },
    { 0x1A0, 0x1A1, 0x13D },
    { 0x1AF, 0x1B0, 0x13F },
    { 0x1FA, 0x1FF, 0x141 },
    { 0x218, 0x21B, 0x147 },
    { 0x300, 0x304, 0x14B },
    { 0x306, 0x30C, 0x150 },
    { 0x312, 0x312, 0x157 },
    { 0x315, 0x315, 0x158 },
    { 0x31B, 0x31B, 0x159 },
    { 0x323, 0x323, 0x15A },
    { 0x326, 0x328, 0x15B },
    { 0x400, 0x45F, 0x15E },
    { 0x472, 0x473, 0x1BE },
    { 0x490, 0x49D, 0x1C0 },
    { 0x4A0, 0x4A5, 0x1CE },
    { 0x4AA, 0x4AB, 0x1D4 },
    { 0x4AE, 0x4B3, 0x1D6 },
    { 0x4B6, 0x4BB, 0x1DC },
    { 0x4C0, 0x4C2, 0x1E2 },
    { 0x4CF, 0x4D9, 0x1E5 },
    { 0x4DC, 0x4DF, 0x1F0 },
    { 0x4E2, 0x4E9, 0x1F4 },
    { 0x4EE, 0x4F5, 0x1FC },
    { 0x4F8, 0x4F9, 0x204 },
    { 0x1EA0, 0x1EF9, 0x206 },
    { 0x2013, 0x2014, 0x260 },
    { 0x2018, 0x201A, 0x262 },
    { 0x201C, 0x201E, 0x265 },
    { 0x2020, 0x2022, 0x268 },
    { 0x2026, 0x2026, 0x26B },
    { 0x2030, 0x2030, 0x26C },
    { 0x2039, 0x203A, 0x26D },
    { 0x2044, 0x2044, 0x26F },
    { 0x2070, 0x2070, 0x270 },
    { 0x2074, 0x2079, 0x271 },
    { 0x2080, 0x2089, 0x277 },
    { 0x20A1, 0x20A1, 0x281 },
    { 0x20A4, 0x20A4, 0x282 },
    { 0x20A6, 0x20A6, 0x283 },
    { 0x20A8, 0x20AE, 0x284 },
    { 0x20B1, 0x20B2, 0x28B },
    { 0x20B4, 0x20B5, 0x28D },
    { 0x20B8, 0x20BA, 0x28F },
    { 0x20BD, 0x20BD, 0x292 },
    { 0x20BF, 0x20BF, 0x293 },
    { 0x2190, 0x2199, 0x294 },
    { 0x21A9, 0x21AA, 0x29E },
    { 0x21B0, 0x21B3, 0x2A0 },
    { 0x21B6, 0x21B7, 0x2A4 },
    { 0x21BA, 0x21BB, 0x2A6 },
    { 0x21C4, 0x21C4, 0x2A8 },
    { 0x21C6, 0x21C6, 0x2A9 },
    { 0x2202, 0x2202, 0x2AA },
    { 0x2206, 0x2206, 0x2AB },
    { 0x220F, 0x220F, 0x2AC },
    { 0x2211, 0x2212, 0x2AD },
    { 0x221A, 0x221A, 0x2AF },
    { 0x221E, 0x221E, 0x2B0 },
    { 0x222B, 0x222B, 0x2B1 },
    { 0x2248, 0x2248, 0x2B2 },
    { 0x2260, 0x2260, 0x2B3 },
    { 0x2264, 0x2265, 0x2B4 },
    { 0xFB01, 0xFB02, 0x2B6 },
};

static const EpdFontGroup notosans_14_regularGroups[] = {
    { 0, 2585, 7041, 95, 0 },
    { 2585, 2142, 8220, 95, 95 },
    { 4727, 2627, 13223, 127, 190 },
    { 7354, 692, 1586, 14, 317 },
    { 8046, 189, 232, 19, 331 },
    { 8235, 3673, 15213, 168, 350 },
    { 11908, 1528, 10510, 90, 518 },
    { 13436, 258, 689, 16, 608 },
    { 13694, 308, 540, 17, 624 },
    { 14002, 879, 1867, 19, 641 },
    { 14881, 656, 1807, 22, 660 },
    { 15537, 374, 875, 12, 682 },
    { 15911, 54, 176, 2, 694 },
};

static const EpdFontData notosans_14_regular = {
    notosans_14_regularBitmaps,
    notosans_14_regularGlyphs,
    notosans_14_regularIntervals,
    66,
    38,
    30,
    -9,
    true,
    notosans_14_regularGroups,
    13,
    nullptr,
    nullptr,
    nullptr,
    nullptr,
    nullptr,
    nullptr,
    nullptr,
    nullptr,
    nullptr,
    nullptr,
    nullptr,
    0,
    0,
    0,
    0,
    nullptr,
    0,
};
