/**
 * generated by fontconvert.py
 * name: notoserif_18_regular
 * size: 18
 * mode: 2-bit  compressed: true
 * Command used: fontconvert.py notoserif_18_regular 18 ../builtinFonts/source/iAWriterMonoS/iAWriterMonoS-Regular.ttf --2bit --compress --pnum --zopfli
 */
#pragma once
#include "EpdFontData.h"

static const uint8_t notoserif_18_regularBitmaps[22335] = {
    0xCD, 0x9A, 0x3F, 0xAC, 0xE5, 0xC6, 0x5E, 0xC7, 0xBF, 0xB6, 0xC3, 0x1A, 0xC5, 0x52, 0x86, 0xE2,
    0x09, 0x01, 0x11, 0x72, 0x5A, 0x16, 0xC4, 0xB4, 0x34, 0xF7, 0x8C, 0x11, 0x05, 0x45, 0x8A, 0x50,
    0xD0, 0xBF, 0x7E, 0x25, 0x04, 0x3D, 0x7B, 0xAF, 0x1D, 0x51, 0x50, 0x50, 0x64, 0xFB, 0x86, 0x14,
    0x14, 0xD9, 0xB3, 0xC5, 0x6D, 0x28, 0x9E, 0xC4, 0xBD, 0xD7, 0x93, 0x50, 0x50, 0x62, 0xB1, 0x3D,
    0x31, 0x6F, 0x23, 0x9E, 0xB4, 0x41, 0xDA, 0x11, 0xB1, 0xDE, 0x7A, 0x37, 0xB6, 0x87, 0xDF, 0xF7,
    0x77, 0xCE, 0xF1, 0xFD, 0x93, 0xDD, 0xBC, 0x9B, 0x6C, 0x5E, 0x84, 0x8F, 0xFD, 0x91, 0xAE, 0xE7,
    0xF7, 0x6F, 0xC6, 0xBF, 0x19, 0xCF, 0x78, 0x6E, 0xE9, 0x6F, 0xFE, 0x4C, 0xA3, 0xBF, 0xCA, 0x54,
    0x05, 0xF8, 0xCB, 0xB1, 0x3B, 0x5C, 0x7F, 0xF8, 0x9D, 0x67, 0xE1, 0xDB, 0x4F, 0xE0, 0x38, 0x19,
    0x00, 0x9C, 0xA5, 0x81, 0xCC, 0xC8, 0x29, 0xEB, 0x85, 0x23, 0x99, 0x0C, 0x79, 0x07, 0xA4, 0xA1,
    0xF0, 0x78, 0xFB, 0xD1, 0xCB, 0xD3, 0xA7, 0x1F, 0x9B, 0x28, 0x47, 0xD8, 0x11, 0x59, 0x5F, 0x56,
    0x40, 0xDE, 0x91, 0x85, 0xB7, 0x20, 0x9D, 0xD0, 0x90, 0x77, 0x4F, 0x9F, 0xB6, 0xDB, 0xAA, 0xA6,
    0x64, 0xB3, 0x23, 0x2C, 0xCE, 0x00, 0xE1, 0x24, 0x74, 0x18, 0x85, 0x1B, 0x92, 0x21, 0x90, 0xBB,
    0x10, 0x94, 0x53, 0x46, 0xC2, 0x7E, 0x13, 0x79, 0x14, 0x0D, 0xB1, 0xD7, 0xA4, 0x0C, 0x21, 0x1F,
    0x6D, 0x31, 0x15, 0xBD, 0x98, 0x34, 0xE2, 0xFF, 0x3D, 0x02, 0x57, 0xD0, 0x0B, 0x44, 0x04, 0xC8,
    0xE2, 0x29, 0x80, 0x18, 0xBF, 0x00, 0x4A, 0xD1, 0xA5, 0x85, 0x00, 0xD8, 0x72, 0x14, 0xA4, 0x93,
    0x00, 0x33, 0x71, 0x72, 0x89, 0x42, 0x70, 0xEE, 0xBC, 0x4D, 0xA6, 0x72, 0xB0, 0xF9, 0x98, 0xC7,
    0xB6, 0x0D, 0x89, 0xD6, 0xE2, 0xDD, 0xF8, 0xE2, 0x95, 0xA1, 0x25, 0x52, 0x96, 0x77, 0x46, 0x0C,
    0x9B, 0xC6, 0x7E, 0x39, 0xC1, 0xC2, 0xE1, 0x1C, 0x1B, 0x1C, 0xCB, 0x75, 0x86, 0xFB, 0xC2, 0x81,
    0xCC, 0x02, 0x99, 0x77, 0x38, 0xC2, 0x91, 0xF1, 0x70, 0x7F, 0x3A, 0x31, 0xD2, 0x38, 0xFC, 0x01,
    0xA3, 0xEC, 0x68, 0xEB, 0x27, 0xB8, 0xF3, 0x00, 0x00, 0xEA, 0x19, 0xB8, 0xF3, 0x61, 0x8C, 0x80,
    0xF9, 0xBB, 0xA1, 0xF4, 0xB0, 0x79, 0x57, 0x78, 0x6C, 0x0A, 0x9F, 0x75, 0x38, 0x53, 0x8E, 0x64,
    0x1A, 0xC8, 0xAC, 0xCB, 0x3D, 0xCB, 0xB3, 0xDE, 0xF8, 0xB2, 0x4A, 0x97, 0xB6, 0x72, 0x40, 0x5C,
    0xC4, 0x3B, 0xCA, 0x01, 0x48, 0x63, 0x03, 0xD6, 0x7D, 0x14, 0xB6, 0x5F, 0x2E, 0xC2, 0x19, 0x35,
    0x90, 0x8C, 0xF8, 0x1D, 0x29, 0x1C, 0x80, 0x1D, 0x79, 0x87, 0xC4, 0xA4, 0x3C, 0x51, 0xDA, 0x8A,
    0xAC, 0x7D, 0x12, 0x7D, 0x1A, 0x83, 0x30, 0x1F, 0xA6, 0xE4, 0x65, 0x63, 0xBA, 0x3A, 0x09, 0x28,
    0x1B, 0xFB, 0x61, 0x80, 0xAB, 0x8A, 0x9F, 0x0B, 0x91, 0xFD, 0xB2, 0x17, 0x22, 0x76, 0x64, 0xED,
    0xE5, 0x3E, 0xAC, 0xE7, 0xE9, 0x02, 0x4C, 0x8F, 0xAF, 0x46, 0xE4, 0xF1, 0xB4, 0x9F, 0x91, 0x30,
    0x29, 0xA4, 0xEC, 0x05, 0x4A, 0xBF, 0xB9, 0x3C, 0xE8, 0x37, 0xEB, 0xC1, 0x66, 0x01, 0x73, 0x65,
    0x44, 0x1A, 0x90, 0x75, 0x28, 0x3C, 0x4C, 0x83, 0x12, 0xB0, 0x60, 0xC9, 0x46, 0xCF, 0x93, 0xF5,
    0x3C, 0xDC, 0x71, 0x2A, 0x50, 0x82, 0xC2, 0x85, 0xA7, 0xA2, 0xA8, 0x63, 0x54, 0x53, 0x8E, 0x39,
    0x41, 0xE3, 0x98, 0xCA, 0x06, 0x79, 0xAF, 0x15, 0x3D, 0xA6, 0x02, 0xA5, 0x73, 0x2D, 0x4A, 0x56,
    0xE9, 0xFB, 0x2C, 0x5B, 0xAD, 0xAE, 0xE7, 0xFE, 0xCE, 0x31, 0x05, 0x34, 0x3E, 0xAA, 0x88, 0x62,
    0xAE, 0xF1, 0x59, 0x96, 0x24, 0x23, 0x8D, 0x8B, 0x0B, 0x4A, 0xBE, 0x1E, 0x1B, 0xF9, 0xFD, 0x95,
    0x7B, 0xB1, 0x29, 0x17, 0x1B, 0xA3, 0x24, 0x54, 0x1B, 0x97, 0x0A, 0x69, 0xEC, 0x98, 0x46, 0x1E,
    0xC8, 0xBE, 0xEE, 0x01, 0xF3, 0x78, 0x00, 0x6C, 0x33, 0x01, 0xB5, 0xFC, 0x30, 0xC1, 0x36, 0x18,
    0xE8, 0xE8, 0x3D, 0xFC, 0x06, 0xE8, 0xFC, 0x57, 0xE0, 0xDE, 0x76, 0xD9, 0x7E, 0xDC, 0xB2, 0x9B,
    0x28, 0x6E, 0xA1, 0xA1, 0xC8, 0xE7, 0x62, 0x32, 0x83, 0x09, 0x65, 0x5F, 0x7A, 0xDB, 0x38, 0x38,
    0x1C, 0xE1, 0xEE, 0xF6, 0xA1, 0x8B, 0x0B, 0xCF, 0xFE, 0xF0, 0x03, 0xE0, 0xD6, 0x1A, 0x9D, 0x1D,
    0x72, 0x86, 0x3D, 0x59, 0x5B, 0x5D, 0x9B, 0x9A, 0x0D, 0x03, 0x18, 0x45, 0x25, 0xB0, 0xAB, 0xC2,
    0x31, 0x31, 0x11, 0xE3, 0xAA, 0x40, 0xE4, 0x9D, 0xA0, 0x50, 0x05, 0x4D, 0xD8, 0xEA, 0xE0, 0xE6,
    0x68, 0x75, 0x33, 0xAA, 0x1B, 0x55, 0x20, 0xFA, 0x55, 0x81, 0x28, 0x5F, 0xE1, 0x06, 0xEF, 0x2E,
    0x15, 0xD0, 0xC6, 0x01, 0x59, 0x7C, 0x34, 0xA3, 0x18, 0xD0, 0xA2, 0x64, 0x56, 0xBA, 0x0A, 0xA6,
    0x73, 0x40, 0xD1, 0x9F, 0xD0, 0xDA, 0x05, 0x71, 0x4E, 0xCC, 0xC9, 0x94, 0x0D, 0x73, 0xB6, 0x1C,
    0xA0, 0x7F, 0x02, 0x7B, 0x9C, 0xAF, 0xC2, 0xAA, 0xA6, 0x06, 0xD4, 0x94, 0x1A, 0x55, 0xF3, 0x74,
    0xA4, 0x2E, 0xF7, 0xCE, 0x53, 0x3E, 0xD4, 0x82, 0xB0, 0x44, 0xFB, 0x53, 0x8F, 0x74, 0x16, 0x71,
    0x33, 0xA8, 0x8E, 0xA0, 0x84, 0xE0, 0x2D, 0x02, 0x3F, 0x08, 0x8A, 0x18, 0xE3, 0x62, 0x56, 0x68,
    0x18, 0x49, 0x8C, 0x03, 0x3B, 0xE0, 0x8C, 0xB2, 0x47, 0x84, 0x6B, 0xE4, 0xAC, 0x21, 0xFE, 0x7F,
    0x9F, 0x2A, 0x6B, 0x13, 0xAE, 0x70, 0x8D, 0xA0, 0x06, 0x80, 0x85, 0x2D, 0x3D, 0x51, 0x22, 0x08,
    0x1C, 0x0B, 0x23, 0x38, 0xB6, 0x52, 0xB4, 0xA7, 0x14, 0x2B, 0x39, 0x03, 0x28, 0x56, 0x81, 0x7A,
    0xBB, 0xDD, 0x7E, 0x5C, 0x33, 0xF3, 0x14, 0xB8, 0x13, 0x1F, 0xB0, 0x49, 0x66, 0xA4, 0xF1, 0xCB,
    0xD8, 0x14, 0x03, 0x5C, 0xC7, 0x7E, 0xD3, 0xA3, 0xDA, 0x29, 0xE5, 0x44, 0xD1, 0x0B, 0x4C, 0x47,
    0xF5, 0x06, 0x77, 0xD8, 0x88, 0x26, 0x76, 0x84, 0x26, 0x57, 0x5B, 0x1D, 0x4A, 0x55, 0x38, 0x53,
    0x0C, 0x97, 0x78, 0x9B, 0x05, 0xAE, 0x11, 0xA3, 0x65, 0x0F, 0xE7, 0xF3, 0xF8, 0x28, 0x56, 0x49,
    0xA4, 0xEE, 0xBB, 0x74, 0x2E, 0x9E, 0x41, 0x5D, 0xA5, 0x51, 0xDA, 0x9A, 0x74, 0x8E, 0x9C, 0xC8,
    0x64, 0x24, 0xB3, 0x40, 0x16, 0x1D, 0x59, 0x36, 0xA4, 0x03, 0x79, 0xAE, 0x9C, 0xC8, 0x2C, 0x90,
    0x79, 0x4F, 0x1A, 0x4F, 0xDA, 0x8A, 0x3C, 0x01, 0x79, 0xB1, 0xDD, 0xB6, 0x5B, 0xB4, 0x51, 0x8E,
    0x3D, 0xD5, 0xC6, 0x6B, 0xC9, 0xC7, 0xE5, 0x77, 0x78, 0xBA, 0xDD, 0x56, 0x6B, 0x42, 0x5F, 0x45,
    0xB3, 0xE2, 0x43, 0xA9, 0x8D, 0xF9, 0x20, 0x8E, 0x28, 0xEB, 0xD3, 0x88, 0x32, 0xA0, 0x6D, 0xCA,
    0x06, 0x65, 0xC7, 0xB2, 0x1E, 0x58, 0xDB, 0xF3, 0x2A, 0x8A, 0xFE, 0x1D, 0x30, 0xDD, 0x45, 0xCE,
    0x97, 0x3D, 0xDA, 0xAA, 0x88, 0x8F, 0x16, 0x24, 0x71, 0xCD, 0x51, 0x58, 0xEA, 0x2F, 0xEB, 0x63,
    0xED, 0x04, 0x8E, 0xF7, 0x67, 0xB6, 0xDC, 0x78, 0x68, 0xEF, 0x42, 0xBD, 0x7C, 0x26, 0x11, 0xD8,
    0x0F, 0xE2, 0x04, 0x57, 0x3F, 0x8A, 0x70, 0x01, 0xB5, 0xAF, 0xBD, 0xE8, 0xB4, 0x74, 0x24, 0xC8,
    0xC3, 0xC5, 0x37, 0x7A, 0x49, 0x4E, 0x14, 0x3D, 0x93, 0xDD, 0x1B, 0xD1, 0xA8, 0x32, 0x46, 0x80,
    0x5D, 0x04, 0xB1, 0xC2, 0xE5, 0x50, 0x25, 0xAD, 0x77, 0x1A, 0xCE, 0x29, 0x2C, 0x30, 0x5E, 0x60,
    0x1B, 0x81, 0xAB, 0xFE, 0x12, 0xA8, 0xB1, 0x0F, 0x29, 0x99, 0xAE, 0xC4, 0xB5, 0x66, 0xCE, 0x9A,
    0xBB, 0xD5, 0x9A, 0xBB, 0xC4, 0x0D, 0x59, 0x82, 0xB2, 0x37, 0xF3, 0xFC, 0x0F, 0xA5, 0x5A, 0x69,
    0x8C, 0x33, 0x0C, 0x53, 0xC7, 0xF6, 0xA8, 0xBD, 0x6B, 0x0E, 0x83, 0xC4, 0x8A, 0xCE, 0xCA, 0x3D,
    0x6F, 0x7A, 0x71, 0x92, 0x6A, 0x47, 0x77, 0xB1, 0x63, 0x4B, 0x8E, 0x30, 0x83, 0xE4, 0xA8, 0x6A,
    0xD4, 0x40, 0xBE, 0x1F, 0x4C, 0x04, 0xC3, 0x25, 0xB4, 0x49, 0xEA, 0x0A, 0x26, 0xD8, 0x0E, 0xCE,
    0xAB, 0x23, 0xBA, 0xD4, 0x1C, 0xDD, 0x3F, 0x0A, 0xED, 0xA7, 0x6C, 0x1C, 0xF1, 0x51, 0xAB, 0x3D,
    0xAF, 0x7E, 0x4F, 0x98, 0x70, 0xD7, 0x1A, 0x36, 0x0F, 0x35, 0xAB, 0x43, 0x91, 0x50, 0xF6, 0xF8,
    0xDB, 0x20, 0x4F, 0xF5, 0x79, 0x2F, 0xF6, 0x3E, 0xEA, 0x60, 0x5F, 0x68, 0xDE, 0xD8, 0xE6, 0x90,
    0x68, 0x17, 0x87, 0x56, 0xCB, 0x86, 0x43, 0xA6, 0xB0, 0xEA, 0xC9, 0xFA, 0xCC, 0x99, 0x01, 0xD7,
    0x46, 0xF8, 0x9B, 0xC7, 0x95, 0xD2, 0x7C, 0x3E, 0xFC, 0x5E, 0x21, 0xF6, 0xCA, 0x97, 0xC8, 0xE1,
    0xC8, 0x34, 0xD9, 0x04, 0x49, 0x14, 0x94, 0xD4, 0x67, 0x1F, 0x2F, 0x18, 0x46, 0xDD, 0x8B, 0x2E,
    0x6F, 0xDB, 0x81, 0xB7, 0x9B, 0xC3, 0x5B, 0x82, 0xB7, 0xE0, 0x86, 0xB5, 0xF7, 0xB6, 0x3D, 0xF6,
    0x1A, 0x09, 0x75, 0x51, 0xEA, 0x03, 0xDE, 0x49, 0x11, 0x39, 0x81, 0x2B, 0x29, 0x75, 0x8F, 0xA3,
    0x11, 0x5E, 0x71, 0x68, 0xC1, 0xA5, 0x1C, 0x78, 0xF4, 0xC4, 0x4C, 0x44, 0x6D, 0x41, 0x4D, 0x1C,
    0x35, 0x5E, 0x6B, 0x08, 0xCB, 0x1A, 0x82, 0xD1, 0x4C, 0xD4, 0x22, 0x4B, 0xB4, 0xD5, 0xAB, 0x2A,
    0xA2, 0xB3, 0xAF, 0x72, 0x64, 0x79, 0x77, 0xB0, 0x7C, 0xA5, 0x79, 0xDF, 0x65, 0x31, 0x9F, 0x79,
    0xA6, 0xCF, 0x3C, 0x88, 0x15, 0xCE, 0x9A, 0x1A, 0x57, 0xA1, 0xF4, 0x77, 0xD6, 0x31, 0xE0, 0x5A,
    0xBA, 0xB6, 0xAC, 0xFF, 0xCC, 0xB0, 0x06, 0xA2, 0x12, 0x04, 0xDC, 0xC4, 0xCD, 0xC3, 0x4C, 0xAF,
    0x41, 0xC1, 0xD4, 0xAB, 0xE3, 0x08, 0xC9, 0xE7, 0xC8, 0xF4, 0xB0, 0x8D, 0xE1, 0xB4, 0xCB, 0x34,
    0xC8, 0xBA, 0x12, 0xF6, 0x71, 0x6F, 0x11, 0x9F, 0x87, 0x4D, 0xBA, 0x5C, 0x84, 0x4D, 0x16, 0xF2,
    0x70, 0x94, 0xF7, 0x59, 0x38, 0xCE, 0xBB, 0x34, 0x1C, 0x17, 0xFE, 0x95, 0x60, 0xA9, 0x88, 0x64,
    0x22, 0x77, 0x94, 0x8D, 0x26, 0x6C, 0x92, 0xF8, 0x32, 0x38, 0xD4, 0xFF, 0x1B, 0x2C, 0xDE, 0xAE,
    0x50, 0x56, 0x87, 0x3A, 0x69, 0xC7, 0xCD, 0x46, 0x6D, 0xC7, 0xA7, 0x9F, 0x00, 0x2E, 0x72, 0xDE,
    0x4B, 0x20, 0x56, 0x7A, 0x97, 0x52, 0xA9, 0x32, 0x7B, 0xDE, 0x91, 0x4F, 0x7A, 0xEA, 0x3D, 0x0E,
    0x3A, 0x12, 0x0D, 0xE4, 0xA7, 0xD4, 0x2F, 0x9B, 0x49, 0x68, 0x41, 0x55, 0x87, 0x13, 0xE1, 0xC9,
    0xB5, 0x51, 0xDB, 0x36, 0x48, 0x26, 0xB6, 0x61, 0x3A, 0xD2, 0x75, 0x16, 0x63, 0xEC, 0x94, 0x3D,
    0x8A, 0x97, 0xDB, 0x47, 0x01, 0xA6, 0x63, 0xDD, 0x8D, 0x0A, 0x94, 0x9E, 0xC2, 0x4C, 0xA6, 0x59,
    0xD5, 0x2F, 0x50, 0x0B, 0x6B, 0xED, 0x44, 0x4E, 0xE7, 0x6B, 0x82, 0x18, 0xD0, 0x6E, 0x4F, 0x27,
    0xF1, 0x90, 0x2C, 0x02, 0xD4, 0x84, 0xAB, 0xAE, 0x03, 0x82, 0x13, 0x41, 0x3A, 0x51, 0xA3, 0xDB,
    0x63, 0xFB, 0x68, 0x5E, 0x35, 0xAC, 0x17, 0x18, 0x45, 0xB7, 0xC2, 0x5F, 0x1B, 0xFB, 0xEA, 0x4A,
    0x34, 0x16, 0xEA, 0x8E, 0x44, 0x83, 0xDD, 0xFB, 0xD4, 0xC5, 0x09, 0x89, 0xBC, 0x4F, 0x91, 0x4D,
    0x70, 0xBE, 0xE0, 0x2C, 0x9B, 0x35, 0x0B, 0x65, 0x83, 0xB4, 0x72, 0xEB, 0xEC, 0x49, 0x51, 0x7F,
    0x2B, 0xDC, 0x0A, 0x55, 0x13, 0x03, 0x09, 0x68, 0xAA, 0x57, 0xA3, 0x62, 0xDE, 0x7A, 0x3A, 0xAA,
    0xF4, 0xF9, 0xA8, 0xF3, 0x3A, 0xBE, 0x80, 0x20, 0x76, 0xA8, 0xB7, 0xED, 0x80, 0x13, 0x89, 0x41,
    0x80, 0x85, 0x70, 0x84, 0x6D, 0x04, 0xA5, 0x17, 0x98, 0x4B, 0x74, 0xDF, 0x8A, 0x55, 0xAE, 0x24,
    0xD4, 0x80, 0x53, 0xA3, 0x6A, 0x5E, 0x1D, 0xA9, 0x4B, 0x75, 0xAE, 0xDD, 0xBB, 0xD9, 0x41, 0x7A,
    0x71, 0xC5, 0x47, 0x83, 0x5B, 0x80, 0xC2, 0xAA, 0xAB, 0x58, 0x0B, 0x6E, 0xAD, 0x5B, 0xA9, 0xCB,
    0x15, 0x5E, 0xC1, 0x82, 0xE6, 0x3B, 0x58, 0x79, 0x78, 0x23, 0x82, 0xEF, 0x0B, 0x14, 0xB1, 0x61,
    0x4B, 0x8C, 0xBB, 0xD1, 0xA3, 0x18, 0x50, 0xB3, 0xEF, 0x72, 0xD8, 0x45, 0xE1, 0x2F, 0x1F, 0xFC,
    0xC9, 0xAA, 0x31, 0x5F, 0xC1, 0xDD, 0xED, 0x83, 0x19, 0x2E, 0xF6, 0x7B, 0xF0, 0xF5, 0xB2, 0xA2,
    0x26, 0xF4, 0xA5, 0xB7, 0x9B, 0x52, 0x79, 0xD8, 0xDE, 0x0C, 0xF8, 0x97, 0x5E, 0x1C, 0xFD, 0xA2,
    0x47, 0x8C, 0xFF, 0xD6, 0xE3, 0xDD, 0x39, 0xEF, 0x27, 0x3E, 0xA8, 0xEF, 0x8E, 0x45, 0xA6, 0x48,
    0x4D, 0x94, 0x43, 0xA1, 0xF7, 0xBE, 0x2F, 0x68, 0xA0, 0x52, 0x6C, 0x1F, 0xBD, 0xDC, 0xEA, 0x84,
    0xE7, 0xD7, 0x0D, 0x75, 0x74, 0xE9, 0x37, 0x15, 0xF0, 0x4A, 0xA4, 0x52, 0x00, 0xDC, 0x9B, 0x5E,
    0x82, 0xDA, 0x35, 0x58, 0xCA, 0x2E, 0x9D, 0x8A, 0xE5, 0x74, 0x10, 0xDB, 0x7C, 0xA1, 0x63, 0x06,
    0x4C, 0x10, 0x58, 0x2F, 0xA8, 0xAB, 0x99, 0xE3, 0xCE, 0x8C, 0x6C, 0x14, 0x98, 0x20, 0xB0, 0x5E,
    0xD0, 0x56, 0x98, 0x13, 0x29, 0x9F, 0xB3, 0x51, 0x60, 0x82, 0xC0, 0x75, 0x82, 0x36, 0x00, 0x4B,
    0x1C, 0x81, 0x48, 0x13, 0xB1, 0x6B, 0x05, 0x15, 0xBD, 0xA0, 0xA4, 0x5A, 0x11, 0x0E, 0xA6, 0x92,
    0x49, 0x80, 0x48, 0xB8, 0xEA, 0xE0, 0xCD, 0x68, 0x7E, 0x0C, 0x9A, 0x42, 0x3F, 0x2E, 0x2E, 0x3B,
    0x8A, 0xA2, 0xF6, 0x30, 0x41, 0x60, 0x43, 0xDD, 0xC3, 0x85, 0x3A, 0xA0, 0x0E, 0xF5, 0x80, 0x36,
    0x9C, 0x4C, 0xF8, 0x3A, 0x1C, 0x9F, 0xA5, 0x5F, 0x85, 0xE3, 0x4D, 0xF6, 0x24, 0x1C, 0xBB, 0xFC,
    0x71, 0x38, 0x2E, 0xDF, 0xFF, 0xD7, 0x70, 0x6C, 0x3E, 0xFA, 0xB3, 0x70, 0x5C, 0x3C, 0xE3, 0xFB,
    0x68, 0x11, 0xA4, 0x93, 0x20, 0x21, 0x30, 0x10, 0x7F, 0x43, 0xBC, 0x47, 0xE0, 0x56, 0x88, 0x0D,
    0xCA, 0x26, 0x7A, 0xA2, 0x23, 0x02, 0x31, 0x08, 0xE6, 0x51, 0x30, 0x4D, 0xC4, 0x05, 0xE1, 0x14,
    0x95, 0xA0, 0xF4, 0x02, 0x43, 0x14, 0xBD, 0x20, 0x0B, 0x82, 0x74, 0x10, 0x24, 0x93, 0x00, 0x8A,
    0x13, 0xC2, 0x11, 0xF6, 0xA7, 0x02, 0xF3, 0x39, 0xF1, 0x4C, 0x90, 0x47, 0x41, 0x46, 0xA4, 0x04,
    0x62, 0x73, 0x8B, 0x35, 0x6D, 0x7D, 0x7D, 0x16, 0x3E, 0x0B, 0x86, 0xD7, 0xE2, 0x52, 0x8E, 0x6A,
    0xB7, 0x59, 0xD3, 0xB6, 0x31, 0x3E, 0x20, 0x26, 0xBE, 0xCA, 0x74, 0x08, 0xAB, 0x1B, 0x41, 0xE9,
    0x05, 0x46, 0xD1, 0x5D, 0x87, 0x17, 0x58, 0x41, 0xD2, 0x72, 0xFC, 0x5C, 0x20, 0x18, 0x44, 0xF7,
    0x61, 0xF5, 0x7D, 0xD3, 0x42, 0xC3, 0xD8, 0x47, 0x94, 0xE9, 0x0C, 0x9A, 0x71, 0x56, 0xD0, 0x90,
    0xA1, 0xB3, 0x70, 0x68, 0x45, 0xA0, 0x75, 0xA2, 0x52, 0x76, 0xA0, 0x56, 0xFA, 0xDB, 0xB9, 0xCA,
    0x3F, 0x14, 0xD6, 0xA8, 0xFF, 0x3E, 0xC0, 0xA1, 0xFC, 0xBA, 0x17, 0xCB, 0x59, 0xF4, 0xF4, 0x12,
    0x1B, 0xF5, 0xB8, 0x9B, 0x49, 0x04, 0x46, 0xF2, 0xCB, 0x59, 0xA3, 0x92, 0x20, 0x74, 0x36, 0xFD,
    0x86, 0x6D, 0x34, 0x1F, 0xDA, 0x68, 0x66, 0x8D, 0x17, 0xA2, 0x26, 0x6C, 0x23, 0x30, 0x9D, 0xA0,
    0x08, 0x02, 0x0D, 0x35, 0x99, 0x04, 0x58, 0x88, 0x9A, 0x70, 0x8D, 0x1A, 0xC5, 0x9D, 0xF8, 0x05,
    0x68, 0xA6, 0xCA, 0xE2, 0xD3, 0xD8, 0x17, 0x23, 0x8A, 0x51, 0xEE, 0x26, 0x63, 0xE9, 0x81, 0xBF,
    0x20, 0xA0, 0x30, 0x8A, 0x5E, 0x90, 0xCF, 0x82, 0x34, 0xBE, 0xD0, 0xF4, 0xD2, 0x37, 0x7D, 0xF4,
    0x90, 0x80, 0x02, 0xCB, 0xC6, 0xC3, 0x0A, 0x02, 0x8A, 0x99, 0x98, 0xDE, 0x21, 0x5C, 0x83, 0x6C,
    0x2A, 0x07, 0x98, 0x90, 0x8B, 0xA3, 0x0E, 0x1C, 0x14, 0x51, 0x88, 0x73, 0x17, 0xE5, 0xE8, 0x77,
    0xBC, 0xBB, 0x3D, 0x7D, 0xBA, 0x7D, 0xB0, 0x73, 0xF9, 0xFF, 0x81, 0xFA, 0xF2, 0xF8, 0x41, 0x50,
    0xDD, 0xC0, 0xBC, 0x4E, 0xFE, 0x2E, 0x88, 0x1A, 0x68, 0xE1, 0x7C, 0x32, 0xA3, 0x5C, 0x4E, 0xD9,
    0x9F, 0x63, 0x0F, 0xFC, 0x35, 0x7B, 0xD1, 0xFA, 0x69, 0xE1, 0x62, 0x3F, 0xD7, 0xB4, 0x0D, 0x30,
    0xED, 0x67, 0x9F, 0xA6, 0xE3, 0x4C, 0xB4, 0xE8, 0x99, 0x87, 0x79, 0x20, 0xE5, 0xE4, 0x9F, 0xC3,
    0xBE, 0xC8, 0x78, 0x15, 0x6E, 0x54, 0xB1, 0x52, 0x23, 0x00, 0x6A, 0x72, 0x3F, 0x03, 0xD6, 0x78,
    0x44, 0x82, 0xE4, 0x2C, 0x59, 0xF8, 0x1F, 0x83, 0xB0, 0x78, 0x12, 0x84, 0xD9, 0x57, 0x3D, 0xF9,
    0x75, 0xB7, 0xCE, 0xB0, 0x13, 0x25, 0x53, 0x1B, 0x67, 0x54, 0xDF, 0xF3, 0x78, 0xA5, 0xDB, 0xF3,
    0x44, 0xB9, 0x41, 0x2B, 0xD7, 0x06, 0xB1, 0xDA, 0xC0, 0x89, 0x96, 0xD2, 0x1F, 0xC1, 0x25, 0x5F,
    0xFB, 0x63, 0xB8, 0xF4, 0xB9, 0xD0, 0x66, 0x4F, 0xBA, 0xFB, 0xC2, 0xC7, 0xFD, 0x99, 0xF0, 0xB3,
    0x70, 0x86, 0xF2, 0xCF, 0x3F, 0x25, 0xDF, 0xFF, 0x34, 0x48, 0xF0, 0x1F, 0x34, 0xC3, 0x04, 0xF3,
    0x41, 0x35, 0x8E, 0x30, 0xFF, 0x88, 0xB3, 0x95, 0xA7, 0x38, 0x1E, 0x60, 0x16, 0x6C, 0x84, 0x33,
    0xDC, 0x80, 0x62, 0x82, 0x0D, 0x7B, 0x9A, 0x8E, 0x4F, 0xB0, 0x08, 0x6C, 0xE6, 0x6C, 0x84, 0x76,
    0x00, 0x9E, 0xDA, 0x1D, 0x78, 0x93, 0x45, 0xA5, 0x67, 0xFB, 0x98, 0xCE, 0x36, 0xFB, 0x81, 0x0D,
    0xE9, 0x38, 0x0B, 0x11, 0x47, 0xB2, 0x0E, 0xA4, 0xED, 0x48, 0xD7, 0x5F, 0xDE, 0x59, 0x26, 0x41,
    0xA6, 0x92, 0x3A, 0x12, 0xD2, 0x82, 0x67, 0x8F, 0xA2, 0xD3, 0x5A, 0xEE, 0x01, 0xB3, 0x58, 0xE2,
    0x89, 0x59, 0xFF, 0x6C, 0x45, 0x84, 0x02, 0xB6, 0xA1, 0x53, 0x27, 0x34, 0xBD, 0xF5, 0x1A, 0x40,
    0xCF, 0x60, 0x76, 0x32, 0x99, 0xCA, 0x63, 0xA2, 0x22, 0xFF, 0x0C, 0x1A, 0x67, 0x0F, 0xFD, 0x00,
    0x48, 0x2F, 0xAE, 0xA2, 0xC7, 0x1A, 0xFB, 0x51, 0x19, 0x89, 0x46, 0x82, 0x36, 0x5C, 0x46, 0x68,
    0xDF, 0x30, 0xE3, 0x6D, 0x8C, 0x71, 0x52, 0xFC, 0xDE, 0x76, 0xFB, 0x68, 0x57, 0x51, 0x41, 0x11,
    0xAE, 0x7D, 0x37, 0x59, 0xD8, 0x54, 0x2C, 0xCC, 0xD7, 0x0F, 0x05, 0x74, 0xBC, 0x7E, 0x7B, 0x79,
    0xAD, 0x52, 0xA2, 0x16, 0xAF, 0x2B, 0xB9, 0xAD, 0x4C, 0x76, 0xD9, 0xFF, 0x17, 0x45, 0x1B, 0x27,
    0x39, 0x2F, 0xB6, 0x9F, 0x9C, 0x01, 0x3F, 0xF8, 0x29, 0x66, 0x77, 0xF6, 0x8F, 0xD7, 0x4F, 0xC0,
    0x96, 0xB8, 0xB2, 0xDA, 0x24, 0xB2, 0x9E, 0x08, 0x87, 0x0F, 0xC9, 0x18, 0x89, 0x33, 0xE2, 0x88,
    0x70, 0x97, 0x2A, 0xCD, 0x41, 0x25, 0xEF, 0x0E, 0x2A, 0x69, 0x58, 0x55, 0x26, 0xE2, 0x86, 0x2B,
    0xB3, 0xBA, 0xCA, 0x57, 0x57, 0xE9, 0xA5, 0xAB, 0x49, 0x5D, 0xAD, 0x2A, 0x0E, 0x75, 0x9C, 0xE4,
    0xBC, 0xB7, 0x9D, 0x80, 0x1F, 0xBE, 0x45, 0xC4, 0xEC, 0xCE, 0x3E, 0xD0, 0x1E, 0x3A, 0xB7, 0xEE,
    0x32, 0xE5, 0xBF, 0x08, 0xBA, 0x76, 0xDE, 0x0F, 0x0D, 0x5C, 0xA3, 0xCA, 0xE9, 0x76, 0xAB, 0xE4,
    0x94, 0x6B, 0x60, 0x0E, 0x39, 0x7D, 0xB1, 0x5F, 0x4B, 0x26, 0x93, 0x03, 0x30, 0x33, 0xE4, 0xA3,
    0xB7, 0x04, 0xBF, 0xA5, 0x5F, 0x4D, 0xA2, 0x1C, 0x83, 0x02, 0xF8, 0x23, 0x1D, 0x7B, 0xCA, 0x86,
    0x3B, 0x50, 0x09, 0xDB, 0xCA, 0x2E, 0x40, 0xCA, 0x71, 0xCE, 0x2C, 0xA7, 0x23, 0x17, 0x8F, 0x13,
    0xDE, 0xD9, 0xBF, 0xB8, 0xDD, 0x55, 0xFC, 0xF6, 0xB6, 0xA5, 0x5C, 0x44, 0x49, 0xB8, 0x8E, 0x4D,
    0x02, 0xC1, 0x89, 0xE2, 0x72, 0xF0, 0x6C, 0xD2, 0x08, 0xFB, 0xB2, 0x3D, 0xFD, 0xA2, 0x88, 0x4B,
    0x39, 0xA2, 0xFD, 0x22, 0x1F, 0xA5, 0x14, 0xB8, 0x0D, 0xD2, 0x58, 0xE1, 0xC4, 0xC6, 0x80, 0x93,
    0x93, 0xD3, 0x09, 0x75, 0x97, 0x2C, 0xEA, 0xA3, 0x3A, 0x2C, 0x31, 0x8D, 0xBF, 0x1D, 0x6C, 0xA3,
    0x6A, 0x62, 0x20, 0xE2, 0xE4, 0x42, 0x4C, 0xED, 0x8C, 0xDE, 0x11, 0xF3, 0x87, 0x0F, 0xEC, 0x3D,
    0xF2, 0x28, 0x05, 0xA6, 0x4F, 0x74, 0x28, 0xE7, 0x78, 0x88, 0x9F, 0xEC, 0xC2, 0x38, 0x5F, 0x31,
    0xAF, 0x58, 0xEF, 0xA9, 0x08, 0x85, 0x7F, 0x93, 0x6A, 0x56, 0x0C, 0xE0, 0x42, 0x4D, 0xD1, 0x68,
    0xD8, 0x99, 0xD7, 0xC4, 0xBA, 0x0D, 0xEC, 0x60, 0xBC, 0xB4, 0xA9, 0xF1, 0x45, 0x3C, 0xFD, 0x77,
    0x5F, 0xF6, 0x38, 0xE5, 0xA0, 0x64, 0xBD, 0x5B, 0x2B, 0x73, 0x41, 0x9C, 0xBF, 0x02, 0x17, 0xAB,
    0x88, 0x23, 0xA8, 0x46, 0x03, 0xAD, 0x9A, 0xA2, 0xD1, 0xBD, 0x79, 0x14, 0x71, 0x3F, 0x01, 0x4D,
    0xF7, 0x13, 0xD0, 0x9A, 0x9E, 0x4B, 0x6F, 0xAB, 0xDD, 0x77, 0xF3, 0xBC, 0xDF, 0x08, 0xF4, 0xDB,
    0xFF, 0x1E, 0x4C, 0x99, 0xCB, 0x87, 0xE2, 0x08, 0x11, 0x4E, 0x45, 0x47, 0x34, 0x69, 0xC0, 0xCB,
    0x14, 0x33, 0xD2, 0xE8, 0xB8, 0x5F, 0xD5, 0x22, 0x6D, 0x07, 0xC0, 0x46, 0x41, 0xFD, 0xF4, 0xE3,
    0x2B, 0x9F, 0x72, 0x93, 0xF1, 0x2A, 0x68, 0x7E, 0x50, 0xDC, 0xE5, 0x96, 0x97, 0xDE, 0x7B, 0x63,
    0xD0, 0xD4, 0x03, 0x8E, 0x58, 0xBD, 0xE2, 0x46, 0x9B, 0x1A, 0xB6, 0xA9, 0xDD, 0xB7, 0x69, 0xF9,
    0x5D, 0xDA, 0xB4, 0xDC, 0xA9, 0x99, 0x57, 0xB5, 0x29, 0xA0, 0x28, 0x1B, 0x6D, 0x9A, 0x04, 0x70,
    0x30, 0x4D, 0xB2, 0xB0, 0x0B, 0x4D, 0xC8, 0xF6, 0x93, 0x06, 0x6D, 0xBF, 0xDB, 0xE1, 0xCE, 0xA2,
    0x79, 0xDF, 0x33, 0x59, 0x47, 0xD4, 0x5D, 0x3A, 0xA1, 0x06, 0x16, 0xA2, 0xA6, 0x88, 0x7B, 0x73,
    0x70, 0x4E, 0x78, 0x03, 0xAF, 0x3C, 0x98, 0x29, 0x3B, 0xDC, 0x7B, 0x24, 0x40, 0xFA, 0xE6, 0xA0,
    0xA9, 0x65, 0x7B, 0xE5, 0x13, 0x0C, 0x50, 0xF6, 0xD7, 0xAF, 0x9B, 0x31, 0xA8, 0xA0, 0xBF, 0xB7,
    0x3D, 0xF5, 0x80, 0xF9, 0x35, 0x5C, 0xB6, 0xB9, 0xCB, 0xED, 0x90, 0x38, 0xCB, 0xF5, 0x40, 0x53,
    0xFC, 0x96, 0xD0, 0x3C, 0x6A, 0xE1, 0x90, 0x4E, 0x82, 0x22, 0x08, 0xAC, 0x17, 0x44, 0xC0, 0x65,
    0x93, 0xC0, 0x04, 0x81, 0x23, 0xE2, 0x28, 0x18, 0x66, 0x41, 0x57, 0x0B, 0x2A, 0x95, 0x33, 0xBD,
    0x20, 0x1B, 0x04, 0xC9, 0x04, 0x9A, 0x22, 0x5C, 0x23, 0x28, 0x3B, 0x41, 0x11, 0x74, 0x10, 0x51,
    0x6C, 0x1F, 0x09, 0x90, 0xFF, 0x98, 0xE0, 0xC7, 0x92, 0xEA, 0xCA, 0xA7, 0x9E, 0xBA, 0xA9, 0x9B,
    0x39, 0xFE, 0x3C, 0xF6, 0xF1, 0xD9, 0xF3, 0x67, 0x61, 0xC9, 0xE6, 0x2C, 0x4C, 0xC9, 0x94, 0x0E,
    0x13, 0xC6, 0xE4, 0x07, 0xC2, 0x8F, 0x92, 0xFB, 0xC5, 0xB5, 0x45, 0xB8, 0xEE, 0x69, 0x71, 0x77,
    0x6B, 0x5D, 0x84, 0xE7, 0xBB, 0x8D, 0x65, 0xE2, 0xE6, 0x7E, 0x98, 0x42, 0x45, 0x54, 0xF8, 0xDA,
    0xA6, 0xD8, 0xAC, 0x46, 0xD5, 0xFC, 0x8F, 0xF1, 0xEE, 0xBA, 0xF5, 0x78, 0xF2, 0xA3, 0xBC, 0x57,
    0x80, 0x5B, 0xC1, 0xC5, 0xDE, 0x4E, 0x2E, 0xFE, 0x57, 0x9C, 0xEE, 0x9E, 0x3E, 0x79, 0xF9, 0x09,
    0xF2, 0x67, 0x00, 0xF2, 0xFF, 0x21, 0xC2, 0x8A, 0xFE, 0x3B, 0xE2, 0xEE, 0xE9, 0xCB, 0x6D, 0xE3,
    0x38, 0x94, 0x28, 0x74, 0x47, 0x4E, 0xF7, 0x8F, 0x75, 0x27, 0xD9, 0xF4, 0xBB, 0x99, 0x7A, 0xAE,
    0x03, 0xB4, 0x60, 0xDD, 0x8C, 0x5E, 0x1E, 0x80, 0x72, 0x5F, 0x40, 0x34, 0xA2, 0x6E, 0x54, 0xFB,
    0xB5, 0xAC, 0x7F, 0x8B, 0xF8, 0x63, 0xDD, 0x4D, 0xEE, 0x60, 0xBF, 0xB1, 0xE1, 0x97, 0x05, 0xBC,
    0x1E, 0x1C, 0xD6, 0x46, 0xC5, 0x3D, 0xE9, 0x42, 0xFF, 0xA4, 0xF7, 0xDE, 0x08, 0xE9, 0x24, 0x40,
    0x7C, 0xAA, 0x5B, 0x07, 0x3D, 0x57, 0xF7, 0x3D, 0x57, 0xA9, 0xDF, 0xF5, 0x62, 0xFA, 0xB3, 0x23,
    0x71, 0xA4, 0xB1, 0x3E, 0x8D, 0x66, 0x69, 0xEB, 0x3C, 0xCE, 0x0E, 0x6D, 0xEF, 0x2E, 0x33, 0x9B,
    0x53, 0x01, 0x5F, 0xEA, 0x5E, 0xA9, 0xE7, 0xD4, 0xB0, 0x83, 0x65, 0x33, 0x3B, 0x86, 0x72, 0xCC,
    0x01, 0xFC, 0x0C, 0xC9, 0x88, 0x09, 0x98, 0x38, 0x37, 0x3E, 0x4F, 0x03, 0x70, 0x92, 0x09, 0x5C,
    0xDE, 0x01, 0xB6, 0xF0, 0x80, 0xF9, 0xA8, 0x11, 0x7C, 0x5E, 0x01, 0x45, 0x64, 0x15, 0x16, 0x42,
    0xD7, 0x50, 0x35, 0xCA, 0xEA, 0x0C, 0x2D, 0x4A, 0x31, 0x12, 0x2B, 0x8B, 0xFB, 0x88, 0x8D, 0xC5,
    0x11, 0x9E, 0xFB, 0x0D, 0x8E, 0x92, 0x27, 0xC2, 0x4D, 0xFA, 0xC4, 0x1F, 0x61, 0x93, 0x3D, 0xEE,
    0x8E, 0xB8, 0xEC, 0xEC, 0xEF, 0xA3, 0xCC, 0x3E, 0x25, 0x73, 0x2E, 0x3E, 0x4D, 0xD1, 0x84, 0x9F,
    0xC1, 0xBC, 0x5F, 0x0D, 0xA3, 0x78, 0xC1, 0x3F, 0x0F, 0x28, 0x3E, 0xC2, 0xCF, 0x02, 0x8A, 0xCF,
    0x71, 0x3F, 0x20, 0xFF, 0x4F, 0x1C, 0x09, 0x67, 0xB8, 0x80, 0x4C, 0xD8, 0x83, 0x1B, 0x20, 0x1D,
    0x5C, 0x75, 0x65, 0x03, 0xDB, 0x55, 0xFB, 0x2F, 0x2F, 0xC9, 0x04, 0xB4, 0x1A, 0xF8, 0x3F, 0x74,
    0xE0, 0x17, 0xBB, 0x43, 0xB8, 0xF3, 0x01, 0xFA, 0x67, 0xF9, 0xCC, 0x03, 0xCE, 0xF4, 0xC0, 0x2C,
    0x8A, 0xE9, 0x94, 0x4E, 0x6C, 0x88, 0x05, 0x86, 0x76, 0x6D, 0x23, 0x46, 0x77, 0x7B, 0xB9, 0x15,
    0x70, 0xCE, 0xE4, 0x9A, 0x8C, 0x47, 0x32, 0x16, 0x1D, 0xB8, 0xE1, 0x26, 0x10, 0xE1, 0xA2, 0x4B,
    0x74, 0xD1, 0xAF, 0x6B, 0xFE, 0x73, 0xD8, 0xFD, 0x0E, 0x97, 0xC3, 0xF1, 0x7E, 0xA5, 0x6F, 0xFC,
    0x08, 0x14, 0x9F, 0x05, 0x20, 0x7F, 0x12, 0x74, 0xBF, 0xEC, 0xB0, 0xB0, 0x8F, 0x0D, 0x51, 0xAD,
    0xDB, 0x01, 0xD7, 0xFF, 0x01, 0x67, 0xD8, 0x27, 0xC8, 0xDB, 0xA7, 0xAC, 0x01, 0x15, 0xCC, 0x82,
    0xDD, 0xCC, 0x6A, 0x87, 0xBB, 0xDB, 0x6D, 0x5C, 0xFF, 0x13, 0x84, 0x2A, 0x26, 0x1C, 0x16, 0x78,
    0xBA, 0xB2, 0x98, 0xD7, 0xD5, 0x62, 0x27, 0x70, 0xCD, 0xBA, 0x8A, 0xBC, 0xB6, 0x50, 0xAC, 0x2B,
    0x41, 0xDC, 0x6E, 0xAF, 0x7E, 0x3A, 0x47, 0x1A, 0x17, 0x14, 0x72, 0x99, 0xA7, 0x0F, 0x61, 0x2A,
    0x5C, 0xBF, 0xD8, 0x96, 0x7E, 0x17, 0x5B, 0x32, 0xEE, 0x97, 0x4E, 0x9B, 0xFD, 0x75, 0x0C, 0xDC,
    0x99, 0x98, 0xC7, 0x72, 0x55, 0xD2, 0x79, 0xE9, 0x7E, 0xBA, 0x5E, 0xCE, 0xBF, 0x53, 0xB6, 0x06,
    0xAB, 0xE5, 0xF1, 0x4D, 0xFB, 0xF4, 0x19, 0x17, 0xC6, 0xB0, 0xF9, 0x95, 0x87, 0x8B, 0x1D, 0x5C,
    0x0C, 0xD2, 0x16, 0x8C, 0xE4, 0xE6, 0x35, 0xEC, 0x3D, 0xF5, 0xBB, 0xA8, 0xED, 0x95, 0x40, 0x1C,
    0xEB, 0xDF, 0x49, 0x99, 0x78, 0x42, 0xBB, 0xA0, 0x58, 0x1E, 0xC2, 0x56, 0x37, 0xCA, 0x99, 0xE4,
    0xDD, 0xBE, 0xA6, 0xC3, 0x4D, 0xFB, 0xEA, 0xD3, 0xC5, 0x01, 0x8C, 0x21, 0x69, 0x1B, 0xFC, 0x49,
    0x11, 0x67, 0x49, 0x93, 0xFF, 0x8E, 0x5F, 0x4E, 0x0E, 0x36, 0x86, 0xDF, 0xE5, 0xDD, 0xFF, 0x03,
    0xD5, 0x9A, 0x31, 0x8C, 0xE4, 0x46, 0x76, 0x86, 0x3F, 0x92, 0x8B, 0xE5, 0xF9, 0x88, 0x73, 0x6D,
    0x70, 0x30, 0xE4, 0x93, 0x25, 0x0A, 0x70, 0x26, 0x48, 0xAE, 0xE4, 0x02, 0x05, 0xDA, 0xA9, 0xB2,
    0x2E, 0x87, 0x9D, 0x27, 0x4E, 0x1C, 0x5D, 0x22, 0xC1, 0x50, 0xB8, 0xD3, 0xA4, 0x7C, 0x39, 0x3C,
    0x81, 0x73, 0x2B, 0xB8, 0xC0, 0x37, 0x1B, 0xEC, 0x02, 0x56, 0xB0, 0xC1, 0xCC, 0xB0, 0x74, 0xCE,
    0x61, 0xC2, 0x76, 0x2E, 0xFA, 0x4E, 0x80, 0x81, 0x55, 0xA0, 0x32, 0xD0, 0x80, 0xB9, 0x2B, 0x36,
    0x9F, 0xF9, 0x0A, 0x3D, 0x3D, 0xD3, 0xE3, 0xD5, 0x78, 0x75, 0x27, 0x8D, 0x47, 0xAF, 0xC9, 0x6F,
    0xA6, 0x8B, 0xEF, 0xBD, 0xFA, 0x8B, 0xAC, 0xAE, 0x2E, 0x56, 0xD3, 0x0D, 0xE7, 0x2F, 0xB6, 0x56,
    0x52, 0xA5, 0x97, 0xF1, 0xCB, 0xAB, 0xD5, 0x57, 0x1D, 0xAE, 0xBE, 0xC8, 0x23, 0x5C, 0xC5, 0xAB,
    0xCF, 0x01, 0x91, 0x81, 0x42, 0x64, 0xC4, 0xFC, 0xE6, 0xBF, 0x36, 0xD8, 0xBF, 0x8D, 0x07, 0xB8,
    0x3C, 0xFE, 0x98, 0x95, 0xBA, 0x9C, 0xEE, 0xB0, 0xD9, 0x87, 0x96, 0x25, 0x17, 0x75, 0xBE, 0x83,
    0x7B, 0x2F, 0x5A, 0xCC, 0xBF, 0xC6, 0x8E, 0x52, 0xBE, 0xDA, 0x90, 0x89, 0xAC, 0xC1, 0x4A, 0xCB,
    0x0B, 0xEB, 0xCD, 0xBA, 0x67, 0x50, 0x8B, 0x04, 0x9A, 0xE7, 0xDD, 0x9A, 0x99, 0x72, 0x2A, 0x46,
    0x38, 0x29, 0x22, 0xDC, 0x2B, 0x17, 0x90, 0x50, 0x5C, 0x60, 0x0D, 0x64, 0x23, 0xF0, 0xE6, 0x7C,
    0xFC, 0x4B, 0x9C, 0xCA, 0x4D, 0xA0, 0x81, 0xCB, 0x58, 0x29, 0x4E, 0x15, 0xD3, 0x79, 0x98, 0x19,
    0x14, 0x4F, 0x8F, 0x8F, 0xFF, 0xD1, 0x88, 0xC8, 0x94, 0xE0, 0x5A, 0x30, 0x7D, 0x1D, 0xA0, 0x0E,
    0x7A, 0xDC, 0x79, 0xAD, 0xB0, 0x41, 0x55, 0x6C, 0xC8, 0x26, 0xDD, 0x98, 0x53, 0x7C, 0x93, 0xB4,
    0xB8, 0xD6, 0xF4, 0x60, 0x42, 0xDD, 0x42, 0xD5, 0xBB, 0xA4, 0x6B, 0x05, 0xE4, 0xEB, 0x09, 0x60,
    0x33, 0x42, 0x21, 0x22, 0xF3, 0x96, 0xF9, 0xF1, 0xA3, 0xA7, 0xBF, 0x42, 0xB3, 0xC3, 0xF5, 0x4C,
    0x9E, 0x7B, 0xB1, 0x07, 0x7B, 0x06, 0xC0, 0xD5, 0xB2, 0x57, 0x67, 0x4F, 0x3A, 0xC5, 0xA5, 0x3C,
    0x9A, 0xB4, 0x81, 0x9F, 0x50, 0xB7, 0xDC, 0xC3, 0x7A, 0x50, 0x68, 0xEA, 0xF3, 0x96, 0x57, 0xB3,
    0x87, 0x5C, 0x9E, 0xA1, 0x11, 0x03, 0xD5, 0x47, 0xDD, 0x84, 0xA3, 0x14, 0x0E, 0xA1, 0xF1, 0x13,
    0xD8, 0x76, 0x41, 0xDD, 0x6E, 0x16, 0xF8, 0x0E, 0x2C, 0x6E, 0xE0, 0x3E, 0x46, 0x8E, 0xD6, 0xE4,
    0x22, 0x2D, 0xBC, 0x2A, 0x3D, 0x60, 0xD3, 0xD5, 0x9B, 0x00, 0x2E, 0x23, 0x23, 0x9B, 0x30, 0x47,
    0xD5, 0x48, 0xAD, 0xE9, 0x4B, 0x11, 0x0F, 0x3F, 0xF9, 0x7B, 0x68, 0x3E, 0x9A, 0x77, 0xDB, 0x52,
    0x72, 0x04, 0xDB, 0x83, 0x4E, 0x24, 0x82, 0xB4, 0xE5, 0x86, 0x22, 0x5D, 0xC0, 0xAA, 0x4F, 0x97,
    0xA1, 0xBD, 0x7B, 0x54, 0xF6, 0x96, 0x6E, 0xCC, 0xE3, 0xFD, 0x5C, 0x66, 0xE2, 0xBB, 0xC5, 0xDA,
    0xFA, 0xF5, 0x83, 0x2A, 0xFC, 0x01, 0x4F, 0x4E, 0x4C, 0x80, 0x93, 0x27, 0xA6, 0xBD, 0xC2, 0x07,
    0x5A, 0xFE, 0x64, 0xF1, 0xF9, 0x21, 0xE3, 0xFD, 0xE4, 0x7F, 0x90, 0x8B, 0x64, 0x71, 0x69, 0xCA,
    0x54, 0x0C, 0x26, 0xDC, 0x3D, 0x32, 0xA1, 0x58, 0x83, 0xF3, 0xD9, 0xCC, 0xB2, 0x69, 0x87, 0x1B,
    0xC1, 0x48, 0x6A, 0x93, 0x76, 0xC3, 0x5C, 0x3C, 0xB5, 0x0C, 0x1C, 0xE4, 0x6B, 0x5E, 0xE1, 0x09,
    0xF0, 0x20, 0xED, 0x77, 0x65, 0xC2, 0x2D, 0xFB, 0x29, 0x0F, 0x18, 0xD3, 0x7E, 0xC2, 0xE9, 0x5D,
    0x2D, 0x6B, 0x7C, 0x35, 0x5A, 0x4F, 0xB2, 0xAC, 0xE5, 0x88, 0x2A, 0x14, 0x11, 0xAB, 0x1D, 0x49,
    0x68, 0xDA, 0x62, 0xCA, 0x66, 0xEA, 0x58, 0x8D, 0xB8, 0x60, 0x07, 0x1A, 0x6C, 0xA0, 0xF1, 0x0B,
    0x5C, 0x5F, 0x47, 0xCC, 0xBA, 0x9C, 0xC8, 0x37, 0x08, 0x74, 0xB8, 0x40, 0x1D, 0xAA, 0x81, 0x32,
    0xE4, 0x03, 0xB4, 0xF8, 0x9F, 0x1F, 0x1F, 0x1F, 0x1F, 0x75, 0x22, 0x32, 0x24, 0x00, 0xC5, 0xFF,
    0x8D, 0xEC, 0x2F, 0xDF, 0x3C, 0xFE, 0x95, 0x93, 0x79, 0xD9, 0x78, 0x7F, 0xA0, 0x90, 0x0D, 0xA6,
    0xAD, 0xFD, 0xDB, 0x14, 0xE1, 0x9D, 0xA6, 0x1F, 0x3E, 0xFC, 0xE0, 0x71, 0x7C, 0xFC, 0xC1, 0xE3,
    0xC7, 0x8F, 0x9B, 0xFE, 0xF1, 0x87, 0x7F, 0x13, 0xE2, 0x3B, 0x1F, 0x0C, 0xC3, 0xDB, 0x6F, 0xFC,
    0x69, 0x50, 0x1F, 0xF5, 0xD5, 0x98, 0xE3, 0xE3, 0x5F, 0x8A, 0x8C, 0xCB, 0xA6, 0x6F, 0x72, 0x4D,
    0xF0, 0x5C, 0x7C, 0xDD, 0xD6, 0xC1, 0x51, 0xF6, 0x07, 0x14, 0xC3, 0xFD, 0x65, 0xD7, 0xBF, 0xFA,
    0x5E, 0xCB, 0xF5, 0xF8, 0x79, 0x30, 0x8C, 0xBC, 0x0C, 0xB4, 0x49, 0x31, 0xE1, 0xE7, 0xC7, 0xF3,
    0xF1, 0xC7, 0x2F, 0x13, 0xB6, 0x6F, 0x7A, 0x76, 0x3E, 0xBE, 0xC8, 0x52, 0xCE, 0x58, 0x09, 0x87,
    0xE5, 0xF0, 0x49, 0x1E, 0x59, 0xB6, 0x42, 0x4F, 0x24, 0xB5, 0xE7, 0x94, 0x22, 0x52, 0xB7, 0x1C,
    0x82, 0xC8, 0x7A, 0xD9, 0x32, 0x69, 0x8D, 0xC4, 0xFA, 0xCF, 0xC7, 0x3B, 0x9C, 0xC0, 0x13, 0xB2,
    0x35, 0xD2, 0x22, 0x3D, 0xD9, 0x08, 0x0F, 0xEE, 0xF0, 0xE0, 0x20, 0x9B, 0x6A, 0x89, 0x79, 0x1A,
    0xAF, 0xFA, 0x22, 0x56, 0x83, 0x09, 0x96, 0x03, 0xDE, 0x02, 0x56, 0xE0, 0xBE, 0xE9, 0xDE, 0xA4,
    0x9D, 0xA6, 0xF1, 0x74, 0x4D, 0x9F, 0x4B, 0x33, 0x77, 0xCD, 0x4A, 0x36, 0x6E, 0x65, 0x07, 0x3D,
    0xCE, 0x75, 0x3B, 0x95, 0x48, 0xA4, 0x5B, 0x50, 0x88, 0x3C, 0x8C, 0xCB, 0xBB, 0x22, 0xD6, 0x0A,
    0xB7, 0x8F, 0x26, 0x61, 0xBF, 0xAC, 0x56, 0x18, 0x45, 0xA1, 0x20, 0xA1, 0x56, 0xE0, 0xBE, 0x3D,
    0x00, 0x17, 0xDF, 0x41, 0x59, 0x4B, 0x1E, 0x28, 0x96, 0xED, 0xDF, 0xC9, 0x3A, 0x8F, 0x09, 0x3F,
    0x32, 0xC1, 0x89, 0xAF, 0x9E, 0x41, 0x43, 0x29, 0xB8, 0x2F, 0x79, 0xBB, 0x86, 0xAF, 0xD9, 0x6A,
    0x99, 0x97, 0x2D, 0x93, 0x96, 0x4A, 0xD6, 0x58, 0x3F, 0x71, 0x9F, 0x03, 0x1E, 0x60, 0x39, 0xA1,
    0xDE, 0xDB, 0xB5, 0x4C, 0x8F, 0xA9, 0x8F, 0xFA, 0x6A, 0x4C, 0xB2, 0x9F, 0xF2, 0x03, 0x38, 0xC4,
    0x82, 0x6B, 0xEB, 0x1E, 0x33, 0x94, 0x6B, 0x8A, 0x29, 0x9F, 0x41, 0xE8, 0x5A, 0x9A, 0x60, 0x07,
    0xFD, 0x94, 0xA5, 0x4F, 0x68, 0xA4, 0x0B, 0x8B, 0xE6, 0x19, 0xF1, 0xE5, 0x98, 0x6F, 0xA8, 0xFB,
    0x2A, 0xE2, 0xBC, 0x0D, 0xBC, 0xCB, 0x9F, 0xC1, 0x1B, 0x9A, 0x2A, 0xDB, 0x40, 0x31, 0x98, 0x85,
    0x55, 0x70, 0x87, 0x60, 0xFC, 0x8F, 0xEF, 0x83, 0x83, 0x85, 0x87, 0x89, 0x93, 0x32, 0x5B, 0x2B,
    0x8B, 0xA8, 0x2C, 0x7B, 0xA5, 0x69, 0x95, 0x16, 0xAC, 0xAC, 0x81, 0x3A, 0x11, 0xE0, 0x27, 0x89,
    0x9D, 0x26, 0x44, 0x34, 0x61, 0xF1, 0x19, 0x38, 0xAA, 0xBF, 0xD0, 0x84, 0xC6, 0xC0, 0xC4, 0xBB,
    0x46, 0x13, 0x7E, 0x62, 0x34, 0x61, 0x34, 0x9A, 0x50, 0x24, 0x9A, 0x56, 0x69, 0x01, 0xC3, 0x81,
    0xF2, 0xDB, 0xD7, 0x56, 0x8E, 0x4A, 0x27, 0x9E, 0x2A, 0x9C, 0x9A, 0x80, 0xF1, 0x1F, 0x96, 0x01,
    0x07, 0x0B, 0x35, 0x7F, 0xCB, 0x04, 0x36, 0x25, 0x4C, 0x9F, 0xAA, 0x3C, 0x6A, 0x42, 0x75, 0x6C,
    0x59, 0x81, 0x85, 0x4E, 0x86, 0x83, 0xC4, 0x7C, 0x56, 0x6D, 0xB5, 0xF4, 0x54, 0xE1, 0xF5, 0x22,
    0x62, 0xBC, 0x7A, 0x3B, 0x28, 0x7A, 0x4D, 0x25, 0x9E, 0x49, 0xA9, 0xA9, 0xCA, 0x41, 0xB5, 0x65,
    0xB1, 0xEC, 0x79, 0x25, 0xD3, 0x66, 0x1E, 0x14, 0xD1, 0xAA, 0xAA, 0x00, 0x68, 0x9E, 0x6F, 0xFB,
    0xBC, 0x51, 0x6E, 0x78, 0x31, 0x5E, 0x64, 0xD9, 0xF8, 0xBF, 0x61, 0x17, 0x64, 0xB2, 0xA0, 0xD2,
    0xA8, 0xBA, 0x07, 0x9C, 0x07, 0x1A, 0x80, 0xB3, 0xCB, 0x78, 0x9D, 0x46, 0x8F, 0x39, 0x4F, 0x87,
    0xED, 0xF3, 0x0D, 0x66, 0x7E, 0x34, 0x92, 0x8B, 0xF4, 0xF0, 0x7E, 0xAA, 0xD2, 0x2B, 0xCA, 0x3E,
    0x31, 0x2A, 0x8B, 0xB5, 0x92, 0x29, 0xF1, 0x30, 0xF1, 0x20, 0xF1, 0x0E, 0x57, 0x4D, 0x3C, 0x2A,
    0x24, 0x9D, 0xA8, 0xC4, 0xE2, 0xBF, 0x7B, 0xE5, 0x6F, 0x07, 0xA0, 0xFA, 0xB7, 0x08, 0x98, 0x5F,
    0xAF, 0x95, 0x9F, 0x8E, 0x40, 0xDD, 0x4E, 0x80, 0x65, 0x03, 0xB8, 0xED, 0x18, 0xE3, 0x80, 0xD3,
    0xC4, 0x09, 0xDB, 0x92, 0x4D, 0xE8, 0xF4, 0x70, 0xC4, 0x84, 0x34, 0x03, 0xE9, 0x13, 0x07, 0xAA,
    0xE7, 0xC7, 0x0F, 0x23, 0xA6, 0x57, 0x75, 0x26, 0x39, 0xD4, 0x41, 0x9D, 0x9D, 0x87, 0x0D, 0x2E,
    0x35, 0xB6, 0x01, 0x9A, 0xD4, 0x72, 0xC7, 0xB9, 0x15, 0x71, 0xD7, 0x30, 0x8D, 0x4E, 0x22, 0xD8,
    0x79, 0xDC, 0xFF, 0x1E, 0xB6, 0x4B, 0x5A, 0xA0, 0x90, 0x1E, 0xA8, 0xBE, 0x8A, 0x40, 0xFD, 0xE9,
    0xB4, 0xAB, 0xF7, 0x01, 0x16, 0xB8, 0xC7, 0x9D, 0xEF, 0x51, 0x8B, 0xEE, 0x7A, 0x00, 0x37, 0x66,
    0x80, 0xC8, 0x23, 0xE0, 0x83, 0xF7, 0x05, 0xD0, 0xD0, 0x7D, 0xFB, 0xBE, 0xB4, 0x28, 0x4D, 0x32,
    0xAF, 0xF2, 0x7B, 0xD7, 0x0A, 0x56, 0x5C, 0xF4, 0xB4, 0x4F, 0x93, 0x12, 0x3E, 0x49, 0x7C, 0xB2,
    0xFB, 0xBF, 0x6A, 0x63, 0xF2, 0x19, 0x00, 0x3A, 0xFF, 0x3D, 0x6A, 0x5D, 0x26, 0x22, 0x9E, 0x5C,
    0xB9, 0xA8, 0x7A, 0x7E, 0xAC, 0xAA, 0x22, 0x50, 0x26, 0x55, 0xE6, 0x9F, 0x13, 0x7F, 0xA1, 0xAC,
    0x7F, 0xA6, 0xB4, 0x85, 0xD2, 0x25, 0xAE, 0x12, 0x4F, 0x0B, 0x8D, 0x9A, 0x0A, 0x91, 0x2D, 0xB3,
    0xB5, 0x96, 0x17, 0x31, 0x51, 0x64, 0x61, 0x99, 0x58, 0x3D, 0x7D, 0xB8, 0xD0, 0x84, 0x62, 0x47,
    0xDB, 0x2A, 0x9D, 0x4F, 0x44, 0xF3, 0xAC, 0x34, 0xC2, 0x9F, 0x26, 0x72, 0x57, 0x8E, 0xC0, 0xC9,
    0x04, 0xF2, 0x85, 0x50, 0x4C, 0xB8, 0x50, 0x45, 0xCC, 0xA0, 0x6D, 0x8E, 0x75, 0x4B, 0xEE, 0x9D,
    0x07, 0x1C, 0x7B, 0x68, 0x5E, 0x8C, 0x3D, 0x3F, 0x0F, 0xE9, 0x2C, 0x52, 0x07, 0x8A, 0xC1, 0x68,
    0xD2, 0x72, 0xC2, 0x86, 0x5C, 0x2B, 0xA2, 0x93, 0x0D, 0xD4, 0xD2, 0x43, 0xBA, 0xB8, 0x3C, 0x56,
    0x48, 0x38, 0x1F, 0x40, 0xB3, 0x05, 0xC5, 0x7B, 0xA9, 0x59, 0x03, 0x64, 0xE2, 0xB7, 0x43, 0xE7,
    0xE1, 0xAE, 0x26, 0xEB, 0x01, 0x93, 0x02, 0xFA, 0xF3, 0xDB, 0x6B, 0x5A, 0x2E, 0x2C, 0x4D, 0xBB,
    0xDB, 0x2E, 0x61, 0x99, 0x3F, 0xFB, 0x33, 0x80, 0x97, 0x80, 0x3A, 0xA7, 0xD8, 0x84, 0xDD, 0x81,
    0x97, 0x8E, 0xF5, 0x17, 0xF5, 0xC2, 0x9D, 0x9D, 0x54, 0xB7, 0x77, 0x83, 0x9E, 0xE4, 0x16, 0xFD,
    0x6D, 0xD4, 0x6C, 0x46, 0xC0, 0x6E, 0x80, 0xA6, 0x01, 0x26, 0xBD, 0x7C, 0xB1, 0x1C, 0x28, 0x43,
    0x16, 0x01, 0xFC, 0xAD, 0x92, 0x5B, 0x4C, 0x26, 0x72, 0x05, 0x00, 0xB7, 0x4A, 0xE4, 0xD5, 0xBE,
    0xEB, 0xF6, 0xFB, 0x6E, 0x31, 0x5C, 0x3D, 0xAF, 0xC8, 0x62, 0x3E, 0xE1, 0xF8, 0xA1, 0x7E, 0xF4,
    0xCB, 0xC8, 0x77, 0x8D, 0x54, 0xD1, 0x45, 0xBD, 0xC0, 0xFE, 0xC7, 0x7D, 0x73, 0x3E, 0x23, 0x2C,
    0xA2, 0xA2, 0xBF, 0x8D, 0x9A, 0xCD, 0x08, 0xB8, 0x0D, 0xD0, 0x75, 0x90, 0x5D, 0xEA, 0xBB, 0x79,
    0x24, 0x03, 0x7F, 0xAB, 0xE4, 0x96, 0x63, 0x3D, 0x70, 0x05, 0xC0, 0x2D, 0x3B, 0xA7, 0x22, 0x9F,
    0x03, 0xE9, 0x5F, 0xE6, 0x63, 0xE9, 0x61, 0xC2, 0x44, 0x65, 0x31, 0x2A, 0xB7, 0xDB, 0x59, 0x62,
    0x93, 0xE8, 0x2E, 0xD3, 0x3B, 0x11, 0x7F, 0xCE, 0x65, 0x15, 0x13, 0xE7, 0x99, 0xD8, 0x27, 0x17,
    0x6C, 0x2E, 0x65, 0x9B, 0x2E, 0x6A, 0x31, 0xF1, 0xBC, 0xF6, 0xA4, 0x64, 0xAB, 0xEA, 0xAF, 0x81,
    0x42, 0xDA, 0x7B, 0x18, 0x79, 0x1E, 0x29, 0xEF, 0x4A, 0x04, 0x6C, 0xCB, 0x8B, 0x4C, 0x5A, 0xEA,
    0x56, 0x82, 0xA2, 0x57, 0x44, 0xC5, 0x7A, 0xC1, 0x66, 0x5C, 0x30, 0x4D, 0x8A, 0x33, 0x85, 0x4B,
    0xF0, 0x0B, 0xEA, 0xB0, 0xC0, 0x28, 0xAA, 0x61, 0x41, 0x11, 0x17, 0xE4, 0xEB, 0x05, 0xD9, 0xB4,
    0x80, 0x84, 0x95, 0xC2, 0x29, 0xEC, 0x5F, 0x2D, 0x30, 0x9F, 0x29, 0xBE, 0x5C, 0x50, 0xCA, 0x82,
    0x42, 0x91, 0x2B, 0xB4, 0xFE, 0x0C, 0xA0, 0xBE, 0x58, 0xA6, 0xEC, 0xCF, 0x3F, 0x4D, 0xD9, 0x1A,
    0x60, 0x54, 0xDC, 0xE3, 0xB2, 0xE9, 0x82, 0x27, 0x9D, 0xAC, 0x29, 0xE4, 0xE1, 0x86, 0x6A, 0x4D,
    0xA7, 0xA1, 0x36, 0x38, 0x8F, 0xE9, 0x1D, 0x54, 0x43, 0x03, 0x65, 0x3C, 0xD3, 0x3C, 0x09, 0x9B,
    0x05, 0xEB, 0xAF, 0xC5, 0x85, 0x5F, 0x0A, 0x4B, 0x09, 0x52, 0xAA, 0x94, 0x34, 0xA5, 0x4F, 0x15,
    0xA5, 0x2A, 0x53, 0xE5, 0x5B, 0x33, 0xE1, 0x5C, 0xB4, 0xF3, 0xC0, 0x0A, 0x60, 0x52, 0xAC, 0x6F,
    0xA3, 0xE6, 0x62, 0x06, 0x8C, 0x78, 0xB0, 0x5F, 0x06, 0x68, 0xCA, 0x08, 0x53, 0x36, 0x92, 0x45,
    0x4E, 0xC0, 0x73, 0xEF, 0x76, 0xC9, 0xFD, 0x63, 0x00, 0x19, 0xEE, 0x50, 0xC8, 0x7C, 0x42, 0xF6,
    0x69, 0x37, 0xA1, 0x51, 0xEC, 0xEC, 0x56, 0xC9, 0xCD, 0xE6, 0x72, 0xBC, 0x8A, 0x5B, 0x27, 0x32,
    0xD9, 0x5B, 0xF0, 0x36, 0x0D, 0x74, 0x3A, 0xEB, 0x9C, 0xA8, 0x62, 0x15, 0xC9, 0x27, 0x1B, 0xA0,
    0xEB, 0x00, 0x3B, 0x01, 0x66, 0x7D, 0xFE, 0x9F, 0x96, 0xA5, 0xA3, 0xC9, 0x2F, 0x45, 0xA4, 0xD8,
    0x77, 0x35, 0xCB, 0xFE, 0xAD, 0xFB, 0x3B, 0xDC, 0x95, 0xFE, 0x0C, 0x2B, 0xF3, 0xA4, 0xD3, 0xE6,
    0x75, 0xBE, 0xC1, 0xC5, 0x32, 0x4D, 0x9B, 0x7B, 0xEA, 0x68, 0x02, 0x6E, 0xAC, 0x03, 0x67, 0x93,
    0x6D, 0x19, 0x17, 0x14, 0x71, 0x72, 0xBE, 0xEC, 0x37, 0xCE, 0x9B, 0x76, 0x81, 0x65, 0xC1, 0xA1,
    0x62, 0x5A, 0xF0, 0x5E, 0x64, 0x63, 0x7F, 0x31, 0x30, 0xD9, 0xBF, 0x0B, 0x4C, 0xF5, 0x67, 0x3E,
    0x9B, 0xCC, 0x4C, 0x3E, 0x9A, 0x89, 0x62, 0x5D, 0xAE, 0xA9, 0x62, 0xB1, 0xC1, 0xF6, 0x46, 0x9E,
    0x8A, 0xAF, 0x75, 0xDA, 0xEC, 0x74, 0xCE, 0xFE, 0x1A, 0x3B, 0xFB, 0xC6, 0x93, 0x8B, 0x09, 0x6C,
    0xFB, 0xAD, 0xC0, 0x5F, 0xC1, 0x46, 0xAB, 0x3F, 0x5D, 0xC0, 0x99, 0x22, 0x9D, 0x3F, 0x17, 0xB2,
    0x0D, 0xF5, 0xFC, 0x68, 0xA2, 0x14, 0x19, 0xE0, 0xFD, 0xD9, 0xF3, 0xF2, 0x93, 0x8B, 0x5B, 0xA4,
    0xF9, 0xE5, 0x27, 0x17, 0xB7, 0x41, 0xEE, 0xF5, 0x93, 0x8B, 0xDB, 0xD5, 0x0F, 0x60, 0x52, 0x64,
    0x89, 0xC5, 0x5A, 0x59, 0x0E, 0x4A, 0x13, 0x12, 0xBD, 0x32, 0x63, 0xDF, 0x5C, 0x0B, 0x66, 0xB0,
    0x57, 0x7E, 0xCA, 0xEC, 0xB6, 0x3F, 0x65, 0x32, 0x91, 0x8F, 0xE9, 0x6D, 0xD4, 0x43, 0xD5, 0x00,
    0x36, 0xD4, 0x01, 0x4C, 0xEF, 0x3C, 0x94, 0xB1, 0x61, 0x3B, 0xBC, 0x90, 0xCD, 0x13, 0x40, 0x17,
    0x95, 0x6E, 0x00, 0x75, 0x55, 0xD6, 0xBF, 0x23, 0xAF, 0xBB, 0x31, 0x10, 0x39, 0x52, 0x8C, 0x74,
    0xC7, 0x0F, 0x45, 0xCB, 0x1A, 0xBF, 0xA0, 0x0E, 0x0B, 0x4C, 0x42, 0xBF, 0x8F, 0x90, 0x8E, 0x26,
    0xBF, 0x14, 0x91, 0x62, 0x53, 0x96, 0xEB, 0xEF, 0x40, 0xC8, 0xA5, 0x07, 0x6A, 0x99, 0x80, 0xE6,
    0xA9, 0x00, 0x33, 0x36, 0xAD, 0x56, 0x54, 0xDA, 0x6F, 0x29, 0x07, 0xE5, 0x6E, 0x93, 0x98, 0x75,
    0xCA, 0x4A, 0x22, 0x0F, 0xA3, 0x7D, 0xFE, 0x31, 0x45, 0x74, 0x9E, 0x85, 0x2B, 0x2E, 0x78, 0x00,
    0xBB, 0xF2, 0x7A, 0xAD, 0x2C, 0xE4, 0x68, 0x21, 0x76, 0x54, 0x66, 0xB3, 0x12, 0x97, 0x58, 0xFB,
    0x73, 0xBE, 0x81, 0x5D, 0x78, 0x92, 0xCA, 0xBB, 0x2F, 0xD4, 0xC7, 0x8A, 0xFA, 0xEB, 0x38, 0x96,
    0x8C, 0xD7, 0xAE, 0xBF, 0xAD, 0xDF, 0xEF, 0xB9, 0x76, 0x86, 0x5C, 0x64, 0x48, 0xEB, 0xCB, 0xD8,
    0x90, 0x4D, 0xFC, 0xE1, 0xB6, 0xD5, 0xEE, 0x32, 0xFE, 0xE8, 0xB8, 0x53, 0x3F, 0xA1, 0x56, 0xB8,
    0x1E, 0x47, 0xC3, 0x82, 0x55, 0xC2, 0x45, 0xBF, 0x6C, 0x73, 0xC1, 0x3E, 0xEF, 0x1E, 0x7D, 0x5E,
    0xC9, 0x5C, 0x8F, 0x74, 0x9F, 0xEF, 0xBE, 0xD0, 0x5E, 0x57, 0xB8, 0xF6, 0x5C, 0xDB, 0xB4, 0x37,
    0x48, 0x65, 0xFD, 0x8D, 0xAB, 0xAA, 0x26, 0xA0, 0x9E, 0x01, 0xD7, 0x78, 0xD8, 0x98, 0x40, 0xBE,
    0xD6, 0xEB, 0xD7, 0xB3, 0x06, 0xCF, 0x4D, 0x0B, 0xDA, 0xCE, 0xBF, 0xFB, 0x7B, 0x94, 0x32, 0x8F,
    0x14, 0xEF, 0xC9, 0x1A, 0xB0, 0x3D, 0x70, 0xE3, 0x5A, 0xAE, 0x5F, 0x08, 0xB8, 0x31, 0x19, 0xDC,
    0xFD, 0x7C, 0x5B, 0x11, 0xF7, 0x8D, 0x87, 0x27, 0x65, 0x80, 0x4F, 0x8A, 0xB0, 0xFD, 0xEF, 0x81,
    0x69, 0xC1, 0x0A, 0x50, 0x8E, 0x37, 0x2E, 0xAD, 0x6B, 0x5F, 0x5D, 0x53, 0x48, 0x6C, 0x04, 0xF3,
    0xD5, 0x34, 0x77, 0xAD, 0xA5, 0xE9, 0xAB, 0xF0, 0x1A, 0x36, 0x14, 0x3D, 0xD4, 0x3E, 0x1F, 0x12,
    0x23, 0x89, 0x59, 0xFA, 0xB1, 0xB9, 0x12, 0xE5, 0x92, 0x6A, 0xF9, 0x09, 0xDA, 0xF9, 0xDA, 0xC3,
    0x0A, 0xE5, 0xE1, 0x96, 0xB6, 0xCD, 0xFD, 0x21, 0x6E, 0xC9, 0xE0, 0xF8, 0xA7, 0x68, 0x82, 0xFD,
    0xE2, 0x37, 0x73, 0xE7, 0x8D, 0x84, 0x6E, 0x26, 0x9F, 0xA9, 0x3F, 0xE7, 0xFC, 0xA9, 0x8D, 0xE1,
    0xFC, 0xA9, 0x8D, 0x6C, 0x83, 0x6D, 0x39, 0xC0, 0xC1, 0x8F, 0x2F, 0x3D, 0xB8, 0x92, 0xB0, 0xD9,
    0x47, 0x2A, 0x4B, 0x2E, 0x0E, 0x7E, 0xA0, 0x61, 0x16, 0x33, 0xD0, 0xA5, 0x54, 0x9A, 0x34, 0xA6,
    0xF4, 0x90, 0x07, 0xA0, 0x48, 0x90, 0xDD, 0x4F, 0x2F, 0x55, 0x80, 0x1F, 0x99, 0x05, 0x56, 0x3C,
    0x54, 0xCF, 0xD8, 0x5A, 0xA5, 0xB0, 0xED, 0x6E, 0xA4, 0x19, 0x76, 0x23, 0xCD, 0xA8, 0xF8, 0x90,
    0xCB, 0x56, 0xC9, 0x76, 0x2E, 0x9B, 0x6F, 0xE7, 0xB2, 0x8D, 0x46, 0xD5, 0xC1, 0x7A, 0xAA, 0xDE,
    0x69, 0xF4, 0xC1, 0x82, 0xD8, 0x88, 0xC8, 0x16, 0xFA, 0x6B, 0xFD, 0xEA, 0xB2, 0x70, 0xB0, 0x9E,
    0x9C, 0x3A, 0x60, 0x82, 0x26, 0x08, 0x85, 0x3C, 0x14, 0x4D, 0x3A, 0x6A, 0xFA, 0x76, 0x57, 0x93,
    0x07, 0x4C, 0x9F, 0xB4, 0xED, 0xAD, 0x18, 0x8E, 0x8A, 0xC7, 0x37, 0xAE, 0xAA, 0x98, 0xCF, 0x2B,
    0xAA, 0x3F, 0xBB, 0x72, 0x1B, 0xF5, 0x00, 0x3C, 0xF7, 0x6E, 0x5A, 0x90, 0x14, 0xD3, 0x55, 0x00,
    0xFF, 0x3F, 0x57, 0xAB, 0x7A, 0xC1, 0x6D, 0x7C, 0xBE, 0x06, 0x98, 0x14, 0x3F, 0xE5, 0x92, 0x39,
    0x99, 0xB6, 0x78, 0xF3, 0x78, 0x01, 0xFC, 0xFE, 0xD0, 0x54, 0xF3, 0xF1, 0x91, 0x13, 0x91, 0x3E,
    0x81, 0x64, 0x94, 0xBB, 0x3E, 0x54, 0xEF, 0xFA, 0xD0, 0xE1, 0x2E, 0xEC, 0x83, 0x9B, 0x56, 0xB5,
    0xD7, 0x87, 0x7A, 0x70, 0xA9, 0x0F, 0x65, 0xD3, 0xB6, 0x0F, 0xC1, 0xBD, 0x1B, 0x16, 0x74, 0x4D,
    0x1F, 0xBA, 0xE1, 0xAB, 0x75, 0x8F, 0x4C, 0xFC, 0x13, 0xA8, 0xFF, 0x73, 0x84, 0x42, 0x02, 0xFA,
    0x1E, 0xCC, 0x97, 0x01, 0xDC, 0xCF, 0x22, 0xBC, 0x92, 0x8D, 0xDB, 0xAB, 0xF7, 0xEA, 0x33, 0x07,
    0x22, 0xFF, 0xE0, 0x0B, 0x79, 0xF8, 0x55, 0x30, 0x91, 0x26, 0xD4, 0x81, 0xBA, 0x77, 0x1E, 0x33,
    0x38, 0x28, 0xE3, 0x0A, 0x8A, 0x98, 0x70, 0xB6, 0xC3, 0x45, 0x99, 0xBA, 0xEC, 0x6E, 0x98, 0xD3,
    0x23, 0x21, 0x8D, 0xA6, 0x9A, 0xD3, 0x27, 0x25, 0x5D, 0x9E, 0x4B, 0x4B, 0x69, 0x95, 0xCC, 0x6B,
    0x8A, 0xFC, 0x6B, 0x96, 0xD2, 0x56, 0x77, 0x67, 0xCF, 0xCA, 0xCA, 0xC0, 0xEA, 0xEC, 0xD1, 0x48,
    0xD3, 0xA7, 0xDB, 0x64, 0x66, 0x45, 0xC3, 0x0A, 0xDC, 0xEF, 0x8D, 0xDF, 0x69, 0x90, 0xDE, 0x5B,
    0x70, 0x30, 0xDA, 0xC0, 0xD4, 0xD4, 0xD4, 0xE8, 0xD4, 0xFC, 0x6F, 0x74, 0x86, 0x52, 0x82, 0xDD,
    0x92, 0x42, 0x4A, 0xBF, 0x3F, 0x48, 0x87, 0xBD, 0x41, 0xFA, 0x64, 0x7F, 0x90, 0xBE, 0x39, 0x55,
    0xFB, 0x6B, 0x5D, 0xD7, 0x0F, 0xD2, 0x37, 0x25, 0xE8, 0xFA, 0xD5, 0xAC, 0x9B, 0xD3, 0x72, 0xCD,
    0x52, 0xD5, 0x8D, 0x5F, 0xA3, 0x89, 0xAB, 0x48, 0x76, 0xFD, 0x63, 0x7E, 0xBC, 0xC8, 0xAE, 0x4B,
    0xF5, 0x0A, 0xB9, 0x1C, 0xDD, 0xC7, 0xCA, 0x66, 0x44, 0x9E, 0x4A, 0x2C, 0x26, 0x6C, 0x5F, 0x46,
    0xEA, 0x68, 0x7A, 0x9A, 0x68, 0x02, 0xCF, 0xC6, 0xBA, 0x2D, 0xFE, 0x63, 0xAA, 0x5B, 0x13, 0x26,
    0xDB, 0x5A, 0x16, 0x9C, 0x30, 0xD5, 0x1F, 0xAD, 0x17, 0xE8, 0x12, 0x94, 0xF9, 0x97, 0x36, 0x1B,
    0x2B, 0xA1, 0x58, 0x97, 0x13, 0xA5, 0x26, 0xA8, 0xFB, 0x72, 0x49, 0xE5, 0xCD, 0x23, 0xD9, 0x70,
    0xB0, 0xA4, 0xE7, 0x4F, 0xD8, 0xB3, 0xB7, 0x80, 0x0D, 0xE0, 0x80, 0xDA, 0x83, 0x09, 0x50, 0xF4,
    0x90, 0xF7, 0x9C, 0xDB, 0x29, 0xB8, 0x6F, 0xB6, 0xEF, 0x1E, 0x26, 0x6C, 0x1C, 0x74, 0x36, 0xE4,
    0x62, 0xE6, 0xAE, 0x29, 0x65, 0xE3, 0xE8, 0x06, 0x47, 0xB2, 0xB7, 0x01, 0x97, 0xB2, 0xC3, 0x04,
    0x79, 0xDC, 0xD6, 0x1B, 0xBE, 0xBB, 0x7A, 0xCD, 0x1A, 0xDC, 0x04, 0x67, 0x1D, 0xD9, 0x68, 0xDB,
    0x62, 0xA8, 0xFA, 0x2A, 0xE4, 0x31, 0x03, 0xFF, 0x5D, 0xD5, 0xA9, 0xCB, 0x36, 0x97, 0x77, 0xE0,
    0x3B, 0x3E, 0xAF, 0xE4, 0xBB, 0xE9, 0x4C, 0x35, 0xEC, 0x86, 0x3A, 0x80, 0x83, 0xF3, 0xEB, 0xBD,
    0x33, 0xE7, 0xE1, 0xB4, 0x6E, 0x61, 0x32, 0x81, 0x6C, 0xAC, 0x7A, 0x8A, 0x58, 0xC6, 0x05, 0x45,
    0xA4, 0xEA, 0xB3, 0x51, 0x83, 0x27, 0xEA, 0x96, 0x53, 0x2C, 0xAC, 0x70, 0xE0, 0x38, 0x04, 0xEB,
    0x27, 0x4D, 0x3C, 0x42, 0xF5, 0xEB, 0x08, 0xE5, 0x6F, 0xE3, 0xF6, 0x71, 0x8D, 0x5C, 0x02, 0x20,
    0xAD, 0xC2, 0xEF, 0x3D, 0xDA, 0x3E, 0x29, 0x46, 0x20, 0x5F, 0x6F, 0xE5, 0xFD, 0xF0, 0x51, 0x0F,
    0x46, 0x03, 0xCC, 0x9C, 0xBC, 0x5E, 0x12, 0xB9, 0xA4, 0x2F, 0xB0, 0xC8, 0x6A, 0xF5, 0x68, 0xA2,
    0xE9, 0xB3, 0x99, 0x06, 0x9C, 0x5F, 0x81, 0x6D, 0x17, 0x98, 0xF0, 0x72, 0xB0, 0x6D, 0x0A, 0x5B,
    0x12, 0x88, 0x7E, 0x17, 0x4E, 0xDB, 0xA4, 0x77, 0xC5, 0xBF, 0xB4, 0x96, 0xF4, 0xAC, 0xCE, 0x55,
    0xC0, 0x6D, 0x3D, 0xC5, 0xFF, 0x03, 0xD5, 0x9C, 0x3F, 0x6C, 0xDD, 0x58, 0x76, 0xC6, 0x3F, 0x92,
    0x86, 0xB9, 0x58, 0x02, 0x73, 0x55, 0x0C, 0x02, 0x6C, 0x8C, 0x80, 0xA9, 0x8D, 0x64, 0xD8, 0x4E,
    0x11, 0xE9, 0xDE, 0x4D, 0x8A, 0x05, 0xB2, 0xC5, 0x4E, 0xDF, 0xA4, 0x59, 0xA4, 0x98, 0x2D, 0xDC,
    0x03, 0xF6, 0x23, 0x91, 0xF4, 0x58, 0xF5, 0xCD, 0xBA, 0xD8, 0x62, 0x87, 0x2A, 0x94, 0x62, 0x0A,
    0x03, 0x91, 0x44, 0x7A, 0x9A, 0x94, 0x61, 0x30, 0x7D, 0xCC, 0xC4, 0x06, 0x36, 0xF1, 0x04, 0xF0,
    0x2D, 0x88, 0x98, 0xD6, 0x90, 0xBC, 0x39, 0xE7, 0x98, 0xA4, 0x44, 0xE9, 0xD9, 0xE3, 0x17, 0xD9,
    0xCF, 0x6F, 0x2E, 0x56, 0xBF, 0xC5, 0x80, 0xF7, 0x9E, 0xF3, 0xF1, 0xD3, 0x7D, 0xBE, 0x7F, 0x9F,
    0x70, 0x37, 0xFF, 0x0A, 0x80, 0x76, 0xC3, 0xCC, 0x1F, 0x28, 0xCE, 0x10, 0x3C, 0x57, 0x12, 0x7D,
    0x61, 0xF0, 0xB2, 0x62, 0x3E, 0xAD, 0x89, 0xD1, 0xB7, 0x96, 0xA8, 0xBE, 0x69, 0x98, 0x8F, 0x5B,
    0x62, 0x9C, 0x75, 0xC4, 0x04, 0x3D, 0x51, 0x63, 0x45, 0x5C, 0x41, 0x13, 0x4F, 0x85, 0x1D, 0x92,
    0x0C, 0x5E, 0x87, 0xB8, 0x84, 0xDF, 0x42, 0x95, 0x08, 0x9C, 0x73, 0x95, 0xB0, 0x46, 0x74, 0x9E,
    0x1F, 0x59, 0xA8, 0x0A, 0x41, 0x03, 0x25, 0x15, 0xE2, 0x92, 0x2B, 0x6B, 0x03, 0xF4, 0xD2, 0xFC,
    0x0C, 0x29, 0x31, 0xC5, 0x99, 0x04, 0xF7, 0xF2, 0xFC, 0x21, 0x69, 0x72, 0x56, 0x80, 0xB5, 0x25,
    0x19, 0xC0, 0x4F, 0x6B, 0xA8, 0xE1, 0xB8, 0x45, 0x52, 0x52, 0xB8, 0x4F, 0x20, 0xED, 0xA1, 0x2F,
    0xE3, 0x4F, 0xF2, 0x82, 0xEB, 0x39, 0xC4, 0x0C, 0x5D, 0x41, 0x23, 0x95, 0x17, 0x98, 0x91, 0x02,
    0x05, 0x74, 0xE6, 0x3B, 0x24, 0xE7, 0xC5, 0xF1, 0xB3, 0xC8, 0x0D, 0x71, 0x8B, 0xE2, 0x59, 0xD8,
    0x62, 0x0F, 0x3F, 0x01, 0x70, 0x82, 0x98, 0xF8, 0x40, 0x22, 0x6A, 0x73, 0x4A, 0x54, 0xDF, 0xB5,
    0xC4, 0x48, 0xA4, 0x79, 0x2E, 0xFB, 0xD1, 0xD9, 0x6B, 0xF0, 0x05, 0xC2, 0x12, 0x0D, 0x02, 0xEB,
    0x5B, 0x78, 0x6D, 0x58, 0x03, 0xAE, 0x28, 0x01, 0xCD, 0xA2, 0xA3, 0x57, 0x1F, 0xC7, 0xED, 0x1D,
    0x76, 0x8C, 0xCB, 0x67, 0x0C, 0xCF, 0x32, 0xC3, 0x92, 0xA9, 0x0C, 0x33, 0xFE, 0xB9, 0xF0, 0x45,
    0x46, 0x54, 0xAF, 0xB5, 0x0F, 0xD7, 0xFC, 0xAA, 0xFC, 0x1E, 0xF1, 0xE8, 0x57, 0x7A, 0xCD, 0xB4,
    0x7B, 0xCE, 0x21, 0x72, 0x84, 0x64, 0xC8, 0xD9, 0x9B, 0xC9, 0xB4, 0xB3, 0xD1, 0xAF, 0x94, 0x74,
    0xBD, 0xF6, 0xEB, 0x5E, 0x1B, 0xB9, 0x5E, 0xB5, 0x5E, 0x51, 0x7B, 0x0D, 0xEB, 0xA8, 0xC4, 0x00,
    0x00, 0xF7, 0x19, 0x2D, 0xA3, 0x61, 0x74, 0x9F, 0x13, 0x8A, 0x8E, 0x10, 0x37, 0x04, 0x16, 0x1A,
    0x58, 0x42, 0xC8, 0x50, 0x95, 0x98, 0x37, 0x09, 0xD8, 0x67, 0xDC, 0xC2, 0xE5, 0x72, 0xDB, 0x1D,
    0x02, 0xDA, 0x75, 0xF0, 0xDC, 0x77, 0x0E, 0x41, 0x07, 0x5D, 0x46, 0x16, 0xAA, 0x66, 0x17, 0x2D,
    0xB5, 0xF4, 0x8D, 0x36, 0x8B, 0x97, 0x48, 0xDF, 0x0A, 0x7D, 0x01, 0x23, 0xA9, 0xE1, 0x81, 0x43,
    0xD5, 0x12, 0x94, 0xC2, 0x27, 0x25, 0x27, 0x32, 0xD0, 0xAE, 0x1F, 0x93, 0x4B, 0xC1, 0x27, 0x8C,
    0x64, 0x56, 0x7A, 0x3A, 0xBD, 0xA4, 0x6F, 0x09, 0x5E, 0x85, 0xCB, 0xE5, 0xCE, 0x60, 0xE0, 0xB1,
    0xE3, 0xA1, 0x3B, 0xEE, 0x28, 0xAC, 0xD7, 0x73, 0xCB, 0x03, 0x6E, 0xF9, 0x29, 0x56, 0x73, 0x73,
    0x41, 0x3F, 0xE3, 0x74, 0xC6, 0x6A, 0x14, 0xF9, 0x13, 0x6E, 0x96, 0x50, 0x00, 0x9C, 0x49, 0x28,
    0x0E, 0x6A, 0x25, 0x3C, 0x00, 0x97, 0x01, 0xBE, 0xAB, 0x80, 0xF0, 0xA5, 0x05, 0xE2, 0xC7, 0xDD,
    0xD8, 0xF3, 0xEE, 0x23, 0x06, 0xF6, 0x70, 0x6B, 0xB7, 0x4C, 0x8C, 0xA4, 0x03, 0x0C, 0x04, 0x9D,
    0x66, 0x40, 0xAF, 0x2A, 0xF8, 0x4D, 0x60, 0x11, 0x54, 0x68, 0x00, 0x83, 0xBD, 0xAD, 0xFB, 0x57,
    0xAC, 0x01, 0xB0, 0x5B, 0xAE, 0x85, 0x2D, 0xAE, 0x01, 0xC0, 0xB6, 0xBD, 0x92, 0xDE, 0x24, 0xFD,
    0x4A, 0x63, 0x25, 0x7D, 0x4D, 0x7A, 0xDD, 0xD8, 0xFF, 0xE0, 0xB2, 0x1D, 0xB4, 0x8E, 0xBB, 0x54,
    0x50, 0xA3, 0x91, 0x6E, 0x26, 0x1D, 0x0E, 0xD0, 0x45, 0x36, 0x76, 0xC2, 0xA8, 0xFB, 0x38, 0x4E,
    0xC2, 0x03, 0x62, 0x84, 0x25, 0xA9, 0x8F, 0x33, 0xB2, 0x22, 0x05, 0xBC, 0x9E, 0xB5, 0x14, 0x0D,
    0x41, 0xD7, 0xB8, 0x5A, 0x52, 0xF7, 0x8A, 0xE1, 0x2A, 0xA4, 0x39, 0xD5, 0x59, 0x91, 0x97, 0x04,
    0x0C, 0x0C, 0xCD, 0x48, 0x32, 0x42, 0x5C, 0x12, 0xD4, 0x05, 0xAA, 0xB7, 0xA2, 0x9C, 0x10, 0x33,
    0x24, 0x80, 0x96, 0xA0, 0x12, 0x5E, 0x12, 0x49, 0x4A, 0x49, 0xCE, 0x25, 0xFE, 0x87, 0xEE, 0x12,
    0x5B, 0x61, 0x23, 0xB4, 0xCC, 0x7F, 0x7C, 0xCD, 0x9A, 0x99, 0x01, 0x49, 0x43, 0xF4, 0xDC, 0x40,
    0xA4, 0xD7, 0xFF, 0x5D, 0x06, 0x65, 0xF1, 0x22, 0xA3, 0x64, 0xD0, 0xE4, 0x8B, 0x61, 0x77, 0x34,
    0x10, 0x2F, 0x99, 0xCE, 0x5C, 0xF7, 0x54, 0x5A, 0x49, 0x04, 0x89, 0xE6, 0x24, 0xF2, 0x13, 0xCE,
    0xE2, 0xE6, 0x8C, 0x70, 0xEE, 0x19, 0x98, 0xCE, 0x00, 0x43, 0x4E, 0xF2, 0xD1, 0x71, 0x65, 0x62,
    0xD0, 0x32, 0xC7, 0xFF, 0x9D, 0x09, 0x53, 0xA1, 0xBE, 0x4C, 0xA3, 0xA9, 0xE9, 0xC4, 0xBB, 0x43,
    0x0E, 0x6D, 0xD0, 0x61, 0x49, 0x5C, 0x30, 0xBD, 0x14, 0xAD, 0x9B, 0xB3, 0x48, 0x46, 0xC9, 0x2E,
    0x4A, 0x26, 0x55, 0x6C, 0xF8, 0x08, 0xE7, 0xFA, 0x11, 0x5F, 0x1E, 0xFF, 0xD7, 0xFC, 0x60, 0x44,
    0xD2, 0xA8, 0xD2, 0x77, 0x4E, 0x95, 0x91, 0x3B, 0xFE, 0xD7, 0x32, 0xAE, 0x71, 0x5C, 0xB2, 0x69,
    0xA5, 0x9E, 0x7F, 0x6D, 0x67, 0x8C, 0xD3, 0x35, 0x38, 0x9B, 0xAB, 0x68, 0x06, 0x37, 0xE3, 0x00,
    0x85, 0x84, 0xE2, 0xA0, 0x63, 0x78, 0x2F, 0xCF, 0x0F, 0x11, 0x70, 0x3F, 0x17, 0xBC, 0xB1, 0x14,
    0xA4, 0x3F, 0x7B, 0x8D, 0x3C, 0xCF, 0x0D, 0x85, 0x07, 0xDE, 0x01, 0x5C, 0x59, 0xDA, 0x0A, 0xC6,
    0x07, 0x1B, 0xB4, 0x35, 0x17, 0x79, 0x91, 0xE7, 0xBF, 0x67, 0xAB, 0xDA, 0x11, 0xEB, 0x4A, 0xE4,
    0x0C, 0x4B, 0x6D, 0xE0, 0xBB, 0xA3, 0x1E, 0x51, 0x83, 0x94, 0x6D, 0x8C, 0xCB, 0xC4, 0x20, 0xAA,
    0x34, 0x10, 0xD6, 0x07, 0x04, 0x9B, 0x52, 0xBC, 0x11, 0x94, 0xE3, 0xE1, 0xEA, 0xE2, 0xF3, 0xCA,
    0xA0, 0xCA, 0x3E, 0xB5, 0xA1, 0x96, 0x1C, 0xA0, 0x0C, 0xDC, 0x91, 0xE3, 0xA0, 0x2D, 0x87, 0xCF,
    0x2E, 0x4F, 0x51, 0xEB, 0xC0, 0xC2, 0x6F, 0xA2, 0x69, 0x8A, 0x9A, 0x3A, 0x56, 0xD0, 0xEE, 0xA2,
    0x75, 0x5F, 0x60, 0x0F, 0xBE, 0xC5, 0x7D, 0xA0, 0x45, 0x07, 0xF4, 0x7E, 0x03, 0xE8, 0x63, 0x0B,
    0xC4, 0xAE, 0x04, 0x6E, 0x0F, 0x1F, 0xC5, 0x49, 0x8E, 0xBA, 0xC4, 0x2E, 0x5A, 0xE7, 0xF7, 0xC0,
    0x02, 0x1F, 0xC3, 0xAB, 0x8F, 0x6F, 0x84, 0x19, 0xD7, 0x19, 0x5E, 0x33, 0xAD, 0x32, 0x94, 0x61,
    0xFC, 0x9C, 0xF1, 0x22, 0x1B, 0x57, 0x18, 0xDE, 0x00, 0x44, 0xC3, 0x15, 0x37, 0x8A, 0xD9, 0x0D,
    0xF5, 0xDA, 0x0D, 0x06, 0x7B, 0x70, 0x74, 0xC9, 0x92, 0x75, 0x6E, 0xA8, 0xD9, 0x0D, 0x7F, 0x74,
    0xA3, 0x9B, 0xD6, 0xB6, 0x51, 0x46, 0x38, 0x00, 0x80, 0x76, 0x5A, 0xFB, 0xF8, 0x76, 0x8F, 0x05,
    0xB0, 0x3E, 0x76, 0x0D, 0x49, 0x4D, 0x80, 0x21, 0xB1, 0xF4, 0x38, 0xB0, 0x61, 0x0D, 0x74, 0x14,
    0x11, 0x69, 0xCA, 0x0F, 0x7B, 0x82, 0xDA, 0xC9, 0xCF, 0x2A, 0xB0, 0x07, 0x4F, 0x3E, 0xAB, 0x9D,
    0xD7, 0x02, 0x3A, 0xB4, 0x40, 0xFC, 0xA4, 0x1C, 0xBB, 0x59, 0xF0, 0x91, 0x3E, 0xAB, 0x9C, 0x97,
    0x13, 0xB1, 0x96, 0x4A, 0x54, 0xB1, 0xBE, 0x6E, 0x54, 0xCA, 0x9A, 0xE7, 0x32, 0xB6, 0xE0, 0xB6,
    0x14, 0x65, 0x10, 0x41, 0x99, 0xAA, 0x58, 0x50, 0x86, 0xA8, 0xBC, 0x98, 0xE0, 0xAD, 0x66, 0x0F,
    0xFA, 0x4B, 0xB8, 0x9B, 0x1F, 0xF6, 0xD0, 0xAE, 0x1E, 0x41, 0xEA, 0xCF, 0x66, 0xA4, 0x0C, 0x0D,
    0x44, 0x35, 0x0F, 0xFD, 0x35, 0xC9, 0x4D, 0x6A, 0xD5, 0xE0, 0x9F, 0x6B, 0x4A, 0xF4, 0xC7, 0x1A,
    0xCE, 0xFD, 0x4B, 0x8D, 0x3B, 0x7D, 0x58, 0x23, 0xE0, 0x60, 0xCA, 0x11, 0x92, 0xE3, 0x12, 0x58,
    0x45, 0x35, 0xD0, 0xFA, 0xE4, 0x90, 0xC5, 0xC9, 0xB5, 0x05, 0xC6, 0x72, 0x98, 0x55, 0x3C, 0xCC,
    0x26, 0xE3, 0x30, 0x1B, 0x6F, 0x32, 0xCC, 0xC6, 0xAF, 0x9B, 0xA9, 0x35, 0xC3, 0x2C, 0x00, 0x41,
    0x9C, 0x89, 0xD5, 0x1E, 0xA0, 0xA1, 0x32, 0x6F, 0xE0, 0x55, 0x78, 0x37, 0x0E, 0xBD, 0xF7, 0xD8,
    0xE2, 0x2F, 0xF0, 0x29, 0x7B, 0xBA, 0x3F, 0xFE, 0x4B, 0x7D, 0xEA, 0xB7, 0x80, 0x7E, 0x61, 0x81,
    0xD8, 0x55, 0xB2, 0x80, 0x97, 0xB2, 0x5B, 0x66, 0x1B, 0xFC, 0x39, 0xFC, 0x1A, 0xF7, 0xE1, 0x35,
    0x68, 0x81, 0x2E, 0xB0, 0x40, 0x7A, 0x5C, 0x03, 0x89, 0x2B, 0x81, 0x70, 0xD6, 0xBC, 0x9B, 0x8E,
    0xFB, 0xFD, 0x35, 0xEC, 0x9E, 0xC5, 0xD7, 0x96, 0x7E, 0x3B, 0xEC, 0xE9, 0x4E, 0x18, 0x76, 0x51,
    0x82, 0x6E, 0x46, 0xC3, 0xB0, 0x04, 0xA9, 0x10, 0x95, 0x8C, 0x6C, 0xDE, 0x41, 0x3B, 0x98, 0xD7,
    0x6E, 0x5C, 0xD9, 0x63, 0x04, 0x33, 0x76, 0xD3, 0x67, 0xD5, 0x12, 0x74, 0x4F, 0x28, 0x0A, 0x96,
    0x4C, 0x7E, 0xC8, 0x48, 0x17, 0x96, 0xBC, 0x7B, 0x0A, 0x18, 0x5C, 0x94, 0x0E, 0x48, 0xB2, 0xCD,
    0x31, 0xE4, 0x79, 0x91, 0x39, 0x2A, 0x82, 0xC5, 0xD3, 0x4D, 0x01, 0xC7, 0x7A, 0x02, 0x27, 0xBE,
    0x7F, 0x6F, 0x89, 0xF1, 0x37, 0xF2, 0x02, 0x38, 0x23, 0x9E, 0x20, 0xC1, 0x95, 0xAD, 0xAA, 0xD5,
    0xA6, 0xBC, 0x3D, 0x18, 0x62, 0xE2, 0x6A, 0xE2, 0xD9, 0x71, 0x0B, 0xA4, 0x95, 0xDF, 0x11, 0x81,
    0x41, 0x98, 0x4A, 0x4D, 0xFD, 0x9E, 0xC9, 0x5D, 0xEA, 0x6C, 0x0D, 0x0B, 0x47, 0xC5, 0xBE, 0xE6,
    0x6F, 0xCE, 0xF3, 0xDC, 0x3D, 0x5C, 0x5B, 0x93, 0x49, 0x4F, 0x07, 0xD9, 0x01, 0x9E, 0x39, 0x3F,
    0xBD, 0x19, 0xA5, 0xA7, 0x0B, 0x7E, 0x73, 0xFE, 0x87, 0x4B, 0xCB, 0xCD, 0xF9, 0xC1, 0x8C, 0x7B,
    0xCF, 0x10, 0xFE, 0x27, 0x65, 0x0E, 0xBF, 0x7B, 0xEE, 0xB2, 0xB0, 0x47, 0x52, 0x86, 0x16, 0xAA,
    0x26, 0x84, 0xDC, 0xA5, 0x82, 0x9B, 0x03, 0xBF, 0x06, 0x10, 0xB8, 0x6C, 0x0F, 0xCA, 0x9D, 0x53,
    0xD8, 0xDB, 0xCE, 0x42, 0xFA, 0xC5, 0xBA, 0xE2, 0xA8, 0x18, 0x41, 0x7E, 0x74, 0x9E, 0x83, 0x44,
    0xE0, 0x43, 0x43, 0x12, 0x5D, 0xE4, 0xC5, 0xCF, 0x44, 0x47, 0x7D, 0x0B, 0xBE, 0x73, 0xA7, 0x40,
    0x55, 0xF4, 0x00, 0x22, 0x8B, 0x2B, 0x45, 0xBB, 0x6E, 0xC4, 0xDD, 0x9C, 0x00, 0xDC, 0x1C, 0x1C,
    0x6A, 0xC8, 0x0F, 0x35, 0xC9, 0xA8, 0x04, 0xFE, 0xF5, 0x65, 0xFA, 0xAE, 0xBA, 0xF6, 0xE5, 0xFA,
    0x65, 0xFA, 0x96, 0x0D, 0xF3, 0x00, 0x1E, 0x6B, 0x3C, 0x8B, 0xB0, 0xE2, 0x8D, 0xE5, 0x26, 0xAA,
    0x80, 0xA1, 0x90, 0x61, 0x09, 0x40, 0xDC, 0xEE, 0xA0, 0x75, 0x9B, 0x4F, 0xFE, 0xB6, 0xE1, 0xE4,
    0x0E, 0xF8, 0x02, 0xEC, 0x4F, 0xAB, 0xBC, 0x68, 0x5E, 0x7A, 0xC6, 0x1E, 0x63, 0x5E, 0x7A, 0xFA,
    0xC3, 0xFA, 0xA9, 0xDC, 0xF6, 0x0D, 0x9B, 0x66, 0x15, 0x0F, 0x26, 0xCD, 0x41, 0x45, 0x08, 0x2B,
    0x03, 0x04, 0xDF, 0xD7, 0x04, 0x67, 0x01, 0x14, 0xB2, 0x77, 0x89, 0x05, 0x76, 0xB0, 0x4F, 0x6E,
    0xC3, 0x30, 0x39, 0x4D, 0x7C, 0x3F, 0xC0, 0x7A, 0xC8, 0xD3, 0x54, 0xE6, 0x01, 0xD0, 0xA5, 0xDF,
    0x21, 0x1E, 0x8A, 0x06, 0xA1, 0x73, 0x25, 0x70, 0xEF, 0x15, 0x50, 0x18, 0xB8, 0xAB, 0x58, 0x57,
    0x78, 0xC4, 0xFF, 0xD0, 0xC0, 0x84, 0xC5, 0xF1, 0x02, 0x2F, 0xB5, 0xF3, 0xE3, 0x76, 0x1A, 0x03,
    0x64, 0xE1, 0xE2, 0x80, 0xD0, 0x65, 0x50, 0x4F, 0x6A, 0xE8, 0xBF, 0x69, 0xA8, 0x6E, 0x87, 0x06,
    0xFB, 0x97, 0xA7, 0x50, 0x3E, 0xD9, 0xCB, 0x3F, 0x5E, 0x9E, 0x17, 0x2C, 0xFF, 0xA6, 0x3F, 0x84,
    0x54, 0x67, 0x18, 0xE2, 0xCA, 0xEF, 0xA2, 0xE1, 0xB8, 0xA1, 0xD8, 0x15, 0x12, 0x32, 0x10, 0x89,
    0x25, 0xA4, 0x2D, 0xA1, 0xEF, 0x81, 0xA0, 0xD1, 0x06, 0x51, 0xA5, 0x4A, 0x28, 0x13, 0x54, 0x57,
    0x66, 0xA2, 0x05, 0xDB, 0x2E, 0xF8, 0x32, 0x3F, 0x96, 0x8F, 0xF3, 0xB6, 0x90, 0x64, 0xB8, 0x7B,
    0xE4, 0x00, 0xED, 0x7A, 0xC6, 0xA1, 0x58, 0xAB, 0x2C, 0x21, 0x29, 0x09, 0xA9, 0xE9, 0xE1, 0x0D,
    0xE8, 0x11, 0xB4, 0x04, 0x65, 0x09, 0x49, 0x49, 0x28, 0x0C, 0x7A, 0xAF, 0x07, 0xFA, 0xA0, 0x25,
    0x28, 0x4B, 0xD0, 0x15, 0xA1, 0xB0, 0xC0, 0x20, 0x03, 0x1D, 0x87, 0x70, 0x55, 0x41, 0x30, 0x6C,
    0x0F, 0x62, 0x6E, 0x16, 0xD9, 0x29, 0x94, 0xD7, 0x11, 0xE0, 0x18, 0xDA, 0x4C, 0xD9, 0x54, 0x4D,
    0x08, 0x9B, 0x6B, 0x2B, 0x95, 0x76, 0xF1, 0x91, 0x8C, 0x2A, 0x86, 0xBC, 0x41, 0x06, 0x68, 0xE0,
    0x5D, 0x91, 0x94, 0x84, 0x02, 0x1A, 0x7E, 0x47, 0x88, 0x2C, 0x21, 0x29, 0x09, 0x0E, 0xD0, 0x41,
    0x47, 0x50, 0x96, 0xA0, 0x19, 0xAE, 0x25, 0x34, 0x3D, 0xA1, 0x4A, 0x09, 0x46, 0xEA, 0xA9, 0x9A,
    0x10, 0x34, 0x04, 0x52, 0x3F, 0x86, 0x82, 0xCE, 0x08, 0x71, 0x45, 0x88, 0xEC, 0x75, 0xE1, 0x8C,
    0x37, 0x0B, 0x97, 0x66, 0xA9, 0xA1, 0x78, 0x3D, 0x34, 0xC2, 0x86, 0x10, 0x57, 0x84, 0xD4, 0x40,
    0xB3, 0xBB, 0x3A, 0x6C, 0x08, 0xB1, 0xA8, 0x6A, 0x09, 0x43, 0x4F, 0x68, 0x0A, 0x42, 0x75, 0x55,
    0x50, 0x7F, 0x21, 0xA8, 0x24, 0xA8, 0x9A, 0x10, 0x36, 0x9E, 0x48, 0xA9, 0x45, 0xC0, 0xBC, 0x82,
    0x9A, 0xCF, 0x15, 0xEF, 0x33, 0x3E, 0xC5, 0xA2, 0x9C, 0x6D, 0x1D, 0xE3, 0x26, 0xE1, 0x8C, 0xB1,
    0xFC, 0x25, 0x43, 0xCF, 0x95, 0xD8, 0x4E, 0xDF, 0x4E, 0x6F, 0xE3, 0x97, 0xF3, 0x68, 0x60, 0x47,
    0xE4, 0x47, 0xE2, 0xF3, 0x36, 0xC1, 0xE3, 0x82, 0xB9, 0x58, 0x07, 0xEE, 0x8C, 0x75, 0x58, 0x8E,
    0xA1, 0xD5, 0x72, 0xED, 0x0C, 0xC6, 0x8E, 0x59, 0xF7, 0xCE, 0xC2, 0x3F, 0x5B, 0x7C, 0xB6, 0xCE,
    0x82, 0x86, 0x61, 0x67, 0xD4, 0x8C, 0x6A, 0x7B, 0x8E, 0xB3, 0x7F, 0xBA, 0x64, 0x64, 0x64, 0xA2,
    0x36, 0x08, 0xAD, 0xC6, 0x84, 0x03, 0xC6, 0xFE, 0x8F, 0xA5, 0xFF, 0x45, 0xCD, 0x35, 0x6C, 0xEA,
    0xC6, 0x7B, 0xEE, 0x52, 0xCA, 0x5E, 0xC3, 0x06, 0x6E, 0xF8, 0x2D, 0x80, 0x4D, 0xF1, 0x6B, 0xC2,
    0x9D, 0x16, 0xFE, 0x20, 0x27, 0x07, 0x03, 0x90, 0xCA, 0xAE, 0x1D, 0x3F, 0xFD, 0xFB, 0x77, 0x08,
    0x40, 0x79, 0xBB, 0x0B, 0xDC, 0xD0, 0x8D, 0x9F, 0x11, 0xFE, 0xB7, 0x27, 0xB8, 0x1E, 0x5E, 0xE1,
    0x0C, 0x12, 0x0E, 0xA5, 0xFF, 0x48, 0xF8, 0xFC, 0xFF, 0xFB, 0x01, 0xD3, 0x8C, 0x74, 0x9E, 0x40,
    0xCD, 0xC3, 0x53, 0x50, 0x11, 0x60, 0x70, 0xA9, 0x50, 0x9B, 0x38, 0x73, 0x25, 0xA3, 0x62, 0x58,
    0x46, 0x43, 0xE8, 0x5B, 0x42, 0xD7, 0x31, 0xCE, 0x18, 0x5A, 0x60, 0x08, 0x71, 0x49, 0x50, 0x8C,
    0xA8, 0x26, 0x04, 0x96, 0xE0, 0x37, 0x04, 0xAF, 0x23, 0x40, 0xB0, 0x62, 0x68, 0x46, 0xF2, 0x77,
    0x04, 0xF5, 0x84, 0xF1, 0x82, 0x10, 0x3A, 0x42, 0xC0, 0xF0, 0x19, 0x70, 0xD9, 0x62, 0x20, 0x30,
    0x8B, 0x81, 0xA0, 0xB9, 0x36, 0x10, 0xCC, 0x9B, 0x5D, 0xB2, 0xD7, 0x25, 0x5B, 0x5D, 0xB2, 0xD3,
    0x25, 0x13, 0x5C, 0x46, 0x2A, 0x1B, 0x53, 0x37, 0xC6, 0x4E, 0xF8, 0xB2, 0xC1, 0x3F, 0x96, 0xDB,
    0xB0, 0xE4, 0x52, 0x89, 0x9A, 0x75, 0x82, 0x18, 0x66, 0x54, 0xE5, 0x2D, 0x0F, 0x20, 0x65, 0x83,
    0x16, 0x45, 0x0A, 0x40, 0xAF, 0x3F, 0x80, 0xDC, 0x0D, 0xC7, 0x97, 0x87, 0xA6, 0xF1, 0xDB, 0x0F,
    0x4D, 0xB7, 0x63, 0x7B, 0x31, 0xFF, 0x33, 0x7C, 0xC2, 0xE8, 0x96, 0xB7, 0x4A, 0x2D, 0xA6, 0xE2,
    0xB5, 0x77, 0x5E, 0x11, 0x0A, 0x97, 0x79, 0xE7, 0xE7, 0x45, 0xED, 0x39, 0x13, 0x59, 0xAF, 0x43,
    0xD0, 0x12, 0x3C, 0x39, 0x50, 0xBD, 0x39, 0x76, 0xE2, 0x77, 0x14, 0x5F, 0x81, 0x11, 0xF8, 0xBC,
    0xD0, 0x0B, 0xC6, 0x6D, 0xE4, 0x66, 0x3B, 0x1F, 0x88, 0x37, 0x22, 0xCF, 0xCF, 0xE0, 0x39, 0xD7,
    0x31, 0x6A, 0xBC, 0xCB, 0xFD, 0x1D, 0x29, 0x77, 0xA6, 0x0B, 0x04, 0xC1, 0x7C, 0x81, 0x20, 0x2E,
    0x79, 0x3D, 0x33, 0x5E, 0x20, 0x88, 0xE4, 0x14, 0xC8, 0x9E, 0x01, 0xC1, 0x6B, 0xF4, 0x84, 0xE6,
    0x8D, 0xB8, 0xA8, 0x27, 0xCD, 0x24, 0x80, 0x84, 0x92, 0xA0, 0x1C, 0x5E, 0x12, 0x49, 0x4A, 0x49,
    0xFE, 0x4E, 0x4A, 0xA3, 0x85, 0x48, 0x65, 0x91, 0x1A, 0x8A, 0x17, 0xCF, 0x22, 0xC3, 0x7A, 0xC5,
    0x29, 0x05, 0x67, 0x33, 0x56, 0x33, 0xB8, 0xCA, 0x2C, 0x23, 0x2E, 0x25, 0xC0, 0x2C, 0x63, 0x0C,
    0x2F, 0xE7, 0xAA, 0x56, 0xCE, 0x55, 0x2F, 0x6E, 0xED, 0x2C, 0xCF, 0x55, 0x77, 0xCE, 0x3A, 0x83,
    0xBD, 0x0D, 0x34, 0x6F, 0xCB, 0x49, 0x98, 0x5B, 0x20, 0x59, 0xC9, 0x58, 0x3F, 0xAA, 0x4E, 0x01,
    0x95, 0xB5, 0x40, 0x42, 0x5A, 0xB1, 0x1F, 0x54, 0xC0, 0x2D, 0x98, 0xDD, 0x72, 0x52, 0x8A, 0x57,
    0xFD, 0xD9, 0xFC, 0x8E, 0x72, 0x70, 0xD8, 0x01, 0xB1, 0x67, 0x81, 0x83, 0xA0, 0x06, 0xFE, 0xC2,
    0x2F, 0xB7, 0xED, 0xE4, 0x6D, 0xE7, 0x1C, 0x52, 0x82, 0xEF, 0xBE, 0x3B, 0xCF, 0xC3, 0x36, 0xAC,
    0xA1, 0x6A, 0x42, 0x5C, 0x12, 0x12, 0x43, 0xD0, 0x98, 0xB0, 0x9A, 0x71, 0x86, 0xF0, 0xFC, 0x2B,
    0x82, 0x1B, 0x46, 0x2C, 0x9E, 0xEA, 0x19, 0x12, 0x40, 0x42, 0x49, 0x50, 0x09, 0x2F, 0x89, 0x24,
    0x25, 0x24, 0x79, 0x61, 0xA2, 0x16, 0x01, 0xDF, 0x64, 0x81, 0x3A, 0x6F, 0x87, 0x22, 0x8B, 0xB3,
    0x55, 0x1D, 0x95, 0x09, 0xF9, 0x18, 0x54, 0x07, 0x88, 0x33, 0xBF, 0x3E, 0x80, 0xCA, 0x7C, 0xBB,
    0x12, 0x3E, 0x80, 0x72, 0xEE, 0x82, 0xCF, 0xF3, 0x87, 0xC4, 0x0C, 0x58, 0x09, 0xA9, 0x66, 0xC9,
    0x8C, 0x4B, 0xDF, 0x50, 0x84, 0x2A, 0xA8, 0xE2, 0x2C, 0xB5, 0xAA, 0x54, 0xE7, 0xAF, 0x86, 0xC2,
    0x70, 0x96, 0x01, 0x9C, 0xB1, 0x99, 0xBE, 0x89, 0x90, 0x98, 0xB7, 0x4C, 0xD0, 0x90, 0x5D, 0xB9,
    0x4B, 0x74, 0xC8, 0xE8, 0x50, 0xE4, 0x47, 0x8E, 0xEB, 0xA7, 0x19, 0x21, 0x2E, 0x09, 0x4A, 0x50,
    0x2D, 0x51, 0x12, 0x12, 0x82, 0x57, 0x18, 0x6A, 0xD6, 0x83, 0xD0, 0x50, 0xDB, 0x9E, 0x73, 0x0D,
    0x8C, 0x94, 0x91, 0x64, 0x04, 0x55, 0x11, 0x22, 0x4B, 0x08, 0x1A, 0x82, 0xD7, 0x11, 0x30, 0x30,
    0x52, 0x86, 0xCE, 0x24, 0x28, 0xC6, 0xF2, 0xF5, 0x2C, 0x75, 0x9E, 0x04, 0xCF, 0x3B, 0x33, 0x88,
    0x96, 0xFB, 0xE3, 0x75, 0xD2, 0x69, 0xF7, 0x1F, 0xAE, 0xBB, 0x7B, 0xFC, 0x94, 0x0E, 0x0C, 0xC3,
    0x17, 0x00, 0xC2, 0xFF, 0x61, 0xD8, 0x19, 0xF5, 0x86, 0xB8, 0x7B, 0x7C, 0x9E, 0x67, 0xDA, 0x39,
    0x57, 0x0A, 0x76, 0xC7, 0x17, 0xD6, 0xD7, 0x4C, 0x67, 0x7A, 0xAA, 0x66, 0x54, 0x8C, 0x8B, 0x33,
    0x86, 0x2D, 0x59, 0x72, 0x6D, 0x96, 0x5B, 0x83, 0x0D, 0x99, 0x90, 0x18, 0xC6, 0x7C, 0x47, 0xC1,
    0x40, 0x16, 0x31, 0x0D, 0x82, 0xF1, 0x32, 0xBB, 0x4C, 0xD0, 0xCC, 0xF2, 0x32, 0xFB, 0x8E, 0xF5,
    0xC4, 0x5B, 0xCB, 0xBB, 0xEE, 0xA1, 0x4D, 0x01, 0xBF, 0x67, 0xA9, 0xAE, 0x21, 0xE8, 0x0A, 0x8B,
    0xB2, 0x2D, 0xDB, 0xD7, 0xEE, 0x19, 0x66, 0x6F, 0xD9, 0x33, 0xBC, 0xED, 0x9E, 0x89, 0x9F, 0x26,
    0x70, 0xCF, 0x5D, 0x1D, 0xB5, 0x88, 0x5A, 0x55, 0xC1, 0x6B, 0xE3, 0x12, 0xF8, 0x82, 0x01, 0x81,
    0x12, 0x48, 0xDC, 0x9E, 0xE0, 0xBB, 0x57, 0x86, 0x9B, 0xF5, 0x1C, 0x40, 0xF2, 0x16, 0xA2, 0xBF,
    0x9D, 0x2E, 0x9A, 0x40, 0xD0, 0x33, 0xBA, 0x4F, 0x18, 0x3A, 0x43, 0xD0, 0xC5, 0x0D, 0x94, 0x0D,
    0x29, 0x51, 0x05, 0x39, 0x07, 0x8B, 0x28, 0xF9, 0x58, 0x22, 0x43, 0x50, 0x73, 0xE7, 0xD0, 0xF3,
    0xCC, 0xB8, 0x61, 0xFC, 0xD3, 0x72, 0x56, 0xE0, 0x0E, 0x21, 0xF3, 0xB0, 0xD0, 0x1D, 0x39, 0x43,
    0xAA, 0x92, 0x92, 0x44, 0x86, 0xF3, 0xEC, 0x71, 0xEC, 0xF6, 0xE1, 0x70, 0x08, 0xAE, 0xF7, 0x8C,
    0x5B, 0x38, 0xB0, 0xC8, 0x72, 0x7E, 0x56, 0xDF, 0x62, 0x7C, 0x06, 0x44, 0x95, 0xAE, 0x28, 0x80,
    0xE2, 0x50, 0x3E, 0xF7, 0x0D, 0x09, 0x0F, 0x38, 0x23, 0x57, 0x3B, 0xE4, 0x66, 0xC7, 0x78, 0xB1,
    0x43, 0xE3, 0x94, 0x45, 0x25, 0x72, 0xAB, 0x63, 0xB7, 0x4C, 0xBC, 0x74, 0x3F, 0xF0, 0x45, 0x09,
    0xA4, 0x51, 0x0D, 0x74, 0x7E, 0xBB, 0xB8, 0x1F, 0xB8, 0x45, 0xFF, 0xD6, 0x5B, 0x52, 0xBF, 0xD5,
    0x92, 0x57, 0x62, 0xC9, 0x7F, 0x83, 0x9B, 0xBD, 0x7A, 0x07, 0x4B, 0xFA, 0x0B, 0x4B, 0x12, 0xB2,
    0xA4, 0x89, 0x38, 0x91, 0x27, 0x96, 0xDC, 0xE1, 0xE4, 0xF8, 0x2B, 0x00, 0xF8, 0x9C, 0x91, 0xD6,
    0xD3, 0xB0, 0x86, 0x16, 0xF0, 0xFE, 0x8D, 0x30, 0x1F, 0x5A, 0x7E, 0x30, 0x37, 0xB2, 0x4B, 0x6E,
    0xC0, 0x62, 0x82, 0xCB, 0x08, 0x51, 0x4D, 0x08, 0x08, 0xE1, 0x2F, 0x08, 0xF3, 0x79, 0x2F, 0xF7,
    0xAB, 0xF1, 0x5B, 0xB0, 0x1A, 0x0F, 0x80, 0xF8, 0x71, 0x0B, 0x44, 0x2F, 0xED, 0xD8, 0x13, 0xE1,
    0x0C, 0x01, 0x3B, 0xF6, 0xF9, 0x9D, 0x67, 0xC8, 0xE8, 0xBC, 0x06, 0x48, 0xC3, 0x1A, 0x48, 0x9E,
    0x94, 0x63, 0x77, 0x0C, 0x24, 0x06, 0xB6, 0xFD, 0xF9, 0xD5, 0x8E, 0x4A, 0xFD, 0x9A, 0x77, 0xF3,
    0xE3, 0xE7, 0xF9, 0xE1, 0x68, 0xC4, 0x2E, 0x70, 0x51, 0x74, 0x79, 0x89, 0x46, 0xC8, 0xC0, 0x4A,
    0x78, 0x22, 0x7C, 0xC4, 0x08, 0xEC, 0x5B, 0xC0, 0x3B, 0xB8, 0xAD, 0xE0, 0x4B, 0xDA, 0x3B, 0xFC,
    0xFD, 0xF8, 0xE0, 0x06, 0xF0, 0x3B, 0x02, 0xDC, 0xF3, 0x43, 0x19, 0xB9, 0x80, 0xDB, 0x8C, 0x4D,
    0x8E, 0xF6, 0x78, 0x80, 0x1C, 0x47, 0x48, 0xC8, 0x10, 0x29, 0x63, 0xE4, 0x34, 0x48, 0xC2, 0x35,
    0x4C, 0x5D, 0xE3, 0x7A, 0xD9, 0xF5, 0x5F, 0xDE, 0x62, 0x32, 0xC3, 0x3B, 0x1F, 0x0C, 0xC3, 0x00,
    0x63, 0xCB, 0xBF, 0x95, 0x9B, 0x9B, 0x15, 0x50, 0xD3, 0x7E, 0xA4, 0x47, 0x11, 0xFE, 0xF0, 0xBE,
    0xCC, 0x7A, 0xCB, 0x8B, 0x84, 0x1B, 0xB8, 0xC3, 0xCA, 0x8C, 0xC0, 0xA7, 0x7A, 0x3F, 0x68, 0xD1,
    0xF9, 0xBC, 0xD9, 0x91, 0x10, 0x36, 0xB9, 0xA2, 0xD7, 0xF1, 0x93, 0xF7, 0x02, 0x73, 0x05, 0x72,
    0x50, 0x7E, 0x7A, 0xF9, 0x9B, 0xE6, 0x05, 0x74, 0xE9, 0xF5, 0x88, 0xF9, 0x02, 0x6C, 0x38, 0x5E,
    0x80, 0x35, 0x60, 0xB9, 0x21, 0xA9, 0x65, 0xB1, 0xB7, 0x43, 0xD6, 0x7A, 0x6F, 0x21, 0x95, 0x43,
    0x6C, 0xFA, 0xB3, 0x02, 0x74, 0x0A, 0xA4, 0x1A, 0x28, 0x92, 0xD2, 0x77, 0x6A, 0x28, 0xD2, 0xD0,
    0xF5, 0x1A, 0x45, 0xAD, 0xD7, 0x5F, 0xC3, 0xDB, 0x45, 0x67, 0x48, 0x69, 0x46, 0x1A, 0x2B, 0xFE,
    0x01, 0x80, 0x0F, 0xE9, 0xCA, 0xC6, 0x77, 0xED, 0x76, 0xC0, 0x1F, 0xD6, 0x1C, 0x65, 0x9E, 0x25,
    0xC5, 0x75, 0x60, 0x55, 0xE9, 0xB1, 0xDE, 0xC2, 0xB1, 0xDA, 0x0F, 0xEA, 0x15, 0xC2, 0x7A, 0xDA,
    0xFD, 0x3F, 0x89, 0x09, 0x36, 0x32, 0x8C, 0x8C, 0x61, 0x80, 0x47, 0x8A, 0x9F, 0x0E, 0x84, 0xA8,
    0xD9, 0x2D, 0xC3, 0x10, 0xD5, 0x10, 0xDD, 0x8F, 0x62, 0xC0, 0x2A, 0x23, 0x7A, 0xF9, 0xFF, 0xDB,
    0x18, 0xD0, 0x3D, 0x0B, 0xFE, 0x70, 0xA6, 0x79, 0xD8, 0x03, 0xA2, 0xF2, 0x64, 0xDC, 0x01, 0x4B,
    0xFE, 0xBA, 0x19, 0x77, 0xC0, 0x4E, 0xA2, 0x12, 0x68, 0x48, 0x05, 0xF6, 0xBC, 0x1D, 0xF3, 0x8B,
    0x4B, 0x64, 0xBE, 0x16, 0xC5, 0x2C, 0x98, 0xF5, 0xB2, 0x5C, 0x56, 0xFB, 0xF0, 0xA7, 0x1F, 0xCC,
    0xAB, 0x2D, 0xBC, 0xB9, 0x79, 0xC3, 0x9B, 0xCB, 0x18, 0x55, 0x8E, 0xA7, 0x98, 0x9E, 0x5D, 0x7C,
    0x51, 0x30, 0x9E, 0xBF, 0x28, 0x18, 0x4D, 0x5F, 0x14, 0xE4, 0x50, 0x37, 0xC2, 0x8A, 0xC1, 0x3E,
    0x80, 0x8D, 0x00, 0x3B, 0x01, 0xB6, 0x02, 0xE2, 0x05, 0x99, 0x31, 0x7F, 0x41, 0x30, 0xAC, 0x08,
    0x6A, 0xB9, 0x8B, 0xA2, 0xFF, 0x96, 0x10, 0x3B, 0x03, 0xDC, 0xEE, 0xA7, 0x75, 0x46, 0xE0, 0xAA,
    0x8B, 0xEF, 0x26, 0x3C, 0xEE, 0x30, 0x66, 0xC1, 0xFD, 0x6B, 0xDF, 0x4D, 0x98, 0x67, 0x9B, 0xC9,
    0xC8, 0x07, 0x33, 0xF5, 0xC8, 0x95, 0xF0, 0x00, 0x05, 0xFD, 0x1C, 0xC0, 0x99, 0x03, 0x39, 0x50,
    0x15, 0x96, 0xFB, 0xD0, 0xDE, 0xF7, 0xE5, 0x03, 0x68, 0xFF, 0x25, 0x31, 0x09, 0x9E, 0x56, 0xF7,
    0x89, 0xDF, 0xD6, 0x27, 0xC4, 0x6F, 0xEC, 0x09, 0xE2, 0x5F, 0x3C, 0x66, 0xFE, 0xF2, 0xB1, 0xED,
    0x10, 0xFF, 0x2A, 0x6B, 0x3A, 0xA8, 0x5F, 0x99, 0xB6, 0x85, 0xFA, 0x1D, 0x4E, 0x66, 0x1E, 0xE3,
    0x41, 0x03, 0x35, 0xE0, 0x80, 0xD8, 0x43, 0x37, 0x88, 0x3A, 0x24, 0x76, 0xE4, 0xF2, 0x8D, 0x5E,
    0x5E, 0x7F, 0xA3, 0x78, 0xDD, 0x1B, 0x75, 0x48, 0x11, 0x9B, 0x13, 0x14, 0x88, 0x71, 0x02, 0x67,
    0x12, 0xAA, 0xE8, 0xB2, 0x04, 0xFB, 0x78, 0x59, 0x1E, 0x60, 0xDF, 0x7B, 0x4A, 0x3C, 0xF0, 0x9F,
    0x92, 0xFE, 0x83, 0xE0, 0xDB, 0x6A, 0x9F, 0xD5, 0xD6, 0x14, 0x2A, 0x78, 0xCC, 0x0C, 0x59, 0xB3,
    0x8A, 0x32, 0xFB, 0x08, 0xEA, 0x97, 0xA6, 0x21, 0x85, 0xBF, 0xC5, 0xD7, 0xA4, 0xEA, 0xB7, 0x78,
    0x44, 0xAA, 0x9E, 0xE0, 0xBE, 0x45, 0xF8, 0xEF, 0xD8, 0x27, 0x92, 0x5A, 0x8B, 0x80, 0x58, 0x23,
    0x20, 0xB5, 0xD5, 0x3C, 0xB5, 0x75, 0x0D, 0xC1, 0x1F, 0x3A, 0x8C, 0xD3, 0xDF, 0x71, 0x2A, 0x1C,
    0x23, 0x2A, 0x21, 0x53, 0xE4, 0x45, 0xD1, 0x19, 0xA0, 0xEA, 0xA4, 0x04, 0xE2, 0x52, 0xD5, 0x80,
    0x36, 0x32, 0x4F, 0x82, 0xDC, 0xD3, 0x03, 0x3A, 0xF8, 0xAD, 0xFC, 0xA7, 0xE5, 0x47, 0x51, 0x0D,
    0xC8, 0xC2, 0x09, 0xAA, 0xD2, 0x66, 0x8A, 0x2F, 0xFB, 0xF3, 0xF0, 0x24, 0x23, 0x0A, 0x8B, 0x59,
    0x49, 0x72, 0xE3, 0x19, 0x9D, 0xCB, 0x46, 0xFB, 0xA3, 0x1F, 0xFC, 0x93, 0x2C, 0xAC, 0xE7, 0x94,
    0x5F, 0xB4, 0x53, 0x25, 0xBC, 0x36, 0xAA, 0x48, 0x73, 0x68, 0x09, 0x24, 0x3D, 0xAA, 0x3C, 0x72,
    0xB2, 0x44, 0x07, 0xAA, 0x70, 0x8A, 0x04, 0x14, 0x43, 0x8F, 0xBD, 0x4C, 0x3E, 0x99, 0xAA, 0x6C,
    0x81, 0xE8, 0x1B, 0x0B, 0x84, 0x4F, 0x09, 0xF2, 0xA7, 0x89, 0x7C, 0x57, 0x8A, 0x02, 0x86, 0x59,
    0x7C, 0xDD, 0xAA, 0x63, 0xB4, 0xF3, 0xB6, 0xB5, 0x05, 0x7E, 0x7A, 0x5C, 0xC9, 0x9A, 0x9A, 0x30,
    0x88, 0xFA, 0x3A, 0xCD, 0xD6, 0x11, 0xC0, 0x8F, 0xC9, 0x7E, 0x60, 0xB3, 0xBF, 0x2D, 0x94, 0x38,
    0xE7, 0x3A, 0xC1, 0x9F, 0xE6, 0xF9, 0xD1, 0xBC, 0x5E, 0x8B, 0xEC, 0x14, 0x91, 0x55, 0x63, 0x98,
    0x56, 0x15, 0x61, 0x43, 0x50, 0xB5, 0x48, 0x9D, 0x0C, 0xEE, 0xDF, 0xD2, 0xC8, 0x93, 0x88, 0xCB,
    0x46, 0x3A, 0xCF, 0xF3, 0xAF, 0x34, 0xA5, 0x1C, 0x04, 0x1B, 0x5D, 0x06, 0x94, 0x22, 0xA7, 0x22,
    0x82, 0xBB, 0x79, 0xEE, 0x20, 0xA9, 0x46, 0x09, 0xCA, 0x4E, 0x59, 0x0A, 0xCE, 0xDE, 0xCF, 0x92,
    0x2B, 0x82, 0xCE, 0xE6, 0x57, 0x59, 0xA8, 0x4D, 0x0D, 0xC1, 0xE5, 0xF9, 0xF2, 0xF6, 0xBD, 0x03,
    0xAE, 0x01, 0x3B, 0x66, 0xDD, 0xFA, 0xBB, 0xF4, 0x5B, 0xF7, 0xEA, 0xFA, 0xDF, 0xC6, 0x99, 0x37,
    0xA4, 0x38, 0x96, 0xCB, 0x76, 0xCF, 0xBA, 0x0D, 0xEE, 0xA8, 0x6C, 0xD1, 0xC9, 0xFF, 0x03, 0xC5,
    0xD4, 0x3F, 0x8C, 0xDC, 0x44, 0x14, 0x06, 0xF0, 0xCF, 0x76, 0x74, 0x46, 0xB2, 0x94, 0x69, 0x10,
    0x42, 0x3A, 0x22, 0xF7, 0x08, 0xC5, 0x2D, 0xCD, 0xC5, 0x23, 0xE8, 0x25, 0xFA, 0xBE, 0xA2, 0xA1,
    0xA1, 0x4C, 0x76, 0x8D, 0xD2, 0x8B, 0xED, 0x2B, 0x0A, 0xAA, 0xBD, 0xE2, 0x0A, 0x52, 0xA4, 0xC8,
    0x9D, 0x27, 0xD0, 0x0B, 0x4B, 0xF4, 0xC2, 0xC0, 0x55, 0x97, 0x66, 0x0A, 0x4B, 0x38, 0xC7, 0xD8,
    0x8F, 0xF7, 0xCD, 0xFE, 0x3B, 0x56, 0x09, 0x12, 0x50, 0xF0, 0x8A, 0x9F, 0x76, 0xF7, 0x66, 0xDE,
    0xF7, 0xEC, 0xB1, 0x0F, 0x5A, 0xE3, 0x1B, 0x39, 0x15, 0x19, 0xD0, 0x8A, 0xF4, 0x99, 0x9C, 0xCF,
    0x28, 0xF4, 0xB3, 0x2D, 0x1D, 0x2A, 0x57, 0x5B, 0x98, 0xAE, 0x06, 0x8A, 0x7E, 0x09, 0xE4, 0xFE,
    0x0A, 0xC8, 0x36, 0x4C, 0xCA, 0xF0, 0x56, 0x0E, 0xEB, 0xE2, 0xB6, 0xD8, 0x80, 0xAD, 0x5C, 0x6C,
    0xCA, 0xF6, 0xD0, 0xA0, 0x09, 0x68, 0x35, 0x16, 0xA7, 0xB3, 0x85, 0x56, 0x32, 0xFC, 0x15, 0x8F,
    0x42, 0xC4, 0x73, 0xAA, 0x2E, 0x4E, 0x65, 0x3C, 0x96, 0x9C, 0xAA, 0xDC, 0x4F, 0x95, 0xF7, 0x0B,
    0x66, 0x44, 0x0E, 0x91, 0x8B, 0x3D, 0x5C, 0xB2, 0xCF, 0x2D, 0x1D, 0x1B, 0xDC, 0xCD, 0x2D, 0x36,
    0xB9, 0x78, 0xF4, 0x06, 0xCE, 0x02, 0x50, 0x4D, 0x24, 0x90, 0x9E, 0x34, 0xFF, 0x0E, 0x7B, 0xC4,
    0x04, 0xD4, 0xF6, 0x52, 0xC1, 0x15, 0x59, 0x02, 0x2D, 0x6A, 0x97, 0x4C, 0x28, 0xE7, 0x8B, 0x80,
    0x9C, 0xD7, 0x8C, 0x2F, 0xB6, 0xA3, 0xBD, 0x38, 0x82, 0xDB, 0x02, 0x19, 0xC9, 0x8A, 0xE0, 0x1F,
    0xB1, 0xD8, 0x46, 0x2E, 0x51, 0x33, 0xB7, 0x72, 0xA9, 0xC0, 0xCC, 0xED, 0x52, 0x73, 0x27, 0xFE,
    0xD2, 0x2B, 0x48, 0x62, 0x78, 0xE6, 0x69, 0xD1, 0xD1, 0xD2, 0xD2, 0x87, 0x38, 0xD4, 0x82, 0x64,
    0xD2, 0xA9, 0xC5, 0x4B, 0xAF, 0x1A, 0x3C, 0x8B, 0x3E, 0xDF, 0x7F, 0x2E, 0x1A, 0x1F, 0xD7, 0xF4,
    0x2A, 0x5A, 0x8B, 0xA3, 0x12, 0xCB, 0x28, 0x71, 0x6A, 0x1A, 0xCD, 0x7E, 0xEF, 0xE8, 0x6F, 0xBD,
    0x5A, 0xFC, 0x14, 0x7B, 0x7E, 0x3F, 0xD0, 0x97, 0xA3, 0x5A, 0x36, 0x41, 0xAD, 0x30, 0x21, 0x5E,
    0x47, 0x1C, 0xA1, 0x56, 0x2F, 0xA3, 0x01, 0x55, 0x83, 0x24, 0xA0, 0x74, 0x48, 0x47, 0x18, 0xA7,
    0xB1, 0x22, 0x5D, 0xB4, 0x47, 0x71, 0xBB, 0x3E, 0xF7, 0x30, 0xFA, 0x75, 0x80, 0x89, 0x0B, 0x4A,
    0xC7, 0xC5, 0xB5, 0x05, 0xA6, 0xB8, 0xFD, 0x0A, 0x4B, 0x75, 0xC9, 0x13, 0x89, 0xDF, 0xDF, 0x01,
    0xB3, 0xEC, 0xEE, 0x3A, 0x99, 0x9F, 0x78, 0x6C, 0xEB, 0x64, 0x50, 0xAA, 0x59, 0x39, 0x33, 0x16,
    0x78, 0x9E, 0x3B, 0xE0, 0x59, 0xA6, 0xC4, 0x4F, 0x8F, 0x4D, 0x03, 0x54, 0x02, 0x20, 0x1F, 0xC1,
    0xDA, 0x2E, 0x4E, 0x39, 0x89, 0x99, 0x2F, 0x46, 0x54, 0x4E, 0xB3, 0xEF, 0x33, 0x94, 0x69, 0x77,
    0x79, 0x6F, 0xDD, 0x72, 0x9D, 0xA0, 0x24, 0x75, 0x17, 0xCF, 0x4A, 0x59, 0x44, 0x0E, 0x4F, 0x4B,
    0x93, 0x0A, 0xAA, 0xDB, 0xF6, 0xE2, 0xBA, 0x90, 0xB9, 0x1C, 0xD1, 0x5E, 0xC7, 0xA8, 0x04, 0xAC,
    0xAC, 0xA7, 0xB9, 0xA7, 0xC6, 0x1D, 0x0E, 0xAF, 0x26, 0x78, 0x1C, 0x7D, 0x37, 0x7A, 0xA8, 0x44,
    0xE3, 0x2C, 0x52, 0xAA, 0xA7, 0x70, 0xBB, 0xE6, 0x29, 0x78, 0x76, 0xD9, 0x9C, 0xC2, 0x0F, 0xD1,
    0xA7, 0xB4, 0xFC, 0x94, 0x56, 0x19, 0xAD, 0xA3, 0x8B, 0xE8, 0x65, 0xC6, 0x5D, 0x21, 0x13, 0xD9,
    0x9A, 0x0C, 0xFC, 0x3D, 0xF3, 0x51, 0x11, 0x35, 0x8F, 0x16, 0x37, 0xE7, 0xAA, 0x71, 0xD9, 0xDE,
    0xAA, 0xA1, 0xB5, 0x8D, 0x82, 0x7D, 0x16, 0xDC, 0x61, 0x2F, 0xA3, 0xD8, 0xD5, 0x97, 0xD1, 0x89,
    0x24, 0xE3, 0xE1, 0xF9, 0xCC, 0x3B, 0x6A, 0x1A, 0x5A, 0xE0, 0xA8, 0xDA, 0xE6, 0x74, 0xD0, 0x2E,
    0x7E, 0x29, 0x30, 0x7F, 0x84, 0xB9, 0x6D, 0x2A, 0x2C, 0xBB, 0xC2, 0x3D, 0x40, 0xE5, 0xB2, 0x8E,
    0x37, 0x26, 0xED, 0xA3, 0x7E, 0x63, 0xD2, 0x8A, 0xCE, 0x58, 0x08, 0xD5, 0xDB, 0xBB, 0x5E, 0x7F,
    0x53, 0x5B, 0xDE, 0xBC, 0x05, 0xE8, 0x93, 0xAD, 0x55, 0x93, 0xDA, 0x27, 0xA8, 0xB5, 0x43, 0x8D,
    0xEF, 0xBC, 0x71, 0xD5, 0xAB, 0x5F, 0xE7, 0xD6, 0x1A, 0x71, 0xED, 0x8C, 0x74, 0x46, 0x79, 0x0D,
    0xD6, 0x6E, 0xC0, 0x9C, 0x98, 0x4E, 0x29, 0x9B, 0xDD, 0x29, 0x9C, 0x91, 0x7B, 0x38, 0xD4, 0xC7,
    0x38, 0x91, 0xEE, 0x0A, 0x95, 0xCC, 0x01, 0xF2, 0x4A, 0x86, 0x74, 0x42, 0xED, 0x75, 0xA7, 0xE9,
    0x75, 0x67, 0xA9, 0x19, 0xA8, 0xC7, 0xD2, 0xE1, 0x2A, 0x54, 0x0D, 0x46, 0x25, 0xF3, 0xA1, 0xB6,
    0x79, 0x37, 0xD5, 0xD6, 0x34, 0x4A, 0x05, 0xE5, 0x09, 0x09, 0xCA, 0x27, 0x1E, 0x53, 0xF5, 0xB4,
    0x47, 0xA8, 0xBE, 0x76, 0x08, 0xE5, 0xCF, 0x36, 0x09, 0x46, 0x27, 0x1B, 0x4D, 0x40, 0x36, 0xE4,
    0x03, 0x0A, 0x9F, 0x4D, 0xA8, 0x3A, 0x23, 0x37, 0x62, 0xCB, 0x56, 0x34, 0xEA, 0x44, 0x56, 0x78,
    0x80, 0xA3, 0x4A, 0xBB, 0xDD, 0x25, 0x14, 0xFD, 0xEE, 0x51, 0xAA, 0xF6, 0xFF, 0x1F, 0x3F, 0xC2,
    0xA1, 0xDE, 0x47, 0x2A, 0xAB, 0x33, 0x54, 0x32, 0x8D, 0xD0, 0xA6, 0x3E, 0x0B, 0xDA, 0x3E, 0xF7,
    0x1C, 0xBC, 0xC3, 0x92, 0xD3, 0xBF, 0x1E, 0xCB, 0x26, 0xFB, 0x25, 0x94, 0x8D, 0x71, 0x3A, 0x7D,
    0x05, 0xE5, 0x85, 0x8E, 0xF6, 0xD5, 0xA0, 0x70, 0x52, 0xF3, 0x63, 0x93, 0x8C, 0x85, 0x70, 0xBE,
    0x80, 0x9C, 0x0D, 0xCA, 0x2E, 0xE7, 0x7C, 0xE6, 0x42, 0x26, 0x3C, 0xD2, 0xF6, 0xF8, 0x00, 0xFB,
    0x3A, 0x91, 0x6B, 0xA0, 0x15, 0xB1, 0x99, 0x2E, 0xE9, 0x8B, 0x11, 0xC5, 0xA8, 0x41, 0x09, 0xEF,
    0x10, 0x3E, 0x23, 0x88, 0x98, 0x48, 0xAF, 0xE4, 0x93, 0x92, 0xCA, 0x6B, 0xCB, 0x6D, 0x13, 0x1B,
    0x88, 0x03, 0x92, 0xD6, 0xEF, 0x5E, 0xD2, 0x24, 0x28, 0x88, 0x4C, 0x24, 0xDC, 0x27, 0x75, 0x83,
    0x2C, 0x94, 0x03, 0x8C, 0xE7, 0x2C, 0x1D, 0xE2, 0xEB, 0x51, 0x30, 0xFC, 0x4E, 0x09, 0x99, 0xC9,
    0x14, 0x1B, 0x91, 0x81, 0x71, 0x7E, 0xF7, 0x2E, 0x9E, 0xEA, 0xF4, 0x89, 0x48, 0x40, 0x2E, 0xE7,
    0x62, 0x75, 0xA0, 0xCA, 0xE9, 0x7C, 0x79, 0x7C, 0x1E, 0xC8, 0xF6, 0xF1, 0xC8, 0xE7, 0x15, 0xB8,
    0xEE, 0x9A, 0x3B, 0x04, 0x9C, 0xCF, 0xED, 0xFF, 0xD6, 0xDF, 0x23, 0x0F, 0x81, 0xA2, 0xAB, 0x3B,
    0x6D, 0x60, 0xD8, 0x2A, 0x15, 0x99, 0x36, 0xED, 0xEF, 0x54, 0x16, 0xC8, 0xA8, 0xE4, 0x9E, 0xF4,
    0xE0, 0x26, 0x12, 0xBB, 0x35, 0x40, 0x2D, 0x5A, 0xFD, 0xC6, 0x0F, 0xD7, 0x17, 0x37, 0xEB, 0xD5,
    0xF6, 0x86, 0xFD, 0xFF, 0x1E, 0x55, 0xED, 0xEE, 0x68, 0xA3, 0x04, 0x8B, 0xE8, 0x8B, 0xE8, 0x73,
    0x92, 0xF9, 0xBF, 0x81, 0x2F, 0xF5, 0x18, 0xF9, 0xFC, 0xFC, 0x76, 0xFD, 0x6D, 0xFC, 0xED, 0x3F,
    0x91, 0x06, 0x05, 0x72, 0xB3, 0x02, 0x6A, 0xE9, 0x81, 0x13, 0xF2, 0xF6, 0x13, 0xF0, 0xC7, 0x27,
    0xF0, 0x27, 0x3D, 0x8F, 0x01, 0x66, 0x03, 0x41, 0x14, 0x86, 0xBF, 0x9D, 0x09, 0x5B, 0x06, 0x73,
    0x80, 0x96, 0x01, 0x88, 0xD0, 0xEE, 0x05, 0x9A, 0xCC, 0xEA, 0xB9, 0xD2, 0xEE, 0x1C, 0x21, 0xE8,
    0x01, 0x02, 0xA8, 0x9E, 0x21, 0x69, 0xDE, 0x11, 0xE6, 0x08, 0x0B, 0x40, 0x61, 0xB0, 0x58, 0xB1,
    0x9B, 0xE9, 0x8E, 0xD0, 0xFF, 0xFB, 0x0D, 0x0C, 0xEF, 0x7D, 0x0F, 0x1E, 0xF1, 0xAD, 0x13, 0x13,
    0x75, 0xAA, 0x06, 0x8E, 0x00, 0xFA, 0x50, 0x27, 0x1B, 0x5D, 0xF0, 0xBC, 0xB3, 0x06, 0xE8, 0x22,
    0xE4, 0x84, 0xBE, 0x4E, 0x98, 0xFE, 0x07, 0x17, 0x9A, 0xF6, 0x05, 0x13, 0x56, 0x54, 0xA8, 0x03,
    0xB8, 0x19, 0x7C, 0xFE, 0x95, 0xB5, 0xCB, 0x42, 0x75, 0x63, 0xF3, 0xFD, 0xD5, 0xE5, 0x79, 0xE9,
    0x03, 0x8A, 0x1D, 0x46, 0x1A, 0x6C, 0xB0, 0xE2, 0xA9, 0xAF, 0x33, 0x3A, 0x8F, 0x94, 0x81, 0x5E,
    0xEE, 0x5C, 0xDE, 0xE6, 0xFF, 0x6E, 0x8E, 0x7E, 0xF2, 0x37, 0xB6, 0x9C, 0x18, 0x54, 0x22, 0xA8,
    0x11, 0x9B, 0xD9, 0x19, 0x79, 0xD5, 0xB2, 0xD7, 0x71, 0x79, 0xB7, 0xB5, 0xB8, 0xDC, 0xAA, 0x91,
    0x12, 0x15, 0x9F, 0xD1, 0xC9, 0x63, 0xE2, 0x19, 0x1B, 0x46, 0x1A, 0x95, 0xD8, 0xEA, 0xC8, 0x5A,
    0x05, 0x4A, 0x8A, 0x5F, 0xF1, 0x2C, 0xBE, 0xC5, 0xBB, 0xF8, 0x93, 0x13, 0x65, 0x7D, 0x95, 0x74,
    0xAA, 0x7B, 0x13, 0x6D, 0x6C, 0xC4, 0x4B, 0xE6, 0xC6, 0xCC, 0xB4, 0x30, 0x32, 0x50, 0x1D, 0x74,
    0xBA, 0x93, 0xFB, 0x2C, 0x79, 0x89, 0x17, 0x1F, 0x3A, 0x3E, 0x38, 0x33, 0x95, 0xFF, 0x16, 0x2D,
    0xE8, 0x40, 0xFD, 0x49, 0x75, 0x01, 0x1B, 0x9E, 0x5C, 0xF0, 0x19, 0x33, 0x02, 0xEC, 0x55, 0x6F,
    0xDB, 0x72, 0xC2, 0x69, 0x75, 0x39, 0x77, 0xB3, 0x19, 0xFE, 0x00, 0xE5, 0xDC, 0x3D, 0x8C, 0xE4,
    0xC8, 0x79, 0x37, 0xF0, 0x87, 0xE4, 0xDD, 0x52, 0x38, 0x02, 0xE2, 0x05, 0x7A, 0x5F, 0xC8, 0x3A,
    0x4B, 0x54, 0xE0, 0x68, 0x65, 0x89, 0x79, 0xE0, 0xA9, 0xB2, 0x15, 0x28, 0x70, 0xE0, 0x0B, 0x74,
    0x4A, 0x9C, 0x38, 0xBE, 0x0B, 0xD6, 0x81, 0x42, 0x0D, 0x49, 0xDB, 0xA1, 0x02, 0x4D, 0x9E, 0xF8,
    0x02, 0x19, 0xD0, 0x76, 0x07, 0x23, 0xC0, 0x91, 0x81, 0xED, 0x66, 0xE9, 0x94, 0x43, 0x34, 0x04,
    0xC7, 0xA2, 0xA5, 0x8D, 0xF6, 0x82, 0x2B, 0x43, 0x04, 0xC4, 0x1D, 0x91, 0x2C, 0x3F, 0xFF, 0x87,
    0x64, 0x77, 0x4F, 0x5F, 0x4F, 0xAB, 0xF7, 0x6B, 0x66, 0x0E, 0xE6, 0x2E, 0x7F, 0x33, 0x53, 0x5D,
    0x5F, 0x5D, 0xFC, 0x2A, 0x16, 0xAB, 0x9B, 0xDE, 0x22, 0x5E, 0xCE, 0x41, 0x0E, 0x52, 0xCD, 0xC4,
    0x86, 0x09, 0x2B, 0xC6, 0xB7, 0x0C, 0x15, 0x60, 0x5E, 0x4A, 0xE7, 0x5C, 0x31, 0xB2, 0x58, 0x2C,
    0xF4, 0x1A, 0x61, 0x27, 0x80, 0xC8, 0x92, 0x56, 0x90, 0xB0, 0x93, 0x91, 0x82, 0xB6, 0xE5, 0x06,
    0x5D, 0x6C, 0x69, 0x0F, 0x2C, 0xF7, 0xA9, 0x92, 0x60, 0x20, 0x1A, 0xFD, 0xF0, 0xF2, 0xEA, 0x31,
    0x11, 0x45, 0x35, 0xFD, 0x69, 0xFF, 0x5B, 0x62, 0x3A, 0x67, 0xC5, 0x8E, 0x7D, 0xEE, 0x0D, 0xF2,
    0x6A, 0x2E, 0x2A, 0x0D, 0xD3, 0x02, 0x26, 0x2F, 0x2B, 0x2F, 0xFB, 0x7E, 0x6D, 0x51, 0x6A, 0xA2,
    0xC4, 0x39, 0x82, 0x2D, 0x8B, 0x45, 0x4D, 0xFB, 0x45, 0x4F, 0xE4, 0x71, 0x58, 0x60, 0x79, 0xC5,
    0x7E, 0xA1, 0x69, 0x5E, 0x94, 0x73, 0x83, 0xAC, 0x8B, 0xC5, 0x63, 0xC4, 0x7E, 0x53, 0x2B, 0x3D,
    0x70, 0x17, 0x44, 0xB9, 0xEB, 0xC9, 0x73, 0xCF, 0x9C, 0x0E, 0x5A, 0x4A, 0x4D, 0x5C, 0x53, 0x64,
    0x63, 0x43, 0x41, 0x9D, 0x6A, 0x89, 0x36, 0x93, 0x6F, 0x71, 0xAE, 0x98, 0xE0, 0xCD, 0x23, 0x61,
    0x3B, 0x28, 0x41, 0x33, 0x69, 0x41, 0xBE, 0x46, 0x56, 0x36, 0xB6, 0x14, 0xD7, 0x41, 0xC7, 0xD9,
    0x7B, 0xEE, 0x53, 0xA7, 0x51, 0xA4, 0x14, 0x0E, 0x9E, 0xCA, 0x16, 0xD5, 0x01, 0xD7, 0xA0, 0x8E,
    0x5A, 0x8A, 0xDA, 0xB8, 0xE2, 0x76, 0x49, 0x0C, 0xD1, 0xFB, 0x80, 0x84, 0x58, 0xA8, 0x99, 0xB0,
    0x67, 0x7C, 0xF7, 0x5C, 0x23, 0x99, 0xE4, 0xE2, 0x0C, 0x91, 0x57, 0x5A, 0xBC, 0xD6, 0x32, 0x5E,
    0xC7, 0x90, 0xD0, 0x83, 0xEE, 0xCB, 0x40, 0x15, 0x14, 0x74, 0x49, 0x43, 0xB1, 0x0D, 0xB9, 0xA0,
    0x8A, 0x1C, 0x17, 0x49, 0x11, 0x17, 0xEE, 0xF0, 0x9B, 0xB0, 0x58, 0x5E, 0x2D, 0x38, 0x0F, 0x4B,
    0x6F, 0x1A, 0x29, 0x68, 0x5B, 0x6E, 0xD8, 0x26, 0x35, 0xED, 0xB1, 0xB7, 0xDC, 0x7D, 0x25, 0x7D,
    0x06, 0xAB, 0xB7, 0x58, 0x94, 0xAF, 0x63, 0xEF, 0x63, 0x72, 0x55, 0xD0, 0x90, 0x54, 0x7E, 0x17,
    0x0D, 0x97, 0x0D, 0xE7, 0x5D, 0x51, 0xFA, 0x1C, 0x1B, 0xB5, 0xA5, 0xD9, 0xF5, 0x12, 0xAE, 0xBC,
    0xD3, 0x1D, 0x2E, 0x88, 0x3A, 0xCF, 0xF5, 0xA2, 0x2B, 0xD8, 0x36, 0xAD, 0x60, 0x64, 0x61, 0x30,
    0xDA, 0xEC, 0xEA, 0xB5, 0xD0, 0x6F, 0x60, 0x60, 0xBD, 0x36, 0xB4, 0x11, 0x1B, 0xD7, 0x97, 0x95,
    0x37, 0x38, 0xE3, 0x34, 0xE7, 0x43, 0xCF, 0xC9, 0xE3, 0x5D, 0x45, 0x61, 0x37, 0x7C, 0x79, 0xAF,
    0x34, 0x0E, 0x6C, 0xD7, 0x8A, 0x0E, 0x9A, 0x52, 0xE3, 0xD5, 0xC4, 0xC0, 0x78, 0xB4, 0x82, 0x51,
    0xBD, 0x63, 0x35, 0x87, 0xCF, 0x31, 0xF3, 0x82, 0x45, 0x0E, 0x6C, 0x27, 0x5E, 0xD0, 0xFD, 0x3E,
    0x35, 0xBE, 0xBB, 0xB9, 0x20, 0xF6, 0xF3, 0x11, 0x1A, 0xD8, 0xF9, 0x7A, 0x18, 0x1B, 0x84, 0xD1,
    0xEE, 0xD2, 0x11, 0x17, 0xCC, 0xE4, 0xC4, 0xF4, 0x8C, 0xD7, 0x31, 0x41, 0xC3, 0x84, 0x96, 0x89,
    0x2B, 0x26, 0x31, 0x8C, 0xD2, 0x4C, 0x4E, 0x0C, 0xE7, 0xEC, 0x5C, 0x07, 0x6A, 0xD0, 0x4A, 0x18,
    0x28, 0x81, 0x02, 0x69, 0x31, 0x27, 0x8B, 0xEB, 0x39, 0x2B, 0xC9, 0x54, 0xB2, 0x27, 0x57, 0x31,
    0x79, 0xCD, 0x24, 0xF5, 0xFE, 0x35, 0x5C, 0x5D, 0xBF, 0x86, 0x07, 0x35, 0x43, 0x7A, 0xBF, 0xCE,
    0x05, 0x93, 0x03, 0xC7, 0x78, 0x20, 0x00, 0x21, 0x88, 0x7F, 0xC3, 0x24, 0xFF, 0xCA, 0xA8, 0x84,
    0xC9, 0x40, 0xC7, 0xF0, 0x1E, 0x5A, 0x74, 0x81, 0x65, 0xC2, 0x9A, 0x89, 0x0D, 0x93, 0x14, 0x8C,
    0x22, 0x66, 0x05, 0x3A, 0xE6, 0xAA, 0x61, 0x9C, 0x05, 0x15, 0x30, 0x40, 0x03, 0x62, 0x7A, 0x40,
    0x5F, 0xA5, 0x3F, 0x93, 0x8A, 0xE0, 0xCC, 0x9D, 0x4D, 0xC7, 0xDA, 0x39, 0x9B, 0x3C, 0xEB, 0x64,
    0x2B, 0x5B, 0xD6, 0x2B, 0x0B, 0x3A, 0xB0, 0x20, 0x72, 0x8E, 0x3C, 0x68, 0x8D, 0x16, 0x1A, 0x9B,
    0xC8, 0x6B, 0xD1, 0x46, 0x41, 0x23, 0xFF, 0x2D, 0xF9, 0x1D, 0xB6, 0x27, 0x5E, 0x32, 0x73, 0x34,
    0x85, 0xB2, 0x78, 0x45, 0xF2, 0xC4, 0x64, 0x6C, 0x5C, 0xF5, 0x6C, 0x58, 0xCB, 0x36, 0xFE, 0x9F,
    0x96, 0xF5, 0xFF, 0x60, 0x59, 0x72, 0x62, 0x59, 0x41, 0x65, 0xC4, 0x42, 0xD4, 0x22, 0xA0, 0x15,
    0xF8, 0xB0, 0x83, 0xAE, 0x11, 0x2B, 0xA6, 0x47, 0xA4, 0xDB, 0xC5, 0xF1, 0xB2, 0x83, 0x6C, 0xEF,
    0x83, 0x78, 0xEF, 0x33, 0xE4, 0x34, 0xE3, 0x39, 0xC3, 0xFA, 0x62, 0xF0, 0x87, 0x0A, 0xFE, 0xAE,
    0x66, 0xA3, 0x5F, 0x5B, 0x36, 0xFE, 0xA4, 0x81, 0xBF, 0x68, 0x59, 0xDE, 0xEA, 0x6C, 0x4A, 0x3D,
    0xAB, 0x28, 0xA3, 0x79, 0x6B, 0xAD, 0x44, 0xD9, 0x4F, 0x3D, 0xD9, 0x51, 0xFD, 0x16, 0x6D, 0x1D,
    0x70, 0x15, 0x2A, 0xB1, 0xA6, 0xE8, 0x6A, 0xB1, 0xB4, 0xDC, 0xC8, 0xD8, 0x24, 0xB1, 0x44, 0x48,
    0x0C, 0x22, 0xA3, 0x15, 0x7B, 0x49, 0xBE, 0xA6, 0x9C, 0xCD, 0x69, 0x2D, 0x99, 0x73, 0xA2, 0x6E,
    0x64, 0x58, 0x2C, 0x7E, 0x26, 0x25, 0x1E, 0x87, 0xE3, 0x3D, 0x26, 0xA4, 0xB0, 0x63, 0x32, 0xF4,
    0x0D, 0x36, 0x5B, 0x20, 0x31, 0x33, 0xF1, 0x86, 0x6D, 0x58, 0x5A, 0x30, 0x25, 0x67, 0xB0, 0x1C,
    0x90, 0xB6, 0x05, 0x05, 0x95, 0x6E, 0xD0, 0x0C, 0xE7, 0x57, 0x2E, 0x2E, 0x3B, 0x5A, 0x91, 0x37,
    0x30, 0x94, 0x03, 0xA5, 0xAF, 0x43, 0x4C, 0xC6, 0xF8, 0x1D, 0x52, 0x54, 0x13, 0x8B, 0x65, 0xBF,
    0x49, 0x91, 0x1A, 0x26, 0x16, 0xAA, 0x0D, 0x66, 0x26, 0x2D, 0x98, 0x5C, 0x73, 0x8A, 0x01, 0x69,
    0x5B, 0x50, 0xDC, 0x5E, 0x77, 0x2A, 0x42, 0x91, 0xB3, 0x57, 0x4B, 0x58, 0xF9, 0x2F, 0x64, 0xBC,
    0xAB, 0xD9, 0x37, 0x11, 0xD3, 0x02, 0x2A, 0x2D, 0x12, 0x2C, 0xC5, 0x1E, 0x7A, 0x1D, 0xFC, 0x16,
    0xB6, 0xC1, 0x45, 0xEE, 0x78, 0xB1, 0xA3, 0xD8, 0xC9, 0x82, 0x1B, 0xFD, 0x8A, 0xEC, 0xC9, 0x77,
    0xDF, 0xC1, 0x57, 0x94, 0x98, 0xB0, 0x86, 0x51, 0x95, 0xEA, 0xC4, 0xE0, 0x8A, 0x87, 0x7F, 0xF8,
    0x99, 0xEA, 0xA8, 0xC2, 0xF5, 0x2F, 0xAC, 0x61, 0x60, 0x71, 0xBA, 0x09, 0x9A, 0xC4, 0xE0, 0x6D,
    0x27, 0xA6, 0x23, 0xEA, 0x12, 0x1C, 0x5C, 0xEB, 0xCB, 0x4F, 0x2D, 0x51, 0xEA, 0x9C, 0x91, 0x8E,
    0xAA, 0x9D, 0xC2, 0x25, 0xCE, 0x14, 0x1F, 0x69, 0x4B, 0x8A, 0x24, 0x9F, 0xB8, 0x62, 0xB5, 0xE4,
    0x5F, 0xA4, 0x05, 0xCA, 0x52, 0x28, 0xB7, 0x92, 0x3A, 0xD4, 0x39, 0x1B, 0xDA, 0x9E, 0x0D, 0x1A,
    0x8A, 0xD0, 0x5F, 0xC5, 0x05, 0x36, 0x74, 0x4B, 0x57, 0xC4, 0x35, 0xA5, 0x55, 0xA8, 0xA7, 0x4E,
    0xA9, 0xDD, 0x85, 0x33, 0x65, 0x52, 0x43, 0xEF, 0x2C, 0x07, 0xA2, 0xD8, 0xD5, 0x40, 0x8E, 0xAD,
    0xBC, 0x60, 0xB6, 0x29, 0x38, 0xD3, 0x99, 0xF6, 0x2D, 0xA6, 0xF9, 0x06, 0x63, 0x55, 0x41, 0xB1,
    0x4D, 0x1B, 0x52, 0x26, 0xE2, 0x82, 0xF4, 0x78, 0x55, 0x7B, 0x8F, 0x0B, 0xBF, 0xFB, 0x2B, 0x8C,
    0x57, 0x78, 0x17, 0xD8, 0x17, 0x1B, 0x0A, 0xEB, 0xC0, 0x72, 0x5D, 0xC3, 0x8A, 0xBC, 0xE1, 0xD2,
    0xA0, 0xE7, 0x41, 0x5C, 0xC9, 0x96, 0xB0, 0xDC, 0xAF, 0xAB, 0xE2, 0x3D, 0xE8, 0x4B, 0xC4, 0xCE,
    0x0D, 0x13, 0xCF, 0x16, 0x8C, 0xA1, 0xF5, 0x4B, 0x90, 0x08, 0xC5, 0x4C, 0xAA, 0x19, 0x45, 0x33,
    0x19, 0xE8, 0x19, 0xBF, 0x63, 0x3E, 0x6A, 0x18, 0x57, 0x31, 0x03, 0x31, 0xB9, 0xA1, 0xD8, 0x32,
    0xA9, 0xCD, 0x6B, 0x52, 0x36, 0xB7, 0x94, 0xDB, 0xBC, 0xA1, 0xD2, 0x66, 0x1D, 0xFD, 0xD1, 0x9E,
    0x3F, 0xF1, 0x7F, 0x6F, 0xCF, 0xCF, 0x82, 0xDF, 0xD9, 0x73, 0x15, 0xFE, 0xDA, 0x9E, 0x27, 0x7F,
    0xFB, 0x4B, 0x7B, 0x1E, 0xFF, 0xE4, 0xBB, 0xF6, 0x3C, 0xFA, 0x2C, 0xB0, 0xE7, 0xC1, 0xC0, 0xF8,
    0x1D, 0xE3, 0x01, 0x6A, 0xC0, 0x3F, 0x82, 0x6F, 0x02, 0x3A, 0x89, 0x0E, 0x9B, 0xE2, 0xC5, 0xE1,
    0x8B, 0x56, 0x59, 0x38, 0x5E, 0x04, 0x09, 0x7B, 0x59, 0xE8, 0xBD, 0x41, 0xEE, 0x19, 0x1B, 0x0A,
    0xDC, 0xB2, 0xA7, 0xA8, 0xA1, 0x12, 0x4D, 0x9A, 0x1A, 0xA5, 0x09, 0xC7, 0x3B, 0xE1, 0x70, 0xA7,
    0xD0, 0xAE, 0x51, 0x5D, 0xA1, 0x67, 0x9A, 0x1B, 0xD9, 0xC6, 0x93, 0x64, 0x92, 0x81, 0x64, 0x25,
    0x99, 0x4A, 0xF6, 0x52, 0x90, 0x14, 0x29, 0x85, 0x6F, 0xFB, 0x13, 0x78, 0x5B, 0xFA, 0x0E, 0xBA,
    0x35, 0xA5, 0x1B, 0x6F, 0x15, 0x3A, 0x5C, 0x54, 0xE5, 0x54, 0x9D, 0x17, 0x4C, 0x62, 0x98, 0x58,
    0xA8, 0xAE, 0x83, 0xB0, 0x94, 0xF1, 0x4A, 0xA4, 0x1D, 0x88, 0x69, 0x38, 0xED, 0x63, 0x8D, 0xB4,
    0xF4, 0xE2, 0x4C, 0x77, 0xFD, 0x8A, 0x6B, 0x80, 0x91, 0x00, 0x0A, 0x3A, 0x9C, 0xE6, 0x30, 0x3A,
    0x20, 0xE3, 0x04, 0x09, 0x46, 0x0C, 0xD4, 0xFE, 0xB8, 0xC3, 0x31, 0xD4, 0x16, 0xCD, 0x70, 0x06,
    0x1E, 0x21, 0xAB, 0x3A, 0xDA, 0x1B, 0x72, 0x50, 0xF3, 0x90, 0x83, 0x72, 0xBC, 0xD4, 0xA3, 0x0F,
    0x17, 0x97, 0xCF, 0x16, 0x17, 0xE3, 0x18, 0xC3, 0xDD, 0x7B, 0x9F, 0x7B, 0xE1, 0x47, 0x6A, 0x1E,
    0xBA, 0x41, 0xCB, 0xB5, 0x96, 0xAB, 0x2A, 0x5D, 0xC6, 0xA0, 0x4D, 0x7E, 0x31, 0x70, 0xCD, 0xAF,
    0x5F, 0x59, 0x63, 0x93, 0x6A, 0xB8, 0x73, 0x7D, 0x1D, 0xAD, 0xC5, 0x6A, 0x0C, 0x4F, 0x21, 0xA7,
    0x80, 0x48, 0x9B, 0x14, 0x63, 0x3E, 0x92, 0x27, 0xE7, 0x7F, 0xF9, 0x59, 0x37, 0x95, 0x25, 0xE5,
    0x1E, 0xAC, 0xD5, 0xDB, 0x1A, 0x0D, 0x40, 0xC8, 0xD5, 0x12, 0x21, 0x2D, 0x1A, 0xCA, 0xC3, 0xA9,
    0x19, 0xBF, 0x04, 0x0D, 0x02, 0xF1, 0x12, 0x0A, 0x41, 0xD4, 0xB4, 0x98, 0x0E, 0x63, 0xF2, 0xDB,
    0x9E, 0x25, 0xD7, 0xC2, 0xDC, 0xC2, 0xB4, 0x82, 0xAA, 0xDE, 0x86, 0x0C, 0xD2, 0xAA, 0x12, 0x53,
    0x8E, 0x7B, 0xE4, 0x60, 0xD0, 0x90, 0x28, 0x34, 0xE7, 0xB0, 0xA9, 0x2F, 0x26, 0x9D, 0x32, 0xF9,
    0xB3, 0xE4, 0x28, 0x88, 0x80, 0x82, 0xA4, 0xAF, 0x92, 0xD1, 0xED, 0xE2, 0x78, 0x69, 0x40, 0x2B,
    0x10, 0x91, 0x77, 0x13, 0xF4, 0xBE, 0xF4, 0xEC, 0x8F, 0xB3, 0xDA, 0xB0, 0x06, 0x19, 0xC8, 0x81,
    0x2A, 0x98, 0xE4, 0x29, 0xE5, 0x26, 0xE2, 0x82, 0x8C, 0x07, 0xE8, 0xC1, 0xBF, 0xA1, 0x9D, 0xE9,
    0x74, 0x14, 0xE5, 0x94, 0xDD, 0x32, 0x5C, 0xD3, 0x61, 0x4B, 0xE7, 0x37, 0x61, 0x4D, 0xF7, 0x41,
    0x87, 0x45, 0x8B, 0xC5, 0xA8, 0xEC, 0xE9, 0x47, 0x7D, 0x9B, 0x4A, 0x1C, 0x21, 0x22, 0xC6, 0x83,
    0x20, 0x45, 0xA7, 0x7B, 0xB5, 0xD0, 0x3B, 0x77, 0x33, 0x4E, 0xC2, 0xF3, 0x02, 0x26, 0x06, 0xC6,
    0x15, 0x3C, 0xFE, 0x7F, 0x8C, 0xA3, 0x0C, 0x72, 0x73, 0x92, 0x4F, 0x2F, 0x56, 0x72, 0x96, 0xC9,
    0x5E, 0x8C, 0xAB, 0x82, 0x71, 0x1D, 0x70, 0x0C, 0x57, 0x86, 0x89, 0x0D, 0x13, 0x55, 0xA0, 0x66,
    0x42, 0xBB, 0xA1, 0x9E, 0xC3, 0xE2, 0x8A, 0x51, 0x06, 0xC9, 0x34, 0xD3, 0x13, 0x53, 0x53, 0xF6,
    0xE2, 0xD7, 0xAD, 0xD2, 0x5D, 0x69, 0xC6, 0x35, 0x60, 0x40, 0x58, 0xA9, 0x99, 0xF4, 0xC6, 0xCB,
    0xA7, 0x99, 0x49, 0x41, 0xBE, 0xB9, 0x7C, 0xB6, 0xE0, 0x82, 0xE8, 0xD1, 0x40, 0xE4, 0xE3, 0x3C,
    0x16, 0x0F, 0x97, 0x1D, 0xA5, 0x95, 0x37, 0x50, 0x3E, 0x8D, 0xD7, 0x24, 0xC5, 0x5B, 0xD3, 0x91,
    0x10, 0x55, 0x4C, 0x58, 0x6F, 0xB0, 0xE8, 0x45, 0x4E, 0xBC, 0xB3, 0x58, 0xEE, 0x8D, 0xDA, 0xD6,
    0x48, 0x01, 0xE2, 0xEA, 0x4B, 0x73, 0xE1, 0x85, 0xD2, 0x94, 0x8F, 0xD9, 0x47, 0x28, 0x48, 0x8A,
    0xA4, 0x94, 0x0B, 0xCF, 0x39, 0x40, 0xE7, 0xC4, 0xED, 0x91, 0x93, 0xBB, 0x6C, 0x72, 0xAF, 0xF3,
    0xDB, 0xDC, 0x6F, 0xA9, 0xCB, 0x83, 0x06, 0x58, 0x5A, 0x81, 0xF5, 0x86, 0x2C, 0x0F, 0x01, 0x17,
    0x9D, 0x8F, 0x2C, 0x41, 0x30, 0x91, 0x09, 0xBB, 0x29, 0x90, 0x81, 0x8F, 0xAC, 0xBC, 0x96, 0x21,
    0x64, 0x4F, 0x25, 0x17, 0x84, 0x22, 0xA5, 0x70, 0x7A, 0x4F, 0xDA, 0x93, 0xF1, 0xDD, 0x62, 0xD9,
    0x84, 0xB8, 0xC2, 0xC5, 0x35, 0x30, 0x07, 0xA8, 0x98, 0xC8, 0x32, 0x41, 0xCF, 0x90, 0x43, 0xDA,
    0x14, 0xD0, 0xD5, 0xB2, 0xA1, 0xD0, 0x72, 0x58, 0x5C, 0x33, 0x89, 0x61, 0x54, 0xC1, 0xE4, 0xC4,
    0x0C, 0x8C, 0xD7, 0x31, 0x7E, 0xCB, 0x7C, 0x64, 0x99, 0xB2, 0x06, 0x05, 0x43, 0xE9, 0xCE, 0x56,
    0xC0, 0xD3, 0x0F, 0x8E, 0xF9, 0xE5, 0x69, 0x8B, 0xAB, 0x5D, 0xFE, 0xFF, 0xA2, 0x44, 0x3C, 0x47,
    0x09, 0x50, 0xD8, 0x87, 0x73, 0x62, 0xB2, 0x19, 0xFC, 0x59, 0x72, 0xB1, 0xBE, 0xA3, 0xF4, 0xAA,
    0xBC, 0x7C, 0x1A, 0xB9, 0x21, 0x69, 0xA9, 0x7C, 0x1A, 0xB6, 0x48, 0x57, 0x50, 0x0A, 0xDC, 0xB3,
    0x85, 0x0E, 0xBA, 0xCD, 0x5D, 0xA2, 0x01, 0xC5, 0xFC, 0x80, 0x50, 0xF9, 0x1C, 0x43, 0x25, 0x8E,
    0x2B, 0xAF, 0x96, 0x03, 0x2E, 0x38, 0xA5, 0xCE, 0x39, 0xA1, 0x9C, 0x57, 0x2B, 0x26, 0xAC, 0x81,
    0x65, 0x82, 0x1D, 0xD4, 0x86, 0x14, 0x51, 0x12, 0x2D, 0x43, 0xC9, 0xB8, 0x6F, 0x45, 0x0F, 0xD4,
    0xDF, 0xF6, 0x40, 0xD1, 0xE0, 0xD3, 0x99, 0xA4, 0x1E, 0x16, 0x97, 0x0D, 0xAE, 0xD3, 0xB8, 0x24,
    0x4E, 0x6B, 0x8B, 0x36, 0xE2, 0xF0, 0xCA, 0xB9, 0x01, 0x71, 0x6C, 0x47, 0x3E, 0x87, 0x53, 0xCF,
    0xEB, 0x7A, 0x5A, 0x7B, 0xC4, 0xE5, 0x38, 0x2D, 0x5E, 0x9F, 0xF2, 0xB2, 0x58, 0xB9, 0x3F, 0xFB,
    0x31, 0xDE, 0xD7, 0xAB, 0xAE, 0x68, 0x5E, 0xBB, 0xF1, 0xD9, 0x12, 0x16, 0xC1, 0x61, 0x35, 0x4C,
    0x3F, 0xA7, 0xA2, 0xAD, 0x99, 0xB8, 0x12, 0x3B, 0xE8, 0xB7, 0xF0, 0x5B, 0x3C, 0x86, 0x76, 0x55,
    0x48, 0x0F, 0xB0, 0x1A, 0x3D, 0xC3, 0x36, 0xB9, 0x51, 0x19, 0x1D, 0xC1, 0xD3, 0xA2, 0xE9, 0xFE,
    0xC1, 0x9F, 0xEE, 0x1F, 0x72, 0x92, 0x86, 0x4E, 0xF9, 0xA5, 0x4A, 0xA1, 0xF1, 0xCF, 0x18, 0x19,
    0x6F, 0x99, 0x58, 0x70, 0xB3, 0x64, 0xC4, 0x8B, 0xA0, 0x00, 0x47, 0xF6, 0x39, 0x0D, 0xA7, 0x44,
    0x06, 0x26, 0x70, 0x4B, 0x87, 0x4C, 0xE5, 0x44, 0x5B, 0x70, 0x55, 0xCF, 0x48, 0xF1, 0x7A, 0x36,
    0xFD, 0x3C, 0xA7, 0x94, 0x7D, 0x42, 0x89, 0x3E, 0x43, 0x87, 0xAF, 0x38, 0xA3, 0x96, 0x53, 0x9E,
    0xF9, 0x0D, 0x97, 0x78, 0x86, 0x1B, 0xF0, 0xAB, 0x72, 0x59, 0xD3, 0x38, 0xCE, 0x16, 0xB0, 0xD5,
    0x14, 0x2E, 0x71, 0xA0, 0xD7, 0x72, 0x73, 0x21, 0x6D, 0xAA, 0x21, 0xF2, 0x5C, 0x89, 0x19, 0x65,
    0xAC, 0x9A, 0x4A, 0xA4, 0xD4, 0x15, 0xD8, 0x4F, 0x5B, 0x1C, 0x07, 0x03, 0xBA, 0x84, 0x25, 0x7D,
    0x5D, 0x3A, 0x85, 0x33, 0x68, 0x82, 0x1E, 0x3D, 0xAF, 0x06, 0x70, 0x99, 0x0F, 0x97, 0xFD, 0xF6,
    0x01, 0x77, 0x41, 0x72, 0xD6, 0x02, 0x7F, 0x85, 0x14, 0x39, 0x32, 0x48, 0x87, 0xCB, 0x9E, 0x42,
    0x87, 0x14, 0x8F, 0x06, 0x2D, 0x47, 0x09, 0xAF, 0x2E, 0x23, 0x8F, 0xD7, 0x80, 0xD7, 0x88, 0xD7,
    0xA4, 0xCC, 0x48, 0x71, 0xF8, 0x4A, 0x65, 0x5E, 0xAB, 0xB2, 0xC0, 0xAA, 0x8C, 0x1B, 0xF3, 0x3C,
    0x36, 0xEA, 0x5C, 0x91, 0x3A, 0xCF, 0x78, 0xE5, 0x6A, 0xE7, 0x0D, 0xAF, 0x35, 0xAF, 0x86, 0x57,
    0x2D, 0xF9, 0x28, 0x9F, 0xC7, 0x22, 0x62, 0x83, 0x21, 0x88, 0xA0, 0x0E, 0x6C, 0x64, 0xBC, 0xAB,
    0x4B, 0x2E, 0xD5, 0x11, 0x25, 0x0D, 0xED, 0x2E, 0xAF, 0xBB, 0xDC, 0x0E, 0xFB, 0x12, 0x46, 0xD9,
    0x98, 0x60, 0x3B, 0x80, 0x50, 0x30, 0x8A, 0x98, 0x15, 0x83, 0x8E, 0xE6, 0x80, 0xBD, 0xD7, 0x39,
    0x03, 0x2C, 0xE1, 0xF4, 0x27, 0x09, 0x41, 0x0E, 0x94, 0x46, 0x32, 0x33, 0x67, 0x10, 0x5C, 0x31,
    0xBE, 0x63, 0xA8, 0x94, 0x23, 0xA0, 0x15, 0x70, 0x14, 0x30, 0x85, 0x77, 0x0C, 0xCD, 0xA4, 0x1B,
    0x14, 0xCD, 0xE4, 0x60, 0x05, 0x3A, 0xE6, 0x5B, 0x2D, 0xA3, 0x2C, 0x28, 0x98, 0xDC, 0x50, 0x62,
    0xF3, 0x0A, 0x63, 0x02, 0x96, 0xD4, 0xCE, 0x70, 0x40, 0xF6, 0xC4, 0xFB, 0xBD, 0xCD, 0x30, 0x1C,
    0x90, 0x61, 0x38, 0x20, 0x4B, 0x7E, 0xFC, 0x4B, 0x9B, 0xC5, 0xBF, 0xFA, 0xAE, 0xCD, 0x42, 0x17,
    0xD8, 0x2C, 0x18, 0x18, 0xBF, 0x63, 0xA8, 0x05, 0x3F, 0x07, 0xDF, 0x04, 0x74, 0x08, 0x75, 0x6C,
    0xE5, 0x23, 0xA4, 0xC4, 0xA1, 0x82, 0x75, 0x0C, 0x3B, 0xBE, 0x52, 0x74, 0xED, 0x1E, 0x3E, 0xB6,
    0x94, 0xEB, 0xC4, 0x50, 0xB2, 0xB9, 0x87, 0x0F, 0xEB, 0x6D, 0xE1, 0xEB, 0x0D, 0xDB, 0x30, 0x89,
    0x22, 0x91, 0x25, 0x99, 0x64, 0x10, 0x5C, 0x3F, 0x47, 0xCE, 0xF5, 0x41, 0xDD, 0x50, 0xE6, 0x2B,
    0xAF, 0xBE, 0xD3, 0x94, 0xA5, 0xCE, 0x52, 0x96, 0x5D, 0x76, 0x94, 0xCF, 0x57, 0x7A, 0x9D, 0xE1,
    0xC0, 0x61, 0x62, 0x73, 0x1A, 0x69, 0x21, 0xC9, 0x38, 0x03, 0x47, 0xD9, 0x9A, 0xB3, 0x1A, 0x33,
    0x7D, 0x80, 0xEC, 0x89, 0xE8, 0x14, 0x64, 0x18, 0xC2, 0xC3, 0xF5, 0x2E, 0x74, 0x9C, 0x41, 0x5C,
    0x7B, 0x3D, 0x67, 0x3B, 0x9E, 0x02, 0xBE, 0x32, 0x46, 0x59, 0x6D, 0xE8, 0x85, 0x6D, 0xD8, 0xEE,
    0x89, 0xEC, 0x4B, 0x48, 0x96, 0x72, 0x06, 0xB4, 0x96, 0xAC, 0x90, 0xA9, 0x1D, 0xB3, 0xDF, 0x9E,
    0xFF, 0x1E, 0x2E, 0x86, 0xC5, 0xC7, 0x72, 0xD3, 0xF5, 0xBA, 0xC1, 0x39, 0x69, 0x85, 0xAE, 0x6E,
    0x17, 0x1B, 0xF2, 0xDA, 0xA8, 0xC2, 0x50, 0xA4, 0x65, 0x02, 0x4B, 0x51, 0xE5, 0xE1, 0x24, 0x39,
    0x1E, 0x93, 0x2B, 0x4A, 0x51, 0x69, 0x35, 0xF5, 0xAC, 0x52, 0xDD, 0xA1, 0x31, 0x71, 0xB6, 0xFD,
    0xC4, 0x12, 0x85, 0xBF, 0x63, 0xF0, 0xA8, 0x66, 0x7A, 0x6A, 0xE3, 0x0A, 0xA0, 0x99, 0x7C, 0xF3,
    0x66, 0x3B, 0x20, 0x37, 0xD0, 0x0D, 0xC3, 0xF9, 0xD3, 0x3B, 0x97, 0x9C, 0x20, 0x76, 0x86, 0x19,
    0x08, 0xCB, 0xD9, 0x11, 0xFC, 0xEE, 0x2C, 0x35, 0xB1, 0xCB, 0xCA, 0x26, 0xF9, 0xA3, 0xFB, 0xB4,
    0x4B, 0x75, 0xA9, 0x3B, 0x74, 0x16, 0xCE, 0xE5, 0x24, 0x2F, 0x64, 0x8C, 0xBA, 0x91, 0x6D, 0x3C,
    0x49, 0x26, 0x19, 0x48, 0x56, 0x92, 0xA9, 0x64, 0x2F, 0x05, 0x9D, 0x80, 0x3C, 0xCB, 0x9D, 0xF7,
    0x7B, 0xA5, 0x83, 0x46, 0xEE, 0x8A, 0xD1, 0x9E, 0xA5, 0x5C, 0x33, 0x7F, 0x8C, 0xF7, 0xF5, 0x59,
    0x81, 0x4B, 0x11, 0xDE, 0x6A, 0x3F, 0x23, 0x7F, 0x26, 0x9F, 0x19, 0x22, 0x85, 0xB1, 0xEB, 0x9E,
    0x13, 0xFA, 0x9D, 0x2F, 0x67, 0xBF, 0x01, 0x27, 0x2F, 0xA5, 0xD3, 0x82, 0x33, 0xCD, 0x39, 0xA6,
    0x95, 0xF3, 0xDB, 0xEB, 0x86, 0xBB, 0x17, 0xC3, 0xC7, 0x72, 0x0B, 0x2B, 0x60, 0x27, 0xB8, 0x09,
    0x7A, 0x9F, 0x53, 0xAC, 0xFE, 0xD4, 0xBA, 0x26, 0xEA, 0xF3, 0x22, 0xEA, 0x95, 0x73, 0x7D, 0xE4,
    0xDA, 0x15, 0x7D, 0xA8, 0xB1, 0x7B, 0x1F, 0x5C, 0x3B, 0x6A, 0xBD, 0xE6, 0x75, 0xD3, 0xFF, 0xA0,
    0xFF, 0x81, 0xBC, 0x99, 0x11, 0x09, 0xA3, 0x37, 0x2D, 0x0A, 0x7D, 0x3E, 0xDF, 0x4F, 0x8A, 0xC4,
    0x4B, 0x7C, 0xD4, 0x77, 0xA8, 0xC4, 0x9E, 0x0E, 0xE5, 0x4E, 0x12, 0x52, 0x7C, 0x93, 0xDC, 0xBF,
    0x65, 0xB1, 0x89, 0x60, 0x2F, 0xE1, 0xA5, 0x98, 0x16, 0x30, 0x31, 0x9F, 0xB3, 0x80, 0x4A, 0x73,
    0xDA, 0xA5, 0x93, 0x54, 0x9D, 0x58, 0x51, 0x87, 0x43, 0xEE, 0x38, 0xC3, 0x63, 0xC6, 0x39, 0x0B,
    0x3A, 0x84, 0x95, 0x40, 0xFD, 0x0D, 0x93, 0xFE, 0xF3, 0x75, 0x10, 0x96, 0x73, 0x8A, 0xE5, 0x80,
    0xC8, 0x2D, 0xB8, 0x90, 0x5C, 0xE8, 0xA6, 0x75, 0x58, 0xFC, 0x14, 0x6D, 0x65, 0xC6, 0xBE, 0x70,
    0xD8, 0x71, 0x18, 0xD6, 0x15, 0xAF, 0x6B, 0xF9, 0xB9, 0xED, 0x0F, 0x63, 0x23, 0xD6, 0x4E, 0x9E,
    0x73, 0x8E, 0x77, 0xCC, 0x05, 0x6E, 0x02, 0x6A, 0xCA, 0x75, 0xD8, 0xD2, 0x8F, 0x90, 0xDD, 0x5B,
    0xDB, 0x53, 0xA7, 0xF0, 0x70, 0x51, 0xCA, 0x30, 0x96, 0x16, 0x24, 0x6C, 0xCB, 0x57, 0xB9, 0x04,
    0xE9, 0x46, 0x8C, 0x19, 0x48, 0x56, 0x21, 0x32, 0x95, 0xEC, 0xCF, 0xE8, 0xC1, 0xA0, 0xCF, 0x28,
    0x75, 0xF5, 0x19, 0xE5, 0x97, 0xCD, 0x19, 0x7A, 0x1B, 0xE8, 0x17, 0x76, 0x67, 0x5E, 0xC3, 0xA7,
    0x15, 0xDF, 0x8E, 0x64, 0x6A, 0x09, 0xDC, 0x0C, 0xC2, 0xB6, 0x9C, 0x4B, 0x64, 0x49, 0x36, 0x65,
    0x20, 0x59, 0x49, 0xA6, 0xE1, 0xA0, 0xE9, 0x91, 0x4C, 0xF9, 0x61, 0xA2, 0x61, 0x51, 0xEA, 0xB8,
    0x22, 0x8C, 0xCB, 0x31, 0x69, 0xB1, 0x65, 0x0E, 0x8B, 0x1B, 0x26, 0x44, 0x64, 0x8F, 0xC1, 0x96,
    0x2C, 0xF5, 0x38, 0x24, 0xB9, 0x66, 0xBC, 0x8E, 0x09, 0x5A, 0xE6, 0x23, 0xCB, 0xE4, 0x15, 0xD0,
    0x0C, 0xC9, 0x12, 0x81, 0xB4, 0xD8, 0x4C, 0xAE, 0xA8, 0x37, 0x13, 0x24, 0x5B, 0xF0, 0x43, 0x30,
    0x2F, 0xB7, 0xD1, 0x03, 0x27, 0x17, 0x74, 0xFB, 0x60, 0xB9, 0xE5, 0x6A, 0xF8, 0x17, 0x73, 0x63,
    0x08, 0x72, 0x2C, 0x09, 0x1F, 0x5D, 0xFD, 0x6C, 0xFB, 0x02, 0x78, 0xF4, 0x94, 0xC2, 0xDF, 0xE2,
    0xA1, 0xE4, 0xA7, 0xCF, 0x5C, 0x11, 0xF6, 0x94, 0x1A, 0x8C, 0x12, 0xD4, 0x4C, 0x68, 0x39, 0x4A,
    0xF0, 0xEA, 0x10, 0xDD, 0x00, 0x86, 0x20, 0x6A, 0xF4, 0x52, 0x0D, 0x33, 0xD0, 0xB8, 0x3C, 0x1D,
    0xAF, 0xD0, 0x41, 0x23, 0x35, 0x94, 0xAD, 0x9A, 0x68, 0x9C, 0x47, 0x36, 0xCB, 0x6B, 0xBF, 0x69,
    0xDC, 0xEF, 0xD4, 0xD0, 0xB6, 0x53, 0xF3, 0xEE, 0x4E, 0xA7, 0xA6, 0x9C, 0x26, 0x36, 0x08, 0xC7,
    0x3B, 0x35, 0xC3, 0x5E, 0xA7, 0x86, 0x71, 0x17, 0xF8, 0xB3, 0x93, 0x87, 0xBF, 0x9A, 0xA3, 0xA4,
    0x26, 0x31, 0x14, 0xCA, 0x78, 0xDB, 0x48, 0x5C, 0x31, 0xE1, 0x70, 0x41, 0x88, 0xF7, 0x14, 0x29,
    0x9C, 0x4C, 0xB7, 0x31, 0x9B, 0xD7, 0xEA, 0xB7, 0xC0, 0x77, 0x08, 0x7B, 0x49, 0xC5, 0x19, 0xC4,
    0xC8, 0xCA, 0xC7, 0x66, 0x95, 0xEC, 0x29, 0x6C, 0x69, 0x8F, 0x83, 0x0B, 0xF6, 0xBC, 0x91, 0x0F,
    0x97, 0x0C, 0xF9, 0xAF, 0x0E, 0xB2, 0x1A, 0x16, 0xF2, 0x0C, 0xDE, 0x08, 0x27, 0x1C, 0x06, 0xCA,
    0x75, 0x02, 0x4E, 0x66, 0x0C, 0xD1, 0xEB, 0x00, 0x5D, 0xC6, 0x0B, 0x25, 0x37, 0xE6, 0x80, 0x28,
    0xA9, 0xAF, 0xAF, 0xFB, 0x4D, 0xE1, 0x0C, 0xD6, 0x0F, 0x17, 0xB8, 0x30, 0xC5, 0x6F, 0x60, 0x4D,
    0x8B, 0x87, 0x4B, 0x87, 0x87, 0x47, 0xBC, 0x5E, 0xA0, 0x40, 0x4B, 0xB3, 0xEB, 0x25, 0x7C, 0x12,
    0xDC, 0xE4, 0xD5, 0x05, 0x74, 0x6E, 0xD4, 0x50, 0x17, 0xD8, 0xA4, 0x86, 0xFC, 0x7A, 0x0B, 0xBD,
    0x06, 0xFA, 0xBC, 0xCE, 0xFF, 0x42, 0xDC, 0xC9, 0xD6, 0x8F, 0x0C, 0xDF, 0xD7, 0x9B, 0x52, 0x73,
    0x2A, 0xFD, 0x1F, 0x14, 0xB8, 0x96, 0x9E, 0x90, 0x22, 0x3A, 0xD5, 0x0F, 0xB8, 0x6A, 0x1F, 0xE0,
    0x1E, 0x1D, 0x5B, 0xB2, 0x83, 0xDE, 0x20, 0xAF, 0xAA, 0x1D, 0xD3, 0xCF, 0x85, 0x64, 0xF0, 0xEF,
    0x7B, 0xE8, 0x1A, 0xB1, 0xD8, 0x9E, 0x68, 0x70, 0xDE, 0xD9, 0x9E, 0x86, 0x24, 0xEC, 0x0E, 0x4E,
    0x43, 0x58, 0x9A, 0xCD, 0x04, 0xC2, 0x66, 0x2E, 0x3D, 0x36, 0x4C, 0xA2, 0xA5, 0xB7, 0xB2, 0xBB,
    0xDC, 0xCA, 0x9D, 0x3A, 0x96, 0xBF, 0x9C, 0x6E, 0x94, 0xD4, 0x78, 0x5E, 0x97, 0x0A, 0x05, 0xB8,
    0xAB, 0xA8, 0xDE, 0xD8, 0x28, 0xC4, 0x38, 0xD7, 0xAF, 0x43, 0x71, 0xDB, 0xDB, 0x1B, 0x99, 0xE7,
    0x17, 0x39, 0x7B, 0x70, 0x96, 0xDF, 0x7D, 0xBA, 0x67, 0x7A, 0xE5, 0x7B, 0xEA, 0xBD, 0xB1, 0x03,
    0x0A, 0x6A, 0xDA, 0x5F, 0x31, 0x35, 0x6F, 0xFF, 0x99, 0xBF, 0xFD, 0xFC, 0x33, 0xFF, 0xED, 0x50,
    0xC1, 0x0A, 0xF4, 0xCC, 0xDC, 0x31, 0x07, 0x8B, 0xC5, 0xF2, 0x4F, 0x3D, 0xF3, 0x2F, 0xF6, 0x9E,
    0xF9, 0x5F, 0xEE, 0x3E, 0xF3, 0xBF, 0x71, 0xC4, 0x02, 0x69, 0x77, 0x46, 0x2C, 0x72, 0x2E, 0xC8,
    0xE2, 0x80, 0x1D, 0x41, 0x18, 0x08, 0x0F, 0x8C, 0x58, 0x94, 0xFB, 0x23, 0x16, 0x68, 0xD0, 0x43,
    0xEB, 0x6D, 0xCD, 0x7B, 0x43, 0x5D, 0xF7, 0xD7, 0xD7, 0x7E, 0x91, 0xCF, 0x9D, 0xEB, 0x27, 0x30,
    0x91, 0x11, 0x3B, 0xDB, 0x09, 0x28, 0x9C, 0x01, 0x85, 0x87, 0x8E, 0x53, 0x21, 0xEC, 0xE5, 0x71,
    0xAE, 0x15, 0x50, 0x83, 0x9F, 0x1E, 0x1F, 0x69, 0xC9, 0x51, 0xA4, 0xF0, 0xB0, 0x44, 0xB9, 0x08,
    0x3B, 0x81, 0x12, 0x29, 0x46, 0xF0, 0x26, 0xD1, 0x3B, 0x39, 0x85, 0xF5, 0xA3, 0xA1, 0x98, 0x9E,
    0x2D, 0x0D, 0x97, 0xE3, 0xC3, 0x29, 0xBC, 0xA0, 0x0A, 0x26, 0x31, 0x4C, 0xBC, 0xE5, 0xC8, 0xFC,
    0x49, 0x40, 0x13, 0x29, 0x50, 0x9A, 0xBB, 0x78, 0x72, 0x57, 0xD6, 0x81, 0x6A, 0x7E, 0x7E, 0x80,
    0xF9, 0x2B, 0xC7, 0xB7, 0x18, 0xEF, 0xFA, 0x5D, 0xE9, 0x6A, 0x77, 0x75, 0xD9, 0xBA, 0xED, 0x73,
    0x84, 0xD5, 0xB4, 0xAE, 0xE7, 0x95, 0xC6, 0x75, 0x35, 0xAD, 0xFD, 0x98, 0x1C, 0x13, 0x27, 0x9D,
    0xE5, 0x55, 0x8F, 0xF3, 0x01, 0x49, 0x69, 0x4C, 0x10, 0xA0, 0x44, 0x66, 0x05, 0xD0, 0x38, 0x2D,
    0x40, 0x7E, 0x48, 0x8F, 0x5B, 0x8E, 0xA5, 0xD0, 0xCA, 0x8F, 0x80, 0x7F, 0xAC, 0x69, 0x9A, 0xE7,
    0x47, 0x9E, 0x4C, 0xFA, 0x9B, 0x66, 0x00, 0xCE, 0x53, 0x03, 0xC7, 0x0E, 0xAB, 0x6C, 0x22, 0x2B,
    0xAF, 0x7D, 0xD2, 0xCE, 0x31, 0xE7, 0x74, 0xC8, 0xA5, 0x1C, 0xF3, 0xCC, 0x69, 0x9A, 0x22, 0x28,
    0xE5, 0xC9, 0x38, 0x07, 0xFE, 0x51, 0x8A, 0xBA, 0x54, 0x84, 0x0A, 0x46, 0x4E, 0xE7, 0xA8, 0xA7,
    0xD3, 0x6B, 0xFE, 0x11, 0x38, 0x4D, 0x58, 0x92, 0xA3, 0x3F, 0xCE, 0x48, 0xB1, 0x8A, 0x4D, 0x29,
    0x95, 0x9F, 0x49, 0xA1, 0x28, 0xE3, 0x42, 0x70, 0x31, 0x8E, 0xD8, 0x8E, 0xC2, 0x4A, 0x51, 0x4B,
    0x41, 0xAD, 0xBC, 0x86, 0x7C, 0x1E, 0xE8, 0xB7, 0x63, 0x7F, 0x47, 0x9E, 0x43, 0xE1, 0xBC, 0xAD,
    0x64, 0x1A, 0x9E, 0xF2, 0xBA, 0x29, 0x3E, 0xD2, 0xF6, 0x92, 0xCF, 0x7A, 0xCA, 0x53, 0xFE, 0x59,
    0x98, 0xDA, 0x8C, 0x4D, 0x2C, 0x4A, 0xF7, 0x6F, 0x36, 0x1A, 0xFB, 0x38, 0x3D, 0x05, 0xD2, 0xCB,
    0x6D, 0x48, 0x49, 0x83, 0xD7, 0x1E, 0x51, 0x74, 0xE0, 0x73, 0x22, 0x51, 0x3D, 0xCF, 0xB9, 0x28,
    0x35, 0xC5, 0xAE, 0x25, 0xE6, 0x29, 0xD1, 0x3B, 0x9C, 0x56, 0x26, 0x4E, 0xDC, 0x38, 0xCF, 0x31,
    0xC5, 0x0B, 0x8A, 0x73, 0xB6, 0xC9, 0x73, 0x2A, 0x8D, 0xDC, 0x3C, 0x72, 0xB9, 0x1D, 0xE1, 0xDE,
    0xF6, 0x48, 0x17, 0x11, 0xCF, 0x11, 0xF6, 0x1E, 0x53, 0x7C, 0x7B, 0xFF, 0x31, 0x05, 0xAD, 0xF1,
    0x70, 0xA2, 0xC5, 0x06, 0xAE, 0x00, 0xD2, 0x79, 0x8E, 0x24, 0xCA, 0xF6, 0x59, 0xC5, 0x9F, 0x6F,
    0xC6, 0x53, 0x55, 0xED, 0x39, 0x19, 0x77, 0xE0, 0x58, 0x48, 0x11, 0x36, 0x87, 0x6F, 0x78, 0x64,
    0x7A, 0x03, 0x33, 0x26, 0x23, 0x66, 0x0D, 0x3A, 0xC6, 0x6F, 0x99, 0xC0, 0x32, 0x51, 0xCD, 0xC4,
    0x86, 0x49, 0x0B, 0x46, 0xA1, 0x02, 0x3D, 0x68, 0xE6, 0xDF, 0x28, 0x07, 0x4A, 0x33, 0x89, 0x61,
    0xE2, 0x0A, 0xC9, 0x2C, 0x13, 0x34, 0x73, 0x56, 0xD4, 0x81, 0x01, 0xE4, 0x2D, 0x93, 0x76, 0x4C,
    0x74, 0xBC, 0xF3, 0xFC, 0xFD, 0x0C, 0xF9, 0x32, 0x1D, 0xE3, 0xB7, 0x4C, 0x60, 0x99, 0xA8, 0x62,
    0x92, 0x82, 0x51, 0xC4, 0xE0, 0x51, 0xF4, 0xA2, 0x63, 0x5C, 0x0D, 0x5A, 0x84, 0xF5, 0x20, 0x07,
    0xAA, 0x60, 0x62, 0x83, 0x64, 0x96, 0x09, 0x1A, 0xC6, 0x77, 0x86, 0x33, 0x15, 0xE4, 0x9C, 0x10,
    0x1D, 0x44, 0x0E, 0x1A, 0x26, 0xAA, 0xE7, 0x39, 0x22, 0x29, 0x50, 0x9A, 0x29, 0xA9, 0x4F, 0xA9,
    0x67, 0xBC, 0x8E, 0x09, 0x1A, 0x26, 0xB4, 0x4C, 0x2C, 0xE7, 0x93, 0x82, 0x19, 0x48, 0x7E, 0x43,
    0x98, 0x61, 0xA2, 0x9A, 0x09, 0x2C, 0x68, 0xA7, 0x64, 0xC8, 0x00, 0x59, 0x01, 0x05, 0xD2, 0x82,
    0x49, 0x7A, 0x26, 0x02, 0x7E, 0x3F, 0x9F, 0xC2, 0x94, 0x66, 0x32, 0x62, 0x3A, 0x5A, 0x7D, 0xC7,
    0x6F, 0x99, 0xC0, 0x32, 0x51, 0xC5, 0x60, 0x0A, 0x65, 0x59, 0x12, 0x76, 0x35, 0x30, 0x10, 0x87,
    0xA5, 0x05, 0x13, 0x1B, 0x26, 0xAA, 0xA7, 0xC8, 0x68, 0x3F, 0x64, 0x00, 0xF2, 0x8F, 0x19, 0x65,
    0x99, 0xC8, 0x3A, 0x87, 0xB3, 0x0F, 0x4C, 0x4D, 0xC9, 0x2A, 0x3D, 0x6E, 0x6B, 0xD8, 0x43, 0xAF,
    0x83, 0x41, 0x03, 0x43, 0x0B, 0xA3, 0x1A, 0xC6, 0x06, 0xA6, 0x05, 0xEB, 0x1C, 0xC1, 0x4E, 0x1C,
    0xA0, 0x51, 0x1A, 0x26, 0x06, 0xC6, 0xD5, 0x36, 0x55, 0x60, 0xC5, 0x76, 0x9B, 0x33, 0xF5, 0xE2,
    0x5A, 0x54, 0x0D, 0x4C, 0xC5, 0xB0, 0x19, 0xEB, 0x03, 0x33, 0x19, 0xA6, 0x93, 0xF8, 0x7E, 0xBB,
    0xCD, 0x27, 0xAA, 0xB6, 0xA5, 0x28, 0x62, 0x9F, 0xAD, 0xA1, 0x6B, 0xC4, 0x1E, 0x4A, 0xB8, 0xD4,
    0x53, 0xEA, 0xBC, 0x5F, 0x93, 0x31, 0x37, 0x1A, 0x0A, 0x98, 0x57, 0x30, 0xA9, 0x5E, 0x72, 0x42,
    0x12, 0x86, 0x74, 0xB1, 0xD1, 0x47, 0x5E, 0x38, 0x83, 0xBC, 0xDD, 0x72, 0xE3, 0x64, 0xA6, 0x17,
    0x18, 0x5E, 0xEE, 0x50, 0x0D, 0xE1, 0x84, 0x14, 0xC3, 0xC7, 0x8C, 0x6B, 0x84, 0xE3, 0x63, 0xD1,
    0x3D, 0xB6, 0xB7, 0xDE, 0xF8, 0x6C, 0x41, 0x6C, 0x45, 0x2F, 0x20, 0x9E, 0xC8, 0x13, 0xEA, 0x35,
    0x8B, 0xF0, 0xD7, 0x62, 0x87, 0xFD, 0x6F, 0xE6, 0xD9, 0x63, 0xC6, 0xD0, 0x01, 0x50, 0x03, 0x83,
    0xA2, 0x05, 0x09, 0x3B, 0x9D, 0xED, 0x6C, 0x4F, 0xBA, 0x61, 0xB6, 0x67, 0x91, 0xEE, 0x8D, 0x7E,
    0x9E, 0x3E, 0xDB, 0x73, 0x3E, 0x97, 0x73, 0x56, 0x98, 0x79, 0x17, 0xDA, 0xA8, 0xA1, 0xB8, 0x0A,
    0x06, 0xCA, 0x0B, 0x54, 0x95, 0x28, 0x75, 0xB8, 0xB2, 0x97, 0xFA, 0x48, 0x87, 0xEB, 0xBD, 0x81,
    0x99, 0x86, 0x8E, 0xDA, 0xCD, 0xF3, 0x30, 0x85, 0x32, 0xFE, 0xE2, 0xA6, 0xE7, 0x61, 0x60, 0x6F,
    0xE8, 0x08, 0x68, 0xFA, 0x06, 0xEA, 0xA2, 0x28, 0x6A, 0xFC, 0x1E, 0x57, 0xA9, 0xF9, 0x12, 0xE4,
    0xB7, 0x87, 0xF7, 0x0F, 0x55, 0x10, 0x97, 0x98, 0x1A, 0x99, 0x87, 0x58, 0x23, 0x87, 0x71, 0xAA,
    0x60, 0xD0, 0x4A, 0x09, 0x1D, 0x12, 0xE2, 0x4F, 0x8B, 0x97, 0x70, 0x1C, 0xA6, 0xE3, 0xD1, 0x5B,
    0x29, 0x3D, 0xCD, 0x03, 0xC1, 0x6D, 0x09, 0xEB, 0x0D, 0x1D, 0x4B, 0xA5, 0x85, 0xAA, 0x86, 0xE9,
    0x2B, 0x4E, 0x44, 0xDD, 0x3E, 0x2C, 0x45, 0x17, 0x6B, 0xEC, 0x6E, 0xE1, 0x70, 0xD7, 0x11, 0xFA,
    0x3C, 0x41, 0x4D, 0x67, 0xA8, 0xD7, 0x39, 0xF9, 0xCD, 0x78, 0x54, 0xB4, 0x0C, 0xFF, 0x4E, 0xE7,
    0x52, 0xDB, 0x00, 0x95, 0x8D, 0xF0, 0xC6, 0xFE, 0x8E, 0x89, 0x7F, 0x85, 0xDB, 0xA0, 0xCF, 0x50,
    0xDD, 0x01, 0xF4, 0x8C, 0xFF, 0x22, 0x0F, 0xFB, 0xA4, 0x9D, 0x92, 0xFD, 0x76, 0x92, 0x3C, 0x7A,
    0xFC, 0x1F, 0xDB, 0x09, 0x81, 0x4A, 0x23, 0x02, 0x3A, 0x68, 0x48, 0x32, 0xB6, 0x53, 0x89, 0xE2,
    0xDA, 0x8E, 0x25, 0xD7, 0xEE, 0xB4, 0x53, 0xC5, 0x7C, 0xF0, 0xE8, 0xBF, 0xDE, 0x97, 0xE3, 0xAA,
    0x19, 0x7D, 0xAD, 0xED, 0x94, 0x72, 0x28, 0xA9, 0xDD, 0x76, 0x6A, 0xA5, 0x9D, 0xB0, 0xED, 0x57,
    0x68, 0xA7, 0x33, 0xB4, 0x93, 0x0A, 0xAB, 0xB9, 0x9D, 0x7E, 0x52, 0x10, 0x45, 0xBF, 0x91, 0x19,
    0xB5, 0x73, 0x63, 0xE1, 0x3D, 0x7A, 0x3F, 0xE8, 0x3F, 0x20, 0x74, 0x91, 0x84, 0x9B, 0xDB, 0x09,
    0xF5, 0x49, 0xA5, 0x85, 0xA4, 0x2F, 0x41, 0x3D, 0x52, 0x4B, 0x23, 0x4D, 0xFD, 0x17, 0xBC, 0x94,
    0x16, 0xBB, 0xFB, 0xD0, 0x1A, 0xE5, 0x4C, 0x6D, 0xD3, 0xEC, 0xB4, 0x8D, 0x11, 0x2B, 0xE8, 0xAC,
    0xEC, 0x61, 0x2D, 0x2B, 0x57, 0x78, 0x99, 0x26, 0x8F, 0xC2, 0x54, 0x21, 0xED, 0x5D, 0xA1, 0x1F,
    0x14, 0x59, 0xD4, 0x20, 0x68, 0x51, 0x2E, 0xFA, 0xA3, 0xD8, 0x3E, 0x2D, 0x0A, 0x52, 0x2D, 0xA2,
    0xA5, 0x2D, 0x61, 0x39, 0xEE, 0xF7, 0x4F, 0x79, 0x3C, 0x99, 0x9C, 0xF6, 0x78, 0xD2, 0xBB, 0xF6,
    0x78, 0xF2, 0x71, 0xCA, 0x99, 0x0E, 0xE8, 0x42, 0x0D, 0x47, 0x1F, 0x91, 0xFE, 0x3F, 0xD9, 0x90,
    0xF4, 0xC2, 0x6A, 0x98, 0x8E, 0x16, 0x30, 0xAE, 0x60, 0xD4, 0xD2, 0xA3, 0x7A, 0xFA, 0xD8, 0x1E,
    0x95, 0xE2, 0xDB, 0x8F, 0xBF, 0xC7, 0x22, 0xD5, 0x09, 0xBA, 0x62, 0x4F, 0x4A, 0x6E, 0x54, 0x06,
    0x6B, 0x4E, 0x46, 0x33, 0x69, 0xFD, 0x40, 0xBA, 0xBD, 0x8E, 0x6B, 0x38, 0x70, 0xF0, 0xD7, 0x2E,
    0x18, 0xA2, 0x7D, 0x7E, 0x06, 0xFA, 0x19, 0x3A, 0xBF, 0x89, 0xAF, 0x9C, 0x32, 0x69, 0xD8, 0xB3,
    0x13, 0x6B, 0x90, 0x03, 0xF5, 0xD7, 0x4C, 0xFA, 0x9F, 0x36, 0x31, 0xA8, 0x8B, 0x09, 0x00, 0x7D,
    0x34, 0xF0, 0xF1, 0x80, 0x57, 0x0F, 0x42, 0x74, 0x98, 0x83, 0x0F, 0x7B, 0x43, 0xB3, 0x59, 0xFB,
    0xD0, 0xF4, 0xE5, 0xF7, 0x3E, 0x91, 0x87, 0xBE, 0x89, 0xEB, 0x57, 0xBE, 0xAB, 0x57, 0x14, 0x9A,
    0xED, 0x4A, 0x74, 0x6D, 0x05, 0x2F, 0x72, 0x0B, 0x3E, 0xCF, 0x0F, 0xC5, 0xB4, 0xA7, 0xB5, 0x3E,
    0xED, 0x16, 0xFC, 0x38, 0x72, 0x75, 0x39, 0x05, 0xDC, 0x35, 0x65, 0xA9, 0xCC, 0x6C, 0xBD, 0x6C,
    0x29, 0xAF, 0xFC, 0x9D, 0x1B, 0x08, 0x44, 0x51, 0xAF, 0xCE, 0xDD, 0x7F, 0x05, 0x01, 0x3D, 0xA0,
    0x07, 0x1A, 0x55, 0x89, 0x2A, 0xEC, 0xF2, 0x63, 0xFF, 0x34, 0xC1, 0x79, 0xEC, 0x4A, 0xCE, 0xF1,
    0xAE, 0x63, 0x71, 0xC8, 0x1D, 0x58, 0xEE, 0xF3, 0x07, 0x0B, 0x5F, 0xE1, 0x63, 0xDB, 0x77, 0x36,
    0x61, 0xD0, 0x21, 0x07, 0x01, 0x1B, 0x49, 0xCB, 0xE6, 0xBA, 0x35, 0xA4, 0xC8, 0x6D, 0x0D, 0x5E,
    0xA1, 0xFD, 0xEE, 0xF5, 0x47, 0xB7, 0xBD, 0x82, 0x2E, 0x28, 0xAC, 0xBD, 0x96, 0xF0, 0x90, 0x88,
    0xFC, 0x06, 0xDD, 0x05, 0xF9, 0xB0, 0xA5, 0x42, 0xA5, 0xA3, 0x96, 0xF6, 0x97, 0x5B, 0x99, 0xCE,
    0x9C, 0xFF, 0x13, 0x17, 0xB2, 0xEF, 0x17, 0xAD, 0x6D, 0x0F, 0x7E, 0xDD, 0xD1, 0x1D, 0x34, 0xE6,
    0x38, 0x63, 0xC2, 0x87, 0xDC, 0x38, 0x57, 0x0B, 0x34, 0x8E, 0xEC, 0xE6, 0x63, 0xE3, 0xFC, 0x52,
    0xFC, 0x17, 0x98, 0x7C, 0x17, 0xA6, 0x01, 0x54, 0x62, 0x26, 0xAE, 0x02, 0xA4, 0xEA, 0xB8, 0x19,
    0x26, 0xBD, 0x66, 0x1C, 0x81, 0x17, 0x9D, 0x63, 0x43, 0x31, 0x7A, 0xB6, 0x1C, 0xC7, 0x13, 0x36,
    0xA6, 0x05, 0x54, 0x5A, 0x24, 0xE4, 0x93, 0x21, 0x85, 0x5E, 0x89, 0x54, 0x16, 0xEF, 0xE1, 0xA9,
    0x85, 0xCD, 0x1D, 0xC5, 0x7F, 0xEC, 0x86, 0xB2, 0x48, 0x29, 0xAF, 0x22, 0xF3, 0x75, 0x4A, 0x4D,
    0x80, 0x33, 0xB0, 0xF6, 0x6B, 0xD1, 0x8E, 0x7A, 0xF2, 0xE0, 0x22, 0x72, 0x90, 0xDF, 0x26, 0x8F,
    0xFB, 0x2B, 0x9D, 0xC8, 0x11, 0x09, 0xCF, 0x27, 0xD3, 0xC2, 0xD7, 0xE7, 0xA4, 0x38, 0x07, 0x45,
    0xFF, 0x8E, 0x4B, 0xFF, 0xA7, 0xBF, 0x1D, 0x4A, 0x1D, 0x3B, 0x53, 0x0E, 0xE4, 0x0F, 0x94, 0x3C,
    0x1D, 0x77, 0xFB, 0xA8, 0xF2, 0x9B, 0xF1, 0x3D, 0xF8, 0x36, 0x9C, 0x77, 0x7B, 0xAE, 0x88, 0xEC,
    0xF6, 0xF7, 0xEF, 0x8B, 0xA9, 0xE8, 0x1F, 0xF8, 0x76, 0xD1, 0x6F, 0xE6, 0xB9, 0xB6, 0x63, 0x1F,
    0x5F, 0xA1, 0xBD, 0x13, 0x67, 0x08, 0x6F, 0xEC, 0x2E, 0x26, 0x91, 0xCC, 0x13, 0x23, 0x1A, 0x8A,
    0xF0, 0x50, 0x2A, 0xA9, 0xA9, 0xD4, 0x4A, 0x4F, 0x9F, 0x28, 0x30, 0xDF, 0x46, 0x57, 0xFE, 0xC0,
    0x50, 0x67, 0xC3, 0xE5, 0x2C, 0x77, 0x1E, 0x81, 0xF5, 0x08, 0x5B, 0xCD, 0xD8, 0xEC, 0xFA, 0xD3,
    0xAF, 0x54, 0xEE, 0x78, 0x0E, 0x3D, 0xFD, 0x8A, 0x06, 0xBD, 0xA9, 0x81, 0xDD, 0xD6, 0x80, 0x52,
    0xD4, 0xE0, 0xED, 0xED, 0x7C, 0x9F, 0xB9, 0xDC, 0xEB, 0x6F, 0x75, 0x29, 0x65, 0xD4, 0x9B, 0xA7,
    0x5F, 0xE3, 0x98, 0x7B, 0x64, 0x77, 0xCA, 0xB0, 0x53, 0x19, 0x49, 0x9D, 0x17, 0x07, 0xFC, 0x82,
    0x75, 0x02, 0x8E, 0x9F, 0x56, 0xEF, 0xFE, 0x92, 0x7F, 0xCA, 0xCC, 0xA8, 0xBB, 0xFF, 0x8A, 0x84,
    0x53, 0xCE, 0xEB, 0xB7, 0xF0, 0x59, 0x07, 0x7F, 0xB1, 0xB8, 0x40, 0x63, 0xD7, 0x23, 0xF3, 0x72,
    0x0F, 0xBF, 0x1D, 0x81, 0x6B, 0x5A, 0x70, 0x1D, 0x2B, 0xAC, 0x44, 0xF4, 0x46, 0x3F, 0x39, 0x71,
    0xC2, 0x17, 0x9D, 0xDD, 0x7D, 0x83, 0xA0, 0x56, 0xBB, 0xEB, 0x9B, 0x6C, 0x10, 0x6F, 0x08, 0x5B,
    0xDA, 0x63, 0x6F, 0xB9, 0xFB, 0x6F, 0x2D, 0x38, 0xA1, 0x92, 0xB7, 0xF0, 0xB1, 0x8C, 0xFF, 0x2B,
    0x53, 0x39, 0x1E, 0x62, 0x92, 0x22, 0x29, 0x37, 0xCC, 0x1E, 0x5B, 0xEE, 0xF9, 0x17, 0x06, 0xC8,
    0x7B, 0x91, 0x37, 0x01, 0xB0, 0xDC, 0xE7, 0x39, 0x49, 0xA7, 0x5F, 0x81, 0xEF, 0x75, 0xA3, 0xA3,
    0xCE, 0xFB, 0xDC, 0xE3, 0x46, 0xA7, 0x77, 0x3D, 0xF8, 0x24, 0x32, 0x24, 0x15, 0x42, 0x54, 0x34,
    0x53, 0x80, 0xEE, 0x2F, 0x45, 0xE6, 0x09, 0x1B, 0x6B, 0xA4, 0xF6, 0xE8, 0xDD, 0x2F, 0xD0, 0x66,
    0x18, 0x97, 0x1F, 0x86, 0x7A, 0x6E, 0xE6, 0xA4, 0x98, 0xCE, 0x73, 0xE6, 0x47, 0x5C, 0x62, 0x81,
    0x56, 0xA4, 0x9F, 0xDF, 0xCF, 0xAD, 0x72, 0x4A, 0x2F, 0xEA, 0xEE, 0xBF, 0x23, 0x22, 0xB6, 0xEA,
    0xDA, 0x4A, 0x3B, 0xCB, 0xEB, 0xFE, 0x0C, 0xD0, 0x09, 0x47, 0xD5, 0xDD, 0x7F, 0xA9, 0xC1, 0x09,
    0x17, 0xEA, 0xDB, 0xF8, 0x4C, 0xCD, 0xFF, 0x02, 0xDD, 0x9A, 0x31, 0x8C, 0xDC, 0xC6, 0xD5, 0xC7,
    0x7F, 0x24, 0xEF, 0x13, 0x3F, 0x9B, 0x80, 0x79, 0x01, 0x82, 0xC0, 0x89, 0x62, 0xB0, 0x71, 0x65,
    0x38, 0x61, 0x0F, 0x44, 0xC7, 0x81, 0x11, 0x57, 0x69, 0xD2, 0x57, 0x29, 0xD2, 0x44, 0x8D, 0x5D,
    0xB8, 0x48, 0x71, 0xD6, 0x32, 0x69, 0x52, 0xA4, 0xB9, 0xBE, 0x72, 0xA1, 0xC2, 0x5E, 0x15, 0x72,
    0x91, 0x22, 0xC5, 0xDD, 0x2D, 0xED, 0xBE, 0xA0, 0x91, 0x1E, 0x61, 0x60, 0x57, 0x56, 0x61, 0x16,
    0x04, 0xCC, 0xC8, 0x5C, 0x4E, 0xF6, 0xBD, 0x5B, 0xCE, 0xEE, 0x1E, 0x6D, 0xDF, 0x09, 0x67, 0xAD,
    0x78, 0x1E, 0xE0, 0x7E, 0x90, 0x16, 0xB3, 0x6F, 0xDE, 0xFC, 0xDF, 0xCC, 0xF0, 0xF1, 0xED, 0x80,
    0x35, 0x80, 0x67, 0x0B, 0xC0, 0x57, 0x06, 0x5F, 0x97, 0xC2, 0xCF, 0x2B, 0x20, 0xFA, 0x57, 0x0D,
    0xC4, 0x9F, 0x36, 0xC2, 0x4F, 0x5A, 0x20, 0xC9, 0x3B, 0x20, 0x65, 0x09, 0x64, 0x3C, 0x00, 0x1E,
    0x90, 0x01, 0x67, 0xCA, 0x8E, 0x34, 0xC7, 0xEB, 0x48, 0x0A, 0xFC, 0x96, 0xB8, 0x20, 0xB0, 0xD6,
    0x96, 0xCA, 0x8A, 0xE8, 0xE9, 0xFC, 0x51, 0x4D, 0x5C, 0x12, 0x34, 0xC4, 0xDA, 0x21, 0x29, 0xA4,
    0x73, 0x66, 0x60, 0x49, 0x06, 0x9C, 0x33, 0x03, 0x66, 0x9C, 0xAB, 0xF1, 0x6F, 0x6B, 0xF6, 0xDB,
    0x99, 0xF6, 0xE0, 0xCB, 0x18, 0x71, 0xFF, 0xB8, 0x25, 0x2D, 0xBC, 0x8E, 0x57, 0x50, 0x33, 0x64,
    0xDB, 0xF8, 0xD9, 0x7C, 0x21, 0xFD, 0x2C, 0x89, 0x20, 0x2B, 0xC9, 0x98, 0xE9, 0x3C, 0x1C, 0x66,
    0xB0, 0x20, 0xCB, 0x7D, 0x4B, 0xFA, 0x74, 0xF1, 0xF8, 0x8B, 0xC8, 0xF6, 0x49, 0xCB, 0xE2, 0x8B,
    0xB0, 0xE5, 0x52, 0x0B, 0xDB, 0x31, 0xFC, 0xB9, 0x01, 0x02, 0x5B, 0x2A, 0x6B, 0x00, 0xBF, 0x12,
    0x86, 0xA5, 0x30, 0xCE, 0x85, 0x89, 0x80, 0x97, 0xD8, 0x6D, 0x93, 0x0E, 0xC4, 0x2F, 0x1E, 0x02,
    0xA9, 0x55, 0xB8, 0x29, 0x1C, 0x09, 0x8E, 0x05, 0x8D, 0xE0, 0x0F, 0xB8, 0xB6, 0xBF, 0x80, 0x1C,
    0xE2, 0x3C, 0xE1, 0x4C, 0xD9, 0x0A, 0xFC, 0x5A, 0x18, 0x94, 0x80, 0xFD, 0x7B, 0x21, 0x9E, 0x7C,
    0x06, 0x44, 0x5F, 0xD7, 0x40, 0xF2, 0x49, 0xE7, 0x14, 0x3B, 0x26, 0x51, 0x23, 0x07, 0xB7, 0x28,
    0x16, 0xE0, 0xE9, 0x22, 0xAB, 0x81, 0x50, 0x10, 0x17, 0x40, 0x62, 0x80, 0x0C, 0xA2, 0xEE, 0x37,
    0x90, 0xF4, 0x07, 0x90, 0xCD, 0x0C, 0x74, 0x62, 0xB2, 0x09, 0x6A, 0xD1, 0xA2, 0x01, 0xC3, 0xBE,
    0x83, 0x74, 0xB0, 0x15, 0xA0, 0x0C, 0x54, 0x2B, 0x61, 0x54, 0x08, 0x83, 0x4A, 0xE8, 0xD5, 0x36,
    0x07, 0xDE, 0xB2, 0xE5, 0x8F, 0x25, 0x48, 0x1E, 0xE8, 0x50, 0xCA, 0x5C, 0x18, 0x0F, 0xF3, 0x75,
    0xAB, 0x93, 0x66, 0x51, 0x00, 0x3F, 0xB1, 0x95, 0x7A, 0xAE, 0x7E, 0x16, 0xEA, 0xA1, 0xC9, 0x80,
    0x7B, 0xC4, 0x86, 0xF1, 0x9C, 0xF1, 0xB5, 0x7F, 0x6A, 0x7B, 0xC0, 0x7E, 0x69, 0x73, 0x7C, 0xF5,
    0x99, 0x8A, 0xA8, 0x42, 0xD7, 0xC5, 0x2E, 0xBD, 0xFB, 0x8F, 0x6A, 0xE9, 0x6F, 0x6B, 0x3C, 0x2B,
    0x0C, 0x96, 0xF2, 0x79, 0x58, 0x2B, 0xAB, 0x2D, 0xD6, 0x44, 0x35, 0x41, 0x4B, 0x5A, 0xE3, 0xDB,
    0x47, 0x4F, 0x7B, 0xC3, 0xC2, 0xFE, 0xC7, 0xE6, 0x44, 0xBD, 0x99, 0xE5, 0xC0, 0xFD, 0x13, 0x00,
    0xDB, 0x2A, 0x3B, 0x21, 0xA7, 0xCA, 0xC6, 0x4D, 0xCA, 0xFE, 0xAD, 0x80, 0xC0, 0x7E, 0x66, 0x7E,
    0x34, 0x9B, 0xCD, 0xFF, 0x08, 0x08, 0x6D, 0x21, 0x28, 0x59, 0xB1, 0x70, 0x3B, 0x0E, 0xA2, 0xEE,
    0x08, 0x92, 0xFE, 0xD5, 0xED, 0xCD, 0x56, 0xBF, 0xC0, 0xCD, 0xC6, 0x1D, 0xA3, 0x46, 0x5A, 0x0F,
    0xB0, 0xF6, 0x2B, 0xE0, 0xDD, 0x77, 0x2C, 0xC0, 0x9D, 0x16, 0xD7, 0xEE, 0xE3, 0xE4, 0x0E, 0x6D,
    0xA5, 0xE2, 0xB6, 0x3A, 0xF4, 0x99, 0x06, 0x29, 0xBD, 0x75, 0x41, 0xFA, 0x93, 0xFA, 0x54, 0x1E,
    0x12, 0xDA, 0xBE, 0x25, 0x78, 0xCB, 0x36, 0x40, 0x5A, 0x82, 0x36, 0xFF, 0x21, 0x10, 0xAB, 0x1F,
    0x0B, 0xE0, 0x5C, 0xC6, 0x6C, 0x64, 0xC9, 0x97, 0x9E, 0x06, 0xE9, 0xF7, 0xFB, 0x0E, 0x12, 0x36,
    0x77, 0x49, 0x42, 0xF4, 0xCD, 0x78, 0x97, 0xEC, 0x3F, 0x00, 0xFB, 0xCB, 0xD3, 0xA2, 0x0E, 0x48,
    0x7A, 0xD6, 0x3B, 0x66, 0x79, 0xC5, 0xE3, 0x69, 0x02, 0x49, 0x9D, 0x6B, 0x5E, 0xB9, 0x39, 0x58,
    0xC3, 0x6A, 0x73, 0xA6, 0x27, 0xC6, 0x3D, 0xE1, 0xFE, 0xF1, 0x66, 0x0C, 0x9C, 0x92, 0x3A, 0xCD,
    0xD3, 0x27, 0x1D, 0x10, 0xD9, 0x5A, 0x63, 0x97, 0xA3, 0xED, 0xD6, 0x45, 0xF6, 0x15, 0xF7, 0x1C,
    0xCB, 0x5C, 0xA2, 0xD5, 0xAE, 0xCF, 0xFC, 0xF0, 0x2F, 0xE5, 0x9F, 0x35, 0x7C, 0x04, 0x12, 0x48,
    0xEC, 0xE3, 0x12, 0x66, 0x36, 0x87, 0xE8, 0xBF, 0x2F, 0x28, 0x9A, 0x7E, 0x21, 0x8C, 0xB6, 0xE2,
    0xE5, 0x35, 0x42, 0x3A, 0xE5, 0x3D, 0x0D, 0xD5, 0x6B, 0x97, 0x43, 0x95, 0xAC, 0x43, 0xD5, 0xDC,
    0xE6, 0x50, 0xBD, 0x26, 0x98, 0x09, 0x52, 0x33, 0xAC, 0xD0, 0xB0, 0x1C, 0x42, 0x95, 0x57, 0xD3,
    0x09, 0x95, 0x3E, 0x58, 0x09, 0x6C, 0xE1, 0x48, 0xA8, 0x8C, 0x73, 0x97, 0x3B, 0xBD, 0x7B, 0xEF,
    0x65, 0x09, 0xD2, 0x41, 0xB2, 0xD9, 0x4F, 0xB7, 0x39, 0x48, 0xEE, 0x45, 0x6A, 0x29, 0xE8, 0xDD,
    0x5A, 0x3C, 0x15, 0x34, 0xE0, 0xFF, 0xB5, 0x7A, 0x8F, 0xB0, 0x34, 0xED, 0x38, 0x3E, 0xCB, 0x49,
    0xA6, 0x12, 0x1F, 0x13, 0xA9, 0xFB, 0x53, 0x88, 0xCF, 0x1E, 0x52, 0x89, 0x30, 0x47, 0xE2, 0x33,
    0x8D, 0xFD, 0x73, 0xC8, 0xFF, 0x3B, 0xED, 0xDF, 0x57, 0x8B, 0x99, 0x39, 0x03, 0xE2, 0x27, 0xED,
    0x04, 0x9E, 0x38, 0x7B, 0xC8, 0x25, 0x3C, 0x49, 0xDD, 0xC2, 0x42, 0xA2, 0x51, 0xFB, 0x35, 0x5E,
    0x1B, 0x56, 0x60, 0x17, 0x05, 0x64, 0xD6, 0xB8, 0x90, 0x4C, 0x30, 0xA1, 0x58, 0x58, 0x6B, 0xF3,
    0x0B, 0xCC, 0xE7, 0x73, 0xA3, 0xC3, 0x5F, 0x03, 0xD2, 0x59, 0xBF, 0xAB, 0xD0, 0xCF, 0xAE, 0x0D,
    0x1D, 0x68, 0x33, 0x2E, 0x97, 0x5A, 0xD4, 0x30, 0x86, 0x35, 0xE2, 0x6A, 0x23, 0xEF, 0x82, 0x4B,
    0xF9, 0x68, 0x26, 0xF1, 0x4B, 0x8A, 0xD4, 0x10, 0x95, 0x19, 0x84, 0xD5, 0xD1, 0x0A, 0xF5, 0xCC,
    0x5A, 0xBB, 0xC6, 0x6A, 0x8C, 0x0F, 0x1E, 0x00, 0x28, 0x32, 0x41, 0x6A, 0xF0, 0x25, 0xE0, 0x71,
    0x21, 0x06, 0x8A, 0xC0, 0x3E, 0xB2, 0x62, 0xB4, 0x85, 0x68, 0xEC, 0x05, 0x5E, 0x3F, 0xC2, 0xFA,
    0xC0, 0xEC, 0x05, 0x16, 0xE1, 0xEE, 0xA9, 0x59, 0x03, 0xDB, 0x19, 0xFC, 0x24, 0xD4, 0x7D, 0xF9,
    0x23, 0x20, 0xB6, 0xB9, 0xA0, 0x00, 0xA2, 0x1C, 0x88, 0xCD, 0x20, 0xCA, 0xB1, 0xE0, 0xA7, 0xB8,
    0xB6, 0x27, 0xB1, 0xFF, 0x08, 0x04, 0x36, 0x3F, 0x24, 0xB2, 0x7D, 0xE3, 0x8E, 0xB6, 0x4D, 0x14,
    0x26, 0x26, 0xE2, 0xCF, 0x01, 0x6C, 0x75, 0x40, 0x60, 0xED, 0x19, 0x7C, 0xB2, 0xE8, 0x60, 0x5D,
    0xE2, 0xD8, 0xBB, 0x74, 0xE0, 0xB9, 0xEA, 0x4D, 0x24, 0x88, 0x8B, 0x21, 0xC3, 0x3A, 0x82, 0xB8,
    0x3D, 0x86, 0x74, 0x79, 0x08, 0xB3, 0x19, 0xD0, 0x25, 0x05, 0x41, 0x1D, 0x56, 0x84, 0x85, 0x57,
    0x03, 0x98, 0x69, 0x09, 0x0B, 0x18, 0x97, 0xC0, 0x37, 0x43, 0x8A, 0x1C, 0x15, 0x9A, 0x7A, 0x11,
    0xF4, 0x29, 0x44, 0xF6, 0xB7, 0x90, 0xFC, 0xBB, 0x80, 0x2C, 0xAC, 0xA1, 0xF3, 0x5A, 0xBC, 0x9A,
    0x63, 0x30, 0x1C, 0xEE, 0x59, 0xFB, 0xFF, 0xDB, 0xF4, 0x1B, 0x27, 0xB4, 0xD0, 0xD8, 0x7C, 0x5D,
    0x38, 0x0C, 0xBF, 0xAE, 0xE5, 0x71, 0xD5, 0xE9, 0x11, 0x3D, 0x14, 0x9B, 0x38, 0xD8, 0xF1, 0xD6,
    0xDA, 0xF6, 0x02, 0x4F, 0xE7, 0xF3, 0x87, 0x1A, 0xC8, 0x6B, 0x40, 0x3A, 0x7F, 0x10, 0x89, 0xF7,
    0x0A, 0xFD, 0xEC, 0xDA, 0xD0, 0x81, 0xDC, 0xB8, 0xEA, 0x4D, 0xA6, 0x70, 0x93, 0x89, 0xCA, 0x21,
    0x04, 0xD4, 0xDF, 0x33, 0x99, 0x51, 0x49, 0xC0, 0x97, 0x7E, 0xA9, 0x5D, 0xC2, 0xE2, 0x4B, 0x6B,
    0xFC, 0x25, 0x49, 0xA1, 0x45, 0xBC, 0xA8, 0xC4, 0x6F, 0xE2, 0x02, 0xAF, 0x8D, 0xE5, 0xA9, 0x2C,
    0x4F, 0xB0, 0x35, 0xBE, 0x9C, 0xCF, 0x3F, 0x4C, 0x72, 0x40, 0xE1, 0x06, 0xCF, 0xB5, 0x14, 0x28,
    0x06, 0x6A, 0x29, 0x28, 0x16, 0xA4, 0xB6, 0x1F, 0xCA, 0x8C, 0x77, 0x3E, 0x52, 0xDD, 0x0A, 0x85,
    0xAB, 0x7E, 0xE5, 0x40, 0x0A, 0x71, 0x7B, 0x4F, 0xD6, 0xFD, 0xAB, 0xC3, 0xBA, 0x8F, 0x27, 0xBE,
    0xEE, 0xBD, 0xB9, 0xD1, 0x79, 0x09, 0x6A, 0x5D, 0x41, 0x6E, 0x4F, 0x17, 0x04, 0x7D, 0x6C, 0x88,
    0xEC, 0xDB, 0x53, 0x59, 0xF7, 0xE3, 0xE3, 0xBA, 0xDE, 0x3E, 0xAE, 0xEF, 0x3C, 0x04, 0x92, 0x6E,
    0x28, 0x6A, 0x2D, 0xD3, 0x1C, 0xBF, 0x89, 0x2A, 0xC2, 0xD2, 0xAB, 0xF1, 0x0C, 0x66, 0xA2, 0x87,
    0xB9, 0xFF, 0x6D, 0x87, 0xB9, 0xF7, 0x21, 0x10, 0x5A, 0xD6, 0xCF, 0xCB, 0xEC, 0x77, 0x15, 0x74,
    0x7E, 0x23, 0xDA, 0x9F, 0xBE, 0x10, 0xED, 0xE3, 0x16, 0x59, 0xD9, 0xEC, 0xE9, 0x44, 0xDF, 0x43,
    0x36, 0x17, 0xF4, 0x83, 0x74, 0xBA, 0xBC, 0x67, 0x57, 0x2E, 0xEF, 0x09, 0xA4, 0x7E, 0x6F, 0x3C,
    0x04, 0xB2, 0xA5, 0xC0, 0x02, 0xFC, 0x5A, 0xF0, 0xBE, 0xA0, 0x05, 0x34, 0x12, 0x9C, 0xB0, 0xD5,
    0xEC, 0xAA, 0x19, 0xC5, 0xFC, 0xD1, 0xD3, 0xB9, 0xB8, 0xC8, 0xF3, 0x86, 0x0E, 0xB4, 0x19, 0x77,
    0x38, 0x30, 0x73, 0x41, 0xE1, 0x1E, 0xAB, 0xC6, 0x25, 0xAE, 0xA3, 0xD4, 0x2F, 0xB3, 0xDD, 0x1A,
    0x6F, 0xCC, 0x57, 0x80, 0x9B, 0x43, 0x4C, 0xF5, 0xF3, 0x93, 0xCC, 0x5A, 0x5B, 0x2A, 0x26, 0xA0,
    0xCB, 0xA5, 0x16, 0xD7, 0x63, 0x84, 0xED, 0x18, 0xE3, 0x26, 0xEB, 0x72, 0x8D, 0xFB, 0x8F, 0x56,
    0xC0, 0xBF, 0x39, 0xC4, 0x54, 0x3F, 0xD7, 0xCD, 0x54, 0x28, 0xB8, 0xD4, 0xFC, 0xE5, 0x18, 0x77,
    0xFB, 0xF5, 0x26, 0x09, 0xD6, 0x9B, 0x64, 0x41, 0x52, 0x90, 0x16, 0x99, 0x21, 0x2E, 0x33, 0x88,
    0xAA, 0x99, 0x48, 0x71, 0x0E, 0xC1, 0x05, 0x96, 0x10, 0x34, 0xDF, 0x89, 0x4D, 0x3F, 0xFD, 0x9A,
    0x1A, 0x50, 0x53, 0x6A, 0x54, 0xCD, 0xEB, 0x40, 0x3A, 0xA4, 0x0E, 0x7E, 0xB9, 0x05, 0xDD, 0x18,
    0xD1, 0x8E, 0x93, 0x71, 0xCD, 0xCC, 0x24, 0x05, 0x89, 0x73, 0x32, 0xAC, 0x1E, 0xC8, 0x90, 0x8A,
    0x73, 0x87, 0xCD, 0x67, 0xD2, 0xC5, 0xB9, 0x91, 0x14, 0x6A, 0x60, 0xCB, 0x8D, 0xE8, 0x7A, 0x6E,
    0x0C, 0x2F, 0x44, 0x66, 0xE7, 0x85, 0x28, 0x31, 0x3B, 0x77, 0x08, 0x5E, 0xC7, 0xB5, 0x49, 0xA8,
    0xFB, 0xEC, 0x3E, 0xEF, 0x45, 0xEC, 0x51, 0xF2, 0x5E, 0x6D, 0x9D, 0x32, 0x9B, 0xE4, 0x3D, 0xBD,
    0xF2, 0x94, 0x9F, 0x80, 0xC4, 0x37, 0x9F, 0xCC, 0x3E, 0xB5, 0x3F, 0x60, 0x88, 0x7D, 0x26, 0x48,
    0x72, 0xF5, 0x75, 0xF0, 0xDA, 0xDB, 0x24, 0xEF, 0xFA, 0xCB, 0x77, 0xF2, 0xBD, 0xC9, 0xFB, 0x1D,
    0x7B, 0xB2, 0x4E, 0xDE, 0xAD, 0x26, 0xEF, 0xA4, 0x85, 0xFE, 0xFC, 0xAE, 0x75, 0x32, 0x2D, 0x93,
    0x69, 0x95, 0x2C, 0xCD, 0xE1, 0x02, 0x5A, 0x2E, 0xFB, 0x4E, 0x6C, 0xFA, 0xE9, 0xD7, 0xD4, 0x80,
    0x9A, 0x52, 0xA3, 0x6A, 0x5E, 0x07, 0xD2, 0x21, 0x65, 0xF0, 0x1F, 0x74, 0x32, 0xFE, 0xCE, 0x64,
    0x82, 0x8E, 0xA4, 0x0C, 0x6B, 0x42, 0x37, 0x19, 0xAF, 0x15, 0xF3, 0x9D, 0x62, 0xCB, 0x53, 0x07,
    0xE9, 0xE2, 0xDC, 0x0D, 0x6B, 0x35, 0xB0, 0x71, 0x57, 0xCD, 0xAF, 0x93, 0xF7, 0xC0, 0x56, 0x82,
    0x4D, 0xF2, 0x5E, 0x0E, 0xC9, 0x7B, 0x02, 0xB1, 0x7D, 0xFB, 0xB6, 0xAC, 0xFB, 0x9B, 0x4F, 0x66,
    0x8F, 0xEB, 0x7E, 0xA7, 0x12, 0x73, 0x8A, 0xA7, 0xC9, 0x3B, 0x77, 0xC7, 0xC9, 0x7B, 0x62, 0x73,
    0xC8, 0xA2, 0x71, 0xF2, 0x3E, 0x25, 0xED, 0x6F, 0x3E, 0x99, 0xBD, 0x6A, 0x1F, 0xF4, 0xC3, 0x53,
    0x28, 0xFD, 0x6A, 0x7B, 0x31, 0x8C, 0x1D, 0xBA, 0x2D, 0x29, 0x89, 0x9B, 0xD1, 0x54, 0x96, 0xF7,
    0x35, 0x7C, 0x06, 0xDC, 0xAD, 0x1F, 0x41, 0x66, 0x86, 0x57, 0x9D, 0x8E, 0x16, 0x1A, 0xC1, 0xA1,
    0x80, 0x01, 0x77, 0xAD, 0x6D, 0x58, 0x58, 0x5B, 0xAD, 0x46, 0xEB, 0x35, 0x14, 0xE6, 0x79, 0x84,
    0xA2, 0xB8, 0x2A, 0x14, 0x91, 0xAB, 0x33, 0x6D, 0x7E, 0xBE, 0x3F, 0x15, 0xB4, 0x5E, 0x03, 0x1F,
    0x0B, 0xB8, 0x40, 0x4D, 0x64, 0x6D, 0x2D, 0x3E, 0x97, 0xE2, 0xF3, 0x4D, 0xC4, 0x2E, 0x9C, 0xD8,
    0x5C, 0x16, 0xDB, 0x73, 0x37, 0x26, 0x54, 0xC8, 0xD8, 0x15, 0xBF, 0x3C, 0x15, 0xB1, 0x9D, 0xAC,
    0x92, 0x11, 0xAA, 0xA1, 0x2B, 0x41, 0x56, 0x7A, 0x6C, 0x3B, 0x25, 0xDF, 0xDB, 0xAB, 0x92, 0x57,
    0xE5, 0xA7, 0x2D, 0x1C, 0x0B, 0x5E, 0x9F, 0x94, 0x92, 0x57, 0xE7, 0xD4, 0xA2, 0xDF, 0xEB, 0x7B,
    0x57, 0x32, 0x3D, 0x39, 0x04, 0xDB, 0xB7, 0xF0, 0xD4, 0xB6, 0x40, 0x5A, 0x3A, 0xD5, 0xA6, 0xA5,
    0xDF, 0xD8, 0xD3, 0xCF, 0x1A, 0x60, 0xEF, 0x82, 0x01, 0x53, 0x54, 0xE8, 0xDA, 0x87, 0xB9, 0xB7,
    0x7F, 0xD5, 0xAE, 0xE5, 0x5A, 0x07, 0x69, 0xFE, 0x83, 0xC0, 0x5C, 0xC2, 0x72, 0x7D, 0x3B, 0x20,
    0xE3, 0x7C, 0xF3, 0xEB, 0x75, 0xE1, 0x2D, 0x49, 0xFA, 0xC7, 0x1D, 0xA1, 0xB5, 0x15, 0xBC, 0x23,
    0x4E, 0x5E, 0x5D, 0xA7, 0x11, 0x2B, 0xCF, 0xFA, 0xF7, 0x00, 0xB2, 0x19, 0xCC, 0x32, 0x58, 0xA4,
    0x85, 0x6F, 0xE3, 0x7E, 0x31, 0x0B, 0xED, 0x32, 0x63, 0x51, 0x65, 0xA3, 0xF1, 0x36, 0x7F, 0xCF,
    0x5E, 0x02, 0x9C, 0x82, 0x84, 0xE2, 0x73, 0x26, 0xBD, 0xFB, 0xF5, 0xB9, 0x76, 0x0C, 0xB4, 0xEB,
    0xA7, 0x45, 0xCE, 0xD0, 0x9E, 0x93, 0x8E, 0x99, 0x60, 0x26, 0x58, 0x02, 0x5E, 0x0B, 0x04, 0x35,
    0x47, 0x04, 0xE5, 0x0A, 0x18, 0x01, 0x28, 0xEE, 0xC9, 0xB4, 0x96, 0x82, 0x4E, 0x50, 0xED, 0x53,
    0xAB, 0x7A, 0x67, 0xB9, 0xFD, 0x8A, 0x9D, 0x9B, 0x85, 0xDD, 0xD6, 0x1B, 0xD1, 0x29, 0x7E, 0xB1,
    0x02, 0xAC, 0x21, 0x46, 0x3B, 0x41, 0x2B, 0x38, 0x11, 0xF0, 0x2C, 0x70, 0xB7, 0x37, 0x66, 0x88,
    0x88, 0x88, 0x8A, 0x88, 0x8C, 0xA8, 0x8E, 0xA8, 0x90, 0x07, 0x6E, 0x95, 0xCD, 0x76, 0x7F, 0xAB,
    0x0B, 0x45, 0xC4, 0xA0, 0x9A, 0xAC, 0x92, 0x6F, 0x0A, 0x96, 0x4E, 0xCD, 0x64, 0x70, 0x7C, 0xAD,
    0x64, 0xB9, 0x67, 0x25, 0xBF, 0x7F, 0xFF, 0x1E, 0xE1, 0xD5, 0x2B, 0x70, 0x32, 0x31, 0x25, 0xB7,
    0x7C, 0xEE, 0x71, 0xA9, 0xC9, 0xE6, 0xCA, 0xAB, 0xE8, 0x97, 0xEF, 0x5D, 0xC9, 0x73, 0x63, 0x08,
    0xEC, 0x37, 0x15, 0xC1, 0x13, 0x5B, 0x01, 0x0B, 0xE3, 0x54, 0x9B, 0x98, 0x7E, 0xE7, 0x18, 0x42,
    0xFB, 0x4D, 0x49, 0xF0, 0x95, 0xAD, 0xF0, 0x58, 0x18, 0x91, 0x69, 0xEF, 0x82, 0x01, 0x53, 0x55,
    0xE8, 0xEA, 0x87, 0xAC, 0xB4, 0x17, 0xA5, 0xDA, 0x95, 0xAE, 0x1D, 0x0A, 0xBC, 0x46, 0xD9, 0x09,
    0x59, 0x2A, 0x33, 0x65, 0x62, 0x36, 0x97, 0x78, 0x3D, 0x76, 0x5B, 0x96, 0x43, 0x5C, 0xA5, 0x05,
    0x92, 0x23, 0x55, 0x22, 0x57, 0x58, 0xC3, 0x82, 0xA0, 0x55, 0x1B, 0x1D, 0x7E, 0xAB, 0xFF, 0xAD,
    0x21, 0x33, 0x51, 0x05, 0xA9, 0xE4, 0x53, 0x92, 0x82, 0x19, 0xFD, 0xC1, 0x91, 0x75, 0x6A, 0x88,
    0xD7, 0xEB, 0xC0, 0x8B, 0x5A, 0x98, 0x55, 0x42, 0xB1, 0x0A, 0xC9, 0x0D, 0xE8, 0xAE, 0x8E, 0x47,
    0x95, 0x7B, 0x2B, 0x6D, 0x9D, 0xFE, 0x47, 0x82, 0xD7, 0xD8, 0x6A, 0xE2, 0xD4, 0xD9, 0xA6, 0x82,
    0x19, 0x95, 0x04, 0xB5, 0xDE, 0xA5, 0x08, 0x6A, 0xA2, 0xD2, 0xD3, 0xAB, 0x90, 0x1D, 0x49, 0xCE,
    0x19, 0xE9, 0xFA, 0xC6, 0x64, 0xC6, 0xFB, 0xEB, 0xE5, 0x12, 0x17, 0x2D, 0x44, 0x9F, 0xD6, 0x10,
    0x7E, 0x5E, 0xEB, 0xFD, 0xCB, 0xE1, 0x2A, 0xA6, 0xCD, 0x05, 0x06, 0x98, 0xE1, 0xCA, 0x0C, 0xA3,
    0x0B, 0x3B, 0x2F, 0x3F, 0x2E, 0xD7, 0x6F, 0x51, 0x71, 0x3F, 0x79, 0x65, 0xC7, 0x2D, 0x2B, 0xC6,
    0x7C, 0x51, 0x8A, 0xC6, 0x32, 0x42, 0x5C, 0xAF, 0x14, 0x8D, 0xEB, 0xD8, 0x16, 0x2B, 0xF4, 0x48,
    0x9B, 0x9F, 0x08, 0x6D, 0xA3, 0xEC, 0x84, 0xFC, 0x73, 0xB3, 0xF4, 0x83, 0x6A, 0x73, 0x65, 0xDD,
    0x37, 0xB7, 0x68, 0x9D, 0xFB, 0x17, 0xC5, 0xE7, 0xD2, 0x15, 0x9F, 0x2B, 0xCD, 0x6C, 0x86, 0x4D,
    0x9B, 0x00, 0xBC, 0x34, 0xD5, 0x75, 0x8E, 0x77, 0x02, 0xFA, 0x6F, 0x03, 0x99, 0x7D, 0x52, 0xC0,
    0x2F, 0xEF, 0xAA, 0x39, 0xCE, 0x19, 0xB7, 0xDB, 0x10, 0x8F, 0x3B, 0x66, 0xB8, 0x67, 0x6F, 0xED,
    0xE3, 0xE1, 0x96, 0xBD, 0x38, 0x04, 0x53, 0x8D, 0xC2, 0xFF, 0x00, 0xCD, 0x8E, 0x01, 0xC6, 0x1C,
    0x31, 0x18, 0x86, 0x9F, 0x6C, 0x30, 0x18, 0xE4, 0x08, 0x29, 0x80, 0x42, 0xA0, 0x80, 0x76, 0x33,
    0x7A, 0x9C, 0x42, 0x2F, 0xD0, 0xFD, 0x67, 0xE8, 0x05, 0x7A, 0x84, 0x1F, 0x05, 0x73, 0x86, 0xAD,
    0xCD, 0x0D, 0x3A, 0x37, 0x68, 0x7A, 0x83, 0x20, 0x48, 0xC9, 0x26, 0xDD, 0x64, 0xD9, 0x5A, 0x16,
    0xA5, 0xE8, 0xFF, 0xEE, 0x7A, 0xC8, 0xFB, 0xBD, 0x1E, 0xF3, 0x61, 0x5D, 0xD7, 0xE7, 0x7A, 0x49,
    0xEC, 0x58, 0x5B, 0xBE, 0xD6, 0x96, 0x74, 0x25, 0x47, 0xB2, 0x48, 0x32, 0xC9, 0x38, 0x06, 0x15,
    0x74, 0x30, 0xDE, 0x6E, 0xB3, 0x53, 0x59, 0xA5, 0xF6, 0xD2, 0x9B, 0x71, 0x76, 0xB1, 0x58, 0x0E,
    0x1C, 0x19, 0xCE, 0x63, 0x56, 0xF1, 0xD2, 0x7B, 0xED, 0x4C, 0x6F, 0xDF, 0x41, 0xC6, 0x92, 0xD8,
    0xEF, 0x22, 0xDF, 0x64, 0x20, 0x0F, 0x41, 0x64, 0x15, 0x64, 0x56, 0x5E, 0x26, 0xE3, 0xC7, 0x64,
    0x37, 0x15, 0x67, 0xA7, 0x43, 0x75, 0x36, 0xA8, 0x24, 0x8B, 0x8A, 0xF2, 0xAC, 0xC3, 0x90, 0xFB,
    0xCD, 0xA9, 0x60, 0x17, 0xE5, 0xED, 0xA4, 0xB6, 0x19, 0xED, 0x9E, 0xD0, 0xCB, 0x11, 0xD3, 0x95,
    0x77, 0xDB, 0x6D, 0x8C, 0xB7, 0x2D, 0xEA, 0x6E, 0x07, 0x89, 0xBF, 0xC1, 0x5C, 0x6B, 0x0D, 0x1D,
    0xAF, 0xD7, 0xB2, 0x3E, 0xF7, 0xEE, 0xA5, 0xE3, 0xF1, 0x37, 0xFF, 0x1F, 0xE9, 0x5C, 0xEE, 0x7E,
    0x3F, 0xEB, 0xE7, 0xFA, 0x08, 0x43, 0x01, 0x30, 0x75, 0x03, 0x0E, 0x32, 0x00, 0x99, 0xD8, 0x0D,
    0x7F, 0xD8, 0x9B, 0x7E, 0x7D, 0x6A, 0xCB, 0xB1, 0x30, 0x14, 0x51, 0xBF, 0x00, 0x1F, 0x13, 0x30,
    0x96, 0x09, 0x44, 0x37, 0x0C, 0xED, 0xCD, 0xEE, 0xFD, 0x2F, 0x71, 0x06, 0x55, 0xBF, 0x57, 0x87,
    0x1D, 0xEA, 0xE0, 0xF9, 0x44, 0x16, 0x81, 0x63, 0x53, 0x5D, 0x98, 0x48, 0x37, 0xB6, 0xE6, 0x7A,
    0xDD, 0xCB, 0x22, 0x03, 0xBA, 0xFE, 0xA8, 0x8E, 0x5D, 0xD9, 0x15, 0xBA, 0x6B, 0x42, 0x39, 0xEC,
    0x22, 0x4A, 0x93, 0x1B, 0xCF, 0x69, 0xE1, 0x44, 0xFB, 0xCF, 0x0E, 0x1D, 0x90, 0x19, 0x2A, 0x98,
    0x85, 0x71, 0x41, 0x4C, 0xC0, 0x1B, 0x38, 0x80, 0x5D, 0x50, 0xBE, 0x5D, 0x45, 0xBD, 0x4E, 0x1D,
    0xC6, 0x71, 0x72, 0x57, 0x8F, 0xDE, 0x98, 0x27, 0xDE, 0xC2, 0x2B, 0x7A, 0xA4, 0x6F, 0x1C, 0x5D,
    0xA3, 0x9A, 0x1A, 0x6D, 0x03, 0x87, 0xCE, 0xDC, 0x20, 0x62, 0x1F, 0x86, 0xC6, 0x61, 0xEB, 0xC3,
    0xA5, 0xD1, 0xF0, 0x38, 0xFF, 0x28, 0xDC, 0x77, 0xFE, 0x06, 0xE5, 0xD1, 0x01, 0xA6, 0xDD, 0x40,
    0x14, 0xC6, 0xF1, 0xFF, 0x24, 0x4F, 0x07, 0x41, 0x76, 0xD0, 0xE9, 0x02, 0xDA, 0x06, 0xA0, 0x48,
    0x92, 0x79, 0x3B, 0xE9, 0x32, 0x4A, 0x13, 0x37, 0xDD, 0x41, 0x17, 0xD3, 0xF2, 0x90, 0xE7, 0xA6,
    0x3B, 0xC8, 0x12, 0x66, 0x07, 0x3D, 0x25, 0x18, 0xE4, 0xE6, 0xF4, 0xB8, 0xAF, 0x00, 0x45, 0x01,
    0x94, 0x1F, 0x38, 0xE7, 0xC3, 0xF9, 0x66, 0xDC, 0x75, 0xAE, 0x54, 0xC2, 0x97, 0xA3, 0x61, 0xEC,
    0xE8, 0x3A, 0xFA, 0xEE, 0xED, 0x1D, 0xA6, 0xB3, 0xA1, 0xAD, 0x2C, 0xE0, 0x74, 0xA6, 0x12, 0x82,
    0xD0, 0x0B, 0xDF, 0xC5, 0xFD, 0x92, 0xF2, 0x87, 0x54, 0x8F, 0xF2, 0xDA, 0x49, 0xEB, 0xE4, 0xA2,
    0x6A, 0x70, 0xF2, 0x62, 0xD0, 0x64, 0x5A, 0xF8, 0x00, 0x9F, 0xCC, 0xC9, 0x67, 0xDD, 0x26, 0x7F,
    0xDF, 0xB2, 0xBF, 0x71, 0xB2, 0x78, 0xCB, 0xAC, 0xD5, 0x09, 0x17, 0x5C, 0xC6, 0x6F, 0x84, 0x48,
    0x0F, 0xE3, 0x35, 0x5E, 0x35, 0xDD, 0x0A, 0xC9, 0xE4, 0x9D, 0xFC, 0xC4, 0x3E, 0x15, 0xD2, 0xE8,
    0xF6, 0xEA, 0x44, 0x75, 0x37, 0xE2, 0x44, 0x8A, 0xF4, 0xB1, 0x5C, 0xA9, 0x56, 0xEA, 0x48, 0x03,
    0x1D, 0x8C, 0x90, 0x71, 0x42, 0x99, 0xF0, 0x2B, 0x76, 0x6A, 0xAD, 0x7B, 0x88, 0xC7, 0x7B, 0x5A,
    0x53, 0xC7, 0x5C, 0xE8, 0xE6, 0x35, 0x35, 0x71, 0xB1, 0x52, 0x66, 0x88, 0xCF, 0xB5, 0xDA, 0xF0,
    0xEB, 0x3D, 0x29, 0x4D, 0x3C, 0x3A, 0x5A, 0x2B, 0x6B, 0x9A, 0x78, 0xAB, 0x75, 0x29, 0x6E, 0x0B,
    0xEC, 0x94, 0x89, 0x7A, 0x65, 0xC0, 0x65, 0xFE, 0xE1, 0x95, 0x2E, 0x78, 0x65, 0xF8, 0xC9, 0xBB,
    0x00, 0x7F, 0x11, 0xF4, 0x34, 0xFE, 0xA4, 0xD1, 0x75, 0xF2, 0xE9, 0x5B, 0x21, 0x98, 0x32, 0x51,
    0xAD, 0x84, 0xC8, 0x33, 0xA5, 0x10, 0x66, 0x26, 0xFE, 0xB4, 0x7E, 0xB9, 0x33, 0x3C, 0xE6, 0x07,
    0x16, 0x78, 0xC2, 0xED, 0xE8, 0x8C, 0x6E, 0xB8, 0x0C, 0xE3, 0x03, 0x63, 0xEF, 0x8E, 0xA0, 0x52,
    0xFC, 0xDF, 0x7F, 0xF4, 0x1B, 0xB5, 0xD5, 0x01, 0x84, 0x1E, 0x47, 0x1B, 0x07, 0xF0, 0xFF, 0xEE,
    0x92, 0xC5, 0x62, 0x3E, 0xE0, 0x23, 0x1F, 0xDF, 0x02, 0xD4, 0x95, 0x2C, 0x00, 0xDC, 0xDD, 0x4C,
    0x7B, 0x28, 0x40, 0xD0, 0xB4, 0x80, 0x14, 0x00, 0xB4, 0x05, 0xC0, 0xDD, 0xBB, 0xAB, 0x41, 0x01,
    0x0E, 0x0A, 0x40, 0x11, 0x34, 0x7B, 0xB8, 0x02, 0x0E, 0x79, 0x6F, 0x27, 0x17, 0x04, 0x45, 0x37,
    0xAA, 0x00, 0xAC, 0xE6, 0x28, 0x17, 0x75, 0xD3, 0x64, 0xC3, 0xE6, 0x32, 0xBB, 0x4F, 0x9F, 0x67,
    0xF6, 0xEE, 0xCD, 0x5D, 0x73, 0x08, 0xD5, 0xC7, 0xEB, 0xC7, 0xCE, 0xFF, 0x79, 0x76, 0xC6, 0x58,
    0x5E, 0xC0, 0x1D, 0x00, 0x91, 0x1B, 0x84, 0x1E, 0x88, 0x85, 0x94, 0x1C, 0xA0, 0xC9, 0x03, 0xF4,
    0x86, 0x90, 0xD0, 0x53, 0xB2, 0xD9, 0xCB, 0x47, 0xD4, 0xAA, 0x5F, 0x8E, 0x7E, 0x77, 0xF9, 0xBD,
    0xA3, 0x67, 0x6D, 0xB1, 0x75, 0xD4, 0x42, 0xA7, 0x8F, 0x85, 0x7B, 0x16, 0x3A, 0x63, 0xCA, 0x6C,
    0xCB, 0x62, 0xA1, 0x3E, 0x59, 0x91, 0x56, 0x4C, 0x56, 0x41, 0xAB, 0xCC, 0x40, 0xE7, 0xEA, 0x82,
    0x5B, 0x0A, 0x28, 0xBE, 0x64, 0xD4, 0x1F, 0x2A, 0xE9, 0xD4, 0x98, 0xA7, 0x5D, 0xE2, 0xFF, 0x9F,
    0xDB, 0x88, 0xBE, 0x6A, 0x0C, 0x1A, 0x9A, 0x80, 0x92, 0x8E, 0x81, 0xED, 0x4D, 0x00, 0x0F, 0x37,
    0x98, 0x83, 0x75, 0x66, 0xD8, 0xC6, 0x79, 0x45, 0xCD, 0x6B, 0x20, 0x27, 0xE2, 0x3D, 0xCF, 0x9A,
    0x1E, 0x13, 0x52, 0x9F, 0x0C, 0xDC, 0x9A, 0x38, 0xE0, 0x3F, 0x29, 0x83, 0x40, 0xB2, 0x42, 0x13,
    0x0D, 0x33, 0x6B, 0x53, 0x7D, 0x1F, 0x18, 0xC1, 0x75, 0x08, 0x60, 0x8D, 0xF8, 0xF1, 0x6D, 0x8A,
    0x85, 0x04, 0x4B, 0xC1, 0xCB, 0x6C, 0xCF, 0xA8, 0x4E, 0x38, 0xA9, 0xEB, 0x1F, 0x14, 0x11, 0xF9,
    0x40, 0x36, 0x22, 0x76, 0xC8, 0xA6, 0x20, 0x05, 0x4F, 0x8D, 0xF8, 0x73, 0x25, 0xFE, 0x64, 0xC5,
    0x27, 0xAD, 0xF8, 0xD8, 0x89, 0x47, 0x22, 0x3D, 0x22, 0x22, 0x43, 0x56, 0xBC, 0x6B, 0x0F, 0x3F,
    0x7F, 0x85, 0xCC, 0xEE, 0x48, 0x6A, 0x35, 0x7B, 0xF7, 0xD7, 0x32, 0x7E, 0x05, 0xCE, 0x3E, 0x26,
    0xC3, 0x1E, 0x91, 0xC9, 0x2C, 0xCF, 0x71, 0x9A, 0xFE, 0x26, 0x26, 0x2F, 0xC4, 0x38, 0x88, 0xB3,
    0xE0, 0x14, 0x6C, 0x82, 0xFA, 0x42, 0x4D, 0x15, 0xC0, 0xF6, 0xE2, 0xBE, 0x17, 0x31, 0x05, 0xF5,
    0xBB, 0x46, 0xF7, 0x45, 0x45, 0x95, 0xC6, 0xA2, 0x60, 0xA3, 0x51, 0x6F, 0x41, 0xD3, 0xB0, 0x09,
    0xB6, 0x13, 0x1B, 0x8E, 0xB8, 0xC3, 0xE6, 0x16, 0x3A, 0x6B, 0x33, 0x07, 0x9D, 0xBA, 0xC4, 0x43,
    0x27, 0x3D, 0x08, 0x3A, 0x1E, 0xA0, 0x8D, 0x86, 0x87, 0xB2, 0x1A, 0x87, 0xC1, 0x32, 0xA8, 0x6D,
    0xCE, 0xE6, 0x67, 0xC4, 0x69, 0x4A, 0x93, 0xEC, 0xD7, 0x1C, 0x23, 0xE9, 0x80, 0xCD, 0xF7, 0x70,
    0xE3, 0xDC, 0xFF, 0xBE, 0xBA, 0x73, 0x67, 0x61, 0x34, 0x71, 0x75, 0xB3, 0x89, 0xDB, 0x71, 0x9C,
    0xBA, 0x83, 0xE0, 0xD0, 0xEF, 0x40, 0xBB, 0xBE, 0x2F, 0x3B, 0xED, 0xDC, 0x41, 0xD9, 0x7D, 0xE8,
    0xDC, 0xC3, 0xC5, 0x6E, 0xFC, 0xA7, 0xDB, 0xDE, 0x46, 0xFC, 0xA2, 0x5B, 0x0F, 0x6E, 0xB0, 0x2F,
    0xDB, 0xA0, 0xDD, 0xDC, 0x46, 0xF4, 0xD2, 0x16, 0xEC, 0x1B, 0x9B, 0x7B, 0x44, 0x34, 0x5B, 0x29,
    0x0F, 0xA2, 0xDD, 0xA8, 0x27, 0xF2, 0x51, 0x3F, 0x7E, 0x46, 0x51, 0xEF, 0x51, 0x7C, 0xC4, 0xA8,
    0x47, 0xBD, 0xBF, 0x99, 0x31, 0xC5, 0xCC, 0xD3, 0x7F, 0xC8, 0x8D, 0x6F, 0x18, 0x24, 0x8E, 0xC9,
    0x3A, 0x5F, 0x7C, 0xD7, 0x58, 0x5F, 0x10, 0x81, 0x39, 0x5E, 0x7D, 0x7A, 0x4C, 0x4A, 0xE4, 0x66,
    0xE2, 0x7A, 0xFA, 0x7E, 0x5E, 0xBB, 0x69, 0x96, 0x88, 0xA9, 0x5F, 0x42, 0xD1, 0xB8, 0x44, 0xD1,
    0x65, 0x23, 0x34, 0xA2, 0x11, 0x87, 0xC0, 0x88, 0x87, 0xD2, 0xE2, 0xAF, 0x61, 0x29, 0x94, 0xD2,
    0xA2, 0x6D, 0x32, 0x22, 0x9F, 0x9A, 0x25, 0x52, 0xF2, 0xBC, 0xDC, 0xB4, 0xCC, 0xAA, 0x6A, 0x2E,
    0x43, 0x5C, 0x33, 0xB8, 0x41, 0xBB, 0x80, 0xA6, 0x11, 0x11, 0x9D, 0x90, 0x49, 0x06, 0x14, 0x36,
    0xEB, 0x90, 0x39, 0x65, 0x91, 0xB4, 0xB9, 0x01, 0x87, 0x10, 0x88, 0xAA, 0x99, 0x92, 0xE7, 0x65,
    0x23, 0x5C, 0x26, 0x04, 0x82, 0x96, 0x74, 0x9E, 0x30, 0x4C, 0x5E, 0x21, 0xAE, 0xE4, 0x55, 0x2E,
    0x73, 0x50, 0x5D, 0xE2, 0x51, 0xD8, 0x88, 0x9E, 0x13, 0xC7, 0xE4, 0x11, 0x36, 0x4F, 0x1D, 0x22,
    0x2F, 0x26, 0xBD, 0xA8, 0x3A, 0xB1, 0xB0, 0x62, 0x09, 0x71, 0x14, 0x93, 0x41, 0xCC, 0x9C, 0x98,
    0x5B, 0x51, 0x1B, 0xF1, 0x10, 0x00, 0x71, 0x8D, 0xE7, 0xEE, 0x9D, 0x51, 0xFD, 0x80, 0xD7, 0xCB,
    0x90, 0x16, 0x56, 0x54, 0x9D, 0x98, 0xF6, 0x62, 0xEC, 0x45, 0x4C, 0x41, 0x6E, 0x5A, 0xED, 0x35,
    0xEF, 0x9B, 0xF6, 0x62, 0xEC, 0x45, 0x4C, 0xB8, 0xFC, 0x45, 0xAE, 0xD5, 0xFB, 0x27, 0xF5, 0x2E,
    0x20, 0xBB, 0x5F, 0xEF, 0xD7, 0xE2, 0x13, 0x27, 0x52, 0x70, 0x32, 0x6C, 0xD3, 0x31, 0x19, 0x59,
    0xB6, 0x3C, 0x95, 0x9E, 0x65, 0xE8, 0xB9, 0x7D, 0xD1, 0x83, 0xAB, 0x3D, 0xCD, 0x29, 0xCB, 0x3D,
    0xE2, 0xED, 0x20, 0xAE, 0x57, 0x11, 0x1D, 0x07, 0x89, 0x3D, 0xA9, 0xC9, 0x42, 0xF1, 0xAF, 0x15,
    0x13, 0x07, 0x92, 0xAA, 0x66, 0xF9, 0xDC, 0x7B, 0x93, 0xE1, 0xF5, 0xB8, 0xC7, 0xEC, 0xBC, 0x72,
    0xB9, 0x67, 0x9E, 0x62, 0xB3, 0x4E, 0x2C, 0x6C, 0x78, 0xB3, 0x11, 0xC7, 0xF0, 0xFE, 0x5D, 0xD6,
    0x02, 0xEF, 0x27, 0x90, 0xB4, 0x2B, 0x2C, 0x93, 0x5E, 0x90, 0x11, 0xD3, 0xD0, 0x80, 0x98, 0xF6,
    0x27, 0x64, 0xBD, 0x6A, 0xF8, 0x60, 0x4A, 0xD9, 0xC2, 0xE4, 0x69, 0xAB, 0x71, 0x2B, 0xC2, 0x02,
    0x1B, 0xC0, 0x0E, 0xD6, 0x81, 0xA5, 0xE0, 0xB1, 0x2D, 0x1C, 0x08, 0x53, 0xBD, 0xEB, 0x41, 0xD4,
    0x05, 0xC6, 0xC8, 0xA5, 0xDD, 0x32, 0xEE, 0xCE, 0x59, 0x24, 0x2D, 0xBF, 0x20, 0xB1, 0x99, 0xD5,
    0xDF, 0x5A, 0x65, 0xF3, 0x27, 0xB6, 0xA8, 0x14, 0x55, 0x0D, 0x12, 0x7A, 0x3E, 0x02, 0x44, 0x3D,
    0x50, 0x90, 0x01, 0x72, 0xE0, 0x9C, 0x5B, 0xC2, 0xA6, 0x70, 0x83, 0x5A, 0xB6, 0xA4, 0x11, 0x88,
    0x69, 0x8F, 0x8C, 0xDC, 0x51, 0x61, 0x01, 0x03, 0x25, 0x01, 0xB2, 0xA0, 0xB2, 0xA8, 0x6B, 0xFE,
    0x0A, 0x0C, 0x49, 0x9D, 0x0B, 0xA8, 0x5E, 0xC2, 0xA6, 0x62, 0x52, 0xCF, 0xD4, 0xFB, 0x67, 0x75,
    0x7D, 0xA5, 0x27, 0x0E, 0x1D, 0x89, 0xBB, 0x4E, 0xDE, 0x6B, 0x40, 0xDC, 0x21, 0x9A, 0x90, 0x3B,
    0xA0, 0x39, 0x91, 0xA3, 0x14, 0x34, 0x41, 0x8E, 0xD2, 0xB1, 0x88, 0xC5, 0x44, 0xB8, 0x7A, 0xA9,
    0x72, 0xE8, 0xF3, 0x7F, 0xEF, 0x53, 0x42, 0x32, 0xA8, 0x7D, 0x9B, 0x75, 0x8A, 0x7F, 0x56, 0x25,
    0x2E, 0x37, 0x79, 0x64, 0xF8, 0x3E, 0x01, 0x8D, 0x8D, 0x15, 0xEB, 0xC0, 0x02, 0xDB, 0xC2, 0xC1,
    0x8A, 0x1E, 0x28, 0xE1, 0x38, 0x8D, 0x56, 0xC8, 0x8E, 0xC5, 0x56, 0x1B, 0x99, 0xFC, 0xB1, 0x4D,
    0x9C, 0x7A, 0xC6, 0xEF, 0x4D, 0xC9, 0x16, 0x36, 0xA6, 0x13, 0x02, 0x1A, 0xD9, 0x52, 0xD1, 0x2E,
    0x03, 0xFC, 0xFD, 0x3E, 0x4B, 0xE2, 0x0A, 0xAC, 0xF1, 0x5D, 0x3D, 0xC0, 0xAA, 0xC2, 0xE3, 0xDB,
    0x54, 0x36, 0xC5, 0xBF, 0x02, 0x71, 0xF9, 0x40, 0x5D, 0xCB, 0xBF, 0x3E, 0xF2, 0x6A, 0xBE, 0xBF,
    0xBA, 0xDE, 0x3B, 0xBB, 0xFF, 0x36, 0x9D, 0xAF, 0x7F, 0x26, 0xED, 0x98, 0xDC, 0x82, 0x27, 0x0C,
    0x88, 0x46, 0x30, 0xB2, 0xA4, 0x2D, 0xA3, 0x3A, 0x26, 0x1D, 0x98, 0x78, 0x64, 0x40, 0x42, 0x48,
    0x72, 0x49, 0xB2, 0x9E, 0x49, 0xFC, 0x2A, 0x29, 0x2B, 0xC8, 0xC3, 0xBB, 0xFC, 0xC8, 0xFC, 0xCF,
    0x01, 0x23, 0xB5, 0xC0, 0xFC, 0xA9, 0xB5, 0x40, 0x21, 0x29, 0xF9, 0xC8, 0xA1, 0xF7, 0xB9, 0x83,
    0x99, 0xD3, 0xD7, 0x92, 0x56, 0xF8, 0x94, 0xD3, 0x68, 0x20, 0xA1, 0xF7, 0x88, 0x07, 0xE3, 0x91,
    0xF4, 0xF0, 0x48, 0x1D, 0xA3, 0x3A, 0xA6, 0xB0, 0xF0, 0x51, 0x38, 0xF4, 0x04, 0xA6, 0x67, 0x26,
    0xC3, 0xD0, 0x28, 0x50, 0x8B, 0xA9, 0x6E, 0x64, 0x22, 0xF6, 0x0C, 0x46, 0xE1, 0x50, 0x58, 0x08,
    0xA5, 0xB0, 0x58, 0xAD, 0x8D, 0xA1, 0x6F, 0x4D, 0x26, 0x4A, 0x99, 0x65, 0x46, 0x48, 0x70, 0x09,
    0x4E, 0x1F, 0x20, 0x04, 0xAB, 0xF4, 0x7A, 0xBE, 0xF8, 0x80, 0xE9, 0x37, 0xDE, 0xA1, 0x21, 0x32,
    0x82, 0x43, 0x53, 0xEF, 0x7B, 0x2C, 0x11, 0x4D, 0x0C, 0x4A, 0x41, 0x9B, 0xAB, 0x80, 0x59, 0x30,
    0xB1, 0x97, 0x89, 0x4E, 0x68, 0x79, 0x6C, 0x6F, 0x5C, 0x4D, 0x14, 0x96, 0x51, 0x81, 0xF6, 0x2A,
    0xF6, 0x22, 0x2D, 0x0D, 0x4F, 0x4C, 0x32, 0x3B, 0x08, 0xD5, 0xB5, 0xA7, 0xFA, 0x0B, 0xB5, 0x96,
    0x2F, 0x8C, 0xE4, 0x54, 0x1C, 0xC7, 0x3F, 0xD3, 0x1E, 0x19, 0x92, 0x8A, 0x41, 0xAC, 0x40, 0x5C,
    0xA8, 0x39, 0x5F, 0x83, 0x40, 0xDC, 0xEE, 0xD4, 0x21, 0x30, 0x08, 0x3C, 0x06, 0x8F, 0x4F, 0xE8,
    0xB5, 0x09, 0x3E, 0x59, 0xAF, 0xF0, 0x5E, 0xB2, 0x37, 0x0D, 0x27, 0x31, 0xBD, 0x9C, 0x40, 0x6E,
    0x13, 0x3C, 0x34, 0xA1, 0x09, 0x85, 0x7D, 0xB3, 0x8F, 0xF9, 0x88, 0x97, 0x19, 0x6E, 0xB3, 0x01,
    0x96, 0xDB, 0x97, 0xC9, 0x27, 0x99, 0xEF, 0xFB, 0xF5, 0xF7, 0xDE, 0xEF, 0xFB, 0xFE, 0xB4, 0x50,
    0x03, 0x64, 0xA3, 0x2C, 0x26, 0x59, 0xF5, 0x72, 0x27, 0xF2, 0x45, 0x6E, 0x46, 0xB9, 0x8D, 0x87,
    0x36, 0x54, 0x51, 0x16, 0x2A, 0x64, 0x41, 0x1A, 0x99, 0x9E, 0x32, 0x43, 0xCA, 0x66, 0xE6, 0xC4,
    0x7C, 0x30, 0xCD, 0x6C, 0x96, 0x3D, 0x10, 0x63, 0x4D, 0x7E, 0x73, 0x3D, 0xB0, 0xF9, 0xF9, 0xCD,
    0xCC, 0xF6, 0xDB, 0xD7, 0x7B, 0x2E, 0xF2, 0xF1, 0x05, 0xEF, 0xE7, 0xE3, 0x87, 0x90, 0x8F, 0xBC,
    0x7B, 0xC0, 0xE7, 0x62, 0x35, 0x23, 0xF7, 0x92, 0xB6, 0x96, 0xE5, 0x20, 0xD7, 0xA9, 0x23, 0xDA,
    0x6A, 0x11, 0x51, 0x09, 0x72, 0x3D, 0xC9, 0xB2, 0x97, 0xED, 0x51, 0x46, 0xD9, 0xF6, 0x38, 0x93,
    0xD6, 0x0E, 0x34, 0x06, 0x2D, 0x42, 0xB3, 0xD0, 0x36, 0x34, 0x50, 0x2B, 0x93, 0xA9, 0xF9, 0x90,
    0x8C, 0x5E, 0xF1, 0xC4, 0xE9, 0xF6, 0x15, 0xAE, 0x88, 0x6B, 0xB2, 0x73, 0x4D, 0xB2, 0xE0, 0xCF,
    0xC5, 0x69, 0x51, 0x2C, 0xFB, 0x9D, 0x05, 0x4E, 0x6D, 0x94, 0x65, 0x6F, 0xB0, 0x35, 0xEE, 0x74,
    0x20, 0x0B, 0x5A, 0x63, 0x70, 0x39, 0x54, 0xBD, 0xD9, 0xCA, 0x94, 0xF9, 0xF1, 0x56, 0xF3, 0x69,
    0x3E, 0x3E, 0x65, 0xEB, 0x63, 0xD5, 0xAB, 0xD7, 0x81, 0xE2, 0xB7, 0x9F, 0x26, 0xB2, 0x9B, 0x5F,
    0x2D, 0x20, 0x5A, 0x4B, 0x48, 0x9B, 0x2B, 0xEB, 0xB1, 0xA9, 0x07, 0x88, 0x47, 0xA8, 0x47, 0x23,
    0xFE, 0x30, 0x76, 0xD9, 0x01, 0xC1, 0xE9, 0x07, 0x1F, 0x0B, 0x16, 0x15, 0xD8, 0xC1, 0x17, 0x28,
    0xA2, 0x88, 0x22, 0x8A, 0xDC, 0x11, 0xBF, 0x17, 0x1F, 0x90, 0x86, 0xDA, 0x23, 0xB4, 0x56, 0x94,
    0xA2, 0x3D, 0x77, 0x1B, 0x1C, 0xB0, 0x9E, 0x1A, 0x1D, 0x3D, 0xA0, 0xA5, 0x39, 0x48, 0x34, 0x07,
    0x89, 0xB3, 0x83, 0x84, 0xC9, 0xCD, 0x98, 0x72, 0x57, 0x49, 0xE2, 0x9B, 0xD3, 0xFC, 0xF0, 0x89,
    0x78, 0x29, 0xB6, 0x5D, 0x3A, 0x71, 0x1E, 0x3E, 0xB8, 0xBD, 0x23, 0x36, 0x8A, 0x8D, 0x62, 0xA3,
    0xD8, 0x28, 0x36, 0x46, 0x9E, 0x3B, 0xC2, 0x95, 0x63, 0x39, 0xDD, 0x9B, 0x34, 0x67, 0x91, 0xDA,
    0xC7, 0x22, 0xA4, 0xE4, 0x66, 0x34, 0xB7, 0x09, 0x8F, 0x52, 0x50, 0x0A, 0x4A, 0x41, 0x29, 0x18,
    0x15, 0x8C, 0x5A, 0x8C, 0xFA, 0xD3, 0xA8, 0x38, 0x8A, 0x8E, 0xD3, 0x05, 0xF0, 0xE1, 0x4B, 0x64,
    0x40, 0x46, 0x49, 0xDB, 0xCB, 0xCD, 0x00, 0x1D, 0xEB, 0x91, 0x6C, 0x74, 0xB5, 0x8B, 0x49, 0x56,
    0xBD, 0xDC, 0x41, 0x31, 0x38, 0x4E, 0xD9, 0x6F, 0x46, 0x56, 0x3B, 0xB6, 0xD1, 0x74, 0xD5, 0x81,
    0x97, 0xFC, 0x87, 0x7B, 0xA6, 0x94, 0x59, 0x94, 0x85, 0xA4, 0xB4, 0x93, 0x6D, 0x8D, 0x84, 0x33,
    0xB8, 0x80, 0x46, 0xD2, 0xD6, 0xB2, 0x1C, 0xD4, 0xD7, 0x33, 0x65, 0xE7, 0xB6, 0x2F, 0x66, 0x3B,
    0xB2, 0xE8, 0xFD, 0x86, 0xC3, 0xBF, 0x75, 0xDA, 0xEF, 0xDE, 0x8E, 0x3C, 0x17, 0x1C, 0x6F, 0xB9,
    0xF1, 0x5E, 0x4F, 0xC1, 0xB2, 0x66, 0x31, 0x6B, 0xC6, 0x6C, 0xC7, 0x6C, 0xC8, 0x6C, 0xC6, 0xD9,
    0xE4, 0x33, 0xD9, 0x70, 0x00, 0x3C, 0x0C, 0x1E, 0x4F, 0xCE, 0x53, 0xCD, 0x38, 0x0A, 0xF9, 0x7C,
    0xB2, 0x85, 0xAC, 0x6C, 0x14, 0xC3, 0x62, 0xCC, 0x62, 0xD1, 0x8B, 0xF5, 0x2F, 0x5A, 0xB1, 0xE8,
    0xCA, 0x62, 0x82, 0x05, 0x1E, 0x02, 0xDB, 0x77, 0x0F, 0x99, 0x78, 0xCD, 0xAC, 0x75, 0x33, 0x1B,
    0xB1, 0xED, 0xF4, 0x25, 0x39, 0xE4, 0x96, 0x98, 0x4F, 0xAD, 0xBB, 0xF7, 0x5C, 0xA4, 0x2B, 0xF0,
    0x2B, 0x78, 0x58, 0x09, 0x4F, 0x84, 0xE5, 0xEB, 0xDF, 0x62, 0xD6, 0xC5, 0xA1, 0x16, 0xB8, 0x15,
    0xA7, 0xFE, 0x81, 0x31, 0xFA, 0x87, 0xFE, 0xA1, 0x7F, 0xE8, 0x1F, 0x26, 0xC0, 0x54, 0xA9, 0x65,
    0x71, 0xB4, 0x3F, 0xEE, 0x31, 0xC0, 0x90, 0xC0, 0xA6, 0x27, 0x9B, 0x58, 0x0F, 0x56, 0x9D, 0x4F,
    0x4E, 0xDD, 0xBF, 0x8A, 0x12, 0xEE, 0xE3, 0xB3, 0x75, 0xFF, 0x0C, 0x9A, 0x75, 0x7F, 0x05, 0xDB,
    0x4F, 0x7F, 0x08, 0xB0, 0x79, 0xF3, 0xE3, 0x04, 0xF9, 0xEF, 0xD7, 0x76, 0xC7, 0x88, 0x13, 0x0B,
    0x72, 0x33, 0xC9, 0xBC, 0xE7, 0xAD, 0xF6, 0xB5, 0xF3, 0xC8, 0xDC, 0xDB, 0x14, 0xB3, 0x1B, 0xBA,
    0xEC, 0x56, 0x16, 0x87, 0x17, 0xDE, 0xB9, 0x3F, 0x6F, 0xA6, 0x0B, 0x64, 0x05, 0xFC, 0x03, 0xBB,
    0x8A, 0x8E, 0x7C, 0xAA, 0xF2, 0x89, 0x55, 0xA8, 0x5C, 0x88, 0xB6, 0x72, 0x4D, 0xCA, 0x5F, 0x5E,
    0x3A, 0xE9, 0xA8, 0xB5, 0x2B, 0x1D, 0x80, 0xB6, 0x93, 0x1F, 0x41, 0xF2, 0xA7, 0x70, 0x16, 0x7F,
    0xE7, 0x9E, 0x74, 0x7A, 0xCB, 0xC2, 0xD7, 0x5C, 0xFB, 0xD9, 0xAB, 0x99, 0x55, 0x28, 0xFA, 0x40,
    0x3E, 0x15, 0x7D, 0x4B, 0x31, 0x14, 0x7D, 0x55, 0x6F, 0xBA, 0xA2, 0xDF, 0xF4, 0x25, 0xAB, 0xFA,
    0xF0, 0xCF, 0x71, 0x86, 0x0B, 0x8B, 0x3D, 0xE5, 0x78, 0xAA, 0x54, 0xA4, 0x97, 0xD8, 0xE1, 0xB9,
    0x0E, 0x7C, 0x1E, 0x2A, 0xBD, 0xE7, 0x85, 0x87, 0xDB, 0x0B, 0xA6, 0xBD, 0xFC, 0x52, 0x3B, 0xA2,
    0xB7, 0xDA, 0x6A, 0x97, 0x76, 0xB4, 0x17, 0x41, 0xA2, 0xC6, 0xC9, 0x22, 0xAE, 0xF4, 0xF9, 0x7A,
    0xDD, 0xC1, 0x6D, 0xE9, 0xDB, 0x75, 0x29, 0xB3, 0x85, 0xF5, 0x54, 0x72, 0x85, 0xF3, 0xDA, 0x52,
    0x76, 0x25, 0x9B, 0xAE, 0xE2, 0x3D, 0x8A, 0x7E, 0x8B, 0xA3, 0xFF, 0xCF, 0x19, 0xAE, 0xEE, 0xCC,
    0x70, 0xE6, 0xF8, 0x06, 0x69, 0xEE, 0xFF, 0x9C, 0x01, 0x3B, 0x3C, 0x3C, 0x71, 0x90, 0x27, 0xB7,
    0x5A, 0x76, 0xBC, 0xD5, 0xEA, 0xAA, 0xF7, 0x36, 0xDD, 0xE1, 0xFF, 0xE7, 0x8F, 0xF3, 0x0D, 0xF8,
    0x4E, 0xBE, 0x31, 0xCF, 0x30, 0x43, 0x83, 0xD9, 0xAC, 0x97, 0xFA, 0xDF, 0xD7, 0x7B, 0xCF, 0xA7,
    0xDC, 0xF1, 0x16, 0xFF, 0x0B, 0xCD, 0xD3, 0x21, 0x8C, 0xD4, 0x40, 0x14, 0xC6, 0xF1, 0x7F, 0xDB,
    0x40, 0x45, 0xC5, 0xA8, 0x13, 0xE4, 0x44, 0x3D, 0xA6, 0x96, 0x84, 0x70, 0x53, 0xAF, 0x4E, 0xE0,
    0x7D, 0xD6, 0x62, 0x30, 0x7B, 0x5B, 0xBC, 0x21, 0x78, 0x71, 0x92, 0xAC, 0x01, 0x9F, 0xDD, 0x6B,
    0x09, 0x3E, 0xA9, 0x37, 0x94, 0x40, 0x30, 0x98, 0x11, 0x4D, 0x28, 0xD0, 0xDD, 0xE1, 0xBD, 0x77,
    0xD7, 0xDC, 0x09, 0x40, 0x12, 0x46, 0xFC, 0x32, 0xDD, 0xF7, 0xA6, 0x5F, 0x93, 0x37, 0xCB, 0xAA,
    0x06, 0xAA, 0x41, 0xC8, 0x0E, 0x02, 0x1B, 0x7D, 0x2E, 0xED, 0x79, 0x14, 0x98, 0x15, 0x0F, 0xD5,
    0xB1, 0xAC, 0x93, 0x18, 0x3F, 0x74, 0xF9, 0x94, 0xFC, 0xEC, 0x5C, 0x4F, 0xD5, 0x57, 0x35, 0x6E,
    0xF0, 0x50, 0x04, 0x21, 0x0F, 0x17, 0x90, 0x5D, 0x73, 0x65, 0xBB, 0x05, 0xAB, 0x5A, 0x5F, 0x5F,
    0x36, 0x38, 0x3D, 0xEB, 0xEB, 0xEC, 0xFB, 0xFD, 0x23, 0xB4, 0x71, 0x84, 0xD3, 0xA8, 0x91, 0xB1,
    0x81, 0x24, 0x76, 0x90, 0x2A, 0xD9, 0xB7, 0x1E, 0xF2, 0x4F, 0x01, 0x8A, 0xF7, 0x82, 0x7B, 0x37,
    0x0A, 0xCD, 0x04, 0x55, 0x3D, 0x83, 0x67, 0x0F, 0x67, 0x5C, 0xC0, 0x1E, 0x0F, 0xB3, 0xFC, 0x2A,
    0x94, 0x4D, 0x32, 0xE1, 0xBA, 0x2C, 0xE0, 0x7A, 0xA1, 0x18, 0xF2, 0x41, 0xC2, 0x25, 0x2D, 0x1B,
    0x5D, 0x47, 0x3A, 0x49, 0x78, 0x32, 0x4B, 0x27, 0xB3, 0x07, 0xAE, 0x36, 0xDB, 0xED, 0x36, 0x6E,
    0xA2, 0x2C, 0xE3, 0xA1, 0x3C, 0xBE, 0xF4, 0xB2, 0x19, 0xAE, 0x81, 0xE2, 0x1F, 0x73, 0x02, 0xF7,
    0xCE, 0x57, 0xF2, 0x19, 0x97, 0x6D, 0x8C, 0x31, 0x18, 0x1B, 0x80, 0xAA, 0x13, 0x9C, 0x8D, 0x24,
    0x08, 0xE9, 0x2C, 0x70, 0x54, 0xBC, 0x0D, 0x4B, 0xCB, 0x45, 0xD0, 0xF2, 0x24, 0x70, 0x3D, 0x46,
    0x2B, 0x37, 0x82, 0xEB, 0x16, 0x2A, 0xC5, 0x0A, 0x87, 0xE5, 0x35, 0x79, 0xD0, 0x62, 0xBF, 0xF4,
    0xB6, 0x40, 0x32, 0x2F, 0xB3, 0x2F, 0x06, 0x7B, 0xFB, 0x92, 0xD3, 0xDE, 0x7E, 0xDA, 0x6F, 0x00,
    0x1D, 0x30, 0x96, 0x65, 0x36, 0x6A, 0x59, 0xAB, 0x1E, 0xCC, 0x93, 0xA7, 0x70, 0x81, 0x3F, 0xC0,
    0x0E, 0x7F, 0x84, 0xD9, 0x4A, 0x93, 0x9A, 0x8C, 0x3A, 0xDB, 0x2C, 0x40, 0xD9, 0xA8, 0xAE, 0xCB,
    0x7B, 0x28, 0xBA, 0xA2, 0x83, 0xBC, 0x77, 0x62, 0x36, 0xB8, 0x46, 0x0C, 0x3A, 0xC1, 0x34, 0x78,
    0x20, 0x99, 0xCE, 0x44, 0xE6, 0xB5, 0xB9, 0x53, 0xD7, 0xB3, 0xEA, 0x27, 0x33, 0xA8, 0x95, 0x6A,
    0x2B, 0x8D, 0x4D, 0x71, 0xC0, 0xC5, 0x50, 0xC5, 0xA6, 0x7A, 0x31, 0x3F, 0x2F, 0xBB, 0x33, 0xD6,
    0x6F, 0xB3, 0x61, 0x4D, 0xD5, 0x65, 0x61, 0x4F, 0x69, 0xBA, 0x66, 0xD9, 0xAF, 0x79, 0x2C, 0x7A,
    0x9E, 0x85, 0x7C, 0xA8, 0x5E, 0x7D, 0x3C, 0x94, 0x9D, 0x8B, 0xDD, 0x26, 0xD6, 0xE9, 0x91, 0x53,
    0x0D, 0x28, 0xE2, 0x0C, 0x5E, 0xD9, 0x6C, 0x5F, 0xC3, 0x1E, 0xFE, 0x1B, 0x66, 0x58, 0x6D, 0x85,
    0x36, 0x8E, 0x4A, 0x0F, 0x49, 0xDB, 0xF0, 0xA8, 0x88, 0x07, 0xF6, 0xE5, 0x97, 0xF8, 0x75, 0xF6,
    0x54, 0x31, 0x3C, 0xB0, 0x5F, 0xEF, 0xAE, 0xBF, 0xF7, 0xED, 0xC0, 0xA6, 0x45, 0x1A, 0xD0, 0x79,
    0x70, 0x3B, 0xFD, 0xD5, 0xB6, 0xDD, 0x5E, 0xC2, 0x93, 0x9B, 0x70, 0x1D, 0xA7, 0x75, 0xB0, 0x7A,
    0xF3, 0xE3, 0xEE, 0xA5, 0xC1, 0x26, 0xB6, 0xB3, 0x0E, 0xE5, 0x9C, 0xDB, 0x95, 0xDB, 0x25, 0x13,
    0x8A, 0x58, 0x4B, 0xE2, 0x04, 0xA5, 0x6C, 0xD2, 0xF8, 0x19, 0xAA, 0x23, 0x10, 0xFB, 0xE5, 0x72,
    0xC7, 0x46, 0xD8, 0xE8, 0x36, 0x8F, 0x83, 0x68, 0xE5, 0x34, 0x8E, 0xE8, 0x11, 0x21, 0x89, 0xB5,
    0x58, 0x08, 0xCB, 0xD2, 0xBF, 0x15, 0x51, 0x56, 0x6D, 0xA0, 0x6B, 0x50, 0x6C, 0x7F, 0x73, 0xB2,
    0x41, 0x63, 0x6D, 0xB2, 0xFD, 0x12, 0x90, 0x5A, 0x83, 0x17, 0xF4, 0xA5, 0x96, 0x94, 0x6A, 0xA6,
    0x16, 0xAD, 0xCD, 0x0E, 0xE8, 0x51, 0x46, 0x80, 0x3F, 0x46, 0xFE, 0x02, 0xAD, 0xCA, 0xA1, 0x11,
    0xC0, 0x20, 0x10, 0x04, 0xC0, 0x1B, 0x10, 0x48, 0x4A, 0xA1, 0x30, 0x2A, 0x0B, 0x29, 0x82, 0x96,
    0x4E, 0x32, 0x2F, 0xB8, 0x7C, 0x32, 0xA8, 0x08, 0x14, 0x66, 0xD5, 0xA2, 0xCC, 0x44, 0x68, 0xE6,
    0x11, 0xEC, 0xCA, 0x23, 0x12, 0x89, 0x0E, 0xF0, 0xA3, 0x4B, 0xE2, 0x47, 0xB5, 0x76, 0xBF, 0x25,
    0x1E, 0x07, 0x45, 0x8E, 0x9C, 0x60, 0x6D, 0xF3, 0xBA, 0xB4, 0xA8, 0xEB, 0x9D, 0xE7, 0x01,
};

static const EpdGlyph notoserif_18_regularGlyphs[] = {
    { 0, 0, 360, 0, 0, 0, 0 }, // U+0020
    { 6, 26, 360, 8, 26, 39, 0 }, // !
    { 11, 11, 360, 6, 28, 31, 39 }, // "
    { 22, 26, 360, 0, 26, 143, 70 }, // #
    { 20, 35, 360, 1, 31, 175, 213 }, // $
    { 22, 26, 400, 2, 26, 143, 388 }, // %
    { 22, 26, 360, 0, 26, 143, 531 }, // &
    { 4, 11, 360, 9, 28, 11, 674 }, // '
    { 12, 34, 360, 7, 29, 102, 685 }, // (
    { 12, 34, 360, 3, 29, 102, 787 }, // )
    { 20, 19, 360, 1, 21, 95, 889 }, // *
    { 19, 18, 360, 2, 20, 86, 984 }, // +
    { 8, 10, 360, 7, 5, 20, 1070 }, // ,
    { 12, 3, 360, 5, 13, 9, 1090 }, // -
    { 6, 5, 360, 8, 5, 8, 1099 }, // .
    { 17, 34, 360, 3, 29, 145, 1107 }, // /
    { 19, 26, 360, 2, 26, 124, 1252 }, // 0
    { 20, 26, 360, 1, 26, 130, 1376 }, // 1
    { 19, 26, 360, 2, 26, 124, 1506 }, // 2
    { 19, 26, 360, 1, 26, 124, 1630 }, // 3
    { 21, 26, 360, 1, 26, 137, 1754 }, // 4
    { 18, 26, 360, 2, 26, 117, 1891 }, // 5
    { 19, 26, 360, 2, 26, 124, 2008 }, // 6
    { 18, 26, 360, 2, 26, 117, 2132 }, // 7
    { 19, 26, 360, 2, 26, 124, 2249 }, // 8
    { 19, 26, 360, 2, 26, 124, 2373 }, // 9
    { 6, 20, 360, 8, 20, 30, 2497 }, // :
    { 8, 25, 360, 7, 20, 50, 2527 }, // ;
    { 17, 23, 360, 3, 23, 98, 2577 }, // <
    { 19, 10, 360, 2, 17, 48, 2675 }, // =
    { 17, 23, 360, 3, 23, 98, 2723 }, // >
    { 18, 26, 360, 2, 26, 117, 2821 }, // ?
    { 18, 30, 360, 2, 26, 135, 2938 }, // @
    { 21, 26, 360, 1, 26, 137, 3073 }, // A
    { 18, 26, 360, 3, 26, 117, 3210 }, // B
    { 19, 26, 360, 2, 26, 124, 3327 }, // C
    { 18, 26, 360, 3, 26, 117, 3451 }, // D
    { 17, 26, 360, 3, 26, 111, 3568 }, // E
    { 17, 26, 360, 3, 26, 111, 3679 }, // F
    { 18, 26, 360, 2, 26, 117, 3790 }, // G
    { 17, 26, 360, 3, 26, 111, 3907 }, // H
    { 17, 26, 360, 3, 26, 111, 4018 }, // I
    { 16, 26, 360, 2, 26, 104, 4129 }, // J
    { 19, 26, 360, 3, 26, 124, 4233 }, // K
    { 17, 26, 360, 4, 26, 111, 4357 }, // L
    { 18, 26, 360, 2, 26, 117, 4468 }, // M
    { 17, 26, 360, 3, 26, 111, 4585 }, // N
    { 19, 26, 360, 2, 26, 124, 4696 }, // O
    { 18, 26, 360, 3, 26, 117, 4820 }, // P
    { 22, 27, 360, 2, 26, 149, 4937 }, // Q
    { 18, 26, 360, 3, 26, 117, 5086 }, // R
    { 20, 26, 360, 1, 26, 130, 5203 }, // S
    { 22, 26, 360, 0, 26, 143, 5333 }, // T
    { 17, 26, 360, 3, 26, 111, 5476 }, // U
    { 21, 26, 360, 1, 26, 137, 5587 }, // V
    { 21, 26, 360, 1, 26, 137, 5724 }, // W
    { 22, 26, 360, 0, 26, 143, 5861 }, // X
    { 22, 26, 360, 0, 26, 143, 6004 }, // Y
    { 20, 26, 360, 1, 26, 130, 6147 }, // Z
    { 11, 34, 360, 8, 29, 94, 6277 }, // [
    { 17, 34, 360, 3, 29, 145, 6371 }, // <backslash>
    { 12, 34, 360, 3, 29, 102, 6516 }, // ]
    { 20, 16, 360, 1, 26, 80, 6618 }, // ^
    { 19, 3, 360, 2, -3, 15, 6698 }, // _
    { 6, 9, 360, 7, 30, 14, 6713 }, // `
    { 19, 20, 360, 2, 20, 95, 6727 }, // a
    { 18, 28, 360, 3, 28, 126, 6822 }, // b
    { 17, 20, 360, 3, 20, 85, 6948 }, // c
    { 17, 28, 360, 2, 28, 119, 7033 }, // d
    { 18, 20, 360, 2, 20, 90, 7152 }, // e
    { 19, 28, 360, 2, 28, 133, 7242 }, // f
    { 17, 28, 360, 2, 20, 119, 7375 }, // g
    { 17, 28, 360, 3, 28, 119, 7494 }, // h
    { 17, 28, 360, 3, 28, 119, 7613 }, // i
    { 14, 36, 360, 3, 28, 126, 7732 }, // j
    { 19, 28, 360, 3, 28, 133, 7858 }, // k
    { 17, 28, 360, 3, 28, 119, 7991 }, // l
    { 19, 20, 360, 2, 20, 95, 8110 }, // m
    { 17, 20, 360, 3, 20, 85, 8205 }, // n
    { 19, 20, 360, 2, 20, 95, 8290 }, // o
    { 18, 28, 360, 3, 20, 126, 8385 }, // p
    { 17, 28, 360, 2, 20, 119, 8511 }, // q
    { 19, 20, 360, 2, 20, 95, 8630 }, // r
    { 18, 20, 360, 2, 20, 90, 8725 }, // s
    { 19, 26, 360, 1, 26, 124, 8815 }, // t
    { 16, 20, 360, 3, 20, 80, 8939 }, // u
    { 19, 20, 360, 2, 20, 95, 9019 }, // v
    { 21, 20, 360, 1, 20, 105, 9114 }, // w
    { 19, 20, 360, 2, 20, 95, 9219 }, // x
    { 20, 28, 360, 1, 20, 140, 9314 }, // y
    { 17, 20, 360, 3, 20, 85, 9454 }, // z
    { 16, 34, 360, 3, 29, 136, 9539 }, // {
    { 4, 34, 360, 9, 29, 34, 9675 }, // |
    { 16, 34, 360, 3, 29, 136, 9709 }, // }
    { 20, 5, 360, 1, 14, 25, 9845 }, // ~
    { 0, 0, 360, 0, 0, 0, 0 }, // U+00A0
    { 6, 27, 360, 8, 20, 41, 0 }, // U+00A1
    { 17, 28, 360, 3, 24, 119, 41 }, // U+00A2
    { 20, 26, 360, 1, 26, 130, 160 }, // U+00A3
    { 22, 26, 360, 0, 26, 143, 290 }, // U+00A5
    { 4, 34, 360, 9, 29, 34, 433 }, // U+00A6
    { 17, 33, 360, 3, 26, 141, 467 }, // U+00A7
    { 12, 4, 360, 5, 27, 12, 608 }, // U+00A8
    { 23, 26, 499, 4, 27, 150, 620 }, // U+00A9
    { 13, 14, 360, 5, 27, 46, 770 }, // U+00AA
    { 19, 17, 360, 2, 19, 81, 816 }, // U+00AB
    { 18, 11, 360, 2, 13, 50, 897 }, // U+00AC
    { 12, 3, 360, 5, 13, 9, 947 }, // U+00AD
    { 15, 14, 360, 4, 27, 53, 956 }, // U+00AE
    { 11, 3, 360, 6, 27, 9, 1009 }, // U+00AF
    { 14, 13, 360, 4, 27, 46, 1018 }, // U+00B0
    { 19, 24, 360, 2, 24, 114, 1064 }, // U+00B1
    { 11, 14, 360, 6, 26, 39, 1178 }, // U+00B2
    { 12, 14, 360, 5, 26, 42, 1217 }, // U+00B3
    { 7, 9, 360, 9, 30, 16, 1259 }, // U+00B4
    { 16, 28, 360, 3, 20, 112, 1275 }, // U+00B5
    { 18, 33, 360, 1, 26, 149, 1387 }, // U+00B6
    { 6, 5, 360, 8, 14, 8, 1536 }, // U+00B7
    { 9, 9, 360, 7, 1, 21, 1544 }, // U+00B8
    { 12, 14, 360, 5, 26, 42, 1565 }, // U+00B9
    { 13, 14, 360, 5, 27, 46, 1607 }, // U+00BA
    { 18, 17, 360, 2, 19, 77, 1653 }, // U+00BB
    { 22, 26, 360, 0, 26, 143, 1730 }, // U+00BC
    { 22, 26, 360, 0, 26, 143, 1873 }, // U+00BD
    { 22, 26, 360, 0, 26, 143, 2016 }, // U+00BE
    { 17, 28, 360, 3, 20, 119, 2159 }, // U+00BF
    { 21, 36, 360, 1, 36, 189, 2278 }, // U+00C0
    { 21, 36, 360, 1, 36, 189, 2467 }, // U+00C1
    { 21, 35, 360, 1, 35, 184, 2656 }, // U+00C2
    { 21, 35, 360, 1, 35, 184, 2840 }, // U+00C3
    { 21, 33, 360, 1, 33, 174, 3024 }, // U+00C4
    { 21, 37, 360, 1, 37, 195, 3198 }, // U+00C5
    { 21, 26, 360, 1, 26, 137, 3393 }, // U+00C6
    { 19, 34, 360, 2, 26, 162, 3530 }, // U+00C7
    { 17, 36, 360, 3, 36, 153, 3692 }, // U+00C8
    { 17, 36, 360, 3, 36, 153, 3845 }, // U+00C9
    { 17, 35, 360, 3, 35, 149, 3998 }, // U+00CA
    { 17, 33, 360, 3, 33, 141, 4147 }, // U+00CB
    { 17, 36, 360, 3, 36, 153, 4288 }, // U+00CC
    { 17, 36, 360, 3, 36, 153, 4441 }, // U+00CD
    { 17, 35, 360, 3, 35, 149, 4594 }, // U+00CE
    { 17, 33, 360, 3, 33, 141, 4743 }, // U+00CF
    { 21, 26, 360, 0, 26, 137, 4884 }, // U+00D0
    { 17, 35, 360, 3, 35, 149, 5021 }, // U+00D1
    { 19, 36, 360, 2, 36, 171, 5170 }, // U+00D2
    { 19, 36, 360, 2, 36, 171, 5341 }, // U+00D3
    { 19, 35, 360, 2, 35, 167, 5512 }, // U+00D4
    { 19, 35, 360, 2, 35, 167, 5679 }, // U+00D5
    { 19, 33, 360, 2, 33, 157, 5846 }, // U+00D6
    { 17, 17, 360, 3, 20, 73, 6003 }, // U+00D7
    { 20, 30, 360, 1, 28, 150, 6076 }, // U+00D8
    { 17, 36, 360, 3, 36, 153, 6226 }, // U+00D9
    { 17, 36, 360, 3, 36, 153, 6379 }, // U+00DA
    { 17, 35, 360, 3, 35, 149, 6532 }, // U+00DB
    { 17, 33, 360, 3, 33, 141, 6681 }, // U+00DC
    { 22, 36, 360, 0, 36, 198, 6822 }, // U+00DD
    { 18, 26, 360, 3, 26, 117, 7020 }, // U+00DE
    { 21, 28, 360, 1, 28, 147, 7137 }, // U+00DF
    { 19, 30, 360, 2, 30, 143, 7284 }, // U+00E0
    { 19, 30, 360, 2, 30, 143, 7427 }, // U+00E1
    { 19, 29, 360, 2, 29, 138, 7570 }, // U+00E2
    { 19, 28, 360, 2, 28, 133, 7708 }, // U+00E3
    { 19, 27, 360, 2, 27, 129, 7841 }, // U+00E4
    { 19, 31, 360, 2, 31, 148, 7970 }, // U+00E5
    { 22, 20, 360, 0, 20, 110, 8118 }, // U+00E6
    { 17, 28, 360, 3, 20, 119, 8228 }, // U+00E7
    { 18, 30, 360, 2, 30, 135, 8347 }, // U+00E8
    { 18, 30, 360, 2, 30, 135, 8482 }, // U+00E9
    { 18, 29, 360, 2, 29, 131, 8617 }, // U+00EA
    { 18, 27, 360, 2, 27, 122, 8748 }, // U+00EB
    { 18, 30, 360, 3, 30, 135, 8870 }, // U+00EC
    { 18, 30, 360, 3, 30, 135, 9005 }, // U+00ED
    { 18, 29, 360, 3, 29, 131, 9140 }, // U+00EE
    { 18, 27, 360, 3, 27, 122, 9271 }, // U+00EF
    { 19, 29, 360, 2, 29, 138, 9393 }, // U+00F0
    { 17, 28, 360, 3, 28, 119, 9531 }, // U+00F1
    { 19, 30, 360, 2, 30, 143, 9650 }, // U+00F2
    { 19, 30, 360, 2, 30, 143, 9793 }, // U+00F3
    { 19, 29, 360, 2, 29, 138, 9936 }, // U+00F4
    { 19, 28, 360, 2, 28, 133, 10074 }, // U+00F5
    { 19, 27, 360, 2, 27, 129, 10207 }, // U+00F6
    { 19, 19, 360, 2, 21, 91, 10336 }, // U+00F7
    { 20, 24, 360, 1, 22, 120, 10427 }, // U+00F8
    { 16, 30, 360, 3, 30, 120, 10547 }, // U+00F9
    { 16, 30, 360, 3, 30, 120, 10667 }, // U+00FA
    { 16, 29, 360, 3, 29, 116, 10787 }, // U+00FB
    { 16, 27, 360, 3, 27, 108, 10903 }, // U+00FC
    { 20, 38, 360, 1, 30, 190, 11011 }, // U+00FD
    { 18, 36, 360, 3, 28, 162, 11201 }, // U+00FE
    { 20, 35, 360, 1, 27, 175, 11363 }, // U+00FF
    { 21, 34, 360, 1, 34, 179, 0 }, // U+0100
    { 19, 27, 360, 2, 27, 129, 179 }, // U+0101
    { 21, 36, 360, 1, 36, 189, 308 }, // U+0102
    { 19, 30, 360, 2, 30, 143, 497 }, // U+0103
    { 22, 34, 360, 1, 26, 187, 640 }, // U+0104
    { 20, 28, 360, 2, 20, 140, 827 }, // U+0105
    { 19, 36, 360, 2, 36, 171, 967 }, // U+0106
    { 17, 30, 360, 3, 30, 128, 1138 }, // U+0107
    { 19, 35, 360, 2, 35, 167, 1266 }, // U+0108
    { 17, 29, 360, 3, 29, 124, 1433 }, // U+0109
    { 19, 33, 360, 2, 33, 157, 1557 }, // U+010A
    { 17, 27, 360, 3, 27, 115, 1714 }, // U+010B
    { 19, 36, 360, 2, 36, 171, 1829 }, // U+010C
    { 17, 30, 360, 3, 30, 128, 2000 }, // U+010D
    { 18, 36, 360, 3, 36, 162, 2128 }, // U+010E
    { 24, 28, 360, 1, 28, 168, 2290 }, // U+010F
    { 21, 26, 360, 0, 26, 137, 2458 }, // U+0110
    { 20, 28, 360, 2, 28, 140, 2595 }, // U+0111
    { 17, 34, 360, 3, 34, 145, 2735 }, // U+0112
    { 18, 27, 360, 2, 27, 122, 2880 }, // U+0113
    { 17, 36, 360, 3, 36, 153, 3002 }, // U+0114
    { 18, 30, 360, 2, 30, 135, 3155 }, // U+0115
    { 17, 33, 360, 3, 33, 141, 3290 }, // U+0116
    { 18, 27, 360, 2, 27, 122, 3431 }, // U+0117
    { 18, 34, 360, 3, 26, 153, 3553 }, // U+0118
    { 18, 28, 360, 2, 20, 126, 3706 }, // U+0119
    { 17, 36, 360, 3, 36, 153, 3832 }, // U+011A
    { 18, 30, 360, 2, 30, 135, 3985 }, // U+011B
    { 18, 35, 360, 2, 35, 158, 4120 }, // U+011C
    { 17, 37, 360, 2, 29, 158, 4278 }, // U+011D
    { 18, 36, 360, 2, 36, 162, 4436 }, // U+011E
    { 17, 38, 360, 2, 30, 162, 4598 }, // U+011F
    { 18, 33, 360, 2, 33, 149, 4760 }, // U+0120
    { 17, 35, 360, 2, 27, 149, 4909 }, // U+0121
    { 18, 35, 360, 2, 26, 158, 5058 }, // U+0122
    { 17, 37, 360, 2, 29, 158, 5216 }, // U+0123
    { 17, 35, 360, 3, 35, 149, 5374 }, // U+0124
    { 21, 36, 360, -1, 36, 189, 5523 }, // U+0125
    { 23, 26, 360, 0, 26, 150, 5712 }, // U+0126
    { 19, 28, 360, 1, 28, 133, 5862 }, // U+0127
    { 17, 35, 360, 3, 35, 149, 5995 }, // U+0128
    { 18, 28, 360, 3, 28, 126, 6144 }, // U+0129
    { 17, 34, 360, 3, 34, 145, 6270 }, // U+012A
    { 18, 27, 360, 3, 27, 122, 6415 }, // U+012B
    { 17, 36, 360, 3, 36, 153, 6537 }, // U+012C
    { 18, 30, 360, 3, 30, 135, 6690 }, // U+012D
    { 18, 34, 360, 3, 26, 153, 6825 }, // U+012E
    { 19, 35, 360, 3, 27, 167, 6978 }, // U+012F
    { 17, 33, 360, 3, 33, 141, 7145 }, // U+0130
    { 18, 20, 360, 3, 20, 90, 7286 }, // U+0131
    { 17, 26, 360, 3, 26, 111, 7376 }, // U+0132
    { 17, 36, 360, 3, 28, 153, 7487 }, // U+0133
    { 16, 35, 360, 2, 35, 140, 7640 }, // U+0134
    { 18, 37, 360, 3, 29, 167, 7780 }, // U+0135
    { 19, 35, 360, 3, 26, 167, 7947 }, // U+0136
    { 19, 37, 360, 3, 28, 176, 8114 }, // U+0137
    { 19, 20, 360, 3, 20, 95, 8290 }, // U+0138
    { 17, 36, 360, 4, 36, 153, 8385 }, // U+0139
    { 17, 37, 360, 3, 37, 158, 8538 }, // U+013A
    { 17, 35, 360, 4, 26, 149, 8696 }, // U+013B
    { 17, 37, 360, 3, 28, 158, 8845 }, // U+013C
    { 17, 28, 360, 4, 28, 119, 9003 }, // U+013D
    { 18, 28, 360, 3, 28, 126, 9122 }, // U+013E
    { 17, 26, 360, 4, 26, 111, 9248 }, // U+013F
    { 19, 28, 360, 3, 28, 133, 9359 }, // U+0140
    { 20, 26, 360, 1, 26, 130, 9492 }, // U+0141
    { 17, 28, 360, 3, 28, 119, 9622 }, // U+0142
    { 17, 36, 360, 3, 36, 153, 9741 }, // U+0143
    { 17, 30, 360, 3, 30, 128, 9894 }, // U+0144
    { 17, 35, 360, 3, 26, 149, 10022 }, // U+0145
    { 17, 29, 360, 3, 20, 124, 10171 }, // U+0146
    { 17, 36, 360, 3, 36, 153, 10295 }, // U+0147
    { 17, 30, 360, 3, 30, 128, 10448 }, // U+0148
    { 20, 28, 360, 0, 28, 140, 10576 }, // U+0149
    { 17, 34, 360, 3, 26, 145, 10716 }, // U+014A
    { 17, 28, 360, 3, 20, 119, 10861 }, // U+014B
    { 19, 34, 360, 2, 34, 162, 10980 }, // U+014C
    { 19, 27, 360, 2, 27, 129, 11142 }, // U+014D
    { 19, 36, 360, 2, 36, 171, 11271 }, // U+014E
    { 19, 30, 360, 2, 30, 143, 11442 }, // U+014F
    { 19, 36, 360, 2, 36, 171, 11585 }, // U+0150
    { 19, 30, 360, 2, 30, 143, 11756 }, // U+0151
    { 20, 26, 360, 1, 26, 130, 11899 }, // U+0152
    { 22, 20, 360, 0, 20, 110, 12029 }, // U+0153
    { 18, 36, 360, 3, 36, 162, 12139 }, // U+0154
    { 19, 30, 360, 2, 30, 143, 12301 }, // U+0155
    { 18, 35, 360, 3, 26, 158, 12444 }, // U+0156
    { 19, 29, 360, 2, 20, 138, 12602 }, // U+0157
    { 18, 36, 360, 3, 36, 162, 12740 }, // U+0158
    { 19, 30, 360, 2, 30, 143, 12902 }, // U+0159
    { 20, 36, 360, 1, 36, 180, 13045 }, // U+015A
    { 18, 30, 360, 2, 30, 135, 13225 }, // U+015B
    { 20, 35, 360, 1, 35, 175, 13360 }, // U+015C
    { 18, 29, 360, 2, 29, 131, 13535 }, // U+015D
    { 20, 34, 360, 1, 26, 170, 13666 }, // U+015E
    { 18, 28, 360, 2, 20, 126, 13836 }, // U+015F
    { 20, 36, 360, 1, 36, 180, 13962 }, // U+0160
    { 18, 30, 360, 2, 30, 135, 14142 }, // U+0161
    { 22, 35, 360, 0, 26, 193, 14277 }, // U+0162
    { 19, 35, 360, 1, 26, 167, 14470 }, // U+0163
    { 22, 36, 360, 0, 36, 198, 14637 }, // U+0164
    { 19, 29, 360, 1, 29, 138, 14835 }, // U+0165
    { 22, 26, 360, 0, 26, 143, 14973 }, // U+0166
    { 19, 26, 360, 1, 26, 124, 15116 }, // U+0167
    { 17, 35, 360, 3, 35, 149, 15240 }, // U+0168
    { 16, 28, 360, 3, 28, 112, 15389 }, // U+0169
    { 17, 34, 360, 3, 34, 145, 15501 }, // U+016A
    { 16, 27, 360, 3, 27, 108, 15646 }, // U+016B
    { 17, 36, 360, 3, 36, 153, 15754 }, // U+016C
    { 16, 30, 360, 3, 30, 120, 15907 }, // U+016D
    { 17, 37, 360, 3, 37, 158, 16027 }, // U+016E
    { 16, 31, 360, 3, 31, 124, 16185 }, // U+016F
    { 17, 36, 360, 3, 36, 153, 16309 }, // U+0170
    { 16, 30, 360, 3, 30, 120, 16462 }, // U+0171
    { 17, 34, 360, 3, 26, 145, 16582 }, // U+0172
    { 17, 28, 360, 3, 20, 119, 16727 }, // U+0173
    { 21, 35, 360, 1, 35, 184, 16846 }, // U+0174
    { 21, 29, 360, 1, 29, 153, 17030 }, // U+0175
    { 22, 35, 360, 0, 35, 193, 17183 }, // U+0176
    { 20, 37, 360, 1, 29, 185, 17376 }, // U+0177
    { 22, 33, 360, 0, 33, 182, 17561 }, // U+0178
    { 20, 36, 360, 1, 36, 180, 17743 }, // U+0179
    { 17, 30, 360, 3, 30, 128, 17923 }, // U+017A
    { 20, 33, 360, 1, 33, 165, 18051 }, // U+017B
    { 17, 27, 360, 3, 27, 115, 18216 }, // U+017C
    { 20, 36, 360, 1, 36, 180, 18331 }, // U+017D
    { 17, 30, 360, 3, 30, 128, 18511 }, // U+017E
    { 19, 31, 360, 2, 31, 148, 0 }, // U+01A0
    { 19, 24, 360, 2, 24, 114, 148 }, // U+01A1
    { 20, 31, 360, 3, 31, 155, 262 }, // U+01AF
    { 20, 24, 360, 3, 24, 120, 417 }, // U+01B0
    { 21, 43, 360, 1, 43, 226, 537 }, // U+01FA
    { 19, 36, 360, 2, 36, 171, 763 }, // U+01FB
    { 21, 36, 360, 1, 36, 189, 934 }, // U+01FC
    { 22, 30, 360, 0, 30, 165, 1123 }, // U+01FD
    { 20, 38, 360, 1, 36, 190, 1288 }, // U+01FE
    { 20, 32, 360, 1, 30, 160, 1478 }, // U+01FF
    { 20, 35, 360, 1, 26, 175, 1638 }, // U+0218
    { 18, 29, 360, 2, 20, 131, 1813 }, // U+0219
    { 22, 35, 360, 0, 26, 193, 1944 }, // U+021A
    { 19, 35, 360, 1, 26, 167, 2137 }, // U+021B
    { 7, 9, 0, -5, 30, 16, 0 }, // U+0300
    { 7, 9, 0, -2, 30, 16, 16 }, // U+0301
    { 14, 7, 0, -7, 29, 25, 32 }, // U+0302
    { 14, 5, 0, -7, 28, 18, 57 }, // U+0303
    { 12, 3, 0, -6, 27, 9, 75 }, // U+0304
    { 14, 7, 0, -7, 30, 25, 84 }, // U+0306
    { 5, 4, 0, -3, 27, 5, 109 }, // U+0307
    { 12, 4, 0, -6, 27, 12, 114 }, // U+0308
    { 8, 8, 0, -4, 30, 16, 126 }, // U+0309
    { 10, 9, 0, -5, 31, 23, 142 }, // U+030A
    { 13, 9, 0, -5, 30, 30, 165 }, // U+030B
    { 14, 7, 0, -7, 30, 25, 195 }, // U+030C
    { 6, 7, 0, -3, 29, 11, 220 }, // U+0312
    { 5, 7, 0, 0, 28, 9, 231 }, // U+0315
    { 6, 7, 0, -3, 25, 11, 240 }, // U+031B
    { 4, 4, 0, -2, -3, 4, 251 }, // U+0323
    { 6, 7, 0, -3, -2, 11, 255 }, // U+0326
    { 9, 9, 0, -4, 1, 21, 266 }, // U+0327
    { 8, 10, 0, -7, 2, 20, 287 }, // U+0328
    { 17, 36, 360, 3, 36, 153, 0 }, // U+0400
    { 17, 33, 360, 3, 33, 141, 153 }, // U+0401
    { 21, 32, 360, 0, 26, 168, 294 }, // U+0402
    { 16, 36, 360, 4, 36, 144, 462 }, // U+0403
    { 19, 26, 360, 2, 26, 124, 606 }, // U+0404
    { 20, 26, 360, 1, 26, 130, 730 }, // U+0405
    { 17, 26, 360, 3, 26, 111, 860 }, // U+0406
    { 17, 33, 360, 3, 33, 141, 971 }, // U+0407
    { 16, 26, 360, 2, 26, 104, 1112 }, // U+0408
    { 23, 26, 360, 0, 26, 150, 1216 }, // U+0409
    { 22, 26, 360, 0, 26, 143, 1366 }, // U+040A
    { 21, 26, 360, 0, 26, 137, 1509 }, // U+040B
    { 18, 36, 360, 3, 36, 162, 1646 }, // U+040C
    { 17, 36, 360, 3, 36, 153, 1808 }, // U+040D
    { 21, 36, 360, 1, 36, 189, 1961 }, // U+040E
    { 17, 32, 360, 3, 26, 136, 2150 }, // U+040F
    { 21, 26, 360, 1, 26, 137, 2286 }, // U+0410
    { 18, 26, 360, 3, 26, 117, 2423 }, // U+0411
    { 18, 26, 360, 3, 26, 117, 2540 }, // U+0412
    { 16, 26, 360, 4, 26, 104, 2657 }, // U+0413
    { 22, 32, 360, 0, 26, 176, 2761 }, // U+0414
    { 17, 26, 360, 3, 26, 111, 2937 }, // U+0415
    { 23, 26, 360, 0, 26, 150, 3048 }, // U+0416
    { 19, 26, 360, 1, 26, 124, 3198 }, // U+0417
    { 17, 26, 360, 3, 26, 111, 3322 }, // U+0418
    { 17, 36, 360, 3, 36, 153, 3433 }, // U+0419
    { 18, 26, 360, 3, 26, 117, 3586 }, // U+041A
    { 20, 26, 360, 0, 26, 130, 3703 }, // U+041B
    { 18, 26, 360, 2, 26, 117, 3833 }, // U+041C
    { 17, 26, 360, 3, 26, 111, 3950 }, // U+041D
    { 19, 26, 360, 2, 26, 124, 4061 }, // U+041E
    { 17, 26, 360, 3, 26, 111, 4185 }, // U+041F
    { 18, 26, 360, 3, 26, 117, 4296 }, // U+0420
    { 19, 26, 360, 2, 26, 124, 4413 }, // U+0421
    { 22, 26, 360, 0, 26, 143, 4537 }, // U+0422
    { 21, 26, 360, 1, 26, 137, 4680 }, // U+0423
    { 22, 29, 360, 0, 27, 160, 4817 }, // U+0424
    { 22, 26, 360, 0, 26, 143, 4977 }, // U+0425
    { 19, 32, 360, 3, 26, 152, 5120 }, // U+0426
    { 18, 26, 360, 2, 26, 117, 5272 }, // U+0427
    { 20, 26, 360, 1, 26, 130, 5389 }, // U+0428
    { 21, 32, 360, 1, 26, 168, 5519 }, // U+0429
    { 22, 26, 360, 0, 26, 143, 5687 }, // U+042A
    { 20, 26, 360, 1, 26, 130, 5830 }, // U+042B
    { 18, 26, 360, 3, 26, 117, 5960 }, // U+042C
    { 18, 26, 360, 2, 26, 117, 6077 }, // U+042D
    { 20, 26, 360, 1, 26, 130, 6194 }, // U+042E
    { 19, 26, 360, 1, 26, 124, 6324 }, // U+042F
    { 19, 20, 360, 2, 20, 95, 6448 }, // U+0430
    { 19, 28, 360, 2, 28, 133, 6543 }, // U+0431
    { 16, 20, 360, 4, 20, 80, 6676 }, // U+0432
    { 14, 20, 360, 5, 20, 70, 6756 }, // U+0433
    { 22, 26, 360, 0, 20, 143, 6826 }, // U+0434
    { 18, 20, 360, 2, 20, 90, 6969 }, // U+0435
    { 21, 20, 360, 1, 20, 105, 7059 }, // U+0436
    { 17, 20, 360, 2, 20, 85, 7164 }, // U+0437
    { 16, 20, 360, 3, 20, 80, 7249 }, // U+0438
    { 16, 30, 360, 3, 30, 120, 7329 }, // U+0439
    { 17, 20, 360, 4, 20, 85, 7449 }, // U+043A
    { 19, 20, 360, 0, 20, 95, 7534 }, // U+043B
    { 18, 20, 360, 2, 20, 90, 7629 }, // U+043C
    { 16, 20, 360, 3, 20, 80, 7719 }, // U+043D
    { 19, 20, 360, 2, 20, 95, 7799 }, // U+043E
    { 16, 20, 360, 3, 20, 80, 7894 }, // U+043F
    { 18, 28, 360, 3, 20, 126, 7974 }, // U+0440
    { 17, 20, 360, 3, 20, 85, 8100 }, // U+0441
    { 18, 20, 360, 2, 20, 90, 8185 }, // U+0442
    { 20, 28, 360, 1, 20, 140, 8275 }, // U+0443
    { 20, 34, 360, 1, 26, 170, 8415 }, // U+0444
    { 19, 20, 360, 2, 20, 95, 8585 }, // U+0445
    { 19, 26, 360, 3, 20, 124, 8680 }, // U+0446
    { 16, 20, 360, 3, 20, 80, 8804 }, // U+0447
    { 19, 20, 360, 2, 20, 95, 8884 }, // U+0448
    { 21, 26, 360, 1, 20, 137, 8979 }, // U+0449
    { 21, 20, 360, 0, 20, 105, 9116 }, // U+044A
    { 19, 20, 360, 2, 20, 95, 9221 }, // U+044B
    { 16, 20, 360, 4, 20, 80, 9316 }, // U+044C
    { 17, 20, 360, 3, 20, 85, 9396 }, // U+044D
    { 20, 20, 360, 1, 20, 100, 9481 }, // U+044E
    { 17, 20, 360, 2, 20, 85, 9581 }, // U+044F
    { 18, 30, 360, 2, 30, 135, 9666 }, // U+0450
    { 18, 27, 360, 2, 27, 122, 9801 }, // U+0451
    { 19, 36, 360, 1, 28, 171, 9923 }, // U+0452
    { 14, 30, 360, 5, 30, 105, 10094 }, // U+0453
    { 17, 20, 360, 3, 20, 85, 10199 }, // U+0454
    { 18, 20, 360, 2, 20, 90, 10284 }, // U+0455
    { 17, 28, 360, 3, 28, 119, 10374 }, // U+0456
    { 18, 27, 360, 3, 27, 122, 10493 }, // U+0457
    { 14, 36, 360, 3, 28, 126, 10615 }, // U+0458
    { 23, 20, 360, 0, 20, 115, 10741 }, // U+0459
    { 21, 20, 360, 1, 20, 105, 10856 }, // U+045A
    { 19, 28, 360, 1, 28, 133, 10961 }, // U+045B
    { 17, 30, 360, 4, 30, 128, 11094 }, // U+045C
    { 16, 30, 360, 3, 30, 120, 11222 }, // U+045D
    { 20, 38, 360, 1, 30, 190, 11342 }, // U+045E
    { 16, 26, 360, 3, 20, 104, 11532 }, // U+045F
    { 19, 26, 360, 2, 26, 124, 11636 }, // U+0472
    { 19, 20, 360, 2, 20, 95, 11760 }, // U+0473
    { 16, 32, 360, 4, 32, 128, 11855 }, // U+0490
    { 14, 25, 360, 5, 25, 88, 11983 }, // U+0491
    { 20, 26, 360, 1, 26, 130, 12071 }, // U+0492
    { 19, 20, 360, 1, 20, 95, 12201 }, // U+0493
    { 18, 32, 360, 3, 26, 144, 12296 }, // U+0494
    { 16, 28, 360, 4, 20, 112, 12440 }, // U+0495
    { 25, 31, 360, -1, 26, 194, 12552 }, // U+0496
    { 23, 25, 360, 0, 20, 144, 12746 }, // U+0497
    { 19, 32, 360, 1, 26, 152, 12890 }, // U+0498
    { 17, 25, 360, 2, 20, 107, 13042 }, // U+0499
    { 19, 32, 360, 2, 26, 152, 13149 }, // U+049A
    { 18, 25, 360, 3, 20, 113, 13301 }, // U+049B
    { 20, 26, 360, 2, 26, 130, 13414 }, // U+049C
    { 18, 20, 360, 3, 20, 90, 13544 }, // U+049D
    { 23, 26, 360, 0, 26, 150, 13634 }, // U+04A0
    { 22, 20, 360, 0, 20, 110, 13784 }, // U+04A1
    { 19, 31, 360, 3, 26, 148, 13894 }, // U+04A2
    { 19, 26, 360, 3, 20, 124, 14042 }, // U+04A3
    { 21, 26, 360, 1, 26, 137, 14166 }, // U+04A4
    { 20, 20, 360, 2, 20, 100, 14303 }, // U+04A5
    { 19, 32, 360, 2, 26, 152, 14403 }, // U+04AA
    { 17, 25, 360, 3, 20, 107, 14555 }, // U+04AB
    { 22, 26, 360, 0, 26, 143, 14662 }, // U+04AE
    { 19, 28, 360, 2, 20, 133, 14805 }, // U+04AF
    { 22, 26, 360, 0, 26, 143, 14938 }, // U+04B0
    { 19, 28, 360, 2, 20, 133, 15081 }, // U+04B1
    { 23, 32, 360, 0, 26, 184, 15214 }, // U+04B2
    { 20, 26, 360, 2, 20, 130, 15398 }, // U+04B3
    { 21, 31, 360, 1, 26, 163, 15528 }, // U+04B6
    { 20, 26, 360, 2, 20, 130, 15691 }, // U+04B7
    { 18, 26, 360, 2, 26, 117, 15821 }, // U+04B8
    { 16, 20, 360, 3, 20, 80, 15938 }, // U+04B9
    { 18, 26, 360, 3, 26, 117, 16018 }, // U+04BA
    { 17, 28, 360, 3, 28, 119, 16135 }, // U+04BB
    { 17, 26, 360, 3, 26, 111, 16254 }, // U+04C0
    { 23, 36, 360, 0, 36, 207, 16365 }, // U+04C1
    { 21, 30, 360, 1, 30, 158, 16572 }, // U+04C2
    { 17, 28, 360, 3, 28, 119, 16730 }, // U+04CF
    { 21, 36, 360, 1, 36, 189, 16849 }, // U+04D0
    { 19, 30, 360, 2, 30, 143, 17038 }, // U+04D1
    { 21, 33, 360, 1, 33, 174, 17181 }, // U+04D2
    { 19, 27, 360, 2, 27, 129, 17355 }, // U+04D3
    { 21, 26, 360, 1, 26, 137, 17484 }, // U+04D4
    { 22, 20, 360, 0, 20, 110, 17621 }, // U+04D5
    { 17, 36, 360, 3, 36, 153, 17731 }, // U+04D6
    { 18, 30, 360, 2, 30, 135, 17884 }, // U+04D7
    { 19, 26, 360, 2, 26, 124, 18019 }, // U+04D8
    { 18, 20, 360, 2, 20, 90, 18143 }, // U+04D9
    { 23, 33, 360, 0, 33, 190, 18233 }, // U+04DC
    { 21, 27, 360, 1, 27, 142, 18423 }, // U+04DD
    { 19, 33, 360, 1, 33, 157, 18565 }, // U+04DE
    { 17, 27, 360, 2, 27, 115, 18722 }, // U+04DF
    { 17, 34, 360, 3, 34, 145, 18837 }, // U+04E2
    { 16, 27, 360, 3, 27, 108, 18982 }, // U+04E3
    { 17, 33, 360, 3, 33, 141, 19090 }, // U+04E4
    { 16, 27, 360, 3, 27, 108, 19231 }, // U+04E5
    { 19, 33, 360, 2, 33, 157, 19339 }, // U+04E6
    { 19, 27, 360, 2, 27, 129, 19496 }, // U+04E7
    { 19, 26, 360, 2, 26, 124, 19625 }, // U+04E8
    { 19, 20, 360, 2, 20, 95, 19749 }, // U+04E9
    { 21, 34, 360, 1, 34, 179, 19844 }, // U+04EE
    { 20, 35, 360, 1, 27, 175, 20023 }, // U+04EF
    { 21, 33, 360, 1, 33, 174, 20198 }, // U+04F0
    { 20, 35, 360, 1, 27, 175, 20372 }, // U+04F1
    { 21, 36, 360, 1, 36, 189, 20547 }, // U+04F2
    { 20, 38, 360, 1, 30, 190, 20736 }, // U+04F3
    { 18, 33, 360, 2, 33, 149, 20926 }, // U+04F4
    { 16, 27, 360, 3, 27, 108, 21075 }, // U+04F5
    { 20, 33, 360, 1, 33, 165, 21183 }, // U+04F8
    { 19, 27, 360, 2, 27, 129, 21348 }, // U+04F9
    { 21, 33, 360, 1, 26, 174, 0 }, // U+1EA0
    { 19, 27, 360, 2, 20, 129, 174 }, // U+1EA1
    { 21, 36, 360, 1, 36, 189, 303 }, // U+1EA2
    { 19, 30, 360, 2, 30, 143, 492 }, // U+1EA3
    { 21, 41, 360, 1, 41, 216, 635 }, // U+1EA4
    { 19, 35, 360, 2, 35, 167, 851 }, // U+1EA5
    { 21, 41, 360, 1, 41, 216, 1018 }, // U+1EA6
    { 21, 35, 360, 0, 35, 184, 1234 }, // U+1EA7
    { 21, 41, 360, 1, 41, 216, 1418 }, // U+1EA8
    { 19, 35, 360, 2, 35, 167, 1634 }, // U+1EA9
    { 21, 41, 360, 1, 41, 216, 1801 }, // U+1EAA
    { 19, 35, 360, 2, 35, 167, 2017 }, // U+1EAB
    { 21, 42, 360, 1, 35, 221, 2184 }, // U+1EAC
    { 19, 36, 360, 2, 29, 171, 2405 }, // U+1EAD
    { 21, 42, 360, 1, 42, 221, 2576 }, // U+1EAE
    { 19, 35, 360, 2, 35, 167, 2797 }, // U+1EAF
    { 21, 42, 360, 1, 42, 221, 2964 }, // U+1EB0
    { 19, 35, 360, 2, 35, 167, 3185 }, // U+1EB1
    { 21, 41, 360, 1, 41, 216, 3352 }, // U+1EB2
    { 19, 34, 360, 2, 34, 162, 3568 }, // U+1EB3
    { 21, 41, 360, 1, 41, 216, 3730 }, // U+1EB4
    { 19, 34, 360, 2, 34, 162, 3946 }, // U+1EB5
    { 21, 43, 360, 1, 36, 226, 4108 }, // U+1EB6
    { 19, 37, 360, 2, 30, 176, 4334 }, // U+1EB7
    { 17, 33, 360, 3, 26, 141, 4510 }, // U+1EB8
    { 18, 27, 360, 2, 20, 122, 4651 }, // U+1EB9
    { 17, 36, 360, 3, 36, 153, 4773 }, // U+1EBA
    { 18, 30, 360, 2, 30, 135, 4926 }, // U+1EBB
    { 17, 35, 360, 3, 35, 149, 5061 }, // U+1EBC
    { 18, 28, 360, 2, 28, 126, 5210 }, // U+1EBD
    { 19, 41, 360, 3, 41, 195, 5336 }, // U+1EBE
    { 20, 35, 360, 2, 35, 175, 5531 }, // U+1EBF
    { 19, 41, 360, 1, 41, 195, 5706 }, // U+1EC0
    { 19, 35, 360, 1, 35, 167, 5901 }, // U+1EC1
    { 18, 41, 360, 3, 41, 185, 6068 }, // U+1EC2
    { 19, 35, 360, 2, 35, 167, 6253 }, // U+1EC3
    { 17, 41, 360, 3, 41, 175, 6420 }, // U+1EC4
    { 18, 35, 360, 2, 35, 158, 6595 }, // U+1EC5
    { 17, 42, 360, 3, 35, 179, 6753 }, // U+1EC6
    { 18, 36, 360, 2, 29, 162, 6932 }, // U+1EC7
    { 17, 36, 360, 3, 36, 153, 7094 }, // U+1EC8
    { 18, 30, 360, 3, 30, 135, 7247 }, // U+1EC9
    { 17, 33, 360, 3, 26, 141, 7382 }, // U+1ECA
    { 17, 35, 360, 3, 28, 149, 7523 }, // U+1ECB
    { 19, 33, 360, 2, 26, 157, 7672 }, // U+1ECC
    { 19, 27, 360, 2, 20, 129, 7829 }, // U+1ECD
    { 19, 36, 360, 2, 36, 171, 7958 }, // U+1ECE
    { 19, 30, 360, 2, 30, 143, 8129 }, // U+1ECF
    { 19, 41, 360, 2, 41, 195, 8272 }, // U+1ED0
    { 19, 35, 360, 2, 35, 167, 8467 }, // U+1ED1
    { 20, 41, 360, 1, 41, 205, 8634 }, // U+1ED2
    { 20, 35, 360, 1, 35, 175, 8839 }, // U+1ED3
    { 19, 41, 360, 2, 41, 195, 9014 }, // U+1ED4
    { 19, 35, 360, 2, 35, 167, 9209 }, // U+1ED5
    { 19, 41, 360, 2, 41, 195, 9376 }, // U+1ED6
    { 19, 35, 360, 2, 35, 167, 9571 }, // U+1ED7
    { 19, 42, 360, 2, 35, 200, 9738 }, // U+1ED8
    { 19, 36, 360, 2, 29, 171, 9938 }, // U+1ED9
    { 19, 36, 360, 2, 36, 171, 10109 }, // U+1EDA
    { 19, 30, 360, 2, 30, 143, 10280 }, // U+1EDB
    { 19, 36, 360, 2, 36, 171, 10423 }, // U+1EDC
    { 19, 30, 360, 2, 30, 143, 10594 }, // U+1EDD
    { 19, 36, 360, 2, 36, 171, 10737 }, // U+1EDE
    { 19, 30, 360, 2, 30, 143, 10908 }, // U+1EDF
    { 19, 34, 360, 2, 34, 162, 11051 }, // U+1EE0
    { 19, 27, 360, 2, 27, 129, 11213 }, // U+1EE1
    { 19, 38, 360, 2, 31, 181, 11342 }, // U+1EE2
    { 19, 31, 360, 2, 24, 148, 11523 }, // U+1EE3
    { 17, 33, 360, 3, 26, 141, 11671 }, // U+1EE4
    { 16, 27, 360, 3, 20, 108, 11812 }, // U+1EE5
    { 17, 36, 360, 3, 36, 153, 11920 }, // U+1EE6
    { 16, 30, 360, 3, 30, 120, 12073 }, // U+1EE7
    { 20, 36, 360, 3, 36, 180, 12193 }, // U+1EE8
    { 20, 30, 360, 3, 30, 150, 12373 }, // U+1EE9
    { 20, 36, 360, 3, 36, 180, 12523 }, // U+1EEA
    { 20, 30, 360, 3, 30, 150, 12703 }, // U+1EEB
    { 20, 36, 360, 3, 36, 180, 12853 }, // U+1EEC
    { 20, 30, 360, 3, 30, 150, 13033 }, // U+1EED
    { 20, 34, 360, 3, 34, 170, 13183 }, // U+1EEE
    { 20, 27, 360, 3, 27, 135, 13353 }, // U+1EEF
    { 20, 38, 360, 3, 31, 190, 13488 }, // U+1EF0
    { 20, 31, 360, 3, 24, 155, 13678 }, // U+1EF1
    { 22, 36, 360, 0, 36, 198, 13833 }, // U+1EF2
    { 20, 38, 360, 1, 30, 190, 14031 }, // U+1EF3
    { 22, 33, 360, 0, 26, 182, 14221 }, // U+1EF4
    { 20, 28, 360, 1, 20, 140, 14403 }, // U+1EF5
    { 22, 36, 360, 0, 36, 198, 14543 }, // U+1EF6
    { 20, 38, 360, 1, 30, 190, 14741 }, // U+1EF7
    { 22, 35, 360, 0, 35, 193, 14931 }, // U+1EF8
    { 20, 36, 360, 1, 28, 180, 15124 }, // U+1EF9
    { 19, 3, 360, 2, 13, 15, 0 }, // U+2013
    { 23, 3, 360, 0, 13, 18, 15 }, // U+2014
    { 8, 11, 360, 7, 28, 22, 33 }, // U+2018
    { 8, 11, 360, 8, 28, 22, 55 }, // U+2019
    { 8, 10, 360, 7, 5, 20, 77 }, // U+201A
    { 16, 11, 360, 3, 28, 44, 97 }, // U+201C
    { 16, 11, 360, 4, 28, 44, 141 }, // U+201D
    { 16, 10, 360, 4, 5, 40, 185 }, // U+201E
    { 18, 36, 360, 2, 28, 162, 225 }, // U+2020
    { 18, 36, 360, 2, 28, 162, 387 }, // U+2021
    { 8, 7, 360, 7, 15, 14, 549 }, // U+2022
    { 20, 5, 360, 1, 5, 25, 563 }, // U+2026
    { 23, 26, 416, 2, 26, 150, 588 }, // U+2030
    { 10, 17, 360, 6, 19, 43, 738 }, // U+2039
    { 10, 17, 360, 7, 19, 43, 781 }, // U+203A
    { 22, 26, 360, 0, 26, 143, 824 }, // U+2044
    { 12, 14, 360, 5, 26, 42, 0 }, // U+2070
    { 12, 14, 360, 5, 26, 42, 42 }, // U+2074
    { 11, 14, 360, 6, 26, 39, 84 }, // U+2075
    { 11, 14, 360, 6, 26, 39, 123 }, // U+2076
    { 11, 14, 360, 6, 26, 39, 162 }, // U+2077
    { 12, 14, 360, 5, 26, 42, 201 }, // U+2078
    { 12, 14, 360, 5, 26, 42, 243 }, // U+2079
    { 12, 14, 360, 5, 14, 42, 285 }, // U+2080
    { 12, 14, 360, 5, 14, 42, 327 }, // U+2081
    { 11, 14, 360, 6, 14, 39, 369 }, // U+2082
    { 12, 14, 360, 5, 14, 42, 408 }, // U+2083
    { 12, 14, 360, 5, 14, 42, 450 }, // U+2084
    { 11, 14, 360, 6, 14, 39, 492 }, // U+2085
    { 11, 14, 360, 6, 14, 39, 531 }, // U+2086
    { 11, 14, 360, 6, 14, 39, 570 }, // U+2087
    { 12, 14, 360, 5, 14, 42, 609 }, // U+2088
    { 12, 14, 360, 5, 14, 42, 651 }, // U+2089
    { 19, 36, 360, 2, 30, 171, 0 }, // U+20A1
    { 20, 26, 360, 1, 26, 130, 171 }, // U+20A4
    { 21, 26, 360, 1, 26, 137, 301 }, // U+20A6
    { 22, 26, 360, 1, 26, 143, 438 }, // U+20A8
    { 22, 26, 360, 0, 26, 143, 581 }, // U+20A9
    { 19, 26, 360, 2, 26, 124, 724 }, // U+20AA
    { 18, 28, 360, 3, 28, 126, 848 }, // U+20AB
    { 19, 26, 360, 2, 26, 124, 974 }, // U+20AC
    { 21, 26, 360, 1, 26, 137, 1098 }, // U+20AD
    { 22, 26, 360, 0, 26, 143, 1235 }, // U+20AE
    { 21, 26, 360, 1, 26, 137, 1378 }, // U+20B1
    { 18, 35, 360, 2, 31, 158, 1515 }, // U+20B2
    { 21, 26, 360, 1, 26, 137, 1673 }, // U+20B4
    { 19, 35, 360, 2, 31, 167, 1810 }, // U+20B5
    { 20, 26, 360, 1, 26, 130, 1977 }, // U+20B8
    { 19, 26, 360, 2, 26, 124, 2107 }, // U+20B9
    { 19, 26, 360, 2, 26, 124, 2231 }, // U+20BA
    { 20, 26, 360, 1, 26, 130, 2355 }, // U+20BD
    { 18, 35, 360, 3, 31, 158, 2485 }, // U+20BF
    { 22, 16, 360, 0, 21, 88, 0 }, // U+2190
    { 17, 27, 360, 3, 27, 115, 88 }, // U+2191
    { 21, 16, 360, 1, 21, 84, 203 }, // U+2192
    { 17, 27, 360, 3, 26, 115, 287 }, // U+2193
    { 23, 16, 360, 0, 21, 92, 402 }, // U+2194
    { 17, 28, 360, 3, 27, 119, 494 }, // U+2195
    { 20, 20, 360, 2, 23, 100, 613 }, // U+2196
    { 20, 20, 360, 1, 24, 100, 713 }, // U+2197
    { 20, 20, 360, 1, 24, 100, 813 }, // U+2198
    { 20, 20, 360, 2, 24, 100, 913 }, // U+2199
    { 22, 21, 360, 0, 23, 116, 1013 }, // U+21A9
    { 22, 21, 360, 0, 23, 116, 1129 }, // U+21AA
    { 19, 26, 360, 1, 26, 124, 1245 }, // U+21B0
    { 18, 26, 360, 3, 26, 117, 1369 }, // U+21B1
    { 19, 27, 360, 1, 27, 129, 1486 }, // U+21B2
    { 18, 27, 360, 3, 27, 122, 1615 }, // U+21B3
    { 23, 24, 360, 0, 25, 138, 1737 }, // U+21B6
    { 23, 24, 360, 0, 25, 138, 1875 }, // U+21B7
    { 22, 27, 360, 0, 27, 149, 2013 }, // U+21BA
    { 22, 27, 360, 0, 27, 149, 2162 }, // U+21BB
    { 22, 28, 360, 0, 27, 154, 2311 }, // U+21C4
    { 22, 28, 360, 0, 27, 154, 2465 }, // U+21C6
    { 19, 27, 360, 2, 27, 129, 0 }, // U+2202
    { 20, 26, 360, 1, 26, 130, 129 }, // U+2206
    { 18, 27, 360, 2, 26, 122, 259 }, // U+220F
    { 18, 34, 360, 2, 27, 153, 381 }, // U+2211
    { 19, 3, 360, 2, 13, 15, 534 }, // U+2212
    { 22, 26, 360, 0, 26, 143, 549 }, // U+221A
    { 23, 14, 360, 0, 19, 81, 692 }, // U+221E
    { 20, 35, 360, 1, 28, 175, 773 }, // U+222B
    { 20, 13, 360, 1, 18, 65, 948 }, // U+2248
    { 19, 18, 360, 2, 20, 86, 1013 }, // U+2260
    { 17, 23, 360, 3, 23, 98, 1099 }, // U+2264
    { 17, 23, 360, 3, 23, 98, 1197 }, // U+2265
    { 19, 28, 360, 1, 28, 133, 0 }, // U+FB01
    { 18, 28, 360, 1, 28, 126, 133 }, // U+FB02
};

static const EpdUnicodeInterval notoserif_18_regularIntervals[] = {
    { 0x20, 0x7E, 0x0 },
    { 0xA0, 0xA3, 0x5F },
    { 0xA5, 0x17E, 0x63 },
    { 0x1A0, 0x1A1, 0x13D },
    { 0x1AF, 0x1B0, 0x13F },
    { 0x1FA, 0x1FF, 0x141 },
    { 0x218, 0x21B, 0x147 },
    { 0x300, 0x304, 0x14B },
    { 0x306, 0x30C, 0x150 },
    { 0x312, 0x312, 0x157 },
    { 0x315, 0x315, 0x158 },
    { 0x31B, 0x31B, 0x159 },
    { 0x323, 0x323, 0x15A },
    { 0x326, 0x328, 0x15B },
    { 0x400, 0x45F, 0x15E },
    { 0x472, 0x473, 0x1BE },
    { 0x490, 0x49D, 0x1C0 },
    { 0x4A0, 0x4A5, 0x1CE },
    { 0x4AA, 0x4AB, 0x1D4 },
    { 0x4AE, 0x4B3, 0x1D6 },
    { 0x4B6, 0x4BB, 0x1DC },
    { 0x4C0, 0x4C2, 0x1E2 },
    { 0x4CF, 0x4D9, 0x1E5 },
    { 0x4DC, 0x4DF, 0x1F0 },
    { 0x4E2, 0x4E9, 0x1F4 },
    { 0x4EE, 0x4F5, 0x1FC },
    { 0x4F8, 0x4F9, 0x204 },
    { 0x1EA0, 0x1EF9, 0x206 },
    { 0x2013, 0x2014, 0x260 },
    { 0x2018, 0x201A, 0x262 },
    { 0x201C, 0x201E, 0x265 },
    { 0x2020, 0x2022, 0x268 },
    { 0x2026, 0x2026, 0x26B },
    { 0x2030, 0x2030, 0x26C },
    { 0x2039, 0x203A, 0x26D },
    { 0x2044, 0x2044, 0x26F },
    { 0x2070, 0x2070, 0x270 },
    { 0x2074, 0x2079, 0x271 },
    { 0x2080, 0x2089, 0x277 },
    { 0x20A1, 0x20A1, 0x281 },
    { 0x20A4, 0x20A4, 0x282 },
    { 0x20A6, 0x20A6, 0x283 },
    { 0x20A8, 0x20AE, 0x284 },
    { 0x20B1, 0x20B2, 0x28B },
    { 0x20B4, 0x20B5, 0x28D },
    { 0x20B8, 0x20BA, 0x28F },
    { 0x20BD, 0x20BD, 0x292 },
    { 0x20BF, 0x20BF, 0x293 },
    { 0x2190, 0x2199, 0x294 },
    { 0x21A9, 0x21AA, 0x29E },
    { 0x21B0, 0x21B3, 0x2A0 },
    { 0x21B6, 0x21B7, 0x2A4 },
    { 0x21BA, 0x21BB, 0x2A6 },
    { 0x21C4, 0x21C4, 0x2A8 },
    { 0x21C6, 0x21C6, 0x2A9 },
    { 0x2202, 0x2202, 0x2AA },
    { 0x2206, 0x2206, 0x2AB },
    { 0x220F, 0x220F, 0x2AC },
    { 0x2211, 0x2212, 0x2AD },
    { 0x221A, 0x221A, 0x2AF },
    { 0x221E, 0x221E, 0x2B0 },
    { 0x222B, 0x222B, 0x2B1 },
    { 0x2248, 0x2248, 0x2B2 },
    { 0x2260, 0x2260, 0x2B3 },
    { 0x2264, 0x2265, 0x2B4 },
    { 0xFB01, 0xFB02, 0x2B6 },
};

static const EpdFontGroup notoserif_18_regularGroups[] = {
    { 0, 3600, 10787, 95, 0 },
    { 3600, 2982, 12673, 95, 95 },
    { 6582, 3753, 20533, 127, 190 },
    { 10335, 963, 2439, 14, 317 },
    { 11298, 249, 355, 19, 331 },
    { 11547, 5181, 23294, 168, 350 },
    { 16728, 2275, 16437, 90, 518 },
    { 19003, 351, 1038, 16, 608 },
    { 19354, 283, 714, 17, 624 },
    { 19637, 1209, 2847, 19, 641 },
    { 20846, 871, 2828, 22, 660 },
    { 21717, 551, 1385, 12, 682 },
    { 22268, 67, 280, 2, 694 },
};

static const EpdFontData notoserif_18_regular = {
    notoserif_18_regularBitmaps,
    notoserif_18_regularGlyphs,
    notoserif_18_regularIntervals,
    66,
    49,
    39,
    -11,
    true,
    notoserif_18_regularGroups,
    13,
    nullptr,
    nullptr,
    nullptr,
    nullptr,
    nullptr,
    nullptr,
    nullptr,
    nullptr,
    nullptr,
    nullptr,
    nullptr,
    0,
    0,
    0,
    0,
    nullptr,
    0,
};
