/**
 * generated by fontconvert.py
 * name: notosans_16_bolditalic
 * size: 16
 * mode: 2-bit  compressed: true
 * Command used: fontconvert.py notosans_16_bolditalic 16 ../builtinFonts/source/iAWriterMonoS/iAWriterMonoS-BoldItalic.ttf --2bit --compress --pnum --zopfli
 */
#pragma once
#include "EpdFontData.h"

static const uint8_t notosans_16_bolditalicBitmaps[27039] = {
    0xBD, 0x99, 0x3D, 0xB0, 0xDD, 0xC6, 0x75, 0xC7, 0x17, 0x80, 0x87, 0x98, 0x11, 0x92, 0xC0, 0x4D,
    0x52, 0xD8, 0x05, 0x9A, 0x54, 0x4C, 0x66, 0x90, 0x32, 0x45, 0x32, 0x0B, 0xCB, 0x85, 0x8B, 0x14,
    0x72, 0xDF, 0xA4, 0x67, 0xA3, 0x26, 0x65, 0xE2, 0x85, 0xE5, 0xC2, 0x85, 0x0B, 0xB1, 0x6F, 0xCC,
    0x42, 0x85, 0x7C, 0x59, 0x30, 0x45, 0x8A, 0x14, 0xB1, 0x17, 0x32, 0x0B, 0x16, 0x29, 0x04, 0x25,
    0x85, 0x8B, 0x14, 0xDA, 0x48, 0x4E, 0x11, 0xB1, 0xE0, 0x4A, 0x82, 0x87, 0x10, 0xB9, 0xD8, 0x93,
    0xFF, 0xFF, 0x00, 0xF7, 0xDD, 0xF7, 0x24, 0xD2, 0x94, 0x66, 0x92, 0xDC, 0x01, 0x7E, 0xBC, 0xBC,
    0x58, 0x9C, 0xCF, 0xFD, 0x3A, 0xFB, 0x8C, 0x8B, 0xC6, 0xE3, 0x0A, 0x46, 0x66, 0xBD, 0xA6, 0xE2,
    0xB8, 0x86, 0x42, 0x4C, 0x91, 0x8D, 0xD9, 0x8C, 0x49, 0xC6, 0xAC, 0xC6, 0x44, 0xBD, 0xF4, 0xD3,
    0x6F, 0xC6, 0xE2, 0x4A, 0xBC, 0x5C, 0x32, 0x7E, 0x35, 0x5D, 0xB4, 0x01, 0xF7, 0xDC, 0x07, 0x3B,
    0xD9, 0xE0, 0x26, 0x3B, 0xE3, 0x9E, 0xFC, 0xE8, 0x26, 0xE1, 0x3D, 0xF8, 0x51, 0x8C, 0xFC, 0x18,
    0xF7, 0xF7, 0x04, 0xEF, 0xB7, 0xD1, 0x0D, 0x60, 0xF0, 0xF8, 0xDE, 0xCD, 0x02, 0xDA, 0xF7, 0x32,
    0xF9, 0xEB, 0x04, 0xBA, 0xEF, 0x93, 0xBE, 0x82, 0x4E, 0xC1, 0x27, 0x16, 0x17, 0x86, 0xE2, 0x7E,
    0xF6, 0x9F, 0xDC, 0x35, 0xF5, 0x62, 0x27, 0x63, 0x9A, 0x68, 0x47, 0x0A, 0xF3, 0x83, 0xE9, 0x45,
    0x24, 0x2B, 0x61, 0x97, 0xF2, 0xB6, 0x3C, 0xCE, 0xEF, 0x1E, 0x62, 0x8C, 0x34, 0x8B, 0x31, 0xC5,
    0xD6, 0xC2, 0x81, 0x32, 0x75, 0xC1, 0x98, 0x2A, 0xF5, 0x93, 0x39, 0xC4, 0xE0, 0x09, 0x1A, 0xE2,
    0x01, 0x50, 0x5D, 0xC1, 0x65, 0x28, 0x80, 0x46, 0x8A, 0x4B, 0x86, 0x22, 0x0B, 0x79, 0xFC, 0x7C,
    0x2D, 0xE5, 0x6F, 0x3E, 0x08, 0x95, 0xB4, 0xB3, 0x01, 0x26, 0xE0, 0x8D, 0xC9, 0x94, 0x22, 0x93,
    0x81, 0x7D, 0x33, 0xD4, 0x09, 0x5E, 0xEB, 0x8E, 0xFF, 0x43, 0x9B, 0x95, 0x05, 0xE8, 0x61, 0xC3,
    0x8F, 0x5A, 0xE0, 0x57, 0xED, 0x5A, 0x0D, 0xBF, 0xEC, 0x96, 0x36, 0x24, 0x17, 0x6D, 0x86, 0x78,
    0x1A, 0x3B, 0x35, 0x00, 0x5F, 0x40, 0xDB, 0x7A, 0xA3, 0x01, 0x2B, 0x50, 0x2F, 0x40, 0x13, 0x81,
    0x32, 0x0F, 0xC6, 0xC3, 0x51, 0x99, 0x8B, 0x8D, 0x22, 0x23, 0x9F, 0xFB, 0x7A, 0xE1, 0xC3, 0x5C,
    0x2D, 0x1D, 0xF4, 0x6E, 0xD5, 0x82, 0x58, 0x14, 0xA9, 0x8E, 0xDE, 0xE0, 0x9F, 0xE6, 0x53, 0x8A,
    0xD9, 0xDA, 0x8F, 0xD5, 0x79, 0xF9, 0x57, 0x4A, 0x71, 0x62, 0xF8, 0xF9, 0xEE, 0x7A, 0x8B, 0x3F,
    0x52, 0xCE, 0x00, 0xD1, 0xAB, 0x08, 0x03, 0xF1, 0xBB, 0xAD, 0x9B, 0xA0, 0xE1, 0xA3, 0xB5, 0x85,
    0xB0, 0xFE, 0xE1, 0xD2, 0xCE, 0xCC, 0x83, 0xFE, 0x23, 0x75, 0xC4, 0xB3, 0x12, 0xA2, 0xFB, 0x09,
    0x96, 0xA9, 0xA2, 0x26, 0x56, 0x22, 0xCC, 0x9D, 0x11, 0xC4, 0x0A, 0x3F, 0xF4, 0x41, 0x65, 0x7F,
    0xA1, 0xEA, 0x46, 0x53, 0x31, 0x70, 0x0D, 0x23, 0xD0, 0xAE, 0xED, 0x62, 0xDA, 0x85, 0x88, 0xC4,
    0xB2, 0x23, 0x9A, 0x66, 0xED, 0xD1, 0x24, 0xF9, 0x89, 0x89, 0x65, 0xDB, 0xC5, 0xF4, 0x9F, 0x0A,
    0x84, 0xCD, 0xB0, 0xCB, 0xCD, 0xB0, 0xCA, 0x4F, 0x8E, 0xB0, 0xF3, 0x5F, 0x00, 0x71, 0xF3, 0xC1,
    0x7D, 0x96, 0x9D, 0x7C, 0x28, 0xC9, 0xCA, 0x23, 0x59, 0x3A, 0x79, 0x5D, 0xE6, 0x72, 0x33, 0x7E,
    0x68, 0x52, 0x03, 0x25, 0x14, 0xDA, 0xC5, 0x3E, 0xA2, 0x07, 0xCE, 0x76, 0x66, 0x5E, 0x6F, 0xBD,
    0x03, 0x69, 0x01, 0x71, 0x1D, 0x34, 0xAA, 0x2D, 0x33, 0xC1, 0x14, 0x21, 0x4E, 0x82, 0x18, 0xE3,
    0xA7, 0x3A, 0xED, 0x3F, 0xB3, 0x5F, 0x74, 0x81, 0x8F, 0x8F, 0x7B, 0xDA, 0x6F, 0xC7, 0x7B, 0xE4,
    0x7D, 0xF9, 0x8D, 0x77, 0x8F, 0x36, 0x5D, 0xDC, 0xDF, 0x6B, 0x56, 0x95, 0x45, 0x99, 0x2A, 0x5B,
    0x05, 0xDC, 0xBA, 0xB7, 0x0B, 0x2F, 0xF9, 0xA3, 0x0C, 0x2F, 0x78, 0x8B, 0xA9, 0xE6, 0x9B, 0xE9,
    0xAB, 0x77, 0xAD, 0x37, 0x25, 0x7F, 0xD5, 0x3A, 0x37, 0xA9, 0xBC, 0x32, 0x5F, 0x8C, 0xE7, 0xCF,
    0x32, 0xAA, 0x8B, 0xDD, 0x62, 0xD4, 0x08, 0x55, 0x4A, 0x98, 0x1D, 0x7F, 0x58, 0x48, 0x71, 0xAF,
    0xFF, 0xAF, 0xDC, 0x47, 0x76, 0xB7, 0xE8, 0x88, 0x06, 0x18, 0x8D, 0x93, 0xDF, 0x1E, 0x3D, 0x41,
    0x84, 0x1D, 0xD9, 0x23, 0x27, 0x5B, 0x8F, 0x54, 0xAC, 0x6D, 0x82, 0x52, 0x98, 0x59, 0x4E, 0x15,
    0xE5, 0xF1, 0x53, 0xFC, 0x02, 0xA0, 0x6A, 0x3A, 0x7C, 0x46, 0x3A, 0xA3, 0x06, 0xEE, 0x3C, 0xC8,
    0xA7, 0xC1, 0x8B, 0x88, 0xC2, 0x08, 0xA1, 0xF6, 0x9B, 0x8E, 0xE8, 0xC3, 0x19, 0x76, 0x26, 0x26,
    0xE0, 0x8F, 0x07, 0x80, 0xC3, 0x7B, 0xAE, 0x64, 0xAA, 0x64, 0xA8, 0xC5, 0x40, 0x75, 0xBB, 0xF2,
    0x0D, 0x1B, 0xD8, 0xC6, 0xE9, 0xF0, 0xB6, 0x92, 0xF5, 0xDA, 0x9C, 0x6C, 0xFD, 0x66, 0x37, 0x9B,
    0x6C, 0x72, 0xC9, 0xAF, 0x6A, 0xD7, 0xD9, 0x9A, 0x26, 0x01, 0xED, 0x02, 0xF4, 0xF1, 0xAC, 0xC5,
    0x4F, 0x80, 0xF6, 0x75, 0xF9, 0x7F, 0x6E, 0x66, 0x0A, 0x8F, 0xE8, 0x76, 0x9C, 0x12, 0xBC, 0x70,
    0x4E, 0x7D, 0x2E, 0x01, 0x1E, 0xBA, 0xD8, 0x6E, 0x48, 0x95, 0x7A, 0xD9, 0x2F, 0x80, 0x8D, 0x3B,
    0xBA, 0xD5, 0xC5, 0xAD, 0x5B, 0xFD, 0x47, 0xB9, 0x07, 0x90, 0x06, 0x3F, 0xBF, 0x63, 0x17, 0x99,
    0x8C, 0x8D, 0x80, 0x8B, 0x10, 0xEA, 0x03, 0x20, 0x93, 0x9B, 0x0B, 0x19, 0x6D, 0x44, 0xAC, 0x7A,
    0xF1, 0x9B, 0x69, 0x45, 0x56, 0x8E, 0x39, 0x68, 0x7E, 0x93, 0x43, 0xB0, 0xA4, 0xCA, 0x5A, 0xD8,
    0x23, 0x74, 0x7C, 0x12, 0xF2, 0x7E, 0xE2, 0x6C, 0xB5, 0x9A, 0x06, 0x2A, 0x4C, 0xAF, 0x9A, 0x03,
    0x50, 0x4D, 0x96, 0x56, 0x5F, 0xE0, 0x02, 0xA1, 0x4E, 0x10, 0x32, 0x5D, 0x07, 0xD4, 0xEE, 0xB8,
    0x7D, 0x5F, 0x3E, 0x19, 0x75, 0xF2, 0x52, 0x38, 0x02, 0x6F, 0x40, 0x7B, 0x23, 0x32, 0x32, 0x61,
    0x91, 0x4E, 0xAF, 0x85, 0x04, 0x9B, 0xE0, 0x34, 0xBC, 0xFD, 0x95, 0x81, 0xDF, 0xDF, 0x62, 0x76,
    0x61, 0x17, 0x61, 0x09, 0xBF, 0xD0, 0x5E, 0xE8, 0x6C, 0x29, 0xC0, 0x65, 0xFE, 0x6F, 0xA5, 0x94,
    0x99, 0x86, 0x53, 0xD9, 0xB5, 0xFF, 0x11, 0xA7, 0xD3, 0x5D, 0xAA, 0x0C, 0x0E, 0x98, 0xBD, 0xEA,
    0x2D, 0xA8, 0xB7, 0x13, 0x99, 0xA9, 0x72, 0x29, 0x45, 0x67, 0xEC, 0xA1, 0x4F, 0xE6, 0xAF, 0xA8,
    0xD2, 0x5C, 0x54, 0x72, 0xB9, 0x2B, 0x1E, 0xA0, 0x5D, 0xC9, 0xE0, 0x54, 0xF2, 0x05, 0x21, 0x23,
    0x75, 0xAA, 0xC3, 0x41, 0x9B, 0x28, 0xAA, 0x01, 0x68, 0x27, 0x03, 0x45, 0xB1, 0xA4, 0x97, 0x5E,
    0x46, 0xA8, 0x10, 0xC4, 0x95, 0x16, 0xBD, 0x99, 0x07, 0x66, 0x98, 0x5F, 0x4B, 0x9D, 0xB7, 0x85,
    0x23, 0x9B, 0xB0, 0x84, 0x48, 0xC0, 0xEF, 0x08, 0x65, 0xBD, 0x21, 0x94, 0xED, 0x82, 0xAC, 0xD9,
    0x00, 0xF8, 0x49, 0xA6, 0x52, 0x8C, 0x8C, 0xF5, 0x06, 0xB4, 0x4B, 0x21, 0x83, 0x0D, 0xF8, 0xC1,
    0x7E, 0x72, 0x5F, 0xDE, 0x75, 0x34, 0xDC, 0x03, 0xAB, 0x02, 0x42, 0xAF, 0xBA, 0x97, 0xA2, 0x3D,
    0xA3, 0x17, 0xC9, 0xD0, 0x23, 0xDB, 0x0E, 0x47, 0x7F, 0xBD, 0x9A, 0x43, 0x64, 0xF6, 0xBC, 0x0D,
    0x28, 0x13, 0xA6, 0xC0, 0x2A, 0x39, 0x19, 0xAA, 0x4D, 0x64, 0xAE, 0x39, 0xEC, 0x6B, 0x19, 0x64,
    0xC1, 0x7A, 0x67, 0x57, 0xF6, 0xD7, 0x2B, 0xD8, 0xB5, 0x18, 0x8D, 0x5D, 0x1A, 0x44, 0x30, 0x5A,
    0x58, 0x35, 0x5B, 0x79, 0x22, 0x53, 0x4B, 0x7F, 0xAB, 0x8B, 0xBF, 0x7B, 0x1E, 0x5C, 0x3E, 0x7C,
    0x6E, 0x18, 0xB9, 0x3E, 0x1F, 0x49, 0x2C, 0xF8, 0x0C, 0x99, 0xC6, 0xEF, 0xF9, 0xB5, 0x7B, 0xB0,
    0xD3, 0x67, 0xD3, 0x3F, 0x13, 0x19, 0xED, 0x73, 0x76, 0x90, 0x0D, 0x49, 0xF6, 0xD1, 0x00, 0x01,
    0x81, 0x95, 0x99, 0x98, 0x8C, 0x0B, 0x1E, 0x2A, 0x67, 0x04, 0x0A, 0x21, 0x5E, 0x2A, 0x19, 0x7B,
    0xF1, 0xC2, 0xFE, 0x9C, 0xA8, 0x37, 0x50, 0xAF, 0x66, 0x56, 0x16, 0x45, 0x0F, 0x44, 0xFB, 0xEC,
    0x04, 0x20, 0x96, 0x04, 0x24, 0x4F, 0x25, 0xF7, 0x18, 0x95, 0x30, 0x38, 0xF9, 0xAA, 0x6F, 0x2D,
    0xE7, 0x54, 0xD2, 0x2C, 0x24, 0xF0, 0xCA, 0xB6, 0x73, 0x20, 0xE9, 0xF7, 0xA5, 0x45, 0x71, 0x69,
    0xA1, 0x82, 0x36, 0x80, 0xDA, 0x2F, 0x9B, 0x80, 0xD5, 0x48, 0x96, 0x0D, 0xED, 0x9A, 0x5C, 0xCA,
    0x50, 0x03, 0xC8, 0x0F, 0xD0, 0xB0, 0xAF, 0x75, 0x0B, 0xB3, 0x30, 0xEF, 0x83, 0xFD, 0x4D, 0xA0,
    0xDC, 0xD7, 0xF5, 0x41, 0x22, 0xCC, 0xB1, 0x0B, 0xCC, 0xE9, 0x17, 0x1B, 0xA1, 0x14, 0xB0, 0x0B,
    0xE0, 0xA2, 0xE5, 0xE0, 0xE8, 0x45, 0x8E, 0x38, 0x97, 0x1A, 0xE7, 0x5E, 0x46, 0xAA, 0xBC, 0x8B,
    0x98, 0xEE, 0x31, 0x60, 0x34, 0x9E, 0x20, 0x2E, 0x09, 0x9A, 0x6D, 0x44, 0xAC, 0x7C, 0xD0, 0xA8,
    0x01, 0x72, 0xC0, 0x07, 0x09, 0x88, 0xBE, 0x5F, 0x6B, 0xE6, 0x2D, 0xCB, 0xD4, 0xCB, 0x33, 0x19,
    0x1B, 0xF9, 0x58, 0x8C, 0x39, 0x35, 0x57, 0x21, 0x71, 0x47, 0x92, 0x2E, 0x79, 0x2B, 0x64, 0xB9,
    0xE4, 0x94, 0xEE, 0xEF, 0x73, 0xF0, 0x54, 0xD3, 0x74, 0x08, 0x18, 0xCC, 0xF1, 0x79, 0xE9, 0xBE,
    0x0F, 0xC6, 0x31, 0x3F, 0x2A, 0x8E, 0x8F, 0xF9, 0x9C, 0x4F, 0x5F, 0xF8, 0x91, 0xA8, 0xFA, 0xA1,
    0x40, 0x23, 0x5D, 0xCB, 0x9E, 0x89, 0x76, 0xDD, 0x97, 0x07, 0x1B, 0x8E, 0x55, 0xF7, 0x9A, 0xDA,
    0x62, 0x02, 0xBA, 0xF3, 0xC4, 0xD3, 0xC9, 0x80, 0x2F, 0xAA, 0x71, 0xE5, 0x97, 0x01, 0x5F, 0x16,
    0xC6, 0x6C, 0xD0, 0x84, 0x9F, 0x91, 0x81, 0x5E, 0x02, 0xD3, 0xBE, 0xD1, 0x6F, 0x99, 0xE8, 0x25,
    0x1F, 0x79, 0xA2, 0x8B, 0x14, 0x4C, 0x98, 0x6F, 0x9B, 0xD7, 0x4E, 0xA7, 0xD3, 0x3D, 0xC6, 0x3F,
    0x5E, 0x21, 0xBC, 0xC8, 0xF6, 0xDB, 0x68, 0xA7, 0xF3, 0xDD, 0xE8, 0x08, 0x0F, 0x0C, 0xBB, 0x85,
    0x23, 0xB1, 0x02, 0x25, 0x7F, 0xA9, 0x24, 0xD2, 0x58, 0x35, 0x41, 0x07, 0xC4, 0x61, 0x02, 0xB3,
    0x4A, 0x18, 0xA2, 0x66, 0x4B, 0x2F, 0xFC, 0x69, 0xE3, 0x97, 0x79, 0xFF, 0x62, 0x65, 0x06, 0xB6,
    0xF3, 0x1A, 0xF2, 0x0F, 0x14, 0xFF, 0x43, 0xC2, 0xF4, 0xDA, 0xA1, 0x02, 0xE7, 0xF9, 0x5E, 0x64,
    0x73, 0xB1, 0xCD, 0x1D, 0x52, 0x54, 0x0C, 0x8C, 0x61, 0x9D, 0xD9, 0x5F, 0x35, 0xC9, 0x85, 0x5F,
    0x54, 0x1C, 0x8D, 0x93, 0x59, 0x95, 0x31, 0x70, 0xE7, 0x0F, 0xF2, 0xAA, 0x56, 0x30, 0xB3, 0xAD,
    0xDE, 0x86, 0xF7, 0x11, 0x98, 0x86, 0x6F, 0x59, 0x91, 0x89, 0x1D, 0x3D, 0xC2, 0x9B, 0x2E, 0x56,
    0x9B, 0xA9, 0x97, 0x66, 0x35, 0xD5, 0xDA, 0xC6, 0xEE, 0x27, 0x6B, 0x17, 0xFC, 0xD3, 0xB5, 0xFF,
    0x40, 0x9E, 0x2F, 0xF6, 0xE1, 0xD6, 0x45, 0xFB, 0x10, 0x3F, 0xBB, 0x9F, 0x2E, 0xC0, 0xCF, 0x62,
    0x1B, 0xFD, 0x1B, 0xB1, 0x0D, 0x1E, 0x0D, 0x67, 0xC0, 0xCE, 0x82, 0x5F, 0x26, 0x69, 0x21, 0x4F,
    0x1A, 0x71, 0x93, 0xAF, 0xC4, 0x8E, 0xBE, 0x58, 0x6F, 0x0F, 0x9A, 0x5F, 0x3B, 0x11, 0x9A, 0x0E,
    0xA1, 0x55, 0x44, 0x21, 0xB4, 0xF5, 0x3B, 0x27, 0x3E, 0x67, 0x1C, 0x69, 0x12, 0xD9, 0x2A, 0x3B,
    0xA5, 0x95, 0x05, 0x74, 0x1F, 0x92, 0xF2, 0xFE, 0x4A, 0xBE, 0x0D, 0x96, 0xC2, 0x9E, 0x54, 0x29,
    0xEB, 0xAD, 0x01, 0xDB, 0x44, 0x76, 0x2B, 0x69, 0x63, 0xB3, 0x81, 0xCF, 0x1E, 0x80, 0x5E, 0x04,
    0xD4, 0x72, 0xA1, 0x50, 0x56, 0xC2, 0xAB, 0xCE, 0x64, 0xB3, 0x91, 0x6D, 0x22, 0xFB, 0x95, 0xB4,
    0x51, 0xF3, 0xAA, 0x63, 0x93, 0x89, 0x2F, 0x80, 0xB9, 0x94, 0xC7, 0x0C, 0x90, 0x71, 0x91, 0x2D,
    0x0E, 0x64, 0xA0, 0xDE, 0x8C, 0x0B, 0xB5, 0x4E, 0x12, 0xFB, 0xC8, 0x95, 0x85, 0x58, 0x4D, 0x9B,
    0x1F, 0x08, 0x8C, 0x41, 0x32, 0xBA, 0xC5, 0xC8, 0xD4, 0x47, 0xC0, 0xEE, 0x28, 0x80, 0x50, 0xC9,
    0xE8, 0x9E, 0x79, 0x48, 0xA4, 0x75, 0x5C, 0xC4, 0x00, 0x9D, 0x71, 0xFD, 0x7A, 0xAC, 0xA8, 0x56,
    0x24, 0x30, 0x31, 0x4B, 0x89, 0xD7, 0x57, 0xB5, 0xB2, 0xD9, 0x00, 0x18, 0x7B, 0x6B, 0xE8, 0x8E,
    0x09, 0xED, 0xC6, 0x30, 0x88, 0x80, 0xBB, 0x20, 0x00, 0x36, 0x98, 0x3F, 0xE5, 0x03, 0x3B, 0x03,
    0x94, 0x53, 0xCA, 0xD8, 0x1E, 0x8B, 0x5A, 0x62, 0x3C, 0x02, 0xC4, 0x50, 0xAF, 0x93, 0x55, 0x43,
    0x35, 0x12, 0xC1, 0xC0, 0x5F, 0x35, 0x3B, 0x71, 0xD1, 0x4A, 0xF0, 0x82, 0x3E, 0x1E, 0x73, 0x60,
    0x66, 0xDC, 0xAE, 0xD0, 0x6E, 0x75, 0x26, 0xB6, 0x6B, 0xF6, 0x75, 0x44, 0xBF, 0x00, 0x36, 0x76,
    0xAB, 0xF1, 0xA1, 0x5B, 0xE9, 0x44, 0xF6, 0x32, 0x9C, 0x17, 0xB1, 0x08, 0x64, 0xA3, 0x21, 0x4E,
    0x57, 0x40, 0xB8, 0x3E, 0x39, 0xBD, 0xA3, 0x1B, 0x2D, 0x45, 0x75, 0x41, 0x06, 0x6A, 0x82, 0x71,
    0x9E, 0x88, 0xB1, 0x55, 0xE4, 0xD3, 0x69, 0x68, 0x19, 0x88, 0x8E, 0xE8, 0x2F, 0xBB, 0xB2, 0x0B,
    0x9E, 0x9D, 0x4E, 0x8C, 0x73, 0xBE, 0x0A, 0x76, 0x52, 0xBD, 0xDB, 0x15, 0x12, 0xF5, 0xBE, 0xFB,
    0x4D, 0xF4, 0x0E, 0xD4, 0x6B, 0x5E, 0xA1, 0x37, 0x7C, 0x75, 0x73, 0xB5, 0xEF, 0x10, 0xDB, 0xCB,
    0xC0, 0x7B, 0x2E, 0xB1, 0x3A, 0xEF, 0xEC, 0x16, 0xDD, 0x26, 0x22, 0xB5, 0xDF, 0xBA, 0x9E, 0xDA,
    0xA8, 0xE8, 0x25, 0xBA, 0x68, 0x25, 0x10, 0xB3, 0x0B, 0xB7, 0x3D, 0x60, 0xEC, 0x04, 0x38, 0xC2,
    0xB3, 0x73, 0x41, 0xCE, 0x7A, 0xAC, 0xA8, 0x43, 0x2B, 0x1B, 0x93, 0xFC, 0x3B, 0x81, 0xE2, 0x1F,
    0x13, 0x33, 0x7B, 0xB5, 0xD7, 0x55, 0x53, 0x6E, 0x32, 0x1B, 0xE6, 0x37, 0xB3, 0xDB, 0x37, 0x9B,
    0x32, 0xE9, 0xA0, 0xB8, 0x90, 0x1D, 0xBA, 0xBE, 0xE2, 0x82, 0x58, 0x9C, 0x7C, 0xE4, 0x23, 0x7B,
    0x9D, 0x81, 0xA1, 0x70, 0xE0, 0x42, 0x5F, 0x7B, 0xA5, 0xF6, 0xBA, 0x9B, 0x0C, 0x3A, 0x41, 0x69,
    0xD4, 0x81, 0x75, 0xC7, 0x49, 0x9E, 0xBD, 0xF3, 0xD2, 0xAD, 0x27, 0x6D, 0xFA, 0x7D, 0x99, 0xB9,
    0xEC, 0xC9, 0x6F, 0xE0, 0x8E, 0xCF, 0xBF, 0xD0, 0xD1, 0xBF, 0x43, 0x34, 0xEF, 0x35, 0xBF, 0x36,
    0xFC, 0xDA, 0x12, 0xAF, 0x9D, 0x3C, 0x9B, 0x77, 0x37, 0x13, 0x69, 0x5F, 0x96, 0x48, 0x7F, 0xA9,
    0x08, 0x2E, 0x18, 0xFF, 0x2C, 0x70, 0x57, 0x17, 0x75, 0x0A, 0x69, 0xC4, 0x74, 0x57, 0x3B, 0xF4,
    0xF2, 0xB2, 0x43, 0xC7, 0xEB, 0x12, 0x8D, 0x43, 0x16, 0x26, 0x48, 0x69, 0x34, 0xF2, 0xDD, 0x46,
    0xDA, 0x95, 0xD4, 0xA5, 0xF2, 0x2D, 0x99, 0xC0, 0x1F, 0x08, 0x9D, 0x7D, 0x63, 0xA3, 0xA3, 0x6E,
    0x25, 0x25, 0xDE, 0x64, 0x4D, 0xE1, 0xEA, 0x05, 0xF9, 0x3E, 0x6B, 0x5D, 0x69, 0x04, 0x4C, 0xB5,
    0x12, 0x9D, 0x40, 0xE7, 0x9E, 0x89, 0xEE, 0xC8, 0x4C, 0xFA, 0x48, 0x5F, 0x9C, 0x92, 0x1A, 0xFD,
    0xEF, 0xDF, 0xEF, 0x33, 0xDE, 0x84, 0x86, 0xFA, 0x82, 0xFA, 0x46, 0xD0, 0x6F, 0xC6, 0xFB, 0x66,
    0x14, 0x09, 0x0E, 0x11, 0x2B, 0x22, 0xD7, 0x60, 0xDC, 0x4A, 0x53, 0x5C, 0x2A, 0x58, 0x2E, 0xC0,
    0xD0, 0x00, 0xD6, 0xA0, 0x6C, 0x2D, 0x0C, 0x95, 0xDC, 0x81, 0x59, 0xAC, 0x9F, 0x8A, 0xEC, 0xBD,
    0x9B, 0xCA, 0xCD, 0x65, 0x65, 0xF2, 0x63, 0x95, 0xEC, 0x2A, 0x03, 0x18, 0xC9, 0x3E, 0x88, 0xA9,
    0x53, 0xFF, 0x9E, 0x98, 0x66, 0xED, 0xDE, 0x22, 0xDB, 0x32, 0x9B, 0x76, 0xF9, 0xA3, 0x0A, 0xC1,
    0x8F, 0x7F, 0xA0, 0x64, 0x9D, 0xDA, 0x45, 0x53, 0x9F, 0xD9, 0x07, 0x34, 0xE3, 0x5A, 0xDB, 0xEE,
    0x5C, 0x74, 0xBA, 0x95, 0x41, 0x69, 0x0C, 0x7B, 0xE4, 0x85, 0x25, 0xC7, 0xC5, 0x56, 0x71, 0x5C,
    0x64, 0x48, 0x23, 0x13, 0x7A, 0x9D, 0xD4, 0xE0, 0xA6, 0x4C, 0x1E, 0xD2, 0xEA, 0xE4, 0xDF, 0x20,
    0xDD, 0xDB, 0x0B, 0x84, 0xDB, 0xB7, 0xB5, 0xB4, 0xFB, 0x10, 0x5C, 0xEC, 0x13, 0x30, 0x72, 0x5F,
    0xD2, 0x1D, 0xA4, 0x73, 0x7D, 0x68, 0x41, 0x0B, 0x4E, 0xB0, 0x41, 0x39, 0x35, 0xCA, 0x7A, 0x0F,
    0xFD, 0xF5, 0x0A, 0xB2, 0xBC, 0x5E, 0x41, 0xF6, 0x9C, 0x1A, 0xBA, 0xB5, 0x5F, 0x01, 0xBB, 0x10,
    0x11, 0x70, 0xDC, 0x63, 0x7A, 0x26, 0xD5, 0x07, 0x63, 0x17, 0x85, 0x6E, 0xB6, 0x15, 0x9E, 0x9B,
    0x45, 0x40, 0x26, 0x17, 0x4A, 0x19, 0xED, 0xF2, 0xB2, 0x0A, 0xF2, 0xBC, 0x48, 0x4E, 0x05, 0x10,
    0x0B, 0xCE, 0xFF, 0xE8, 0x00, 0xBA, 0xEE, 0x74, 0xE9, 0x82, 0x3A, 0x43, 0x1B, 0x60, 0x97, 0x66,
    0x43, 0x22, 0x1B, 0x41, 0x6D, 0xA5, 0xF3, 0x30, 0x90, 0x0D, 0x10, 0xBE, 0xCE, 0x7C, 0xE8, 0xAF,
    0xCD, 0x87, 0xF2, 0xE2, 0x8A, 0xB9, 0xA1, 0xBF, 0xED, 0x37, 0xF6, 0x57, 0xCE, 0xFE, 0xCE, 0xF4,
    0x77, 0xA2, 0xBF, 0x03, 0x2B, 0x39, 0xA8, 0x90, 0xC4, 0x71, 0x13, 0xA9, 0x68, 0xE0, 0x7C, 0x51,
    0x0C, 0xF0, 0xBF, 0x9E, 0x61, 0xC1, 0xDF, 0x2E, 0xFC, 0x91, 0x9B, 0x51, 0x99, 0x68, 0xCC, 0x71,
    0x16, 0x27, 0xF2, 0xC5, 0x25, 0x24, 0xE1, 0xBC, 0x05, 0xB0, 0x1A, 0x92, 0x23, 0x2E, 0x19, 0xDF,
    0xF6, 0x90, 0x6C, 0x0C, 0x49, 0x42, 0x48, 0xDA, 0x7C, 0x2D, 0x24, 0x1B, 0xF5, 0x72, 0x46, 0xB4,
    0x41, 0xCB, 0x01, 0x4E, 0xE4, 0x44, 0xB7, 0x02, 0xF0, 0xCE, 0x05, 0x62, 0x6E, 0x32, 0xA2, 0x51,
    0xC9, 0x31, 0x3D, 0x6B, 0xE9, 0x55, 0xEB, 0xF9, 0xD8, 0x65, 0xF2, 0x9A, 0xEB, 0x85, 0x43, 0x73,
    0x3E, 0xA6, 0xC2, 0x91, 0xD0, 0x2A, 0x26, 0x0F, 0x87, 0xA5, 0x5C, 0xBC, 0xA9, 0x0E, 0x1E, 0x79,
    0xBA, 0x59, 0x12, 0xC6, 0x11, 0x76, 0x47, 0xCD, 0x0A, 0xB7, 0x63, 0xE5, 0xE0, 0x58, 0xEC, 0xE9,
    0x80, 0x6C, 0xF6, 0x62, 0x6F, 0xDF, 0x6F, 0x48, 0x26, 0x36, 0x22, 0xDD, 0x41, 0xBD, 0xFF, 0xEE,
    0x8B, 0xC7, 0xFF, 0xF6, 0x35, 0xC7, 0xFF, 0xAB, 0xD3, 0xAF, 0x35, 0xD8, 0x79, 0x4B, 0xB1, 0x11,
    0xEC, 0x61, 0x6D, 0xBA, 0xDA, 0x4D, 0xE8, 0xA9, 0x14, 0xD1, 0x2F, 0xC4, 0x1E, 0xB8, 0x6E, 0x01,
    0x7A, 0x20, 0x70, 0x4A, 0x53, 0xCC, 0x80, 0x9F, 0x6C, 0xD0, 0x8E, 0x7E, 0x3E, 0x2F, 0x61, 0x17,
    0x18, 0x74, 0x69, 0xB5, 0xEC, 0xF2, 0xDD, 0xB1, 0x80, 0x05, 0x28, 0xCF, 0x6A, 0x54, 0x23, 0x64,
    0xCB, 0xDC, 0x21, 0x9B, 0x64, 0xBF, 0x92, 0x36, 0xD2, 0x03, 0xED, 0x69, 0x86, 0x35, 0x1E, 0x38,
    0x81, 0x0C, 0xBB, 0x66, 0x9E, 0x16, 0x66, 0xB2, 0xD9, 0xC8, 0x36, 0x91, 0xDD, 0x42, 0xD2, 0xD5,
    0x26, 0xD9, 0x40, 0xFA, 0x89, 0x14, 0xB0, 0xDE, 0x64, 0x00, 0x45, 0x0C, 0xB9, 0x97, 0x5E, 0x49,
    0xB9, 0x2A, 0x17, 0xB0, 0xA6, 0x94, 0x48, 0x76, 0xA1, 0x66, 0x61, 0x38, 0x37, 0xA0, 0xDD, 0x39,
    0xB5, 0xCB, 0x4E, 0x1B, 0xDD, 0xD8, 0x46, 0x1B, 0xFD, 0xD0, 0x46, 0x17, 0x05, 0x6F, 0x78, 0xB0,
    0x8B, 0xF2, 0x29, 0xFA, 0xE2, 0x7F, 0x3E, 0xFF, 0x14, 0x6E, 0x7E, 0xF4, 0xF4, 0xB3, 0xCD, 0xF4,
    0x1F, 0x7F, 0xFE, 0x39, 0x02, 0xF6, 0x9B, 0x8F, 0x41, 0xFB, 0x1F, 0x8F, 0x9E, 0xC2, 0xAF, 0xF7,
    0x1F, 0x3D, 0x86, 0x6B, 0x1F, 0xFE, 0xF4, 0x71, 0x34, 0xF6, 0xC9, 0x0F, 0x9E, 0x80, 0xC2, 0x99,
    0xD7, 0x65, 0xE5, 0xD6, 0x70, 0xEC, 0xA4, 0x46, 0xA6, 0x83, 0xA6, 0x4F, 0x0C, 0x4D, 0x97, 0x18,
    0x85, 0x36, 0x1B, 0xA7, 0xF1, 0xD2, 0x72, 0x0E, 0x81, 0x00, 0xB9, 0x4E, 0x15, 0xF2, 0x36, 0x3B,
    0x82, 0x3C, 0x59, 0x41, 0xBF, 0xF7, 0x38, 0x99, 0x41, 0x2B, 0x23, 0xD8, 0x0B, 0x60, 0xAC, 0x52,
    0xF6, 0x9E, 0xAB, 0x29, 0x57, 0xB6, 0xC9, 0x73, 0xF7, 0xC9, 0x11, 0xCD, 0xE2, 0x98, 0x23, 0x6E,
    0x86, 0x2A, 0x08, 0xEF, 0x38, 0x54, 0xA9, 0x1C, 0x57, 0x23, 0xD4, 0x5F, 0xCB, 0xA1, 0xDF, 0x2E,
    0xFC, 0x91, 0x69, 0x5A, 0x69, 0x9A, 0x8B, 0x10, 0x43, 0xA3, 0x58, 0xA3, 0x4F, 0xDA, 0x91, 0x28,
    0xBE, 0xD9, 0xA8, 0xAA, 0x4B, 0x34, 0x70, 0xAF, 0xF8, 0x25, 0xA8, 0x81, 0x93, 0x1A, 0x38, 0xEC,
    0x45, 0x23, 0x99, 0xC8, 0x7E, 0xB9, 0xD0, 0xC6, 0x2F, 0xD3, 0x05, 0xE5, 0x4C, 0x7A, 0xA5, 0x4C,
    0xE4, 0x5E, 0x12, 0x02, 0x62, 0x0E, 0x9E, 0x4E, 0x5E, 0x54, 0x52, 0x26, 0x7D, 0x02, 0x0A, 0x89,
    0x7B, 0xA1, 0x0D, 0xB6, 0x17, 0xC5, 0x7C, 0x78, 0x1E, 0xA2, 0xB5, 0x4C, 0x5F, 0x7A, 0x28, 0xEB,
    0x97, 0x1E, 0x76, 0xFB, 0xC3, 0xCD, 0x90, 0x19, 0x07, 0x62, 0x46, 0x0F, 0xC3, 0x48, 0xE6, 0x4B,
    0xC9, 0xCA, 0x96, 0xF5, 0xB1, 0x1C, 0xE8, 0x45, 0xB4, 0xEA, 0xBA, 0x81, 0x11, 0x70, 0x84, 0x1F,
    0x08, 0x55, 0x76, 0xF3, 0x1C, 0x89, 0x28, 0x37, 0x42, 0x3B, 0xE8, 0x05, 0x2B, 0x50, 0x13, 0xCD,
    0x42, 0x44, 0xA0, 0xBD, 0x20, 0x00, 0x9D, 0xE2, 0xD9, 0xC9, 0x1C, 0xBA, 0x77, 0x40, 0xE0, 0x1D,
    0x2A, 0xE5, 0x65, 0x27, 0x5E, 0xFD, 0xCC, 0x0B, 0xAD, 0xDB, 0x78, 0x5C, 0xCD, 0x42, 0xD1, 0x15,
    0xAE, 0xC4, 0x0B, 0xFA, 0x8B, 0x4D, 0x4D, 0x91, 0xF3, 0xE5, 0x87, 0xCB, 0xFB, 0xB8, 0xF4, 0xFD,
    0x43, 0xC4, 0xED, 0xD3, 0x2F, 0x54, 0x8D, 0x93, 0x0D, 0xF7, 0xF5, 0xB3, 0xF5, 0x55, 0x2D, 0xA6,
    0x74, 0xB5, 0xB7, 0x3D, 0xDF, 0x41, 0x6D, 0x85, 0x10, 0xDC, 0x97, 0x53, 0x7E, 0x46, 0x87, 0x4A,
    0xA8, 0x4B, 0x43, 0x23, 0x97, 0x1B, 0xB6, 0xD0, 0xAA, 0x3B, 0xF7, 0x37, 0x3D, 0xA6, 0x91, 0xE3,
    0x46, 0x3B, 0xAD, 0xFE, 0x97, 0x63, 0x28, 0x37, 0xFC, 0xAD, 0xD5, 0xD2, 0xFE, 0xF3, 0x0C, 0x61,
    0xFF, 0x46, 0xE3, 0xB1, 0x45, 0xD1, 0x13, 0xC0, 0x2A, 0x1B, 0x3F, 0x71, 0xBE, 0x9F, 0x38, 0x81,
    0x05, 0x2E, 0x09, 0xD1, 0x4F, 0xDC, 0x16, 0x0C, 0xA6, 0x1D, 0x8B, 0x1B, 0x87, 0x0E, 0xD3, 0xE5,
    0xE4, 0xC1, 0x8C, 0x4D, 0xB0, 0xB1, 0x5D, 0xEA, 0x04, 0x9F, 0x36, 0x73, 0xCF, 0x74, 0x0B, 0xAB,
    0xC9, 0xCC, 0x0D, 0xA7, 0xB8, 0xC8, 0xC3, 0xA2, 0xD0, 0x6D, 0x46, 0x82, 0x5D, 0xD1, 0x3D, 0x6D,
    0x04, 0x1C, 0x77, 0xDA, 0x3E, 0x10, 0x33, 0xC1, 0xC9, 0x90, 0x6B, 0xCB, 0xE0, 0xE7, 0x06, 0x88,
    0xBD, 0x18, 0x97, 0x9F, 0x73, 0x5A, 0xFC, 0x9C, 0x2B, 0xE3, 0xC3, 0x6C, 0xCA, 0x5C, 0xE7, 0xAF,
    0x77, 0x12, 0xFC, 0x7A, 0xE6, 0xE6, 0x94, 0x07, 0x47, 0x56, 0x60, 0xC1, 0xAF, 0x64, 0xA9, 0xA8,
    0xBA, 0x96, 0xB1, 0x03, 0x4C, 0xBB, 0x36, 0x1B, 0x8B, 0xF0, 0xF3, 0xB4, 0xBD, 0xB6, 0x9C, 0x51,
    0x09, 0xAD, 0x04, 0x23, 0x8F, 0xB5, 0xE6, 0x5E, 0x97, 0x9F, 0xA7, 0x02, 0x0B, 0x3E, 0x13, 0x56,
    0x0E, 0xD4, 0x59, 0x0A, 0x53, 0x72, 0x6C, 0x43, 0x4C, 0xB5, 0x97, 0x5B, 0x5A, 0x7E, 0x9A, 0xBF,
    0x7C, 0xE9, 0xDE, 0x9C, 0xF8, 0x6B, 0xE2, 0xBC, 0x57, 0x39, 0xB6, 0xF7, 0xCB, 0xB5, 0xBD, 0xF7,
    0xAB, 0x97, 0xAC, 0x85, 0x31, 0x5D, 0x6E, 0xC6, 0x34, 0x7E, 0xBD, 0x98, 0x02, 0x2F, 0x8C, 0xE9,
    0xBF, 0x9F, 0x63, 0xAA, 0x05, 0x5F, 0xCF, 0x51, 0xC0, 0x64, 0x56, 0xF2, 0x5C, 0xDD, 0xF2, 0xF3,
    0xDE, 0x11, 0x56, 0x3D, 0x11, 0xD0, 0x4D, 0x0A, 0x9A, 0x00, 0x0B, 0xF0, 0xDF, 0x5C, 0x2C, 0xCF,
    0xBE, 0xF5, 0x7A, 0x86, 0x70, 0x2C, 0xD5, 0x18, 0x1A, 0x57, 0x87, 0xA4, 0xE7, 0x63, 0x7F, 0xD3,
    0x91, 0xEC, 0xFD, 0xA0, 0x3C, 0x7B, 0x97, 0x9C, 0x00, 0xE6, 0x8B, 0x1C, 0xD8, 0x23, 0x29, 0x78,
    0x67, 0x07, 0x46, 0xF3, 0x9D, 0x07, 0x72, 0xBA, 0xB7, 0xAF, 0xE7, 0xE0, 0x46, 0x36, 0x89, 0x6C,
    0xAF, 0x73, 0x25, 0xBB, 0x9D, 0x0B, 0xD9, 0xEF, 0xFC, 0xF2, 0x14, 0x39, 0xD0, 0xDC, 0x7A, 0x72,
    0x33, 0x9F, 0x79, 0x72, 0xF5, 0x9C, 0xE0, 0xB7, 0x63, 0xB2, 0xD7, 0x8E, 0x23, 0x6C, 0xEE, 0x37,
    0xB2, 0xFB, 0xED, 0xAE, 0x16, 0x19, 0xB1, 0xF2, 0x33, 0x0E, 0xA5, 0x0F, 0x13, 0x23, 0x93, 0x18,
    0x88, 0xB5, 0xC9, 0xC7, 0xD6, 0x6F, 0xE9, 0xAE, 0x96, 0xFC, 0x5E, 0xC1, 0x61, 0x03, 0xF8, 0xC0,
    0xA0, 0xCC, 0x1D, 0x9A, 0x4F, 0xAD, 0x64, 0x8F, 0x80, 0x26, 0x56, 0xB3, 0x8B, 0x8C, 0x2C, 0x76,
    0xAF, 0xD5, 0x8A, 0xF5, 0xC0, 0xC5, 0x22, 0x0B, 0x62, 0x4D, 0xAF, 0x3B, 0x9A, 0x52, 0xFA, 0xF5,
    0x66, 0x71, 0xFE, 0xC2, 0x9A, 0xCE, 0xB0, 0x1C, 0xCB, 0xC0, 0x1B, 0xDC, 0x85, 0xBF, 0xC9, 0xAE,
    0xFE, 0x23, 0x22, 0xEC, 0x87, 0xD6, 0xDC, 0x47, 0x03, 0xB0, 0x34, 0xD2, 0x89, 0xD8, 0xA6, 0x03,
    0x01, 0x70, 0xA1, 0x63, 0xB7, 0x61, 0x1D, 0x3C, 0xF5, 0x8B, 0x66, 0xF8, 0xC0, 0x68, 0x63, 0x41,
    0x13, 0x28, 0xBF, 0xBA, 0xAA, 0xAF, 0xEA, 0x33, 0x2E, 0x1F, 0xCB, 0x89, 0xC4, 0x11, 0x5E, 0x56,
    0x96, 0xB2, 0x2F, 0xDD, 0x50, 0xED, 0xA3, 0xF5, 0xDB, 0x34, 0xFC, 0xEF, 0x75, 0xB2, 0x01, 0x7E,
    0x9A, 0x81, 0x9F, 0x27, 0x40, 0x22, 0xA1, 0x7F, 0x67, 0xB9, 0x8A, 0xBB, 0x91, 0xF9, 0x3C, 0xA4,
    0x89, 0x72, 0xC7, 0x78, 0x51, 0xCE, 0x60, 0x11, 0x99, 0xDA, 0x81, 0xD3, 0x83, 0x17, 0x55, 0xD8,
    0x3A, 0x72, 0x14, 0xAF, 0x3A, 0xFB, 0xA8, 0xF5, 0x24, 0x60, 0xD4, 0xCA, 0x17, 0xB0, 0x91, 0xFB,
    0xA8, 0x0D, 0x68, 0x45, 0x18, 0x02, 0x9A, 0x26, 0x09, 0xE8, 0xC3, 0xD7, 0xA8, 0xB6, 0x69, 0x36,
    0x92, 0xCC, 0xCC, 0x84, 0x52, 0xFA, 0x3D, 0x33, 0xCB, 0x39, 0x33, 0x9D, 0x66, 0x26, 0xB2, 0x44,
    0x99, 0x9B, 0x54, 0x70, 0xFA, 0xE8, 0xB6, 0xBD, 0x27, 0xB6, 0x2B, 0xD0, 0xAD, 0x7E, 0xFE, 0xC7,
    0x6E, 0x71, 0x1F, 0xA5, 0x3E, 0xDA, 0xE7, 0xC9, 0xC6, 0x4E, 0x22, 0x32, 0xC7, 0xF4, 0x94, 0xE8,
    0x2A, 0xC2, 0x3B, 0x69, 0xF8, 0x6F, 0x3F, 0x48, 0xEA, 0xA5, 0xFA, 0xD7, 0xF3, 0x8E, 0xEA, 0x9C,
    0x1A, 0xE8, 0x78, 0xCF, 0xBB, 0x75, 0x72, 0xBE, 0x47, 0x8E, 0x36, 0xD6, 0xCD, 0x30, 0xA9, 0x4A,
    0x3C, 0x9B, 0xAC, 0xF6, 0x19, 0x65, 0xC2, 0x8D, 0x67, 0x49, 0xDF, 0x29, 0xB7, 0x7E, 0xCC, 0xA6,
    0x4A, 0xF2, 0x1B, 0x19, 0xAA, 0x2C, 0x4F, 0x38, 0x29, 0x38, 0x44, 0xA3, 0x4E, 0x5D, 0x74, 0x63,
    0xBD, 0x76, 0xC1, 0x8D, 0xCD, 0xD2, 0xCF, 0x7E, 0x68, 0x62, 0x3F, 0x79, 0xD3, 0x46, 0x3B, 0xC9,
    0x99, 0xC1, 0xE2, 0x5D, 0xB4, 0xF8, 0x71, 0x36, 0x68, 0xF1, 0xFA, 0x66, 0xD0, 0x02, 0x76, 0xDB,
    0x09, 0x0A, 0x6F, 0x10, 0x2D, 0xEA, 0xF5, 0x32, 0x5D, 0x4F, 0x8C, 0xD4, 0xFF, 0x6A, 0x1F, 0xBE,
    0x25, 0x77, 0xF7, 0x1E, 0x5A, 0x1E, 0xC7, 0x89, 0x08, 0xF5, 0xA6, 0x47, 0x8C, 0xBA, 0x1B, 0x3F,
    0x10, 0x5C, 0x60, 0x41, 0x06, 0xCC, 0x7B, 0x15, 0xBA, 0xA3, 0xBC, 0xFA, 0x63, 0xA6, 0x7C, 0xA5,
    0x14, 0x65, 0x53, 0x8C, 0xE3, 0x87, 0x02, 0xAD, 0xEF, 0x43, 0xBE, 0x3C, 0xF1, 0x90, 0xBB, 0xB6,
    0xB9, 0x90, 0x50, 0x03, 0x53, 0xB5, 0xFF, 0x39, 0xA6, 0xBA, 0x1C, 0x45, 0xEA, 0x01, 0x24, 0x90,
    0x80, 0x3E, 0x35, 0x62, 0xDC, 0xD2, 0xF2, 0x64, 0x0D, 0x69, 0x97, 0xA9, 0x4D, 0x9E, 0xCB, 0x92,
    0x4E, 0xF2, 0xAF, 0x2C, 0x4D, 0xFE, 0x0F, 0x17, 0x57, 0xD3, 0xBC, 0x6A, 0x14, 0x39, 0x09, 0xFD,
    0xE4, 0xE4, 0x03, 0xC8, 0x93, 0x47, 0x32, 0x9C, 0xE0, 0xFE, 0x00, 0xF7, 0x65, 0xDF, 0x10, 0x16,
    0x32, 0x5F, 0x0D, 0xD6, 0xC1, 0x7C, 0xB3, 0xCA, 0x0C, 0xD9, 0x0A, 0xFB, 0x88, 0x2E, 0xF7, 0x55,
    0x48, 0x18, 0x37, 0xF3, 0xE7, 0xBB, 0x39, 0x8D, 0xBE, 0xAB, 0x7F, 0x1B, 0x3D, 0x0A, 0xE4, 0x8D,
    0x6F, 0x1C, 0xB3, 0x52, 0x41, 0x05, 0xED, 0xC8, 0x2A, 0x2A, 0xEF, 0x67, 0xB7, 0xAB, 0x16, 0xFA,
    0xFC, 0x23, 0xEC, 0x4D, 0x87, 0x56, 0x62, 0x01, 0x3A, 0x82, 0x91, 0x75, 0xD4, 0xE6, 0x0F, 0xD0,
    0xA3, 0x67, 0xA7, 0x57, 0x9F, 0x3A, 0xFD, 0x1D, 0x14, 0x16, 0x09, 0x68, 0x04, 0xB0, 0x69, 0xB7,
    0xAA, 0x14, 0xB6, 0x91, 0xED, 0x98, 0x26, 0xB4, 0xC7, 0x36, 0x37, 0x7B, 0x2C, 0x0C, 0x70, 0x47,
    0x8F, 0xFD, 0xEA, 0x99, 0xFB, 0x68, 0x59, 0x0D, 0xBA, 0x50, 0x11, 0xEC, 0x22, 0x4C, 0x94, 0xDD,
    0x13, 0xF5, 0x34, 0x9B, 0x4E, 0x1E, 0x31, 0x51, 0x1A, 0xBC, 0xBD, 0x46, 0xE8, 0x07, 0x27, 0xDF,
    0xA3, 0xE1, 0x10, 0x70, 0x5F, 0xB4, 0x40, 0x27, 0xB2, 0x71, 0x84, 0x9F, 0xEB, 0x0D, 0x80, 0x05,
    0x32, 0x29, 0xDA, 0x04, 0xF1, 0x6D, 0x62, 0xAC, 0x56, 0x56, 0x2E, 0x8B, 0x43, 0x98, 0x9E, 0xC1,
    0xF0, 0x96, 0x86, 0xD7, 0x34, 0xBC, 0xE0, 0x90, 0xD1, 0x4F, 0xB3, 0xD8, 0xF7, 0xFE, 0xA9, 0x89,
    0xF6, 0x61, 0x6A, 0xA3, 0xFD, 0x09, 0xF1, 0x56, 0x6A, 0x83, 0x7B, 0x7D, 0xEB, 0x66, 0x0C, 0xE7,
    0x1E, 0x48, 0x3D, 0x87, 0xB1, 0x9D, 0xF2, 0x19, 0xE3, 0x56, 0xAF, 0xEE, 0x7B, 0x5B, 0x13, 0xDD,
    0xF7, 0xD1, 0xDE, 0xFF, 0x20, 0xA1, 0x95, 0xE8, 0xDF, 0x59, 0x45, 0x78, 0x18, 0x92, 0x4C, 0x3B,
    0xF7, 0xEC, 0x21, 0xA9, 0x80, 0xAA, 0x5E, 0x6A, 0xF6, 0x1D, 0x8E, 0xFC, 0x4A, 0xE4, 0xE7, 0xB0,
    0x71, 0xB3, 0xFF, 0x6C, 0xA7, 0x2A, 0xDA, 0x68, 0x27, 0x33, 0xD8, 0x78, 0x7B, 0x38, 0xBA, 0x3D,
    0xDC, 0xB9, 0x90, 0xD3, 0xD9, 0x9F, 0x0C, 0x32, 0x7D, 0x9B, 0xB3, 0xC8, 0xF4, 0x2F, 0xC6, 0xFE,
    0xFA, 0xC9, 0x23, 0x48, 0x87, 0x80, 0x0D, 0x6C, 0xB9, 0x7D, 0xC8, 0x2D, 0xEB, 0xAC, 0xA5, 0xFC,
    0x42, 0x73, 0x45, 0xAF, 0xCD, 0xEE, 0xF5, 0x71, 0x2E, 0x82, 0x50, 0x5E, 0xE6, 0x94, 0x4B, 0x86,
    0x14, 0xCC, 0x90, 0x9F, 0x01, 0x99, 0x51, 0x4D, 0x33, 0x66, 0x35, 0x20, 0xBF, 0x14, 0xAE, 0xE0,
    0xEC, 0x96, 0x9F, 0xC2, 0x68, 0xFF, 0xD6, 0xF5, 0x4E, 0xDD, 0x0C, 0xDC, 0x04, 0x64, 0xC1, 0x8B,
    0xEC, 0x73, 0xBD, 0xAE, 0xE0, 0x1C, 0x0E, 0xD4, 0xB5, 0x19, 0x91, 0x9F, 0xC0, 0x02, 0x79, 0x0A,
    0x0B, 0xBC, 0xA4, 0x1A, 0x36, 0x2C, 0x75, 0x2C, 0x65, 0x2E, 0x7E, 0xD8, 0x50, 0x80, 0xD5, 0x71,
    0x13, 0x8E, 0x3F, 0xC0, 0xF5, 0x5B, 0x39, 0x19, 0x89, 0xED, 0x5C, 0x41, 0x61, 0xEC, 0xE4, 0x6E,
    0x1D, 0xAD, 0xC8, 0xE3, 0x68, 0x9F, 0x88, 0x44, 0xFB, 0x1E, 0x83, 0x39, 0x7D, 0x37, 0xEB, 0x36,
    0x9C, 0x4A, 0x34, 0x6D, 0x78, 0xAF, 0x21, 0x2E, 0xA5, 0xCE, 0x05, 0xCD, 0x02, 0x54, 0xE9, 0x5C,
    0x30, 0x15, 0xF9, 0x0C, 0xF6, 0x22, 0x4B, 0x23, 0x5D, 0x66, 0x39, 0x21, 0xC0, 0x1D, 0x89, 0xE7,
    0xD1, 0x51, 0x13, 0x2A, 0xA0, 0x9F, 0x8F, 0x4A, 0xAC, 0xD8, 0xCE, 0x92, 0xEA, 0xF5, 0xDC, 0xA2,
    0xC9, 0x27, 0x40, 0x84, 0xC6, 0x03, 0x05, 0x61, 0x5E, 0xBB, 0xCB, 0xCA, 0xA5, 0xC7, 0x35, 0x5F,
    0x8A, 0x21, 0x37, 0x1A, 0x3F, 0x52, 0x8E, 0xE0, 0x32, 0xB8, 0x0A, 0x41, 0x57, 0xA6, 0x51, 0x15,
    0xAE, 0xC4, 0xAB, 0x4E, 0xA6, 0x59, 0x69, 0x70, 0x8B, 0x2B, 0xF2, 0xEA, 0xE2, 0x59, 0xCC, 0x21,
    0x89, 0x05, 0x24, 0xFA, 0x67, 0x47, 0xBB, 0x7B, 0x49, 0xC4, 0x97, 0xCA, 0xC0, 0xAB, 0xE2, 0xAF,
    0x0B, 0x80, 0x9B, 0x00, 0xB9, 0xD9, 0x42, 0x23, 0x20, 0x7A, 0x78, 0x40, 0x78, 0xA0, 0x96, 0x4F,
    0x46, 0x74, 0x8E, 0x97, 0x05, 0x2E, 0xDF, 0x28, 0x3C, 0x89, 0xEF, 0xDC, 0xD7, 0xE8, 0x25, 0x62,
    0x21, 0x60, 0x54, 0xE1, 0x87, 0x5B, 0x90, 0xB4, 0xB4, 0xA1, 0x13, 0x91, 0xB0, 0x57, 0x48, 0x1C,
    0x9A, 0x35, 0xDD, 0xFA, 0x1F, 0xCD, 0xDA, 0x01, 0xC4, 0x2E, 0x57, 0x7E, 0x06, 0xF0, 0x67, 0x66,
    0x92, 0x3B, 0xDD, 0x7B, 0xEC, 0xCE, 0x45, 0x51, 0x4D, 0x93, 0x29, 0x82, 0x6A, 0xD7, 0x3D, 0x50,
    0x04, 0xC9, 0x9E, 0xE9, 0x2E, 0x8A, 0x22, 0x8B, 0x2E, 0x80, 0x16, 0x40, 0xD0, 0x0B, 0x2D, 0x29,
    0xDB, 0x9C, 0x69, 0x42, 0x17, 0x45, 0x3E, 0x00, 0xA0, 0x41, 0xB0, 0xB9, 0xA5, 0x0B, 0xC1, 0x22,
    0xC9, 0x39, 0xD9, 0x4B, 0x0B, 0xD8, 0xD1, 0x14, 0x28, 0x76, 0x92, 0x66, 0x55, 0x13, 0xDC, 0x93,
    0xEC, 0x90, 0xC9, 0xFD, 0xCE, 0x9C, 0xA7, 0xE7, 0x7F, 0xDE, 0x77, 0xBE, 0xFB, 0xDE, 0x9B, 0x4D,
    0xBB, 0xC1, 0xFD, 0xBE, 0x9C, 0xEF, 0x7C, 0xBF, 0xF7, 0x7A, 0xDF, 0xD7, 0x9C, 0x67, 0x66, 0xE6,
    0x9C, 0xEF, 0x9C, 0x99, 0x0B, 0x2E, 0x60, 0xC8, 0xB5, 0x92, 0x3A, 0xD7, 0x9C, 0x71, 0x28, 0xCF,
    0x02, 0x3F, 0x04, 0xA2, 0xD4, 0x3A, 0xA2, 0x29, 0x55, 0x45, 0x74, 0xA5, 0xF6, 0x11, 0x3A, 0xD7,
    0x15, 0x26, 0xD7, 0x05, 0x26, 0x00, 0xB8, 0x3E, 0x66, 0xFA, 0x29, 0xA3, 0xFD, 0x91, 0x9A, 0x13,
    0xA0, 0xB9, 0x01, 0x24, 0x87, 0x26, 0xE3, 0x5B, 0x5A, 0x3B, 0x75, 0xF1, 0xA5, 0x27, 0xD1, 0x2F,
    0xEF, 0x00, 0x3A, 0xBC, 0x0D, 0x98, 0x10, 0x77, 0x66, 0xE1, 0x7D, 0xE1, 0x83, 0xF5, 0x39, 0x98,
    0x4F, 0x17, 0x0E, 0x3D, 0xCF, 0x89, 0x8E, 0xCC, 0x09, 0xC8, 0x00, 0x38, 0x8E, 0x40, 0xB7, 0x20,
    0x33, 0x17, 0xF6, 0x66, 0xF1, 0x44, 0x1A, 0xB2, 0xE4, 0x02, 0xB4, 0x94, 0x56, 0x7B, 0x3A, 0x22,
    0x67, 0xAC, 0x23, 0x60, 0x67, 0xCC, 0xD9, 0xF2, 0x45, 0xE7, 0x8B, 0x93, 0x68, 0xC5, 0x8E, 0xDC,
    0x8A, 0x71, 0xF7, 0xBA, 0xBB, 0xF7, 0x63, 0x48, 0x2A, 0x88, 0x33, 0x6E, 0x00, 0x76, 0xAC, 0x57,
    0x20, 0xA1, 0x89, 0x68, 0x29, 0xDB, 0xEC, 0xC9, 0x0F, 0x22, 0x34, 0xC9, 0xEC, 0x7F, 0x8B, 0x66,
    0xD2, 0x5C, 0x60, 0x3C, 0x6E, 0x4D, 0x68, 0x13, 0x60, 0x42, 0x43, 0x80, 0x53, 0x4D, 0x54, 0xF4,
    0x95, 0x1C, 0x03, 0x80, 0x5E, 0x25, 0xC9, 0xD0, 0x49, 0xAA, 0xC9, 0x2C, 0xB2, 0x7D, 0x3B, 0x67,
    0x03, 0x3D, 0xD0, 0x7F, 0xCA, 0x01, 0xE8, 0xCE, 0x13, 0xB2, 0x8C, 0xD9, 0x96, 0x0B, 0xA0, 0x48,
    0x2E, 0xE8, 0xB2, 0xE1, 0xE8, 0xF5, 0x7F, 0xE6, 0xED, 0xD7, 0x80, 0x9A, 0x00, 0xD0, 0x1C, 0x4C,
    0x99, 0x3F, 0xCC, 0xEF, 0x8F, 0x30, 0x24, 0xFD, 0x51, 0x9B, 0x1D, 0x81, 0x3E, 0xA0, 0x9F, 0xA1,
    0x27, 0x98, 0x5C, 0xBD, 0x54, 0x9B, 0xEB, 0x08, 0x37, 0x80, 0xB9, 0x02, 0xC4, 0x17, 0x4B, 0x1B,
    0xD1, 0xAE, 0x50, 0xB9, 0xE9, 0x5C, 0x83, 0xD4, 0x2F, 0x6E, 0x06, 0x95, 0xFB, 0x10, 0xE8, 0xC9,
    0x41, 0x9A, 0x9A, 0xC1, 0xF3, 0xB2, 0xAF, 0x3D, 0xEA, 0x84, 0x4A, 0x90, 0x94, 0x03, 0x50, 0x71,
    0x05, 0x40, 0x4E, 0x80, 0xE1, 0x06, 0x68, 0x12, 0xF5, 0x72, 0x8B, 0xBE, 0x9B, 0x6B, 0x7A, 0xED,
    0xE1, 0xBC, 0x99, 0x72, 0x22, 0x13, 0xE0, 0x60, 0xD2, 0x9F, 0x44, 0x68, 0x9E, 0x9F, 0x41, 0x95,
    0xF4, 0x8E, 0x13, 0xD0, 0x32, 0x00, 0xD0, 0xE5, 0xE4, 0x1F, 0x79, 0x0A, 0x3A, 0xC0, 0x9C, 0x33,
    0xC0, 0x91, 0x1E, 0x9A, 0x3C, 0xE6, 0x31, 0x81, 0x93, 0x3D, 0xFC, 0x7A, 0xF7, 0x3E, 0x3D, 0xFF,
    0x9D, 0x23, 0x70, 0x2B, 0x7F, 0x82, 0xB6, 0x6C, 0xD1, 0x9C, 0xA9, 0x00, 0xAC, 0x52, 0x9B, 0x19,
    0x78, 0x0E, 0x6A, 0xBC, 0x35, 0xF7, 0xE8, 0x6A, 0xC6, 0x0E, 0x37, 0x15, 0x93, 0x1A, 0x9E, 0xED,
    0xC9, 0xAC, 0x99, 0x9E, 0x6B, 0xC7, 0x17, 0xAD, 0x87, 0x1A, 0x7E, 0x6A, 0xC7, 0xEC, 0x9B, 0x6E,
    0x40, 0x27, 0x0E, 0x1D, 0xDE, 0xB4, 0xEF, 0xAE, 0x3D, 0x5E, 0x34, 0x8C, 0x37, 0xF1, 0xAC, 0xE6,
    0xF2, 0x2C, 0x9E, 0x53, 0x9C, 0x7E, 0x0A, 0x8D, 0x37, 0xEA, 0x80, 0x6E, 0x84, 0xF2, 0x68, 0x16,
    0x58, 0x00, 0xE4, 0xBA, 0x5F, 0xA6, 0x95, 0x9B, 0x54, 0x6E, 0xE7, 0xE3, 0xAD, 0x45, 0x02, 0xDE,
    0x01, 0xD2, 0x35, 0x6E, 0x86, 0x9B, 0xAB, 0x62, 0xAA, 0xA3, 0xFB, 0x97, 0x68, 0xEF, 0xAD, 0xFD,
    0x07, 0x0B, 0x30, 0x60, 0x40, 0xE3, 0x1B, 0x8F, 0x7E, 0xEA, 0x67, 0xB8, 0xD9, 0xCD, 0x0D, 0x5F,
    0xE1, 0xD8, 0xA7, 0x3E, 0x41, 0x2F, 0xD2, 0x05, 0x27, 0x33, 0xC3, 0x78, 0x39, 0x15, 0xC1, 0x04,
    0x98, 0x55, 0xAF, 0x50, 0x9B, 0x4A, 0xA8, 0x59, 0x53, 0x36, 0xED, 0x80, 0x6F, 0xE7, 0x1F, 0x00,
    0x8F, 0xE1, 0x85, 0xDB, 0xB7, 0x6F, 0xC3, 0x91, 0x14, 0x12, 0x48, 0x6E, 0x00, 0x6A, 0xA1, 0x89,
    0x0F, 0xD0, 0xAE, 0x19, 0xB5, 0x64, 0x1E, 0xFF, 0x3E, 0x34, 0x69, 0x98, 0x4A, 0xDD, 0x2C, 0x37,
    0xE8, 0x0F, 0x51, 0x7F, 0xF8, 0x57, 0x50, 0x68, 0x87, 0x27, 0xCD, 0x7B, 0xFE, 0xDB, 0x2F, 0x7E,
    0xEA, 0x9F, 0xF9, 0x9B, 0x4F, 0xFC, 0x1F, 0xBB, 0x9F, 0xF9, 0x67, 0x3E, 0xBB, 0xE3, 0x9F, 0xF9,
    0xD5, 0x9D, 0xE1, 0xF7, 0xF0, 0x2D, 0xA8, 0xE1, 0x45, 0x54, 0x9C, 0x00, 0xB9, 0x2C, 0x6F, 0xFF,
    0xD8, 0x30, 0x5A, 0xA9, 0xAB, 0x74, 0xC6, 0x86, 0x11, 0x1D, 0x09, 0x43, 0x0E, 0x76, 0x34, 0xA3,
    0x83, 0xF6, 0xEF, 0xE4, 0xDF, 0x84, 0xFC, 0xEF, 0xC1, 0x0D, 0xB6, 0x7C, 0x26, 0xDF, 0x59, 0x50,
    0x71, 0x00, 0x70, 0xED, 0xB5, 0x4C, 0x17, 0x32, 0x7D, 0x61, 0xCE, 0x68, 0xC1, 0x4C, 0xA8, 0x6F,
    0xE7, 0xFE, 0xDA, 0x90, 0x8C, 0xC2, 0xDA, 0x0A, 0x80, 0x1B, 0x01, 0x70, 0xB8, 0x00, 0x47, 0xAA,
    0x84, 0xBD, 0x48, 0xB2, 0x7C, 0x4C, 0xC6, 0xD2, 0x53, 0x2E, 0x18, 0x61, 0xA7, 0x9A, 0xAB, 0xE2,
    0xA6, 0xA6, 0xAD, 0x0C, 0x81, 0xAB, 0xB4, 0xE7, 0x86, 0x76, 0x81, 0xE6, 0x62, 0xA4, 0x06, 0xB8,
    0xA9, 0x61, 0x6C, 0xB9, 0x55, 0x43, 0x84, 0x5D, 0x60, 0x3D, 0x5C, 0x40, 0xB3, 0x7E, 0xB3, 0x59,
    0x0D, 0x97, 0x9E, 0xF3, 0xB5, 0x34, 0xE0, 0xFB, 0xC0, 0x86, 0x9A, 0x68, 0x37, 0x74, 0x6B, 0xB9,
    0x54, 0x3D, 0x5A, 0xA0, 0x6C, 0x1F, 0xB2, 0x05, 0xD1, 0x8B, 0xF4, 0x4D, 0x12, 0x5B, 0x71, 0x6C,
    0x37, 0x54, 0x1C, 0x55, 0xCC, 0x0E, 0x5D, 0x6E, 0x9F, 0xC8, 0x36, 0xD9, 0x55, 0xEC, 0x8B, 0x7A,
    0x41, 0x4B, 0x58, 0x71, 0x60, 0x80, 0x22, 0x5D, 0x19, 0x1C, 0xAC, 0xB8, 0x99, 0x19, 0xDD, 0x67,
    0x8B, 0x9D, 0x0E, 0x47, 0xEB, 0xA8, 0x3E, 0xD1, 0x9C, 0x3A, 0x8B, 0x50, 0x64, 0x84, 0xDB, 0x8F,
    0x62, 0x47, 0xDE, 0x5D, 0x35, 0xD9, 0x2E, 0x86, 0x54, 0x8B, 0x25, 0xBB, 0xE0, 0x98, 0x2E, 0xD8,
    0xFA, 0xD9, 0x32, 0xF6, 0x93, 0x61, 0xD4, 0x93, 0x66, 0x34, 0xBE, 0xE3, 0x6A, 0x7C, 0x2D, 0x40,
    0x2D, 0xD2, 0x53, 0x82, 0x1D, 0x90, 0xBF, 0x2A, 0x10, 0xE8, 0xE6, 0x4C, 0x5F, 0x98, 0x12, 0xA0,
    0xDF, 0xDD, 0x00, 0xF3, 0xB3, 0x42, 0xCC, 0xDC, 0xC9, 0xD8, 0x57, 0x84, 0xEF, 0xAD, 0xC0, 0x0B,
    0xF5, 0xEB, 0xE8, 0x93, 0x4E, 0x7A, 0x33, 0x51, 0x7E, 0xB0, 0xA0, 0x0A, 0xA8, 0x7F, 0x89, 0xCA,
    0x79, 0x74, 0xFE, 0xE6, 0x2D, 0x6F, 0x38, 0xA8, 0x72, 0x96, 0x15, 0xC7, 0x8E, 0xC3, 0x75, 0x03,
    0xE4, 0x6A, 0x4B, 0x77, 0xDA, 0xA4, 0x6A, 0x4E, 0x46, 0xAA, 0x3F, 0x5C, 0x70, 0x1B, 0xBA, 0x7B,
    0x84, 0xF6, 0x66, 0xC8, 0x3F, 0xA3, 0x95, 0x0B, 0xED, 0xF0, 0x3B, 0x38, 0x58, 0x58, 0x24, 0x98,
    0x8F, 0x23, 0x7A, 0x86, 0x32, 0x5C, 0x55, 0xF9, 0x07, 0xED, 0xD8, 0xF8, 0x1C, 0x5B, 0x46, 0xBE,
    0xB5, 0x8B, 0x68, 0x53, 0x4B, 0xD4, 0x7C, 0x99, 0x1E, 0xF4, 0x99, 0xD2, 0xED, 0xDC, 0xE8, 0x7C,
    0x7E, 0x4F, 0x32, 0x28, 0x0E, 0x66, 0xD5, 0x11, 0x9C, 0xDC, 0x0C, 0x07, 0x3B, 0xE0, 0x19, 0x3C,
    0x0B, 0xDC, 0xC8, 0x3F, 0x87, 0x5E, 0x66, 0x01, 0x1D, 0x4B, 0x3A, 0x13, 0xD1, 0xAC, 0xC0, 0xD3,
    0x11, 0x2A, 0x00, 0xD5, 0x8A, 0xDE, 0x97, 0x17, 0x33, 0x02, 0xF5, 0x02, 0x07, 0xA0, 0x09, 0x55,
    0x2C, 0x2F, 0xCD, 0x02, 0x80, 0x7C, 0x7E, 0x2E, 0x2F, 0x8F, 0x0F, 0x00, 0x7E, 0xF0, 0x03, 0x1C,
    0xCB, 0xEF, 0x0E, 0x99, 0x3F, 0x87, 0x1B, 0x80, 0x3A, 0x4A, 0x70, 0xB4, 0x4B, 0x4B, 0x40, 0x62,
    0x5B, 0x00, 0xDA, 0x7F, 0xC7, 0x40, 0x5A, 0x7E, 0xEB, 0x3B, 0x00, 0xB6, 0x2A, 0xBC, 0x84, 0xDC,
    0x72, 0x4D, 0x7A, 0xA8, 0x50, 0x93, 0x63, 0x69, 0x39, 0xA2, 0xB4, 0x1C, 0x1F, 0x5D, 0x4E, 0x40,
    0x72, 0xAA, 0x04, 0xC9, 0x69, 0xE8, 0x25, 0xE7, 0x4B, 0x9D, 0x97, 0x9C, 0x8F, 0xC9, 0x8B, 0xF6,
    0xE8, 0xC7, 0xD2, 0xB2, 0x93, 0x9C, 0x68, 0x57, 0xC9, 0x29, 0x6F, 0x4B, 0xCB, 0x09, 0x40, 0xEF,
    0x2B, 0x72, 0x80, 0x19, 0x6B, 0x52, 0xC6, 0x83, 0x74, 0xC8, 0x49, 0x2F, 0x39, 0x6F, 0xF6, 0x93,
    0xE4, 0x7C, 0xAC, 0x9B, 0x24, 0x27, 0x7A, 0x2F, 0x39, 0x9B, 0x24, 0x39, 0xE5, 0xC5, 0x01, 0x80,
    0xFE, 0xFB, 0x98, 0xBD, 0xD1, 0xBF, 0x22, 0x39, 0x17, 0xFB, 0xEA, 0x49, 0x4E, 0xBD, 0x3C, 0xB2,
    0xE3, 0x09, 0x23, 0x5A, 0xC1, 0xAD, 0xC2, 0x92, 0x61, 0x21, 0xE0, 0x0B, 0x85, 0xFE, 0xC8, 0x35,
    0xC1, 0x72, 0x44, 0x4D, 0x0E, 0x50, 0x3C, 0x03, 0xFA, 0x4D, 0xDA, 0x5F, 0x33, 0x66, 0x11, 0x02,
    0x06, 0xF9, 0xD7, 0x0A, 0x13, 0x1B, 0xA2, 0x27, 0x37, 0x74, 0xE4, 0x8A, 0x86, 0x9C, 0x80, 0x5B,
    0x1B, 0xEE, 0x97, 0xB7, 0x84, 0x36, 0x8A, 0x4D, 0x12, 0x2B, 0x8A, 0xE0, 0x20, 0x9A, 0x51, 0x7C,
    0x0A, 0x17, 0xA5, 0x29, 0xD1, 0x54, 0xB1, 0x2B, 0xF6, 0x45, 0x53, 0x72, 0xDB, 0x5F, 0x88, 0xFC,
    0xF9, 0x2A, 0xBE, 0x9A, 0xAD, 0xD9, 0x45, 0xA0, 0x29, 0xB6, 0x9B, 0xCA, 0x76, 0x51, 0xEC, 0x57,
    0xD1, 0x04, 0xB5, 0x65, 0xEF, 0xFD, 0x24, 0xEB, 0xC8, 0x2C, 0xC9, 0x84, 0xAA, 0xD8, 0x50, 0x6A,
    0x9B, 0x44, 0xB5, 0x89, 0x5D, 0x14, 0xF5, 0x2A, 0x9A, 0x43, 0x5F, 0x04, 0x50, 0xA8, 0x67, 0xB1,
    0xD9, 0x44, 0x69, 0x6B, 0x1F, 0xD6, 0xCC, 0x24, 0xBA, 0x51, 0xBC, 0xF9, 0x35, 0xDE, 0x0B, 0x53,
    0xD2, 0x72, 0x2D, 0xD9, 0xB6, 0xAC, 0x4A, 0xCC, 0xEA, 0xC0, 0x11, 0xB0, 0xDE, 0x78, 0x39, 0x09,
    0x1D, 0xA4, 0x7C, 0x7D, 0xF7, 0xE2, 0xDA, 0xE7, 0x90, 0xCC, 0x94, 0xCC, 0x86, 0xF4, 0x40, 0xEF,
    0x38, 0x96, 0x81, 0xE3, 0x6B, 0x9E, 0xDC, 0x2C, 0x6E, 0x16, 0x29, 0x06, 0x4E, 0x80, 0x0D, 0x92,
    0x5F, 0xA6, 0x87, 0x5F, 0xEF, 0xE4, 0x78, 0x62, 0xCE, 0xC0, 0xC5, 0x4C, 0xCD, 0x94, 0x6D, 0x17,
    0x9B, 0x55, 0xB3, 0x11, 0xA7, 0xE2, 0xFC, 0x4E, 0xB6, 0xE5, 0x96, 0xAD, 0x4B, 0x4E, 0xD8, 0xF1,
    0x6B, 0xBB, 0x47, 0x1D, 0x49, 0xC9, 0xC0, 0x04, 0x98, 0xA2, 0xBD, 0x7B, 0xEF, 0x0D, 0xC0, 0xFD,
    0x44, 0x52, 0x51, 0x67, 0x2B, 0x9A, 0x59, 0x7A, 0x7B, 0x31, 0x9A, 0x09, 0x50, 0xD1, 0x7A, 0xA0,
    0x5B, 0x2C, 0x65, 0x1D, 0xE2, 0x38, 0x43, 0xCF, 0xCC, 0x9A, 0x89, 0x1F, 0x9D, 0xC1, 0x7E, 0xC4,
    0xA1, 0x24, 0xC1, 0xD1, 0xBA, 0xD8, 0xA4, 0x26, 0xDB, 0x6E, 0x4D, 0x92, 0x9D, 0x68, 0x78, 0x7B,
    0xE8, 0xD6, 0x96, 0x1C, 0x74, 0x10, 0x4D, 0x50, 0xE4, 0x71, 0x68, 0x56, 0xE4, 0x28, 0x61, 0x66,
    0x30, 0x31, 0xC8, 0x9A, 0x64, 0x2D, 0xE9, 0xD5, 0x96, 0xE9, 0x22, 0xAE, 0x0F, 0x7D, 0x7C, 0x68,
    0x04, 0xDE, 0xB1, 0xF7, 0x99, 0x0F, 0xFC, 0x81, 0x7C, 0x60, 0xA7, 0x0C, 0xBD, 0x8E, 0x2D, 0xC7,
    0x8E, 0xA4, 0x34, 0x11, 0x25, 0x57, 0x00, 0x6E, 0x71, 0x38, 0x8E, 0x68, 0xCD, 0x2F, 0x33, 0x95,
    0x1B, 0xB3, 0xBD, 0x07, 0x6E, 0xDA, 0x8C, 0x25, 0x80, 0x7E, 0xCD, 0xA0, 0x12, 0x34, 0x70, 0x9C,
    0x07, 0x73, 0xCC, 0x58, 0x9F, 0xD1, 0xD3, 0x3E, 0x23, 0x6E, 0xF7, 0x13, 0x4D, 0x32, 0x5E, 0xB0,
    0x56, 0xFC, 0xE8, 0xF6, 0xEB, 0x35, 0x01, 0x14, 0x9A, 0xFB, 0xA4, 0x4C, 0x2B, 0x28, 0x92, 0x5E,
    0x18, 0xBB, 0x42, 0xBA, 0x2D, 0xC7, 0x67, 0x6F, 0x5B, 0x2F, 0xC2, 0xBE, 0x97, 0x47, 0xEE, 0xE5,
    0x35, 0x84, 0x25, 0x93, 0xB0, 0xC1, 0x49, 0x63, 0x00, 0x6E, 0x08, 0x6F, 0x0B, 0x1C, 0x8F, 0xED,
    0xB5, 0xDB, 0xBE, 0x50, 0xD3, 0x73, 0xA6, 0xF5, 0x57, 0x1D, 0xB2, 0x13, 0x34, 0x33, 0x8E, 0x03,
    0x6A, 0x3A, 0x0F, 0x15, 0xB5, 0x2C, 0x6B, 0xBB, 0x70, 0x58, 0x65, 0x01, 0xB8, 0xE2, 0x90, 0x2A,
    0xF5, 0x11, 0xDD, 0xA6, 0xD7, 0x9C, 0xD6, 0x2C, 0xE8, 0x8F, 0x84, 0xAB, 0x8F, 0xF6, 0x9B, 0x5D,
    0x89, 0x67, 0x27, 0x21, 0xAB, 0xCC, 0x7A, 0xE0, 0x36, 0xEF, 0xBD, 0x0E, 0xD0, 0xE3, 0x84, 0x8A,
    0xE3, 0x91, 0x9A, 0xC3, 0xFF, 0x15, 0x7F, 0x13, 0x8E, 0x27, 0xF0, 0x84, 0x17, 0x5C, 0x7A, 0x43,
    0xA2, 0x6D, 0x07, 0x78, 0x7A, 0x25, 0xFE, 0xDD, 0x97, 0x5C, 0x89, 0xFD, 0x7E, 0x25, 0x5E, 0x6D,
    0x48, 0x75, 0x72, 0x25, 0x8E, 0x0F, 0x5C, 0x89, 0xEA, 0xF4, 0x4A, 0xBC, 0xD2, 0x90, 0x0F, 0x5E,
    0x89, 0xC2, 0x7E, 0x25, 0x5E, 0x79, 0x34, 0xCB, 0x15, 0x70, 0xE4, 0x28, 0xCC, 0xE0, 0xC7, 0x5C,
    0xCA, 0x30, 0x0B, 0x8E, 0x5D, 0xAC, 0x64, 0xF9, 0x5C, 0x71, 0x68, 0x53, 0x4D, 0xB4, 0xE9, 0x8F,
    0xF8, 0x86, 0x4A, 0x86, 0x49, 0xD8, 0xBA, 0xCD, 0x30, 0x76, 0x9B, 0xDA, 0x4E, 0x86, 0xF5, 0x5E,
    0xD0, 0x4B, 0xC6, 0x84, 0x7E, 0x85, 0x9B, 0xFB, 0x55, 0xC6, 0xFE, 0xE4, 0x38, 0x18, 0x69, 0x32,
    0x13, 0x32, 0x09, 0xFB, 0x85, 0x5E, 0x91, 0xAB, 0xE4, 0xA7, 0x44, 0x3E, 0x67, 0xDC, 0x3F, 0x38,
    0x2D, 0x6E, 0x05, 0x87, 0x22, 0xC0, 0x58, 0x9D, 0x58, 0x27, 0x54, 0xDC, 0x9A, 0x84, 0x9A, 0xA9,
    0xD9, 0x8A, 0x11, 0x4D, 0x62, 0x9B, 0xDD, 0x8A, 0xD1, 0xA9, 0x15, 0x6D, 0x74, 0xCF, 0x8B, 0xF6,
    0xD5, 0x05, 0x6A, 0x35, 0xAF, 0xCA, 0x12, 0xD4, 0xFC, 0x22, 0xBB, 0x98, 0xBB, 0xD9, 0xA0, 0x39,
    0xA3, 0x3F, 0xDA, 0x73, 0x82, 0x9E, 0xBB, 0xAC, 0xC9, 0x7A, 0x98, 0xA9, 0xE8, 0x55, 0xB1, 0xE5,
    0x08, 0xE0, 0xB1, 0xBD, 0x57, 0x34, 0xCC, 0x54, 0x02, 0xCA, 0x07, 0xE6, 0x7E, 0x07, 0x1E, 0x70,
    0x28, 0x15, 0xCB, 0x0D, 0xBD, 0x04, 0x38, 0xD2, 0xD7, 0x3C, 0xE7, 0xDC, 0x70, 0xB0, 0xA1, 0xDB,
    0xA0, 0x97, 0x3E, 0xA2, 0x5F, 0xF5, 0x9A, 0x31, 0x8B, 0x10, 0x32, 0x36, 0x40, 0xAF, 0x2E, 0xC0,
    0xAC, 0x6E, 0x86, 0x59, 0x0A, 0x9C, 0x60, 0x43, 0xC1, 0x4D, 0x70, 0x73, 0x86, 0xDE, 0xCE, 0x35,
    0x47, 0xB3, 0xB4, 0x84, 0xA6, 0x7B, 0x70, 0xB5, 0xF2, 0x39, 0xA4, 0x0C, 0xC2, 0x7A, 0x31, 0x96,
    0xA5, 0xCC, 0x61, 0xA0, 0x0A, 0x7B, 0x52, 0x75, 0xE5, 0x21, 0xFB, 0x35, 0x63, 0xB7, 0x0C, 0x29,
    0x19, 0x39, 0xCA, 0xA9, 0x99, 0xA0, 0xA7, 0x7E, 0xCE, 0xF1, 0xDA, 0x12, 0xF0, 0x8A, 0x43, 0x56,
    0x29, 0xD3, 0xF1, 0xDC, 0xA3, 0x27, 0x73, 0x2A, 0x72, 0x2A, 0x6F, 0x5E, 0x7D, 0xB4, 0x93, 0x71,
    0x44, 0xAF, 0xB6, 0x6C, 0x2D, 0x23, 0x5B, 0xBB, 0xFA, 0x68, 0xBF, 0x8F, 0x4A, 0x96, 0xCA, 0xFD,
    0xD0, 0x24, 0xD8, 0xA9, 0xE1, 0x77, 0x39, 0x81, 0xFF, 0x49, 0xC0, 0x32, 0x4A, 0xA0, 0x19, 0xE8,
    0x38, 0x02, 0xFD, 0x7E, 0x47, 0xBA, 0x21, 0x03, 0x3A, 0xE6, 0x48, 0x66, 0x55, 0x44, 0x3F, 0xD7,
    0x1B, 0xD4, 0x80, 0x70, 0xB2, 0x2B, 0x83, 0xD8, 0x04, 0xA0, 0x4F, 0xCF, 0x2F, 0xA8, 0x78, 0x3C,
    0x1D, 0xF4, 0x12, 0x81, 0x40, 0x49, 0x03, 0x4E, 0x8A, 0x03, 0xE8, 0x7B, 0x8E, 0x92, 0x90, 0x63,
    0xC3, 0xC1, 0x89, 0x75, 0xE2, 0xD8, 0xB2, 0xFD, 0x9C, 0xA3, 0x4A, 0xDD, 0x07, 0xA2, 0xBE, 0xC3,
    0x41, 0x6D, 0xF6, 0x7B, 0x1C, 0xBA, 0x94, 0x1A, 0xA2, 0xE3, 0xDA, 0x8A, 0x41, 0x25, 0x28, 0x4E,
    0x5D, 0x44, 0xCB, 0xB1, 0x5F, 0x51, 0x8E, 0x58, 0xF6, 0x9C, 0x13, 0x3A, 0x92, 0x23, 0x34, 0xB9,
    0x01, 0xEE, 0x5F, 0x79, 0x06, 0x18, 0x48, 0xF9, 0x06, 0x4E, 0x8A, 0x96, 0xB8, 0xC4, 0xFF, 0x33,
    0xC5, 0x2C, 0x73, 0xFB, 0x8C, 0xDA, 0x84, 0xD8, 0x26, 0x74, 0xB1, 0xDD, 0x87, 0xD3, 0x55, 0x86,
    0x53, 0x41, 0x2F, 0x82, 0x0C, 0xA7, 0x26, 0xF4, 0x4B, 0x46, 0x67, 0x66, 0x13, 0x60, 0x0B, 0x53,
    0xC6, 0x79, 0x33, 0x83, 0xDE, 0x16, 0xA6, 0x8A, 0xA3, 0x9C, 0x9C, 0xC1, 0x84, 0x96, 0x30, 0x72,
    0x72, 0x7A, 0x72, 0x45, 0x4B, 0xCE, 0x80, 0x4B, 0x90, 0x72, 0x43, 0x78, 0x6B, 0x0F, 0xD8, 0x50,
    0x52, 0xC5, 0x07, 0xA6, 0x98, 0xEA, 0xCA, 0x43, 0x76, 0x31, 0x63, 0x52, 0x86, 0x27, 0x53, 0x4C,
    0x19, 0xA4, 0xBB, 0x70, 0xB8, 0x9D, 0x08, 0xE0, 0x8A, 0x43, 0x76, 0x49, 0xAF, 0xE8, 0x36, 0xB3,
    0x9E, 0xF6, 0xC5, 0x68, 0xC3, 0xD5, 0x47, 0xDB, 0x4B, 0x3D, 0x8B, 0xED, 0xC9, 0x8D, 0x1E, 0x7D,
    0x7A, 0xA3, 0x67, 0x78, 0xF0, 0x46, 0x4F, 0x4E, 0xAE, 0x08, 0x99, 0xA2, 0x6C, 0xC7, 0x87, 0x92,
    0x7D, 0x94, 0x37, 0xBB, 0x08, 0x4E, 0x50, 0xA9, 0xA6, 0x3F, 0xEC, 0x0E, 0x1A, 0xAA, 0x0D, 0xA8,
    0xA5, 0xC3, 0xA2, 0x62, 0xD9, 0xE3, 0xD2, 0x36, 0x1C, 0x7D, 0xD6, 0x72, 0x38, 0x9C, 0x3D, 0xF1,
    0xD0, 0xEC, 0x72, 0x5F, 0x13, 0x1E, 0xD6, 0xCE, 0xC5, 0x43, 0xA8, 0x22, 0xFD, 0x85, 0x0F, 0xCD,
    0x7B, 0x64, 0x85, 0xDA, 0x90, 0x49, 0xA0, 0x17, 0xA6, 0x76, 0x03, 0x65, 0x25, 0x6D, 0x82, 0x8A,
    0x99, 0xEE, 0x88, 0x0D, 0xDD, 0x61, 0x16, 0x52, 0x1D, 0x66, 0x21, 0xA3, 0x26, 0x09, 0x43, 0xAE,
    0xC2, 0x19, 0xCC, 0xBC, 0x37, 0x2D, 0x6D, 0x0A, 0x7B, 0xBB, 0xD0, 0x69, 0x38, 0xAC, 0x2E, 0x7B,
    0x32, 0x1E, 0x8E, 0x30, 0xE7, 0x36, 0x41, 0x1A, 0xCC, 0x31, 0x6A, 0xF6, 0x44, 0x93, 0x32, 0x76,
    0xD3, 0x6C, 0xB8, 0xE9, 0x94, 0x9B, 0x6A, 0x93, 0x0E, 0x50, 0x9B, 0x10, 0xB5, 0x9C, 0xE4, 0x5E,
    0x46, 0x11, 0xC5, 0xB5, 0xCB, 0x09, 0x62, 0xBF, 0xA2, 0xDF, 0xFA, 0x05, 0x8D, 0x7C, 0xAB, 0xD9,
    0x4C, 0xF8, 0xEB, 0x36, 0x9A, 0x40, 0x17, 0xCD, 0x7F, 0x91, 0xC1, 0xBE, 0x4F, 0x39, 0xB1, 0x5A,
    0x46, 0xCF, 0xA7, 0x01, 0xD4, 0xEB, 0x3E, 0x8B, 0x6B, 0xB6, 0xFB, 0xC3, 0xC9, 0xB0, 0xDF, 0x63,
    0xFC, 0x1D, 0x1C, 0x4B, 0xBF, 0xE8, 0x00, 0x26, 0x13, 0x1A, 0x32, 0xEF, 0x2F, 0xEF, 0x72, 0xEE,
    0x25, 0xAB, 0x59, 0xE1, 0x26, 0x13, 0x32, 0x36, 0x80, 0xDE, 0xCD, 0xC2, 0x54, 0xA8, 0x38, 0x3A,
    0x2F, 0xC3, 0xE2, 0xA4, 0x32, 0x41, 0x13, 0x36, 0x9D, 0x13, 0x86, 0xBF, 0x22, 0x7A, 0xDE, 0x49,
    0xA8, 0x53, 0x9B, 0xF6, 0x11, 0xB7, 0x59, 0x32, 0x6A, 0x9F, 0xF5, 0x1F, 0x0F, 0x99, 0xCF, 0x38,
    0x00, 0x78, 0xF2, 0x12, 0x62, 0x98, 0x90, 0xE1, 0x02, 0x34, 0xC7, 0xA7, 0xCA, 0x92, 0x82, 0x03,
    0xEC, 0x68, 0x7C, 0x0E, 0xF0, 0x2D, 0x00, 0x78, 0xF4, 0x31, 0x5A, 0x39, 0x31, 0x9A, 0x77, 0x07,
    0x18, 0xD2, 0x1F, 0xEF, 0xDA, 0x5D, 0xDB, 0x2E, 0xA7, 0xF1, 0x72, 0xA7, 0xCD, 0x1C, 0xFE, 0x06,
    0xD3, 0xC3, 0xBD, 0xBF, 0x73, 0x19, 0x8D, 0xE3, 0x89, 0xB3, 0x0C, 0xD7, 0xE3, 0xAD, 0xD6, 0x36,
    0x38, 0xA0, 0x9B, 0x4C, 0xC6, 0xDB, 0xCC, 0x94, 0x00, 0xC5, 0x28, 0x9F, 0x2E, 0x00, 0xDC, 0xF8,
    0xC8, 0x03, 0xF5, 0x73, 0xBB, 0x02, 0x2E, 0x1A, 0xA2, 0xA6, 0x74, 0xEB, 0x86, 0x65, 0x24, 0x08,
    0x66, 0xD1, 0x1E, 0x83, 0x9E, 0xB3, 0x30, 0x3E, 0x27, 0xB9, 0x45, 0x12, 0x4D, 0x26, 0xA2, 0xCB,
    0x9E, 0x41, 0xCF, 0x76, 0x00, 0xCC, 0xE8, 0xC4, 0x81, 0xC3, 0x5F, 0xC2, 0xBC, 0x4C, 0xBF, 0xC1,
    0xE4, 0x78, 0x31, 0xFB, 0x17, 0x5C, 0xD1, 0x53, 0x71, 0x46, 0xBB, 0x56, 0x87, 0xD1, 0x66, 0x7E,
    0xF8, 0x7F, 0x5E, 0x28, 0x96, 0xC5, 0x11, 0x9E, 0x39, 0x59, 0xF4, 0x9B, 0xF0, 0x30, 0xCF, 0x09,
    0x1C, 0xF5, 0x7A, 0xF2, 0x40, 0x61, 0x39, 0x4E, 0x91, 0x6C, 0x02, 0xD0, 0xF8, 0x8C, 0xFA, 0x8F,
    0xCC, 0xE3, 0x04, 0x24, 0x0E, 0xF0, 0xB7, 0x0E, 0x00, 0x53, 0x46, 0x7F, 0x88, 0x63, 0x2F, 0xAF,
    0xE2, 0x3E, 0x80, 0xD7, 0xF7, 0xC7, 0x00, 0x3B, 0x66, 0xB4, 0xCF, 0x7C, 0x13, 0xA5, 0x1C, 0x9F,
    0xD5, 0x6B, 0x26, 0x80, 0x94, 0x43, 0x72, 0x5E, 0x92, 0xBA, 0x49, 0xC6, 0x41, 0x9F, 0x93, 0xD2,
    0x9B, 0xD0, 0x96, 0x85, 0x58, 0x42, 0x66, 0xC9, 0xFC, 0x0F, 0x60, 0xE6, 0x3D, 0xAE, 0x5E, 0x2B,
    0x8E, 0xFD, 0xE9, 0xAD, 0xB5, 0x19, 0xB8, 0x95, 0x20, 0x65, 0xDC, 0x07, 0xA4, 0x36, 0x65, 0xBA,
    0x78, 0xB1, 0x8E, 0x98, 0x32, 0x76, 0xC8, 0x5C, 0xBF, 0x84, 0x18, 0x3A, 0x64, 0x5C, 0x3C, 0xDE,
    0xB8, 0x55, 0x89, 0xF2, 0x96, 0xF3, 0x30, 0x5E, 0x7B, 0x74, 0xE8, 0x00, 0xE0, 0xD1, 0xC7, 0xD0,
    0xAB, 0x3D, 0x4E, 0xB3, 0x1F, 0xEC, 0x95, 0x97, 0xD2, 0x78, 0x75, 0xBC, 0xB5, 0x79, 0xFC, 0xB6,
    0x0E, 0xFB, 0xB8, 0xDC, 0xC4, 0x4C, 0x2D, 0x60, 0x12, 0x00, 0x18, 0x46, 0xC0, 0x0A, 0x8E, 0xAB,
    0x2C, 0xFF, 0x7F, 0xDD, 0xDD, 0xA9, 0x79, 0xFF, 0xB3, 0xEB, 0xA6, 0x1B, 0x00, 0xFD, 0x0F, 0x33,
    0xEF, 0x32, 0xF3, 0xA3, 0x94, 0xF9, 0xA7, 0x98, 0x61, 0x10, 0xFC, 0xF1, 0xB2, 0xED, 0xCB, 0x85,
    0xF9, 0x5B, 0x42, 0x3F, 0xEE, 0x9B, 0x71, 0x1E, 0xA8, 0x28, 0x31, 0x36, 0x61, 0xCD, 0xE0, 0xB5,
    0x47, 0x1F, 0xA3, 0xE6, 0x00, 0x28, 0xFA, 0xE3, 0x8A, 0xC2, 0xDE, 0x5D, 0x50, 0xF1, 0x4F, 0x65,
    0xDD, 0x5F, 0x6F, 0x40, 0xC0, 0x9B, 0x00, 0xF0, 0xC8, 0x63, 0x54, 0xBC, 0x43, 0xD4, 0xFC, 0x11,
    0xD1, 0xF0, 0xCF, 0x52, 0xE6, 0x79, 0xA1, 0xDB, 0x2E, 0xA3, 0xF1, 0x63, 0xB1, 0x54, 0x23, 0xDA,
    0xF2, 0x09, 0xB7, 0x63, 0x27, 0x51, 0x4C, 0x99, 0xF7, 0x08, 0x54, 0xE0, 0x88, 0x6B, 0xAF, 0x3B,
    0x0F, 0x97, 0xCC, 0xD4, 0x90, 0x6E, 0xEE, 0x48, 0x86, 0x3E, 0xD5, 0x0C, 0x32, 0x1C, 0x07, 0x1B,
    0x64, 0x71, 0x37, 0x67, 0xF6, 0x8B, 0xD9, 0xCD, 0x19, 0x4E, 0x82, 0x77, 0xBE, 0xE6, 0x68, 0x83,
    0xBA, 0x3F, 0xD3, 0x5C, 0xA4, 0xB1, 0x09, 0x70, 0x87, 0x15, 0x72, 0x39, 0x0B, 0xE7, 0x13, 0x3A,
    0x09, 0xA8, 0xC8, 0x59, 0xBA, 0xC0, 0x70, 0xBA, 0x0A, 0xFD, 0x6E, 0x42, 0xCD, 0xE7, 0xE9, 0x6B,
    0x6A, 0x86, 0x86, 0x2F, 0x09, 0xB3, 0x59, 0x1A, 0x8E, 0x7A, 0x69, 0x89, 0x4C, 0x82, 0x3E, 0xCC,
    0xE0, 0xBA, 0x78, 0x64, 0xCE, 0xD8, 0xB9, 0xCF, 0xF9, 0xA6, 0x7E, 0x81, 0xF3, 0x7A, 0x29, 0x1D,
    0xE7, 0xC8, 0x68, 0x42, 0xC5, 0xF1, 0xAB, 0x0D, 0x91, 0xD7, 0x78, 0x06, 0xD8, 0x43, 0x8F, 0x22,
    0xDA, 0xCC, 0xD8, 0x6D, 0xA0, 0xD7, 0x6B, 0x99, 0x63, 0x1F, 0x99, 0xED, 0x2C, 0xAB, 0xDC, 0xCC,
    0x74, 0x58, 0xEA, 0x1E, 0xA8, 0xA5, 0x49, 0xC9, 0x4A, 0x3E, 0xB4, 0xDE, 0xFD, 0xAA, 0x43, 0xE4,
    0x23, 0x8A, 0xF1, 0x55, 0x87, 0xC8, 0x47, 0x17, 0xA3, 0xDE, 0x32, 0xFD, 0x71, 0xA1, 0x3C, 0xA1,
    0x73, 0xF4, 0x40, 0x9D, 0x2E, 0xA7, 0xF1, 0x2F, 0x1F, 0x9F, 0x2F, 0xA1, 0xF1, 0x86, 0x83, 0x00,
    0xA0, 0x15, 0x54, 0x61, 0xDF, 0x71, 0xF9, 0x3F, 0x63, 0x83, 0x23, 0x59, 0x00, 0x85, 0x07, 0xCB,
    0xE9, 0x33, 0x30, 0x57, 0x98, 0x33, 0x9C, 0x8E, 0xDD, 0xA8, 0xA8, 0x46, 0x69, 0x4B, 0x4F, 0x87,
    0xDC, 0x12, 0x23, 0x01, 0x96, 0x8C, 0x00, 0x27, 0x1D, 0x21, 0x7D, 0x75, 0x43, 0xC3, 0x8A, 0x62,
    0xCB, 0x84, 0x36, 0xF5, 0x1F, 0xA7, 0x1C, 0xC3, 0xFE, 0xE3, 0x96, 0x4D, 0xE5, 0xBE, 0xC6, 0x5A,
    0x9C, 0xB5, 0xA4, 0x1F, 0x6D, 0xC8, 0x92, 0x13, 0xD4, 0xC9, 0xDD, 0x0D, 0xFB, 0x0F, 0x3C, 0xDB,
    0xD7, 0x86, 0x8F, 0x15, 0x81, 0xDF, 0x7E, 0xA0, 0xB3, 0x35, 0x29, 0x03, 0x0A, 0xEE, 0x62, 0x61,
    0xB2, 0xAF, 0x08, 0x4E, 0x57, 0x63, 0x7B, 0x5F, 0xEE, 0x56, 0xD8, 0x93, 0xBE, 0xAC, 0x8F, 0x7D,
    0x59, 0xA8, 0x38, 0x1A, 0x59, 0xD0, 0xDA, 0xB9, 0x11, 0x14, 0x61, 0x83, 0x26, 0xCC, 0x61, 0xFE,
    0xF7, 0x59, 0x42, 0xCF, 0x7F, 0x4B, 0xA8, 0x93, 0xDA, 0xF6, 0xCE, 0xD6, 0xAC, 0x7B, 0x8E, 0x6E,
    0xBD, 0x18, 0x4D, 0xFD, 0x9E, 0xE5, 0x1B, 0x97, 0x10, 0xC3, 0x84, 0xD3, 0x79, 0xF1, 0xDE, 0xD9,
    0x46, 0x58, 0x6F, 0x3C, 0x9E, 0xDA, 0x17, 0x26, 0x8F, 0x3A, 0xC6, 0xAF, 0xBB, 0xD4, 0xDD, 0x27,
    0x99, 0xCB, 0x68, 0x1C, 0x78, 0x5A, 0x78, 0x49, 0xA0, 0x7F, 0xF0, 0x19, 0x91, 0x30, 0x67, 0xEA,
    0x31, 0x23, 0xAF, 0x1C, 0xBA, 0x58, 0x13, 0x5D, 0x6C, 0x32, 0x6B, 0xA6, 0x5F, 0x9B, 0x84, 0x7E,
    0x1F, 0xFB, 0x4F, 0x43, 0x16, 0x24, 0xA4, 0x9B, 0x32, 0x9C, 0xCA, 0x83, 0x84, 0x2E, 0xB6, 0x19,
    0xBE, 0x4D, 0xAF, 0x18, 0x39, 0x36, 0xFC, 0x84, 0x03, 0xDC, 0xCB, 0xC4, 0xDE, 0xE5, 0x12, 0xD4,
    0xD0, 0x47, 0xE8, 0xC4, 0x15, 0x8E, 0x9C, 0x0F, 0xAB, 0xB4, 0x9A, 0x2B, 0x80, 0xBE, 0xB0, 0x7C,
    0xC9, 0x84, 0xDD, 0xCE, 0xC2, 0xE4, 0x46, 0xB8, 0xF7, 0xB8, 0x80, 0x3F, 0x67, 0x04, 0xEF, 0xBA,
    0x0D, 0x5C, 0xBB, 0x54, 0x71, 0x6E, 0x33, 0xBE, 0x49, 0xF5, 0xC5, 0xB3, 0x90, 0x86, 0x50, 0x29,
    0xA7, 0xEF, 0x36, 0x21, 0xCA, 0x2E, 0x44, 0x39, 0x52, 0x8B, 0xE2, 0x39, 0x43, 0xB7, 0x51, 0xE2,
    0x3A, 0xD9, 0xCF, 0x7E, 0xD9, 0x9B, 0xFD, 0xB2, 0xBF, 0xF9, 0x02, 0x5A, 0x76, 0xF1, 0xF4, 0x41,
    0xD1, 0xC5, 0xD3, 0x22, 0x29, 0x57, 0x7F, 0xFC, 0xFE, 0x17, 0xD5, 0x9C, 0x3F, 0xB0, 0x25, 0xC5,
    0x75, 0xC6, 0xCF, 0x9D, 0x51, 0xED, 0xD8, 0x4C, 0xD9, 0x4D, 0x6C, 0x5C, 0x9E, 0xC4, 0x81, 0x0B,
    0xC9, 0x9A, 0x54, 0x01, 0xD0, 0x63, 0x29, 0x20, 0x14, 0x99, 0x43, 0xE7, 0xB8, 0x5C, 0xEB, 0xC0,
    0x01, 0x81, 0xA5, 0x1E, 0x43, 0xA0, 0x40, 0x01, 0x9B, 0x27, 0x76, 0xA0, 0x00, 0x3D, 0x55, 0x79,
    0x15, 0x10, 0xD8, 0x55, 0x12, 0xDD, 0x88, 0x60, 0x03, 0x05, 0x8C, 0x45, 0xA0, 0xC0, 0x01, 0x23,
    0xC0, 0x81, 0x21, 0xD8, 0xC6, 0x8C, 0x8B, 0x61, 0x77, 0x66, 0x8E, 0xCF, 0x77, 0xFA, 0xDE, 0xB9,
    0x7F, 0xF6, 0x69, 0x61, 0x5F, 0xF1, 0xF6, 0xAE, 0x1B, 0xF8, 0x05, 0x6F, 0x6E, 0x4F, 0x9F, 0xF3,
    0x75, 0x4F, 0xF7, 0xE9, 0x33, 0x3D, 0x10, 0x3D, 0x75, 0x71, 0xD1, 0x10, 0x19, 0xE6, 0x44, 0x4A,
    0xBC, 0xAC, 0xE4, 0x1C, 0x85, 0xA5, 0xD2, 0x28, 0x2B, 0xA5, 0xE5, 0x41, 0xE8, 0xDE, 0x07, 0xF9,
    0xDD, 0x11, 0x7C, 0x5D, 0x98, 0xB1, 0x99, 0x50, 0x09, 0x2C, 0xE6, 0x52, 0x68, 0x26, 0xB0, 0x1A,
    0x41, 0x1B, 0xCB, 0x59, 0x78, 0xEF, 0xB6, 0xD0, 0x33, 0x0B, 0x99, 0x79, 0xA1, 0x8D, 0x32, 0x67,
    0xFC, 0x5B, 0x2C, 0x60, 0x39, 0x83, 0x66, 0x02, 0xEB, 0x11, 0xB4, 0x51, 0xEE, 0xDD, 0xC0, 0x70,
    0xB5, 0x75, 0x8B, 0x0A, 0x38, 0x29, 0xD5, 0x50, 0x47, 0xE2, 0xC5, 0xC6, 0x9C, 0xD9, 0x45, 0xC3,
    0x77, 0xB9, 0xAF, 0x66, 0xE2, 0xDE, 0x8E, 0xE4, 0x3B, 0x1B, 0x05, 0x4E, 0xAE, 0x07, 0xDF, 0x03,
    0x9D, 0x62, 0xC3, 0xAD, 0x0F, 0x39, 0x37, 0xBE, 0x2B, 0x05, 0xB1, 0x66, 0x72, 0xCB, 0x7D, 0x16,
    0x1F, 0x3F, 0x63, 0x69, 0xE2, 0x9D, 0x85, 0xB2, 0x45, 0xEC, 0xDA, 0x95, 0x92, 0x8A, 0x20, 0x5E,
    0x04, 0xD3, 0x4B, 0x63, 0xBD, 0x0D, 0x6A, 0x4B, 0x2B, 0xFE, 0xAA, 0x31, 0x19, 0x4F, 0x42, 0x72,
    0xDD, 0x93, 0x2A, 0xA1, 0x96, 0x8A, 0xCA, 0x96, 0x6C, 0x5B, 0xF5, 0x54, 0x77, 0x2E, 0x40, 0xC7,
    0x46, 0x2C, 0x5C, 0xD0, 0xEE, 0xA8, 0xD6, 0x5F, 0xB3, 0x98, 0x57, 0x96, 0x65, 0xF9, 0x7D, 0xB2,
    0x14, 0xB3, 0x90, 0xF9, 0x54, 0x96, 0x8F, 0x6F, 0x9F, 0xC8, 0x32, 0x1D, 0xC8, 0x32, 0x1C, 0xCB,
    0xF2, 0x16, 0x50, 0x44, 0xD0, 0x04, 0xB0, 0x6E, 0x95, 0x77, 0x1A, 0x35, 0x2E, 0x08, 0x6F, 0x2C,
    0x5F, 0x41, 0x93, 0x70, 0x25, 0x4D, 0x66, 0x0C, 0x9E, 0x41, 0x50, 0x05, 0x81, 0x5D, 0x0D, 0xF2,
    0xFF, 0x2A, 0x70, 0x2C, 0x78, 0x66, 0x14, 0xD0, 0xD3, 0xC0, 0x2F, 0x01, 0x0C, 0xBA, 0x0C, 0x17,
    0xB4, 0xAE, 0x41, 0xDD, 0xBA, 0x17, 0x60, 0x78, 0xA6, 0xE2, 0x47, 0x28, 0xCC, 0x2D, 0x94, 0xE9,
    0xC5, 0x66, 0x1E, 0x32, 0x0E, 0xF5, 0xA8, 0x0A, 0x94, 0xB3, 0x40, 0x84, 0xB8, 0xD1, 0x54, 0x13,
    0x6A, 0x8E, 0x02, 0x3B, 0xAC, 0x88, 0x02, 0xB7, 0x47, 0x2F, 0xB0, 0x3D, 0xFD, 0x39, 0x2E, 0xD8,
    0x4E, 0x80, 0xFB, 0x64, 0xDC, 0x1A, 0x66, 0xC6, 0xC8, 0x9F, 0x68, 0x83, 0x26, 0xA8, 0x5E, 0x54,
    0x4A, 0x08, 0x97, 0x8F, 0x02, 0xED, 0x6A, 0x33, 0x0A, 0x6A, 0xED, 0xDC, 0x20, 0x70, 0x8D, 0xE0,
    0x0F, 0x69, 0x5B, 0x32, 0xAD, 0xB6, 0xED, 0x32, 0xCA, 0x05, 0xA1, 0x64, 0xF1, 0x4D, 0x4C, 0xFB,
    0x0E, 0x55, 0x5A, 0x33, 0x19, 0x74, 0x8A, 0xE7, 0x01, 0x6E, 0xD4, 0x9D, 0x8A, 0x79, 0x86, 0xA7,
    0x83, 0xDC, 0x8E, 0x3B, 0xA2, 0x9B, 0x5F, 0x68, 0x2F, 0xAA, 0x63, 0x2C, 0xF0, 0xDC, 0xC8, 0x15,
    0x1F, 0xA4, 0xFF, 0xC5, 0x0E, 0x13, 0x4D, 0xA4, 0x3C, 0xE4, 0xAA, 0xD3, 0xB9, 0xB5, 0xD2, 0xDA,
    0x8C, 0x11, 0x0E, 0x0D, 0xCA, 0x85, 0x21, 0x95, 0x6F, 0xC9, 0x05, 0x11, 0xEB, 0xCF, 0xC8, 0x10,
    0xCA, 0x63, 0xD2, 0xAA, 0x02, 0x8E, 0x5C, 0x7C, 0x62, 0x14, 0x72, 0x80, 0x57, 0xF4, 0x02, 0xEE,
    0x1E, 0x93, 0x2E, 0x28, 0x9B, 0x6E, 0xD3, 0x53, 0x39, 0x14, 0x13, 0xE5, 0x73, 0x85, 0xCB, 0x5E,
    0x2E, 0xEB, 0xE2, 0x69, 0x67, 0xDC, 0xFB, 0xC9, 0x90, 0x09, 0xA5, 0x68, 0x8A, 0x96, 0xEA, 0xAE,
    0xEA, 0xA9, 0x8A, 0x3E, 0xA4, 0xD1, 0x94, 0x43, 0x97, 0x0D, 0xA3, 0x01, 0xFF, 0x38, 0x55, 0xD3,
    0x07, 0xCC, 0xF4, 0x26, 0x92, 0x19, 0xC5, 0x8B, 0x7C, 0x11, 0x49, 0x32, 0x5E, 0x74, 0xB4, 0x27,
    0xC7, 0x0E, 0x8A, 0xC3, 0xDF, 0x3C, 0x54, 0xF3, 0xAA, 0xDA, 0x27, 0x3C, 0xC0, 0xDB, 0x49, 0xCD,
    0xD9, 0x70, 0x5B, 0xCC, 0x1B, 0x6E, 0x8A, 0x25, 0xC3, 0x3C, 0x8E, 0x69, 0x7C, 0x85, 0x99, 0x8B,
    0x05, 0x98, 0x0F, 0xD4, 0xAD, 0x80, 0x7A, 0x10, 0xD8, 0x28, 0x7E, 0xF8, 0xBE, 0x1A, 0xD1, 0x05,
    0x8B, 0xE7, 0x46, 0x97, 0x08, 0x41, 0x14, 0x2C, 0x84, 0x62, 0x3F, 0x98, 0xC1, 0xF7, 0x26, 0xA1,
    0x7B, 0x6F, 0x14, 0xFA, 0x77, 0x22, 0x78, 0x07, 0xE4, 0x5F, 0x77, 0xE0, 0x8F, 0x83, 0xA8, 0xCA,
    0x8D, 0xC8, 0xF8, 0xA9, 0x30, 0xE7, 0x7B, 0xAC, 0x7D, 0x2C, 0x34, 0x73, 0x29, 0x14, 0x29, 0x16,
    0x74, 0x62, 0x3E, 0xEB, 0x5A, 0xA4, 0x2C, 0x27, 0x74, 0x61, 0xA2, 0x49, 0x1C, 0x41, 0x88, 0x6A,
    0xA3, 0x03, 0x61, 0x07, 0xD5, 0x7C, 0x5B, 0x68, 0xD8, 0x0A, 0x33, 0x28, 0xF5, 0x68, 0x6A, 0x7C,
    0x93, 0x7F, 0x5A, 0x2E, 0xE2, 0x0C, 0x30, 0x9B, 0xD9, 0xF2, 0x24, 0x26, 0x5D, 0x59, 0x0D, 0x98,
    0x8E, 0x3E, 0x0D, 0xB0, 0x4B, 0x09, 0x2B, 0xE8, 0x59, 0xAF, 0x43, 0x4C, 0xAA, 0x83, 0xC3, 0x76,
    0x11, 0xD4, 0x55, 0x90, 0x74, 0x19, 0x24, 0x5D, 0x07, 0x49, 0x17, 0x42, 0xD2, 0x95, 0x50, 0x5A,
    0x03, 0x75, 0x2D, 0x94, 0x46, 0x95, 0x5D, 0xA2, 0x78, 0x40, 0xBA, 0x1E, 0x92, 0x2E, 0x88, 0xA4,
    0x2B, 0x62, 0x5A, 0x12, 0x75, 0x4D, 0x84, 0x05, 0xEF, 0x2D, 0xB4, 0x8B, 0x14, 0x36, 0x17, 0x17,
    0xB7, 0xD0, 0x4A, 0x07, 0x84, 0x84, 0x93, 0xC2, 0xCC, 0xD3, 0x8A, 0x51, 0x96, 0xFD, 0x8B, 0x9F,
    0xE8, 0xCA, 0xA8, 0xC8, 0xF7, 0x58, 0x04, 0x05, 0x80, 0xCE, 0x0B, 0x40, 0x6B, 0x14, 0x8B, 0x44,
    0xC4, 0xE8, 0x9E, 0xDD, 0xB8, 0x07, 0x4E, 0xC6, 0xFD, 0x3D, 0x89, 0x3D, 0x1D, 0xF3, 0x02, 0xCC,
    0xE4, 0xD1, 0x18, 0xDD, 0x90, 0x6A, 0xB8, 0x57, 0x43, 0x66, 0x0B, 0x3A, 0x2D, 0x1B, 0xFF, 0x11,
    0x54, 0x5C, 0xD4, 0xC8, 0x36, 0xE7, 0xFB, 0x68, 0x57, 0x1C, 0x37, 0x13, 0xB9, 0x20, 0xAD, 0x71,
    0x90, 0x01, 0xA3, 0x5D, 0xB1, 0x90, 0x60, 0x10, 0xFC, 0x37, 0x9E, 0x8E, 0xDD, 0xA3, 0x56, 0x8F,
    0x22, 0x57, 0x85, 0xB1, 0x56, 0xA2, 0xC9, 0x4C, 0x9F, 0xF8, 0x9B, 0xCB, 0xFA, 0x10, 0x77, 0x9B,
    0x81, 0xCA, 0x98, 0x4F, 0x54, 0x8C, 0x66, 0xA0, 0x1C, 0x97, 0x37, 0xAA, 0x90, 0x4F, 0x31, 0xC3,
    0x99, 0x15, 0xD2, 0x52, 0x36, 0x45, 0x47, 0x75, 0x30, 0x11, 0x01, 0x73, 0x47, 0x06, 0x53, 0x41,
    0xC1, 0xBC, 0x8B, 0x96, 0x6F, 0xF6, 0xD7, 0xAF, 0xD5, 0x43, 0xD6, 0xB7, 0x73, 0x2B, 0x74, 0x32,
    0xF7, 0xFB, 0x5E, 0xF1, 0x78, 0xC6, 0xD0, 0x59, 0x9C, 0xD6, 0x50, 0x57, 0x7F, 0xDE, 0x09, 0x3C,
    0x3C, 0x9C, 0x81, 0xE5, 0x4F, 0x05, 0x9E, 0xF5, 0x66, 0xD7, 0xE1, 0x74, 0x14, 0xA7, 0x19, 0xA1,
    0xE9, 0x0F, 0xE0, 0x52, 0x14, 0x98, 0x0E, 0x08, 0xC0, 0x6F, 0x82, 0x00, 0xBA, 0x6C, 0xB8, 0x79,
    0xC4, 0x75, 0xFF, 0xFC, 0x0F, 0x58, 0xD1, 0xE6, 0x2D, 0x55, 0x5D, 0x15, 0xC9, 0x0C, 0xAE, 0x93,
    0xFB, 0xEB, 0x2A, 0x05, 0x23, 0x79, 0xD8, 0xEF, 0xE7, 0x1E, 0xD3, 0x53, 0x66, 0xD3, 0xC0, 0xA2,
    0x34, 0x53, 0x9B, 0x49, 0x6A, 0x56, 0xBD, 0x89, 0x6A, 0xE4, 0xA9, 0x19, 0x3A, 0x6D, 0x5A, 0xFC,
    0x4E, 0xCC, 0x88, 0x39, 0xB7, 0x68, 0x1A, 0xAB, 0xD5, 0x4C, 0xD5, 0x50, 0x4D, 0xF4, 0x8D, 0xC3,
    0x18, 0x29, 0x2A, 0x6A, 0x8E, 0x2E, 0x5A, 0xEE, 0x81, 0xCE, 0xF5, 0xCF, 0x7A, 0x01, 0xD9, 0x20,
    0x70, 0x80, 0x17, 0xEB, 0x49, 0xEE, 0x33, 0xCA, 0xCD, 0x6A, 0xF6, 0xDC, 0x18, 0x9E, 0x11, 0x2D,
    0xFD, 0x2F, 0x13, 0xF9, 0x7F, 0xE2, 0x47, 0x34, 0xB2, 0xC0, 0x5A, 0x6A, 0xF9, 0xC7, 0xE8, 0xD5,
    0xF7, 0x27, 0x68, 0x35, 0x41, 0x9A, 0xB1, 0x5C, 0xD2, 0x92, 0xAA, 0x46, 0xD6, 0xB1, 0x1A, 0x61,
    0x98, 0x42, 0xE4, 0xEA, 0x05, 0xBE, 0x87, 0x4C, 0x5D, 0x25, 0x3F, 0x0F, 0x86, 0x17, 0x2F, 0x12,
    0x4F, 0x1C, 0x72, 0x1E, 0xB8, 0x85, 0x19, 0xCD, 0x7E, 0x60, 0x14, 0x8D, 0x38, 0x5B, 0x2F, 0x2C,
    0xEA, 0x63, 0x88, 0x56, 0x8C, 0x38, 0xC9, 0x8F, 0xAB, 0x05, 0x21, 0xEB, 0xC9, 0xF4, 0xC5, 0x48,
    0xE5, 0x50, 0xC5, 0xB4, 0x0E, 0x66, 0xBA, 0x28, 0xF3, 0xA2, 0x8B, 0xF1, 0x59, 0xE5, 0x7C, 0x04,
    0x23, 0xCF, 0x2F, 0x67, 0x9A, 0xF9, 0x81, 0x63, 0x15, 0xCE, 0x3F, 0x26, 0x2F, 0x37, 0x0D, 0x78,
    0x32, 0x46, 0xE2, 0x59, 0x07, 0x17, 0xED, 0xD7, 0xEF, 0xFD, 0xA4, 0xD8, 0x01, 0xAD, 0xC0, 0xA5,
    0x4C, 0x89, 0x96, 0x1F, 0x02, 0xBA, 0xBA, 0x4C, 0x82, 0x1C, 0x28, 0xC7, 0x5D, 0x3D, 0x1B, 0x9F,
    0x14, 0x39, 0xF1, 0x13, 0xB0, 0xE4, 0x20, 0xAC, 0x59, 0x17, 0xFC, 0xBB, 0x11, 0x7F, 0x2E, 0x27,
    0xD8, 0xAD, 0xE6, 0x47, 0xF9, 0xE7, 0xA8, 0xF8, 0x2E, 0xE3, 0x46, 0x03, 0x67, 0x22, 0x3E, 0xE6,
    0x42, 0xD8, 0x15, 0x2C, 0xC8, 0x64, 0x95, 0x33, 0x78, 0x98, 0xE7, 0x52, 0x32, 0x8F, 0x54, 0xAC,
    0x1C, 0xA4, 0xED, 0x0B, 0x1F, 0x71, 0xC9, 0x1E, 0xB2, 0xC7, 0xE2, 0xE3, 0x84, 0x03, 0x82, 0xF5,
    0x5A, 0xA9, 0xFB, 0xCE, 0x63, 0xF6, 0xD2, 0xDA, 0xE5, 0xF3, 0xE8, 0x78, 0xC9, 0x3C, 0x9A, 0xB6,
    0x34, 0x0A, 0x5D, 0xEF, 0x83, 0x80, 0xF7, 0x68, 0xB1, 0xE4, 0xBE, 0xBA, 0x08, 0xBE, 0xCF, 0x21,
    0xE3, 0x9B, 0x18, 0x5A, 0x3F, 0x04, 0x7A, 0x3B, 0x60, 0x5C, 0x0C, 0x3A, 0xC8, 0xC4, 0xB9, 0x3A,
    0xA2, 0xCB, 0x22, 0xEC, 0x54, 0xF4, 0x02, 0xD7, 0x57, 0xD8, 0x6C, 0xC0, 0xDE, 0x50, 0x0F, 0xBA,
    0x74, 0x25, 0x60, 0x74, 0xC2, 0xCA, 0x07, 0x44, 0x2B, 0x59, 0x4A, 0x6F, 0xC0, 0x2E, 0xB1, 0x94,
    0x2C, 0x21, 0xB7, 0x57, 0x17, 0x2D, 0x3E, 0x8A, 0x68, 0x10, 0xA3, 0xC0, 0x70, 0x28, 0xB7, 0xE8,
    0xE9, 0x29, 0xFE, 0xF8, 0xD6, 0xA9, 0x18, 0x59, 0x12, 0xA3, 0xBE, 0x5C, 0x8C, 0xF2, 0x8A, 0x62,
    0x90, 0x6F, 0xB4, 0xF5, 0x9E, 0x0C, 0xDC, 0xC9, 0xEF, 0x72, 0x24, 0xFC, 0xF1, 0x24, 0x8C, 0xD9,
    0x08, 0xC6, 0x84, 0x0B, 0xBE, 0xF7, 0x13, 0xB5, 0xED, 0x00, 0x7A, 0x27, 0x05, 0xA4, 0x7D, 0x48,
    0x80, 0x33, 0x03, 0x93, 0xC0, 0x1C, 0xE1, 0x65, 0xBF, 0xFC, 0x54, 0xC3, 0x40, 0x85, 0xB6, 0x98,
    0x42, 0x41, 0x69, 0xF2, 0x17, 0x94, 0x69, 0x7C, 0x28, 0x8F, 0x63, 0x4A, 0x67, 0xEE, 0x8B, 0xC5,
    0x9F, 0x1C, 0xE0, 0x79, 0xC4, 0x5D, 0x2E, 0x8B, 0x90, 0xF6, 0xA3, 0xAC, 0x7B, 0x1A, 0xD6, 0xFE,
    0xA3, 0xE0, 0x6D, 0x16, 0xFC, 0x68, 0x11, 0xFC, 0xF3, 0x24, 0xE0, 0x08, 0x88, 0x1F, 0x4E, 0x97,
    0xA6, 0x8F, 0x76, 0x3B, 0x4C, 0xCD, 0x5F, 0xEC, 0xB7, 0x99, 0x5A, 0xCE, 0xAF, 0xCB, 0xCB, 0x17,
    0x6F, 0xA8, 0xC3, 0x80, 0x38, 0xCC, 0x00, 0xCA, 0x63, 0xD1, 0xE5, 0xF2, 0x1D, 0xA6, 0x3F, 0xD9,
    0x61, 0x9E, 0x59, 0x21, 0x2D, 0xFF, 0x26, 0x71, 0xE9, 0x66, 0x22, 0x78, 0x94, 0x2D, 0x98, 0x4D,
    0xE5, 0x82, 0x85, 0x47, 0x15, 0x77, 0x48, 0x24, 0x5C, 0xBF, 0x56, 0x67, 0x73, 0x3F, 0x53, 0x1F,
    0xC2, 0x25, 0x3B, 0xA9, 0x35, 0xF4, 0x5A, 0xB4, 0x0D, 0x7D, 0xF6, 0x5B, 0xA0, 0x01, 0x50, 0x75,
    0xFE, 0x1A, 0x75, 0x19, 0x8F, 0x74, 0x59, 0x83, 0x9A, 0xCD, 0x20, 0x28, 0xBB, 0xF5, 0xC5, 0x46,
    0x03, 0xDC, 0x11, 0x56, 0xF8, 0x5D, 0xF1, 0x08, 0x9B, 0xF3, 0x33, 0xA8, 0x7B, 0x9D, 0xE3, 0x25,
    0x94, 0xB3, 0x58, 0x6B, 0x26, 0x85, 0x98, 0x6C, 0x26, 0xA4, 0x53, 0xC7, 0x84, 0x75, 0xC9, 0x13,
    0xE0, 0x9D, 0xDF, 0xD1, 0x2C, 0x2F, 0xF0, 0x97, 0xAE, 0xA4, 0x35, 0xD6, 0x18, 0x1B, 0x51, 0x7B,
    0x2C, 0x59, 0x14, 0xF6, 0x33, 0x66, 0xFA, 0xF1, 0x30, 0x37, 0xEB, 0x9A, 0x72, 0xD8, 0x70, 0xA8,
    0x26, 0x24, 0x01, 0x01, 0x0B, 0x88, 0xE4, 0x6F, 0x91, 0x81, 0x27, 0x2A, 0x95, 0xED, 0x8B, 0x19,
    0xC9, 0x4B, 0x41, 0x27, 0x52, 0xF9, 0x20, 0x4D, 0xF2, 0x16, 0xA3, 0x34, 0x54, 0xE9, 0x16, 0x50,
    0xEE, 0xD3, 0xD4, 0x51, 0x4C, 0xD7, 0x26, 0x13, 0x7A, 0x81, 0xEB, 0xF3, 0x45, 0x2A, 0x16, 0x33,
    0xF2, 0x7B, 0x33, 0x3C, 0xDD, 0xD6, 0xA6, 0x6F, 0x00, 0x3F, 0x30, 0x30, 0xE8, 0x6F, 0x06, 0xDA,
    0xA8, 0x2E, 0x4E, 0xD3, 0xD0, 0xE8, 0xB7, 0x1B, 0xE8, 0x19, 0xF8, 0xA1, 0x9D, 0xD6, 0xAD, 0x2F,
    0x06, 0xB5, 0x17, 0x88, 0x5F, 0x9B, 0xF5, 0x49, 0x86, 0x82, 0x6F, 0xD2, 0x2B, 0x74, 0x54, 0x0A,
    0x74, 0x99, 0xEE, 0x47, 0x51, 0x09, 0x7C, 0xEA, 0xC2, 0x0B, 0xB1, 0x9B, 0xDE, 0xB3, 0x1E, 0x40,
    0x1B, 0x1F, 0x60, 0x0F, 0x3A, 0xA5, 0xEF, 0x94, 0x01, 0xE4, 0x43, 0xB6, 0xF4, 0xCD, 0x5E, 0x1C,
    0x4E, 0x7E, 0x26, 0x81, 0x93, 0xC2, 0x49, 0xE2, 0xAD, 0xC6, 0x2A, 0xF2, 0x7A, 0x9F, 0x6C, 0xFB,
    0x92, 0x73, 0x14, 0xD6, 0xF7, 0x67, 0xA1, 0xFB, 0x0D, 0x0B, 0x59, 0x17, 0xDD, 0xE7, 0xE8, 0x5B,
    0x74, 0x54, 0x1C, 0xB3, 0x72, 0x11, 0x7A, 0xE5, 0xC5, 0x6D, 0xD5, 0xA4, 0x9C, 0x40, 0x73, 0xC8,
    0x9D, 0x5B, 0xE0, 0x00, 0xD6, 0x0F, 0x75, 0x0B, 0x03, 0xB4, 0x50, 0xA3, 0x6C, 0xCB, 0x01, 0xE6,
    0x81, 0x36, 0x42, 0xEC, 0x6A, 0x06, 0x0D, 0xB3, 0xEA, 0xBE, 0xA8, 0xB7, 0x13, 0x58, 0xEF, 0x6E,
    0xC0, 0x51, 0x6E, 0x90, 0x69, 0xF2, 0x16, 0x6E, 0x73, 0xA8, 0x66, 0xD0, 0x8E, 0x20, 0x47, 0xC4,
    0x2C, 0x1C, 0x84, 0x2F, 0x32, 0x21, 0x74, 0x99, 0x71, 0x1F, 0x37, 0x82, 0x1C, 0x8F, 0x59, 0x40,
    0x2B, 0xED, 0x28, 0xF0, 0x5D, 0x55, 0xAF, 0x64, 0xE1, 0x54, 0x28, 0x73, 0x31, 0x05, 0xA3, 0x2B,
    0xA0, 0xB3, 0xB8, 0x03, 0x7D, 0x84, 0x3F, 0x4E, 0x89, 0x16, 0xD7, 0x72, 0x2A, 0x46, 0x04, 0xEB,
    0x0E, 0xB4, 0x41, 0xD9, 0x80, 0xEE, 0x24, 0x0A, 0xF5, 0xBF, 0x37, 0x0A, 0x95, 0xF0, 0x1D, 0x51,
    0x68, 0xBF, 0x06, 0x5E, 0xC3, 0x2E, 0xF0, 0xAA, 0x34, 0xF0, 0xD2, 0xA7, 0xB1, 0x2B, 0xD3, 0x23,
    0x2B, 0x12, 0x98, 0x59, 0x63, 0x5E, 0x41, 0x35, 0xFA, 0xEE, 0xE7, 0xD5, 0xE0, 0x3E, 0x98, 0xEA,
    0x68, 0xEF, 0x4F, 0x36, 0x56, 0x1C, 0x6D, 0x34, 0x88, 0xBE, 0xB2, 0x99, 0xF6, 0x05, 0xFE, 0xC0,
    0x96, 0x9D, 0x89, 0xAE, 0x3D, 0x9A, 0xB7, 0x75, 0xC2, 0xE4, 0xC6, 0x20, 0x00, 0x84, 0xAF, 0x39,
    0x13, 0xF7, 0x42, 0xA8, 0x92, 0x2F, 0x66, 0xC1, 0x14, 0x66, 0x47, 0xE1, 0xCC, 0xBD, 0xAA, 0x98,
    0xFA, 0x2D, 0x28, 0x7B, 0x65, 0x04, 0xF1, 0x9B, 0x6A, 0xAC, 0x26, 0xB4, 0x87, 0x5A, 0x62, 0x39,
    0x93, 0x8E, 0xDC, 0x56, 0x08, 0x75, 0xC5, 0x04, 0x86, 0x15, 0xAA, 0xD0, 0xA8, 0x43, 0xF5, 0xE8,
    0x75, 0x6D, 0x15, 0x77, 0x26, 0x96, 0xCD, 0x7E, 0x03, 0x92, 0x70, 0xF9, 0xCC, 0xAB, 0x93, 0x2E,
    0x20, 0x46, 0x1F, 0xA2, 0x38, 0x9E, 0x79, 0xCD, 0x74, 0x84, 0xEA, 0x24, 0xE3, 0x25, 0x59, 0x30,
    0xB2, 0xCC, 0xBC, 0xC7, 0xF6, 0x65, 0xB1, 0xE9, 0xE0, 0x40, 0x1A, 0xC8, 0xDC, 0xE8, 0x92, 0xAE,
    0x1B, 0xBC, 0xBF, 0xD7, 0x57, 0x58, 0xF5, 0x76, 0xB2, 0x7E, 0xF6, 0xF6, 0x94, 0x1C, 0xA8, 0x06,
    0xDC, 0x11, 0x9E, 0x6B, 0x35, 0x95, 0xDC, 0xF5, 0x5A, 0x5D, 0xFB, 0x9E, 0x77, 0xFF, 0xB5, 0xB0,
    0x1C, 0x86, 0x47, 0x91, 0x79, 0xC2, 0xB9, 0x8B, 0x7C, 0x81, 0x50, 0xD8, 0x2C, 0xB0, 0x5C, 0x9B,
    0x50, 0xE7, 0x8C, 0xBE, 0xAF, 0xC5, 0xAE, 0x23, 0xC7, 0xE9, 0x62, 0xDF, 0x0A, 0x78, 0x37, 0x72,
    0x36, 0x93, 0xE0, 0x71, 0x08, 0xB1, 0x16, 0xAD, 0x83, 0x37, 0x62, 0x29, 0x8C, 0xC8, 0xC7, 0x94,
    0x52, 0x2D, 0x7B, 0x42, 0xF1, 0xBD, 0xCE, 0x30, 0x40, 0x8B, 0x29, 0x02, 0x4B, 0xE2, 0x22, 0xF8,
    0xD5, 0x84, 0xB9, 0x62, 0xBC, 0x3E, 0xC5, 0x20, 0x82, 0x99, 0x44, 0x85, 0x6A, 0x10, 0x19, 0xEA,
    0x28, 0x3A, 0xD8, 0x0E, 0xFB, 0xD2, 0x20, 0x4A, 0xD8, 0x46, 0xEA, 0xB9, 0x75, 0x05, 0xFF, 0x8A,
    0x7B, 0xD3, 0x64, 0x69, 0x24, 0xC8, 0x22, 0x30, 0x82, 0xED, 0x7B, 0xAF, 0x00, 0x90, 0x6A, 0xA3,
    0x37, 0xB8, 0xDA, 0x30, 0xE1, 0x4E, 0xFC, 0xE5, 0x50, 0x2C, 0x1B, 0xC4, 0x04, 0x19, 0xE6, 0x16,
    0xE0, 0x11, 0x9D, 0x26, 0x01, 0x82, 0x5E, 0x40, 0x9C, 0x5E, 0x9F, 0xE3, 0xE1, 0x92, 0x64, 0x72,
    0xEF, 0xA2, 0x38, 0xED, 0x7B, 0xB1, 0x99, 0x91, 0x85, 0xE1, 0x0E, 0x7D, 0x14, 0xAE, 0xEA, 0xB4,
    0x8D, 0x7B, 0x1C, 0xCB, 0x79, 0xAA, 0xE9, 0x1F, 0x08, 0x5E, 0xC5, 0x10, 0x40, 0x4C, 0x02, 0x3C,
    0xC3, 0x2C, 0x56, 0xF0, 0x17, 0x24, 0xC0, 0x6F, 0x81, 0xBF, 0xD6, 0x21, 0x30, 0x1F, 0x0F, 0x01,
    0xCD, 0x8E, 0x33, 0x73, 0x53, 0x01, 0xB5, 0x40, 0xDF, 0xBB, 0x01, 0x72, 0x15, 0x78, 0xEA, 0x67,
    0xFB, 0x38, 0x6F, 0xBE, 0x2C, 0xCE, 0xFB, 0x3B, 0xAC, 0xD7, 0x53, 0xD2, 0xA9, 0xD0, 0xBC, 0x36,
    0xDA, 0xD5, 0x5D, 0xC2, 0x0B, 0xA2, 0x05, 0x3D, 0xBD, 0xB5, 0xF9, 0x39, 0x81, 0x8E, 0xD8, 0x77,
    0x80, 0xD7, 0x8F, 0xE3, 0x37, 0xDE, 0xA7, 0x33, 0xBF, 0xA1, 0xAC, 0x9A, 0xFD, 0x52, 0xAB, 0xAE,
    0xAA, 0x76, 0x94, 0xCF, 0x02, 0x2A, 0x46, 0x70, 0x13, 0x0F, 0x0F, 0x07, 0x70, 0xA3, 0xC4, 0x1A,
    0xBB, 0x39, 0x60, 0x86, 0x0C, 0xC8, 0x9C, 0x63, 0xE6, 0x5F, 0xF2, 0x59, 0x09, 0xCD, 0xB9, 0x10,
    0xCE, 0xCA, 0xC9, 0x97, 0x23, 0x15, 0x93, 0xFF, 0x3E, 0xE8, 0x5E, 0x1F, 0xA8, 0x1C, 0xED, 0xEB,
    0xFA, 0x76, 0xFD, 0x7D, 0xE1, 0x60, 0xEF, 0x0A, 0x23, 0xB2, 0x49, 0xD5, 0x96, 0x15, 0xD6, 0xCF,
    0xDE, 0x08, 0xAD, 0x30, 0x90, 0xED, 0x94, 0xA1, 0x54, 0x62, 0x2F, 0x20, 0xE5, 0x25, 0x60, 0xA6,
    0xDD, 0xC0, 0x9C, 0x8F, 0x16, 0x80, 0x3A, 0x08, 0x8A, 0x46, 0xA0, 0x8E, 0x7D, 0x77, 0x9F, 0x98,
    0xF8, 0x5A, 0xB3, 0x34, 0x4F, 0xA0, 0x2C, 0xFB, 0x52, 0x8D, 0x07, 0xD1, 0xD5, 0x41, 0x70, 0xE1,
    0x1A, 0xD0, 0x03, 0x34, 0x5D, 0xAF, 0x3E, 0xA7, 0xD6, 0xD4, 0xF1, 0x38, 0x88, 0x68, 0xF6, 0x41,
    0xC4, 0xBE, 0xBC, 0x42, 0xDF, 0x11, 0x9B, 0x66, 0xC8, 0x48, 0xFC, 0xE2, 0xAC, 0x39, 0x46, 0x5D,
    0x42, 0xB6, 0x91, 0x75, 0x93, 0x9E, 0x91, 0xE3, 0xF2, 0x44, 0x76, 0x44, 0x16, 0xB2, 0x4E, 0xAA,
    0x96, 0x83, 0x1E, 0xDF, 0xDA, 0xA6, 0x67, 0x98, 0x61, 0xEE, 0xB4, 0x4F, 0xEC, 0x5E, 0xF7, 0x20,
    0x35, 0x11, 0xB2, 0xF5, 0x82, 0xAA, 0x13, 0xD4, 0x01, 0x68, 0x76, 0x67, 0xF5, 0x5E, 0x48, 0xF2,
    0x61, 0x91, 0xF3, 0xBF, 0xC6, 0x54, 0xFA, 0xBE, 0xB8, 0xC8, 0x6F, 0xB1, 0x54, 0x8F, 0xA8, 0x1E,
    0x74, 0xA3, 0x04, 0x68, 0x18, 0x06, 0x60, 0x9B, 0x05, 0x60, 0xA3, 0xE4, 0xBA, 0x02, 0xDB, 0xAC,
    0x12, 0xD8, 0x6F, 0xB3, 0x80, 0x46, 0xB7, 0x59, 0x5F, 0xDE, 0x31, 0xF3, 0x35, 0x74, 0x4C, 0x78,
    0xA0, 0x63, 0xDA, 0xB5, 0x63, 0x5A, 0x9D, 0x2E, 0x7A, 0xD6, 0x31, 0x09, 0x96, 0x9C, 0xD2, 0x0C,
    0x3A, 0xA4, 0x78, 0x04, 0xEB, 0xFE, 0x7A, 0x9F, 0x0A, 0x4C, 0x59, 0xF9, 0xAF, 0x58, 0x2C, 0xF8,
    0x0C, 0xE0, 0x05, 0x56, 0x4C, 0xF8, 0xFB, 0xB0, 0x8D, 0xAD, 0xB3, 0x8B, 0x0B, 0x3D, 0x6A, 0x10,
    0x80, 0x96, 0x4A, 0xE0, 0xA4, 0x6C, 0xF8, 0xA3, 0x6D, 0x5D, 0xCF, 0x30, 0xF2, 0x3E, 0xF7, 0x39,
    0x37, 0x2E, 0x22, 0x79, 0x3F, 0x54, 0x93, 0x78, 0x57, 0x8F, 0x02, 0x3B, 0x00, 0x51, 0xE0, 0x22,
    0xD5, 0xA3, 0xC7, 0x5E, 0xC4, 0xF7, 0x64, 0x07, 0x05, 0xE3, 0xA4, 0x8B, 0xC2, 0x77, 0xE4, 0x7B,
    0x01, 0x07, 0xD7, 0x67, 0x62, 0xA9, 0xBA, 0xB8, 0x6E, 0xC4, 0xF3, 0x75, 0x23, 0xFE, 0x55, 0xCE,
    0x8E, 0xDC, 0xE0, 0x5B, 0x29, 0xFD, 0x90, 0x6D, 0x4F, 0x7C, 0x71, 0x2B, 0x56, 0xE9, 0x6E, 0xDD,
    0x75, 0x36, 0x6E, 0xD1, 0xBB, 0x1E, 0x4D, 0x0A, 0xBA, 0xD4, 0x6E, 0x02, 0x1A, 0x8F, 0xDA, 0x38,
    0x3F, 0xD8, 0xB8, 0x96, 0x22, 0xE4, 0x3D, 0x99, 0xAE, 0x1C, 0xC8, 0xC4, 0x2A, 0x26, 0x99, 0x72,
    0xD8, 0x42, 0xDA, 0x95, 0xF5, 0x47, 0xE7, 0x55, 0xE8, 0x11, 0xCE, 0x8E, 0x5C, 0xBF, 0x56, 0xF4,
    0x4A, 0x26, 0x2D, 0xF1, 0xF7, 0x10, 0xBC, 0x18, 0xB9, 0x3C, 0x89, 0x60, 0xE5, 0x60, 0x71, 0xC2,
    0xCD, 0x35, 0xA2, 0xE4, 0x5F, 0x9E, 0x5B, 0xAB, 0x97, 0x36, 0x82, 0xB9, 0xE8, 0xB7, 0xF6, 0xCD,
    0xB0, 0x6F, 0x54, 0xFB, 0x7C, 0x23, 0xFA, 0x61, 0xEB, 0x48, 0x7F, 0x71, 0xDD, 0x5A, 0x09, 0xD3,
    0x7B, 0x12, 0x3D, 0x53, 0xA6, 0xF4, 0x0B, 0x7F, 0xFC, 0x2F, 0x1B, 0x0E, 0x7A, 0x22, 0x81, 0x84,
    0x85, 0x2E, 0x49, 0x66, 0xCA, 0xC0, 0x11, 0xAC, 0xF4, 0xF4, 0x5C, 0x3D, 0x60, 0xEC, 0xD9, 0x28,
    0x24, 0x34, 0x00, 0x96, 0xCB, 0x05, 0x59, 0x9C, 0xA1, 0x13, 0x9A, 0xF1, 0x80, 0xBA, 0xA1, 0xA9,
    0x22, 0xEA, 0x82, 0x86, 0xF9, 0xDE, 0x1B, 0xEA, 0x08, 0xFA, 0x07, 0x36, 0x51, 0x9D, 0xD8, 0xD5,
    0x50, 0x64, 0xE0, 0x49, 0xAF, 0x32, 0x99, 0x28, 0x2E, 0x51, 0xD5, 0xB9, 0xE0, 0xC8, 0x06, 0xDB,
    0x7A, 0xB2, 0xAD, 0x93, 0x19, 0xCA, 0xB5, 0xD0, 0xC3, 0x35, 0x1E, 0x26, 0x13, 0x2F, 0x8D, 0x50,
    0x8C, 0xDA, 0x31, 0x5B, 0xE8, 0x16, 0x79, 0x0D, 0x86, 0x9D, 0xDE, 0xDF, 0x32, 0x5E, 0x9E, 0x54,
    0x8C, 0x89, 0xF1, 0xC6, 0x28, 0x97, 0x51, 0x1A, 0x60, 0x58, 0xB7, 0x32, 0xF3, 0x83, 0x67, 0x9F,
    0xAB, 0x7D, 0x42, 0xF3, 0x0B, 0x80, 0x03, 0xCC, 0xED, 0x33, 0xFE, 0x84, 0x75, 0x69, 0xD0, 0xF4,
    0x9F, 0x62, 0x12, 0x4D, 0xAA, 0x11, 0x53, 0xE3, 0x28, 0x37, 0xB2, 0x03, 0x96, 0x86, 0x68, 0x96,
    0xDB, 0xDC, 0x19, 0xED, 0x2F, 0xA8, 0x5F, 0x49, 0x55, 0x6C, 0x6B, 0x7A, 0x11, 0x0F, 0xC9, 0x91,
    0x58, 0x03, 0xD5, 0x28, 0xD0, 0xF9, 0x13, 0xE8, 0xCA, 0x85, 0x7C, 0x97, 0xB3, 0xBE, 0x03, 0xDB,
    0x1D, 0xBC, 0x36, 0x6B, 0xD8, 0xEE, 0x3A, 0x01, 0x1E, 0x79, 0x75, 0x41, 0xDC, 0xD3, 0x2D, 0x75,
    0x2A, 0x8E, 0xFB, 0x3A, 0x38, 0xFE, 0x0F, 0x6E, 0x3D, 0xDF, 0xE1, 0xE6, 0x82, 0xDF, 0xE5, 0x86,
    0xC4, 0xEF, 0x34, 0xBD, 0x6F, 0x34, 0xB3, 0xCE, 0xE1, 0x61, 0xFB, 0xB8, 0xF9, 0xF2, 0x7D, 0xDC,
    0x19, 0xDD, 0x5F, 0x8B, 0x8D, 0xC7, 0xDB, 0xE9, 0xE6, 0x81, 0xED, 0x74, 0xC5, 0x63, 0x19, 0x2B,
    0x1E, 0x5C, 0x5F, 0xF3, 0xA7, 0xDC, 0x3D, 0xEB, 0x3F, 0x43, 0xA4, 0x72, 0x1F, 0x2B, 0xE1, 0x82,
    0x6A, 0x83, 0xC0, 0xC7, 0xAB, 0xA4, 0x05, 0xF6, 0xC5, 0x9C, 0xC4, 0xDB, 0x29, 0xA6, 0x03, 0x9A,
    0x94, 0xB9, 0xBA, 0xD2, 0x69, 0xDA, 0xB3, 0xAA, 0xFB, 0x1C, 0xC9, 0x5C, 0xC8, 0x1A, 0xAD, 0xBC,
    0x26, 0xF6, 0xD9, 0xBB, 0x23, 0xA4, 0x8C, 0xFA, 0xBA, 0x7B, 0xF5, 0xFF, 0xBA, 0x47, 0xD8, 0x5A,
    0xBE, 0x0D, 0xB8, 0x5D, 0x07, 0x65, 0x5A, 0x5B, 0xEB, 0x0C, 0x82, 0x6C, 0x55, 0xED, 0xE6, 0xD2,
    0xA4, 0x3D, 0x61, 0xBD, 0x7F, 0x01, 0xD0, 0x15, 0x03, 0xBA, 0xB1, 0xDB, 0xBE, 0x4E, 0x68, 0x81,
    0x0E, 0x56, 0x2D, 0xCD, 0x56, 0x62, 0x2F, 0x5A, 0x41, 0xA7, 0x8E, 0x36, 0x1E, 0x1E, 0x66, 0x00,
    0x39, 0xC0, 0x26, 0x14, 0x0D, 0xB9, 0x58, 0xF5, 0xE2, 0x89, 0x13, 0xB7, 0x82, 0xDD, 0xEE, 0x5B,
    0xC7, 0xDD, 0x49, 0xB4, 0x0D, 0x90, 0x0F, 0x82, 0xF2, 0x78, 0xB6, 0x70, 0xEB, 0x0B, 0x9D, 0x3F,
    0xDA, 0x47, 0x03, 0x7D, 0x4A, 0x0E, 0x67, 0x7A, 0x6E, 0x4B, 0x6F, 0xB5, 0xD0, 0xB7, 0xD2, 0x1E,
    0xB7, 0x54, 0x35, 0x60, 0x54, 0xCA, 0xB3, 0x7A, 0x9E, 0x51, 0x43, 0x85, 0x62, 0xDA, 0x40, 0x32,
    0xD3, 0x16, 0x4C, 0x76, 0x49, 0x47, 0x7E, 0xC7, 0x94, 0x31, 0xDC, 0x78, 0xA9, 0xB1, 0x15, 0xD4,
    0xC0, 0x22, 0x0B, 0x17, 0x71, 0x87, 0x1C, 0xCB, 0x48, 0x31, 0xE6, 0x13, 0x6D, 0x7A, 0x52, 0x9D,
    0xCE, 0xAD, 0xD5, 0xFA, 0xA5, 0x04, 0x62, 0x4C, 0x98, 0xBF, 0xCD, 0x5F, 0xBB, 0x56, 0xBF, 0x94,
    0xF8, 0x63, 0x42, 0xB9, 0x76, 0xAD, 0xBE, 0xDC, 0x7D, 0xE0, 0xD8, 0xFD, 0x51, 0xDD, 0x6F, 0xBE,
    0xA2, 0xFB, 0xFD, 0xEA, 0x7E, 0x93, 0xF2, 0xE4, 0x1E, 0xCB, 0x75, 0x16, 0xD1, 0x4F, 0xFF, 0x25,
    0xD8, 0xF8, 0x20, 0x34, 0x82, 0x6F, 0xDF, 0x14, 0x58, 0x34, 0xF7, 0xCC, 0x78, 0xE8, 0xF4, 0x66,
    0x75, 0xBA, 0x58, 0xE8, 0xF9, 0x4B, 0x9C, 0xEE, 0x61, 0xD5, 0x24, 0xD5, 0xD2, 0xF1, 0xAC, 0xED,
    0x33, 0xF5, 0x14, 0x50, 0x7F, 0x54, 0x2D, 0xE4, 0x70, 0xB5, 0x86, 0x38, 0x37, 0xD4, 0x85, 0x12,
    0xFA, 0x9B, 0x97, 0xD0, 0xC6, 0xB2, 0x4B, 0xA9, 0xFF, 0x3B, 0xC3, 0xC1, 0x79, 0x7D, 0xC3, 0xA0,
    0x05, 0x2F, 0x66, 0xB2, 0xB4, 0x25, 0x41, 0xAB, 0xEA, 0xAA, 0xE5, 0x90, 0xDA, 0x80, 0x21, 0xE7,
    0x1F, 0x48, 0x6B, 0x58, 0xD9, 0x52, 0x1D, 0xEA, 0xDD, 0x97, 0x12, 0xCC, 0x90, 0x60, 0x42, 0x4B,
    0x3A, 0xA5, 0x87, 0xC7, 0x32, 0x9A, 0x60, 0xDA, 0x02, 0xCC, 0xC0, 0xF4, 0xF2, 0xCF, 0xF8, 0xE3,
    0x37, 0x1E, 0x6D, 0x9E, 0xAB, 0x1E, 0x7E, 0x62, 0xF4, 0xE4, 0xA5, 0x07, 0xC0, 0x47, 0xAE, 0x41,
    0xEC, 0xDD, 0xB4, 0x08, 0x4C, 0x82, 0x42, 0xE7, 0xA3, 0x98, 0x06, 0xD9, 0x71, 0x12, 0x6D, 0x04,
    0x86, 0xC3, 0x23, 0x55, 0x0E, 0x92, 0xF8, 0x2D, 0x30, 0x85, 0xDF, 0xBB, 0xF8, 0xF2, 0x15, 0xF1,
    0x1F, 0xC4, 0xB5, 0xCD, 0x24, 0x28, 0x59, 0x60, 0x27, 0x95, 0x6E, 0x77, 0x62, 0x70, 0x3E, 0x3D,
    0xF9, 0x71, 0x74, 0x3F, 0xD8, 0xBC, 0xAC, 0x47, 0xBC, 0x46, 0x20, 0x0A, 0x8E, 0xBF, 0x7F, 0xD9,
    0x9E, 0x83, 0x2D, 0x8F, 0xCF, 0xC1, 0xE2, 0x36, 0x6B, 0x39, 0xA3, 0xF6, 0x6B, 0x12, 0xA7, 0x9C,
    0xAC, 0x58, 0xBA, 0x4B, 0x50, 0xC3, 0xE6, 0x46, 0x84, 0xF5, 0xD7, 0x2B, 0xEC, 0xA3, 0x78, 0x0E,
    0xC0, 0xF3, 0x3F, 0xB9, 0xCD, 0x17, 0x54, 0x6F, 0x0F, 0x04, 0x2B, 0xE6, 0xAB, 0x78, 0x7E, 0xF5,
    0x81, 0x84, 0x26, 0x23, 0xD0, 0xE3, 0x77, 0x1D, 0xFD, 0x2D, 0x7F, 0xDC, 0xAE, 0xEF, 0xF9, 0x9F,
    0x16, 0x93, 0xB3, 0x28, 0xA8, 0xD4, 0xDF, 0x69, 0xFB, 0x2A, 0x96, 0x97, 0xDD, 0x40, 0xDA, 0xBC,
    0x85, 0x39, 0x0C, 0x95, 0x0D, 0x6E, 0x53, 0x3C, 0x78, 0xEE, 0x29, 0xDF, 0x7D, 0x58, 0x34, 0x03,
    0x93, 0x38, 0x6E, 0xA6, 0xF5, 0x9B, 0xA2, 0x51, 0x4C, 0xAE, 0x80, 0x7A, 0x00, 0x52, 0x0C, 0x54,
    0x0D, 0xBB, 0x43, 0x81, 0xBA, 0x57, 0x02, 0x3A, 0x81, 0x0F, 0xE2, 0x3D, 0x07, 0xA7, 0xC0, 0x97,
    0x2E, 0xD8, 0xB7, 0x35, 0xBA, 0x61, 0xB2, 0xD8, 0xB7, 0x55, 0xDB, 0xD3, 0x64, 0xFD, 0xF6, 0x7C,
    0xC6, 0x0D, 0xAC, 0x29, 0xF5, 0xF6, 0x73, 0xB1, 0x40, 0x95, 0x47, 0x4F, 0x1D, 0xBD, 0x32, 0xD4,
    0xC4, 0x48, 0x79, 0x9C, 0x18, 0x11, 0xF9, 0xDC, 0x41, 0x62, 0xA4, 0x8E, 0x02, 0x9B, 0x20, 0x4D,
    0x5A, 0x34, 0xE9, 0xFA, 0x1C, 0x28, 0x99, 0x5C, 0xAC, 0x31, 0xFB, 0xDC, 0x17, 0xF0, 0xE7, 0x8B,
    0x58, 0x70, 0x07, 0x1F, 0x9C, 0xA2, 0x5B, 0xB3, 0x87, 0x7F, 0x59, 0x73, 0x4E, 0x5D, 0xF4, 0x13,
    0xF5, 0x7D, 0x62, 0x04, 0x40, 0x79, 0x3C, 0xBA, 0xEC, 0xCF, 0x3D, 0x99, 0xED, 0xB9, 0xA7, 0xF8,
    0xC0, 0x97, 0x35, 0xD5, 0x70, 0x66, 0x85, 0xF6, 0xCB, 0x98, 0xDD, 0x66, 0x47, 0x02, 0x64, 0x3A,
    0xCA, 0x8E, 0xB8, 0xEE, 0xFA, 0xB5, 0xBA, 0x31, 0xEE, 0xBF, 0xB2, 0x6D, 0x69, 0x33, 0x57, 0x81,
    0xB2, 0xD1, 0x08, 0x06, 0x60, 0xAC, 0x03, 0x54, 0x6B, 0xE4, 0xEA, 0x0C, 0xD5, 0xFA, 0x73, 0xAB,
    0xF6, 0x4C, 0xBF, 0xCD, 0x1B, 0xEB, 0xEE, 0xA9, 0x18, 0x9C, 0xA8, 0xD3, 0x5B, 0x41, 0x07, 0xF4,
    0x6F, 0x61, 0xD5, 0x9E, 0xF7, 0x29, 0xC4, 0xC7, 0x33, 0xD6, 0xE8, 0xF9, 0x0D, 0x22, 0x8C, 0x77,
    0x16, 0xA4, 0xEA, 0x27, 0xB9, 0x62, 0x06, 0xA4, 0x98, 0x3A, 0x2A, 0xA3, 0x95, 0x0E, 0xED, 0xAA,
    0x73, 0xAB, 0xF6, 0x52, 0x26, 0x18, 0x8B, 0x9E, 0xB2, 0x94, 0xFD, 0xAA, 0x7B, 0x24, 0x8E, 0x03,
    0x55, 0x3D, 0x56, 0xAB, 0x76, 0xD6, 0xEC, 0xD2, 0x75, 0x6B, 0xF5, 0xF5, 0xB9, 0xDF, 0x3D, 0xCC,
    0x7D, 0x34, 0x99, 0xF2, 0x45, 0x31, 0x8D, 0x69, 0xA2, 0x5F, 0x60, 0x31, 0x5C, 0x03, 0xA2, 0x4A,
    0xF1, 0x5B, 0xB9, 0x60, 0xD2, 0xE9, 0xC2, 0xE6, 0x6B, 0x73, 0xFA, 0x73, 0x01, 0x7F, 0xA8, 0x4E,
    0xCF, 0x70, 0xFA, 0xF8, 0xFF, 0x0A, 0xE0, 0x8E, 0x0F, 0xF8, 0xB9, 0x94, 0x7C, 0xBF, 0xE2, 0x79,
    0xF2, 0x62, 0x12, 0xFB, 0x23, 0x58, 0xF5, 0x85, 0xA6, 0xCA, 0x4A, 0xA1, 0x4D, 0x0C, 0x66, 0x48,
    0xB4, 0xD1, 0xB5, 0x26, 0xDA, 0xE8, 0x1B, 0x13, 0x5D, 0xD4, 0xFC, 0x99, 0xB0, 0x8A, 0xFC, 0xA9,
    0x18, 0xF9, 0xBB, 0xFB, 0x9F, 0xCE, 0x54, 0x7D, 0xF0, 0xF9, 0xFF, 0xCC, 0x54, 0x7F, 0xF8, 0xD9,
    0x67, 0x22, 0xFB, 0x6F, 0x3F, 0x14, 0xDA, 0xFF, 0xBC, 0xF3, 0xB9, 0xA8, 0xFF, 0xEE, 0x9D, 0x4F,
    0x44, 0xF9, 0xF7, 0x7F, 0xF4, 0x49, 0x24, 0x7B, 0xF7, 0xC5, 0xBB, 0x42, 0x2E, 0xB0, 0x7E, 0x2F,
    0xCA, 0xB9, 0x14, 0xED, 0xFC, 0x04, 0x9B, 0x13, 0x8F, 0x0F, 0x94, 0x37, 0x69, 0x35, 0x2A, 0x2F,
    0xFF, 0x30, 0x07, 0xA9, 0xD7, 0xB7, 0xDF, 0x2C, 0xA3, 0x7D, 0x67, 0x12, 0xE3, 0x5E, 0x03, 0x5E,
    0x9D, 0x4C, 0xEF, 0xBE, 0x3B, 0x57, 0x9D, 0xCF, 0xE6, 0x5A, 0x30, 0xD5, 0x81, 0xF3, 0xC9, 0x86,
    0x65, 0x87, 0x76, 0x2E, 0x46, 0xF7, 0x57, 0x73, 0x19, 0xDD, 0xF7, 0x26, 0xF1, 0xE2, 0xC5, 0x49,
    0x7E, 0xC5, 0xCC, 0xC1, 0xCD, 0xCC, 0xC8, 0xBE, 0x4E, 0x64, 0xBA, 0x7A, 0xCD, 0x8B, 0x11, 0x8F,
    0xEB, 0xDB, 0x8C, 0xB4, 0xF8, 0xE8, 0x5E, 0x33, 0x6D, 0x36, 0x4F, 0x77, 0x9B, 0xBA, 0xFD, 0x28,
    0x19, 0x47, 0x34, 0x90, 0xE7, 0x15, 0xDF, 0x47, 0x9C, 0x64, 0x74, 0x11, 0x2E, 0x31, 0xE2, 0xD0,
    0x8C, 0x83, 0x8E, 0x5D, 0xDC, 0x52, 0x57, 0x5E, 0xAE, 0x74, 0xAF, 0xE1, 0xD0, 0x16, 0xA7, 0x1E,
    0x53, 0x0D, 0x1C, 0x37, 0x49, 0x04, 0x70, 0x02, 0xEB, 0xE1, 0x21, 0x47, 0xD7, 0xD6, 0xD3, 0x5D,
    0xA0, 0x57, 0xE2, 0x36, 0xBB, 0x80, 0xB5, 0x62, 0x5C, 0xD4, 0xA3, 0x1D, 0x72, 0xB1, 0x98, 0x35,
    0x30, 0x2E, 0x07, 0xCA, 0xF1, 0x46, 0x6D, 0x2D, 0x7A, 0xF8, 0x30, 0x63, 0x31, 0x36, 0x17, 0x8C,
    0x02, 0xCD, 0xC8, 0x56, 0xE9, 0xC5, 0xCC, 0xF1, 0xD0, 0x56, 0x60, 0x68, 0xFB, 0x4E, 0xC0, 0x9D,
    0x7E, 0x4C, 0x6C, 0xA6, 0x42, 0xC0, 0xBF, 0x64, 0xFD, 0x18, 0xA2, 0xCD, 0xF5, 0x2B, 0x69, 0xFF,
    0xEA, 0x61, 0x30, 0x59, 0x36, 0xE2, 0x70, 0xBD, 0xB0, 0x54, 0x84, 0xBB, 0x1A, 0xF1, 0x64, 0xD0,
    0x58, 0x73, 0xDE, 0xAA, 0x6E, 0x07, 0x19, 0x39, 0xEC, 0xE8, 0x7F, 0x07, 0x3E, 0xC1, 0x1A, 0xAF,
    0xE5, 0x05, 0xA5, 0xDB, 0x5F, 0x11, 0x2D, 0xD7, 0x64, 0xAA, 0x19, 0xE8, 0x28, 0xD3, 0x04, 0xFF,
    0xA5, 0x7D, 0x01, 0xD3, 0x96, 0x17, 0x17, 0x9E, 0xB5, 0xFD, 0x05, 0xF4, 0xE9, 0x10, 0x58, 0xDC,
    0x1F, 0x82, 0x3C, 0x30, 0x57, 0x2F, 0x66, 0x7A, 0x51, 0x24, 0x3F, 0xB9, 0xC8, 0xE3, 0xC9, 0xC5,
    0x2A, 0x5D, 0x9C, 0x09, 0x5C, 0x10, 0xEC, 0x39, 0x66, 0xEE, 0x94, 0x81, 0xBC, 0x52, 0xCA, 0xAD,
    0x5D, 0xC6, 0x33, 0xE7, 0x35, 0x48, 0x1F, 0x8E, 0x3E, 0xB2, 0x29, 0xF7, 0xAF, 0x9F, 0xF3, 0x99,
    0x98, 0x5F, 0x9B, 0x32, 0xE6, 0xCF, 0xA7, 0x9C, 0x3D, 0x4F, 0xC5, 0x98, 0xF3, 0x50, 0xC4, 0x8C,
    0xBB, 0xCD, 0x4B, 0x25, 0xA3, 0xC6, 0x08, 0xFB, 0xFB, 0xED, 0x41, 0xE3, 0x7A, 0xCE, 0x02, 0x71,
    0x34, 0x5D, 0xCE, 0x01, 0xE9, 0xD4, 0x5B, 0x45, 0xB4, 0xCC, 0x9F, 0x44, 0x7B, 0x97, 0x39, 0xDA,
    0xB7, 0xF1, 0x00, 0x86, 0x67, 0x16, 0x35, 0x59, 0x87, 0xED, 0x02, 0x9A, 0xC4, 0x59, 0x39, 0x91,
    0x96, 0x27, 0x57, 0x40, 0x3B, 0x5E, 0xF2, 0x15, 0x2F, 0x40, 0x8F, 0x41, 0xB6, 0x54, 0x7E, 0x4E,
    0x6F, 0xEA, 0x44, 0x3F, 0xEF, 0x26, 0x7D, 0x62, 0x75, 0xC3, 0x6E, 0x97, 0x84, 0xFF, 0x1F, 0x42,
    0x9E, 0x26, 0xBA, 0xDD, 0xC3, 0x13, 0xDD, 0xD7, 0xA8, 0xEB, 0xFF, 0x01, 0x75, 0xD4, 0x21, 0xAC,
    0xE6, 0x44, 0x17, 0xC6, 0xF1, 0xD3, 0xB7, 0x5F, 0xB6, 0xF9, 0xD2, 0x84, 0x5A, 0x0C, 0xA9, 0x4F,
    0x08, 0xF5, 0x86, 0x69, 0x82, 0x0F, 0x78, 0x03, 0x1A, 0xB3, 0x06, 0x3F, 0x0D, 0x02, 0x83, 0x60,
    0xBD, 0x17, 0xB0, 0x88, 0xF5, 0x66, 0xDB, 0x64, 0x13, 0x90, 0xD4, 0x1B, 0xBA, 0xE0, 0x16, 0x71,
    0x9B, 0xD0, 0x84, 0xDE, 0xDD, 0x76, 0x1E, 0xCE, 0x3F, 0x7D, 0x9B, 0x0A, 0x60, 0x72, 0xF3, 0x4B,
    0x6F, 0xDB, 0x3B, 0xE7, 0x99, 0x33, 0xB7, 0x63, 0x3E, 0xEA, 0x09, 0x9B, 0x11, 0xC3, 0xE1, 0x60,
    0x99, 0xA4, 0xC1, 0x6A, 0xB7, 0xB5, 0x5E, 0xDA, 0xED, 0xA6, 0x77, 0x9A, 0x2C, 0x57, 0x1B, 0x67,
    0xAB, 0x76, 0x6B, 0x16, 0xAB, 0x37, 0xAB, 0x57, 0x6B, 0x56, 0x0C, 0x8B, 0xE1, 0x8C, 0x71, 0xE6,
    0x66, 0x3F, 0x5B, 0x70, 0x27, 0x1E, 0x1D, 0x6A, 0xE4, 0xD1, 0x61, 0x3F, 0xFA, 0x4D, 0xD4, 0x60,
    0x71, 0xBA, 0xA9, 0xF3, 0x17, 0x0A, 0x79, 0x0A, 0xF5, 0xBB, 0x59, 0x25, 0xAD, 0xE6, 0xB5, 0x44,
    0x9A, 0xA7, 0x8F, 0x0E, 0x43, 0x2D, 0x0A, 0x0E, 0x33, 0xF7, 0x89, 0x94, 0xCC, 0xA2, 0xB4, 0x79,
    0x42, 0x69, 0xB1, 0xC2, 0xED, 0x48, 0xA8, 0x81, 0x18, 0x71, 0x24, 0x55, 0x9C, 0x0E, 0xF9, 0xA1,
    0x2E, 0xA5, 0xCF, 0xEA, 0x77, 0xC9, 0x10, 0xE6, 0x23, 0x83, 0xFE, 0x33, 0x43, 0x3D, 0xFF, 0xB3,
    0x63, 0xB9, 0xAC, 0xD0, 0xE0, 0x96, 0xEA, 0x30, 0x59, 0x91, 0xAC, 0xDA, 0xAC, 0xD8, 0xB1, 0x74,
    0x57, 0x2E, 0x6A, 0xA4, 0x6F, 0x38, 0x9F, 0xED, 0x5A, 0xB0, 0x71, 0xCF, 0x84, 0x38, 0x62, 0x3F,
    0x70, 0x93, 0x6C, 0x87, 0x63, 0xA6, 0x8E, 0x5E, 0xA9, 0xBD, 0xE7, 0x0C, 0xA2, 0x57, 0x35, 0x39,
    0x59, 0x35, 0x99, 0xFA, 0xE4, 0x30, 0x62, 0x87, 0xFD, 0x61, 0x8B, 0x22, 0x49, 0x70, 0x37, 0x0B,
    0x1E, 0xCF, 0x25, 0x0F, 0x93, 0x57, 0x74, 0x89, 0x24, 0xFD, 0x40, 0x12, 0xB9, 0x33, 0x86, 0xBB,
    0xD4, 0x0D, 0xD4, 0xF5, 0x97, 0x73, 0x61, 0x29, 0xB3, 0x38, 0x37, 0x6E, 0x48, 0x7F, 0xA1, 0x7E,
    0x4F, 0x24, 0xF9, 0xD9, 0xBD, 0x25, 0xAF, 0x73, 0x0D, 0x7B, 0x0F, 0x2C, 0x92, 0x81, 0x89, 0xCC,
    0x8E, 0xC7, 0xF9, 0x84, 0x19, 0xD8, 0x53, 0xAE, 0x6F, 0xE2, 0x7E, 0xB1, 0xF4, 0x6E, 0x35, 0x06,
    0xC3, 0x88, 0xAF, 0x13, 0xAF, 0x6B, 0x75, 0xAD, 0x7F, 0x66, 0xE7, 0xC8, 0x35, 0x33, 0x99, 0xB0,
    0x12, 0xD6, 0xC2, 0xA0, 0x85, 0x7A, 0xBF, 0xA2, 0x7E, 0x59, 0xF1, 0x3B, 0xF7, 0xA6, 0x6A, 0xE3,
    0x8F, 0xB0, 0xD8, 0x4B, 0xB7, 0xDA, 0xB0, 0x5E, 0x31, 0xCC, 0xA4, 0x0A, 0x6F, 0x5F, 0xB8, 0xBD,
    0xE4, 0x4A, 0x4A, 0x96, 0x09, 0x73, 0xF1, 0x53, 0x24, 0x2C, 0x77, 0xAC, 0x36, 0x6C, 0x56, 0x0C,
    0xB3, 0xD1, 0x9A, 0xFB, 0xF8, 0x00, 0x88, 0x7D, 0x63, 0xAD, 0x4C, 0x6D, 0xC5, 0xE8, 0x64, 0xE7,
    0x3A, 0x73, 0xF9, 0xBD, 0x72, 0x79, 0xE9, 0xF5, 0x87, 0x78, 0xF2, 0x7A, 0x67, 0x07, 0xD7, 0x73,
    0xC7, 0x18, 0xF5, 0xC2, 0x26, 0xA4, 0x30, 0xE7, 0x52, 0x9C, 0x2B, 0x3D, 0x68, 0xAA, 0x77, 0xD3,
    0xC4, 0x37, 0x35, 0x86, 0xD9, 0x89, 0x6C, 0x4F, 0x3F, 0xC1, 0x08, 0xFC, 0x7F, 0xF4, 0x83, 0x6F,
    0x50, 0x3F, 0x96, 0x0E, 0xDB, 0x13, 0xD3, 0x3B, 0x59, 0xD0, 0x9F, 0xB2, 0x5A, 0xAF, 0x92, 0x6F,
    0x4D, 0x91, 0xEC, 0x1A, 0x1F, 0x83, 0xC5, 0x11, 0xD5, 0x91, 0x59, 0x46, 0xDE, 0x0D, 0xAB, 0x05,
    0x6F, 0x93, 0x9D, 0xA3, 0x92, 0x44, 0x8F, 0x95, 0xE8, 0x31, 0xC6, 0x87, 0xB7, 0x3F, 0x78, 0xE2,
    0x17, 0x74, 0x5D, 0x8D, 0x9B, 0x29, 0xB0, 0xC2, 0x3D, 0xE0, 0x16, 0x46, 0x1A, 0x10, 0x07, 0xE6,
    0x8A, 0x9A, 0xAD, 0x9E, 0x7B, 0x4D, 0xD6, 0x4C, 0x72, 0xC3, 0xA8, 0x37, 0xCF, 0x2C, 0xBE, 0xA1,
    0x71, 0xCC, 0x8B, 0x22, 0x00, 0xE6, 0x29, 0x17, 0x9B, 0x94, 0x27, 0x36, 0x29, 0xD7, 0xF3, 0xB6,
    0x5A, 0x0B, 0xA9, 0x6D, 0x66, 0xF4, 0xAD, 0x92, 0x08, 0xF4, 0x3E, 0x58, 0x68, 0xB1, 0xBF, 0x16,
    0x91, 0xA7, 0x6B, 0x11, 0xE5, 0x8C, 0xD9, 0x68, 0xE7, 0xA8, 0xA7, 0x62, 0x35, 0xEB, 0xB7, 0x20,
    0xAF, 0x95, 0x7A, 0xBE, 0x57, 0x1F, 0x43, 0x3E, 0x87, 0xA5, 0x19, 0xAC, 0x6D, 0x26, 0xD7, 0xC2,
    0xE0, 0xBB, 0xF0, 0x94, 0x28, 0x3C, 0xDD, 0xAC, 0x72, 0x9F, 0x79, 0x70, 0xFE, 0x87, 0x43, 0xD7,
    0x63, 0xAB, 0xF6, 0x0B, 0x0B, 0x5F, 0x6B, 0xE0, 0x93, 0x7A, 0xD0, 0xE6, 0x7E, 0xAE, 0xD5, 0x6A,
    0x95, 0x9A, 0xAC, 0x58, 0x33, 0x91, 0xCA, 0xFE, 0x07, 0x56, 0xB5, 0xD8, 0xCC, 0xFF, 0xDA, 0xEC,
    0x7C, 0x43, 0x5B, 0xB2, 0xD6, 0xF8, 0x6D, 0xF6, 0x88, 0xE9, 0xD3, 0xC5, 0x32, 0xD1, 0xA5, 0x92,
    0x6C, 0x1C, 0x89, 0xB2, 0xFB, 0xF1, 0x28, 0xB6, 0xD6, 0x34, 0xD4, 0xEA, 0x6E, 0xEA, 0x82, 0x3A,
    0xB6, 0x1B, 0x6F, 0x49, 0x5D, 0xA1, 0xE2, 0x51, 0x5D, 0x99, 0xAA, 0xDF, 0xB0, 0x79, 0xA5, 0xB6,
    0xDC, 0xE3, 0x27, 0x6A, 0xAB, 0x44, 0x43, 0x2B, 0xAD, 0x05, 0xCE, 0x65, 0xB2, 0x52, 0x23, 0xE7,
    0x93, 0xBA, 0x7A, 0x3D, 0x4E, 0x74, 0xF7, 0x9D, 0x46, 0x56, 0xAA, 0xEE, 0x7E, 0xFE, 0xF5, 0x3F,
    0xF9, 0xA2, 0x2D, 0x18, 0xE3, 0xFF, 0xC0, 0xF8, 0x0C, 0x6C, 0x07, 0xF2, 0xB3, 0x4B, 0x58, 0xAD,
    0xD7, 0x12, 0xC3, 0x80, 0x85, 0x65, 0xC6, 0x28, 0x3B, 0x0E, 0xCF, 0x66, 0xB4, 0xE2, 0x98, 0xFA,
    0x3A, 0xAD, 0x4D, 0x63, 0xB3, 0xF1, 0x99, 0x44, 0x3E, 0xA9, 0x4C, 0x58, 0x88, 0xB3, 0xB3, 0xFE,
    0xC3, 0x13, 0xA6, 0xF8, 0xED, 0xEE, 0x26, 0x72, 0x6A, 0x45, 0x4D, 0x0D, 0x69, 0x3B, 0xD2, 0x4A,
    0x1A, 0xAD, 0xD4, 0x95, 0x36, 0x7E, 0x43, 0xDA, 0x8F, 0xEC, 0x6A, 0xBB, 0xD7, 0x4D, 0x2D, 0x65,
    0x97, 0xE3, 0x95, 0x1E, 0x34, 0x16, 0x0B, 0xA7, 0xD0, 0xC8, 0x27, 0x4B, 0x71, 0x18, 0xCD, 0x32,
    0xF9, 0xBB, 0x26, 0x3D, 0x9A, 0xF5, 0x4C, 0x5A, 0x33, 0x7F, 0xD6, 0x6B, 0xF6, 0xE7, 0x60, 0x11,
    0xC2, 0x41, 0xD1, 0xFA, 0xAF, 0xF5, 0x94, 0x69, 0x8C, 0x7A, 0xD0, 0x10, 0x24, 0x91, 0x65, 0xF5,
    0x8A, 0x4C, 0x78, 0x0D, 0x4F, 0xCD, 0x87, 0x7C, 0xB6, 0x26, 0x8C, 0xD0, 0x39, 0x91, 0xA7, 0x2F,
    0xE1, 0x89, 0x26, 0xFA, 0x91, 0xBC, 0x8C, 0xD8, 0x47, 0xA6, 0x4A, 0xF6, 0xE1, 0x71, 0x72, 0x94,
    0xC9, 0x29, 0x08, 0xE5, 0x0F, 0x66, 0xA2, 0xED, 0xFC, 0x85, 0xB8, 0x2B, 0xCB, 0x8C, 0x5D, 0xED,
    0xFC, 0x2A, 0x24, 0x7F, 0x10, 0x48, 0x50, 0x49, 0x93, 0xE7, 0x7E, 0xBC, 0x32, 0x9C, 0xB1, 0xE3,
    0x70, 0x9E, 0x2E, 0xE2, 0x1E, 0x33, 0x67, 0xD4, 0xB8, 0x11, 0x8F, 0x25, 0x24, 0xD8, 0x61, 0xFB,
    0xF2, 0x47, 0xBD, 0xF9, 0x9E, 0xD9, 0xCD, 0x2E, 0x8A, 0x04, 0x3B, 0xB1, 0x80, 0xB5, 0xD9, 0x45,
    0xBD, 0x9E, 0x34, 0xD7, 0x7A, 0x2F, 0x26, 0x12, 0x40, 0x3F, 0x9E, 0xC8, 0x03, 0x5D, 0x23, 0x3B,
    0xB6, 0x82, 0x62, 0x3B, 0x6C, 0x14, 0x5B, 0xCE, 0x4F, 0xB8, 0x1A, 0x8C, 0xCB, 0xAB, 0xE4, 0x0A,
    0x3C, 0xAE, 0x81, 0x1A, 0x91, 0xFE, 0xF5, 0x27, 0xED, 0x73, 0xBD, 0x7D, 0x7E, 0x15, 0xBA, 0xA0,
    0x10, 0xB0, 0xFB, 0x6A, 0xBF, 0xE2, 0x3F, 0x6F, 0x73, 0x4A, 0x39, 0x81, 0x2B, 0x71, 0x9C, 0xF3,
    0x8E, 0xC8, 0xD1, 0x4C, 0x57, 0xC4, 0x2B, 0x38, 0x90, 0x39, 0x39, 0xB7, 0x8D, 0xB8, 0x2B, 0x90,
    0xF4, 0x6F, 0x24, 0x8F, 0x21, 0xCC, 0xD6, 0x30, 0x14, 0x45, 0xCF, 0xB6, 0xC0, 0x12, 0x26, 0xEA,
    0x49, 0xA0, 0x1E, 0x41, 0xBD, 0x7A, 0x23, 0x38, 0x14, 0x5E, 0xA3, 0xC1, 0x0B, 0xB2, 0x7A, 0x85,
    0x57, 0x48, 0xF2, 0x6B, 0xF4, 0xB7, 0x06, 0x2F, 0x1A, 0xBC, 0x18, 0x02, 0x4D, 0xC5, 0xC4, 0x48,
    0xFA, 0xED, 0xD2, 0xF1, 0xE7, 0x9E, 0x97, 0x6B, 0xEE, 0x13, 0x87, 0x38, 0x6D, 0x56, 0xDC, 0x3E,
    0xD6, 0xA1, 0x72, 0xE7, 0x2B, 0xEF, 0x69, 0xD5, 0x8B, 0xF1, 0x8E, 0x3B, 0x08, 0x05, 0x4B, 0x8C,
    0x80, 0x15, 0xD0, 0xCE, 0xA0, 0x8A, 0x93, 0xB0, 0x4D, 0xF3, 0x1A, 0x2D, 0xBE, 0xE0, 0x25, 0x00,
    0xE3, 0x01, 0xA6, 0x3F, 0xB3, 0x49, 0x29, 0x48, 0x91, 0xA7, 0x7F, 0x79, 0xF5, 0xF0, 0xCD, 0x54,
    0x97, 0x8B, 0x03, 0xC0, 0x33, 0xB5, 0x0F, 0x9F, 0x2D, 0x2F, 0xC9, 0x4B, 0xB3, 0xD3, 0xC9, 0xA0,
    0x03, 0xD6, 0x2F, 0xF8, 0x1A, 0x0E, 0xDB, 0x5B, 0x8A, 0x15, 0xE5, 0xE5, 0xF1, 0xD2, 0xFA, 0x4B,
    0x49, 0x3F, 0x15, 0x9F, 0x3F, 0x10, 0x94, 0xEC, 0x3F, 0x58, 0x44, 0x74, 0x15, 0xBE, 0x03, 0xF0,
    0x71, 0x1E, 0xB4, 0x39, 0xED, 0xE1, 0x47, 0xB5, 0x37, 0xD5, 0xBA, 0x6A, 0x6F, 0xF7, 0xA0, 0xE2,
    0x94, 0xFA, 0x13, 0x62, 0x47, 0x77, 0x4C, 0x79, 0x38, 0x7D, 0x53, 0xB4, 0xEC, 0xCA, 0x12, 0x43,
    0x16, 0x6D, 0xC9, 0x33, 0x3E, 0x00, 0x30, 0x31, 0xCD, 0x96, 0x42, 0x0E, 0x45, 0xE9, 0x52, 0xBB,
    0x14, 0x7B, 0x15, 0x50, 0x82, 0x1B, 0xF7, 0xBE, 0x8E, 0xD5, 0x1D, 0x7E, 0xB7, 0xE2, 0xAE, 0x2E,
    0x7E, 0x0B, 0xD9, 0x92, 0xCD, 0xF8, 0x8D, 0x90, 0xB1, 0x46, 0x5A, 0xD4, 0x98, 0xD7, 0x93, 0xCB,
    0x60, 0x69, 0x59, 0xB7, 0x36, 0xDE, 0x7D, 0x69, 0xD3, 0x68, 0xDC, 0x60, 0xA7, 0x2B, 0xF4, 0xBF,
    0xE9, 0xD6, 0x84, 0x4B, 0xAF, 0x3F, 0x25, 0xD3, 0x3C, 0x1D, 0xF0, 0x04, 0x3E, 0x33, 0x15, 0x42,
    0xC2, 0xC0, 0xDE, 0x61, 0x8A, 0xD3, 0xBF, 0xFD, 0x65, 0x00, 0x00, 0xCC, 0x99, 0x2D, 0x8C, 0x26,
    0x47, 0x7A, 0xC7, 0xFB, 0xC3, 0xDA, 0x96, 0xD2, 0x51, 0xCA, 0x24, 0x01, 0x5E, 0xD0, 0x24, 0xE8,
    0x12, 0xA9, 0x68, 0x02, 0xA2, 0x6A, 0xDB, 0xC0, 0x20, 0xC0, 0x24, 0x52, 0xE8, 0x61, 0x13, 0x73,
    0x70, 0x57, 0x7D, 0xBB, 0x20, 0xD0, 0xE6, 0x24, 0x07, 0x0C, 0x72, 0x63, 0xB0, 0x24, 0x20, 0xC0,
    0x97, 0xEA, 0xF5, 0x46, 0x5A, 0x60, 0xE0, 0xBE, 0x2C, 0x38, 0x10, 0xE0, 0x8A, 0x6F, 0xA5, 0xD3,
    0xED, 0x82, 0x29, 0xC7, 0x7D, 0xDA, 0xF2, 0x4E, 0x77, 0x3D, 0xF9, 0xFF, 0xAB, 0x7B, 0x7A, 0xE6,
    0xD5, 0x8C, 0x7D, 0xB2, 0x4E, 0xA7, 0xF5, 0x80, 0x9F, 0xC7, 0xFB, 0xD6, 0x5B, 0xCF, 0x53, 0xCF,
    0x77, 0xD5, 0x14, 0x45, 0x59, 0xE0, 0x47, 0x17, 0xF8, 0x45, 0x7A, 0x50, 0x06, 0xC0, 0x8E, 0x80,
    0x9E, 0x00, 0x15, 0x80, 0x66, 0x00, 0xF8, 0x23, 0x22, 0xCB, 0x81, 0x58, 0xCA, 0xB3, 0xB3, 0x8F,
    0x2A, 0xC1, 0xBF, 0x67, 0xD4, 0x57, 0x48, 0x40, 0x43, 0xB4, 0x22, 0x32, 0x12, 0x83, 0xCA, 0x48,
    0x67, 0x67, 0xBD, 0x8A, 0xF8, 0xA0, 0x23, 0xF4, 0x4C, 0x04, 0xC0, 0x5C, 0xE1, 0xE5, 0xD9, 0x59,
    0x61, 0x45, 0x12, 0xB1, 0x16, 0x8E, 0xC2, 0x8A, 0x36, 0x75, 0x4B, 0xA1, 0x56, 0x1D, 0x0B, 0xB5,
    0x98, 0xB9, 0xE8, 0x76, 0x70, 0x7D, 0xF1, 0x4A, 0x55, 0xE3, 0x6F, 0x33, 0x7F, 0x0B, 0x85, 0x10,
    0x67, 0xF2, 0xF2, 0xE7, 0x45, 0xE1, 0x68, 0x3E, 0x39, 0x41, 0x29, 0x03, 0x71, 0x3E, 0x43, 0x21,
    0x91, 0xA2, 0x06, 0xFA, 0x5A, 0x2E, 0x64, 0x84, 0x56, 0x32, 0x36, 0xE9, 0x12, 0xED, 0x4A, 0x2C,
    0x80, 0x5A, 0xF0, 0x1D, 0x02, 0x5A, 0x55, 0xD2, 0x77, 0xB1, 0x16, 0x68, 0xB5, 0x63, 0x3F, 0x44,
    0xF3, 0xCE, 0x0A, 0x2D, 0xFF, 0x07, 0x30, 0x34, 0x53, 0x27, 0x33, 0xCF, 0xE5, 0x77, 0x5F, 0xEE,
    0x3F, 0xF1, 0xB0, 0x42, 0x3E, 0xF6, 0x02, 0x74, 0xF9, 0x38, 0x13, 0xD0, 0xEE, 0xEB, 0x36, 0xF5,
    0x89, 0x12, 0xF0, 0x15, 0xEC, 0xF7, 0xE1, 0xED, 0xA6, 0x23, 0xD6, 0xCB, 0x8D, 0xD4, 0x29, 0xBA,
    0x48, 0x64, 0xD3, 0x11, 0x26, 0x9C, 0xC2, 0x03, 0x96, 0x70, 0x13, 0x31, 0x66, 0xC1, 0x2E, 0x66,
    0x5F, 0x0C, 0x38, 0x82, 0x78, 0x6A, 0x30, 0x57, 0x32, 0xEA, 0xD8, 0x08, 0xB6, 0x54, 0x6B, 0xA1,
    0x9E, 0xE6, 0x9D, 0x35, 0x61, 0x22, 0x91, 0xCE, 0x00, 0x11, 0x6C, 0xB5, 0x21, 0xED, 0x9B, 0x1E,
    0xA0, 0xA0, 0xBF, 0xA7, 0x48, 0xEE, 0x53, 0xC9, 0xD0, 0x89, 0x08, 0x45, 0x2C, 0xB4, 0x3D, 0x14,
    0xD1, 0x89, 0x87, 0x7E, 0x1F, 0x6C, 0xE8, 0x3D, 0x9D, 0x9D, 0x49, 0xC8, 0xD4, 0xCC, 0x74, 0xD4,
    0x54, 0xD1, 0x7C, 0xF8, 0x26, 0x31, 0xD1, 0x9A, 0xFC, 0x86, 0xC8, 0x37, 0xD0, 0x96, 0x9A, 0x76,
    0x82, 0x7F, 0x2D, 0x1D, 0xF7, 0xAA, 0x88, 0xC2, 0x12, 0x66, 0x43, 0xD3, 0xE3, 0x7F, 0x3B, 0x5F,
    0xCA, 0x64, 0xE5, 0x5C, 0x46, 0xB3, 0x0B, 0x8F, 0x90, 0x28, 0xC3, 0x16, 0xA7, 0x25, 0x10, 0x37,
    0x20, 0x60, 0x3E, 0xBA, 0x3D, 0x56, 0x08, 0xEA, 0xF1, 0x1D, 0x11, 0xFC, 0x2D, 0x6E, 0x78, 0xCF,
    0xA5, 0x5F, 0x6C, 0x07, 0xCA, 0x90, 0xDB, 0x52, 0x88, 0x38, 0x4D, 0xA1, 0x57, 0xA7, 0x5A, 0xC3,
    0x5F, 0xB3, 0x7F, 0x14, 0xF1, 0x67, 0x67, 0x6E, 0x8F, 0x25, 0xE2, 0x7B, 0xC4, 0x92, 0x5C, 0x61,
    0xF8, 0x1B, 0x38, 0xA0, 0x37, 0x81, 0xE9, 0x12, 0x5B, 0x81, 0xC7, 0xDC, 0xCA, 0xDD, 0x23, 0x43,
    0x60, 0x82, 0x2B, 0xE0, 0xCA, 0xFD, 0xD7, 0x5A, 0x64, 0x3C, 0x98, 0xC8, 0x26, 0xBA, 0x01, 0x9C,
    0x05, 0x6C, 0x03, 0xCF, 0xA9, 0x82, 0x14, 0xE0, 0x57, 0x99, 0xFF, 0x4B, 0x5F, 0x76, 0x5F, 0x0A,
    0x3E, 0xE8, 0x9E, 0xF0, 0x6B, 0xFA, 0x11, 0x37, 0x32, 0x8F, 0x16, 0x28, 0x65, 0xFE, 0x65, 0xD1,
    0xBE, 0xB0, 0xEF, 0xF0, 0x77, 0xD7, 0x46, 0x50, 0xC0, 0xA9, 0x4C, 0x6A, 0xB6, 0x53, 0xBD, 0xA8,
    0xE0, 0x10, 0x93, 0xEA, 0x82, 0xBA, 0x75, 0x92, 0x0A, 0x33, 0x6A, 0xEC, 0xF6, 0x93, 0x42, 0x53,
    0x96, 0xBB, 0x47, 0xD3, 0xC9, 0x5B, 0x99, 0x6F, 0xAF, 0x64, 0x0D, 0x96, 0x52, 0x2F, 0x64, 0x03,
    0x56, 0x89, 0xAC, 0xD7, 0x36, 0x92, 0x8A, 0x5C, 0x94, 0x78, 0x9A, 0x50, 0x16, 0x72, 0x0B, 0x36,
    0xEC, 0xAF, 0x92, 0xF3, 0x32, 0xA8, 0xD9, 0x78, 0x37, 0xA8, 0x60, 0x26, 0x37, 0x74, 0xC1, 0x8C,
    0x02, 0xDA, 0x51, 0x7A, 0xED, 0xED, 0x43, 0xD2, 0xDD, 0x97, 0x02, 0x9F, 0xC9, 0x0A, 0x4D, 0x68,
    0x1D, 0x12, 0xEA, 0x8F, 0x50, 0xED, 0x4F, 0x5E, 0xDA, 0x88, 0xDB, 0x4B, 0x5B, 0xF1, 0x1A, 0x51,
    0x74, 0x3D, 0x49, 0x4F, 0x53, 0x2E, 0x29, 0xFD, 0x65, 0x94, 0x15, 0xCD, 0x42, 0x96, 0x57, 0xF1,
    0x6B, 0x3D, 0xB5, 0xB1, 0x13, 0xD5, 0x71, 0x13, 0xF7, 0xC9, 0x22, 0xB3, 0x38, 0x52, 0xCF, 0xD4,
    0xD4, 0x04, 0xD2, 0x4D, 0x8C, 0x5F, 0x2C, 0xAF, 0x05, 0xFF, 0x05, 0x61, 0x00, 0x32, 0x64, 0x46,
    0x86, 0xE4, 0x83, 0x85, 0x51, 0xDC, 0xAC, 0xE0, 0x42, 0x89, 0x6A, 0xA9, 0xE5, 0x20, 0xB5, 0x46,
    0x6C, 0x52, 0x14, 0xB6, 0x95, 0xA7, 0xEC, 0x14, 0x32, 0x33, 0x32, 0x6D, 0x20, 0xBB, 0x2B, 0xB5,
    0xDA, 0x91, 0xB4, 0xE4, 0x7E, 0x94, 0xED, 0x43, 0x35, 0x93, 0x75, 0x24, 0x4B, 0x7F, 0x2C, 0x97,
    0x91, 0x9B, 0xCA, 0x50, 0x4B, 0x0F, 0x22, 0x72, 0x59, 0xFF, 0xC9, 0xC2, 0x08, 0xD3, 0xCD, 0x26,
    0xA6, 0x9A, 0x90, 0x95, 0xAC, 0xB0, 0x45, 0x43, 0xAE, 0xEA, 0x05, 0xBC, 0xBF, 0xE8, 0xDF, 0x2E,
    0xD0, 0xD6, 0x7C, 0x06, 0x46, 0x79, 0x17, 0x99, 0xFE, 0xFB, 0x04, 0x31, 0xF8, 0xAC, 0x03, 0x65,
    0xD6, 0x50, 0x4C, 0x02, 0xA8, 0x65, 0x34, 0x64, 0xCF, 0x80, 0x15, 0x36, 0x02, 0xB3, 0x14, 0x16,
    0x8C, 0xB4, 0xB3, 0x0D, 0x99, 0xD3, 0xE6, 0xE1, 0x1E, 0xBE, 0xB8, 0x3B, 0x76, 0x03, 0x42, 0x03,
    0xEB, 0xBA, 0xD1, 0x8C, 0x85, 0x7A, 0x09, 0xE5, 0x5A, 0x49, 0x34, 0x16, 0xF5, 0x77, 0x1F, 0x02,
    0x5B, 0x62, 0xB6, 0x49, 0xB3, 0xB6, 0x20, 0x6D, 0x11, 0xE5, 0x0B, 0xFE, 0x05, 0xB0, 0x3E, 0x7B,
    0xBE, 0x59, 0x71, 0x94, 0x3A, 0xD5, 0x8C, 0x10, 0x98, 0xB5, 0x12, 0x7C, 0x54, 0xCA, 0xBB, 0x30,
    0x83, 0xBC, 0x1F, 0x00, 0xE6, 0xB1, 0xA3, 0x48, 0x23, 0x3D, 0xC1, 0xC4, 0x5F, 0x8F, 0x3A, 0x70,
    0x99, 0xF3, 0x3F, 0xE2, 0x0A, 0x2B, 0x3D, 0x90, 0x28, 0xFA, 0x69, 0x41, 0xE6, 0x82, 0xED, 0xC6,
    0xEC, 0xF4, 0x53, 0x26, 0xBA, 0xBB, 0x49, 0x74, 0x37, 0xB4, 0x20, 0x17, 0x1A, 0x50, 0x5D, 0x67,
    0x64, 0xCD, 0xEA, 0xC0, 0x95, 0xDE, 0x6C, 0xC1, 0xC0, 0x8F, 0xCC, 0x75, 0x7A, 0x2E, 0xB0, 0x1B,
    0x27, 0x2E, 0x73, 0x13, 0x3B, 0x91, 0x8C, 0x6C, 0x45, 0x27, 0x64, 0xD1, 0x88, 0xD9, 0xC3, 0x1B,
    0xE7, 0xCC, 0x40, 0x76, 0x24, 0xAD, 0x16, 0xC0, 0x36, 0x53, 0x65, 0x76, 0x99, 0x46, 0x66, 0xD0,
    0x7E, 0x41, 0xCA, 0xE7, 0x91, 0xFC, 0x00, 0xA4, 0xA5, 0xF8, 0x25, 0xB2, 0x59, 0x5B, 0x50, 0x2D,
    0x64, 0x17, 0x49, 0x13, 0xDA, 0x15, 0x7C, 0xF9, 0x00, 0x74, 0x22, 0xA0, 0x88, 0xF0, 0xD4, 0x64,
    0x36, 0x36, 0x4E, 0x47, 0x62, 0xD9, 0x71, 0x64, 0x1D, 0x49, 0x13, 0x68, 0x10, 0xE6, 0xF9, 0xC2,
    0xAF, 0xC6, 0x0D, 0x9C, 0x9C, 0x36, 0xD7, 0xDF, 0x5A, 0xEB, 0xF1, 0x61, 0xCE, 0x70, 0x62, 0x6A,
    0x80, 0x00, 0xB3, 0xD9, 0x99, 0x56, 0xA3, 0xC7, 0x3B, 0x42, 0x13, 0x66, 0xEE, 0x22, 0x44, 0x00,
    0x2E, 0xE8, 0xF4, 0x40, 0x26, 0xC3, 0xAF, 0x01, 0x6B, 0x01, 0x4C, 0xD4, 0x33, 0x12, 0x32, 0x94,
    0x00, 0x3C, 0xF8, 0x5C, 0x02, 0x03, 0x3C, 0x50, 0xB3, 0x1D, 0x09, 0xE0, 0xF6, 0x9E, 0xC1, 0x93,
    0x87, 0x35, 0x16, 0xF1, 0x99, 0x40, 0x74, 0x63, 0xD3, 0x2D, 0x09, 0xBB, 0x99, 0xF9, 0x1D, 0x00,
    0xB3, 0xA1, 0x04, 0x7C, 0x2D, 0x83, 0x7D, 0xE9, 0xE4, 0x18, 0xD6, 0x66, 0x20, 0xF5, 0xAF, 0x70,
    0xD2, 0xE1, 0x80, 0x93, 0x39, 0x1D, 0x7C, 0x96, 0xC3, 0x79, 0x24, 0xDD, 0x90, 0xD9, 0xD3, 0xE0,
    0xF2, 0x66, 0x26, 0x12, 0x06, 0xAC, 0x24, 0xF7, 0x00, 0xB0, 0x4A, 0x64, 0xBD, 0xD6, 0x09, 0x5C,
    0x1A, 0xB0, 0x59, 0xA8, 0xA1, 0x8A, 0x2D, 0x39, 0x53, 0x51, 0x1D, 0x14, 0x68, 0x26, 0x52, 0x46,
    0xC4, 0x60, 0x2B, 0xCF, 0x5C, 0xEA, 0x3B, 0xA1, 0xA5, 0x35, 0xD9, 0x1B, 0x92, 0x59, 0x5F, 0x66,
    0xD2, 0xE8, 0x23, 0xF6, 0x26, 0xB1, 0xB3, 0x03, 0xD7, 0xE2, 0x2F, 0x21, 0xF3, 0x9F, 0x5E, 0xDD,
    0xC0, 0x6F, 0x46, 0xF7, 0x66, 0x02, 0xD1, 0x06, 0xC9, 0x7A, 0x21, 0x1B, 0xC4, 0xD3, 0x43, 0x41,
    0x42, 0x99, 0x4F, 0x13, 0x12, 0xCA, 0xFC, 0x77, 0xEA, 0x7C, 0xA1, 0x9F, 0xAC, 0x66, 0x02, 0x17,
    0x33, 0x92, 0x76, 0x28, 0x28, 0x98, 0x7A, 0x31, 0x9B, 0x74, 0xDE, 0xCD, 0x9E, 0xB3, 0x58, 0xC9,
    0xBB, 0x81, 0x85, 0x54, 0x81, 0x55, 0xEA, 0xC0, 0x7A, 0xED, 0xBC, 0xB0, 0x6C, 0x82, 0x6C, 0xD2,
    0x02, 0x13, 0x92, 0x6C, 0x94, 0xAC, 0x8D, 0x96, 0x9C, 0x48, 0x0C, 0x7B, 0x18, 0x18, 0x3A, 0xA6,
    0xB8, 0xDB, 0x03, 0x27, 0xC2, 0x55, 0x7A, 0x29, 0xFE, 0xF6, 0x7A, 0x60, 0x1C, 0x47, 0xB4, 0xB4,
    0x2D, 0xBE, 0x56, 0x51, 0x87, 0x9A, 0xC2, 0xAB, 0x07, 0x32, 0x5E, 0x86, 0x83, 0xF5, 0x19, 0x25,
    0xD1, 0x0C, 0x85, 0x4C, 0x1D, 0x47, 0xDE, 0x9C, 0x1E, 0x9A, 0x76, 0xC8, 0x53, 0x29, 0xE7, 0xD3,
    0x1F, 0x60, 0x3B, 0x78, 0xAD, 0xE8, 0xC1, 0x4F, 0x4A, 0xD6, 0xA5, 0xA5, 0xE2, 0x74, 0xB2, 0xD4,
    0x3C, 0xBB, 0x3C, 0x98, 0x41, 0xB7, 0xD7, 0xB1, 0x11, 0x6C, 0xBF, 0xF9, 0xC1, 0x36, 0xB5, 0x1F,
    0xDC, 0xA8, 0x60, 0xE8, 0x71, 0x32, 0x5C, 0xD2, 0x3E, 0xCB, 0x1C, 0x19, 0x2B, 0x6E, 0x23, 0x55,
    0x29, 0x24, 0x93, 0x0A, 0xD1, 0x7C, 0x07, 0x2B, 0xA1, 0x80, 0x3A, 0x65, 0x15, 0x57, 0xB2, 0xC9,
    0xE2, 0xDB, 0x4C, 0x35, 0x93, 0x5D, 0x60, 0x86, 0x1A, 0x4F, 0x45, 0x2D, 0xCF, 0xFB, 0x86, 0x0C,
    0x2C, 0xD6, 0x52, 0x80, 0x26, 0x66, 0x0E, 0x39, 0x4F, 0x2D, 0x6B, 0x76, 0x61, 0x97, 0x52, 0x60,
    0x35, 0xEC, 0xE0, 0xC1, 0x06, 0x94, 0x55, 0x09, 0x2C, 0x98, 0x3A, 0x30, 0x89, 0x71, 0x63, 0x99,
    0x9C, 0xB3, 0x63, 0xB5, 0xDA, 0x94, 0xB9, 0xB8, 0xA1, 0x5E, 0x4C, 0x94, 0x1E, 0x0C, 0xA4, 0xDE,
    0xF2, 0xEB, 0x21, 0xF3, 0xAB, 0xBB, 0x47, 0xAA, 0x2A, 0x41, 0x9D, 0xBF, 0x40, 0x85, 0x51, 0xE1,
    0xCF, 0x33, 0x51, 0xC9, 0x68, 0x84, 0xE6, 0x92, 0xDA, 0x63, 0x19, 0xDD, 0xA7, 0x36, 0xCE, 0x7F,
    0x64, 0x7F, 0xA7, 0x93, 0x9A, 0x83, 0xE8, 0xEF, 0x72, 0xE6, 0xBE, 0xA3, 0xBF, 0xE7, 0xCE, 0xAE,
    0x33, 0x73, 0x33, 0x39, 0xA5, 0xDF, 0x87, 0xDD, 0xA7, 0xAC, 0x06, 0x29, 0x77, 0xDC, 0xB1, 0x92,
    0x0B, 0xF1, 0x08, 0x6D, 0x1B, 0x14, 0x07, 0x88, 0x8E, 0x4D, 0x50, 0x47, 0xC0, 0xCC, 0x44, 0x00,
    0xE0, 0x6A, 0x1D, 0x21, 0xD5, 0x44, 0x87, 0xE0, 0x9C, 0x33, 0x64, 0x42, 0x04, 0x64, 0x40, 0x94,
    0xF3, 0x80, 0xC0, 0xCF, 0x95, 0x0C, 0x66, 0x6E, 0xA4, 0xD0, 0xC7, 0x85, 0xA5, 0x3E, 0x2E, 0x2C,
    0x94, 0x26, 0x3D, 0xC9, 0xB3, 0x6F, 0x7C, 0xF6, 0x80, 0xA4, 0x05, 0x4E, 0xEC, 0x70, 0x62, 0x81,
    0xCC, 0x54, 0x74, 0x37, 0xE6, 0x1C, 0xF3, 0x47, 0xDA, 0x41, 0x64, 0x25, 0x98, 0xDE, 0xB9, 0x2A,
    0x3E, 0x97, 0x19, 0xF2, 0x35, 0xC7, 0xF9, 0x6E, 0xB9, 0x02, 0xA4, 0xEA, 0x08, 0x18, 0x4E, 0x09,
    0x2E, 0xB4, 0x82, 0x61, 0x20, 0x77, 0x07, 0x20, 0x15, 0x80, 0x3F, 0xE9, 0x0E, 0xDF, 0xD5, 0x49,
    0x89, 0x9B, 0x6F, 0x06, 0x69, 0x7F, 0x33, 0xC8, 0x47, 0x6D, 0x57, 0x00, 0x47, 0xB9, 0xD3, 0x77,
    0x0B, 0xF7, 0x8B, 0x80, 0x99, 0x0F, 0x04, 0xC0, 0x5E, 0xC1, 0x6F, 0x32, 0xFE, 0x9A, 0x1F, 0x98,
    0xE9, 0xEA, 0xCD, 0x80, 0xFA, 0x31, 0x60, 0x38, 0xA3, 0x8A, 0xCF, 0x6F, 0x06, 0x14, 0x26, 0x89,
    0x58, 0x89, 0xE5, 0xBD, 0x8F, 0xE5, 0xD9, 0xBF, 0x1D, 0x4D, 0x90, 0x38, 0x9D, 0x1A, 0x88, 0x5B,
    0xA6, 0x86, 0xEF, 0x77, 0x56, 0x19, 0x5F, 0xD9, 0x5C, 0x7D, 0xA2, 0x16, 0xD1, 0x4A, 0xE4, 0x1A,
    0x19, 0x2A, 0x0E, 0x4E, 0x0D, 0x00, 0x35, 0xDC, 0x07, 0xB1, 0x0B, 0xF2, 0x8F, 0x8B, 0xF1, 0xD2,
    0x2C, 0x66, 0x02, 0xEC, 0x43, 0xC0, 0x3D, 0x4C, 0xED, 0x82, 0x0B, 0xAD, 0x8A, 0x72, 0x7F, 0x55,
    0xB3, 0xBC, 0xBD, 0xA8, 0x00, 0x60, 0x29, 0xAF, 0xC6, 0xEE, 0x71, 0x74, 0xA3, 0xBD, 0x78, 0x99,
    0x67, 0x91, 0x74, 0x5C, 0xCC, 0x07, 0x9A, 0xE4, 0xC4, 0x2E, 0x9A, 0x6F, 0x16, 0x08, 0x21, 0xBA,
    0x51, 0x25, 0xFA, 0xAC, 0x95, 0x42, 0xA6, 0x5C, 0x8C, 0x07, 0xF0, 0x9D, 0x3C, 0x1B, 0x7D, 0xC0,
    0xF3, 0xC8, 0x79, 0x3C, 0x3A, 0x90, 0x95, 0x09, 0x34, 0x32, 0x80, 0x5A, 0xF2, 0x49, 0x32, 0x25,
    0x0F, 0xB2, 0xD7, 0x2E, 0xFC, 0xD0, 0x9F, 0xCE, 0x65, 0x82, 0x62, 0x73, 0x46, 0x88, 0x4C, 0x9A,
    0xBA, 0x0C, 0x90, 0xD9, 0x08, 0x85, 0xAB, 0x95, 0x32, 0x75, 0xE4, 0xFF, 0x1E, 0x17, 0x58, 0xE0,
    0xE4, 0x02, 0x5B, 0x5D, 0xBF, 0xC0, 0x9A, 0x90, 0xD1, 0x24, 0xA0, 0xE5, 0xF4, 0x4A, 0x70, 0x20,
    0x73, 0x84, 0x8C, 0x19, 0x5D, 0xDC, 0x31, 0xE8, 0x39, 0x37, 0x1B, 0xEC, 0x43, 0x60, 0x1E, 0xFA,
    0x58, 0x3E, 0xB2, 0x2C, 0x58, 0xC4, 0xEC, 0x80, 0xC0, 0xE8, 0xDA, 0xD1, 0x3D, 0x6D, 0x3C, 0xCE,
    0x77, 0x3E, 0xE5, 0xC4, 0x2B, 0x92, 0x93, 0xA1, 0x5C, 0xEF, 0xE4, 0xBC, 0xD6, 0x41, 0xB3, 0xB1,
    0xE8, 0x00, 0x18, 0xC0, 0x03, 0xD6, 0x1B, 0x0F, 0xB9, 0x16, 0x18, 0x73, 0xF7, 0x73, 0x19, 0x23,
    0xC1, 0xFE, 0x67, 0xB3, 0x5C, 0x71, 0x04, 0xA7, 0x6B, 0xA2, 0x74, 0xBF, 0xFD, 0x1E, 0xA1, 0xEC,
    0xEE, 0xB3, 0x1F, 0x63, 0x50, 0x23, 0xE9, 0xE6, 0x42, 0x6A, 0xF8, 0xB9, 0x94, 0x26, 0xB3, 0x8D,
    0xDA, 0x57, 0x89, 0xE3, 0x55, 0x8D, 0x15, 0x99, 0xC1, 0x8C, 0x7C, 0x09, 0xB1, 0x23, 0x57, 0x90,
    0x3A, 0xB8, 0x81, 0xEB, 0xDC, 0xA0, 0xB0, 0x4E, 0xFA, 0x6D, 0x0C, 0xE3, 0x3A, 0x0E, 0x63, 0x88,
    0x27, 0xF2, 0xD3, 0x54, 0x60, 0xC5, 0x3D, 0x12, 0xC2, 0x60, 0x26, 0x79, 0xBE, 0xE4, 0x94, 0xBC,
    0xA4, 0x05, 0xA9, 0xCF, 0x3B, 0xD1, 0xE0, 0x78, 0x4D, 0x66, 0x3B, 0x6F, 0xB4, 0x43, 0x99, 0x54,
    0xD8, 0xE8, 0xFA, 0x6A, 0xE5, 0x10, 0x08, 0x2D, 0x3D, 0xA9, 0xA7, 0xCC, 0x5F, 0x49, 0x81, 0xEF,
    0x3C, 0x4C, 0xE4, 0xA7, 0xF0, 0xF9, 0x4C, 0xAA, 0xD9, 0xDE, 0x5F, 0xA0, 0xC9, 0x46, 0xF7, 0x36,
    0x9B, 0x14, 0xE7, 0xD0, 0xCE, 0x63, 0xD3, 0x42, 0x4F, 0x99, 0xBF, 0xCA, 0xD3, 0xE8, 0x85, 0x3C,
    0x78, 0xB9, 0x95, 0x88, 0x9D, 0x16, 0x5C, 0x0B, 0xFE, 0x2C, 0x07, 0x53, 0x0F, 0xD6, 0x92, 0xB6,
    0xFA, 0x35, 0x17, 0x98, 0x63, 0x24, 0x80, 0xDE, 0x0E, 0x5B, 0xD0, 0x3A, 0x22, 0x87, 0xE6, 0xD9,
    0xE9, 0x03, 0x4B, 0xB5, 0xA1, 0x3F, 0x8A, 0x8D, 0x3C, 0x25, 0xF2, 0xB4, 0x28, 0x3D, 0x86, 0x90,
    0xED, 0x81, 0x25, 0x87, 0x99, 0x3F, 0x30, 0xA9, 0xC8, 0xF9, 0x12, 0x18, 0x19, 0x9A, 0x83, 0x4E,
    0x4E, 0xA8, 0xDE, 0x4A, 0xCC, 0x00, 0x87, 0x4C, 0x37, 0x14, 0xF4, 0x5D, 0xBF, 0x93, 0x1E, 0x64,
    0x65, 0x28, 0x0F, 0xD2, 0x83, 0x45, 0x41, 0xDF, 0x1D, 0x1C, 0x79, 0xF5, 0x87, 0xEF, 0x44, 0x86,
    0xCC, 0x09, 0x1E, 0x4C, 0x12, 0xF8, 0xE2, 0xA4, 0x03, 0x3D, 0xD8, 0x05, 0x7A, 0x90, 0xEC, 0x42,
    0xF7, 0x15, 0xA9, 0xFF, 0x8F, 0xBE, 0x33, 0x5F, 0x92, 0xEE, 0xC9, 0x4A, 0x8B, 0x3D, 0xCA, 0xBE,
    0xAB, 0xC9, 0xA5, 0xA1, 0x07, 0x3F, 0x6C, 0xE3, 0x8D, 0x7B, 0x27, 0x71, 0x5B, 0x95, 0x6D, 0x57,
    0x82, 0x76, 0xB8, 0xEC, 0x23, 0x32, 0xF0, 0x4E, 0x98, 0xB3, 0x6A, 0x62, 0x03, 0xF3, 0x9A, 0x30,
    0x61, 0x83, 0x4C, 0xC4, 0x68, 0x7D, 0x0D, 0xBC, 0x74, 0x72, 0x3C, 0x41, 0xCE, 0x44, 0xFF, 0xAD,
    0x6D, 0x65, 0xD9, 0x3A, 0xE8, 0x4F, 0x28, 0xF0, 0x35, 0x26, 0xC4, 0xB5, 0xAC, 0x78, 0x6F, 0xBB,
    0x76, 0x03, 0x22, 0xCB, 0x8E, 0xE2, 0x5A, 0xDF, 0x09, 0x77, 0x3C, 0xEB, 0x4A, 0x16, 0x7E, 0xE3,
    0x29, 0x3A, 0xB7, 0x15, 0x8A, 0x1D, 0xEE, 0xF2, 0xD4, 0xBD, 0x13, 0xF0, 0x4D, 0xCA, 0x17, 0x56,
    0x27, 0xE6, 0x8E, 0x01, 0x99, 0x07, 0xBC, 0xB0, 0xD0, 0xF2, 0xDA, 0xC3, 0xF2, 0xAB, 0x21, 0x51,
    0x6C, 0xB3, 0xE5, 0x47, 0xB7, 0xB3, 0x05, 0x69, 0x01, 0x19, 0x68, 0x7F, 0x10, 0xF6, 0xC7, 0x76,
    0x8C, 0xD8, 0x2A, 0x91, 0x70, 0x9C, 0xF6, 0xB4, 0x36, 0x98, 0x47, 0x2C, 0x91, 0x00, 0x4F, 0x5A,
    0xF1, 0xA0, 0x96, 0x81, 0xFE, 0xCC, 0x01, 0xAB, 0x25, 0x8F, 0x94, 0xA4, 0xCA, 0xD4, 0xF2, 0x9C,
    0x1F, 0xCF, 0x25, 0xE8, 0x3C, 0x3D, 0x22, 0x53, 0x75, 0xCB, 0x30, 0x06, 0x86, 0x06, 0xE4, 0x4D,
    0xEE, 0xF2, 0xF2, 0xD5, 0x64, 0x96, 0xDB, 0x94, 0x9C, 0x14, 0xD8, 0x2D, 0x5D, 0x64, 0x3B, 0x66,
    0x0F, 0x74, 0x81, 0xCC, 0xA3, 0xFB, 0x5D, 0x19, 0x40, 0x2D, 0x05, 0x68, 0xD8, 0xDE, 0xD8, 0x74,
    0xEC, 0x84, 0xF5, 0x1C, 0xF2, 0x25, 0xB1, 0xAC, 0x8A, 0x0D, 0x4A, 0xCE, 0xC5, 0x77, 0x70, 0x9C,
    0xE7, 0x64, 0x0F, 0x9F, 0x02, 0x96, 0x8E, 0x75, 0x9E, 0x98, 0x32, 0x38, 0xB8, 0x43, 0xAB, 0xDE,
    0x4D, 0x2D, 0x10, 0x34, 0xEF, 0x18, 0x17, 0x8C, 0xFC, 0xAF, 0x61, 0x0F, 0x79, 0x94, 0x8A, 0x2A,
    0x51, 0x4F, 0xC8, 0xCC, 0x0D, 0x3E, 0x6E, 0xD9, 0xA8, 0x09, 0xCB, 0x49, 0x4B, 0xA6, 0xEB, 0x81,
    0xD7, 0xAC, 0x9D, 0x47, 0x08, 0xC8, 0xCA, 0xA7, 0x2F, 0x6E, 0x20, 0x32, 0x6A, 0xBE, 0x48, 0x98,
    0x79, 0xD3, 0xC0, 0x4E, 0x36, 0x23, 0x97, 0xDA, 0x69, 0x2F, 0xB5, 0x1B, 0x8C, 0xCF, 0x85, 0xBD,
    0xCD, 0x23, 0xDD, 0xB2, 0x3D, 0x5F, 0xD0, 0xBB, 0xC7, 0x1B, 0x34, 0xA3, 0x40, 0x68, 0xB9, 0xFD,
    0x51, 0x65, 0x6C, 0xD3, 0xD1, 0x23, 0x60, 0xF0, 0x5E, 0x87, 0xF7, 0xB7, 0x17, 0x13, 0x02, 0x99,
    0xF2, 0xCD, 0x3F, 0xA7, 0x82, 0x9B, 0xEE, 0x6D, 0x86, 0xC3, 0x62, 0x77, 0xDB, 0xB0, 0x78, 0x87,
    0x3B, 0x5B, 0x59, 0x2F, 0x5F, 0x65, 0xCF, 0xE1, 0xBB, 0xC8, 0x7A, 0xF2, 0x7A, 0x4E, 0xB0, 0x46,
    0x7A, 0x9C, 0x5E, 0xF8, 0x29, 0xBF, 0xCB, 0x18, 0x90, 0xDF, 0xED, 0x43, 0x92, 0x9D, 0x08, 0x5F,
    0xE1, 0x4C, 0xC9, 0x2D, 0x9B, 0x5C, 0xB5, 0xFD, 0xCD, 0x23, 0xEF, 0xFC, 0x0B, 0xA0, 0xDB, 0xAE,
    0xD7, 0xEB, 0xFE, 0xB7, 0x98, 0xD7, 0xDB, 0x5C, 0xA9, 0x88, 0x6C, 0x3C, 0xBA, 0xEF, 0x6E, 0x04,
    0xE0, 0x37, 0x4F, 0xBF, 0xF9, 0x76, 0xF3, 0x5B, 0x99, 0xFD, 0x06, 0x30, 0x27, 0x2C, 0x71, 0xCD,
    0x6F, 0x63, 0xF6, 0x5B, 0x25, 0xDB, 0xAD, 0x0C, 0xBE, 0xCE, 0xC2, 0x23, 0x2D, 0xEE, 0x19, 0x48,
    0xFD, 0x3E, 0x99, 0x94, 0xE0, 0x61, 0xB5, 0x21, 0x3F, 0x36, 0xB7, 0xB2, 0xB5, 0x57, 0xCB, 0xF4,
    0x67, 0x3C, 0x35, 0xFB, 0x70, 0x01, 0xCC, 0xFB, 0xD9, 0xFC, 0x36, 0x56, 0xFC, 0x03, 0x92, 0xB3,
    0xBC, 0x99, 0x8B, 0xEF, 0x27, 0x6C, 0x1C, 0xAB, 0xB5, 0x5A, 0xF8, 0xE2, 0xAE, 0x96, 0x0A, 0xDD,
    0x0C, 0x0B, 0xDD, 0xFD, 0xC5, 0xE0, 0xD6, 0xF6, 0x28, 0x3A, 0x88, 0x7C, 0x1C, 0x13, 0xF8, 0xD9,
    0xCC, 0x63, 0x9F, 0x0B, 0xC9, 0xEF, 0xEF, 0xB4, 0x1B, 0xBB, 0xDF, 0xB0, 0x0B, 0x75, 0x4F, 0xC0,
    0xA4, 0xC1, 0xBB, 0x2B, 0xDE, 0x2B, 0x06, 0xB3, 0x98, 0x4F, 0x19, 0xE0, 0x66, 0x04, 0x07, 0x3B,
    0x68, 0x3E, 0x2A, 0x44, 0x9E, 0x82, 0xD9, 0x24, 0x32, 0x95, 0xBC, 0x46, 0xA0, 0xCA, 0xD8, 0x00,
    0x0F, 0x65, 0x55, 0x1D, 0x93, 0xF0, 0x78, 0x45, 0xA0, 0xB4, 0xEA, 0x63, 0xE9, 0xB7, 0xFB, 0x34,
    0xD1, 0x4E, 0x95, 0x0C, 0x5A, 0xDC, 0x8D, 0x67, 0x83, 0x3C, 0xDA, 0xB7, 0x0B, 0xA0, 0x00, 0x0F,
    0x58, 0xAF, 0x62, 0x61, 0x73, 0x51, 0x1C, 0xF5, 0xCD, 0xD7, 0xB2, 0x21, 0x47, 0x29, 0x2B, 0x23,
    0xD0, 0xD2, 0xF2, 0x4C, 0xC3, 0x2D, 0x63, 0x5E, 0x24, 0x98, 0xFF, 0x31, 0x33, 0xA6, 0x5D, 0xF7,
    0xF7, 0xE0, 0x96, 0xEF, 0xC1, 0x7A, 0xD4, 0xA7, 0xEF, 0xC1, 0x42, 0x25, 0x97, 0xAB, 0xF7, 0xE0,
    0x3F, 0xA1, 0x1A, 0xDB, 0xC3, 0x60, 0x82, 0xC7, 0xF7, 0x3F, 0x2A, 0xE0, 0x1B, 0x8A, 0xF7, 0x8C,
    0x3C, 0xF9, 0xAB, 0x88, 0xBD, 0xBB, 0x84, 0xB8, 0xEA, 0x68, 0x3E, 0x4D, 0x18, 0xC9, 0x97, 0x17,
    0xEB, 0x81, 0x3C, 0x16, 0xE9, 0x99, 0x8A, 0xB0, 0x42, 0x28, 0xE1, 0x14, 0x4D, 0xB0, 0xD7, 0xE5,
    0x88, 0x2A, 0x4A, 0xB0, 0xDF, 0x59, 0xC9, 0xC7, 0x3C, 0xDA, 0xFE, 0xF6, 0xB6, 0x73, 0x7B, 0x7B,
    0xCB, 0xA4, 0x59, 0xDA, 0x98, 0xDF, 0x65, 0x67, 0x05, 0x76, 0x81, 0xC4, 0xA1, 0x39, 0x2D, 0xB3,
    0xF7, 0xBE, 0xC1, 0x4C, 0x66, 0x61, 0xD3, 0xB9, 0xB0, 0x19, 0x70, 0x22, 0x39, 0xB2, 0x27, 0x6A,
    0x8E, 0x4D, 0x87, 0x6E, 0x6D, 0x60, 0x84, 0xA5, 0x95, 0xC9, 0x01, 0x5E, 0x16, 0x75, 0xF1, 0xF5,
    0x45, 0x54, 0x2F, 0x2E, 0x5E, 0x44, 0xF5, 0xB5, 0xFC, 0x7A, 0xEE, 0x7E, 0x23, 0x9F, 0x85, 0xEE,
    0x4B, 0x51, 0x41, 0x4F, 0x89, 0x2D, 0x61, 0x51, 0xDE, 0x8C, 0xFF, 0xDE, 0x01, 0x3F, 0xD6, 0x93,
    0x1D, 0x8A, 0x0C, 0x33, 0xBA, 0x1E, 0x28, 0x69, 0x8E, 0x8A, 0x80, 0x8C, 0x0D, 0x11, 0xE8, 0xE6,
    0x26, 0x6D, 0xD0, 0x81, 0xD7, 0x60, 0x80, 0x33, 0x3C, 0xE0, 0x89, 0xDD, 0x39, 0xF1, 0x86, 0x73,
    0x86, 0xDD, 0x39, 0xD8, 0x16, 0x65, 0x05, 0xDE, 0xB5, 0x5B, 0xD2, 0x48, 0xD1, 0x00, 0x83, 0x5A,
    0xB9, 0x98, 0xDF, 0x35, 0x61, 0x87, 0x67, 0x29, 0xF4, 0x0E, 0x98, 0xB6, 0x8B, 0xED, 0x86, 0x8A,
    0x5B, 0xE5, 0xDB, 0xAD, 0xDC, 0x28, 0x58, 0x25, 0xFF, 0xF0, 0x55, 0xC9, 0xBB, 0xBC, 0x50, 0x6B,
    0x09, 0xB5, 0xFC, 0x94, 0xF0, 0x26, 0x8F, 0x2D, 0x33, 0xBF, 0xB4, 0x2B, 0xBE, 0xD2, 0xB6, 0xA7,
    0x51, 0x45, 0x9D, 0xAF, 0x45, 0x95, 0x39, 0x55, 0x9C, 0x4A, 0x00, 0x8F, 0xD8, 0xE8, 0x3F, 0x87,
    0xE6, 0x72, 0xEE, 0xA0, 0x71, 0x54, 0xA9, 0x14, 0xDF, 0x00, 0x63, 0x7E, 0x37, 0x69, 0xE8, 0xE0,
    0x8C, 0x36, 0xC1, 0xBD, 0x6A, 0xCD, 0xE1, 0x04, 0xE8, 0x85, 0xA1, 0x38, 0x2B, 0xB9, 0x80, 0xAD,
    0x56, 0x61, 0x6D, 0x76, 0x34, 0x28, 0xE4, 0x75, 0xF3, 0x1F, 0xBA, 0xCA, 0x1D, 0x15, 0x7E, 0xBB,
    0x29, 0xF3, 0xBC, 0xB9, 0x56, 0xE5, 0xA7, 0x97, 0xBF, 0xFB, 0xF6, 0xBF, 0x6F, 0xB2, 0x4C, 0x11,
    0x97, 0xD7, 0x69, 0x1A, 0x2C, 0xF7, 0xA8, 0xEA, 0x30, 0x58, 0xB5, 0xEA, 0x21, 0x61, 0x72, 0x95,
    0x5F, 0xF3, 0xFE, 0xC7, 0xFA, 0x5E, 0x8B, 0x5D, 0x65, 0xC8, 0x53, 0xF5, 0xD0, 0xC4, 0xCE, 0xDB,
    0xA1, 0x9D, 0xF5, 0xE4, 0xFA, 0x36, 0xE8, 0xD1, 0xED, 0xF3, 0xF4, 0x4E, 0x6F, 0xF0, 0x5D, 0xAC,
    0xF8, 0x59, 0x2A, 0xB0, 0xE2, 0xAD, 0xB5, 0xC0, 0x8A, 0x6A, 0x7F, 0x6B, 0x3D, 0x21, 0x56, 0x34,
    0xBC, 0x10, 0x31, 0xA0, 0x4E, 0x62, 0x29, 0xD6, 0x47, 0x2C, 0x9D, 0x26, 0x7A, 0x06, 0x63, 0xE9,
    0x98, 0x3E, 0x2B, 0xDA, 0xAC, 0x01, 0xE4, 0x97, 0x3C, 0xFC, 0x42, 0x4D, 0xBF, 0xE2, 0x4B, 0xC6,
    0xBD, 0xEB, 0x13, 0x5D, 0xCB, 0x0B, 0xBB, 0x4E, 0xDB, 0xDF, 0x21, 0x3C, 0x63, 0x64, 0x80, 0xDC,
    0x58, 0xF0, 0xE7, 0x8D, 0x9F, 0x03, 0xF9, 0xCD, 0x8D, 0x68, 0x09, 0x15, 0x8A, 0x1D, 0x9D, 0x27,
    0x60, 0x95, 0x9F, 0xEA, 0x27, 0xA1, 0x12, 0xFB, 0xC5, 0x42, 0x2B, 0xAF, 0x2D, 0xA1, 0x66, 0xFB,
    0x68, 0x85, 0x3D, 0xDE, 0x5A, 0xF5, 0x04, 0x20, 0x3F, 0x6A, 0x00, 0x07, 0xCB, 0xB0, 0x63, 0x6A,
    0x16, 0xFB, 0xB3, 0xB5, 0x89, 0xC0, 0xE5, 0x52, 0x11, 0xE7, 0x01, 0x19, 0xCD, 0x0B, 0x58, 0x53,
    0x3D, 0x8E, 0xBF, 0x84, 0x44, 0xBA, 0x88, 0xA8, 0x14, 0xE5, 0x9F, 0x03, 0x1D, 0xFD, 0xDA, 0x6C,
    0xAF, 0xBA, 0xD9, 0xCF, 0x4B, 0x99, 0x67, 0x1E, 0x36, 0x56, 0x61, 0x18, 0x43, 0x89, 0x7F, 0xE5,
    0x50, 0x6E, 0xFE, 0x03, 0xD3, 0x5A, 0x60, 0xE5, 0x2F, 0x30, 0x08, 0xFC, 0xA8, 0xDF, 0xA3, 0x83,
    0x5D, 0xF6, 0xA0, 0xC3, 0x36, 0x7F, 0xD5, 0xCB, 0xF8, 0x3A, 0xAD, 0x3E, 0x7E, 0x82, 0x17, 0xEE,
    0xF3, 0xC7, 0x52, 0x18, 0x6C, 0xB0, 0x82, 0x4A, 0x58, 0xCF, 0x14, 0x64, 0x35, 0x73, 0x05, 0xCF,
    0xAB, 0xED, 0xEE, 0x48, 0xCC, 0xBC, 0x40, 0x86, 0x72, 0xBB, 0x3B, 0x12, 0xFB, 0x5C, 0x60, 0x3D,
    0x31, 0xD5, 0xAC, 0x91, 0x0D, 0x00, 0x3D, 0x2E, 0xA7, 0x0A, 0xBD, 0xFC, 0x58, 0x26, 0xB7, 0x46,
    0x27, 0x5F, 0xC8, 0x62, 0x91, 0x11, 0xD1, 0x40, 0xE9, 0xB9, 0x8D, 0x65, 0xBA, 0x71, 0xD1, 0x34,
    0xBC, 0x68, 0x3A, 0xD6, 0x4E, 0xB1, 0x70, 0x47, 0xBA, 0x43, 0x77, 0x1F, 0x05, 0x21, 0xCB, 0xF5,
    0xD5, 0x21, 0x0D, 0x70, 0x1B, 0x5A, 0x88, 0xE4, 0x90, 0xE6, 0x12, 0x0E, 0x60, 0x79, 0x53, 0xD3,
    0xF2, 0xF9, 0x82, 0x41, 0xEA, 0x78, 0x28, 0xBF, 0x25, 0x77, 0xB6, 0x60, 0x3D, 0x09, 0xD3, 0x4C,
    0x06, 0xF2, 0x69, 0xB0, 0xC2, 0x8D, 0xD5, 0x69, 0x98, 0x22, 0x9C, 0xEB, 0xB8, 0x07, 0x2B, 0x56,
    0xC0, 0x55, 0x0E, 0x37, 0xD2, 0x50, 0xB8, 0x2F, 0xC4, 0x82, 0x49, 0xE0, 0x32, 0xFB, 0x7B, 0xF9,
    0x3C, 0x60, 0x87, 0xFF, 0xE4, 0x34, 0x17, 0x2C, 0xEF, 0xAA, 0x0E, 0xF0, 0xAE, 0x46, 0xAE, 0x48,
    0x13, 0xF3, 0x75, 0x4E, 0x8F, 0xA9, 0x0D, 0xB8, 0x06, 0x2A, 0x60, 0x05, 0xEE, 0x61, 0x01, 0x6E,
    0x7F, 0x9D, 0xC7, 0x7A, 0x08, 0x7F, 0x3B, 0xEA, 0x31, 0xDF, 0x2D, 0x45, 0x45, 0xFB, 0x5F, 0xC2,
    0x10, 0x93, 0x17, 0x62, 0x93, 0x7B, 0x92, 0xCC, 0xAA, 0xDF, 0x8C, 0xF9, 0x7C, 0xC5, 0x27, 0xC4,
    0x52, 0x74, 0xBF, 0x2B, 0x23, 0x4C, 0x78, 0x71, 0xF9, 0x67, 0x74, 0x4E, 0xDA, 0xA9, 0x92, 0xA1,
    0xA2, 0x66, 0x98, 0x63, 0xFD, 0x36, 0x69, 0x9B, 0x73, 0x36, 0x28, 0x1C, 0xEE, 0xFF, 0xBB, 0x39,
    0x03, 0x48, 0x49, 0xAE, 0x74, 0x8F, 0x9F, 0xEE, 0xF6, 0x5E, 0x79, 0x29, 0x4F, 0x0F, 0x1E, 0x9E,
    0x78, 0x4F, 0x3F, 0x3C, 0x78, 0x93, 0x47, 0xC1, 0x03, 0x90, 0xEA, 0xB7, 0x8B, 0xC5, 0x60, 0x82,
    0x05, 0x20, 0x0B, 0x60, 0x17, 0x01, 0x80, 0xA5, 0x2A, 0x09, 0x06, 0xC1, 0x5E, 0x00, 0x60, 0x07,
    0x83, 0xB8, 0x83, 0x59, 0x40, 0x20, 0x5B, 0x9D, 0xB9, 0x18, 0x2C, 0xB4, 0x04, 0x0B, 0xD8, 0x4A,
    0xB2, 0x60, 0x82, 0xE9, 0x99, 0x14, 0xA9, 0xBD, 0x53, 0x55, 0x67, 0xBF, 0xDF, 0xFF, 0x54, 0x9F,
    0xDB, 0xDD, 0xE9, 0x6B, 0x22, 0x72, 0xE7, 0x5E, 0x5B, 0x72, 0x7F, 0xC9, 0x8C, 0x74, 0xF5, 0xA9,
    0xAF, 0xCE, 0xF9, 0xCE, 0xF7, 0x7D, 0xDF, 0xFF, 0x5C, 0xFA, 0xC1, 0x95, 0x25, 0x60, 0x04, 0x02,
    0x2A, 0x03, 0x17, 0x8D, 0x2A, 0x70, 0x7A, 0xDF, 0xA0, 0x1C, 0x33, 0x39, 0x03, 0x4F, 0x35, 0x06,
    0x85, 0xB4, 0x3C, 0xA4, 0x13, 0x58, 0xAB, 0xF3, 0x48, 0xF4, 0x6F, 0xD4, 0xDA, 0x10, 0x27, 0xE4,
    0x00, 0xBF, 0x9C, 0x98, 0x09, 0xBF, 0x1E, 0xA6, 0x66, 0xC2, 0x67, 0x1E, 0x13, 0x7A, 0xFF, 0x21,
    0x8B, 0x55, 0x39, 0xD8, 0xBA, 0x82, 0xAB, 0xEA, 0x9E, 0x99, 0xB0, 0xAC, 0x3E, 0x82, 0xFE, 0x4E,
    0xE3, 0x8A, 0xC7, 0x9E, 0xCC, 0xD6, 0x0F, 0xC6, 0xCC, 0x77, 0x1A, 0xF4, 0x66, 0xA1, 0xAE, 0xA1,
    0x02, 0x62, 0x17, 0x7E, 0xDA, 0xF0, 0x32, 0xB3, 0xE6, 0xCD, 0x32, 0x7B, 0xEE, 0x9B, 0xFC, 0x3B,
    0xDF, 0x11, 0x79, 0xE5, 0x6D, 0xEA, 0xE9, 0xE6, 0x31, 0x2F, 0x2A, 0x9B, 0x89, 0x36, 0x11, 0x7B,
    0x53, 0xC6, 0x74, 0xF9, 0xE0, 0x1B, 0x02, 0x3A, 0xC5, 0x73, 0x15, 0x8A, 0x25, 0x89, 0x1F, 0xE4,
    0xDB, 0xE4, 0xE5, 0x2A, 0x6F, 0x53, 0x81, 0x5E, 0x41, 0xA9, 0x48, 0x15, 0x90, 0xDB, 0x18, 0x78,
    0x54, 0xF0, 0xC6, 0xC3, 0x31, 0x36, 0x9F, 0x9A, 0xE7, 0x33, 0xD7, 0xB5, 0xE8, 0x5C, 0x81, 0xE3,
    0xC8, 0x70, 0x1C, 0xA9, 0xB6, 0x6E, 0x6E, 0x3C, 0x25, 0xE1, 0x51, 0x3D, 0xBC, 0xA3, 0x5F, 0xE6,
    0xBD, 0x71, 0x6E, 0x54, 0xCB, 0x67, 0xC9, 0x5B, 0x34, 0xDF, 0xD8, 0xD2, 0xE0, 0x51, 0xEE, 0xA4,
    0x7B, 0x8B, 0xFF, 0x6F, 0x3C, 0x87, 0x36, 0x2F, 0xB0, 0x58, 0xAD, 0xDC, 0x89, 0xE2, 0x96, 0x14,
    0x12, 0x4D, 0xCC, 0x9A, 0x72, 0x5F, 0xAA, 0x96, 0xAE, 0x98, 0xF4, 0x7C, 0x89, 0x9F, 0xDE, 0x8C,
    0x2D, 0xA2, 0x81, 0xED, 0xAB, 0xCC, 0x59, 0x19, 0x86, 0x21, 0x2C, 0x8F, 0x62, 0x65, 0xB6, 0xAB,
    0x56, 0x61, 0x49, 0xA5, 0x40, 0xEF, 0xCF, 0x7F, 0xE9, 0x97, 0x53, 0x6F, 0x8A, 0x8C, 0xB7, 0xFC,
    0xCF, 0x88, 0x78, 0xF8, 0x3F, 0x3B, 0xC0, 0x07, 0x9D, 0xFB, 0x77, 0x6E, 0xDF, 0x6D, 0xF3, 0xCE,
    0xA9, 0x8F, 0x52, 0x88, 0x42, 0x05, 0xAE, 0x95, 0xE1, 0x5F, 0x1D, 0xD7, 0x55, 0x86, 0xC6, 0xAA,
    0x92, 0xC5, 0xE2, 0xB5, 0x21, 0x14, 0xAF, 0xE5, 0x00, 0xAF, 0xFE, 0xCB, 0x6F, 0x9F, 0x8C, 0xBB,
    0x6A, 0x82, 0x85, 0xD3, 0x11, 0xB5, 0x7B, 0xC3, 0x3F, 0x3D, 0x71, 0xBB, 0xED, 0xEA, 0x0F, 0x5E,
    0x15, 0x44, 0xA4, 0x3F, 0x32, 0x88, 0x70, 0xEA, 0xAD, 0x3C, 0xA6, 0x28, 0xF2, 0x2D, 0xE0, 0x29,
    0x53, 0xDF, 0xF1, 0xF7, 0xCD, 0xF6, 0x55, 0x38, 0x30, 0x6B, 0xB7, 0x6F, 0x6A, 0xDE, 0x46, 0xEF,
    0xA6, 0x6D, 0x62, 0x69, 0xF8, 0x17, 0xC7, 0x75, 0xA5, 0xF9, 0xD9, 0xB1, 0x88, 0x63, 0x70, 0x14,
    0xD7, 0xDC, 0x7F, 0xB3, 0x52, 0x63, 0xDE, 0x26, 0x74, 0x86, 0xF3, 0x8F, 0x2F, 0xDE, 0xC2, 0x1F,
    0x5C, 0x66, 0x49, 0x10, 0x33, 0xB9, 0x8B, 0x11, 0xC7, 0x6A, 0x3F, 0xA7, 0xC4, 0xC4, 0x7A, 0xBF,
    0xBC, 0xA8, 0xC1, 0xFD, 0xAF, 0x3A, 0xE4, 0xFC, 0x17, 0xC3, 0xFE, 0x5B, 0x68, 0x8F, 0xA9, 0x2C,
    0xC2, 0x27, 0xBC, 0xFE, 0xD6, 0x4D, 0xD4, 0x88, 0x28, 0x13, 0xA6, 0x77, 0x28, 0x3F, 0xB5, 0x7A,
    0xAC, 0x38, 0xE6, 0x92, 0xCF, 0xC5, 0x8C, 0x3B, 0x22, 0x5E, 0x1A, 0x69, 0x01, 0x2A, 0xDF, 0xA2,
    0x24, 0xBB, 0x34, 0xEC, 0x0A, 0xC5, 0xF3, 0x5B, 0x4C, 0x8B, 0xDF, 0x1A, 0x3E, 0xF3, 0x86, 0x7B,
    0x83, 0xE1, 0xF7, 0x9D, 0xC1, 0x6F, 0xC0, 0x2A, 0x14, 0xBA, 0x6D, 0x97, 0x63, 0xD2, 0x9C, 0x61,
    0xE7, 0x7B, 0xD8, 0xEA, 0xCE, 0x60, 0xB8, 0x0B, 0xE6, 0xFD, 0x6B, 0xF9, 0xF2, 0x6D, 0xBE, 0x1C,
    0xD3, 0xE7, 0x29, 0xC0, 0x1C, 0xF1, 0xDA, 0x11, 0x3A, 0x56, 0xE0, 0xF4, 0xD1, 0x31, 0x55, 0x82,
    0xF6, 0x54, 0xE1, 0xD2, 0xB1, 0x8D, 0x03, 0x4C, 0xD4, 0xD4, 0x41, 0x6E, 0x50, 0xAD, 0x95, 0x15,
    0x21, 0x69, 0xEC, 0x83, 0x6F, 0x1D, 0xDB, 0xD5, 0x8E, 0x47, 0xC5, 0x79, 0x6A, 0xA2, 0x8B, 0xBD,
    0x31, 0x13, 0xF3, 0x6F, 0x3A, 0x78, 0xD6, 0xFD, 0x8F, 0xF1, 0xC3, 0x8E, 0x56, 0xEA, 0xBD, 0x97,
    0x38, 0x83, 0x5F, 0x78, 0x63, 0x95, 0xF6, 0xA8, 0xDE, 0xE6, 0x4D, 0x06, 0x2D, 0x5B, 0x99, 0x0C,
    0x70, 0xD6, 0xB1, 0x99, 0x27, 0x62, 0xD6, 0xCC, 0x37, 0xF4, 0xCB, 0xD0, 0x10, 0x55, 0xAA, 0x24,
    0xF6, 0x18, 0xCD, 0xFC, 0x75, 0x22, 0x45, 0x5B, 0xDA, 0x5C, 0x90, 0x5D, 0x2C, 0x69, 0xE7, 0x9B,
    0x07, 0xF0, 0x5B, 0x76, 0x86, 0xC5, 0x33, 0xF9, 0x6B, 0x4F, 0x0F, 0x59, 0x15, 0x47, 0x55, 0x1F,
    0xE7, 0xE7, 0x95, 0x79, 0x73, 0xD2, 0x21, 0xBF, 0xCC, 0xD6, 0x46, 0x67, 0x7C, 0xEC, 0xE5, 0xA3,
    0xFB, 0xA0, 0xB3, 0x33, 0xA2, 0x95, 0x2B, 0x4A, 0x56, 0xF2, 0x35, 0x3B, 0x93, 0x89, 0x94, 0x6C,
    0x4D, 0x14, 0xE4, 0x36, 0x86, 0x31, 0xE9, 0x37, 0x68, 0xE2, 0xFF, 0x87, 0xD3, 0x75, 0xA5, 0xC9,
    0xEE, 0xBF, 0xED, 0xED, 0x2C, 0x41, 0x59, 0xE7, 0x81, 0x7C, 0x55, 0x5E, 0x1A, 0xFE, 0xD3, 0x5D,
    0x75, 0x36, 0xCF, 0x18, 0xEC, 0x9F, 0xC6, 0xCC, 0x91, 0x34, 0x49, 0x67, 0x0E, 0x34, 0xC5, 0xEB,
    0x54, 0x71, 0xAD, 0xF8, 0xA5, 0xA6, 0x36, 0xD7, 0x75, 0x66, 0x22, 0x3F, 0x9D, 0x0D, 0xBE, 0x33,
    0xF8, 0xAF, 0xF7, 0x6D, 0x10, 0xAF, 0x7C, 0x0D, 0x56, 0x86, 0x02, 0x54, 0x65, 0xC0, 0x65, 0x6D,
    0xE7, 0x9C, 0xB6, 0xF3, 0xA2, 0x59, 0x84, 0xA9, 0x60, 0xC8, 0x37, 0x5B, 0x14, 0xE7, 0xA7, 0x8F,
    0x5A, 0x1A, 0x48, 0x42, 0x23, 0x68, 0x66, 0x08, 0xE8, 0x21, 0x6A, 0x83, 0x5F, 0x15, 0x2B, 0x45,
    0xF3, 0x97, 0xB4, 0x9D, 0x8F, 0xA7, 0xFC, 0x3C, 0xAF, 0x5A, 0xA6, 0x35, 0xA0, 0x7A, 0x50, 0x80,
    0xCA, 0xB0, 0xAE, 0x9E, 0x9E, 0x72, 0xD3, 0x78, 0xE7, 0xFA, 0x92, 0x94, 0x3F, 0x7A, 0xB1, 0x16,
    0x34, 0x5B, 0x2C, 0x24, 0xCF, 0x12, 0xEA, 0xD7, 0xAD, 0xD1, 0x72, 0xB7, 0xCB, 0xEF, 0x1B, 0xDE,
    0x2F, 0xC3, 0x1E, 0xBD, 0x83, 0xD3, 0xD3, 0x57, 0xF4, 0xC7, 0x78, 0xA6, 0x1F, 0x54, 0x1F, 0x50,
    0x6A, 0x9F, 0x01, 0xF6, 0x71, 0xE4, 0x50, 0x1F, 0xEF, 0xB9, 0xEB, 0xDD, 0x4E, 0xB0, 0x70, 0xDB,
    0x3F, 0x7D, 0x10, 0xD2, 0x03, 0xA1, 0x00, 0x47, 0xBB, 0xD0, 0x20, 0xBD, 0x6C, 0xAB, 0xD0, 0x87,
    0x23, 0x6A, 0x67, 0x73, 0xE5, 0xE4, 0x88, 0x96, 0x9A, 0xDB, 0xD7, 0x60, 0x4C, 0x03, 0x7F, 0xE3,
    0x9F, 0x96, 0xAF, 0xE8, 0x79, 0x8F, 0xC2, 0x61, 0xA0, 0xD7, 0x68, 0x2F, 0xEF, 0x7E, 0xF0, 0xA7,
    0xC2, 0xA5, 0x3D, 0x1D, 0x5F, 0xB4, 0x61, 0x72, 0xA5, 0x86, 0x75, 0x4A, 0xB9, 0x85, 0x05, 0x06,
    0x32, 0x2B, 0xA6, 0x19, 0x8E, 0xF4, 0x38, 0x41, 0x51, 0x1B, 0xB6, 0x43, 0x9F, 0x30, 0xB9, 0x93,
    0x6E, 0x4C, 0x17, 0x78, 0x5D, 0x3C, 0x48, 0x1F, 0x76, 0xB3, 0x09, 0xB7, 0x07, 0xCB, 0xA9, 0xC0,
    0x6B, 0x3C, 0x2E, 0x5F, 0xB7, 0x8E, 0x4C, 0xAA, 0x32, 0x4F, 0x3F, 0x4A, 0xD9, 0x56, 0x94, 0x8B,
    0x48, 0x34, 0x0C, 0x87, 0xC5, 0xB1, 0xF8, 0x4C, 0x53, 0xC2, 0xC3, 0xF9, 0x7E, 0x78, 0x38, 0x8B,
    0xE1, 0x21, 0x99, 0x6A, 0x2C, 0xB1, 0x7C, 0x16, 0xE4, 0x6C, 0xC3, 0x85, 0x9C, 0xCD, 0x8A, 0x0F,
    0x35, 0xCC, 0xD7, 0x46, 0xE4, 0x6C, 0xF9, 0x93, 0x8E, 0xBA, 0xDE, 0x93, 0x4E, 0xF7, 0xE3, 0x86,
    0xA1, 0xC4, 0x9B, 0x85, 0x3E, 0xA7, 0x7F, 0x49, 0x84, 0xB7, 0x78, 0xC1, 0x1E, 0x05, 0xAD, 0x3B,
    0xF4, 0xE5, 0xE0, 0x12, 0x3A, 0x99, 0x08, 0xA6, 0x8C, 0xF3, 0x26, 0x57, 0xEF, 0xD4, 0x68, 0xE3,
    0x2D, 0x8C, 0xF9, 0xBA, 0x7A, 0x9F, 0x55, 0x29, 0xB1, 0x21, 0x36, 0x29, 0x61, 0xBE, 0xDC, 0x21,
    0x70, 0x85, 0x9B, 0xB6, 0xB3, 0x6E, 0xDA, 0x9A, 0xE2, 0xB0, 0x5B, 0x34, 0x33, 0x3F, 0x6B, 0xF3,
    0x66, 0x6A, 0x9D, 0xD5, 0xE2, 0xBE, 0xCB, 0xEF, 0x34, 0x34, 0x03, 0x3F, 0xDA, 0xF4, 0xC6, 0xBB,
    0xCF, 0x3B, 0xE3, 0xB3, 0x97, 0x17, 0xD5, 0xEF, 0x30, 0x36, 0xD1, 0x67, 0x5F, 0xD8, 0x68, 0x87,
    0xFC, 0xAC, 0x71, 0x93, 0x1E, 0xBE, 0xD5, 0xE5, 0x67, 0x43, 0x99, 0xB7, 0xC5, 0x87, 0xF4, 0x45,
    0x0A, 0x13, 0x39, 0x16, 0xCB, 0x6A, 0x59, 0xEC, 0x8C, 0xA1, 0x00, 0x23, 0x2B, 0xC0, 0x0E, 0x75,
    0x45, 0xE2, 0xBB, 0xAA, 0x4E, 0x56, 0xDA, 0x14, 0x28, 0xBC, 0x6E, 0xD5, 0x91, 0x98, 0x58, 0x0F,
    0x70, 0xB2, 0xB7, 0x6C, 0xDA, 0xE8, 0x9B, 0x00, 0xC9, 0x65, 0x2C, 0xDC, 0xAF, 0x42, 0xE1, 0xFE,
    0xD3, 0x58, 0xB8, 0x0F, 0x23, 0x78, 0xA8, 0x3D, 0x43, 0x5A, 0xB1, 0x16, 0x84, 0xA4, 0xAD, 0x04,
    0xAB, 0x59, 0x69, 0x98, 0x37, 0x89, 0x2F, 0xD5, 0x74, 0x5F, 0x5C, 0xE4, 0x3A, 0x8B, 0x7D, 0x4F,
    0x18, 0xCA, 0x5B, 0x40, 0x55, 0x54, 0xA7, 0xDE, 0x88, 0xF4, 0xF4, 0x90, 0xA1, 0xA9, 0x24, 0x10,
    0xC4, 0x6A, 0xDA, 0x68, 0xA2, 0x58, 0x4D, 0x7A, 0x30, 0x54, 0xA3, 0x46, 0x86, 0x91, 0xE8, 0xFE,
    0x04, 0xF4, 0xF0, 0x51, 0x50, 0x11, 0x8B, 0x49, 0x0F, 0x99, 0xFC, 0x08, 0xF1, 0x8D, 0x0D, 0xCC,
    0x1A, 0x26, 0x34, 0x73, 0xBB, 0x33, 0xBA, 0xC0, 0xAA, 0x1B, 0x35, 0xD0, 0x1A, 0x60, 0x24, 0x43,
    0x8C, 0xCC, 0x42, 0x7D, 0xA0, 0xDD, 0x56, 0xA2, 0xAA, 0xDA, 0x10, 0x6B, 0xAC, 0xEC, 0xAE, 0x14,
    0x81, 0x52, 0x5F, 0x49, 0xC6, 0x7B, 0x02, 0x4A, 0xB0, 0x19, 0x15, 0x53, 0x0D, 0xAB, 0xBC, 0xD1,
    0xF6, 0x9D, 0x7A, 0x5B, 0xDE, 0x09, 0x98, 0x79, 0x2A, 0xCA, 0x7E, 0x7D, 0xB8, 0x3D, 0x46, 0x57,
    0xCD, 0xBF, 0x69, 0x78, 0xAF, 0xEC, 0x06, 0x50, 0x2B, 0x53, 0x7A, 0xBF, 0x25, 0x86, 0xF3, 0xEF,
    0xAE, 0xFC, 0x72, 0xE2, 0x17, 0x8F, 0x09, 0xF4, 0xB3, 0xB3, 0xDE, 0x98, 0x7F, 0x84, 0x2A, 0x2A,
    0x37, 0xA1, 0x8C, 0xA4, 0xCC, 0xA2, 0xCC, 0x44, 0xB9, 0x61, 0xF0, 0x76, 0x8F, 0xB4, 0x1B, 0x24,
    0x43, 0x1B, 0xF2, 0xDA, 0x9E, 0xB3, 0xCF, 0x36, 0xC6, 0x6E, 0x61, 0xE3, 0x7C, 0x2E, 0xF2, 0x47,
    0x97, 0x19, 0x07, 0xDE, 0x7A, 0xEA, 0xE1, 0x2C, 0xE8, 0x6A, 0x07, 0x25, 0xE9, 0x55, 0x90, 0xA7,
    0x2D, 0x67, 0xBD, 0x4A, 0xFD, 0x7D, 0x9E, 0xA0, 0x67, 0x2C, 0xE6, 0xAD, 0xF1, 0x8F, 0xF6, 0xC1,
    0xB4, 0xFB, 0x34, 0x5F, 0xF3, 0x5D, 0x18, 0x40, 0x2F, 0x29, 0x92, 0xD7, 0xF0, 0xBC, 0x45, 0x33,
    0xF8, 0xA2, 0xB5, 0x91, 0x64, 0xDF, 0x36, 0x28, 0x19, 0xBF, 0xBA, 0x9F, 0x4B, 0x13, 0x97, 0x99,
    0x71, 0x78, 0x5C, 0xE9, 0x76, 0xA9, 0x7A, 0x34, 0x13, 0x66, 0xAF, 0xFA, 0x81, 0x6A, 0xC0, 0xDE,
    0x96, 0xEB, 0x54, 0x18, 0xCA, 0xD4, 0xC9, 0x36, 0x90, 0xA9, 0x49, 0xA3, 0x0D, 0xFA, 0x95, 0x11,
    0x67, 0x35, 0xE1, 0x1B, 0xA1, 0xCE, 0x32, 0x69, 0xAA, 0x32, 0x39, 0xA4, 0x25, 0x12, 0x07, 0x47,
    0x51, 0x3C, 0xD0, 0xE3, 0x19, 0xA1, 0x9A, 0x0B, 0xC6, 0x89, 0x57, 0x19, 0xC8, 0x13, 0x6C, 0x40,
    0x5E, 0x1D, 0xBB, 0x05, 0x25, 0x72, 0xBA, 0xA3, 0x9E, 0x3A, 0xD5, 0x43, 0xBE, 0x6E, 0xE2, 0xDF,
    0xC7, 0xF3, 0xFE, 0x1C, 0xFB, 0xDF, 0xC1, 0x1E, 0xCF, 0x42, 0x20, 0x20, 0x28, 0x0E, 0xA7, 0xCB,
    0xDA, 0x8E, 0x93, 0xA3, 0x33, 0x10, 0xA7, 0x95, 0x44, 0x79, 0x2B, 0x34, 0x36, 0x54, 0x0F, 0x8A,
    0xF2, 0x47, 0xE8, 0x6F, 0x88, 0x1F, 0xC0, 0x7A, 0x2E, 0x20, 0xD9, 0xDF, 0x2D, 0x9F, 0x62, 0xB8,
    0x26, 0x96, 0x4F, 0xF9, 0x20, 0x68, 0x89, 0xD8, 0xCC, 0xE4, 0x89, 0x6F, 0x2A, 0x43, 0x5C, 0x85,
    0x19, 0xC8, 0x6B, 0xB0, 0x16, 0xC2, 0x24, 0x07, 0xB1, 0xCC, 0x53, 0x27, 0x06, 0x42, 0xF5, 0xCA,
    0xC6, 0x6A, 0x08, 0x5F, 0xE9, 0xBD, 0x10, 0xAA, 0x1B, 0xCB, 0x85, 0x74, 0x72, 0xCD, 0xEE, 0xA7,
    0x1B, 0xC1, 0x3E, 0xED, 0x37, 0xF6, 0xE9, 0x9D, 0xAF, 0xAC, 0xF7, 0xBF, 0x12, 0x27, 0x90, 0x7B,
    0x06, 0x2F, 0x96, 0x85, 0x47, 0xB4, 0x51, 0x3C, 0xBD, 0x6F, 0x0F, 0x51, 0x45, 0x39, 0xA8, 0x51,
    0xDB, 0x34, 0x25, 0x8B, 0x41, 0xEC, 0x27, 0x61, 0x76, 0x47, 0xA6, 0xDA, 0x51, 0xE6, 0xC3, 0x43,
    0xD8, 0xCE, 0x24, 0x20, 0x4F, 0x3A, 0x96, 0x7F, 0x0A, 0x37, 0x50, 0xFB, 0x6E, 0x20, 0xE1, 0x6E,
    0x03, 0x17, 0x50, 0x53, 0xAA, 0x58, 0x41, 0xA4, 0xA7, 0x7E, 0x6D, 0xCB, 0x1B, 0xF6, 0xB4, 0xB6,
    0xE1, 0x69, 0x99, 0x74, 0xDC, 0xD3, 0xD8, 0xE1, 0x49, 0x13, 0x38, 0xC8, 0xED, 0x30, 0xCB, 0x60,
    0x13, 0xA8, 0x86, 0xD9, 0x86, 0x6F, 0x59, 0x88, 0x99, 0x31, 0xAF, 0x79, 0x6C, 0x05, 0x97, 0x3A,
    0x77, 0xC2, 0x77, 0xE5, 0xAB, 0x1F, 0xAA, 0xFC, 0xFB, 0x27, 0x77, 0xA8, 0xFC, 0xDB, 0x1C, 0x57,
    0xFE, 0x01, 0x1D, 0x14, 0x2C, 0x46, 0xE5, 0x5F, 0x9F, 0xEC, 0x96, 0x9F, 0x54, 0xC6, 0x20, 0xFB,
    0x88, 0xBE, 0x7F, 0x7F, 0x1E, 0x80, 0xBD, 0x5A, 0xCB, 0x32, 0x76, 0x77, 0x96, 0x36, 0x8C, 0xFF,
    0xBB, 0xAC, 0xBB, 0x73, 0x0B, 0xBC, 0x0D, 0x7C, 0xC9, 0x57, 0x62, 0x86, 0x2E, 0xA4, 0xA1, 0x13,
    0x1E, 0x8D, 0xCF, 0x45, 0xDF, 0xBF, 0x3B, 0x0F, 0x24, 0x7F, 0xE3, 0x91, 0x10, 0x9A, 0xB6, 0x68,
    0x76, 0x17, 0x04, 0x48, 0x5A, 0x82, 0x38, 0x12, 0x33, 0xC5, 0xB8, 0x4C, 0x67, 0xDE, 0x8C, 0x41,
    0x5C, 0x20, 0xE9, 0x85, 0x1E, 0x18, 0x7B, 0x05, 0x25, 0xA0, 0x9E, 0xC9, 0x98, 0x0F, 0x0E, 0x76,
    0x30, 0x6B, 0x22, 0x19, 0xD8, 0x01, 0x31, 0x56, 0x6C, 0x55, 0x88, 0xBA, 0x4D, 0x4C, 0x30, 0xD7,
    0x31, 0xE1, 0x31, 0xB9, 0x82, 0x1A, 0x8D, 0x48, 0x7B, 0xDB, 0xB4, 0x33, 0x20, 0xD6, 0xEE, 0xE4,
    0xED, 0xF2, 0x35, 0xEE, 0x6F, 0x45, 0xCB, 0x8A, 0x69, 0xA9, 0x61, 0x6A, 0x94, 0x1A, 0x64, 0xA3,
    0x0E, 0x0F, 0x58, 0x45, 0xEC, 0x07, 0x8D, 0xFB, 0xF1, 0x62, 0xBE, 0x6F, 0x8C, 0xEC, 0xC0, 0x18,
    0x3D, 0x25, 0x94, 0x7D, 0x63, 0xCC, 0x2F, 0x33, 0x86, 0xDB, 0x37, 0xC6, 0xED, 0x6A, 0x78, 0x70,
    0x44, 0x93, 0x1D, 0xFB, 0x36, 0x62, 0x75, 0x68, 0x8C, 0x45, 0x1B, 0x66, 0xDF, 0xA2, 0x89, 0x02,
    0xCD, 0x75, 0xDA, 0x5D, 0x08, 0x34, 0xA7, 0xEA, 0xF6, 0xF6, 0x8C, 0xA6, 0x63, 0x30, 0x68, 0xCC,
    0x79, 0xB3, 0x3E, 0x5F, 0x1B, 0x08, 0xBA, 0x83, 0xBE, 0xC1, 0xF3, 0x15, 0x2A, 0xB3, 0xB4, 0xE1,
    0x29, 0x77, 0x83, 0x74, 0xF0, 0x6B, 0x7F, 0x7E, 0x72, 0x98, 0x13, 0x8C, 0x73, 0x21, 0xEB, 0x46,
    0x83, 0x54, 0x6C, 0x4B, 0x13, 0xA6, 0x83, 0x9F, 0x61, 0x6C, 0x9F, 0x7A, 0x2C, 0xF0, 0xBB, 0x6E,
    0x3C, 0xA9, 0xA7, 0x52, 0x54, 0xB4, 0x40, 0xEE, 0x97, 0xA2, 0x9E, 0x4E, 0xF4, 0x30, 0x28, 0x32,
    0x93, 0x51, 0x28, 0xA9, 0xF3, 0x2A, 0x4D, 0xA5, 0x69, 0x88, 0x0D, 0xA5, 0x7E, 0xA1, 0x12, 0x42,
    0xAC, 0xEE, 0xE6, 0xC4, 0xC6, 0x30, 0x47, 0x61, 0xBD, 0x0A, 0xC1, 0x8E, 0xB8, 0x8C, 0xC4, 0x03,
    0xC1, 0x9F, 0xA8, 0x57, 0xE6, 0xD4, 0x2B, 0xFB, 0x44, 0xBD, 0xB2, 0x5E, 0xBD, 0xB2, 0xC1, 0x38,
    0x37, 0xD2, 0x2B, 0xEB, 0xD5, 0x2B, 0xEB, 0xF4, 0x8D, 0xE2, 0x54, 0x9C, 0xB5, 0x17, 0x9C, 0xBC,
    0xE3, 0x94, 0x5B, 0x84, 0xF7, 0xD5, 0x1A, 0x16, 0x06, 0x15, 0x4B, 0xEA, 0x8C, 0x8C, 0x22, 0x0F,
    0x88, 0x09, 0x7D, 0x1D, 0xB3, 0x7A, 0xF9, 0x6F, 0x94, 0x17, 0xF2, 0x16, 0x09, 0x70, 0xD5, 0x37,
    0x97, 0xAA, 0x26, 0x7D, 0x0D, 0x90, 0x32, 0x05, 0x5C, 0x04, 0x2E, 0xC0, 0x97, 0x60, 0x29, 0x1C,
    0xEE, 0x26, 0x6B, 0x15, 0x7E, 0x92, 0xB0, 0x9B, 0x44, 0x5D, 0x90, 0xA1, 0x2E, 0x0C, 0xB8, 0xD2,
    0xC2, 0xFF, 0x05, 0x71, 0x81, 0x8D, 0xFA, 0x9F, 0xFF, 0x1A, 0xFD, 0x52, 0x78, 0xA5, 0x82, 0x5E,
    0x68, 0x05, 0x26, 0x60, 0xAA, 0x36, 0x93, 0xD0, 0x03, 0x9E, 0x3D, 0xC8, 0xD4, 0xB3, 0x06, 0x84,
    0xAA, 0x51, 0xB1, 0x36, 0x54, 0x86, 0xBA, 0x3A, 0xB3, 0xCD, 0xD0, 0x9F, 0xD9, 0x3E, 0x18, 0xF0,
    0x64, 0xE3, 0x57, 0x01, 0x54, 0xF7, 0x2B, 0xB6, 0xB4, 0x5C, 0xB5, 0x38, 0x10, 0x94, 0xA3, 0x8B,
    0x33, 0x43, 0x26, 0x50, 0xF9, 0xCC, 0xEF, 0x1D, 0xCF, 0x91, 0x77, 0x0D, 0x8B, 0x12, 0x75, 0xCD,
    0x0E, 0xF6, 0xC5, 0x0B, 0xC3, 0x93, 0x17, 0xDE, 0xF9, 0x3F, 0x7D, 0x0D, 0xFE, 0x6C, 0x78, 0xF6,
    0x6C, 0xE0, 0x51, 0x69, 0x24, 0xBE, 0xE4, 0x45, 0xDB, 0x51, 0x90, 0x44, 0x53, 0x39, 0xBB, 0x6B,
    0xC8, 0xEF, 0x7E, 0x4F, 0x54, 0x7D, 0x24, 0x8F, 0x05, 0x47, 0x54, 0x85, 0x56, 0x85, 0x90, 0xCF,
    0x06, 0x75, 0x42, 0xCA, 0xB9, 0xD5, 0xA9, 0x73, 0x90, 0x6D, 0x17, 0x21, 0x2C, 0x5D, 0x34, 0xDB,
    0x0C, 0x34, 0x3F, 0xA2, 0xB2, 0xDD, 0xCF, 0xDB, 0x0F, 0x47, 0x10, 0x6B, 0x8A, 0x06, 0xD5, 0x14,
    0xDF, 0xFB, 0x49, 0x55, 0x0E, 0xD7, 0x76, 0x7C, 0x5B, 0x9A, 0x20, 0x44, 0x41, 0xF3, 0x92, 0x66,
    0x14, 0x1B, 0x95, 0x64, 0x41, 0xB4, 0xD0, 0x82, 0xFF, 0x70, 0xC1, 0xC9, 0x07, 0xB3, 0xE8, 0xBA,
    0x79, 0x27, 0xBC, 0xDC, 0xC4, 0xDD, 0x62, 0xF6, 0xB8, 0xB7, 0x59, 0x33, 0x4A, 0x4A, 0xF3, 0xA5,
    0x77, 0xC6, 0x97, 0xA1, 0xFE, 0xDD, 0xC5, 0x33, 0x9B, 0xEC, 0x46, 0x5C, 0xAF, 0x57, 0x2E, 0x96,
    0x91, 0x82, 0x8D, 0x3F, 0xB7, 0xAB, 0x56, 0x53, 0x5E, 0x33, 0x5E, 0x01, 0xD3, 0xF6, 0xA7, 0x0E,
    0x36, 0x0E, 0x51, 0xFE, 0xF8, 0x53, 0xEA, 0x95, 0xAB, 0x3E, 0x81, 0xD9, 0xB6, 0x3F, 0xAA, 0x27,
    0x9C, 0x2E, 0xD3, 0xB0, 0x78, 0x31, 0xEA, 0xCE, 0xBB, 0x5C, 0x84, 0x77, 0xB9, 0xDE, 0x79, 0x97,
    0x4B, 0x9E, 0x3F, 0x4C, 0x96, 0xCE, 0x45, 0x99, 0xD7, 0x4D, 0x3C, 0xD1, 0x3A, 0x1E, 0x5A, 0xCE,
    0xD0, 0x43, 0x31, 0x69, 0x56, 0x79, 0xC9, 0x03, 0x30, 0xB6, 0x8B, 0x43, 0xCB, 0xA5, 0xE3, 0xBA,
    0x52, 0x75, 0x29, 0xDB, 0x25, 0xF4, 0x90, 0x76, 0xE9, 0xD8, 0x2F, 0xAD, 0xBE, 0x84, 0x5C, 0x37,
    0xD3, 0x80, 0x87, 0x0D, 0x5E, 0x8D, 0x57, 0xE0, 0xBA, 0x6A, 0xB3, 0x31, 0x13, 0x63, 0xC5, 0x2B,
    0x17, 0x8B, 0x67, 0xE7, 0xA6, 0x39, 0xAD, 0x1E, 0x29, 0x74, 0xCB, 0x8C, 0x13, 0x9F, 0xD7, 0xEC,
    0x60, 0x22, 0x81, 0xA5, 0x4B, 0x89, 0x2C, 0xD1, 0xEB, 0x7B, 0x52, 0xF3, 0x8A, 0xB2, 0x7D, 0xED,
    0x8D, 0xF9, 0x9A, 0xA6, 0x4E, 0xF1, 0x94, 0x69, 0xA1, 0xFB, 0x06, 0x4E, 0x45, 0xE4, 0x77, 0x58,
    0x70, 0x7B, 0x6A, 0x8F, 0xB3, 0xAA, 0x89, 0x27, 0x88, 0x85, 0xCA, 0x1E, 0x91, 0x17, 0x25, 0xAC,
    0xD0, 0x4E, 0x67, 0x15, 0x87, 0x2A, 0xF4, 0x3D, 0x3D, 0x61, 0x4A, 0x93, 0xAD, 0xDC, 0x32, 0xAB,
    0x8D, 0xB8, 0xB3, 0xD2, 0xBD, 0xB7, 0x2D, 0x10, 0x77, 0x7A, 0x86, 0x13, 0x1B, 0x42, 0xC1, 0x36,
    0x5C, 0x56, 0x70, 0xE9, 0x97, 0xBF, 0x72, 0xF9, 0x07, 0x7E, 0xD5, 0x23, 0xAB, 0xD1, 0x4A, 0x7E,
    0x57, 0xDA, 0xD6, 0x14, 0x71, 0x6B, 0x1B, 0xBC, 0xCA, 0xAD, 0x89, 0x8D, 0x6D, 0x33, 0xAB, 0x5D,
    0xBA, 0x49, 0x5B, 0x97, 0x90, 0x19, 0xCD, 0x68, 0xEE, 0x4C, 0xBC, 0x26, 0x8E, 0x97, 0xE5, 0xAF,
    0xF5, 0x57, 0xDE, 0x44, 0x0D, 0xE8, 0xFC, 0xC4, 0x2D, 0xD6, 0xE8, 0x40, 0xD6, 0x14, 0x23, 0x06,
    0xC2, 0xED, 0x60, 0xD9, 0x4E, 0x8E, 0xFE, 0xCA, 0x25, 0x01, 0xDC, 0x99, 0x59, 0x72, 0xD8, 0x0E,
    0x61, 0xF3, 0x6E, 0x92, 0x96, 0x92, 0xC4, 0x7F, 0xED, 0xED, 0x5F, 0x39, 0xB6, 0x2A, 0x40, 0xE8,
    0x89, 0x9C, 0x9F, 0x56, 0x14, 0x57, 0xF2, 0x06, 0xA8, 0x1D, 0xB2, 0x29, 0xA8, 0x08, 0xE6, 0xEB,
    0xC9, 0x38, 0xAA, 0x85, 0xAF, 0x06, 0x97, 0xEE, 0xFD, 0xDA, 0x90, 0x28, 0x57, 0x69, 0xC3, 0xF1,
    0x8B, 0xF9, 0x36, 0x9F, 0x2F, 0xA9, 0x26, 0x8E, 0x31, 0xDD, 0x9B, 0x2A, 0x0B, 0x1A, 0x52, 0x90,
    0xF5, 0x6E, 0xDB, 0x08, 0x92, 0x06, 0xA4, 0xA6, 0x62, 0x34, 0x78, 0x34, 0x51, 0xA1, 0xF3, 0x58,
    0xEA, 0x59, 0xB6, 0x12, 0x0B, 0x06, 0xB4, 0xEB, 0x30, 0xC4, 0xB8, 0xF6, 0x6E, 0xE8, 0xEE, 0x19,
    0xBC, 0x83, 0xFF, 0xDC, 0x97, 0xC6, 0x2F, 0xC4, 0x33, 0x64, 0x38, 0x46, 0xA7, 0xEB, 0x1A, 0x76,
    0x4C, 0x97, 0xF8, 0x79, 0x0F, 0xBA, 0xF1, 0xB7, 0xDF, 0x0C, 0x9C, 0x22, 0xEB, 0x0D, 0xF1, 0xBA,
    0xB6, 0x83, 0xDD, 0xC7, 0x7E, 0x13, 0x8F, 0xDE, 0x7E, 0xBC, 0xAE, 0x4E, 0x1E, 0xEE, 0xDC, 0xE9,
    0xE9, 0x03, 0x23, 0x7F, 0x01, 0x37, 0x91, 0xF1, 0xBA, 0xA9, 0x27, 0xB7, 0xDF, 0x30, 0x8F, 0xC5,
    0x04, 0x16, 0x9C, 0x10, 0xAF, 0x2B, 0x6F, 0x53, 0xA3, 0x0E, 0x81, 0x77, 0x21, 0x53, 0x2B, 0xCC,
    0x2D, 0x4D, 0xAE, 0x1B, 0x6D, 0xB6, 0xA3, 0xAA, 0xAD, 0xEA, 0xB9, 0xE1, 0x35, 0x98, 0xED, 0x70,
    0x82, 0xE7, 0x6D, 0x65, 0x60, 0x40, 0xF1, 0xBA, 0xB6, 0x03, 0xD5, 0xAF, 0x96, 0xB4, 0x5D, 0x9D,
    0xDE, 0xFD, 0x1F, 0xAF, 0x9D, 0xCF, 0xEA, 0x0C, 0x6B, 0x32, 0x60, 0x01, 0x76, 0xAF, 0x6B, 0x3C,
    0xCA, 0x3C, 0x39, 0x3D, 0xBD, 0xAF, 0xE0, 0x01, 0x8C, 0x5D, 0x87, 0x78, 0x5D, 0xBF, 0xB0, 0x84,
    0x49, 0x78, 0xB8, 0x38, 0xB5, 0xA7, 0x5E, 0xBF, 0xE9, 0x76, 0x37, 0x50, 0x36, 0xAD, 0xB8, 0x73,
    0xDD, 0x14, 0xD3, 0x85, 0xAB, 0x49, 0xEC, 0xCF, 0x38, 0xCA, 0x19, 0x8D, 0x3A, 0x9D, 0xFB, 0x5D,
    0xD4, 0x3A, 0x0C, 0x43, 0x63, 0xD3, 0x7D, 0x72, 0xCD, 0x46, 0xB4, 0x93, 0xA3, 0xEF, 0x18, 0xB3,
    0x65, 0x6B, 0x2C, 0x3E, 0xF7, 0x46, 0xF4, 0xD7, 0x6E, 0xC2, 0x90, 0x75, 0x14, 0xD9, 0x9E, 0x92,
    0xB2, 0xA7, 0x9B, 0x9C, 0x24, 0x7B, 0x76, 0x35, 0xC6, 0x5F, 0x54, 0x05, 0x17, 0x46, 0x6C, 0xEB,
    0x64, 0x5C, 0x39, 0x6E, 0xE3, 0xF7, 0x7E, 0x8D, 0x83, 0x2C, 0x0C, 0xFD, 0xDA, 0xC9, 0xC6, 0x34,
    0xD4, 0x20, 0x56, 0x76, 0x32, 0xB3, 0x0B, 0x76, 0x96, 0xA1, 0x83, 0xA5, 0x83, 0xA9, 0x83, 0xAD,
    0x83, 0xB1, 0x83, 0xB5, 0x83, 0xB9, 0xB7, 0xF6, 0x3E, 0x4C, 0x0C, 0xBF, 0x32, 0x28, 0xF2, 0x8B,
    0xD7, 0xB5, 0x1D, 0x46, 0x57, 0xE8, 0x49, 0xE4, 0x19, 0x35, 0x9D, 0x01, 0xF1, 0xBA, 0xC2, 0xE3,
    0x0B, 0x07, 0x41, 0xB0, 0xC2, 0xDF, 0xE3, 0x41, 0xF0, 0x8D, 0x3B, 0x71, 0xAD, 0xD5, 0xAD, 0x95,
    0x0D, 0x73, 0xA8, 0x05, 0xAE, 0x5D, 0x7B, 0xE7, 0x7A, 0xAD, 0xE7, 0x0B, 0xFE, 0x0E, 0xD5, 0x9B,
    0x3F, 0x8C, 0xE5, 0x56, 0xF5, 0xC7, 0x8F, 0xED, 0xF9, 0xED, 0xDB, 0xC4, 0xCA, 0x7A, 0x8B, 0x5F,
    0x81, 0x10, 0xE0, 0x3E, 0x82, 0xDC, 0xBE, 0x60, 0xAF, 0x43, 0x2F, 0x41, 0xDF, 0xD0, 0xD3, 0xA4,
    0xA1, 0x4C, 0xB0, 0xA1, 0x49, 0xC9, 0xF6, 0x4D, 0x52, 0xA4, 0x48, 0xA6, 0x09, 0x25, 0x05, 0xC4,
    0x17, 0x51, 0xA4, 0xC4, 0x82, 0x5E, 0x18, 0x48, 0x03, 0x4D, 0xBC, 0xC2, 0x22, 0xCE, 0xAE, 0xED,
    0xC3, 0x39, 0x5F, 0x1F, 0xBF, 0xE7, 0x9D, 0x1D, 0x46, 0x44, 0xCA, 0xC3, 0x6F, 0x3D, 0xE8, 0xB3,
    0xC3, 0x6A, 0xE3, 0x7B, 0xCF, 0xE7, 0xFB, 0xEE, 0x3F, 0x7B, 0x86, 0x28, 0xE1, 0x8E, 0x88, 0x52,
    0x30, 0x03, 0x73, 0xD0, 0x73, 0x2F, 0x2C, 0xFF, 0xAC, 0xE4, 0x3F, 0x0C, 0xCA, 0x5F, 0x0A, 0x63,
    0xCE, 0x46, 0xA2, 0x04, 0x3C, 0x4C, 0xA9, 0x30, 0x1B, 0x95, 0xF9, 0xA0, 0xF4, 0x5D, 0x3A, 0x09,
    0x9F, 0x7E, 0x2C, 0xAC, 0x99, 0x85, 0xCC, 0x3C, 0x53, 0x04, 0x26, 0xAC, 0xFF, 0x3B, 0xE0, 0x9B,
    0x74, 0x52, 0x66, 0xA3, 0xD2, 0x0D, 0x4A, 0xDF, 0x51, 0xCC, 0x05, 0xD9, 0xC5, 0x41, 0x10, 0x81,
    0x31, 0x57, 0xC2, 0xC4, 0x58, 0x08, 0xF3, 0xDE, 0x75, 0xC4, 0xB3, 0xEF, 0x12, 0xE6, 0xB2, 0xCB,
    0xF8, 0x73, 0x6E, 0xF3, 0x89, 0xB8, 0xF5, 0x03, 0xD5, 0x8D, 0xEF, 0x04, 0x65, 0x47, 0x1C, 0xEA,
    0x56, 0xD1, 0x00, 0x11, 0x57, 0x75, 0x48, 0xB8, 0xA8, 0x9B, 0x54, 0xD0, 0x39, 0xA6, 0x72, 0x7E,
    0xC6, 0xE4, 0xF9, 0x9F, 0x2C, 0xF5, 0xFE, 0x7E, 0xA6, 0x78, 0x96, 0x8E, 0x2D, 0x57, 0xD9, 0x09,
    0xEA, 0x56, 0xC0, 0xCD, 0x11, 0x81, 0xF4, 0xBA, 0x7E, 0x1F, 0xDD, 0x1A, 0xD1, 0xAD, 0x49, 0x89,
    0xEF, 0x29, 0x01, 0x0F, 0x9D, 0x32, 0x6B, 0x94, 0x69, 0x45, 0x76, 0x5D, 0x9A, 0xE1, 0x48, 0x8B,
    0x40, 0xBF, 0x81, 0x44, 0x20, 0x1C, 0x04, 0x29, 0x7A, 0x18, 0xF4, 0x3B, 0x04, 0x71, 0x76, 0xD5,
    0x76, 0x7D, 0x07, 0x24, 0xDF, 0x2C, 0xFA, 0x17, 0xD5, 0x48, 0x9A, 0xA2, 0x99, 0x4E, 0x7E, 0xDD,
    0x5F, 0x21, 0xB8, 0xEE, 0xC9, 0xCC, 0x43, 0x28, 0x13, 0xA9, 0x16, 0x24, 0xE4, 0x2B, 0xAF, 0xDE,
    0x5F, 0x93, 0x2F, 0xBA, 0xE1, 0x1F, 0x01, 0x58, 0x02, 0x16, 0x81, 0x65, 0x60, 0x21, 0x58, 0x0A,
    0x16, 0x83, 0xE5, 0x60, 0x41, 0x58, 0x12, 0x16, 0x85, 0x65, 0x61, 0x61, 0x58, 0x1A, 0x16, 0x87,
    0xE5, 0x61, 0x81, 0x58, 0x22, 0x16, 0x89, 0x65, 0x62, 0xA1, 0x58, 0x2A, 0x6B, 0x2C, 0xA7, 0xEB,
    0x7B, 0xA0, 0x0F, 0xCA, 0x1A, 0x64, 0x14, 0x3C, 0x29, 0x11, 0x94, 0xFB, 0x63, 0x27, 0x64, 0x05,
    0xE2, 0x33, 0x0B, 0x65, 0xCB, 0x95, 0xB0, 0xF0, 0x05, 0xD1, 0xB7, 0xA0, 0x60, 0x13, 0x22, 0x52,
    0x24, 0xC4, 0x48, 0xC8, 0x91, 0x10, 0x24, 0x21, 0x49, 0x42, 0x94, 0x84, 0x2C, 0xA9, 0x6E, 0xC1,
    0x46, 0x89, 0x38, 0x09, 0x79, 0x12, 0x02, 0x25, 0x24, 0xBA, 0x44, 0xBA, 0x64, 0xBA, 0x84, 0xFA,
    0x7C, 0xAA, 0xD1, 0xA2, 0x1A, 0x4C, 0x87, 0x53, 0x82, 0x11, 0x6A, 0xA0, 0x4F, 0xC0, 0x47, 0xAE,
    0x15, 0x3E, 0x44, 0x9C, 0xF1, 0xA6, 0x0C, 0x64, 0x89, 0x28, 0xB7, 0x49, 0x5E, 0xE4, 0x4C, 0x15,
    0xB5, 0x28, 0x53, 0xD1, 0xAF, 0x45, 0xC6, 0x0A, 0x82, 0x8B, 0x77, 0x5C, 0x23, 0x05, 0x72, 0x67,
    0x31, 0xA1, 0x3C, 0x84, 0x84, 0x8C, 0x10, 0xD1, 0xF9, 0x47, 0xD9, 0xAB, 0xD7, 0x44, 0x70, 0x15,
    0x36, 0x7F, 0x38, 0xFC, 0xA1, 0x96, 0x95, 0xC4, 0xF8, 0x87, 0x3F, 0x47, 0xCF, 0xFD, 0x93, 0x7E,
    0x99, 0xE4, 0x1E, 0x92, 0x88, 0x63, 0xDC, 0x24, 0xFF, 0x12, 0x05, 0x97, 0x0D, 0x06, 0xA7, 0xA3,
    0x5C, 0x48, 0x57, 0xF2, 0xF5, 0x12, 0x8E, 0xB2, 0x6F, 0x7E, 0xB4, 0x08, 0xA8, 0x8E, 0x1A, 0x3C,
    0xBE, 0x97, 0x50, 0x2C, 0x38, 0x33, 0x51, 0x3E, 0xE9, 0xB4, 0x85, 0x41, 0x3C, 0xA4, 0x68, 0xD3,
    0xFD, 0x0B, 0xA3, 0x2C, 0xD4, 0x15, 0xD1, 0x1B, 0xF2, 0x05, 0x05, 0xFB, 0x8C, 0xB2, 0xE8, 0x93,
    0x02, 0xB2, 0xB9, 0x55, 0xD7, 0x6A, 0xF9, 0x80, 0xEF, 0x29, 0xAA, 0x4F, 0x53, 0x89, 0x6B, 0x95,
    0x70, 0x9F, 0xA0, 0x80, 0x9C, 0x55, 0x41, 0xD9, 0xEA, 0xAC, 0xE2, 0x0A, 0x67, 0x05, 0x5C, 0xEA,
    0x3A, 0x35, 0x17, 0xDA, 0x9B, 0x67, 0x0D, 0x0A, 0xB4, 0x5A, 0x51, 0xB7, 0xAD, 0x16, 0x56, 0xDB,
    0x81, 0xB5, 0x51, 0x15, 0x55, 0x36, 0xE2, 0xD2, 0x91, 0xB3, 0xB2, 0xCE, 0x3E, 0xB4, 0x7C, 0xA7,
    0xE4, 0xE1, 0xE8, 0x37, 0x9D, 0x59, 0xE8, 0x3A, 0x4C, 0xC3, 0xC1, 0x07, 0x5D, 0xDA, 0x32, 0xDA,
    0x5E, 0x2F, 0xE5, 0x7E, 0x0B, 0x85, 0xC2, 0xF5, 0x69, 0x1A, 0xF3, 0x2D, 0x17, 0x54, 0x56, 0x52,
    0xE3, 0xB7, 0xE9, 0x01, 0xAD, 0xD7, 0xAE, 0x9B, 0x33, 0xFA, 0x11, 0x38, 0x10, 0x4A, 0x81, 0xEB,
    0xE9, 0xB4, 0x00, 0x65, 0x9D, 0xD2, 0x05, 0xC1, 0x2B, 0xE9, 0x0F, 0x0A, 0x22, 0x4F, 0x69, 0x2B,
    0x0C, 0x4E, 0xE8, 0x98, 0x83, 0x15, 0x86, 0xCF, 0x13, 0xDA, 0xB8, 0xDC, 0xC8, 0x0A, 0xD4, 0x89,
    0xAC, 0xD6, 0x55, 0x27, 0xED, 0x05, 0x79, 0x6B, 0x1B, 0x87, 0xFB, 0x69, 0x4C, 0x54, 0x52, 0xD6,
    0x68, 0x44, 0x0D, 0xF9, 0x67, 0x5C, 0xE9, 0xE0, 0xB7, 0xE2, 0xA2, 0xBA, 0x39, 0x7F, 0x58, 0x36,
    0x02, 0x7F, 0x03, 0x81, 0xF3, 0x29, 0x13, 0x5A, 0xE8, 0xAB, 0x53, 0x1C, 0x0F, 0xE2, 0x97, 0x3A,
    0x8E, 0x2B, 0xD4, 0x69, 0x1F, 0x37, 0x29, 0xFF, 0x58, 0x64, 0x59, 0x58, 0xA1, 0xF7, 0x1F, 0xEC,
    0x1E, 0x47, 0xCC, 0x1D, 0x88, 0xC5, 0x16, 0x8C, 0x3F, 0x1E, 0xC8, 0x36, 0xFD, 0xB6, 0xEB, 0xBF,
    0xF2, 0x6F, 0x0A, 0xFD, 0x2B, 0x08, 0xA2, 0x72, 0xCA, 0xE7, 0x82, 0x98, 0x2E, 0x3B, 0x88, 0x98,
    0x5B, 0xBD, 0xFD, 0x00, 0x68, 0x7D, 0xDA, 0x7E, 0xD6, 0x0A, 0xF2, 0xA0, 0xC5, 0x45, 0x44, 0x8F,
    0xEE, 0xA7, 0xA7, 0x0C, 0xC2, 0x92, 0x41, 0xFA, 0xBF, 0xCB, 0x60, 0x2E, 0x0A, 0xD8, 0x0C, 0x6A,
    0x0A, 0x4B, 0x77, 0xBD, 0x4C, 0xBC, 0x1F, 0x61, 0xBC, 0x44, 0x42, 0x47, 0x69, 0xF3, 0x72, 0xDA,
    0x9F, 0xDF, 0x2C, 0xB4, 0xAA, 0xA0, 0xA3, 0xB7, 0xD1, 0xCA, 0x2A, 0xA2, 0xE8, 0x43, 0xAB, 0xEB,
    0x11, 0xED, 0x28, 0xDE, 0xAE, 0x94, 0x0E, 0x41, 0x67, 0x98, 0xAC, 0xD5, 0x99, 0xD2, 0x2F, 0x6A,
    0x2B, 0xEC, 0x9C, 0x4E, 0xE7, 0xC9, 0xB2, 0x79, 0xA9, 0x57, 0x6A, 0x88, 0xA4, 0xB4, 0x22, 0x5F,
    0xE5, 0x2D, 0xB9, 0xA6, 0x84, 0xEB, 0x82, 0x52, 0x9E, 0x31, 0x2C, 0x50, 0xE1, 0xAE, 0x2B, 0x35,
    0x0A, 0x1F, 0x8F, 0x18, 0x22, 0xFE, 0xC7, 0xF5, 0x07, 0x58, 0xC7, 0x80, 0xE4, 0x84, 0x59, 0x70,
    0x50, 0xA4, 0xCC, 0x1C, 0x14, 0x55, 0x06, 0xCC, 0xD7, 0xD7, 0x45, 0x36, 0x68, 0x05, 0x0A, 0xD7,
    0x2B, 0x10, 0xCC, 0x09, 0x4F, 0xAF, 0xAF, 0xA9, 0x54, 0xB5, 0x82, 0x49, 0x85, 0x8F, 0x6B, 0xD1,
    0xFA, 0x8D, 0x1B, 0x04, 0xBE, 0x3F, 0xA2, 0xC3, 0xC6, 0xF9, 0x33, 0x22, 0xA7, 0x9A, 0xB4, 0x8D,
    0x84, 0x9F, 0x69, 0x93, 0xE2, 0x40, 0x92, 0x28, 0x83, 0x34, 0xC4, 0xC1, 0x77, 0x07, 0x2E, 0xBC,
    0xDE, 0x54, 0xD0, 0x0B, 0xFE, 0xAE, 0xDB, 0xA0, 0xE5, 0xBF, 0xFF, 0xBE, 0xDC, 0x53, 0xE4, 0x88,
    0x6B, 0xA6, 0x54, 0x5B, 0x8B, 0x31, 0xBE, 0xDF, 0x5A, 0x65, 0x68, 0xA0, 0x68, 0xFC, 0x85, 0x1E,
    0xD0, 0xEB, 0x3A, 0xF8, 0x4B, 0x2E, 0x0C, 0xB5, 0x82, 0x78, 0x3D, 0x2C, 0x27, 0x58, 0xE6, 0x3B,
    0x01, 0xED, 0xA9, 0xEE, 0xFA, 0x03, 0x01, 0x4F, 0x44, 0x91, 0x1A, 0x8A, 0x19, 0x5D, 0xC3, 0x89,
    0xED, 0x38, 0xC9, 0xA6, 0x41, 0x40, 0xE7, 0x35, 0x59, 0x17, 0x76, 0xD0, 0xC1, 0x91, 0x20, 0xF9,
    0x5C, 0x80, 0xBF, 0xC4, 0xB5, 0xAB, 0xA1, 0xD8, 0xCE, 0x57, 0xD5, 0x71, 0xFA, 0x0B, 0xEB, 0x5E,
    0x80, 0xCE, 0xEF, 0x65, 0xBD, 0x0E, 0x95, 0x32, 0xEB, 0x95, 0x79, 0x77, 0x7A, 0xA8, 0x56, 0x56,
    0x4A, 0xAC, 0x23, 0x83, 0xEE, 0x54, 0xDC, 0x74, 0x45, 0xF6, 0x51, 0x8B, 0x97, 0x45, 0x66, 0xF4,
    0x9D, 0xB0, 0xD5, 0x24, 0x93, 0x22, 0xA9, 0xB6, 0x3A, 0x37, 0x1C, 0x08, 0x46, 0x17, 0x9B, 0xC6,
    0x64, 0xCB, 0x99, 0xCC, 0xAB, 0x89, 0x05, 0x2B, 0xCA, 0x40, 0xB8, 0x25, 0xC8, 0x85, 0x5D, 0xE8,
    0x55, 0x2E, 0x3D, 0xDD, 0x10, 0x8A, 0xE1, 0x18, 0x9C, 0xC8, 0x2C, 0x9F, 0xAE, 0x07, 0xA0, 0x55,
    0x17, 0x94, 0x5C, 0x1C, 0x9F, 0x17, 0x26, 0x18, 0x67, 0x78, 0x5A, 0x58, 0x0E, 0x0F, 0xED, 0xF3,
    0xAA, 0x5D, 0x41, 0x03, 0x75, 0xC0, 0x02, 0x5B, 0xE9, 0x4D, 0x5E, 0x7D, 0x2E, 0x1D, 0x8B, 0x07,
    0xF9, 0x10, 0x02, 0x22, 0x24, 0x44, 0x88, 0x88, 0x90, 0x11, 0x21, 0x24, 0x42, 0x4A, 0x4B, 0x4C,
    0xC8, 0x09, 0x41, 0xAD, 0x49, 0x2D, 0x51, 0x11, 0xB2, 0x5A, 0xC2, 0xB2, 0xB4, 0xB6, 0x71, 0x7D,
    0x57, 0x0D, 0xDE, 0xB6, 0x63, 0xC4, 0xA6, 0x38, 0x7B, 0x57, 0x04, 0x5D, 0xB9, 0xC9, 0x62, 0x42,
    0x4A, 0x08, 0x09, 0x19, 0x59, 0x44, 0x7B, 0x4F, 0xA6, 0xBF, 0x5A, 0x0F, 0x1E, 0x87, 0x71, 0xB5,
    0x4E, 0xCB, 0x38, 0x55, 0x3C, 0xCA, 0x5B, 0x04, 0x60, 0xFE, 0xA1, 0x1F, 0xF6, 0x21, 0x1F, 0xEE,
    0xCF, 0x3E, 0x2E, 0xE2, 0xEB, 0xEA, 0xB8, 0x92, 0x1F, 0xC0, 0x14, 0x14, 0x8D, 0x64, 0xAA, 0xE3,
    0xF7, 0x7D, 0xA1, 0x03, 0xE0, 0x67, 0x58, 0xDA, 0xAF, 0xF0, 0x50, 0xA9, 0x52, 0x59, 0x65, 0xAB,
    0x43, 0x49, 0x87, 0xD1, 0x21, 0xE8, 0xCE, 0x21, 0x92, 0xAF, 0x8B, 0x1D, 0x17, 0xF6, 0x98, 0x2F,
    0xE3, 0x20, 0xCC, 0x37, 0x14, 0xDB, 0x6B, 0x22, 0xF7, 0x1E, 0x4F, 0xB8, 0xD3, 0x20, 0xC4, 0xE3,
    0xBD, 0x84, 0x19, 0x0F, 0xF7, 0xB4, 0x5E, 0x8F, 0x67, 0x7B, 0x39, 0xE5, 0x76, 0xA2, 0xD9, 0x65,
    0x5C, 0xB8, 0x06, 0xFA, 0x07, 0xED, 0xD9, 0x48, 0xD1, 0x33, 0x01, 0x15, 0xFA, 0x97, 0x74, 0x3C,
    0xC8, 0xBB, 0xA5, 0x23, 0x05, 0x25, 0xAC, 0x1D, 0x18, 0x44, 0xD2, 0xA1, 0x39, 0x34, 0x48, 0x67,
    0xDF, 0x21, 0x71, 0x5A, 0x9D, 0xD2, 0xE3, 0xEA, 0x14, 0x9D, 0x56, 0x27, 0x8C, 0x86, 0x1A, 0xA7,
    0x93, 0x99, 0x24, 0x73, 0x95, 0xD5, 0xD6, 0x41, 0x84, 0xE7, 0x85, 0x18, 0xFF, 0xBF, 0xF3, 0x8F,
    0x86, 0x6C, 0x44, 0x92, 0xC7, 0x29, 0xA5, 0x96, 0x18, 0x47, 0xA9, 0x2C, 0xEB, 0x32, 0xE9, 0x6E,
    0x48, 0x02, 0xD9, 0x75, 0xA9, 0x9B, 0x34, 0xBB, 0x45, 0x8D, 0xCF, 0xCD, 0x6C, 0xCF, 0xDB, 0x1C,
    0xA6, 0x94, 0xE0, 0x02, 0x65, 0xF2, 0xB5, 0x5E, 0xBB, 0xEF, 0xE8, 0xFC, 0xB2, 0xA3, 0xAB, 0xFE,
    0x8B, 0x1D, 0x5D, 0x04, 0xC5, 0xC0, 0x35, 0x3F, 0xFD, 0x00, 0xDB, 0xE4, 0x0D, 0xA4, 0x17, 0x86,
    0x98, 0x8B, 0xBB, 0x12, 0x98, 0x14, 0x23, 0xBA, 0xB6, 0xC5, 0x4F, 0xEA, 0xF9, 0x23, 0x9C, 0x39,
    0x00, 0xB4, 0xA8, 0xD3, 0x05, 0x8E, 0xA2, 0xAD, 0x21, 0x17, 0xD8, 0xCA, 0xE3, 0xAB, 0xF5, 0x0D,
    0xCD, 0xDB, 0x0A, 0x94, 0x32, 0x12, 0x95, 0x8A, 0x9A, 0x07, 0xBD, 0xDF, 0x6D, 0x61, 0xB6, 0x76,
    0xB4, 0x10, 0xC1, 0x0F, 0xB5, 0xDF, 0x6F, 0x0B, 0x7E, 0xC7, 0x82, 0x77, 0x67, 0xC1, 0x7B, 0x98,
    0x27, 0x3B, 0x45, 0x20, 0x2A, 0x67, 0xB5, 0xF6, 0xD9, 0x8E, 0xE5, 0x6F, 0x4E, 0x28, 0x37, 0x8E,
    0x29, 0x76, 0xB0, 0xC2, 0x89, 0xCA, 0xDA, 0x38, 0x18, 0x70, 0x9D, 0x5D, 0x09, 0x2E, 0xDC, 0xA0,
    0x04, 0x4E, 0xFD, 0x53, 0x44, 0xFC, 0x99, 0xA6, 0x35, 0x63, 0xE6, 0x0F, 0x31, 0x3F, 0xE3, 0x56,
    0x3A, 0x5A, 0x76, 0xD9, 0x44, 0xAE, 0xCF, 0x47, 0xCA, 0x07, 0x37, 0x08, 0x7C, 0xAF, 0xE8, 0x04,
    0x65, 0x47, 0x6E, 0x90, 0x22, 0xFD, 0x20, 0x37, 0xF1, 0x3D, 0xC0, 0xFA, 0x12, 0x02, 0xA8, 0x1B,
    0xB9, 0xB7, 0x80, 0x43, 0xD9, 0x4A, 0xD5, 0xBE, 0x97, 0x32, 0x1D, 0xD7, 0x13, 0x65, 0x36, 0x0B,
    0x37, 0x44, 0x6F, 0x7D, 0x79, 0x57, 0xAF, 0x60, 0xED, 0x1E, 0x3F, 0x86, 0x0E, 0x1D, 0x24, 0x4C,
    0x07, 0x4C, 0x00, 0xA2, 0x3A, 0xB8, 0x41, 0x04, 0xF8, 0xCE, 0xD0, 0x96, 0xAD, 0xB6, 0x26, 0x68,
    0x96, 0x26, 0x17, 0x68, 0xBB, 0x1D, 0xDA, 0xE5, 0xDB, 0xDA, 0xBD, 0xBD, 0x49, 0x40, 0xC4, 0x7F,
    0x28, 0x60, 0x7E, 0x0E, 0xD1, 0xE9, 0x70, 0xD2, 0x29, 0xF0, 0x0F, 0xF7, 0x53, 0xF7, 0x15, 0x0E,
    0x4F, 0x67, 0x37, 0x89, 0x2B, 0x2B, 0x36, 0xC7, 0x83, 0x76, 0xB3, 0x81, 0x56, 0x40, 0x5E, 0xF6,
    0x04, 0x93, 0xD9, 0xF8, 0xD0, 0x94, 0x6A, 0x3F, 0x2A, 0x52, 0x23, 0x8D, 0xB0, 0xC9, 0x85, 0x07,
    0xF9, 0xA2, 0x8D, 0x58, 0x33, 0x0B, 0xB5, 0x04, 0xB7, 0x04, 0xB9, 0x04, 0xBB, 0x04, 0xBD, 0x04,
    0xBF, 0x22, 0x11, 0xEC, 0x94, 0x50, 0x4C, 0x70, 0x4C, 0xF0, 0x6B, 0x84, 0x61, 0x23, 0x44, 0x2B,
    0x39, 0x10, 0x54, 0x13, 0x5C, 0x2F, 0xB2, 0x97, 0x32, 0xAD, 0x4E, 0x14, 0x7A, 0xCE, 0x43, 0x02,
    0xD2, 0x41, 0x3C, 0x4B, 0x3E, 0x4B, 0x40, 0x84, 0x84, 0x08, 0x11, 0x69, 0x5D, 0xC6, 0x96, 0x90,
    0x92, 0x75, 0xDE, 0xFA, 0x6F, 0x44, 0x15, 0xDD, 0x52, 0x05, 0xDF, 0x51, 0xC5, 0x4F, 0xB7, 0x9B,
    0x6B, 0xEB, 0x78, 0xAD, 0xF0, 0x85, 0x20, 0xFF, 0x61, 0xA7, 0x0F, 0x36, 0x47, 0xC4, 0x64, 0x29,
    0x21, 0x24, 0x64, 0x84, 0x88, 0xF6, 0xFD, 0xE4, 0x7F, 0x1D, 0x87, 0x84, 0xF3, 0x8F, 0x8B, 0x7B,
    0xD7, 0x05, 0x92, 0x6F, 0xC8, 0x56, 0x43, 0x23, 0x39, 0xDB, 0x40, 0xEB, 0xD6, 0xB9, 0x56, 0xDF,
    0x38, 0x3C, 0x4B, 0xA1, 0x88, 0x5F, 0x98, 0x4D, 0x1C, 0x74, 0xDE, 0xD7, 0x61, 0x94, 0x55, 0x59,
    0x85, 0x43, 0xC2, 0x85, 0x8E, 0x8B, 0x33, 0x1C, 0x12, 0xF6, 0x19, 0x17, 0x35, 0x16, 0xE7, 0xB9,
    0xA3, 0x83, 0x25, 0xD9, 0xDB, 0x13, 0x0E, 0x5C, 0x19, 0x06, 0xF4, 0xA8, 0xF6, 0x19, 0x3B, 0xC4,
    0x20, 0x9E, 0x25, 0x9F, 0x2C, 0x64, 0x15, 0xD2, 0xD9, 0x73, 0x48, 0x7C, 0x0D, 0x87, 0x84, 0x73,
    0x8F, 0x06, 0x6C, 0xD7, 0xCB, 0xC9, 0xA6, 0x94, 0x64, 0xD6, 0x18, 0x07, 0xDF, 0x90, 0x6B, 0xA4,
    0x6F, 0x69, 0x71, 0x28, 0xC8, 0xAE, 0x8B, 0xDD, 0x8C, 0x7C, 0xA5, 0x43, 0xC2, 0x6E, 0x3B, 0x17,
    0x2A, 0xC0, 0x61, 0xF3, 0xC0, 0x60, 0x56, 0xDA, 0x63, 0x80, 0x4E, 0x6C, 0x6B, 0x87, 0x1B, 0x12,
    0xE9, 0x5E, 0xA8, 0xFF, 0x0F, 0xAF, 0x0B, 0x02, 0xE5, 0xC2, 0x02, 0xBB, 0xD9, 0xFD, 0x67, 0x94,
    0x4A, 0x11, 0x0F, 0xCA, 0x83, 0x1D, 0x32, 0xB7, 0x0F, 0x1F, 0x71, 0x08, 0x2A, 0x58, 0xA7, 0x1E,
    0xDB, 0x5F, 0x08, 0xEF, 0xD9, 0xF3, 0x0B, 0xB3, 0xDE, 0xFF, 0x87, 0xD9, 0xA2, 0xFD, 0x5A, 0x66,
    0x8B, 0x2B, 0xF0, 0x1D, 0x08, 0xE6, 0xED, 0x6B, 0xE8, 0x6A, 0x71, 0xAA, 0x9E, 0x5D, 0xA3, 0x9E,
    0xB3, 0x0B, 0xF6, 0xFC, 0x0D, 0x45, 0x34, 0x42, 0xF3, 0x04, 0xE5, 0x56, 0x45, 0xA1, 0x2C, 0x2B,
    0xFD, 0xD3, 0x05, 0xFD, 0xBB, 0xD7, 0x76, 0xF2, 0x8C, 0x9D, 0x38, 0x31, 0xDF, 0x64, 0x34, 0x41,
    0xFD, 0xA8, 0x9E, 0x0F, 0x9D, 0x6B, 0x84, 0xCD, 0xE5, 0x7A, 0xC6, 0x56, 0x9D, 0x78, 0x82, 0xC1,
    0x19, 0x9E, 0xAD, 0xFF, 0x50, 0xDF, 0xAB, 0xE7, 0xAC, 0x65, 0xEC, 0xD8, 0x77, 0xF1, 0x0C, 0x9D,
    0xD8, 0x26, 0x6D, 0x5E, 0x5F, 0xFE, 0xB8, 0xD5, 0x31, 0xE8, 0x60, 0xF5, 0x62, 0xDD, 0x46, 0xEF,
    0x2B, 0xB3, 0xF9, 0xFE, 0xF1, 0x71, 0x62, 0x8E, 0x2A, 0xEE, 0xE7, 0x23, 0xCE, 0xF5, 0x8F, 0xE1,
    0x93, 0x76, 0xB1, 0x8A, 0x95, 0x57, 0x79, 0xE1, 0x0E, 0x37, 0x2B, 0x1F, 0x95, 0x27, 0xEA, 0x5D,
    0x6C, 0x61, 0xD9, 0xCC, 0x0A, 0xFB, 0xFA, 0xBC, 0xA3, 0x87, 0x20, 0x5E, 0x78, 0x0B, 0xD2, 0x49,
    0x31, 0x1E, 0x66, 0xCA, 0xC6, 0xC3, 0x24, 0x48, 0x05, 0x43, 0xA6, 0x56, 0x05, 0xAE, 0x57, 0x74,
    0xB0, 0x9A, 0xF7, 0x02, 0x27, 0x68, 0xB5, 0x87, 0x40, 0x23, 0xA8, 0x83, 0x6F, 0x75, 0x35, 0x06,
    0xF4, 0x0D, 0xB5, 0x9A, 0x2C, 0xD0, 0x41, 0xAF, 0x1E, 0x73, 0xED, 0x1E, 0x76, 0x5C, 0x54, 0xCF,
    0x47, 0x85, 0xBD, 0x62, 0xB3, 0x38, 0x1B, 0xA4, 0x71, 0xDF, 0xA5, 0xA3, 0x20, 0x13, 0xB4, 0x82,
    0xB2, 0xCD, 0xD4, 0x8D, 0x34, 0x5E, 0x07, 0x69, 0x9C, 0x83, 0xEB, 0x04, 0x7E, 0x81, 0xB4, 0xE6,
    0xB5, 0xB5, 0xB2, 0x4D, 0x14, 0x29, 0xCB, 0xED, 0x1C, 0x93, 0x5F, 0x5E, 0x8A, 0x7F, 0x31, 0x53,
    0xCE, 0x9F, 0xEA, 0x4B, 0xF1, 0x74, 0xBA, 0xBB, 0xDD, 0xD3, 0x6B, 0x60, 0x7A, 0xF1, 0x35, 0x30,
    0x8E, 0x4D, 0xBD, 0x20, 0x6E, 0x05, 0x7B, 0xAA, 0xC3, 0xEF, 0x3F, 0x44, 0xCB, 0x2E, 0x7F, 0x52,
    0x8C, 0xCF, 0x3D, 0x69, 0xC9, 0x9A, 0xD3, 0x2F, 0x3E, 0x9C, 0xD7, 0xE4, 0x43, 0x05, 0xFD, 0x1A,
    0xE4, 0x62, 0x51, 0xB2, 0x9E, 0x30, 0xED, 0x9D, 0x8D, 0x6B, 0x73, 0xCD, 0xB3, 0x5A, 0x47, 0xB4,
    0x4A, 0xE3, 0x20, 0x4C, 0xB9, 0x52, 0xCE, 0x04, 0x6F, 0x04, 0x71, 0x04, 0x73, 0x04, 0x75, 0x04,
    0x77, 0x60, 0xB7, 0x0E, 0xE7, 0x5E, 0x09, 0x7F, 0x9B, 0x31, 0xD2, 0x10, 0x14, 0x12, 0x1C, 0x52,
    0x09, 0xC2, 0x22, 0x41, 0xA3, 0x8D, 0x11, 0x88, 0x5C, 0x4C, 0x9A, 0x4A, 0xB8, 0xBC, 0x63, 0xEF,
    0x64, 0xAF, 0x7D, 0x42, 0x89, 0x1F, 0xE6, 0xAF, 0x85, 0xAF, 0xDA, 0x01, 0x81, 0x61, 0x55, 0x28,
    0x46, 0xD1, 0x79, 0x3F, 0x10, 0xC4, 0x12, 0xCC, 0x12, 0xD4, 0x12, 0xDC, 0x12, 0xE4, 0x92, 0x37,
    0x6A, 0xAF, 0xE0, 0x97, 0x20, 0x98, 0x60, 0x78, 0x51, 0x2C, 0xB7, 0xFA, 0x42, 0xC9, 0x7F, 0x9B,
    0x69, 0xB1, 0x6C, 0x9A, 0xD7, 0xCB, 0xBD, 0xB0, 0x6B, 0x2A, 0xC3, 0xE2, 0x54, 0x3D, 0x67, 0xF0,
    0x7C, 0xB8, 0x60, 0xCF, 0xFF, 0x7F, 0x73, 0xEF, 0x94, 0x58, 0x2D, 0x60, 0x59, 0xA9, 0x67, 0x1F,
    0x6A, 0xE1, 0x6B, 0x3B, 0x79, 0x7E, 0xFD, 0x43, 0xB2, 0xC1, 0x8F, 0x81, 0x0F, 0x6E, 0x26, 0xEF,
    0x51, 0x3D, 0x27, 0xBD, 0x7A, 0x8E, 0xDB, 0xCB, 0xF5, 0x8C, 0xBD, 0x53, 0xC4, 0x93, 0xF1, 0x85,
    0xBD, 0x93, 0x7A, 0xCE, 0xDA, 0x5A, 0x98, 0x56, 0xBB, 0x78, 0xBE, 0x7D, 0xEF, 0xD4, 0xE9, 0x18,
    0xB4, 0xD5, 0xFF, 0x52, 0xDD, 0x6E, 0xF7, 0x4E, 0x1E, 0x7B, 0x27, 0xB7, 0xEE, 0x9D, 0xD4, 0x6A,
    0xFC, 0xB8, 0x16, 0xD2, 0x6E, 0xB3, 0x44, 0xDE, 0x81, 0x97, 0xED, 0x70, 0x5D, 0x80, 0xC1, 0x9B,
    0x3B, 0x13, 0x23, 0xE6, 0x03, 0xE5, 0xAE, 0x3E, 0xA1, 0x71, 0xB8, 0xD9, 0xDB, 0x6D, 0x9F, 0xED,
    0xC2, 0x02, 0x98, 0x8E, 0xCA, 0xC4, 0x4E, 0x85, 0x2F, 0xFC, 0x88, 0xF5, 0x1B, 0xDB, 0xED, 0x58,
    0xCA, 0x72, 0x4B, 0x6C, 0x5C, 0x07, 0xAD, 0x22, 0x97, 0x2A, 0x3A, 0xAD, 0x85, 0x1B, 0x09, 0x28,
    0xE6, 0xB0, 0xEC, 0x2B, 0x28, 0xE1, 0x14, 0xCB, 0x7B, 0x8E, 0xC7, 0x68, 0x68, 0xD2, 0x4C, 0x72,
    0x58, 0x37, 0x28, 0xEA, 0x42, 0x39, 0x2A, 0x5D, 0x7F, 0xA2, 0xEF, 0x6E, 0xB2, 0x6C, 0xC1, 0x06,
    0x4A, 0x41, 0x0E, 0x4A, 0xBA, 0xA7, 0x28, 0x8B, 0x75, 0x5D, 0x29, 0xC3, 0xBA, 0xF7, 0xCE, 0x3A,
    0x41, 0xAA, 0x48, 0x0A, 0xC2, 0x25, 0x12, 0xB3, 0x31, 0x66, 0xE9, 0x6C, 0x22, 0x18, 0x04, 0xF9,
    0x90, 0xCC, 0xE2, 0xFE, 0x30, 0x8B, 0xF4, 0xED, 0x66, 0xC3, 0xA0, 0x9B, 0x8D, 0xBA, 0x11, 0x70,
    0x93, 0x0F, 0x52, 0x9A, 0x6C, 0x91, 0x04, 0xFC, 0x5B, 0x0E, 0x29, 0x8F, 0xFA, 0x91, 0x7C, 0xA2,
    0x7B, 0xFA, 0x5F, 0xD8, 0x8B, 0x44, 0xAC, 0xC0, 0x69, 0x21, 0x05, 0xBB, 0x99, 0x07, 0xAA, 0xB5,
    0x5C, 0xA7, 0x53, 0x44, 0xCC, 0xC3, 0x25, 0x9A, 0xA3, 0xD3, 0x0F, 0x81, 0x1A, 0xED, 0x87, 0x40,
    0xC1, 0xBB, 0x85, 0x4D, 0xB7, 0x0A, 0xAB, 0x5B, 0x54, 0x23, 0xFF, 0x5C, 0xC0, 0x75, 0x2D, 0xAE,
    0x26, 0x1D, 0xBF, 0x3D, 0x07, 0xAA, 0x1F, 0x2F, 0xEF, 0x60, 0x0B, 0xCA, 0xFF, 0xC2, 0x44, 0xEE,
    0x4F, 0x02, 0xFF, 0xA9, 0x08, 0x7B, 0xFD, 0xBD, 0x91, 0xFC, 0xD3, 0x9B, 0xC2, 0x6E, 0xFD, 0x4D,
    0xD9, 0x04, 0xDF, 0x53, 0x32, 0x28, 0xD3, 0x5B, 0x7E, 0x53, 0xF6, 0x12, 0x35, 0xDB, 0x9B, 0xFC,
    0x4A, 0x11, 0xEC, 0x75, 0x3E, 0xD5, 0xEB, 0x1B, 0x8C, 0x78, 0x14, 0x44, 0xDD, 0x05, 0x7C, 0x40,
    0xE9, 0xF0, 0x25, 0xEA, 0xE3, 0xCF, 0x8B, 0xF5, 0xC7, 0xC6, 0x73, 0x46, 0x67, 0xEF, 0xD9, 0x94,
    0x72, 0xB9, 0x8E, 0xEB, 0xC2, 0x1E, 0xE7, 0xA7, 0xCC, 0xBD, 0x7C, 0xC7, 0xDD, 0x71, 0x16, 0xBE,
    0x00, 0xB3, 0xFF, 0x06, 0x95, 0x92, 0x01, 0xA6, 0xDD, 0x40, 0x18, 0x85, 0x4F, 0x12, 0x15, 0x04,
    0x03, 0xA0, 0x8A, 0x00, 0xF0, 0x60, 0x36, 0x50, 0x26, 0xD5, 0x2D, 0x74, 0x1F, 0x6F, 0x09, 0x49,
    0x41, 0x01, 0xBA, 0x8C, 0xBA, 0xD0, 0x1D, 0xBC, 0x99, 0xEE, 0x60, 0x96, 0x10, 0x14, 0xB4, 0xE8,
    0x20, 0x34, 0xAD, 0x99, 0x9C, 0xFE, 0xFF, 0xDC, 0x86, 0x5E, 0x8F, 0x3E, 0x6F, 0xDC, 0xF9, 0xC4,
    0xF8, 0xCF, 0x39, 0xE7, 0xE7, 0xDE, 0x5D, 0x2E, 0x97, 0x69, 0x26, 0x39, 0x79, 0x01, 0xA8, 0xD0,
    0x37, 0x7D, 0x3C, 0x5F, 0x09, 0x56, 0xA2, 0xDB, 0x31, 0x6C, 0x30, 0x09, 0x6E, 0xC5, 0x1C, 0xC1,
    0xD0, 0x72, 0xE9, 0x38, 0x0D, 0x84, 0x39, 0xE0, 0x0A, 0x1A, 0xA6, 0x96, 0xB1, 0xE3, 0xD2, 0x13,
    0xC3, 0x01, 0x93, 0x31, 0x6E, 0xB0, 0x32, 0x1E, 0x30, 0x2F, 0xF0, 0x90, 0x81, 0xB5, 0x63, 0xB8,
    0x0E, 0x98, 0xA2, 0x03, 0x56, 0xCD, 0x74, 0xC0, 0x4F, 0x20, 0x20, 0xE6, 0xFD, 0x86, 0x31, 0x1A,
    0x15, 0x8D, 0x2B, 0x7C, 0x70, 0x11, 0xD2, 0x42, 0x34, 0x50, 0x95, 0xA4, 0x99, 0x22, 0x62, 0x9B,
    0x35, 0x31, 0xDB, 0x02, 0xBF, 0xB9, 0x0C, 0xF8, 0x5D, 0xC8, 0x34, 0xEF, 0x60, 0xF4, 0x52, 0x22,
    0x68, 0x8D, 0x37, 0x12, 0x75, 0xB4, 0xC4, 0x90, 0x3B, 0x29, 0xB3, 0xF7, 0x59, 0xDC, 0xA5, 0xBF,
    0xFD, 0xEB, 0x1E, 0x51, 0x15, 0xD2, 0x89, 0x55, 0xB1, 0x56, 0x45, 0xCD, 0x18, 0x4A, 0x47, 0x55,
    0x14, 0x8C, 0xC9, 0xEC, 0xB0, 0xEB, 0xD9, 0x67, 0x9E, 0xA4, 0x2A, 0x74, 0x1B, 0x68, 0x63, 0x80,
    0x15, 0xB8, 0x02, 0x8D, 0xA2, 0x3D, 0x00, 0x4B, 0x32, 0x2A, 0x82, 0x53, 0xDC, 0x7D, 0x3E, 0x2E,
    0x0B, 0xA4, 0x00, 0xD0, 0xEF, 0x02, 0x69, 0x01, 0x98, 0x8A, 0x74, 0x62, 0xAC, 0x58, 0x05, 0x56,
    0xE1, 0xA2, 0x22, 0xDC, 0xE0, 0x1A, 0xFB, 0xBF, 0xEC, 0xE6, 0x00, 0x9E, 0x0A, 0x51, 0xFF, 0x96,
    0x64, 0x51, 0xE4, 0x4E, 0xD1, 0x5E, 0xF8, 0xED, 0x13, 0x30, 0xDF, 0x86, 0x9C, 0xFE, 0x8F, 0x17,
    0x54, 0x14, 0xE0, 0x5C, 0xF0, 0x76, 0xCB, 0x27, 0x17, 0x34, 0x64, 0xBD, 0x23, 0x8F, 0x7A, 0x2D,
    0x0B, 0x1C, 0xF3, 0x3F, 0x77, 0xC7, 0x2C, 0xD7, 0x1E, 0xFE, 0x37, 0xA3, 0x2D, 0xFC, 0xC9, 0xE8,
    0x94, 0xC1, 0xE5, 0xCA, 0xA2, 0x9C, 0x0B, 0xBF, 0x73, 0x69, 0xB4, 0xA4, 0xE1, 0xAA, 0x65, 0x12,
    0xE0, 0xDE, 0x6E, 0x80, 0xEF, 0x04, 0x0F, 0x5D, 0x12, 0x0C, 0x82, 0x99, 0xB1, 0x89, 0x8E, 0xEF,
    0xFD, 0x3A, 0xFC, 0xBA, 0xE7, 0x82, 0x7B, 0x7E, 0xC4, 0x2B, 0x7E, 0x05, 0xAC, 0xF6, 0x7B, 0x69,
    0x97, 0x07, 0x34, 0x1A, 0xD1, 0x93, 0x4C, 0x26, 0xF1, 0x43, 0x32, 0x41, 0x2C, 0xC6, 0x20, 0x16,
    0x63, 0x28, 0x7D, 0x1A, 0xBF, 0x1C, 0x26, 0x19, 0x92, 0x71, 0xE0, 0x0F, 0x4E, 0xCD, 0x51, 0x57,
    0x9C, 0xD0, 0x07, 0xD8, 0x00, 0x15, 0x4E, 0xB6, 0xC0, 0x6D, 0xF5, 0x7F, 0x2E, 0xBF, 0x55, 0xBF,
    0x4D, 0x46, 0x47, 0xA0, 0x00, 0xAF, 0x01, 0xA0, 0x01, 0xBA, 0x00, 0xA9, 0x73, 0x7D, 0x6F, 0x18,
    0xE0, 0x23, 0x5C, 0x14, 0x81, 0x7C, 0xAB, 0x43, 0xAE, 0xC2, 0x49, 0xC7, 0xCF, 0x33, 0x57, 0xA2,
    0x54, 0x76, 0xBB, 0x52, 0x2D, 0xF4, 0x8C, 0x41, 0x09, 0xB7, 0x28, 0xE1, 0x2B, 0x9B, 0x7C, 0x1D,
    0xDC, 0x94, 0x30, 0xAB, 0x12, 0x2F, 0x26, 0x3C, 0x3A, 0xEF, 0x2A, 0xDB, 0xEB, 0x78, 0x7F, 0x33,
    0x6E, 0xC3, 0xF3, 0x92, 0xFF, 0x00, 0x35, 0x92, 0x31, 0x6E, 0x16, 0x31, 0x10, 0x85, 0x5F, 0x76,
    0x51, 0x2C, 0xC5, 0x85, 0x7B, 0x28, 0x7C, 0x01, 0x24, 0x77, 0x74, 0x30, 0x1B, 0x72, 0x27, 0x90,
    0x68, 0xBC, 0x49, 0x8E, 0x91, 0x22, 0x17, 0x89, 0xFE, 0x5D, 0x7E, 0x2E, 0x60, 0xD1, 0x50, 0xE2,
    0x1B, 0x30, 0x8A, 0x5C, 0x18, 0xC5, 0xDE, 0x61, 0x2C, 0x05, 0xE9, 0xB5, 0x7E, 0xF3, 0xBD, 0x4F,
    0xBE, 0xD8, 0x56, 0x23, 0xD9, 0x4B, 0xA1, 0x73, 0xA5, 0xCF, 0x35, 0x7E, 0xA9, 0xF1, 0x6B, 0x3D,
    0xCD, 0x25, 0x5A, 0x26, 0x49, 0x41, 0x56, 0xD3, 0x81, 0xB9, 0xC1, 0x35, 0x50, 0xC3, 0x51, 0xE7,
    0xE7, 0xE2, 0x7E, 0x70, 0xB8, 0x61, 0x92, 0x4E, 0xD2, 0x60, 0x13, 0x9C, 0x66, 0xB7, 0xD2, 0x9C,
    0x54, 0x27, 0xC5, 0x87, 0x25, 0x6C, 0x99, 0x84, 0xDF, 0x5A, 0x86, 0xE1, 0xF7, 0x96, 0x37, 0x49,
    0x24, 0xAB, 0xFD, 0x0B, 0xF8, 0x02, 0x59, 0x47, 0x59, 0x46, 0xF8, 0xBD, 0xD3, 0xC6, 0xF1, 0xA1,
    0x6C, 0x7A, 0x6B, 0x2E, 0xF4, 0xC8, 0x41, 0x76, 0x73, 0xC0, 0x4B, 0xF7, 0xD2, 0x82, 0x34, 0x9A,
    0xCA, 0x27, 0xC3, 0xDA, 0x8C, 0xB0, 0x22, 0x02, 0x1D, 0x53, 0xD3, 0xBE, 0xF1, 0x56, 0x99, 0xAD,
    0x1E, 0x3A, 0x57, 0x7F, 0x5D, 0xFD, 0x3D, 0x1B, 0x59, 0xBD, 0xEC, 0x0A, 0xDC, 0x0D, 0x1F, 0x2E,
    0x47, 0xD9, 0x7D, 0xC7, 0x85, 0x2C, 0x4E, 0x32, 0xDD, 0x17, 0x9A, 0x6A, 0x9C, 0x2B, 0xFD, 0xA9,
    0xF4, 0x52, 0xAE, 0x1E, 0x19, 0xB4, 0x43, 0x60, 0x1A, 0x62, 0x06, 0xC6, 0x76, 0x76, 0xE7, 0x12,
    0x6E, 0x2B, 0x5D, 0x37, 0xFA, 0xD6, 0xE2, 0x87, 0x3A, 0x60, 0x66, 0x26, 0x9B, 0xB5, 0x73, 0x6C,
    0xDF, 0x74, 0xDA, 0xEA, 0x64, 0xBD, 0xA2, 0x05, 0x04, 0xC4, 0x11, 0x9C, 0x06, 0x4F, 0xD0, 0xFE,
    0x91, 0x84, 0x98, 0x26, 0x69, 0x46, 0xBA, 0x49, 0xC7, 0x2B, 0xA8, 0x52, 0x6E, 0x8B, 0x29, 0x08,
    0x52, 0x49, 0x8A, 0x06, 0x5B, 0x36, 0xD2, 0xE6, 0xD4, 0xB1, 0x28, 0x5C, 0x03, 0xE5, 0x41, 0x30,
    0x57, 0x4C, 0xCD, 0x2B, 0x9E, 0xE8, 0x8A, 0x05, 0x53, 0x87, 0x6D, 0x08, 0x0D, 0xA7, 0x3A, 0x3D,
    0x57, 0xFB, 0xB3, 0xFC, 0xF7, 0xDC, 0x61, 0x32, 0xAC, 0x26, 0x69, 0xC9, 0xAB, 0xEA, 0x05, 0x3E,
    0xAC, 0x41, 0x3D, 0xEB, 0x99, 0xB9, 0xBC, 0x99, 0xF9, 0xA3, 0x65, 0xDD, 0x6E, 0xFB, 0xF0, 0xAC,
    0xD3, 0xE6, 0x0E, 0xC7, 0xEA, 0x39, 0x69, 0x79, 0xFC, 0xA5, 0xBB, 0x34, 0x85, 0x1E, 0xD8, 0x4B,
    0xBA, 0x3C, 0xA0, 0x48, 0x71, 0x84, 0x9F, 0x6C, 0x7E, 0x52, 0xC9, 0xB4, 0x8C, 0x51, 0x6D, 0x10,
    0x59, 0x86, 0x4B, 0xA0, 0x55, 0x3D, 0xEB, 0xB9, 0xE2, 0xBE, 0x37, 0x7F, 0x5B, 0xDD, 0x1D, 0x1B,
    0x2D, 0x97, 0x44, 0x96, 0x4F, 0x86, 0x37, 0x3B, 0x6E, 0xBD, 0x3B, 0x70, 0x31, 0xE4, 0x70, 0xB8,
    0x2B, 0xFA, 0x79, 0xE8, 0xA6, 0xA9, 0xE7, 0xF0, 0x52, 0x2E, 0xD5, 0x73, 0x48, 0x90, 0xC5, 0xF4,
    0x31, 0xF4, 0x1F, 0x65, 0xD5, 0x01, 0x84, 0x25, 0xC9, 0x1D, 0x06, 0xF0, 0xAF, 0xBB, 0x2F, 0xDB,
    0xA1, 0x51, 0x47, 0x02, 0x6E, 0xD1, 0x00, 0x5C, 0x64, 0x1B, 0x00, 0x50, 0x7D, 0xE0, 0xB0, 0x98,
    0x20, 0x01, 0x00, 0x82, 0x38, 0x38, 0x00, 0x48, 0xAE, 0x5A, 0x20, 0x38, 0xEC, 0x02, 0x00, 0x39,
    0x1C, 0xEE, 0xE6, 0xB0, 0x40, 0x44, 0x5C, 0xB6, 0x5A, 0x06, 0x43, 0x06, 0xD3, 0x76, 0x30, 0x08,
    0xB6, 0x33, 0x13, 0xC1, 0x1D, 0xA6, 0x67, 0xB6, 0xCE, 0xF5, 0xEE, 0x55, 0xF5, 0x97, 0xFF, 0xBF,
    0xDE, 0x7B, 0xE3, 0x56, 0xDA, 0xF3, 0xD3, 0x74, 0xA9, 0xEF, 0x9B, 0xAE, 0xAA, 0x1E, 0xA0, 0x39,
    0x1B, 0x85, 0x4F, 0x07, 0xC0, 0x1C, 0xF5, 0x40, 0x7B, 0x04, 0x94, 0x24, 0xD0, 0x92, 0x13, 0x1C,
    0x19, 0x0A, 0x46, 0x17, 0x2B, 0x7E, 0xED, 0x52, 0x9D, 0xFE, 0xFA, 0xB7, 0x60, 0x62, 0xF8, 0xAE,
    0x6F, 0xC3, 0xB2, 0xA0, 0xBB, 0xBD, 0x5D, 0x60, 0xEF, 0xAE, 0x84, 0x57, 0x57, 0x33, 0xEC, 0xF5,
    0xC5, 0x04, 0x77, 0x71, 0x32, 0xC2, 0x5D, 0x9E, 0x0A, 0x67, 0x32, 0xA7, 0x3B, 0x97, 0x39, 0xDD,
    0x4B, 0x03, 0xD8, 0x9B, 0xF6, 0x11, 0xEC, 0xF6, 0xC8, 0x8D, 0x5D, 0xB2, 0x1C, 0x0C, 0x49, 0x34,
    0xE4, 0xAA, 0x61, 0x13, 0xC0, 0x15, 0x40, 0x08, 0x40, 0x21, 0x73, 0xA2, 0xBC, 0x13, 0x80, 0x87,
    0x5B, 0x2F, 0x92, 0x01, 0xA8, 0xC9, 0x04, 0x18, 0x7A, 0x02, 0x76, 0x2D, 0x93, 0xB8, 0x60, 0x06,
    0xDC, 0x04, 0x00, 0x7E, 0x44, 0x1E, 0x12, 0x81, 0xE6, 0xE0, 0x0A, 0x1D, 0x23, 0x18, 0x72, 0x01,
    0xDA, 0x6C, 0x97, 0x85, 0x9D, 0xF0, 0x5B, 0xC0, 0xF5, 0xD5, 0x8A, 0x82, 0x7D, 0x15, 0xD1, 0xF0,
    0x75, 0x19, 0x75, 0xCC, 0x7F, 0xA3, 0x8E, 0xA1, 0x78, 0xA9, 0xDA, 0xA9, 0x65, 0x80, 0x1D, 0xF1,
    0xF1, 0x04, 0xD8, 0x08, 0x0F, 0xB8, 0xAC, 0x8F, 0xD8, 0x0E, 0x32, 0x21, 0x01, 0x5B, 0x2A, 0xC4,
    0xB4, 0x95, 0x11, 0x45, 0x7A, 0x2E, 0x9A, 0xE8, 0xC9, 0xDE, 0x44, 0x47, 0xA2, 0xCD, 0x3E, 0x5C,
    0x6D, 0xBD, 0xA1, 0x0A, 0xB6, 0x5E, 0x60, 0xC9, 0xC7, 0x9B, 0x7A, 0x94, 0xD4, 0x27, 0x09, 0xDD,
    0xD2, 0x3D, 0x59, 0x61, 0xE6, 0xF6, 0xE5, 0x04, 0x33, 0xB5, 0x37, 0xA3, 0x68, 0x38, 0xA2, 0x1D,
    0xD5, 0x4E, 0x1C, 0xF6, 0xDA, 0xC1, 0xB0, 0x07, 0x9C, 0x02, 0xCF, 0x39, 0x1B, 0x44, 0x3E, 0x5B,
    0xD5, 0x3A, 0xAA, 0x95, 0x58, 0x6C, 0xF5, 0x2A, 0xA6, 0x3A, 0xBC, 0xDF, 0x97, 0xC9, 0xDC, 0x71,
    0xAE, 0x36, 0xFF, 0x2D, 0xA7, 0x8A, 0x7C, 0xC9, 0xB1, 0xE2, 0xD6, 0xCD, 0xA8, 0x19, 0xBB, 0x09,
    0xF5, 0xF7, 0x51, 0xEE, 0x9B, 0xEF, 0x53, 0xBB, 0xC0, 0xDC, 0x6D, 0x4D, 0x84, 0xB9, 0x65, 0xB5,
    0xA9, 0x05, 0xD1, 0xCE, 0x84, 0x38, 0x71, 0x20, 0xBA, 0xC9, 0xFF, 0x40, 0xD8, 0xD1, 0x31, 0x89,
    0x2D, 0x57, 0xB1, 0xE4, 0x53, 0x80, 0x3D, 0xFC, 0x00, 0x02, 0xBE, 0x57, 0x0F, 0xBF, 0x62, 0xDB,
    0xA9, 0xBF, 0x96, 0x24, 0xC7, 0x9D, 0x5D, 0xF6, 0xE1, 0xFA, 0x97, 0xAB, 0x6D, 0xA8, 0xC2, 0xDD,
    0xF5, 0x8A, 0x2E, 0xBC, 0xBA, 0xD8, 0xE0, 0x6E, 0x5F, 0x5D, 0x10, 0xEE, 0xEE, 0xFA, 0x92, 0xF0,
    0xAF, 0x2E, 0xCE, 0x88, 0xE6, 0xFA, 0xE4, 0x6C, 0x86, 0xB9, 0x3C, 0x3D, 0x9F, 0x60, 0xFE, 0xF5,
    0x27, 0xF5, 0xFC, 0xC3, 0xF3, 0x11, 0xED, 0x79, 0xF3, 0x67, 0x91, 0x0D, 0x07, 0x74, 0x9B, 0x61,
    0x8F, 0x2E, 0xA9, 0x36, 0x1A, 0x02, 0x70, 0x9C, 0xAB, 0x00, 0xCF, 0x58, 0x2D, 0x20, 0x59, 0x2F,
    0x48, 0xF0, 0x8F, 0x55, 0xFB, 0x78, 0x2E, 0x22, 0xEC, 0x91, 0xE8, 0xEC, 0xD1, 0x54, 0xC6, 0xE7,
    0xD6, 0x8C, 0xE5, 0xFA, 0x77, 0xDB, 0x8E, 0x55, 0x48, 0x4E, 0x8D, 0x9F, 0x74, 0x43, 0xB5, 0xC8,
    0x83, 0xA1, 0xBE, 0x8D, 0xC9, 0xF6, 0xCD, 0xDD, 0x1A, 0x2D, 0x9A, 0xAB, 0x10, 0x1D, 0xCC, 0xF5,
    0x77, 0xEA, 0xC5, 0xED, 0xEA, 0x61, 0x4E, 0xEE, 0xD6, 0x0D, 0xED, 0xA9, 0x4E, 0xDB, 0x9D, 0xCD,
    0x65, 0x44, 0xF7, 0xE9, 0xD4, 0xAC, 0xB0, 0x4F, 0xC8, 0x45, 0x22, 0xC8, 0x51, 0xDD, 0xA0, 0x97,
    0x89, 0x0A, 0xD9, 0x03, 0x2D, 0x09, 0xA0, 0xCB, 0xBE, 0xE7, 0xDF, 0x88, 0xE8, 0x16, 0xE0, 0xC1,
    0x67, 0xAA, 0x4B, 0x76, 0x46, 0x41, 0x8A, 0x15, 0xE9, 0x27, 0x34, 0xFC, 0x80, 0x23, 0x4C, 0x84,
    0xBF, 0x77, 0x05, 0x07, 0xB4, 0x59, 0x93, 0x6A, 0xF6, 0x30, 0x24, 0x81, 0x86, 0x6F, 0xC4, 0x92,
    0x57, 0x22, 0x3E, 0xFA, 0xE0, 0x37, 0xD8, 0x5F, 0xEF, 0x1F, 0x1F, 0x1F, 0x03, 0x8E, 0xE4, 0x41,
    0xCF, 0x5D, 0xAB, 0x8F, 0x13, 0x50, 0x93, 0xB3, 0x96, 0x59, 0xE1, 0xC9, 0x54, 0x70, 0xAA, 0xD7,
    0x8A, 0x28, 0x86, 0x26, 0xED, 0x0A, 0x87, 0xDD, 0xF9, 0xE9, 0x14, 0x1B, 0xF2, 0xC9, 0xBA, 0x87,
    0x9C, 0x95, 0x49, 0x19, 0x7F, 0xF4, 0xA0, 0x0B, 0xF8, 0x25, 0xDA, 0x08, 0xDF, 0x1B, 0xDE, 0x70,
    0xAC, 0x72, 0xA8, 0x46, 0xE0, 0x61, 0xDE, 0xBD, 0x33, 0x38, 0xC3, 0x4D, 0x05, 0x47, 0xF8, 0xA9,
    0x22, 0xC0, 0xD1, 0x24, 0xB5, 0x5B, 0x55, 0xB7, 0x88, 0x03, 0x47, 0x14, 0xFC, 0x23, 0x7B, 0x94,
    0xFC, 0x70, 0x83, 0x68, 0x22, 0xB4, 0x06, 0x53, 0x36, 0xC2, 0x66, 0x3B, 0xFA, 0xED, 0x0B, 0x34,
    0x49, 0x32, 0xD1, 0x44, 0x09, 0x85, 0x89, 0x26, 0xA9, 0x35, 0xC5, 0xB5, 0x12, 0xDB, 0xB5, 0xE4,
    0xA0, 0xAD, 0x38, 0x66, 0x27, 0xAD, 0xE9, 0x16, 0xD5, 0x86, 0x3C, 0xCF, 0xA6, 0x24, 0x25, 0xBE,
    0xFF, 0x15, 0x8F, 0xBF, 0x40, 0x49, 0x00, 0x55, 0x66, 0x7B, 0xA0, 0x38, 0xA0, 0xE6, 0xA6, 0x24,
    0xAD, 0x31, 0xA1, 0xA4, 0xA6, 0x30, 0xBE, 0x83, 0x96, 0xEB, 0xEF, 0xF1, 0x48, 0x6E, 0xF1, 0xAE,
    0xDC, 0xEA, 0xD3, 0xA7, 0x78, 0xA0, 0x37, 0x96, 0x4B, 0xDE, 0x8B, 0xC0, 0x27, 0x4E, 0xF8, 0x95,
    0x9B, 0x00, 0xB8, 0x51, 0xF0, 0x0A, 0xB9, 0x2A, 0x44, 0x21, 0x8C, 0x25, 0xBF, 0xE2, 0x54, 0x12,
    0x76, 0xEE, 0x48, 0x32, 0x93, 0xAB, 0x75, 0x3C, 0xF6, 0xAF, 0xEB, 0x08, 0xBB, 0x38, 0xED, 0xE7,
    0xEF, 0x79, 0xB6, 0x1D, 0xF3, 0x3F, 0x26, 0x94, 0x1C, 0x5A, 0x92, 0xE8, 0xC8, 0xB4, 0x5F, 0xA7,
    0x37, 0x5F, 0x02, 0x76, 0xD6, 0xB0, 0x29, 0x73, 0x9F, 0xA8, 0x00, 0xE0, 0x81, 0x62, 0x13, 0xCA,
    0x08, 0x14, 0x5E, 0xC8, 0xFB, 0x33, 0xAF, 0x25, 0xC9, 0xA5, 0xE2, 0x11, 0x97, 0x7A, 0x33, 0xE7,
    0xC1, 0xC4, 0xF6, 0x9F, 0x7D, 0xBB, 0x76, 0x3D, 0xBA, 0x60, 0xA1, 0x45, 0x94, 0xE7, 0xBA, 0x92,
    0xE4, 0x9C, 0xF1, 0x2F, 0xC8, 0xC9, 0x9F, 0x6C, 0x7E, 0xF4, 0x27, 0x8B, 0x1D, 0xFD, 0xE9, 0xE2,
    0x46, 0x77, 0x36, 0xF9, 0xC1, 0xBE, 0x1C, 0xD9, 0x5B, 0x9E, 0xE6, 0x7E, 0x71, 0xB7, 0xA3, 0x2A,
    0x72, 0x02, 0xF8, 0x1A, 0x80, 0xE6, 0x17, 0x69, 0x5F, 0x02, 0xC5, 0xAF, 0x05, 0xC0, 0x07, 0xA1,
    0xD1, 0x32, 0x79, 0x7B, 0x1D, 0x3E, 0xE1, 0x4D, 0x6F, 0x45, 0xA0, 0x0D, 0xD9, 0x45, 0x87, 0x90,
    0xBD, 0x51, 0xB1, 0x13, 0x68, 0x93, 0x50, 0x70, 0x16, 0xDB, 0x4D, 0xC8, 0x0B, 0x9B, 0x8D, 0x7B,
    0x2B, 0x4D, 0x42, 0x9D, 0xAD, 0x12, 0x7E, 0x2A, 0x12, 0x0E, 0x28, 0x99, 0x13, 0xC5, 0x01, 0xB0,
    0x4C, 0x00, 0x1E, 0xF0, 0xA9, 0x08, 0xB8, 0x5E, 0xF0, 0x00, 0x40, 0xEC, 0x4B, 0xFB, 0x94, 0x2B,
    0x0E, 0xBB, 0x53, 0x40, 0x32, 0x94, 0xBC, 0xE4, 0x5A, 0xB1, 0xB9, 0x8C, 0x4D, 0x32, 0x27, 0x93,
    0x89, 0xED, 0x88, 0x76, 0xED, 0x86, 0xFF, 0x7B, 0x69, 0x4B, 0x12, 0xE6, 0x28, 0xBC, 0x58, 0x85,
    0x8B, 0xA0, 0x2C, 0xEF, 0xC2, 0x5E, 0xCE, 0x76, 0xB0, 0x37, 0x13, 0xC7, 0x8E, 0x27, 0xEC, 0x5B,
    0x92, 0x1A, 0x11, 0x51, 0x6A, 0x04, 0xFC, 0xF6, 0xE3, 0xFC, 0x32, 0x1D, 0xDE, 0x97, 0x21, 0x19,
    0x5B, 0x61, 0xCD, 0xBC, 0x27, 0xC7, 0xFD, 0x73, 0xDC, 0x5F, 0x96, 0xE4, 0xE2, 0x84, 0x39, 0xF3,
    0xD1, 0x33, 0x1E, 0x3F, 0xC5, 0xEE, 0x70, 0xC7, 0xB7, 0x68, 0x57, 0x25, 0x08, 0x9D, 0x62, 0x97,
    0xB7, 0x70, 0xF7, 0xBB, 0xC9, 0x2B, 0x1C, 0x81, 0x8A, 0x24, 0xF7, 0xD6, 0xD9, 0x07, 0xC7, 0xFC,
    0xE6, 0xCB, 0xFD, 0xE7, 0x0C, 0x30, 0x61, 0xDF, 0x6D, 0x6F, 0xAB, 0x1E, 0xA6, 0x87, 0x5F, 0x00,
    0x39, 0x6A, 0x53, 0x6E, 0x38, 0x00, 0x8E, 0x09, 0xEA, 0x22, 0xC2, 0x66, 0xBB, 0xA8, 0x9A, 0x4D,
    0xAD, 0xA9, 0x96, 0x1C, 0x45, 0x70, 0x52, 0xDD, 0xFD, 0x20, 0x98, 0xF5, 0x40, 0x1B, 0x94, 0xE5,
    0x27, 0x5A, 0xE2, 0x0F, 0xC2, 0x0F, 0x49, 0x03, 0xA2, 0x32, 0xA1, 0x60, 0x5E, 0xB4, 0xE9, 0xE7,
    0x30, 0xFC, 0x47, 0x10, 0x6E, 0x02, 0xDE, 0xA1, 0x46, 0x92, 0x3D, 0x6A, 0x86, 0x2A, 0x75, 0xEC,
    0xEB, 0x68, 0x89, 0x46, 0x31, 0xEB, 0xCF, 0x88, 0x6E, 0xA9, 0x36, 0xF8, 0xB9, 0xE2, 0x33, 0x8E,
    0x35, 0x49, 0x08, 0xEB, 0x6E, 0xE9, 0xD1, 0x66, 0x3B, 0x32, 0x68, 0x00, 0x93, 0xF8, 0xC6, 0x53,
    0x5C, 0x6A, 0xD1, 0xCD, 0xD5, 0xC1, 0xFB, 0xEF, 0x5C, 0x9D, 0x6D, 0x36, 0xB5, 0x4B, 0xC8, 0x2B,
    0x96, 0x9D, 0xD1, 0x89, 0x3D, 0x1E, 0xF2, 0x9B, 0xCF, 0x01, 0x1D, 0x0C, 0xFC, 0x82, 0xBA, 0x92,
    0x8E, 0x5C, 0xB3, 0x01, 0xF0, 0xD9, 0xBC, 0x5E, 0x6F, 0xBB, 0xAA, 0xC0, 0x67, 0xBF, 0x03, 0x8A,
    0xF0, 0x35, 0x50, 0x2E, 0x11, 0xA8, 0x14, 0x32, 0xC3, 0xBE, 0x10, 0xA6, 0x92, 0xDF, 0x72, 0x29,
    0x09, 0xB7, 0x54, 0x84, 0xDD, 0xB3, 0x09, 0x75, 0x92, 0xA6, 0x75, 0x2A, 0xA4, 0xDC, 0xFE, 0x38,
    0x05, 0x65, 0x85, 0xD9, 0x9E, 0x71, 0xF7, 0xDF, 0xA6, 0x0D, 0x5A, 0x7A, 0x11, 0xEC, 0x8E, 0x42,
    0x98, 0x2B, 0x0E, 0x4E, 0xFF, 0x68, 0x47, 0xA6, 0xDC, 0x4F, 0x19, 0x24, 0x7B, 0xC5, 0x9E, 0x7F,
    0x07, 0xA0, 0x7E, 0xB1, 0x00, 0xFF, 0x03, 0x9C, 0xD3, 0x31, 0x88, 0xE6, 0x44, 0x14, 0x07, 0xF0,
    0x7F, 0x12, 0xBC, 0x78, 0x8C, 0x32, 0x95, 0xB0, 0x85, 0x10, 0x6B, 0x9B, 0xB1, 0x6F, 0x26, 0x62,
    0xCF, 0x59, 0xB8, 0xFD, 0xD5, 0x16, 0x62, 0x5F, 0x5C, 0x02, 0xF6, 0xB0, 0x7D, 0x65, 0x61, 0xDF,
    0x5B, 0xCD, 0xA0, 0x3D, 0x17, 0xB0, 0xB0, 0xBC, 0xF4, 0xD5, 0x1C, 0x17, 0xD8, 0x11, 0x26, 0xF3,
    0xF7, 0x3D, 0xF6, 0xCB, 0xC7, 0xED, 0x7D, 0x2E, 0xBB, 0xDE, 0xC0, 0xFE, 0x20, 0x6F, 0x66, 0xDE,
    0xCB, 0x7B, 0x9B, 0x0F, 0xCD, 0x0C, 0xA0, 0x5F, 0x85, 0x21, 0x0B, 0x53, 0x02, 0x1A, 0x46, 0x09,
    0x51, 0x43, 0x24, 0xCB, 0x74, 0x66, 0x50, 0x64, 0xE3, 0x74, 0x44, 0x0F, 0xEB, 0xB5, 0x23, 0x81,
    0xA6, 0xD2, 0x85, 0x4E, 0x36, 0xAD, 0xEC, 0xF9, 0x02, 0x90, 0xE8, 0xC8, 0x68, 0xC9, 0xE4, 0xE5,
    0x76, 0x78, 0xFD, 0xAE, 0x3A, 0x9B, 0xF2, 0xA7, 0x36, 0x7D, 0xA5, 0x67, 0xFE, 0xF7, 0x1F, 0xDA,
    0x51, 0x30, 0x8B, 0xE0, 0x36, 0xC1, 0xEE, 0x42, 0x47, 0x0D, 0x72, 0xF1, 0x24, 0x37, 0x65, 0x3F,
    0xB3, 0x41, 0x37, 0x4E, 0x47, 0xEC, 0x7E, 0x5C, 0xD3, 0x04, 0x9A, 0xEA, 0x63, 0xDE, 0x41, 0xDF,
    0x5D, 0x7B, 0xD0, 0x5E, 0xB4, 0x27, 0xED, 0x4D, 0x7B, 0x04, 0xA9, 0x3D, 0xDF, 0x9D, 0xD3, 0x19,
    0xE8, 0x7A, 0x8E, 0x97, 0x80, 0xFB, 0x36, 0x03, 0xE1, 0xEF, 0x8A, 0x96, 0x7F, 0x70, 0x36, 0x15,
    0x61, 0x75, 0x24, 0x73, 0x10, 0xAA, 0xB2, 0xEB, 0x63, 0x36, 0xBA, 0xD1, 0xF2, 0x17, 0xCE, 0x7A,
    0xF8, 0x74, 0x4D, 0x12, 0x7C, 0xF4, 0x54, 0x3F, 0xB7, 0xE9, 0x67, 0xFF, 0xE2, 0x6D, 0x09, 0x6F,
    0x6E, 0x1F, 0x7D, 0xD3, 0xC0, 0x7A, 0xC9, 0x0E, 0x81, 0xA3, 0xB2, 0x08, 0xD3, 0x26, 0x0C, 0xBB,
    0xD0, 0x4B, 0x30, 0x34, 0x12, 0xBC, 0x86, 0x06, 0x31, 0x54, 0xA1, 0xE7, 0x0C, 0x34, 0x5C, 0x8F,
    0x4F, 0xC3, 0x2E, 0x42, 0x27, 0xB7, 0x75, 0xB5, 0x64, 0xFE, 0x10, 0x34, 0x4A, 0xAF, 0x38, 0x25,
    0xDC, 0xEA, 0xC6, 0x5F, 0x19, 0x86, 0xDF, 0x65, 0xB8, 0xBD, 0xCB, 0x08, 0x5B, 0xF3, 0x43, 0xAB,
    0xC5, 0x8D, 0x54, 0x94, 0x10, 0x00, 0x9F, 0x84, 0x21, 0x0A, 0x3D, 0xEE, 0x2D, 0x7D, 0x94, 0x8D,
    0xE3, 0x88, 0x2B, 0x38, 0x5D, 0xD3, 0x04, 0xC0, 0xB4, 0xB5, 0xBF, 0x61, 0xD0, 0xA4, 0xBD, 0xA6,
    0x6F, 0xF8, 0x67, 0x96, 0xE0, 0xAD, 0x30, 0x9C, 0x5F, 0xA3, 0x11, 0x5A, 0x5E, 0xA2, 0xEB, 0x68,
    0xC6, 0x2E, 0xE7, 0x1F, 0xCA, 0x7A, 0x6A, 0x5A, 0xDA, 0xFF, 0x11, 0x53, 0x46, 0xD0, 0x50, 0xD0,
    0x50, 0xB0, 0x55, 0x07, 0x96, 0x05, 0xAE, 0xC7, 0x10, 0xF7, 0x07, 0xE6, 0x2C, 0xEB, 0x77, 0x25,
    0x2C, 0xCA, 0xA6, 0xEC, 0xE8, 0xA3, 0xA9, 0x18, 0x52, 0x47, 0xA9, 0xD5, 0xB2, 0x61, 0xEC, 0xD8,
    0x57, 0x98, 0x3A, 0x90, 0xDC, 0xA7, 0xE3, 0xF3, 0x59, 0x1C, 0xF9, 0x8F, 0x44, 0xA1, 0x5D, 0xCE,
    0x62, 0x58, 0x2F, 0xBE, 0x71, 0xFC, 0xA4, 0xC3, 0xA9, 0x1A, 0x57, 0x26, 0x25, 0xAC, 0x5D, 0x04,
    0xA3, 0x4D, 0xE0, 0x6C, 0x0B, 0x34, 0xFB, 0x28, 0x57, 0xC3, 0xA2, 0x99, 0x37, 0x27, 0xEC, 0xBD,
    0x02, 0x79, 0xCE, 0xA7, 0xB4, 0x9D, 0x16, 0xB0, 0xF5, 0xF2, 0x47, 0x7F, 0xA3, 0x85, 0x36, 0xC1,
    0x14, 0xC1, 0x1D, 0xE7, 0x5B, 0x3D, 0x6F, 0x48, 0x26, 0x77, 0xC6, 0x28, 0x2D, 0x47, 0x9B, 0xA4,
    0x96, 0xE0, 0x37, 0xC1, 0x16, 0xA1, 0xDB, 0x04, 0x2C, 0x0A, 0x9E, 0xC0, 0x27, 0xDF, 0x03, 0x57,
    0x90, 0xF5, 0x4A, 0x79, 0xAF, 0xF5, 0x7C, 0xD7, 0xAC, 0x27, 0x39, 0x2B, 0xEB, 0x81, 0x3C, 0xC6,
    0x9E, 0xF0, 0xD1, 0x15, 0x61, 0x4A, 0x02, 0xA3, 0x30, 0x41, 0xF8, 0x52, 0xC1, 0x63, 0x7C, 0x31,
    0x0A, 0xB2, 0x9E, 0xFD, 0xFA, 0xA4, 0x97, 0xBC, 0x11, 0xDA, 0x4D, 0x30, 0x45, 0x70, 0x59, 0x08,
    0xAB, 0x4D, 0x32, 0x17, 0x9B, 0x1E, 0x98, 0xCB, 0xBD, 0x36, 0x4C, 0x39, 0x06, 0xAB, 0x23, 0xFE,
    0x5A, 0x37, 0x7D, 0x7C, 0x02, 0x57, 0xCA, 0x2B, 0x85, 0xB3, 0x10, 0x56, 0xC1, 0x65, 0xE1, 0x81,
    0xB9, 0x00, 0xA6, 0xBE, 0xFF, 0x8F, 0x03, 0xE7, 0x63, 0xB0, 0x57, 0x8A, 0xD9, 0x85, 0xC0, 0x88,
    0x86, 0x4C, 0xE8, 0xC8, 0x8C, 0x7E, 0x37, 0x05, 0x26, 0x77, 0x3B, 0xEC, 0xD6, 0x0A, 0xA9, 0xAD,
    0x42, 0x73, 0x8D, 0x73, 0xF3, 0xCF, 0x6D, 0xFA, 0x06, 0xEE, 0x45, 0x2A, 0x08, 0x6F, 0xDE, 0x51,
    0xEB, 0x16, 0xD8, 0xD3, 0xFD, 0x08, 0x90, 0x00, 0x7C, 0x39, 0xC6, 0xD5, 0x45, 0x9C, 0xD6, 0xB4,
    0xCA, 0x13, 0x2B, 0xF4, 0xF0, 0x08, 0xA7, 0x87, 0xFD, 0x3A, 0x2D, 0x98, 0xA2, 0x5B, 0x31, 0xCD,
    0x43, 0x42, 0x90, 0xF1, 0xE1, 0x7A, 0xBC, 0x3F, 0xEB, 0xCF, 0x6C, 0x7A, 0x09, 0x6F, 0xDF, 0x66,
    0xF0, 0xF5, 0x6D, 0x7D, 0x7A, 0xB9, 0xC0, 0x72, 0xC9, 0x0E, 0xAC, 0x81, 0x63, 0x57, 0x42, 0x88,
    0xA6, 0x04, 0x9F, 0xEC, 0x16, 0xEC, 0x36, 0xAC, 0xC1, 0x64, 0xBF, 0x84, 0xBE, 0xF8, 0x88, 0xEE,
    0xBF, 0x59, 0xD0, 0x17, 0x97, 0x60, 0xF2, 0x90, 0x31, 0x6C, 0xB6, 0x8E, 0x21, 0xF5, 0x24, 0x63,
    0x23, 0x8C, 0x98, 0xB8, 0x03, 0xCF, 0x78, 0x03, 0xCF, 0x8A, 0x0F, 0xC1, 0x24, 0x34, 0xAC, 0x06,
    0x5D, 0xAD, 0x3E, 0xDA, 0x52, 0xFD, 0x3A, 0xA4, 0x3A, 0x24, 0xB7, 0x56, 0xB3, 0xF9, 0x58, 0x1F,
    0xAD, 0xBB, 0xC2, 0xE6, 0x61, 0x83, 0x93, 0xBA, 0xCD, 0x5D, 0xDD, 0xE5, 0xDF, 0xA1, 0xDA, 0x4B,
    0xAD, 0xFA, 0x93, 0xB1, 0x1B, 0x28, 0xC4, 0xFE, 0xC8, 0x81, 0x4A, 0xAD, 0x06, 0xAA, 0xB4, 0x42,
    0xA0, 0x0E, 0x62, 0xEC, 0xA6, 0x56, 0xDB, 0x00, 0x00, 0x54, 0xD1, 0x21, 0x8C, 0xEC, 0x36, 0x18,
    0x04, 0xE0, 0x49, 0x2C, 0x5D, 0xA4, 0x06, 0x84, 0xBF, 0x27, 0x35, 0x1C, 0x85, 0x23, 0xBB, 0x9C,
    0xAB, 0xB0, 0xE5, 0xA4, 0x1C, 0xD9, 0x9C, 0xF4, 0x38, 0x2A, 0x6D, 0x39, 0xB7, 0xA5, 0xC7, 0xA5,
    0x1C, 0x07, 0x0D, 0x38, 0x2E, 0x57, 0x0A, 0xC8, 0x4A, 0x4E, 0xA6, 0xFF, 0x68, 0xB5, 0xAB, 0x5B,
    0x83, 0x8F, 0xFC, 0xB6, 0x67, 0x64, 0xE3, 0xDB, 0xDF, 0x00, 0x46, 0x26, 0xA0, 0xE3, 0x06, 0xC0,
    0x1F, 0xC6, 0x78, 0x1A, 0x8E, 0x06, 0x98, 0xF0, 0xFD, 0x88, 0x05, 0x64, 0x5C, 0x1D, 0xC9, 0x6D,
    0xE2, 0xAF, 0xAC, 0x73, 0x03, 0xAB, 0xAF, 0x88, 0x35, 0x8A, 0xBC, 0x89, 0x15, 0x79, 0x13, 0x6B,
    0x2E, 0x60, 0xC9, 0x6B, 0xC7, 0x14, 0x37, 0x47, 0xF8, 0xDB, 0x6F, 0x17, 0x66, 0xF2, 0xC0, 0x40,
    0xAE, 0xC0, 0x1F, 0x37, 0x00, 0xF8, 0xE9, 0x9F, 0x00, 0xCC, 0x2C, 0x80, 0x17, 0x51, 0x13, 0x3E,
    0xE8, 0xE9, 0x37, 0xB8, 0xCB, 0x18, 0x4F, 0x8B, 0x99, 0x9A, 0x31, 0xEF, 0x86, 0xAF, 0x8B, 0x05,
    0x6E, 0xCB, 0x8E, 0x5C, 0x0C, 0x1A, 0x3D, 0xC3, 0x7C, 0x38, 0x62, 0x3E, 0x06, 0x8B, 0x69, 0x53,
    0xB3, 0xED, 0xB3, 0x58, 0x48, 0x36, 0xFF, 0xE0, 0x10, 0x3B, 0xEE, 0x2B, 0x93, 0x0C, 0x90, 0x00,
    0xBF, 0x9A, 0xDC, 0x85, 0x8E, 0xC1, 0x6E, 0xEA, 0xCD, 0xD3, 0xC4, 0xD8, 0xE0, 0x88, 0xE9, 0xE9,
    0x85, 0xE9, 0x80, 0x8D, 0xE6, 0x03, 0xA3, 0xB9, 0x6B, 0xC3, 0x52, 0x35, 0xF2, 0x4F, 0x0F, 0xF8,
    0x4D, 0xA3, 0xB8, 0x42, 0x55, 0xCD, 0x8A, 0x5C, 0x34, 0xA2, 0xB9, 0x3D, 0x4C, 0x80, 0x4A, 0xAE,
    0xF0, 0x66, 0x79, 0x55, 0x55, 0xB1, 0x34, 0x39, 0x9D, 0x72, 0xA0, 0x74, 0x0C, 0x66, 0xC7, 0x62,
    0x22, 0x6F, 0xD2, 0x57, 0xB9, 0x1C, 0x72, 0x6A, 0x72, 0x94, 0x98, 0x24, 0xBC, 0x04, 0xAB, 0xD1,
    0xB3, 0x68, 0xC8, 0x60, 0xCE, 0xA7, 0x81, 0x78, 0x48, 0x6E, 0x86, 0x63, 0x32, 0x27, 0x3E, 0x63,
    0x5F, 0xEA, 0x44, 0x33, 0x41, 0x86, 0xBB, 0xF9, 0x01, 0x28, 0xB4, 0x7C, 0x91, 0x39, 0x49, 0x8A,
    0xEE, 0x92, 0xAE, 0xC9, 0xE1, 0x50, 0x93, 0x69, 0x47, 0x6C, 0x98, 0xAB, 0xF4, 0x2B, 0xB2, 0x59,
    0xE0, 0x4E, 0xE4, 0x20, 0x09, 0xF4, 0x57, 0x7F, 0x4A, 0xD7, 0x74, 0x7C, 0x38, 0x4C, 0x4E, 0xEA,
    0xCE, 0x79, 0x93, 0x4B, 0x91, 0x3E, 0x99, 0x99, 0x90, 0x97, 0x8C, 0x27, 0x64, 0x93, 0x39, 0x8D,
    0x1B, 0x06, 0xD6, 0x68, 0x71, 0xDC, 0x79, 0xC1, 0x7F, 0x9C, 0x1F, 0xB4, 0x20, 0x06, 0x22, 0xA6,
    0x08, 0x33, 0xDC, 0xE5, 0x2F, 0x17, 0xE2, 0x8F, 0x7F, 0x7F, 0x9C, 0xF0, 0xFC, 0x93, 0x0D, 0x0B,
    0xED, 0x9C, 0xAA, 0xE6, 0x00, 0x00, 0x6F, 0xB9, 0x99, 0x0B, 0x65, 0xA6, 0xBA, 0x50, 0xF6, 0xD4,
    0xD4, 0xD1, 0x78, 0x78, 0xC9, 0xE1, 0xEE, 0xF9, 0xFA, 0x03, 0x4F, 0x0F, 0x39, 0xDF, 0xDD, 0xE5,
    0x52, 0xA5, 0xFF, 0xEA, 0x26, 0xE3, 0xDD, 0x55, 0xE6, 0x22, 0x69, 0x8E, 0x41, 0xFA, 0xC2, 0x04,
    0xC4, 0xFF, 0xE4, 0x72, 0x53, 0x91, 0x89, 0x84, 0x7A, 0x5C, 0x66, 0xC7, 0x66, 0x62, 0x59, 0xE5,
    0xFC, 0x89, 0x77, 0xF0, 0xEA, 0x4E, 0x47, 0xF2, 0x1C, 0x8C, 0x63, 0xD8, 0x27, 0x6E, 0xF8, 0xAB,
    0xD3, 0xB9, 0xE7, 0xCA, 0xC9, 0x05, 0xC7, 0x63, 0xAC, 0x13, 0xC9, 0xBA, 0x18, 0xEB, 0x52, 0x22,
    0x43, 0x1F, 0xF4, 0xFC, 0xC0, 0xB7, 0x77, 0x23, 0x16, 0xDD, 0xAE, 0x30, 0xD6, 0x57, 0x36, 0x20,
    0x07, 0x7D, 0xD6, 0xE3, 0xAB, 0xC7, 0x0A, 0x78, 0x92, 0x45, 0xA4, 0x28, 0xB2, 0x11, 0x06, 0x0D,
    0xA7, 0xFA, 0xE8, 0xA7, 0xF5, 0x3B, 0x80, 0xEF, 0x15, 0xE8, 0xA9, 0x5B, 0x8C, 0x85, 0x4C, 0x8E,
    0xFC, 0xC4, 0xC0, 0x9B, 0x1E, 0x34, 0x00, 0x23, 0x13, 0x30, 0xF1, 0xD2, 0x2E, 0xEE, 0xB6, 0x9F,
    0x54, 0x1F, 0xF1, 0x26, 0xF0, 0xB3, 0x80, 0x22, 0x4F, 0xD1, 0x10, 0x9F, 0x20, 0x01, 0xE8, 0x4E,
    0x43, 0x09, 0x70, 0x64, 0x40, 0x97, 0x79, 0xD3, 0x51, 0x16, 0x60, 0x16, 0x9D, 0x58, 0x98, 0x30,
    0x92, 0xE9, 0x8D, 0xBC, 0x29, 0x2D, 0x60, 0xE6, 0xBB, 0xDE, 0x10, 0xC0, 0xFF, 0xD3, 0x05, 0x62,
    0xDC, 0x76, 0x00, 0x00, 0x54, 0xCD, 0xA1, 0x11, 0x83, 0x30, 0x14, 0x06, 0xE0, 0x1F, 0x22, 0x90,
    0x19, 0x81, 0x11, 0xDE, 0x08, 0x0F, 0x5F, 0xC1, 0x48, 0xE0, 0x2A, 0xBA, 0x48, 0xAF, 0x4B, 0x90,
    0x11, 0x18, 0x01, 0x5D, 0x15, 0x81, 0x40, 0x24, 0xFC, 0x7D, 0xC9, 0x1D, 0xBD, 0xC3, 0x7C, 0xF6,
    0x43, 0xC7, 0xD7, 0x09, 0xE5, 0x78, 0x82, 0xF4, 0xB9, 0xE1, 0xD7, 0xA7, 0x96, 0x43, 0x6F, 0x00,
    0x70, 0x05, 0x21, 0x19, 0xF5, 0x8F, 0xF0, 0xC3, 0xCD, 0x27, 0x4C, 0x85, 0x65, 0x2D, 0x04, 0x7F,
    0x80, 0xA1, 0xDF, 0x0D, 0x31, 0x66, 0x89, 0x0D, 0x67, 0x35, 0x06, 0x8D, 0xAD, 0xB1, 0x39, 0x62,
    0xAA, 0xAC, 0xC6, 0x12, 0x9C, 0x65, 0xA1, 0xCB, 0xB0, 0xFC, 0x99, 0x2D, 0x7F, 0x64, 0x90, 0x63,
    0xBA, 0xF2, 0x02, 0xFA, 0xC3, 0x19, 0xBB, 0x30, 0xCB, 0xAE, 0x4C, 0x1A, 0x2B, 0xC2, 0xB7, 0xC6,
    0x2B, 0x9F, 0x6A, 0xBE, 0xDE, 0x72, 0x23, 0xE2, 0x9E, 0xB7, 0xBF, 0x61, 0xB7, 0x1C, 0x00,
};

static const EpdGlyph notosans_16_bolditalicGlyphs[] = {
    { 0, 0, 320, 0, 0, 0, 0 }, // U+0020
    { 11, 24, 320, 5, 24, 66, 0 }, // !
    { 14, 11, 320, 5, 25, 39, 66 }, // "
    { 23, 24, 320, -1, 24, 138, 105 }, // #
    { 20, 32, 320, 0, 28, 160, 243 }, // $
    { 25, 24, 320, -2, 24, 150, 403 }, // %
    { 20, 24, 320, 0, 24, 120, 553 }, // &
    { 7, 11, 320, 8, 25, 20, 673 }, // '
    { 15, 31, 320, 5, 26, 117, 693 }, // (
    { 16, 31, 320, 0, 26, 124, 810 }, // )
    { 19, 18, 320, 1, 19, 86, 934 }, // *
    { 17, 18, 320, 2, 19, 77, 1020 }, // +
    { 11, 11, 320, 3, 6, 31, 1097 }, // ,
    { 12, 5, 320, 4, 13, 15, 1128 }, // -
    { 8, 6, 320, 5, 6, 12, 1143 }, // .
    { 20, 31, 320, 0, 26, 155, 1155 }, // /
    { 19, 24, 320, 1, 24, 114, 1310 }, // 0
    { 18, 24, 320, 1, 24, 108, 1424 }, // 1
    { 20, 24, 320, 0, 24, 120, 1532 }, // 2
    { 20, 24, 320, 0, 24, 120, 1652 }, // 3
    { 20, 24, 320, 0, 24, 120, 1772 }, // 4
    { 20, 24, 320, 0, 24, 120, 1892 }, // 5
    { 18, 24, 320, 1, 24, 108, 2012 }, // 6
    { 19, 24, 320, 2, 24, 114, 2120 }, // 7
    { 20, 24, 320, 0, 24, 120, 2234 }, // 8
    { 18, 24, 320, 2, 24, 108, 2354 }, // 9
    { 10, 17, 320, 5, 17, 43, 2462 }, // :
    { 13, 22, 320, 3, 17, 72, 2505 }, // ;
    { 18, 21, 320, 2, 21, 95, 2577 }, // <
    { 19, 12, 320, 1, 17, 57, 2672 }, // =
    { 17, 21, 320, 1, 21, 90, 2729 }, // >
    { 16, 24, 320, 3, 24, 96, 2819 }, // ?
    { 19, 29, 320, 1, 24, 138, 2915 }, // @
    { 21, 24, 320, -2, 24, 126, 3053 }, // A
    { 19, 24, 320, 1, 24, 114, 3179 }, // B
    { 20, 24, 320, 1, 24, 120, 3293 }, // C
    { 20, 24, 320, 0, 24, 120, 3413 }, // D
    { 20, 24, 320, 1, 24, 120, 3533 }, // E
    { 20, 24, 320, 1, 24, 120, 3653 }, // F
    { 19, 24, 320, 1, 24, 114, 3773 }, // G
    { 21, 24, 320, 0, 24, 126, 3887 }, // H
    { 19, 24, 320, 1, 24, 114, 4013 }, // I
    { 20, 24, 320, 0, 24, 120, 4127 }, // J
    { 23, 24, 320, 0, 24, 138, 4247 }, // K
    { 17, 24, 320, 1, 24, 102, 4385 }, // L
    { 23, 24, 320, -1, 24, 138, 4487 }, // M
    { 21, 24, 320, 0, 24, 126, 4625 }, // N
    { 19, 24, 320, 1, 24, 114, 4751 }, // O
    { 19, 24, 320, 1, 24, 114, 4865 }, // P
    { 19, 31, 320, 1, 24, 148, 4979 }, // Q
    { 19, 24, 320, 1, 24, 114, 5127 }, // R
    { 20, 24, 320, 0, 24, 120, 5241 }, // S
    { 20, 24, 320, 2, 24, 120, 5361 }, // T
    { 20, 24, 320, 1, 24, 120, 5481 }, // U
    { 21, 24, 320, 2, 24, 126, 5601 }, // V
    { 23, 24, 320, 0, 24, 138, 5727 }, // W
    { 24, 24, 320, -2, 24, 144, 5865 }, // X
    { 21, 24, 320, 2, 24, 126, 6009 }, // Y
    { 21, 24, 320, 0, 24, 126, 6135 }, // Z
    { 17, 31, 320, 3, 26, 132, 6261 }, // [
    { 10, 31, 320, 5, 26, 78, 6393 }, // <backslash>
    { 16, 31, 320, 1, 26, 124, 6471 }, // ]
    { 19, 16, 320, 1, 24, 76, 6595 }, // ^
    { 18, 4, 320, -1, -2, 18, 6671 }, // _
    { 8, 8, 320, 5, 27, 16, 6689 }, // `
    { 19, 18, 320, 1, 18, 86, 6705 }, // a
    { 19, 25, 320, 0, 25, 119, 6791 }, // b
    { 18, 18, 320, 1, 18, 81, 6910 }, // c
    { 20, 25, 320, 1, 25, 125, 6991 }, // d
    { 18, 18, 320, 1, 18, 81, 7116 }, // e
    { 24, 32, 320, -2, 25, 192, 7197 }, // f
    { 20, 25, 320, 0, 18, 125, 7389 }, // g
    { 19, 25, 320, 0, 25, 119, 7514 }, // h
    { 17, 25, 320, 2, 25, 107, 7633 }, // i
    { 18, 32, 320, 0, 25, 144, 7740 }, // j
    { 20, 25, 320, 0, 25, 125, 7884 }, // k
    { 16, 25, 320, 2, 25, 100, 8009 }, // l
    { 21, 18, 320, -1, 18, 95, 8109 }, // m
    { 19, 18, 320, 0, 18, 86, 8204 }, // n
    { 18, 18, 320, 1, 18, 81, 8290 }, // o
    { 20, 25, 320, -1, 18, 125, 8371 }, // p
    { 19, 25, 320, 1, 18, 119, 8496 }, // q
    { 17, 18, 320, 3, 18, 77, 8615 }, // r
    { 17, 18, 320, 1, 18, 77, 8692 }, // s
    { 17, 24, 320, 2, 24, 102, 8769 }, // t
    { 19, 18, 320, 1, 18, 86, 8871 }, // u
    { 18, 19, 320, 1, 19, 86, 8957 }, // v
    { 20, 19, 320, 0, 19, 95, 9043 }, // w
    { 22, 18, 320, -1, 18, 99, 9138 }, // x
    { 20, 25, 320, 0, 18, 125, 9237 }, // y
    { 20, 18, 320, 0, 18, 90, 9362 }, // z
    { 17, 31, 320, 3, 26, 132, 9452 }, // {
    { 10, 31, 320, 5, 26, 78, 9584 }, // |
    { 18, 31, 320, 0, 26, 140, 9662 }, // }
    { 19, 6, 320, 1, 13, 29, 9802 }, // ~
    { 0, 0, 320, 0, 0, 0, 0 }, // U+00A0
    { 11, 24, 320, 4, 18, 66, 0 }, // U+00A1
    { 18, 26, 320, 1, 22, 117, 66 }, // U+00A2
    { 21, 24, 320, 0, 24, 126, 183 }, // U+00A3
    { 23, 24, 320, 0, 24, 138, 309 }, // U+00A5
    { 10, 30, 320, 5, 25, 75, 447 }, // U+00A6
    { 18, 30, 320, 1, 24, 135, 522 }, // U+00A7
    { 14, 5, 320, 4, 25, 18, 657 }, // U+00A8
    { 21, 23, 320, 0, 24, 121, 675 }, // U+00A9
    { 12, 13, 320, 5, 24, 39, 796 }, // U+00AA
    { 18, 16, 320, 1, 17, 72, 835 }, // U+00AB
    { 17, 11, 320, 2, 12, 47, 907 }, // U+00AC
    { 12, 5, 320, 4, 13, 15, 954 }, // U+00AD
    { 14, 13, 320, 4, 24, 46, 969 }, // U+00AE
    { 12, 4, 320, 5, 25, 12, 1015 }, // U+00AF
    { 13, 13, 320, 5, 24, 43, 1027 }, // U+00B0
    { 20, 22, 320, 0, 22, 110, 1070 }, // U+00B1
    { 12, 12, 320, 5, 23, 36, 1180 }, // U+00B2
    { 12, 12, 320, 5, 23, 36, 1216 }, // U+00B3
    { 9, 8, 320, 7, 27, 18, 1252 }, // U+00B4
    { 21, 25, 320, -1, 18, 132, 1270 }, // U+00B5
    { 20, 29, 320, 2, 24, 145, 1402 }, // U+00B6
    { 8, 6, 320, 6, 13, 12, 1547 }, // U+00B7
    { 10, 8, 320, 5, 1, 20, 1559 }, // U+00B8
    { 10, 12, 320, 6, 23, 30, 1579 }, // U+00B9
    { 13, 13, 320, 5, 24, 43, 1609 }, // U+00BA
    { 18, 16, 320, 1, 17, 72, 1652 }, // U+00BB
    { 25, 24, 320, -2, 24, 150, 1724 }, // U+00BC
    { 25, 24, 320, -2, 24, 150, 1874 }, // U+00BD
    { 25, 24, 320, -2, 24, 150, 2024 }, // U+00BE
    { 17, 25, 320, 0, 18, 107, 2174 }, // U+00BF
    { 21, 33, 320, -2, 33, 174, 2281 }, // U+00C0
    { 21, 33, 320, -2, 33, 174, 2455 }, // U+00C1
    { 22, 33, 320, -2, 33, 182, 2629 }, // U+00C2
    { 22, 31, 320, -2, 31, 171, 2811 }, // U+00C3
    { 22, 31, 320, -2, 31, 171, 2982 }, // U+00C4
    { 21, 35, 320, -2, 35, 184, 3153 }, // U+00C5
    { 24, 24, 320, -1, 24, 144, 3337 }, // U+00C6
    { 20, 31, 320, 1, 24, 155, 3481 }, // U+00C7
    { 20, 33, 320, 1, 33, 165, 3636 }, // U+00C8
    { 20, 33, 320, 1, 33, 165, 3801 }, // U+00C9
    { 20, 33, 320, 1, 33, 165, 3966 }, // U+00CA
    { 20, 31, 320, 1, 31, 155, 4131 }, // U+00CB
    { 19, 33, 320, 1, 33, 157, 4286 }, // U+00CC
    { 19, 33, 320, 1, 33, 157, 4443 }, // U+00CD
    { 19, 33, 320, 1, 33, 157, 4600 }, // U+00CE
    { 19, 31, 320, 1, 31, 148, 4757 }, // U+00CF
    { 20, 24, 320, 0, 24, 120, 4905 }, // U+00D0
    { 21, 31, 320, 0, 31, 163, 5025 }, // U+00D1
    { 19, 33, 320, 1, 33, 157, 5188 }, // U+00D2
    { 19, 33, 320, 1, 33, 157, 5345 }, // U+00D3
    { 19, 33, 320, 1, 33, 157, 5502 }, // U+00D4
    { 19, 31, 320, 1, 31, 148, 5659 }, // U+00D5
    { 19, 31, 320, 1, 31, 148, 5807 }, // U+00D6
    { 18, 16, 320, 1, 18, 72, 5955 }, // U+00D7
    { 23, 28, 320, -1, 26, 161, 6027 }, // U+00D8
    { 20, 33, 320, 1, 33, 165, 6188 }, // U+00D9
    { 20, 33, 320, 1, 33, 165, 6353 }, // U+00DA
    { 20, 33, 320, 1, 33, 165, 6518 }, // U+00DB
    { 20, 31, 320, 1, 31, 155, 6683 }, // U+00DC
    { 21, 33, 320, 2, 33, 174, 6838 }, // U+00DD
    { 19, 24, 320, 1, 24, 114, 7012 }, // U+00DE
    { 20, 25, 320, 0, 25, 125, 7126 }, // U+00DF
    { 19, 27, 320, 1, 27, 129, 7251 }, // U+00E0
    { 19, 27, 320, 1, 27, 129, 7380 }, // U+00E1
    { 19, 27, 320, 1, 27, 129, 7509 }, // U+00E2
    { 19, 25, 320, 1, 25, 119, 7638 }, // U+00E3
    { 19, 25, 320, 1, 25, 119, 7757 }, // U+00E4
    { 19, 29, 320, 1, 29, 138, 7876 }, // U+00E5
    { 22, 18, 320, -1, 18, 99, 8014 }, // U+00E6
    { 18, 25, 320, 1, 18, 113, 8113 }, // U+00E7
    { 18, 27, 320, 1, 27, 122, 8226 }, // U+00E8
    { 18, 27, 320, 1, 27, 122, 8348 }, // U+00E9
    { 18, 27, 320, 1, 27, 122, 8470 }, // U+00EA
    { 18, 25, 320, 1, 25, 113, 8592 }, // U+00EB
    { 17, 27, 320, 2, 27, 115, 8705 }, // U+00EC
    { 17, 27, 320, 2, 27, 115, 8820 }, // U+00ED
    { 17, 27, 320, 2, 27, 115, 8935 }, // U+00EE
    { 17, 25, 320, 2, 25, 107, 9050 }, // U+00EF
    { 18, 26, 320, 1, 26, 117, 9157 }, // U+00F0
    { 19, 25, 320, 0, 25, 119, 9274 }, // U+00F1
    { 18, 27, 320, 1, 27, 122, 9393 }, // U+00F2
    { 18, 27, 320, 1, 27, 122, 9515 }, // U+00F3
    { 18, 27, 320, 1, 27, 122, 9637 }, // U+00F4
    { 18, 25, 320, 1, 25, 113, 9759 }, // U+00F5
    { 18, 25, 320, 1, 25, 113, 9872 }, // U+00F6
    { 17, 18, 320, 2, 19, 77, 9985 }, // U+00F7
    { 22, 22, 320, -1, 20, 121, 10062 }, // U+00F8
    { 19, 27, 320, 1, 27, 129, 10183 }, // U+00F9
    { 19, 27, 320, 1, 27, 129, 10312 }, // U+00FA
    { 19, 27, 320, 1, 27, 129, 10441 }, // U+00FB
    { 19, 25, 320, 1, 25, 119, 10570 }, // U+00FC
    { 20, 34, 320, 0, 27, 170, 10689 }, // U+00FD
    { 20, 32, 320, -1, 25, 160, 10859 }, // U+00FE
    { 20, 32, 320, 0, 25, 160, 11019 }, // U+00FF
    { 21, 31, 320, -2, 31, 163, 0 }, // U+0100
    { 19, 25, 320, 1, 25, 119, 163 }, // U+0101
    { 22, 33, 320, -2, 33, 182, 282 }, // U+0102
    { 19, 27, 320, 1, 27, 129, 464 }, // U+0103
    { 22, 31, 320, -2, 24, 171, 593 }, // U+0104
    { 19, 25, 320, 1, 18, 119, 764 }, // U+0105
    { 20, 33, 320, 1, 33, 165, 883 }, // U+0106
    { 18, 27, 320, 1, 27, 122, 1048 }, // U+0107
    { 20, 33, 320, 1, 33, 165, 1170 }, // U+0108
    { 18, 27, 320, 1, 27, 122, 1335 }, // U+0109
    { 20, 31, 320, 1, 31, 155, 1457 }, // U+010A
    { 18, 25, 320, 1, 25, 113, 1612 }, // U+010B
    { 20, 34, 320, 1, 34, 170, 1725 }, // U+010C
    { 18, 28, 320, 1, 28, 126, 1895 }, // U+010D
    { 20, 34, 320, 0, 34, 170, 2021 }, // U+010E
    { 24, 25, 320, 0, 25, 150, 2191 }, // U+010F
    { 20, 24, 320, 0, 24, 120, 2341 }, // U+0110
    { 22, 25, 320, 1, 25, 138, 2461 }, // U+0111
    { 20, 31, 320, 1, 31, 155, 2599 }, // U+0112
    { 18, 25, 320, 1, 25, 113, 2754 }, // U+0113
    { 20, 33, 320, 1, 33, 165, 2867 }, // U+0114
    { 19, 27, 320, 1, 27, 129, 3032 }, // U+0115
    { 20, 31, 320, 1, 31, 155, 3161 }, // U+0116
    { 18, 25, 320, 1, 25, 113, 3316 }, // U+0117
    { 20, 31, 320, 1, 24, 155, 3429 }, // U+0118
    { 18, 25, 320, 1, 18, 113, 3584 }, // U+0119
    { 20, 34, 320, 1, 34, 170, 3697 }, // U+011A
    { 19, 28, 320, 1, 28, 133, 3867 }, // U+011B
    { 19, 33, 320, 1, 33, 157, 4000 }, // U+011C
    { 20, 34, 320, 0, 27, 170, 4157 }, // U+011D
    { 19, 33, 320, 1, 33, 157, 4327 }, // U+011E
    { 20, 34, 320, 0, 27, 170, 4484 }, // U+011F
    { 19, 31, 320, 1, 31, 148, 4654 }, // U+0120
    { 20, 32, 320, 0, 25, 160, 4802 }, // U+0121
    { 19, 33, 320, 1, 24, 157, 4962 }, // U+0122
    { 20, 34, 320, 0, 27, 170, 5119 }, // U+0123
    { 21, 33, 320, 0, 33, 174, 5289 }, // U+0124
    { 19, 33, 320, 0, 33, 157, 5463 }, // U+0125
    { 22, 24, 320, 0, 24, 132, 5620 }, // U+0126
    { 19, 25, 320, 0, 25, 119, 5752 }, // U+0127
    { 19, 31, 320, 1, 31, 148, 5871 }, // U+0128
    { 17, 25, 320, 2, 25, 107, 6019 }, // U+0129
    { 19, 31, 320, 1, 31, 148, 6126 }, // U+012A
    { 17, 25, 320, 2, 25, 107, 6274 }, // U+012B
    { 20, 33, 320, 1, 33, 165, 6381 }, // U+012C
    { 17, 27, 320, 2, 27, 115, 6546 }, // U+012D
    { 19, 31, 320, 1, 24, 148, 6661 }, // U+012E
    { 17, 32, 320, 2, 25, 136, 6809 }, // U+012F
    { 19, 31, 320, 1, 31, 148, 6945 }, // U+0130
    { 17, 18, 320, 2, 18, 77, 7093 }, // U+0131
    { 20, 24, 320, 2, 24, 120, 7170 }, // U+0132
    { 20, 32, 320, 1, 25, 160, 7290 }, // U+0133
    { 21, 33, 320, 0, 33, 174, 7450 }, // U+0134
    { 21, 34, 320, 0, 27, 179, 7624 }, // U+0135
    { 23, 33, 320, 0, 24, 190, 7803 }, // U+0136
    { 20, 34, 320, 0, 25, 170, 7993 }, // U+0137
    { 21, 18, 320, 0, 18, 95, 8163 }, // U+0138
    { 17, 33, 320, 1, 33, 141, 8258 }, // U+0139
    { 16, 33, 320, 2, 33, 132, 8399 }, // U+013A
    { 17, 33, 320, 1, 24, 141, 8531 }, // U+013B
    { 16, 34, 320, 2, 25, 136, 8672 }, // U+013C
    { 18, 25, 320, 1, 25, 113, 8808 }, // U+013D
    { 20, 25, 320, 2, 25, 125, 8921 }, // U+013E
    { 18, 24, 320, 1, 24, 108, 9046 }, // U+013F
    { 18, 25, 320, 2, 25, 113, 9154 }, // U+0140
    { 17, 24, 320, 1, 24, 102, 9267 }, // U+0141
    { 17, 25, 320, 1, 25, 107, 9369 }, // U+0142
    { 21, 33, 320, 0, 33, 174, 9476 }, // U+0143
    { 19, 27, 320, 0, 27, 129, 9650 }, // U+0144
    { 21, 33, 320, 0, 24, 174, 9779 }, // U+0145
    { 19, 27, 320, 0, 18, 129, 9953 }, // U+0146
    { 21, 34, 320, 0, 34, 179, 10082 }, // U+0147
    { 19, 28, 320, 0, 28, 133, 10261 }, // U+0148
    { 19, 25, 320, 1, 25, 119, 10394 }, // U+0149
    { 21, 31, 320, 0, 24, 163, 10513 }, // U+014A
    { 19, 25, 320, 0, 18, 119, 10676 }, // U+014B
    { 19, 31, 320, 1, 31, 148, 10795 }, // U+014C
    { 18, 25, 320, 1, 25, 113, 10943 }, // U+014D
    { 19, 33, 320, 1, 33, 157, 11056 }, // U+014E
    { 19, 27, 320, 1, 27, 129, 11213 }, // U+014F
    { 20, 33, 320, 1, 33, 165, 11342 }, // U+0150
    { 19, 27, 320, 1, 27, 129, 11507 }, // U+0151
    { 23, 24, 320, 1, 24, 138, 11636 }, // U+0152
    { 21, 18, 320, 0, 18, 95, 11774 }, // U+0153
    { 19, 33, 320, 1, 33, 157, 11869 }, // U+0154
    { 17, 27, 320, 3, 27, 115, 12026 }, // U+0155
    { 19, 33, 320, 1, 24, 157, 12141 }, // U+0156
    { 18, 27, 320, 2, 18, 122, 12298 }, // U+0157
    { 19, 34, 320, 1, 34, 162, 12420 }, // U+0158
    { 17, 28, 320, 3, 28, 119, 12582 }, // U+0159
    { 20, 33, 320, 0, 33, 165, 12701 }, // U+015A
    { 17, 27, 320, 1, 27, 115, 12866 }, // U+015B
    { 20, 33, 320, 0, 33, 165, 12981 }, // U+015C
    { 18, 27, 320, 1, 27, 122, 13146 }, // U+015D
    { 20, 31, 320, 0, 24, 155, 13268 }, // U+015E
    { 17, 25, 320, 1, 18, 107, 13423 }, // U+015F
    { 20, 34, 320, 0, 34, 170, 13530 }, // U+0160
    { 18, 28, 320, 1, 28, 126, 13700 }, // U+0161
    { 20, 33, 320, 2, 24, 165, 13826 }, // U+0162
    { 17, 33, 320, 2, 24, 141, 13991 }, // U+0163
    { 20, 34, 320, 2, 34, 170, 14132 }, // U+0164
    { 19, 26, 320, 2, 26, 124, 14302 }, // U+0165
    { 20, 24, 320, 2, 24, 120, 14426 }, // U+0166
    { 17, 24, 320, 2, 24, 102, 14546 }, // U+0167
    { 20, 31, 320, 1, 31, 155, 14648 }, // U+0168
    { 19, 25, 320, 1, 25, 119, 14803 }, // U+0169
    { 20, 31, 320, 1, 31, 155, 14922 }, // U+016A
    { 19, 25, 320, 1, 25, 119, 15077 }, // U+016B
    { 20, 33, 320, 1, 33, 165, 15196 }, // U+016C
    { 19, 27, 320, 1, 27, 129, 15361 }, // U+016D
    { 20, 35, 320, 1, 35, 175, 15490 }, // U+016E
    { 19, 29, 320, 1, 29, 138, 15665 }, // U+016F
    { 20, 33, 320, 1, 33, 165, 15803 }, // U+0170
    { 19, 27, 320, 1, 27, 129, 15968 }, // U+0171
    { 20, 31, 320, 1, 24, 155, 16097 }, // U+0172
    { 19, 25, 320, 1, 18, 119, 16252 }, // U+0173
    { 23, 33, 320, 0, 33, 190, 16371 }, // U+0174
    { 20, 27, 320, 0, 27, 135, 16561 }, // U+0175
    { 21, 33, 320, 2, 33, 174, 16696 }, // U+0176
    { 20, 34, 320, 0, 27, 170, 16870 }, // U+0177
    { 21, 31, 320, 2, 31, 163, 17040 }, // U+0178
    { 21, 33, 320, 0, 33, 174, 17203 }, // U+0179
    { 20, 27, 320, 0, 27, 135, 17377 }, // U+017A
    { 21, 31, 320, 0, 31, 163, 17512 }, // U+017B
    { 20, 25, 320, 0, 25, 125, 17675 }, // U+017C
    { 21, 34, 320, 0, 34, 179, 17800 }, // U+017D
    { 20, 28, 320, 0, 28, 140, 17979 }, // U+017E
    { 22, 28, 320, 1, 28, 154, 0 }, // U+01A0
    { 21, 22, 320, 1, 22, 116, 154 }, // U+01A1
    { 22, 28, 320, 1, 28, 154, 270 }, // U+01AF
    { 21, 22, 320, 1, 22, 116, 424 }, // U+01B0
    { 22, 40, 320, -2, 40, 220, 540 }, // U+01FA
    { 19, 34, 320, 1, 34, 162, 760 }, // U+01FB
    { 24, 33, 320, -1, 33, 198, 922 }, // U+01FC
    { 22, 27, 320, -1, 27, 149, 1120 }, // U+01FD
    { 23, 35, 320, -1, 33, 202, 1269 }, // U+01FE
    { 22, 29, 320, -1, 27, 160, 1471 }, // U+01FF
    { 20, 33, 320, 0, 24, 165, 1631 }, // U+0218
    { 17, 27, 320, 1, 18, 115, 1796 }, // U+0219
    { 20, 33, 320, 2, 24, 165, 1911 }, // U+021A
    { 17, 33, 320, 2, 24, 141, 2076 }, // U+021B
    { 8, 8, 0, -5, 27, 16, 0 }, // U+0300
    { 9, 8, 0, -3, 27, 18, 16 }, // U+0301
    { 14, 8, 0, -6, 27, 28, 34 }, // U+0302
    { 14, 5, 0, -6, 25, 18, 62 }, // U+0303
    { 12, 4, 0, -5, 25, 12, 80 }, // U+0304
    { 14, 8, 0, -6, 27, 28, 92 }, // U+0306
    { 7, 5, 0, -3, 25, 9, 120 }, // U+0307
    { 14, 5, 0, -6, 25, 18, 129 }, // U+0308
    { 10, 9, 0, -4, 27, 23, 147 }, // U+0309
    { 11, 10, 0, -5, 29, 28, 170 }, // U+030A
    { 15, 8, 0, -6, 27, 30, 198 }, // U+030B
    { 14, 8, 0, -6, 28, 28, 228 }, // U+030C
    { 8, 7, 0, -3, 27, 14, 256 }, // U+0312
    { 8, 7, 0, -2, 25, 14, 270 }, // U+0315
    { 10, 7, 0, -5, 22, 18, 284 }, // U+031B
    { 7, 5, 0, -4, -1, 9, 302 }, // U+0323
    { 8, 7, 0, -5, -2, 14, 311 }, // U+0326
    { 10, 8, 0, -5, 1, 20, 325 }, // U+0327
    { 9, 8, 0, -8, 1, 18, 345 }, // U+0328
    { 20, 33, 320, 1, 33, 165, 0 }, // U+0400
    { 20, 31, 320, 1, 31, 155, 165 }, // U+0401
    { 18, 31, 320, 2, 24, 140, 320 }, // U+0402
    { 19, 33, 320, 2, 33, 157, 460 }, // U+0403
    { 20, 24, 320, 1, 24, 120, 617 }, // U+0404
    { 20, 24, 320, 0, 24, 120, 737 }, // U+0405
    { 19, 24, 320, 1, 24, 114, 857 }, // U+0406
    { 19, 31, 320, 1, 31, 148, 971 }, // U+0407
    { 20, 24, 320, 0, 24, 120, 1119 }, // U+0408
    { 22, 24, 320, -2, 24, 132, 1239 }, // U+0409
    { 21, 24, 320, -1, 24, 126, 1371 }, // U+040A
    { 18, 24, 320, 2, 24, 108, 1497 }, // U+040B
    { 22, 33, 320, 0, 33, 182, 1605 }, // U+040C
    { 21, 33, 320, 0, 33, 174, 1787 }, // U+040D
    { 20, 33, 320, 2, 33, 165, 1961 }, // U+040E
    { 21, 29, 320, 0, 24, 153, 2126 }, // U+040F
    { 21, 24, 320, -2, 24, 126, 2279 }, // U+0410
    { 19, 24, 320, 0, 24, 114, 2405 }, // U+0411
    { 19, 24, 320, 1, 24, 114, 2519 }, // U+0412
    { 19, 24, 320, 2, 24, 114, 2633 }, // U+0413
    { 22, 30, 320, -2, 24, 165, 2747 }, // U+0414
    { 20, 24, 320, 1, 24, 120, 2912 }, // U+0415
    { 24, 24, 320, -2, 24, 144, 3032 }, // U+0416
    { 20, 24, 320, 0, 24, 120, 3176 }, // U+0417
    { 21, 24, 320, 0, 24, 126, 3296 }, // U+0418
    { 21, 33, 320, 0, 33, 174, 3422 }, // U+0419
    { 22, 24, 320, 0, 24, 132, 3596 }, // U+041A
    { 23, 24, 320, -2, 24, 138, 3728 }, // U+041B
    { 23, 24, 320, -1, 24, 138, 3866 }, // U+041C
    { 21, 24, 320, 0, 24, 126, 4004 }, // U+041D
    { 19, 24, 320, 1, 24, 114, 4130 }, // U+041E
    { 21, 24, 320, 0, 24, 126, 4244 }, // U+041F
    { 19, 24, 320, 1, 24, 114, 4370 }, // U+0420
    { 20, 24, 320, 1, 24, 120, 4484 }, // U+0421
    { 20, 24, 320, 2, 24, 120, 4604 }, // U+0422
    { 20, 24, 320, 2, 24, 120, 4724 }, // U+0423
    { 19, 26, 320, 1, 25, 124, 4844 }, // U+0424
    { 24, 24, 320, -2, 24, 144, 4968 }, // U+0425
    { 20, 31, 320, 0, 24, 155, 5112 }, // U+0426
    { 19, 24, 320, 2, 24, 114, 5267 }, // U+0427
    { 23, 24, 320, -1, 24, 138, 5381 }, // U+0428
    { 22, 31, 320, -1, 24, 171, 5519 }, // U+0429
    { 18, 24, 320, 2, 24, 108, 5690 }, // U+042A
    { 23, 24, 320, -1, 24, 138, 5798 }, // U+042B
    { 18, 24, 320, 1, 24, 108, 5936 }, // U+042C
    { 20, 24, 320, 0, 24, 120, 6044 }, // U+042D
    { 22, 24, 320, -1, 24, 132, 6164 }, // U+042E
    { 22, 24, 320, -1, 24, 132, 6296 }, // U+042F
    { 19, 18, 320, 1, 18, 86, 6428 }, // U+0430
    { 20, 26, 320, 1, 26, 130, 6514 }, // U+0431
    { 17, 18, 320, 1, 18, 77, 6644 }, // U+0432
    { 17, 18, 320, 1, 18, 77, 6721 }, // U+0433
    { 18, 26, 320, 1, 26, 117, 6798 }, // U+0434
    { 18, 18, 320, 1, 18, 81, 6915 }, // U+0435
    { 24, 18, 320, -2, 18, 108, 6996 }, // U+0436
    { 18, 18, 320, 0, 18, 81, 7104 }, // U+0437
    { 19, 18, 320, 1, 18, 86, 7185 }, // U+0438
    { 19, 27, 320, 1, 27, 129, 7271 }, // U+0439
    { 19, 18, 320, 1, 18, 86, 7400 }, // U+043A
    { 21, 18, 320, -2, 18, 95, 7486 }, // U+043B
    { 20, 18, 320, 0, 18, 90, 7581 }, // U+043C
    { 20, 18, 320, 0, 18, 90, 7671 }, // U+043D
    { 18, 18, 320, 1, 18, 81, 7761 }, // U+043E
    { 19, 18, 320, 0, 18, 86, 7842 }, // U+043F
    { 20, 25, 320, -1, 18, 125, 7928 }, // U+0440
    { 18, 18, 320, 1, 18, 81, 8053 }, // U+0441
    { 21, 18, 320, -1, 18, 95, 8134 }, // U+0442
    { 20, 25, 320, 0, 18, 125, 8229 }, // U+0443
    { 20, 33, 320, 0, 26, 165, 8354 }, // U+0444
    { 22, 18, 320, -1, 18, 99, 8519 }, // U+0445
    { 20, 25, 320, 1, 18, 125, 8618 }, // U+0446
    { 17, 18, 320, 2, 18, 77, 8743 }, // U+0447
    { 21, 18, 320, 0, 18, 95, 8820 }, // U+0448
    { 20, 25, 320, 0, 18, 125, 8915 }, // U+0449
    { 19, 18, 320, 0, 18, 86, 9040 }, // U+044A
    { 21, 18, 320, 0, 18, 95, 9126 }, // U+044B
    { 16, 18, 320, 2, 18, 72, 9221 }, // U+044C
    { 17, 18, 320, 1, 18, 77, 9293 }, // U+044D
    { 21, 18, 320, -1, 18, 95, 9370 }, // U+044E
    { 19, 18, 320, 0, 18, 86, 9465 }, // U+044F
    { 18, 27, 320, 1, 27, 122, 9551 }, // U+0450
    { 18, 25, 320, 1, 25, 113, 9673 }, // U+0451
    { 19, 33, 320, 0, 26, 157, 9786 }, // U+0452
    { 17, 27, 320, 1, 27, 115, 9943 }, // U+0453
    { 18, 18, 320, 1, 18, 81, 10058 }, // U+0454
    { 17, 18, 320, 1, 18, 77, 10139 }, // U+0455
    { 17, 25, 320, 2, 25, 107, 10216 }, // U+0456
    { 17, 25, 320, 2, 25, 107, 10323 }, // U+0457
    { 18, 32, 320, 0, 25, 144, 10430 }, // U+0458
    { 22, 18, 320, -2, 18, 99, 10574 }, // U+0459
    { 21, 18, 320, -1, 18, 95, 10673 }, // U+045A
    { 19, 25, 320, 0, 25, 119, 10768 }, // U+045B
    { 19, 27, 320, 1, 27, 129, 10887 }, // U+045C
    { 19, 27, 320, 1, 27, 129, 11016 }, // U+045D
    { 20, 34, 320, 0, 27, 170, 11145 }, // U+045E
    { 19, 25, 320, 1, 18, 119, 11315 }, // U+045F
    { 19, 24, 320, 1, 24, 114, 11434 }, // U+0472
    { 18, 18, 320, 1, 18, 81, 11548 }, // U+0473
    { 19, 29, 320, 2, 29, 138, 11629 }, // U+0490
    { 18, 23, 320, 2, 23, 104, 11767 }, // U+0491
    { 20, 24, 320, 1, 24, 120, 11871 }, // U+0492
    { 19, 18, 320, 1, 18, 86, 11991 }, // U+0493
    { 19, 31, 320, 0, 24, 148, 12077 }, // U+0494
    { 18, 25, 320, 0, 18, 113, 12225 }, // U+0495
    { 24, 29, 320, -2, 24, 174, 12338 }, // U+0496
    { 23, 23, 320, -2, 18, 133, 12512 }, // U+0497
    { 20, 29, 320, 0, 24, 145, 12645 }, // U+0498
    { 18, 23, 320, 0, 18, 104, 12790 }, // U+0499
    { 22, 29, 320, 0, 24, 160, 12894 }, // U+049A
    { 20, 23, 320, 0, 18, 115, 13054 }, // U+049B
    { 24, 24, 320, -1, 24, 144, 13169 }, // U+049C
    { 22, 18, 320, -1, 18, 99, 13313 }, // U+049D
    { 21, 24, 320, 1, 24, 126, 13412 }, // U+04A0
    { 20, 18, 320, 1, 18, 90, 13538 }, // U+04A1
    { 20, 29, 320, 0, 24, 145, 13628 }, // U+04A2
    { 19, 23, 320, 0, 18, 110, 13773 }, // U+04A3
    { 23, 24, 320, -1, 24, 138, 13883 }, // U+04A4
    { 22, 18, 320, -1, 18, 99, 14021 }, // U+04A5
    { 20, 29, 320, 1, 24, 145, 14120 }, // U+04AA
    { 18, 22, 320, 1, 18, 99, 14265 }, // U+04AB
    { 21, 24, 320, 2, 24, 126, 14364 }, // U+04AE
    { 19, 25, 320, 2, 18, 119, 14490 }, // U+04AF
    { 21, 24, 320, 2, 24, 126, 14609 }, // U+04B0
    { 20, 25, 320, 1, 18, 125, 14735 }, // U+04B1
    { 24, 29, 320, -2, 24, 174, 14860 }, // U+04B2
    { 22, 23, 320, -1, 18, 127, 15034 }, // U+04B3
    { 19, 29, 320, 1, 24, 138, 15161 }, // U+04B6
    { 17, 23, 320, 2, 18, 98, 15299 }, // U+04B7
    { 19, 24, 320, 2, 24, 114, 15397 }, // U+04B8
    { 17, 18, 320, 2, 18, 77, 15511 }, // U+04B9
    { 19, 24, 320, 0, 24, 114, 15588 }, // U+04BA
    { 19, 25, 320, 0, 25, 119, 15702 }, // U+04BB
    { 19, 24, 320, 1, 24, 114, 15821 }, // U+04C0
    { 24, 33, 320, -2, 33, 198, 15935 }, // U+04C1
    { 24, 27, 320, -2, 27, 162, 16133 }, // U+04C2
    { 13, 25, 320, 3, 25, 82, 16295 }, // U+04CF
    { 22, 33, 320, -2, 33, 182, 16377 }, // U+04D0
    { 19, 27, 320, 1, 27, 129, 16559 }, // U+04D1
    { 22, 31, 320, -2, 31, 171, 16688 }, // U+04D2
    { 19, 25, 320, 1, 25, 119, 16859 }, // U+04D3
    { 24, 24, 320, -1, 24, 144, 16978 }, // U+04D4
    { 22, 18, 320, -1, 18, 99, 17122 }, // U+04D5
    { 20, 33, 320, 1, 33, 165, 17221 }, // U+04D6
    { 18, 27, 320, 1, 27, 122, 17386 }, // U+04D7
    { 19, 24, 320, 1, 24, 114, 17508 }, // U+04D8
    { 18, 18, 320, 1, 18, 81, 17622 }, // U+04D9
    { 24, 31, 320, -2, 31, 186, 17703 }, // U+04DC
    { 24, 25, 320, -2, 25, 150, 17889 }, // U+04DD
    { 20, 31, 320, 0, 31, 155, 18039 }, // U+04DE
    { 19, 25, 320, 0, 25, 119, 18194 }, // U+04DF
    { 21, 31, 320, 0, 31, 163, 18313 }, // U+04E2
    { 19, 25, 320, 1, 25, 119, 18476 }, // U+04E3
    { 21, 31, 320, 0, 31, 163, 18595 }, // U+04E4
    { 19, 25, 320, 1, 25, 119, 18758 }, // U+04E5
    { 19, 31, 320, 1, 31, 148, 18877 }, // U+04E6
    { 18, 25, 320, 1, 25, 113, 19025 }, // U+04E7
    { 19, 24, 320, 1, 24, 114, 19138 }, // U+04E8
    { 18, 18, 320, 1, 18, 81, 19252 }, // U+04E9
    { 20, 31, 320, 2, 31, 155, 19333 }, // U+04EE
    { 20, 32, 320, 0, 25, 160, 19488 }, // U+04EF
    { 20, 31, 320, 2, 31, 155, 19648 }, // U+04F0
    { 20, 32, 320, 0, 25, 160, 19803 }, // U+04F1
    { 20, 33, 320, 2, 33, 165, 19963 }, // U+04F2
    { 21, 34, 320, 0, 27, 179, 20128 }, // U+04F3
    { 19, 31, 320, 2, 31, 148, 20307 }, // U+04F4
    { 17, 25, 320, 2, 25, 107, 20455 }, // U+04F5
    { 23, 31, 320, -1, 31, 179, 20562 }, // U+04F8
    { 21, 25, 320, 0, 25, 132, 20741 }, // U+04F9
    { 21, 30, 320, -2, 24, 158, 0 }, // U+1EA0
    { 19, 24, 320, 1, 18, 114, 158 }, // U+1EA1
    { 21, 33, 320, -2, 33, 174, 272 }, // U+1EA2
    { 19, 27, 320, 1, 27, 129, 446 }, // U+1EA3
    { 26, 39, 320, -2, 39, 254, 575 }, // U+1EA4
    { 22, 33, 320, 1, 33, 182, 829 }, // U+1EA5
    { 22, 39, 320, -2, 39, 215, 1011 }, // U+1EA6
    { 19, 33, 320, 1, 33, 157, 1226 }, // U+1EA7
    { 26, 39, 320, -2, 39, 254, 1383 }, // U+1EA8
    { 21, 33, 320, 1, 33, 174, 1637 }, // U+1EA9
    { 23, 38, 320, -2, 38, 219, 1811 }, // U+1EAA
    { 19, 32, 320, 1, 32, 152, 2030 }, // U+1EAB
    { 22, 39, 320, -2, 33, 215, 2182 }, // U+1EAC
    { 19, 33, 320, 1, 27, 157, 2397 }, // U+1EAD
    { 23, 39, 320, -2, 39, 225, 2554 }, // U+1EAE
    { 19, 33, 320, 1, 33, 157, 2779 }, // U+1EAF
    { 23, 39, 320, -2, 39, 225, 2936 }, // U+1EB0
    { 19, 33, 320, 1, 33, 157, 3161 }, // U+1EB1
    { 23, 38, 320, -2, 38, 219, 3318 }, // U+1EB2
    { 19, 32, 320, 1, 32, 152, 3537 }, // U+1EB3
    { 23, 37, 320, -2, 37, 213, 3689 }, // U+1EB4
    { 19, 31, 320, 1, 31, 148, 3902 }, // U+1EB5
    { 22, 39, 320, -2, 33, 215, 4050 }, // U+1EB6
    { 19, 33, 320, 1, 27, 157, 4265 }, // U+1EB7
    { 20, 30, 320, 1, 24, 150, 4422 }, // U+1EB8
    { 18, 24, 320, 1, 18, 108, 4572 }, // U+1EB9
    { 20, 33, 320, 1, 33, 165, 4680 }, // U+1EBA
    { 18, 27, 320, 1, 27, 122, 4845 }, // U+1EBB
    { 20, 31, 320, 1, 31, 155, 4967 }, // U+1EBC
    { 18, 25, 320, 1, 25, 113, 5122 }, // U+1EBD
    { 23, 39, 320, 1, 39, 225, 5235 }, // U+1EBE
    { 22, 33, 320, 1, 33, 182, 5460 }, // U+1EBF
    { 20, 39, 320, 1, 39, 195, 5642 }, // U+1EC0
    { 18, 33, 320, 1, 33, 149, 5837 }, // U+1EC1
    { 23, 39, 320, 1, 39, 225, 5986 }, // U+1EC2
    { 22, 33, 320, 1, 33, 182, 6211 }, // U+1EC3
    { 20, 38, 320, 1, 38, 190, 6393 }, // U+1EC4
    { 19, 32, 320, 1, 32, 152, 6583 }, // U+1EC5
    { 20, 39, 320, 1, 33, 195, 6735 }, // U+1EC6
    { 18, 33, 320, 1, 27, 149, 6930 }, // U+1EC7
    { 19, 33, 320, 1, 33, 157, 7079 }, // U+1EC8
    { 17, 27, 320, 2, 27, 115, 7236 }, // U+1EC9
    { 19, 30, 320, 1, 24, 143, 7351 }, // U+1ECA
    { 17, 31, 320, 2, 25, 132, 7494 }, // U+1ECB
    { 19, 30, 320, 1, 24, 143, 7626 }, // U+1ECC
    { 18, 24, 320, 1, 18, 108, 7769 }, // U+1ECD
    { 19, 33, 320, 1, 33, 157, 7877 }, // U+1ECE
    { 18, 27, 320, 1, 27, 122, 8034 }, // U+1ECF
    { 23, 39, 320, 1, 39, 225, 8156 }, // U+1ED0
    { 22, 33, 320, 1, 33, 182, 8381 }, // U+1ED1
    { 19, 39, 320, 1, 39, 186, 8563 }, // U+1ED2
    { 18, 33, 320, 1, 33, 149, 8749 }, // U+1ED3
    { 22, 39, 320, 1, 39, 215, 8898 }, // U+1ED4
    { 22, 33, 320, 1, 33, 182, 9113 }, // U+1ED5
    { 19, 38, 320, 1, 38, 181, 9295 }, // U+1ED6
    { 19, 32, 320, 1, 32, 152, 9476 }, // U+1ED7
    { 19, 39, 320, 1, 33, 186, 9628 }, // U+1ED8
    { 18, 33, 320, 1, 27, 149, 9814 }, // U+1ED9
    { 22, 33, 320, 1, 33, 182, 9963 }, // U+1EDA
    { 21, 27, 320, 1, 27, 142, 10145 }, // U+1EDB
    { 22, 33, 320, 1, 33, 182, 10287 }, // U+1EDC
    { 21, 27, 320, 1, 27, 142, 10469 }, // U+1EDD
    { 22, 33, 320, 1, 33, 182, 10611 }, // U+1EDE
    { 21, 27, 320, 1, 27, 142, 10793 }, // U+1EDF
    { 22, 31, 320, 1, 31, 171, 10935 }, // U+1EE0
    { 21, 26, 320, 1, 26, 137, 11106 }, // U+1EE1
    { 22, 34, 320, 1, 28, 187, 11243 }, // U+1EE2
    { 21, 28, 320, 1, 22, 147, 11430 }, // U+1EE3
    { 20, 30, 320, 1, 24, 150, 11577 }, // U+1EE4
    { 19, 24, 320, 1, 18, 114, 11727 }, // U+1EE5
    { 20, 33, 320, 1, 33, 165, 11841 }, // U+1EE6
    { 19, 27, 320, 1, 27, 129, 12006 }, // U+1EE7
    { 22, 33, 320, 1, 33, 182, 12135 }, // U+1EE8
    { 21, 27, 320, 1, 27, 142, 12317 }, // U+1EE9
    { 22, 33, 320, 1, 33, 182, 12459 }, // U+1EEA
    { 21, 27, 320, 1, 27, 142, 12641 }, // U+1EEB
    { 22, 33, 320, 1, 33, 182, 12783 }, // U+1EEC
    { 21, 27, 320, 1, 27, 142, 12965 }, // U+1EED
    { 22, 31, 320, 1, 31, 171, 13107 }, // U+1EEE
    { 21, 26, 320, 1, 26, 137, 13278 }, // U+1EEF
    { 22, 34, 320, 1, 28, 187, 13415 }, // U+1EF0
    { 21, 28, 320, 1, 22, 147, 13602 }, // U+1EF1
    { 21, 33, 320, 2, 33, 174, 13749 }, // U+1EF2
    { 20, 34, 320, 0, 27, 170, 13923 }, // U+1EF3
    { 21, 30, 320, 2, 24, 158, 14093 }, // U+1EF4
    { 20, 25, 320, 0, 18, 125, 14251 }, // U+1EF5
    { 21, 33, 320, 2, 33, 174, 14376 }, // U+1EF6
    { 20, 34, 320, 0, 27, 170, 14550 }, // U+1EF7
    { 21, 31, 320, 2, 31, 163, 14720 }, // U+1EF8
    { 20, 32, 320, 0, 25, 160, 14883 }, // U+1EF9
    { 17, 4, 320, 2, 12, 17, 0 }, // U+2013
    { 21, 4, 320, 0, 12, 21, 17 }, // U+2014
    { 11, 11, 320, 5, 25, 31, 38 }, // U+2018
    { 11, 11, 320, 7, 25, 31, 69 }, // U+2019
    { 10, 11, 320, 4, 6, 28, 100 }, // U+201A
    { 19, 11, 320, 2, 25, 53, 128 }, // U+201C
    { 20, 11, 320, 2, 25, 55, 181 }, // U+201D
    { 19, 11, 320, -1, 6, 53, 236 }, // U+201E
    { 18, 32, 320, 2, 25, 144, 289 }, // U+2020
    { 20, 32, 320, 0, 25, 160, 433 }, // U+2021
    { 13, 10, 320, 4, 16, 33, 593 }, // U+2022
    { 22, 6, 320, -2, 6, 33, 626 }, // U+2026
    { 19, 24, 320, 1, 24, 114, 659 }, // U+2030
    { 10, 16, 320, 5, 17, 40, 773 }, // U+2039
    { 10, 16, 320, 5, 17, 40, 813 }, // U+203A
    { 25, 24, 320, -2, 24, 150, 853 }, // U+2044
    { 11, 12, 320, 6, 23, 33, 0 }, // U+2070
    { 12, 12, 320, 5, 23, 36, 33 }, // U+2074
    { 11, 12, 320, 6, 23, 33, 69 }, // U+2075
    { 12, 12, 320, 6, 23, 36, 102 }, // U+2076
    { 12, 12, 320, 6, 23, 36, 138 }, // U+2077
    { 11, 12, 320, 6, 23, 33, 174 }, // U+2078
    { 11, 12, 320, 6, 23, 33, 207 }, // U+2079
    { 11, 12, 320, 4, 12, 33, 240 }, // U+2080
    { 10, 12, 320, 4, 12, 30, 273 }, // U+2081
    { 12, 12, 320, 3, 12, 36, 303 }, // U+2082
    { 12, 12, 320, 3, 12, 36, 339 }, // U+2083
    { 12, 12, 320, 3, 12, 36, 375 }, // U+2084
    { 12, 12, 320, 4, 12, 36, 411 }, // U+2085
    { 12, 12, 320, 4, 12, 36, 447 }, // U+2086
    { 11, 12, 320, 5, 12, 33, 483 }, // U+2087
    { 11, 12, 320, 4, 12, 33, 516 }, // U+2088
    { 11, 12, 320, 4, 12, 33, 549 }, // U+2089
    { 20, 31, 320, 1, 28, 155, 0 }, // U+20A1
    { 21, 24, 320, 0, 24, 126, 155 }, // U+20A4
    { 21, 24, 320, 0, 24, 126, 281 }, // U+20A6
    { 22, 24, 320, -1, 24, 132, 407 }, // U+20A8
    { 22, 24, 320, 0, 24, 132, 539 }, // U+20A9
    { 23, 24, 320, -1, 24, 138, 671 }, // U+20AA
    { 21, 25, 320, 1, 25, 132, 809 }, // U+20AB
    { 20, 24, 320, 1, 24, 120, 941 }, // U+20AC
    { 22, 24, 320, 0, 24, 132, 1061 }, // U+20AD
    { 20, 24, 320, 2, 24, 120, 1193 }, // U+20AE
    { 20, 24, 320, 1, 24, 120, 1313 }, // U+20B1
    { 19, 32, 320, 1, 28, 152, 1433 }, // U+20B2
    { 21, 24, 320, 0, 24, 126, 1585 }, // U+20B4
    { 20, 32, 320, 1, 28, 160, 1711 }, // U+20B5
    { 19, 24, 320, 2, 24, 114, 1871 }, // U+20B8
    { 21, 23, 320, 1, 23, 121, 1985 }, // U+20B9
    { 20, 24, 320, 0, 24, 120, 2106 }, // U+20BA
    { 21, 24, 320, 0, 24, 126, 2226 }, // U+20BD
    { 19, 32, 320, 1, 28, 152, 2352 }, // U+20BF
    { 20, 16, 320, 0, 20, 80, 0 }, // U+2190
    { 16, 24, 320, 2, 24, 96, 80 }, // U+2191
    { 20, 16, 320, 0, 20, 80, 176 }, // U+2192
    { 16, 24, 320, 2, 23, 96, 256 }, // U+2193
    { 20, 14, 320, 0, 19, 70, 352 }, // U+2194
    { 16, 25, 320, 2, 24, 100, 422 }, // U+2195
    { 19, 19, 320, 1, 21, 91, 522 }, // U+2196
    { 19, 19, 320, 0, 21, 91, 613 }, // U+2197
    { 19, 19, 320, 0, 22, 91, 704 }, // U+2198
    { 19, 19, 320, 1, 22, 91, 795 }, // U+2199
    { 20, 19, 320, 0, 21, 95, 886 }, // U+21A9
    { 20, 19, 320, 0, 21, 95, 981 }, // U+21AA
    { 19, 24, 320, 0, 23, 114, 1076 }, // U+21B0
    { 19, 24, 320, 1, 23, 114, 1190 }, // U+21B1
    { 19, 24, 320, 0, 24, 114, 1304 }, // U+21B2
    { 19, 24, 320, 1, 24, 114, 1418 }, // U+21B3
    { 20, 22, 320, 0, 23, 110, 1532 }, // U+21B6
    { 20, 22, 320, 0, 23, 110, 1642 }, // U+21B7
    { 20, 24, 320, 0, 24, 120, 1752 }, // U+21BA
    { 20, 24, 320, 0, 24, 120, 1872 }, // U+21BB
    { 20, 30, 320, 0, 27, 150, 1992 }, // U+21C4
    { 20, 30, 320, 0, 27, 150, 2142 }, // U+21C6
    { 18, 24, 320, 1, 24, 108, 0 }, // U+2202
    { 20, 24, 320, -1, 24, 120, 108 }, // U+2206
    { 21, 24, 320, 0, 24, 126, 228 }, // U+220F
    { 22, 30, 320, -1, 23, 165, 354 }, // U+2211
    { 17, 4, 320, 2, 12, 17, 519 }, // U+2212
    { 22, 23, 320, 1, 23, 127, 536 }, // U+221A
    { 21, 12, 320, 0, 16, 63, 663 }, // U+221E
    { 24, 32, 320, -2, 25, 192, 726 }, // U+222B
    { 20, 14, 320, 0, 17, 70, 918 }, // U+2248
    { 19, 18, 320, 1, 19, 86, 988 }, // U+2260
    { 19, 20, 320, 1, 20, 95, 1074 }, // U+2264
    { 18, 20, 320, 1, 20, 90, 1169 }, // U+2265
    { 20, 25, 320, 1, 25, 125, 0 }, // U+FB01
    { 20, 25, 320, 1, 25, 125, 125 }, // U+FB02
};

static const EpdUnicodeInterval notosans_16_bolditalicIntervals[] = {
    { 0x20, 0x7E, 0x0 },
    { 0xA0, 0xA3, 0x5F },
    { 0xA5, 0x17E, 0x63 },
    { 0x1A0, 0x1A1, 0x13D },
    { 0x1AF, 0x1B0, 0x13F },
    { 0x1FA, 0x1FF, 0x141 },
    { 0x218, 0x21B, 0x147 },
    { 0x300, 0x304, 0x14B },
    { 0x306, 0x30C, 0x150 },
    { 0x312, 0x312, 0x157 },
    { 0x315, 0x315, 0x158 },
    { 0x31B, 0x31B, 0x159 },
    { 0x323, 0x323, 0x15A },
    { 0x326, 0x328, 0x15B },
    { 0x400, 0x45F, 0x15E },
    { 0x472, 0x473, 0x1BE },
    { 0x490, 0x49D, 0x1C0 },
    { 0x4A0, 0x4A5, 0x1CE },
    { 0x4AA, 0x4AB, 0x1D4 },
    { 0x4AE, 0x4B3, 0x1D6 },
    { 0x4B6, 0x4BB, 0x1DC },
    { 0x4C0, 0x4C2, 0x1E2 },
    { 0x4CF, 0x4D9, 0x1E5 },
    { 0x4DC, 0x4DF, 0x1F0 },
    { 0x4E2, 0x4E9, 0x1F4 },
    { 0x4EE, 0x4F5, 0x1FC },
    { 0x4F8, 0x4F9, 0x204 },
    { 0x1EA0, 0x1EF9, 0x206 },
    { 0x2013, 0x2014, 0x260 },
    { 0x2018, 0x201A, 0x262 },
    { 0x201C, 0x201E, 0x265 },
    { 0x2020, 0x2022, 0x268 },
    { 0x2026, 0x2026, 0x26B },
    { 0x2030, 0x2030, 0x26C },
    { 0x2039, 0x203A, 0x26D },
    { 0x2044, 0x2044, 0x26F },
    { 0x2070, 0x2070, 0x270 },
    { 0x2074, 0x2079, 0x271 },
    { 0x2080, 0x2089, 0x277 },
    { 0x20A1, 0x20A1, 0x281 },
    { 0x20A4, 0x20A4, 0x282 },
    { 0x20A6, 0x20A6, 0x283 },
    { 0x20A8, 0x20AE, 0x284 },
    { 0x20B1, 0x20B2, 0x28B },
    { 0x20B4, 0x20B5, 0x28D },
    { 0x20B8, 0x20BA, 0x28F },
    { 0x20BD, 0x20BD, 0x292 },
    { 0x20BF, 0x20BF, 0x293 },
    { 0x2190, 0x2199, 0x294 },
    { 0x21A9, 0x21AA, 0x29E },
    { 0x21B0, 0x21B3, 0x2A0 },
    { 0x21B6, 0x21B7, 0x2A4 },
    { 0x21BA, 0x21BB, 0x2A6 },
    { 0x21C4, 0x21C4, 0x2A8 },
    { 0x21C6, 0x21C6, 0x2A9 },
    { 0x2202, 0x2202, 0x2AA },
    { 0x2206, 0x2206, 0x2AB },
    { 0x220F, 0x220F, 0x2AC },
    { 0x2211, 0x2212, 0x2AD },
    { 0x221A, 0x221A, 0x2AF },
    { 0x221E, 0x221E, 0x2B0 },
    { 0x222B, 0x222B, 0x2B1 },
    { 0x2248, 0x2248, 0x2B2 },
    { 0x2260, 0x2260, 0x2B3 },
    { 0x2264, 0x2265, 0x2B4 },
    { 0xFB01, 0xFB02, 0x2B6 },
};

static const EpdFontGroup notosans_16_bolditalicGroups[] = {
    { 0, 4309, 10452, 95, 0 },
    { 4309, 3509, 11999, 95, 95 },
    { 7818, 4498, 19236, 127, 190 },
    { 12316, 1030, 2384, 14, 317 },
    { 13346, 281, 408, 19, 331 },
    { 13627, 6803, 22171, 168, 350 },
    { 20430, 2838, 16161, 90, 518 },
    { 23268, 482, 1088, 16, 608 },
    { 23750, 413, 612, 17, 624 },
    { 24163, 1364, 2675, 19, 641 },
    { 25527, 786, 2332, 22, 660 },
    { 26313, 587, 1346, 12, 682 },
    { 26900, 139, 250, 2, 694 },
};

static const EpdFontData notosans_16_bolditalic = {
    notosans_16_bolditalicBitmaps,
    notosans_16_bolditalicGlyphs,
    notosans_16_bolditalicIntervals,
    66,
    43,
    35,
    -10,
    true,
    notosans_16_bolditalicGroups,
    13,
    nullptr,
    nullptr,
    nullptr,
    nullptr,
    nullptr,
    nullptr,
    nullptr,
    nullptr,
    nullptr,
    nullptr,
    nullptr,
    0,
    0,
    0,
    0,
    nullptr,
    0,
};
