/**
 * generated by fontconvert.py
 * name: notosans_12_bold
 * size: 12
 * mode: 2-bit  compressed: true
 * Command used: fontconvert.py notosans_12_bold 12 ../builtinFonts/source/iAWriterMonoS/iAWriterMonoS-Bold.ttf --2bit --compress --pnum --zopfli
 */
#pragma once
#include "EpdFontData.h"

static const uint8_t notosans_12_boldBitmaps[14506] = {
    0x9D, 0x98, 0x01, 0xA4, 0x26, 0xD7, 0xF9, 0xC6, 0x9F, 0xF9, 0xBE, 0xBF, 0x9D, 0xBF, 0x4C, 0x6B,
    0x8A, 0xA2, 0x68, 0x0C, 0x00, 0x5D, 0xDD, 0x03, 0x00, 0xCD, 0xBE, 0x27, 0x09, 0x82, 0x45, 0x0B,
    0x05, 0x50, 0x00, 0x16, 0x16, 0xA0, 0x68, 0xBE, 0x73, 0x22, 0xB4, 0x08, 0x72, 0x0B, 0x00, 0x04,
    0xC1, 0xE6, 0x0B, 0x02, 0xA5, 0x21, 0xB9, 0x3D, 0xC7, 0x06, 0x41, 0xD0, 0x91, 0xA0, 0x28, 0x32,
    0x49, 0x97, 0xB2, 0xC1, 0x3D, 0x4D, 0x26, 0x3A, 0x49, 0x66, 0xE6, 0xED, 0x79, 0xCC, 0xF7, 0xCD,
    0x75, 0x73, 0x37, 0xBB, 0x7B, 0xF7, 0x9B, 0xF3, 0xBB, 0x6B, 0xCE, 0xBC, 0xEF, 0x39, 0xEF, 0x9C,
    0x33, 0xEF, 0x3C, 0xEF, 0x4E, 0xF0, 0xC7, 0xC3, 0x59, 0x81, 0xE0, 0x06, 0x9E, 0xC5, 0x8F, 0xC0,
    0x9F, 0xC6, 0xE5, 0x98, 0x9A, 0x87, 0x37, 0x48, 0x9D, 0x69, 0x3C, 0x76, 0xC6, 0xE2, 0xD4, 0x40,
    0x54, 0x47, 0x72, 0x7D, 0xD6, 0xBB, 0xC5, 0xF0, 0x32, 0x8A, 0xFE, 0x14, 0x6F, 0xCF, 0xFA, 0x86,
    0xAA, 0x26, 0xB2, 0xFD, 0xCF, 0x80, 0xF2, 0xB3, 0x1E, 0xD5, 0xC7, 0x99, 0x4F, 0x12, 0xEA, 0x0F,
    0x12, 0x50, 0xC5, 0x03, 0x2D, 0x10, 0x66, 0x94, 0xAA, 0xB1, 0x56, 0x6D, 0xCD, 0x3F, 0x3E, 0xB2,
    0xE6, 0xC3, 0x08, 0xD2, 0x7C, 0x17, 0x51, 0xEB, 0x80, 0xAD, 0xAA, 0xC7, 0x1D, 0x6D, 0x51, 0x9E,
    0x25, 0x94, 0x1F, 0x26, 0x52, 0xBF, 0xF4, 0x51, 0x12, 0xD5, 0xCE, 0x64, 0xBF, 0x52, 0x67, 0xA0,
    0x69, 0xD7, 0x31, 0xAB, 0x1E, 0x83, 0x4C, 0x9B, 0x74, 0x2A, 0x65, 0x37, 0x9A, 0x3A, 0x8E, 0xA6,
    0xB1, 0xEF, 0x8B, 0x40, 0xA6, 0x97, 0xD1, 0xF4, 0x00, 0xE0, 0x62, 0xF1, 0x75, 0x8E, 0xEB, 0xCB,
    0x34, 0x94, 0xFF, 0xEA, 0xC6, 0xFA, 0x83, 0x6E, 0x6C, 0x5E, 0xED, 0x06, 0xB3, 0xF9, 0xBA, 0xBF,
    0x09, 0x4D, 0xEF, 0x43, 0x3C, 0x82, 0x47, 0xA9, 0x3D, 0x6A, 0x1D, 0xD1, 0xC4, 0xBF, 0x64, 0x80,
    0xBA, 0x05, 0xCA, 0x04, 0x6C, 0xC7, 0x7A, 0xA8, 0xB5, 0x1E, 0x24, 0xBC, 0x7E, 0xDF, 0x35, 0x67,
    0x3E, 0x94, 0x6A, 0xC3, 0x46, 0xE1, 0x9E, 0x57, 0x88, 0x6A, 0x6C, 0xF4, 0xD7, 0xE9, 0xDA, 0x54,
    0x0E, 0x82, 0x8B, 0x07, 0x87, 0x9D, 0xB0, 0xED, 0x51, 0x75, 0xA8, 0x23, 0x8C, 0x65, 0xDF, 0x4D,
    0x60, 0x07, 0x9C, 0xAE, 0x8D, 0xA7, 0xEC, 0x14, 0xD0, 0x20, 0x9B, 0x55, 0x1D, 0x5D, 0x30, 0xD1,
    0xDD, 0x44, 0x06, 0xB0, 0x19, 0x81, 0xBF, 0xD1, 0x02, 0x8D, 0x07, 0x2D, 0x72, 0x6B, 0x51, 0x76,
    0x6B, 0xCB, 0xA7, 0xEC, 0xAC, 0x23, 0x0D, 0x84, 0xC6, 0xC5, 0x48, 0x47, 0xC3, 0x9B, 0x38, 0xE7,
    0x46, 0x7D, 0xAF, 0x13, 0xD5, 0x44, 0xAE, 0xE9, 0x6C, 0xE1, 0x7A, 0x40, 0x47, 0x6C, 0x47, 0x45,
    0xD5, 0x3B, 0xBF, 0xE9, 0x6E, 0x00, 0xF6, 0xFF, 0x00, 0xC1, 0x25, 0x9C, 0xAA, 0x25, 0xB7, 0xC3,
    0xDE, 0x7E, 0xFF, 0x5A, 0x93, 0x4C, 0x92, 0x56, 0xA2, 0x58, 0x87, 0x1D, 0xDE, 0x47, 0x50, 0xBF,
    0xB6, 0xE3, 0xB3, 0x05, 0x38, 0x30, 0x30, 0x60, 0x02, 0xA3, 0xC3, 0x76, 0xC8, 0x24, 0xA0, 0xCA,
    0x70, 0xA1, 0xB9, 0xE0, 0xC6, 0x03, 0x62, 0xAF, 0x64, 0x8A, 0x3B, 0xF7, 0xF9, 0xBC, 0xA0, 0x9E,
    0x35, 0x36, 0x9D, 0xC9, 0x51, 0xD4, 0x49, 0x7C, 0x45, 0x92, 0x7B, 0xED, 0xB5, 0xDE, 0xBD, 0xFE,
    0x51, 0xEF, 0xFE, 0x78, 0xAB, 0x3F, 0xF6, 0xF1, 0x7A, 0xD3, 0x9A, 0x96, 0xF6, 0xF4, 0x83, 0xBB,
    0x9F, 0x19, 0x97, 0x75, 0xC8, 0x54, 0x5F, 0x8D, 0x68, 0x3E, 0x19, 0x21, 0xAF, 0x8E, 0xA8, 0xB6,
    0x23, 0xF0, 0x08, 0xAE, 0xBD, 0x3D, 0xBF, 0x59, 0xA9, 0x0E, 0x04, 0xE1, 0x3E, 0x4A, 0xC6, 0xA1,
    0xEA, 0xB9, 0x16, 0x95, 0x37, 0x2D, 0x40, 0x24, 0xE3, 0x22, 0x0A, 0xB5, 0x28, 0x27, 0xC0, 0xF4,
    0x40, 0x88, 0xD8, 0xCE, 0x40, 0x3D, 0x00, 0xE6, 0xDB, 0xFD, 0x1B, 0x46, 0x35, 0x11, 0x84, 0x1E,
    0x95, 0xAA, 0x35, 0xAA, 0xD9, 0x5F, 0xDA, 0x02, 0x0D, 0xFD, 0x23, 0xAE, 0xAB, 0x85, 0x0C, 0x80,
    0xA8, 0x05, 0xC7, 0x42, 0xD3, 0x01, 0x75, 0xAA, 0x32, 0x12, 0xA5, 0x13, 0xDA, 0xAB, 0xA2, 0xC8,
    0x31, 0x60, 0xA3, 0x40, 0x99, 0xA9, 0x33, 0x26, 0xE3, 0x02, 0x30, 0x05, 0x6C, 0x86, 0x80, 0x32,
    0x05, 0xD4, 0x6D, 0x80, 0xF1, 0x01, 0x82, 0x00, 0xA7, 0xDA, 0x93, 0xDB, 0x7B, 0x7D, 0x03, 0x08,
    0x38, 0x62, 0x54, 0x21, 0x64, 0xBF, 0x3F, 0xDF, 0xE6, 0x67, 0x4E, 0x20, 0x6E, 0x62, 0x3F, 0x9C,
    0x57, 0x5F, 0x30, 0xAE, 0x03, 0xCF, 0x66, 0x9C, 0x0D, 0xDE, 0xA9, 0xA2, 0xD1, 0x11, 0x1B, 0x3D,
    0x01, 0xCA, 0x79, 0xBD, 0xD7, 0x42, 0xB9, 0x5C, 0x8C, 0x38, 0xF3, 0xF9, 0x04, 0xF3, 0xA9, 0x7A,
    0xE6, 0xB2, 0x74, 0x0D, 0xF7, 0x23, 0x73, 0xD8, 0x97, 0xAE, 0xE9, 0x6A, 0xE5, 0xBE, 0xA8, 0xC5,
    0x9D, 0x1E, 0x41, 0x35, 0x06, 0xB2, 0x0F, 0xF1, 0x14, 0xE2, 0x4F, 0x11, 0x70, 0x0A, 0x05, 0x8A,
    0x69, 0x19, 0xB0, 0x1C, 0x0E, 0x83, 0x76, 0x87, 0xA5, 0x8E, 0x80, 0xB3, 0x00, 0x4D, 0x66, 0x60,
    0x93, 0xCD, 0x10, 0x06, 0xEE, 0x8B, 0xE5, 0x7E, 0x9B, 0x36, 0xCF, 0x10, 0xEB, 0xB6, 0x6E, 0x9B,
    0x58, 0xCE, 0x6A, 0xA1, 0x23, 0x78, 0x6D, 0x7D, 0x6E, 0x8E, 0xB4, 0x4D, 0x6A, 0x54, 0x5B, 0x5E,
    0xA3, 0x3F, 0xDC, 0xBA, 0xB7, 0x51, 0x5A, 0x43, 0xDB, 0x4E, 0xFC, 0xC1, 0xB6, 0x13, 0xDA, 0xA6,
    0x52, 0x3F, 0xED, 0xF0, 0x96, 0x61, 0x00, 0x19, 0xDE, 0xF0, 0x04, 0x34, 0xF4, 0xED, 0xB0, 0x51,
    0x8B, 0x35, 0x0F, 0x96, 0xDF, 0x7A, 0x2E, 0x69, 0x39, 0x96, 0xDE, 0xCB, 0xB9, 0xC4, 0x1F, 0x7E,
    0xC6, 0x34, 0xA8, 0x47, 0x84, 0xA1, 0x52, 0x1F, 0x06, 0xA8, 0xC7, 0x0C, 0x68, 0x0B, 0x37, 0xA1,
    0xE4, 0x3F, 0x03, 0xAA, 0x11, 0xB4, 0xFE, 0xFF, 0xDB, 0xFB, 0xBD, 0x3D, 0xE6, 0x2A, 0xCE, 0x7F,
    0xF8, 0x5E, 0xFF, 0x09, 0x30, 0x31, 0x08, 0x84, 0xEC, 0xAA, 0x1E, 0x81, 0x23, 0xF0, 0x45, 0xD3,
    0x8C, 0x85, 0xF6, 0x8D, 0xDA, 0xD0, 0x73, 0x96, 0x01, 0xF0, 0xE0, 0x7E, 0xF2, 0xBD, 0x0C, 0xD1,
    0x19, 0x62, 0x15, 0x05, 0x02, 0x00, 0x05, 0xAE, 0x31, 0x8A, 0x31, 0xD3, 0x01, 0x33, 0xC8, 0xFA,
    0x2B, 0xD4, 0x5E, 0x80, 0xFB, 0xB9, 0x51, 0x45, 0x35, 0x6B, 0xDE, 0x81, 0xAA, 0x6D, 0x5E, 0xF8,
    0xAA, 0x33, 0xD5, 0x77, 0x49, 0x6A, 0x4D, 0xD2, 0xBC, 0x9A, 0x79, 0xF1, 0x22, 0xF5, 0x87, 0x19,
    0x4D, 0xB4, 0x69, 0x5E, 0xF9, 0xF3, 0x6F, 0xB8, 0xC5, 0xA5, 0xDE, 0x45, 0xC1, 0xF9, 0x4C, 0xC6,
    0xF5, 0x60, 0xD4, 0x9C, 0x9F, 0x14, 0xD3, 0x94, 0xC3, 0x9F, 0xB1, 0xED, 0x03, 0xB6, 0xC9, 0x81,
    0xD9, 0x5E, 0x77, 0x42, 0x8D, 0x89, 0x0D, 0x75, 0x46, 0x95, 0x67, 0xEC, 0x4D, 0xCE, 0x56, 0xD9,
    0xAA, 0x1C, 0x44, 0x3B, 0x88, 0x4E, 0x90, 0x33, 0x85, 0x78, 0xE2, 0xAC, 0x30, 0x37, 0xFC, 0x0C,
    0xD1, 0x21, 0xD3, 0x43, 0xBE, 0x50, 0xF6, 0x7B, 0xF1, 0x12, 0x17, 0x9C, 0xCF, 0x7D, 0x56, 0x94,
    0x36, 0x8C, 0xA1, 0x43, 0xA5, 0x13, 0x1A, 0x55, 0x66, 0x01, 0x47, 0x88, 0x01, 0x3F, 0x85, 0x02,
    0x97, 0x08, 0x19, 0xCE, 0x40, 0x3B, 0xDA, 0xD3, 0x8F, 0xFE, 0x4E, 0x4F, 0x32, 0x03, 0xDC, 0xD9,
    0x0C, 0x67, 0x15, 0xB4, 0xC9, 0xC4, 0x47, 0xE0, 0x69, 0x47, 0x7B, 0xFA, 0xD1, 0x5F, 0x75, 0x64,
    0xDB, 0xDF, 0x55, 0x60, 0x6D, 0x0F, 0xED, 0xE4, 0xE9, 0xD2, 0xAF, 0x33, 0xDB, 0xFE, 0xAD, 0xC7,
    0xBA, 0xAC, 0x6D, 0xDD, 0x45, 0xAA, 0x77, 0xCE, 0x1A, 0x13, 0xEB, 0x93, 0xF5, 0x3D, 0x70, 0x6F,
    0x7F, 0x22, 0xF7, 0xB4, 0x13, 0x12, 0x2B, 0x92, 0x2D, 0xEA, 0xAE, 0x49, 0xCC, 0x6A, 0xED, 0xB6,
    0xFA, 0xCF, 0x0E, 0xE1, 0x56, 0xE7, 0xEC, 0x23, 0x0E, 0xD5, 0x85, 0x07, 0x99, 0x47, 0x1C, 0xA2,
    0x0A, 0xF2, 0x0B, 0x7D, 0xC0, 0x25, 0x7D, 0x62, 0x68, 0x7F, 0xF4, 0xDD, 0xAA, 0x46, 0xB2, 0xD9,
    0x07, 0x46, 0xFF, 0x58, 0x0C, 0x9F, 0x81, 0x36, 0x70, 0xE7, 0x50, 0x1E, 0x77, 0xCE, 0x9A, 0x36,
    0xC7, 0xB3, 0xEC, 0xC6, 0x8B, 0x13, 0xDC, 0xAD, 0x01, 0xEE, 0x77, 0x09, 0x2E, 0x44, 0x38, 0x25,
    0x6D, 0x26, 0x9F, 0x7F, 0xD1, 0xC3, 0x7D, 0x30, 0xC2, 0xBD, 0x70, 0xDC, 0xE1, 0x70, 0xD8, 0xE1,
    0x26, 0x05, 0xE0, 0x49, 0xDB, 0xFE, 0xAD, 0xA0, 0x73, 0x6E, 0x7C, 0x71, 0x0A, 0x5F, 0x14, 0xBD,
    0x24, 0x19, 0x5C, 0x92, 0x31, 0x24, 0x39, 0xCD, 0xC9, 0xE4, 0xFE, 0x9B, 0x44, 0xBE, 0x4A, 0xD2,
    0x7C, 0x92, 0x24, 0x57, 0x5D, 0x52, 0xE5, 0xC4, 0x2A, 0x73, 0x32, 0x6D, 0xB7, 0x49, 0x70, 0x11,
    0x17, 0x8D, 0x75, 0x5D, 0x26, 0x65, 0xFA, 0xCC, 0x90, 0x19, 0x8D, 0xDD, 0x4D, 0x99, 0x5D, 0x46,
    0x32, 0xE6, 0x8E, 0xDD, 0x35, 0x67, 0x76, 0x57, 0xAB, 0xDD, 0x55, 0x99, 0x32, 0xB3, 0xCD, 0x6C,
    0x32, 0x50, 0xFB, 0x50, 0xF1, 0x25, 0x14, 0x5F, 0x5F, 0xF5, 0x47, 0x8E, 0xC2, 0x4B, 0x9A, 0xEE,
    0xA2, 0xF8, 0x8A, 0x92, 0x19, 0x4C, 0xAA, 0x35, 0xD1, 0x56, 0x02, 0x85, 0x62, 0x49, 0xD2, 0x07,
    0x27, 0x10, 0x8F, 0x87, 0xC2, 0x38, 0xC0, 0x01, 0xC1, 0x74, 0x47, 0x93, 0xA4, 0x05, 0xE7, 0x5A,
    0xFE, 0x70, 0x76, 0x30, 0x8C, 0xF3, 0x3F, 0x4B, 0x9F, 0xDC, 0x7B, 0x87, 0x7F, 0xB4, 0x43, 0xD3,
    0x85, 0x96, 0xBE, 0x2D, 0x47, 0xE9, 0x01, 0xF7, 0xEF, 0x09, 0x00, 0x7E, 0xFB, 0xE4, 0xD1, 0x9D,
    0x25, 0xC8, 0x9F, 0x06, 0xB0, 0x6C, 0x90, 0x57, 0xB2, 0xBD, 0x57, 0x1C, 0xED, 0x71, 0xE7, 0x1B,
    0x0E, 0x1B, 0x39, 0x7E, 0xD3, 0x55, 0x96, 0xA2, 0x4E, 0x9A, 0x6F, 0x18, 0xEF, 0x74, 0x5E, 0xEE,
    0xE2, 0x4E, 0xA2, 0x9E, 0x91, 0xDA, 0x36, 0x9D, 0xD0, 0xE7, 0x20, 0xEB, 0xAB, 0x54, 0x87, 0x6F,
    0xDF, 0xA4, 0xF3, 0xD3, 0x10, 0x20, 0xFE, 0x2A, 0x30, 0xD1, 0x24, 0x2E, 0xC9, 0x52, 0x2B, 0x65,
    0xBD, 0x43, 0xF0, 0xE5, 0xE0, 0x62, 0xD5, 0x1F, 0x77, 0x93, 0x92, 0xCA, 0x1D, 0x3D, 0x88, 0xB8,
    0x2F, 0x7B, 0xB1, 0xDB, 0xC1, 0x61, 0x3B, 0x06, 0xBE, 0x8E, 0xF9, 0x5A, 0x5E, 0x5F, 0xD1, 0x8B,
    0x94, 0xF6, 0xAC, 0x4E, 0x87, 0x85, 0x0D, 0xE9, 0x77, 0xF5, 0xC7, 0xBD, 0x6B, 0x32, 0xE6, 0xF3,
    0x4C, 0x7E, 0x7A, 0x6F, 0x66, 0x9E, 0xCB, 0xFC, 0x2A, 0x3F, 0xCD, 0x7F, 0xC8, 0xBC, 0xFB, 0x5E,
    0x92, 0x21, 0x24, 0xE9, 0x1D, 0xE9, 0x4C, 0x92, 0x8E, 0xB3, 0x19, 0x96, 0x0B, 0x9C, 0x77, 0x70,
    0x9E, 0x25, 0x6C, 0xA1, 0xCB, 0x5C, 0x9C, 0x03, 0x92, 0x56, 0x79, 0xD8, 0x4C, 0x33, 0xCA, 0x41,
    0x6D, 0x9D, 0x5C, 0x6C, 0x3A, 0x8A, 0x6B, 0x93, 0x82, 0xAD, 0x07, 0xDE, 0xCB, 0xF1, 0x1E, 0x38,
    0x0E, 0x9F, 0xD3, 0xED, 0xB0, 0xC4, 0xBD, 0xC6, 0xCB, 0x71, 0x4C, 0xF7, 0xC3, 0x6B, 0xAA, 0xEA,
    0x49, 0x2E, 0xA1, 0xFC, 0x2A, 0xFB, 0xD5, 0x40, 0x1D, 0x5F, 0x2A, 0x3F, 0xF5, 0xD8, 0x1C, 0xCB,
    0x9F, 0x9E, 0x43, 0x1D, 0x0A, 0x84, 0x07, 0x7B, 0xAF, 0xAA, 0x91, 0x38, 0xF5, 0x6C, 0x7B, 0xBB,
    0x03, 0xAE, 0xD4, 0xB2, 0xCB, 0xE2, 0x2B, 0x16, 0x30, 0x1E, 0xEB, 0x7F, 0x5A, 0xAA, 0x04, 0x6C,
    0xC9, 0xB0, 0x14, 0xD0, 0x98, 0x0E, 0x05, 0xB5, 0xCB, 0x5C, 0xC1, 0x38, 0xA8, 0xCD, 0xED, 0x76,
    0xB0, 0x30, 0x57, 0x6A, 0x74, 0x59, 0x7C, 0x61, 0xBA, 0xF3, 0xBD, 0x98, 0x46, 0x70, 0xC7, 0xF9,
    0xFE, 0xC9, 0xD2, 0xE0, 0x9B, 0xD8, 0xB4, 0x94, 0x63, 0x41, 0x99, 0x9E, 0xC1, 0xC6, 0xB2, 0x44,
    0x39, 0xAE, 0x27, 0x50, 0x41, 0xB2, 0x45, 0xD5, 0xE5, 0xD0, 0x3C, 0x0B, 0x90, 0x86, 0x82, 0x7C,
    0x36, 0xE1, 0xC7, 0x98, 0x01, 0x28, 0xAE, 0xA9, 0xC2, 0x64, 0x9C, 0x55, 0x04, 0x64, 0x0A, 0x85,
    0xD3, 0x10, 0x65, 0x96, 0xB6, 0x1A, 0x9A, 0x36, 0x00, 0xB8, 0x44, 0xD5, 0x23, 0xB8, 0x19, 0x41,
    0x15, 0xC1, 0xE7, 0x03, 0x12, 0x2F, 0xC1, 0x7E, 0xD5, 0xC5, 0xAE, 0x5A, 0x04, 0xBE, 0x5C, 0x05,
    0xFE, 0x39, 0x88, 0xFF, 0xC9, 0x45, 0x55, 0xF1, 0xC8, 0xFD, 0x37, 0x79, 0xDD, 0x1E, 0x65, 0x01,
    0xA8, 0xBB, 0xEF, 0x53, 0xCC, 0x75, 0x57, 0xE5, 0x22, 0x91, 0x52, 0x68, 0xF2, 0x21, 0xB1, 0xBE,
    0x04, 0xFB, 0x79, 0x9D, 0x76, 0xB4, 0x2F, 0xC2, 0x09, 0x2A, 0x1D, 0x60, 0x74, 0x66, 0x3E, 0xC2,
    0x41, 0xD6, 0x15, 0x0A, 0xFB, 0xBD, 0x0F, 0x40, 0xEE, 0xFF, 0x39, 0x8C, 0x52, 0x92, 0x67, 0x14,
    0x9C, 0xBB, 0xD2, 0x08, 0xC9, 0xB8, 0x07, 0xFE, 0x18, 0xA4, 0x53, 0x8D, 0xE4, 0xB6, 0xB2, 0xEF,
    0xB1, 0xF2, 0x68, 0xC9, 0xD5, 0xE2, 0xFD, 0x3B, 0xE3, 0x6D, 0x99, 0x12, 0x1B, 0x2B, 0xB1, 0x52,
    0xF5, 0xB5, 0x32, 0x9E, 0xFB, 0x0F, 0x9F, 0xEA, 0x56, 0x0F, 0xE7, 0x26, 0xC6, 0x05, 0x17, 0xC3,
    0x51, 0xD4, 0x1F, 0x09, 0xC2, 0x79, 0x03, 0x10, 0x94, 0xED, 0xB6, 0x3E, 0x5C, 0x2A, 0xF3, 0x8D,
    0x06, 0xD5, 0xDC, 0x20, 0xF1, 0xBC, 0x01, 0xAA, 0x31, 0x37, 0x0A, 0xBE, 0x3C, 0xBE, 0xED, 0xB9,
    0xD0, 0x36, 0x4C, 0x0F, 0xBF, 0x05, 0x2A, 0xF8, 0xF3, 0x33, 0xDC, 0x4B, 0x07, 0xC5, 0x77, 0x54,
    0x7B, 0xBB, 0xA8, 0xFE, 0x59, 0x5A, 0x2A, 0x81, 0x17, 0x47, 0xB8, 0xE7, 0x57, 0xB5, 0x6F, 0x97,
    0xEB, 0x5C, 0xE6, 0x65, 0x90, 0xAB, 0x56, 0x2E, 0xC7, 0xEA, 0x68, 0x77, 0xB3, 0x8E, 0x3B, 0x75,
    0xC9, 0xA9, 0x26, 0x97, 0x65, 0x7E, 0x57, 0xDF, 0xEB, 0x1F, 0xC7, 0xD3, 0x2C, 0x39, 0x1F, 0x3F,
    0xBE, 0xF8, 0x85, 0x3E, 0x3E, 0xD8, 0xB0, 0xC8, 0x5A, 0x3C, 0xC2, 0x73, 0xF6, 0x1F, 0x05, 0xA2,
    0xD0, 0xF6, 0xA9, 0x52, 0x2C, 0x00, 0x97, 0x78, 0x9A, 0x74, 0x01, 0x2E, 0x23, 0x73, 0x13, 0x65,
    0x76, 0xF1, 0xFA, 0xAC, 0x11, 0x87, 0x77, 0x34, 0xE6, 0xCB, 0x5C, 0xD7, 0xFD, 0x5A, 0x19, 0x32,
    0x8D, 0xF8, 0xF8, 0x9A, 0xEF, 0x94, 0xE9, 0xB5, 0xD4, 0x7F, 0xCA, 0xB5, 0x98, 0x80, 0x77, 0x94,
    0x11, 0xDA, 0x5F, 0x66, 0x42, 0xBE, 0x6E, 0x72, 0x1F, 0x85, 0xB1, 0x98, 0x70, 0x01, 0x55, 0xB5,
    0x07, 0x78, 0xFE, 0x83, 0x40, 0x95, 0x58, 0x18, 0xB5, 0x0E, 0xEE, 0xD1, 0xF0, 0x88, 0x4B, 0x7A,
    0x36, 0xEA, 0x6C, 0x96, 0x62, 0x7B, 0xFE, 0x4D, 0xA3, 0x66, 0xAD, 0xBD, 0x88, 0x70, 0x5A, 0x44,
    0x78, 0x33, 0xF2, 0x43, 0xD0, 0x04, 0xCC, 0xE7, 0x62, 0x46, 0xA6, 0xBA, 0x1D, 0x4F, 0x9B, 0x76,
    0x38, 0x6D, 0x3E, 0x1B, 0x76, 0xE6, 0xB3, 0x7E, 0x77, 0xE3, 0xCB, 0xFE, 0xE6, 0x73, 0x5F, 0x66,
    0xC1, 0x25, 0x59, 0x70, 0x7F, 0xFF, 0xD7, 0x64, 0xDE, 0x7D, 0xAF, 0x33, 0xBD, 0xEB, 0x9A, 0xDE,
    0xB5, 0xAC, 0xA7, 0x58, 0xC9, 0x53, 0x24, 0x39, 0x27, 0x05, 0x75, 0x11, 0xDA, 0x65, 0xBC, 0x0B,
    0xDF, 0x91, 0x52, 0xF0, 0x4D, 0x2B, 0x2D, 0x63, 0x72, 0xBE, 0xEC, 0xF9, 0x2F, 0x7D, 0xD7, 0xD8,
    0xFA, 0x63, 0x6C, 0x33, 0x30, 0x2D, 0x71, 0xAD, 0x82, 0x6D, 0xDA, 0x4C, 0x04, 0xC4, 0xA3, 0x56,
    0xA0, 0x9E, 0x33, 0x3D, 0xB0, 0x56, 0xFB, 0x6F, 0x2B, 0xD6, 0x0F, 0x27, 0xD2, 0x01, 0xEA, 0x8F,
    0xA7, 0x8B, 0xB0, 0x3E, 0xD8, 0xAF, 0x39, 0x82, 0x30, 0x6C, 0x74, 0xD8, 0x7E, 0x7B, 0x77, 0x9B,
    0xB0, 0x49, 0x28, 0x06, 0xE0, 0x14, 0x10, 0xB6, 0x3C, 0x4A, 0xE8, 0x11, 0x26, 0xC0, 0x1D, 0x7A,
    0x40, 0x61, 0xC2, 0x36, 0xB1, 0x65, 0x97, 0xEC, 0x98, 0xDD, 0x05, 0x4F, 0x7E, 0x84, 0xEC, 0x30,
    0x63, 0x1F, 0x70, 0xF8, 0xC2, 0x77, 0x8A, 0x62, 0x1D, 0x4F, 0xEF, 0xC2, 0x0D, 0x45, 0x8E, 0xA5,
    0x3F, 0xF4, 0x60, 0xFD, 0x9C, 0x27, 0x74, 0x09, 0x33, 0xDD, 0x8B, 0x37, 0x0B, 0x5B, 0xCF, 0xDB,
    0x64, 0x54, 0x3B, 0x79, 0x49, 0xE3, 0x33, 0xD9, 0xE4, 0x7F, 0xAD, 0x98, 0x47, 0x94, 0xE4, 0x48,
    0x11, 0x86, 0x7F, 0x49, 0xFB, 0x56, 0x80, 0x60, 0xB5, 0xDE, 0xEF, 0x26, 0xDE, 0x83, 0xF0, 0x7E,
    0x3A, 0x13, 0xEF, 0xCD, 0x89, 0x2B, 0x67, 0x6C, 0xCF, 0x0D, 0xD7, 0xD3, 0x29, 0xBC, 0x87, 0xB9,
    0x5F, 0xF0, 0xD0, 0x34, 0xDE, 0xBB, 0xD9, 0xCE, 0x9C, 0x69, 0xBC, 0x15, 0x7B, 0xC4, 0x0A, 0xEF,
    0xE9, 0x7C, 0xFB, 0xF2, 0x3D, 0xC4, 0xAE, 0xA4, 0x20, 0x52, 0x2A, 0xF5, 0x74, 0xD1, 0x35, 0xAE,
    0xA8, 0xC8, 0xFC, 0x5E, 0x55, 0xBA, 0x08, 0x99, 0xC8, 0xC8, 0xA8, 0x22, 0x3B, 0x16, 0x0C, 0x72,
    0x57, 0xDC, 0x84, 0x87, 0x42, 0x72, 0xD1, 0xCA, 0x94, 0x53, 0x41, 0xA1, 0x30, 0x11, 0x91, 0x47,
    0x4E, 0x3D, 0x0A, 0x22, 0xC8, 0xF7, 0xDF, 0x1F, 0x5A, 0x60, 0x0E, 0xF9, 0x92, 0x6B, 0x51, 0xEC,
    0x69, 0x95, 0x13, 0x21, 0xA1, 0x06, 0x28, 0x4A, 0x46, 0x8D, 0xE8, 0x3F, 0x20, 0x25, 0x02, 0x8F,
    0x95, 0x45, 0x7D, 0x33, 0xA4, 0xBD, 0x88, 0x01, 0x0A, 0x46, 0x54, 0x00, 0x91, 0x1B, 0xF8, 0x6C,
    0xFF, 0x01, 0x24, 0x1E, 0xC8, 0xDC, 0xD8, 0xAF, 0xFF, 0xB6, 0x5D, 0x6A, 0x22, 0x1B, 0x60, 0xAD,
    0xAD, 0x56, 0xA9, 0x97, 0x36, 0x77, 0xA2, 0xCA, 0xAB, 0xBC, 0x2E, 0x6C, 0xE6, 0x64, 0x99, 0x78,
    0x8D, 0xB8, 0xDD, 0x01, 0xBA, 0x2E, 0x5C, 0x5B, 0x1D, 0x10, 0x44, 0x55, 0x50, 0x10, 0x08, 0xDF,
    0xA7, 0x7E, 0x89, 0xFF, 0x2D, 0x93, 0x2C, 0x18, 0x31, 0x35, 0x52, 0xEA, 0x90, 0x33, 0xC2, 0xDE,
    0x3F, 0xDC, 0xCE, 0xA0, 0x32, 0xEF, 0x15, 0xF7, 0x37, 0x48, 0x88, 0x20, 0x22, 0x52, 0x3C, 0x57,
    0x69, 0x14, 0x4A, 0x56, 0x6B, 0x90, 0xF4, 0x25, 0x64, 0xE4, 0x81, 0xF5, 0x16, 0x88, 0x7A, 0x00,
    0x9B, 0xB8, 0x18, 0x3B, 0x10, 0xD4, 0x31, 0x0D, 0x62, 0x2A, 0x21, 0x7F, 0xE8, 0xF7, 0x2B, 0xD6,
    0xFF, 0x80, 0xE4, 0x0F, 0xEB, 0xB8, 0x04, 0xB1, 0x7D, 0x92, 0xA8, 0xDD, 0x51, 0xD3, 0x3E, 0xEA,
    0xF3, 0xD4, 0x3D, 0xEE, 0x77, 0xFE, 0xDE, 0x0F, 0xFE, 0xBD, 0xC3, 0x40, 0xF8, 0xFE, 0x79, 0xEA,
    0x1F, 0x17, 0xC6, 0x1E, 0x27, 0xEA, 0xCF, 0x85, 0xB9, 0x69, 0x25, 0x14, 0x4C, 0x83, 0x20, 0x37,
    0x78, 0xE8, 0x1E, 0x8F, 0x2A, 0x00, 0x81, 0x1B, 0x08, 0x9A, 0xD0, 0x0A, 0xB4, 0x05, 0xCC, 0x9E,
    0x2D, 0xDE, 0x66, 0x71, 0x69, 0x04, 0xB8, 0x0C, 0x89, 0x97, 0xA5, 0x70, 0x04, 0xBD, 0xDB, 0xC2,
    0xA4, 0x0E, 0x3B, 0x8C, 0x79, 0x5B, 0x83, 0xE2, 0x77, 0x3D, 0x32, 0xAF, 0xCB, 0xC8, 0xB1, 0xC6,
    0xBB, 0xC7, 0x08, 0xF2, 0xB2, 0xED, 0x6D, 0x68, 0xA2, 0x01, 0x40, 0x62, 0x9E, 0xAB, 0x60, 0xA8,
    0xDC, 0xAF, 0x71, 0x8F, 0x4B, 0x62, 0xFB, 0x80, 0xEE, 0x03, 0x8F, 0xFE, 0xC9, 0xD1, 0x87, 0xB7,
    0x0F, 0x7B, 0xF4, 0x2F, 0x8F, 0x3E, 0xE0, 0x2D, 0x1F, 0xE0, 0x1E, 0xEE, 0x7F, 0x60, 0xD0, 0xA2,
    0xB8, 0x62, 0x0B, 0x19, 0x95, 0x82, 0x2A, 0xF9, 0x4C, 0x77, 0x24, 0x0A, 0x55, 0x26, 0xAE, 0xA0,
    0x3A, 0x27, 0x9E, 0x76, 0xC8, 0xC0, 0xCB, 0xCC, 0x36, 0x2F, 0xA2, 0x81, 0x43, 0xC6, 0x81, 0xE9,
    0x0A, 0xF7, 0xE7, 0x64, 0x0D, 0x0A, 0xC2, 0x43, 0x24, 0xC0, 0xF5, 0x96, 0xE0, 0x3E, 0x45, 0x09,
    0x49, 0x8A, 0xAB, 0x68, 0xB0, 0x66, 0x80, 0x02, 0x71, 0x17, 0x2A, 0x0A, 0x5C, 0x2B, 0xB0, 0xA9,
    0xC1, 0xFD, 0x91, 0x4A, 0x5C, 0xEA, 0x83, 0x0F, 0x49, 0xF6, 0x7C, 0xAD, 0xCE, 0xA3, 0x58, 0x9A,
    0xD9, 0xE4, 0xEF, 0x27, 0x18, 0x00, 0x03, 0xEA, 0x34, 0x91, 0x21, 0x97, 0x11, 0xB9, 0x82, 0xF6,
    0x9C, 0xA4, 0x5D, 0xA7, 0x0F, 0x20, 0x99, 0x82, 0xC9, 0x98, 0xC8, 0xEC, 0x3A, 0xE4, 0xE7, 0xC1,
    0x5D, 0xDE, 0xF8, 0x81, 0x69, 0x9F, 0xA6, 0x2A, 0x43, 0xDA, 0x60, 0x43, 0xB6, 0xA2, 0xCE, 0x6B,
    0x53, 0xBF, 0xBE, 0x4E, 0x66, 0xE5, 0x9A, 0x3F, 0xE8, 0x3E, 0xEE, 0x91, 0x93, 0x2D, 0x9E, 0x59,
    0xCB, 0xC4, 0xAD, 0xC5, 0xA1, 0xF2, 0x17, 0x6E, 0x8E, 0xCF, 0x38, 0x38, 0xC1, 0xE3, 0x12, 0x3B,
    0xBC, 0x79, 0xB9, 0xDB, 0x21, 0x77, 0xA4, 0x82, 0x47, 0x24, 0xBE, 0x28, 0x33, 0x6F, 0xCA, 0xE0,
    0x05, 0xE6, 0x99, 0x0D, 0x8E, 0x25, 0xD5, 0xE4, 0x04, 0x10, 0x16, 0x8D, 0xB6, 0x91, 0xBB, 0xC2,
    0x26, 0x55, 0x62, 0x33, 0x9B, 0x58, 0xA1, 0x12, 0xBB, 0x86, 0x07, 0x35, 0x1B, 0x90, 0xED, 0xA5,
    0x00, 0xA2, 0xE3, 0xB8, 0x32, 0xAB, 0xE1, 0x45, 0x1D, 0xBB, 0x23, 0x75, 0x5A, 0x7D, 0xBE, 0xCE,
    0xCB, 0xDF, 0xD5, 0x02, 0xD4, 0x1E, 0xC1, 0x8B, 0xDD, 0x09, 0x44, 0xF5, 0xB9, 0x75, 0x88, 0x12,
    0x57, 0x1A, 0x07, 0xEF, 0x7C, 0xEC, 0xE0, 0xD3, 0x2A, 0x76, 0x79, 0x99, 0x97, 0x02, 0xC7, 0x70,
    0x04, 0xE4, 0x4F, 0x80, 0x1A, 0x51, 0xB3, 0x8E, 0x36, 0x72, 0x97, 0x6E, 0x24, 0x55, 0xEA, 0x33,
    0x9B, 0x7A, 0xA1, 0xB0, 0xB1, 0x86, 0x47, 0x6D, 0x6C, 0x40, 0x37, 0x97, 0xE2, 0x86, 0xE3, 0xE7,
    0xBE, 0x0E, 0xE8, 0x0A, 0x73, 0x4C, 0x52, 0xD8, 0x81, 0x88, 0x2C, 0x32, 0xA6, 0xF0, 0x80, 0xB4,
    0x4C, 0xC9, 0xD8, 0xFB, 0x33, 0x1A, 0x82, 0x88, 0xC7, 0x5A, 0x44, 0xA6, 0xC6, 0x20, 0x1B, 0x4C,
    0xCF, 0x68, 0x8C, 0x31, 0x2E, 0xB3, 0x40, 0x84, 0x51, 0xB4, 0xC7, 0xB0, 0x2F, 0xA9, 0x1D, 0x88,
    0x3A, 0x76, 0xBC, 0xB6, 0x47, 0xE2, 0x0D, 0x12, 0xA7, 0x11, 0xE2, 0x55, 0x5E, 0x4B, 0x9B, 0x13,
    0xD9, 0x29, 0x2E, 0x71, 0x2B, 0xF4, 0x3A, 0xAD, 0x32, 0x9E, 0x95, 0x36, 0x18, 0xE4, 0x03, 0xE0,
    0xC5, 0x40, 0xD2, 0x02, 0xA9, 0x03, 0xF2, 0x8A, 0x29, 0x81, 0x78, 0x85, 0x76, 0x8A, 0x0A, 0xD0,
    0x2E, 0xAC, 0x1F, 0xD6, 0xC5, 0xD5, 0x43, 0x01, 0xAC, 0x50, 0xFF, 0x16, 0x90, 0x50, 0xC7, 0x10,
    0xF0, 0x94, 0x76, 0xA5, 0xBA, 0xD3, 0x86, 0x70, 0x80, 0x95, 0xE9, 0x1D, 0x02, 0xBC, 0xF1, 0x80,
    0xDF, 0x40, 0xE4, 0x36, 0xC2, 0xE7, 0xD8, 0x16, 0xD5, 0xEA, 0x6C, 0x48, 0xEA, 0xA0, 0x19, 0x43,
    0x5B, 0xE0, 0xF5, 0x68, 0x3B, 0x44, 0x4C, 0xDC, 0x74, 0xAC, 0x87, 0xDA, 0xC4, 0x51, 0x9B, 0x3A,
    0xDA, 0xCA, 0x78, 0x4A, 0x1E, 0xB8, 0x3D, 0x9C, 0x3F, 0x1D, 0x0A, 0x4B, 0x5B, 0x4C, 0x27, 0xCB,
    0xB0, 0xB6, 0x46, 0x18, 0x67, 0x1B, 0xC1, 0x47, 0x4B, 0xAD, 0xA4, 0x35, 0xB8, 0x12, 0x04, 0x1C,
    0xC2, 0x30, 0x3C, 0x5E, 0x86, 0x79, 0x05, 0xD1, 0xB0, 0x2E, 0xA2, 0x1A, 0xB8, 0x11, 0x80, 0xA8,
    0x81, 0xC8, 0x01, 0xE4, 0xA6, 0x7D, 0x11, 0x57, 0xC8, 0x1D, 0x12, 0x8F, 0xA8, 0x05, 0x4E, 0x00,
    0x97, 0x82, 0x85, 0xA8, 0x0D, 0x75, 0x7B, 0x8B, 0x80, 0xA9, 0x2E, 0xEE, 0xE4, 0xE6, 0xD8, 0x0F,
    0x96, 0x4C, 0x21, 0xAF, 0x51, 0x58, 0x48, 0x85, 0x1D, 0xA0, 0x05, 0xEE, 0xBE, 0xA4, 0xB6, 0xA8,
    0x47, 0x4A, 0x2A, 0x27, 0xCB, 0x47, 0xC8, 0x43, 0xA2, 0x1A, 0x58, 0x52, 0xCF, 0xDC, 0xE1, 0xBB,
    0xF4, 0x7D, 0x45, 0x7E, 0xDC, 0x99, 0xE8, 0xA6, 0x30, 0xC0, 0x5C, 0x84, 0x41, 0x24, 0xD1, 0xC0,
    0x03, 0xE9, 0x6F, 0x80, 0x56, 0xE7, 0x4D, 0x98, 0x3F, 0xAD, 0xC5, 0xEC, 0x45, 0xEC, 0xE7, 0x42,
    0xB9, 0x1D, 0x43, 0x8D, 0x04, 0x70, 0xA7, 0x15, 0xDA, 0xE1, 0x76, 0x44, 0x15, 0x12, 0x72, 0xC8,
    0x6F, 0x6D, 0x91, 0xA9, 0xD7, 0x00, 0x58, 0x9D, 0xFE, 0xFC, 0xB6, 0x6E, 0x8E, 0x55, 0xE9, 0x15,
    0xF4, 0x07, 0xA6, 0x87, 0xB8, 0x83, 0x4A, 0x51, 0x49, 0x2B, 0xAA, 0xBC, 0x66, 0x9C, 0xB9, 0x3D,
    0x77, 0x44, 0x23, 0xA2, 0x9A, 0xA3, 0x1E, 0xE6, 0x85, 0xF9, 0xD4, 0x0F, 0xEB, 0xE3, 0x8F, 0x00,
    0x39, 0x35, 0x4C, 0x8B, 0x28, 0x73, 0x98, 0x44, 0xDB, 0x42, 0xE9, 0x9A, 0x71, 0x8C, 0x67, 0x1A,
    0xA6, 0x2D, 0xD4, 0x66, 0xC7, 0x6C, 0x32, 0x92, 0x29, 0xD6, 0xD5, 0xA6, 0xD8, 0x53, 0x9B, 0x39,
    0xA9, 0xCD, 0x8C, 0x49, 0x99, 0x84, 0x89, 0x19, 0x90, 0x42, 0x90, 0x63, 0x0C, 0x31, 0x52, 0x01,
    0xC2, 0xCE, 0x1F, 0x13, 0x21, 0xED, 0x23, 0x42, 0xDE, 0x93, 0x15, 0x75, 0x51, 0x0D, 0x21, 0x22,
    0x50, 0x66, 0x4E, 0x97, 0x99, 0x9F, 0x08, 0xED, 0x69, 0x2C, 0xCC, 0x0B, 0xF3, 0xC3, 0xBA, 0x90,
    0x4E, 0x8F, 0xF2, 0xA5, 0xD1, 0x09, 0xE3, 0x16, 0x48, 0x1C, 0x90, 0xD5, 0xA3, 0xAF, 0xC4, 0x2B,
    0xB4, 0x33, 0xE4, 0xE1, 0xFE, 0xC0, 0x31, 0x71, 0x33, 0x80, 0x15, 0xEA, 0xFF, 0x04, 0x58, 0x47,
    0x3F, 0x1D, 0x13, 0x2B, 0xD5, 0x9D, 0xB4, 0x46, 0x1D, 0x64, 0x95, 0xCF, 0xFE, 0x12, 0x3C, 0x18,
    0xB2, 0x34, 0x28, 0x7E, 0xD7, 0x0D, 0x29, 0x7F, 0x4C, 0x15, 0x40, 0x96, 0x3F, 0x6B, 0x6E, 0x37,
    0x28, 0x6E, 0xED, 0x51, 0xA8, 0x1D, 0xDC, 0x19, 0xF7, 0xC7, 0x69, 0x89, 0x6A, 0xAC, 0xFF, 0xD9,
    0xB1, 0x9E, 0x2A, 0xA7, 0x60, 0x5F, 0xB2, 0x7D, 0xCD, 0x36, 0xC8, 0xC9, 0x37, 0xDE, 0xE1, 0xF4,
    0x9B, 0x7E, 0xE1, 0xF5, 0xBB, 0xDE, 0xE5, 0xF5, 0xFB, 0xD8, 0xFE, 0x0E, 0xDB, 0x6F, 0xD9, 0xBE,
    0x67, 0xFB, 0x6E, 0xB4, 0x3F, 0x84, 0x7B, 0xB6, 0xFF, 0x10, 0x8C, 0x72, 0xAE, 0x58, 0x64, 0x20,
    0xCB, 0x0B, 0x41, 0xAB, 0x70, 0x90, 0xCC, 0xF6, 0x2E, 0xB5, 0xE1, 0x5E, 0xCE, 0x1D, 0x8B, 0x56,
    0x65, 0x67, 0x71, 0x2C, 0x5A, 0x95, 0xFE, 0x85, 0xB1, 0x68, 0x05, 0x7A, 0xCF, 0x6B, 0x1F, 0x9A,
    0x32, 0x6D, 0x82, 0x1F, 0x15, 0x95, 0xA8, 0x83, 0x47, 0x05, 0xEF, 0x4A, 0x1A, 0x33, 0xA4, 0x0E,
    0xA0, 0x76, 0x4C, 0x29, 0xA4, 0x03, 0x8A, 0x1A, 0x10, 0xD5, 0x42, 0x64, 0x89, 0xD3, 0xD0, 0x1F,
    0x98, 0x0E, 0xF2, 0xEF, 0x14, 0xAE, 0xAA, 0x0C, 0x87, 0xFB, 0x69, 0x4C, 0x29, 0x89, 0xC6, 0xF1,
    0xBF, 0x1D, 0x9F, 0x5B, 0x07, 0x73, 0xE0, 0x67, 0x78, 0x25, 0x6C, 0x61, 0xF3, 0x8A, 0xAC, 0xAE,
    0xE8, 0x14, 0x55, 0x66, 0xD7, 0x43, 0x7E, 0xD7, 0x31, 0xBC, 0x6E, 0x97, 0xD8, 0x2F, 0x8D, 0xE7,
    0x2B, 0x6D, 0xA5, 0x8D, 0x5B, 0x79, 0x92, 0xF9, 0x21, 0x35, 0xF2, 0xA7, 0xE4, 0xE4, 0x29, 0x2A,
    0x11, 0xE4, 0x73, 0xA3, 0x4B, 0xC4, 0x93, 0xEF, 0x49, 0xE6, 0xCA, 0x99, 0xBB, 0xD0, 0x71, 0x08,
    0x6A, 0x20, 0xF7, 0x3A, 0xDC, 0x0D, 0x3D, 0x00, 0xC2, 0xC5, 0x44, 0x28, 0x18, 0xAD, 0x08, 0x06,
    0x4C, 0x44, 0xD0, 0x64, 0xAC, 0xEC, 0x65, 0x95, 0x35, 0xA2, 0x42, 0x04, 0x20, 0xA9, 0x67, 0x3E,
    0x56, 0x8D, 0x3E, 0xA6, 0x01, 0xDC, 0x88, 0xE5, 0x75, 0x1A, 0xC5, 0xEB, 0x2C, 0xD2, 0xE0, 0x53,
    0xA7, 0x5A, 0x64, 0xF8, 0xD2, 0xD2, 0xBA, 0xE2, 0x0F, 0x00, 0x39, 0x79, 0xA6, 0x1D, 0xDF, 0x2F,
    0x96, 0xBF, 0x2E, 0xF1, 0xFB, 0x16, 0x07, 0xF8, 0x3F, 0xEF, 0xAF, 0x42, 0x72, 0xCA, 0x21, 0x3D,
    0xE9, 0xC2, 0xE7, 0xD0, 0xE6, 0xFE, 0xA5, 0x75, 0x66, 0xB5, 0x56, 0xB2, 0xA5, 0x4A, 0x13, 0xB9,
    0x57, 0x14, 0x27, 0x3D, 0x44, 0xD9, 0x64, 0x44, 0x8D, 0x64, 0x6E, 0x11, 0x25, 0x5A, 0x61, 0xD1,
    0x72, 0xBF, 0xF9, 0x37, 0x39, 0x7D, 0x1B, 0xB1, 0x17, 0x69, 0x35, 0xFE, 0x55, 0x32, 0xA5, 0xA3,
    0x47, 0x20, 0xCB, 0x4B, 0xE7, 0x8F, 0xEF, 0x12, 0xDC, 0xBF, 0x16, 0xC6, 0x55, 0x98, 0x07, 0xB3,
    0x28, 0xFD, 0x2C, 0xB1, 0xEF, 0x57, 0x0D, 0x10, 0xB5, 0x00, 0x76, 0x30, 0x17, 0x67, 0x22, 0x73,
    0x7C, 0x8C, 0xAD, 0xD4, 0x07, 0xBF, 0x87, 0x86, 0x54, 0x86, 0xA8, 0x1C, 0xD8, 0xDE, 0x2E, 0x0D,
    0xC0, 0xFD, 0x37, 0x62, 0x4C, 0x73, 0x7B, 0x9E, 0x1F, 0xF4, 0xAB, 0xD1, 0x51, 0x53, 0x26, 0xE7,
    0x76, 0x61, 0x47, 0x9D, 0x37, 0x2D, 0xAF, 0x73, 0x2E, 0x56, 0xFD, 0x6C, 0x88, 0x55, 0x4B, 0xEA,
    0x5A, 0x1C, 0x97, 0x96, 0xD1, 0x33, 0x3E, 0xBA, 0xC4, 0x0F, 0x1B, 0xB2, 0x03, 0xE4, 0x6C, 0x37,
    0x1A, 0x0A, 0xF5, 0x65, 0x04, 0x98, 0xC3, 0x95, 0xFB, 0xFF, 0xC6, 0x4A, 0xB9, 0x22, 0x1A, 0x76,
    0x5F, 0xE6, 0x90, 0x57, 0x28, 0x4A, 0x68, 0xE0, 0xC6, 0x0B, 0x59, 0x6E, 0x54, 0x4C, 0x36, 0x25,
    0xC7, 0xDB, 0x8C, 0x77, 0xD9, 0xF9, 0x2F, 0x64, 0xF7, 0xDF, 0xAF, 0x17, 0x60, 0x8E, 0x45, 0x74,
    0x5F, 0x43, 0x44, 0x6E, 0x70, 0xA6, 0xE4, 0xEF, 0xA3, 0xC7, 0xC4, 0xFF, 0x31, 0x10, 0xA4, 0x21,
    0xC3, 0x83, 0x2A, 0x8D, 0x25, 0xC8, 0x39, 0xCC, 0x10, 0x2E, 0x8D, 0x9A, 0x02, 0x78, 0x64, 0x2A,
    0x44, 0xB3, 0x44, 0x30, 0x0B, 0xED, 0xCC, 0x63, 0x12, 0xFD, 0x5C, 0x0F, 0xAD, 0xBB, 0xF1, 0x9F,
    0x30, 0x6B, 0x94, 0x1E, 0x8A, 0x3C, 0x2B, 0xE7, 0xE3, 0xC0, 0xC1, 0x6E, 0xB0, 0x1F, 0xAE, 0x23,
    0x5C, 0xCF, 0x59, 0xAF, 0x8F, 0xAA, 0x99, 0x03, 0xBB, 0xC5, 0x0E, 0xBC, 0xAC, 0xCE, 0xC5, 0x87,
    0xED, 0x52, 0xBA, 0x16, 0x27, 0xD2, 0x4B, 0xE9, 0x5A, 0xB0, 0x19, 0x96, 0xBD, 0xBF, 0x72, 0x8E,
    0x49, 0xA6, 0xFF, 0x0C, 0xC3, 0xFF, 0x87, 0x08, 0x62, 0xD4, 0x3C, 0xA3, 0x54, 0xF3, 0x49, 0x9A,
    0xAE, 0x0A, 0x4B, 0xB5, 0xDC, 0xDD, 0x73, 0xF2, 0x87, 0xEF, 0x73, 0x72, 0x2F, 0x77, 0x45, 0x9B,
    0xD7, 0xC2, 0x17, 0xE3, 0x38, 0x11, 0xE4, 0xBA, 0x9F, 0xCE, 0xA9, 0x73, 0x06, 0x31, 0x0D, 0xAD,
    0xCE, 0x4A, 0x28, 0x96, 0xC2, 0xFD, 0x28, 0x41, 0x5A, 0xA5, 0x8D, 0x56, 0x0B, 0x0F, 0x47, 0x09,
    0xB0, 0xD1, 0xE5, 0x75, 0x9A, 0xC5, 0x3E, 0xB0, 0x8C, 0xAE, 0x45, 0x07, 0xDA, 0x52, 0xD7, 0x84,
    0x17, 0x8D, 0xD9, 0x44, 0xC4, 0x84, 0x07, 0x98, 0xCE, 0x12, 0xCE, 0x54, 0x8D, 0x3A, 0xCB, 0xD4,
    0x8F, 0x89, 0x54, 0x5E, 0xE7, 0xB5, 0xB0, 0x99, 0x93, 0xA1, 0x47, 0x25, 0x8D, 0x1E, 0x93, 0xA9,
    0x6E, 0x96, 0x4C, 0x69, 0x3F, 0x4B, 0xA8, 0xAA, 0xD9, 0x7E, 0x29, 0x91, 0x13, 0x90, 0xF7, 0x8C,
    0x07, 0x0C, 0x16, 0x90, 0x79, 0x18, 0xDD, 0x63, 0x88, 0x66, 0x25, 0x17, 0x48, 0x7B, 0x88, 0xD0,
    0x4F, 0x34, 0xCE, 0xCB, 0xFC, 0x42, 0x3D, 0x8B, 0x7E, 0x74, 0xAC, 0xEA, 0xBA, 0xFF, 0x0B, 0xAD,
    0x9A, 0x3F, 0x8C, 0xDE, 0xB6, 0x19, 0xC6, 0x1F, 0x49, 0x88, 0x55, 0x44, 0x28, 0x98, 0xA1, 0x43,
    0x83, 0xB4, 0xD6, 0x5A, 0x24, 0x75, 0xB4, 0x03, 0xB1, 0xC9, 0x24, 0x05, 0x3A, 0x78, 0x70, 0xE7,
    0x2E, 0xDD, 0x8D, 0x02, 0x5E, 0x33, 0x9C, 0x8F, 0x0A, 0x3A, 0x64, 0xBD, 0x7D, 0xF2, 0xE0, 0x21,
    0xFD, 0x3A, 0x64, 0x29, 0x50, 0x03, 0x71, 0x4C, 0x39, 0xD9, 0x51, 0x39, 0x6B, 0x87, 0xC8, 0x85,
    0x27, 0x67, 0x30, 0x91, 0x0A, 0x88, 0x72, 0x91, 0xF4, 0xF6, 0x25, 0x25, 0xE2, 0x74, 0xB9, 0xBB,
    0xCF, 0x67, 0x45, 0xAF, 0xF8, 0xC3, 0x81, 0x14, 0xF9, 0xF2, 0xA1, 0xF4, 0xF1, 0xAF, 0x2E, 0xDA,
    0x7D, 0x8A, 0x88, 0x06, 0x0F, 0x82, 0xE9, 0x16, 0x30, 0x1D, 0x40, 0xBD, 0x27, 0x1A, 0x06, 0xC4,
    0xFD, 0x88, 0xA4, 0x35, 0x48, 0xAC, 0x46, 0x66, 0x65, 0x29, 0x1A, 0x59, 0x09, 0xA2, 0x2A, 0x27,
    0xAA, 0x0B, 0x22, 0x17, 0x73, 0xA9, 0x56, 0xAB, 0x8C, 0x73, 0xA5, 0xDD, 0x95, 0xDD, 0x3D, 0x64,
    0x64, 0x3D, 0xC1, 0x62, 0x3A, 0x42, 0x4E, 0x1D, 0xE4, 0x8B, 0x01, 0xBF, 0xC4, 0x08, 0x80, 0x70,
    0x85, 0x08, 0x05, 0xA3, 0x15, 0xC1, 0x80, 0x89, 0x08, 0x9A, 0x4C, 0x25, 0x47, 0x59, 0x67, 0x5D,
    0x5E, 0x03, 0x40, 0x52, 0x5F, 0xE5, 0x7A, 0x25, 0x62, 0xA7, 0x91, 0x3A, 0xA0, 0x68, 0x36, 0xD3,
    0x09, 0x00, 0x02, 0x0F, 0x20, 0x1E, 0xF7, 0xAC, 0xB5, 0x45, 0x42, 0x0D, 0x60, 0xD4, 0x7A, 0xBD,
    0x9B, 0x68, 0x8A, 0x2C, 0x20, 0x4A, 0x20, 0x07, 0x33, 0x00, 0x59, 0x77, 0x5A, 0x0B, 0x5D, 0xA4,
    0x45, 0xB1, 0x96, 0x7A, 0xD2, 0x92, 0x55, 0x53, 0xF9, 0x87, 0x4C, 0xC7, 0x90, 0x05, 0x64, 0x0D,
    0x67, 0x51, 0x0D, 0x24, 0x3D, 0x90, 0xBA, 0x6A, 0x1A, 0x20, 0xAF, 0x00, 0x09, 0xE0, 0x35, 0x4C,
    0x66, 0x1A, 0x64, 0x34, 0x80, 0xF5, 0x41, 0x56, 0xBA, 0xD4, 0x4A, 0x56, 0x06, 0xBF, 0x02, 0x01,
    0x67, 0x30, 0x0C, 0xDF, 0x2F, 0x5D, 0x3E, 0x97, 0xDF, 0x95, 0x73, 0xE5, 0x01, 0x05, 0xC4, 0x2D,
    0x90, 0x74, 0x40, 0xE6, 0xEA, 0xA9, 0x80, 0x42, 0x01, 0xAF, 0x9F, 0xD4, 0x91, 0x52, 0xA8, 0xE3,
    0x3A, 0x64, 0xF9, 0x06, 0xFB, 0xC1, 0x09, 0x25, 0x38, 0xFD, 0x86, 0xBB, 0xAF, 0xD2, 0xE0, 0x53,
    0x96, 0x00, 0x35, 0x48, 0xA8, 0x45, 0xF6, 0x74, 0x40, 0x5A, 0xBE, 0x07, 0x60, 0x43, 0xCD, 0xB2,
    0x3A, 0xF1, 0xDF, 0x04, 0xFF, 0x6B, 0xB5, 0x56, 0x4B, 0x36, 0xD5, 0xB8, 0x60, 0xBD, 0x3E, 0xC0,
    0xB5, 0xCF, 0xB7, 0xD3, 0xB5, 0x17, 0xE4, 0x9F, 0xEF, 0x76, 0x3A, 0x83, 0x7F, 0xEB, 0xFC, 0x77,
    0xCE, 0xFF, 0xCF, 0xD6, 0x2B, 0x60, 0x51, 0x7C, 0xD5, 0x22, 0xF3, 0xEF, 0xA8, 0x04, 0x08, 0xDE,
    0x34, 0x1D, 0x31, 0x1D, 0xF4, 0x8B, 0x11, 0x5A, 0x11, 0x23, 0xBD, 0xE6, 0x3D, 0xF0, 0x7D, 0x9A,
    0xF2, 0x53, 0xE7, 0xCB, 0x03, 0x83, 0x66, 0x0E, 0x99, 0x83, 0x99, 0x8F, 0xD2, 0x76, 0x80, 0x18,
    0x06, 0x14, 0xAC, 0x41, 0x7E, 0xCC, 0xA8, 0x01, 0x7A, 0x81, 0x64, 0x5C, 0x7A, 0x41, 0x53, 0x3E,
    0x97, 0x3F, 0xA7, 0x67, 0xCC, 0x88, 0xFC, 0x47, 0x2A, 0xF3, 0x5A, 0x56, 0x79, 0x2D, 0x1A, 0xC6,
    0x9A, 0x63, 0x61, 0x89, 0x26, 0x38, 0xBE, 0xA4, 0xF1, 0xF9, 0x5C, 0x7E, 0x1A, 0x7D, 0x79, 0xDF,
    0x29, 0x33, 0xEA, 0x3D, 0x57, 0x4C, 0xE7, 0xE2, 0xD1, 0x28, 0x9A, 0x8C, 0xBE, 0x69, 0x04, 0x51,
    0x53, 0xF0, 0x25, 0x2B, 0x71, 0x06, 0x97, 0xEE, 0xEE, 0xBB, 0x7C, 0x2E, 0xFF, 0xEB, 0xBB, 0xA3,
    0x9C, 0x6A, 0x0E, 0xF0, 0x46, 0xD4, 0xBB, 0xB0, 0xFB, 0x94, 0x80, 0x10, 0x2E, 0x48, 0xE4, 0xA8,
    0x4F, 0x8F, 0x77, 0xF7, 0x91, 0x52, 0xEB, 0x09, 0x16, 0x99, 0x23, 0x16, 0xD6, 0xA1, 0x60, 0xB5,
    0xB2, 0xD4, 0xD0, 0x90, 0xCA, 0x10, 0x95, 0x9E, 0xDD, 0xAE, 0x34, 0x00, 0xA7, 0xFF, 0x06, 0x85,
    0xFF, 0x35, 0x8C, 0x88, 0xA6, 0xB7, 0x77, 0x2D, 0xB2, 0x32, 0xB1, 0xB9, 0x53, 0x57, 0xC5, 0xE3,
    0x4A, 0x3D, 0x00, 0x20, 0xD4, 0x01, 0x44, 0xD5, 0xB3, 0xA6, 0x0E, 0x31, 0x59, 0xC0, 0x94, 0xAB,
    0x75, 0x45, 0x63, 0x08, 0xAB, 0x15, 0xE9, 0x12, 0x0B, 0xD6, 0x2A, 0x59, 0x55, 0x75, 0xD4, 0x22,
    0xAB, 0x20, 0xFE, 0x00, 0x31, 0x22, 0x1D, 0x7E, 0x5A, 0xAB, 0x79, 0x69, 0xAD, 0x2D, 0x90, 0xCE,
    0x93, 0xC4, 0x0D, 0x46, 0xF6, 0x40, 0xD6, 0x02, 0xC0, 0xD5, 0xA8, 0x91, 0x9F, 0x58, 0x41, 0x75,
    0x4A, 0x6A, 0xFD, 0x93, 0x01, 0x90, 0xA9, 0x8F, 0x20, 0x9E, 0xF6, 0x48, 0xC8, 0x22, 0xA2, 0xFA,
    0x67, 0x3D, 0x21, 0xE4, 0xAE, 0x7C, 0x0B, 0x10, 0xFB, 0x6B, 0x35, 0xE2, 0xFA, 0x2A, 0x82, 0xE1,
    0x4E, 0x8B, 0xD8, 0xE7, 0x25, 0xD7, 0x0F, 0xEA, 0xA2, 0x12, 0x47, 0xB2, 0x02, 0x3C, 0x5F, 0xEE,
    0x8E, 0xE4, 0x97, 0xD4, 0x78, 0xAA, 0xCC, 0x53, 0xB8, 0x5E, 0x67, 0x73, 0xDF, 0x5B, 0x12, 0xFA,
    0x4F, 0x03, 0x73, 0xB3, 0x41, 0xE1, 0xFC, 0x3B, 0x9D, 0xCE, 0xBF, 0x41, 0x5C, 0x5D, 0x83, 0xB3,
    0x57, 0xEB, 0x79, 0xFF, 0x76, 0x3D, 0xAF, 0x76, 0x62, 0x63, 0xC5, 0x35, 0x11, 0x95, 0xC2, 0xEB,
    0x7F, 0x86, 0x69, 0x25, 0x93, 0xFB, 0x95, 0x4C, 0xC4, 0x69, 0x30, 0x3D, 0x50, 0x34, 0xDB, 0xE9,
    0x77, 0xFE, 0x2B, 0xB7, 0x52, 0xD2, 0x8B, 0x95, 0x52, 0xBD, 0x6D, 0x1B, 0xF2, 0x66, 0xC9, 0xA6,
    0xCF, 0x3E, 0xB0, 0xB1, 0xE6, 0x6D, 0xF4, 0x05, 0x2B, 0xAA, 0x19, 0x05, 0x48, 0x00, 0xD7, 0x99,
    0xB8, 0x01, 0x12, 0x26, 0xAB, 0x01, 0x2F, 0x61, 0x63, 0xFD, 0x5A, 0xB9, 0xBE, 0xE3, 0xFB, 0x90,
    0xF8, 0xBA, 0xF7, 0x7D, 0x2A, 0x98, 0x56, 0x7B, 0x2E, 0xA2, 0x89, 0xE7, 0xCC, 0x9E, 0x2B, 0x1E,
    0x80, 0x94, 0x14, 0x04, 0x55, 0x90, 0x37, 0x2D, 0xAE, 0x45, 0xCD, 0xA4, 0x7F, 0x38, 0x8F, 0xA2,
    0x8E, 0x06, 0x6A, 0x23, 0xA2, 0x3E, 0xA2, 0x78, 0x88, 0xFC, 0x85, 0xBD, 0xE4, 0xF5, 0x74, 0x11,
    0x97, 0x71, 0x98, 0x63, 0xD3, 0x85, 0xB4, 0x9C, 0x68, 0xE2, 0xD8, 0xD4, 0xF9, 0xDE, 0x0B, 0x20,
    0xAA, 0x3C, 0xE6, 0xB8, 0x84, 0x8B, 0xE7, 0x5F, 0x0F, 0xC8, 0xBF, 0x21, 0x95, 0x73, 0x62, 0x6E,
    0x8B, 0x39, 0x9F, 0xD8, 0x4B, 0x7C, 0x1F, 0x10, 0xD4, 0x31, 0x3D, 0xA2, 0xCC, 0x22, 0x98, 0x24,
    0xF2, 0xBC, 0x4D, 0xCF, 0x01, 0xAD, 0x2E, 0x8D, 0xCB, 0x1F, 0xCA, 0xC6, 0xF7, 0x20, 0xA8, 0x75,
    0x9E, 0xB3, 0x06, 0xDE, 0x0C, 0xB9, 0x70, 0x9B, 0x00, 0x73, 0x36, 0x70, 0xFA, 0x73, 0x43, 0xC4,
    0x21, 0xDE, 0xDD, 0x0B, 0x93, 0xEC, 0xA6, 0x82, 0x78, 0x0B, 0x96, 0x91, 0xE5, 0xF0, 0x4A, 0x6A,
    0x4E, 0x4F, 0xB1, 0x2D, 0x92, 0x30, 0xC5, 0x6E, 0xA4, 0x6A, 0xDA, 0x6F, 0xF1, 0x76, 0x2B, 0xA3,
    0x36, 0xA1, 0x06, 0x46, 0x5D, 0x5E, 0xDB, 0x36, 0xF5, 0xDF, 0x05, 0x62, 0x0B, 0x24, 0x4F, 0x18,
    0x2A, 0x11, 0x11, 0xBC, 0x88, 0x25, 0x5E, 0x92, 0xC7, 0x8B, 0x82, 0xB9, 0x18, 0x16, 0x07, 0x96,
    0xE6, 0x01, 0x0E, 0xA6, 0xE1, 0x20, 0xAD, 0x18, 0x52, 0x7E, 0x59, 0xA1, 0xCB, 0x25, 0x5B, 0x3D,
    0xC7, 0xCB, 0x3E, 0x32, 0xAD, 0x0C, 0x2E, 0x03, 0x30, 0xF1, 0x16, 0xA3, 0x4B, 0x57, 0xC5, 0x00,
    0xE1, 0x57, 0x58, 0x47, 0x1C, 0x37, 0x6A, 0x09, 0x66, 0x93, 0xA5, 0x79, 0x65, 0x80, 0x89, 0x88,
    0xC8, 0xCD, 0x52, 0x4C, 0x0B, 0x08, 0x3B, 0xAD, 0x3E, 0xCC, 0x88, 0xA8, 0x97, 0x25, 0xAC, 0x40,
    0xB0, 0x84, 0xA8, 0x72, 0xC4, 0x3B, 0x53, 0x01, 0xF2, 0xA5, 0x14, 0xA5, 0x2C, 0x65, 0x6D, 0xFC,
    0x5E, 0x64, 0xB9, 0x17, 0x33, 0x36, 0xA6, 0x2E, 0xB5, 0x63, 0x52, 0x5D, 0x07, 0xC0, 0x0E, 0x39,
    0x38, 0x97, 0xF2, 0xE5, 0x61, 0x47, 0xA5, 0x21, 0x65, 0xDC, 0x9A, 0xBF, 0xA8, 0xB5, 0xD2, 0xD3,
    0xDE, 0xE1, 0x43, 0x8E, 0xDF, 0xEC, 0xA0, 0xFF, 0x62, 0xA1, 0xD9, 0x8F, 0x26, 0x47, 0xCD, 0x70,
    0xFC, 0xDB, 0x16, 0xFA, 0xAB, 0x1E, 0xFA, 0x83, 0xB0, 0x1F, 0x31, 0xF3, 0x7E, 0x24, 0xB7, 0x08,
    0xE6, 0xE5, 0x2A, 0x66, 0x5E, 0x7D, 0xBD, 0x77, 0xD1, 0x5B, 0xE7, 0xB2, 0xEF, 0xB3, 0x9F, 0x3F,
    0xCE, 0x75, 0x69, 0x57, 0x8F, 0x9A, 0xEA, 0x7B, 0x61, 0x27, 0x0D, 0x1F, 0x72, 0x5D, 0xEF, 0x53,
    0xA8, 0xA7, 0x46, 0x30, 0xEF, 0x00, 0xC0, 0x21, 0xF3, 0x90, 0x79, 0xF0, 0x13, 0x7F, 0xB7, 0x2E,
    0xED, 0x2F, 0x29, 0x91, 0x59, 0x88, 0x06, 0x45, 0x05, 0xE9, 0xBB, 0xD0, 0x2F, 0xE0, 0xCC, 0x5C,
    0x3E, 0xEC, 0xFE, 0x6E, 0x68, 0xE4, 0x80, 0x48, 0x01, 0x89, 0x05, 0xD2, 0x16, 0xCE, 0xA3, 0x73,
    0x09, 0x09, 0xE0, 0xB7, 0xB3, 0x68, 0x52, 0x9E, 0xB7, 0x19, 0x96, 0xF0, 0xCA, 0x1D, 0x24, 0xCC,
    0x7B, 0x6B, 0xA4, 0x4D, 0x36, 0x02, 0x3D, 0x22, 0x0E, 0x2D, 0x22, 0xBB, 0x99, 0x1E, 0x04, 0x33,
    0x33, 0x5F, 0x30, 0x3D, 0xD3, 0x31, 0xC2, 0x1A, 0xD1, 0x18, 0x51, 0xF9, 0x50, 0x5E, 0x52, 0xAE,
    0xA6, 0x5B, 0x96, 0x69, 0xDE, 0xA6, 0x5B, 0x15, 0xB4, 0xA7, 0xDC, 0xEE, 0x49, 0x25, 0xFD, 0x49,
    0x38, 0x53, 0xF5, 0xE5, 0x46, 0x47, 0x61, 0x4F, 0x13, 0x46, 0xCC, 0x1D, 0xC2, 0x88, 0x99, 0xB6,
    0xB8, 0x80, 0xBF, 0x22, 0x9D, 0x77, 0xC0, 0x92, 0x4A, 0xC8, 0x16, 0x78, 0x67, 0x79, 0x7F, 0xDC,
    0x1D, 0xA5, 0x44, 0x8D, 0x63, 0xFF, 0x0B, 0xFA, 0x33, 0x33, 0xFA, 0xA1, 0xA6, 0xA0, 0x23, 0x46,
    0xE1, 0xD7, 0xFB, 0x5E, 0x50, 0x5C, 0x03, 0x49, 0xBB, 0x38, 0xB2, 0x2A, 0x01, 0x89, 0xF0, 0x73,
    0x87, 0xAE, 0x0A, 0xA5, 0x1B, 0xC6, 0x32, 0x2D, 0xD3, 0x31, 0x7D, 0xA1, 0x0E, 0x07, 0xE6, 0x90,
    0x91, 0x4C, 0x71, 0x47, 0x1D, 0xE6, 0x2F, 0xD4, 0xA1, 0x20, 0x75, 0x98, 0x31, 0x29, 0x93, 0x30,
    0x31, 0x03, 0x52, 0x53, 0x07, 0x68, 0x4F, 0x3A, 0x40, 0xFE, 0x93, 0x0E, 0x70, 0xB3, 0x85, 0xD6,
    0x83, 0xD3, 0x05, 0x5D, 0x99, 0x79, 0x99, 0x26, 0xF7, 0xB2, 0x81, 0xAE, 0xBD, 0x3F, 0xD0, 0x35,
    0x9A, 0x4E, 0x0D, 0x43, 0xC1, 0x5F, 0x38, 0x8D, 0x0C, 0x9B, 0xC3, 0x27, 0xCB, 0xCD, 0xA1, 0xDA,
    0xEE, 0x19, 0xEF, 0xD9, 0x7C, 0xAE, 0x69, 0x4B, 0xBF, 0xE8, 0xAB, 0x76, 0x26, 0x69, 0x1F, 0x21,
    0xF9, 0xDE, 0x4F, 0x4F, 0x75, 0xD2, 0xE5, 0x4D, 0xD2, 0x8A, 0x97, 0xB2, 0x6C, 0x1B, 0xB3, 0xA7,
    0x6D, 0x9F, 0xED, 0x69, 0x9B, 0x9C, 0xD8, 0x91, 0x8A, 0x88, 0x10, 0x51, 0xB7, 0xF2, 0xFD, 0xCC,
    0xDC, 0x26, 0x35, 0x2D, 0x77, 0x3A, 0xE0, 0xBC, 0xCF, 0x01, 0x77, 0x9E, 0x21, 0x21, 0x82, 0x18,
    0xA9, 0xCA, 0x9B, 0xA2, 0xF6, 0xC7, 0xD5, 0x8E, 0x32, 0xB3, 0xBA, 0xCC, 0xDA, 0x80, 0x8B, 0x87,
    0x7B, 0x2E, 0x9F, 0xCB, 0xEF, 0xCA, 0x41, 0x3F, 0x03, 0xAF, 0x71, 0xCF, 0x3D, 0x48, 0x12, 0xBE,
    0x7F, 0x93, 0x5F, 0x62, 0x18, 0xC8, 0x92, 0x20, 0xAB, 0x80, 0x8B, 0xBB, 0x74, 0x77, 0xDF, 0xE5,
    0x8B, 0xA8, 0x5E, 0x6E, 0xA2, 0x27, 0x8D, 0xE4, 0x37, 0xD1, 0x9B, 0xE9, 0xDC, 0xB7, 0xFA, 0x5D,
    0xAB, 0x17, 0xD7, 0xB2, 0x12, 0xF2, 0x56, 0x8D, 0x47, 0x45, 0x19, 0xF5, 0xAC, 0xDB, 0x1E, 0x6C,
    0xFA, 0x6C, 0xBD, 0xDD, 0x7B, 0x13, 0x18, 0xA4, 0x8A, 0x3B, 0x8D, 0xC4, 0xF6, 0xC8, 0x1E, 0xB7,
    0x88, 0xD4, 0x9F, 0xD6, 0xEB, 0x36, 0xD4, 0xA5, 0x44, 0x5D, 0x4E, 0xE3, 0x7D, 0xF9, 0x25, 0x97,
    0xFD, 0xA0, 0x87, 0x8E, 0x7B, 0x18, 0x0F, 0xB5, 0x13, 0xE3, 0x7D, 0x17, 0xD7, 0x8C, 0xBB, 0xEF,
    0xF2, 0xB9, 0xFC, 0xAE, 0x9C, 0x2F, 0x6F, 0xA5, 0x2A, 0x7A, 0xAA, 0x25, 0x91, 0xBD, 0x9B, 0x3F,
    0x6E, 0x1F, 0x8A, 0xAA, 0x7B, 0x28, 0x68, 0xA6, 0x82, 0xE3, 0x6E, 0xFE, 0xA4, 0x75, 0xF7, 0x8B,
    0x81, 0xEA, 0xD4, 0xEA, 0xC5, 0x18, 0x1C, 0x3E, 0x1B, 0xD4, 0x67, 0xC6, 0x60, 0x49, 0xCF, 0x98,
    0x11, 0xF2, 0x5B, 0x52, 0x4E, 0xB9, 0x3B, 0x7C, 0x3E, 0xC1, 0x94, 0x92, 0xA6, 0xE5, 0xAB, 0x7C,
    0x61, 0x21, 0x3F, 0xE9, 0x20, 0xFF, 0xC6, 0xDA, 0x3E, 0x1E, 0x7D, 0xAB, 0x43, 0x7E, 0x40, 0x01,
    0x51, 0xB7, 0xF8, 0x0C, 0x52, 0x03, 0x79, 0x09, 0xA4, 0x73, 0x1D, 0x63, 0x5E, 0xC9, 0x51, 0x57,
    0xEF, 0x8C, 0x54, 0x21, 0x1C, 0x35, 0x8F, 0x67, 0x79, 0x87, 0x76, 0x61, 0x45, 0xBE, 0x8D, 0xAE,
    0x60, 0x72, 0x6E, 0xB3, 0x66, 0xEE, 0x32, 0x07, 0xEB, 0x34, 0x05, 0x8B, 0x06, 0xA6, 0x07, 0xE2,
    0x8E, 0xB1, 0x4C, 0x03, 0x6F, 0x69, 0x19, 0xC6, 0xC8, 0x16, 0x58, 0x8C, 0x91, 0x5B, 0xB5, 0x25,
    0xA9, 0xAE, 0x21, 0xB5, 0x8F, 0x10, 0x53, 0x0F, 0x18, 0x0B, 0xF8, 0xE4, 0x9F, 0xD3, 0x96, 0x7F,
    0x4E, 0x37, 0xE2, 0x7E, 0x9E, 0xA7, 0x9B, 0x69, 0x9E, 0x8E, 0x42, 0x7F, 0xFA, 0xC1, 0x6F, 0x19,
    0x04, 0x51, 0x9D, 0x37, 0x99, 0xCA, 0x6B, 0xC0, 0xF3, 0x03, 0x20, 0x68, 0x70, 0xF7, 0x4A, 0xDC,
    0xA1, 0x9A, 0x33, 0x5A, 0x40, 0x78, 0x84, 0xCA, 0x1B, 0x39, 0x95, 0x99, 0x0F, 0xEA, 0x2E, 0x98,
    0x9F, 0xDF, 0x0C, 0xE3, 0x56, 0x03, 0x41, 0x23, 0x8A, 0x1F, 0xC9, 0x1F, 0x52, 0x4A, 0x77, 0x9B,
    0x8E, 0xBC, 0x7F, 0x7C, 0x46, 0x00, 0x8C, 0xBA, 0xC6, 0x18, 0xBE, 0x5F, 0xF8, 0x2D, 0x8E, 0xF3,
    0xC1, 0xC8, 0x16, 0x70, 0x1A, 0xBA, 0x70, 0x78, 0xB9, 0xA1, 0x66, 0x5D, 0x02, 0xFE, 0x90, 0xA8,
    0x75, 0xEF, 0xD3, 0xCD, 0x7D, 0xAB, 0xB5, 0x9E, 0xD6, 0x93, 0x4E, 0x7A, 0x9A, 0xA0, 0xE7, 0x87,
    0x85, 0x9E, 0xC2, 0x6B, 0x79, 0x8D, 0xC9, 0xCB, 0xC2, 0xEB, 0xC9, 0xC9, 0xCD, 0x49, 0xAE, 0xEF,
    0x82, 0x69, 0xA7, 0x09, 0x5F, 0xFA, 0x31, 0xFA, 0x7C, 0x2D, 0xE3, 0xF9, 0x5A, 0x24, 0xA7, 0x5D,
    0x71, 0x5A, 0x7E, 0x0F, 0xA0, 0xA8, 0xA7, 0x1F, 0xED, 0x72, 0x2C, 0x6E, 0xAE, 0xFA, 0xE7, 0x08,
    0x57, 0x56, 0xB6, 0x4E, 0xE0, 0x76, 0xCF, 0x72, 0x4F, 0xBF, 0x58, 0xF3, 0x3C, 0x35, 0x51, 0xEB,
    0xB8, 0x6D, 0x8E, 0xEF, 0x3B, 0x31, 0x6B, 0xB8, 0xF0, 0x00, 0xF2, 0xC6, 0xD9, 0x43, 0x3A, 0x22,
    0x52, 0x33, 0x2E, 0x7E, 0x21, 0x20, 0x72, 0x28, 0x14, 0x4C, 0x30, 0x61, 0x99, 0x9A, 0xA9, 0x18,
    0x05, 0xE4, 0x70, 0xE6, 0x7F, 0xAF, 0x49, 0xAB, 0xA7, 0xF9, 0x56, 0xB7, 0x41, 0xD3, 0x26, 0x6D,
    0x0B, 0x7B, 0xE1, 0x68, 0x90, 0x98, 0xB8, 0xBE, 0xBA, 0x1D, 0xFB, 0xF4, 0xBC, 0x6E, 0x8E, 0x4B,
    0x41, 0x54, 0x39, 0xF6, 0xEA, 0x19, 0x10, 0xB8, 0x50, 0x47, 0x41, 0xBD, 0xE7, 0x2D, 0xFA, 0xF4,
    0x5C, 0x1D, 0x17, 0x1D, 0x34, 0xBE, 0xEA, 0x81, 0x89, 0x5F, 0xC5, 0x55, 0x84, 0x30, 0x37, 0xC7,
    0xD4, 0x20, 0xBE, 0x77, 0xBE, 0x6F, 0x0D, 0xAD, 0xF6, 0xE2, 0xAE, 0x8A, 0x94, 0x64, 0x8D, 0x39,
    0x69, 0x95, 0x76, 0x5A, 0x2D, 0xD6, 0x65, 0x9B, 0x6A, 0xBC, 0x72, 0xDA, 0xEF, 0x6A, 0x7D, 0x7B,
    0xD6, 0x63, 0x9B, 0xE8, 0x5C, 0xF8, 0x5F, 0xFC, 0xFB, 0x47, 0xB9, 0x5E, 0x2F, 0x07, 0xE7, 0x37,
    0x79, 0x62, 0x91, 0x54, 0xD6, 0xFD, 0xF5, 0x71, 0x4E, 0xDF, 0x4E, 0xB3, 0xAF, 0xA3, 0x9E, 0xEA,
    0x78, 0x1C, 0xEA, 0xA8, 0x5D, 0xFA, 0x7A, 0xDD, 0x7E, 0x6A, 0x7D, 0x77, 0x5E, 0x43, 0x3E, 0x42,
    0x6A, 0x7B, 0xA4, 0x8F, 0xB7, 0xFD, 0xDD, 0x7A, 0xBB, 0xF7, 0xBB, 0xB9, 0x0E, 0xB3, 0x5C, 0xA7,
    0xAE, 0xD6, 0xBD, 0x42, 0x57, 0x29, 0x27, 0x1F, 0x10, 0xE1, 0xF8, 0x31, 0x2D, 0xA7, 0x23, 0xB8,
    0x83, 0x37, 0xA6, 0xB1, 0xAD, 0x68, 0x56, 0x68, 0x91, 0xCA, 0x2F, 0xD4, 0x22, 0x0B, 0x24, 0x0D,
    0x43, 0x15, 0x60, 0xD4, 0xE9, 0x8F, 0x96, 0xE6, 0xD4, 0xBC, 0xFF, 0x08, 0x51, 0x37, 0x11, 0x3B,
    0xDA, 0x43, 0xF1, 0x75, 0xAB, 0x73, 0xA6, 0xF8, 0x2F, 0xF3, 0x3F, 0x2B, 0x6F, 0x30, 0xD7, 0x99,
    0xF7, 0xBE, 0xB7, 0xF2, 0x80, 0x79, 0xF0, 0xB9, 0x95, 0x9D, 0xB1, 0xB2, 0xD5, 0x8E, 0xA6, 0xB0,
    0xB2, 0xB9, 0xC8, 0xFF, 0x20, 0xEA, 0xFE, 0x8B, 0xBC, 0xEE, 0xBE, 0xC8, 0x9F, 0x76, 0x87, 0xC5,
    0xD3, 0xF6, 0xF0, 0xDD, 0xEF, 0xDA, 0x1B, 0xD7, 0xBF, 0x63, 0x5F, 0x0E, 0xF6, 0xF5, 0xD1, 0xBF,
    0x6C, 0xF1, 0xE0, 0xF3, 0xA6, 0x60, 0x3F, 0x79, 0xAB, 0xEB, 0xDC, 0xCA, 0x7A, 0x9F, 0x56, 0x53,
    0x72, 0x0B, 0x2B, 0xE1, 0x3E, 0xB3, 0x34, 0x6E, 0x17, 0xE2, 0x76, 0x24, 0x49, 0xC7, 0x79, 0xFA,
    0xD1, 0xE7, 0x87, 0xE9, 0x00, 0x69, 0x81, 0xA2, 0xD9, 0x33, 0xD6, 0x37, 0xE7, 0x7E, 0xC0, 0xD5,
    0x65, 0xDA, 0x4E, 0xBE, 0x45, 0x23, 0x9A, 0xBC, 0xCA, 0xAC, 0x74, 0x29, 0x2A, 0xE9, 0xF4, 0xE4,
    0x7F, 0x98, 0xFD, 0xEB, 0x76, 0xAE, 0xA3, 0x66, 0x2A, 0x40, 0x96, 0x10, 0x04, 0x88, 0x91, 0x69,
    0x81, 0xA4, 0x37, 0x6A, 0xC9, 0x66, 0xBA, 0x2F, 0x71, 0x2E, 0x14, 0x3E, 0x5E, 0xDF, 0xDE, 0xCD,
    0x8B, 0xD9, 0x64, 0x00, 0xB2, 0x0E, 0xC8, 0xE7, 0xFF, 0xBA, 0xA2, 0x12, 0x31, 0x39, 0x8D, 0x5E,
    0xAB, 0xAF, 0x4E, 0x57, 0x00, 0x3D, 0xDF, 0x95, 0x44, 0x54, 0x39, 0xF6, 0x1E, 0x8C, 0x2E, 0xBF,
    0x1A, 0xFC, 0xC3, 0x39, 0x72, 0x8D, 0x76, 0xDA, 0x1B, 0xEF, 0x3B, 0x44, 0xBD, 0xDF, 0xE7, 0xBB,
    0x93, 0x33, 0x2D, 0x5D, 0x62, 0xC1, 0x76, 0x5A, 0x4F, 0xFB, 0x5D, 0xAD, 0x6F, 0xCF, 0x39, 0xD0,
    0x26, 0x3A, 0xF7, 0xF8, 0x5F, 0xA5, 0xF7, 0xFF, 0x9D, 0xD3, 0x01, 0xA7, 0x2C, 0x37, 0x14, 0xC0,
    0xF1, 0xFF, 0xEC, 0xD0, 0x2D, 0xA3, 0x02, 0x50, 0x3C, 0xF2, 0x09, 0x9E, 0xF9, 0x04, 0x6D, 0xF2,
    0x11, 0xFA, 0x39, 0xAA, 0xEC, 0x17, 0x68, 0x65, 0xB4, 0x80, 0x87, 0xF7, 0x3E, 0x42, 0xF1, 0x70,
    0x81, 0x42, 0x01, 0xDA, 0xC9, 0x53, 0x40, 0x21, 0x00, 0x14, 0x82, 0x4B, 0x01, 0x37, 0x6A, 0xE8,
    0xDC, 0x7B, 0x67, 0xF6, 0xF4, 0x24, 0x76, 0xE8, 0xA5, 0xA5, 0x7A, 0xD6, 0x8F, 0x3D, 0xE7, 0x6C,
    0xCE, 0x66, 0x27, 0x59, 0xE0, 0x3D, 0x74, 0xDB, 0x81, 0x8B, 0xAC, 0xBD, 0xC8, 0x62, 0x44, 0xA2,
    0x2D, 0x2E, 0xB9, 0x68, 0x4A, 0x33, 0x0D, 0x25, 0x4C, 0xC3, 0x72, 0xA8, 0xF9, 0xD1, 0xB3, 0xD9,
    0xA5, 0xFA, 0x79, 0x5D, 0x07, 0xE1, 0x1E, 0x18, 0xF2, 0xA1, 0x9B, 0x25, 0xD7, 0x9E, 0x7B, 0x16,
    0xC2, 0x34, 0xFB, 0x19, 0x37, 0x09, 0x2E, 0x1E, 0x6A, 0x5E, 0xEB, 0xB5, 0x6F, 0x64, 0xA3, 0x93,
    0x04, 0x9C, 0xBE, 0x87, 0xBE, 0x1C, 0x66, 0x5C, 0x95, 0xD5, 0xF4, 0x5F, 0x04, 0x1F, 0x7C, 0x9B,
    0x2E, 0x6D, 0x26, 0x27, 0xC9, 0xFC, 0x7D, 0x5E, 0x20, 0x54, 0x49, 0xF9, 0x7F, 0xD2, 0x5E, 0x51,
    0xBC, 0x13, 0xF1, 0x56, 0x82, 0x3F, 0xAF, 0xC1, 0xD3, 0xA2, 0x2E, 0x5F, 0xC1, 0x24, 0x38, 0x01,
    0x63, 0x06, 0x59, 0xE9, 0xCA, 0xD7, 0x0D, 0xB2, 0xB6, 0x5A, 0x8B, 0xB0, 0xC0, 0xAC, 0xB9, 0x6C,
    0x4D, 0xB7, 0xEF, 0x9C, 0xB6, 0x2B, 0xFD, 0x32, 0xB7, 0x1D, 0x0C, 0xC5, 0x4D, 0x26, 0xBB, 0xD8,
    0x9E, 0xB3, 0x48, 0x1A, 0x45, 0x6A, 0x56, 0xAB, 0x25, 0xF8, 0x61, 0x99, 0x39, 0xAF, 0xD4, 0xE8,
    0x23, 0xD8, 0x0C, 0xCE, 0xC3, 0xC7, 0xC0, 0xEC, 0xE9, 0x25, 0x73, 0xFE, 0x50, 0x1A, 0x7D, 0xDF,
    0x6A, 0x35, 0x4E, 0xF2, 0x0E, 0x2B, 0x2B, 0xEE, 0x61, 0xE7, 0x13, 0xAE, 0x80, 0xF0, 0x91, 0x08,
    0xA3, 0x0A, 0x5E, 0x98, 0x51, 0x9D, 0x10, 0x64, 0x8E, 0xEE, 0xEA, 0xD2, 0xB0, 0xDA, 0x44, 0x8B,
    0x7E, 0x82, 0xA1, 0x80, 0xC9, 0x30, 0x46, 0x70, 0xC0, 0x37, 0xEA, 0x53, 0x5A, 0x38, 0xD9, 0x09,
    0x6A, 0x96, 0x3B, 0xF6, 0x1D, 0xB6, 0x9D, 0x4E, 0x9D, 0xD6, 0x9D, 0x7E, 0x91, 0xAD, 0x2F, 0xB2,
    0x9D, 0x8B, 0xDC, 0x0D, 0xB2, 0x63, 0xAA, 0xA7, 0x1D, 0x1B, 0x77, 0x9D, 0x24, 0x77, 0x6A, 0x77,
    0x93, 0x16, 0xF1, 0xC0, 0x0A, 0xA7, 0x0D, 0x5D, 0xD4, 0xAE, 0x07, 0x26, 0xC2, 0x19, 0xA0, 0xA6,
    0xC1, 0xBB, 0x4D, 0x52, 0x10, 0x29, 0x5F, 0x8D, 0x1F, 0x16, 0xEC, 0xB4, 0x0E, 0x22, 0xAB, 0x53,
    0x3F, 0xD9, 0x89, 0xCD, 0x46, 0x36, 0xAD, 0xCF, 0x7F, 0x4A, 0x09, 0x7F, 0x48, 0xB2, 0xF1, 0x38,
    0x93, 0x1F, 0xD5, 0x7E, 0x9B, 0x5B, 0x8E, 0xB9, 0x9A, 0x03, 0x74, 0x99, 0xCB, 0xEF, 0xA5, 0x17,
    0x69, 0xF7, 0xB3, 0xDE, 0x53, 0x17, 0x43, 0x71, 0x51, 0x8A, 0xFB, 0xF6, 0xB9, 0x84, 0xEF, 0x7E,
    0x5B, 0xC2, 0x9B, 0x37, 0x4B, 0x78, 0x3B, 0x2C, 0xEE, 0xE7, 0xA1, 0xB8, 0xCD, 0x14, 0xB7, 0x98,
    0x62, 0xCB, 0x98, 0xCC, 0xB5, 0x9D, 0x0B, 0x2E, 0xDC, 0xF3, 0x9A, 0x23, 0xBE, 0x50, 0x1B, 0x74,
    0x7B, 0xBB, 0x07, 0x0C, 0xE5, 0xF6, 0x1B, 0x3C, 0x40, 0x7A, 0xF9, 0x5D, 0x21, 0x8D, 0x51, 0xB2,
    0xFB, 0xE5, 0xA1, 0xB8, 0x5F, 0xDF, 0x16, 0xF7, 0x60, 0xCA, 0xB8, 0x99, 0x6C, 0x97, 0xB1, 0xF5,
    0xDB, 0xEC, 0xCB, 0xC2, 0x2B, 0x6E, 0x71, 0x79, 0xA4, 0xD7, 0xBA, 0xF6, 0x92, 0xCD, 0x83, 0xB7,
    0x09, 0x9A, 0x47, 0xDA, 0x33, 0xD5, 0xDE, 0xC4, 0x45, 0x12, 0x5C, 0x0A, 0x98, 0xC6, 0x78, 0x9B,
    0x9D, 0xB4, 0x35, 0x74, 0xF3, 0x3D, 0x47, 0xD0, 0x8E, 0x70, 0x52, 0xC0, 0xE7, 0xEA, 0x33, 0xB4,
    0x9F, 0x31, 0x72, 0x65, 0x7C, 0x16, 0x6D, 0xBD, 0xC2, 0x45, 0x70, 0xF2, 0xAE, 0xCD, 0xE6, 0x07,
    0x69, 0x17, 0xEB, 0xB5, 0x9A, 0xB5, 0x3F, 0x6A, 0xAD, 0xFD, 0x67, 0x8E, 0x98, 0xD5, 0x55, 0x6D,
    0x37, 0x0B, 0x04, 0x91, 0xA5, 0xFA, 0x72, 0x7E, 0x7A, 0x8F, 0x4D, 0xFC, 0x0F, 0x2F, 0xF7, 0xDB,
    0xF8, 0x63, 0xCF, 0x74, 0xFB, 0x4B, 0x22, 0xE2, 0x6F, 0x5A, 0xFE, 0x6F, 0x10, 0xA9, 0x3C, 0xA3,
    0x3A, 0xC2, 0x14, 0x95, 0x54, 0x54, 0x1E, 0x2C, 0xFC, 0x05, 0x3D, 0xCE, 0x31, 0x4E, 0xC4, 0x30,
    0x10, 0x46, 0xE1, 0x17, 0x5C, 0x04, 0xC9, 0x12, 0xDE, 0x9A, 0x82, 0xB4, 0x54, 0xE4, 0x02, 0x28,
    0xE3, 0x9E, 0xC3, 0x70, 0x81, 0x5D, 0xEC, 0xA3, 0x50, 0xE7, 0x04, 0x14, 0x2B, 0x64, 0x89, 0x0B,
    0xE4, 0x08, 0x73, 0x84, 0x20, 0xA5, 0xD8, 0xC2, 0x30, 0x18, 0xA4, 0x30, 0x6F, 0xFA, 0xEF, 0x87,
    0x3B, 0x12, 0x92, 0x43, 0xE9, 0xB5, 0x8B, 0x1D, 0xBD, 0x06, 0x1D, 0x8B, 0xC4, 0x77, 0xEE, 0x71,
    0x95, 0x60, 0x8C, 0x96, 0x53, 0x58, 0x1E, 0x5D, 0x01, 0x6E, 0x23, 0xC9, 0x4A, 0x32, 0x3D, 0x3C,
    0xE7, 0x79, 0xB6, 0x76, 0xC0, 0xD1, 0x2D, 0x2F, 0x7E, 0x11, 0x2B, 0x83, 0xC5, 0xFE, 0x0B, 0xDB,
    0x1B, 0xF4, 0xFF, 0xE7, 0x6C, 0xAB, 0xAD, 0x4E, 0x7D, 0xE9, 0x23, 0x78, 0x95, 0x7A, 0x9E, 0xDE,
    0x1E, 0xCE, 0x93, 0x54, 0xAF, 0x80, 0x8B, 0xEA, 0x3F, 0x6B, 0xF8, 0xD8, 0xC6, 0x27, 0x9D, 0x42,
    0xB9, 0xBE, 0x02, 0x68, 0x62, 0x73, 0x9B, 0x1E, 0xEC, 0x6F, 0x49, 0x1C, 0xA2, 0x90, 0xB0, 0xD6,
    0x37, 0xB5, 0x75, 0x81, 0xFA, 0x9B, 0x54, 0xD9, 0x76, 0x54, 0xB2, 0x44, 0xE1, 0xC4, 0x91, 0xC0,
    0x0D, 0x7E, 0xE5, 0x92, 0xB6, 0x51, 0xBB, 0x57, 0x9F, 0x27, 0x4E, 0x07, 0xD9, 0x06, 0xFD, 0x01,
    0xC5, 0x9A, 0x31, 0xAC, 0xDC, 0x46, 0x7A, 0xC7, 0xFF, 0x24, 0x2F, 0xA6, 0x73, 0x84, 0x31, 0x2A,
    0x74, 0x40, 0x72, 0x89, 0xC1, 0x36, 0xB8, 0x20, 0x61, 0x5F, 0x48, 0xC3, 0xB3, 0x8A, 0x2B, 0xAE,
    0xD0, 0xD5, 0x69, 0xDC, 0x3B, 0x01, 0x94, 0x1E, 0xB0, 0x66, 0x00, 0x17, 0x2A, 0x5C, 0x48, 0x7D,
    0xE5, 0x42, 0x85, 0xEE, 0xA9, 0x78, 0xE9, 0x71, 0x7E, 0xC3, 0xF3, 0x15, 0x2A, 0x5C, 0x98, 0x39,
    0x17, 0x57, 0x1E, 0x1D, 0x0B, 0x38, 0xE0, 0xB9, 0x78, 0x63, 0x89, 0xC0, 0xD1, 0xD2, 0x90, 0x5F,
    0xBE, 0x6F, 0xB8, 0x6F, 0x77, 0xB9, 0x5A, 0x3D, 0xBF, 0x2C, 0x16, 0x08, 0x39, 0xBF, 0x5D, 0xCE,
    0xCC, 0x37, 0xB3, 0x43, 0xCE, 0x7C, 0xDF, 0x37, 0x33, 0x5C, 0x00, 0x69, 0x0B, 0xE5, 0x91, 0xF5,
    0x48, 0x02, 0xF0, 0x3B, 0xE0, 0x06, 0x00, 0x10, 0x05, 0x09, 0x27, 0x4F, 0x08, 0x58, 0x87, 0xFD,
    0x89, 0x1C, 0x8D, 0xE9, 0xFA, 0xCB, 0x7E, 0x1D, 0x0E, 0xAB, 0x81, 0x68, 0x80, 0xF0, 0x94, 0x1E,
    0x23, 0x0D, 0xD8, 0x30, 0x9E, 0x20, 0x25, 0x6A, 0x19, 0x9F, 0x8E, 0xCA, 0xA7, 0x21, 0xEF, 0xDF,
    0x06, 0xB0, 0x22, 0x3D, 0xED, 0x91, 0x91, 0x67, 0x2C, 0x00, 0x64, 0xB5, 0xDC, 0x65, 0xD9, 0x42,
    0x5B, 0x98, 0x78, 0x9F, 0x37, 0x25, 0xD9, 0x50, 0x90, 0x70, 0xFE, 0xC4, 0xD4, 0xB8, 0x66, 0xC0,
    0xBD, 0x41, 0x5A, 0x53, 0x17, 0x44, 0x8D, 0xF2, 0x65, 0x57, 0xB5, 0x45, 0xA7, 0x1B, 0x20, 0x72,
    0xFE, 0x08, 0x9A, 0xDA, 0x99, 0x55, 0x1A, 0xE7, 0x3F, 0x52, 0x5E, 0xF9, 0x62, 0xBE, 0x83, 0x5A,
    0xCA, 0xE3, 0xDE, 0x0F, 0xC8, 0xA4, 0x3C, 0xA7, 0x95, 0x5D, 0x51, 0x73, 0xBB, 0x10, 0xF9, 0x01,
    0x50, 0x34, 0x4A, 0x9E, 0xC5, 0x3D, 0x6A, 0x59, 0xD0, 0x73, 0x4A, 0x44, 0xD5, 0x65, 0xA7, 0xE7,
    0x32, 0x48, 0xDC, 0x73, 0xF0, 0x75, 0xE4, 0x17, 0x74, 0x0E, 0x98, 0xFA, 0xDA, 0xB0, 0xFC, 0xBA,
    0xAC, 0x7A, 0x31, 0x2E, 0x00, 0x70, 0x94, 0x7A, 0xE5, 0xDE, 0x84, 0xF4, 0xC4, 0xC9, 0x53, 0xF8,
    0x51, 0x2A, 0xAB, 0xAD, 0x6E, 0x9D, 0x2D, 0x89, 0x90, 0xD3, 0x08, 0xB8, 0x0E, 0x19, 0x0D, 0x33,
    0xAF, 0x99, 0x17, 0xDB, 0x50, 0xCB, 0x0C, 0x4C, 0xE0, 0xF8, 0x19, 0x63, 0x84, 0xFC, 0x7F, 0x06,
    0x53, 0xFC, 0x71, 0x38, 0xAB, 0xBE, 0xA0, 0xA0, 0x3F, 0xA0, 0xE1, 0x56, 0x4A, 0xAD, 0x51, 0x2D,
    0xF6, 0x43, 0xB5, 0x21, 0xEA, 0x18, 0x6F, 0xE8, 0xEB, 0xC1, 0xA8, 0xFF, 0x0E, 0x1B, 0x24, 0x4E,
    0x9E, 0xE9, 0x98, 0xFA, 0x38, 0xA3, 0x72, 0x56, 0x34, 0x64, 0x03, 0x50, 0x48, 0x77, 0xF2, 0x75,
    0x65, 0x01, 0x0D, 0xE0, 0x5D, 0xC4, 0xC3, 0xD4, 0xBA, 0x31, 0xB5, 0x9C, 0x8E, 0xAF, 0x27, 0x98,
    0x0F, 0x02, 0xCC, 0x1D, 0xE6, 0x57, 0x3D, 0x0C, 0x75, 0x4C, 0x0B, 0x73, 0xE1, 0x39, 0x6D, 0x98,
    0xD3, 0x7F, 0x39, 0x8A, 0x1C, 0xE3, 0x5A, 0x2E, 0xCB, 0xC8, 0x08, 0x02, 0x92, 0x1E, 0xC8, 0x02,
    0x80, 0x91, 0x31, 0x4C, 0xC5, 0xFC, 0x04, 0xF1, 0x70, 0xD0, 0xD6, 0xC1, 0x31, 0x64, 0x5D, 0xCA,
    0x64, 0x4C, 0xC1, 0xA8, 0x0B, 0xEB, 0xCA, 0x7B, 0xD6, 0x69, 0x6D, 0xCF, 0x3E, 0x66, 0x02, 0xCB,
    0x0D, 0x8C, 0x67, 0x3A, 0xA6, 0x61, 0x2C, 0xC3, 0xE5, 0xC5, 0x40, 0xA4, 0xBE, 0x42, 0xD6, 0x6B,
    0x24, 0xD3, 0x04, 0xB8, 0x00, 0x94, 0xDD, 0x7C, 0x0F, 0x36, 0x1F, 0x74, 0x53, 0xF8, 0xB2, 0x55,
    0x9D, 0xE2, 0xCF, 0xC2, 0x57, 0x4D, 0xC6, 0xF5, 0xA4, 0xC1, 0x20, 0x19, 0x1D, 0x30, 0x8D, 0x80,
    0x09, 0x80, 0x1E, 0x80, 0xAA, 0x5F, 0x0D, 0xED, 0x16, 0xA9, 0x6B, 0x90, 0x53, 0x8D, 0x5C, 0xB2,
    0xEB, 0x03, 0xCF, 0x73, 0xE9, 0xD3, 0x99, 0xC5, 0xD8, 0xFC, 0x19, 0x00, 0xD3, 0x03, 0x6E, 0x00,
    0x28, 0x44, 0x92, 0x71, 0x44, 0x1A, 0x26, 0x64, 0xBD, 0x43, 0xE6, 0x0D, 0x0A, 0xBE, 0x4F, 0xD5,
    0x69, 0xD1, 0xAD, 0xA6, 0x24, 0x6A, 0x2B, 0x22, 0x89, 0x49, 0xAA, 0x37, 0x75, 0xC1, 0x52, 0xF9,
    0x60, 0x68, 0x44, 0xE4, 0xFC, 0xB7, 0xCB, 0xA1, 0xCF, 0x3A, 0x3F, 0xE7, 0x91, 0xB4, 0x82, 0xFB,
    0x50, 0x2F, 0xF9, 0x4E, 0xDA, 0x34, 0x71, 0xBE, 0xE8, 0x6C, 0xC7, 0x8C, 0xD0, 0x17, 0x04, 0x6D,
    0x05, 0x53, 0xCF, 0x4F, 0x75, 0xE2, 0xF4, 0x81, 0xE9, 0xA1, 0xBF, 0x8B, 0xE9, 0xA2, 0x11, 0x4D,
    0x44, 0xAE, 0xB9, 0x0E, 0x4D, 0x93, 0xE4, 0x1F, 0x62, 0xB2, 0x12, 0xA2, 0x26, 0x32, 0xB9, 0x26,
    0x09, 0xD5, 0x9A, 0x54, 0x18, 0x66, 0x32, 0xA1, 0x67, 0xB8, 0xCB, 0x72, 0x46, 0x75, 0x55, 0xE3,
    0x5E, 0xB9, 0xE7, 0x8E, 0x68, 0x10, 0xCE, 0x90, 0x2D, 0xB8, 0x09, 0xFC, 0xE6, 0x00, 0x1B, 0x7F,
    0xA6, 0xBE, 0x60, 0xED, 0xFA, 0x43, 0xAF, 0xD5, 0x1F, 0x7C, 0xE4, 0xEE, 0x33, 0x5F, 0x3D, 0xFC,
    0xB2, 0x2B, 0x1F, 0x7E, 0xD9, 0x16, 0x44, 0x36, 0x27, 0xAA, 0xA5, 0x07, 0x24, 0x4D, 0xF2, 0x04,
    0x91, 0x17, 0xA4, 0xEC, 0xA4, 0xBE, 0x08, 0x60, 0xEB, 0xC7, 0xB2, 0x60, 0xB9, 0x26, 0xAF, 0xB7,
    0x2D, 0x89, 0xB1, 0xD0, 0x23, 0xA0, 0x7F, 0x00, 0x9B, 0x23, 0x51, 0xAF, 0x56, 0x86, 0x66, 0x82,
    0xAA, 0x55, 0x2C, 0x57, 0x11, 0x59, 0x45, 0x93, 0x58, 0xCF, 0xE3, 0x68, 0x42, 0x5D, 0xA3, 0x68,
    0x06, 0xA8, 0x26, 0xA0, 0x10, 0x2B, 0x45, 0x1E, 0x5C, 0xE5, 0xD1, 0x34, 0xED, 0x18, 0x16, 0x21,
    0x21, 0xF2, 0x33, 0xA7, 0x3E, 0x09, 0xEA, 0xAD, 0xA4, 0xC2, 0xA0, 0x7C, 0xC6, 0xE4, 0x5E, 0xF9,
    0x53, 0xD6, 0x5F, 0xC7, 0x1A, 0x70, 0x06, 0xD6, 0x82, 0xAE, 0xF4, 0xDA, 0x57, 0x5E, 0xF7, 0xDA,
    0xEB, 0xC1, 0x78, 0x1D, 0xB8, 0xB5, 0x9F, 0xBF, 0xF6, 0xDA, 0xFC, 0xD5, 0x6B, 0xFD, 0xD2, 0xEB,
    0xF2, 0xEB, 0xB9, 0x2F, 0x8B, 0x4F, 0xBC, 0xCE, 0xEF, 0x78, 0x9D, 0x65, 0x5E, 0x63, 0xC9, 0x95,
    0x9A, 0x4B, 0x34, 0x73, 0xCE, 0x5C, 0x71, 0xE2, 0xDE, 0x73, 0xF1, 0x2C, 0x50, 0x13, 0x35, 0xE2,
    0x77, 0x45, 0x43, 0x23, 0xB6, 0xF0, 0xC6, 0x16, 0xFD, 0x25, 0x12, 0xBF, 0xCC, 0x13, 0x39, 0x91,
    0x97, 0x72, 0x30, 0xCF, 0xB1, 0xFC, 0xAD, 0xC3, 0x4E, 0x1D, 0x35, 0x79, 0x82, 0x68, 0xE5, 0x52,
    0x53, 0x05, 0x67, 0x67, 0x2F, 0x38, 0xCE, 0xB3, 0x01, 0x8B, 0xBD, 0x88, 0x87, 0x2B, 0x58, 0xA6,
    0x14, 0xD9, 0xC6, 0xC4, 0xBE, 0x76, 0xB8, 0x09, 0x02, 0xDE, 0xC0, 0x31, 0x9C, 0x6F, 0x45, 0x4E,
    0xE4, 0xA5, 0x9C, 0x94, 0x37, 0x44, 0xBD, 0xF0, 0x91, 0x7B, 0xF5, 0x18, 0x65, 0x8B, 0x43, 0x38,
    0x86, 0xC5, 0x5E, 0xD7, 0x67, 0x7A, 0x88, 0xFE, 0x8A, 0x15, 0x15, 0xFD, 0xBD, 0xD4, 0x71, 0xD1,
    0xDD, 0x6D, 0x2E, 0xF5, 0x5E, 0xF4, 0xBC, 0x60, 0xF9, 0xC4, 0xFD, 0xB0, 0xAE, 0x43, 0xDA, 0x52,
    0x75, 0x25, 0xB7, 0x85, 0xAF, 0x06, 0x63, 0xB3, 0x40, 0x48, 0xE4, 0x7E, 0x29, 0xC4, 0xFA, 0xA1,
    0xFD, 0xDA, 0x92, 0xA7, 0xE3, 0x84, 0x7C, 0xA0, 0x5A, 0x79, 0xC3, 0xE3, 0x41, 0xF3, 0x78, 0x28,
    0xBD, 0xAB, 0xD5, 0x40, 0x98, 0x70, 0x10, 0x4F, 0xE9, 0x11, 0x11, 0x75, 0x02, 0xA0, 0x76, 0xF8,
    0x1B, 0xEE, 0x81, 0xB2, 0xDD, 0x4B, 0xC3, 0xF0, 0x38, 0x93, 0xFB, 0x51, 0x4C, 0x42, 0x17, 0x6F,
    0x7D, 0xE0, 0x72, 0xFF, 0x07, 0x41, 0xB4, 0xE6, 0x7E, 0xF9, 0x69, 0x7B, 0x08, 0x86, 0x68, 0x60,
    0x82, 0x00, 0x60, 0x1B, 0x50, 0x98, 0x79, 0xCA, 0x64, 0xDB, 0xD0, 0xC4, 0x50, 0x9B, 0x4D, 0xCE,
    0x67, 0xA1, 0xE8, 0xB3, 0x90, 0x0D, 0x6B, 0x24, 0x2E, 0xE9, 0x92, 0x2F, 0x1E, 0x0E, 0x59, 0xBF,
    0x97, 0x91, 0xA1, 0x4F, 0x18, 0xB9, 0x97, 0x6F, 0x7B, 0x93, 0xBF, 0xDC, 0x20, 0x71, 0x49, 0x97,
    0x7C, 0x91, 0xAB, 0x81, 0xBD, 0xD0, 0x73, 0x66, 0x7A, 0x8B, 0x97, 0x35, 0xD6, 0xD0, 0xC6, 0xCB,
    0x8A, 0x7F, 0xC8, 0xF9, 0x5A, 0x11, 0x59, 0xB1, 0x12, 0x95, 0x2D, 0xA5, 0x0F, 0x7D, 0xE4, 0xE7,
    0xA7, 0x1E, 0x25, 0xCD, 0xAC, 0xD2, 0xFE, 0xC1, 0xAE, 0x46, 0xCF, 0x44, 0x56, 0xCA, 0x49, 0x79,
    0x93, 0x70, 0x5D, 0x05, 0x35, 0x71, 0x16, 0x58, 0xF2, 0x18, 0xAE, 0x3E, 0x11, 0xFA, 0x08, 0xAD,
    0x70, 0xAB, 0xB8, 0x50, 0x72, 0xBE, 0xC8, 0x89, 0x7C, 0x4E, 0x8D, 0x94, 0x87, 0xA3, 0x36, 0x97,
    0x31, 0x31, 0xB9, 0x96, 0xC7, 0x74, 0x5B, 0xC9, 0x38, 0x61, 0x2A, 0xA6, 0xE4, 0xB8, 0x92, 0xE7,
    0xC6, 0xC0, 0x30, 0x54, 0xB6, 0xD9, 0x58, 0xB6, 0xF9, 0xC0, 0xF9, 0x5E, 0xC6, 0xD3, 0x3C, 0xB6,
    0x52, 0x7A, 0x84, 0x92, 0x06, 0xE8, 0x8B, 0x11, 0xEF, 0x61, 0x02, 0x40, 0x78, 0x87, 0x08, 0x15,
    0x63, 0x6A, 0x82, 0x03, 0x93, 0xF0, 0x35, 0xB1, 0xE7, 0x98, 0x74, 0x5B, 0x70, 0x79, 0xDC, 0xA3,
    0xD9, 0x4E, 0xD2, 0x09, 0xAA, 0x6E, 0x65, 0x73, 0x3E, 0xEC, 0x60, 0xCC, 0x08, 0x47, 0x04, 0xD7,
    0xB8, 0x5A, 0x2C, 0x97, 0x58, 0x1E, 0x61, 0xE5, 0x6B, 0xAC, 0x5C, 0x55, 0x34, 0xA1, 0xA0, 0x01,
    0x89, 0x7B, 0x04, 0xA2, 0x96, 0x68, 0xA0, 0xD3, 0x30, 0xA5, 0x12, 0xD8, 0x83, 0xC4, 0x94, 0x30,
    0x25, 0xE3, 0x84, 0x89, 0x9E, 0x8E, 0x7C, 0x1D, 0xD5, 0xC5, 0x4B, 0x38, 0xF9, 0x8C, 0x80, 0x2B,
    0x82, 0xAC, 0x69, 0x22, 0x93, 0xB3, 0x59, 0xAF, 0x97, 0x78, 0x6D, 0xF3, 0x79, 0x0E, 0x66, 0x65,
    0xD2, 0x41, 0x44, 0x83, 0x30, 0x21, 0x5B, 0x23, 0x13, 0x0E, 0x69, 0x95, 0xB4, 0x4E, 0x5A, 0xC9,
    0x6D, 0x86, 0x81, 0xAE, 0x1D, 0x91, 0x8D, 0x9C, 0x9C, 0x58, 0x07, 0x70, 0xFA, 0x3F, 0x72, 0x3E,
    0xA1, 0x88, 0x9E, 0xBE, 0xC3, 0x7D, 0xF5, 0xC5, 0x7A, 0xB6, 0x51, 0xDD, 0x7D, 0x16, 0x67, 0x1A,
    0xEA, 0xE2, 0xA2, 0x99, 0x9F, 0x10, 0x35, 0x12, 0x17, 0x6B, 0x24, 0xF9, 0x97, 0xB3, 0x8C, 0x94,
    0x3A, 0x94, 0x62, 0xC1, 0x89, 0xF0, 0xB7, 0x20, 0x40, 0xA0, 0x61, 0xE6, 0x44, 0xE2, 0xA6, 0x7E,
    0x1F, 0xAE, 0x36, 0xAF, 0xA5, 0x27, 0x46, 0xEE, 0x91, 0x8E, 0x53, 0xE4, 0xA4, 0xDA, 0x7C, 0xC0,
    0xDC, 0x61, 0xEE, 0x32, 0x25, 0xCB, 0x68, 0x5D, 0x9B, 0xCF, 0x99, 0xC0, 0xF9, 0x9E, 0xE9, 0x98,
    0x95, 0x5F, 0x9F, 0x67, 0x10, 0x01, 0x8A, 0xC9, 0x97, 0x33, 0x88, 0x83, 0xEA, 0xE3, 0x54, 0xAB,
    0x6B, 0x82, 0xFE, 0xE5, 0x04, 0x7D, 0x27, 0x40, 0xFF, 0xAA, 0x5F, 0xCD, 0x39, 0x1B, 0xC6, 0x73,
    0x7C, 0x90, 0x74, 0xCE, 0x27, 0x96, 0x73, 0x8D, 0xAE, 0xAB, 0x26, 0xAE, 0x61, 0x04, 0x1E, 0xA5,
    0x69, 0x28, 0x67, 0x86, 0x0D, 0x59, 0xCF, 0xA3, 0x92, 0x47, 0xE4, 0x3D, 0xC6, 0xB4, 0x65, 0x7B,
    0x1F, 0x65, 0x1B, 0x47, 0x8E, 0x35, 0x0D, 0xC9, 0xF9, 0x0D, 0xF3, 0x82, 0x9A, 0x91, 0xFE, 0xDC,
    0x04, 0xF7, 0xB0, 0x19, 0xCD, 0x87, 0xCD, 0xA8, 0xCB, 0x66, 0x7C, 0x9F, 0x79, 0x97, 0xC1, 0xCC,
    0x8F, 0xCD, 0xD9, 0xF7, 0xE5, 0x4B, 0x7F, 0x2B, 0x0A, 0xB1, 0x1F, 0x8C, 0x75, 0xB5, 0xC3, 0x66,
    0xD4, 0x0A, 0x12, 0x97, 0x74, 0xC9, 0x17, 0xB9, 0x84, 0xDA, 0x83, 0x3C, 0xBC, 0x2B, 0x7A, 0x38,
    0x33, 0xCD, 0xDA, 0x61, 0xF9, 0x94, 0xBA, 0x77, 0x91, 0x74, 0xA2, 0x59, 0x4E, 0xE4, 0x81, 0x5D,
    0xA2, 0x57, 0xCE, 0xD7, 0x5E, 0xFD, 0x16, 0xB4, 0xBD, 0xB1, 0xB4, 0x62, 0x16, 0x9C, 0x7E, 0x5B,
    0xF2, 0xEB, 0xCB, 0x75, 0xEE, 0xE5, 0xF8, 0xFD, 0x88, 0xCE, 0x6B, 0x11, 0xBA, 0x0E, 0xEC, 0xB5,
    0x7B, 0x99, 0xDD, 0x54, 0xE2, 0xB5, 0xBB, 0x92, 0x7D, 0xA6, 0x96, 0x94, 0x3A, 0x1B, 0x4C, 0x5C,
    0xD7, 0x60, 0x0C, 0xE2, 0x25, 0x37, 0x1E, 0xB3, 0x6A, 0x99, 0x26, 0x9A, 0x02, 0x45, 0x80, 0x9A,
    0x18, 0xCE, 0x82, 0x6A, 0x16, 0x14, 0x5F, 0x7D, 0x65, 0xAB, 0x8B, 0x8B, 0x4E, 0x13, 0xAD, 0xF5,
    0x81, 0xF5, 0x67, 0xCD, 0xDA, 0x7B, 0x73, 0xBE, 0xC8, 0x89, 0xBC, 0x94, 0xDB, 0x45, 0xDA, 0x25,
    0x1E, 0x3C, 0x1F, 0x4C, 0x2D, 0x5E, 0x7A, 0xF6, 0xDE, 0x7E, 0x6E, 0x8B, 0xE9, 0x63, 0x5C, 0x3C,
    0x7B, 0xE1, 0x9D, 0xF8, 0xCF, 0x38, 0x93, 0x73, 0x98, 0x70, 0x2D, 0x88, 0x5A, 0xA6, 0x13, 0x96,
    0x1E, 0x1A, 0x70, 0xFB, 0x4E, 0x4B, 0x30, 0x44, 0xD0, 0x4C, 0x31, 0xBC, 0xD9, 0x6B, 0xF7, 0xF9,
    0x7E, 0xAE, 0x83, 0x39, 0xFD, 0xCE, 0x1B, 0xA2, 0xC8, 0xFD, 0xF2, 0xD7, 0xED, 0x75, 0x30, 0xEE,
    0x62, 0xDB, 0xE3, 0xFE, 0x6E, 0x8B, 0x9B, 0x8E, 0x53, 0x84, 0x7F, 0xDF, 0xEF, 0x69, 0x99, 0x7C,
    0xFE, 0x5E, 0x7A, 0x58, 0xBF, 0x60, 0x62, 0x48, 0xDA, 0xF6, 0xB5, 0x37, 0xF9, 0xB7, 0xCC, 0xCB,
    0xF9, 0x5B, 0xE2, 0x92, 0x3E, 0x66, 0x7E, 0xB9, 0x36, 0x13, 0x8B, 0x2E, 0x96, 0x3B, 0x99, 0x08,
    0x13, 0x7F, 0xCA, 0x35, 0x0D, 0xD1, 0x04, 0x58, 0x94, 0xD4, 0xC7, 0x89, 0x6B, 0x25, 0xB2, 0x30,
    0xE0, 0x48, 0x1D, 0xF9, 0x05, 0x03, 0x13, 0xD3, 0x25, 0x5F, 0xE4, 0x44, 0x3E, 0x3A, 0xC9, 0x7C,
    0xCB, 0x49, 0x8A, 0x13, 0x24, 0x21, 0x3A, 0x47, 0xBF, 0xCF, 0x29, 0xE6, 0x44, 0xB3, 0x7A, 0xBC,
    0x22, 0xC4, 0x85, 0x0D, 0x18, 0xEB, 0xE6, 0xEE, 0x61, 0xD2, 0x89, 0xA0, 0x7A, 0x07, 0xD7, 0x39,
    0x50, 0xC3, 0x70, 0x7E, 0x3C, 0xFE, 0x6B, 0xDE, 0x3D, 0x49, 0x02, 0x80, 0x33, 0x2C, 0xB6, 0x4E,
    0x0E, 0x70, 0x0B, 0xBB, 0x5B, 0x5F, 0x07, 0xD7, 0x53, 0xB6, 0x00, 0x51, 0x13, 0x71, 0xAF, 0x6C,
    0x8C, 0x97, 0x7F, 0x1C, 0x51, 0xFE, 0x39, 0x2E, 0x64, 0x9B, 0x92, 0x95, 0xB4, 0x8C, 0xA7, 0xBA,
    0x12, 0x60, 0xC5, 0xCF, 0x5D, 0x8B, 0x8A, 0x1A, 0x54, 0x53, 0xDC, 0xB6, 0xA9, 0x6A, 0x51, 0x5A,
    0x07, 0x04, 0xA4, 0x3D, 0xF0, 0x19, 0x00, 0x5C, 0xD3, 0xE3, 0xCE, 0xD6, 0x28, 0x6C, 0xAC, 0x91,
    0x74, 0x22, 0xAD, 0x38, 0x67, 0xEA, 0xB5, 0x35, 0x5A, 0xEF, 0xBA, 0x25, 0x8C, 0xA2, 0x09, 0xD5,
    0x6B, 0x92, 0x5B, 0x9D, 0x57, 0xD6, 0xC4, 0x56, 0x58, 0xF2, 0x4F, 0x63, 0xA5, 0xF5, 0xBF, 0x30,
    0x6E, 0xE5, 0xF9, 0xC4, 0x53, 0x72, 0x74, 0x13, 0x38, 0x46, 0x12, 0x3E, 0x22, 0xC0, 0xED, 0x09,
    0x6C, 0xE6, 0x1C, 0x11, 0x87, 0xF2, 0xDB, 0xB0, 0x0E, 0xD7, 0x2F, 0x25, 0x0D, 0x5A, 0x87, 0xF8,
    0xE4, 0x39, 0x9C, 0x38, 0x8E, 0xFE, 0x78, 0x38, 0x91, 0x9E, 0xAC, 0xDD, 0x08, 0x45, 0xDD, 0xCC,
    0x05, 0xF3, 0x4C, 0x20, 0xCB, 0x78, 0xF5, 0xEC, 0xF5, 0xA0, 0x9E, 0x7D, 0x13, 0xD4, 0x83, 0x2E,
    0x94, 0x0F, 0xBE, 0x09, 0x8E, 0x7D, 0xF2, 0x94, 0x93, 0x1F, 0x72, 0xB2, 0xF7, 0x8B, 0x16, 0x4B,
    0xC8, 0x9A, 0x53, 0x31, 0x07, 0x7F, 0x19, 0x0C, 0xB5, 0x81, 0xD3, 0x56, 0xFC, 0x65, 0xE0, 0x3C,
    0xCF, 0xD8, 0xA3, 0x8D, 0x8D, 0xA4, 0x06, 0x32, 0x3F, 0xEF, 0x6D, 0xAB, 0x6E, 0x65, 0xCA, 0x01,
    0xBC, 0x8F, 0x78, 0x1C, 0xE2, 0xF6, 0x21, 0xC7, 0x7F, 0xBE, 0x5D, 0xA7, 0x0E, 0x9A, 0xCE, 0xDC,
    0xB8, 0x81, 0xD4, 0xEB, 0xCD, 0xD6, 0x20, 0x05, 0xC4, 0x19, 0x28, 0x70, 0x34, 0x97, 0x75, 0xED,
    0x65, 0x3A, 0xD1, 0x1A, 0x68, 0x60, 0xCD, 0xCF, 0x98, 0xED, 0x8D, 0x04, 0x7E, 0xC2, 0x97, 0x9B,
    0x08, 0xBA, 0xCE, 0xBD, 0x39, 0x3F, 0x5D, 0x2F, 0xB4, 0x24, 0x1E, 0xB1, 0xCA, 0xC7, 0x5E, 0xA2,
    0xCD, 0x46, 0xC2, 0x62, 0x6A, 0xC2, 0xBF, 0x77, 0x86, 0xCA, 0x12, 0xE7, 0x47, 0x78, 0x40, 0x4A,
    0x5C, 0xD2, 0xF5, 0xEB, 0xCD, 0xD4, 0x04, 0x49, 0x58, 0x87, 0x43, 0xDE, 0x3C, 0x14, 0x7E, 0x0E,
    0xD7, 0x9F, 0x71, 0x77, 0x91, 0xE9, 0xE4, 0x91, 0x78, 0x98, 0x6D, 0xFE, 0x79, 0x7A, 0x02, 0x4D,
    0x41, 0x90, 0xF8, 0x5B, 0x91, 0xF5, 0x7C, 0x64, 0x3A, 0x91, 0xD1, 0xB7, 0xC6, 0x91, 0x8F, 0xDC,
    0x9B, 0x3E, 0x93, 0xF8, 0x02, 0x43, 0x21, 0xC2, 0x37, 0xB7, 0x7F, 0x02, 0xE3, 0xFA, 0xE8, 0x91,
    0xCD, 0xEB, 0xED, 0xB5, 0x5C, 0xB5, 0x00, 0xD0, 0x33, 0x3F, 0xA5, 0x55, 0xFF, 0x0F, 0xD0, 0xB4,
    0xE2, 0xFC, 0xF1, 0x72, 0x3F, 0xE5, 0x53, 0x49, 0x9F, 0x98, 0x38, 0x27, 0x94, 0x3D, 0x19, 0x46,
    0xCE, 0x98, 0x3B, 0xFF, 0xEA, 0x4F, 0x2F, 0xC7, 0xD0, 0xC0, 0xEA, 0xE0, 0x03, 0xAA, 0x07, 0xFC,
    0x51, 0x3E, 0xF8, 0x9E, 0x3F, 0x9E, 0xBD, 0x18, 0xD8, 0x04, 0xBC, 0xE8, 0xA1, 0xFE, 0xF4, 0xB2,
    0x47, 0xF1, 0xA7, 0x97, 0x3E, 0x3A, 0x62, 0x24, 0x44, 0x56, 0x7C, 0x92, 0x8F, 0x19, 0x2C, 0xF2,
    0x72, 0x10, 0x61, 0x2E, 0xFB, 0xEC, 0x7B, 0xA9, 0xE0, 0x7B, 0xB2, 0x5C, 0xD5, 0xEA, 0x03, 0x80,
    0xDA, 0xFA, 0xF8, 0x9C, 0x5D, 0xDF, 0xFD, 0xF2, 0x41, 0xA7, 0x79, 0xDD, 0xAD, 0xCB, 0x87, 0x4D,
    0xF5, 0xE1, 0xC3, 0x46, 0xC5, 0x67, 0x39, 0xA1, 0x24, 0x2E, 0xC3, 0x71, 0x4E, 0x6F, 0x4D, 0xF9,
    0xE9, 0x78, 0x56, 0x3E, 0x18, 0xC7, 0xF2, 0x93, 0x11, 0xC0, 0xC7, 0x6B, 0x36, 0x7B, 0x9C, 0xB6,
    0xB0, 0x8B, 0xB7, 0x25, 0x96, 0x3B, 0x0F, 0xD0, 0x3D, 0x13, 0xDD, 0x72, 0x33, 0xEB, 0x4A, 0xD9,
    0xBD, 0xC3, 0xDF, 0xAA, 0x35, 0x8D, 0x5E, 0xEF, 0x73, 0x76, 0x22, 0xBE, 0x66, 0x7B, 0x55, 0xF3,
    0xDE, 0xEC, 0x20, 0xE6, 0x05, 0x3F, 0xF5, 0xCC, 0x14, 0xE3, 0xEF, 0x42, 0x56, 0x11, 0x51, 0x6D,
    0x50, 0xC5, 0x61, 0xFB, 0x08, 0x30, 0x58, 0xB1, 0xDE, 0xD7, 0x5C, 0xAD, 0x3B, 0x47, 0xB8, 0x34,
    0xC0, 0x65, 0x03, 0x5C, 0x21, 0xE3, 0xA1, 0x65, 0x1A, 0xB8, 0x53, 0xBE, 0xCE, 0x7B, 0x4E, 0x0F,
    0x73, 0x3E, 0x26, 0x86, 0xBC, 0x83, 0x61, 0x4A, 0x0F, 0x14, 0x0B, 0x8C, 0xAC, 0xA4, 0x40, 0x30,
    0xE9, 0x08, 0xC3, 0x65, 0x4C, 0xEE, 0x61, 0x2E, 0x3A, 0x18, 0xB2, 0x0C, 0x7F, 0x17, 0xFD, 0x9C,
    0x2E, 0x6F, 0x74, 0x20, 0x68, 0x71, 0x95, 0x6B, 0xE6, 0x7D, 0x06, 0x56, 0x5D, 0x14, 0x9D, 0xD1,
    0x1C, 0xD7, 0x65, 0x63, 0xB4, 0xB6, 0xCC, 0x6A, 0x67, 0x3E, 0x30, 0x04, 0x8E, 0xD7, 0x8C, 0x8D,
    0xF9, 0x5C, 0x8E, 0x19, 0xB8, 0x9C, 0xEC, 0x74, 0x31, 0x52, 0x5E, 0x75, 0xE6, 0xB6, 0x6A, 0xCC,
    0x6D, 0x56, 0xDD, 0xDB, 0x2C, 0xEB, 0x26, 0x18, 0x1A, 0x18, 0xFE, 0xBE, 0x6D, 0x6A, 0x4E, 0xE3,
    0x72, 0x65, 0xCF, 0x72, 0x4C, 0xDA, 0xD3, 0x90, 0x33, 0x85, 0x7F, 0x3A, 0xA8, 0x2E, 0x93, 0x95,
    0xD2, 0x30, 0xEF, 0x9D, 0x89, 0x49, 0xCB, 0x68, 0x64, 0x02, 0xB2, 0x89, 0xC0, 0xF1, 0x7A, 0x4E,
    0x97, 0x7C, 0x91, 0x53, 0x43, 0x36, 0x14, 0x21, 0x1B, 0xD2, 0xC0, 0xE5, 0xB9, 0x0E, 0xE5, 0xDD,
    0x1B, 0x65, 0x07, 0x66, 0xE2, 0xB2, 0x4E, 0xCA, 0x72, 0x5E, 0xD5, 0x73, 0x39, 0x26, 0xEB, 0xAF,
    0xDC, 0xC3, 0xA2, 0x15, 0x4F, 0xF7, 0xE5, 0x53, 0x77, 0x09, 0xA0, 0x16, 0xEC, 0x9D, 0x69, 0x3F,
    0x65, 0x68, 0x05, 0x2E, 0xA1, 0x6E, 0x66, 0x59, 0x87, 0x49, 0x69, 0x98, 0x99, 0x1E, 0x9B, 0x34,
    0x60, 0x01, 0xAD, 0xF8, 0x4E, 0xE2, 0x57, 0x90, 0x51, 0x3F, 0xC3, 0x75, 0x64, 0x3D, 0x22, 0x4F,
    0x19, 0x5A, 0x91, 0xBD, 0x49, 0x9C, 0xE3, 0x5C, 0x73, 0x1F, 0x55, 0x70, 0xF8, 0x7B, 0x18, 0xD6,
    0xA7, 0xCD, 0xDB, 0xC6, 0x00, 0x98, 0x76, 0xA1, 0x27, 0xBB, 0xAB, 0xB8, 0x5D, 0xFB, 0xA5, 0xED,
    0x4D, 0xE8, 0xD6, 0x6C, 0xCD, 0x9B, 0xC4, 0x55, 0xD9, 0x35, 0xCE, 0xE6, 0xC3, 0xEC, 0xEA, 0x56,
    0xFB, 0x98, 0xBD, 0xF4, 0xAB, 0x9B, 0xDD, 0x1C, 0xCD, 0x6E, 0x6E, 0x76, 0x71, 0xDD, 0x5B, 0xF7,
    0x65, 0xE7, 0x3D, 0xEC, 0x95, 0xDB, 0xF1, 0x55, 0x74, 0x97, 0x32, 0xCA, 0xA5, 0x9E, 0x24, 0x8C,
    0x0B, 0x77, 0x79, 0x45, 0x5D, 0xFF, 0xA7, 0xB6, 0x14, 0x44, 0x56, 0x10, 0x7B, 0x7F, 0x78, 0x5B,
    0x96, 0x75, 0xBD, 0x73, 0x7A, 0xBE, 0xAE, 0xCB, 0x88, 0x9B, 0x8D, 0x75, 0x48, 0x3B, 0x58, 0x27,
    0x02, 0x21, 0xA5, 0x11, 0xA0, 0x61, 0xB3, 0x3A, 0xA4, 0x1E, 0x89, 0xE8, 0x8D, 0xEC, 0xED, 0xF6,
    0x04, 0xE5, 0x8D, 0xEC, 0xE1, 0x05, 0xDD, 0x94, 0xC1, 0xD5, 0x2A, 0x00, 0xC9, 0x82, 0xBD, 0x2B,
    0x4D, 0xED, 0x67, 0xCC, 0x00, 0xD0, 0xB8, 0x5A, 0x69, 0x9A, 0x9E, 0x1D, 0xBD, 0x4C, 0x41, 0x7A,
    0x20, 0x5B, 0x23, 0x9E, 0xE2, 0x6D, 0xC4, 0xB3, 0x35, 0x36, 0xBE, 0x37, 0x62, 0x52, 0x72, 0xDB,
    0x5E, 0x67, 0xD8, 0x90, 0x2D, 0xD8, 0xD5, 0x3B, 0x27, 0x7C, 0x30, 0x45, 0x3B, 0xA2, 0xA7, 0x09,
    0x45, 0x3F, 0x01, 0x10, 0xA8, 0x8B, 0xEC, 0xEA, 0x52, 0xBD, 0xC3, 0xDD, 0x87, 0x33, 0x0F, 0x1F,
    0x76, 0xFA, 0x2B, 0x86, 0x2E, 0xBA, 0x8A, 0xA8, 0x53, 0x4C, 0xCA, 0xD7, 0x50, 0x0F, 0x85, 0x45,
    0x1D, 0x04, 0x83, 0x35, 0xB7, 0x66, 0xDC, 0x2D, 0xB7, 0x59, 0x09, 0x4F, 0x06, 0xB8, 0xB5, 0x02,
    0x91, 0xFD, 0xBE, 0xFA, 0xDF, 0xB6, 0xDE, 0x6E, 0x5A, 0x67, 0x17, 0xBE, 0x7A, 0x2F, 0xC0, 0x1B,
    0xFC, 0xBA, 0x87, 0x31, 0xB1, 0x0E, 0x98, 0xC6, 0x5D, 0xBE, 0x45, 0xB9, 0x92, 0x63, 0xFC, 0x0B,
    0x61, 0x9E, 0x8E, 0xDE, 0x8E, 0x6F, 0xA0, 0xD2, 0x9D, 0xE9, 0xE8, 0x31, 0xDE, 0x43, 0x5E, 0x55,
    0xFF, 0x21, 0xBB, 0x8E, 0xF2, 0x8C, 0x85, 0xEB, 0xDF, 0xF3, 0xF2, 0xBE, 0x2F, 0xCB, 0x4B, 0xBB,
    0xB2, 0xD8, 0x2E, 0xC3, 0xED, 0x1A, 0x17, 0xED, 0x3A, 0xC6, 0x9B, 0x70, 0xA0, 0x86, 0xB2, 0x03,
    0xD4, 0xEF, 0xE5, 0xBD, 0x67, 0x8F, 0x6C, 0xB5, 0x06, 0x94, 0xE3, 0x90, 0xFD, 0xEA, 0x7C, 0x20,
    0x6C, 0x73, 0xAC, 0x76, 0xCA, 0xC2, 0x72, 0x8B, 0x83, 0xDB, 0x07, 0x2D, 0x0A, 0xC0, 0x38, 0x7A,
    0x02, 0x6E, 0x07, 0xC2, 0x88, 0x84, 0x49, 0x87, 0x91, 0xDB, 0x43, 0x21, 0xF3, 0x14, 0x72, 0x4F,
    0x4F, 0x0A, 0x16, 0x51, 0xC2, 0xAB, 0x79, 0xCF, 0xB3, 0x6A, 0xE8, 0x09, 0x33, 0x6A, 0x4B, 0x63,
    0xC1, 0x9A, 0xAC, 0x03, 0xB5, 0x86, 0xC8, 0xFF, 0x47, 0xF5, 0xFB, 0x1E, 0xA5, 0x1D, 0x0A, 0xA2,
    0x41, 0x33, 0x9F, 0x97, 0x16, 0xA1, 0x6C, 0x10, 0x38, 0xDD, 0xFD, 0x95, 0xBC, 0x79, 0x41, 0xAD,
    0xEC, 0x97, 0x26, 0x09, 0x2A, 0x1E, 0x5B, 0x77, 0x7C, 0x79, 0xD1, 0x29, 0x6A, 0xD2, 0xE9, 0xC0,
    0x7F, 0x66, 0x5D, 0xB5, 0xCB, 0x7C, 0xC8, 0x96, 0x07, 0xCC, 0x66, 0xF9, 0x54, 0xB5, 0x7C, 0x5A,
    0xE5, 0x93, 0xCB, 0xB9, 0x1C, 0x51, 0x2F, 0xC8, 0x32, 0x4A, 0xFC, 0x86, 0x50, 0xED, 0xBE, 0x87,
    0xE5, 0xE5, 0x97, 0xF4, 0x43, 0x45, 0xF3, 0xBC, 0xFD, 0x3D, 0xCC, 0xBF, 0x72, 0x72, 0xE2, 0xE2,
    0xEF, 0x0A, 0xD2, 0x0E, 0x5D, 0x2F, 0xDF, 0x47, 0x64, 0xEC, 0x01, 0xB6, 0x39, 0x96, 0x1E, 0xEF,
    0xD6, 0x7B, 0xA8, 0xFE, 0x16, 0x3D, 0x61, 0x1B, 0x39, 0x8E, 0xF1, 0x5F, 0x05, 0xF5, 0x32, 0x2C,
    0x90, 0xE3, 0x90, 0x37, 0x14, 0xE9, 0x09, 0xAF, 0xD5, 0xA8, 0x8F, 0x00, 0xC7, 0xFB, 0x47, 0x50,
    0x7A, 0xF2, 0x78, 0x59, 0xEF, 0x81, 0xDB, 0x07, 0xBB, 0x5B, 0x72, 0xC7, 0x6A, 0xDF, 0x4E, 0xBD,
    0x07, 0xB7, 0x6F, 0xDF, 0x38, 0x39, 0xC6, 0x7F, 0x12, 0xF6, 0xB5, 0xEF, 0x80, 0x37, 0x1F, 0xFF,
    0x7F, 0xDB, 0x1A, 0x27, 0xBF, 0x05, 0x68, 0x9A, 0x01, 0x8E, 0xF6, 0x4F, 0x30, 0xA9, 0x37, 0xA1,
    0x31, 0x02, 0xE0, 0xA8, 0xDB, 0x48, 0xBB, 0x7D, 0x79, 0xAC, 0x36, 0xEF, 0xD6, 0x7B, 0xCC, 0x36,
    0xC7, 0xE3, 0x5F, 0x73, 0x0B, 0x7D, 0xB7, 0xC3, 0x99, 0x38, 0x0C, 0x8D, 0xC4, 0xDF, 0x02, 0x6E,
    0xFC, 0xE4, 0x78, 0xCF, 0x5C, 0x8E, 0x7F, 0xCA, 0xEB, 0xF8, 0x1B, 0x6E, 0xF5, 0x1B, 0xFD, 0xC7,
    0xC0, 0x6F, 0xFE, 0xEE, 0xA8, 0xCF, 0x7F, 0x9F, 0xAD, 0x3C, 0xC6, 0xFF, 0x2B, 0x76, 0x7D, 0xFE,
    0x81, 0x6F, 0x85, 0xF6, 0xF5, 0xE3, 0x51, 0xFE, 0xDF, 0xB0, 0xB7, 0xDE, 0x03, 0xDE, 0xEA, 0xFC,
    0x2F, 0xB5, 0x98, 0x01, 0xA4, 0xE6, 0xD8, 0x15, 0xC7, 0x7F, 0xB9, 0xF7, 0xF5, 0x65, 0x76, 0xA2,
    0xCD, 0xA0, 0xE8, 0x9A, 0x99, 0x09, 0x2C, 0x6C, 0xCD, 0x36, 0x50, 0x00, 0x93, 0xAB, 0xE8, 0x2A,
    0x00, 0x00, 0x05, 0x2C, 0x74, 0xA8, 0x19, 0x0C, 0x0A, 0x2B, 0xE9, 0x2E, 0xAD, 0x5A, 0x78, 0x00,
    0x80, 0x87, 0x87, 0xD9, 0x07, 0x16, 0x8B, 0xC5, 0x6A, 0xB2, 0x0B, 0xB0, 0x90, 0x4E, 0x51, 0x14,
    0x4D, 0x3B, 0xC3, 0xB2, 0xD0, 0xAB, 0x4D, 0x6D, 0xA6, 0x93, 0xEF, 0x3B, 0xCD, 0x79, 0xF9, 0xA2,
    0x2F, 0xBB, 0x6F, 0x3E, 0x6F, 0x33, 0x79, 0x79, 0xF9, 0x23, 0xF7, 0xDE, 0x9C, 0xF3, 0xFF, 0x7F,
    0x39, 0xF7, 0x9C, 0x77, 0x0F, 0x79, 0x0B, 0x65, 0x07, 0xD2, 0xA3, 0x08, 0x36, 0x1B, 0x4C, 0xBF,
    0xC5, 0xB6, 0x25, 0xD6, 0xE7, 0x44, 0x3E, 0x2B, 0xE2, 0x26, 0xAB, 0x62, 0x91, 0x2A, 0x11, 0xA9,
    0x53, 0x11, 0x7D, 0xD2, 0x51, 0x9F, 0xBB, 0xA8, 0x2D, 0x09, 0x3B, 0xA6, 0x2B, 0x69, 0x66, 0x30,
    0x72, 0x44, 0x22, 0x1D, 0xD9, 0x3F, 0x37, 0x7C, 0x9F, 0x2D, 0x20, 0x1C, 0x8A, 0x90, 0x0E, 0xC8,
    0x9D, 0x50, 0x32, 0x20, 0x10, 0x72, 0x29, 0xAB, 0x6C, 0x9B, 0xD5, 0x51, 0x97, 0xD4, 0x4C, 0x57,
    0xE9, 0xE6, 0xB8, 0x7F, 0x04, 0x65, 0x3B, 0xC2, 0xFA, 0x01, 0x0D, 0x98, 0x0A, 0x80, 0x35, 0x34,
    0x98, 0x53, 0x87, 0x91, 0x6A, 0x40, 0x0D, 0x71, 0x05, 0x89, 0x83, 0x3B, 0x00, 0x2C, 0xD5, 0xE1,
    0x20, 0x50, 0xB2, 0x1D, 0x84, 0x5E, 0x8D, 0x92, 0x7C, 0xE1, 0xC8, 0x3D, 0x81, 0xF4, 0xCA, 0x8D,
    0xA0, 0xBA, 0xBD, 0x1A, 0x7F, 0x08, 0x80, 0x50, 0xC9, 0x0F, 0x48, 0x0A, 0xC8, 0x20, 0xBF, 0x4B,
    0x20, 0x15, 0xA1, 0x78, 0xE2, 0x27, 0x3D, 0x11, 0x0F, 0x17, 0xEB, 0x09, 0x80, 0x54, 0x51, 0xA8,
    0x12, 0xB0, 0x0D, 0x04, 0x7F, 0xF1, 0x90, 0xF4, 0x90, 0x0B, 0x6C, 0xD2, 0x8A, 0x87, 0xA1, 0x03,
    0x20, 0xD9, 0x40, 0xBA, 0x85, 0x4C, 0x46, 0xE4, 0xB9, 0xA3, 0xCC, 0x0A, 0x5D, 0x43, 0x9F, 0x54,
    0xA6, 0x8F, 0x1B, 0xDB, 0xC5, 0xDE, 0x8A, 0xF8, 0x50, 0xA4, 0x8D, 0x44, 0xF4, 0x49, 0x47, 0xFB,
    0xA4, 0x36, 0xC3, 0xAA, 0x60, 0x3B, 0xF9, 0xCB, 0x76, 0xFE, 0xC2, 0x06, 0xCC, 0x37, 0xFD, 0x7D,
    0x14, 0x02, 0x40, 0xFA, 0x9C, 0x40, 0xA4, 0xB0, 0x5B, 0xA9, 0xA9, 0xE3, 0x06, 0x62, 0xCF, 0x03,
    0xF1, 0x46, 0xED, 0xB7, 0xB1, 0x8F, 0xBC, 0x22, 0x19, 0x7C, 0xBD, 0xE8, 0xAD, 0x3C, 0xDD, 0x50,
    0xFE, 0x76, 0x03, 0xF7, 0x0B, 0x28, 0xFD, 0x08, 0xDB, 0x70, 0xF8, 0x76, 0x45, 0xFA, 0xD4, 0x51,
    0x76, 0x98, 0xCD, 0x16, 0xDB, 0xDC, 0x03, 0x77, 0xB0, 0xDE, 0xF7, 0x31, 0xA7, 0x60, 0xA5, 0x52,
    0x40, 0x5C, 0xF0, 0x66, 0x0A, 0xF2, 0x4B, 0xAC, 0xD4, 0xC4, 0x5F, 0xB6, 0xC4, 0x45, 0x47, 0xC0,
    0x8D, 0xE5, 0xF1, 0xF6, 0x58, 0xCD, 0x6F, 0x06, 0x08, 0xFC, 0xAC, 0x87, 0x43, 0x07, 0x59, 0x03,
    0xD2, 0x61, 0x3B, 0xC1, 0xD4, 0x6F, 0x01, 0xAC, 0xB7, 0x5F, 0x8E, 0x21, 0x96, 0x76, 0x40, 0x0F,
    0x37, 0x1B, 0x78, 0x13, 0x90, 0x02, 0x2B, 0x0D, 0xF1, 0xD3, 0x8E, 0xC8, 0x7D, 0xBC, 0x5C, 0x4B,
    0x5A, 0x43, 0xEE, 0x61, 0xB7, 0x4F, 0x4C, 0xFD, 0x13, 0xA6, 0xEB, 0x2A, 0xF3, 0x15, 0xA5, 0xC3,
    0x4C, 0xFB, 0xE5, 0xF3, 0x9E, 0x88, 0x49, 0xC3, 0x8A, 0x79, 0x8C, 0x23, 0x08, 0x7A, 0xB0, 0xED,
    0x18, 0xD4, 0x71, 0x85, 0x79, 0xEF, 0x07, 0x84, 0x4D, 0xEA, 0xEC, 0x56, 0x46, 0x5D, 0x69, 0xB3,
    0x62, 0xDC, 0xB9, 0x5D, 0xFA, 0xA9, 0x21, 0x1D, 0xD3, 0xC2, 0xF5, 0x6B, 0x3F, 0x25, 0x75, 0x3D,
    0xB1, 0x74, 0xAA, 0x55, 0x79, 0x2D, 0xD7, 0xF9, 0x23, 0xA0, 0x07, 0xFE, 0x08, 0x64, 0x40, 0x5C,
    0x60, 0x7E, 0x77, 0x85, 0x7A, 0x8E, 0xC1, 0x7A, 0x30, 0xDD, 0xCE, 0xEF, 0x3D, 0xB8, 0xFE, 0xC3,
    0x15, 0xF5, 0x9C, 0x16, 0x20, 0x7E, 0x84, 0x6D, 0x20, 0xAC, 0x30, 0xBF, 0xFF, 0xC5, 0x95, 0xE9,
    0x19, 0xD3, 0x42, 0xB1, 0x4B, 0x0B, 0x0E, 0x52, 0x78, 0xED, 0xEE, 0x4E, 0xCF, 0x8B, 0x57, 0xD7,
    0x13, 0x6C, 0x0F, 0xB0, 0xB2, 0xC5, 0x88, 0x40, 0x70, 0x42, 0xE0, 0x5E, 0x23, 0xAC, 0xAF, 0x46,
    0x4B, 0xD8, 0xDE, 0xD0, 0x6F, 0xA0, 0x80, 0xC3, 0x23, 0xBE, 0xC7, 0x1B, 0xA4, 0xEE, 0xD3, 0x55,
    0x74, 0x00, 0xD8, 0xFA, 0x0E, 0xD6, 0x67, 0x18, 0xD9, 0x80, 0x74, 0xCA, 0xFD, 0xEA, 0x73, 0x02,
    0x10, 0xF3, 0x09, 0xF1, 0x67, 0x3D, 0x91, 0xB4, 0x58, 0x19, 0xF3, 0xC4, 0xDA, 0x79, 0x41, 0xA4,
    0xD7, 0xFB, 0xF4, 0xB1, 0xC0, 0x74, 0x5F, 0x3C, 0x38, 0x3C, 0x8E, 0xE3, 0x00, 0x10, 0x6C, 0xCF,
    0xDD, 0xE5, 0x11, 0x91, 0x74, 0xA4, 0xB2, 0x25, 0x2B, 0x72, 0x72, 0x32, 0x57, 0x8A, 0x14, 0x67,
    0x38, 0x3D, 0x2D, 0x4A, 0x20, 0x2B, 0x6E, 0xA1, 0x04, 0x23, 0xD1, 0xF5, 0x0D, 0x4C, 0x57, 0x5E,
    0xCC, 0x70, 0xF8, 0x21, 0xA1, 0xB8, 0x50, 0x0A, 0x52, 0xC7, 0x3D, 0xB8, 0x0B, 0x2C, 0x61, 0x19,
    0x9C, 0x3A, 0x02, 0xA9, 0x07, 0x34, 0x10, 0x8D, 0xB5, 0x8F, 0x08, 0x80, 0x25, 0x7C, 0x35, 0xAE,
    0x32, 0x69, 0x52, 0xF1, 0x07, 0x69, 0x0D, 0x4B, 0x49, 0x9D, 0x80, 0x46, 0x69, 0xA4, 0xD1, 0x12,
    0xB5, 0xC0, 0x72, 0x42, 0x70, 0x00, 0xAA, 0x6A, 0x4A, 0xAF, 0x7C, 0x0A, 0x9B, 0x47, 0x58, 0x71,
    0xC4, 0x52, 0x93, 0xBD, 0xED, 0xB9, 0x1D, 0xD4, 0x13, 0x55, 0x85, 0x12, 0x41, 0x60, 0x86, 0x7D,
    0x73, 0x3A, 0x36, 0xCD, 0x43, 0x00, 0xD8, 0x1A, 0xA2, 0xB1, 0x7C, 0x90, 0x41, 0xF6, 0x6B, 0x90,
    0x0A, 0x2B, 0x9E, 0xF8, 0x4F, 0x3D, 0xA1, 0x7B, 0xB4, 0x58, 0x4F, 0x00, 0x24, 0x0E, 0xD2, 0x6A,
    0x2C, 0x1A, 0xD6, 0x43, 0xF0, 0xB4, 0x85, 0x78, 0x03, 0x99, 0x38, 0x36, 0x49, 0xC5, 0xA3, 0xD0,
    0x01, 0x58, 0x11, 0x7F, 0x86, 0xED, 0xE9, 0xB1, 0xED, 0x61, 0x86, 0x3D, 0x73, 0x3A, 0x36, 0xCD,
    0x07, 0x40, 0xC2, 0x37, 0xFD, 0x79, 0x88, 0x7B, 0xC8, 0x84, 0xF3, 0xFE, 0xB8, 0xF9, 0x1C, 0x4A,
    0x29, 0x8C, 0x48, 0x63, 0xBB, 0xD0, 0x87, 0xDE, 0xB6, 0x91, 0x48, 0x77, 0x86, 0xFF, 0x9E, 0x3E,
    0x8E, 0x3C, 0xD8, 0x2E, 0xA8, 0x8C, 0x88, 0xA7, 0x94, 0x86, 0x9B, 0x5B, 0x34, 0x92, 0x09, 0x65,
    0x04, 0x19, 0xBC, 0xF3, 0x2E, 0x66, 0xFB, 0x06, 0x91, 0x86, 0xF6, 0xDF, 0x1A, 0x52, 0xE3, 0x39,
    0xC0, 0xAD, 0xF7, 0x7D, 0x82, 0xDD, 0x51, 0x42, 0x41, 0x5C, 0xF1, 0x7A, 0x02, 0xE5, 0x1F, 0x30,
    0xD2, 0x10, 0x7D, 0xDD, 0x11, 0x17, 0x3D, 0x01, 0x37, 0xD6, 0xD9, 0x00, 0xEF, 0x60, 0x74, 0xA6,
    0xCA, 0xBE, 0xF0, 0x77, 0x82, 0x66, 0xA5, 0xFD, 0xE0, 0xE1, 0x75, 0xA0, 0xDC, 0xC5, 0xD3, 0xBF,
    0x7B, 0xC2, 0xE2, 0x93, 0xE5, 0xF1, 0xB4, 0xD5, 0x44, 0x12, 0x4B, 0x35, 0x6C, 0x84, 0xB7, 0x26,
    0x8E, 0xAB, 0xA4, 0x3B, 0xF2, 0x31, 0xB5, 0x4C, 0x51, 0x1F, 0xB9, 0xDF, 0x00, 0xAC, 0x9A, 0x06,
    0xC7, 0x8F, 0x59, 0x2B, 0xBE, 0x95, 0xBE, 0x32, 0x11, 0x14, 0x3F, 0x96, 0xAF, 0x94, 0xCB, 0xA5,
    0xA1, 0xEB, 0xA7, 0x77, 0xCD, 0xA9, 0x33, 0x52, 0xA9, 0x75, 0x3D, 0x1F, 0x3A, 0xEE, 0x00, 0x94,
    0xA2, 0xF7, 0x7D, 0x81, 0xF2, 0x82, 0xFB, 0xBE, 0x7C, 0x55, 0x8A, 0x0C, 0xF7, 0x1A, 0xFE, 0x5F,
    0xA6, 0x9B, 0xD2, 0x31, 0xDD, 0x97, 0x67, 0x04, 0xC0, 0xFC, 0xDD, 0x07, 0xCF, 0xB0, 0x22, 0xC4,
    0x5B, 0xA9, 0x92, 0x26, 0xAD, 0xCF, 0xEA, 0xAE, 0xA2, 0x88, 0x7C, 0x5E, 0x44, 0xED, 0x04, 0x7D,
    0x9E, 0xE6, 0x74, 0x9D, 0xAE, 0xD7, 0xF7, 0xC8, 0x9F, 0xF1, 0xB2, 0xDA, 0xAC, 0xDF, 0x39, 0x96,
    0x1E, 0xD5, 0x91, 0x17, 0xA5, 0x2B, 0xC9, 0x0A, 0x21, 0xAB, 0x26, 0xE8, 0xB3, 0x8E, 0xEB, 0xBC,
    0xAE, 0x0B, 0xA4, 0x7E, 0xA9, 0xDE, 0x59, 0x7F, 0xC1, 0xCC, 0xFB, 0x0B, 0x6B, 0x68, 0xD8, 0x13,
    0x47, 0x4B, 0x75, 0x38, 0x40, 0xC9, 0xFE, 0xBF, 0xBF, 0x10, 0xFF, 0xD5, 0x91, 0x4D, 0xE7, 0xA6,
    0x5C, 0xFB, 0x0B, 0xAB, 0xF1, 0x9F, 0x57, 0x9D, 0xE4, 0xDB, 0x55, 0xE7, 0xC9, 0x54, 0x75, 0x96,
    0xE9, 0x09, 0xA6, 0x2A, 0x50, 0x9C, 0xAB, 0x02, 0x5F, 0xCE, 0xAB, 0x00, 0x0F, 0xCF, 0x55, 0x01,
    0x51, 0x6E, 0xA5, 0x0F, 0xBB, 0xA8, 0x3D, 0xEB, 0x1D, 0x28, 0x1A, 0xD3, 0x27, 0x8D, 0xD9, 0x4C,
    0xD0, 0xE7, 0x69, 0x4E, 0xD7, 0xE9, 0x7A, 0x7D, 0x8F, 0xE4, 0xF9, 0x25, 0xFC, 0xA5, 0xB3, 0xAA,
    0x33, 0xFA, 0x93, 0x33, 0x7F, 0x91, 0xB7, 0xDD, 0x64, 0x57, 0xA1, 0xCF, 0xA3, 0x7D, 0xD9, 0xD9,
    0xDF, 0xB0, 0x0B, 0x28, 0x3F, 0xC2, 0xFA, 0xB1, 0xBF, 0xF0, 0x8F, 0x73, 0xFD, 0x85, 0x0C, 0xDC,
    0xC1, 0x7A, 0xDF, 0xE7, 0xF2, 0x55, 0x67, 0x59, 0xBC, 0xFD, 0x0A, 0xAC, 0x6C, 0xE7, 0xFD, 0x85,
    0xB4, 0x01, 0xE9, 0xE7, 0xFD, 0x85, 0x95, 0xF4, 0x4C, 0x15, 0x29, 0x9E, 0x55, 0xA4, 0x62, 0x8C,
    0xB5, 0xA7, 0xBD, 0xF6, 0x17, 0x96, 0x6B, 0x49, 0x06, 0xE4, 0xED, 0xB9, 0xFE, 0xC2, 0x1D, 0xA6,
    0xEB, 0x0A, 0xF3, 0xD5, 0xBC, 0x5E, 0x3D, 0x99, 0xD5, 0xAB, 0xF5, 0xF2, 0x18, 0x00, 0x1F, 0x03,
    0x1B, 0x30, 0xFD, 0x18, 0xD8, 0x51, 0x73, 0xA2, 0x07, 0x18, 0x4C, 0xD0, 0xC3, 0x80, 0x07, 0xD2,
    0x59, 0x91, 0xF6, 0xEC, 0x3C, 0xE4, 0xB3, 0x4B, 0x6A, 0xCC, 0xEA, 0x58, 0xCE, 0xC7, 0x9B, 0x1B,
    0x6D, 0x87, 0x2D, 0xC4, 0x0D, 0xA4, 0x15, 0x64, 0x51, 0xC3, 0xED, 0x01, 0x44, 0x4D, 0x50, 0x4A,
    0xA3, 0xEB, 0xB3, 0x17, 0xFB, 0x35, 0xE9, 0xFC, 0x4C, 0xD3, 0xBB, 0x80, 0x00, 0x99, 0x83, 0xA4,
    0x3A, 0x21, 0x1A, 0x78, 0x07, 0x2B, 0xF2, 0x06, 0xF8, 0x08, 0x6C, 0x07, 0xC1, 0xD4, 0xB7, 0x50,
    0xDE, 0xD7, 0x96, 0xF3, 0x66, 0x5E, 0x3B, 0x4E, 0xB0, 0x7F, 0xEF, 0x31, 0x9F, 0xAD, 0xC2, 0xF9,
    0xE2, 0xDA, 0xF1, 0x41, 0x43, 0xB4, 0x9C, 0x2F, 0x27, 0x60, 0xA5, 0xC3, 0xC8, 0xE6, 0x84, 0x9F,
    0xFF, 0x47, 0x79, 0xAE, 0xC6, 0x35, 0x7C, 0xE6, 0x88, 0x35, 0xE7, 0xC8, 0x8B, 0x86, 0xEB, 0x1F,
    0x2C, 0xE7, 0xA8, 0x2C, 0x09, 0x56, 0xE4, 0xB6, 0x67, 0x5F, 0x12, 0x35, 0x8A, 0x45, 0x5C, 0xF7,
    0xEC, 0x45, 0x5D, 0xFB, 0x5D, 0x90, 0xBB, 0xDC, 0xA9, 0x97, 0x69, 0x9F, 0x1B, 0x69, 0x5E, 0x6A,
    0x3B, 0x27, 0x77, 0x7B, 0xA1, 0x7F, 0x95, 0x68, 0xCE, 0x70, 0x89, 0xE4, 0x2E, 0xEC, 0x72, 0xF7,
    0x92, 0xDE, 0xC3, 0xDE, 0xFF, 0x4D, 0xD6, 0xD0, 0xB0, 0xCF, 0xFE, 0x62, 0x1D, 0xA6, 0x06, 0xDB,
    0x42, 0xE4, 0x21, 0xAE, 0x20, 0x7D, 0xEF, 0x98, 0xCC, 0x7A, 0xAE, 0x0D, 0xC0, 0xFA, 0x92, 0x4C,
    0xD1, 0xBC, 0x0A, 0x6F, 0x02, 0xC0, 0x36, 0x10, 0x9D, 0xEF, 0x9F, 0x5A, 0xCF, 0xAD, 0xD1, 0x47,
    0x4E, 0xAE, 0xA8, 0xBF, 0x2B, 0xF7, 0xA0, 0x05, 0xDB, 0x03, 0x1B, 0x20, 0x37, 0xC7, 0xA4, 0xD6,
    0x73, 0xB0, 0x1E, 0xEF, 0x8B, 0x73, 0x9C, 0xFE, 0x36, 0xCB, 0x79, 0xCF, 0xBF, 0xE1, 0xE7, 0xC7,
    0xC4, 0xEF, 0x7B, 0xA2, 0x39, 0xE7, 0x75, 0x63, 0x44, 0xED, 0x2F, 0xE7, 0x6B, 0x8E, 0xD8, 0xE5,
    0xA1, 0x7F, 0x1D, 0x07, 0x37, 0xFF, 0xEC, 0x61, 0x3D, 0xAE, 0xB6, 0x55, 0xDB, 0x9E, 0x50, 0xBE,
    0xF6, 0x1C, 0xBE, 0xBF, 0x98, 0x23, 0x98, 0x63, 0xB0, 0x7B, 0xB8, 0xAD, 0x97, 0x2F, 0x26, 0x1F,
    0x33, 0xAE, 0x2B, 0xE4, 0x8E, 0x0B, 0x6A, 0x36, 0x44, 0x03, 0x82, 0xDD, 0xF2, 0x22, 0xEC, 0x34,
    0x17, 0xA7, 0x75, 0xD2, 0x68, 0x56, 0xD6, 0x0C, 0x6D, 0xBB, 0x52, 0xFB, 0xB3, 0x20, 0x3D, 0x94,
    0x1D, 0x64, 0x1E, 0xD2, 0x06, 0x92, 0xFA, 0x62, 0x00, 0xDC, 0x02, 0x04, 0xC8, 0xA7, 0xD6, 0xD4,
    0x00, 0x33, 0x49, 0x0D, 0xDB, 0xD1, 0x47, 0xDC, 0xC4, 0x4D, 0x52, 0x45, 0x3E, 0xD3, 0x11, 0x67,
    0xBB, 0x7C, 0xF4, 0xB3, 0xD9, 0xF9, 0xC9, 0xDB, 0x9D, 0xAF, 0x7A, 0xB4, 0x91, 0x15, 0xC4, 0x02,
    0xF1, 0x76, 0x40, 0xBB, 0x12, 0xD7, 0x8B, 0x6B, 0xCC, 0x2B, 0x72, 0x8C, 0x7D, 0xBC, 0x1D, 0xD0,
    0xC6, 0x1E, 0x06, 0xEC, 0x39, 0xAB, 0xAE, 0xA2, 0x41, 0xED, 0x2B, 0x8F, 0xBC, 0x03, 0xD3, 0x4E,
    0xF6, 0x57, 0xFD, 0xAD, 0xF9, 0x70, 0x7E, 0x9E, 0x00, 0x56, 0xE3, 0x3F, 0x9D, 0x55, 0x8C, 0xA8,
    0xED, 0x0D, 0xC0, 0xAA, 0xDC, 0xFF, 0x07, 0x9D, 0xCC, 0x31, 0x6E, 0x15, 0x31, 0x10, 0x80, 0xE1,
    0xFF, 0xAD, 0x11, 0x5B, 0x6C, 0xE1, 0x14, 0xF4, 0x6E, 0xE8, 0xF7, 0x02, 0xE4, 0xD9, 0x82, 0x8B,
    0x50, 0xE7, 0x0C, 0x8F, 0xEC, 0x1E, 0x07, 0xED, 0x19, 0x42, 0xEC, 0x70, 0x02, 0x8B, 0x13, 0x2C,
    0x22, 0xA2, 0x9E, 0xC2, 0x85, 0x25, 0x1C, 0x06, 0x6F, 0x07, 0xA2, 0x88, 0x14, 0x59, 0x9F, 0x2C,
    0xCF, 0x3F, 0xF2, 0xCD, 0xB6, 0x85, 0xA8, 0xBA, 0x1E, 0xB6, 0x6D, 0xFB, 0xAC, 0xAA, 0xED, 0x30,
    0x88, 0x91, 0x49, 0xEC, 0xEE, 0xB2, 0x4F, 0x4B, 0x8A, 0xC9, 0x56, 0x5B, 0xAC, 0xB8, 0x3C, 0x27,
    0xBF, 0x7A, 0xCE, 0x38, 0x99, 0xC5, 0xF7, 0xE6, 0xC3, 0xC2, 0x2D, 0x77, 0xD0, 0xC6, 0x7C, 0xAA,
    0x36, 0x99, 0xEA, 0x92, 0x29, 0x3E, 0x4D, 0xE2, 0x57, 0x2B, 0x31, 0xCC, 0xA2, 0xC1, 0x7F, 0x57,
    0x6C, 0x8D, 0xC9, 0x89, 0xAE, 0x6E, 0x57, 0xE6, 0xF4, 0x1B, 0xFF, 0xF0, 0x84, 0x7F, 0xDF, 0xF0,
    0x43, 0xE1, 0x93, 0x11, 0xE6, 0xDE, 0xFA, 0x5E, 0x9F, 0xF7, 0xF6, 0xF5, 0x89, 0xE5, 0x43, 0x63,
    0x31, 0x85, 0x2F, 0xBD, 0xB5, 0x71, 0x07, 0xCF, 0x7F, 0x16, 0xD5, 0x70, 0xB8, 0x89, 0x5B, 0xC0,
    0xC3, 0xCB, 0xBD, 0xFC, 0xEF, 0xE7, 0xF6, 0xB4, 0xFD, 0x75, 0xE2, 0xAF, 0x7F, 0xB8, 0x1D, 0x96,
    0x06, 0xF5, 0x02, 0xE5, 0xFA, 0xB8, 0x8F, 0xF7, 0xEB, 0xE4, 0x7E, 0x6A, 0x3E, 0xE9, 0x23, 0xEE,
    0x11, 0x5E, 0xDD, 0xBA, 0x3C, 0xA8, 0x8A, 0xF9, 0x51, 0xEA, 0xF8, 0x20, 0x97, 0x83, 0xF9, 0x56,
    0x5A, 0x9F, 0x15, 0xEE, 0x5D, 0xE6, 0x0A, 0x19, 0x8B, 0xDB, 0x97, 0x14, 0xB9, 0x27, 0x06, 0x9F,
    0x27, 0x19, 0x84, 0x8F, 0xF4, 0xF0, 0x8E, 0x25, 0xCC, 0xD9, 0x16, 0x53, 0x87, 0x3A, 0x56, 0x27,
    0x7E, 0x3D, 0xF3, 0x16, 0x00, 0x2A, 0x9C, 0x04, 0x4C, 0x86, 0x29, 0x81, 0x0B, 0x70, 0x06, 0x2E,
    0xDD, 0x55, 0x07, 0xBC, 0xE9, 0x0A, 0x0C, 0x02, 0x63, 0x06, 0xBB, 0x82, 0x03, 0xAE, 0xBB, 0xBB,
    0xEE, 0x0F, 0x7C, 0x8E, 0x01, 0x66, 0xC4, 0x40, 0x00, 0x45, 0x5F, 0x12, 0x04, 0xC1, 0x80, 0x6A,
    0x51, 0xE6, 0x04, 0xBB, 0x73, 0x82, 0x64, 0xE6, 0x46, 0x3D, 0x40, 0x27, 0x3B, 0x7B, 0xB0, 0xC6,
    0xF6, 0x08, 0xB9, 0x41, 0x83, 0x02, 0xD0, 0xC5, 0x62, 0xCA, 0x24, 0xE9, 0x6F, 0x15, 0xC0, 0x9A,
    0xEF, 0x9B, 0x79, 0x8C, 0xFF, 0xBA, 0x8C, 0xDB, 0x18, 0x1C, 0xA3, 0x0D, 0xE3, 0x47, 0x50, 0xEB,
    0x2E, 0x22, 0x4E, 0xA1, 0x2E, 0xB4, 0x05, 0x13, 0x39, 0x44, 0x62, 0x24, 0xED, 0xE1, 0x61, 0x82,
    0x88, 0xDB, 0xF1, 0x3B, 0x3D, 0xF4, 0x2B, 0x43, 0x02, 0x1B, 0x9E, 0xF5, 0x31, 0x61, 0x33, 0x55,
    0xA1, 0x9B, 0x05, 0x18, 0x56, 0xFC, 0x0B, 0xA3, 0x09, 0xBD, 0x0D, 0x2E, 0xD1, 0x66, 0xF6, 0xF5,
    0x7B, 0xBA, 0xBD, 0x91, 0xAB, 0x6B, 0x73, 0x6D, 0xE7, 0xEE, 0xDD, 0x9C, 0x7F, 0xD7, 0x4F, 0xF4,
    0x96, 0xE3, 0x11, 0x53, 0xF0, 0x09, 0x09, 0xA8, 0xC5, 0x95, 0xBF, 0x27, 0x27, 0x17, 0xDC, 0x57,
    0xA8, 0x3C, 0x4C, 0xD4, 0x19, 0x33, 0x73, 0xC7, 0xD9, 0x2C, 0x97, 0xE5, 0x75, 0x69, 0xFE, 0xCF,
    0xE3, 0x67, 0xDA, 0xB4, 0x2B, 0xDB, 0x83, 0x07, 0x65, 0xA2, 0xB9, 0xE1, 0xCE, 0x92, 0x0F, 0x8A,
    0x6C, 0x87, 0x0B, 0x38, 0xEA, 0x15, 0x05, 0xC7, 0x93, 0xE6, 0x7E, 0x06, 0xF4, 0xC5, 0x20, 0xF6,
    0x3B, 0x00, 0x8D, 0xD3, 0x01, 0x84, 0x5C, 0x47, 0x1C, 0x06, 0xF0, 0x6F, 0x6F, 0xAB, 0x0F, 0x0F,
    0x13, 0x40, 0x35, 0x74, 0x00, 0x68, 0xAB, 0x0F, 0x20, 0xB4, 0x7B, 0xFF, 0x89, 0x42, 0x09, 0xD2,
    0xD2, 0x02, 0x48, 0x01, 0xD4, 0x55, 0x94, 0x96, 0xE0, 0xD2, 0x19, 0x2D, 0x82, 0xA2, 0x2D, 0x00,
    0x10, 0x14, 0xB5, 0xC5, 0x55, 0x8B, 0x82, 0x64, 0xA6, 0x82, 0x00, 0x35, 0xED, 0xD1, 0x22, 0xE8,
    0xE3, 0x8E, 0x70, 0x87, 0x7B, 0xE9, 0xCD, 0x35, 0x93, 0xCB, 0xDE, 0xFB, 0x3A, 0x63, 0x6F, 0xCF,
    0x05, 0x2A, 0xF8, 0xB1, 0xDF, 0x37, 0xDF, 0x8C, 0x5D, 0x2C, 0x5E, 0xFA, 0x10, 0x78, 0xFD, 0x47,
    0xE0, 0xAD, 0x6A, 0x00, 0x7C, 0x46, 0x4B, 0x42, 0x93, 0x4E, 0x32, 0x83, 0xBD, 0x74, 0x60, 0xEE,
    0x5E, 0xEA, 0x31, 0x7E, 0x1A, 0x31, 0x7E, 0x76, 0xEA, 0x93, 0x80, 0xF1, 0xA7, 0x80, 0xBB, 0x85,
    0xFD, 0xE7, 0x37, 0xC8, 0xE1, 0x41, 0xE8, 0x48, 0xD3, 0xF2, 0x04, 0x13, 0xF6, 0xC0, 0x8E, 0x5B,
    0x7A, 0xCF, 0x00, 0x7E, 0x17, 0x0D, 0x09, 0x45, 0xBA, 0xAE, 0x7F, 0x05, 0x12, 0x80, 0xAE, 0x20,
    0xFB, 0x0A, 0x5B, 0xE3, 0x37, 0xD5, 0x59, 0x56, 0xC3, 0xF2, 0xDC, 0xEE, 0xCD, 0x9D, 0x25, 0x43,
    0xA5, 0x73, 0x13, 0xF5, 0xE2, 0xD4, 0x9D, 0xC2, 0x36, 0xD1, 0x5E, 0xDF, 0x4A, 0xF6, 0x1A, 0x93,
    0xBD, 0xCA, 0xA4, 0xAF, 0xDC, 0x8A, 0x96, 0xF7, 0x93, 0xE5, 0x5F, 0xC9, 0xEE, 0x3F, 0x4C, 0xFA,
    0xED, 0xC7, 0x51, 0x5F, 0x7E, 0x1A, 0xB5, 0xE1, 0x29, 0x1F, 0x25, 0x03, 0x42, 0x03, 0xF1, 0x01,
    0xA2, 0x56, 0xEE, 0x67, 0xF1, 0x5B, 0x59, 0x28, 0x49, 0x4E, 0x04, 0x72, 0xA7, 0xB0, 0x3A, 0x88,
    0x34, 0x83, 0x74, 0x5F, 0x64, 0xD1, 0xBF, 0x66, 0x51, 0xCC, 0xD2, 0x70, 0x10, 0x78, 0xD7, 0xB9,
    0xA6, 0x3F, 0x8F, 0xE4, 0xA2, 0xD2, 0x1F, 0x3F, 0x8C, 0x7A, 0x63, 0x27, 0x72, 0x63, 0x67, 0xC1,
    0x8D, 0xC3, 0x85, 0xDF, 0x3C, 0xCC, 0x7A, 0xF3, 0x30, 0xAA, 0x1B, 0x3F, 0x07, 0x75, 0xE3, 0x97,
    0xA0, 0xB2, 0x5F, 0x4A, 0x36, 0xC8, 0x78, 0x39, 0x09, 0x7F, 0x4F, 0xEB, 0xCD, 0xA3, 0x34, 0xC3,
    0x51, 0x9A, 0x6D, 0x56, 0x4F, 0xFE, 0xC7, 0xD1, 0x30, 0xDB, 0x5C, 0x2B, 0x2E, 0x0E, 0x33, 0xCB,
    0x30, 0xB3, 0x23, 0x00, 0x0F, 0x74, 0x0C, 0x15, 0x5E, 0xA6, 0xAB, 0xB9, 0xC9, 0x1E, 0x7A, 0xF4,
    0x90, 0xA7, 0x84, 0x38, 0x0F, 0x31, 0x85, 0x5B, 0xE6, 0xDA, 0xD7, 0x73, 0x00, 0x78, 0x75, 0x3E,
    0x37, 0x42, 0xBA, 0x0A, 0x36, 0x61, 0x4A, 0x42, 0x8D, 0x0C, 0x12, 0x15, 0xC4, 0x00, 0x9E, 0x7D,
    0x05, 0xCE, 0x6F, 0x83, 0x00, 0x58, 0x73, 0xB5, 0x77, 0xBB, 0x9E, 0x43, 0xA2, 0x36, 0x75, 0x5F,
    0xEF, 0xD5, 0xFB, 0x3A, 0xB6, 0x49, 0x47, 0xDD, 0xEB, 0x28, 0x41, 0x47, 0x6B, 0x74, 0x24, 0xF4,
    0x1F, 0x0B, 0xE8, 0xED, 0x0C, 0x4F, 0x0E, 0x2B, 0x7A, 0x7B, 0x51, 0xFA, 0x13, 0x94, 0xF3, 0xC2,
    0x96, 0x6D, 0x17, 0x75, 0x54, 0x83, 0x8E, 0x4D, 0xB6, 0x64, 0xAA, 0x3E, 0xF2, 0xC7, 0xDF, 0x41,
    0x47, 0x2C, 0xED, 0x3B, 0x68, 0x1A, 0x74, 0x4F, 0x30, 0x65, 0x44, 0xCB, 0x3F, 0xCD, 0x8B, 0x9A,
    0xA5, 0x1B, 0x31, 0xF1, 0x3D, 0x9A, 0xDA, 0x6D, 0xD5, 0xDD, 0x92, 0x62, 0x2A, 0x08, 0x75, 0x4C,
    0x77, 0xFD, 0xD8, 0xEF, 0xAE, 0xDE, 0x54, 0x51, 0xC7, 0xD5, 0xE7, 0xDA, 0xD7, 0xF3, 0xBA, 0x53,
    0xCC, 0x50, 0x11, 0xCF, 0xC0, 0x24, 0x17, 0x09, 0x58, 0x2B, 0x6C, 0xC6, 0x94, 0x44, 0xFB, 0xB8,
    0xEC, 0xEF, 0x31, 0x74, 0xF7, 0x1E, 0x38, 0xF9, 0x32, 0x40, 0x6E, 0x15, 0x5F, 0x55, 0xEC, 0xE5,
    0xEB, 0xEA, 0xA0, 0xB8, 0xD2, 0x77, 0x7F, 0xB7, 0xBD, 0xA6, 0x8E, 0x8A, 0x0C, 0x0D, 0x89, 0x09,
    0x33, 0xB0, 0x0E, 0xE0, 0xF3, 0xE2, 0x66, 0x61, 0x77, 0x31, 0xE5, 0x58, 0xD0, 0xC0, 0x89, 0x03,
    0xC4, 0xAD, 0xBE, 0x17, 0xDA, 0x0C, 0x58, 0x87, 0x55, 0x6E, 0x7B, 0x40, 0x15, 0xED, 0xD0, 0xD6,
    0x7D, 0x98, 0xD4, 0x3B, 0x5D, 0x06, 0xA6, 0x3D, 0xD0, 0x14, 0x17, 0x23, 0xD6, 0x98, 0xA1, 0x38,
    0xA2, 0x7B, 0x40, 0x23, 0x57, 0xB7, 0x9C, 0x57, 0xEF, 0xC0, 0x2B, 0x03, 0x6A, 0x2C, 0x75, 0xC5,
    0x1B, 0xC5, 0x3A, 0xE0, 0x67, 0x2F, 0xC0, 0xDE, 0xEC, 0x82, 0x2C, 0xAC, 0xD3, 0x24, 0xCE, 0xFE,
    0xA7, 0x0B, 0x00, 0xB9, 0x78, 0x1F, 0x20, 0x19, 0xAA, 0xF9, 0x7C, 0xEE, 0x80, 0x73, 0x99, 0x7B,
    0x0E, 0xD6, 0xE0, 0x39, 0x9C, 0xBB, 0x33, 0x77, 0x50, 0xE1, 0x2C, 0x7F, 0x70, 0xED, 0xC8, 0x40,
    0xF7, 0xF8, 0x81, 0xB5, 0x33, 0xE0, 0x02, 0x98, 0x10, 0x80, 0x77, 0x80, 0x44, 0x40, 0x25, 0xA0,
    0x29, 0xE5, 0x1A, 0xD1, 0x0C, 0x38, 0x75, 0x01, 0xCD, 0xBF, 0x03, 0x1A, 0x56, 0x0E, 0x92, 0x2F,
    0x40, 0x1E, 0x0D, 0x78, 0xAD, 0x66, 0x7E, 0xFB, 0x6E, 0x97, 0xA7, 0x49, 0x86, 0x69, 0x7A, 0x73,
    0x68, 0x87, 0x66, 0xD0, 0x7D, 0x33, 0x32, 0x34, 0xA4, 0x69, 0x98, 0xEB, 0xEF, 0x2B, 0x18, 0xDA,
    0x63, 0xF6, 0xED, 0xA0, 0x86, 0xF3, 0xBA, 0xD2, 0x09, 0x19, 0xA4, 0x6E, 0x06, 0xA0, 0x3B, 0xFE,
    0x1E, 0xC2, 0x45, 0x55, 0xF3, 0x99, 0xE9, 0x76, 0x38, 0x23, 0xEC, 0x97, 0x9B, 0x03, 0x42, 0x5C,
    0x65, 0x8D, 0x38, 0x0F, 0x71, 0x23, 0x84, 0xB9, 0x48, 0x90, 0x7D, 0xD6, 0xDE, 0x89, 0x93, 0xB0,
    0x64, 0x43, 0xE9, 0x8C, 0xB0, 0x6E, 0x76, 0x9F, 0x79, 0xEF, 0x3F, 0x8C, 0x93, 0x3F, 0x68, 0xDC,
    0x4C, 0x10, 0x47, 0x9F, 0xF6, 0xCE, 0xE8, 0x03, 0xF1, 0x21, 0xF7, 0x24, 0x56, 0x0F, 0xC6, 0xEA,
    0xC1, 0xC9, 0x0A, 0x5C, 0xB8, 0x4D, 0x91, 0xBE, 0x4A, 0x9F, 0x1E, 0xC2, 0x49, 0x90, 0x1E, 0xA7,
    0xEF, 0xFB, 0x3E, 0xC5, 0x59, 0x07, 0x29, 0xDD, 0xA8, 0x6F, 0x4E, 0x24, 0xE9, 0xD9, 0x42, 0x10,
    0x91, 0xE8, 0x76, 0x32, 0xC3, 0xE2, 0x7F, 0xB1, 0x0B, 0x1F, 0x3C, 0x06, 0xED, 0xED, 0xFC, 0xF4,
    0x06, 0x46, 0x00, 0x9C, 0x2A, 0x3D, 0xB8, 0x03, 0x14, 0x13, 0xD4, 0x22, 0x53, 0xAF, 0x78, 0xA5,
    0x0C, 0xB0, 0x5A, 0x00, 0x51, 0xCE, 0x49, 0xBF, 0xB5, 0x72, 0xA6, 0xF4, 0x1D, 0x4E, 0x46, 0x0A,
    0x99, 0xB5, 0x27, 0xE2, 0xBD, 0xE7, 0x7F, 0xFF, 0x0A, 0x3C, 0x2F, 0x03, 0x80, 0x11, 0x56, 0x33,
    0x10, 0x15, 0xDF, 0xB5, 0x22, 0xA3, 0x32, 0x2B, 0x01, 0xFC, 0x0E, 0x84, 0x24, 0x10, 0x14, 0x5E,
    0x9C, 0x6D, 0x1E, 0xEA, 0x63, 0x5E, 0xE6, 0x67, 0x9E, 0xE6, 0x9B, 0xBC, 0xFF, 0x53, 0x8E, 0x8F,
    0x61, 0xFA, 0xA4, 0xD1, 0x42, 0x19, 0xFC, 0xCE, 0x8B, 0x04, 0x11, 0x99, 0xAD, 0xDA, 0xB3, 0x9D,
    0xDB, 0xFF, 0x7A, 0xEF, 0xC5, 0xF3, 0xAE, 0xFD, 0x9A, 0x33, 0x7F, 0x86, 0xEF, 0x7B, 0x2A, 0x39,
    0x90, 0xCB, 0x44, 0x26, 0x03, 0xB4, 0x0D, 0xBC, 0x06, 0x00, 0x91, 0x46, 0xE9, 0x12, 0x03, 0xC8,
    0x04, 0xF1, 0x00, 0x8B, 0x66, 0x2F, 0xF5, 0xC8, 0xFB, 0x62, 0x06, 0x17, 0x49, 0xB2, 0xF5, 0x00,
    0x45, 0x03, 0x19, 0x1A, 0x18, 0xA8, 0x13, 0xD0, 0x06, 0x9C, 0xD6, 0xE2, 0x8F, 0x3E, 0xFF, 0x08,
    0xF4, 0x9F, 0x83, 0x8B, 0xD9, 0x3B, 0x6B, 0xD5, 0x08, 0xDA, 0x0E, 0x4E, 0x48, 0xDA, 0x49, 0xDD,
    0xCE, 0xD2, 0x7F, 0x29, 0x3E, 0xFB, 0xA2, 0x3D, 0xD6, 0x6B, 0x19, 0x29, 0x8B, 0x3E, 0x3C, 0x7E,
    0x47, 0x06, 0x14, 0xC9, 0x01, 0x1B, 0x3C, 0xF2, 0x41, 0x9B, 0xCD, 0xD1, 0x5C, 0x63, 0x04, 0x99,
    0x95, 0xF1, 0xF1, 0x4C, 0xF0, 0x56, 0xF1, 0x03, 0xD4, 0x13, 0xE7, 0xAB, 0x99, 0xE8, 0x96, 0xD5,
    0xE2, 0x96, 0x32, 0xE4, 0x8B, 0xED, 0x93, 0x88, 0x0C, 0x5E, 0x22, 0x77, 0x7B, 0x15, 0xEF, 0xF7,
    0xCA, 0x05, 0xA8, 0x94, 0xD6, 0x32, 0x09, 0xD6, 0x4A, 0x44, 0x90, 0xC6, 0xEF, 0x6C, 0x1F, 0x2A,
    0x91, 0xD9, 0x3D, 0xDC, 0x0B, 0xF7, 0x60, 0x2F, 0x20, 0x0D, 0xDD, 0x36, 0x64, 0x11, 0xF2, 0x19,
    0xF4, 0xFE, 0xE8, 0x15, 0xAB, 0xF9, 0x94, 0x8F, 0x59, 0xCC, 0x47, 0xDA, 0xCB, 0x91, 0x13, 0xAD,
    0x6B, 0x85, 0xE7, 0x40, 0x4B, 0x03, 0xD5, 0x90, 0x3E, 0x86, 0xEC, 0x40, 0xAF, 0x03, 0x2A, 0x3B,
    0xAB, 0x5B, 0x7D, 0xDE, 0xEA, 0xF9, 0xB6, 0x1A, 0xB5, 0x76, 0x6C, 0x33, 0xD8, 0xF2, 0x94, 0xE7,
    0xB3, 0x95, 0x93, 0xE4, 0x60, 0x2E, 0xF9, 0x9C, 0x8F, 0x8F, 0x1D, 0x31, 0x77, 0x9B, 0x21, 0xCD,
    0x92, 0xB2, 0x9E, 0x27, 0x6F, 0xD4, 0x61, 0x48, 0x2E, 0xFF, 0x38, 0xDE, 0x7D, 0xC8, 0x55, 0x5A,
    0x1F, 0x00, 0xB2, 0xAF, 0x50, 0xCA, 0x8E, 0x5A, 0x02, 0xFE, 0x72, 0xA2, 0x75, 0x33, 0x9B, 0x4C,
    0x01, 0xE3, 0x74, 0x73, 0x4A, 0xBF, 0xB9, 0xC6, 0xCB, 0x81, 0x52, 0x26, 0x56, 0x32, 0x80, 0x46,
    0xF1, 0x06, 0x58, 0xDF, 0xB7, 0x7B, 0x31, 0xFD, 0xC0, 0xF5, 0x4A, 0xDF, 0xEB, 0x26, 0xB8, 0xE5,
    0xFB, 0x34, 0xBA, 0xDF, 0xBF, 0xE6, 0x4C, 0x24, 0xD0, 0xEA, 0xC5, 0x4A, 0x20, 0x5F, 0x20, 0x0B,
    0x40, 0x03, 0x85, 0x86, 0x96, 0xB7, 0x44, 0xF2, 0x2B, 0xE9, 0xCA, 0xFD, 0x7E, 0xA8, 0xAF, 0x6E,
    0x82, 0x2F, 0xBF, 0x05, 0x7F, 0x74, 0x31, 0x6D, 0x70, 0x77, 0x78, 0x56, 0xC1, 0x77, 0x79, 0xA8,
    0xC6, 0x6A, 0x28, 0x75, 0x2E, 0x27, 0x11, 0x3E, 0xFE, 0xD4, 0xE8, 0x4E, 0xD9, 0x61, 0x38, 0xA5,
    0x90, 0x9B, 0xA6, 0xDA, 0xEF, 0x77, 0xFE, 0xEA, 0x66, 0xB4, 0x9C, 0xF6, 0xE8, 0x22, 0x3C, 0xC9,
    0x69, 0x8A, 0x50, 0x0D, 0xF5, 0xDF, 0x21, 0x9B, 0x43, 0x5A, 0xD9, 0xA3, 0xFB, 0x81, 0xA4, 0xF2,
    0x91, 0xA4, 0x32, 0xD5, 0x96, 0xB4, 0xF2, 0x0F, 0x00, 0xA5, 0xD0, 0x01, 0xA6, 0x1D, 0x31, 0x14,
    0xC6, 0xF1, 0x7F, 0xEE, 0x70, 0x2F, 0x1D, 0x04, 0x5C, 0x4A, 0x11, 0x00, 0x0A, 0xB3, 0x84, 0x04,
    0x28, 0x40, 0x77, 0xF2, 0x56, 0xD0, 0x26, 0x4B, 0xE8, 0x12, 0x8A, 0xBB, 0x8C, 0x37, 0x4D, 0x96,
    0x90, 0xB7, 0x83, 0x41, 0x15, 0x40, 0x10, 0xA4, 0xE4, 0xCD, 0xE9, 0x8C, 0xD1, 0xE7, 0xBE, 0x52,
    0x68, 0x99, 0x1F, 0xE7, 0x7C, 0x73, 0x72, 0x48, 0xCE, 0x37, 0x18, 0x04, 0xF0, 0x19, 0x74, 0x81,
    0xA1, 0xC3, 0xC7, 0x95, 0x51, 0x3C, 0x56, 0xC4, 0xF9, 0x24, 0x21, 0x62, 0x93, 0xDC, 0xD9, 0xFA,
    0xE0, 0x9D, 0x77, 0xF6, 0x87, 0xA0, 0xA5, 0xA3, 0x62, 0x86, 0xF7, 0x5F, 0xC1, 0x57, 0x88, 0x0D,
    0xF6, 0x6C, 0x7D, 0xE6, 0xD4, 0x57, 0x86, 0x2E, 0x0C, 0x2D, 0x72, 0xA9, 0xDE, 0x8D, 0xC5, 0x06,
    0x5D, 0x6C, 0xD2, 0xCB, 0x94, 0x4C, 0x36, 0x79, 0xDA, 0xAA, 0xAD, 0x2B, 0x56, 0xE4, 0x05, 0x40,
    0x14, 0x09, 0x2F, 0xB0, 0xFF, 0xE4, 0xCA, 0x15, 0x8E, 0x5D, 0xEE, 0x37, 0x9F, 0x60, 0x5A, 0x40,
    0xD7, 0xE3, 0x9A, 0x4A, 0x80, 0x18, 0xC0, 0x66, 0x30, 0xFB, 0x8F, 0xE5, 0xA8, 0xB7, 0x4C, 0xC9,
    0x31, 0xA3, 0xEB, 0x71, 0xC6, 0xA7, 0x3F, 0x76, 0xDD, 0x01, 0x6E, 0xA0, 0x1A, 0x0C, 0x75, 0x53,
    0xE0, 0xB2, 0xC4, 0x34, 0xE6, 0x98, 0x74, 0x8A, 0x59, 0xA7, 0x4B, 0x99, 0xC2, 0x50, 0xAC, 0x1B,
    0xAA, 0xE5, 0xD4, 0x3E, 0xA3, 0xFA, 0x0C, 0xBD, 0xC3, 0xBC, 0xF1, 0x15, 0x6C, 0x61, 0x37, 0x2E,
    0x26, 0xD8, 0xEE, 0x8B, 0x5F, 0xA5, 0xCE, 0xE6, 0xA9, 0x3D, 0xEA, 0xD4, 0x66, 0xFD, 0xD4, 0xF6,
    0xDE, 0x56, 0x29, 0x63, 0x9E, 0x02, 0x27, 0x59, 0xD0, 0x1B, 0xB3, 0x99, 0x12, 0xFF, 0xCD, 0x26,
    0xBC, 0xEC, 0x1C, 0xFE, 0x19, 0xD4, 0x4D, 0x39, 0xBD, 0x0E, 0x65, 0x12, 0x59, 0xEC, 0x07, 0x49,
    0x6F, 0xF8, 0x06, 0xFC, 0x2D, 0x9F, 0x41, 0x75, 0x5E, 0xBD, 0x85, 0x71, 0x60, 0x81, 0x4F, 0xBC,
    0xCA, 0xC7, 0x0C, 0x3A, 0xC1, 0xD5, 0x01, 0xBC, 0xE5, 0xDC, 0x89, 0xDD, 0xC8, 0x77, 0xF9, 0x89,
    0x38, 0x64, 0x21, 0x4A, 0x38, 0x4B, 0xC7, 0x74, 0x78, 0x04, 0x44, 0xFA, 0xF1, 0x7D, 0x81, 0xD5,
    0x21, 0x8D, 0x07, 0xC9, 0x2A, 0x76, 0x2E, 0x9D, 0x87, 0xFE, 0x4E, 0x9A, 0xAC, 0x4E, 0x32, 0x0D,
    0xEE, 0x87, 0x7F, 0x01, 0x63, 0xFC, 0xCF, 0x7F, 0x81, 0xFB, 0xBF, 0xFE, 0x03, 0xFE, 0x5F, 0x40,
    0xFC, 0x80, 0xFF, 0x00, 0xFF, 0x03, 0x06, 0x06, 0xFB, 0xFF, 0xFF, 0x2F, 0x80, 0xF1, 0xAF, 0xFD,
    0x17, 0xF8, 0x1F, 0xC8, 0x13, 0x85, 0x19, 0xFF, 0xC7, 0x5F, 0xE0, 0x06, 0x62, 0xFE, 0x5F, 0x08,
    0x31, 0x7B, 0x20, 0x1F, 0x8C, 0xE1, 0x62, 0x84, 0x31, 0x00,
};

static const EpdGlyph notosans_12_boldGlyphs[] = {
    { 0, 0, 240, 0, 0, 0, 0 }, // U+0020
    { 5, 17, 240, 5, 17, 22, 0 }, // !
    { 9, 8, 240, 3, 18, 18, 22 }, // "
    { 15, 17, 240, 0, 17, 64, 40 }, // #
    { 15, 23, 240, 0, 20, 87, 104 }, // $
    { 15, 17, 240, 0, 17, 64, 191 }, // %
    { 15, 17, 240, 0, 17, 64, 255 }, // &
    { 5, 8, 240, 5, 18, 10, 319 }, // '
    { 10, 22, 240, 4, 19, 55, 329 }, // (
    { 10, 22, 240, 1, 19, 55, 384 }, // )
    { 15, 13, 240, 0, 14, 49, 439 }, // *
    { 13, 12, 240, 1, 14, 39, 488 }, // +
    { 7, 8, 240, 4, 4, 14, 527 }, // ,
    { 9, 4, 240, 3, 10, 9, 541 }, // -
    { 5, 4, 240, 5, 4, 5, 550 }, // .
    { 13, 22, 240, 1, 19, 72, 555 }, // /
    { 15, 17, 240, 0, 17, 64, 627 }, // 0
    { 15, 17, 240, 0, 17, 64, 691 }, // 1
    { 14, 17, 240, 0, 17, 60, 755 }, // 2
    { 14, 17, 240, 0, 17, 60, 815 }, // 3
    { 15, 17, 240, 0, 17, 64, 875 }, // 4
    { 14, 17, 240, 1, 17, 60, 939 }, // 5
    { 15, 17, 240, 0, 17, 64, 999 }, // 6
    { 13, 17, 240, 1, 17, 56, 1063 }, // 7
    { 15, 17, 240, 0, 17, 64, 1119 }, // 8
    { 15, 17, 240, 0, 17, 64, 1183 }, // 9
    { 5, 12, 240, 5, 12, 15, 1247 }, // :
    { 7, 16, 240, 4, 12, 28, 1262 }, // ;
    { 11, 16, 240, 2, 16, 44, 1290 }, // <
    { 13, 9, 240, 1, 12, 30, 1334 }, // =
    { 11, 16, 240, 2, 16, 44, 1364 }, // >
    { 13, 17, 240, 1, 17, 56, 1408 }, // ?
    { 14, 20, 240, 0, 17, 70, 1464 }, // @
    { 15, 17, 240, 0, 17, 64, 1534 }, // A
    { 13, 17, 240, 1, 17, 56, 1598 }, // B
    { 14, 17, 240, 1, 17, 60, 1654 }, // C
    { 14, 17, 240, 1, 17, 60, 1714 }, // D
    { 12, 17, 240, 2, 17, 51, 1774 }, // E
    { 12, 17, 240, 2, 17, 51, 1825 }, // F
    { 14, 17, 240, 0, 17, 60, 1876 }, // G
    { 13, 17, 240, 1, 17, 56, 1936 }, // H
    { 13, 17, 240, 1, 17, 56, 1992 }, // I
    { 13, 17, 240, 0, 17, 56, 2048 }, // J
    { 15, 17, 240, 1, 17, 64, 2104 }, // K
    { 12, 17, 240, 2, 17, 51, 2168 }, // L
    { 15, 17, 240, 0, 17, 64, 2219 }, // M
    { 13, 17, 240, 1, 17, 56, 2283 }, // N
    { 15, 17, 240, 0, 17, 64, 2339 }, // O
    { 13, 17, 240, 1, 17, 56, 2403 }, // P
    { 17, 18, 240, 0, 17, 77, 2459 }, // Q
    { 14, 17, 240, 1, 17, 60, 2536 }, // R
    { 14, 17, 240, 0, 17, 60, 2596 }, // S
    { 15, 17, 240, 0, 17, 64, 2656 }, // T
    { 13, 17, 240, 1, 17, 56, 2720 }, // U
    { 15, 17, 240, 0, 17, 64, 2776 }, // V
    { 15, 17, 240, 0, 17, 64, 2840 }, // W
    { 15, 17, 240, 0, 17, 64, 2904 }, // X
    { 15, 17, 240, 0, 17, 64, 2968 }, // Y
    { 13, 17, 240, 1, 17, 56, 3032 }, // Z
    { 9, 22, 240, 4, 19, 50, 3088 }, // [
    { 13, 22, 240, 1, 19, 72, 3138 }, // <backslash>
    { 9, 22, 240, 2, 19, 50, 3210 }, // ]
    { 15, 11, 240, 0, 17, 42, 3260 }, // ^
    { 13, 3, 240, 1, -2, 10, 3302 }, // _
    { 7, 7, 240, 3, 21, 13, 3312 }, // `
    { 14, 13, 240, 1, 13, 46, 3325 }, // a
    { 14, 18, 240, 1, 18, 63, 3371 }, // b
    { 13, 13, 240, 1, 13, 43, 3434 }, // c
    { 14, 18, 240, 0, 18, 63, 3477 }, // d
    { 13, 13, 240, 1, 13, 43, 3540 }, // e
    { 13, 18, 240, 1, 18, 59, 3583 }, // f
    { 14, 18, 240, 0, 13, 63, 3642 }, // g
    { 13, 18, 240, 1, 18, 59, 3705 }, // h
    { 12, 18, 240, 2, 18, 54, 3764 }, // i
    { 10, 23, 248, 2, 18, 58, 3818 }, // j
    { 14, 18, 240, 1, 18, 63, 3876 }, // k
    { 13, 18, 240, 1, 18, 59, 3939 }, // l
    { 15, 13, 240, 0, 13, 49, 3998 }, // m
    { 13, 13, 240, 1, 13, 43, 4047 }, // n
    { 13, 13, 240, 1, 13, 43, 4090 }, // o
    { 14, 18, 240, 1, 13, 63, 4133 }, // p
    { 14, 18, 240, 0, 13, 63, 4196 }, // q
    { 14, 13, 240, 1, 13, 46, 4259 }, // r
    { 13, 13, 240, 1, 13, 43, 4305 }, // s
    { 13, 17, 240, 1, 17, 56, 4348 }, // t
    { 13, 13, 240, 1, 13, 43, 4404 }, // u
    { 15, 13, 240, 0, 13, 49, 4447 }, // v
    { 15, 13, 240, 0, 13, 49, 4496 }, // w
    { 15, 13, 240, 0, 13, 49, 4545 }, // x
    { 15, 18, 240, 0, 13, 68, 4594 }, // y
    { 13, 13, 240, 1, 13, 43, 4662 }, // z
    { 11, 22, 240, 2, 19, 61, 4705 }, // {
    { 5, 22, 240, 5, 19, 28, 4766 }, // |
    { 11, 22, 240, 2, 19, 61, 4794 }, // }
    { 15, 5, 240, 0, 10, 19, 4855 }, // ~
    { 0, 0, 240, 0, 0, 0, 0 }, // U+00A0
    { 5, 18, 240, 5, 13, 23, 0 }, // U+00A1
    { 13, 18, 240, 1, 15, 59, 23 }, // U+00A2
    { 13, 17, 240, 1, 17, 56, 82 }, // U+00A3
    { 15, 17, 240, 0, 17, 64, 138 }, // U+00A5
    { 5, 22, 240, 5, 19, 28, 202 }, // U+00A6
    { 13, 22, 240, 1, 17, 72, 230 }, // U+00A7
    { 11, 4, 240, 2, 18, 11, 302 }, // U+00A8
    { 15, 17, 240, 0, 17, 64, 313 }, // U+00A9
    { 10, 10, 240, 3, 18, 25, 377 }, // U+00AA
    { 13, 13, 240, 1, 13, 43, 402 }, // U+00AB
    { 13, 8, 240, 1, 9, 26, 445 }, // U+00AC
    { 9, 4, 240, 3, 10, 9, 471 }, // U+00AD
    { 11, 9, 240, 2, 18, 25, 480 }, // U+00AE
    { 9, 3, 240, 3, 18, 7, 505 }, // U+00AF
    { 11, 10, 240, 2, 18, 28, 512 }, // U+00B0
    { 13, 16, 240, 1, 16, 52, 540 }, // U+00B1
    { 9, 9, 240, 3, 17, 21, 592 }, // U+00B2
    { 9, 9, 240, 3, 17, 21, 613 }, // U+00B3
    { 7, 7, 240, 5, 21, 13, 634 }, // U+00B4
    { 13, 18, 240, 1, 13, 59, 647 }, // U+00B5
    { 14, 21, 240, 0, 17, 74, 706 }, // U+00B6
    { 5, 4, 240, 5, 9, 5, 780 }, // U+00B7
    { 8, 6, 240, 4, 1, 12, 785 }, // U+00B8
    { 8, 9, 240, 4, 17, 18, 797 }, // U+00B9
    { 11, 10, 240, 2, 18, 28, 815 }, // U+00BA
    { 13, 13, 240, 1, 13, 43, 843 }, // U+00BB
    { 15, 17, 240, 0, 17, 64, 886 }, // U+00BC
    { 15, 17, 240, 0, 17, 64, 950 }, // U+00BD
    { 15, 17, 240, 0, 17, 64, 1014 }, // U+00BE
    { 13, 18, 240, 1, 13, 59, 1078 }, // U+00BF
    { 15, 25, 240, 0, 25, 94, 1137 }, // U+00C0
    { 15, 26, 240, 0, 26, 98, 1231 }, // U+00C1
    { 15, 24, 240, 0, 24, 90, 1329 }, // U+00C2
    { 15, 23, 240, 0, 23, 87, 1419 }, // U+00C3
    { 15, 22, 240, 0, 22, 83, 1506 }, // U+00C4
    { 15, 25, 240, 0, 25, 94, 1589 }, // U+00C5
    { 16, 17, 240, -1, 17, 68, 1683 }, // U+00C6
    { 14, 22, 240, 1, 17, 77, 1751 }, // U+00C7
    { 12, 25, 240, 2, 25, 75, 1828 }, // U+00C8
    { 12, 26, 240, 2, 26, 78, 1903 }, // U+00C9
    { 12, 24, 240, 2, 24, 72, 1981 }, // U+00CA
    { 12, 22, 240, 2, 22, 66, 2053 }, // U+00CB
    { 13, 25, 240, 1, 25, 82, 2119 }, // U+00CC
    { 13, 26, 240, 1, 26, 85, 2201 }, // U+00CD
    { 13, 24, 240, 1, 24, 78, 2286 }, // U+00CE
    { 13, 22, 240, 1, 22, 72, 2364 }, // U+00CF
    { 15, 17, 240, 0, 17, 64, 2436 }, // U+00D0
    { 13, 23, 240, 1, 23, 75, 2500 }, // U+00D1
    { 15, 25, 240, 0, 25, 94, 2575 }, // U+00D2
    { 15, 26, 240, 0, 26, 98, 2669 }, // U+00D3
    { 15, 24, 240, 0, 24, 90, 2767 }, // U+00D4
    { 15, 23, 240, 0, 23, 87, 2857 }, // U+00D5
    { 15, 22, 240, 0, 22, 83, 2944 }, // U+00D6
    { 13, 13, 240, 1, 14, 43, 3027 }, // U+00D7
    { 15, 21, 240, 0, 19, 79, 3070 }, // U+00D8
    { 13, 25, 240, 1, 25, 82, 3149 }, // U+00D9
    { 13, 26, 240, 1, 26, 85, 3231 }, // U+00DA
    { 13, 24, 240, 1, 24, 78, 3316 }, // U+00DB
    { 13, 22, 240, 1, 22, 72, 3394 }, // U+00DC
    { 15, 26, 240, 0, 26, 98, 3466 }, // U+00DD
    { 13, 17, 240, 1, 17, 56, 3564 }, // U+00DE
    { 15, 18, 240, 0, 18, 68, 3620 }, // U+00DF
    { 14, 21, 240, 1, 21, 74, 3688 }, // U+00E0
    { 14, 21, 240, 1, 21, 74, 3762 }, // U+00E1
    { 14, 19, 240, 1, 19, 67, 3836 }, // U+00E2
    { 14, 19, 240, 1, 19, 67, 3903 }, // U+00E3
    { 14, 18, 240, 1, 18, 63, 3970 }, // U+00E4
    { 14, 21, 240, 1, 21, 74, 4033 }, // U+00E5
    { 15, 13, 240, 0, 13, 49, 4107 }, // U+00E6
    { 13, 18, 240, 1, 13, 59, 4156 }, // U+00E7
    { 13, 21, 240, 1, 21, 69, 4215 }, // U+00E8
    { 13, 21, 240, 1, 21, 69, 4284 }, // U+00E9
    { 13, 19, 240, 1, 19, 62, 4353 }, // U+00EA
    { 13, 18, 240, 1, 18, 59, 4415 }, // U+00EB
    { 12, 21, 240, 2, 21, 63, 4474 }, // U+00EC
    { 12, 21, 240, 2, 21, 63, 4537 }, // U+00ED
    { 12, 19, 240, 2, 19, 57, 4600 }, // U+00EE
    { 12, 18, 240, 2, 18, 54, 4657 }, // U+00EF
    { 14, 19, 240, 1, 19, 67, 4711 }, // U+00F0
    { 13, 19, 240, 1, 19, 62, 4778 }, // U+00F1
    { 13, 21, 240, 1, 21, 69, 4840 }, // U+00F2
    { 13, 21, 240, 1, 21, 69, 4909 }, // U+00F3
    { 13, 19, 240, 1, 19, 62, 4978 }, // U+00F4
    { 13, 19, 240, 1, 19, 62, 5040 }, // U+00F5
    { 13, 18, 240, 1, 18, 59, 5102 }, // U+00F6
    { 13, 14, 240, 1, 15, 46, 5161 }, // U+00F7
    { 15, 17, 240, 0, 15, 64, 5207 }, // U+00F8
    { 13, 21, 240, 1, 21, 69, 5271 }, // U+00F9
    { 13, 21, 240, 1, 21, 69, 5340 }, // U+00FA
    { 13, 19, 240, 1, 19, 62, 5409 }, // U+00FB
    { 13, 18, 240, 1, 18, 59, 5471 }, // U+00FC
    { 15, 26, 240, 0, 21, 98, 5530 }, // U+00FD
    { 14, 23, 240, 1, 18, 81, 5628 }, // U+00FE
    { 15, 23, 240, 0, 18, 87, 5709 }, // U+00FF
    { 15, 22, 240, 0, 22, 83, 0 }, // U+0100
    { 14, 18, 240, 1, 18, 63, 83 }, // U+0101
    { 15, 24, 240, 0, 24, 90, 146 }, // U+0102
    { 14, 20, 240, 1, 20, 70, 236 }, // U+0103
    { 16, 22, 240, 0, 17, 88, 306 }, // U+0104
    { 15, 18, 240, 1, 13, 68, 394 }, // U+0105
    { 14, 26, 240, 1, 26, 91, 462 }, // U+0106
    { 13, 21, 240, 1, 21, 69, 553 }, // U+0107
    { 14, 24, 240, 1, 24, 84, 622 }, // U+0108
    { 13, 19, 240, 1, 19, 62, 706 }, // U+0109
    { 14, 22, 240, 1, 22, 77, 768 }, // U+010A
    { 13, 18, 240, 1, 18, 59, 845 }, // U+010B
    { 14, 24, 240, 1, 24, 84, 904 }, // U+010C
    { 13, 20, 240, 1, 20, 65, 988 }, // U+010D
    { 14, 24, 240, 1, 24, 84, 1053 }, // U+010E
    { 16, 18, 240, 0, 18, 72, 1137 }, // U+010F
    { 15, 17, 240, 0, 17, 64, 1209 }, // U+0110
    { 15, 18, 240, 0, 18, 68, 1273 }, // U+0111
    { 12, 22, 240, 2, 22, 66, 1341 }, // U+0112
    { 13, 18, 240, 1, 18, 59, 1407 }, // U+0113
    { 12, 24, 240, 2, 24, 72, 1466 }, // U+0114
    { 13, 20, 240, 1, 20, 65, 1538 }, // U+0115
    { 12, 22, 240, 2, 22, 66, 1603 }, // U+0116
    { 13, 18, 240, 1, 18, 59, 1669 }, // U+0117
    { 12, 22, 240, 2, 17, 66, 1728 }, // U+0118
    { 13, 18, 240, 1, 13, 59, 1794 }, // U+0119
    { 12, 24, 240, 2, 24, 72, 1853 }, // U+011A
    { 13, 20, 240, 1, 20, 65, 1925 }, // U+011B
    { 14, 24, 240, 0, 24, 84, 1990 }, // U+011C
    { 14, 24, 240, 0, 19, 84, 2074 }, // U+011D
    { 14, 24, 240, 0, 24, 84, 2158 }, // U+011E
    { 14, 25, 240, 0, 20, 88, 2242 }, // U+011F
    { 14, 22, 240, 0, 22, 77, 2330 }, // U+0120
    { 14, 23, 240, 0, 18, 81, 2407 }, // U+0121
    { 14, 24, 240, 0, 17, 84, 2488 }, // U+0122
    { 14, 24, 240, 0, 19, 84, 2572 }, // U+0123
    { 13, 24, 240, 1, 24, 78, 2656 }, // U+0124
    { 16, 24, 240, -2, 24, 96, 2734 }, // U+0125
    { 15, 17, 240, 0, 17, 64, 2830 }, // U+0126
    { 14, 18, 240, 0, 18, 63, 2894 }, // U+0127
    { 13, 23, 240, 1, 23, 75, 2957 }, // U+0128
    { 12, 19, 240, 2, 19, 57, 3032 }, // U+0129
    { 13, 22, 240, 1, 22, 72, 3089 }, // U+012A
    { 12, 18, 240, 2, 18, 54, 3161 }, // U+012B
    { 13, 24, 240, 1, 24, 78, 3215 }, // U+012C
    { 12, 20, 240, 2, 20, 60, 3293 }, // U+012D
    { 13, 22, 240, 1, 17, 72, 3353 }, // U+012E
    { 13, 23, 240, 2, 18, 75, 3425 }, // U+012F
    { 13, 22, 240, 1, 22, 72, 3500 }, // U+0130
    { 12, 13, 240, 2, 13, 39, 3572 }, // U+0131
    { 13, 17, 240, 1, 17, 56, 3611 }, // U+0132
    { 13, 24, 240, 1, 19, 78, 3667 }, // U+0133
    { 13, 24, 240, 0, 24, 78, 3745 }, // U+0134
    { 12, 24, 240, 2, 19, 72, 3823 }, // U+0135
    { 15, 24, 240, 1, 17, 90, 3895 }, // U+0136
    { 14, 25, 240, 1, 18, 88, 3985 }, // U+0137
    { 14, 13, 240, 1, 13, 46, 4073 }, // U+0138
    { 12, 26, 240, 2, 26, 78, 4119 }, // U+0139
    { 13, 26, 240, 1, 26, 85, 4197 }, // U+013A
    { 12, 24, 240, 2, 17, 72, 4282 }, // U+013B
    { 13, 25, 240, 1, 18, 82, 4354 }, // U+013C
    { 12, 18, 240, 2, 18, 54, 4436 }, // U+013D
    { 14, 18, 240, 1, 18, 63, 4490 }, // U+013E
    { 12, 17, 240, 2, 17, 51, 4553 }, // U+013F
    { 14, 18, 240, 1, 18, 63, 4604 }, // U+0140
    { 14, 17, 240, 0, 17, 60, 4667 }, // U+0141
    { 13, 18, 240, 1, 18, 59, 4727 }, // U+0142
    { 13, 26, 240, 1, 26, 85, 4786 }, // U+0143
    { 13, 21, 240, 1, 21, 69, 4871 }, // U+0144
    { 13, 24, 240, 1, 17, 78, 4940 }, // U+0145
    { 13, 20, 240, 1, 13, 65, 5018 }, // U+0146
    { 13, 24, 240, 1, 24, 78, 5083 }, // U+0147
    { 13, 20, 240, 1, 20, 65, 5161 }, // U+0148
    { 14, 18, 240, 0, 18, 63, 5226 }, // U+0149
    { 13, 22, 240, 1, 17, 72, 5289 }, // U+014A
    { 13, 18, 240, 1, 13, 59, 5361 }, // U+014B
    { 15, 22, 240, 0, 22, 83, 5420 }, // U+014C
    { 13, 18, 240, 1, 18, 59, 5503 }, // U+014D
    { 15, 24, 240, 0, 24, 90, 5562 }, // U+014E
    { 13, 20, 240, 1, 20, 65, 5652 }, // U+014F
    { 15, 25, 240, 0, 25, 94, 5717 }, // U+0150
    { 13, 21, 240, 1, 21, 69, 5811 }, // U+0151
    { 15, 17, 240, 0, 17, 64, 5880 }, // U+0152
    { 15, 13, 240, 0, 13, 49, 5944 }, // U+0153
    { 14, 26, 240, 1, 26, 91, 5993 }, // U+0154
    { 14, 21, 240, 1, 21, 74, 6084 }, // U+0155
    { 14, 24, 240, 1, 17, 84, 6158 }, // U+0156
    { 14, 20, 240, 1, 13, 70, 6242 }, // U+0157
    { 14, 24, 240, 1, 24, 84, 6312 }, // U+0158
    { 14, 20, 240, 1, 20, 70, 6396 }, // U+0159
    { 14, 26, 240, 0, 26, 91, 6466 }, // U+015A
    { 13, 21, 240, 1, 21, 69, 6557 }, // U+015B
    { 14, 24, 240, 0, 24, 84, 6626 }, // U+015C
    { 13, 19, 240, 1, 19, 62, 6710 }, // U+015D
    { 14, 22, 240, 0, 17, 77, 6772 }, // U+015E
    { 13, 18, 240, 1, 13, 59, 6849 }, // U+015F
    { 14, 24, 240, 0, 24, 84, 6908 }, // U+0160
    { 13, 20, 240, 1, 20, 65, 6992 }, // U+0161
    { 15, 24, 240, 0, 17, 90, 7057 }, // U+0162
    { 13, 24, 240, 1, 17, 78, 7147 }, // U+0163
    { 15, 24, 240, 0, 24, 90, 7225 }, // U+0164
    { 13, 19, 240, 1, 19, 62, 7315 }, // U+0165
    { 15, 17, 240, 0, 17, 64, 7377 }, // U+0166
    { 13, 17, 240, 1, 17, 56, 7441 }, // U+0167
    { 13, 23, 240, 1, 23, 75, 7497 }, // U+0168
    { 13, 19, 240, 1, 19, 62, 7572 }, // U+0169
    { 13, 22, 240, 1, 22, 72, 7634 }, // U+016A
    { 13, 18, 240, 1, 18, 59, 7706 }, // U+016B
    { 13, 24, 240, 1, 24, 78, 7765 }, // U+016C
    { 13, 20, 240, 1, 20, 65, 7843 }, // U+016D
    { 13, 25, 240, 1, 25, 82, 7908 }, // U+016E
    { 13, 21, 240, 1, 21, 69, 7990 }, // U+016F
    { 13, 25, 240, 1, 25, 82, 8059 }, // U+0170
    { 13, 21, 240, 1, 21, 69, 8141 }, // U+0171
    { 13, 22, 240, 1, 17, 72, 8210 }, // U+0172
    { 14, 18, 240, 1, 13, 63, 8282 }, // U+0173
    { 15, 24, 240, 0, 24, 90, 8345 }, // U+0174
    { 15, 19, 240, 0, 19, 72, 8435 }, // U+0175
    { 15, 24, 240, 0, 24, 90, 8507 }, // U+0176
    { 15, 24, 240, 0, 19, 90, 8597 }, // U+0177
    { 15, 22, 240, 0, 22, 83, 8687 }, // U+0178
    { 13, 26, 240, 1, 26, 85, 8770 }, // U+0179
    { 13, 21, 240, 1, 21, 69, 8855 }, // U+017A
    { 13, 22, 240, 1, 22, 72, 8924 }, // U+017B
    { 13, 18, 240, 1, 18, 59, 8996 }, // U+017C
    { 13, 24, 240, 1, 24, 78, 9055 }, // U+017D
    { 13, 20, 240, 1, 20, 65, 9133 }, // U+017E
    { 15, 21, 240, 0, 21, 79, 0 }, // U+01A0
    { 14, 16, 240, 1, 16, 56, 79 }, // U+01A1
    { 14, 21, 240, 1, 21, 74, 135 }, // U+01AF
    { 14, 16, 240, 1, 16, 56, 209 }, // U+01B0
    { 15, 29, 240, 0, 29, 109, 265 }, // U+01FA
    { 14, 25, 240, 1, 25, 88, 374 }, // U+01FB
    { 16, 26, 240, -1, 26, 104, 462 }, // U+01FC
    { 15, 21, 240, 0, 21, 79, 566 }, // U+01FD
    { 15, 28, 240, 0, 26, 105, 645 }, // U+01FE
    { 15, 23, 240, 0, 21, 87, 750 }, // U+01FF
    { 14, 24, 240, 0, 17, 84, 837 }, // U+0218
    { 13, 20, 240, 1, 13, 65, 921 }, // U+0219
    { 15, 24, 240, 0, 17, 90, 986 }, // U+021A
    { 13, 24, 240, 1, 17, 78, 1076 }, // U+021B
    { 6, 7, 0, -4, 21, 11, 0 }, // U+0300
    { 7, 7, 0, -2, 21, 13, 11 }, // U+0301
    { 10, 6, 0, -5, 19, 15, 24 }, // U+0302
    { 10, 4, 0, -5, 19, 10, 39 }, // U+0303
    { 8, 3, 0, -4, 18, 6, 49 }, // U+0304
    { 10, 6, 0, -5, 20, 15, 55 }, // U+0306
    { 5, 4, 0, -2, 18, 5, 70 }, // U+0307
    { 10, 4, 0, -5, 18, 10, 75 }, // U+0308
    { 7, 7, 0, -3, 20, 13, 85 }, // U+0309
    { 8, 7, 0, -4, 21, 14, 98 }, // U+030A
    { 12, 7, 0, -5, 21, 21, 112 }, // U+030B
    { 10, 6, 0, -5, 20, 15, 133 }, // U+030C
    { 5, 5, 0, -2, 19, 7, 148 }, // U+0312
    { 5, 5, 0, 0, 18, 7, 155 }, // U+0315
    { 8, 5, 0, -4, 16, 10, 162 }, // U+031B
    { 5, 4, 0, -2, -2, 5, 172 }, // U+0323
    { 5, 5, 0, -3, -2, 7, 177 }, // U+0326
    { 7, 6, 0, -3, 1, 11, 184 }, // U+0327
    { 7, 6, 0, -6, 1, 11, 195 }, // U+0328
    { 12, 25, 240, 2, 25, 75, 0 }, // U+0400
    { 12, 22, 240, 2, 22, 66, 75 }, // U+0401
    { 15, 22, 240, 0, 17, 83, 141 }, // U+0402
    { 12, 26, 240, 2, 26, 78, 224 }, // U+0403
    { 15, 17, 240, 0, 17, 64, 302 }, // U+0404
    { 14, 17, 240, 0, 17, 60, 366 }, // U+0405
    { 13, 17, 240, 1, 17, 56, 426 }, // U+0406
    { 13, 22, 240, 1, 22, 72, 482 }, // U+0407
    { 13, 17, 240, 0, 17, 56, 554 }, // U+0408
    { 16, 17, 240, -1, 17, 68, 610 }, // U+0409
    { 15, 17, 240, 0, 17, 64, 678 }, // U+040A
    { 15, 17, 240, 0, 17, 64, 742 }, // U+040B
    { 14, 26, 240, 1, 26, 91, 806 }, // U+040C
    { 13, 25, 240, 1, 25, 82, 897 }, // U+040D
    { 15, 24, 240, 0, 24, 90, 979 }, // U+040E
    { 13, 21, 240, 1, 17, 69, 1069 }, // U+040F
    { 15, 17, 240, 0, 17, 64, 1138 }, // U+0410
    { 14, 17, 240, 1, 17, 60, 1202 }, // U+0411
    { 13, 17, 240, 1, 17, 56, 1262 }, // U+0412
    { 12, 17, 240, 2, 17, 51, 1318 }, // U+0413
    { 15, 22, 240, 0, 17, 83, 1369 }, // U+0414
    { 12, 17, 240, 2, 17, 51, 1452 }, // U+0415
    { 15, 17, 240, 0, 17, 64, 1503 }, // U+0416
    { 14, 17, 240, 0, 17, 60, 1567 }, // U+0417
    { 13, 17, 240, 1, 17, 56, 1627 }, // U+0418
    { 13, 24, 240, 1, 24, 78, 1683 }, // U+0419
    { 14, 17, 240, 1, 17, 60, 1761 }, // U+041A
    { 14, 17, 240, 0, 17, 60, 1821 }, // U+041B
    { 15, 17, 240, 0, 17, 64, 1881 }, // U+041C
    { 13, 17, 240, 1, 17, 56, 1945 }, // U+041D
    { 15, 17, 240, 0, 17, 64, 2001 }, // U+041E
    { 13, 17, 240, 1, 17, 56, 2065 }, // U+041F
    { 13, 17, 240, 1, 17, 56, 2121 }, // U+0420
    { 14, 17, 240, 1, 17, 60, 2177 }, // U+0421
    { 15, 17, 240, 0, 17, 64, 2237 }, // U+0422
    { 15, 17, 240, 0, 17, 64, 2301 }, // U+0423
    { 15, 19, 240, 0, 18, 72, 2365 }, // U+0424
    { 15, 17, 240, 0, 17, 64, 2437 }, // U+0425
    { 14, 22, 240, 1, 17, 77, 2501 }, // U+0426
    { 14, 17, 240, 0, 17, 60, 2578 }, // U+0427
    { 15, 17, 240, 0, 17, 64, 2638 }, // U+0428
    { 15, 21, 240, 0, 17, 79, 2702 }, // U+0429
    { 15, 17, 240, 0, 17, 64, 2781 }, // U+042A
    { 15, 17, 240, 0, 17, 64, 2845 }, // U+042B
    { 14, 17, 240, 1, 17, 60, 2909 }, // U+042C
    { 15, 17, 240, 0, 17, 64, 2969 }, // U+042D
    { 15, 17, 240, 0, 17, 64, 3033 }, // U+042E
    { 14, 17, 240, 0, 17, 60, 3097 }, // U+042F
    { 14, 13, 240, 1, 13, 46, 3157 }, // U+0430
    { 13, 18, 240, 1, 18, 59, 3203 }, // U+0431
    { 12, 13, 240, 2, 13, 39, 3262 }, // U+0432
    { 10, 13, 240, 3, 13, 33, 3301 }, // U+0433
    { 15, 17, 240, 0, 13, 64, 3334 }, // U+0434
    { 13, 13, 240, 1, 13, 43, 3398 }, // U+0435
    { 15, 13, 240, 0, 13, 49, 3441 }, // U+0436
    { 13, 13, 240, 1, 13, 43, 3490 }, // U+0437
    { 13, 13, 240, 1, 13, 43, 3533 }, // U+0438
    { 13, 20, 240, 1, 20, 65, 3576 }, // U+0439
    { 13, 13, 240, 1, 13, 43, 3641 }, // U+043A
    { 14, 13, 240, 0, 13, 46, 3684 }, // U+043B
    { 13, 13, 240, 1, 13, 43, 3730 }, // U+043C
    { 13, 13, 240, 1, 13, 43, 3773 }, // U+043D
    { 13, 13, 240, 1, 13, 43, 3816 }, // U+043E
    { 13, 13, 240, 1, 13, 43, 3859 }, // U+043F
    { 14, 18, 240, 1, 13, 63, 3902 }, // U+0440
    { 13, 13, 240, 1, 13, 43, 3965 }, // U+0441
    { 13, 13, 240, 1, 13, 43, 4008 }, // U+0442
    { 15, 18, 240, 0, 13, 68, 4051 }, // U+0443
    { 15, 22, 240, 0, 17, 83, 4119 }, // U+0444
    { 15, 13, 240, 0, 13, 49, 4202 }, // U+0445
    { 14, 17, 240, 1, 13, 60, 4251 }, // U+0446
    { 13, 13, 240, 1, 13, 43, 4311 }, // U+0447
    { 15, 13, 240, 0, 13, 49, 4354 }, // U+0448
    { 15, 17, 240, 0, 13, 64, 4403 }, // U+0449
    { 15, 13, 240, 0, 13, 49, 4467 }, // U+044A
    { 15, 13, 240, 0, 13, 49, 4516 }, // U+044B
    { 12, 13, 240, 2, 13, 39, 4565 }, // U+044C
    { 13, 13, 240, 1, 13, 43, 4604 }, // U+044D
    { 15, 13, 240, 0, 13, 49, 4647 }, // U+044E
    { 13, 13, 240, 1, 13, 43, 4696 }, // U+044F
    { 13, 21, 240, 1, 21, 69, 4739 }, // U+0450
    { 13, 18, 240, 1, 18, 59, 4808 }, // U+0451
    { 14, 23, 240, 0, 18, 81, 4867 }, // U+0452
    { 10, 21, 240, 3, 21, 53, 4948 }, // U+0453
    { 13, 13, 240, 1, 13, 43, 5001 }, // U+0454
    { 13, 13, 240, 1, 13, 43, 5044 }, // U+0455
    { 12, 18, 240, 2, 18, 54, 5087 }, // U+0456
    { 12, 18, 240, 2, 18, 54, 5141 }, // U+0457
    { 10, 23, 248, 2, 18, 58, 5195 }, // U+0458
    { 15, 13, 240, 0, 13, 49, 5253 }, // U+0459
    { 15, 13, 240, 0, 13, 49, 5302 }, // U+045A
    { 14, 18, 240, 0, 18, 63, 5351 }, // U+045B
    { 13, 21, 240, 1, 21, 69, 5414 }, // U+045C
    { 13, 21, 240, 1, 21, 69, 5483 }, // U+045D
    { 15, 25, 240, 0, 20, 94, 5552 }, // U+045E
    { 13, 17, 240, 1, 13, 56, 5646 }, // U+045F
    { 15, 17, 240, 0, 17, 64, 5702 }, // U+0472
    { 13, 13, 240, 1, 13, 43, 5766 }, // U+0473
    { 12, 21, 240, 2, 21, 63, 5809 }, // U+0490
    { 10, 16, 240, 3, 16, 40, 5872 }, // U+0491
    { 14, 17, 240, 0, 17, 60, 5912 }, // U+0492
    { 13, 13, 240, 1, 13, 43, 5972 }, // U+0493
    { 14, 22, 240, 1, 17, 77, 6015 }, // U+0494
    { 13, 18, 240, 1, 13, 59, 6092 }, // U+0495
    { 17, 20, 240, -1, 17, 85, 6151 }, // U+0496
    { 16, 16, 240, 0, 13, 64, 6236 }, // U+0497
    { 14, 21, 240, 0, 17, 74, 6300 }, // U+0498
    { 13, 17, 240, 1, 13, 56, 6374 }, // U+0499
    { 14, 21, 240, 1, 17, 74, 6430 }, // U+049A
    { 14, 16, 240, 1, 13, 56, 6504 }, // U+049B
    { 15, 17, 240, 0, 17, 64, 6560 }, // U+049C
    { 15, 13, 240, 0, 13, 49, 6624 }, // U+049D
    { 15, 17, 240, 0, 17, 64, 6673 }, // U+04A0
    { 15, 13, 240, 0, 13, 49, 6737 }, // U+04A1
    { 14, 21, 240, 1, 17, 74, 6786 }, // U+04A2
    { 14, 16, 240, 1, 13, 56, 6860 }, // U+04A3
    { 15, 17, 240, 0, 17, 64, 6916 }, // U+04A4
    { 15, 13, 240, 0, 13, 49, 6980 }, // U+04A5
    { 14, 21, 240, 1, 17, 74, 7029 }, // U+04AA
    { 13, 16, 240, 1, 13, 52, 7103 }, // U+04AB
    { 15, 17, 240, 0, 17, 64, 7155 }, // U+04AE
    { 15, 18, 240, 0, 13, 68, 7219 }, // U+04AF
    { 15, 17, 240, 0, 17, 64, 7287 }, // U+04B0
    { 15, 18, 240, 0, 13, 68, 7351 }, // U+04B1
    { 16, 21, 240, 0, 17, 84, 7419 }, // U+04B2
    { 15, 16, 240, 0, 13, 60, 7503 }, // U+04B3
    { 15, 21, 240, 0, 17, 79, 7563 }, // U+04B6
    { 14, 16, 240, 1, 13, 56, 7642 }, // U+04B7
    { 14, 17, 240, 0, 17, 60, 7698 }, // U+04B8
    { 13, 13, 240, 1, 13, 43, 7758 }, // U+04B9
    { 14, 17, 240, 1, 17, 60, 7801 }, // U+04BA
    { 13, 18, 240, 1, 18, 59, 7861 }, // U+04BB
    { 13, 17, 240, 1, 17, 56, 7920 }, // U+04C0
    { 15, 24, 240, 0, 24, 90, 7976 }, // U+04C1
    { 15, 20, 240, 0, 20, 75, 8066 }, // U+04C2
    { 13, 18, 240, 1, 18, 59, 8141 }, // U+04CF
    { 15, 24, 240, 0, 24, 90, 8200 }, // U+04D0
    { 14, 20, 240, 1, 20, 70, 8290 }, // U+04D1
    { 15, 22, 240, 0, 22, 83, 8360 }, // U+04D2
    { 14, 18, 240, 1, 18, 63, 8443 }, // U+04D3
    { 16, 17, 240, -1, 17, 68, 8506 }, // U+04D4
    { 15, 13, 240, 0, 13, 49, 8574 }, // U+04D5
    { 12, 24, 240, 2, 24, 72, 8623 }, // U+04D6
    { 13, 20, 240, 1, 20, 65, 8695 }, // U+04D7
    { 15, 17, 240, 0, 17, 64, 8760 }, // U+04D8
    { 13, 13, 240, 1, 13, 43, 8824 }, // U+04D9
    { 15, 22, 240, 0, 22, 83, 8867 }, // U+04DC
    { 15, 18, 240, 0, 18, 68, 8950 }, // U+04DD
    { 14, 22, 240, 0, 22, 77, 9018 }, // U+04DE
    { 13, 18, 240, 1, 18, 59, 9095 }, // U+04DF
    { 13, 22, 240, 1, 22, 72, 9154 }, // U+04E2
    { 13, 18, 240, 1, 18, 59, 9226 }, // U+04E3
    { 13, 22, 240, 1, 22, 72, 9285 }, // U+04E4
    { 13, 18, 240, 1, 18, 59, 9357 }, // U+04E5
    { 15, 22, 240, 0, 22, 83, 9416 }, // U+04E6
    { 13, 18, 240, 1, 18, 59, 9499 }, // U+04E7
    { 15, 17, 240, 0, 17, 64, 9558 }, // U+04E8
    { 13, 13, 240, 1, 13, 43, 9622 }, // U+04E9
    { 15, 22, 240, 0, 22, 83, 9665 }, // U+04EE
    { 15, 23, 240, 0, 18, 87, 9748 }, // U+04EF
    { 15, 22, 240, 0, 22, 83, 9835 }, // U+04F0
    { 15, 23, 240, 0, 18, 87, 9918 }, // U+04F1
    { 15, 25, 240, 0, 25, 94, 10005 }, // U+04F2
    { 15, 26, 240, 0, 21, 98, 10099 }, // U+04F3
    { 14, 22, 240, 0, 22, 77, 10197 }, // U+04F4
    { 13, 18, 240, 1, 18, 59, 10274 }, // U+04F5
    { 15, 22, 240, 0, 22, 83, 10333 }, // U+04F8
    { 15, 18, 240, 0, 18, 68, 10416 }, // U+04F9
    { 15, 23, 240, 0, 17, 87, 0 }, // U+1EA0
    { 14, 19, 240, 1, 13, 67, 87 }, // U+1EA1
    { 15, 24, 240, 0, 24, 90, 154 }, // U+1EA2
    { 14, 20, 240, 1, 20, 70, 244 }, // U+1EA3
    { 16, 28, 240, 0, 28, 112, 314 }, // U+1EA4
    { 14, 24, 240, 1, 24, 84, 426 }, // U+1EA5
    { 16, 28, 240, -1, 28, 112, 510 }, // U+1EA6
    { 16, 24, 240, -1, 24, 96, 622 }, // U+1EA7
    { 15, 28, 240, 0, 28, 105, 718 }, // U+1EA8
    { 14, 24, 240, 1, 24, 84, 823 }, // U+1EA9
    { 15, 28, 240, 0, 28, 105, 907 }, // U+1EAA
    { 14, 23, 240, 1, 23, 81, 1012 }, // U+1EAB
    { 15, 30, 240, 0, 24, 113, 1093 }, // U+1EAC
    { 14, 25, 240, 1, 19, 88, 1206 }, // U+1EAD
    { 15, 28, 240, 0, 28, 105, 1294 }, // U+1EAE
    { 14, 24, 240, 1, 24, 84, 1399 }, // U+1EAF
    { 15, 28, 240, 0, 28, 105, 1483 }, // U+1EB0
    { 14, 24, 240, 1, 24, 84, 1588 }, // U+1EB1
    { 15, 28, 240, 0, 28, 105, 1672 }, // U+1EB2
    { 14, 24, 240, 1, 24, 84, 1777 }, // U+1EB3
    { 15, 27, 240, 0, 27, 102, 1861 }, // U+1EB4
    { 14, 23, 240, 1, 23, 81, 1963 }, // U+1EB5
    { 15, 30, 240, 0, 24, 113, 2044 }, // U+1EB6
    { 14, 26, 240, 1, 20, 91, 2157 }, // U+1EB7
    { 12, 23, 240, 2, 17, 69, 2248 }, // U+1EB8
    { 13, 19, 240, 1, 13, 62, 2317 }, // U+1EB9
    { 12, 24, 240, 2, 24, 72, 2379 }, // U+1EBA
    { 13, 20, 240, 1, 20, 65, 2451 }, // U+1EBB
    { 12, 23, 240, 2, 23, 69, 2516 }, // U+1EBC
    { 13, 19, 240, 1, 19, 62, 2585 }, // U+1EBD
    { 14, 28, 240, 2, 28, 98, 2647 }, // U+1EBE
    { 15, 24, 240, 1, 24, 90, 2745 }, // U+1EBF
    { 15, 28, 240, -1, 28, 105, 2835 }, // U+1EC0
    { 15, 24, 240, -1, 24, 90, 2940 }, // U+1EC1
    { 13, 28, 240, 2, 28, 91, 3030 }, // U+1EC2
    { 14, 24, 240, 1, 24, 84, 3121 }, // U+1EC3
    { 12, 28, 240, 2, 28, 84, 3205 }, // U+1EC4
    { 13, 23, 240, 1, 23, 75, 3289 }, // U+1EC5
    { 12, 30, 240, 2, 24, 90, 3364 }, // U+1EC6
    { 13, 25, 240, 1, 19, 82, 3454 }, // U+1EC7
    { 13, 24, 240, 1, 24, 78, 3536 }, // U+1EC8
    { 12, 20, 240, 2, 20, 60, 3614 }, // U+1EC9
    { 13, 23, 240, 1, 17, 75, 3674 }, // U+1ECA
    { 12, 24, 240, 2, 18, 72, 3749 }, // U+1ECB
    { 15, 23, 240, 0, 17, 87, 3821 }, // U+1ECC
    { 13, 19, 240, 1, 13, 62, 3908 }, // U+1ECD
    { 15, 24, 240, 0, 24, 90, 3970 }, // U+1ECE
    { 13, 20, 240, 1, 20, 65, 4060 }, // U+1ECF
    { 16, 28, 240, 0, 28, 112, 4125 }, // U+1ED0
    { 15, 24, 240, 1, 24, 90, 4237 }, // U+1ED1
    { 16, 28, 240, -1, 28, 112, 4327 }, // U+1ED2
    { 15, 24, 240, -1, 24, 90, 4439 }, // U+1ED3
    { 15, 28, 240, 0, 28, 105, 4529 }, // U+1ED4
    { 14, 24, 240, 1, 24, 84, 4634 }, // U+1ED5
    { 15, 28, 240, 0, 28, 105, 4718 }, // U+1ED6
    { 13, 23, 240, 1, 23, 75, 4823 }, // U+1ED7
    { 15, 30, 240, 0, 24, 113, 4898 }, // U+1ED8
    { 13, 25, 240, 1, 19, 82, 5011 }, // U+1ED9
    { 15, 26, 240, 0, 26, 98, 5093 }, // U+1EDA
    { 14, 21, 240, 1, 21, 74, 5191 }, // U+1EDB
    { 15, 25, 240, 0, 25, 94, 5265 }, // U+1EDC
    { 14, 21, 240, 1, 21, 74, 5359 }, // U+1EDD
    { 15, 24, 240, 0, 24, 90, 5433 }, // U+1EDE
    { 14, 20, 240, 1, 20, 70, 5523 }, // U+1EDF
    { 15, 23, 240, 0, 23, 87, 5593 }, // U+1EE0
    { 14, 18, 240, 1, 18, 63, 5680 }, // U+1EE1
    { 15, 27, 240, 0, 21, 102, 5743 }, // U+1EE2
    { 14, 22, 240, 1, 16, 77, 5845 }, // U+1EE3
    { 13, 23, 240, 1, 17, 75, 5922 }, // U+1EE4
    { 13, 19, 240, 1, 13, 62, 5997 }, // U+1EE5
    { 13, 24, 240, 1, 24, 78, 6059 }, // U+1EE6
    { 13, 20, 240, 1, 20, 65, 6137 }, // U+1EE7
    { 14, 26, 240, 1, 26, 91, 6202 }, // U+1EE8
    { 14, 21, 240, 1, 21, 74, 6293 }, // U+1EE9
    { 14, 25, 240, 1, 25, 88, 6367 }, // U+1EEA
    { 14, 21, 240, 1, 21, 74, 6455 }, // U+1EEB
    { 14, 24, 240, 1, 24, 84, 6529 }, // U+1EEC
    { 14, 20, 240, 1, 20, 70, 6613 }, // U+1EED
    { 14, 23, 240, 1, 23, 81, 6683 }, // U+1EEE
    { 14, 18, 240, 1, 18, 63, 6764 }, // U+1EEF
    { 14, 27, 240, 1, 21, 95, 6827 }, // U+1EF0
    { 14, 22, 240, 1, 16, 77, 6922 }, // U+1EF1
    { 15, 25, 240, 0, 25, 94, 6999 }, // U+1EF2
    { 15, 26, 240, 0, 21, 98, 7093 }, // U+1EF3
    { 15, 23, 240, 0, 17, 87, 7191 }, // U+1EF4
    { 15, 19, 240, 0, 13, 72, 7278 }, // U+1EF5
    { 15, 24, 240, 0, 24, 90, 7350 }, // U+1EF6
    { 15, 25, 240, 0, 20, 94, 7440 }, // U+1EF7
    { 15, 23, 240, 0, 23, 87, 7534 }, // U+1EF8
    { 15, 24, 240, 0, 19, 90, 7621 }, // U+1EF9
    { 13, 3, 240, 1, 9, 10, 0 }, // U+2013
    { 15, 3, 240, 0, 9, 12, 10 }, // U+2014
    { 7, 8, 240, 4, 18, 14, 22 }, // U+2018
    { 7, 8, 240, 4, 18, 14, 36 }, // U+2019
    { 7, 8, 240, 4, 4, 14, 50 }, // U+201A
    { 14, 8, 240, 0, 18, 28, 64 }, // U+201C
    { 14, 8, 240, 1, 18, 28, 92 }, // U+201D
    { 13, 8, 240, 1, 4, 26, 120 }, // U+201E
    { 13, 23, 240, 1, 18, 75, 146 }, // U+2020
    { 13, 23, 240, 1, 18, 75, 221 }, // U+2021
    { 7, 6, 240, 4, 10, 11, 296 }, // U+2022
    { 15, 4, 240, 0, 4, 15, 307 }, // U+2026
    { 15, 17, 240, 0, 17, 64, 322 }, // U+2030
    { 7, 13, 240, 4, 13, 23, 386 }, // U+2039
    { 7, 13, 240, 4, 13, 23, 409 }, // U+203A
    { 15, 17, 240, 0, 17, 64, 432 }, // U+2044
    { 9, 9, 240, 3, 17, 21, 0 }, // U+2070
    { 9, 9, 240, 3, 17, 21, 21 }, // U+2074
    { 9, 9, 240, 3, 17, 21, 42 }, // U+2075
    { 9, 9, 240, 3, 17, 21, 63 }, // U+2076
    { 8, 9, 240, 4, 17, 18, 84 }, // U+2077
    { 9, 9, 240, 3, 17, 21, 102 }, // U+2078
    { 9, 9, 240, 3, 17, 21, 123 }, // U+2079
    { 9, 9, 240, 3, 9, 21, 144 }, // U+2080
    { 8, 9, 240, 4, 9, 18, 165 }, // U+2081
    { 9, 9, 240, 3, 9, 21, 183 }, // U+2082
    { 9, 9, 240, 3, 9, 21, 204 }, // U+2083
    { 9, 9, 240, 3, 9, 21, 225 }, // U+2084
    { 9, 9, 240, 3, 9, 21, 246 }, // U+2085
    { 9, 9, 240, 3, 9, 21, 267 }, // U+2086
    { 8, 9, 240, 4, 9, 18, 288 }, // U+2087
    { 9, 9, 240, 3, 9, 21, 306 }, // U+2088
    { 9, 9, 240, 3, 9, 21, 327 }, // U+2089
    { 14, 24, 240, 1, 21, 84, 0 }, // U+20A1
    { 13, 17, 240, 1, 17, 56, 84 }, // U+20A4
    { 15, 17, 240, 0, 17, 64, 140 }, // U+20A6
    { 15, 17, 240, 0, 17, 64, 204 }, // U+20A8
    { 15, 17, 240, 0, 17, 64, 268 }, // U+20A9
    { 15, 17, 240, 0, 17, 64, 332 }, // U+20AA
    { 14, 18, 240, 1, 18, 63, 396 }, // U+20AB
    { 14, 17, 240, 1, 17, 60, 459 }, // U+20AC
    { 16, 17, 240, 0, 17, 68, 519 }, // U+20AD
    { 15, 17, 240, 0, 17, 64, 587 }, // U+20AE
    { 15, 17, 240, 0, 17, 64, 651 }, // U+20B1
    { 14, 23, 240, 0, 20, 81, 715 }, // U+20B2
    { 15, 17, 240, 0, 17, 64, 796 }, // U+20B4
    { 14, 23, 240, 1, 20, 81, 860 }, // U+20B5
    { 13, 17, 240, 1, 17, 56, 941 }, // U+20B8
    { 14, 17, 240, 1, 17, 60, 997 }, // U+20B9
    { 15, 17, 240, 0, 17, 64, 1057 }, // U+20BA
    { 15, 17, 240, 0, 17, 64, 1121 }, // U+20BD
    { 13, 23, 240, 1, 20, 75, 1185 }, // U+20BF
    { 15, 13, 240, 0, 15, 49, 0 }, // U+2190
    { 13, 18, 240, 1, 18, 59, 49 }, // U+2191
    { 15, 13, 240, 0, 15, 49, 108 }, // U+2192
    { 13, 18, 240, 1, 17, 59, 157 }, // U+2193
    { 15, 11, 240, 0, 14, 42, 216 }, // U+2194
    { 13, 19, 240, 1, 18, 62, 258 }, // U+2195
    { 14, 14, 240, 1, 16, 49, 320 }, // U+2196
    { 14, 14, 240, 0, 16, 49, 369 }, // U+2197
    { 14, 14, 240, 0, 16, 49, 418 }, // U+2198
    { 14, 14, 240, 1, 16, 49, 467 }, // U+2199
    { 15, 15, 240, 0, 16, 57, 516 }, // U+21A9
    { 15, 15, 240, 0, 16, 57, 573 }, // U+21AA
    { 14, 18, 240, 0, 18, 63, 630 }, // U+21B0
    { 14, 18, 240, 1, 18, 63, 693 }, // U+21B1
    { 14, 18, 240, 0, 18, 63, 756 }, // U+21B2
    { 14, 18, 240, 1, 18, 63, 819 }, // U+21B3
    { 15, 16, 240, 0, 17, 60, 882 }, // U+21B6
    { 15, 16, 240, 0, 17, 60, 942 }, // U+21B7
    { 15, 18, 240, 0, 18, 68, 1002 }, // U+21BA
    { 15, 18, 240, 0, 18, 68, 1070 }, // U+21BB
    { 15, 23, 240, 0, 20, 87, 1138 }, // U+21C4
    { 15, 23, 240, 0, 20, 87, 1225 }, // U+21C6
    { 13, 18, 240, 1, 18, 59, 0 }, // U+2202
    { 15, 18, 240, 0, 18, 68, 59 }, // U+2206
    { 13, 19, 240, 1, 18, 62, 127 }, // U+220F
    { 13, 23, 240, 1, 18, 75, 189 }, // U+2211
    { 13, 3, 240, 1, 9, 10, 264 }, // U+2212
    { 15, 18, 240, 0, 18, 68, 274 }, // U+221A
    { 15, 9, 240, 0, 12, 34, 342 }, // U+221E
    { 14, 24, 240, 0, 19, 84, 376 }, // U+222B
    { 15, 11, 240, 0, 13, 42, 460 }, // U+2248
    { 13, 14, 240, 1, 14, 46, 502 }, // U+2260
    { 11, 15, 240, 2, 15, 42, 548 }, // U+2264
    { 11, 15, 240, 2, 15, 42, 590 }, // U+2265
    { 14, 18, 240, 0, 18, 63, 0 }, // U+FB01
    { 14, 18, 240, 0, 18, 63, 63 }, // U+FB02
};

static const EpdUnicodeInterval notosans_12_boldIntervals[] = {
    { 0x20, 0x7E, 0x0 },
    { 0xA0, 0xA3, 0x5F },
    { 0xA5, 0x17E, 0x63 },
    { 0x1A0, 0x1A1, 0x13D },
    { 0x1AF, 0x1B0, 0x13F },
    { 0x1FA, 0x1FF, 0x141 },
    { 0x218, 0x21B, 0x147 },
    { 0x300, 0x304, 0x14B },
    { 0x306, 0x30C, 0x150 },
    { 0x312, 0x312, 0x157 },
    { 0x315, 0x315, 0x158 },
    { 0x31B, 0x31B, 0x159 },
    { 0x323, 0x323, 0x15A },
    { 0x326, 0x328, 0x15B },
    { 0x400, 0x45F, 0x15E },
    { 0x472, 0x473, 0x1BE },
    { 0x490, 0x49D, 0x1C0 },
    { 0x4A0, 0x4A5, 0x1CE },
    { 0x4AA, 0x4AB, 0x1D4 },
    { 0x4AE, 0x4B3, 0x1D6 },
    { 0x4B6, 0x4BB, 0x1DC },
    { 0x4C0, 0x4C2, 0x1E2 },
    { 0x4CF, 0x4D9, 0x1E5 },
    { 0x4DC, 0x4DF, 0x1F0 },
    { 0x4E2, 0x4E9, 0x1F4 },
    { 0x4EE, 0x4F5, 0x1FC },
    { 0x4F8, 0x4F9, 0x204 },
    { 0x1EA0, 0x1EF9, 0x206 },
    { 0x2013, 0x2014, 0x260 },
    { 0x2018, 0x201A, 0x262 },
    { 0x201C, 0x201E, 0x265 },
    { 0x2020, 0x2022, 0x268 },
    { 0x2026, 0x2026, 0x26B },
    { 0x2030, 0x2030, 0x26C },
    { 0x2039, 0x203A, 0x26D },
    { 0x2044, 0x2044, 0x26F },
    { 0x2070, 0x2070, 0x270 },
    { 0x2074, 0x2079, 0x271 },
    { 0x2080, 0x2089, 0x277 },
    { 0x20A1, 0x20A1, 0x281 },
    { 0x20A4, 0x20A4, 0x282 },
    { 0x20A6, 0x20A6, 0x283 },
    { 0x20A8, 0x20AE, 0x284 },
    { 0x20B1, 0x20B2, 0x28B },
    { 0x20B4, 0x20B5, 0x28D },
    { 0x20B8, 0x20BA, 0x28F },
    { 0x20BD, 0x20BD, 0x292 },
    { 0x20BF, 0x20BF, 0x293 },
    { 0x2190, 0x2199, 0x294 },
    { 0x21A9, 0x21AA, 0x29E },
    { 0x21B0, 0x21B3, 0x2A0 },
    { 0x21B6, 0x21B7, 0x2A4 },
    { 0x21BA, 0x21BB, 0x2A6 },
    { 0x21C4, 0x21C4, 0x2A8 },
    { 0x21C6, 0x21C6, 0x2A9 },
    { 0x2202, 0x2202, 0x2AA },
    { 0x2206, 0x2206, 0x2AB },
    { 0x220F, 0x220F, 0x2AC },
    { 0x2211, 0x2212, 0x2AD },
    { 0x221A, 0x221A, 0x2AF },
    { 0x221E, 0x221E, 0x2B0 },
    { 0x222B, 0x222B, 0x2B1 },
    { 0x2248, 0x2248, 0x2B2 },
    { 0x2260, 0x2260, 0x2B3 },
    { 0x2264, 0x2265, 0x2B4 },
    { 0xFB01, 0xFB02, 0x2B6 },
};

static const EpdFontGroup notosans_12_boldGroups[] = {
    { 0, 2186, 5554, 95, 0 },
    { 2186, 1941, 6580, 95, 95 },
    { 4127, 2409, 10543, 127, 190 },
    { 6536, 594, 1272, 14, 317 },
    { 7130, 182, 241, 19, 331 },
    { 7312, 3281, 11705, 168, 350 },
    { 10593, 1718, 8500, 90, 518 },
    { 12311, 283, 568, 16, 608 },
    { 12594, 192, 432, 17, 624 },
    { 12786, 761, 1396, 19, 641 },
    { 13547, 574, 1456, 22, 660 },
    { 14121, 331, 718, 12, 682 },
    { 14452, 54, 144, 2, 694 },
};

static const EpdFontData notosans_12_bold = {
    notosans_12_boldBitmaps,
    notosans_12_boldGlyphs,
    notosans_12_boldIntervals,
    66,
    33,
    26,
    -7,
    true,
    notosans_12_boldGroups,
    13,
    nullptr,
    nullptr,
    nullptr,
    nullptr,
    nullptr,
    nullptr,
    nullptr,
    nullptr,
    nullptr,
    nullptr,
    nullptr,
    0,
    0,
    0,
    0,
    nullptr,
    0,
};
