/**
 * generated by fontconvert.py
 * name: notosans_8_regular
 * size: 8
 * mode: 1-bit
 * Command used: fontconvert.py notosans_8_regular 8 ../builtinFonts/source/iAWriterMonoS/iAWriterMonoS-Regular.ttf ../builtinFonts/source/NotoSansHebrew/NotoSansHebrew-Regular.ttf ../builtinFonts/source/NotoSansArabic/NotoSansArabic-Regular.ttf --additional-intervals 0x05D0,0x05EA --additional-intervals 0x060C,0x060C --additional-intervals 0x061B,0x061B --additional-intervals 0x061F,0x061F --additional-intervals 0x0621,0x0621 --additional-intervals 0x0640,0x0640 --additional-intervals 0x0654,0x0654 --additional-intervals 0x0660,0x0669 --additional-intervals 0x06BA,0x06BA --additional-intervals 0x06D4,0x06D4 --additional-intervals 0x06D5,0x06D5 --additional-intervals 0x06F0,0x06F9 --additional-intervals 0xFB56,0xFB59 --additional-intervals 0xFB66,0xFB69 --additional-intervals 0xFB7A,0xFB7D --additional-intervals 0xFB88,0xFB95 --additional-intervals 0xFB9E,0xFB9F --additional-intervals 0xFBA6,0xFBB1 --additional-intervals 0xFBFC,0xFBFF --additional-intervals 0xFE80,0xFEFC
 */
#pragma once
#include "EpdFontData.h"

static const uint8_t notosans_8_regularBitmaps[13098] = {
    0x66, 0x66, 0x66, 0x66, 0x06, 0x66, 0x7D, 0xF7, 0xDF, 0x7C, 0x1B, 0x06, 0xC1, 0xB0, 0x6C, 0xFF,
    0xDF, 0xF3, 0x63, 0xFF, 0xFF, 0x8D, 0x83, 0x60, 0xD8, 0x0C, 0x03, 0x03, 0xF1, 0xFE, 0x6C, 0x9B,
    0x07, 0xC0, 0xFC, 0x0F, 0x83, 0x60, 0xDD, 0xB6, 0x7F, 0x8F, 0xC0, 0xC0, 0x30, 0x78, 0xFE, 0x6C,
    0x9B, 0x2C, 0xDB, 0x1E, 0x80, 0x78, 0xFF, 0x3C, 0xDB, 0x3C, 0xFF, 0x1E, 0x3E, 0x1F, 0x86, 0x01,
    0x80, 0x30, 0x1E, 0x77, 0xDB, 0x3C, 0xC7, 0x30, 0xC7, 0xF9, 0xF7, 0xFF, 0xC0, 0x18, 0xC6, 0x18,
    0x43, 0x0C, 0x30, 0xC3, 0x0C, 0x18, 0x60, 0xC3, 0x86, 0x60, 0xC1, 0x86, 0x08, 0x30, 0xC3, 0x0C,
    0x30, 0xC6, 0x18, 0xC7, 0x18, 0x0C, 0x03, 0x04, 0xCB, 0xFF, 0x3F, 0x07, 0x83, 0xF0, 0xCC, 0x21,
    0x00, 0x18, 0x18, 0x18, 0xFF, 0xFF, 0x18, 0x18, 0x18, 0x76, 0xEC, 0xC0, 0xFD, 0xE0, 0x66, 0x60,
    0x03, 0x06, 0x06, 0x06, 0x0C, 0x0C, 0x18, 0x18, 0x18, 0x30, 0x30, 0x30, 0x60, 0x60, 0xC0, 0xC0,
    0x3F, 0x0F, 0xC6, 0x19, 0x86, 0x61, 0x9B, 0x66, 0xD9, 0x86, 0x61, 0x98, 0x63, 0xF0, 0xFC, 0x1E,
    0x0F, 0x87, 0xE1, 0xB8, 0x0E, 0x03, 0x80, 0xE0, 0x38, 0x0E, 0x03, 0x87, 0xF9, 0xFF, 0x7C, 0xFE,
    0xC7, 0x03, 0x07, 0x06, 0x0E, 0x1C, 0x38, 0x70, 0xFF, 0xFF, 0x3F, 0x3F, 0x88, 0xE0, 0x70, 0x70,
    0xF0, 0x7C, 0x03, 0x01, 0xB0, 0xDF, 0xC7, 0xC0, 0x07, 0x03, 0xC0, 0xF0, 0x6C, 0x33, 0x0C, 0xC6,
    0x33, 0x8C, 0xFF, 0xDF, 0xE0, 0x30, 0x0C, 0x7F, 0x7E, 0xC0, 0xC0, 0xFE, 0xFF, 0x43, 0x03, 0x03,
    0xC3, 0xFF, 0x7E, 0x1C, 0x38, 0x70, 0x60, 0xFE, 0xFF, 0xC3, 0xC3, 0xC3, 0xC3, 0xFF, 0x7E, 0xFF,
    0xFF, 0xC7, 0xC6, 0x06, 0x0C, 0x0C, 0x1C, 0x18, 0x18, 0x30, 0x30, 0x3F, 0x1F, 0xE6, 0x19, 0x86,
    0x73, 0x8F, 0xC7, 0xF9, 0x86, 0x61, 0x98, 0x67, 0xF8, 0xFC, 0x7E, 0xFF, 0xC3, 0xC3, 0xC3, 0xE7,
    0x7F, 0x17, 0x06, 0x0E, 0x1C, 0x38, 0x66, 0x60, 0x00, 0x06, 0x66, 0x27, 0x70, 0x00, 0x07, 0x6E,
    0xCC, 0x03, 0x0F, 0x1E, 0x78, 0xE0, 0xE0, 0x78, 0x1E, 0x07, 0x03, 0xFF, 0xFF, 0x00, 0xFF, 0xFF,
    0xC0, 0xF0, 0x78, 0x1E, 0x07, 0x07, 0x1E, 0x78, 0xE0, 0xC0, 0x7E, 0xFE, 0xC3, 0x03, 0x06, 0x1E,
    0x18, 0x18, 0x00, 0x10, 0x38, 0x38, 0x3E, 0x7F, 0xC3, 0xDF, 0xDF, 0xF3, 0xF3, 0xF3, 0xDB, 0xDF,
    0xC1, 0xC0, 0x70, 0x3E, 0x0C, 0x0C, 0x07, 0x81, 0xE0, 0x78, 0x33, 0x0C, 0xC3, 0x31, 0xFE, 0x7F,
    0x98, 0x66, 0x1B, 0x03, 0xFE, 0x7F, 0xB0, 0xD8, 0x6C, 0x77, 0xF3, 0xFD, 0x86, 0xC3, 0x61, 0xBF,
    0xDF, 0xC0, 0x3E, 0x7F, 0xE3, 0xC0, 0xC0, 0xC0, 0xC0, 0xC0, 0xC0, 0xE3, 0x7F, 0x3E, 0xFC, 0x7F,
    0x30, 0xD8, 0x6C, 0x36, 0x1B, 0x0D, 0x86, 0xC3, 0x61, 0xBF, 0x9F, 0x80, 0xFF, 0xFE, 0xC0, 0xC0,
    0xC0, 0xFF, 0xFE, 0xC0, 0xC0, 0xC0, 0xFE, 0xFF, 0xFF, 0xFF, 0xC0, 0xC0, 0xC0, 0xFF, 0xFE, 0xC0,
    0xC0, 0xC0, 0xC0, 0xC0, 0x3F, 0x1F, 0xD8, 0x6C, 0x06, 0x03, 0x01, 0x9E, 0xCF, 0x61, 0xB0, 0xDF,
    0xE7, 0xF0, 0xC3, 0xC3, 0xC3, 0xC3, 0xC3, 0xFF, 0xFF, 0xC3, 0xC3, 0xC3, 0xC3, 0xC3, 0xFF, 0x7E,
    0x18, 0x18, 0x18, 0x18, 0x18, 0x18, 0x18, 0x18, 0x7E, 0xFF, 0x7E, 0x7C, 0x18, 0x30, 0x60, 0xC1,
    0x83, 0x07, 0x8F, 0xFB, 0xE0, 0xC3, 0xE3, 0xB3, 0x99, 0x8D, 0x87, 0xC3, 0xF1, 0xD8, 0xCE, 0x63,
    0xB0, 0xD8, 0x70, 0xC1, 0x83, 0x06, 0x0C, 0x18, 0x30, 0x60, 0xC1, 0x83, 0xFF, 0xF0, 0xE3, 0xE7,
    0xE7, 0xFF, 0xFF, 0xFF, 0xDB, 0xDB, 0xC3, 0xC3, 0xC3, 0xC3, 0xE3, 0xE3, 0xF3, 0xF3, 0xF3, 0xDB,
    0xDB, 0xCF, 0xCF, 0xCF, 0xC7, 0xC7, 0x3F, 0x0F, 0xC6, 0x19, 0x86, 0x61, 0x98, 0x66, 0x19, 0x86,
    0x61, 0x98, 0x63, 0xF0, 0xFC, 0xFE, 0x7F, 0xB0, 0xD8, 0x6C, 0x36, 0x3B, 0xF9, 0xF0, 0xC0, 0x60,
    0x30, 0x18, 0x00, 0x3F, 0x07, 0xE1, 0x86, 0x30, 0xC6, 0x18, 0xC3, 0x18, 0x63, 0x0C, 0x6F, 0x8C,
    0xF0, 0xFE, 0x1F, 0xE0, 0x0E, 0xFE, 0x7F, 0xB0, 0xD8, 0x6C, 0x36, 0x3B, 0xF9, 0xF8, 0xCC, 0x63,
    0x31, 0xD8, 0x60, 0x3F, 0x1F, 0xE6, 0x19, 0x80, 0x70, 0x0F, 0xC1, 0xF8, 0x06, 0x01, 0x98, 0x67,
    0xF8, 0xFC, 0xFF, 0xDF, 0xE0, 0xC0, 0x30, 0x0C, 0x03, 0x00, 0xC0, 0x30, 0x0C, 0x03, 0x00, 0xC0,
    0x30, 0xC3, 0xC3, 0xC3, 0xC3, 0xC3, 0xC3, 0xC3, 0xC3, 0xC3, 0xC3, 0x7E, 0x7E, 0xE1, 0xD8, 0x66,
    0x19, 0x86, 0x33, 0x0C, 0xC3, 0x30, 0xEC, 0x1E, 0x07, 0x81, 0xE0, 0x30, 0xC0, 0xF0, 0x3C, 0x0F,
    0x33, 0x6C, 0x9F, 0xE7, 0xF9, 0xFE, 0x7F, 0x9C, 0xE7, 0x39, 0xCE, 0x61, 0xD8, 0x63, 0x30, 0xFC,
    0x1E, 0x03, 0x81, 0xE0, 0x78, 0x3B, 0x0C, 0xC6, 0x1B, 0x87, 0xE1, 0xD8, 0x67, 0x38, 0xCC, 0x3F,
    0x07, 0x81, 0xE0, 0x30, 0x0C, 0x03, 0x00, 0xC0, 0x30, 0x7F, 0x9F, 0xE0, 0x38, 0x1C, 0x06, 0x03,
    0x01, 0xC0, 0x60, 0x30, 0x1C, 0x07, 0xFB, 0xFF, 0xFF, 0xEC, 0x30, 0xC3, 0x0C, 0x30, 0xC3, 0x0C,
    0x30, 0xC3, 0x0F, 0xDE, 0xC0, 0x60, 0x60, 0x60, 0x30, 0x30, 0x18, 0x18, 0x18, 0x0C, 0x0C, 0x0C,
    0x06, 0x06, 0x03, 0x03, 0xFD, 0xF0, 0xC3, 0x0C, 0x30, 0xC3, 0x0C, 0x30, 0xC3, 0x0C, 0x3F, 0xDE,
    0x0C, 0x07, 0x81, 0xE0, 0xCC, 0x73, 0x98, 0x64, 0x18, 0x00, 0xFF, 0xFF, 0xD9, 0x80, 0x7C, 0x7F,
    0x11, 0x80, 0xC7, 0xE7, 0xF3, 0x19, 0xFE, 0x7F, 0x80, 0xC0, 0xC0, 0xC0, 0xC0, 0xFE, 0xFF, 0xC3,
    0xC3, 0xC3, 0xC3, 0xC3, 0xFF, 0xFE, 0x3E, 0x7F, 0xE2, 0xC0, 0xC0, 0xC0, 0xE3, 0x7F, 0x3E, 0x03,
    0x03, 0x03, 0x03, 0x7F, 0xFF, 0xC3, 0xC3, 0xC3, 0xC3, 0xC3, 0xFF, 0x7F, 0x3E, 0x7E, 0xC3, 0xC3,
    0xFF, 0xFF, 0xC2, 0x7F, 0x3E, 0x0F, 0x0F, 0x86, 0x03, 0x0F, 0xF7, 0xF8, 0x60, 0x30, 0x18, 0x0C,
    0x06, 0x0F, 0xCF, 0xF0, 0x7F, 0xFF, 0xC3, 0xC3, 0xC3, 0xC3, 0xC3, 0xFF, 0x7F, 0x03, 0xFE, 0x7C,
    0xC0, 0xC0, 0xC0, 0xC0, 0xFE, 0xFE, 0xC3, 0xC3, 0xC3, 0xC3, 0xC3, 0xC3, 0xC3, 0x18, 0x18, 0x00,
    0x00, 0xF8, 0x78, 0x18, 0x18, 0x18, 0x18, 0x18, 0x7F, 0xFF, 0x0E, 0x1C, 0x00, 0x0F, 0xEF, 0xC3,
    0x87, 0x0E, 0x1C, 0x38, 0x70, 0xE1, 0xDF, 0x7E, 0xC0, 0x60, 0x30, 0x18, 0x0C, 0x76, 0x73, 0x71,
    0xF0, 0xFC, 0x76, 0x31, 0x98, 0xEC, 0x38, 0xF8, 0x78, 0x18, 0x18, 0x18, 0x18, 0x18, 0x18, 0x18,
    0x18, 0x18, 0x7E, 0xFF, 0x7F, 0x9F, 0xE6, 0xD9, 0xB6, 0x6D, 0x9B, 0x66, 0xD9, 0xB6, 0x6D, 0x80,
    0xFE, 0xFE, 0xC3, 0xC3, 0xC3, 0xC3, 0xC3, 0xC3, 0xC3, 0x7E, 0x7E, 0xC3, 0xC3, 0xC3, 0xC3, 0xC3,
    0x7E, 0x7E, 0xFE, 0xFF, 0xC3, 0xC3, 0xC3, 0xC3, 0xC3, 0xFF, 0xFE, 0xC0, 0xC0, 0xC0, 0x7F, 0xFF,
    0xC3, 0xC3, 0xC3, 0xC3, 0xC3, 0xFF, 0x7F, 0x03, 0x03, 0x03, 0xFF, 0xBF, 0x8E, 0x07, 0x03, 0x81,
    0xC0, 0xE0, 0xFC, 0xFF, 0x00, 0x7E, 0xFF, 0xC0, 0xF0, 0x7E, 0x07, 0xC3, 0xFF, 0x7E, 0x18, 0x0C,
    0x06, 0x1F, 0xF7, 0xF8, 0xC0, 0x60, 0x30, 0x18, 0x0C, 0x07, 0xC1, 0xF0, 0xC3, 0xC3, 0xC3, 0xC3,
    0xC3, 0xC3, 0xC3, 0x7F, 0x7F, 0xC3, 0xC3, 0x66, 0x66, 0x66, 0x3C, 0x3C, 0x3C, 0x18, 0xCC, 0xF3,
    0x3D, 0xED, 0xFA, 0x7F, 0x9F, 0xE7, 0x39, 0xCE, 0x73, 0x80, 0xC3, 0x66, 0x7E, 0x3C, 0x18, 0x3C,
    0x7E, 0x66, 0xC3, 0x61, 0x98, 0x63, 0x30, 0xCC, 0x33, 0x07, 0x81, 0xE0, 0x30, 0x0C, 0x03, 0x03,
    0x81, 0xE0, 0xFF, 0x7F, 0x0E, 0x0C, 0x18, 0x30, 0x60, 0xFE, 0xFF, 0x1F, 0x1E, 0x10, 0x18, 0x18,
    0x0C, 0x1C, 0xF8, 0x7C, 0x0C, 0x18, 0x18, 0x10, 0x10, 0x1F, 0x0E, 0xFF, 0xFF, 0xFF, 0xFF, 0xF8,
    0x78, 0x08, 0x18, 0x18, 0x30, 0x38, 0x1F, 0x3E, 0x30, 0x18, 0x18, 0x08, 0x08, 0xF8, 0x70, 0x7D,
    0x9B, 0xE0, 0x00, 0x66, 0x60, 0x66, 0x66, 0x66, 0x66, 0x18, 0x18, 0x3C, 0x7E, 0x7B, 0xD8, 0xD8,
    0xD8, 0xD8, 0x7F, 0x7E, 0x1C, 0x18, 0x1F, 0x0F, 0xE7, 0x09, 0x80, 0x70, 0x0C, 0x0F, 0xE1, 0xF8,
    0x30, 0x0C, 0x07, 0xF9, 0xFE, 0xE1, 0xD8, 0x67, 0x38, 0xCC, 0x3F, 0x07, 0x87, 0xF9, 0xFE, 0x0C,
    0x03, 0x07, 0xF9, 0xFE, 0xFF, 0xF0, 0x3F, 0xFC, 0x3E, 0x7E, 0x60, 0x60, 0x78, 0x7E, 0xC7, 0xC3,
    0xE3, 0x7E, 0x3E, 0x06, 0x06, 0x66, 0x7E, 0x10, 0xFF, 0xF0, 0x1F, 0x87, 0xF9, 0xBF, 0xBF, 0xB5,
    0x86, 0xB0, 0x57, 0xDB, 0x7B, 0x60, 0x67, 0x38, 0x7E, 0x00, 0x00, 0x7B, 0x60, 0xBE, 0xDB, 0xF0,
    0x00, 0x33, 0x77, 0xEE, 0xCC, 0xEE, 0x77, 0x33, 0x00, 0xFF, 0xFF, 0x03, 0x03, 0x03, 0xFD, 0xE0,
    0x3C, 0x7E, 0x7E, 0x7A, 0x7E, 0x3C, 0x00, 0xFD, 0xE0, 0x7B, 0xFC, 0xF3, 0xFD, 0xE0, 0x00, 0x18,
    0x18, 0x18, 0x18, 0xFF, 0xFF, 0x18, 0x18, 0x00, 0xFF, 0xFF, 0x7B, 0x60, 0x86, 0x31, 0x8F, 0xC0,
    0x79, 0x61, 0x8E, 0x1B, 0x27, 0x80, 0x6F, 0x00, 0xC3, 0xC3, 0xC3, 0xC3, 0xC3, 0xC3, 0xE3, 0xFF,
    0xFF, 0xC0, 0xC0, 0xC0, 0x3F, 0xBF, 0xDF, 0x7F, 0xBF, 0xDB, 0xED, 0xF6, 0x7B, 0x0D, 0x86, 0xC3,
    0x61, 0xB0, 0xD8, 0x6C, 0x36, 0x66, 0x60, 0x03, 0x1C, 0xEF, 0x00, 0x73, 0xC3, 0x0C, 0x30, 0xC7,
    0xC0, 0x7B, 0x3C, 0xF3, 0xCD, 0xE0, 0x00, 0xCC, 0xEE, 0x77, 0x33, 0x77, 0xEE, 0xCC, 0x00, 0x70,
    0xFC, 0x63, 0x18, 0xCC, 0x33, 0x3E, 0x81, 0x18, 0xCE, 0x33, 0x99, 0xA6, 0x7F, 0x02, 0x70, 0xFC,
    0x63, 0x18, 0xCC, 0x33, 0x3E, 0x81, 0x38, 0xDF, 0x30, 0xD8, 0x66, 0x7B, 0x1F, 0x70, 0xFE, 0x61,
    0x99, 0xCC, 0xFB, 0x3E, 0x83, 0x18, 0xCE, 0x33, 0x99, 0xA6, 0x7F, 0x02, 0x1C, 0x1C, 0x08, 0x18,
    0x18, 0x38, 0x70, 0xE0, 0xC0, 0xC3, 0x7F, 0x7E, 0x18, 0x06, 0x00, 0xC0, 0x10, 0x0C, 0x07, 0x81,
    0xE0, 0x78, 0x33, 0x0C, 0xC3, 0x31, 0xFE, 0x7F, 0x98, 0x66, 0x1B, 0x03, 0x06, 0x01, 0x80, 0xC0,
    0x20, 0x0C, 0x07, 0x81, 0xE0, 0x78, 0x33, 0x0C, 0xC3, 0x31, 0xFE, 0x7F, 0x98, 0x66, 0x1B, 0x03,
    0x1E, 0x07, 0x83, 0x30, 0x00, 0x0C, 0x07, 0x81, 0xE0, 0x78, 0x33, 0x0C, 0xC3, 0x31, 0xFE, 0x7F,
    0x98, 0x66, 0x1B, 0x03, 0x3D, 0x0F, 0xC0, 0x00, 0x30, 0x1E, 0x07, 0x81, 0xE0, 0xCC, 0x33, 0x0C,
    0xC7, 0xF9, 0xFE, 0x61, 0x98, 0x6C, 0x0C, 0x3F, 0x0F, 0xC0, 0x00, 0x00, 0x0C, 0x07, 0x81, 0xE0,
    0x78, 0x33, 0x0C, 0xC3, 0x31, 0xFE, 0x7F, 0x98, 0x66, 0x1B, 0x03, 0x1E, 0x07, 0x81, 0xE0, 0x78,
    0x00, 0x03, 0x01, 0xE0, 0x78, 0x1E, 0x0C, 0xC3, 0x30, 0xCC, 0x7F, 0x9F, 0xE6, 0x19, 0x86, 0xC0,
    0xC0, 0x1F, 0xC7, 0xE1, 0xE0, 0x78, 0x36, 0x0D, 0xF3, 0x79, 0xF8, 0x7E, 0x19, 0x86, 0x7B, 0x1F,
    0x3E, 0x7F, 0xE3, 0xC0, 0xC0, 0xC0, 0xC0, 0xC0, 0xC0, 0xE3, 0x7F, 0x3E, 0x1C, 0x1C, 0x1C, 0x30,
    0x30, 0x18, 0x08, 0xFF, 0xFE, 0xC0, 0xC0, 0xC0, 0xFF, 0xFE, 0xC0, 0xC0, 0xC0, 0xFE, 0xFF, 0x0C,
    0x0C, 0x18, 0x08, 0xFF, 0xFE, 0xC0, 0xC0, 0xC0, 0xFF, 0xFE, 0xC0, 0xC0, 0xC0, 0xFE, 0xFF, 0x3C,
    0x3C, 0x66, 0x00, 0xFF, 0xFE, 0xC0, 0xC0, 0xC0, 0xFF, 0xFE, 0xC0, 0xC0, 0xC0, 0xFE, 0xFF, 0x7E,
    0x7E, 0x00, 0x00, 0xFF, 0xFE, 0xC0, 0xC0, 0xC0, 0xFF, 0xFE, 0xC0, 0xC0, 0xC0, 0xFE, 0xFF, 0x30,
    0x30, 0x18, 0x08, 0xFF, 0x7E, 0x18, 0x18, 0x18, 0x18, 0x18, 0x18, 0x18, 0x18, 0x7E, 0xFF, 0x0C,
    0x0C, 0x18, 0x10, 0xFF, 0x7E, 0x18, 0x18, 0x18, 0x18, 0x18, 0x18, 0x18, 0x18, 0x7E, 0xFF, 0x3C,
    0x3C, 0x66, 0x00, 0xFF, 0x7E, 0x18, 0x18, 0x18, 0x18, 0x18, 0x18, 0x18, 0x18, 0x7E, 0xFF, 0x7E,
    0x7E, 0x00, 0x00, 0xFF, 0x7E, 0x18, 0x18, 0x18, 0x18, 0x18, 0x18, 0x18, 0x18, 0x7E, 0xFF, 0x7E,
    0x1F, 0xC6, 0x19, 0x86, 0x61, 0xBF, 0x67, 0x99, 0x86, 0x61, 0x98, 0x67, 0xF1, 0xF8, 0x7A, 0x7E,
    0x00, 0xE3, 0xE3, 0xF3, 0xF3, 0xF3, 0xDB, 0xDB, 0xCF, 0xCF, 0xCF, 0xC7, 0xC7, 0x18, 0x06, 0x00,
    0xC0, 0x10, 0x3F, 0x0F, 0xC6, 0x19, 0x86, 0x61, 0x98, 0x66, 0x19, 0x86, 0x61, 0x98, 0x63, 0xF0,
    0xFC, 0x06, 0x01, 0x80, 0xC0, 0x20, 0x3F, 0x0F, 0xC6, 0x19, 0x86, 0x61, 0x98, 0x66, 0x19, 0x86,
    0x61, 0x98, 0x63, 0xF0, 0xFC, 0x1E, 0x07, 0x83, 0x30, 0x00, 0x3F, 0x0F, 0xC6, 0x19, 0x86, 0x61,
    0x98, 0x66, 0x19, 0x86, 0x61, 0x98, 0x63, 0xF0, 0xFC, 0x3D, 0x0F, 0xC0, 0x00, 0xFC, 0x3F, 0x18,
    0x66, 0x19, 0x86, 0x61, 0x98, 0x66, 0x19, 0x86, 0x61, 0x8F, 0xC3, 0xF0, 0x3F, 0x0F, 0xC0, 0x00,
    0x00, 0x3F, 0x0F, 0xC6, 0x19, 0x86, 0x61, 0x98, 0x66, 0x19, 0x86, 0x61, 0x98, 0x63, 0xF0, 0xFC,
    0x42, 0xE7, 0x7E, 0x3C, 0x3C, 0x7E, 0xE7, 0x42, 0x00, 0x8F, 0xE3, 0xF9, 0x8E, 0x63, 0x99, 0xE6,
    0xD9, 0xB6, 0x79, 0x9E, 0x67, 0x19, 0xFC, 0x7F, 0x10, 0x00, 0x30, 0x30, 0x18, 0x08, 0xC3, 0xC3,
    0xC3, 0xC3, 0xC3, 0xC3, 0xC3, 0xC3, 0xC3, 0xC3, 0x7E, 0x7E, 0x0C, 0x0C, 0x18, 0x10, 0xC3, 0xC3,
    0xC3, 0xC3, 0xC3, 0xC3, 0xC3, 0xC3, 0xC3, 0xC3, 0x7E, 0x7E, 0x3C, 0x3C, 0x66, 0x00, 0xC3, 0xC3,
    0xC3, 0xC3, 0xC3, 0xC3, 0xC3, 0xC3, 0xC3, 0xC3, 0x7E, 0x7E, 0x7E, 0x7E, 0x00, 0x00, 0xC3, 0xC3,
    0xC3, 0xC3, 0xC3, 0xC3, 0xC3, 0xC3, 0xC3, 0xC3, 0x7E, 0x7E, 0x06, 0x01, 0x80, 0xC0, 0x20, 0xE1,
    0xD8, 0x67, 0x38, 0xCC, 0x3F, 0x07, 0x81, 0xE0, 0x30, 0x0C, 0x03, 0x00, 0xC0, 0x30, 0xC0, 0x60,
    0x30, 0x1F, 0xCF, 0xF6, 0x1B, 0x0D, 0x8E, 0xFE, 0x7C, 0x30, 0x18, 0x00, 0x1E, 0x0F, 0xC3, 0x19,
    0x86, 0xE7, 0x9B, 0xC6, 0xC1, 0xB8, 0x67, 0x98, 0x76, 0x0D, 0xBF, 0x6F, 0x80, 0x30, 0x18, 0x06,
    0x00, 0x07, 0xC7, 0xF1, 0x18, 0x0C, 0x7E, 0x7F, 0x31, 0x9F, 0xE7, 0xF8, 0x0C, 0x0C, 0x06, 0x00,
    0x07, 0xC7, 0xF1, 0x18, 0x0C, 0x7E, 0x7F, 0x31, 0x9F, 0xE7, 0xF8, 0x38, 0x3E, 0x19, 0x80, 0x07,
    0xC7, 0xF1, 0x18, 0x0C, 0x7E, 0x7F, 0x31, 0x9F, 0xE7, 0xF8, 0x7C, 0x3F, 0x00, 0x00, 0x07, 0xC7,
    0xF1, 0x18, 0x0C, 0x7E, 0x7F, 0x31, 0x9F, 0xE7, 0xF8, 0x6C, 0x37, 0x00, 0x00, 0x07, 0xC7, 0xF1,
    0x18, 0x0C, 0x7E, 0x7F, 0x31, 0x9F, 0xE7, 0xF8, 0x38, 0x1E, 0x1B, 0x07, 0x80, 0x03, 0xE3, 0xF8,
    0x8C, 0x06, 0x3F, 0x3F, 0x98, 0xCF, 0xF3, 0xFC, 0x7F, 0xBF, 0xF4, 0xCC, 0x33, 0x7F, 0xFF, 0xFC,
    0xCB, 0xFF, 0x77, 0x80, 0x3E, 0x7F, 0xE2, 0xC0, 0xC0, 0xC0, 0xE3, 0x7F, 0x3E, 0x1C, 0x1C, 0x3C,
    0x30, 0x38, 0x18, 0x00, 0x3E, 0x7E, 0xC3, 0xC3, 0xFF, 0xFF, 0xC2, 0x7F, 0x3E, 0x0C, 0x0C, 0x18,
    0x00, 0x3E, 0x7E, 0xC3, 0xC3, 0xFF, 0xFF, 0xC2, 0x7F, 0x3E, 0x3C, 0x3C, 0x66, 0x00, 0x3E, 0x7E,
    0xC3, 0xC3, 0xFF, 0xFF, 0xC2, 0x7F, 0x3E, 0x7E, 0x7E, 0x00, 0x00, 0x3E, 0x7E, 0xC3, 0xC3, 0xFF,
    0xFF, 0xC2, 0x7F, 0x3E, 0x10, 0x0C, 0x06, 0x00, 0x0F, 0xC3, 0xE0, 0x70, 0x38, 0x1C, 0x0E, 0x07,
    0x0F, 0xEF, 0xF0, 0x06, 0x06, 0x03, 0x00, 0x0F, 0xC3, 0xE0, 0x70, 0x38, 0x1C, 0x0E, 0x07, 0x0F,
    0xEF, 0xF0, 0x1C, 0x1F, 0x0C, 0x80, 0x0F, 0xC3, 0xE0, 0x70, 0x38, 0x1C, 0x0E, 0x07, 0x0F, 0xEF,
    0xF0, 0x36, 0x1B, 0x00, 0x00, 0x0F, 0xC3, 0xE0, 0x70, 0x38, 0x1C, 0x0E, 0x07, 0x0F, 0xEF, 0xF0,
    0x00, 0x7E, 0x1C, 0x3C, 0x26, 0x7F, 0x7F, 0xC3, 0xC3, 0xC3, 0xC3, 0xC3, 0x7E, 0x7E, 0x7A, 0x7E,
    0x00, 0x00, 0xFE, 0xFE, 0xC3, 0xC3, 0xC3, 0xC3, 0xC3, 0xC3, 0xC3, 0x30, 0x30, 0x18, 0x00, 0x7E,
    0x7E, 0xC3, 0xC3, 0xC3, 0xC3, 0xC3, 0x7E, 0x7E, 0x0C, 0x0C, 0x18, 0x00, 0x7E, 0x7E, 0xC3, 0xC3,
    0xC3, 0xC3, 0xC3, 0x7E, 0x7E, 0x3C, 0x3C, 0x66, 0x00, 0x7E, 0x7E, 0xC3, 0xC3, 0xC3, 0xC3, 0xC3,
    0x7E, 0x7E, 0x7A, 0x7E, 0x00, 0x00, 0x7E, 0x7E, 0xC3, 0xC3, 0xC3, 0xC3, 0xC3, 0x7E, 0x7E, 0x7E,
    0x7E, 0x00, 0x00, 0x7E, 0x7E, 0xC3, 0xC3, 0xC3, 0xC3, 0xC3, 0x7E, 0x7E, 0x18, 0x18, 0x00, 0x00,
    0xFF, 0xFF, 0x00, 0x18, 0x18, 0x00, 0x8F, 0xE3, 0xF9, 0x8E, 0x67, 0x9B, 0x67, 0x99, 0xC6, 0x7F,
    0x1F, 0xC4, 0x00, 0x30, 0x30, 0x18, 0x00, 0xC3, 0xC3, 0xC3, 0xC3, 0xC3, 0xC3, 0xC3, 0x7F, 0x7F,
    0x0C, 0x1C, 0x18, 0x00, 0xC3, 0xC3, 0xC3, 0xC3, 0xC3, 0xC3, 0xC3, 0x7F, 0x7F, 0x3C, 0x3C, 0x66,
    0x00, 0xC3, 0xC3, 0xC3, 0xC3, 0xC3, 0xC3, 0xC3, 0x7F, 0x7F, 0x7E, 0x7E, 0x00, 0x00, 0xC3, 0xC3,
    0xC3, 0xC3, 0xC3, 0xC3, 0xC3, 0x7F, 0x7F, 0x06, 0x01, 0x80, 0xC0, 0x00, 0x61, 0x98, 0x63, 0x30,
    0xCC, 0x33, 0x07, 0x81, 0xE0, 0x30, 0x0C, 0x03, 0x03, 0x81, 0xE0, 0xC0, 0xC0, 0xC0, 0xC0, 0xFE,
    0xFF, 0xC3, 0xC3, 0xC3, 0xC3, 0xC3, 0xFF, 0xFE, 0xC0, 0xC0, 0xC0, 0x3F, 0x0F, 0xC0, 0x00, 0x00,
    0x61, 0x98, 0x63, 0x30, 0xCC, 0x33, 0x07, 0x81, 0xE0, 0x30, 0x0C, 0x03, 0x03, 0x81, 0xE0, 0x3F,
    0x07, 0x80, 0x00, 0x30, 0x1E, 0x07, 0x81, 0xE0, 0xCC, 0x33, 0x0C, 0xC7, 0xF9, 0xFE, 0x61, 0x98,
    0x6C, 0x0C, 0x7C, 0x1E, 0x00, 0x0F, 0x8F, 0xE2, 0x30, 0x18, 0xFC, 0xFE, 0x63, 0x3F, 0xCF, 0xF0,
    0x33, 0x0F, 0xC1, 0xE0, 0x00, 0x0C, 0x07, 0x81, 0xE0, 0x78, 0x33, 0x0C, 0xC3, 0x31, 0xFE, 0x7F,
    0x98, 0x66, 0x1B, 0x03, 0x46, 0x36, 0x0F, 0x00, 0x07, 0xC7, 0xF1, 0x18, 0x0C, 0x7E, 0x7F, 0x31,
    0x9F, 0xE7, 0xF8, 0x0C, 0x07, 0x81, 0xE0, 0x78, 0x33, 0x0C, 0xC3, 0x31, 0xFE, 0x7F, 0x98, 0x66,
    0x1B, 0x03, 0x01, 0x80, 0xF0, 0x3C, 0x7C, 0x7F, 0x01, 0x8F, 0xCF, 0xE6, 0x33, 0x19, 0xFE, 0x7B,
    0x83, 0x81, 0x80, 0xF0, 0x04, 0x0C, 0x0C, 0x08, 0x3E, 0x7F, 0xE3, 0xC0, 0xC0, 0xC0, 0xC0, 0xC0,
    0xC0, 0xE3, 0x7F, 0x3E, 0x0C, 0x0C, 0x18, 0x00, 0x3E, 0x7F, 0xE2, 0xC0, 0xC0, 0xC0, 0xE3, 0x7F,
    0x3E, 0x1C, 0x3E, 0x26, 0x00, 0x3E, 0x7F, 0xE3, 0xC0, 0xC0, 0xC0, 0xC0, 0xC0, 0xC0, 0xE3, 0x7F,
    0x3E, 0x1C, 0x3E, 0x66, 0x00, 0x3E, 0x7F, 0xE2, 0xC0, 0xC0, 0xC0, 0xE3, 0x7F, 0x3E, 0x1C, 0x1C,
    0x00, 0x00, 0x3E, 0x7F, 0xE3, 0xC0, 0xC0, 0xC0, 0xC0, 0xC0, 0xC0, 0xE3, 0x7F, 0x3E, 0x18, 0x18,
    0x00, 0x00, 0x3E, 0x7F, 0xE2, 0xC0, 0xC0, 0xC0, 0xE3, 0x7F, 0x3E, 0x26, 0x3E, 0x1C, 0x00, 0x3E,
    0x7F, 0xE3, 0xC0, 0xC0, 0xC0, 0xC0, 0xC0, 0xC0, 0xE3, 0x7F, 0x3E, 0x66, 0x3E, 0x1C, 0x00, 0x3E,
    0x7F, 0xE2, 0xC0, 0xC0, 0xC0, 0xE3, 0x7F, 0x3E, 0x64, 0x3E, 0x0E, 0x00, 0x0F, 0xC7, 0xF3, 0x0D,
    0x86, 0xC3, 0x61, 0xB0, 0xD8, 0x6C, 0x36, 0x1B, 0xF9, 0xF8, 0x03, 0x60, 0x6C, 0x0D, 0x01, 0x83,
    0xF0, 0xFE, 0x18, 0xC7, 0x18, 0xE3, 0x1C, 0x61, 0x8C, 0x3F, 0x83, 0xF0, 0x7E, 0x1F, 0xC6, 0x19,
    0x86, 0x61, 0xBF, 0x67, 0x99, 0x86, 0x61, 0x98, 0x67, 0xF1, 0xF8, 0x03, 0x0F, 0xC3, 0xC0, 0x67,
    0xF7, 0xFB, 0x0D, 0x86, 0xC3, 0x61, 0xB0, 0xDF, 0xE7, 0xF0, 0x7E, 0x3C, 0x00, 0xFF, 0xFE, 0xC0,
    0xC0, 0xC0, 0xFF, 0xFE, 0xC0, 0xC0, 0xC0, 0xFE, 0xFF, 0x7E, 0x3C, 0x00, 0x3E, 0x7E, 0xC3, 0xC3,
    0xFF, 0xFF, 0xC2, 0x7F, 0x3E, 0x66, 0x7E, 0x3C, 0x00, 0xFF, 0xFE, 0xC0, 0xC0, 0xC0, 0xFF, 0xFE,
    0xC0, 0xC0, 0xC0, 0xFE, 0xFF, 0x66, 0x7E, 0x3C, 0x00, 0x3E, 0x7E, 0xC3, 0xC3, 0xFF, 0xFF, 0xC2,
    0x7F, 0x3E, 0x18, 0x18, 0x00, 0x00, 0xFF, 0xFE, 0xC0, 0xC0, 0xC0, 0xFF, 0xFE, 0xC0, 0xC0, 0xC0,
    0xFE, 0xFF, 0x18, 0x18, 0x00, 0x00, 0x3E, 0x7E, 0xC3, 0xC3, 0xFF, 0xFF, 0xC2, 0x7F, 0x3E, 0xFF,
    0x7F, 0x30, 0x18, 0x0C, 0x07, 0xFB, 0xF9, 0x80, 0xC0, 0x60, 0x3F, 0x9F, 0xE0, 0x60, 0x78, 0x1C,
    0x3E, 0x7F, 0xC3, 0xFF, 0xFF, 0xC0, 0xC3, 0x7F, 0x3E, 0x18, 0x1C, 0x1E, 0x66, 0x3C, 0x3C, 0x00,
    0xFF, 0xFE, 0xC0, 0xC0, 0xC0, 0xFF, 0xFE, 0xC0, 0xC0, 0xC0, 0xFE, 0xFF, 0x66, 0x3C, 0x3C, 0x00,
    0x3E, 0x7E, 0xC3, 0xC3, 0xFF, 0xFF, 0xC2, 0x7F, 0x3E, 0x1E, 0x0F, 0x8C, 0xC0, 0x03, 0xF1, 0xFD,
    0x86, 0xC0, 0x60, 0x30, 0x19, 0xEC, 0xF6, 0x1B, 0x0D, 0xFE, 0x7F, 0x3C, 0x3C, 0x66, 0x00, 0x7F,
    0xFF, 0xC3, 0xC3, 0xC3, 0xC3, 0xC3, 0xFF, 0x7F, 0x03, 0xFE, 0x7C, 0x33, 0x1F, 0x87, 0x80, 0x03,
    0xF1, 0xFD, 0x86, 0xC0, 0x60, 0x30, 0x19, 0xEC, 0xF6, 0x1B, 0x0D, 0xFE, 0x7F, 0x66, 0x7E, 0x3C,
    0x00, 0x7F, 0xFF, 0xC3, 0xC3, 0xC3, 0xC3, 0xC3, 0xFF, 0x7F, 0x03, 0xFE, 0x7C, 0x0C, 0x06, 0x00,
    0x00, 0x03, 0xF1, 0xFD, 0x86, 0xC0, 0x60, 0x30, 0x19, 0xEC, 0xF6, 0x1B, 0x0D, 0xFE, 0x7F, 0x18,
    0x38, 0x00, 0x00, 0x7F, 0xFF, 0xC3, 0xC3, 0xC3, 0xC3, 0xC3, 0xFF, 0x7F, 0x03, 0xFE, 0x7C, 0x3F,
    0x1F, 0xD8, 0x6C, 0x06, 0x03, 0x01, 0x9E, 0xCF, 0x61, 0xB0, 0xDF, 0xE7, 0xF0, 0x00, 0x60, 0x30,
    0x30, 0x18, 0x18, 0x18, 0x00, 0x7F, 0xFF, 0xC3, 0xC3, 0xC3, 0xC3, 0xC3, 0xFF, 0x7F, 0x03, 0xFE,
    0x7C, 0x3C, 0x3C, 0x66, 0x00, 0xC3, 0xC3, 0xC3, 0xC3, 0xC3, 0xFF, 0xFF, 0xC3, 0xC3, 0xC3, 0xC3,
    0xC3, 0x38, 0x1F, 0x0C, 0xC0, 0xC0, 0x30, 0x0C, 0x03, 0x00, 0xFE, 0x3F, 0x8C, 0x33, 0x0C, 0xC3,
    0x30, 0xCC, 0x33, 0x0C, 0xC3, 0x61, 0x98, 0x6F, 0xFF, 0xFF, 0x61, 0x9F, 0xE7, 0xF9, 0x86, 0x61,
    0x98, 0x66, 0x19, 0x86, 0x60, 0x30, 0x3F, 0x0F, 0x07, 0xF3, 0xF9, 0x86, 0xC3, 0x61, 0xB0, 0xD8,
    0x6C, 0x36, 0x18, 0x7A, 0x7E, 0x00, 0xFF, 0x7E, 0x18, 0x18, 0x18, 0x18, 0x18, 0x18, 0x18, 0x18,
    0x7E, 0xFF, 0x3A, 0x1F, 0x00, 0x00, 0x0F, 0xC3, 0xE0, 0x70, 0x38, 0x1C, 0x0E, 0x07, 0x0F, 0xEF,
    0xF0, 0x7E, 0x3C, 0x00, 0xFF, 0x7E, 0x18, 0x18, 0x18, 0x18, 0x18, 0x18, 0x18, 0x18, 0x7E, 0xFF,
    0x3E, 0x1F, 0x00, 0x1F, 0x87, 0xC0, 0xE0, 0x70, 0x38, 0x1C, 0x0E, 0x1F, 0xDF, 0xE0, 0x66, 0x7E,
    0x3C, 0x00, 0xFF, 0x7E, 0x18, 0x18, 0x18, 0x18, 0x18, 0x18, 0x18, 0x18, 0x7E, 0xFF, 0x22, 0x1B,
    0x0F, 0x81, 0x0F, 0xC3, 0xE0, 0x70, 0x38, 0x1C, 0x0E, 0x07, 0x0F, 0xEF, 0xF0, 0xFF, 0x7E, 0x18,
    0x18, 0x18, 0x18, 0x18, 0x18, 0x18, 0x18, 0x7E, 0xFF, 0x06, 0x0F, 0x0F, 0x1C, 0x0E, 0x00, 0x00,
    0x0F, 0xC3, 0xE0, 0x70, 0x38, 0x1C, 0x0E, 0x07, 0x0F, 0xEF, 0xF0, 0x38, 0x1C, 0x0F, 0x18, 0x18,
    0x00, 0x00, 0xFF, 0x7E, 0x18, 0x18, 0x18, 0x18, 0x18, 0x18, 0x18, 0x18, 0x7E, 0xFF, 0xFC, 0x3E,
    0x07, 0x03, 0x81, 0xC0, 0xE0, 0x70, 0xFE, 0xFF, 0x00, 0xC3, 0xC3, 0xC3, 0xC3, 0xC3, 0xC3, 0xC3,
    0x03, 0x03, 0xC3, 0xFE, 0x7C, 0xE7, 0xE7, 0x00, 0x00, 0xC3, 0xC3, 0xC3, 0xC3, 0xC3, 0xC3, 0xC3,
    0xC3, 0xC3, 0x03, 0x3E, 0x7E, 0x1C, 0x7D, 0x98, 0x07, 0xE7, 0xC1, 0x83, 0x06, 0x0C, 0x18, 0x30,
    0x78, 0xFF, 0xBE, 0x0E, 0x0F, 0x86, 0x40, 0x0F, 0xE3, 0xF0, 0x38, 0x1C, 0x0E, 0x07, 0x03, 0x81,
    0xC0, 0xE0, 0x71, 0xF1, 0xF8, 0xC3, 0xE3, 0xB3, 0x99, 0x8D, 0x87, 0xC3, 0xF1, 0xD8, 0xCE, 0x63,
    0xB0, 0xD8, 0x70, 0x00, 0xE0, 0x60, 0x30, 0xC0, 0x60, 0x30, 0x18, 0x0C, 0x76, 0x73, 0x71, 0xF0,
    0xFC, 0x76, 0x31, 0x98, 0xEC, 0x38, 0x00, 0x70, 0x30, 0x18, 0x00, 0xC3, 0x63, 0x33, 0x1F, 0x0F,
    0xC7, 0x63, 0x19, 0x8E, 0xC3, 0x80, 0x30, 0x70, 0x60, 0x40, 0x60, 0x60, 0x60, 0x60, 0x60, 0x60,
    0x60, 0x60, 0x60, 0x60, 0x7F, 0x7F, 0x0C, 0x0C, 0x18, 0xF8, 0x78, 0x18, 0x18, 0x18, 0x18, 0x18,
    0x18, 0x18, 0x18, 0x18, 0x7E, 0xFF, 0xC1, 0x83, 0x06, 0x0C, 0x18, 0x30, 0x60, 0xC1, 0x83, 0xFF,
    0xF0, 0x07, 0x0C, 0x18, 0xF8, 0x78, 0x18, 0x18, 0x18, 0x18, 0x18, 0x18, 0x18, 0x18, 0x18, 0x7E,
    0xFF, 0x00, 0x18, 0x18, 0x30, 0xD9, 0xB3, 0xC6, 0x0C, 0x18, 0x30, 0x60, 0xC1, 0x83, 0xFF, 0xF0,
    0xF8, 0x7B, 0x1B, 0x1B, 0x18, 0x18, 0x18, 0x18, 0x18, 0x18, 0x18, 0x7E, 0xFF, 0xC1, 0x83, 0x06,
    0x0C, 0x19, 0xB3, 0xE0, 0xC1, 0x83, 0xFF, 0xF0, 0xF8, 0x3C, 0x06, 0x03, 0x01, 0x80, 0xC0, 0x6E,
    0x37, 0x18, 0x0C, 0x06, 0x0F, 0xCF, 0xF0, 0x30, 0x18, 0x0C, 0x06, 0x03, 0x21, 0xF3, 0xF1, 0xE0,
    0x30, 0x18, 0x0F, 0xE7, 0xF0, 0xF8, 0x78, 0x18, 0x18, 0x18, 0x1A, 0x1F, 0x7C, 0xF8, 0x18, 0x18,
    0x7E, 0xFF, 0x0C, 0x0C, 0x18, 0x10, 0xE3, 0xE3, 0xF3, 0xF3, 0xF3, 0xDB, 0xDB, 0xCF, 0xCF, 0xCF,
    0xC7, 0xC7, 0x0C, 0x0C, 0x18, 0x00, 0xFE, 0xFE, 0xC3, 0xC3, 0xC3, 0xC3, 0xC3, 0xC3, 0xC3, 0xE3,
    0xE3, 0xF3, 0xF3, 0xF3, 0xDB, 0xDB, 0xCF, 0xCF, 0xCF, 0xC7, 0xC7, 0x00, 0x18, 0x18, 0x30, 0xFE,
    0xFE, 0xC3, 0xC3, 0xC3, 0xC3, 0xC3, 0xC3, 0xC3, 0x00, 0x18, 0x18, 0x30, 0x66, 0x3C, 0x3C, 0x00,
    0xE3, 0xE3, 0xF3, 0xF3, 0xF3, 0xDB, 0xDB, 0xCF, 0xCF, 0xCF, 0xC7, 0xC7, 0x66, 0x3C, 0x3C, 0x00,
    0xFE, 0xFE, 0xC3, 0xC3, 0xC3, 0xC3, 0xC3, 0xC3, 0xC3, 0xC0, 0x60, 0x20, 0x00, 0x07, 0xF3, 0xF9,
    0x86, 0xC3, 0x61, 0xB0, 0xD8, 0x6C, 0x36, 0x18, 0xE3, 0xE3, 0xF3, 0xF3, 0xF3, 0xDB, 0xDB, 0xCF,
    0xCF, 0xCF, 0xC7, 0xC7, 0x03, 0x3F, 0x7F, 0xFE, 0xFE, 0xC3, 0xC3, 0xC3, 0xC3, 0xC3, 0xC3, 0xC3,
    0x03, 0x3F, 0x3E, 0x3F, 0x07, 0x80, 0x00, 0xFC, 0x3F, 0x18, 0x66, 0x19, 0x86, 0x61, 0x98, 0x66,
    0x19, 0x86, 0x61, 0x8F, 0xC3, 0xF0, 0x7E, 0x3C, 0x00, 0x7E, 0x7E, 0xC3, 0xC3, 0xC3, 0xC3, 0xC3,
    0x7E, 0x7E, 0x33, 0x0F, 0xC1, 0xE0, 0x00, 0x3F, 0x0F, 0xC6, 0x19, 0x86, 0x61, 0x98, 0x66, 0x19,
    0x86, 0x61, 0x98, 0x63, 0xF0, 0xFC, 0x66, 0x7E, 0x3C, 0x00, 0x7E, 0x7E, 0xC3, 0xC3, 0xC3, 0xC3,
    0xC3, 0x7E, 0x7E, 0x0D, 0x06, 0xC1, 0xA0, 0x48, 0x3F, 0x0F, 0xC6, 0x19, 0x86, 0x61, 0x98, 0x66,
    0x19, 0x86, 0x61, 0x98, 0x63, 0xF0, 0xFC, 0x1E, 0x36, 0x3C, 0x00, 0x7E, 0x7E, 0xC3, 0xC3, 0xC3,
    0xC3, 0xC3, 0x7E, 0x7E, 0x3F, 0xDF, 0xE6, 0x63, 0x98, 0xC6, 0x31, 0xFC, 0x7B, 0x18, 0xE6, 0x19,
    0x87, 0xF8, 0xFF, 0x7F, 0xBF, 0xFC, 0xCF, 0x33, 0xCF, 0xF3, 0xFC, 0xCB, 0xFF, 0x7F, 0x80, 0x0C,
    0x06, 0x06, 0x01, 0x0F, 0xE7, 0xFB, 0x0D, 0x86, 0xC3, 0x63, 0xBF, 0x9F, 0x8C, 0xC6, 0x33, 0x1D,
    0x86, 0x06, 0x07, 0x03, 0x00, 0x0F, 0xFB, 0xF8, 0xE0, 0x70, 0x38, 0x1C, 0x0E, 0x0F, 0xCF, 0xF0,
    0xFE, 0x7F, 0xB0, 0xD8, 0x6C, 0x36, 0x3B, 0xF9, 0xF8, 0xCC, 0x63, 0x31, 0xD8, 0x60, 0x00, 0xC0,
    0x60, 0x20, 0xFF, 0xBF, 0x8E, 0x07, 0x03, 0x81, 0xC0, 0xE0, 0xFC, 0xFF, 0x00, 0x0E, 0x06, 0x03,
    0x00, 0x66, 0x1F, 0x0F, 0x00, 0x0F, 0xE7, 0xFB, 0x0D, 0x86, 0xC3, 0x63, 0xBF, 0x9F, 0x8C, 0xC6,
    0x33, 0x1D, 0x86, 0x33, 0x1F, 0x07, 0x80, 0x0F, 0xFB, 0xF8, 0xE0, 0x70, 0x38, 0x1C, 0x0E, 0x0F,
    0xCF, 0xF0, 0x06, 0x01, 0x80, 0xC0, 0x20, 0x3F, 0x1F, 0xE6, 0x19, 0x80, 0x70, 0x0F, 0xC1, 0xF8,
    0x06, 0x01, 0x98, 0x67, 0xF8, 0xFC, 0x0C, 0x1C, 0x18, 0x00, 0x7E, 0xFF, 0xC0, 0xF0, 0x7E, 0x07,
    0xC3, 0xFF, 0x7E, 0x1E, 0x07, 0x83, 0x30, 0x00, 0x3F, 0x1F, 0xE6, 0x19, 0x80, 0x70, 0x0F, 0xC1,
    0xF8, 0x06, 0x01, 0x98, 0x67, 0xF8, 0xFC, 0x3C, 0x3C, 0x66, 0x00, 0x7E, 0xFF, 0xC0, 0xF0, 0x7E,
    0x07, 0xC3, 0xFF, 0x7E, 0x3F, 0x1F, 0xE6, 0x19, 0x80, 0x70, 0x0F, 0x81, 0xF8, 0x06, 0x01, 0x98,
    0x67, 0xF8, 0xFC, 0x0E, 0x03, 0x81, 0xE0, 0x7E, 0xFF, 0xC0, 0xF0, 0x7E, 0x07, 0xC3, 0xFF, 0x7E,
    0x1C, 0x1C, 0x3C, 0x33, 0x07, 0x81, 0xE0, 0x00, 0x3F, 0x1F, 0xE6, 0x19, 0x80, 0x70, 0x0F, 0xC1,
    0xF8, 0x06, 0x01, 0x98, 0x67, 0xF8, 0xFC, 0x66, 0x3C, 0x3C, 0x00, 0x7E, 0xFF, 0xC0, 0xF0, 0x7E,
    0x07, 0xC3, 0xFF, 0x7E, 0xFF, 0xDF, 0xE0, 0xC0, 0x30, 0x0C, 0x03, 0x00, 0xC0, 0x30, 0x0C, 0x03,
    0x00, 0xC0, 0x30, 0x00, 0x03, 0x00, 0xC0, 0x60, 0x18, 0x0C, 0x06, 0x1F, 0xF7, 0xF8, 0xC0, 0x60,
    0x30, 0x18, 0x0C, 0x07, 0xC1, 0xF0, 0x00, 0x30, 0x18, 0x0C, 0x33, 0x07, 0x81, 0xE0, 0x00, 0xFF,
    0xDF, 0xE0, 0xC0, 0x30, 0x0C, 0x03, 0x00, 0xC0, 0x30, 0x0C, 0x03, 0x00, 0xC0, 0x30, 0x1B, 0x8D,
    0x86, 0xDF, 0xF7, 0xF8, 0xC0, 0x60, 0x30, 0x18, 0x0C, 0x07, 0xC1, 0xF0, 0xFF, 0xDF, 0xE0, 0xC0,
    0x30, 0x0C, 0x1F, 0xE3, 0xF0, 0x30, 0x0C, 0x03, 0x00, 0xC0, 0x30, 0x18, 0x0C, 0x06, 0x1F, 0xF7,
    0xF0, 0xC0, 0x60, 0xFE, 0x3F, 0x0C, 0x07, 0xC1, 0xF0, 0x7A, 0x7E, 0x00, 0xC3, 0xC3, 0xC3, 0xC3,
    0xC3, 0xC3, 0xC3, 0xC3, 0xC3, 0xC3, 0x7E, 0x7E, 0x7A, 0x7E, 0x00, 0x00, 0xC3, 0xC3, 0xC3, 0xC3,
    0xC3, 0xC3, 0xC3, 0x7F, 0x7F, 0x7E, 0x3C, 0x00, 0xC3, 0xC3, 0xC3, 0xC3, 0xC3, 0xC3, 0xC3, 0xC3,
    0xC3, 0xC3, 0x7E, 0x7E, 0x7E, 0x3C, 0x00, 0xC3, 0xC3, 0xC3, 0xC3, 0xC3, 0xC3, 0xC3, 0x7F, 0x7F,
    0x66, 0x7E, 0x3C, 0x00, 0xC3, 0xC3, 0xC3, 0xC3, 0xC3, 0xC3, 0xC3, 0xC3, 0xC3, 0xC3, 0x7E, 0x7E,
    0x66, 0x7E, 0x3C, 0x00, 0xC3, 0xC3, 0xC3, 0xC3, 0xC3, 0xC3, 0xC3, 0x7F, 0x7F, 0x3C, 0x3C, 0x3C,
    0x3C, 0x00, 0xC3, 0xC3, 0xC3, 0xC3, 0xC3, 0xC3, 0xC3, 0xC3, 0xC3, 0xC3, 0x7E, 0x7E, 0x3C, 0x3C,
    0x3C, 0x3C, 0x00, 0xC3, 0xC3, 0xC3, 0xC3, 0xC3, 0xC3, 0xC3, 0x7F, 0x7F, 0x1A, 0x36, 0x34, 0x24,
    0xC3, 0xC3, 0xC3, 0xC3, 0xC3, 0xC3, 0xC3, 0xC3, 0xC3, 0xC3, 0x7E, 0x7E, 0x1E, 0x36, 0x3C, 0x00,
    0xC3, 0xC3, 0xC3, 0xC3, 0xC3, 0xC3, 0xC3, 0x7F, 0x7F, 0xC3, 0xC3, 0xC3, 0xC3, 0xC3, 0xC3, 0xC3,
    0xC3, 0xC3, 0xC3, 0x7E, 0x7C, 0x18, 0x1C, 0x1C, 0xC3, 0xC3, 0xC3, 0xC3, 0xC3, 0xC3, 0xC3, 0x7F,
    0x7F, 0x06, 0x0C, 0x0F, 0x1E, 0x07, 0x83, 0x30, 0x00, 0xC0, 0xF0, 0x3C, 0x0F, 0x33, 0x6C, 0x9F,
    0xE7, 0xF9, 0xFE, 0x7F, 0x9C, 0xE7, 0x39, 0xCE, 0x1E, 0x07, 0x83, 0x30, 0x00, 0xCC, 0xF3, 0x3D,
    0xED, 0xFA, 0x7F, 0x9F, 0xE7, 0x39, 0xCE, 0x73, 0x80, 0x1E, 0x07, 0x83, 0x30, 0x00, 0xE1, 0xD8,
    0x67, 0x38, 0xCC, 0x3F, 0x07, 0x81, 0xE0, 0x30, 0x0C, 0x03, 0x00, 0xC0, 0x30, 0x1E, 0x07, 0x83,
    0x30, 0x00, 0x61, 0x98, 0x63, 0x30, 0xCC, 0x33, 0x07, 0x81, 0xE0, 0x30, 0x0C, 0x03, 0x03, 0x81,
    0xE0, 0x3F, 0x0F, 0xC0, 0x00, 0x00, 0xE1, 0xD8, 0x67, 0x38, 0xCC, 0x3F, 0x07, 0x81, 0xE0, 0x30,
    0x0C, 0x03, 0x00, 0xC0, 0x30, 0x06, 0x01, 0x80, 0xC0, 0x20, 0x7F, 0x9F, 0xE0, 0x38, 0x1C, 0x06,
    0x03, 0x01, 0xC0, 0x60, 0x30, 0x1C, 0x07, 0xFB, 0xFF, 0x0C, 0x0C, 0x18, 0x00, 0xFF, 0x7F, 0x0E,
    0x0C, 0x18, 0x30, 0x60, 0xFE, 0xFF, 0x0C, 0x03, 0x00, 0x00, 0x00, 0x7F, 0x9F, 0xE0, 0x38, 0x1C,
    0x06, 0x03, 0x01, 0xC0, 0x60, 0x30, 0x1C, 0x07, 0xFB, 0xFF, 0x18, 0x18, 0x00, 0x00, 0xFF, 0x7F,
    0x0E, 0x0C, 0x18, 0x30, 0x60, 0xFE, 0xFF, 0x33, 0x07, 0x81, 0xE0, 0x00, 0x7F, 0x9F, 0xE0, 0x38,
    0x1C, 0x06, 0x03, 0x01, 0xC0, 0x60, 0x30, 0x1C, 0x07, 0xFB, 0xFF, 0x66, 0x3C, 0x3C, 0x00, 0xFF,
    0x7F, 0x0E, 0x0C, 0x18, 0x30, 0x60, 0xFE, 0xFF, 0x00, 0xC0, 0x33, 0xF8, 0xFE, 0x61, 0x98, 0x66,
    0x19, 0x86, 0x61, 0x98, 0x66, 0x19, 0x86, 0x3F, 0x0F, 0xC0, 0x03, 0x03, 0x7F, 0x7E, 0xC3, 0xC3,
    0xC3, 0xC3, 0xC3, 0x7E, 0x7E, 0x01, 0x80, 0xF0, 0xF8, 0x6C, 0x36, 0x1B, 0x0D, 0x86, 0xC3, 0x61,
    0xB0, 0xD8, 0x67, 0xE3, 0xF0, 0x01, 0x80, 0xF0, 0xF8, 0x6C, 0x36, 0x1B, 0x0D, 0x86, 0xC3, 0x3F,
    0x9F, 0xC0, 0x06, 0x01, 0x80, 0xC0, 0x78, 0x1E, 0x07, 0x81, 0xE0, 0x00, 0x0C, 0x07, 0x81, 0xE0,
    0x78, 0x33, 0x0C, 0xC3, 0x31, 0xFE, 0x7F, 0x98, 0x66, 0x1B, 0x03, 0x08, 0x0C, 0x06, 0x07, 0x03,
    0xC3, 0x60, 0xF0, 0x00, 0x7C, 0x7F, 0x11, 0x80, 0xC7, 0xE7, 0xF3, 0x19, 0xFE, 0x7F, 0x80, 0x01,
    0x80, 0xE0, 0x30, 0x08, 0x1F, 0xC7, 0xE1, 0xE0, 0x78, 0x36, 0x0D, 0xF3, 0x79, 0xF8, 0x7E, 0x19,
    0x86, 0x7B, 0x1F, 0x06, 0x01, 0x80, 0xC0, 0x00, 0x7F, 0xBF, 0xF4, 0xCC, 0x33, 0x7F, 0xFF, 0xFC,
    0xCB, 0xFF, 0x77, 0x80, 0x06, 0x01, 0x80, 0xC0, 0x22, 0x3F, 0x8F, 0xE6, 0x39, 0x8E, 0x67, 0x9B,
    0x66, 0xD9, 0xE6, 0x79, 0x9C, 0x67, 0xF1, 0xFC, 0x40, 0x00, 0x06, 0x01, 0x80, 0xC0, 0x02, 0x3F,
    0x8F, 0xE6, 0x39, 0x9E, 0x6D, 0x9E, 0x67, 0x19, 0xFC, 0x7F, 0x10, 0x00, 0x3F, 0x1F, 0xE6, 0x19,
    0x80, 0x70, 0x0F, 0xC1, 0xF8, 0x06, 0x01, 0x98, 0x67, 0xF8, 0xFC, 0x00, 0x03, 0x01, 0xC0, 0x60,
    0x7E, 0xFF, 0xC0, 0xF0, 0x7E, 0x07, 0xC3, 0xFF, 0x7E, 0x00, 0x18, 0x38, 0x30, 0xFF, 0xDF, 0xE0,
    0xC0, 0x30, 0x0C, 0x03, 0x00, 0xC0, 0x30, 0x0C, 0x03, 0x00, 0xC0, 0x30, 0x00, 0x03, 0x00, 0xC0,
    0x60, 0x18, 0x0C, 0x06, 0x1F, 0xF7, 0xF8, 0xC0, 0x60, 0x30, 0x18, 0x0C, 0x07, 0xC1, 0xF0, 0x00,
    0x30, 0x18, 0x0C, 0xD9, 0x80, 0x6F, 0x00, 0x79, 0xEC, 0xC0, 0xF7, 0xF0, 0x00, 0xFD, 0xE0, 0xCF,
    0xF7, 0x80, 0xF0, 0xFF, 0xF0, 0xF7, 0x62, 0xFF, 0xFF, 0x00, 0x3C, 0xD9, 0xE0, 0x00, 0xCD, 0xE7,
    0x80, 0x7B, 0x00, 0xFC, 0x03, 0x3E, 0xF0, 0x6F, 0x00, 0x03, 0x1C, 0xEF, 0x00, 0x33, 0x1C, 0xF2,
    0x00, 0x30, 0x30, 0x18, 0x08, 0xFF, 0xFE, 0xC0, 0xC0, 0xC0, 0xFF, 0xFE, 0xC0, 0xC0, 0xC0, 0xFE,
    0xFF, 0x7E, 0x7E, 0x00, 0x00, 0xFF, 0xFE, 0xC0, 0xC0, 0xC0, 0xFF, 0xFE, 0xC0, 0xC0, 0xC0, 0xFE,
    0xFF, 0xFE, 0x3F, 0x83, 0x80, 0xE0, 0x38, 0x0F, 0xC3, 0xF8, 0xE6, 0x39, 0xCE, 0x73, 0x9C, 0xE7,
    0x01, 0xC0, 0x70, 0xF8, 0x3C, 0x08, 0x30, 0x60, 0x8F, 0xFF, 0xB0, 0x60, 0xC1, 0x83, 0x06, 0x0C,
    0x18, 0x30, 0x60, 0x3E, 0x3F, 0xB8, 0xD8, 0x0C, 0x07, 0xE3, 0xE1, 0x80, 0xC0, 0x71, 0x9F, 0xC7,
    0xC0, 0x3F, 0x1F, 0xE6, 0x19, 0x80, 0x70, 0x0F, 0xC1, 0xF8, 0x06, 0x01, 0x98, 0x67, 0xF8, 0xFC,
    0xFF, 0x7E, 0x18, 0x18, 0x18, 0x18, 0x18, 0x18, 0x18, 0x18, 0x7E, 0xFF, 0x7E, 0x7E, 0x00, 0x00,
    0xFF, 0x7E, 0x18, 0x18, 0x18, 0x18, 0x18, 0x18, 0x18, 0x18, 0x7E, 0xFF, 0x7E, 0x7C, 0x18, 0x30,
    0x60, 0xC1, 0x83, 0x07, 0x8F, 0xFB, 0xE0, 0x3E, 0x0F, 0x83, 0x60, 0xD8, 0x36, 0x0D, 0xE7, 0x7D,
    0x9B, 0x66, 0xD9, 0xBE, 0x7F, 0x1E, 0xCC, 0x33, 0x0C, 0xC3, 0x30, 0xCC, 0x3F, 0xEF, 0xFF, 0x33,
    0xCC, 0xF3, 0x3C, 0xFB, 0x3E, 0xFE, 0x3F, 0x83, 0x80, 0xE0, 0x38, 0x0F, 0xE3, 0xF8, 0xE6, 0x39,
    0xCE, 0x73, 0x9C, 0xE7, 0x0C, 0x0E, 0x06, 0x02, 0x0C, 0x36, 0x33, 0x19, 0x98, 0xCC, 0x7C, 0x3F,
    0x19, 0x8C, 0xE6, 0x33, 0x1D, 0x87, 0x30, 0x30, 0x18, 0x08, 0xC3, 0xC7, 0xC7, 0xCF, 0xCF, 0xDB,
    0xDB, 0xF3, 0xF3, 0xE3, 0xE3, 0xC3, 0x33, 0x0C, 0xC1, 0xE0, 0x00, 0x61, 0xD8, 0x67, 0x18, 0xCC,
    0x33, 0x06, 0xC1, 0xE0, 0x38, 0x0E, 0x03, 0x01, 0xC0, 0xE0, 0xC3, 0xC3, 0xC3, 0xC3, 0xC3, 0xC3,
    0xC3, 0xC3, 0xC3, 0xC3, 0xFF, 0xFF, 0x18, 0x18, 0x18, 0x0C, 0x07, 0x81, 0xE0, 0x78, 0x33, 0x0C,
    0xC3, 0x31, 0xFE, 0x7F, 0x98, 0x66, 0x1B, 0x03, 0xFE, 0xFE, 0xC0, 0xC0, 0xC0, 0xFE, 0xFF, 0xC3,
    0xC3, 0xC3, 0xFF, 0xFE, 0xFE, 0x7F, 0xB0, 0xD8, 0x6C, 0x77, 0xF3, 0xFD, 0x86, 0xC3, 0x61, 0xBF,
    0xDF, 0xC0, 0xFF, 0xFB, 0x06, 0x0C, 0x18, 0x30, 0x60, 0xC1, 0x83, 0x06, 0x00, 0x3F, 0x8F, 0xE3,
    0xB8, 0xEE, 0x3B, 0x8E, 0xE3, 0x38, 0xCE, 0x33, 0x8C, 0xE7, 0xFB, 0xFF, 0xC0, 0xF0, 0x3C, 0x0C,
    0xFF, 0xFE, 0xC0, 0xC0, 0xC0, 0xFF, 0xFE, 0xC0, 0xC0, 0xC0, 0xFE, 0xFF, 0xCC, 0xF3, 0x36, 0xD9,
    0xB6, 0x6D, 0x8F, 0xC7, 0xF9, 0xB6, 0x6D, 0xBB, 0x7C, 0xCF, 0x33, 0x3F, 0x3F, 0x88, 0xE0, 0x30,
    0x30, 0xF0, 0x7C, 0x03, 0x01, 0xB0, 0xDF, 0xC7, 0xE0, 0xC3, 0xC7, 0xC7, 0xCF, 0xCF, 0xDB, 0xDB,
    0xF3, 0xF3, 0xE3, 0xE3, 0xC3, 0x66, 0x66, 0x3C, 0x00, 0xC3, 0xC7, 0xC7, 0xCF, 0xCF, 0xDB, 0xDB,
    0xF3, 0xF3, 0xE3, 0xE3, 0xC3, 0xC3, 0x63, 0x31, 0x99, 0x8C, 0xC7, 0xC3, 0xF1, 0x98, 0xCE, 0x63,
    0x31, 0xD8, 0x70, 0x3F, 0x9F, 0xCC, 0x66, 0x33, 0x19, 0x8C, 0xC6, 0x63, 0x31, 0x98, 0xF8, 0x7C,
    0x30, 0xE3, 0xE7, 0xE7, 0xFF, 0xFF, 0xFF, 0xDB, 0xDB, 0xC3, 0xC3, 0xC3, 0xC3, 0xC3, 0xC3, 0xC3,
    0xC3, 0xC3, 0xFF, 0xFF, 0xC3, 0xC3, 0xC3, 0xC3, 0xC3, 0x3F, 0x0F, 0xC6, 0x19, 0x86, 0x61, 0x98,
    0x66, 0x19, 0x86, 0x61, 0x98, 0x63, 0xF0, 0xFC, 0xFF, 0xFF, 0xC3, 0xC3, 0xC3, 0xC3, 0xC3, 0xC3,
    0xC3, 0xC3, 0xC3, 0xC3, 0xFE, 0x7F, 0xB0, 0xD8, 0x6C, 0x36, 0x3B, 0xF9, 0xF0, 0xC0, 0x60, 0x30,
    0x18, 0x00, 0x3E, 0x7F, 0xE3, 0xC0, 0xC0, 0xC0, 0xC0, 0xC0, 0xC0, 0xE3, 0x7F, 0x3E, 0xFF, 0xDF,
    0xE0, 0xC0, 0x30, 0x0C, 0x03, 0x00, 0xC0, 0x30, 0x0C, 0x03, 0x00, 0xC0, 0x30, 0x61, 0xD8, 0x67,
    0x18, 0xCC, 0x33, 0x06, 0xC1, 0xE0, 0x38, 0x0E, 0x03, 0x01, 0xC0, 0xE0, 0x0C, 0x03, 0x03, 0xF1,
    0xFE, 0x6D, 0xB3, 0x3C, 0xCF, 0x33, 0xCC, 0xDB, 0x67, 0xF8, 0xFC, 0x0C, 0x03, 0x00, 0x61, 0xD8,
    0x63, 0x30, 0xFC, 0x1E, 0x03, 0x81, 0xE0, 0x78, 0x3B, 0x0C, 0xC6, 0x1B, 0x87, 0xC3, 0x61, 0xB0,
    0xD8, 0x6C, 0x36, 0x1B, 0x0D, 0x86, 0xC3, 0x61, 0xBF, 0xFF, 0xF0, 0x18, 0x0C, 0x06, 0xC3, 0xC3,
    0xC3, 0xC3, 0xC3, 0xE7, 0x7F, 0x13, 0x03, 0x03, 0x03, 0x03, 0xED, 0xFB, 0x7E, 0xDF, 0xB7, 0xED,
    0xFB, 0x7E, 0xDF, 0xB7, 0xED, 0xFB, 0x7F, 0xFF, 0xFF, 0xD9, 0xB6, 0x6D, 0x9B, 0x66, 0xD9, 0xB6,
    0x6D, 0x9B, 0x66, 0xD9, 0xB6, 0x6F, 0xFF, 0xFF, 0x00, 0xC0, 0x30, 0x0C, 0xF8, 0x3E, 0x03, 0x80,
    0xE0, 0x38, 0x0F, 0xE3, 0xFC, 0xE3, 0x38, 0xCE, 0x33, 0xFC, 0xFE, 0xE1, 0xF8, 0x7E, 0x1F, 0x87,
    0xE1, 0xFF, 0x7F, 0xDF, 0x9F, 0xE7, 0xF9, 0xFF, 0xDF, 0xF7, 0xC0, 0x60, 0x30, 0x18, 0x0C, 0x07,
    0xF3, 0xFD, 0x86, 0xC3, 0x61, 0xBF, 0xDF, 0xC0, 0x3E, 0x3F, 0x98, 0xE0, 0x30, 0x18, 0xFC, 0x3E,
    0x03, 0x01, 0xB1, 0xDF, 0xC7, 0xC0, 0xEF, 0xBB, 0xEF, 0x9B, 0xE6, 0xF9, 0xFE, 0x7F, 0x9F, 0xE7,
    0xF9, 0xBE, 0x6E, 0xFB, 0xBE, 0x3F, 0xBF, 0xD8, 0x6C, 0x36, 0x1B, 0x8C, 0xFE, 0x3F, 0x39, 0x98,
    0xDC, 0x7C, 0x30, 0x7C, 0x7F, 0x11, 0x80, 0xC7, 0xE7, 0xF3, 0x19, 0xFE, 0x7F, 0x80, 0x3F, 0x7E,
    0x60, 0xC0, 0xFE, 0xFE, 0xC3, 0xC3, 0xC3, 0xC3, 0xC3, 0x7E, 0x3E, 0xFE, 0xFF, 0xE3, 0xE7, 0xFE,
    0xFF, 0xE3, 0xFF, 0xFE, 0xFF, 0xFB, 0x06, 0x0C, 0x18, 0x30, 0x60, 0xC0, 0x3F, 0x0F, 0xC3, 0x30,
    0xCC, 0x33, 0x0C, 0xC3, 0x31, 0xFE, 0xFF, 0xF0, 0x3C, 0x0F, 0x03, 0x3E, 0x7E, 0xC3, 0xC3, 0xFF,
    0xFF, 0xC2, 0x7F, 0x3E, 0xCC, 0xDB, 0x66, 0xD9, 0xB6, 0x3F, 0x1F, 0xE6, 0xD9, 0xB6, 0xCC, 0xC0,
    0x7E, 0xFE, 0xC6, 0x06, 0x3E, 0x3E, 0x03, 0xFE, 0x7E, 0xC7, 0xC7, 0xCF, 0xCF, 0xDB, 0xF3, 0xF3,
    0xE3, 0xE3, 0x66, 0x66, 0x3C, 0x00, 0xC7, 0xC7, 0xCF, 0xCF, 0xDB, 0xF3, 0xF3, 0xE3, 0xE3, 0xE3,
    0xE6, 0xEE, 0xEC, 0xF8, 0xFC, 0xEE, 0xE7, 0xE3, 0x3F, 0x9F, 0xCC, 0x66, 0x33, 0x19, 0x8C, 0xC6,
    0xC3, 0xE1, 0x80, 0xE3, 0xE7, 0xE7, 0xFF, 0xFF, 0xDB, 0xDB, 0xC3, 0xC3, 0xC3, 0xC3, 0xC3, 0xC3,
    0xFF, 0xFF, 0xC3, 0xC3, 0xC3, 0x7E, 0x7E, 0xC3, 0xC3, 0xC3, 0xC3, 0xC3, 0x7E, 0x7E, 0xFF, 0xFF,
    0xC3, 0xC3, 0xC3, 0xC3, 0xC3, 0xC3, 0xC3, 0xFE, 0xFF, 0xC3, 0xC3, 0xC3, 0xC3, 0xC3, 0xFF, 0xFE,
    0xC0, 0xC0, 0xC0, 0x3E, 0x7F, 0xE2, 0xC0, 0xC0, 0xC0, 0xE3, 0x7F, 0x3E, 0xFF, 0xFF, 0x18, 0x18,
    0x18, 0x18, 0x18, 0x18, 0x18, 0x61, 0x98, 0x63, 0x30, 0xCC, 0x33, 0x07, 0x81, 0xE0, 0x30, 0x0C,
    0x03, 0x03, 0x81, 0xE0, 0x0C, 0x03, 0x00, 0xC1, 0xFE, 0x7F, 0xB3, 0x3C, 0xCF, 0x33, 0xCC, 0xF3,
    0x37, 0xF9, 0xFE, 0x0C, 0x03, 0x00, 0xC0, 0xC3, 0x66, 0x7E, 0x3C, 0x18, 0x3C, 0x7E, 0x66, 0xC3,
    0xC6, 0x63, 0x31, 0x98, 0xCC, 0x66, 0x33, 0x19, 0xFE, 0xFF, 0x80, 0xC0, 0x60, 0x30, 0xC7, 0xC7,
    0xC7, 0xC7, 0xE7, 0x7F, 0x17, 0x07, 0x07, 0x6D, 0x9B, 0x66, 0xD9, 0xB6, 0x6D, 0x9B, 0x66, 0xD9,
    0xB6, 0x7F, 0x80, 0xCD, 0xB3, 0x6C, 0xDB, 0x36, 0xCD, 0xB3, 0x6C, 0xDB, 0x76, 0xFF, 0xC0, 0x30,
    0x0C, 0xF0, 0x3C, 0x03, 0x00, 0xFE, 0x3F, 0x8C, 0x73, 0x1C, 0xFE, 0x3F, 0x80, 0x61, 0x98, 0x66,
    0x19, 0xF6, 0x7F, 0x99, 0xE6, 0x79, 0xFE, 0x7D, 0x80, 0xE0, 0xE0, 0xE0, 0xFE, 0xFF, 0xE3, 0xE3,
    0xFF, 0xFE, 0x7C, 0xFE, 0xC7, 0x03, 0x3F, 0x1F, 0x43, 0xFE, 0x7C, 0xCF, 0xB3, 0xED, 0x9B, 0x62,
    0xF8, 0xFE, 0x2D, 0x9B, 0x3E, 0xCF, 0x80, 0x7F, 0xFF, 0xC7, 0xE7, 0x7F, 0x3F, 0x77, 0xE7, 0xE7,
    0x30, 0x38, 0x18, 0x00, 0x3E, 0x7E, 0xC3, 0xC3, 0xFF, 0xFF, 0xC2, 0x7F, 0x3E, 0x7E, 0x7E, 0x00,
    0x00, 0x3E, 0x7E, 0xC3, 0xC3, 0xFF, 0xFF, 0xC2, 0x7F, 0x3E, 0x60, 0x7E, 0x1E, 0x0C, 0x07, 0xF3,
    0xF9, 0x86, 0xC3, 0x61, 0xB0, 0xD8, 0x6C, 0x36, 0x18, 0x0C, 0x7E, 0x3E, 0x18, 0x30, 0xC0, 0x0F,
    0xFF, 0xB0, 0x60, 0xC1, 0x83, 0x06, 0x0C, 0x00, 0x3E, 0x7F, 0xE2, 0xC0, 0xFC, 0xF8, 0xC2, 0x7F,
    0x3E, 0x7E, 0xFF, 0xC0, 0xF0, 0x7E, 0x07, 0xC3, 0xFF, 0x7E, 0x18, 0x18, 0x00, 0x00, 0xF8, 0x78,
    0x18, 0x18, 0x18, 0x18, 0x18, 0x7F, 0xFF, 0x36, 0x1B, 0x00, 0x00, 0x0F, 0xC3, 0xE0, 0x70, 0x38,
    0x1C, 0x0E, 0x07, 0x0F, 0xEF, 0xF0, 0x0E, 0x1C, 0x00, 0x0F, 0xEF, 0xC3, 0x87, 0x0E, 0x1C, 0x38,
    0x70, 0xE1, 0xDF, 0x7E, 0x3E, 0x0F, 0x83, 0x60, 0x9E, 0x67, 0xD9, 0xB6, 0x6F, 0x9F, 0xC7, 0x80,
    0xCC, 0x33, 0x0C, 0xC3, 0x3E, 0xFF, 0xFF, 0x3C, 0xCF, 0x37, 0xCF, 0x80, 0x60, 0x30, 0x3F, 0x0F,
    0x07, 0xF3, 0xF9, 0x86, 0xC3, 0x61, 0xB0, 0xD8, 0x6C, 0x36, 0x18, 0x0C, 0x1C, 0x18, 0x00, 0xE3,
    0xE6, 0xEE, 0xEC, 0xF8, 0xFC, 0xEE, 0xE7, 0xE3, 0x30, 0x30, 0x18, 0x00, 0xC7, 0xC7, 0xCF, 0xCF,
    0xDB, 0xF3, 0xF3, 0xE3, 0xE3, 0x33, 0x0C, 0xC1, 0xE0, 0x00, 0x61, 0x98, 0x63, 0x30, 0xCC, 0x33,
    0x07, 0x81, 0xE0, 0x30, 0x0C, 0x03, 0x03, 0x81, 0xE0, 0xC3, 0xC3, 0xC3, 0xC3, 0xC3, 0xC3, 0xC3,
    0xFF, 0xFF, 0x18, 0x18, 0x18, 0x3F, 0x0F, 0xC6, 0x19, 0x86, 0x61, 0x9F, 0xE7, 0xF9, 0x86, 0x61,
    0x98, 0x63, 0xF0, 0xFC, 0x7E, 0x7E, 0xC3, 0xC3, 0xFF, 0xFF, 0xC3, 0x7E, 0x7E, 0x06, 0x0C, 0x1F,
    0xFF, 0xD8, 0x30, 0x60, 0xC1, 0x83, 0x06, 0x0C, 0x18, 0x30, 0x00, 0x06, 0x0F, 0xFF, 0xEC, 0x18,
    0x30, 0x60, 0xC1, 0x83, 0x00, 0x3F, 0x8F, 0xE3, 0x00, 0xC0, 0x30, 0x3F, 0xC7, 0xE0, 0xC0, 0x30,
    0x0C, 0x03, 0x00, 0xC0, 0x3F, 0x9F, 0x8C, 0x06, 0x0F, 0xE3, 0xF0, 0xC0, 0x60, 0x30, 0x00, 0xFE,
    0xFE, 0xC0, 0xC0, 0xC0, 0xFE, 0xFF, 0xC3, 0xC3, 0xC3, 0xC3, 0xC3, 0x03, 0x03, 0x1E, 0x18, 0xFE,
    0xFC, 0xE0, 0xE0, 0xFE, 0xFF, 0xE3, 0xE3, 0xE3, 0x03, 0x07, 0x0E, 0x66, 0xC6, 0x6C, 0x66, 0xC3,
    0x7C, 0x37, 0x83, 0xF8, 0x3F, 0x83, 0x7C, 0x66, 0xC6, 0x6C, 0x66, 0xCE, 0x67, 0x00, 0x30, 0x03,
    0x00, 0x30, 0xCD, 0xB3, 0x66, 0xD9, 0xB6, 0x7F, 0x1F, 0xE6, 0xDB, 0x36, 0xCD, 0xC0, 0x30, 0x0C,
    0x03, 0x3F, 0x3F, 0x88, 0xE0, 0x30, 0x30, 0xF0, 0x7C, 0x03, 0x01, 0xA0, 0xDD, 0xEF, 0xE1, 0xC0,
    0x60, 0x30, 0x7E, 0xFE, 0xC6, 0x06, 0x3E, 0x3E, 0x03, 0xE6, 0x7E, 0x18, 0x18, 0xC7, 0x63, 0x33,
    0x99, 0x8D, 0xC7, 0xC3, 0xF1, 0x98, 0xCC, 0x63, 0x31, 0xD8, 0x70, 0x18, 0x0C, 0x06, 0xC7, 0xC6,
    0xCC, 0xCC, 0xF8, 0xFC, 0xCC, 0xC6, 0xC7, 0x03, 0x03, 0x03, 0xC3, 0x63, 0xB1, 0x9E, 0xCF, 0xC7,
    0xE3, 0xF1, 0xFC, 0xF6, 0x63, 0x31, 0xD8, 0x70, 0xC3, 0x63, 0xBD, 0x9F, 0x8F, 0xC7, 0xE3, 0xD9,
    0x8E, 0xC3, 0x80, 0xF1, 0xFC, 0x63, 0x18, 0xCC, 0x33, 0x0F, 0x83, 0xF0, 0xCC, 0x33, 0x0C, 0x63,
    0x1C, 0xC3, 0xF1, 0xBC, 0x63, 0x30, 0xDC, 0x3E, 0x0F, 0xC3, 0x30, 0xCE, 0x31, 0xC0, 0xC3, 0x61,
    0xB0, 0xD8, 0x6C, 0x37, 0xFB, 0xFD, 0x86, 0xC3, 0x61, 0xB0, 0xD8, 0x70, 0x18, 0x0C, 0x06, 0xC6,
    0x63, 0x31, 0x98, 0xCF, 0xE7, 0xF3, 0x19, 0x8E, 0xC7, 0x80, 0xC0, 0x60, 0x30, 0xC7, 0xF1, 0xEC,
    0x63, 0x18, 0xC6, 0x3F, 0x8F, 0xE3, 0x18, 0xC6, 0x31, 0x8C, 0x63, 0x18, 0x67, 0xD9, 0xE6, 0x61,
    0x98, 0x7E, 0x1F, 0x86, 0x61, 0x98, 0x66, 0x00, 0x3E, 0x7F, 0xE3, 0xC0, 0xC0, 0xC0, 0xC0, 0xC0,
    0xC0, 0xE3, 0x77, 0x7E, 0x1C, 0x18, 0x18, 0x3E, 0x7F, 0xE2, 0xC0, 0xC0, 0xC0, 0xC2, 0x77, 0x3E,
    0x18, 0x18, 0xE1, 0xD8, 0x67, 0x38, 0xCC, 0x3F, 0x07, 0x81, 0xE0, 0x30, 0x0C, 0x03, 0x00, 0xC0,
    0x30, 0xC3, 0xC3, 0x66, 0x66, 0x66, 0x3C, 0x3C, 0x18, 0x18, 0x18, 0x18, 0x18, 0xE1, 0xD8, 0x67,
    0x38, 0xCC, 0x3F, 0x07, 0x80, 0xC1, 0xFE, 0x3F, 0x03, 0x00, 0xC0, 0x30, 0xC3, 0xC3, 0x66, 0x66,
    0x66, 0x3C, 0x3C, 0x3C, 0x18, 0x7E, 0x18, 0x18, 0xE1, 0x8C, 0x30, 0xCC, 0x1F, 0x81, 0xE0, 0x38,
    0x07, 0x80, 0xF0, 0x37, 0x0E, 0x61, 0x87, 0x70, 0xE0, 0x0C, 0x01, 0x80, 0x10, 0xC3, 0x33, 0x1F,
    0x87, 0x81, 0x81, 0xE1, 0xF8, 0xCE, 0xC3, 0x80, 0xC0, 0x60, 0x30, 0x61, 0x98, 0x66, 0x19, 0x86,
    0x61, 0x9C, 0xE3, 0xF8, 0x26, 0x01, 0x80, 0x60, 0x18, 0x07, 0x00, 0xC0, 0x30, 0x0C, 0xC6, 0x63,
    0x31, 0x98, 0xCE, 0x63, 0xF0, 0x58, 0x0E, 0x07, 0x80, 0xC0, 0x60, 0x30, 0xC3, 0xC3, 0xC3, 0xDB,
    0xDB, 0xFF, 0x7F, 0x1B, 0x1B, 0x03, 0x03, 0x03, 0xC7, 0xC7, 0xDF, 0xDF, 0xFF, 0x7F, 0x3F, 0x07,
    0x07, 0xC0, 0xC0, 0xC0, 0xC0, 0xFE, 0xFF, 0xC3, 0xC3, 0xC3, 0xC3, 0xC3, 0xC3, 0xC0, 0xC0, 0xC0,
    0xC0, 0xFE, 0xFE, 0xC3, 0xC3, 0xC3, 0xC3, 0xC3, 0xC3, 0xC3, 0xFF, 0x7E, 0x18, 0x18, 0x18, 0x18,
    0x18, 0x18, 0x18, 0x18, 0x7E, 0xFF, 0x33, 0x0C, 0xC1, 0xE0, 0x00, 0xCC, 0xF3, 0x36, 0xD9, 0xB6,
    0x6D, 0x8F, 0xC7, 0xF9, 0xB6, 0x6D, 0xBB, 0x7C, 0xCF, 0x33, 0x33, 0x0C, 0xC1, 0xE0, 0x00, 0xCC,
    0xDB, 0x66, 0xD9, 0xB6, 0x3F, 0x1F, 0xE6, 0xD9, 0xB6, 0xCC, 0xC0, 0xFF, 0x7E, 0x18, 0x18, 0x18,
    0x18, 0x18, 0x18, 0x18, 0x18, 0x18, 0x7E, 0xFF, 0x33, 0x0C, 0xC1, 0xE0, 0x00, 0x0C, 0x07, 0x81,
    0xE0, 0x78, 0x33, 0x0C, 0xC3, 0x31, 0xFE, 0x7F, 0x98, 0x66, 0x1B, 0x03, 0x66, 0x36, 0x0F, 0x02,
    0x07, 0xC7, 0xF1, 0x18, 0x0C, 0x7E, 0x7F, 0x31, 0x9F, 0xE7, 0xF8, 0x3F, 0x0F, 0xC0, 0x00, 0x00,
    0x0C, 0x07, 0x81, 0xE0, 0x78, 0x33, 0x0C, 0xC3, 0x31, 0xFE, 0x7F, 0x98, 0x66, 0x1B, 0x03, 0x6C,
    0x37, 0x00, 0x00, 0x07, 0xC7, 0xF1, 0x18, 0x0C, 0x7E, 0x7F, 0x31, 0x9F, 0xE7, 0xF8, 0x1F, 0xC7,
    0xE1, 0xE0, 0x78, 0x36, 0x0D, 0xF3, 0x79, 0xF8, 0x7E, 0x19, 0x86, 0x7B, 0x1F, 0x7F, 0xBF, 0xF4,
    0xCC, 0x33, 0x7F, 0xFF, 0xFC, 0xCB, 0xFF, 0x77, 0x80, 0x66, 0x66, 0x3C, 0x00, 0xFF, 0xFE, 0xC0,
    0xC0, 0xC0, 0xFF, 0xFE, 0xC0, 0xC0, 0xC0, 0xFE, 0xFF, 0x66, 0x66, 0x3C, 0x00, 0x3E, 0x7E, 0xC3,
    0xC3, 0xFF, 0xFF, 0xC2, 0x7F, 0x3E, 0x3F, 0x1F, 0xC6, 0x18, 0x06, 0x01, 0x9F, 0xE7, 0xF9, 0x86,
    0x61, 0x98, 0x63, 0xF0, 0x7C, 0x7C, 0xFE, 0x43, 0x03, 0xFF, 0xFF, 0xC3, 0x7E, 0x7C, 0x3F, 0x0F,
    0xC0, 0x00, 0x00, 0xCC, 0xF3, 0x36, 0xD9, 0xB6, 0x6D, 0x8F, 0xC7, 0xF9, 0xB6, 0x6D, 0xBB, 0x7C,
    0xCF, 0x33, 0x3F, 0x0F, 0xC0, 0x00, 0x00, 0xCC, 0xDB, 0x66, 0xD9, 0xB6, 0x3F, 0x1F, 0xE6, 0xD9,
    0xB6, 0xCC, 0xC0, 0x37, 0x1B, 0x80, 0x00, 0x03, 0xF3, 0xF8, 0x8E, 0x03, 0x03, 0x0F, 0x07, 0xC0,
    0x30, 0x1B, 0x0D, 0xFC, 0x7E, 0x6E, 0x6E, 0x00, 0x00, 0x7E, 0xFE, 0xC6, 0x06, 0x3E, 0x3E, 0x03,
    0xFE, 0x7E, 0x7E, 0x3C, 0x00, 0xC3, 0xC7, 0xC7, 0xCF, 0xCF, 0xDB, 0xDB, 0xF3, 0xF3, 0xE3, 0xE3,
    0xC3, 0x7E, 0x3C, 0x00, 0xC7, 0xC7, 0xCF, 0xCF, 0xDB, 0xF3, 0xF3, 0xE3, 0xE3, 0x7E, 0x7E, 0x00,
    0x00, 0xC3, 0xC7, 0xC7, 0xCF, 0xCF, 0xDB, 0xDB, 0xF3, 0xF3, 0xE3, 0xE3, 0xC3, 0x7E, 0x7E, 0x00,
    0x00, 0xC7, 0xC7, 0xCF, 0xCF, 0xDB, 0xF3, 0xF3, 0xE3, 0xE3, 0x3F, 0x0F, 0xC0, 0x00, 0x00, 0x3F,
    0x0F, 0xC6, 0x19, 0x86, 0x61, 0x98, 0x66, 0x19, 0x86, 0x61, 0x98, 0x63, 0xF0, 0xFC, 0x7E, 0x7E,
    0x00, 0x00, 0x7E, 0x7E, 0xC3, 0xC3, 0xC3, 0xC3, 0xC3, 0x7E, 0x7E, 0x3F, 0x0F, 0xC6, 0x19, 0x86,
    0x61, 0x9F, 0xE7, 0xF9, 0x86, 0x61, 0x98, 0x63, 0xF0, 0xFC, 0x7E, 0x7E, 0xC3, 0xC3, 0xFF, 0xFF,
    0xC3, 0x7E, 0x7E, 0x3F, 0x07, 0x80, 0x01, 0x87, 0x61, 0x9C, 0x63, 0x30, 0xCC, 0x1B, 0x07, 0x80,
    0xE0, 0x38, 0x0C, 0x07, 0x03, 0x80, 0x3F, 0x07, 0x80, 0x01, 0x86, 0x61, 0x8C, 0xC3, 0x30, 0xCC,
    0x1E, 0x07, 0x80, 0xC0, 0x30, 0x0C, 0x0E, 0x07, 0x80, 0x3F, 0x0F, 0xC0, 0x00, 0x00, 0x61, 0xD8,
    0x67, 0x18, 0xCC, 0x33, 0x06, 0xC1, 0xE0, 0x38, 0x0E, 0x03, 0x01, 0xC0, 0xE0, 0x3F, 0x0F, 0xC0,
    0x00, 0x00, 0x61, 0x98, 0x63, 0x30, 0xCC, 0x33, 0x07, 0x81, 0xE0, 0x30, 0x0C, 0x03, 0x03, 0x81,
    0xE0, 0x0D, 0x06, 0xC1, 0xA0, 0x48, 0x61, 0xD8, 0x67, 0x18, 0xCC, 0x33, 0x06, 0xC1, 0xE0, 0x38,
    0x0E, 0x03, 0x01, 0xC0, 0xE0, 0x0F, 0x06, 0xC1, 0xE0, 0x00, 0x61, 0x98, 0x63, 0x30, 0xCC, 0x33,
    0x07, 0x81, 0xE0, 0x30, 0x0C, 0x03, 0x03, 0x81, 0xE0, 0x6E, 0x6E, 0x00, 0x00, 0xC3, 0xC3, 0xC3,
    0xC3, 0xC3, 0xE7, 0x7F, 0x13, 0x03, 0x03, 0x03, 0x03, 0x6E, 0x6E, 0x00, 0x00, 0xC7, 0xC7, 0xC7,
    0xC7, 0xE7, 0x7F, 0x17, 0x07, 0x07, 0x3F, 0x0F, 0xC0, 0x00, 0x00, 0xE1, 0xF8, 0x7E, 0x1F, 0x87,
    0xE1, 0xFF, 0x7F, 0xDF, 0x9F, 0xE7, 0xF9, 0xFF, 0xDF, 0xF7, 0x3F, 0x0F, 0xC0, 0x00, 0x00, 0x61,
    0x98, 0x66, 0x19, 0xF6, 0x7F, 0x99, 0xE6, 0x79, 0xFE, 0x7D, 0x80, 0x70, 0xCC, 0x33, 0x8C, 0xF7,
    0x3F, 0x99, 0xC6, 0x71, 0x8E, 0xE1, 0xB8, 0x70, 0x7E, 0x3F, 0x80, 0xC0, 0x60, 0x30, 0x18, 0x0C,
    0x06, 0x7F, 0xFF, 0xC0, 0x79, 0xE1, 0xC7, 0x1C, 0x71, 0xC7, 0xFF, 0xB0, 0x00, 0xFF, 0xBF, 0x81,
    0x80, 0xC0, 0x60, 0x30, 0x18, 0x0C, 0x06, 0x03, 0x00, 0x7F, 0x9F, 0xE0, 0x1C, 0x07, 0x61, 0xD8,
    0x76, 0x1D, 0x87, 0x61, 0xD8, 0x70, 0xF7, 0x33, 0x33, 0x33, 0x33, 0xFB, 0xCC, 0xC6, 0x31, 0xCE,
    0x71, 0x80, 0xFF, 0x9F, 0xF7, 0x0D, 0xC3, 0x70, 0xDC, 0x37, 0x0D, 0xC3, 0x70, 0xDC, 0x30, 0x67,
    0x99, 0xE6, 0x1D, 0x83, 0x60, 0xD8, 0x36, 0x0D, 0xC7, 0x3F, 0x87, 0xC0, 0xF7, 0x33, 0x33, 0xFE,
    0x7F, 0x03, 0x03, 0x03, 0x03, 0x03, 0x03, 0x03, 0x03, 0x03, 0x03, 0x03, 0xFC, 0x7E, 0x07, 0x03,
    0x03, 0x03, 0x03, 0x07, 0x7E, 0xFC, 0xC0, 0x60, 0x30, 0x1F, 0xE7, 0xF0, 0x18, 0x18, 0x0C, 0x06,
    0x07, 0x03, 0x01, 0x81, 0xC0, 0x7F, 0x8F, 0xF9, 0xC3, 0x38, 0x77, 0x0E, 0xE1, 0xDC, 0x3B, 0x87,
    0x7F, 0xEF, 0xFC, 0x6F, 0x8F, 0xF9, 0xE3, 0x18, 0x73, 0x0E, 0x61, 0xDC, 0x3B, 0x06, 0x67, 0xCD,
    0xF0, 0xF7, 0x33, 0x33, 0x33, 0x33, 0x33, 0x30, 0x79, 0xE1, 0x86, 0x18, 0x61, 0x86, 0x7B, 0xE0,
    0xFF, 0x9F, 0xF7, 0x0D, 0x83, 0x60, 0xD8, 0x36, 0x0D, 0xC7, 0x3F, 0x87, 0xC0, 0x00, 0x18, 0x66,
    0x19, 0xC6, 0x31, 0x8C, 0x63, 0x18, 0xEE, 0x3F, 0x0F, 0x8F, 0xC3, 0x00, 0x3F, 0x1F, 0xE6, 0x1B,
    0x86, 0x61, 0x9C, 0x73, 0x1C, 0x07, 0x01, 0xC0, 0x70, 0x1C, 0x07, 0x01, 0xC0, 0x3F, 0x1F, 0xE6,
    0x19, 0x86, 0x61, 0xDE, 0x73, 0x18, 0x0E, 0x7F, 0x1F, 0x80, 0xE3, 0x31, 0x9C, 0xC6, 0xE3, 0x61,
    0xF0, 0x70, 0x30, 0x1C, 0x06, 0x03, 0x01, 0xC0, 0xE0, 0x61, 0xB9, 0xCC, 0xE3, 0x61, 0xF0, 0x70,
    0x38, 0x0E, 0x7F, 0x7F, 0x80, 0xFF, 0xFF, 0xC0, 0xE8, 0x6C, 0x36, 0x3B, 0x19, 0x8C, 0xC6, 0x67,
    0x30, 0x18, 0x0C, 0x00, 0xFE, 0x7E, 0x07, 0x03, 0x03, 0x03, 0x03, 0x03, 0x03, 0x03, 0xCC, 0xD9,
    0x9B, 0x33, 0x66, 0x6F, 0xCD, 0xF1, 0xB8, 0x37, 0x0E, 0x7F, 0x87, 0xE0, 0x7F, 0xCF, 0xF8, 0xC3,
    0x18, 0x73, 0x0E, 0x61, 0xCC, 0x39, 0x87, 0x70, 0xFE, 0x1C, 0x6F, 0xF0, 0x2D, 0xFC, 0x07, 0xE8,
    0x00, 0xFF, 0xFE, 0x0C, 0x1C, 0x1C, 0x1C, 0x18, 0x30, 0x00, 0xC1, 0x80, 0x00, 0x38, 0xF1, 0x83,
    0x07, 0xDF, 0xBC, 0x00, 0xFB, 0xF0, 0x00, 0x6E, 0xDF, 0xC0, 0x0E, 0xE4, 0x4C, 0xE6, 0x66, 0x66,
    0x66, 0x67, 0x00, 0x42, 0xC6, 0xFE, 0x7E, 0x60, 0x60, 0x60, 0x60, 0x60, 0x60, 0x70, 0x70, 0x00,
    0x40, 0xF6, 0xDB, 0x6F, 0xF7, 0xFB, 0x01, 0x80, 0xC0, 0x70, 0x18, 0x0C, 0x06, 0x00, 0x00, 0x08,
    0x38, 0x70, 0xE0, 0xC0, 0xF8, 0x78, 0x70, 0xE0, 0xC0, 0xFE, 0x7E, 0x00, 0x38, 0x7C, 0x66, 0xC6,
    0xC6, 0xC6, 0xC6, 0xFE, 0x7C, 0x00, 0x80, 0xFE, 0x7E, 0x06, 0x06, 0x06, 0x06, 0x06, 0x06, 0x06,
    0x06, 0x03, 0x00, 0x40, 0xB0, 0x66, 0x19, 0x8E, 0x73, 0x0C, 0xC3, 0x60, 0xF8, 0x1E, 0x07, 0x01,
    0xC0, 0x30, 0x00, 0x00, 0x0C, 0x03, 0x01, 0xC0, 0x78, 0x1E, 0x0F, 0x83, 0x70, 0xCC, 0x63, 0x18,
    0xEE, 0x1B, 0x06, 0x00, 0x00, 0x30, 0x7C, 0xEC, 0xCC, 0xCE, 0xFE, 0x7E, 0x06, 0x06, 0x06, 0x06,
    0x06, 0x00, 0x00, 0x00, 0x18, 0x03, 0xB0, 0x3C, 0x07, 0x80, 0xF0, 0x1F, 0x06, 0x7F, 0xC7, 0xE0,
    0x7F, 0xC0, 0x30, 0x71, 0xF3, 0x6C, 0x78, 0xFF, 0x3E, 0x0E, 0xE4, 0x4C, 0xE6, 0x66, 0x66, 0x66,
    0x67, 0x00, 0x42, 0xC6, 0xFE, 0x7E, 0x60, 0x60, 0x60, 0x60, 0x60, 0x60, 0x70, 0x70, 0x00, 0x40,
    0xF6, 0xDB, 0x6F, 0xF7, 0xFB, 0x01, 0x80, 0xC0, 0x70, 0x18, 0x0C, 0x06, 0x00, 0x00, 0x4C, 0xDE,
    0xD8, 0x7E, 0x7E, 0x60, 0x60, 0x60, 0x60, 0x60, 0x60, 0x60, 0x00, 0x38, 0x18, 0x3C, 0x7E, 0x66,
    0xC6, 0xC6, 0xC3, 0xD3, 0xFE, 0x7E, 0x1C, 0x79, 0xC3, 0x06, 0x07, 0xC7, 0x8C, 0x30, 0xE1, 0x83,
    0x00, 0x00, 0x40, 0xB0, 0x66, 0x19, 0x8E, 0x73, 0x0C, 0xC3, 0x60, 0xF8, 0x1E, 0x07, 0x01, 0xC0,
    0x30, 0x00, 0x00, 0x0C, 0x03, 0x01, 0xC0, 0x78, 0x1E, 0x0F, 0x83, 0x70, 0xCC, 0x63, 0x18, 0xEE,
    0x1B, 0x06, 0x00, 0x00, 0x30, 0x7C, 0xEC, 0xCC, 0xCE, 0xFE, 0x7E, 0x06, 0x06, 0x06, 0x06, 0x06,
    0x00, 0x0C, 0x07, 0x81, 0xE0, 0x78, 0x33, 0x0C, 0xC3, 0x31, 0xFE, 0x7F, 0x98, 0x66, 0x1B, 0x03,
    0x0C, 0x03, 0x00, 0x7C, 0x7F, 0x11, 0x80, 0xC7, 0xE7, 0xF3, 0x19, 0xFE, 0x7F, 0x9C, 0x0E, 0x00,
    0x1E, 0x03, 0x80, 0xC0, 0x10, 0x0C, 0x07, 0x81, 0xE0, 0x78, 0x33, 0x0C, 0xC3, 0x31, 0xFE, 0x7F,
    0x98, 0x66, 0x1B, 0x03, 0x3C, 0x0E, 0x06, 0x00, 0x07, 0xC7, 0xF1, 0x18, 0x0C, 0x7E, 0x7F, 0x31,
    0x9F, 0xE7, 0xF8, 0x00, 0x80, 0x60, 0x18, 0x7C, 0x1E, 0x0C, 0xC0, 0x00, 0x30, 0x1E, 0x07, 0x81,
    0xE0, 0xCC, 0x33, 0x0C, 0xC7, 0xF9, 0xFE, 0x61, 0x98, 0x6C, 0x0C, 0x03, 0x01, 0x81, 0xC7, 0xC7,
    0xC3, 0x30, 0x00, 0xF8, 0xFE, 0x23, 0x01, 0x8F, 0xCF, 0xE6, 0x33, 0xFC, 0xFF, 0x40, 0x18, 0x06,
    0x00, 0xF8, 0x1E, 0x0C, 0xC0, 0x00, 0x30, 0x1E, 0x07, 0x81, 0xE0, 0xCC, 0x33, 0x0C, 0xC7, 0xF9,
    0xFE, 0x61, 0x98, 0x6C, 0x0C, 0x40, 0x30, 0x06, 0x00, 0xF0, 0x3E, 0x0C, 0xC0, 0x00, 0xF8, 0x7F,
    0x08, 0xC0, 0x30, 0xFC, 0x7F, 0x18, 0xC7, 0xF8, 0xFF, 0x03, 0x80, 0xE0, 0xD8, 0x7C, 0x3F, 0x0C,
    0xC0, 0xC0, 0x78, 0x1E, 0x07, 0x83, 0x30, 0xCC, 0x33, 0x1F, 0xE7, 0xF9, 0x86, 0x61, 0xB0, 0x30,
    0x0F, 0x03, 0x86, 0x87, 0xC6, 0xC2, 0x21, 0xF1, 0xFC, 0x46, 0x03, 0x1F, 0x9F, 0xCC, 0x67, 0xF9,
    0xFE, 0x3D, 0x0F, 0xC0, 0xC0, 0x78, 0x3F, 0x08, 0x80, 0xC0, 0x78, 0x1E, 0x07, 0x83, 0x30, 0xCC,
    0x33, 0x1F, 0xE7, 0xF9, 0x86, 0x61, 0xB0, 0x30, 0x7C, 0x3F, 0x06, 0x07, 0x86, 0xC2, 0x21, 0xF1,
    0xFC, 0x46, 0x03, 0x1F, 0x9F, 0xCC, 0x67, 0xF9, 0xFE, 0x1E, 0x07, 0x83, 0x30, 0x00, 0x0C, 0x07,
    0x81, 0xE0, 0x78, 0x33, 0x0C, 0xC3, 0x31, 0xFE, 0x7F, 0x98, 0x66, 0x1B, 0x03, 0x0C, 0x03, 0x00,
    0x38, 0x3E, 0x19, 0x80, 0x07, 0xC7, 0xF1, 0x18, 0x0C, 0x7E, 0x7F, 0x31, 0x9F, 0xE7, 0xF9, 0xC0,
    0xE0, 0x00, 0x01, 0x80, 0xE0, 0xFC, 0x3F, 0x07, 0x80, 0x00, 0x30, 0x1E, 0x07, 0x81, 0xE0, 0xCC,
    0x33, 0x0C, 0xC7, 0xF9, 0xFE, 0x61, 0x98, 0x6C, 0x0C, 0x00, 0x06, 0x06, 0x0B, 0xC6, 0xE3, 0xE0,
    0x00, 0xF8, 0xFE, 0x23, 0x01, 0x8F, 0xCF, 0xE6, 0x33, 0xFC, 0xFF, 0x00, 0x06, 0x01, 0xC0, 0xFC,
    0x3F, 0x07, 0x80, 0x00, 0x30, 0x1E, 0x07, 0x81, 0xE0, 0xCC, 0x33, 0x0C, 0xC7, 0xF9, 0xFE, 0x61,
    0x98, 0x6C, 0x0C, 0x00, 0x18, 0x0C, 0x0B, 0xC6, 0xE1, 0xE0, 0x00, 0xF8, 0xFE, 0x23, 0x01, 0x8F,
    0xCF, 0xE6, 0x33, 0xFC, 0xFF, 0x1E, 0x03, 0x82, 0xD0, 0xFC, 0x1E, 0x00, 0x00, 0xC0, 0x78, 0x1E,
    0x07, 0x83, 0x30, 0xCC, 0x33, 0x1F, 0xE7, 0xF9, 0x86, 0x61, 0xB0, 0x30, 0x38, 0x0C, 0x17, 0x8D,
    0xC7, 0xC0, 0x81, 0xF1, 0xFC, 0x46, 0x03, 0x1F, 0x9F, 0xCC, 0x67, 0xF9, 0xFE, 0x3D, 0x0F, 0xC2,
    0x30, 0xFC, 0x1E, 0x00, 0x00, 0xC0, 0x78, 0x1E, 0x07, 0x83, 0x30, 0xCC, 0x33, 0x1F, 0xE7, 0xF9,
    0x86, 0x61, 0xB0, 0x30, 0x7C, 0x3F, 0x11, 0x0D, 0xC7, 0xC0, 0x81, 0xF1, 0xFC, 0x46, 0x03, 0x1F,
    0x9F, 0xCC, 0x67, 0xF9, 0xFE, 0x33, 0x0F, 0xC1, 0xE0, 0x00, 0x0C, 0x07, 0x81, 0xE0, 0x78, 0x33,
    0x0C, 0xC3, 0x31, 0xFE, 0x7F, 0x98, 0x66, 0x1B, 0x03, 0x0C, 0x03, 0x00, 0x46, 0x36, 0x0F, 0x00,
    0x07, 0xC7, 0xF1, 0x18, 0x0C, 0x7E, 0x7F, 0x31, 0x9F, 0xE7, 0xF9, 0xC0, 0xE0, 0xFF, 0xFE, 0xC0,
    0xC0, 0xC0, 0xFF, 0xFE, 0xC0, 0xC0, 0xC0, 0xFE, 0xFF, 0x18, 0x18, 0x3E, 0x7E, 0xC3, 0xC3, 0xFF,
    0xFF, 0xC2, 0x7F, 0x3E, 0x18, 0x18, 0x3C, 0x1C, 0x08, 0x08, 0xFF, 0xFE, 0xC0, 0xC0, 0xC0, 0xFF,
    0xFE, 0xC0, 0xC0, 0xC0, 0xFE, 0xFF, 0x3C, 0x1C, 0x18, 0x08, 0x3E, 0x7E, 0xC3, 0xC3, 0xFF, 0xFF,
    0xC2, 0x7F, 0x3E, 0x7A, 0x7E, 0x00, 0xFF, 0xFE, 0xC0, 0xC0, 0xC0, 0xFF, 0xFE, 0xC0, 0xC0, 0xC0,
    0xFE, 0xFF, 0x7A, 0x7E, 0x00, 0x00, 0x3E, 0x7E, 0xC3, 0xC3, 0xFF, 0xFF, 0xC2, 0x7F, 0x3E, 0x01,
    0x01, 0xC0, 0xC7, 0xC3, 0xC3, 0x30, 0x01, 0xFE, 0xFE, 0x60, 0x30, 0x18, 0x0F, 0xF7, 0xF3, 0x01,
    0x80, 0xC0, 0x7F, 0x3F, 0xC0, 0x01, 0x01, 0x80, 0xC7, 0xC3, 0xC3, 0x30, 0x00, 0x7C, 0x7E, 0x61,
    0xB0, 0xDF, 0xEF, 0xF6, 0x11, 0xFC, 0x7C, 0x40, 0x30, 0x18, 0x07, 0xC1, 0xE1, 0x98, 0x00, 0xFF,
    0x7F, 0x30, 0x18, 0x0C, 0x07, 0xFB, 0xF9, 0x80, 0xC0, 0x60, 0x3F, 0x9F, 0xE0, 0x40, 0x30, 0x18,
    0x07, 0xC1, 0xE1, 0x98, 0x00, 0x3E, 0x3F, 0x30, 0xD8, 0x6F, 0xF7, 0xFB, 0x08, 0xFE, 0x3E, 0x07,
    0x07, 0x1B, 0x3E, 0x7E, 0x66, 0xFF, 0xFE, 0xC0, 0xC0, 0xC0, 0xFF, 0xFE, 0xC0, 0xC0, 0xC0, 0xFE,
    0xFF, 0x07, 0x07, 0x1B, 0x3E, 0x7E, 0x66, 0x3E, 0x7E, 0xC3, 0xC3, 0xFF, 0xFF, 0xC2, 0x7F, 0x3E,
    0x7A, 0x7E, 0x1C, 0x3C, 0x76, 0x22, 0xFF, 0xFE, 0xC0, 0xC0, 0xC0, 0xFF, 0xFE, 0xC0, 0xC0, 0xC0,
    0xFE, 0xFF, 0x7A, 0x7E, 0x18, 0x3C, 0x7E, 0x22, 0x3E, 0x7E, 0xC3, 0xC3, 0xFF, 0xFF, 0xC2, 0x7F,
    0x3E, 0x3C, 0x3C, 0x66, 0x00, 0xFF, 0xFE, 0xC0, 0xC0, 0xC0, 0xFF, 0xFE, 0xC0, 0xC0, 0xC0, 0xFE,
    0xFF, 0x18, 0x18, 0x3C, 0x3C, 0x66, 0x00, 0x3E, 0x7E, 0xC3, 0xC3, 0xFF, 0xFF, 0xC2, 0x7F, 0x3E,
    0x18, 0x18, 0x3C, 0x1C, 0x18, 0x08, 0xFF, 0x7E, 0x18, 0x18, 0x18, 0x18, 0x18, 0x18, 0x18, 0x18,
    0x7E, 0xFF, 0x1C, 0x0E, 0x03, 0x01, 0x0F, 0xC3, 0xE0, 0x70, 0x38, 0x1C, 0x0E, 0x07, 0x0F, 0xEF,
    0xF0, 0xFF, 0x7E, 0x18, 0x18, 0x18, 0x18, 0x18, 0x18, 0x18, 0x18, 0x7E, 0xFF, 0x18, 0x18, 0x18,
    0x18, 0x00, 0x00, 0xF8, 0x78, 0x18, 0x18, 0x18, 0x18, 0x18, 0x7F, 0xFF, 0x1C, 0x1C, 0x3F, 0x0F,
    0xC6, 0x19, 0x86, 0x61, 0x98, 0x66, 0x19, 0x86, 0x61, 0x98, 0x63, 0xF0, 0xFC, 0x0C, 0x03, 0x00,
    0x7E, 0x7E, 0xC3, 0xC3, 0xC3, 0xC3, 0xC3, 0x7E, 0x7E, 0x18, 0x18, 0x1E, 0x03, 0x80, 0xC0, 0x10,
    0x3F, 0x0F, 0xC6, 0x19, 0x86, 0x61, 0x98, 0x66, 0x19, 0x86, 0x61, 0x98, 0x63, 0xF0, 0xFC, 0x3C,
    0x1C, 0x18, 0x08, 0x7E, 0x7E, 0xC3, 0xC3, 0xC3, 0xC3, 0xC3, 0x7E, 0x7E, 0x00, 0x80, 0x60, 0x18,
    0x7C, 0x1E, 0x0C, 0xC0, 0x00, 0xFC, 0x3F, 0x18, 0x66, 0x19, 0x86, 0x61, 0x98, 0x66, 0x19, 0x86,
    0x61, 0x8F, 0xC3, 0xF0, 0x01, 0x01, 0x80, 0xC7, 0xC3, 0xC3, 0x30, 0x00, 0xFC, 0x7E, 0x61, 0xB0,
    0xD8, 0x6C, 0x36, 0x19, 0xF8, 0xFC, 0x40, 0x18, 0x06, 0x00, 0xF8, 0x1E, 0x0C, 0xC0, 0x00, 0xFC,
    0x3F, 0x18, 0x66, 0x19, 0x86, 0x61, 0x98, 0x66, 0x19, 0x86, 0x61, 0x8F, 0xC3, 0xF0, 0x40, 0x30,
    0x18, 0x07, 0xC1, 0xE1, 0x98, 0x00, 0x7E, 0x3F, 0x30, 0xD8, 0x6C, 0x36, 0x1B, 0x0C, 0xFC, 0x7E,
    0x03, 0x80, 0xE0, 0xD8, 0x7C, 0x3F, 0x0C, 0xC3, 0xF0, 0xFC, 0x61, 0x98, 0x66, 0x19, 0x86, 0x61,
    0x98, 0x66, 0x19, 0x86, 0x3F, 0x0F, 0xC0, 0x07, 0x07, 0x1B, 0x3E, 0x7E, 0x66, 0x7E, 0x7E, 0xC3,
    0xC3, 0xC3, 0xC3, 0xC3, 0x7E, 0x7E, 0x3D, 0x0F, 0xC0, 0xC0, 0x78, 0x3F, 0x08, 0x83, 0xF0, 0xFC,
    0x61, 0x98, 0x66, 0x19, 0x86, 0x61, 0x98, 0x66, 0x19, 0x86, 0x3F, 0x0F, 0xC0, 0x7A, 0x7E, 0x18,
    0x3C, 0x7E, 0x44, 0x7E, 0x7E, 0xC3, 0xC3, 0xC3, 0xC3, 0xC3, 0x7E, 0x7E, 0x1E, 0x07, 0x83, 0x30,
    0x00, 0x3F, 0x0F, 0xC6, 0x19, 0x86, 0x61, 0x98, 0x66, 0x19, 0x86, 0x61, 0x98, 0x63, 0xF0, 0xFC,
    0x0C, 0x03, 0x00, 0x3C, 0x3C, 0x66, 0x00, 0x7E, 0x7E, 0xC3, 0xC3, 0xC3, 0xC3, 0xC3, 0x7E, 0x7E,
    0x18, 0x18, 0x06, 0x01, 0x80, 0xCC, 0x23, 0x3F, 0x8F, 0xE6, 0x19, 0x86, 0x61, 0x98, 0x66, 0x19,
    0x86, 0x61, 0x98, 0x63, 0xF0, 0xFC, 0x0C, 0x0C, 0x1B, 0x03, 0x7F, 0x7E, 0xC3, 0xC3, 0xC3, 0xC3,
    0xC3, 0x7E, 0x7E, 0x18, 0x06, 0x00, 0xCC, 0x13, 0x3F, 0x8F, 0xE6, 0x19, 0x86, 0x61, 0x98, 0x66,
    0x19, 0x86, 0x61, 0x98, 0x63, 0xF0, 0xFC, 0x30, 0x30, 0x1B, 0x03, 0x7F, 0x7E, 0xC3, 0xC3, 0xC3,
    0xC3, 0xC3, 0x7E, 0x7E, 0x1E, 0x03, 0x80, 0xCC, 0x13, 0x3F, 0x8F, 0xE6, 0x19, 0x86, 0x61, 0x98,
    0x66, 0x19, 0x86, 0x61, 0x98, 0x63, 0xF0, 0xFC, 0x3C, 0x1C, 0x1B, 0x0B, 0x7F, 0x7E, 0xC3, 0xC3,
    0xC3, 0xC3, 0xC3, 0x7E, 0x7E, 0x3F, 0x0F, 0xC0, 0x0C, 0x03, 0x3F, 0x8F, 0xE6, 0x19, 0x86, 0x61,
    0x98, 0x66, 0x19, 0x86, 0x61, 0x98, 0x63, 0xF0, 0xFC, 0x7E, 0x3B, 0x03, 0x7F, 0x7E, 0xC3, 0xC3,
    0xC3, 0xC3, 0xC3, 0x7E, 0x7E, 0x00, 0xC0, 0x33, 0xF8, 0xFE, 0x61, 0x98, 0x66, 0x19, 0x86, 0x61,
    0x98, 0x66, 0x19, 0x86, 0x3F, 0x0F, 0xC0, 0xC0, 0x30, 0x03, 0x03, 0x7F, 0x7E, 0xC3, 0xC3, 0xC3,
    0xC3, 0xC3, 0x7E, 0x7E, 0x18, 0x18, 0xC3, 0xC3, 0xC3, 0xC3, 0xC3, 0xC3, 0xC3, 0xC3, 0xC3, 0xC3,
    0x7E, 0x7E, 0x18, 0x18, 0xC3, 0xC3, 0xC3, 0xC3, 0xC3, 0xC3, 0xC3, 0x7F, 0x7F, 0x18, 0x18, 0x3C,
    0x1C, 0x18, 0x08, 0xC3, 0xC3, 0xC3, 0xC3, 0xC3, 0xC3, 0xC3, 0xC3, 0xC3, 0xC3, 0x7E, 0x7E, 0x3C,
    0x1C, 0x18, 0x00, 0xC3, 0xC3, 0xC3, 0xC3, 0xC3, 0xC3, 0xC3, 0x7F, 0x7F, 0x0C, 0x06, 0x06, 0x62,
    0x3C, 0x3E, 0x1B, 0x0D, 0x86, 0xC3, 0x61, 0xB0, 0xD8, 0x6C, 0x36, 0x19, 0xF8, 0xFC, 0x0C, 0x0E,
    0x06, 0x60, 0x3C, 0x3E, 0x1B, 0x0D, 0x86, 0xC3, 0x61, 0xB0, 0xCF, 0xE7, 0xF0, 0x30, 0x18, 0x06,
    0x61, 0x3C, 0x3E, 0x1B, 0x0D, 0x86, 0xC3, 0x61, 0xB0, 0xD8, 0x6C, 0x36, 0x19, 0xF8, 0xFC, 0x30,
    0x18, 0x06, 0x60, 0x3C, 0x3E, 0x1B, 0x0D, 0x86, 0xC3, 0x61, 0xB0, 0xCF, 0xE7, 0xF0, 0x3C, 0x0E,
    0x06, 0x61, 0x3C, 0x3E, 0x1B, 0x0D, 0x86, 0xC3, 0x61, 0xB0, 0xD8, 0x6C, 0x36, 0x19, 0xF8, 0xFC,
    0x3C, 0x0E, 0x06, 0x60, 0x3C, 0x3E, 0x1B, 0x0D, 0x86, 0xC3, 0x61, 0xB0, 0xCF, 0xE7, 0xF0, 0x7E,
    0x3F, 0x00, 0x60, 0x3C, 0x3E, 0x1B, 0x0D, 0x86, 0xC3, 0x61, 0xB0, 0xD8, 0x6C, 0x36, 0x19, 0xF8,
    0xFC, 0x7E, 0x1C, 0xC0, 0x78, 0x7C, 0x36, 0x1B, 0x0D, 0x86, 0xC3, 0x61, 0x9F, 0xCF, 0xE0, 0x01,
    0x80, 0xF0, 0xF8, 0x6C, 0x36, 0x1B, 0x0D, 0x86, 0xC3, 0x61, 0xB0, 0xD8, 0x67, 0xE3, 0xF0, 0x60,
    0x30, 0x01, 0x80, 0xF0, 0xF8, 0x6C, 0x36, 0x1B, 0x0D, 0x86, 0xC3, 0x3F, 0x9F, 0xC3, 0x01, 0x80,
    0x18, 0x06, 0x00, 0xC0, 0x10, 0xE1, 0xD8, 0x67, 0x38, 0xCC, 0x3F, 0x07, 0x81, 0xE0, 0x30, 0x0C,
    0x03, 0x00, 0xC0, 0x30, 0x18, 0x06, 0x00, 0xC0, 0x00, 0x61, 0x98, 0x63, 0x30, 0xCC, 0x33, 0x07,
    0x81, 0xE0, 0x30, 0x0C, 0x03, 0x03, 0x81, 0xE0, 0xE1, 0xD8, 0x67, 0x38, 0xCC, 0x3F, 0x07, 0x81,
    0xE0, 0x30, 0x0C, 0x03, 0x00, 0xC0, 0x30, 0x0C, 0x03, 0x00, 0x61, 0x98, 0x63, 0x30, 0xCC, 0x33,
    0x07, 0x81, 0xE0, 0x30, 0x0C, 0x03, 0xE3, 0xB9, 0xE0, 0x1E, 0x03, 0x80, 0xC0, 0x10, 0xE1, 0xD8,
    0x67, 0x38, 0xCC, 0x3F, 0x07, 0x81, 0xE0, 0x30, 0x0C, 0x03, 0x00, 0xC0, 0x30, 0x1E, 0x03, 0x80,
    0xC0, 0x10, 0x61, 0x98, 0x63, 0x30, 0xCC, 0x33, 0x07, 0x81, 0xE0, 0x30, 0x0C, 0x03, 0x03, 0x81,
    0xE0, 0x3D, 0x0F, 0xC0, 0x03, 0x87, 0x61, 0x9C, 0xE3, 0x30, 0xFC, 0x1E, 0x07, 0x80, 0xC0, 0x30,
    0x0C, 0x03, 0x00, 0xC0, 0x3D, 0x0F, 0xC0, 0x00, 0x00, 0x61, 0x98, 0x63, 0x30, 0xCC, 0x33, 0x07,
    0x81, 0xE0, 0x30, 0x0C, 0x03, 0x03, 0x81, 0xE0, 0xFF, 0xFF, 0xFF, 0xF6, 0xFF, 0x66, 0x66, 0x66,
    0x66, 0x21, 0xBF, 0xEE, 0x63, 0x18, 0xC6, 0x31, 0x8C, 0x00, 0x23, 0x3E, 0xF3, 0x8C, 0x63, 0x18,
    0xC6, 0x31, 0x80, 0xFB, 0x80, 0x77, 0xDE, 0xFF, 0xFF, 0xFF, 0xFF, 0xF0, 0x36, 0x6E, 0xE0, 0x77,
    0x66, 0xC0, 0x76, 0xEC, 0xC0, 0x33, 0x66, 0x66, 0x66, 0xEE, 0x77, 0x77, 0x66, 0x66, 0x44, 0x77,
    0x77, 0x66, 0x66, 0x66, 0x18, 0x18, 0x18, 0x18, 0xFF, 0xFF, 0x18, 0x18, 0x18, 0x18, 0x18, 0x18,
    0x18, 0x18, 0x18, 0x18, 0x18, 0x18, 0x18, 0x18, 0xFF, 0xFF, 0x18, 0x18, 0x18, 0x18, 0x18, 0xFF,
    0xFF, 0x18, 0x18, 0x18, 0xFF, 0xF0, 0x6D, 0xBB, 0x7E, 0xDC, 0x78, 0x0F, 0x81, 0x30, 0x36, 0x67,
    0xBC, 0x3E, 0x0E, 0x01, 0xFF, 0x1F, 0xE6, 0x6C, 0x7F, 0x8F, 0xF0, 0x00, 0xCE, 0xEE, 0x38, 0xE3,
    0x00, 0x06, 0x38, 0xE3, 0xBB, 0x98, 0x00, 0x00, 0xC0, 0x60, 0x18, 0x0C, 0x03, 0x00, 0x81, 0x00,
    0xC0, 0x30, 0x18, 0x06, 0x03, 0x00, 0xDF, 0x01, 0xFB, 0x64, 0x79, 0x2C, 0xFF, 0xCD, 0x27, 0x80,
    0x18, 0xE7, 0x9E, 0xDB, 0xF1, 0x80, 0x79, 0x04, 0x1E, 0x4D, 0x37, 0x80, 0x31, 0x86, 0x3E, 0xCD,
    0x37, 0x80, 0xFF, 0x21, 0x86, 0x30, 0xC2, 0x00, 0x79, 0x24, 0x9E, 0xCF, 0x37, 0x80, 0x7B, 0x2C,
    0xF7, 0x78, 0x63, 0x00, 0x7B, 0x3F, 0xF3, 0xCD, 0xE0, 0x73, 0xC3, 0x0C, 0x31, 0xF0, 0x79, 0x61,
    0x8E, 0x63, 0xF0, 0x79, 0x63, 0x86, 0xC9, 0xE0, 0x38, 0xE7, 0xB6, 0xFC, 0x60, 0x79, 0x07, 0x93,
    0x4D, 0xE0, 0x31, 0x87, 0xB3, 0xCD, 0xE0, 0xFF, 0x21, 0x84, 0x30, 0xC0, 0x79, 0x27, 0xB3, 0xCD,
    0xE0, 0x7B, 0x3C, 0xDE, 0x18, 0xC0, 0x1E, 0x1E, 0x3E, 0x7F, 0xF7, 0xF4, 0xFC, 0xFC, 0xFC, 0xFC,
    0xFC, 0xFF, 0x6F, 0x7E, 0x3C, 0x78, 0x00, 0x1F, 0x0F, 0xE7, 0x09, 0x80, 0x70, 0x3F, 0x87, 0xE3,
    0xF8, 0x7E, 0x0C, 0x07, 0xF9, 0xFE, 0x71, 0x9E, 0x67, 0x99, 0xE6, 0xFF, 0xDB, 0xE6, 0xDB, 0xFF,
    0x7F, 0x99, 0xE6, 0x79, 0x8E, 0xF8, 0x3F, 0x0E, 0xC3, 0xB0, 0xFF, 0xFE, 0xCF, 0xB3, 0xEE, 0xFD,
    0xFB, 0x3E, 0xFF, 0x9F, 0x61, 0x98, 0x66, 0x19, 0x86, 0xFF, 0xDF, 0xE7, 0xFB, 0xFF, 0x7F, 0x9F,
    0xE7, 0x39, 0xCE, 0x7D, 0x9B, 0xE7, 0xF9, 0xFE, 0x7F, 0x9F, 0xE7, 0xF9, 0xFE, 0x7F, 0x9F, 0xE7,
    0xB9, 0xFC, 0x07, 0x0F, 0xC3, 0xCF, 0xEF, 0xF6, 0x3B, 0x1D, 0x8E, 0xFF, 0x3F, 0x80, 0x0F, 0xCF,
    0xF0, 0x3E, 0x7F, 0xE3, 0xC0, 0xFC, 0xF8, 0xC0, 0xFC, 0xF8, 0xE3, 0x7F, 0x3E, 0x61, 0x98, 0xC6,
    0x71, 0x98, 0x6C, 0x3F, 0xE7, 0xF9, 0xB8, 0x67, 0x18, 0xC6, 0x39, 0x86, 0xFF, 0xDF, 0xE0, 0xC0,
    0x34, 0x0F, 0x0F, 0x03, 0xF0, 0x3C, 0x3C, 0x0F, 0x00, 0xC0, 0x30, 0x7F, 0x1F, 0xC6, 0x1B, 0xFF,
    0x7F, 0xBF, 0xF7, 0xF9, 0x8C, 0x7F, 0x1F, 0x06, 0x01, 0x80, 0x06, 0x03, 0x0F, 0xC7, 0xF6, 0x7B,
    0x21, 0xB0, 0xD8, 0x6F, 0xB7, 0xDA, 0x6F, 0x33, 0xF0, 0xF8, 0x60, 0x20, 0x3E, 0x0F, 0xC0, 0x30,
    0x0C, 0xFF, 0xDF, 0xEF, 0xFD, 0xFE, 0x60, 0x1C, 0x43, 0xF8, 0x7C, 0x0C, 0x0C, 0x3E, 0x7F, 0xEF,
    0xC8, 0xD8, 0xD8, 0xD8, 0xD8, 0xD8, 0xF3, 0x7F, 0x3E, 0x30, 0x30, 0xFF, 0xDF, 0xE0, 0x03, 0xFF,
    0x7F, 0x83, 0x00, 0xC0, 0x30, 0x0C, 0x03, 0x00, 0xC0, 0x30, 0x7F, 0xDF, 0xE0, 0x61, 0xFF, 0x7F,
    0x81, 0x87, 0xE1, 0xE0, 0x0C, 0x03, 0x80, 0x70, 0x0C, 0x01, 0x00, 0x30, 0x0C, 0x03, 0x60, 0xF8,
    0x7A, 0x1F, 0x83, 0xC9, 0xC7, 0x71, 0x8C, 0x63, 0xF8, 0xFC, 0x3F, 0x0F, 0xE3, 0x18, 0xC7, 0x31,
    0x8C, 0x6F, 0xF9, 0xF0, 0x30, 0x3F, 0xC7, 0xE0, 0xC0, 0x3C, 0x1E, 0x3F, 0x9F, 0xEC, 0x36, 0x1B,
    0x1D, 0xFC, 0xFF, 0x61, 0xB0, 0xD8, 0x6F, 0xF7, 0xF0, 0xF0, 0x78, 0x18, 0x0E, 0x07, 0x03, 0xFF,
    0x70, 0x0C, 0x01, 0x80, 0x00, 0x18, 0x3C, 0x7E, 0xFF, 0x5A, 0x18, 0x18, 0x18, 0x18, 0x18, 0x18,
    0x18, 0x06, 0x00, 0xC0, 0x1B, 0xFF, 0x03, 0x80, 0xC0, 0x60, 0x00, 0x18, 0x18, 0x18, 0x18, 0x18,
    0x18, 0x18, 0x5A, 0xFF, 0x7E, 0x3C, 0x18, 0x12, 0x0C, 0xC6, 0x1B, 0xFF, 0xE1, 0xDC, 0xE3, 0x30,
    0x00, 0x18, 0x3C, 0x7E, 0xFF, 0x5A, 0x18, 0x18, 0x18, 0xDB, 0x7E, 0x3C, 0x18, 0x00, 0x7C, 0x1F,
    0x07, 0x81, 0xF0, 0x4E, 0x01, 0xC0, 0x38, 0x07, 0x00, 0x00, 0x0F, 0x81, 0xE0, 0x78, 0x3A, 0x1C,
    0x8E, 0x07, 0x03, 0x80, 0xC0, 0x00, 0x40, 0x38, 0x07, 0x00, 0xE0, 0x0C, 0x81, 0xE0, 0x38, 0x3E,
    0x0F, 0x80, 0x00, 0x80, 0x70, 0x38, 0x18, 0x6C, 0x1E, 0x07, 0x01, 0xF0, 0x7C, 0x00, 0x03, 0x80,
    0x71, 0x8C, 0xE3, 0x71, 0xFF, 0xE7, 0x00, 0xC0, 0x18, 0x00, 0x00, 0x70, 0x38, 0x0C, 0x63, 0x0C,
    0xE1, 0x9F, 0xF0, 0x38, 0x0C, 0x06, 0x00, 0x00, 0x18, 0x1C, 0x1C, 0x0F, 0xF7, 0x19, 0xCC, 0x66,
    0x03, 0x01, 0x80, 0xC0, 0x60, 0x30, 0x0C, 0x07, 0x01, 0xDF, 0xEC, 0x76, 0x73, 0x31, 0x80, 0xC0,
    0x60, 0x30, 0x18, 0x00, 0x01, 0x80, 0xC0, 0x60, 0x30, 0x18, 0xCC, 0xE6, 0xE3, 0x7F, 0xB8, 0x0E,
    0x03, 0x00, 0x00, 0xC0, 0x60, 0x30, 0x18, 0x0C, 0x06, 0x63, 0x39, 0x8E, 0xFF, 0x03, 0x83, 0x81,
    0x80, 0x00, 0x0F, 0x87, 0x71, 0x8C, 0x43, 0x10, 0x04, 0x0D, 0x61, 0xF0, 0x38, 0x04, 0x00, 0x7C,
    0x3B, 0x8C, 0x63, 0x08, 0x02, 0x00, 0x81, 0xAC, 0x3E, 0x07, 0x00, 0x80, 0x0F, 0xC3, 0xE3, 0xF1,
    0xB6, 0x6C, 0xF0, 0x3C, 0x0F, 0x03, 0xC0, 0xD8, 0x67, 0x38, 0xFC, 0xFC, 0x1F, 0x03, 0xF1, 0xB6,
    0xCD, 0xB0, 0x3C, 0x0F, 0x03, 0xC0, 0xD8, 0x67, 0x38, 0xFC, 0x06, 0x01, 0xC0, 0x1B, 0xFF, 0x03,
    0x80, 0xC1, 0xE0, 0xE0, 0x70, 0x3F, 0xF7, 0x00, 0xC0, 0x18, 0x00, 0x00, 0x18, 0x0E, 0x07, 0x03,
    0xFF, 0x70, 0x0C, 0x01, 0xE0, 0x0C, 0x01, 0xBF, 0xF0, 0x38, 0x0C, 0x06, 0x00, 0x00, 0x00, 0x38,
    0x1C, 0x06, 0x7E, 0x67, 0xC3, 0xC3, 0xC3, 0xC3, 0xC3, 0x66, 0x7E, 0x00, 0x03, 0x01, 0xE0, 0x78,
    0x1E, 0x0C, 0xC3, 0x30, 0xCC, 0x61, 0x98, 0x66, 0x1B, 0xFF, 0x7F, 0x80, 0x00, 0xFF, 0xFF, 0xC3,
    0xC3, 0xC3, 0xC3, 0xC3, 0xC3, 0xC3, 0xC3, 0xC3, 0xC3, 0x00, 0xFF, 0xFF, 0xE0, 0x70, 0x30, 0x18,
    0x1C, 0x0C, 0x1C, 0x18, 0x30, 0x70, 0x60, 0xC0, 0xFF, 0xFF, 0xFF, 0xFF, 0x00, 0xC0, 0x60, 0x1B,
    0xC6, 0x71, 0x8C, 0xC3, 0x30, 0x6C, 0x1E, 0x07, 0x80, 0xE0, 0x38, 0x7B, 0xB7, 0xBC, 0xCF, 0x33,
    0xDE, 0xDD, 0xE0, 0x0F, 0x87, 0xC3, 0x01, 0x80, 0xC0, 0x60, 0x30, 0x18, 0x0C, 0x06, 0x03, 0x01,
    0x80, 0xC0, 0x60, 0x31, 0xF0, 0x70, 0x00, 0x7D, 0x9B, 0xE0, 0x00, 0x00, 0x7D, 0x9B, 0xE0, 0x00,
    0x06, 0x0C, 0xFF, 0xFF, 0x18, 0xFF, 0xFF, 0x60, 0x03, 0x0F, 0x3C, 0xF0, 0xE0, 0x7C, 0x1F, 0x07,
    0x00, 0xFF, 0x7E, 0xC0, 0xF0, 0x3C, 0x0F, 0x07, 0x1E, 0xF8, 0xE0, 0x00, 0xFF, 0x7E, 0x3F, 0x9D,
    0xDC, 0x0E, 0x0F, 0xFB, 0xFD, 0xC6, 0xE3, 0x71, 0xB8, 0xDC, 0x6E, 0x37, 0x18, 0x3D, 0x9E, 0xDC,
    0x6E, 0x3F, 0xDB, 0xED, 0xC6, 0xE3, 0x71, 0xB8, 0xDC, 0x6E, 0x37, 0x18, 0x00, 0x06, 0x40, 0x07,
    0xC0, 0x03, 0xC0, 0x03, 0xC0, 0x03, 0xF8, 0x3F, 0x7F, 0xFE, 0x0F, 0xE0, 0x03, 0xC0, 0x03, 0xC0,
    0x01, 0x80, 0x01, 0x80, 0x40, 0x00, 0x0C, 0x00, 0x00, 0xC0, 0x03, 0x0C, 0x00, 0x78, 0xF8, 0x7F,
    0xE7, 0xFF, 0x9E, 0x0F, 0xC0, 0x00, 0x2C, 0x00, 0x07, 0xC0, 0x00, 0x18, 0x00, 0x01, 0x80, 0x00,
    0x18, 0xC6, 0x31, 0xBD, 0xC0, 0x7B, 0xCC, 0x60, 0x10, 0x30, 0x30, 0xFE, 0xFE, 0x00, 0x78, 0x78,
    0x30, 0x30, 0x01, 0x00, 0x01, 0xC0, 0x01, 0xE0, 0x03, 0xE0, 0x03, 0xC0, 0x00, 0x06, 0x40, 0x07,
    0xC0, 0x03, 0xC0, 0x03, 0xC0, 0x03, 0xF8, 0x3F, 0x7F, 0xFE, 0x0F, 0xE0, 0x01, 0x00, 0x00, 0x1C,
    0x00, 0x01, 0xE0, 0x00, 0x3E, 0x00, 0x03, 0xC0, 0x00, 0x00, 0x00, 0x40, 0x00, 0x0C, 0x00, 0x00,
    0xC0, 0x03, 0x0C, 0x00, 0x78, 0xF8, 0x7F, 0xE7, 0xFF, 0x9E, 0x0F, 0xC0, 0x00, 0x43, 0x9F, 0xFF,
    0x00, 0x0C, 0x71, 0x8C, 0x6F, 0x70, 0x00, 0x20, 0x38, 0x3C, 0x7C, 0x78, 0x00, 0x00, 0x10, 0x30,
    0x30, 0xFE, 0xFE, 0x00, 0xFC, 0x1F, 0xF8, 0x1F, 0x0F, 0x83, 0x80, 0xE0, 0x3B, 0xC6, 0x78, 0xC6,
    0x18, 0xC3, 0x80, 0x38, 0x23, 0xFE, 0x3F, 0x00, 0xFC, 0x07, 0xFE, 0x01, 0xF0, 0x3F, 0x03, 0x8C,
    0x38, 0x7F, 0xBD, 0xF9, 0xE0, 0xC6, 0x06, 0x30, 0x38, 0x00, 0xE0, 0x83, 0xFE, 0x0F, 0xC0, 0x7C,
    0x1F, 0xC0, 0x78, 0x3E, 0xFE, 0x3E, 0x00, 0x00, 0x58, 0x3E, 0x03, 0x00, 0xC0, 0x7C, 0x07, 0xF0,
    0x07, 0x80, 0xF8, 0xFF, 0xEF, 0x8F, 0x00, 0x03, 0x40, 0x3E, 0x01, 0x80, 0x18, 0x00, 0x30, 0x38,
    0x3C, 0x7C, 0x7C, 0x00, 0x08, 0x0C, 0x0E, 0x06, 0x06, 0x07, 0x7E, 0xFE, 0x00, 0x30, 0x0F, 0x03,
    0xC1, 0xF0, 0x7C, 0x00, 0x00, 0x80, 0x30, 0x0E, 0x01, 0x80, 0x60, 0x1C, 0x7F, 0xFF, 0xF0, 0x00,
    0x18, 0x30, 0xF1, 0xE0, 0x01, 0x03, 0x06, 0x0C, 0x18, 0x30, 0xE3, 0x9E, 0x18, 0x00, 0x18, 0x0C,
    0x1F, 0x05, 0x80, 0x00, 0x40, 0x30, 0x18, 0x0E, 0x07, 0x83, 0xE3, 0x83, 0x87, 0x81, 0x80, 0x30,
    0x78, 0xF9, 0xF3, 0xC0, 0x00, 0x04, 0x0C, 0x18, 0x30, 0x60, 0xC3, 0x8E, 0x78, 0x60, 0x30, 0x1E,
    0x0F, 0x07, 0x87, 0xC0, 0x00, 0x00, 0x10, 0x0C, 0x06, 0x03, 0x81, 0xE0, 0xF8, 0xE0, 0xE1, 0xE0,
    0x60, 0x00, 0x00, 0x06, 0x00, 0x3C, 0x01, 0xE0, 0x07, 0x00, 0x0C, 0x00, 0x1E, 0x10, 0x0E, 0x60,
    0x0C, 0xC0, 0x0D, 0x80, 0x1B, 0xE0, 0xF3, 0xFF, 0xC0, 0xFC, 0x00, 0x00, 0x06, 0x00, 0x07, 0x80,
    0x07, 0xC0, 0x03, 0xC0, 0x00, 0xC0, 0x00, 0x38, 0x04, 0x03, 0x03, 0x00, 0x60, 0xC0, 0x1C, 0x30,
    0x03, 0x8F, 0x87, 0xF9, 0xFF, 0xEE, 0x0F, 0xC0, 0x00, 0x06, 0x1E, 0x7C, 0xF0, 0xE0, 0x70, 0x38,
    0x1C, 0x0C, 0x0C, 0xFC, 0xF8, 0x00, 0x06, 0x07, 0x87, 0xC3, 0xC0, 0xE0, 0x1C, 0x03, 0x80, 0x60,
    0x0C, 0x03, 0x8F, 0xFB, 0xEF, 0x00, 0x00, 0x00, 0x0C, 0x00, 0x78, 0x01, 0xD8, 0x07, 0xF0, 0x0F,
    0x80, 0x1C, 0x00, 0x30, 0x00, 0x78, 0x40, 0x39, 0x80, 0x33, 0x00, 0x36, 0x00, 0x6F, 0x83, 0xCF,
    0xFF, 0x03, 0xF0, 0x00, 0x00, 0x0C, 0x00, 0x0F, 0x00, 0x07, 0x60, 0x03, 0xF8, 0x00, 0xFC, 0x00,
    0x3C, 0x00, 0x0C, 0x00, 0x03, 0x80, 0x40, 0x30, 0x30, 0x06, 0x0C, 0x01, 0xC3, 0x00, 0x38, 0xF8,
    0x7F, 0x9F, 0xFE, 0xE0, 0xFC, 0x00, 0x0C, 0x1C, 0x7E, 0xFE, 0xFC, 0xF0, 0xE0, 0x70, 0x38, 0x1C,
    0x0C, 0x0C, 0xFC, 0xF8, 0x00, 0x0C, 0x07, 0x07, 0xE3, 0xF8, 0xFC, 0x3C, 0x0E, 0x01, 0xC0, 0x38,
    0x06, 0x00, 0xC0, 0x38, 0xFF, 0xBE, 0xF0, 0x00, 0x00, 0x00, 0x18, 0x03, 0xB0, 0x3C, 0x07, 0x80,
    0xF0, 0x1F, 0x06, 0x7F, 0xC7, 0xE0, 0x00, 0xC0, 0x07, 0x18, 0x19, 0x80, 0xFC, 0x07, 0xE0, 0x33,
    0x83, 0x0F, 0xF8, 0x3F, 0x80, 0x30, 0x71, 0xF3, 0x6C, 0x78, 0xFF, 0x3E, 0x38, 0x3E, 0x3B, 0x19,
    0xCC, 0x7E, 0x1C, 0x00, 0x67, 0x33, 0x3F, 0xE2, 0x66, 0x00, 0x20, 0x71, 0xB9, 0xC5, 0xC3, 0xC1,
    0xE0, 0x60, 0x10, 0x00, 0x01, 0x80, 0x3C, 0x0F, 0xC1, 0xBC, 0x37, 0x87, 0xDF, 0xFF, 0xFF, 0xC4,
    0x00, 0x07, 0x00, 0xF8, 0x0D, 0x81, 0x98, 0x1B, 0x8F, 0xFE, 0xFF, 0xE1, 0x8C, 0x1C, 0xC0, 0xF8,
    0x07, 0x80, 0x00, 0x1C, 0x0F, 0x0F, 0xC6, 0x73, 0x7D, 0xF7, 0xFF, 0xFF, 0x81, 0x00, 0x1E, 0x0F,
    0x83, 0x61, 0xD8, 0x6E, 0x3F, 0xEF, 0xFD, 0x8C, 0x73, 0x0F, 0xC1, 0xE0, 0x0C, 0x00, 0x1E, 0x00,
    0x3E, 0x00, 0x73, 0x00, 0x60, 0x00, 0xC0, 0x00, 0xF8, 0x1E, 0x7F, 0xFE, 0x0F, 0xF0, 0x03, 0xCF,
    0xFF, 0xF3, 0x00, 0xE0, 0x1F, 0xF1, 0xFC, 0x30, 0x00, 0x70, 0x00, 0x68, 0x00, 0x78, 0x00, 0x2C,
    0x00, 0x1E, 0x00, 0x3E, 0x00, 0x73, 0x00, 0x60, 0x00, 0xC0, 0x00, 0xF8, 0x1E, 0x7F, 0xFE, 0x0F,
    0xF0, 0x30, 0x1C, 0x06, 0x81, 0xE0, 0x23, 0xCF, 0xFF, 0xF3, 0x00, 0xE0, 0x1F, 0xF1, 0xFC, 0x00,
    0xF8, 0x0F, 0x80, 0xE0, 0x06, 0x06, 0x38, 0x60, 0xF3, 0x01, 0xD8, 0x06, 0xE0, 0x73, 0xFF, 0x0F,
    0xE0, 0x60, 0x83, 0x03, 0xEC, 0x07, 0xB0, 0x0C, 0xE0, 0x71, 0xFF, 0x83, 0xF8, 0x00, 0x18, 0xC6,
    0x31, 0xBD, 0xC0, 0x7B, 0xC0, 0x10, 0x30, 0x30, 0xFE, 0xFE, 0x00, 0x78, 0x78, 0x00, 0x38, 0xF1,
    0x83, 0x07, 0xDF, 0xBC, 0x00, 0xFB, 0xF0, 0x0C, 0x30, 0xC3, 0x0C, 0x30, 0xC3, 0x0C, 0x30, 0xC0,
    0xF9, 0xF8, 0x01, 0x83, 0x06, 0x0C, 0x18, 0x30, 0x60, 0xC1, 0x83, 0x07, 0x87, 0x80, 0x6E, 0xEF,
    0x86, 0x66, 0x66, 0x66, 0x66, 0x66, 0x63, 0x8E, 0x3C, 0x81, 0x86, 0x18, 0x61, 0x86, 0x18, 0x61,
    0x86, 0x1E, 0x3C, 0x00, 0x18, 0x70, 0xE1, 0xE2, 0x07, 0x1F, 0x37, 0x66, 0xFD, 0xF8, 0xF1, 0xDF,
    0x1C, 0x00, 0x18, 0x1C, 0x0E, 0x07, 0x82, 0x01, 0xC1, 0xF0, 0xDC, 0x66, 0x3F, 0xDF, 0xE1, 0xC1,
    0xC7, 0xC1, 0xC0, 0x63, 0x18, 0xC6, 0x31, 0x8C, 0x63, 0x18, 0xC0, 0x39, 0x8E, 0x72, 0x00, 0x61,
    0x86, 0x18, 0x61, 0x86, 0x18, 0x61, 0x87, 0x8F, 0x01, 0xC7, 0x1C, 0x71, 0x00, 0x38, 0x01, 0x87,
    0xCE, 0x7C, 0x77, 0x02, 0x30, 0x31, 0xC3, 0x07, 0x98, 0x0E, 0xC0, 0x37, 0x03, 0x9F, 0xF8, 0x7F,
    0x00, 0x38, 0x00, 0xC0, 0x03, 0x80, 0x0E, 0x00, 0x20, 0x01, 0x82, 0x0C, 0x0F, 0xB0, 0x1E, 0xC0,
    0x33, 0x81, 0xC7, 0xFE, 0x0F, 0xE0, 0x6E, 0xDF, 0xC6, 0x73, 0x33, 0xFE, 0x00, 0x70, 0xC1, 0xC3,
    0x84, 0x06, 0x0C, 0x18, 0xFD, 0xFC, 0x00, 0xFF, 0xFF, 0xFF, 0xC6, 0x31, 0x8C, 0x63, 0x18, 0xC6,
    0x3C, 0xF0, 0x00, 0x00, 0x06, 0x40, 0x07, 0xC0, 0x03, 0xC0, 0x03, 0xC0, 0x03, 0xF8, 0x3F, 0x7F,
    0xFE, 0x0F, 0xE0, 0x01, 0x80, 0x01, 0x80, 0x00, 0x00, 0x40, 0x00, 0x0C, 0x00, 0x00, 0xC0, 0x03,
    0x0C, 0x00, 0x78, 0xF8, 0x7F, 0xE7, 0xFF, 0x9E, 0x0F, 0xC0, 0x00, 0x18, 0x00, 0x01, 0x80, 0x00,
    0x00, 0x00, 0x67, 0x33, 0x3F, 0xE0, 0x66, 0x00, 0x30, 0x60, 0xC7, 0xEF, 0xE0, 0x0C, 0x18, 0x00,
    0x00, 0xF9, 0xA0, 0x03, 0x07, 0x1F, 0x36, 0xC7, 0x8F, 0xF3, 0xE0, 0x00, 0x1E, 0x0F, 0x00, 0x00,
    0xC0, 0x60, 0xF8, 0xFC, 0xCE, 0x63, 0x3F, 0x87, 0xF0, 0x78, 0x00, 0x00, 0x00, 0x03, 0xC0, 0x03,
    0xC6, 0x40, 0x07, 0xC0, 0x03, 0xC0, 0x03, 0xC0, 0x03, 0xF8, 0x3F, 0x7F, 0xFE, 0x0F, 0xE0, 0x00,
    0x00, 0x00, 0x3C, 0x00, 0x03, 0xC0, 0x04, 0x00, 0x00, 0xC0, 0x00, 0x0C, 0x00, 0x30, 0xC0, 0x07,
    0x8F, 0x87, 0xFE, 0x7F, 0xF9, 0xE0, 0xFC, 0x00, 0x07, 0xBC, 0x06, 0x38, 0xC6, 0x37, 0xB8, 0x00,
    0x00, 0x7C, 0x68, 0x00, 0x10, 0x30, 0x30, 0xFE, 0xFE, 0x00, 0x01, 0x80, 0x01, 0x80, 0x03, 0xC0,
    0x03, 0xC6, 0x40, 0x07, 0xC0, 0x03, 0xC0, 0x03, 0xC0, 0x03, 0xF8, 0x3F, 0x7F, 0xFE, 0x0F, 0xE0,
    0x01, 0x80, 0x00, 0x18, 0x00, 0x03, 0xC0, 0x00, 0x3C, 0x00, 0x40, 0x00, 0x0C, 0x00, 0x00, 0xC0,
    0x03, 0x0C, 0x00, 0x78, 0xF8, 0x7F, 0xE7, 0xFF, 0x9E, 0x0F, 0xC0, 0x00, 0x63, 0x3D, 0xE0, 0x31,
    0xC6, 0x31, 0xBD, 0xC0, 0x00, 0x30, 0x30, 0x7C, 0x68, 0x00, 0x10, 0x30, 0x30, 0xFE, 0xFE, 0x00,
    0xFC, 0x3F, 0xF0, 0x7C, 0x78, 0x38, 0x1C, 0x0E, 0x03, 0x18, 0xC6, 0x30, 0x0C, 0x03, 0xC3, 0x7F,
    0xC7, 0xE0, 0xFC, 0x0F, 0xFC, 0x07, 0xC1, 0xF0, 0x3B, 0x87, 0x1E, 0xE1, 0xFC, 0x60, 0xC6, 0x0C,
    0x00, 0xC0, 0x0F, 0x0C, 0x7F, 0xC1, 0xF8, 0x7C, 0x1F, 0xC0, 0x78, 0x3E, 0xFE, 0x3E, 0x00, 0x00,
    0x20, 0x0C, 0x00, 0x00, 0x7C, 0x07, 0xF0, 0x07, 0x80, 0xF8, 0xFF, 0xEF, 0x8F, 0x00, 0x00, 0x80,
    0x18, 0x00, 0x00, 0xFC, 0x3F, 0xF0, 0x7C, 0x78, 0x38, 0x1C, 0x0E, 0x03, 0x00, 0xC0, 0x30, 0x0C,
    0x03, 0xC3, 0x7F, 0xC7, 0xE0, 0xFC, 0x0F, 0xFC, 0x07, 0xC1, 0xF0, 0x3B, 0x87, 0x1E, 0xE1, 0xFC,
    0x00, 0xC0, 0x0C, 0x00, 0xC0, 0x0F, 0x0C, 0x7F, 0xC1, 0xF8, 0x7C, 0x1F, 0xC0, 0x78, 0x3E, 0xFE,
    0x3E, 0x00, 0x00, 0x7C, 0x07, 0xF0, 0x07, 0x80, 0xF8, 0xFF, 0xEF, 0x8F, 0x00, 0x00, 0x00, 0x03,
    0x00, 0xC0, 0x00, 0xFC, 0x3F, 0xF0, 0x7C, 0x78, 0x38, 0x1C, 0x0E, 0x03, 0x00, 0xC0, 0x30, 0x0C,
    0x03, 0xC3, 0x7F, 0xC7, 0xE0, 0x00, 0x00, 0xC0, 0x0C, 0x00, 0x00, 0xFC, 0x0F, 0xFC, 0x07, 0xC1,
    0xF0, 0x3B, 0x87, 0x1E, 0xE1, 0xFC, 0x00, 0xC0, 0x0C, 0x00, 0xC0, 0x0F, 0x0C, 0x7F, 0xC1, 0xF8,
    0x00, 0x0C, 0x03, 0x00, 0x00, 0x7C, 0x1F, 0xC0, 0x78, 0x3E, 0xFE, 0x3E, 0x00, 0x00, 0x00, 0x07,
    0x00, 0x20, 0x00, 0x00, 0x7C, 0x07, 0xF0, 0x07, 0x80, 0xF8, 0xFF, 0xEF, 0x8F, 0x00, 0x00, 0x08,
    0x0C, 0x0E, 0x06, 0x06, 0x07, 0x7E, 0xFE, 0x00, 0x08, 0x03, 0x00, 0xE0, 0x18, 0x06, 0x01, 0xC7,
    0xFF, 0xFF, 0x00, 0x00, 0x00, 0x38, 0x10, 0x00, 0x08, 0x0C, 0x0E, 0x06, 0x06, 0x07, 0x7E, 0xFE,
    0x00, 0x00, 0x06, 0x01, 0x80, 0x00, 0x08, 0x03, 0x00, 0xE0, 0x18, 0x06, 0x01, 0xC7, 0xFF, 0xFF,
    0x00, 0x00, 0x08, 0x18, 0x30, 0x60, 0xC1, 0x87, 0x1C, 0xF0, 0xC0, 0x08, 0x06, 0x03, 0x01, 0xC0,
    0xF0, 0x7C, 0x70, 0x70, 0xF0, 0x30, 0x00, 0x00, 0x30, 0x60, 0x00, 0x81, 0x83, 0x06, 0x0C, 0x18,
    0x71, 0xCF, 0x0C, 0x00, 0x00, 0x0C, 0x06, 0x00, 0x00, 0x80, 0x60, 0x30, 0x1C, 0x0F, 0x07, 0xC7,
    0x07, 0x0F, 0x03, 0x00, 0x00, 0x00, 0x60, 0x00, 0x06, 0x00, 0xC2, 0x60, 0x0E, 0x63, 0x60, 0x66,
    0x3C, 0x07, 0xFE, 0xC0, 0x7F, 0xEC, 0x06, 0x00, 0xE0, 0xC0, 0x07, 0xFC, 0x00, 0x3F, 0x80, 0x00,
    0x00, 0x00, 0x60, 0x03, 0x09, 0x80, 0x0E, 0x63, 0x18, 0x19, 0x8C, 0xC0, 0x7F, 0xFF, 0x01, 0xFF,
    0xFC, 0x06, 0x00, 0x38, 0x30, 0x00, 0x7F, 0xC0, 0x00, 0xFE, 0x00, 0x00, 0x00, 0x30, 0x01, 0x8C,
    0x4C, 0x66, 0x73, 0x31, 0xFF, 0xFB, 0xFF, 0xC0, 0x00, 0x00, 0x30, 0x62, 0x20, 0xCC, 0x61, 0x98,
    0xCF, 0xFF, 0xFF, 0xFF, 0xC0, 0x00, 0x00, 0x00, 0x06, 0x00, 0x00, 0x60, 0x00, 0x1F, 0x00, 0x00,
    0xB0, 0x00, 0x00, 0x60, 0x00, 0x06, 0x00, 0xC2, 0x60, 0x0E, 0x63, 0x60, 0x66, 0x3C, 0x07, 0xFE,
    0xC0, 0x7F, 0xEC, 0x06, 0x00, 0xE0, 0xC0, 0x07, 0xFC, 0x00, 0x3F, 0x80, 0x00, 0x00, 0x06, 0x00,
    0x00, 0x18, 0x00, 0x01, 0xF0, 0x00, 0x02, 0xC0, 0x00, 0x00, 0x00, 0x00, 0x01, 0x80, 0x0C, 0x26,
    0x00, 0x39, 0x8C, 0x60, 0x66, 0x33, 0x01, 0xFF, 0xFC, 0x07, 0xFF, 0xF0, 0x18, 0x00, 0xE0, 0xC0,
    0x01, 0xFF, 0x00, 0x03, 0xF8, 0x00, 0x00, 0x03, 0x00, 0x18, 0x01, 0xE0, 0x0F, 0x00, 0x03, 0x00,
    0x18, 0xC4, 0xC6, 0x67, 0x33, 0x1F, 0xFF, 0xBF, 0xFC, 0x00, 0x00, 0x03, 0x00, 0x06, 0x00, 0x1E,
    0x00, 0x3C, 0x00, 0x00, 0x00, 0x06, 0x0C, 0x44, 0x19, 0x8C, 0x33, 0x19, 0xFF, 0xFF, 0xFF, 0xF8,
    0x00, 0x00, 0x00, 0x00, 0x60, 0x00, 0x07, 0xE0, 0x0C, 0x3F, 0x80, 0x39, 0xC6, 0x60, 0x6C, 0x1B,
    0x01, 0xFF, 0xEC, 0x07, 0xFF, 0x30, 0x19, 0xE0, 0xE0, 0xC0, 0x01, 0xFF, 0x00, 0x03, 0xF8, 0x00,
    0x00, 0x00, 0x00, 0x60, 0x00, 0x01, 0xF8, 0x00, 0xC3, 0xF8, 0x00, 0xE7, 0x18, 0x60, 0x6C, 0x18,
    0xC0, 0x7F, 0xFE, 0xC0, 0x7F, 0xFF, 0xC0, 0x67, 0x80, 0xE0, 0xC0, 0x00, 0x7F, 0xC0, 0x00, 0x3F,
    0x80, 0x00, 0x00, 0x10, 0x01, 0xF8, 0xC7, 0xF1, 0x9C, 0x33, 0x70, 0xFF, 0xC7, 0xBF, 0xFE, 0x03,
    0xE0, 0x00, 0x10, 0x00, 0x7E, 0x0C, 0x7F, 0x06, 0x70, 0xC3, 0x70, 0xE7, 0xF1, 0xFB, 0xFF, 0xFE,
    0x0F, 0x80, 0x00, 0x00, 0x00, 0x00, 0x03, 0x80, 0x00, 0x04, 0x00, 0x00, 0x00, 0x00, 0x00, 0x60,
    0x00, 0x07, 0xE0, 0x0C, 0x3F, 0x80, 0x39, 0xC6, 0x60, 0x6C, 0x1B, 0x01, 0xFF, 0xEC, 0x07, 0xFF,
    0x30, 0x19, 0xE0, 0xE0, 0xC0, 0x01, 0xFF, 0x00, 0x03, 0xF8, 0x00, 0x00, 0x00, 0x00, 0x00, 0x00,
    0x00, 0xE0, 0x00, 0x00, 0x40, 0x00, 0x00, 0x00, 0x00, 0x00, 0x60, 0x00, 0x01, 0xF8, 0x00, 0xC3,
    0xF8, 0x00, 0xE7, 0x18, 0x60, 0x6C, 0x18, 0xC0, 0x7F, 0xFE, 0xC0, 0x7F, 0xFF, 0xC0, 0x67, 0x80,
    0xE0, 0xC0, 0x00, 0x7F, 0xC0, 0x00, 0x3F, 0x80, 0x00, 0x00, 0x00, 0x00, 0x60, 0x00, 0xC0, 0x00,
    0x80, 0x0F, 0xC6, 0x3F, 0x8C, 0xE1, 0x9B, 0x87, 0xFE, 0x3D, 0xFF, 0xF0, 0x1F, 0x00, 0x00, 0x00,
    0x00, 0x18, 0x00, 0x0C, 0x00, 0x02, 0x00, 0x0F, 0xC1, 0x8F, 0xE0, 0xCE, 0x18, 0x6E, 0x1C, 0xFE,
    0x3F, 0x7F, 0xFF, 0xC1, 0xF0, 0x00, 0x18, 0x00, 0xC0, 0x06, 0x00, 0x30, 0x01, 0x80, 0x0C, 0x20,
    0x6F, 0xC3, 0xFF, 0x1E, 0x18, 0xE1, 0xFF, 0xFD, 0xFF, 0xC1, 0xF0, 0x00, 0x18, 0x00, 0x30, 0x00,
    0x60, 0x00, 0xC0, 0x01, 0x80, 0x03, 0x08, 0x06, 0xFC, 0x0F, 0xFC, 0x1E, 0x18, 0x38, 0x73, 0xFF,
    0xF7, 0xFF, 0xF1, 0xF0, 0x00, 0x60, 0x0C, 0x01, 0x80, 0x30, 0x06, 0x00, 0xC2, 0x19, 0xF3, 0xFF,
    0x78, 0x6E, 0x1F, 0xFF, 0x7F, 0xC0, 0x00, 0x60, 0x03, 0x00, 0x18, 0x00, 0xC0, 0x06, 0x00, 0x30,
    0x81, 0x9F, 0x0F, 0xFC, 0x78, 0x63, 0x87, 0x3F, 0xFD, 0xFF, 0xF0, 0x00, 0x00, 0x18, 0x00, 0xC0,
    0x06, 0x38, 0x30, 0x81, 0x80, 0x0C, 0x20, 0x6F, 0xC3, 0xFF, 0x1E, 0x18, 0xE1, 0xFF, 0xFD, 0xFF,
    0xC1, 0xF0, 0x00, 0x18, 0x00, 0x30, 0x00, 0x63, 0x00, 0xC4, 0x01, 0x80, 0x03, 0x08, 0x06, 0xFC,
    0x0F, 0xFC, 0x1E, 0x18, 0x38, 0x73, 0xFF, 0xF7, 0xFF, 0xF1, 0xF0, 0x00, 0x60, 0x0C, 0x01, 0x80,
    0x31, 0x86, 0x30, 0xC2, 0x19, 0xF3, 0xFF, 0x78, 0x6E, 0x1F, 0xFF, 0x7F, 0xC0, 0x00, 0x60, 0x03,
    0x00, 0x18, 0x00, 0xC6, 0x06, 0x30, 0x30, 0x81, 0x9F, 0x0F, 0xFC, 0x78, 0x63, 0x87, 0x3F, 0xFD,
    0xFF, 0xF0, 0x00, 0x00, 0x18, 0x1F, 0x0E, 0x03, 0x00, 0xE2, 0x1F, 0x83, 0xE1, 0xC0, 0xE0, 0x30,
    0x0C, 0x03, 0x00, 0xC0, 0x3C, 0x27, 0xFC, 0x7E, 0x3E, 0x1F, 0xC6, 0x31, 0xD8, 0x3E, 0x0F, 0xE7,
    0x7F, 0x80, 0xC0, 0x30, 0x0C, 0x03, 0x86, 0x7F, 0x8F, 0xC0, 0x0C, 0x3E, 0x70, 0x60, 0x60, 0x73,
    0xFF, 0xFC, 0x00, 0x3E, 0x1F, 0xC6, 0x31, 0xD8, 0x3E, 0x3F, 0xEF, 0xFC, 0x00, 0x00, 0x06, 0x01,
    0x80, 0x00, 0x18, 0x1F, 0x0E, 0x03, 0x00, 0xE2, 0x1F, 0x83, 0xE1, 0xC0, 0xE0, 0x30, 0x0C, 0x03,
    0x00, 0xC0, 0x3C, 0x27, 0xFC, 0x7E, 0x00, 0x03, 0x00, 0xC0, 0x00, 0x3E, 0x1F, 0xC6, 0x31, 0xD8,
    0x3E, 0x0F, 0xE7, 0x7F, 0x80, 0xC0, 0x30, 0x0C, 0x03, 0x86, 0x7F, 0x8F, 0xC0, 0x00, 0x1C, 0x08,
    0x00, 0x0C, 0x3E, 0x70, 0x60, 0x60, 0x73, 0xFF, 0xFC, 0x00, 0x00, 0x07, 0x00, 0x80, 0x00, 0x3E,
    0x1F, 0xC6, 0x31, 0xD8, 0x3E, 0x3F, 0xEF, 0xFC, 0x00, 0x00, 0x00, 0x00, 0x0C, 0x00, 0x0C, 0x00,
    0x00, 0x00, 0x0C, 0x00, 0x1E, 0x00, 0x3F, 0x40, 0x33, 0xC0, 0x33, 0xC0, 0x3F, 0xC0, 0x1F, 0xF8,
    0x0F, 0x7F, 0xFE, 0x0F, 0xF8, 0x00, 0x00, 0x00, 0x00, 0x60, 0x00, 0x06, 0x00, 0x00, 0x00, 0x00,
    0x0F, 0x04, 0x00, 0xF8, 0xC0, 0x19, 0x8C, 0x01, 0x98, 0xC0, 0x1D, 0x8F, 0x83, 0xFE, 0x7F, 0xFF,
    0xE0, 0xFE, 0x00, 0x00, 0x30, 0x60, 0x01, 0x87, 0x9F, 0xB3, 0x66, 0xFC, 0xFF, 0xEF, 0x80, 0x00,
    0x00, 0x06, 0x01, 0x80, 0x00, 0x3C, 0x1F, 0x86, 0x61, 0x98, 0x76, 0x3F, 0xEF, 0xF8, 0x00, 0x00,
    0x00, 0x0F, 0x00, 0x78, 0x00, 0x00, 0x0E, 0x00, 0xF8, 0x0E, 0xCC, 0x66, 0xE3, 0xFE, 0x0F, 0xB0,
    0x0D, 0xC0, 0xE7, 0xFE, 0x1F, 0xE0, 0x10, 0x00, 0x00, 0x00, 0x03, 0xE0, 0x02, 0xC0, 0x00, 0x00,
    0x0E, 0x00, 0x3E, 0x00, 0x6C, 0x31, 0x98, 0x63, 0xFD, 0x83, 0xFF, 0x00, 0xC7, 0x01, 0x87, 0x0E,
    0x0F, 0xF8, 0x07, 0xC0, 0x00, 0x00, 0xF8, 0xB0, 0x01, 0x87, 0x9F, 0xB3, 0x66, 0xFC, 0xFF, 0xEF,
    0x80, 0x00, 0x00, 0x0F, 0x03, 0xC0, 0x00, 0x3C, 0x1F, 0x86, 0x61, 0x98, 0x76, 0x3F, 0xEF, 0xF8,
    0x00, 0x00, 0x0C, 0x00, 0x30, 0x00, 0xC0, 0x63, 0x03, 0x8C, 0x0C, 0x34, 0x18, 0xF0, 0xE3, 0xC3,
    0x0F, 0x00, 0x3F, 0x87, 0xDF, 0xFE, 0x0F, 0xC0, 0x00, 0x0C, 0x00, 0x06, 0x00, 0x03, 0x00, 0x31,
    0x80, 0x38, 0xC0, 0x18, 0x61, 0x06, 0x31, 0x87, 0x18, 0xC3, 0x0C, 0x60, 0x06, 0x3E, 0x1F, 0xCF,
    0xFF, 0xE0, 0xFC, 0x00, 0x06, 0x1E, 0x7C, 0xF0, 0xE0, 0x70, 0x38, 0x1C, 0x0C, 0x0C, 0xFC, 0xF8,
    0x00, 0x06, 0x07, 0x87, 0xC3, 0xC0, 0xE0, 0x1C, 0x03, 0x80, 0x60, 0x0C, 0x03, 0x8F, 0xFB, 0xEF,
    0x00, 0x00, 0x00, 0xE0, 0x0C, 0x01, 0x80, 0x30, 0x06, 0x00, 0xC0, 0x18, 0x03, 0x00, 0x6C, 0x0F,
    0x01, 0xE0, 0x3C, 0x0D, 0xC1, 0x9F, 0xE1, 0xF8, 0x00, 0xE0, 0x03, 0x00, 0x18, 0x00, 0xC0, 0x06,
    0x00, 0x30, 0x01, 0x80, 0x0C, 0x00, 0x63, 0x03, 0x30, 0x1F, 0x80, 0xFC, 0x0E, 0x70, 0x61, 0xFF,
    0x07, 0xE0, 0x66, 0x66, 0x77, 0x73, 0x33, 0xFE, 0x00, 0x61, 0x87, 0x1C, 0x71, 0xC3, 0x0C, 0x30,
    0xCF, 0xFF, 0x00, 0x1C, 0x3E, 0x76, 0x63, 0x1F, 0x7F, 0xE6, 0xC0, 0xC0, 0xC0, 0xC0, 0xC0, 0x60,
    0x60, 0x00, 0x03, 0xC0, 0xFC, 0x39, 0x8F, 0x31, 0xFF, 0xB7, 0xF6, 0x30, 0xC0, 0x18, 0x03, 0x00,
    0x70, 0x06, 0x00, 0xC0, 0x00, 0x1E, 0x3F, 0x33, 0x73, 0xFF, 0xFE, 0x00, 0x00, 0x03, 0xC0, 0xFC,
    0x19, 0x87, 0x39, 0xF7, 0xB7, 0xF8, 0x30, 0x00, 0x01, 0xC0, 0x10, 0x00, 0x00, 0x0C, 0x01, 0xD8,
    0x1E, 0x03, 0xC0, 0x78, 0x0F, 0x83, 0x3F, 0xE3, 0xF0, 0x00, 0x00, 0x70, 0x01, 0x00, 0x00, 0x00,
    0x0C, 0x00, 0x71, 0x81, 0x98, 0x0F, 0xC0, 0x7E, 0x03, 0x38, 0x30, 0xFF, 0x83, 0xF8, 0x00, 0x06,
    0x60, 0x67, 0x33, 0x3F, 0xE0, 0x00, 0xE0, 0x80, 0x03, 0x06, 0x0C, 0x7E, 0xFE, 0x00, 0x30, 0x71,
    0xF3, 0x6C, 0x78, 0xFF, 0x3E, 0x0C, 0x06, 0x0F, 0x8F, 0xCC, 0xE6, 0x33, 0xF8, 0x7F, 0x07, 0x80,
    0x00, 0x00, 0x1C, 0x0F, 0x0F, 0xC6, 0x73, 0x7D, 0xF7, 0xFF, 0xFF, 0x81, 0x00, 0x1E, 0x0F, 0x83,
    0x61, 0xD8, 0x6E, 0x3F, 0xEF, 0xFD, 0x8C, 0x73, 0x0F, 0xC1, 0xE0, 0x38, 0xF9, 0xBB, 0x37, 0xEF,
    0xC7, 0x8E, 0xF8, 0xE0, 0x38, 0x3E, 0x1B, 0x8C, 0xC7, 0xFB, 0xFC, 0x38, 0x38, 0xF8, 0x38, 0x00,
    0x00, 0xF8, 0x0F, 0x80, 0xE0, 0x06, 0x06, 0x38, 0x60, 0xF3, 0x01, 0xD8, 0x06, 0xE0, 0x73, 0xFF,
    0x0F, 0xE0, 0x60, 0x83, 0x03, 0xEC, 0x07, 0xB0, 0x0C, 0xE0, 0x71, 0xFF, 0x83, 0xF8, 0x00, 0x00,
    0xF8, 0x0F, 0x80, 0xE0, 0x06, 0x06, 0x38, 0x60, 0xF3, 0x01, 0xD8, 0x06, 0xE0, 0x73, 0xFF, 0x0F,
    0xE0, 0x00, 0x00, 0xF0, 0x07, 0x80, 0x00, 0x00, 0x60, 0x83, 0x03, 0xEC, 0x07, 0xB0, 0x0C, 0xE0,
    0x71, 0xFF, 0x83, 0xF8, 0x00, 0x00, 0x0A, 0x00, 0x7C, 0x00, 0x00, 0x00, 0x18, 0xC6, 0x31, 0xBD,
    0xC0, 0x7B, 0xC0, 0x10, 0x30, 0x30, 0xFE, 0xFE, 0x00, 0x78, 0x78, 0x00, 0x7C, 0x0F, 0x98, 0x03,
    0x08, 0x61, 0xCC, 0x1D, 0x81, 0xF0, 0x1E, 0x01, 0xC0, 0x7C, 0x1D, 0x87, 0xF0, 0xFC, 0xFC, 0x0F,
    0xD8, 0x01, 0x82, 0x18, 0x31, 0x83, 0x98, 0x1D, 0x80, 0xF8, 0x07, 0x80, 0x38, 0x03, 0x83, 0xFF,
    0x3E, 0xF0, 0x00, 0x70, 0x18, 0x07, 0x01, 0xC6, 0x41, 0x88, 0x63, 0x98, 0x76, 0x0F, 0x81, 0xE0,
    0x38, 0x1F, 0x0E, 0xC7, 0xF1, 0xF8, 0x60, 0x1C, 0x03, 0x80, 0x79, 0x88, 0x30, 0x86, 0x18, 0xC3,
    0x98, 0x3B, 0x03, 0xE0, 0x3C, 0x03, 0x80, 0x70, 0xFF, 0xDF, 0x78, 0x00, 0x03, 0x01, 0x90, 0xCE,
    0x63, 0xB0, 0xF8, 0x3C, 0x0E, 0x0F, 0x8E, 0xCF, 0xE7, 0xE0, 0x01, 0x81, 0xC0, 0xF0, 0x78, 0x20,
    0x00, 0x03, 0x00, 0x61, 0x0C, 0x31, 0x87, 0x30, 0x76, 0x07, 0xC0, 0x78, 0x07, 0x00, 0xE1, 0xFF,
    0xBE, 0xF0, 0x00, 0x30, 0x0E, 0x01, 0xA0, 0x3C, 0x06, 0x00, 0x03, 0x01, 0x90, 0xCE, 0x63, 0xB0,
    0xF8, 0x3C, 0x0E, 0x0F, 0x8E, 0xCF, 0xE7, 0xE0, 0x03, 0x00, 0x61, 0x0C, 0x31, 0x87, 0x30, 0x76,
    0x07, 0xC0, 0x78, 0x07, 0x00, 0xE1, 0xFF, 0xBE, 0xF0, 0x00,
};

static const EpdGlyph notosans_8_regularGlyphs[] = {
    { 0, 0, 0, 0, 0, 0, 0 }, // U+0000
    { 0, 0, 69, 0, 0, 0, 0 }, // U+000D
    { 0, 0, 160, 0, 0, 0, 0 }, // U+0020
    { 4, 12, 160, 3, 12, 6, 0 }, // !
    { 6, 5, 160, 2, 13, 4, 6 }, // "
    { 10, 12, 160, 0, 12, 15, 10 }, // #
    { 10, 16, 160, 0, 14, 20, 25 }, // $
    { 10, 12, 178, 1, 12, 15, 45 }, // %
    { 10, 12, 160, 0, 12, 15, 60 }, // &
    { 2, 5, 160, 4, 13, 2, 75 }, // '
    { 6, 16, 160, 3, 13, 12, 77 }, // (
    { 6, 16, 160, 1, 13, 12, 89 }, // )
    { 10, 9, 160, 0, 9, 12, 101 }, // *
    { 8, 8, 160, 1, 9, 8, 113 }, // +
    { 4, 5, 160, 3, 3, 3, 121 }, // ,
    { 6, 2, 160, 2, 6, 2, 124 }, // -
    { 4, 3, 160, 3, 3, 2, 126 }, // .
    { 8, 16, 160, 1, 13, 16, 128 }, // /
    { 10, 12, 160, 0, 12, 15, 144 }, // 0
    { 10, 12, 160, 0, 12, 15, 159 }, // 1
    { 8, 12, 160, 1, 12, 12, 174 }, // 2
    { 9, 12, 160, 0, 12, 14, 186 }, // 3
    { 10, 12, 160, 0, 12, 15, 200 }, // 4
    { 8, 12, 160, 1, 12, 12, 215 }, // 5
    { 8, 12, 160, 1, 12, 12, 227 }, // 6
    { 8, 12, 160, 1, 12, 12, 239 }, // 7
    { 10, 12, 160, 0, 12, 15, 251 }, // 8
    { 8, 12, 160, 1, 12, 12, 266 }, // 9
    { 4, 10, 160, 3, 10, 5, 278 }, // :
    { 4, 12, 160, 3, 10, 6, 283 }, // ;
    { 8, 10, 160, 1, 10, 10, 289 }, // <
    { 8, 5, 160, 1, 7, 5, 299 }, // =
    { 8, 10, 160, 1, 10, 10, 304 }, // >
    { 8, 12, 160, 1, 12, 12, 314 }, // ?
    { 8, 15, 160, 1, 12, 15, 326 }, // @
    { 10, 12, 160, 0, 12, 15, 341 }, // A
    { 9, 12, 160, 1, 12, 14, 356 }, // B
    { 8, 12, 160, 1, 12, 12, 370 }, // C
    { 9, 12, 160, 1, 12, 14, 382 }, // D
    { 8, 12, 160, 1, 12, 12, 396 }, // E
    { 8, 12, 160, 1, 12, 12, 408 }, // F
    { 9, 12, 160, 0, 12, 14, 420 }, // G
    { 8, 12, 160, 1, 12, 12, 434 }, // H
    { 8, 12, 160, 1, 12, 12, 446 }, // I
    { 7, 12, 160, 1, 12, 11, 458 }, // J
    { 9, 12, 160, 1, 12, 14, 469 }, // K
    { 7, 12, 160, 2, 12, 11, 483 }, // L
    { 8, 12, 160, 1, 12, 12, 494 }, // M
    { 8, 12, 160, 1, 12, 12, 506 }, // N
    { 10, 12, 160, 0, 12, 15, 518 }, // O
    { 9, 12, 160, 1, 12, 14, 533 }, // P
    { 11, 13, 160, 0, 12, 18, 547 }, // Q
    { 9, 12, 160, 1, 12, 14, 565 }, // R
    { 10, 12, 160, 0, 12, 15, 579 }, // S
    { 10, 12, 160, 0, 12, 15, 594 }, // T
    { 8, 12, 160, 1, 12, 12, 609 }, // U
    { 10, 12, 160, 0, 12, 15, 621 }, // V
    { 10, 12, 160, 0, 12, 15, 636 }, // W
    { 10, 12, 160, 0, 12, 15, 651 }, // X
    { 10, 12, 160, 0, 12, 15, 666 }, // Y
    { 10, 12, 160, 0, 12, 15, 681 }, // Z
    { 6, 16, 160, 3, 13, 12, 696 }, // [
    { 8, 16, 160, 1, 13, 16, 708 }, // <backslash>
    { 6, 16, 160, 1, 13, 12, 724 }, // ]
    { 10, 8, 160, 0, 12, 10, 736 }, // ^
    { 8, 2, 160, 1, -2, 2, 746 }, // _
    { 3, 4, 160, 3, 13, 2, 748 }, // `
    { 9, 9, 160, 1, 9, 11, 750 }, // a
    { 8, 13, 160, 1, 13, 13, 761 }, // b
    { 8, 9, 160, 1, 9, 9, 774 }, // c
    { 8, 13, 160, 1, 13, 13, 783 }, // d
    { 8, 9, 160, 1, 9, 9, 796 }, // e
    { 9, 13, 160, 1, 13, 15, 805 }, // f
    { 8, 12, 160, 1, 9, 12, 820 }, // g
    { 8, 13, 160, 1, 13, 13, 832 }, // h
    { 8, 13, 160, 1, 13, 13, 845 }, // i
    { 7, 16, 160, 1, 13, 14, 858 }, // j
    { 9, 13, 160, 1, 13, 15, 872 }, // k
    { 8, 13, 160, 1, 13, 13, 887 }, // l
    { 10, 9, 160, 0, 9, 12, 900 }, // m
    { 8, 9, 160, 1, 9, 9, 912 }, // n
    { 8, 9, 160, 1, 9, 9, 921 }, // o
    { 8, 12, 160, 1, 9, 12, 930 }, // p
    { 8, 12, 160, 1, 9, 12, 942 }, // q
    { 9, 9, 160, 1, 9, 11, 954 }, // r
    { 8, 9, 160, 1, 9, 9, 965 }, // s
    { 9, 12, 160, 0, 12, 14, 974 }, // t
    { 8, 9, 160, 1, 9, 9, 988 }, // u
    { 8, 9, 160, 1, 9, 9, 997 }, // v
    { 10, 9, 160, 0, 9, 12, 1006 }, // w
    { 8, 9, 160, 1, 9, 9, 1018 }, // x
    { 10, 12, 160, 0, 9, 15, 1027 }, // y
    { 8, 9, 160, 1, 9, 9, 1042 }, // z
    { 8, 16, 160, 1, 13, 16, 1051 }, // {
    { 2, 16, 160, 4, 13, 4, 1067 }, // |
    { 8, 16, 160, 1, 13, 16, 1071 }, // }
    { 10, 3, 160, 0, 6, 4, 1087 }, // ~
    { 0, 0, 160, 0, 0, 0, 1091 }, // U+00A0
    { 4, 12, 160, 3, 9, 6, 1091 }, // U+00A1
    { 8, 13, 160, 1, 11, 13, 1097 }, // U+00A2
    { 10, 12, 160, 0, 12, 15, 1110 }, // U+00A3
    { 10, 12, 160, 0, 12, 15, 1125 }, // U+00A5
    { 2, 15, 160, 4, 13, 4, 1140 }, // U+00A6
    { 8, 16, 160, 1, 12, 16, 1144 }, // U+00A7
    { 6, 2, 160, 2, 13, 2, 1160 }, // U+00A8
    { 11, 12, 222, 1, 11, 17, 1162 }, // U+00A9
    { 6, 6, 160, 2, 12, 5, 1179 }, // U+00AA
    { 8, 9, 160, 1, 9, 9, 1184 }, // U+00AB
    { 8, 5, 160, 1, 6, 5, 1193 }, // U+00AC
    { 6, 2, 160, 2, 6, 2, 1198 }, // U+00AD
    { 8, 7, 160, 1, 12, 7, 1200 }, // U+00AE
    { 6, 2, 160, 2, 12, 2, 1207 }, // U+00AF
    { 6, 7, 160, 2, 12, 6, 1209 }, // U+00B0
    { 8, 11, 160, 1, 11, 11, 1215 }, // U+00B1
    { 6, 7, 160, 2, 12, 6, 1226 }, // U+00B2
    { 6, 7, 160, 2, 12, 6, 1232 }, // U+00B3
    { 3, 4, 160, 4, 13, 2, 1238 }, // U+00B4
    { 8, 12, 160, 1, 9, 12, 1240 }, // U+00B5
    { 9, 15, 160, 0, 12, 17, 1252 }, // U+00B6
    { 4, 3, 160, 3, 7, 2, 1269 }, // U+00B7
    { 5, 5, 160, 3, 1, 4, 1271 }, // U+00B8
    { 6, 7, 160, 2, 12, 6, 1275 }, // U+00B9
    { 6, 6, 160, 2, 12, 5, 1281 }, // U+00BA
    { 8, 9, 160, 1, 9, 9, 1286 }, // U+00BB
    { 10, 12, 160, 0, 12, 15, 1295 }, // U+00BC
    { 10, 12, 160, 0, 12, 15, 1310 }, // U+00BD
    { 10, 12, 160, 0, 12, 15, 1325 }, // U+00BE
    { 8, 12, 160, 1, 9, 12, 1340 }, // U+00BF
    { 10, 16, 160, 0, 16, 20, 1352 }, // U+00C0
    { 10, 16, 160, 0, 16, 20, 1372 }, // U+00C1
    { 10, 16, 160, 0, 16, 20, 1392 }, // U+00C2
    { 10, 15, 160, 0, 15, 19, 1412 }, // U+00C3
    { 10, 16, 160, 0, 16, 20, 1431 }, // U+00C4
    { 10, 17, 160, 0, 17, 22, 1451 }, // U+00C5
    { 10, 12, 160, 0, 12, 15, 1473 }, // U+00C6
    { 8, 15, 160, 1, 12, 15, 1488 }, // U+00C7
    { 8, 16, 160, 1, 16, 16, 1503 }, // U+00C8
    { 8, 16, 160, 1, 16, 16, 1519 }, // U+00C9
    { 8, 16, 160, 1, 16, 16, 1535 }, // U+00CA
    { 8, 16, 160, 1, 16, 16, 1551 }, // U+00CB
    { 8, 16, 160, 1, 16, 16, 1567 }, // U+00CC
    { 8, 16, 160, 1, 16, 16, 1583 }, // U+00CD
    { 8, 16, 160, 1, 16, 16, 1599 }, // U+00CE
    { 8, 16, 160, 1, 16, 16, 1615 }, // U+00CF
    { 10, 12, 160, 0, 12, 15, 1631 }, // U+00D0
    { 8, 15, 160, 1, 15, 15, 1646 }, // U+00D1
    { 10, 16, 160, 0, 16, 20, 1661 }, // U+00D2
    { 10, 16, 160, 0, 16, 20, 1681 }, // U+00D3
    { 10, 16, 160, 0, 16, 20, 1701 }, // U+00D4
    { 10, 15, 160, 0, 15, 19, 1721 }, // U+00D5
    { 10, 16, 160, 0, 16, 20, 1740 }, // U+00D6
    { 8, 8, 160, 1, 9, 8, 1760 }, // U+00D7
    { 10, 14, 160, 0, 13, 18, 1768 }, // U+00D8
    { 8, 16, 160, 1, 16, 16, 1786 }, // U+00D9
    { 8, 16, 160, 1, 16, 16, 1802 }, // U+00DA
    { 8, 16, 160, 1, 16, 16, 1818 }, // U+00DB
    { 8, 16, 160, 1, 16, 16, 1834 }, // U+00DC
    { 10, 16, 160, 0, 16, 20, 1850 }, // U+00DD
    { 9, 12, 160, 1, 12, 14, 1870 }, // U+00DE
    { 10, 13, 160, 0, 13, 17, 1884 }, // U+00DF
    { 9, 13, 160, 1, 13, 15, 1901 }, // U+00E0
    { 9, 13, 160, 1, 13, 15, 1916 }, // U+00E1
    { 9, 13, 160, 1, 13, 15, 1931 }, // U+00E2
    { 9, 13, 160, 1, 13, 15, 1946 }, // U+00E3
    { 9, 13, 160, 1, 13, 15, 1961 }, // U+00E4
    { 9, 14, 160, 1, 14, 16, 1976 }, // U+00E5
    { 10, 9, 160, 0, 9, 12, 1992 }, // U+00E6
    { 8, 12, 160, 1, 9, 12, 2004 }, // U+00E7
    { 8, 13, 160, 1, 13, 13, 2016 }, // U+00E8
    { 8, 13, 160, 1, 13, 13, 2029 }, // U+00E9
    { 8, 13, 160, 1, 13, 13, 2042 }, // U+00EA
    { 8, 13, 160, 1, 13, 13, 2055 }, // U+00EB
    { 9, 13, 160, 1, 13, 15, 2068 }, // U+00EC
    { 9, 13, 160, 1, 13, 15, 2083 }, // U+00ED
    { 9, 13, 160, 1, 13, 15, 2098 }, // U+00EE
    { 9, 13, 160, 1, 13, 15, 2113 }, // U+00EF
    { 8, 14, 160, 1, 14, 14, 2128 }, // U+00F0
    { 8, 13, 160, 1, 13, 13, 2142 }, // U+00F1
    { 8, 13, 160, 1, 13, 13, 2155 }, // U+00F2
    { 8, 13, 160, 1, 13, 13, 2168 }, // U+00F3
    { 8, 13, 160, 1, 13, 13, 2181 }, // U+00F4
    { 8, 13, 160, 1, 13, 13, 2194 }, // U+00F5
    { 8, 13, 160, 1, 13, 13, 2207 }, // U+00F6
    { 8, 9, 160, 1, 10, 9, 2220 }, // U+00F7
    { 10, 11, 160, 0, 10, 14, 2229 }, // U+00F8
    { 8, 13, 160, 1, 13, 13, 2243 }, // U+00F9
    { 8, 13, 160, 1, 13, 13, 2256 }, // U+00FA
    { 8, 13, 160, 1, 13, 13, 2269 }, // U+00FB
    { 8, 13, 160, 1, 13, 13, 2282 }, // U+00FC
    { 10, 16, 160, 0, 13, 20, 2295 }, // U+00FD
    { 8, 16, 160, 1, 13, 16, 2315 }, // U+00FE
    { 10, 16, 160, 0, 13, 20, 2331 }, // U+00FF
    { 10, 15, 160, 0, 15, 19, 2351 }, // U+0100
    { 9, 12, 160, 1, 12, 14, 2370 }, // U+0101
    { 10, 16, 160, 0, 16, 20, 2384 }, // U+0102
    { 9, 13, 160, 1, 13, 15, 2404 }, // U+0103
    { 10, 15, 160, 0, 12, 19, 2419 }, // U+0104
    { 9, 12, 160, 1, 9, 14, 2438 }, // U+0105
    { 8, 16, 160, 1, 16, 16, 2452 }, // U+0106
    { 8, 13, 160, 1, 13, 13, 2468 }, // U+0107
    { 8, 16, 160, 1, 16, 16, 2481 }, // U+0108
    { 8, 13, 160, 1, 13, 13, 2497 }, // U+0109
    { 8, 16, 160, 1, 16, 16, 2510 }, // U+010A
    { 8, 13, 160, 1, 13, 13, 2526 }, // U+010B
    { 8, 16, 160, 1, 16, 16, 2539 }, // U+010C
    { 8, 13, 160, 1, 13, 13, 2555 }, // U+010D
    { 9, 16, 160, 1, 16, 18, 2568 }, // U+010E
    { 11, 13, 160, 0, 13, 18, 2586 }, // U+010F
    { 10, 12, 160, 0, 12, 15, 2604 }, // U+0110
    { 9, 13, 160, 1, 13, 15, 2619 }, // U+0111
    { 8, 15, 160, 1, 15, 15, 2634 }, // U+0112
    { 8, 12, 160, 1, 12, 12, 2649 }, // U+0113
    { 8, 16, 160, 1, 16, 16, 2661 }, // U+0114
    { 8, 13, 160, 1, 13, 13, 2677 }, // U+0115
    { 8, 16, 160, 1, 16, 16, 2690 }, // U+0116
    { 8, 13, 160, 1, 13, 13, 2706 }, // U+0117
    { 9, 15, 160, 1, 12, 17, 2719 }, // U+0118
    { 8, 12, 160, 1, 9, 12, 2736 }, // U+0119
    { 8, 16, 160, 1, 16, 16, 2748 }, // U+011A
    { 8, 13, 160, 1, 13, 13, 2764 }, // U+011B
    { 9, 16, 160, 0, 16, 18, 2777 }, // U+011C
    { 8, 16, 160, 1, 13, 16, 2795 }, // U+011D
    { 9, 16, 160, 0, 16, 18, 2811 }, // U+011E
    { 8, 16, 160, 1, 13, 16, 2829 }, // U+011F
    { 9, 16, 160, 0, 16, 18, 2845 }, // U+0120
    { 8, 16, 160, 1, 13, 16, 2863 }, // U+0121
    { 9, 16, 160, 0, 12, 18, 2879 }, // U+0122
    { 8, 16, 160, 1, 13, 16, 2897 }, // U+0123
    { 8, 16, 160, 1, 16, 16, 2913 }, // U+0124
    { 10, 16, 160, -1, 16, 20, 2929 }, // U+0125
    { 10, 12, 160, 0, 12, 15, 2949 }, // U+0126
    { 9, 13, 160, 0, 13, 15, 2964 }, // U+0127
    { 8, 15, 160, 1, 15, 15, 2979 }, // U+0128
    { 9, 13, 160, 1, 13, 15, 2994 }, // U+0129
    { 8, 15, 160, 1, 15, 15, 3009 }, // U+012A
    { 9, 12, 160, 1, 12, 14, 3024 }, // U+012B
    { 8, 16, 160, 1, 16, 16, 3038 }, // U+012C
    { 9, 13, 160, 1, 13, 15, 3054 }, // U+012D
    { 8, 15, 160, 1, 12, 15, 3069 }, // U+012E
    { 9, 16, 160, 1, 13, 18, 3084 }, // U+012F
    { 8, 16, 160, 1, 16, 16, 3102 }, // U+0130
    { 9, 9, 160, 1, 9, 11, 3118 }, // U+0131
    { 8, 12, 160, 1, 12, 12, 3129 }, // U+0132
    { 8, 16, 160, 1, 13, 16, 3141 }, // U+0133
    { 7, 16, 160, 1, 16, 14, 3157 }, // U+0134
    { 9, 16, 160, 1, 13, 18, 3171 }, // U+0135
    { 9, 16, 160, 1, 12, 18, 3189 }, // U+0136
    { 9, 17, 160, 1, 13, 20, 3207 }, // U+0137
    { 9, 9, 160, 1, 9, 11, 3227 }, // U+0138
    { 8, 16, 160, 1, 16, 16, 3238 }, // U+0139
    { 8, 16, 160, 1, 16, 16, 3254 }, // U+013A
    { 7, 16, 160, 2, 12, 14, 3270 }, // U+013B
    { 8, 17, 160, 1, 13, 17, 3284 }, // U+013C
    { 7, 12, 160, 2, 12, 11, 3301 }, // U+013D
    { 8, 13, 160, 1, 13, 13, 3312 }, // U+013E
    { 7, 12, 160, 2, 12, 11, 3325 }, // U+013F
    { 9, 13, 160, 1, 13, 15, 3336 }, // U+0140
    { 9, 12, 160, 0, 12, 14, 3351 }, // U+0141
    { 8, 13, 160, 1, 13, 13, 3365 }, // U+0142
    { 8, 16, 160, 1, 16, 16, 3378 }, // U+0143
    { 8, 13, 160, 1, 13, 13, 3394 }, // U+0144
    { 8, 16, 160, 1, 12, 16, 3407 }, // U+0145
    { 8, 13, 160, 1, 9, 13, 3423 }, // U+0146
    { 8, 16, 160, 1, 16, 16, 3436 }, // U+0147
    { 8, 13, 160, 1, 13, 13, 3452 }, // U+0148
    { 9, 13, 160, 0, 13, 15, 3465 }, // U+0149
    { 8, 15, 160, 1, 12, 15, 3480 }, // U+014A
    { 8, 12, 160, 1, 9, 12, 3495 }, // U+014B
    { 10, 15, 160, 0, 15, 19, 3507 }, // U+014C
    { 8, 12, 160, 1, 12, 12, 3526 }, // U+014D
    { 10, 16, 160, 0, 16, 20, 3538 }, // U+014E
    { 8, 13, 160, 1, 13, 13, 3558 }, // U+014F
    { 10, 16, 160, 0, 16, 20, 3571 }, // U+0150
    { 8, 13, 160, 1, 13, 13, 3591 }, // U+0151
    { 10, 12, 160, 0, 12, 15, 3604 }, // U+0152
    { 10, 9, 160, 0, 9, 12, 3619 }, // U+0153
    { 9, 16, 160, 1, 16, 18, 3631 }, // U+0154
    { 9, 13, 160, 1, 13, 15, 3649 }, // U+0155
    { 9, 16, 160, 1, 12, 18, 3664 }, // U+0156
    { 9, 13, 160, 1, 9, 15, 3682 }, // U+0157
    { 9, 16, 160, 1, 16, 18, 3697 }, // U+0158
    { 9, 13, 160, 1, 13, 15, 3715 }, // U+0159
    { 10, 16, 160, 0, 16, 20, 3730 }, // U+015A
    { 8, 13, 160, 1, 13, 13, 3750 }, // U+015B
    { 10, 16, 160, 0, 16, 20, 3763 }, // U+015C
    { 8, 13, 160, 1, 13, 13, 3783 }, // U+015D
    { 10, 15, 160, 0, 12, 19, 3796 }, // U+015E
    { 8, 12, 160, 1, 9, 12, 3815 }, // U+015F
    { 10, 16, 160, 0, 16, 20, 3827 }, // U+0160
    { 8, 13, 160, 1, 13, 13, 3847 }, // U+0161
    { 10, 16, 160, 0, 12, 20, 3860 }, // U+0162
    { 9, 16, 160, 0, 12, 18, 3880 }, // U+0163
    { 10, 16, 160, 0, 16, 20, 3898 }, // U+0164
    { 9, 12, 160, 0, 12, 14, 3918 }, // U+0165
    { 10, 12, 160, 0, 12, 15, 3932 }, // U+0166
    { 9, 12, 160, 0, 12, 14, 3947 }, // U+0167
    { 8, 15, 160, 1, 15, 15, 3961 }, // U+0168
    { 8, 13, 160, 1, 13, 13, 3976 }, // U+0169
    { 8, 15, 160, 1, 15, 15, 3989 }, // U+016A
    { 8, 12, 160, 1, 12, 12, 4004 }, // U+016B
    { 8, 16, 160, 1, 16, 16, 4016 }, // U+016C
    { 8, 13, 160, 1, 13, 13, 4032 }, // U+016D
    { 8, 17, 160, 1, 17, 17, 4045 }, // U+016E
    { 8, 14, 160, 1, 14, 14, 4062 }, // U+016F
    { 8, 16, 160, 1, 16, 16, 4076 }, // U+0170
    { 8, 13, 160, 1, 13, 13, 4092 }, // U+0171
    { 8, 15, 160, 1, 12, 15, 4105 }, // U+0172
    { 8, 12, 160, 1, 9, 12, 4120 }, // U+0173
    { 10, 16, 160, 0, 16, 20, 4132 }, // U+0174
    { 10, 13, 160, 0, 13, 17, 4152 }, // U+0175
    { 10, 16, 160, 0, 16, 20, 4169 }, // U+0176
    { 10, 16, 160, 0, 13, 20, 4189 }, // U+0177
    { 10, 16, 160, 0, 16, 20, 4209 }, // U+0178
    { 10, 16, 160, 0, 16, 20, 4229 }, // U+0179
    { 8, 13, 160, 1, 13, 13, 4249 }, // U+017A
    { 10, 16, 160, 0, 16, 20, 4262 }, // U+017B
    { 8, 13, 160, 1, 13, 13, 4282 }, // U+017C
    { 10, 16, 160, 0, 16, 20, 4295 }, // U+017D
    { 8, 13, 160, 1, 13, 13, 4315 }, // U+017E
    { 10, 14, 160, 0, 14, 18, 4328 }, // U+01A0
    { 8, 11, 160, 1, 11, 11, 4346 }, // U+01A1
    { 9, 14, 160, 1, 14, 16, 4357 }, // U+01AF
    { 9, 11, 160, 1, 11, 13, 4373 }, // U+01B0
    { 10, 20, 160, 0, 20, 25, 4386 }, // U+01FA
    { 9, 17, 160, 1, 17, 20, 4411 }, // U+01FB
    { 10, 16, 160, 0, 16, 20, 4431 }, // U+01FC
    { 10, 13, 160, 0, 13, 17, 4451 }, // U+01FD
    { 10, 17, 160, 0, 16, 22, 4468 }, // U+01FE
    { 10, 14, 160, 0, 13, 18, 4490 }, // U+01FF
    { 10, 16, 160, 0, 12, 20, 4508 }, // U+0218
    { 8, 13, 160, 1, 9, 13, 4528 }, // U+0219
    { 10, 16, 160, 0, 12, 20, 4541 }, // U+021A
    { 9, 16, 160, 0, 12, 18, 4561 }, // U+021B
    { 3, 4, 0, -2, 13, 2, 4579 }, // U+0300
    { 3, 4, 0, -1, 13, 2, 4581 }, // U+0301
    { 6, 3, 0, -3, 13, 3, 4583 }, // U+0302
    { 6, 3, 0, -3, 13, 3, 4586 }, // U+0303
    { 6, 2, 0, -3, 12, 2, 4589 }, // U+0304
    { 6, 4, 0, -3, 13, 3, 4591 }, // U+0306
    { 2, 2, 0, -1, 13, 1, 4594 }, // U+0307
    { 6, 2, 0, -3, 13, 2, 4595 }, // U+0308
    { 4, 4, 0, -2, 13, 2, 4597 }, // U+0309
    { 4, 5, 0, -2, 14, 3, 4599 }, // U+030A
    { 7, 4, 0, -3, 13, 4, 4602 }, // U+030B
    { 6, 3, 0, -3, 13, 3, 4606 }, // U+030C
    { 3, 3, 0, -1, 13, 2, 4609 }, // U+0312
    { 2, 3, 0, 0, 12, 1, 4611 }, // U+0315
    { 4, 4, 0, -2, 12, 2, 4612 }, // U+031B
    { 2, 2, 0, -1, 0, 1, 4614 }, // U+0323
    { 3, 3, 0, -2, -1, 2, 4615 }, // U+0326
    { 5, 5, 0, -2, 1, 4, 4617 }, // U+0327
    { 5, 5, 0, -4, 1, 4, 4621 }, // U+0328
    { 0, 0, 0, 0, 0, 0, 4625 }, // U+034F
    { 8, 16, 160, 1, 16, 16, 4625 }, // U+0400
    { 8, 16, 160, 1, 16, 16, 4641 }, // U+0401
    { 10, 16, 160, 0, 12, 20, 4657 }, // U+0402
    { 7, 16, 160, 2, 16, 14, 4677 }, // U+0403
    { 9, 12, 160, 1, 12, 14, 4691 }, // U+0404
    { 10, 12, 160, 0, 12, 15, 4705 }, // U+0405
    { 8, 12, 160, 1, 12, 12, 4720 }, // U+0406
    { 8, 16, 160, 1, 16, 16, 4732 }, // U+0407
    { 7, 12, 160, 1, 12, 11, 4748 }, // U+0408
    { 10, 12, 160, 0, 12, 15, 4759 }, // U+0409
    { 10, 12, 160, 0, 12, 15, 4774 }, // U+040A
    { 10, 12, 160, 0, 12, 15, 4789 }, // U+040B
    { 9, 16, 160, 1, 16, 18, 4804 }, // U+040C
    { 8, 16, 160, 1, 16, 16, 4822 }, // U+040D
    { 10, 16, 160, 0, 16, 20, 4838 }, // U+040E
    { 8, 15, 160, 1, 12, 15, 4858 }, // U+040F
    { 10, 12, 160, 0, 12, 15, 4873 }, // U+0410
    { 8, 12, 160, 1, 12, 12, 4888 }, // U+0411
    { 9, 12, 160, 1, 12, 14, 4900 }, // U+0412
    { 7, 12, 160, 2, 12, 11, 4914 }, // U+0413
    { 10, 15, 160, 0, 12, 19, 4925 }, // U+0414
    { 8, 12, 160, 1, 12, 12, 4944 }, // U+0415
    { 10, 12, 160, 0, 12, 15, 4956 }, // U+0416
    { 9, 12, 160, 0, 12, 14, 4971 }, // U+0417
    { 8, 12, 160, 1, 12, 12, 4985 }, // U+0418
    { 8, 16, 160, 1, 16, 16, 4997 }, // U+0419
    { 9, 12, 160, 1, 12, 14, 5013 }, // U+041A
    { 9, 12, 160, 0, 12, 14, 5027 }, // U+041B
    { 8, 12, 160, 1, 12, 12, 5041 }, // U+041C
    { 8, 12, 160, 1, 12, 12, 5053 }, // U+041D
    { 10, 12, 160, 0, 12, 15, 5065 }, // U+041E
    { 8, 12, 160, 1, 12, 12, 5080 }, // U+041F
    { 9, 12, 160, 1, 12, 14, 5092 }, // U+0420
    { 8, 12, 160, 1, 12, 12, 5106 }, // U+0421
    { 10, 12, 160, 0, 12, 15, 5118 }, // U+0422
    { 10, 12, 160, 0, 12, 15, 5133 }, // U+0423
    { 10, 14, 160, 0, 13, 18, 5148 }, // U+0424
    { 10, 12, 160, 0, 12, 15, 5166 }, // U+0425
    { 9, 15, 160, 1, 12, 17, 5181 }, // U+0426
    { 8, 12, 160, 1, 12, 12, 5198 }, // U+0427
    { 10, 12, 160, 0, 12, 15, 5210 }, // U+0428
    { 10, 15, 160, 0, 12, 19, 5225 }, // U+0429
    { 10, 12, 160, 0, 12, 15, 5244 }, // U+042A
    { 10, 12, 160, 0, 12, 15, 5259 }, // U+042B
    { 9, 12, 160, 1, 12, 14, 5274 }, // U+042C
    { 9, 12, 160, 0, 12, 14, 5288 }, // U+042D
    { 10, 12, 160, 0, 12, 15, 5302 }, // U+042E
    { 9, 12, 160, 0, 12, 14, 5317 }, // U+042F
    { 9, 9, 160, 1, 9, 11, 5331 }, // U+0430
    { 8, 13, 160, 1, 13, 13, 5342 }, // U+0431
    { 8, 9, 160, 1, 9, 9, 5355 }, // U+0432
    { 7, 9, 160, 2, 9, 8, 5364 }, // U+0433
    { 10, 12, 160, 0, 9, 15, 5372 }, // U+0434
    { 8, 9, 160, 1, 9, 9, 5387 }, // U+0435
    { 10, 9, 160, 0, 9, 12, 5396 }, // U+0436
    { 8, 9, 160, 1, 9, 9, 5408 }, // U+0437
    { 8, 9, 160, 1, 9, 9, 5417 }, // U+0438
    { 8, 13, 160, 1, 13, 13, 5426 }, // U+0439
    { 8, 9, 160, 1, 9, 9, 5439 }, // U+043A
    { 9, 9, 160, 0, 9, 11, 5448 }, // U+043B
    { 8, 9, 160, 1, 9, 9, 5459 }, // U+043C
    { 8, 9, 160, 1, 9, 9, 5468 }, // U+043D
    { 8, 9, 160, 1, 9, 9, 5477 }, // U+043E
    { 8, 9, 160, 1, 9, 9, 5486 }, // U+043F
    { 8, 12, 160, 1, 9, 12, 5495 }, // U+0440
    { 8, 9, 160, 1, 9, 9, 5507 }, // U+0441
    { 8, 9, 160, 1, 9, 9, 5516 }, // U+0442
    { 10, 12, 160, 0, 9, 15, 5525 }, // U+0443
    { 10, 15, 160, 0, 12, 19, 5540 }, // U+0444
    { 8, 9, 160, 1, 9, 9, 5559 }, // U+0445
    { 9, 12, 160, 1, 9, 14, 5568 }, // U+0446
    { 8, 9, 160, 1, 9, 9, 5582 }, // U+0447
    { 10, 9, 160, 0, 9, 12, 5591 }, // U+0448
    { 10, 11, 160, 0, 9, 14, 5603 }, // U+0449
    { 10, 9, 160, 0, 9, 12, 5617 }, // U+044A
    { 10, 9, 160, 0, 9, 12, 5629 }, // U+044B
    { 8, 9, 160, 1, 9, 9, 5641 }, // U+044C
    { 8, 9, 160, 1, 9, 9, 5650 }, // U+044D
    { 10, 9, 160, 0, 9, 12, 5659 }, // U+044E
    { 8, 9, 160, 1, 9, 9, 5671 }, // U+044F
    { 8, 13, 160, 1, 13, 13, 5680 }, // U+0450
    { 8, 13, 160, 1, 13, 13, 5693 }, // U+0451
    { 9, 16, 160, 0, 13, 18, 5706 }, // U+0452
    { 7, 13, 160, 2, 13, 12, 5724 }, // U+0453
    { 8, 9, 160, 1, 9, 9, 5736 }, // U+0454
    { 8, 9, 160, 1, 9, 9, 5745 }, // U+0455
    { 8, 13, 160, 1, 13, 13, 5754 }, // U+0456
    { 9, 13, 160, 1, 13, 15, 5767 }, // U+0457
    { 7, 16, 160, 1, 13, 14, 5782 }, // U+0458
    { 10, 9, 160, 0, 9, 12, 5796 }, // U+0459
    { 10, 9, 160, 0, 9, 12, 5808 }, // U+045A
    { 9, 13, 160, 0, 13, 15, 5820 }, // U+045B
    { 8, 13, 160, 1, 13, 13, 5835 }, // U+045C
    { 8, 13, 160, 1, 13, 13, 5848 }, // U+045D
    { 10, 16, 160, 0, 13, 20, 5861 }, // U+045E
    { 8, 12, 160, 1, 9, 12, 5881 }, // U+045F
    { 10, 12, 160, 0, 12, 15, 5893 }, // U+0472
    { 8, 9, 160, 1, 9, 9, 5908 }, // U+0473
    { 7, 15, 160, 2, 15, 14, 5917 }, // U+0490
    { 7, 11, 160, 2, 11, 10, 5931 }, // U+0491
    { 10, 12, 160, 0, 12, 15, 5941 }, // U+0492
    { 9, 9, 160, 0, 9, 11, 5956 }, // U+0493
    { 8, 16, 160, 1, 12, 16, 5967 }, // U+0494
    { 8, 12, 160, 1, 9, 12, 5983 }, // U+0495
    { 12, 15, 160, -1, 12, 23, 5995 }, // U+0496
    { 10, 12, 160, 0, 9, 15, 6018 }, // U+0497
    { 9, 15, 160, 0, 12, 17, 6033 }, // U+0498
    { 8, 11, 160, 1, 9, 11, 6050 }, // U+0499
    { 9, 15, 160, 1, 12, 17, 6061 }, // U+049A
    { 8, 12, 160, 1, 9, 12, 6078 }, // U+049B
    { 9, 12, 160, 1, 12, 14, 6090 }, // U+049C
    { 9, 9, 160, 1, 9, 11, 6104 }, // U+049D
    { 10, 12, 160, 0, 12, 15, 6115 }, // U+04A0
    { 10, 9, 160, 0, 9, 12, 6130 }, // U+04A1
    { 9, 15, 160, 1, 12, 17, 6142 }, // U+04A2
    { 9, 12, 160, 1, 9, 14, 6159 }, // U+04A3
    { 10, 12, 160, 0, 12, 15, 6173 }, // U+04A4
    { 10, 9, 160, 0, 9, 12, 6188 }, // U+04A5
    { 8, 15, 160, 1, 12, 15, 6200 }, // U+04AA
    { 8, 11, 160, 1, 9, 11, 6215 }, // U+04AB
    { 10, 12, 160, 0, 12, 15, 6226 }, // U+04AE
    { 8, 12, 160, 1, 9, 12, 6241 }, // U+04AF
    { 10, 12, 160, 0, 12, 15, 6253 }, // U+04B0
    { 8, 12, 160, 1, 9, 12, 6268 }, // U+04B1
    { 11, 15, 160, 0, 12, 21, 6280 }, // U+04B2
    { 9, 12, 160, 1, 9, 14, 6301 }, // U+04B3
    { 10, 15, 160, 0, 12, 19, 6315 }, // U+04B6
    { 9, 12, 160, 1, 9, 14, 6334 }, // U+04B7
    { 8, 12, 160, 1, 12, 12, 6348 }, // U+04B8
    { 8, 9, 160, 1, 9, 9, 6360 }, // U+04B9
    { 8, 12, 160, 1, 12, 12, 6369 }, // U+04BA
    { 8, 13, 160, 1, 13, 13, 6381 }, // U+04BB
    { 8, 12, 160, 1, 12, 12, 6394 }, // U+04C0
    { 10, 16, 160, 0, 16, 20, 6406 }, // U+04C1
    { 10, 13, 160, 0, 13, 17, 6426 }, // U+04C2
    { 8, 13, 160, 1, 13, 13, 6443 }, // U+04CF
    { 10, 16, 160, 0, 16, 20, 6456 }, // U+04D0
    { 9, 13, 160, 1, 13, 15, 6476 }, // U+04D1
    { 10, 16, 160, 0, 16, 20, 6491 }, // U+04D2
    { 9, 13, 160, 1, 13, 15, 6511 }, // U+04D3
    { 10, 12, 160, 0, 12, 15, 6526 }, // U+04D4
    { 10, 9, 160, 0, 9, 12, 6541 }, // U+04D5
    { 8, 16, 160, 1, 16, 16, 6553 }, // U+04D6
    { 8, 13, 160, 1, 13, 13, 6569 }, // U+04D7
    { 10, 12, 160, 0, 12, 15, 6582 }, // U+04D8
    { 8, 9, 160, 1, 9, 9, 6597 }, // U+04D9
    { 10, 16, 160, 0, 16, 20, 6606 }, // U+04DC
    { 10, 13, 160, 0, 13, 17, 6626 }, // U+04DD
    { 9, 16, 160, 0, 16, 18, 6643 }, // U+04DE
    { 8, 13, 160, 1, 13, 13, 6661 }, // U+04DF
    { 8, 15, 160, 1, 15, 15, 6674 }, // U+04E2
    { 8, 12, 160, 1, 12, 12, 6689 }, // U+04E3
    { 8, 16, 160, 1, 16, 16, 6701 }, // U+04E4
    { 8, 13, 160, 1, 13, 13, 6717 }, // U+04E5
    { 10, 16, 160, 0, 16, 20, 6730 }, // U+04E6
    { 8, 13, 160, 1, 13, 13, 6750 }, // U+04E7
    { 10, 12, 160, 0, 12, 15, 6763 }, // U+04E8
    { 8, 9, 160, 1, 9, 9, 6778 }, // U+04E9
    { 10, 15, 160, 0, 15, 19, 6787 }, // U+04EE
    { 10, 15, 160, 0, 12, 19, 6806 }, // U+04EF
    { 10, 16, 160, 0, 16, 20, 6825 }, // U+04F0
    { 10, 16, 160, 0, 13, 20, 6845 }, // U+04F1
    { 10, 16, 160, 0, 16, 20, 6865 }, // U+04F2
    { 10, 16, 160, 0, 13, 20, 6885 }, // U+04F3
    { 8, 16, 160, 1, 16, 16, 6905 }, // U+04F4
    { 8, 13, 160, 1, 13, 13, 6921 }, // U+04F5
    { 10, 16, 160, 0, 16, 20, 6934 }, // U+04F8
    { 10, 13, 160, 0, 13, 17, 6954 }, // U+04F9
    { 10, 10, 169, 0, 10, 13, 6971 }, // U+05D0
    { 9, 10, 153, 0, 10, 12, 6984 }, // U+05D1
    { 6, 11, 100, 0, 10, 9, 6996 }, // U+05D2
    { 9, 10, 145, 0, 10, 12, 7005 }, // U+05D3
    { 10, 10, 167, 0, 10, 13, 7017 }, // U+05D4
    { 4, 10, 80, 0, 10, 5, 7030 }, // U+05D5
    { 5, 10, 88, 0, 10, 7, 7035 }, // U+05D6
    { 10, 10, 177, 0, 10, 13, 7042 }, // U+05D7
    { 10, 10, 169, 0, 10, 13, 7055 }, // U+05D8
    { 4, 6, 79, 0, 10, 3, 7068 }, // U+05D9
    { 8, 13, 145, 0, 10, 13, 7071 }, // U+05DA
    { 8, 10, 137, 0, 10, 10, 7084 }, // U+05DB
    { 9, 13, 139, 0, 13, 15, 7094 }, // U+05DC
    { 11, 10, 182, 0, 10, 14, 7109 }, // U+05DD
    { 11, 10, 176, 0, 10, 14, 7123 }, // U+05DE
    { 4, 13, 88, 0, 10, 7, 7137 }, // U+05DF
    { 6, 10, 101, 0, 10, 8, 7144 }, // U+05E0
    { 10, 10, 172, 0, 10, 13, 7152 }, // U+05E1
    { 10, 12, 158, 0, 11, 15, 7165 }, // U+05E2
    { 10, 13, 165, 0, 10, 17, 7180 }, // U+05E3
    { 10, 10, 160, 0, 10, 13, 7197 }, // U+05E4
    { 9, 13, 141, 0, 10, 15, 7210 }, // U+05E5
    { 9, 10, 148, 0, 10, 12, 7225 }, // U+05E6
    { 9, 13, 167, 1, 10, 15, 7237 }, // U+05E7
    { 8, 10, 140, 0, 10, 10, 7252 }, // U+05E8
    { 11, 10, 195, 1, 10, 14, 7262 }, // U+05E9
    { 11, 10, 183, 0, 10, 14, 7276 }, // U+05EA
    { 3, 5, 87, 1, 4, 2, 7290 }, // U+060C
    { 3, 10, 92, 1, 9, 4, 7292 }, // U+061B
    { 7, 14, 116, 0, 13, 13, 7296 }, // U+061F
    { 7, 7, 110, 0, 6, 7, 7309 }, // U+0621
    { 6, 3, 72, 0, 2, 3, 7316 }, // U+0640
    { 4, 5, 0, 0, 14, 3, 7319 }, // U+0654
    { 4, 4, 153, 3, 7, 2, 7322 }, // U+0660
    { 4, 13, 153, 3, 12, 7, 7324 }, // U+0661
    { 8, 13, 153, 1, 12, 13, 7331 }, // U+0662
    { 9, 13, 153, 0, 12, 15, 7344 }, // U+0663
    { 8, 13, 153, 1, 12, 13, 7359 }, // U+0664
    { 8, 10, 153, 1, 9, 10, 7372 }, // U+0665
    { 8, 13, 153, 1, 12, 13, 7382 }, // U+0666
    { 10, 13, 153, 0, 12, 17, 7395 }, // U+0667
    { 10, 13, 153, 0, 12, 17, 7412 }, // U+0668
    { 8, 13, 153, 1, 12, 13, 7429 }, // U+0669
    { 11, 10, 183, 0, 6, 14, 7442 }, // U+06BA
    { 5, 2, 80, 0, 2, 2, 7456 }, // U+06D4
    { 7, 8, 108, 0, 8, 7, 7458 }, // U+06D5
    { 4, 4, 153, 3, 7, 2, 7465 }, // U+06F0
    { 4, 13, 153, 3, 12, 7, 7467 }, // U+06F1
    { 8, 13, 153, 1, 12, 13, 7474 }, // U+06F2
    { 9, 13, 153, 0, 12, 15, 7487 }, // U+06F3
    { 8, 12, 153, 1, 12, 12, 7502 }, // U+06F4
    { 8, 12, 153, 1, 12, 12, 7514 }, // U+06F5
    { 7, 13, 153, 1, 12, 12, 7526 }, // U+06F6
    { 10, 13, 153, 0, 12, 17, 7538 }, // U+06F7
    { 10, 13, 153, 0, 12, 17, 7555 }, // U+06F8
    { 8, 13, 153, 1, 12, 13, 7572 }, // U+06F9
    { 10, 14, 160, 0, 12, 18, 7585 }, // U+1EA0
    { 9, 11, 160, 1, 9, 13, 7603 }, // U+1EA1
    { 10, 16, 160, 0, 16, 20, 7616 }, // U+1EA2
    { 9, 13, 160, 1, 13, 15, 7636 }, // U+1EA3
    { 10, 19, 160, 0, 19, 24, 7651 }, // U+1EA4
    { 9, 16, 160, 1, 16, 18, 7675 }, // U+1EA5
    { 10, 19, 160, 0, 19, 24, 7693 }, // U+1EA6
    { 10, 16, 160, 0, 16, 20, 7717 }, // U+1EA7
    { 10, 18, 160, 0, 18, 23, 7737 }, // U+1EA8
    { 9, 15, 160, 1, 15, 17, 7760 }, // U+1EA9
    { 10, 18, 160, 0, 18, 23, 7777 }, // U+1EAA
    { 9, 15, 160, 1, 15, 17, 7800 }, // U+1EAB
    { 10, 18, 160, 0, 16, 23, 7817 }, // U+1EAC
    { 9, 15, 160, 1, 13, 17, 7840 }, // U+1EAD
    { 10, 19, 160, 0, 19, 24, 7857 }, // U+1EAE
    { 9, 16, 160, 1, 16, 18, 7881 }, // U+1EAF
    { 10, 19, 160, 0, 19, 24, 7899 }, // U+1EB0
    { 9, 16, 160, 1, 16, 18, 7923 }, // U+1EB1
    { 10, 18, 160, 0, 18, 23, 7941 }, // U+1EB2
    { 9, 15, 160, 1, 15, 17, 7964 }, // U+1EB3
    { 10, 18, 160, 0, 18, 23, 7981 }, // U+1EB4
    { 9, 15, 160, 1, 15, 17, 8004 }, // U+1EB5
    { 10, 18, 160, 0, 16, 23, 8021 }, // U+1EB6
    { 9, 15, 160, 1, 13, 17, 8044 }, // U+1EB7
    { 8, 14, 160, 1, 12, 14, 8061 }, // U+1EB8
    { 8, 11, 160, 1, 9, 11, 8075 }, // U+1EB9
    { 8, 16, 160, 1, 16, 16, 8086 }, // U+1EBA
    { 8, 13, 160, 1, 13, 13, 8102 }, // U+1EBB
    { 8, 15, 160, 1, 15, 15, 8115 }, // U+1EBC
    { 8, 13, 160, 1, 13, 13, 8130 }, // U+1EBD
    { 9, 19, 160, 1, 19, 22, 8143 }, // U+1EBE
    { 9, 16, 160, 1, 16, 18, 8165 }, // U+1EBF
    { 9, 19, 160, 0, 19, 22, 8183 }, // U+1EC0
    { 9, 16, 160, 0, 16, 18, 8205 }, // U+1EC1
    { 8, 18, 160, 1, 18, 18, 8223 }, // U+1EC2
    { 8, 15, 160, 1, 15, 15, 8241 }, // U+1EC3
    { 8, 18, 160, 1, 18, 18, 8256 }, // U+1EC4
    { 8, 15, 160, 1, 15, 15, 8274 }, // U+1EC5
    { 8, 18, 160, 1, 16, 18, 8289 }, // U+1EC6
    { 8, 15, 160, 1, 13, 15, 8307 }, // U+1EC7
    { 8, 16, 160, 1, 16, 16, 8322 }, // U+1EC8
    { 9, 13, 160, 1, 13, 15, 8338 }, // U+1EC9
    { 8, 14, 160, 1, 12, 14, 8353 }, // U+1ECA
    { 8, 15, 160, 1, 13, 15, 8367 }, // U+1ECB
    { 10, 14, 160, 0, 12, 18, 8382 }, // U+1ECC
    { 8, 11, 160, 1, 9, 11, 8400 }, // U+1ECD
    { 10, 16, 160, 0, 16, 20, 8411 }, // U+1ECE
    { 8, 13, 160, 1, 13, 13, 8431 }, // U+1ECF
    { 10, 19, 160, 0, 19, 24, 8444 }, // U+1ED0
    { 9, 16, 160, 1, 16, 18, 8468 }, // U+1ED1
    { 10, 19, 160, 0, 19, 24, 8486 }, // U+1ED2
    { 9, 16, 160, 0, 16, 18, 8510 }, // U+1ED3
    { 10, 18, 160, 0, 18, 23, 8528 }, // U+1ED4
    { 8, 15, 160, 1, 15, 15, 8551 }, // U+1ED5
    { 10, 18, 160, 0, 18, 23, 8566 }, // U+1ED6
    { 8, 15, 160, 1, 15, 15, 8589 }, // U+1ED7
    { 10, 18, 160, 0, 16, 23, 8604 }, // U+1ED8
    { 8, 15, 160, 1, 13, 15, 8627 }, // U+1ED9
    { 10, 16, 160, 0, 16, 20, 8642 }, // U+1EDA
    { 8, 13, 160, 1, 13, 13, 8662 }, // U+1EDB
    { 10, 16, 160, 0, 16, 20, 8675 }, // U+1EDC
    { 8, 13, 160, 1, 13, 13, 8695 }, // U+1EDD
    { 10, 16, 160, 0, 16, 20, 8708 }, // U+1EDE
    { 8, 13, 160, 1, 13, 13, 8728 }, // U+1EDF
    { 10, 16, 160, 0, 16, 20, 8741 }, // U+1EE0
    { 8, 12, 160, 1, 12, 12, 8761 }, // U+1EE1
    { 10, 16, 160, 0, 14, 20, 8773 }, // U+1EE2
    { 8, 13, 160, 1, 11, 13, 8793 }, // U+1EE3
    { 8, 14, 160, 1, 12, 14, 8806 }, // U+1EE4
    { 8, 11, 160, 1, 9, 11, 8820 }, // U+1EE5
    { 8, 16, 160, 1, 16, 16, 8831 }, // U+1EE6
    { 8, 13, 160, 1, 13, 13, 8847 }, // U+1EE7
    { 9, 16, 160, 1, 16, 18, 8860 }, // U+1EE8
    { 9, 13, 160, 1, 13, 15, 8878 }, // U+1EE9
    { 9, 16, 160, 1, 16, 18, 8893 }, // U+1EEA
    { 9, 13, 160, 1, 13, 15, 8911 }, // U+1EEB
    { 9, 16, 160, 1, 16, 18, 8926 }, // U+1EEC
    { 9, 13, 160, 1, 13, 15, 8944 }, // U+1EED
    { 9, 16, 160, 1, 16, 18, 8959 }, // U+1EEE
    { 9, 12, 160, 1, 12, 14, 8977 }, // U+1EEF
    { 9, 16, 160, 1, 14, 18, 8991 }, // U+1EF0
    { 9, 13, 160, 1, 11, 15, 9009 }, // U+1EF1
    { 10, 16, 160, 0, 16, 20, 9024 }, // U+1EF2
    { 10, 16, 160, 0, 13, 20, 9044 }, // U+1EF3
    { 10, 14, 160, 0, 12, 18, 9064 }, // U+1EF4
    { 10, 12, 160, 0, 9, 15, 9082 }, // U+1EF5
    { 10, 16, 160, 0, 16, 20, 9097 }, // U+1EF6
    { 10, 16, 160, 0, 13, 20, 9117 }, // U+1EF7
    { 10, 15, 160, 0, 15, 19, 9137 }, // U+1EF8
    { 10, 16, 160, 0, 13, 20, 9156 }, // U+1EF9
    { 0, 0, 35, 0, 0, 0, 9176 }, // U+2009
    { 0, 0, 0, 0, 0, 0, 9176 }, // U+200B
    { 2, 12, 0, -1, 11, 3, 9176 }, // U+200C
    { 4, 12, 0, -2, 11, 6, 9179 }, // U+200D
    { 5, 14, 0, -1, 12, 9, 9185 }, // U+200E
    { 5, 14, 0, -4, 12, 9, 9194 }, // U+200F
    { 5, 2, 86, 0, 5, 2, 9203 }, // U+2010
    { 5, 3, 86, 0, 6, 2, 9205 }, // U+2011
    { 8, 2, 160, 1, 6, 2, 9207 }, // U+2013
    { 10, 2, 160, 0, 6, 3, 9209 }, // U+2014
    { 4, 5, 160, 3, 13, 3, 9212 }, // U+2018
    { 4, 5, 160, 3, 13, 3, 9215 }, // U+2019
    { 4, 5, 160, 3, 3, 3, 9218 }, // U+201A
    { 8, 5, 160, 1, 13, 5, 9221 }, // U+201C
    { 8, 5, 160, 1, 13, 5, 9226 }, // U+201D
    { 8, 5, 160, 1, 3, 5, 9231 }, // U+201E
    { 8, 16, 160, 1, 13, 16, 9236 }, // U+2020
    { 8, 16, 160, 1, 13, 16, 9252 }, // U+2021
    { 4, 3, 160, 3, 7, 2, 9268 }, // U+2022
    { 10, 3, 160, 0, 3, 4, 9270 }, // U+2026
    { 0, 0, 35, 0, 0, 0, 9274 }, // U+202F
    { 11, 12, 185, 0, 12, 17, 9274 }, // U+2030
    { 5, 9, 160, 2, 9, 6, 9291 }, // U+2039
    { 5, 9, 160, 3, 9, 6, 9297 }, // U+203A
    { 10, 12, 160, 0, 12, 15, 9303 }, // U+2044
    { 3, 10, 92, 1, 9, 4, 9318 }, // U+204F
    { 6, 7, 160, 2, 12, 6, 9322 }, // U+2070
    { 6, 7, 160, 2, 12, 6, 9328 }, // U+2074
    { 6, 7, 160, 2, 12, 6, 9334 }, // U+2075
    { 6, 7, 160, 2, 12, 6, 9340 }, // U+2076
    { 6, 7, 160, 2, 12, 6, 9346 }, // U+2077
    { 6, 7, 160, 2, 12, 6, 9352 }, // U+2078
    { 6, 7, 160, 2, 12, 6, 9358 }, // U+2079
    { 6, 6, 160, 2, 6, 5, 9364 }, // U+2080
    { 6, 6, 160, 2, 6, 5, 9369 }, // U+2081
    { 6, 6, 160, 2, 6, 5, 9374 }, // U+2082
    { 6, 6, 160, 2, 6, 5, 9379 }, // U+2083
    { 6, 6, 160, 2, 6, 5, 9384 }, // U+2084
    { 6, 6, 160, 2, 6, 5, 9389 }, // U+2085
    { 6, 6, 160, 2, 6, 5, 9394 }, // U+2086
    { 6, 6, 160, 2, 6, 5, 9399 }, // U+2087
    { 6, 6, 160, 2, 6, 5, 9404 }, // U+2088
    { 6, 6, 160, 2, 6, 5, 9409 }, // U+2089
    { 8, 17, 160, 1, 14, 17, 9414 }, // U+20A1
    { 10, 12, 160, 0, 12, 15, 9431 }, // U+20A4
    { 10, 12, 160, 0, 12, 15, 9446 }, // U+20A6
    { 10, 12, 160, 0, 12, 15, 9461 }, // U+20A8
    { 10, 12, 160, 0, 12, 15, 9476 }, // U+20A9
    { 10, 12, 160, 0, 12, 15, 9491 }, // U+20AA
    { 9, 13, 160, 1, 13, 15, 9506 }, // U+20AB
    { 8, 12, 160, 1, 12, 12, 9521 }, // U+20AC
    { 10, 12, 160, 0, 12, 15, 9533 }, // U+20AD
    { 10, 12, 160, 0, 12, 15, 9548 }, // U+20AE
    { 10, 12, 160, 0, 12, 15, 9563 }, // U+20B1
    { 9, 16, 160, 0, 14, 18, 9578 }, // U+20B2
    { 10, 12, 160, 0, 12, 15, 9596 }, // U+20B4
    { 8, 16, 160, 1, 14, 16, 9611 }, // U+20B5
    { 10, 12, 160, 0, 12, 15, 9627 }, // U+20B8
    { 10, 13, 160, 0, 12, 17, 9642 }, // U+20B9
    { 10, 12, 160, 0, 12, 15, 9659 }, // U+20BA
    { 10, 12, 160, 0, 12, 15, 9674 }, // U+20BD
    { 9, 16, 160, 1, 14, 18, 9689 }, // U+20BF
    { 10, 8, 160, 0, 9, 10, 9707 }, // U+2190
    { 8, 12, 160, 1, 12, 12, 9717 }, // U+2191
    { 10, 8, 160, 0, 9, 10, 9729 }, // U+2192
    { 8, 12, 160, 1, 12, 12, 9739 }, // U+2193
    { 10, 8, 160, 0, 9, 10, 9751 }, // U+2194
    { 8, 13, 160, 1, 12, 13, 9761 }, // U+2195
    { 10, 9, 160, 0, 10, 12, 9774 }, // U+2196
    { 10, 9, 160, 0, 10, 12, 9786 }, // U+2197
    { 10, 9, 160, 0, 11, 12, 9798 }, // U+2198
    { 10, 9, 160, 0, 11, 12, 9810 }, // U+2199
    { 10, 10, 160, 0, 10, 13, 9822 }, // U+21A9
    { 10, 10, 160, 0, 10, 13, 9835 }, // U+21AA
    { 9, 12, 160, 0, 12, 14, 9848 }, // U+21B0
    { 9, 12, 160, 1, 12, 14, 9862 }, // U+21B1
    { 9, 13, 160, 0, 12, 15, 9876 }, // U+21B2
    { 9, 13, 160, 1, 12, 15, 9891 }, // U+21B3
    { 10, 10, 160, 0, 11, 13, 9906 }, // U+21B6
    { 10, 10, 160, 0, 11, 13, 9919 }, // U+21B7
    { 10, 12, 160, 0, 12, 15, 9932 }, // U+21BA
    { 10, 12, 160, 0, 12, 15, 9947 }, // U+21BB
    { 10, 14, 160, 0, 12, 18, 9962 }, // U+21C4
    { 10, 14, 160, 0, 12, 18, 9980 }, // U+21C6
    { 8, 13, 160, 1, 13, 13, 9998 }, // U+2202
    { 10, 13, 160, 0, 12, 17, 10011 }, // U+2206
    { 8, 13, 160, 1, 13, 13, 10028 }, // U+220F
    { 8, 17, 160, 1, 13, 17, 10041 }, // U+2211
    { 8, 2, 160, 1, 6, 2, 10058 }, // U+2212
    { 10, 12, 160, 0, 12, 15, 10060 }, // U+221A
    { 10, 6, 160, 0, 8, 8, 10075 }, // U+221E
    { 9, 17, 160, 0, 13, 20, 10083 }, // U+222B
    { 10, 7, 160, 0, 8, 9, 10103 }, // U+2248
    { 8, 8, 160, 1, 9, 8, 10112 }, // U+2260
    { 8, 11, 160, 1, 10, 11, 10120 }, // U+2264
    { 8, 11, 160, 1, 10, 11, 10131 }, // U+2265
    { 9, 13, 160, 0, 13, 15, 10142 }, // U+FB01
    { 9, 13, 160, 0, 13, 15, 10157 }, // U+FB02
    { 16, 12, 265, 0, 7, 24, 10172 }, // U+FB56
    { 20, 11, 292, 0, 6, 28, 10196 }, // U+FB57
    { 5, 12, 80, -1, 7, 8, 10224 }, // U+FB58
    { 8, 10, 99, 0, 5, 10, 10232 }, // U+FB59
    { 16, 13, 265, 0, 12, 26, 10242 }, // U+FB66
    { 20, 13, 292, 0, 12, 33, 10268 }, // U+FB67
    { 5, 15, 72, 0, 14, 10, 10301 }, // U+FB68
    { 8, 13, 99, 0, 12, 13, 10311 }, // U+FB69
    { 11, 14, 176, 0, 7, 20, 10324 }, // U+FB7A
    { 13, 14, 192, 0, 7, 23, 10344 }, // U+FB7B
    { 10, 11, 157, 0, 6, 14, 10367 }, // U+FB7C
    { 12, 11, 170, 0, 6, 17, 10381 }, // U+FB7D
    { 8, 15, 127, 0, 14, 15, 10398 }, // U+FB88
    { 10, 15, 142, 0, 14, 19, 10413 }, // U+FB89
    { 7, 15, 98, -1, 11, 14, 10432 }, // U+FB8A
    { 9, 15, 106, -1, 11, 17, 10446 }, // U+FB8B
    { 7, 17, 98, -1, 13, 15, 10463 }, // U+FB8C
    { 9, 17, 106, -1, 13, 20, 10478 }, // U+FB8D
    { 15, 13, 234, 0, 12, 25, 10498 }, // U+FB8E
    { 18, 13, 260, 0, 12, 30, 10523 }, // U+FB8F
    { 8, 13, 110, 0, 12, 13, 10553 }, // U+FB90
    { 10, 13, 136, 0, 12, 17, 10566 }, // U+FB91
    { 15, 15, 234, 0, 14, 29, 10583 }, // U+FB92
    { 18, 15, 260, 0, 14, 34, 10612 }, // U+FB93
    { 8, 15, 110, 0, 14, 15, 10646 }, // U+FB94
    { 10, 15, 136, 0, 14, 19, 10661 }, // U+FB95
    { 11, 10, 183, 0, 6, 14, 10680 }, // U+FB9E
    { 13, 9, 195, 0, 5, 15, 10694 }, // U+FB9F
    { 7, 8, 108, 0, 8, 7, 10709 }, // U+FBA6
    { 9, 7, 128, 0, 6, 8, 10716 }, // U+FBA7
    { 4, 11, 72, 0, 7, 6, 10724 }, // U+FBA8
    { 9, 8, 117, 0, 3, 9, 10730 }, // U+FBA9
    { 11, 10, 179, 0, 9, 14, 10739 }, // U+FBAA
    { 12, 11, 164, 0, 7, 17, 10753 }, // U+FBAB
    { 9, 10, 153, 0, 9, 12, 10770 }, // U+FBAC
    { 10, 11, 135, 0, 7, 14, 10782 }, // U+FBAD
    { 16, 9, 251, 0, 8, 18, 10796 }, // U+FBAE
    { 10, 7, 146, 0, 2, 9, 10814 }, // U+FBAF
    { 16, 13, 251, 0, 12, 26, 10823 }, // U+FBB0
    { 10, 11, 146, 0, 6, 14, 10849 }, // U+FBB1
    { 13, 11, 203, 0, 7, 18, 10863 }, // U+FBFC
    { 14, 7, 196, 0, 3, 13, 10881 }, // U+FBFD
    { 5, 11, 80, -1, 7, 7, 10894 }, // U+FBFE
    { 8, 9, 99, 0, 5, 9, 10901 }, // U+FBFF
    { 7, 7, 110, 0, 6, 7, 10910 }, // U+FE80
    { 6, 14, 63, -1, 14, 11, 10917 }, // U+FE81
    { 7, 16, 78, -1, 15, 14, 10928 }, // U+FE82
    { 4, 16, 63, 0, 16, 8, 10942 }, // U+FE83
    { 6, 18, 78, 0, 17, 14, 10950 }, // U+FE84
    { 7, 15, 119, 0, 11, 14, 10964 }, // U+FE85
    { 9, 15, 126, 0, 11, 17, 10978 }, // U+FE86
    { 5, 18, 63, 0, 12, 12, 10995 }, // U+FE87
    { 6, 18, 78, 0, 12, 14, 11007 }, // U+FE88
    { 13, 12, 203, 0, 8, 20, 11021 }, // U+FE89
    { 14, 12, 196, 0, 8, 21, 11041 }, // U+FE8A
    { 4, 13, 72, 0, 12, 7, 11062 }, // U+FE8B
    { 7, 11, 91, 0, 10, 10, 11069 }, // U+FE8C
    { 2, 12, 63, 1, 12, 3, 11079 }, // U+FE8D
    { 5, 13, 78, 1, 12, 9, 11082 }, // U+FE8E
    { 16, 11, 265, 0, 7, 22, 11091 }, // U+FE8F
    { 20, 10, 292, 0, 6, 25, 11113 }, // U+FE90
    { 4, 11, 72, 0, 7, 6, 11138 }, // U+FE91
    { 7, 9, 91, 0, 5, 8, 11144 }, // U+FE92
    { 7, 12, 108, 0, 12, 11, 11152 }, // U+FE93
    { 9, 14, 130, 0, 13, 16, 11163 }, // U+FE94
    { 16, 10, 265, 0, 9, 20, 11179 }, // U+FE95
    { 20, 10, 292, 0, 9, 25, 11199 }, // U+FE96
    { 5, 12, 72, 0, 11, 8, 11224 }, // U+FE97
    { 8, 10, 99, 0, 9, 10, 11232 }, // U+FE98
    { 16, 11, 265, 0, 10, 22, 11242 }, // U+FE99
    { 20, 11, 292, 0, 10, 28, 11264 }, // U+FE9A
    { 5, 13, 72, 0, 12, 9, 11292 }, // U+FE9B
    { 8, 11, 99, 0, 10, 11, 11301 }, // U+FE9C
    { 10, 14, 170, 0, 7, 18, 11312 }, // U+FE9D
    { 12, 14, 173, 0, 7, 21, 11330 }, // U+FE9E
    { 10, 10, 157, 0, 6, 13, 11351 }, // U+FE9F
    { 12, 10, 170, 0, 6, 15, 11364 }, // U+FEA0
    { 10, 14, 170, 0, 7, 18, 11379 }, // U+FEA1
    { 12, 14, 173, 0, 7, 21, 11397 }, // U+FEA2
    { 10, 7, 157, 0, 6, 9, 11418 }, // U+FEA3
    { 12, 7, 170, 0, 6, 11, 11427 }, // U+FEA4
    { 10, 18, 170, 0, 11, 23, 11438 }, // U+FEA5
    { 12, 18, 173, 0, 11, 27, 11461 }, // U+FEA6
    { 10, 11, 157, 0, 10, 14, 11488 }, // U+FEA7
    { 12, 11, 170, 0, 10, 17, 11502 }, // U+FEA8
    { 8, 9, 127, 0, 8, 9, 11519 }, // U+FEA9
    { 10, 9, 142, 0, 8, 12, 11528 }, // U+FEAA
    { 8, 13, 127, 0, 12, 13, 11540 }, // U+FEAB
    { 10, 13, 142, 0, 12, 17, 11553 }, // U+FEAC
    { 7, 10, 98, -1, 6, 9, 11570 }, // U+FEAD
    { 9, 10, 106, -1, 6, 12, 11579 }, // U+FEAE
    { 7, 14, 98, -1, 10, 13, 11591 }, // U+FEAF
    { 9, 14, 106, -1, 10, 16, 11604 }, // U+FEB0
    { 20, 11, 323, 0, 7, 28, 11620 }, // U+FEB1
    { 22, 10, 339, 0, 6, 28, 11648 }, // U+FEB2
    { 13, 8, 209, 0, 7, 13, 11676 }, // U+FEB3
    { 15, 7, 227, 0, 6, 14, 11689 }, // U+FEB4
    { 20, 15, 323, 0, 11, 38, 11703 }, // U+FEB5
    { 22, 15, 339, 0, 11, 42, 11741 }, // U+FEB6
    { 13, 12, 209, 0, 11, 20, 11783 }, // U+FEB7
    { 15, 12, 227, 0, 11, 23, 11803 }, // U+FEB8
    { 22, 11, 348, 0, 7, 31, 11826 }, // U+FEB9
    { 24, 11, 361, 0, 7, 33, 11857 }, // U+FEBA
    { 15, 8, 241, 0, 7, 15, 11890 }, // U+FEBB
    { 17, 8, 253, 0, 7, 17, 11905 }, // U+FEBC
    { 22, 15, 348, 0, 11, 42, 11922 }, // U+FEBD
    { 24, 15, 361, 0, 11, 45, 11964 }, // U+FEBE
    { 15, 11, 241, 0, 10, 21, 12009 }, // U+FEBF
    { 17, 11, 253, 0, 10, 24, 12030 }, // U+FEC0
    { 13, 13, 210, 0, 12, 22, 12054 }, // U+FEC1
    { 15, 13, 222, 0, 12, 25, 12076 }, // U+FEC2
    { 11, 13, 181, 0, 12, 18, 12101 }, // U+FEC3
    { 13, 13, 189, 0, 12, 22, 12119 }, // U+FEC4
    { 13, 13, 210, 0, 12, 22, 12141 }, // U+FEC5
    { 15, 13, 222, 0, 12, 25, 12163 }, // U+FEC6
    { 11, 13, 181, 0, 12, 18, 12188 }, // U+FEC7
    { 13, 13, 189, 0, 12, 22, 12206 }, // U+FEC8
    { 10, 16, 135, 0, 9, 20, 12228 }, // U+FEC9
    { 10, 14, 142, 0, 7, 18, 12248 }, // U+FECA
    { 8, 9, 134, 0, 8, 9, 12266 }, // U+FECB
    { 10, 8, 139, 0, 7, 10, 12275 }, // U+FECC
    { 10, 20, 135, 0, 13, 25, 12285 }, // U+FECD
    { 10, 18, 142, 0, 11, 23, 12310 }, // U+FECE
    { 8, 13, 134, 0, 12, 13, 12333 }, // U+FECF
    { 10, 12, 139, 0, 11, 15, 12346 }, // U+FED0
    { 16, 14, 262, 0, 13, 28, 12361 }, // U+FED1
    { 20, 12, 293, 0, 11, 30, 12389 }, // U+FED2
    { 7, 14, 119, 0, 13, 13, 12419 }, // U+FED3
    { 10, 12, 132, 0, 11, 15, 12432 }, // U+FED4
    { 13, 15, 206, 0, 11, 25, 12447 }, // U+FED5
    { 15, 15, 216, 0, 10, 29, 12472 }, // U+FED6
    { 7, 14, 119, 0, 13, 13, 12501 }, // U+FED7
    { 10, 12, 132, 0, 11, 15, 12514 }, // U+FED8
    { 14, 13, 235, 0, 12, 23, 12529 }, // U+FED9
    { 17, 13, 246, 0, 12, 28, 12552 }, // U+FEDA
    { 8, 13, 110, 0, 12, 13, 12580 }, // U+FEDB
    { 10, 13, 136, 0, 12, 17, 12593 }, // U+FEDC
    { 11, 16, 185, 0, 12, 22, 12610 }, // U+FEDD
    { 13, 16, 195, 0, 12, 26, 12632 }, // U+FEDE
    { 4, 13, 69, 0, 12, 7, 12658 }, // U+FEDF
    { 6, 13, 80, 0, 12, 10, 12665 }, // U+FEE0
    { 8, 14, 129, 0, 7, 14, 12675 }, // U+FEE1
    { 11, 14, 150, 0, 7, 20, 12689 }, // U+FEE2
    { 8, 7, 140, 0, 6, 7, 12709 }, // U+FEE3
    { 11, 8, 154, 0, 7, 11, 12716 }, // U+FEE4
    { 11, 13, 183, 0, 9, 18, 12727 }, // U+FEE5
    { 13, 13, 195, 0, 9, 22, 12745 }, // U+FEE6
    { 4, 12, 72, 0, 11, 6, 12767 }, // U+FEE7
    { 7, 10, 91, 0, 9, 9, 12773 }, // U+FEE8
    { 7, 8, 108, 0, 8, 7, 12782 }, // U+FEE9
    { 9, 10, 130, 0, 9, 12, 12789 }, // U+FEEA
    { 9, 10, 153, 0, 9, 12, 12801 }, // U+FEEB
    { 10, 11, 135, 0, 7, 14, 12813 }, // U+FEEC
    { 7, 10, 119, 0, 6, 9, 12827 }, // U+FEED
    { 9, 10, 126, 0, 6, 12, 12836 }, // U+FEEE
    { 13, 11, 203, 0, 7, 18, 12848 }, // U+FEEF
    { 14, 7, 196, 0, 3, 13, 12866 }, // U+FEF0
    { 13, 15, 203, 0, 7, 25, 12879 }, // U+FEF1
    { 14, 11, 196, 0, 3, 20, 12904 }, // U+FEF2
    { 5, 11, 80, -1, 7, 7, 12924 }, // U+FEF3
    { 8, 9, 99, 0, 5, 9, 12931 }, // U+FEF4
    { 11, 13, 155, -2, 13, 18, 12940 }, // U+FEF5
    { 12, 14, 160, -1, 13, 21, 12958 }, // U+FEF6
    { 10, 15, 155, -1, 15, 19, 12979 }, // U+FEF7
    { 11, 16, 160, 0, 15, 22, 12998 }, // U+FEF8
    { 9, 18, 155, 0, 12, 21, 13020 }, // U+FEF9
    { 11, 18, 160, 0, 12, 25, 13041 }, // U+FEFA
    { 9, 12, 155, 0, 12, 14, 13066 }, // U+FEFB
    { 11, 13, 160, 0, 12, 18, 13080 }, // U+FEFC
};

static const EpdUnicodeInterval notosans_8_regularIntervals[] = {
    { 0x0, 0x0, 0x0 },
    { 0xD, 0xD, 0x1 },
    { 0x20, 0x7E, 0x2 },
    { 0xA0, 0xA3, 0x61 },
    { 0xA5, 0x17E, 0x65 },
    { 0x1A0, 0x1A1, 0x13F },
    { 0x1AF, 0x1B0, 0x141 },
    { 0x1FA, 0x1FF, 0x143 },
    { 0x218, 0x21B, 0x149 },
    { 0x300, 0x304, 0x14D },
    { 0x306, 0x30C, 0x152 },
    { 0x312, 0x312, 0x159 },
    { 0x315, 0x315, 0x15A },
    { 0x31B, 0x31B, 0x15B },
    { 0x323, 0x323, 0x15C },
    { 0x326, 0x328, 0x15D },
    { 0x34F, 0x34F, 0x160 },
    { 0x400, 0x45F, 0x161 },
    { 0x472, 0x473, 0x1C1 },
    { 0x490, 0x49D, 0x1C3 },
    { 0x4A0, 0x4A5, 0x1D1 },
    { 0x4AA, 0x4AB, 0x1D7 },
    { 0x4AE, 0x4B3, 0x1D9 },
    { 0x4B6, 0x4BB, 0x1DF },
    { 0x4C0, 0x4C2, 0x1E5 },
    { 0x4CF, 0x4D9, 0x1E8 },
    { 0x4DC, 0x4DF, 0x1F3 },
    { 0x4E2, 0x4E9, 0x1F7 },
    { 0x4EE, 0x4F5, 0x1FF },
    { 0x4F8, 0x4F9, 0x207 },
    { 0x5D0, 0x5EA, 0x209 },
    { 0x60C, 0x60C, 0x224 },
    { 0x61B, 0x61B, 0x225 },
    { 0x61F, 0x61F, 0x226 },
    { 0x621, 0x621, 0x227 },
    { 0x640, 0x640, 0x228 },
    { 0x654, 0x654, 0x229 },
    { 0x660, 0x669, 0x22A },
    { 0x6BA, 0x6BA, 0x234 },
    { 0x6D4, 0x6D5, 0x235 },
    { 0x6F0, 0x6F9, 0x237 },
    { 0x1EA0, 0x1EF9, 0x241 },
    { 0x2009, 0x2009, 0x29B },
    { 0x200B, 0x2011, 0x29C },
    { 0x2013, 0x2014, 0x2A3 },
    { 0x2018, 0x201A, 0x2A5 },
    { 0x201C, 0x201E, 0x2A8 },
    { 0x2020, 0x2022, 0x2AB },
    { 0x2026, 0x2026, 0x2AE },
    { 0x202F, 0x2030, 0x2AF },
    { 0x2039, 0x203A, 0x2B1 },
    { 0x2044, 0x2044, 0x2B3 },
    { 0x204F, 0x204F, 0x2B4 },
    { 0x2070, 0x2070, 0x2B5 },
    { 0x2074, 0x2079, 0x2B6 },
    { 0x2080, 0x2089, 0x2BC },
    { 0x20A1, 0x20A1, 0x2C6 },
    { 0x20A4, 0x20A4, 0x2C7 },
    { 0x20A6, 0x20A6, 0x2C8 },
    { 0x20A8, 0x20AE, 0x2C9 },
    { 0x20B1, 0x20B2, 0x2D0 },
    { 0x20B4, 0x20B5, 0x2D2 },
    { 0x20B8, 0x20BA, 0x2D4 },
    { 0x20BD, 0x20BD, 0x2D7 },
    { 0x20BF, 0x20BF, 0x2D8 },
    { 0x2190, 0x2199, 0x2D9 },
    { 0x21A9, 0x21AA, 0x2E3 },
    { 0x21B0, 0x21B3, 0x2E5 },
    { 0x21B6, 0x21B7, 0x2E9 },
    { 0x21BA, 0x21BB, 0x2EB },
    { 0x21C4, 0x21C4, 0x2ED },
    { 0x21C6, 0x21C6, 0x2EE },
    { 0x2202, 0x2202, 0x2EF },
    { 0x2206, 0x2206, 0x2F0 },
    { 0x220F, 0x220F, 0x2F1 },
    { 0x2211, 0x2212, 0x2F2 },
    { 0x221A, 0x221A, 0x2F4 },
    { 0x221E, 0x221E, 0x2F5 },
    { 0x222B, 0x222B, 0x2F6 },
    { 0x2248, 0x2248, 0x2F7 },
    { 0x2260, 0x2260, 0x2F8 },
    { 0x2264, 0x2265, 0x2F9 },
    { 0xFB01, 0xFB02, 0x2FB },
    { 0xFB56, 0xFB59, 0x2FD },
    { 0xFB66, 0xFB69, 0x301 },
    { 0xFB7A, 0xFB7D, 0x305 },
    { 0xFB88, 0xFB95, 0x309 },
    { 0xFB9E, 0xFB9F, 0x317 },
    { 0xFBA6, 0xFBB1, 0x319 },
    { 0xFBFC, 0xFBFF, 0x325 },
    { 0xFE80, 0xFEFC, 0x329 },
};

static const uint16_t notosans_8_regularKernLeftCodepoints[] = {
    0x05D0, 0x05D1, 0x05D2, 0x05D3, 0x05D5, 0x05D6, 0x05D8, 0x05D9, 0x05DB, 0x05DC, 0x05DE, 0x05E0,
    0x05E1, 0x05E2, 0x05E4, 0x05E6, 0x05E8, 0x05E9, 0x05EA, 0xFB8C, 0xFEAD, 0xFEAE, 0xFEAF,
};

static const uint8_t notosans_8_regularKernLeftClassIds[] = {
      1,   2,   3,   4,   5,   6,   7,   8,   9,  10,  11,  12,  13,  14,  15,  16,
     17,  18,  19,  20,  20,  20,  20,
};

static const uint16_t notosans_8_regularKernRightCodepoints[] = {
    0x05D0, 0x05D1, 0x05D2, 0x05D3, 0x05D4, 0x05D6, 0x05D7, 0x05D8, 0x05D9, 0x05DA, 0x05DB, 0x05DC,
    0x05DD, 0x05DE, 0x05E1, 0x05E2, 0x05E3, 0x05E4, 0x05E5, 0x05E7, 0x05E8, 0x05E9, 0x05EA, 0x06D5,
    0xFB8E, 0xFBA6, 0xFBAA, 0xFE8D, 0xFEA3, 0xFEA9, 0xFEB1, 0xFEB3, 0xFEB9, 0xFEBB, 0xFEC1, 0xFEC3,
    0xFECB, 0xFEDB, 0xFEDF, 0xFEE1, 0xFEE3, 0xFEEB,
};

static const uint8_t notosans_8_regularKernRightClassIds[] = {
      1,   2,   3,   4,   5,   6,   7,   8,   9,  10,  11,  12,  13,  14,  15,  16,
     17,  18,  19,  20,  21,  22,  23,  24,  24,  24,  24,  25,  24,  26,  26,  26,
     26,  26,  26,  26,  25,  24,  25,  24,  24,  24,
};

static const uint16_t notosans_8_regularKernRowOffsets[] = {
        0,     6,    11,    18,    29,    35,    36,    45,    56,    62,    72,    77,    80,    87,    89,    96,
      103,   113,   120,   130,   133,
};

static const uint8_t notosans_8_regularKernSparseCols[] = {
      8,  10,  11,  17,  19,  21,   3,   9,  14,  17,  20,   1,   7,   8,  10,  11,
     13,  17,   1,   4,   7,   9,  10,  12,  13,  14,  16,  17,  20,   1,   7,  12,
     14,  17,  20,   1,   3,   7,   9,  10,  16,  17,  18,  19,  20,   1,   4,   6,
      7,  10,  12,  13,  14,  17,  20,  22,   7,  10,  13,  14,  16,  17,   1,   2,
      7,   9,  10,  14,  16,  17,  21,  22,  10,  12,  13,  14,  17,   7,   8,  10,
      7,   9,  11,  14,  16,  17,  20,   7,  14,   9,  10,  11,  14,  16,  17,  21,
      0,   1,   3,   8,  12,  14,  17,   1,   7,   9,  10,  13,  14,  16,  17,  20,
     22,   1,   7,  10,  12,  14,  17,  20,   3,   5,   8,  10,  11,  13,  14,  15,
     17,  21,  23,  24,  25,
};

static const int8_t notosans_8_regularKernSparseValues[] = {
      -5,   -2,   -2,   -5,   -3,   -5,   -3,   -5,   -9,   -9,   -7,    1,   -5,   -9,   -3,   -4,
      -6,   -7,  -11,   -5,   -5,  -13,  -10,   -7,   -3,   -9,  -13,  -10,  -10,   -2,   -4,   -3,
      -2,   -5,   -3,   -5,   -3,   -5,   -5,   -2,   -3,   -6,   -5,   -5,   -3,  -17,   -5,   -2,
      -2,   -2,   -8,   -2,   -2,   -6,   -5,   -5,   -5,   -3,   -4,   -4,   -7,   -7,  -11,   -1,
      -5,   -8,   -7,   -5,  -10,   -4,    5,   -2,   -5,   -3,   -5,   -6,   -7,   -4,   -4,   -7,
      -1,   -8,   -1,   -1,   -8,   -3,   -3,   -2,   -7,   -2,   -5,   -2,   -2,   -7,   -1,   -2,
      -3,   -7,   -5,   -5,   -7,   -9,   -7,  -11,   -5,   -4,   -5,   -2,   -3,   -8,   -3,   -5,
      -6,   -6,   -1,   -6,   -2,   -3,   -2,   -2,  -12,  -13,   -4,   -5,   -1,   -9,  -11,  -11,
      -7,   -5,  -11,   -7,   -8,
};

static const EpdFontData notosans_8_regular = {
    notosans_8_regularBitmaps,
    notosans_8_regularGlyphs,
    notosans_8_regularIntervals,
    91,
    22,
    18,
    -5,
    false,
    nullptr,
    0,
    nullptr,
    nullptr,  // kernLeftClasses: built-in fonts use the split arrays below
    nullptr,  // kernRightClasses
    notosans_8_regularKernLeftCodepoints,
    notosans_8_regularKernLeftClassIds,
    notosans_8_regularKernRightCodepoints,
    notosans_8_regularKernRightClassIds,
    nullptr,  // kernMatrix: built-in fonts use the sparse form below
    notosans_8_regularKernRowOffsets,
    notosans_8_regularKernSparseCols,
    notosans_8_regularKernSparseValues,
    23,
    42,
    20,
    26,
    nullptr,
    0,
};
