/**
 * generated by fontconvert.py
 * name: notosans_16_bold
 * size: 16
 * mode: 2-bit  compressed: true
 * Command used: fontconvert.py notosans_16_bold 16 ../builtinFonts/source/iAWriterMonoS/iAWriterMonoS-Bold.ttf --2bit --compress --pnum --zopfli
 */
#pragma once
#include "EpdFontData.h"

static const uint8_t notosans_16_boldBitmaps[19903] = {
    0xB5, 0x9A, 0x31, 0xAC, 0xE5, 0x48, 0x56, 0x86, 0xFF, 0x7B, 0xBD, 0x5A, 0xA3, 0x35, 0xC2, 0x44,
    0x08, 0xA9, 0x91, 0x9C, 0x10, 0x4D, 0x52, 0x84, 0x24, 0x50, 0xEE, 0xD9, 0x60, 0x25, 0x08, 0x96,
    0x3C, 0x99, 0x98, 0x25, 0x98, 0x5C, 0x42, 0xD8, 0xDD, 0x13, 0x10, 0x10, 0xEC, 0x48, 0xE4, 0x82,
    0x10, 0x89, 0x84, 0x5C, 0xCB, 0x56, 0xED, 0x7B, 0x41, 0x07, 0x93, 0x78, 0xE8, 0xA0, 0x83, 0x0E,
    0xDA, 0xEC, 0x80, 0x36, 0x20, 0xE8, 0xDA, 0xC1, 0xA8, 0xCD, 0x76, 0xD9, 0xFF, 0x9E, 0x53, 0xAE,
    0xFB, 0xAE, 0xDF, 0x9D, 0x37, 0xFD, 0xE6, 0xA9, 0x67, 0xFC, 0x7C, 0x3E, 0xDD, 0xBE, 0x75, 0xCE,
    0xA9, 0x53, 0xC7, 0xE5, 0xE3, 0x2A, 0xDF, 0x36, 0xF3, 0xED, 0xBF, 0x66, 0xAA, 0x83, 0xFE, 0x55,
    0x63, 0x39, 0x14, 0xBE, 0xF0, 0x00, 0x60, 0xE3, 0xF9, 0x8F, 0x8F, 0xF9, 0xEE, 0x13, 0xC5, 0x6C,
    0x3D, 0xCA, 0x49, 0x50, 0x29, 0xEA, 0xD0, 0xF5, 0x02, 0xD7, 0xA2, 0x1E, 0x1D, 0x1A, 0x92, 0xEB,
    0x05, 0x60, 0xAF, 0x16, 0x08, 0x22, 0xD0, 0x7D, 0x92, 0xE1, 0x48, 0x4E, 0x17, 0xC0, 0x5A, 0x07,
    0x1C, 0x16, 0xC1, 0x51, 0x51, 0xC4, 0x66, 0x54, 0x0C, 0x02, 0xE3, 0x81, 0x63, 0xC4, 0x1E, 0xDF,
    0x5F, 0x05, 0x8E, 0x33, 0x0A, 0x92, 0xA8, 0x05, 0xDE, 0x08, 0x5A, 0x1B, 0xE2, 0xDF, 0xC1, 0x8E,
    0xF1, 0x77, 0x60, 0x87, 0x08, 0xD8, 0xA0, 0x58, 0x05, 0x86, 0x6B, 0xAB, 0x7A, 0xD9, 0x02, 0x1D,
    0xE9, 0x71, 0x20, 0x07, 0x20, 0xBA, 0x51, 0x60, 0x43, 0xC2, 0x0F, 0x14, 0x66, 0x88, 0xDD, 0xE8,
    0x56, 0xD2, 0x3B, 0x75, 0xDA, 0xE8, 0x30, 0x8E, 0xE4, 0x08, 0x94, 0x0B, 0x2E, 0x63, 0x39, 0xAE,
    0xC0, 0xDA, 0xD0, 0x1F, 0xA3, 0x65, 0x28, 0xE6, 0xEE, 0x47, 0x53, 0x15, 0x5C, 0x31, 0xD7, 0xA3,
    0xC0, 0x78, 0x81, 0xED, 0x05, 0x0E, 0xD2, 0xB0, 0xC2, 0xF2, 0xCB, 0x88, 0x86, 0x43, 0x32, 0x73,
    0x3D, 0x50, 0x30, 0xC0, 0xFE, 0x94, 0x11, 0xAE, 0xFE, 0x7C, 0x01, 0x1B, 0xBF, 0x1E, 0x16, 0xE3,
    0x57, 0x1D, 0xF4, 0xCF, 0xCB, 0x49, 0x3E, 0xD5, 0x41, 0xD0, 0x0C, 0xCD, 0xE7, 0x8B, 0xF5, 0x35,
    0xA3, 0xED, 0xC5, 0xC2, 0x41, 0x6D, 0x1F, 0x2D, 0x29, 0x07, 0x5E, 0x43, 0x0B, 0x3A, 0xAC, 0x88,
    0x2A, 0x96, 0x33, 0xAA, 0xF9, 0xD0, 0x0B, 0x00, 0x94, 0x51, 0x50, 0xAC, 0x82, 0x03, 0x5B, 0x21,
    0xBD, 0x59, 0x8E, 0x0C, 0x66, 0xA9, 0x18, 0xCD, 0x62, 0xDE, 0xAE, 0x26, 0xDA, 0x5F, 0xD2, 0xFA,
    0xCE, 0x93, 0x7D, 0xE7, 0x2D, 0xDB, 0xCE, 0x37, 0x44, 0x37, 0x54, 0x84, 0x0D, 0x35, 0x7B, 0x4B,
    0x72, 0xA8, 0xB9, 0xD8, 0x50, 0x32, 0x36, 0x11, 0x6E, 0xA8, 0x56, 0xEB, 0xEF, 0xFA, 0x43, 0x41,
    0xA0, 0xD6, 0x44, 0x07, 0xA0, 0xF3, 0x00, 0x81, 0xE3, 0x02, 0x14, 0x11, 0xA8, 0x26, 0xA0, 0x0E,
    0x40, 0x33, 0x02, 0x66, 0x00, 0xAC, 0xBF, 0x5F, 0x54, 0x4F, 0xF5, 0xD5, 0x4E, 0xED, 0xD5, 0x8F,
    0xFA, 0x03, 0x91, 0xFC, 0xA7, 0x7E, 0xB4, 0xBF, 0x82, 0xB0, 0xAA, 0x17, 0xF3, 0x48, 0xD9, 0xAA,
    0x83, 0xB3, 0x71, 0x39, 0x9F, 0x8D, 0x0F, 0x49, 0xE1, 0x7E, 0x51, 0xBD, 0x1C, 0x7C, 0xB2, 0xCF,
    0xC1, 0x27, 0xBF, 0x6C, 0x53, 0x3F, 0x75, 0x9A, 0x5D, 0x48, 0x3A, 0x97, 0xF8, 0xD3, 0x22, 0x1E,
    0xBD, 0x7D, 0x11, 0xBB, 0x34, 0x7D, 0x46, 0x11, 0x86, 0x47, 0xD4, 0x09, 0xD8, 0x51, 0x87, 0x4F,
    0x0F, 0x38, 0x8E, 0x38, 0x90, 0x13, 0x0A, 0x8A, 0xAB, 0x6A, 0x29, 0x57, 0xE9, 0x49, 0xFB, 0xFC,
    0x37, 0x8C, 0xD0, 0x43, 0x7B, 0xFD, 0x5A, 0xE1, 0xEE, 0x70, 0xE4, 0xFA, 0x75, 0x7A, 0x15, 0xFB,
    0x8A, 0x6D, 0x4D, 0xD4, 0x8B, 0x46, 0xDC, 0xCC, 0x30, 0x41, 0x4F, 0x3B, 0xE8, 0x58, 0x6C, 0x8F,
    0x8E, 0xCB, 0xFE, 0xDC, 0xD7, 0x02, 0xE0, 0xF0, 0x2F, 0xF9, 0xFA, 0x89, 0xD4, 0x33, 0xD0, 0x04,
    0xA8, 0xB1, 0x5A, 0xA7, 0x4B, 0xE0, 0xB6, 0x74, 0x1C, 0xB8, 0xDD, 0x04, 0xC5, 0x02, 0x94, 0x59,
    0xB5, 0x9E, 0x36, 0x75, 0x3B, 0x8A, 0x9C, 0x54, 0x7B, 0x40, 0x55, 0x79, 0x56, 0xAD, 0xE2, 0x59,
    0xD5, 0x8C, 0x67, 0xCF, 0xF8, 0x3E, 0x3F, 0x85, 0x06, 0xA7, 0x39, 0x62, 0x5B, 0x08, 0x7C, 0xB5,
    0xC2, 0x8D, 0x75, 0x84, 0x0D, 0xCD, 0x84, 0x66, 0x32, 0x41, 0x3A, 0xB2, 0x82, 0x98, 0xF1, 0x73,
    0x05, 0x6F, 0xF0, 0xD7, 0x0A, 0x64, 0x24, 0xE5, 0x64, 0x96, 0x1C, 0x24, 0x57, 0xC9, 0x69, 0x72,
    0xAF, 0x1D, 0xE5, 0x2E, 0x0D, 0x35, 0x02, 0x05, 0x05, 0x85, 0xA2, 0x5A, 0xDD, 0x80, 0x26, 0x0A,
    0x6C, 0x10, 0xB8, 0x41, 0x3F, 0xF5, 0x82, 0x0A, 0x02, 0x3C, 0x18, 0x15, 0xC9, 0x50, 0x0B, 0xA6,
    0x33, 0xF0, 0x68, 0xD5, 0x3C, 0x32, 0x68, 0x6B, 0x84, 0x21, 0x09, 0x3B, 0x57, 0x6C, 0x35, 0x4C,
    0xFF, 0x48, 0xC2, 0xF4, 0x68, 0x15, 0x48, 0x28, 0xD8, 0x03, 0x25, 0x5B, 0xA0, 0x66, 0xAA, 0xE0,
    0x02, 0x4E, 0xFA, 0x95, 0xDE, 0x35, 0x04, 0xD0, 0xE9, 0x8C, 0xE7, 0x08, 0x54, 0xAA, 0x65, 0x17,
    0x08, 0x48, 0x0E, 0x8A, 0xF1, 0x0C, 0x3C, 0xD2, 0x41, 0x93, 0x2B, 0x4A, 0x92, 0x7D, 0xAD, 0x2A,
    0xE5, 0x7C, 0x60, 0x38, 0x8C, 0xE8, 0x82, 0x1A, 0x29, 0xF4, 0xD3, 0x61, 0x4B, 0x47, 0x2B, 0x98,
    0x71, 0x02, 0xFB, 0xDC, 0x4B, 0x56, 0x9E, 0x12, 0x8E, 0x5E, 0x50, 0x05, 0x74, 0x93, 0x8D, 0xE2,
    0xCA, 0xA8, 0xD3, 0x4A, 0xDD, 0x1F, 0xC8, 0x05, 0xA9, 0xCB, 0x53, 0xE0, 0x8A, 0x4E, 0x41, 0xC1,
    0x51, 0x51, 0xFE, 0x46, 0x50, 0x7F, 0x29, 0x30, 0xBF, 0x14, 0xD8, 0x2B, 0x01, 0x3F, 0x24, 0x0E,
    0xEB, 0x91, 0x28, 0xA2, 0xA0, 0x9A, 0x05, 0x4D, 0x10, 0xD8, 0x41, 0x41, 0x32, 0x5E, 0x40, 0x7D,
    0xE1, 0x2E, 0xD4, 0x1A, 0xC6, 0x25, 0x34, 0xFE, 0xE6, 0x8C, 0x21, 0xE1, 0x27, 0x3D, 0xCC, 0x73,
    0xCE, 0x30, 0xAF, 0x48, 0x98, 0xD7, 0x64, 0x6F, 0x96, 0x92, 0xFE, 0x0F, 0x46, 0x50, 0xB5, 0x5C,
    0xCE, 0x8B, 0xA2, 0xE8, 0x75, 0x62, 0x0E, 0xE0, 0x20, 0x63, 0xA7, 0xD7, 0x08, 0xDA, 0x3A, 0x3F,
    0x32, 0x26, 0xC0, 0xAC, 0xA9, 0xF4, 0x6A, 0x7D, 0x52, 0xD3, 0x9A, 0xED, 0xE9, 0x8A, 0x05, 0x40,
    0xF4, 0x81, 0x92, 0x9A, 0x90, 0x45, 0xD0, 0xCC, 0x1F, 0x7C, 0x0A, 0xFB, 0x25, 0x23, 0xEC, 0x1B,
    0x12, 0x1D, 0x49, 0xEF, 0xA4, 0xDF, 0xC1, 0x05, 0x70, 0x74, 0x7A, 0x51, 0x36, 0x0C, 0x82, 0x4E,
    0x3F, 0x59, 0x6D, 0x30, 0xB3, 0xF8, 0xA9, 0xB5, 0xDF, 0x52, 0xFB, 0x85, 0xF6, 0xAB, 0x53, 0x2A,
    0x39, 0x18, 0x2E, 0xE1, 0xB1, 0xC1, 0x77, 0xFE, 0xA8, 0x15, 0xBF, 0x20, 0x80, 0x72, 0x4D, 0x31,
    0x28, 0xA2, 0xC0, 0xCC, 0xFB, 0x8B, 0x0F, 0x0E, 0x0A, 0xAF, 0xF1, 0xF6, 0xC0, 0x66, 0xC0, 0x3B,
    0x0C, 0xA6, 0x93, 0x41, 0xC3, 0x5E, 0x87, 0x3F, 0xA7, 0x8C, 0xC3, 0x08, 0x7A, 0xAB, 0x41, 0x8A,
    0x4B, 0xC1, 0x08, 0xB7, 0x7D, 0x6A, 0xA6, 0x63, 0x8A, 0x79, 0xD9, 0x15, 0xC4, 0x64, 0x61, 0x35,
    0xD9, 0xE2, 0x89, 0x83, 0x13, 0xE5, 0x91, 0x3A, 0x5E, 0xCA, 0xA7, 0x90, 0x12, 0xD1, 0x89, 0xAB,
    0xC1, 0x9C, 0xAE, 0x60, 0xEA, 0x48, 0xBB, 0x6C, 0x71, 0xEB, 0x3E, 0x5A, 0xD0, 0x90, 0x84, 0xF6,
    0xDB, 0x8B, 0x17, 0x7A, 0xEA, 0xDD, 0xAB, 0xAE, 0xD4, 0x9F, 0xDB, 0xB0, 0xF9, 0x8B, 0x25, 0xC7,
    0xD3, 0xB3, 0x8E, 0xBE, 0xE0, 0x4C, 0x8F, 0x9F, 0x3C, 0x65, 0xBB, 0x1F, 0xA6, 0x9D, 0xF3, 0x35,
    0x2B, 0xE8, 0xF3, 0x5D, 0xE6, 0xD2, 0x45, 0x0D, 0xB7, 0xD7, 0x50, 0xC8, 0xC7, 0xED, 0x6F, 0x6B,
    0xE2, 0xE2, 0xBC, 0x38, 0xEE, 0x2D, 0xD5, 0xF9, 0xF8, 0x5D, 0x91, 0x9F, 0x69, 0xE5, 0x4C, 0xDD,
    0x97, 0x8C, 0x5A, 0xAE, 0x4A, 0x2E, 0xB0, 0x14, 0xCD, 0x35, 0x97, 0xDC, 0x49, 0x84, 0x2D, 0x0C,
    0x27, 0x1C, 0xB9, 0x02, 0x86, 0x23, 0x8E, 0x8C, 0x1A, 0x53, 0x5E, 0x16, 0xFC, 0xAD, 0xC8, 0xF7,
    0x1C, 0xB9, 0x72, 0x77, 0xE0, 0xE2, 0xB8, 0xAB, 0xFD, 0x4F, 0x44, 0xFE, 0x1C, 0xB9, 0x9F, 0x15,
    0xA9, 0x5F, 0xED, 0x1F, 0x5D, 0xFA, 0xB0, 0xC5, 0x95, 0xE2, 0x6B, 0x22, 0x0E, 0x8C, 0x68, 0x38,
    0xC1, 0xE9, 0xE8, 0x66, 0x58, 0xF6, 0x1A, 0x81, 0x0E, 0x0A, 0x7F, 0x06, 0xE0, 0xF7, 0x53, 0x27,
    0x33, 0x4A, 0xB2, 0x37, 0x64, 0xE8, 0xC8, 0x99, 0xA3, 0x89, 0xA6, 0xAF, 0x97, 0x23, 0xAA, 0x15,
    0x49, 0xEA, 0x65, 0xF3, 0xE5, 0xD4, 0xC1, 0x98, 0x9C, 0xA4, 0x01, 0x8E, 0x49, 0x6E, 0x0E, 0x4E,
    0x77, 0x8B, 0xCE, 0x09, 0x6C, 0x8F, 0x5A, 0x2E, 0xDB, 0xF4, 0x6A, 0x26, 0xB8, 0xDE, 0x0C, 0x30,
    0xDE, 0xFA, 0xEE, 0xA3, 0xC1, 0x3E, 0xE6, 0xAB, 0xA1, 0xFB, 0x21, 0x39, 0xB8, 0x22, 0x9A, 0xC1,
    0x95, 0x53, 0x3D, 0xB8, 0x2A, 0xDC, 0x89, 0xDC, 0xAA, 0x7A, 0x5D, 0x41, 0x6E, 0xB6, 0xB6, 0xEF,
    0xFE, 0xA2, 0xB7, 0x1E, 0xDB, 0x93, 0x0C, 0xF5, 0x2A, 0x28, 0xC9, 0x80, 0x83, 0x02, 0x56, 0x71,
    0xF8, 0xD7, 0x54, 0x8E, 0x05, 0x35, 0x43, 0x86, 0xA6, 0x06, 0x86, 0xB3, 0xAA, 0x44, 0xC1, 0x4B,
    0x81, 0x7B, 0xB6, 0x00, 0xBC, 0xA6, 0xE0, 0x13, 0xE2, 0xC0, 0x0F, 0xD9, 0x1E, 0x79, 0x60, 0x5F,
    0x10, 0xF4, 0xC5, 0x2A, 0x28, 0x4F, 0x15, 0x75, 0xAC, 0x05, 0x21, 0xA1, 0x99, 0x61, 0x27, 0x33,
    0xC1, 0xE8, 0x33, 0xB1, 0xD9, 0x9E, 0x7A, 0xDD, 0x88, 0x7A, 0x71, 0xFA, 0x04, 0xEB, 0xB8, 0x02,
    0x1D, 0x39, 0x2A, 0x66, 0x45, 0x44, 0x37, 0xD4, 0xAB, 0xA0, 0x4C, 0xE0, 0xCD, 0xA7, 0x45, 0x1B,
    0xA2, 0xAA, 0x04, 0x45, 0xAB, 0x18, 0x4F, 0x16, 0x15, 0x05, 0x85, 0xE2, 0xC8, 0x56, 0xD1, 0xE7,
    0x4F, 0xEA, 0x80, 0x4C, 0x58, 0x14, 0x93, 0xA2, 0x4F, 0xB3, 0x7A, 0xB7, 0x4E, 0xAF, 0xD2, 0x2D,
    0xBB, 0x1C, 0xE8, 0xCD, 0x0C, 0x37, 0x58, 0xE9, 0x41, 0xF1, 0xC7, 0x5B, 0xCD, 0x70, 0xE3, 0xBB,
    0x90, 0x54, 0x92, 0x72, 0x32, 0x4B, 0x0E, 0x92, 0xAB, 0xE4, 0x34, 0xB9, 0x4F, 0x1D, 0xA5, 0x2E,
    0xC9, 0xFF, 0x87, 0x80, 0xBD, 0x22, 0x28, 0xA2, 0x56, 0x9B, 0x25, 0x25, 0x4F, 0x50, 0x28, 0x24,
    0x70, 0xFA, 0x03, 0xFB, 0x1B, 0xF8, 0x3B, 0x90, 0x5B, 0x55, 0x39, 0x9B, 0x95, 0xCC, 0xAE, 0xC8,
    0x78, 0xE3, 0x3E, 0x77, 0xD9, 0x91, 0xEB, 0x4E, 0x96, 0x6E, 0x04, 0xEE, 0x14, 0x32, 0xEE, 0xE5,
    0x1D, 0x7A, 0xCB, 0x85, 0x4F, 0xE2, 0x02, 0xAA, 0xF7, 0x0E, 0x90, 0xF1, 0x12, 0xDA, 0xF0, 0x30,
    0xDC, 0x79, 0x0F, 0xC5, 0x42, 0xF7, 0x5B, 0x87, 0xAD, 0xA8, 0xF7, 0xA2, 0xF7, 0x57, 0xF9, 0x72,
    0x0D, 0x27, 0x70, 0xE8, 0xE8, 0xCF, 0x70, 0x83, 0x15, 0x8C, 0xE8, 0x7C, 0x97, 0x10, 0x04, 0x76,
    0x02, 0xBD, 0x89, 0xE2, 0xA5, 0x26, 0xD3, 0xC5, 0xD4, 0xA7, 0x52, 0xEC, 0x3C, 0x3E, 0x1E, 0x3B,
    0xAF, 0x29, 0xFF, 0x46, 0x72, 0x71, 0x7C, 0x53, 0x3B, 0x47, 0xAE, 0x27, 0x49, 0x53, 0xD7, 0xCC,
    0x78, 0x1F, 0x51, 0x1F, 0x7B, 0x9F, 0x47, 0x92, 0xB8, 0x00, 0x50, 0xBC, 0x1F, 0x8C, 0x17, 0xB8,
    0xB1, 0x24, 0xEC, 0x54, 0xAF, 0x30, 0x64, 0x44, 0x9D, 0xAF, 0xCD, 0x00, 0x7C, 0xBC, 0xA4, 0xEC,
    0x73, 0x70, 0x43, 0xC1, 0xDE, 0x0D, 0x15, 0xD3, 0x9D, 0x22, 0xB0, 0xB3, 0xC0, 0x05, 0x01, 0x07,
    0xB8, 0xE7, 0xEC, 0xE1, 0x5E, 0x10, 0x70, 0xAF, 0xD4, 0x82, 0x51, 0xB1, 0x28, 0xA8, 0xD0, 0xD6,
    0x95, 0x1E, 0x6E, 0xA2, 0x3E, 0x81, 0xBB, 0x70, 0x72, 0xD0, 0x44, 0xF5, 0xB7, 0x0A, 0x4A, 0x0A,
    0x0A, 0xBD, 0xAE, 0x07, 0xED, 0x0D, 0x0C, 0xF4, 0xC0, 0xB7, 0x2A, 0x64, 0xDC, 0x8B, 0x9B, 0xC0,
    0xD1, 0xCD, 0x07, 0x41, 0x3C, 0x0A, 0x96, 0x42, 0xB0, 0x96, 0x02, 0x56, 0x8A, 0x1F, 0x0B, 0xDC,
    0x3F, 0xBD, 0x1E, 0x5D, 0xC7, 0x57, 0xA3, 0xFB, 0x88, 0x1F, 0x8D, 0xEE, 0xA7, 0x34, 0xA3, 0xFB,
    0x87, 0x55, 0xF0, 0xF7, 0x8B, 0xE0, 0x93, 0x28, 0x78, 0x3A, 0x0B, 0x9E, 0x4C, 0x82, 0x3E, 0x28,
    0xFE, 0x59, 0x81, 0x77, 0x80, 0xE1, 0x40, 0xCE, 0x22, 0x31, 0xCB, 0x2A, 0xC2, 0x93, 0x3C, 0x21,
    0xBB, 0x5F, 0x6C, 0xF2, 0xF1, 0x7F, 0x92, 0x3F, 0xFE, 0xF5, 0x26, 0x7F, 0xF9, 0x7F, 0xE4, 0x0F,
    0x97, 0x4D, 0x3E, 0x24, 0xD9, 0x9E, 0xC4, 0x89, 0xD8, 0x2C, 0x46, 0xA4, 0xE6, 0x3D, 0xFB, 0x9D,
    0x19, 0x46, 0x6B, 0x7B, 0x33, 0x5B, 0x41, 0x3C, 0x17, 0xF8, 0x4B, 0xA4, 0x06, 0x55, 0x49, 0xCA,
    0x6A, 0x76, 0xCF, 0x7E, 0xE7, 0x54, 0xE0, 0x27, 0x45, 0x3C, 0xD5, 0x93, 0x52, 0x51, 0xB0, 0xED,
    0xC6, 0x23, 0xFB, 0x3D, 0xD2, 0x77, 0xBB, 0x52, 0x1F, 0x6F, 0x6C, 0xDB, 0x07, 0xD6, 0x93, 0x34,
    0xDE, 0x2D, 0x8E, 0x2D, 0xA4, 0x14, 0x1D, 0x52, 0xA0, 0x48, 0x31, 0x23, 0x85, 0x8F, 0x34, 0x12,
    0x58, 0xA1, 0x7E, 0x99, 0x59, 0xBF, 0x83, 0x49, 0xD3, 0x4C, 0x1F, 0xB8, 0x59, 0x0C, 0x0D, 0x27,
    0xD4, 0xB1, 0x62, 0x10, 0xCF, 0x85, 0x50, 0x7B, 0x19, 0x53, 0x8F, 0x93, 0xF6, 0xBE, 0xA5, 0xE1,
    0x1F, 0xD9, 0x22, 0x15, 0xAB, 0x53, 0x36, 0xC2, 0x3E, 0x1B, 0x43, 0xA9, 0x28, 0xF2, 0xE3, 0x6E,
    0x8F, 0xF4, 0xDD, 0x9D, 0xD9, 0xF0, 0x62, 0x91, 0xE0, 0x46, 0x41, 0x7E, 0x5E, 0x09, 0x9A, 0x28,
    0xA8, 0x97, 0x0B, 0xA7, 0x3E, 0x6D, 0x89, 0xD2, 0xE6, 0xA8, 0x24, 0xB7, 0x42, 0xD8, 0x9B, 0x08,
    0xA7, 0x43, 0xFA, 0x23, 0x05, 0x32, 0xA2, 0xC0, 0xF0, 0xBF, 0x81, 0x86, 0xFC, 0x2F, 0x54, 0x79,
    0x8F, 0xC1, 0x16, 0x46, 0xFB, 0x14, 0x37, 0x03, 0x80, 0x84, 0x5C, 0x88, 0x6B, 0xA4, 0xE5, 0xF6,
    0x31, 0xBF, 0xC8, 0xB2, 0x6A, 0x51, 0xA5, 0xC1, 0x7F, 0xBC, 0xB6, 0x77, 0x6F, 0x9D, 0x64, 0x68,
    0xF8, 0x8E, 0x91, 0x96, 0xFE, 0xDF, 0x1D, 0x4C, 0x2C, 0xF2, 0xC6, 0xE0, 0x94, 0x21, 0x2D, 0xCE,
    0xEC, 0xE1, 0x74, 0x1A, 0x74, 0x01, 0xF5, 0x62, 0x75, 0x5A, 0xD8, 0x59, 0xEF, 0x94, 0x08, 0x33,
    0x37, 0x51, 0x4B, 0xE9, 0x02, 0x1B, 0x74, 0x49, 0x14, 0xAA, 0x5C, 0x5E, 0x39, 0xDC, 0xAC, 0x13,
    0xFA, 0x03, 0x9F, 0xB0, 0x05, 0xAF, 0x98, 0xD7, 0x66, 0xEE, 0x7A, 0x05, 0xBA, 0xE7, 0x0B, 0x60,
    0x7F, 0x15, 0x05, 0x6F, 0x05, 0x66, 0xDB, 0x86, 0x4C, 0xFB, 0x15, 0x5E, 0xC5, 0x11, 0xAE, 0xC7,
    0x71, 0x4D, 0xE8, 0x3C, 0x8E, 0xCB, 0x1E, 0x52, 0x1C, 0xA4, 0x6C, 0x7C, 0x12, 0xED, 0xD5, 0x86,
    0xEB, 0x68, 0xAF, 0x77, 0x78, 0x2E, 0xF8, 0x1F, 0xC1, 0x8B, 0x97, 0x5F, 0x44, 0xFB, 0xF2, 0xC5,
    0x17, 0xD1, 0xBC, 0xBC, 0xFE, 0xDF, 0xD9, 0xBC, 0xBA, 0x7E, 0x93, 0xF1, 0xFA, 0xFA, 0xED, 0xDC,
    0xF0, 0x29, 0xA7, 0x8C, 0xC7, 0x19, 0x35, 0xC1, 0x60, 0x67, 0xD4, 0x31, 0xDD, 0x0D, 0x69, 0x58,
    0x79, 0x44, 0x4F, 0xB4, 0x0A, 0x5C, 0xE9, 0x60, 0x9E, 0x13, 0xE8, 0xDE, 0xEA, 0x10, 0x18, 0xF7,
    0x81, 0x97, 0x1C, 0xCE, 0x2B, 0xD5, 0xFD, 0xFA, 0xD4, 0x7D, 0xB6, 0xE2, 0xA0, 0xC3, 0x2F, 0xF8,
    0x21, 0x7D, 0xC9, 0x03, 0x75, 0x36, 0x33, 0xE8, 0xBC, 0x9E, 0xEC, 0x04, 0x1B, 0xBB, 0x80, 0x66,
    0x49, 0x79, 0x4E, 0x29, 0x4E, 0xD9, 0x3D, 0x95, 0xA0, 0xEE, 0x94, 0xD3, 0xC7, 0xA7, 0x08, 0xD4,
    0x15, 0xBA, 0x5F, 0x7D, 0x4D, 0x04, 0x05, 0xFD, 0x03, 0xE7, 0x15, 0x49, 0x7F, 0x81, 0xEC, 0xA6,
    0x22, 0x20, 0x91, 0x9D, 0x6E, 0x22, 0x97, 0xDF, 0x68, 0x7C, 0xA5, 0x71, 0xBE, 0xDD, 0xD8, 0x5F,
    0x36, 0xDE, 0xB9, 0xA3, 0x76, 0x9C, 0xC9, 0x98, 0x4F, 0xE0, 0x5B, 0x38, 0x77, 0x0E, 0x3F, 0xC8,
    0xEF, 0x33, 0xED, 0x98, 0xDF, 0x79, 0x4E, 0x22, 0xF3, 0xB6, 0x89, 0x2B, 0x16, 0x91, 0x55, 0xA3,
    0xCD, 0x2F, 0x3E, 0x5D, 0x0F, 0x74, 0xAA, 0x3C, 0x6C, 0xCA, 0x4D, 0x36, 0xA8, 0x62, 0x36, 0x58,
    0xF3, 0xBB, 0x90, 0x24, 0x3D, 0xE0, 0xB2, 0xB2, 0x7A, 0x6F, 0xBE, 0xE2, 0x7D, 0x3F, 0x30, 0x14,
    0xDF, 0xC2, 0xE9, 0x18, 0x77, 0x0E, 0xE9, 0x6F, 0xE6, 0x5A, 0xB8, 0x35, 0xD7, 0x5E, 0xC6, 0x7C,
    0x83, 0xF1, 0x29, 0x71, 0x48, 0x9B, 0x9F, 0xB4, 0xEF, 0x49, 0xE5, 0x73, 0xD6, 0x27, 0x62, 0x40,
    0x33, 0xA5, 0x82, 0xDF, 0x0C, 0x28, 0xA7, 0x43, 0x8F, 0xA2, 0x85, 0x1E, 0xBC, 0x38, 0x8E, 0xAD,
    0xF1, 0xBA, 0xD1, 0xA8, 0xA7, 0x32, 0x1E, 0x23, 0x86, 0xF4, 0x36, 0xA6, 0x20, 0xC5, 0x34, 0xBF,
    0x68, 0x5B, 0x51, 0x0D, 0x15, 0x71, 0x38, 0xAF, 0xB1, 0xFE, 0x86, 0x44, 0x49, 0x41, 0xA3, 0xB0,
    0x53, 0x21, 0x18, 0x6F, 0x10, 0x2A, 0xAD, 0xA3, 0x2B, 0x83, 0x61, 0x64, 0xA8, 0x19, 0x5C, 0x90,
    0xF8, 0x4C, 0x48, 0x15, 0xFA, 0x3E, 0x7C, 0x3C, 0xEA, 0xDB, 0x9D, 0x65, 0x7B, 0xBB, 0x63, 0x6F,
    0xBD, 0x15, 0x19, 0x04, 0x6E, 0x14, 0x74, 0x77, 0xC0, 0x29, 0x38, 0x24, 0xE5, 0x64, 0xA6, 0x0E,
    0xB2, 0x2B, 0x75, 0x0A, 0x93, 0x2E, 0x2C, 0x47, 0x54, 0xE4, 0x0C, 0x43, 0x6D, 0x98, 0x74, 0x2F,
    0x37, 0x1E, 0x86, 0xBC, 0x16, 0xF7, 0x5F, 0x45, 0x6A, 0xE8, 0x46, 0x8C, 0x3A, 0xCA, 0x25, 0x67,
    0x83, 0x8C, 0xEA, 0x2A, 0x20, 0xE5, 0x2A, 0xA9, 0xDE, 0x03, 0xF7, 0xA9, 0x16, 0x83, 0x99, 0x3E,
    0xBD, 0x3D, 0x31, 0xE9, 0xDE, 0x9B, 0x8B, 0xED, 0xFD, 0x8D, 0x77, 0xA3, 0x62, 0xB8, 0x03, 0x23,
    0xB2, 0x4A, 0x1A, 0x96, 0x9A, 0x25, 0x07, 0xEA, 0x2A, 0x3B, 0x3D, 0x6D, 0x3B, 0xC2, 0x7E, 0xDB,
    0x21, 0xCA, 0xFD, 0xEE, 0x35, 0x92, 0x9A, 0x9D, 0x6F, 0x45, 0x9D, 0xC7, 0xD8, 0x10, 0xF0, 0x87,
    0x68, 0x22, 0xFE, 0x3D, 0x99, 0xB5, 0x85, 0x02, 0xBB, 0x17, 0x90, 0x8E, 0x3D, 0x4A, 0x0A, 0x6A,
    0x45, 0xA3, 0xAD, 0x66, 0x02, 0xCE, 0x20, 0xC9, 0xFE, 0x0C, 0xC7, 0x93, 0xCA, 0x83, 0xD0, 0x91,
    0x2B, 0xD4, 0x76, 0x87, 0x34, 0xB6, 0xE2, 0xDD, 0x09, 0xBB, 0xC8, 0xDA, 0x78, 0x91, 0xB0, 0x62,
    0x9F, 0xB0, 0xE2, 0x9C, 0x30, 0x40, 0x71, 0x60, 0x7F, 0xD4, 0xD5, 0x45, 0x95, 0x67, 0x71, 0x44,
    0x45, 0x86, 0xF4, 0xD0, 0xBF, 0x67, 0xC9, 0xED, 0x7A, 0x3E, 0x63, 0xE0, 0x2B, 0x46, 0x92, 0x0B,
    0x43, 0xBD, 0x72, 0x28, 0xA9, 0x5D, 0x3C, 0x44, 0xEE, 0xDC, 0x1E, 0xE5, 0x83, 0x9C, 0x6F, 0xC4,
    0x89, 0xA0, 0xF9, 0x66, 0xE2, 0x34, 0x1E, 0x72, 0x3D, 0x09, 0x2A, 0xEE, 0xCF, 0x93, 0xF3, 0xF5,
    0xE6, 0x44, 0xF9, 0xE0, 0xD3, 0x69, 0x17, 0x91, 0x9C, 0xC8, 0x3E, 0x25, 0xF3, 0x3E, 0x14, 0x6C,
    0xE9, 0xEB, 0x35, 0x5D, 0x12, 0x01, 0x47, 0xF0, 0x8A, 0x3D, 0xF8, 0x19, 0x01, 0xBE, 0x8A, 0x02,
    0x4E, 0x8A, 0xA8, 0xA0, 0xE0, 0x0D, 0x5B, 0xF0, 0x73, 0x7A, 0x4D, 0x75, 0x38, 0x99, 0x35, 0x51,
    0x50, 0x33, 0xF9, 0x4B, 0xAF, 0x1A, 0x06, 0xC7, 0x09, 0x7B, 0x41, 0xF3, 0xFE, 0xE2, 0xC8, 0x75,
    0x2F, 0xAC, 0x7D, 0xD7, 0xD2, 0xFE, 0x9A, 0x9E, 0xEE, 0x4D, 0xFE, 0x95, 0x8A, 0x3F, 0x5A, 0x9A,
    0xC0, 0x22, 0xD6, 0xEF, 0x87, 0x6F, 0x6B, 0x1A, 0xE5, 0xB7, 0xB9, 0x13, 0xCA, 0x9B, 0xDB, 0xDF,
    0xDC, 0xDC, 0xFE, 0xDD, 0xB8, 0xFD, 0x16, 0xD3, 0x8D, 0x17, 0x48, 0x0D, 0x49, 0x25, 0x29, 0x27,
    0xB3, 0xE4, 0x20, 0xB9, 0x52, 0xA7, 0xDF, 0x5D, 0x25, 0x16, 0x00, 0xF7, 0xE0, 0x3B, 0xAC, 0x97,
    0xC0, 0x7D, 0x70, 0x1C, 0xBA, 0xDE, 0xF1, 0x3F, 0x28, 0x78, 0xC1, 0xBE, 0xE3, 0x2B, 0xF6, 0x70,
    0xAF, 0x15, 0x8B, 0x86, 0x16, 0xCE, 0x9B, 0x87, 0x77, 0x20, 0xED, 0x76, 0xDC, 0x6D, 0x9C, 0x76,
    0x31, 0x51, 0x93, 0xCD, 0x36, 0xBF, 0x23, 0xC2, 0xCF, 0x74, 0xEE, 0x7D, 0x6F, 0x5B, 0x41, 0xD5,
    0x5C, 0x5B, 0x6D, 0x9D, 0x55, 0x8F, 0xBA, 0xF7, 0x62, 0x9B, 0x96, 0x6E, 0x47, 0x0D, 0xAD, 0x19,
    0xF4, 0xD2, 0xAA, 0xAD, 0x21, 0xD7, 0xA4, 0x97, 0x4A, 0xD6, 0x3D, 0xF9, 0x74, 0x24, 0xFB, 0x33,
    0x3A, 0x45, 0x6A, 0x78, 0x18, 0x8C, 0x9A, 0x35, 0x8A, 0x4A, 0x71, 0x10, 0x3C, 0x74, 0xBE, 0xEA,
    0x1C, 0x77, 0xA1, 0xA6, 0x86, 0x60, 0xF9, 0x86, 0x35, 0x9F, 0xF3, 0xB8, 0x16, 0xDC, 0x7E, 0x82,
    0xD4, 0xFD, 0x68, 0x1D, 0x61, 0xC2, 0xB6, 0x1E, 0x5E, 0x74, 0x3D, 0xB1, 0xA2, 0xF3, 0xE7, 0x3D,
    0x06, 0xF8, 0x84, 0x00, 0xAF, 0x4E, 0xDB, 0x0B, 0xFB, 0x3C, 0xE6, 0xED, 0x45, 0xF3, 0x36, 0xAF,
    0x8C, 0x2F, 0x96, 0xC7, 0xAE, 0x65, 0xBB, 0xBA, 0xC7, 0x7C, 0xBC, 0x76, 0x4F, 0xF8, 0x64, 0xE9,
    0x9E, 0xF2, 0x17, 0x8A, 0xAB, 0xC5, 0x5E, 0xF3, 0x4A, 0xF7, 0x0E, 0x8A, 0x97, 0xB2, 0x81, 0x78,
    0xF6, 0xE2, 0x79, 0x34, 0xCF, 0xAE, 0xBF, 0x98, 0xCD, 0x67, 0x82, 0x46, 0x76, 0x11, 0x53, 0x23,
    0x1B, 0x88, 0xA9, 0x7E, 0xFD, 0xF4, 0x6D, 0xA8, 0xF9, 0x94, 0x82, 0xC7, 0x37, 0x00, 0xC3, 0xB6,
    0x6D, 0x20, 0xBA, 0x50, 0xB0, 0xBD, 0x59, 0xAF, 0x7F, 0xB1, 0xDE, 0x5E, 0xAA, 0x8F, 0x29, 0x0C,
    0xC5, 0xB0, 0x5F, 0xC0, 0x75, 0xAF, 0x17, 0x80, 0xCF, 0x88, 0x63, 0xDA, 0x27, 0xAC, 0xE0, 0x58,
    0x47, 0x71, 0xA5, 0x5B, 0x84, 0xFC, 0xAA, 0x62, 0x12, 0xA4, 0x1D, 0xFE, 0x39, 0x1B, 0xE5, 0xAD,
    0x6C, 0xB4, 0x5B, 0x36, 0xDC, 0xD5, 0xAD, 0x7D, 0x96, 0x79, 0x3B, 0xDF, 0x24, 0x62, 0xBC, 0x63,
    0x9F, 0x80, 0xD3, 0xAF, 0x53, 0x8B, 0x88, 0x06, 0x5A, 0x71, 0x52, 0x8C, 0x8A, 0x76, 0xDB, 0xF3,
    0xEF, 0x65, 0xDB, 0x0F, 0x30, 0xA4, 0x11, 0xA8, 0x86, 0x59, 0x00, 0x37, 0xE1, 0x98, 0xFE, 0xD9,
    0xA3, 0xD1, 0xDE, 0x67, 0x80, 0x97, 0x3F, 0x84, 0xFC, 0x80, 0x23, 0x3A, 0x06, 0xF0, 0x24, 0xC0,
    0x2D, 0xE9, 0x3C, 0x60, 0x76, 0xFF, 0x05, 0x41, 0xA5, 0x99, 0x40, 0x8E, 0xD0, 0x9B, 0x80, 0xEC,
    0xE1, 0xD2, 0x30, 0x72, 0x5B, 0x35, 0xA9, 0x6E, 0xFE, 0xB1, 0xBC, 0xBD, 0xED, 0x2B, 0x19, 0x31,
    0x24, 0x83, 0x86, 0xC1, 0xFA, 0xF7, 0xF9, 0x73, 0xBF, 0x01, 0xC8, 0xE1, 0x26, 0x70, 0xD4, 0x17,
    0x62, 0x07, 0xC0, 0xE5, 0x9F, 0xEA, 0x97, 0x4D, 0x0E, 0xCC, 0xCB, 0xB0, 0x47, 0x22, 0x26, 0x19,
    0x8E, 0x47, 0x5E, 0xFC, 0x9F, 0x8A, 0xFD, 0x7F, 0xBA, 0xC8, 0xE2, 0xB6, 0x3E, 0xF2, 0x00, 0x5A,
    0x1C, 0x57, 0xFC, 0x9E, 0x5E, 0x38, 0x33, 0xDA, 0xD3, 0x8A, 0xCD, 0xBB, 0xDE, 0x11, 0x15, 0xAA,
    0x19, 0xBF, 0x05, 0xC5, 0x9A, 0x47, 0x94, 0xE4, 0x4C, 0x52, 0xC7, 0xFF, 0x92, 0x66, 0x47, 0xCB,
    0xD3, 0x7B, 0x24, 0xDE, 0x83, 0x70, 0x97, 0xB5, 0x79, 0xC4, 0xCD, 0x4E, 0x26, 0xDE, 0x7B, 0x38,
    0x73, 0xC6, 0xF6, 0x11, 0x8F, 0xF4, 0x31, 0x37, 0xEC, 0xDC, 0xB8, 0xE1, 0x2F, 0x78, 0xEF, 0x61,
    0x52, 0x78, 0x0F, 0xC2, 0x7B, 0x10, 0xDE, 0x43, 0x32, 0x4F, 0xFB, 0x3E, 0xED, 0x4E, 0x4A, 0x7F,
    0x22, 0xA4, 0xAA, 0x9A, 0xEA, 0xDA, 0xEA, 0xCF, 0x77, 0x77, 0xAA, 0xE2, 0xD7, 0x2F, 0x4B, 0xA1,
    0x88, 0x48, 0x75, 0x66, 0x64, 0x2A, 0x55, 0x2E, 0x3D, 0x3D, 0xB0, 0x96, 0xA2, 0x2B, 0xBA, 0xB2,
    0xAF, 0x06, 0x13, 0x4D, 0xAC, 0x47, 0x3B, 0x5D, 0x3E, 0x50, 0x8E, 0xC0, 0x11, 0xAA, 0x49, 0x10,
    0xD8, 0xA2, 0x24, 0x23, 0x0C, 0x99, 0xE0, 0x9E, 0x3C, 0x59, 0xD0, 0xFC, 0xE3, 0xE3, 0x11, 0xE1,
    0x97, 0xA3, 0x07, 0x7F, 0x39, 0x02, 0x7C, 0x70, 0x19, 0xFA, 0x9D, 0x9E, 0x15, 0xBD, 0x38, 0xE9,
    0x15, 0x44, 0x4D, 0xCE, 0x6A, 0x65, 0x52, 0x7B, 0xFD, 0x66, 0xF9, 0xD4, 0xDB, 0x5D, 0x0E, 0x40,
    0xC3, 0x05, 0x19, 0xC9, 0xAE, 0x50, 0x54, 0xF4, 0x0D, 0xCC, 0x8C, 0xF7, 0x81, 0x49, 0xC0, 0x11,
    0xAA, 0x59, 0x50, 0x2E, 0x82, 0x86, 0x1C, 0x4E, 0x01, 0x76, 0xD8, 0x90, 0xB1, 0x05, 0x0A, 0xEE,
    0x2F, 0xB3, 0x24, 0xFB, 0x13, 0xB0, 0x47, 0xC1, 0x66, 0x10, 0x93, 0x2E, 0x8A, 0x96, 0x1D, 0x51,
    0x4F, 0xA2, 0x6C, 0x63, 0x95, 0xE0, 0xA2, 0xF8, 0x68, 0xFA, 0x82, 0x60, 0x97, 0xD3, 0xB3, 0x05,
    0x9F, 0xA1, 0x36, 0x6E, 0x01, 0x9A, 0x3F, 0x9A, 0x01, 0xF7, 0x9F, 0x09, 0x86, 0x64, 0x3C, 0x01,
    0x32, 0x7A, 0x1C, 0x70, 0x56, 0xC5, 0x75, 0xE7, 0x0F, 0x1C, 0x95, 0x2B, 0x75, 0xEA, 0x45, 0x0D,
    0x33, 0xA2, 0x24, 0xD7, 0x08, 0x26, 0xD8, 0x31, 0x8F, 0xB0, 0x03, 0x3C, 0x5C, 0x0F, 0xC0, 0x46,
    0x40, 0xD4, 0x3C, 0x60, 0xB8, 0x00, 0x05, 0x39, 0x00, 0xAA, 0x5C, 0xFE, 0xA9, 0xD4, 0x6D, 0x5B,
    0x13, 0x8D, 0xCF, 0x89, 0xE0, 0xA1, 0xAD, 0xC3, 0x82, 0x30, 0x66, 0x09, 0x0D, 0xFF, 0x71, 0x80,
    0x25, 0xBD, 0x5A, 0xEE, 0x81, 0x0B, 0xAA, 0x9D, 0x30, 0x09, 0xAA, 0x24, 0x28, 0x12, 0x72, 0x94,
    0x09, 0x55, 0x5F, 0x4F, 0xA8, 0xC9, 0xA8, 0xCA, 0x83, 0x2A, 0x7B, 0xE0, 0x0B, 0xBE, 0x1B, 0x68,
    0x22, 0xFB, 0x53, 0x41, 0xCE, 0x16, 0x70, 0x4C, 0xC8, 0x66, 0xF1, 0x5A, 0xF6, 0x72, 0xB9, 0xF1,
    0xC8, 0xE2, 0x1B, 0xB3, 0xD0, 0xFE, 0xF4, 0xBD, 0x8A, 0xF1, 0xDE, 0x97, 0x59, 0x4E, 0x6F, 0xF8,
    0x71, 0x51, 0x79, 0xBF, 0xD8, 0xB4, 0xA3, 0x89, 0xC1, 0xC3, 0x44, 0x62, 0x8F, 0xE0, 0xDF, 0xC1,
    0xFC, 0x78, 0xF3, 0x8B, 0xE9, 0xFD, 0xBE, 0xCC, 0x71, 0x7E, 0xC3, 0xBD, 0x9A, 0xD3, 0xBD, 0x37,
    0x96, 0x8C, 0x3F, 0x6D, 0xFC, 0x17, 0x7C, 0x64, 0x14, 0x7B, 0x65, 0x9F, 0xBF, 0x05, 0x17, 0x1E,
    0x0D, 0x67, 0xED, 0x48, 0x0F, 0x45, 0x3C, 0x2C, 0x23, 0x9A, 0x1F, 0x1A, 0xF1, 0x7A, 0x09, 0x1A,
    0xF9, 0x26, 0x15, 0xD3, 0x1A, 0x48, 0xC8, 0x13, 0x16, 0x91, 0xF0, 0x43, 0x0B, 0x9A, 0x44, 0x5F,
    0x0D, 0xCE, 0x23, 0x97, 0x03, 0xC6, 0x57, 0x2D, 0x5C, 0xEB, 0xBA, 0x8C, 0x9D, 0xF6, 0xC0, 0x92,
    0xDE, 0xA6, 0x7A, 0x86, 0x8B, 0x6E, 0xD4, 0x7F, 0x48, 0x0F, 0xD7, 0xBB, 0x01, 0x6E, 0x94, 0xEA,
    0x7A, 0xA2, 0x54, 0x95, 0x55, 0x59, 0x2E, 0xB3, 0x1D, 0x0C, 0x2A, 0x8F, 0x4C, 0x8E, 0x40, 0xCE,
    0x3C, 0x12, 0x20, 0xBF, 0x42, 0xB2, 0xCF, 0x91, 0xC0, 0x8F, 0x3F, 0x68, 0x7A, 0x14, 0xFD, 0x57,
    0xE1, 0xED, 0x51, 0xE1, 0x7D, 0xC2, 0x2F, 0xFB, 0x0F, 0xFD, 0x89, 0x7F, 0xE8, 0x3E, 0xF4, 0xC7,
    0x1F, 0x77, 0x1F, 0x1A, 0xFE, 0xB0, 0xFB, 0xD0, 0x9F, 0xFA, 0xA5, 0xEE, 0xF5, 0x3F, 0xF1, 0x8F,
    0xAD, 0x9E, 0x2B, 0xDA, 0xD7, 0x03, 0x61, 0x80, 0x16, 0xC7, 0x74, 0xF8, 0xAC, 0xD7, 0x6F, 0x3D,
    0x03, 0x96, 0x6C, 0xD7, 0x6E, 0xE3, 0xEB, 0xCE, 0xC1, 0x6C, 0x7F, 0xE5, 0xD0, 0xEF, 0xF5, 0xBC,
    0xEA, 0xA9, 0x3E, 0x4C, 0xC4, 0xA9, 0x04, 0x72, 0xE1, 0x51, 0x39, 0xA7, 0xA3, 0xB2, 0x2F, 0xA7,
    0xFA, 0xE5, 0x02, 0xC7, 0x2E, 0x70, 0xF8, 0x6A, 0x51, 0x32, 0x03, 0x6C, 0x0F, 0xFA, 0x32, 0xC1,
    0xF5, 0x08, 0x8C, 0xDB, 0x27, 0x67, 0x5B, 0x33, 0x5A, 0x4E, 0xAF, 0x2A, 0x26, 0x04, 0xF1, 0xD9,
    0x29, 0x8B, 0x54, 0xE7, 0xDA, 0x92, 0x5A, 0x15, 0x3C, 0x3C, 0x30, 0x21, 0xA7, 0x2F, 0xA8, 0xFD,
    0xD0, 0x8C, 0xB0, 0x03, 0x74, 0x1C, 0x40, 0x8B, 0x66, 0x8B, 0x17, 0x25, 0x7D, 0xB9, 0x1B, 0x85,
    0x5A, 0x9E, 0x15, 0xF9, 0x47, 0xF2, 0xE2, 0x01, 0xE9, 0x01, 0xB6, 0x6A, 0xEF, 0x6D, 0x05, 0x35,
    0x39, 0x66, 0x14, 0x94, 0x0A, 0xA3, 0xB0, 0x64, 0x35, 0xBA, 0x03, 0x9A, 0xCB, 0x55, 0xAB, 0xA8,
    0x15, 0x95, 0x22, 0x57, 0xE0, 0x42, 0x81, 0x97, 0x8D, 0xEF, 0xBD, 0xFB, 0xDD, 0xC7, 0xC9, 0xBD,
    0xE8, 0x50, 0xCA, 0xE7, 0x4F, 0x90, 0x05, 0x0F, 0xDB, 0xDD, 0x6F, 0xBA, 0x86, 0xFE, 0xBD, 0xDF,
    0x82, 0x7C, 0x81, 0x5D, 0xE0, 0x16, 0xBC, 0xE1, 0x11, 0x70, 0xF9, 0x63, 0x39, 0x6E, 0x1F, 0x84,
    0x61, 0xEB, 0x2A, 0x6F, 0x25, 0xA4, 0x63, 0x78, 0xED, 0xC3, 0xA7, 0xA2, 0xDF, 0xEB, 0x79, 0xD5,
    0x53, 0xFD, 0x57, 0xCB, 0x81, 0x37, 0xA2, 0xDE, 0x32, 0xD4, 0x36, 0x34, 0xEA, 0xD9, 0x2C, 0x28,
    0xF9, 0xD1, 0x6C, 0xB7, 0xB1, 0x20, 0x31, 0x74, 0x08, 0x82, 0x9C, 0xBF, 0xC8, 0x6E, 0x3D, 0x51,
    0x27, 0xB3, 0x1F, 0x47, 0x62, 0x14, 0xEF, 0x07, 0x03, 0xDC, 0x91, 0x03, 0x65, 0x92, 0x90, 0x6C,
    0x42, 0x26, 0x6D, 0x41, 0x31, 0x7D, 0x70, 0x42, 0x19, 0x91, 0x60, 0x7A, 0x81, 0xED, 0x04, 0xCE,
    0x0B, 0x02, 0x04, 0x09, 0x8E, 0x7F, 0x34, 0x09, 0xFE, 0xE0, 0x33, 0xF0, 0xAE, 0x9F, 0xEB, 0xA1,
    0x25, 0xFF, 0x76, 0xBC, 0xCA, 0x9B, 0x28, 0xAA, 0x36, 0xC2, 0x89, 0x07, 0x2C, 0x78, 0x6B, 0xCC,
    0x52, 0xF6, 0x38, 0x16, 0x53, 0xF1, 0x87, 0xB1, 0x8C, 0xD5, 0x2F, 0x8D, 0xA6, 0xAF, 0xB8, 0xD8,
    0x4E, 0xA0, 0x23, 0x3D, 0x3E, 0x82, 0xE0, 0x65, 0xFA, 0x05, 0xC4, 0x6F, 0xE8, 0x61, 0x7F, 0x99,
    0x72, 0xA6, 0x1C, 0x12, 0x16, 0xF8, 0x94, 0xA9, 0xBD, 0x42, 0x27, 0x53, 0x31, 0x66, 0x7B, 0x31,
    0x16, 0xC4, 0x58, 0x21, 0x1A, 0xBE, 0xE4, 0xFC, 0x08, 0x82, 0x6A, 0x16, 0xBF, 0x8E, 0x5D, 0x96,
    0xEE, 0xD7, 0x7D, 0x31, 0xDD, 0xA9, 0x7A, 0x51, 0xAD, 0x3B, 0xD3, 0x67, 0x8B, 0xA8, 0x66, 0xF4,
    0xE2, 0xD7, 0xF4, 0x01, 0x77, 0x2A, 0xB1, 0xF9, 0x35, 0xF5, 0xEA, 0xF7, 0x17, 0x3F, 0x03, 0x72,
    0xD9, 0xCB, 0x6B, 0x2F, 0xEA, 0x05, 0x67, 0xE5, 0xB8, 0x54, 0x69, 0x93, 0x3A, 0x21, 0xE7, 0x96,
    0x31, 0xED, 0xE2, 0xE1, 0x46, 0xA0, 0x89, 0x40, 0x18, 0x56, 0x69, 0x9B, 0x98, 0x4F, 0x6E, 0xAC,
    0x68, 0xC9, 0xD9, 0x90, 0x53, 0x4E, 0xF6, 0xA2, 0x08, 0xC0, 0x8B, 0x94, 0x83, 0xC0, 0x45, 0x41,
    0xFD, 0x74, 0xEE, 0x58, 0x1D, 0x51, 0xF1, 0xD5, 0x07, 0x67, 0x1C, 0x00, 0xC3, 0xB8, 0x43, 0xCD,
    0x11, 0xB0, 0x9C, 0xD6, 0x6C, 0x26, 0xF8, 0x2B, 0x41, 0xF8, 0xF5, 0x19, 0xE0, 0x2F, 0x53, 0xF0,
    0x80, 0xC8, 0xF8, 0x51, 0xF4, 0x39, 0x33, 0xB6, 0xEB, 0xAC, 0x5C, 0x2C, 0x82, 0x92, 0x64, 0x5F,
    0x09, 0x86, 0xA7, 0xD3, 0xAB, 0xB8, 0x75, 0xA3, 0x1D, 0x61, 0x27, 0x17, 0x51, 0x27, 0x81, 0x49,
    0xCD, 0x00, 0x33, 0x87, 0x1E, 0xD5, 0x02, 0x64, 0xD0, 0x88, 0x06, 0x41, 0x35, 0x1F, 0x96, 0x07,
    0x51, 0xE0, 0x7A, 0x41, 0x68, 0xF7, 0x91, 0xFE, 0x82, 0xE2, 0xCE, 0x2D, 0x46, 0x9A, 0xD3, 0x03,
    0x25, 0xBB, 0xCD, 0xAF, 0x7A, 0x53, 0xF3, 0x0B, 0xB2, 0x05, 0x04, 0xBE, 0x0C, 0xF7, 0xB0, 0x2F,
    0xB7, 0x18, 0xA4, 0x1D, 0xEE, 0x00, 0x64, 0x52, 0x70, 0x5B, 0xC5, 0xE1, 0x1D, 0xDE, 0x7B, 0xC4,
    0xED, 0x87, 0x96, 0xA9, 0xBD, 0x73, 0xB8, 0xFD, 0xD0, 0xD6, 0x4C, 0x8C, 0x92, 0xBD, 0xBA, 0x8C,
    0x80, 0x7B, 0x30, 0x09, 0xB2, 0xB4, 0xC7, 0xD7, 0x4E, 0xBB, 0x13, 0x95, 0xAA, 0x64, 0x8B, 0xBF,
    0xE5, 0x70, 0x55, 0x07, 0x3B, 0xD6, 0x2B, 0xED, 0x4A, 0xF5, 0x28, 0xFC, 0x6D, 0x65, 0x73, 0xC4,
    0xF0, 0xF5, 0x4A, 0x7E, 0xF2, 0xC6, 0x75, 0x61, 0x5F, 0x09, 0xF3, 0x95, 0xC5, 0xB2, 0x92, 0x1A,
    0x72, 0x79, 0xC4, 0x6A, 0xA5, 0x99, 0xAA, 0x03, 0xEB, 0xB1, 0x22, 0x61, 0xA3, 0xD2, 0x1D, 0x11,
    0x15, 0x5B, 0x20, 0x70, 0x42, 0x4E, 0x12, 0x95, 0xA0, 0x35, 0x73, 0xC6, 0xCE, 0x4E, 0x08, 0xBD,
    0x8B, 0x68, 0x14, 0x1F, 0xBC, 0x26, 0x2D, 0x84, 0xE1, 0xB9, 0xB0, 0xAA, 0xAC, 0xCA, 0xEB, 0x65,
    0xAB, 0x81, 0x5A, 0x4D, 0x19, 0x35, 0x5A, 0x08, 0x76, 0xBD, 0xBB, 0xE6, 0x43, 0x00, 0xAA, 0x9D,
    0xBD, 0xD9, 0x0B, 0x2F, 0x06, 0x41, 0x19, 0x81, 0xEA, 0xDB, 0x04, 0x35, 0x7B, 0xE0, 0xEE, 0xFE,
    0xFF, 0xF4, 0x46, 0x20, 0x27, 0x00, 0x8D, 0xB2, 0xE9, 0xB7, 0xEC, 0x62, 0x46, 0xA0, 0xE8, 0xA1,
    0xA5, 0x21, 0x97, 0x23, 0x99, 0x9B, 0x01, 0x38, 0x2B, 0x64, 0xBA, 0x24, 0x57, 0xEB, 0xCD, 0xC7,
    0x36, 0xB1, 0x96, 0xFB, 0xD8, 0x9C, 0xB3, 0x43, 0x46, 0x8F, 0x62, 0xD9, 0x26, 0x5B, 0xA3, 0x21,
    0x6B, 0x1C, 0xFE, 0xFA, 0xE3, 0xA8, 0xB5, 0x67, 0xCE, 0x00, 0x89, 0x82, 0xEC, 0xAA, 0xE4, 0xA2,
    0x89, 0x66, 0x2C, 0xBA, 0xF5, 0x46, 0xDC, 0xC8, 0xBD, 0x30, 0xC9, 0x8D, 0xA7, 0x72, 0x53, 0xBE,
    0xD7, 0xC9, 0xE3, 0x6B, 0x8E, 0xFB, 0x42, 0x07, 0xD8, 0x01, 0x30, 0xF1, 0xD0, 0x17, 0x82, 0xE8,
    0xED, 0x45, 0xAF, 0x87, 0x9D, 0xF0, 0x72, 0x44, 0x6D, 0x1C, 0xDB, 0x04, 0xDE, 0xE1, 0x72, 0x5F,
    0xC8, 0xB9, 0x4D, 0xC7, 0xD5, 0xA5, 0xBE, 0x70, 0xFD, 0x71, 0xD4, 0x23, 0xD0, 0x5C, 0xEA, 0x0B,
    0xEB, 0x56, 0x44, 0xD9, 0x15, 0x1D, 0x80, 0x1B, 0xB9, 0x17, 0x75, 0x72, 0xE3, 0xA9, 0xDC, 0x94,
    0xEF, 0x8A, 0x7C, 0x08, 0xC1, 0xA4, 0xA0, 0x42, 0xEF, 0x41, 0xC6, 0xBE, 0x4A, 0x68, 0xA2, 0xC0,
    0x29, 0xEC, 0x28, 0xA8, 0xA7, 0xC0, 0x49, 0x91, 0xEA, 0xF4, 0x14, 0x7A, 0x62, 0xC5, 0xB4, 0x62,
    0xAF, 0xEC, 0xE2, 0xCE, 0x80, 0x9A, 0x52, 0xA3, 0x8A, 0x83, 0xA3, 0x87, 0xC8, 0x17, 0x78, 0x43,
    0xF6, 0x22, 0xB1, 0x14, 0xC9, 0x10, 0x5A, 0xEC, 0x8A, 0xD4, 0x44, 0x4F, 0x24, 0xED, 0x64, 0x11,
    0xE1, 0x5E, 0x9E, 0x21, 0x9B, 0x5F, 0xDC, 0xE4, 0xE2, 0xEF, 0xC9, 0x4F, 0xFF, 0xBF, 0x4D, 0x3E,
    0xF9, 0xCD, 0xE4, 0x47, 0xCF, 0x9B, 0x7C, 0x14, 0x49, 0xBF, 0x97, 0x20, 0xE2, 0x76, 0x62, 0x45,
    0x0C, 0x8F, 0xD6, 0x83, 0x36, 0x0A, 0xCC, 0xA4, 0xD5, 0x24, 0xC8, 0x9F, 0xAE, 0x07, 0xDF, 0x84,
    0x5D, 0xD1, 0x67, 0x77, 0x34, 0x9C, 0xA1, 0xCE, 0xFD, 0xB6, 0x09, 0xB4, 0x20, 0x0C, 0x46, 0x1B,
    0x59, 0x4F, 0xB0, 0xE3, 0xBA, 0x41, 0xE3, 0x04, 0xE9, 0x30, 0x49, 0x9D, 0x41, 0x9D, 0x56, 0x95,
    0x55, 0x79, 0xBD, 0x6C, 0x35, 0xB0, 0x9A, 0x5A, 0x8D, 0x66, 0x82, 0xA3, 0xED, 0x82, 0xE3, 0xF5,
    0x60, 0x79, 0xB2, 0x1E, 0x1C, 0x04, 0xA1, 0x3B, 0x59, 0x0F, 0xDE, 0x5E, 0xA4, 0xD9, 0xB6, 0x1E,
    0xEC, 0x8F, 0xD7, 0x83, 0xEB, 0x86, 0x14, 0x41, 0xE0, 0xAB, 0x8E, 0xD6, 0x83, 0xB7, 0x17, 0xE4,
    0x7E, 0x3D, 0x38, 0xEF, 0xD7, 0x83, 0x8A, 0x77, 0xA8, 0xA6, 0xDB, 0x0F, 0x6D, 0x5D, 0xFB, 0xF9,
    0x73, 0xC0, 0xED, 0x87, 0x06, 0x78, 0xD3, 0x66, 0xD1, 0x0D, 0x65, 0x72, 0x53, 0x9D, 0xCC, 0xD2,
    0x44, 0xCD, 0x92, 0x20, 0x01, 0x97, 0x80, 0x66, 0x8D, 0xC8, 0x97, 0x64, 0xAF, 0xA6, 0x9B, 0x68,
    0x66, 0xD7, 0x15, 0xC9, 0x00, 0x11, 0xBB, 0xD2, 0x8A, 0xE4, 0x93, 0x98, 0xFB, 0x96, 0x84, 0x66,
    0xB7, 0x63, 0xB1, 0x3A, 0xEB, 0xC5, 0x2D, 0xA3, 0x49, 0x82, 0x7A, 0xCA, 0x29, 0x2D, 0x28, 0x29,
    0x2D, 0x30, 0x94, 0x40, 0xEB, 0xFF, 0x15, 0xB8, 0xDF, 0x17, 0x04, 0x23, 0x58, 0x04, 0x8F, 0x93,
    0xE0, 0xC9, 0x28, 0x10, 0xFD, 0x64, 0xD9, 0x4B, 0x0B, 0xD8, 0x5A, 0xD1, 0x87, 0x8B, 0x82, 0x30,
    0x94, 0xFB, 0x3C, 0xE3, 0x6B, 0x72, 0x86, 0xFB, 0x53, 0x69, 0x81, 0x5D, 0xDD, 0x43, 0x4B, 0xA6,
    0xA8, 0xB5, 0x1E, 0xBA, 0xFD, 0x28, 0xAA, 0xE3, 0x7E, 0x53, 0xB9, 0x48, 0x02, 0x8C, 0xD8, 0x8A,
    0x8B, 0x60, 0x77, 0x7D, 0xB0, 0xA9, 0x60, 0x6B, 0x76, 0x19, 0x71, 0x41, 0x4E, 0x4E, 0x80, 0x65,
    0xBB, 0x1B, 0xC8, 0x30, 0xAD, 0xA0, 0x1E, 0xD7, 0x40, 0xF6, 0xF1, 0xEA, 0xD9, 0x9C, 0xFB, 0x48,
    0xF3, 0x35, 0xD2, 0x77, 0xB8, 0xC5, 0x48, 0xD7, 0xA4, 0x54, 0xD3, 0x03, 0x8E, 0x1D, 0x40, 0x46,
    0xE4, 0x34, 0x93, 0x84, 0x27, 0x01, 0x66, 0x11, 0x11, 0xFB, 0x72, 0x7B, 0x41, 0x96, 0x34, 0xF3,
    0x59, 0xDC, 0x7E, 0x68, 0x2F, 0x3E, 0xBF, 0x87, 0x88, 0x6A, 0x71, 0xA3, 0x28, 0xDA, 0x04, 0x3B,
    0xED, 0x47, 0x6E, 0x33, 0x94, 0x04, 0xFB, 0x82, 0x1F, 0xA9, 0xC3, 0xF7, 0x97, 0xE8, 0xB7, 0xA7,
    0xAC, 0xE6, 0x5F, 0xE7, 0x5D, 0x2A, 0xAE, 0x39, 0x6E, 0x99, 0x79, 0xCB, 0xD1, 0x05, 0x3B, 0x20,
    0x67, 0xFB, 0x82, 0xD1, 0x68, 0x38, 0xA7, 0xE0, 0xBF, 0x2B, 0x38, 0x28, 0x92, 0x42, 0x03, 0xA9,
    0x28, 0x28, 0xE8, 0x77, 0xC8, 0x05, 0x47, 0xD5, 0x8A, 0xAB, 0xDE, 0xE1, 0x8A, 0x28, 0x58, 0xFC,
    0x79, 0xF3, 0x0A, 0x94, 0x9A, 0xF4, 0x02, 0xD3, 0xD3, 0xA7, 0xA9, 0xCE, 0xCC, 0x08, 0xBD, 0xB6,
    0x7C, 0xD0, 0xEC, 0x15, 0x39, 0x66, 0x41, 0x50, 0x51, 0x60, 0x15, 0x6E, 0x40, 0x3D, 0xBA, 0x5E,
    0x31, 0x28, 0x66, 0x81, 0xA6, 0x8A, 0xD1, 0x70, 0xAA, 0xC7, 0x8C, 0x73, 0x3D, 0xA2, 0xA6, 0xA0,
    0x50, 0xE4, 0x82, 0xF7, 0x2D, 0x04, 0x12, 0x48, 0x3D, 0x92, 0xA9, 0x1E, 0x03, 0x63, 0x2D, 0xF6,
    0x3C, 0x72, 0x00, 0x5B, 0xF6, 0xE0, 0x95, 0xD9, 0xA2, 0xC7, 0xAE, 0xD8, 0xC5, 0xA3, 0x38, 0xBC,
    0x91, 0xB2, 0xE4, 0x82, 0xAA, 0xAF, 0x88, 0x0C, 0x05, 0x81, 0x15, 0x5F, 0x48, 0xA2, 0xA4, 0xA0,
    0x56, 0xB8, 0xB1, 0x10, 0x0C, 0x07, 0x44, 0x71, 0xE9, 0xB8, 0x30, 0x5A, 0x26, 0x46, 0xC3, 0x18,
    0x62, 0xC6, 0xD6, 0xC6, 0x5D, 0x3E, 0xA8, 0xFD, 0x3E, 0x15, 0x34, 0xC3, 0x2E, 0xA2, 0x6C, 0x35,
    0x3C, 0x0B, 0xCA, 0x49, 0x90, 0xC5, 0xEB, 0x8F, 0xA5, 0x5A, 0x7B, 0x28, 0x05, 0x8D, 0x46, 0xC0,
    0x30, 0xA0, 0x58, 0xEA, 0x51, 0x02, 0x28, 0x13, 0xB2, 0x61, 0x0B, 0xE1, 0xFA, 0xC3, 0x08, 0x1E,
    0x9B, 0xE5, 0x92, 0x4C, 0xBB, 0x11, 0xE5, 0x2F, 0xFA, 0x1B, 0x71, 0x5E, 0xD1, 0x24, 0x9C, 0xC1,
    0xCD, 0xB4, 0xFC, 0xEE, 0x3F, 0x5D, 0xFA, 0x07, 0x2C, 0xA6, 0x07, 0x52, 0x35, 0xEC, 0x30, 0x6B,
    0x35, 0xE8, 0x09, 0x47, 0xAF, 0xDD, 0xE2, 0xDA, 0x03, 0xCA, 0x97, 0x6C, 0xF1, 0x86, 0xBF, 0xCE,
    0xDE, 0x91, 0x8C, 0xCD, 0xC7, 0xF3, 0xA3, 0x27, 0x2B, 0x5F, 0x26, 0x64, 0x0B, 0xE6, 0x15, 0x59,
    0x20, 0x67, 0x43, 0x81, 0x53, 0x34, 0xCF, 0x2C, 0x40, 0xC8, 0x04, 0xCC, 0x89, 0x87, 0xFC, 0x68,
    0x7E, 0x54, 0x0A, 0x6C, 0x38, 0x35, 0xB4, 0x62, 0x7E, 0xA9, 0xD8, 0x57, 0x63, 0x46, 0x2F, 0x31,
    0x03, 0x39, 0x39, 0x6C, 0x8F, 0x0C, 0x76, 0x9D, 0xCF, 0xC7, 0x72, 0x46, 0x33, 0x64, 0x3D, 0x42,
    0xBF, 0x1F, 0x96, 0x27, 0xD0, 0x13, 0xA2, 0x82, 0x41, 0x9B, 0x30, 0xEF, 0x9A, 0xBA, 0xEB, 0x25,
    0x71, 0xBB, 0x11, 0x28, 0x3B, 0x08, 0xFE, 0x42, 0x90, 0x85, 0x56, 0x68, 0xA5, 0x7E, 0xBF, 0x11,
    0x34, 0xF4, 0x80, 0xBC, 0xA2, 0x00, 0x72, 0x2F, 0xB0, 0x07, 0x83, 0x2E, 0x0A, 0xCC, 0x78, 0x78,
    0x48, 0x50, 0x60, 0xC0, 0xAE, 0xBC, 0xB7, 0x1A, 0x55, 0xF3, 0x85, 0x06, 0x69, 0x48, 0x42, 0x97,
    0x33, 0xED, 0x36, 0x07, 0x0C, 0x08, 0x9D, 0x23, 0xD9, 0x35, 0x82, 0x7E, 0xC5, 0x9A, 0x4A, 0x36,
    0x44, 0xBC, 0x07, 0xEA, 0x84, 0x5F, 0x58, 0x2F, 0xF3, 0x85, 0x02, 0xE4, 0x2C, 0x46, 0xF9, 0xF0,
    0xD2, 0x5A, 0xC0, 0x9E, 0xAC, 0x05, 0x3C, 0x90, 0x2F, 0xFB, 0x3C, 0x94, 0xC5, 0xEB, 0x8F, 0xE5,
    0x39, 0x67, 0x7B, 0xEC, 0x67, 0xFB, 0xEB, 0x0E, 0xA3, 0xA0, 0x99, 0xCF, 0xE1, 0x46, 0x9C, 0xE3,
    0xED, 0x00, 0x04, 0x6C, 0xDB, 0xDF, 0xEB, 0x30, 0xEB, 0xB7, 0x29, 0xA1, 0x12, 0x29, 0x5A, 0x68,
    0x21, 0xA7, 0x83, 0x04, 0x11, 0xD4, 0x2F, 0x48, 0xF6, 0x2F, 0x66, 0x97, 0x55, 0xAE, 0xDC, 0x1E,
    0x99, 0xB7, 0xD9, 0xC7, 0x44, 0xED, 0xC5, 0xAF, 0xAC, 0xBF, 0xE7, 0xDE, 0x12, 0x7B, 0x45, 0x7D,
    0x5D, 0xBD, 0xF5, 0xF5, 0x0A, 0xB6, 0x47, 0x4B, 0xC5, 0xBF, 0x1F, 0xB1, 0x33, 0xC3, 0x5E, 0xEB,
    0x9D, 0x56, 0x23, 0xF0, 0x26, 0xBB, 0xFF, 0xC9, 0xC6, 0x6B, 0x1F, 0x10, 0x39, 0x27, 0xFA, 0x8A,
    0x4B, 0xE8, 0x6A, 0x92, 0x9D, 0x9B, 0x4B, 0xF6, 0x2E, 0x82, 0x7D, 0x33, 0x20, 0x0C, 0x61, 0x40,
    0x33, 0x84, 0xFE, 0x00, 0xAD, 0xEA, 0x89, 0x7E, 0xB7, 0xBE, 0xCB, 0x77, 0xEB, 0xBB, 0x92, 0xDB,
    0xE3, 0xD9, 0xB8, 0x75, 0xC1, 0x6C, 0xF1, 0xBE, 0xBA, 0x6A, 0x83, 0xA3, 0x0B, 0x2D, 0x7F, 0x9D,
    0x91, 0x7F, 0xC7, 0x44, 0x8D, 0x3C, 0x9A, 0x85, 0x7D, 0xC9, 0x17, 0xFB, 0xD6, 0xF8, 0x05, 0x25,
    0xAA, 0xFE, 0x78, 0x60, 0xAC, 0xF1, 0x95, 0x87, 0x81, 0x61, 0x0F, 0x03, 0x63, 0x6D, 0xD1, 0xDA,
    0xC0, 0x13, 0x1C, 0x35, 0x75, 0x3A, 0xDF, 0xD4, 0x17, 0x9F, 0xA8, 0xAE, 0x33, 0x96, 0x17, 0xFE,
    0x58, 0x72, 0xAD, 0x61, 0x84, 0xF6, 0x1D, 0x50, 0x68, 0x55, 0x20, 0x7E, 0x15, 0xF0, 0x76, 0xB8,
    0x11, 0xE7, 0x57, 0x3F, 0xF5, 0x5C, 0xBF, 0xF3, 0xB3, 0x9B, 0x8E, 0xFB, 0xC2, 0xA3, 0x12, 0xF6,
    0xA3, 0x14, 0xB8, 0xF2, 0x1A, 0xBF, 0xF6, 0x99, 0x33, 0x5B, 0x07, 0x5D, 0xB5, 0x64, 0x1C, 0x4C,
    0x2A, 0x18, 0xEB, 0xA9, 0xE2, 0x68, 0x27, 0xFB, 0xBF, 0x93, 0x1D, 0x9B, 0xCF, 0x13, 0xCC, 0xF5,
    0x64, 0x9F, 0x4C, 0x76, 0xAA, 0x19, 0xED, 0x68, 0xD8, 0xAD, 0xAB, 0x97, 0x30, 0x14, 0x67, 0x36,
    0x07, 0xCC, 0xEA, 0x00, 0x5A, 0x5E, 0x2D, 0xF2, 0x08, 0x28, 0xF6, 0xB9, 0xBD, 0xE9, 0x01, 0xBB,
    0xCF, 0xED, 0xFE, 0x25, 0xFF, 0xA6, 0x23, 0x44, 0xC3, 0x86, 0xA4, 0xE3, 0xB3, 0x34, 0xFC, 0x23,
    0xE6, 0x4B, 0xC1, 0xA7, 0xB9, 0x3D, 0x5C, 0x9D, 0xDB, 0x5F, 0x49, 0x7F, 0x76, 0x04, 0x9A, 0x74,
    0xC8, 0xED, 0x26, 0xB9, 0xA1, 0x1E, 0x4C, 0x2C, 0xDB, 0x42, 0x1D, 0xBD, 0xA2, 0xBE, 0xAE, 0xDE,
    0xCA, 0x7E, 0x25, 0xEF, 0x1F, 0xCE, 0x3D, 0x39, 0x8F, 0x27, 0x6F, 0xCA, 0x8F, 0xDE, 0xE9, 0x6F,
    0xBB, 0x5F, 0xA3, 0xE0, 0x68, 0xCF, 0x6B, 0x86, 0x1B, 0xCA, 0x05, 0x4D, 0x77, 0xF8, 0x2D, 0x9D,
    0xDF, 0xFD, 0x96, 0xEE, 0x97, 0x0E, 0xBF, 0xA5, 0xFB, 0xD7, 0x04, 0x48, 0x67, 0x3A, 0xBC, 0xDB,
    0x1C, 0xCE, 0x3C, 0x43, 0x43, 0xAB, 0xBB, 0x50, 0xCA, 0xED, 0x7D, 0xE1, 0xA8, 0x18, 0x14, 0x7E,
    0x75, 0xFE, 0xFC, 0xB8, 0x18, 0xE0, 0x1E, 0x6B, 0xB7, 0x7C, 0x96, 0x84, 0x23, 0xD9, 0xBA, 0x29,
    0xDF, 0xB6, 0x10, 0x7A, 0x41, 0x18, 0x04, 0xCD, 0x19, 0x04, 0x05, 0xFB, 0x4D, 0x59, 0x2F, 0xDB,
    0x0C, 0xA8, 0x29, 0x35, 0xFA, 0x42, 0x9C, 0x43, 0xB7, 0x1A, 0xCF, 0x42, 0xCB, 0xED, 0xDF, 0xBF,
    0xFF, 0x07, 0xCD, 0x9B, 0xBF, 0x92, 0xDD, 0xC8, 0x75, 0xC6, 0x3F, 0x00, 0x2B, 0x21, 0x80, 0xAB,
    0xB0, 0x81, 0x03, 0x57, 0xD1, 0x65, 0x38, 0x50, 0x6A, 0xE3, 0x05, 0xB4, 0x04, 0x48, 0x05, 0x0E,
    0x14, 0x48, 0xEF, 0xE1, 0x80, 0x89, 0x03, 0x05, 0xAA, 0x02, 0x96, 0x1B, 0x38, 0x65, 0xEE, 0xD7,
    0xD8, 0x40, 0x81, 0xBC, 0xC0, 0x72, 0x02, 0x06, 0x1B, 0x18, 0x36, 0x03, 0x06, 0x0C, 0x08, 0xD5,
    0xAE, 0x4B, 0x81, 0x02, 0xC2, 0x65, 0xB8, 0x16, 0x34, 0xBB, 0xF1, 0xB9, 0xCF, 0xB9, 0x7D, 0x81,
    0xFB, 0xCF, 0xA3, 0x3B, 0xE4, 0xCC, 0x5C, 0xF6, 0xD6, 0xF9, 0x55, 0x71, 0x81, 0x3E, 0x7D, 0xCE,
    0xD7, 0x3D, 0x40, 0x77, 0xA3, 0x2F, 0x0A, 0x1A, 0x1C, 0xE2, 0xA0, 0x24, 0xEC, 0x81, 0x94, 0x83,
    0x47, 0xC6, 0x11, 0xC8, 0x39, 0x6D, 0x6B, 0xBC, 0x76, 0x68, 0x5E, 0x58, 0x80, 0x57, 0x74, 0xF8,
    0x8A, 0x08, 0xF8, 0x98, 0x65, 0xC8, 0x80, 0x75, 0x44, 0xB0, 0x8D, 0x66, 0x87, 0x98, 0x64, 0x97,
    0x38, 0xF4, 0xA9, 0xC3, 0xA0, 0xC8, 0x26, 0x14, 0x63, 0x3E, 0x22, 0x9F, 0x8A, 0x01, 0x99, 0x71,
    0x48, 0x4D, 0xD5, 0x23, 0xB5, 0x4D, 0x87, 0x64, 0x0E, 0xC8, 0x1E, 0x0E, 0xC3, 0x0E, 0x0E, 0x4B,
    0x3E, 0x97, 0x88, 0xE4, 0x42, 0x4A, 0x1A, 0xE4, 0xE4, 0x8C, 0xA4, 0x4B, 0x88, 0x00, 0x11, 0x01,
    0xC5, 0x3F, 0x92, 0x88, 0xE9, 0x90, 0x09, 0x8A, 0x31, 0x72, 0xE8, 0x17, 0x0C, 0x09, 0xCB, 0x82,
    0x33, 0x87, 0x9C, 0x46, 0xA2, 0x1A, 0x9A, 0xC1, 0x85, 0x9D, 0xFB, 0x96, 0x7E, 0x8F, 0x2F, 0x10,
    0x58, 0x34, 0x00, 0x1F, 0xCF, 0x40, 0xB5, 0x51, 0x68, 0x02, 0x52, 0x91, 0x24, 0x64, 0x79, 0x59,
    0x85, 0x20, 0x25, 0xEC, 0x31, 0x22, 0x19, 0x23, 0x83, 0xC8, 0x24, 0x13, 0x42, 0x95, 0x89, 0xEC,
    0xA4, 0xF1, 0x1A, 0x48, 0xDE, 0xDD, 0xBD, 0x56, 0x92, 0xBE, 0x4F, 0xDD, 0x53, 0x15, 0x50, 0x09,
    0xBC, 0x06, 0x2A, 0x82, 0xA8, 0x30, 0xC3, 0xCB, 0xA0, 0x3A, 0x6C, 0x84, 0x80, 0x2A, 0x01, 0x95,
    0x02, 0xAA, 0x05, 0x54, 0x0C, 0xA8, 0x1A, 0x50, 0x25, 0x3C, 0x55, 0x10, 0xA8, 0x22, 0x50, 0x49,
    0x84, 0xA9, 0x81, 0x8A, 0x82, 0x45, 0x95, 0x60, 0x12, 0x26, 0x9D, 0xB0, 0x28, 0x95, 0x81, 0xB0,
    0x62, 0x09, 0x2F, 0x0C, 0x12, 0x7B, 0x3B, 0x9A, 0x3C, 0xDB, 0xD3, 0xA4, 0x12, 0x4D, 0x92, 0x41,
    0xB2, 0xAF, 0x1D, 0xAC, 0xB3, 0x70, 0x12, 0x57, 0xA3, 0x60, 0x76, 0x0C, 0x45, 0x0F, 0x09, 0x18,
    0xC1, 0x12, 0x64, 0x3A, 0x01, 0x92, 0x15, 0x9C, 0x5B, 0x87, 0xA6, 0x75, 0xA0, 0x54, 0xB5, 0x0E,
    0x81, 0x71, 0xC0, 0xE7, 0x72, 0xAF, 0x04, 0xDE, 0x70, 0x92, 0x98, 0xA9, 0xEA, 0xD4, 0xA9, 0x0D,
    0xD8, 0xE6, 0x13, 0x9A, 0xAE, 0x18, 0x50, 0x09, 0x7E, 0x86, 0x6A, 0x10, 0x1F, 0xFD, 0x75, 0xD0,
    0x5B, 0xF4, 0x66, 0xAD, 0xA6, 0x0E, 0xD4, 0x95, 0x3A, 0x15, 0xF7, 0xDA, 0x90, 0x6F, 0x12, 0x9F,
    0x41, 0xE2, 0x53, 0xED, 0xD4, 0x77, 0xE7, 0x20, 0x17, 0x42, 0x55, 0xC9, 0x38, 0x24, 0xA3, 0x8E,
    0xC5, 0x75, 0xB0, 0xC9, 0x45, 0xF6, 0x12, 0xE4, 0x24, 0xC2, 0x5A, 0x14, 0x63, 0x6C, 0x51, 0xF5,
    0x41, 0xE7, 0xAB, 0xB7, 0xC7, 0x90, 0x0B, 0xA2, 0x4C, 0x2F, 0x3A, 0x5B, 0xDF, 0x1F, 0xA4, 0xF1,
    0xA3, 0x5A, 0x7A, 0x6B, 0xD3, 0x31, 0xA9, 0x34, 0x9E, 0xB3, 0x07, 0x9A, 0xB7, 0x23, 0x02, 0xFE,
    0xD2, 0x20, 0xB2, 0xE1, 0x0C, 0x7C, 0x8D, 0xDF, 0x61, 0x29, 0x97, 0x13, 0x2C, 0xD5, 0x21, 0x3F,
    0x3B, 0x34, 0xAC, 0x11, 0xB0, 0xE9, 0x10, 0x5B, 0xF9, 0x4B, 0x19, 0xE5, 0x4F, 0xB4, 0x0B, 0x54,
    0xA7, 0x7B, 0xD2, 0xEA, 0x18, 0x9F, 0x8C, 0x42, 0xC7, 0xB8, 0x1F, 0x5D, 0xB4, 0x7C, 0x8D, 0xDF,
    0x20, 0xB2, 0xC1, 0x8C, 0x80, 0xFF, 0x60, 0x80, 0xEA, 0xAD, 0x3E, 0xB4, 0x3B, 0x3F, 0xB8, 0x22,
    0x5E, 0x5A, 0x21, 0x29, 0x3A, 0x54, 0x92, 0x31, 0x9E, 0x10, 0xDB, 0x6C, 0xD0, 0x81, 0xB4, 0x19,
    0x52, 0x28, 0xE6, 0xFB, 0x16, 0x2C, 0x2D, 0x93, 0x12, 0x45, 0x97, 0x77, 0xC8, 0xC6, 0xA6, 0x45,
    0x32, 0x53, 0x54, 0xB2, 0x00, 0x38, 0xF9, 0x07, 0x97, 0x16, 0xF2, 0x9D, 0x80, 0xB5, 0x60, 0x10,
    0x18, 0xB0, 0xCD, 0xAC, 0x43, 0x4C, 0x87, 0x48, 0x10, 0xB2, 0x64, 0x1B, 0xB0, 0x5E, 0xD0, 0x1E,
    0xC3, 0x5F, 0xF5, 0x37, 0x47, 0xF4, 0x0E, 0xD4, 0x15, 0x69, 0x16, 0xF7, 0xF5, 0xA6, 0x49, 0x20,
    0x31, 0x45, 0xBB, 0xC3, 0x5A, 0x59, 0x2A, 0xB1, 0xF2, 0x21, 0xD0, 0x24, 0x46, 0x62, 0xFF, 0xCE,
    0x31, 0xE5, 0x9F, 0x1C, 0x33, 0xD2, 0x31, 0x9F, 0x52, 0xC7, 0x62, 0x48, 0x6E, 0x44, 0xAD, 0xE5,
    0x3D, 0xA4, 0x7C, 0xBF, 0xF5, 0xEC, 0x5B, 0x49, 0xC8, 0x67, 0x82, 0x49, 0x40, 0x45, 0x9B, 0x98,
    0x80, 0x9D, 0xBB, 0x58, 0x49, 0xFD, 0x42, 0x90, 0x8F, 0x0E, 0xD9, 0xD4, 0x70, 0x12, 0x98, 0xCC,
    0xAC, 0x90, 0x0B, 0x8A, 0xC9, 0x43, 0x6E, 0xF6, 0xD5, 0xAA, 0x41, 0x5D, 0xA9, 0x53, 0xC1, 0xD2,
    0xD0, 0x33, 0x6C, 0x7A, 0x37, 0x24, 0xCD, 0x0E, 0x02, 0xB9, 0xBC, 0xF6, 0x7D, 0xF3, 0x4C, 0x14,
    0x9D, 0xD8, 0xA6, 0xB4, 0x6C, 0x73, 0xF1, 0x52, 0x4C, 0x11, 0xDB, 0x6A, 0x00, 0xDB, 0xA6, 0x17,
    0x74, 0x27, 0xD0, 0xC3, 0xDF, 0x52, 0x4C, 0xA1, 0xAF, 0x26, 0x0E, 0xC4, 0x95, 0x77, 0x1A, 0x71,
    0xDF, 0xB0, 0x53, 0x2A, 0x72, 0xDE, 0x31, 0x5B, 0xF5, 0xC0, 0x49, 0x23, 0xCD, 0xAE, 0x5D, 0x73,
    0x9F, 0xDD, 0xF5, 0x09, 0x72, 0xC0, 0x21, 0x0E, 0xCA, 0x83, 0xB9, 0xDC, 0x5C, 0x88, 0x48, 0x8B,
    0x94, 0x24, 0xB2, 0x29, 0x64, 0x5D, 0x68, 0x56, 0x3D, 0x9A, 0xB6, 0x90, 0xAC, 0x2A, 0x87, 0x4E,
    0xA1, 0x83, 0x7B, 0x83, 0x01, 0x7F, 0x85, 0xCC, 0xE0, 0x5F, 0xB5, 0x5A, 0x19, 0x09, 0x20, 0x5E,
    0xF0, 0x60, 0xA3, 0x3A, 0xE2, 0x36, 0xEA, 0xD3, 0x3E, 0x19, 0x93, 0x31, 0x1B, 0x62, 0xB2, 0x0B,
    0x37, 0x23, 0x14, 0xC8, 0xA6, 0xFB, 0x11, 0x40, 0x4A, 0x38, 0x60, 0x42, 0x34, 0x85, 0x16, 0x91,
    0x8D, 0xB5, 0xE3, 0x47, 0xA0, 0x61, 0x0F, 0x14, 0x6C, 0x81, 0xD8, 0xDE, 0xBD, 0x14, 0x99, 0x39,
    0xB4, 0xFB, 0x1B, 0x03, 0xC9, 0x0C, 0x1C, 0xE3, 0x7E, 0xC6, 0x80, 0x04, 0xB0, 0x0F, 0xAB, 0x41,
    0x5E, 0x03, 0xD2, 0x1C, 0xE0, 0xCF, 0xD7, 0xB0, 0x87, 0x0D, 0xF9, 0x89, 0x66, 0xDA, 0x3A, 0x14,
    0xAA, 0xF2, 0x67, 0x0E, 0x0D, 0xB7, 0xD3, 0xDE, 0x07, 0xD3, 0x9D, 0x25, 0xAD, 0x53, 0xFE, 0x1A,
    0x70, 0x17, 0x81, 0x70, 0x74, 0x88, 0xC6, 0xCF, 0x1D, 0x38, 0xED, 0x4C, 0x77, 0xA5, 0x44, 0x6D,
    0xD8, 0xA5, 0x43, 0x32, 0x26, 0xA6, 0x18, 0xF4, 0xC1, 0x40, 0x02, 0x85, 0xBD, 0xDF, 0xBF, 0x0D,
    0x0C, 0x18, 0x11, 0x99, 0xC8, 0x20, 0x64, 0x3A, 0xA9, 0x1E, 0xFE, 0xCF, 0x22, 0x13, 0x9D, 0xE2,
    0x7B, 0x1A, 0x27, 0x88, 0x2D, 0xB4, 0x49, 0xDF, 0x38, 0x39, 0x68, 0x40, 0x1A, 0x9A, 0x04, 0x39,
    0x9C, 0x08, 0x63, 0xDC, 0x0D, 0xC3, 0x44, 0x2C, 0x8B, 0x21, 0x60, 0x2B, 0xB1, 0xD4, 0x55, 0x8F,
    0x5F, 0xFB, 0xC9, 0x46, 0xB7, 0x85, 0x84, 0xD4, 0xAE, 0x68, 0xBA, 0xC2, 0xA1, 0x47, 0xD5, 0x56,
    0x8A, 0xC1, 0xA1, 0x18, 0xC1, 0x36, 0x37, 0xCE, 0x4B, 0xEA, 0x5F, 0x23, 0x55, 0x1B, 0xD2, 0x54,
    0x2D, 0x9E, 0xF4, 0x0E, 0xC9, 0x26, 0x48, 0x87, 0x6A, 0x13, 0x64, 0x8F, 0x68, 0xCE, 0x26, 0xC4,
    0x53, 0x64, 0x10, 0xF4, 0xFB, 0x41, 0xEA, 0xB3, 0xFF, 0xFA, 0x17, 0x8A, 0xA2, 0x5B, 0xD0, 0x1F,
    0xBC, 0x50, 0xA2, 0xF5, 0x85, 0xE2, 0x5D, 0xA9, 0x53, 0x00, 0x82, 0x80, 0x75, 0xD8, 0x45, 0x2C,
    0x13, 0xBF, 0x1E, 0x33, 0x48, 0xB4, 0xF3, 0x9E, 0x88, 0x38, 0xE7, 0x3F, 0xF6, 0x2E, 0x28, 0xE7,
    0xB2, 0x62, 0x8F, 0xFF, 0xFF, 0x15, 0xBB, 0xFD, 0x24, 0xE4, 0x4C, 0x88, 0xD3, 0xB8, 0xFC, 0x98,
    0x4C, 0x2D, 0x70, 0x12, 0x9F, 0xC8, 0x48, 0xBC, 0x94, 0x2E, 0x6B, 0x49, 0x54, 0x12, 0x23, 0x98,
    0x04, 0x83, 0xA0, 0x17, 0x74, 0x02, 0xBD, 0xB5, 0x10, 0x34, 0x82, 0xD9, 0x59, 0x20, 0x88, 0x04,
    0xB1, 0x15, 0x07, 0x9F, 0x90, 0x9C, 0xD9, 0x08, 0x54, 0x16, 0x20, 0x11, 0x49, 0xD6, 0xA6, 0xE8,
    0xD3, 0x21, 0x1D, 0xE2, 0x36, 0x5A, 0x52, 0x16, 0x97, 0x67, 0xD9, 0x41, 0x39, 0xB7, 0x9E, 0x06,
    0x19, 0x4A, 0x44, 0x31, 0x27, 0x20, 0x7B, 0x3F, 0x03, 0xC5, 0x1F, 0x58, 0xA2, 0xA9, 0xAB, 0x16,
    0x7F, 0x87, 0xBF, 0x59, 0x03, 0x39, 0x03, 0x4D, 0x0D, 0xBE, 0xE0, 0x00, 0xBE, 0xA1, 0x01, 0x49,
    0x0B, 0x0E, 0xE9, 0x0C, 0x76, 0x7E, 0x7D, 0xF4, 0x81, 0x48, 0x65, 0x55, 0xB0, 0x82, 0xFB, 0xA5,
    0x71, 0x36, 0x1F, 0xDC, 0x92, 0x92, 0x3C, 0x84, 0x5C, 0xB8, 0x31, 0x80, 0x86, 0xDC, 0xC7, 0xBC,
    0xBF, 0xB2, 0x4F, 0x26, 0x87, 0x8A, 0x48, 0x2D, 0x37, 0xA3, 0xB7, 0x4B, 0x09, 0xF6, 0xA9, 0x45,
    0xA5, 0x5E, 0x3E, 0x14, 0xE1, 0x8C, 0x32, 0x55, 0x6F, 0x1C, 0x62, 0x67, 0x01, 0x9C, 0xBA, 0xBE,
    0x34, 0xE4, 0xBC, 0x35, 0x9D, 0x31, 0xE5, 0x13, 0x3E, 0xC6, 0xC4, 0xC7, 0xAE, 0xCF, 0x60, 0x2E,
    0xCB, 0xE4, 0x74, 0xDB, 0x20, 0xA7, 0xC5, 0x1A, 0x1D, 0x33, 0xE7, 0x59, 0x43, 0x5A, 0x92, 0xF3,
    0xD6, 0x4E, 0x2F, 0xA5, 0xEE, 0x27, 0xBF, 0xD3, 0x6D, 0xDF, 0x6E, 0x7E, 0x00, 0x90, 0x6C, 0x56,
    0x4C, 0x43, 0x7A, 0xB4, 0x62, 0x1A, 0xEF, 0x25, 0xCF, 0xDD, 0x55, 0xDB, 0x71, 0x0C, 0xD3, 0xAD,
    0xE6, 0xAB, 0xED, 0xAD, 0x90, 0x50, 0x34, 0xA6, 0xDB, 0x84, 0x3A, 0xDD, 0x6B, 0x68, 0xD9, 0x86,
    0xCE, 0x96, 0xD5, 0x41, 0x73, 0xBC, 0x3A, 0x38, 0xED, 0xEF, 0xA0, 0xD7, 0x77, 0xD1, 0x08, 0x90,
    0xDD, 0x14, 0x1A, 0x90, 0x88, 0xB1, 0xE0, 0xE4, 0xEA, 0x45, 0x40, 0x87, 0x42, 0xE2, 0x4B, 0xDE,
    0x9D, 0xEE, 0xCE, 0x7B, 0xFA, 0x53, 0xB8, 0xAD, 0xEE, 0x2F, 0x86, 0x90, 0xF5, 0xC7, 0x00, 0xD8,
    0xC7, 0xE7, 0x0E, 0x0F, 0xDC, 0x85, 0x52, 0x16, 0x54, 0x65, 0x6E, 0x62, 0x22, 0x15, 0x3D, 0x63,
    0xD2, 0xF8, 0x6F, 0x66, 0xD9, 0x5C, 0x82, 0x7D, 0xCC, 0x43, 0xC3, 0x4E, 0x69, 0xBA, 0x78, 0xBE,
    0x0D, 0x03, 0xB6, 0x96, 0x58, 0x90, 0x62, 0xC6, 0xD9, 0xE8, 0xAC, 0x46, 0x48, 0x00, 0x89, 0x2E,
    0xB4, 0x24, 0xAE, 0xE2, 0xED, 0x04, 0xF0, 0x9F, 0x2D, 0x82, 0x39, 0x20, 0xF0, 0x1B, 0xF7, 0xDF,
    0x5A, 0x42, 0x92, 0x87, 0x00, 0xA2, 0x8F, 0x43, 0xDE, 0x3A, 0x34, 0x92, 0x7A, 0x31, 0xA6, 0x33,
    0x72, 0x09, 0x2E, 0xF5, 0x13, 0xB5, 0x0E, 0x78, 0x62, 0xB1, 0x89, 0x3D, 0x65, 0xA9, 0x0B, 0x86,
    0x86, 0x4E, 0xD9, 0xD4, 0x44, 0x26, 0xB2, 0xBA, 0x68, 0xF4, 0x85, 0x9C, 0xF7, 0x0C, 0xF1, 0xC7,
    0x5B, 0x73, 0xA0, 0x55, 0xD3, 0x81, 0x5D, 0xD3, 0x45, 0xAC, 0x9B, 0x2E, 0xA1, 0x6E, 0x14, 0x3B,
    0x14, 0x93, 0x43, 0x33, 0x38, 0xB0, 0x43, 0xF3, 0x52, 0xEE, 0x7B, 0x45, 0xA0, 0x79, 0x63, 0x1D,
    0x68, 0x04, 0x56, 0x40, 0x81, 0x5C, 0x9D, 0x25, 0x8B, 0x91, 0x3D, 0x9A, 0xBE, 0x1A, 0xB6, 0x0E,
    0x32, 0x23, 0xFE, 0x66, 0x87, 0x98, 0x0E, 0x91, 0xCC, 0xD9, 0x02, 0x69, 0x0D, 0x1C, 0xB0, 0x96,
    0x74, 0x9D, 0x44, 0x8E, 0xFB, 0x93, 0xC8, 0xD6, 0x21, 0x6B, 0xCF, 0x9C, 0xED, 0x44, 0x2C, 0xD9,
    0xA6, 0xB3, 0xCE, 0x02, 0x1D, 0xD8, 0x83, 0xCF, 0x59, 0x83, 0xDF, 0x11, 0xE0, 0x1B, 0xE3, 0xC0,
    0x51, 0x60, 0x04, 0x74, 0xF8, 0x91, 0x25, 0xF8, 0xEF, 0x6C, 0xE1, 0xE2, 0x1A, 0xB6, 0xD5, 0x32,
    0xE3, 0x90, 0x52, 0xFD, 0xE9, 0x96, 0x70, 0x87, 0xB5, 0x64, 0x93, 0x60, 0x74, 0xC8, 0x07, 0x41,
    0x27, 0x68, 0x1D, 0x8A, 0x5A, 0x70, 0x6D, 0x18, 0x2F, 0x08, 0xF0, 0xDF, 0x4E, 0x84, 0xF1, 0x7E,
    0x0D, 0x83, 0x4B, 0x18, 0xF9, 0x71, 0x18, 0x25, 0x10, 0x8C, 0x9B, 0x31, 0x16, 0xDB, 0x8D, 0x60,
    0x99, 0x8C, 0xEE, 0x0E, 0xA8, 0x6A, 0x67, 0xFE, 0xF3, 0x19, 0xDB, 0x5B, 0x36, 0xD2, 0xEC, 0xDA,
    0xE6, 0x0B, 0xE1, 0x43, 0xBF, 0x9A, 0xD0, 0xBD, 0x5F, 0x20, 0xB2, 0x40, 0x32, 0x6D, 0xFA, 0x2E,
    0x96, 0xF1, 0x3C, 0xEE, 0x19, 0xB2, 0x8F, 0xB7, 0x86, 0x9C, 0x77, 0xED, 0xEE, 0xF3, 0xF4, 0xA5,
    0x10, 0x91, 0x7B, 0xA0, 0x6A, 0xBD, 0xD0, 0x25, 0xD0, 0x00, 0xF8, 0x06, 0xF7, 0x92, 0x27, 0xB6,
    0x25, 0x1F, 0x9D, 0xF9, 0x58, 0x8A, 0xD6, 0x5B, 0xE9, 0x0C, 0xDA, 0xEB, 0x6C, 0x59, 0x3B, 0x2B,
    0x9D, 0x81, 0xDF, 0xCE, 0xCE, 0xAC, 0x33, 0x73, 0x6B, 0x7A, 0x34, 0x1C, 0xAB, 0x41, 0xD0, 0x0B,
    0x5A, 0x85, 0x8B, 0xB7, 0xAA, 0x05, 0xA5, 0x00, 0x0E, 0xF8, 0x78, 0x48, 0xD2, 0x87, 0x38, 0x3F,
    0xF0, 0x62, 0x3A, 0xB4, 0x73, 0x92, 0x3B, 0x79, 0x3A, 0x25, 0x3D, 0x1B, 0xF9, 0x74, 0x1A, 0xC7,
    0x37, 0x17, 0x24, 0x0F, 0x91, 0xCC, 0xC0, 0x99, 0xF8, 0xB5, 0xC3, 0x83, 0x1E, 0x09, 0xE9, 0xF1,
    0x64, 0x33, 0x7D, 0xFC, 0x01, 0xE0, 0x0C, 0x8F, 0x7F, 0x39, 0x55, 0x97, 0x64, 0x7B, 0x80, 0x1B,
    0x8C, 0xDE, 0xDF, 0x22, 0xA3, 0x41, 0x4E, 0xF3, 0x53, 0x72, 0xCC, 0x39, 0xA3, 0xE0, 0x88, 0xE2,
    0xED, 0x88, 0x9F, 0xFD, 0xB9, 0xD1, 0xBB, 0x3C, 0x2D, 0xAA, 0x9D, 0xA7, 0xC5, 0x0C, 0x24, 0x06,
    0x48, 0x07, 0x7F, 0x2C, 0xA1, 0x04, 0x87, 0x80, 0x9C, 0x9C, 0x19, 0x6F, 0xB3, 0x33, 0x6E, 0xED,
    0x4B, 0xB2, 0xFA, 0x76, 0x63, 0x4F, 0xFE, 0x40, 0xFE, 0xEA, 0xBF, 0x36, 0xF6, 0xCB, 0xFF, 0x21,
    0x7F, 0x61, 0x37, 0xF6, 0x98, 0x64, 0xB9, 0xB5, 0xC6, 0x59, 0xE1, 0x2D, 0x77, 0x96, 0xF2, 0x38,
    0x8E, 0xE3, 0xA7, 0x16, 0xFC, 0xA2, 0x59, 0xD6, 0xCC, 0xB2, 0x64, 0x26, 0x69, 0x65, 0xC1, 0xCC,
    0x2E, 0x26, 0xDB, 0xE8, 0x66, 0x76, 0xD7, 0xF9, 0x9C, 0xF1, 0x54, 0xB8, 0xA5, 0x5C, 0xCE, 0x6A,
    0x4B, 0x4A, 0xD4, 0x46, 0x9D, 0x6C, 0x98, 0xC8, 0xC6, 0xC9, 0xB2, 0xE9, 0x5E, 0xD9, 0x65, 0x79,
    0x75, 0xE7, 0x9A, 0x9C, 0xB1, 0xF1, 0x7F, 0xAB, 0x7D, 0x5C, 0x02, 0xD0, 0x56, 0x67, 0x81, 0x15,
    0x98, 0x05, 0xA3, 0x20, 0xE0, 0xE3, 0xD9, 0xE1, 0x57, 0x6C, 0x03, 0x56, 0xEC, 0x02, 0x52, 0x44,
    0xE8, 0x2A, 0x87, 0x3A, 0x77, 0x28, 0xB3, 0xF1, 0x03, 0xF1, 0x61, 0x62, 0xBE, 0xF3, 0x62, 0xCE,
    0x67, 0x88, 0x19, 0xAE, 0xD6, 0x50, 0x27, 0x8E, 0xCE, 0x26, 0x67, 0xDD, 0xED, 0x0D, 0xAC, 0x1D,
    0xCB, 0x49, 0x14, 0xB4, 0xCE, 0x26, 0x67, 0xDD, 0x39, 0x07, 0x06, 0x7F, 0xCA, 0x67, 0x40, 0x45,
    0x8B, 0x60, 0xFB, 0xD9, 0xA3, 0x4D, 0x5C, 0xA0, 0xBD, 0x6E, 0xD8, 0x64, 0x13, 0xF2, 0x31, 0x1F,
    0x91, 0x4D, 0x85, 0x83, 0x59, 0xCF, 0xB5, 0x1D, 0x23, 0x33, 0x7A, 0x8B, 0xDE, 0xAC, 0xD5, 0xD4,
    0x81, 0xBA, 0x52, 0xA7, 0xEA, 0x5E, 0x1B, 0xD2, 0x26, 0xCF, 0xFD, 0xF2, 0x1B, 0x90, 0x23, 0xE2,
    0x65, 0x6B, 0x36, 0x5F, 0xBE, 0xE6, 0x54, 0x3D, 0x1A, 0x99, 0x05, 0x57, 0xFD, 0x01, 0xF4, 0x82,
    0xDE, 0xA2, 0x37, 0x6B, 0x35, 0x75, 0xA0, 0xAE, 0xD4, 0xE9, 0xF6, 0xC0, 0xE0, 0x43, 0xC0, 0xC5,
    0x07, 0xF0, 0x11, 0x55, 0x03, 0x7F, 0x0A, 0x2E, 0x95, 0x58, 0x02, 0x96, 0x17, 0x56, 0x68, 0xF9,
    0x46, 0x12, 0x4F, 0xA1, 0x39, 0xE7, 0x1B, 0xC9, 0x1D, 0x6A, 0x15, 0x75, 0x69, 0x89, 0xD8, 0xE4,
    0x03, 0xD2, 0xA9, 0xE8, 0x91, 0x0D, 0x4D, 0x8D, 0xA2, 0x15, 0xD5, 0x1E, 0x1B, 0xE0, 0xEF, 0xF1,
    0xF5, 0x85, 0xB5, 0xFA, 0x09, 0xFE, 0x16, 0x48, 0xBB, 0x87, 0x25, 0xF2, 0xA1, 0x69, 0x51, 0x74,
    0x2C, 0xD1, 0x3C, 0xB5, 0x00, 0xE3, 0x09, 0x81, 0x49, 0x06, 0xE0, 0x9F, 0x82, 0xF6, 0x8E, 0xB5,
    0x72, 0xD8, 0x4E, 0xB6, 0x22, 0x3A, 0x24, 0x0E, 0x36, 0x35, 0xE9, 0xE8, 0x82, 0x72, 0x28, 0x7A,
    0x41, 0xE7, 0x50, 0x09, 0x9A, 0x76, 0x03, 0x9A, 0x63, 0xF8, 0x5B, 0x0A, 0x45, 0xBF, 0x75, 0xA0,
    0xAE, 0xD4, 0x69, 0xC4, 0x6D, 0x43, 0xDA, 0x64, 0x30, 0xE3, 0x9B, 0x32, 0xE1, 0x0B, 0x76, 0x19,
    0xC9, 0xA1, 0xB8, 0xE2, 0x57, 0x53, 0x51, 0x32, 0x30, 0x15, 0x08, 0xAB, 0x68, 0x40, 0xEE, 0x03,
    0xA8, 0x14, 0x25, 0xF1, 0xAC, 0x78, 0xCE, 0xA7, 0xA6, 0x20, 0x39, 0xA9, 0x03, 0x71, 0xD5, 0x07,
    0x73, 0xD0, 0x6C, 0xBB, 0xFF, 0xA1, 0xA0, 0xEA, 0x96, 0x0F, 0x00, 0xE5, 0xF6, 0xF3, 0x83, 0xD9,
    0xAE, 0x35, 0x93, 0xDE, 0x01, 0x25, 0x50, 0x91, 0xA5, 0x60, 0x10, 0x18, 0x01, 0x5D, 0xCD, 0x58,
    0x10, 0xB1, 0xAC, 0x3A, 0x27, 0xDD, 0x0A, 0xFF, 0xFF, 0xE4, 0x2A, 0xC9, 0xA5, 0xC6, 0x28, 0x68,
    0x5D, 0x0D, 0x45, 0xD3, 0x3B, 0xF8, 0x43, 0x58, 0x0E, 0x99, 0x71, 0x48, 0xED, 0x81, 0xD3, 0xD6,
    0x9F, 0x7B, 0x4C, 0xEB, 0xED, 0xC2, 0xB2, 0xE8, 0x97, 0x70, 0x01, 0x44, 0x56, 0xC2, 0x9D, 0x1C,
    0x82, 0x61, 0xD9, 0x86, 0xEA, 0xAA, 0xBA, 0xE1, 0x7F, 0xD0, 0xE1, 0x95, 0x8B, 0x85, 0x6F, 0x58,
    0xA3, 0x79, 0x2B, 0xB0, 0x72, 0x79, 0x3D, 0x23, 0xD6, 0x5D, 0x03, 0x8D, 0xB9, 0xD9, 0xC3, 0x05,
    0x35, 0x58, 0xCA, 0xFA, 0x3D, 0x29, 0x1B, 0x04, 0xBD, 0x60, 0x59, 0x6A, 0xE7, 0xE5, 0x5D, 0xA6,
    0xBF, 0x96, 0xDD, 0x83, 0x6C, 0xF5, 0xD1, 0x8B, 0x3E, 0x58, 0x6E, 0x95, 0x19, 0x07, 0x64, 0xCA,
    0x81, 0x44, 0x9E, 0x31, 0x21, 0xA5, 0x0A, 0x09, 0x9D, 0x76, 0xAC, 0xF3, 0x8E, 0xCB, 0x0A, 0xAB,
    0x1F, 0xD0, 0x63, 0x13, 0x19, 0x44, 0xFE, 0x28, 0x42, 0xEF, 0x3F, 0xB4, 0x67, 0x3C, 0xFC, 0x0A,
    0x77, 0xF7, 0xEA, 0xA6, 0xF5, 0x56, 0x98, 0x62, 0x58, 0xFE, 0x38, 0xEB, 0xDD, 0xD1, 0x1E, 0x4E,
    0xFE, 0x28, 0xB2, 0x9E, 0x60, 0x08, 0x48, 0x8B, 0x98, 0xFE, 0x83, 0x4E, 0x9D, 0x3B, 0x6F, 0x52,
    0xF3, 0xAF, 0x05, 0xF0, 0x30, 0x0E, 0x39, 0xFF, 0x53, 0x12, 0xE2, 0x0F, 0x48, 0xC8, 0x19, 0x21,
    0x45, 0xF2, 0x9C, 0x6C, 0xC5, 0x8D, 0x34, 0xA2, 0xF0, 0xA1, 0xA7, 0xD0, 0x73, 0x15, 0x4E, 0xA1,
    0x46, 0xEE, 0x2B, 0xFC, 0x71, 0xC4, 0x51, 0x3F, 0x06, 0x9E, 0x17, 0xA9, 0x71, 0x08, 0x46, 0x48,
    0x59, 0x23, 0x35, 0x1A, 0x69, 0xE9, 0xBF, 0xC6, 0xE2, 0xF7, 0xC8, 0x46, 0x7C, 0x86, 0xCC, 0x8A,
    0x37, 0xCE, 0xA5, 0x5C, 0x9D, 0xE4, 0x3E, 0xCA, 0xE3, 0x9F, 0xA5, 0xEE, 0xAE, 0x86, 0x12, 0x4B,
    0x26, 0x1D, 0x5F, 0x70, 0x33, 0x03, 0x9B, 0xF5, 0x3E, 0x1F, 0x4B, 0x3C, 0x6B, 0xE5, 0x12, 0x3A,
    0x31, 0x42, 0xB3, 0x39, 0xC0, 0x61, 0xA0, 0xFB, 0x85, 0x18, 0xF0, 0x35, 0x96, 0x72, 0x39, 0xC1,
    0xCE, 0x0A, 0xF2, 0xEE, 0xB5, 0xF2, 0x9E, 0xE7, 0x13, 0xE9, 0xFF, 0xC5, 0xC9, 0xF4, 0x53, 0xBF,
    0x96, 0xF6, 0xEF, 0x7D, 0x3C, 0x38, 0x4E, 0xFF, 0x33, 0x4D, 0xBF, 0x04, 0xBB, 0xE2, 0x87, 0xE8,
    0x20, 0xFD, 0xC9, 0x9F, 0x93, 0x0D, 0x45, 0xA4, 0xC8, 0xF9, 0x43, 0x50, 0xB5, 0x7E, 0x03, 0x33,
    0x7D, 0xE2, 0x90, 0xB3, 0x15, 0x71, 0xCE, 0x4C, 0xFA, 0x7F, 0xCF, 0x4D, 0x9A, 0x72, 0x9F, 0x01,
    0x2A, 0x3E, 0x3B, 0xAB, 0x71, 0x2D, 0xD2, 0x0B, 0x91, 0x09, 0x2D, 0x42, 0x26, 0x46, 0xFB, 0xC8,
    0xF7, 0x56, 0x4A, 0xED, 0xC1, 0x4B, 0x8F, 0xA1, 0xF3, 0x83, 0xBC, 0xF3, 0x81, 0x54, 0x90, 0x34,
    0x07, 0x90, 0x5A, 0xB8, 0x6B, 0xAC, 0x25, 0x64, 0x29, 0x00, 0x10, 0xCD, 0x02, 0xB3, 0x60, 0x14,
    0x68, 0x0F, 0x5C, 0x07, 0x91, 0xB8, 0x5E, 0x51, 0x09, 0xF4, 0xC2, 0xCD, 0x90, 0x4B, 0xB5, 0x4C,
    0x90, 0x08, 0x02, 0xC1, 0xE1, 0x6B, 0xB2, 0xD9, 0x7F, 0x4D, 0x72, 0x7F, 0x3D, 0x2C, 0xE5, 0xE7,
    0xF8, 0x02, 0x20, 0x08, 0x34, 0x57, 0xB3, 0x5F, 0xCE, 0xE9, 0x62, 0x25, 0x66, 0xB7, 0xAE, 0x58,
    0x2E, 0x28, 0xFB, 0x92, 0x48, 0x31, 0x6C, 0x50, 0x0B, 0xE0, 0x40, 0xC1, 0x7C, 0xD7, 0x9A, 0xDE,
    0x3C, 0xF3, 0x88, 0xF4, 0xBF, 0xE6, 0x5A, 0xF1, 0x01, 0x99, 0xE7, 0x03, 0x4E, 0xE3, 0xCC, 0x7C,
    0x53, 0xD2, 0xEC, 0x20, 0x11, 0x9C, 0x33, 0x86, 0x9A, 0xFA, 0x73, 0x49, 0x61, 0x14, 0x18, 0x04,
    0x02, 0x94, 0x79, 0x8F, 0xB5, 0xE8, 0x8A, 0xE5, 0xEE, 0x90, 0x9B, 0xC8, 0xAF, 0x85, 0xB6, 0x4F,
    0xAE, 0x49, 0x22, 0xAD, 0x11, 0xCE, 0x9A, 0x55, 0xEB, 0xCF, 0x5B, 0xF4, 0xC1, 0xBA, 0x9A, 0xC0,
    0x8D, 0x37, 0x89, 0xBA, 0x98, 0xCD, 0x90, 0x52, 0x94, 0x2B, 0xF8, 0x23, 0x53, 0xBE, 0x64, 0x38,
    0x47, 0x3C, 0x63, 0x13, 0xE1, 0x52, 0xE9, 0x9F, 0x3E, 0x8E, 0x71, 0xCB, 0xE9, 0xAF, 0xA7, 0x28,
    0xAF, 0xD9, 0x21, 0xB8, 0xB0, 0x10, 0xFE, 0xCC, 0x48, 0x97, 0x9D, 0x3A, 0x33, 0x92, 0x8F, 0xB7,
    0x2B, 0x48, 0x38, 0xED, 0x9D, 0xD2, 0xFD, 0x26, 0xE9, 0x01, 0x1B, 0x0F, 0x1E, 0xFA, 0xCF, 0x8A,
    0x9D, 0x0F, 0x2C, 0x7E, 0x77, 0x69, 0x69, 0x34, 0x1E, 0x8B, 0x80, 0x12, 0x79, 0x51, 0x47, 0x63,
    0xD6, 0x46, 0x83, 0xB3, 0x29, 0xAF, 0x03, 0x12, 0xBA, 0x54, 0xC8, 0x7E, 0xB8, 0xFD, 0x31, 0x83,
    0xB4, 0xFC, 0x02, 0xC8, 0xF4, 0x19, 0xDD, 0xB3, 0x46, 0xF5, 0x7C, 0x06, 0x18, 0x19, 0x04, 0x36,
    0x19, 0x80, 0xDF, 0x85, 0xDD, 0x85, 0x85, 0xF9, 0x4B, 0x38, 0x14, 0x8F, 0x26, 0x79, 0xD1, 0x11,
    0x90, 0xDF, 0x7C, 0x85, 0x73, 0x3A, 0x22, 0x32, 0x59, 0x8F, 0x64, 0xC8, 0x5B, 0x04, 0x5D, 0x0C,
    0x2C, 0xCA, 0x7C, 0x28, 0x44, 0x25, 0x88, 0x4C, 0x10, 0x9D, 0x20, 0x42, 0x41, 0x94, 0x82, 0x48,
    0x75, 0xAF, 0xE9, 0xDB, 0x25, 0xFD, 0x0E, 0x8E, 0xCE, 0x82, 0x69, 0x3B, 0x41, 0x49, 0xFA, 0xD2,
    0x41, 0xDF, 0xF3, 0x82, 0xA0, 0xA9, 0xEF, 0x2A, 0xE9, 0x70, 0x06, 0x10, 0x8E, 0xEB, 0xD9, 0x1E,
    0xC1, 0x4F, 0x04, 0x2C, 0x77, 0x4E, 0x3C, 0x07, 0x2C, 0xFD, 0x9C, 0x23, 0xDD, 0x4C, 0x2C, 0x8D,
    0x9F, 0x91, 0x10, 0x04, 0x7E, 0x8B, 0x9F, 0x63, 0x2D, 0x8D, 0xBC, 0x0A, 0x14, 0x55, 0x8B, 0xD0,
    0xEE, 0x82, 0xBF, 0xB0, 0xD5, 0xB7, 0xFC, 0xCA, 0x14, 0xCF, 0x37, 0xB8, 0x32, 0xC5, 0xD5, 0x0E,
    0x5E, 0x3A, 0xFC, 0xC9, 0xE1, 0xD5, 0xEB, 0xEF, 0x4D, 0xF1, 0xFA, 0xD5, 0xF7, 0x26, 0x7F, 0x7D,
    0xF5, 0xDF, 0x53, 0xFE, 0xE6, 0xEA, 0x47, 0x8F, 0xB7, 0x57, 0xEF, 0xA7, 0x8C, 0x4F, 0x39, 0x7A,
    0x3C, 0xF2, 0x48, 0x09, 0x0E, 0x37, 0x0B, 0xB2, 0x64, 0x39, 0x37, 0x8F, 0xF8, 0x68, 0xAE, 0xBE,
    0xE4, 0x97, 0xB6, 0x7A, 0xCA, 0x6F, 0x05, 0xCF, 0xAD, 0x0B, 0xE3, 0xB9, 0x84, 0x21, 0x78, 0xED,
    0x62, 0x79, 0xF1, 0xEA, 0xA5, 0xC9, 0x5F, 0x5C, 0x7D, 0x3F, 0xE5, 0xDF, 0x39, 0x64, 0x2E, 0xA0,
    0x31, 0x73, 0xB1, 0x8C, 0xE9, 0xDB, 0xA7, 0xEF, 0x87, 0xD4, 0x85, 0xE1, 0xF0, 0xC8, 0xE3, 0x03,
    0xC2, 0x18, 0x90, 0xCC, 0xC5, 0x88, 0xD4, 0xE4, 0x06, 0xF9, 0xB4, 0xDD, 0xF3, 0xAC, 0xFA, 0x98,
    0x60, 0x17, 0x39, 0xA7, 0x6D, 0xC0, 0xE7, 0x2C, 0xC1, 0x2B, 0x02, 0xD5, 0x1F, 0xAD, 0xF7, 0x97,
    0x71, 0xDC, 0x9D, 0x08, 0x46, 0x6C, 0x6F, 0x38, 0x7D, 0x09, 0x04, 0xD1, 0x61, 0x90, 0xD4, 0x20,
    0x4B, 0x9D, 0x76, 0xAE, 0x45, 0xB7, 0x68, 0x35, 0xC8, 0x9D, 0x8D, 0x59, 0x8B, 0xA2, 0x8F, 0x5D,
    0xA4, 0xEB, 0x0F, 0x06, 0x4B, 0xF0, 0x4B, 0x02, 0x8D, 0x3C, 0x5A, 0xAA, 0x97, 0x12, 0xE9, 0x1F,
    0x0D, 0x90, 0xBF, 0x9F, 0xB4, 0x0D, 0x41, 0x7F, 0x22, 0x5C, 0x00, 0x91, 0x20, 0xB6, 0xCE, 0x24,
    0x8A, 0x84, 0xA3, 0xA0, 0x17, 0x94, 0x12, 0xE8, 0x15, 0xCB, 0x53, 0xB8, 0xBC, 0x88, 0xBB, 0x1B,
    0x90, 0xD9, 0xB8, 0xFC, 0xFA, 0xBA, 0x3D, 0xFA, 0xF5, 0x75, 0x38, 0xFA, 0x7D, 0x99, 0x82, 0x64,
    0x7B, 0x00, 0xDF, 0x70, 0x42, 0xF1, 0x62, 0xFD, 0xFA, 0x50, 0x72, 0x42, 0xC0, 0xEE, 0xF8, 0xE2,
    0xB4, 0x7F, 0xB1, 0x3E, 0xBA, 0x58, 0x91, 0xEC, 0x0E, 0x70, 0xCE, 0xE9, 0x13, 0x6C, 0xEA, 0xDA,
    0x5D, 0xDB, 0x04, 0xC3, 0x41, 0x46, 0x8A, 0x76, 0x47, 0x6E, 0x81, 0x66, 0x44, 0xA8, 0xFF, 0xAC,
    0x91, 0x49, 0x57, 0x4F, 0x00, 0xC9, 0x99, 0x3B, 0xE5, 0x8C, 0x5F, 0x78, 0x5D, 0x4C, 0x8A, 0xD3,
    0xC7, 0x14, 0x6F, 0x35, 0xFD, 0xB3, 0x7E, 0xC7, 0x64, 0x2F, 0x2C, 0xC4, 0x19, 0xDF, 0x9E, 0x6F,
    0x55, 0x94, 0xFF, 0x03, 0xB5, 0xD4, 0x81, 0xA6, 0x24, 0xC7, 0x17, 0x06, 0xF0, 0xAF, 0xBA, 0xD7,
    0x1D, 0x34, 0xFF, 0xFA, 0x03, 0xB0, 0xA1, 0x1E, 0xA1, 0x1E, 0xA1, 0xDA, 0x2E, 0x82, 0x3C, 0x44,
    0x1E, 0x20, 0xC8, 0x0B, 0x24, 0xBA, 0x63, 0x11, 0x04, 0x2E, 0x90, 0x97, 0x49, 0x74, 0x13, 0x2C,
    0x82, 0x34, 0x21, 0x10, 0x68, 0x24, 0x00, 0xB6, 0x44, 0x91, 0x62, 0xAB, 0xEB, 0xCB, 0x39, 0xB5,
    0x33, 0x73, 0x27, 0x83, 0xD8, 0x25, 0x39, 0xF8, 0xB9, 0x33, 0xE7, 0x54, 0xDD, 0x6F, 0xAA, 0x4B,
    0x03, 0x30, 0xBC, 0xE7, 0x81, 0xAC, 0x98, 0xC8, 0xC3, 0x90, 0xCC, 0xBD, 0xB0, 0x0E, 0x15, 0x4B,
    0xB4, 0x05, 0x21, 0xBA, 0x0C, 0x9F, 0x7D, 0x82, 0xCB, 0x41, 0x28, 0x21, 0xA2, 0x61, 0xEF, 0x69,
    0x8D, 0x36, 0xD2, 0x86, 0x75, 0x59, 0x6A, 0x1B, 0xE8, 0x56, 0x7B, 0xDB, 0xD4, 0x08, 0x23, 0x26,
    0x1E, 0xC0, 0x03, 0x1F, 0x21, 0x35, 0xA4, 0x7B, 0x9E, 0x93, 0x49, 0xE7, 0xE2, 0x49, 0xD8, 0xAD,
    0x30, 0xFA, 0xDC, 0x71, 0x0E, 0x11, 0x5C, 0xA7, 0x1D, 0xCB, 0xB6, 0x6C, 0x98, 0xF6, 0x3B, 0x5A,
    0xA3, 0x8D, 0xB4, 0x61, 0x5D, 0x86, 0x13, 0x79, 0xC0, 0x90, 0x09, 0x78, 0x5E, 0x47, 0x48, 0xF5,
    0xE5, 0x0E, 0x5D, 0xD1, 0xC8, 0x4A, 0x54, 0xD6, 0x7F, 0x11, 0x5F, 0xFA, 0x73, 0x96, 0x81, 0xAC,
    0xE8, 0xC8, 0x0C, 0x78, 0xCE, 0x90, 0xB2, 0xF1, 0x0E, 0xAE, 0x3D, 0x1B, 0xBB, 0xB2, 0x2A, 0x78,
    0x6F, 0xB6, 0x13, 0xF5, 0x79, 0x11, 0x13, 0x49, 0x04, 0xFE, 0x49, 0x58, 0xFE, 0x4C, 0x74, 0x55,
    0xBA, 0xE7, 0xEA, 0x56, 0x61, 0x88, 0x42, 0x48, 0x02, 0x57, 0xE1, 0x4B, 0x6D, 0xFC, 0x5F, 0x9B,
    0x1C, 0x01, 0xCB, 0x28, 0xCD, 0x57, 0x59, 0x30, 0xE5, 0xC2, 0xD7, 0xF9, 0xDC, 0x68, 0x23, 0xAD,
    0x06, 0xEE, 0xE7, 0xEF, 0x1A, 0x8E, 0x09, 0xF0, 0xD4, 0x65, 0x2C, 0xC2, 0xAF, 0xC2, 0xF2, 0xFA,
    0x00, 0xF8, 0x03, 0x85, 0x57, 0x84, 0xE1, 0x0B, 0x8E, 0x1D, 0x0D, 0xE7, 0x77, 0x89, 0xAB, 0x70,
    0x22, 0xB9, 0x0D, 0x97, 0x87, 0x1C, 0x1B, 0x2E, 0x4B, 0x36, 0x9F, 0xE0, 0xF3, 0xD3, 0x35, 0x9B,
    0x76, 0xD8, 0x63, 0xD9, 0x30, 0x54, 0xB4, 0xC2, 0xFF, 0x94, 0x30, 0x9F, 0x7F, 0x42, 0x5F, 0x35,
    0x7D, 0x12, 0xA0, 0xF1, 0x86, 0x43, 0x98, 0x28, 0xDD, 0xEA, 0x36, 0x98, 0x72, 0xDA, 0x1B, 0xED,
    0xA3, 0x36, 0xD6, 0x36, 0x72, 0x2E, 0x5F, 0x47, 0xF4, 0x64, 0x84, 0x25, 0x0B, 0x3C, 0x59, 0x31,
    0x48, 0x24, 0x18, 0xF4, 0x04, 0x1A, 0x9F, 0xB5, 0x8B, 0x24, 0x38, 0x25, 0xA4, 0x5E, 0xD8, 0xAF,
    0xC4, 0x81, 0x63, 0x60, 0x65, 0xF4, 0x2C, 0x8C, 0x96, 0x71, 0x89, 0x86, 0xB3, 0x8F, 0xB8, 0x94,
    0x9D, 0x55, 0x97, 0xD4, 0x10, 0xD5, 0x69, 0x53, 0x39, 0x0B, 0x86, 0xD7, 0x4B, 0x89, 0x2E, 0xE3,
    0xF2, 0x28, 0x2C, 0xC9, 0x8B, 0xAE, 0xE9, 0x9B, 0x7A, 0xAE, 0xE2, 0x8F, 0xEA, 0x74, 0xE3, 0xF2,
    0x8D, 0xCA, 0x4F, 0xDE, 0xC9, 0x0A, 0xC3, 0x41, 0xEC, 0x9A, 0x7D, 0x6D, 0x92, 0xD2, 0x3D, 0xDD,
    0x38, 0x34, 0x6D, 0x1E, 0xAE, 0xBA, 0x34, 0x90, 0xF0, 0x51, 0x0D, 0x37, 0x02, 0xA6, 0xC5, 0xDC,
    0x2F, 0xA7, 0x6B, 0x8B, 0xE0, 0xA3, 0x10, 0x36, 0x61, 0x99, 0x05, 0x42, 0xEA, 0x8B, 0xCB, 0x45,
    0xAB, 0xA6, 0x8E, 0x96, 0xAF, 0xB9, 0x05, 0x92, 0x71, 0xFA, 0x98, 0x2F, 0xB3, 0x97, 0x2F, 0x0B,
    0x4C, 0xC5, 0xD1, 0x30, 0x0B, 0x79, 0x58, 0x0A, 0x41, 0x99, 0xBE, 0xAA, 0xC0, 0x62, 0x04, 0x76,
    0xC4, 0x23, 0x5F, 0xF2, 0x45, 0x59, 0x38, 0x31, 0x4F, 0xF4, 0x8C, 0xBE, 0x0E, 0xDC, 0x86, 0x64,
    0x38, 0xDE, 0x66, 0x39, 0xDD, 0x65, 0xD9, 0x85, 0x65, 0xBD, 0x64, 0xF9, 0x1E, 0x33, 0xF0, 0xAC,
    0xCB, 0x78, 0xE0, 0xB7, 0x05, 0xD3, 0xF9, 0xA5, 0xB2, 0xF7, 0xED, 0xD2, 0x55, 0x30, 0xDA, 0x22,
    0xB8, 0xDC, 0x31, 0xF9, 0x74, 0x62, 0x0E, 0xC9, 0xB2, 0x84, 0xE8, 0xDE, 0x08, 0xE1, 0x27, 0x61,
    0xB1, 0x42, 0x15, 0xFE, 0x28, 0xC2, 0xDB, 0x24, 0xC8, 0x7C, 0xF1, 0xDC, 0x5C, 0x76, 0x9C, 0xBD,
    0xCC, 0x23, 0x44, 0x61, 0xD9, 0x4F, 0xED, 0x85, 0x29, 0x8C, 0x8E, 0x3C, 0x10, 0x7E, 0xE1, 0x23,
    0xFC, 0x0C, 0xA0, 0x03, 0xF0, 0x41, 0xE7, 0x37, 0x8A, 0x26, 0xDE, 0x67, 0x6E, 0xDB, 0x57, 0xC3,
    0xDD, 0x96, 0x5E, 0x33, 0x0F, 0x92, 0x39, 0xFB, 0x37, 0xD9, 0xA7, 0xE9, 0x53, 0xE1, 0x70, 0xD9,
    0xBF, 0xCD, 0x5E, 0x52, 0x45, 0x4D, 0xB5, 0xB6, 0x5B, 0xB9, 0xB4, 0x65, 0xF7, 0xA9, 0xEC, 0x78,
    0x89, 0x83, 0xE7, 0xF2, 0xD1, 0x68, 0xA3, 0xA5, 0xB7, 0xC2, 0xEC, 0x0B, 0x16, 0x84, 0x88, 0x8F,
    0x14, 0x9C, 0x69, 0x61, 0xF9, 0x3B, 0xE0, 0xC8, 0xDF, 0xAE, 0xEF, 0x31, 0x8E, 0xF0, 0xE4, 0xAA,
    0xDB, 0x6C, 0x00, 0x1A, 0xCB, 0xAE, 0x6C, 0x16, 0x90, 0x0C, 0x7B, 0xC7, 0x75, 0xD1, 0xB9, 0x40,
    0x56, 0x5D, 0x96, 0x80, 0xCF, 0xEB, 0x88, 0x9B, 0xB2, 0xE5, 0x4A, 0x52, 0xA2, 0xE0, 0x76, 0x65,
    0x55, 0xE6, 0xA7, 0x90, 0xA5, 0x85, 0x1C, 0xAD, 0x00, 0x57, 0xF0, 0x1D, 0x5C, 0xC2, 0x33, 0xB8,
    0x76, 0x98, 0xAC, 0xA3, 0x76, 0xB3, 0xCE, 0x11, 0x78, 0xD0, 0x68, 0xE8, 0x38, 0x77, 0x1A, 0xC3,
    0x6D, 0xF2, 0x57, 0xD0, 0xB5, 0x9E, 0xAC, 0x6D, 0xEE, 0xBD, 0x62, 0xD8, 0xBF, 0xC5, 0x08, 0x24,
    0xCB, 0x1D, 0xFA, 0x2F, 0xF0, 0x5F, 0xF3, 0x54, 0x1D, 0x47, 0x05, 0x40, 0x5F, 0x95, 0x72, 0x25,
    0x29, 0x51, 0x08, 0xFF, 0xC4, 0x42, 0x72, 0x7E, 0x62, 0x52, 0x5A, 0xE3, 0xC3, 0xF0, 0xBA, 0xCC,
    0x29, 0x83, 0x62, 0x94, 0x9B, 0x5A, 0x36, 0x65, 0x15, 0x38, 0x2B, 0xB8, 0x70, 0x28, 0x05, 0xF8,
    0x0B, 0x5D, 0x8F, 0x41, 0x4A, 0xC5, 0x30, 0x10, 0x86, 0xBF, 0xA6, 0x42, 0x85, 0x2E, 0x72, 0x00,
    0x91, 0x1E, 0x21, 0x37, 0x70, 0xE2, 0x8D, 0x3C, 0x81, 0xE9, 0x11, 0x3C, 0x84, 0xE7, 0xB0, 0xF1,
    0x06, 0xD9, 0xB8, 0xEF, 0x11, 0xB2, 0xE8, 0xA2, 0x0F, 0xFA, 0x3A, 0x66, 0x04, 0x1F, 0x22, 0xF3,
    0x0D, 0x04, 0x32, 0xF9, 0x33, 0x9F, 0x8B, 0x21, 0x2F, 0x45, 0xAA, 0xDF, 0x86, 0xC3, 0x1D, 0x14,
    0x22, 0xEC, 0x38, 0x8D, 0xBD, 0x32, 0x1E, 0xF8, 0x8D, 0xB0, 0x22, 0x99, 0x09, 0x00, 0x52, 0xA1,
    0xD3, 0x8D, 0x5E, 0xDB, 0x95, 0x2A, 0xA1, 0xEA, 0x2C, 0x59, 0xF2, 0x84, 0x07, 0x60, 0xDC, 0x3B,
    0x44, 0x35, 0xB6, 0xCE, 0x53, 0xEB, 0x3B, 0x77, 0x22, 0x7A, 0xDC, 0x00, 0x08, 0xF8, 0x39, 0xCD,
    0x21, 0x4B, 0x49, 0x36, 0x13, 0x47, 0x3D, 0xB1, 0x3C, 0xCB, 0x5E, 0xD6, 0xDF, 0x4A, 0x55, 0xCB,
    0xFF, 0xD6, 0x77, 0xDA, 0xAC, 0xAA, 0xC1, 0x89, 0x3B, 0xE8, 0x77, 0x5C, 0x05, 0x70, 0x3B, 0x93,
    0x7D, 0x9B, 0x3F, 0xC6, 0xF5, 0x3A, 0xD4, 0x46, 0x3B, 0x24, 0x2D, 0x41, 0xE7, 0xE1, 0x42, 0x17,
    0xEF, 0xE9, 0x37, 0xFF, 0x36, 0x1E, 0xA1, 0x89, 0x4A, 0x09, 0xEB, 0x12, 0xE5, 0xF3, 0x24, 0xB9,
    0x83, 0x47, 0x5E, 0x00, 0xF0, 0xF8, 0x68, 0x2A, 0xA6, 0x64, 0x6A, 0xB6, 0x92, 0xA9, 0x92, 0x0A,
    0x7D, 0x1D, 0xAA, 0x6F, 0x15, 0xAA, 0xAC, 0x69, 0xD5, 0xA2, 0x59, 0x67, 0x8D, 0xCA, 0xC9, 0x15,
    0x24, 0xDF, 0x10, 0xFD, 0xE1, 0xFC, 0xE3, 0x11, 0x36, 0x7B, 0x64, 0xC1, 0x12, 0x85, 0x3E, 0x33,
    0x34, 0xBE, 0xE8, 0x96, 0x48, 0xC8, 0x4F, 0x29, 0x27, 0x8D, 0x0F, 0x17, 0x00, 0x5E, 0x71, 0x1B,
    0x3E, 0x13, 0x22, 0xF2, 0x8C, 0xE8, 0x6C, 0xBB, 0x5F, 0xF9, 0x06, 0xDD, 0xDB, 0x31, 0x8C, 0xE4,
    0xC8, 0x7D, 0x2E, 0xF0, 0x8F, 0xE4, 0xBB, 0xD7, 0x10, 0x18, 0x50, 0xC1, 0x3D, 0xE0, 0x01, 0xF7,
    0x00, 0x26, 0x2F, 0x72, 0x60, 0xE6, 0x89, 0x48, 0x9D, 0x02, 0x05, 0x0E, 0xEE, 0x02, 0xE7, 0x72,
    0x2C, 0x07, 0x9B, 0x38, 0x35, 0xC8, 0xF5, 0x05, 0x0A, 0x14, 0x68, 0xF3, 0xC4, 0x0E, 0x05, 0x25,
    0x4A, 0x1D, 0xD8, 0x2A, 0xDE, 0x2E, 0xE0, 0x0B, 0x2E, 0x38, 0x4A, 0x0A, 0x14, 0x28, 0x10, 0x85,
    0x3D, 0x43, 0x80, 0x1C, 0x1C, 0x65, 0x95, 0x2C, 0xCA, 0x4B, 0xF2, 0xF3, 0xFF, 0xAB, 0xE6, 0x70,
    0xBA, 0x7B, 0xBA, 0x07, 0xBD, 0x77, 0x33, 0x18, 0xC3, 0xC4, 0xD6, 0x4F, 0xA3, 0xAB, 0xE2, 0xBF,
    0x48, 0x76, 0x93, 0x55, 0x55, 0xAC, 0x86, 0xB6, 0x3F, 0x07, 0x62, 0x02, 0x60, 0x03, 0xD4, 0x1D,
    0x50, 0x0C, 0x40, 0xE6, 0x81, 0xA4, 0x83, 0xB6, 0x9A, 0x5C, 0x0E, 0xD2, 0x5C, 0xF7, 0xC0, 0xD9,
    0x44, 0x4E, 0x47, 0xE9, 0x72, 0xB9, 0xF9, 0x30, 0x66, 0x36, 0x95, 0xFE, 0x34, 0x21, 0x6C, 0x8F,
    0x5F, 0x37, 0xC9, 0x01, 0xB7, 0x38, 0xA1, 0x82, 0x17, 0xF8, 0xB7, 0xA5, 0x52, 0x88, 0x5E, 0x78,
    0x31, 0x59, 0x46, 0x2E, 0xB2, 0xC0, 0x6C, 0xA4, 0x57, 0x01, 0x1C, 0x30, 0x01, 0x39, 0x03, 0xA3,
    0x18, 0x44, 0x03, 0x7C, 0x1D, 0xC0, 0xDF, 0x5A, 0x62, 0x8B, 0x88, 0x15, 0x12, 0x02, 0xBB, 0x69,
    0xFF, 0xD1, 0xE4, 0xBD, 0xA5, 0x16, 0x88, 0xC2, 0x29, 0x8D, 0x07, 0xC9, 0xEB, 0x48, 0x1F, 0x32,
    0x21, 0xD5, 0xB1, 0x38, 0x8E, 0x48, 0x48, 0x22, 0x33, 0x9A, 0x7C, 0x8E, 0xD8, 0x96, 0x1E, 0xAE,
    0x2F, 0x07, 0x94, 0x2F, 0xAC, 0xD8, 0xBB, 0x70, 0x2A, 0x1B, 0x20, 0x67, 0xB1, 0x1C, 0x72, 0x9B,
    0x5B, 0x0B, 0xDB, 0xED, 0x1B, 0x55, 0xE9, 0xC3, 0xD5, 0x8B, 0xD8, 0x85, 0xA0, 0x89, 0x11, 0x2A,
    0x52, 0x95, 0x2F, 0x80, 0xF7, 0x8C, 0x48, 0xB1, 0x76, 0x24, 0xDB, 0x50, 0xA4, 0x98, 0xE0, 0xB4,
    0xEF, 0xFF, 0x13, 0x58, 0x99, 0x8C, 0x82, 0xFF, 0xAA, 0x8B, 0xC6, 0xCF, 0x91, 0xAA, 0xBA, 0x98,
    0x64, 0x85, 0x82, 0x6C, 0x15, 0xA6, 0x03, 0x20, 0xD6, 0x83, 0xE8, 0x32, 0x5D, 0xD2, 0xB2, 0x8F,
    0xD9, 0x3A, 0x95, 0x2B, 0xC9, 0x45, 0xBB, 0x79, 0xE0, 0xD9, 0x52, 0xC1, 0x91, 0xCB, 0x4D, 0xAA,
    0x55, 0x7D, 0x31, 0xE2, 0xAB, 0x24, 0xC5, 0x38, 0x8C, 0x99, 0x4F, 0xA5, 0x3F, 0x4D, 0x58, 0xB7,
    0xC7, 0xAE, 0x5B, 0xD7, 0x05, 0x27, 0x00, 0xC9, 0x57, 0xA3, 0x68, 0x0D, 0xD7, 0xEF, 0x88, 0xD2,
    0x67, 0x8B, 0xAE, 0xFA, 0x84, 0x8C, 0xF4, 0x96, 0xA7, 0xAB, 0xFE, 0x6C, 0x06, 0x40, 0x0E, 0xE7,
    0xCD, 0xEF, 0x57, 0xDF, 0x83, 0x25, 0xE7, 0x18, 0x9C, 0x83, 0x94, 0x03, 0xAB, 0xC8, 0x74, 0x4D,
    0x34, 0xCB, 0x58, 0xB6, 0xF1, 0x64, 0x36, 0x49, 0x70, 0x67, 0xB2, 0x2A, 0xBD, 0xCA, 0x97, 0x83,
    0xF6, 0x2D, 0x5B, 0xC5, 0xF9, 0x06, 0x14, 0xB3, 0x6C, 0x59, 0xBD, 0x0D, 0x0B, 0x4A, 0x92, 0xBD,
    0xF0, 0x62, 0x32, 0xBE, 0x3D, 0x5B, 0xC6, 0xFB, 0x8B, 0xE0, 0x31, 0x8B, 0x11, 0x72, 0x39, 0x09,
    0x2F, 0xFA, 0x10, 0xE5, 0xE9, 0x1E, 0x37, 0x7A, 0x96, 0xE0, 0x1B, 0xA2, 0xEE, 0x0C, 0xB6, 0x08,
    0xCF, 0x14, 0x24, 0x0B, 0xF4, 0x54, 0x31, 0xB2, 0xC1, 0x48, 0x95, 0x89, 0x4A, 0x05, 0x22, 0x36,
    0xD4, 0x27, 0xBB, 0x92, 0xCE, 0x46, 0x36, 0x19, 0xF9, 0x68, 0x14, 0x83, 0x51, 0x8A, 0xBA, 0x33,
    0xD8, 0x82, 0x64, 0x75, 0x73, 0xEB, 0x33, 0xD0, 0x5A, 0x86, 0x53, 0x6E, 0xDD, 0xDF, 0x14, 0x2E,
    0xFC, 0x4D, 0x80, 0x10, 0x2A, 0xD5, 0x9E, 0x89, 0x88, 0x05, 0xEA, 0x16, 0x11, 0x6C, 0xCB, 0x1B,
    0xC3, 0xB5, 0x46, 0xD9, 0x1B, 0x79, 0x38, 0xB4, 0xD1, 0x48, 0x26, 0x03, 0x5E, 0x28, 0x53, 0x71,
    0x57, 0x62, 0x91, 0x88, 0x54, 0x64, 0xA2, 0x10, 0xA5, 0x70, 0x46, 0xC7, 0xBA, 0x2D, 0x7F, 0xCA,
    0xB2, 0x2D, 0x7F, 0x3E, 0xDB, 0x5F, 0xBF, 0x98, 0x8C, 0xCF, 0xBC, 0xF1, 0xAB, 0xC1, 0x60, 0xE7,
    0x8C, 0x56, 0x34, 0x02, 0xC6, 0x22, 0x26, 0x31, 0x8A, 0xE1, 0x06, 0x44, 0xBA, 0x9E, 0x35, 0x7E,
    0x02, 0xB0, 0x62, 0x05, 0xD7, 0x10, 0x28, 0xB9, 0x00, 0x05, 0x27, 0x20, 0xA5, 0xD7, 0xD5, 0x6D,
    0xD6, 0x26, 0x6C, 0x40, 0x3A, 0x97, 0x1E, 0xD9, 0x94, 0x4F, 0xC8, 0xC7, 0x6C, 0x42, 0xE1, 0xD3,
    0x05, 0xE5, 0x90, 0x10, 0x75, 0x9F, 0xB0, 0x72, 0x6D, 0xB4, 0xBF, 0x80, 0x1F, 0xB3, 0x81, 0xFB,
    0x99, 0x42, 0xBD, 0x36, 0x8A, 0xDF, 0xCF, 0x40, 0xFE, 0x46, 0x0F, 0x7C, 0x8E, 0xC0, 0x4E, 0x41,
    0x13, 0x0E, 0x40, 0xCC, 0x3E, 0x7C, 0x82, 0x1B, 0x15, 0x22, 0x12, 0xC6, 0x22, 0x26, 0xD1, 0x29,
    0x2F, 0xE1, 0x83, 0xA6, 0x93, 0x0D, 0xB9, 0xC7, 0x9D, 0x94, 0xB2, 0xD7, 0xF1, 0x0E, 0x2B, 0x39,
    0x3D, 0x50, 0xE8, 0xF0, 0x4B, 0x4E, 0xC6, 0x2F, 0x0D, 0xF7, 0xC9, 0x0C, 0xF0, 0x15, 0x8D, 0x8F,
    0x88, 0x88, 0xEF, 0xB3, 0x8A, 0x19, 0xB1, 0xD9, 0x7F, 0xD5, 0x16, 0x63, 0x47, 0xB2, 0x4B, 0x8D,
    0x3E, 0x33, 0x86, 0x40, 0x3E, 0xA2, 0xF4, 0x85, 0x47, 0x31, 0x96, 0x03, 0xF2, 0xC9, 0xC8, 0xD4,
    0xC8, 0x67, 0xB3, 0xEB, 0x90, 0x2E, 0x24, 0x47, 0x1C, 0xE1, 0xC3, 0xB5, 0x39, 0x0F, 0x7F, 0x5B,
    0x6D, 0x37, 0xE1, 0x24, 0x18, 0x2A, 0xAD, 0xF4, 0x2D, 0x6C, 0xD8, 0x46, 0x7B, 0xDA, 0xF5, 0xAF,
    0x58, 0x24, 0xAC, 0x54, 0x6E, 0xDB, 0xC3, 0x0B, 0xDD, 0x9C, 0x0B, 0xB6, 0x3B, 0x74, 0x5C, 0xEF,
    0xD0, 0x2E, 0x5B, 0x8C, 0x5D, 0x80, 0xDB, 0x5F, 0xB3, 0x32, 0x26, 0x15, 0x19, 0xC4, 0xED, 0x8D,
    0xAD, 0x3D, 0x52, 0x1A, 0x89, 0x88, 0x59, 0x89, 0x46, 0x54, 0xFB, 0x00, 0x64, 0x60, 0x16, 0x5E,
    0x34, 0x8F, 0xDF, 0xE6, 0xD7, 0x64, 0x7B, 0x87, 0xD6, 0x5D, 0x85, 0xDB, 0x60, 0xB3, 0x51, 0xB9,
    0x36, 0xD6, 0x3D, 0x95, 0x88, 0xDD, 0x6C, 0xE8, 0xBC, 0x66, 0x77, 0x42, 0x8B, 0xE4, 0x2C, 0xFF,
    0x07, 0x88, 0xFE, 0xF2, 0xB1, 0x3B, 0x83, 0xAE, 0x61, 0xBC, 0xD4, 0x2D, 0x93, 0xB9, 0x34, 0xA6,
    0xB2, 0xE3, 0x6E, 0x4F, 0xD1, 0x33, 0x1D, 0xF3, 0x81, 0x99, 0xCF, 0x8C, 0x21, 0x90, 0x7A, 0xE6,
    0x7D, 0x42, 0x5D, 0x18, 0x03, 0xE1, 0xAF, 0xFD, 0x77, 0xD6, 0x32, 0x86, 0x50, 0xB8, 0x30, 0xC6,
    0xA2, 0x37, 0x4A, 0x0B, 0xB0, 0x0F, 0x15, 0xC2, 0x07, 0x9C, 0xB1, 0xD0, 0xAA, 0x64, 0xE8, 0x76,
    0xEC, 0x48, 0x8F, 0x82, 0x6A, 0xA8, 0x14, 0x2F, 0xEB, 0x53, 0x56, 0x49, 0x95, 0xB0, 0x01, 0xE2,
    0x8D, 0x84, 0x15, 0x90, 0x2E, 0xE1, 0xC6, 0x12, 0x8D, 0x18, 0x05, 0x01, 0x84, 0xC2, 0x11, 0xDB,
    0x5B, 0x52, 0xC4, 0x6C, 0xF3, 0x7E, 0xC7, 0x46, 0x57, 0x5B, 0x91, 0x27, 0xA4, 0xE4, 0x00, 0xAB,
    0xF2, 0x09, 0x1F, 0x9F, 0xEF, 0x46, 0x15, 0xE2, 0x29, 0x19, 0x91, 0x4C, 0xC9, 0x84, 0x64, 0xDE,
    0x4D, 0x88, 0x48, 0xBF, 0x76, 0x0A, 0x2C, 0x8C, 0x4E, 0xF2, 0x89, 0x9F, 0xF1, 0x4F, 0xD6, 0x00,
    0x96, 0xA4, 0xBF, 0x43, 0x5F, 0x5C, 0x47, 0x67, 0xD4, 0x1B, 0x2E, 0x54, 0x17, 0x68, 0x0A, 0x1F,
    0xB1, 0x2A, 0xBC, 0xFA, 0x6B, 0xDE, 0x2D, 0x62, 0x12, 0x83, 0xA8, 0x84, 0x07, 0x7B, 0x37, 0x46,
    0xC6, 0x14, 0x1B, 0x73, 0x62, 0x2C, 0x3B, 0x83, 0xA9, 0xF8, 0xC0, 0x70, 0x7F, 0xFF, 0x45, 0xEF,
    0x6A, 0xFE, 0xAA, 0x77, 0xDF, 0xE1, 0x77, 0x7A, 0xF7, 0x03, 0x16, 0xBD, 0xFB, 0xFE, 0x62, 0x7C,
    0x6F, 0x36, 0x3E, 0x9A, 0x8C, 0xBF, 0x1B, 0x8D, 0xE7, 0xDE, 0x68, 0x06, 0xF1, 0x0F, 0x02, 0xF7,
    0xF0, 0x65, 0x9B, 0x9F, 0x6B, 0xF7, 0xC3, 0xFF, 0x56, 0x1F, 0xB2, 0xE6, 0x8C, 0x88, 0x64, 0xB5,
    0xBF, 0x4F, 0x17, 0x38, 0x75, 0xA1, 0x4A, 0x35, 0x2B, 0x85, 0x9A, 0x95, 0x7C, 0x2C, 0x8D, 0x69,
    0x6B, 0x5B, 0xEE, 0xA2, 0x0C, 0x15, 0x09, 0x85, 0xC3, 0x6E, 0x21, 0x40, 0x08, 0x15, 0x82, 0x86,
    0xF0, 0xA1, 0xA2, 0x50, 0xE5, 0x99, 0xE3, 0x7D, 0xD0, 0x74, 0xD3, 0x86, 0x78, 0x31, 0x09, 0x75,
    0x27, 0x76, 0x6B, 0x9F, 0xA2, 0xEE, 0x63, 0x36, 0x87, 0x84, 0xFF, 0x76, 0xD0, 0x9A, 0x4C, 0xDB,
    0xBE, 0x55, 0x78, 0x16, 0x5E, 0xCD, 0xC9, 0x70, 0x30, 0x35, 0x9A, 0x4C, 0xC3, 0xC1, 0x62, 0x84,
    0xEB, 0xCA, 0x01, 0xB5, 0xF8, 0xFF, 0xA8, 0x87, 0x30, 0xE0, 0xBA, 0x8F, 0x50, 0x24, 0x14, 0x0E,
    0xBB, 0x85, 0x00, 0x21, 0x54, 0x7A, 0x67, 0x38, 0xD8, 0x20, 0x74, 0xBB, 0x4F, 0x08, 0x0F, 0xC5,
    0xC7, 0xE5, 0xA9, 0xBA, 0x6F, 0xB2, 0x3A, 0xE4, 0x3D, 0x7E, 0x8E, 0x73, 0x2D, 0x4D, 0x68, 0x9B,
    0x42, 0xD3, 0xA2, 0x46, 0xEB, 0x1E, 0x54, 0xA4, 0x30, 0xD6, 0x86, 0x6C, 0x66, 0x3D, 0x84, 0x8E,
    0x56, 0xB4, 0x8E, 0x95, 0xC7, 0xF5, 0xA4, 0xB7, 0x2A, 0xCB, 0x71, 0x7F, 0xD2, 0x85, 0x46, 0x75,
    0x2A, 0x0C, 0x76, 0x09, 0x9F, 0xEB, 0x9B, 0xFE, 0xD2, 0xB2, 0xF9, 0x73, 0x02, 0xF5, 0x9B, 0x79,
    0xED, 0xDB, 0xE5, 0xF4, 0x6B, 0xA7, 0x6F, 0xC7, 0xEE, 0xB6, 0x23, 0x78, 0xD8, 0xFD, 0x73, 0x9F,
    0x2E, 0x88, 0xF8, 0x4A, 0xA7, 0xF0, 0xBE, 0x3A, 0x5C, 0x1A, 0xF8, 0xCF, 0xE0, 0xA0, 0x11, 0x8D,
    0x2F, 0x3D, 0xCA, 0xA9, 0x1E, 0x90, 0xCF, 0xBA, 0xAA, 0x78, 0x6C, 0x48, 0xFA, 0x13, 0x00, 0xE4,
    0x97, 0x78, 0xE7, 0x43, 0xEA, 0x39, 0x7E, 0x05, 0xEE, 0x96, 0xDE, 0xA8, 0xBD, 0x66, 0x4A, 0x48,
    0xB6, 0xB9, 0x48, 0x05, 0xDC, 0x9F, 0x0C, 0xE0, 0x2A, 0xC2, 0x87, 0xF7, 0xD8, 0x90, 0xBC, 0xC3,
    0xCB, 0x39, 0x1B, 0x1E, 0x1B, 0x92, 0xCB, 0x09, 0xB0, 0xED, 0x22, 0xEF, 0x52, 0x57, 0xE5, 0x16,
    0x27, 0x70, 0x19, 0xCE, 0x82, 0xED, 0x61, 0x77, 0xBF, 0xCD, 0x45, 0x3A, 0x8B, 0xE5, 0x98, 0x79,
    0xCD, 0x25, 0xC7, 0x6D, 0x8F, 0x36, 0x44, 0x29, 0x5B, 0x24, 0xD3, 0xD5, 0xF0, 0x85, 0x98, 0xC4,
    0x22, 0xF8, 0x2D, 0xCB, 0xE0, 0x47, 0x46, 0xFD, 0xCA, 0x28, 0x8F, 0xA9, 0x0D, 0xE5, 0xAA, 0x9C,
    0xD8, 0xF6, 0xED, 0x92, 0xC9, 0x75, 0x00, 0xAE, 0x86, 0x6C, 0x84, 0x17, 0x93, 0xA0, 0x65, 0xEC,
    0x58, 0x39, 0x8D, 0x28, 0xCE, 0xA3, 0x5C, 0x92, 0xDB, 0x1E, 0x5E, 0x54, 0x40, 0xB1, 0x54, 0x88,
    0xC9, 0x1E, 0x99, 0x32, 0x0A, 0x15, 0x29, 0xBD, 0x0A, 0xF7, 0x11, 0xDB, 0x67, 0xEA, 0xD8, 0x44,
    0xCD, 0x5A, 0xEB, 0xDA, 0x34, 0xEC, 0xC8, 0x01, 0xE9, 0x31, 0xCA, 0xB8, 0x9D, 0x77, 0x7B, 0x4F,
    0xBB, 0x85, 0x00, 0xA5, 0x4F, 0x58, 0x85, 0xA0, 0x21, 0x7C, 0xA8, 0x28, 0x54, 0x59, 0xB6, 0xBB,
    0xC5, 0x28, 0xF5, 0xBD, 0x77, 0x1C, 0xCA, 0x96, 0xC6, 0xC7, 0x7A, 0xC2, 0xBD, 0x5C, 0x76, 0xC6,
    0x6C, 0xD7, 0xE5, 0xD5, 0x31, 0x3C, 0xC3, 0x49, 0x91, 0xB0, 0x9B, 0x02, 0x28, 0x94, 0x0F, 0x41,
    0x15, 0xBE, 0x0F, 0x15, 0x85, 0x2A, 0xF1, 0x8C, 0xEA, 0x82, 0x19, 0x99, 0xC8, 0x45, 0x39, 0x46,
    0xC6, 0x60, 0xD4, 0xC7, 0x94, 0x81, 0xC9, 0xB8, 0xBD, 0xA7, 0x23, 0x81, 0x5C, 0xB8, 0x5F, 0x87,
    0xD6, 0x40, 0xF1, 0x9E, 0xAB, 0xA5, 0x56, 0x83, 0xB6, 0x18, 0x6E, 0x32, 0x38, 0x8A, 0x41, 0x34,
    0x46, 0x38, 0xE9, 0x84, 0x1C, 0xB6, 0xEB, 0xBC, 0x20, 0xD5, 0x70, 0x30, 0xBA, 0x9D, 0x63, 0xFB,
    0x6B, 0x12, 0x3B, 0x1A, 0xB9, 0xB0, 0x4B, 0x67, 0xF4, 0x1B, 0x43, 0xCA, 0xAA, 0xE4, 0xC2, 0xA1,
    0xE0, 0xC4, 0x21, 0xE3, 0xE0, 0x2C, 0x78, 0x53, 0x0C, 0x88, 0x5D, 0x78, 0xAC, 0x1B, 0x34, 0x12,
    0xB1, 0x63, 0x03, 0x64, 0x13, 0x80, 0x7C, 0x34, 0x8A, 0xA1, 0x7E, 0x81, 0xF2, 0xF7, 0x9C, 0x50,
    0xFE, 0x51, 0x91, 0x55, 0xA4, 0x9C, 0x12, 0x3D, 0xB4, 0x60, 0x0C, 0x60, 0x67, 0xB8, 0xAE, 0xEE,
    0x6F, 0x28, 0x87, 0x3D, 0xFA, 0x04, 0x8D, 0xDC, 0x0A, 0x57, 0xD9, 0xDA, 0x28, 0x4D, 0x6B, 0xF7,
    0xFD, 0xBD, 0xFD, 0xA4, 0x55, 0x73, 0xDC, 0x39, 0x99, 0x35, 0xCA, 0xBD, 0x65, 0x32, 0xB2, 0x51,
    0x19, 0x9D, 0x78, 0xB1, 0x96, 0xEB, 0x12, 0x6E, 0x9C, 0x8C, 0x7C, 0xD7, 0xC2, 0xBA, 0xCC, 0x47,
    0xA9, 0x05, 0xBE, 0x4C, 0x0A, 0x81, 0xEE, 0xD0, 0x9C, 0xA1, 0x5A, 0x89, 0x44, 0xBC, 0x0D, 0x07,
    0x76, 0x8B, 0xE1, 0xDE, 0x7A, 0x0C, 0x1B, 0x2E, 0x4F, 0xB8, 0x50, 0x89, 0x4E, 0x2C, 0x5C, 0xBC,
    0x7C, 0x8C, 0xD9, 0xEC, 0xAF, 0x6A, 0x0F, 0xB7, 0x6F, 0x2D, 0x6A, 0xA3, 0x0B, 0x84, 0x19, 0xB0,
    0x3D, 0x03, 0xFE, 0x2F, 0xF2, 0x09, 0xFF, 0x8C, 0x6C, 0xFB, 0x48, 0xA1, 0x28, 0x61, 0xAA, 0x7C,
    0x7B, 0x9C, 0xAF, 0xAD, 0x7C, 0xCF, 0xF4, 0xEC, 0x70, 0x35, 0xB4, 0xF7, 0x81, 0xD0, 0xFC, 0x87,
    0x4E, 0x44, 0x28, 0x92, 0x1B, 0xFE, 0xA4, 0x3B, 0x51, 0x1B, 0x33, 0x0A, 0x36, 0x88, 0xC9, 0x71,
    0x3D, 0xDC, 0xB0, 0x6F, 0x97, 0x6C, 0x5D, 0x93, 0x84, 0xB0, 0x9C, 0x49, 0x74, 0x62, 0x16, 0x84,
    0x72, 0x9B, 0x58, 0x97, 0x3B, 0xEB, 0x62, 0xEA, 0xB4, 0xD6, 0x7B, 0x7E, 0xA7, 0x50, 0x78, 0xB6,
    0x34, 0x9A, 0x0F, 0x58, 0x5C, 0x9B, 0x5A, 0xCA, 0x2D, 0x95, 0x96, 0x6A, 0x4B, 0x5C, 0xDC, 0x4B,
    0x4B, 0xAF, 0x96, 0xC5, 0x7D, 0xFA, 0xC7, 0xC5, 0x7D, 0xF6, 0x7A, 0x71, 0xF6, 0x7F, 0x1C, 0x3F,
    0xB2, 0x64, 0xE5, 0x67, 0x4B, 0x93, 0x25, 0x6F, 0x69, 0xB0, 0x64, 0x31, 0xF0, 0xE1, 0x3B, 0xD8,
    0x0D, 0x69, 0xAF, 0x93, 0xCD, 0x7C, 0xAE, 0x8E, 0x4D, 0x97, 0xEC, 0x3F, 0xD6, 0xF5, 0xBB, 0x8E,
    0x07, 0xAB, 0xCB, 0xE9, 0xCC, 0xF5, 0xE0, 0x54, 0x6F, 0x75, 0x32, 0xF2, 0xD1, 0x28, 0xB7, 0x1B,
    0x85, 0x6D, 0x78, 0x84, 0x1A, 0x33, 0x8C, 0x45, 0xB0, 0x51, 0x46, 0xA7, 0x22, 0x2A, 0x57, 0x7A,
    0x23, 0x57, 0x94, 0x4C, 0x24, 0x02, 0x6E, 0x9D, 0x12, 0x3A, 0xA5, 0x2D, 0xCF, 0xE3, 0x36, 0xD8,
    0x88, 0x4A, 0xE3, 0x63, 0x94, 0x7D, 0x29, 0xEA, 0x59, 0x78, 0xD1, 0x08, 0xF5, 0xAF, 0x6B, 0xAF,
    0x1B, 0x7A, 0x8A, 0x44, 0x62, 0x2C, 0x82, 0xA9, 0xE1, 0x7E, 0xF0, 0x45, 0x57, 0xFF, 0xF8, 0x8B,
    0x1F, 0x77, 0xB5, 0x0D, 0xE9, 0x56, 0xBE, 0x37, 0x1B, 0x1F, 0x4D, 0xC6, 0x73, 0x6F, 0x34, 0x83,
    0xF8, 0x50, 0xE0, 0x10, 0x5D, 0x91, 0x8B, 0x89, 0x3C, 0x4A, 0xF7, 0x95, 0x0D, 0xF7, 0x45, 0x98,
    0x04, 0xD8, 0x6D, 0xF7, 0x45, 0xB1, 0xDD, 0x17, 0xE1, 0xC2, 0xBA, 0x0E, 0x75, 0x7F, 0x42, 0xC8,
    0x08, 0x45, 0x42, 0xE1, 0xB0, 0x5B, 0x08, 0x10, 0x42, 0x85, 0xA0, 0xE7, 0x8F, 0xE2, 0xED, 0x53,
    0x39, 0x3C, 0xEB, 0x51, 0xFE, 0x3B, 0xE7, 0xDB, 0xA7, 0x65, 0x53, 0x5A, 0xA5, 0xAD, 0xAA, 0xEF,
    0x0C, 0xD7, 0x1B, 0xF5, 0x19, 0x9C, 0x60, 0x17, 0x0A, 0x87, 0xDD, 0x42, 0x80, 0x10, 0x4A, 0x41,
    0x0D, 0xE0, 0x7E, 0xD4, 0x38, 0x62, 0xDF, 0x4C, 0xA6, 0xE4, 0xB8, 0xCE, 0x13, 0x79, 0x4D, 0x2A,
    0xF6, 0x91, 0xBE, 0x56, 0x17, 0x3A, 0x40, 0xCA, 0xB0, 0x22, 0xE8, 0xD5, 0x6C, 0xCC, 0x6B, 0xF3,
    0xB2, 0xB6, 0xB8, 0xC3, 0xDA, 0xE2, 0x92, 0x6C, 0x4F, 0x80, 0x05, 0xC6, 0x57, 0x66, 0x3F, 0x70,
    0xF6, 0xC6, 0xC1, 0x70, 0x59, 0xDF, 0x4B, 0x4D, 0x88, 0xEE, 0x1F, 0xA2, 0x71, 0x98, 0x3E, 0xE7,
    0x73, 0x02, 0xEE, 0xE5, 0x02, 0xD4, 0x3F, 0xD7, 0x7E, 0xBF, 0x99, 0x80, 0xE2, 0xCD, 0xB8, 0x4D,
    0x24, 0xF7, 0xEB, 0x98, 0x22, 0x61, 0xBB, 0x0D, 0xCC, 0x42, 0xDB, 0xB8, 0x56, 0xB4, 0x5B, 0x27,
    0xDD, 0x45, 0x2F, 0x2A, 0xD8, 0xC6, 0x7B, 0x88, 0x3D, 0xF3, 0x26, 0x0C, 0x81, 0x72, 0x92, 0xBE,
    0x78, 0xC3, 0x2F, 0xAE, 0x1A, 0x43, 0x9D, 0x8C, 0xA6, 0xB4, 0x5B, 0x08, 0x10, 0x42, 0x85, 0xA0,
    0x21, 0xFC, 0xFD, 0xEC, 0x87, 0x54, 0x44, 0x3D, 0x24, 0xAC, 0xB6, 0xD1, 0xD4, 0xEB, 0xE5, 0x78,
    0x20, 0xD5, 0x87, 0xF3, 0x15, 0xDD, 0xE1, 0x40, 0xAA, 0xFE, 0x62, 0x06, 0xF8, 0x09, 0x11, 0x87,
    0x31, 0xD4, 0x02, 0x86, 0x77, 0x41, 0x43, 0x18, 0x3E, 0x85, 0x41, 0xE9, 0x57, 0x47, 0x67, 0x74,
    0x02, 0x80, 0xEC, 0x3C, 0x1A, 0x1B, 0x95, 0x43, 0xCC, 0xEA, 0x1A, 0xC6, 0xDD, 0xBE, 0x09, 0xA8,
    0x32, 0xB1, 0xE3, 0x7F, 0xB0, 0xC2, 0x77, 0xDF, 0x37, 0x10, 0x9F, 0x87, 0xC9, 0x94, 0x0D, 0x5F,
    0x1D, 0xDB, 0x4E, 0x79, 0xE0, 0x11, 0x0C, 0x6F, 0x81, 0x6D, 0xEE, 0x0C, 0xEF, 0x3A, 0x76, 0xC0,
    0x2D, 0xB5, 0x80, 0x0B, 0xF0, 0x87, 0x82, 0x8D, 0xE8, 0x85, 0x87, 0x5B, 0x27, 0x44, 0xA6, 0x23,
    0x8A, 0xDB, 0x5E, 0xFA, 0x20, 0x5A, 0x63, 0x06, 0x81, 0x6C, 0x38, 0xCB, 0x7F, 0x56, 0x06, 0x7B,
    0x31, 0x89, 0xD9, 0x88, 0x69, 0xE0, 0x98, 0x58, 0x70, 0xD9, 0xCA, 0x0D, 0xA2, 0xC9, 0x86, 0xCB,
    0x8F, 0x25, 0x0B, 0x6D, 0x70, 0x10, 0x93, 0x58, 0x42, 0x67, 0xD4, 0x48, 0x44, 0xBC, 0xFD, 0xB5,
    0x63, 0xC8, 0xDD, 0xCA, 0x79, 0xD1, 0x84, 0x17, 0xC3, 0xEB, 0x10, 0x63, 0x7B, 0xA4, 0x69, 0xAA,
    0x1A, 0x51, 0x13, 0x7A, 0x15, 0xB0, 0x32, 0x3B, 0xB2, 0x3D, 0x20, 0x11, 0xCA, 0x88, 0xD5, 0x1B,
    0xCB, 0x15, 0xB9, 0x50, 0xE4, 0x10, 0x20, 0x84, 0x0A, 0xF3, 0xDA, 0xEA, 0x51, 0x19, 0x24, 0x18,
    0x93, 0x2D, 0x13, 0xF2, 0x70, 0x16, 0x3F, 0xC0, 0x33, 0xA4, 0x1B, 0xA1, 0x70, 0xD8, 0x2D, 0x04,
    0x00, 0xB9, 0x0F, 0x0A, 0x77, 0xD3, 0xEF, 0xCA, 0x44, 0x21, 0x4A, 0x7F, 0xFC, 0x1D, 0xF7, 0x46,
    0xBE, 0x15, 0x89, 0x04, 0x9E, 0x19, 0xE1, 0x3E, 0xD7, 0xCC, 0x47, 0x55, 0xD3, 0x8A, 0xB8, 0x59,
    0x8C, 0xA2, 0x33, 0x10, 0xEB, 0x94, 0x8B, 0xED, 0xA1, 0x5D, 0x0E, 0x37, 0xB7, 0xD7, 0x6E, 0x32,
    0x62, 0x81, 0x5E, 0x68, 0x7B, 0xB4, 0x4E, 0x64, 0xC2, 0x6C, 0x3E, 0x8B, 0xB6, 0xC7, 0xAE, 0x3C,
    0x8C, 0x4C, 0x1C, 0x79, 0xCC, 0x02, 0x65, 0x6C, 0xA4, 0xA3, 0x51, 0x13, 0xD9, 0xBC, 0x0E, 0xD6,
    0xBA, 0x8C, 0x60, 0x78, 0x17, 0x3E, 0xA8, 0x89, 0xF9, 0xB2, 0x00, 0xC7, 0xC4, 0xEB, 0x19, 0x76,
    0xA2, 0x31, 0x74, 0x0D, 0xD4, 0xE3, 0xF5, 0xFB, 0x96, 0x27, 0x55, 0x2F, 0x77, 0xDC, 0x2F, 0x96,
    0x2A, 0x5B, 0xC0, 0x55, 0x5A, 0x48, 0xA5, 0xED, 0xC1, 0xC6, 0x28, 0xE7, 0x1B, 0xFD, 0x44, 0x03,
    0x28, 0xBC, 0x80, 0x53, 0x09, 0xD2, 0x1F, 0x33, 0x20, 0x64, 0xA8, 0x48, 0x67, 0x85, 0xE3, 0xE3,
    0x46, 0x7F, 0x1D, 0x66, 0x6F, 0x6B, 0x6B, 0x26, 0xEC, 0x6E, 0xBE, 0xA9, 0xFA, 0x58, 0xFE, 0x09,
    0xB9, 0xC7, 0xFF, 0x42, 0xAE, 0x53, 0xCD, 0xB8, 0x54, 0xCA, 0x1D, 0x55, 0x8E, 0x9A, 0xD3, 0x0E,
    0x8F, 0xE4, 0xB5, 0x47, 0x9F, 0x6B, 0xF6, 0xE0, 0xA6, 0x47, 0xBF, 0x6C, 0x3D, 0xFA, 0xEA, 0xFC,
    0x4A, 0x94, 0x75, 0xB3, 0x42, 0x5B, 0x72, 0x96, 0x90, 0x5F, 0x97, 0x1C, 0x39, 0x93, 0x5C, 0x42,
    0xBA, 0xB0, 0x60, 0xEC, 0xA1, 0xEB, 0x40, 0xCA, 0xA3, 0x7F, 0x6B, 0xF0, 0x65, 0xFB, 0x87, 0xDD,
    0x5B, 0xFF, 0x73, 0xAA, 0x62, 0x22, 0x3D, 0xD9, 0x84, 0x47, 0xD9, 0x29, 0x63, 0x19, 0xF8, 0xAD,
    0x60, 0x2F, 0x46, 0x31, 0xED, 0xBC, 0xCD, 0x5E, 0x18, 0x1F, 0xD3, 0x68, 0x99, 0x0E, 0x86, 0x1A,
    0xA0, 0x85, 0x7D, 0xC9, 0x99, 0xAD, 0x15, 0x61, 0x55, 0x72, 0xF8, 0x13, 0x4A, 0x56, 0x8C, 0x67,
    0xE0, 0x3C, 0xFC, 0xA1, 0x60, 0x43, 0xDB, 0x7A, 0xA1, 0x06, 0x21, 0x1D, 0x8D, 0xDD, 0x64, 0x45,
    0x92, 0x8D, 0x74, 0x54, 0x39, 0x2F, 0x06, 0xD1, 0x1A, 0xF3, 0x53, 0xDF, 0x9F, 0xDB, 0x12, 0x96,
    0xAD, 0xBF, 0xBB, 0xF6, 0x03, 0xE7, 0x9B, 0xD5, 0x21, 0xD9, 0x60, 0xEC, 0x5A, 0x43, 0xDB, 0x23,
    0x0E, 0xD4, 0xBE, 0xA6, 0xF0, 0x6B, 0x2F, 0x45, 0xC7, 0x51, 0x76, 0xFB, 0x45, 0x2A, 0xA9, 0xA5,
    0xA4, 0x79, 0xD0, 0xE1, 0x26, 0x22, 0x7C, 0x78, 0xB3, 0xD6, 0x04, 0x3A, 0xDA, 0x6F, 0x12, 0xA8,
    0x79, 0xD3, 0x5B, 0xCC, 0x38, 0x6C, 0x6B, 0x4D, 0x9E, 0xB8, 0xCB, 0xFD, 0xF6, 0x83, 0xAA, 0xF3,
    0xC3, 0x44, 0x7D, 0x8C, 0x07, 0x49, 0x1D, 0x4C, 0x5C, 0x7E, 0x8B, 0x37, 0xA2, 0x1C, 0x72, 0x8F,
    0xDC, 0x17, 0x03, 0xB2, 0xF1, 0xE0, 0x8D, 0x1D, 0xC9, 0x53, 0x6E, 0x73, 0x43, 0xE1, 0x7C, 0xB0,
    0xDD, 0x2C, 0x40, 0x71, 0xF9, 0x2D, 0xDE, 0xD9, 0x61, 0xA9, 0x8F, 0xD8, 0x94, 0x9D, 0x96, 0x30,
    0xB4, 0x28, 0x3B, 0x47, 0xB2, 0x3F, 0x21, 0x64, 0x84, 0xA6, 0x50, 0x85, 0xCF, 0x0E, 0x4B, 0xD5,
    0x7A, 0x9C, 0xA6, 0x47, 0x5F, 0xD6, 0x81, 0x3F, 0x6B, 0x80, 0xBA, 0x3D, 0x4C, 0x0F, 0xD5, 0x58,
    0x85, 0xAB, 0x77, 0x07, 0x00, 0x97, 0xD8, 0xBA, 0xBA, 0xC3, 0x01, 0xCA, 0x78, 0x3B, 0xCE, 0x4C,
    0xE4, 0x35, 0xB0, 0x7F, 0x38, 0xA1, 0x24, 0x87, 0x63, 0xFA, 0x90, 0x71, 0x19, 0xAA, 0xDC, 0x29,
    0x57, 0xBC, 0xB2, 0xF9, 0x97, 0x1F, 0x55, 0x2A, 0xEC, 0xC5, 0x2C, 0x08, 0xF6, 0xA9, 0xD1, 0xAE,
    0xE3, 0xBD, 0x66, 0xA3, 0x3D, 0x43, 0x03, 0xDC, 0x92, 0x30, 0x4C, 0xC3, 0xEB, 0x8F, 0x45, 0x8C,
    0xC2, 0xDA, 0x7E, 0xB2, 0x3B, 0x4A, 0x1D, 0x70, 0x9C, 0xBE, 0x5B, 0xB9, 0x5F, 0xD0, 0x3B, 0x72,
    0xB2, 0x34, 0x3B, 0x9F, 0x2D, 0xFA, 0x82, 0xBB, 0xEE, 0x38, 0x01, 0x07, 0x29, 0xE6, 0x82, 0x84,
    0x93, 0x25, 0xAF, 0x4A, 0xCA, 0xCE, 0xB5, 0x44, 0xD1, 0xBB, 0x8F, 0x89, 0xBC, 0xD7, 0xB3, 0x22,
    0x1F, 0xDC, 0xCB, 0x19, 0xD9, 0xE0, 0x5E, 0x99, 0xDE, 0xBD, 0x9A, 0xE4, 0x27, 0x13, 0xD2, 0x51,
    0xEE, 0x26, 0xF7, 0xA9, 0x56, 0x74, 0xB8, 0xCF, 0x86, 0x70, 0x93, 0xEE, 0x17, 0xD8, 0xE8, 0xEE,
    0x59, 0x3B, 0x51, 0x1C, 0x54, 0xE6, 0xB3, 0x11, 0xA9, 0x95, 0xB4, 0x7D, 0xB5, 0x57, 0x88, 0x33,
    0x2B, 0xF2, 0xEA, 0x82, 0xC2, 0x6A, 0xE1, 0x50, 0x5A, 0xBD, 0x9B, 0x3A, 0x92, 0x01, 0xB6, 0x65,
    0x17, 0x75, 0xDF, 0x5C, 0x76, 0x23, 0xEA, 0xE7, 0x4B, 0xEA, 0x51, 0x7E, 0xBC, 0x64, 0xC3, 0x6A,
    0xF1, 0xD3, 0x25, 0xEF, 0x91, 0xFF, 0x7A, 0x29, 0x3A, 0x64, 0xBF, 0x5B, 0xCA, 0x16, 0x29, 0xB9,
    0x9F, 0xCE, 0x5C, 0xB0, 0x9A, 0xED, 0xE7, 0xEE, 0x2D, 0xB7, 0x43, 0x61, 0x25, 0x7B, 0x94, 0xB6,
    0xD7, 0x4D, 0x84, 0xDA, 0x64, 0xE5, 0x2C, 0x32, 0x2B, 0x5A, 0x2D, 0xAC, 0x60, 0x5B, 0x79, 0xD9,
    0xC7, 0x58, 0xCD, 0x13, 0x89, 0xB4, 0x8A, 0xD9, 0x16, 0x9F, 0xA7, 0xB7, 0xAB, 0x79, 0xE6, 0x75,
    0xDD, 0xB2, 0x53, 0xA4, 0x6C, 0xC4, 0x79, 0x0E, 0xA7, 0x6F, 0x97, 0x83, 0xE9, 0x5B, 0x05, 0x0D,
    0x7D, 0xBA, 0x6D, 0xD2, 0xB6, 0x17, 0xA3, 0x20, 0xD6, 0x83, 0x04, 0xDB, 0x5D, 0x65, 0x95, 0xE7,
    0x9F, 0xEF, 0xD6, 0x1E, 0x5F, 0xBE, 0xAE, 0xB0, 0xD6, 0x31, 0xAF, 0xCB, 0xD7, 0x4F, 0xB9, 0x59,
    0x46, 0x43, 0xC3, 0xEA, 0xB8, 0x99, 0x5B, 0x58, 0x8C, 0x74, 0x36, 0xD6, 0xB5, 0x17, 0x46, 0x31,
    0x18, 0xA5, 0x41, 0xB6, 0x02, 0xA2, 0x11, 0x7D, 0xC8, 0x50, 0x11, 0xAF, 0xC2, 0x5B, 0x47, 0x60,
    0x7D, 0xF9, 0x1E, 0x98, 0x14, 0xDE, 0x40, 0xA0, 0x50, 0xF5, 0xD9, 0x59, 0xEC, 0x24, 0x08, 0xB6,
    0xD9, 0xB6, 0x86, 0xA7, 0xF0, 0xE1, 0xE0, 0x0C, 0x77, 0xBB, 0x7C, 0x07, 0xC6, 0x28, 0x66, 0xC1,
    0x2A, 0x64, 0x18, 0xAE, 0x57, 0x61, 0x6F, 0x14, 0xFA, 0x2F, 0x99, 0x48, 0x45, 0xF8, 0x78, 0x50,
    0x9F, 0xA5, 0xEC, 0x91, 0xCC, 0x46, 0x3A, 0x19, 0xD9, 0x68, 0xE4, 0xDE, 0x28, 0x86, 0xF2, 0xB5,
    0xFD, 0xAF, 0x51, 0x77, 0x86, 0x6B, 0x0D, 0x36, 0xE5, 0xEB, 0x3F, 0xAC, 0x1F, 0xA8, 0xE1, 0xC5,
    0x24, 0x08, 0x65, 0x54, 0xA1, 0xC8, 0x4D, 0xE1, 0x5A, 0x94, 0x7D, 0x08, 0x65, 0xE4, 0x8B, 0x91,
    0xD1, 0xD8, 0x89, 0x88, 0xAC, 0x2C, 0xC3, 0x28, 0x7B, 0xC3, 0xB5, 0xFC, 0xA0, 0x65, 0xC3, 0x0F,
    0x3E, 0x26, 0xF8, 0xC1, 0xAB, 0xC5, 0xF8, 0xE4, 0xF6, 0x05, 0x67, 0x27, 0x7A, 0x31, 0x29, 0x63,
    0xBE, 0x29, 0xF2, 0x92, 0x46, 0x4B, 0x45, 0x71, 0xA2, 0x14, 0xE9, 0xA0, 0x36, 0x77, 0x36, 0xB2,
    0xC9, 0xC8, 0x47, 0x77, 0x78, 0x15, 0xEB, 0xFE, 0xF0, 0x52, 0x6A, 0x29, 0x04, 0x2D, 0x0A, 0xC8,
    0x45, 0x78, 0x31, 0x09, 0x42, 0x19, 0xE1, 0xCA, 0x36, 0xE2, 0xDC, 0x12, 0xA9, 0xC5, 0xC8, 0x69,
    0xA4, 0x22, 0xE2, 0x4D, 0x95, 0xC5, 0x48, 0x15, 0x71, 0x2A, 0x7C, 0xB7, 0xA2, 0x79, 0xAB, 0x68,
    0xBC, 0xA9, 0xF7, 0x15, 0xA1, 0x22, 0x5B, 0x45, 0xF5, 0x64, 0x94, 0xB3, 0x91, 0x8B, 0xDD, 0xFC,
    0xA5, 0x16, 0x0E, 0x9C, 0x70, 0xCD, 0x6E, 0xFE, 0x84, 0x8B, 0x4B, 0x0D, 0xAE, 0x9C, 0x9E, 0x3B,
    0xE5, 0x4C, 0x39, 0x7F, 0xC2, 0xC5, 0x19, 0xBC, 0xB2, 0xCF, 0xB9, 0x1C, 0x33, 0x1B, 0x1E, 0x97,
    0x21, 0x4F, 0x51, 0xC6, 0x5B, 0xC2, 0xCA, 0xD1, 0x1F, 0x33, 0x18, 0x0D, 0x0E, 0x20, 0xEF, 0xA2,
    0x8C, 0xFB, 0xB9, 0x5D, 0xA2, 0x14, 0x3F, 0xEC, 0x12, 0xA5, 0xDE, 0x02, 0xB0, 0xCB, 0x97, 0xF8,
    0x68, 0x89, 0x12, 0xF7, 0xB3, 0xB6, 0xDD, 0xA5, 0x4E, 0xCA, 0xC9, 0x40, 0x7E, 0x7A, 0xDB, 0xD9,
    0xFB, 0x68, 0x40, 0x39, 0xEE, 0x16, 0xE4, 0xDB, 0x40, 0x3E, 0x22, 0xFB, 0xCB, 0x0F, 0x5F, 0x37,
    0x20, 0x5D, 0xC2, 0x20, 0xA0, 0xB0, 0xBA, 0xC6, 0xF5, 0xA1, 0x69, 0x81, 0xD6, 0x15, 0x3C, 0xDF,
    0xDC, 0xE6, 0x9C, 0x75, 0x7F, 0xD4, 0xBF, 0x39, 0xBF, 0x82, 0x67, 0xEB, 0xFA, 0x5F, 0xCD, 0xBE,
    0xCA, 0x71, 0x5D, 0x24, 0x35, 0x84, 0x7A, 0xC3, 0xDA, 0xE7, 0x84, 0x08, 0xAB, 0x7F, 0xD9, 0x44,
    0x56, 0x79, 0xB5, 0xBF, 0x61, 0xDD, 0xAB, 0x30, 0xF8, 0x98, 0x4E, 0x07, 0x1F, 0x67, 0x8F, 0x20,
    0x62, 0x75, 0x3F, 0xA7, 0x27, 0x1D, 0x9A, 0x8B, 0xC3, 0x65, 0x4B, 0xD5, 0x85, 0x93, 0x2E, 0x78,
    0x53, 0x6F, 0xCA, 0xFE, 0xB6, 0xCA, 0xD3, 0xEE, 0x6C, 0x6C, 0x34, 0x0F, 0x74, 0xD2, 0xE5, 0x76,
    0xD2, 0xF9, 0x1B, 0x7F, 0x7A, 0xD2, 0xF7, 0x1F, 0xC1, 0xC9, 0x49, 0x87, 0x05, 0x89, 0x28, 0x26,
    0xFD, 0x11, 0x06, 0xD8, 0x48, 0x75, 0xB6, 0xD0, 0x67, 0xAC, 0xA3, 0xD5, 0xA9, 0x82, 0xBF, 0x58,
    0x4C, 0xF7, 0xC5, 0x64, 0x96, 0xDC, 0xF7, 0x07, 0x06, 0xAC, 0xAD, 0x3D, 0x52, 0xB6, 0xE1, 0xEF,
    0xCE, 0xCC, 0x39, 0x84, 0x32, 0xDE, 0xAC, 0xA9, 0xF2, 0xFC, 0x6C, 0x56, 0x4D, 0xDF, 0xA3, 0x8E,
    0x2B, 0x51, 0x23, 0xA0, 0xEF, 0xBE, 0x1A, 0x55, 0x72, 0xFF, 0xFB, 0x22, 0x84, 0xB6, 0x5B, 0x37,
    0x4B, 0x4E, 0xD8, 0x16, 0x5F, 0x76, 0x7B, 0xEF, 0xD1, 0x5F, 0x7E, 0xEF, 0x91, 0x9E, 0x7D, 0xEF,
    0x31, 0x1D, 0xBD, 0xF7, 0x88, 0x39, 0xED, 0x16, 0x70, 0xD2, 0x7B, 0x8F, 0x29, 0xBC, 0xF7, 0x00,
    0xB0, 0x3B, 0x4B, 0x68, 0x4F, 0xDE, 0x9E, 0x62, 0x5B, 0xDB, 0x91, 0x89, 0x44, 0xE0, 0xD9, 0x3D,
    0x8B, 0xB6, 0xE6, 0xBB, 0xEC, 0xCE, 0x70, 0x5D, 0x83, 0x13, 0x26, 0xCC, 0x7D, 0x6E, 0x6C, 0x8B,
    0x3E, 0x52, 0xBE, 0x26, 0xF0, 0xA3, 0xC3, 0xA7, 0x8A, 0x3F, 0xE1, 0xF2, 0xF3, 0x7D, 0x40, 0x71,
    0x1F, 0xF3, 0x5D, 0x46, 0xA3, 0xE0, 0xE2, 0xBC, 0x2A, 0xF7, 0xA9, 0x48, 0x04, 0x9E, 0xB1, 0xF6,
    0xC0, 0x5C, 0xDC, 0x05, 0x77, 0xA8, 0xFB, 0x88, 0xCD, 0x29, 0xAF, 0x7F, 0x77, 0x87, 0xF2, 0xCD,
    0x1B, 0x83, 0x64, 0x53, 0x88, 0x8C, 0x33, 0x9B, 0xC8, 0xFD, 0x41, 0x77, 0xC0, 0xEF, 0x6E, 0x40,
    0x74, 0xC8, 0xD5, 0x8B, 0xE7, 0x7E, 0xB9, 0x6F, 0x34, 0xC6, 0xC3, 0x91, 0x58, 0x77, 0xF2, 0x43,
    0x8F, 0x95, 0xF6, 0x2A, 0x80, 0xCB, 0xC9, 0x35, 0xFC, 0x84, 0x03, 0x7F, 0xC5, 0x49, 0xB5, 0x71,
    0xC8, 0x16, 0xD5, 0xF5, 0xB6, 0xCB, 0x7A, 0x1F, 0xFB, 0x17, 0x80, 0x78, 0x47, 0xD3, 0x49, 0x0E,
    0x0B, 0x40, 0xD0, 0xD8, 0x4F, 0x27, 0xCD, 0x87, 0xD3, 0x49, 0xE1, 0xE1, 0xA6, 0xED, 0xA9, 0x7E,
    0x10, 0xF1, 0x56, 0x07, 0xF9, 0x78, 0xEB, 0x5E, 0xEE, 0x4C, 0x4C, 0xE5, 0x1E, 0x5F, 0x35, 0xDD,
    0x89, 0xF9, 0x0E, 0x2A, 0xE0, 0x27, 0x98, 0x11, 0xAD, 0xA7, 0xBA, 0x00, 0xEE, 0xF4, 0x54, 0x2B,
    0x68, 0x7B, 0xB2, 0x9F, 0x57, 0xE1, 0xEB, 0x11, 0x10, 0x8F, 0x89, 0xC7, 0x6E, 0xDA, 0x4D, 0x48,
    0xA6, 0x74, 0x5C, 0x57, 0x10, 0xAC, 0xC3, 0x7C, 0xF5, 0xB9, 0x66, 0xAC, 0xDB, 0xA3, 0x2D, 0x69,
    0x8B, 0x74, 0x5A, 0xE7, 0xD0, 0xF6, 0xB4, 0x57, 0x28, 0x65, 0x36, 0xE1, 0x1C, 0xDA, 0x1E, 0xFB,
    0xBA, 0x28, 0x20, 0xB1, 0x9A, 0x07, 0x0B, 0x19, 0x4E, 0xD7, 0xFC, 0x54, 0xD6, 0x07, 0xBA, 0xEF,
    0x4B, 0xFE, 0xC5, 0x5E, 0x2E, 0x88, 0x98, 0x9A, 0x71, 0x30, 0x59, 0x82, 0xA4, 0xE5, 0xEE, 0x0E,
    0x4C, 0x83, 0xD9, 0x98, 0x6E, 0xE6, 0x6A, 0x1A, 0x50, 0x0C, 0xB2, 0x3C, 0x30, 0x5E, 0xA2, 0xA5,
    0xCA, 0xF8, 0x09, 0xBB, 0x92, 0xE4, 0x50, 0x7F, 0x9B, 0xDF, 0x1A, 0x0B, 0xFB, 0x8F, 0x13, 0xA2,
    0x05, 0x73, 0x20, 0x72, 0xE4, 0x9C, 0xD1, 0x28, 0x85, 0xCD, 0xDB, 0x00, 0x2E, 0x32, 0x18, 0x13,
    0x2F, 0xF8, 0x2D, 0xBE, 0x3F, 0x39, 0xD6, 0x1C, 0x6B, 0x16, 0x1C, 0x8A, 0x25, 0x65, 0x97, 0x7A,
    0xF5, 0x78, 0xBE, 0xBE, 0xAD, 0xF3, 0xF2, 0xE9, 0x7E, 0x9D, 0x57, 0x7F, 0xBA, 0xCE, 0xEB, 0xB1,
    0x7F, 0x25, 0xB6, 0xFE, 0x7A, 0x29, 0xBE, 0xFF, 0xD7, 0x4B, 0x8F, 0xFE, 0xB2, 0xF4, 0x76, 0x46,
    0x3C, 0xBE, 0x79, 0xA6, 0xB5, 0x99, 0xA6, 0xB1, 0xF3, 0xD0, 0xDF, 0xD7, 0xD4, 0x36, 0xFE, 0x6A,
    0x9D, 0x04, 0x9A, 0xC4, 0x55, 0x33, 0xE2, 0x1E, 0xF9, 0xFD, 0xBF, 0x6B, 0x01, 0x9E, 0xDD, 0x7C,
    0x8D, 0x73, 0x72, 0x12, 0x44, 0xAA, 0x1E, 0x5D, 0x5C, 0xAD, 0xA3, 0x96, 0xC0, 0xED, 0x19, 0x89,
    0xF5, 0x54, 0xB7, 0x85, 0x5A, 0xD5, 0x3A, 0x23, 0x7E, 0xB4, 0x68, 0x54, 0xB7, 0x72, 0x75, 0x0E,
    0x68, 0x7B, 0xD2, 0x06, 0xE9, 0xDE, 0x43, 0x7B, 0xEC, 0x66, 0x28, 0x5D, 0xF2, 0x09, 0xE7, 0xB8,
    0xDD, 0x9E, 0xEA, 0x17, 0x84, 0x3B, 0x66, 0xF3, 0x59, 0x6E, 0xB7, 0xC7, 0x5B, 0x3C, 0x0A, 0x72,
    0x38, 0x65, 0xDB, 0x9E, 0xF6, 0xC7, 0x83, 0xA7, 0xFD, 0x3A, 0xAC, 0xDB, 0x43, 0xBE, 0x18, 0xBC,
    0x7C, 0xED, 0x9F, 0xFC, 0xF4, 0xCF, 0xBD, 0xA0, 0x7F, 0xE8, 0xD3, 0xBF, 0xE2, 0x96, 0x7C, 0xA2,
    0x9F, 0xFE, 0x5D, 0x75, 0x57, 0x3C, 0xD6, 0x72, 0xD7, 0xFF, 0x89, 0x6F, 0x4A, 0x0B, 0xD5, 0x51,
    0x1E, 0x71, 0xB2, 0x3D, 0xD9, 0x8F, 0xF4, 0x4A, 0x4E, 0xA7, 0x9C, 0x6C, 0x4F, 0xBB, 0x0A, 0x96,
    0x3F, 0x63, 0x73, 0x96, 0xA7, 0xBF, 0x74, 0xBA, 0x57, 0xCF, 0xF2, 0xDF, 0xE4, 0xD2, 0x85, 0x2D,
    0xEE, 0xB3, 0x06, 0xC9, 0x9C, 0x7B, 0xA4, 0xE1, 0x76, 0x18, 0xEA, 0x16, 0x45, 0x67, 0xF9, 0xE5,
    0x73, 0x9D, 0x3E, 0xFE, 0xF1, 0x89, 0x2F, 0x62, 0x54, 0xBD, 0x03, 0x24, 0x3E, 0xEB, 0xEC, 0x3C,
    0xF6, 0xB7, 0x75, 0x87, 0xBC, 0x77, 0x8D, 0xBA, 0x23, 0x40, 0xFD, 0xFE, 0x04, 0x7C, 0x0D, 0x7F,
    0x83, 0xA7, 0xBF, 0x9C, 0x57, 0x74, 0x62, 0x9E, 0xEA, 0x17, 0x96, 0x57, 0x1C, 0xDA, 0xE3, 0x2D,
    0x70, 0xBE, 0xA2, 0x19, 0x7B, 0xAA, 0xDF, 0x1E, 0x5E, 0xD1, 0x8C, 0x3D, 0xDE, 0xBA, 0xE3, 0xFF,
    0x02, 0xCD, 0x9A, 0x31, 0x8C, 0xE5, 0xC4, 0xFD, 0xC7, 0x3F, 0xB6, 0xF7, 0x7F, 0x46, 0x7F, 0x2B,
    0x78, 0x23, 0xA5, 0x40, 0xB9, 0x48, 0x6E, 0x53, 0xA0, 0x98, 0x92, 0x22, 0x60, 0x03, 0xE9, 0xA1,
    0xAF, 0x68, 0x49, 0x8A, 0xB4, 0x14, 0x10, 0xBF, 0x4B, 0xD2, 0xE7, 0xFA, 0x2A, 0xC5, 0x35, 0xA9,
    0x42, 0x99, 0xE2, 0xF6, 0x6C, 0xA0, 0x48, 0x91, 0x22, 0x46, 0x94, 0x34, 0x46, 0x41, 0x42, 0x28,
    0x45, 0x8C, 0x64, 0x25, 0x86, 0x8C, 0xFD, 0xCD, 0x9B, 0x9F, 0xEC, 0xB7, 0xBB, 0xCB, 0xF2, 0x6E,
    0x01, 0xDE, 0xBE, 0x1B, 0xC9, 0x9F, 0xC6, 0x9E, 0xF1, 0x6F, 0x3E, 0x9E, 0x9D, 0xF9, 0xBD, 0x99,
    0x25, 0x51, 0x07, 0xA9, 0xFA, 0x05, 0x99, 0x06, 0xC8, 0x35, 0x42, 0x21, 0xB7, 0xC5, 0x47, 0x0E,
    0xEA, 0xBF, 0x4E, 0xA0, 0xF7, 0x05, 0xFA, 0x9D, 0x08, 0xF4, 0xB2, 0xCA, 0x50, 0x81, 0x36, 0x91,
    0x50, 0x13, 0xCD, 0x5B, 0xC4, 0x92, 0xDA, 0x64, 0x8B, 0x2E, 0xDD, 0xA2, 0x37, 0x64, 0x23, 0xC5,
    0x90, 0x0F, 0xE4, 0x63, 0xD1, 0x93, 0xB9, 0x2D, 0x52, 0x57, 0x75, 0xA4, 0x53, 0xDD, 0x92, 0xCC,
    0x58, 0x09, 0xB5, 0xB9, 0x1E, 0xF9, 0x5C, 0x12, 0x49, 0x3D, 0xA9, 0xE4, 0xC8, 0xA5, 0x99, 0xA4,
    0x4D, 0x44, 0x40, 0x24, 0x30, 0xFC, 0x4A, 0xC2, 0xBF, 0x97, 0xCC, 0xA3, 0x18, 0xA2, 0x2D, 0xBA,
    0x1D, 0xFA, 0x44, 0x65, 0xA1, 0x59, 0x7D, 0x2E, 0xE7, 0x03, 0xEA, 0xEB, 0x3E, 0xD0, 0x26, 0xEF,
    0xB1, 0x92, 0x4E, 0x5F, 0x87, 0x2F, 0xCB, 0x2D, 0x2E, 0x2B, 0x21, 0xEB, 0x80, 0xBC, 0x01, 0x8A,
    0x12, 0xF8, 0x19, 0x56, 0x38, 0x9A, 0xBA, 0xE2, 0x33, 0xA0, 0x52, 0xE9, 0xB1, 0x59, 0x40, 0x55,
    0x02, 0x02, 0x82, 0x09, 0xE0, 0x2F, 0x58, 0x39, 0xB4, 0x49, 0x2B, 0x9D, 0x47, 0x38, 0x7B, 0x46,
    0x93, 0x89, 0x19, 0x4D, 0x72, 0xCF, 0xEA, 0x4D, 0x79, 0x09, 0x91, 0xDE, 0x65, 0x55, 0x6A, 0x86,
    0x4C, 0x0C, 0xCC, 0xCC, 0xC0, 0xF3, 0x3C, 0xCF, 0x45, 0xB1, 0xF6, 0xE4, 0x4A, 0x73, 0x6B, 0x72,
    0xD7, 0xBA, 0xA6, 0xD7, 0xFC, 0xAE, 0xED, 0x98, 0x61, 0x4C, 0x31, 0xE6, 0x18, 0x93, 0x8C, 0x59,
    0xC6, 0x34, 0x63, 0x9E, 0x31, 0xC7, 0x0B, 0x4D, 0x35, 0xE6, 0x1A, 0x93, 0x8D, 0xD9, 0xC6, 0x74,
    0x63, 0xBE, 0x59, 0x4B, 0xB4, 0x59, 0xFB, 0x96, 0x5A, 0x34, 0x1D, 0x50, 0x34, 0x40, 0x0D, 0xF1,
    0x78, 0x06, 0xD9, 0x7C, 0xB2, 0x7C, 0x0E, 0xA9, 0x23, 0x9A, 0xB3, 0x91, 0x68, 0x8C, 0x47, 0x68,
    0xE9, 0x6E, 0xE7, 0x73, 0xC4, 0x8D, 0x67, 0xD1, 0x7A, 0xE6, 0x3D, 0x6B, 0xA8, 0x44, 0x8E, 0xDD,
    0xD0, 0xE0, 0xCC, 0x82, 0x3E, 0x35, 0xB1, 0x91, 0x9C, 0x49, 0x16, 0x50, 0xF4, 0x6A, 0xB6, 0xDC,
    0x14, 0x1B, 0x78, 0x9A, 0xA7, 0x59, 0x4B, 0xA8, 0x71, 0x7D, 0x72, 0x61, 0xAC, 0x09, 0x48, 0x34,
    0xEF, 0xEA, 0xA6, 0xFF, 0xF6, 0xCC, 0x3F, 0x57, 0xB9, 0x6B, 0xA7, 0xF3, 0xAC, 0xDA, 0xBA, 0x85,
    0xBA, 0xA9, 0x3A, 0x50, 0x53, 0xF4, 0xA0, 0xCD, 0x96, 0x81, 0xA4, 0x81, 0x70, 0xCB, 0xD1, 0xEB,
    0x90, 0x5B, 0x18, 0xCF, 0x5E, 0x7B, 0x32, 0x79, 0xED, 0xA9, 0x23, 0x96, 0x67, 0x24, 0xBC, 0x49,
    0x95, 0xB9, 0xAF, 0xB2, 0xC1, 0x4A, 0xBC, 0xC1, 0xF4, 0x1B, 0xBB, 0xF3, 0xF1, 0xE6, 0x75, 0x43,
    0xE8, 0x3C, 0x99, 0xAA, 0x0D, 0xF0, 0x43, 0x75, 0x16, 0xB3, 0x7D, 0x39, 0x8B, 0xB9, 0xF8, 0x58,
    0x1B, 0xDF, 0x53, 0x7F, 0xFB, 0x07, 0x97, 0x7A, 0xFA, 0x09, 0x50, 0x48, 0x80, 0xA4, 0xC6, 0x22,
    0xEC, 0xE0, 0x8C, 0xBA, 0x87, 0x53, 0x7C, 0xFC, 0x18, 0xEF, 0xD4, 0xDA, 0xB2, 0xD2, 0x96, 0x81,
    0x3C, 0x23, 0x95, 0xC5, 0x96, 0x33, 0xE7, 0x14, 0xF5, 0xB0, 0xA5, 0xFE, 0x25, 0xDF, 0xCE, 0xDF,
    0x05, 0x52, 0x22, 0xC8, 0xC6, 0x50, 0x40, 0x38, 0xDF, 0x87, 0x48, 0x83, 0x49, 0xDD, 0xF9, 0x1D,
    0x81, 0xA4, 0x87, 0x37, 0xD2, 0x96, 0x50, 0xAF, 0x6E, 0x48, 0xF4, 0x01, 0xE4, 0xFE, 0xB1, 0xFA,
    0xA3, 0xC9, 0xC6, 0x37, 0x3C, 0xE4, 0x6D, 0x38, 0xE5, 0xF4, 0xC8, 0x13, 0xD1, 0x3A, 0x5D, 0xB6,
    0x1E, 0xDD, 0x02, 0xD2, 0xD6, 0xFE, 0xEC, 0x09, 0x1F, 0x14, 0x25, 0xE9, 0xF4, 0x22, 0xE4, 0xFA,
    0x05, 0xD4, 0xA6, 0xB3, 0xEA, 0x89, 0x5D, 0xE2, 0x08, 0xFB, 0xB0, 0x87, 0x92, 0xF2, 0xE0, 0x7F,
    0x17, 0xF6, 0x67, 0x2A, 0x39, 0x0F, 0x41, 0xA5, 0x19, 0x4E, 0xEF, 0x0E, 0x58, 0x21, 0x10, 0x10,
    0xAB, 0xF1, 0xD6, 0xEC, 0x83, 0x3A, 0x33, 0x04, 0x67, 0x9C, 0x79, 0xC5, 0x3F, 0x3A, 0xB2, 0xE2,
    0x7A, 0x83, 0x79, 0x21, 0x96, 0x1C, 0xA1, 0x34, 0x40, 0xF9, 0xEB, 0x16, 0x2B, 0xC4, 0x0E, 0xC8,
    0x04, 0x54, 0x6A, 0x08, 0x54, 0xF7, 0xC4, 0x53, 0xBA, 0xDA, 0xDD, 0xDC, 0x82, 0xDD, 0x50, 0xA5,
    0xF9, 0x5B, 0xBC, 0x14, 0x32, 0x7F, 0x33, 0xC1, 0x8C, 0xE0, 0x4D, 0x7E, 0xCE, 0x79, 0x79, 0x42,
    0x73, 0x8D, 0xC4, 0x01, 0xF9, 0x2A, 0x11, 0xD5, 0x36, 0x75, 0x0F, 0xC4, 0x63, 0xEC, 0x08, 0xBA,
    0xA0, 0x67, 0x57, 0x8E, 0x97, 0x98, 0x10, 0x7A, 0xC4, 0x1D, 0x90, 0x8E, 0x40, 0xD6, 0xAF, 0xF3,
    0xBC, 0x4D, 0x71, 0x02, 0x9E, 0x7B, 0xF6, 0x29, 0x42, 0x47, 0x51, 0x7A, 0xF7, 0xE5, 0x3A, 0xDA,
    0x9D, 0x8D, 0x6C, 0xEB, 0xEA, 0xB1, 0xBF, 0xC2, 0x53, 0x26, 0xB0, 0x5C, 0x27, 0xEC, 0xBA, 0x01,
    0x04, 0x84, 0xD3, 0x32, 0xF1, 0x05, 0xF7, 0xDE, 0x79, 0x9D, 0xA4, 0xC3, 0x91, 0x8C, 0x91, 0x2D,
    0x09, 0x23, 0x81, 0x97, 0x6D, 0x93, 0x07, 0xC9, 0x74, 0x0B, 0x5F, 0xA1, 0x04, 0x92, 0xC6, 0x62,
    0x5C, 0x35, 0x27, 0xE3, 0x6E, 0x45, 0x99, 0xBD, 0xE7, 0x37, 0x9F, 0x6C, 0xCF, 0xFF, 0x07, 0x50,
    0x78, 0x58, 0x28, 0x55, 0xB3, 0xE6, 0x2A, 0x69, 0xBF, 0xF3, 0xDC, 0x1E, 0xDB, 0x73, 0xA6, 0x92,
    0x2D, 0x1A, 0x8F, 0xD6, 0xC3, 0xA2, 0xDC, 0x2C, 0x91, 0x9F, 0x9E, 0x9D, 0x10, 0x8C, 0xCF, 0x14,
    0x84, 0x5F, 0x51, 0x3C, 0x3C, 0x09, 0x8A, 0x6B, 0xCB, 0x3D, 0xB5, 0xA2, 0xD2, 0x3A, 0x36, 0x02,
    0x07, 0xBC, 0x32, 0x9C, 0x12, 0xB7, 0xAF, 0x5D, 0xB4, 0x1B, 0xDE, 0xAE, 0xDD, 0xFF, 0xB7, 0x0F,
    0x3F, 0xFE, 0x04, 0xA4, 0xD9, 0x43, 0xF0, 0x5C, 0x35, 0x01, 0xE1, 0x1F, 0xE1, 0x14, 0x6F, 0x97,
    0x27, 0xD6, 0xEE, 0x1B, 0x40, 0xA8, 0xEE, 0x75, 0x62, 0xC9, 0x12, 0x28, 0x47, 0x70, 0x4F, 0x3D,
    0xF0, 0xE3, 0x0D, 0x94, 0x78, 0xBB, 0x1C, 0xD1, 0xAE, 0x95, 0x87, 0xBC, 0x40, 0x30, 0x51, 0x83,
    0x5E, 0x9E, 0x17, 0x7F, 0x85, 0xC6, 0x25, 0x09, 0x0A, 0x55, 0x3E, 0xD1, 0x6B, 0x9E, 0xDD, 0xEC,
    0x18, 0x48, 0x06, 0x2F, 0xD1, 0x25, 0xAB, 0x44, 0xA9, 0x85, 0xC2, 0x96, 0xC5, 0x2F, 0x8E, 0xBC,
    0xE6, 0x55, 0xD2, 0x7C, 0xE1, 0x9A, 0xAA, 0x0E, 0xAE, 0xBD, 0x24, 0x77, 0xF1, 0xDA, 0xF3, 0xDC,
    0x74, 0xB1, 0x4D, 0x00, 0x72, 0xF7, 0xD5, 0xEB, 0xEE, 0x5C, 0x82, 0x2C, 0xA7, 0xD7, 0x84, 0x97,
    0x6D, 0x29, 0xFB, 0xA6, 0xE8, 0x51, 0x53, 0x74, 0xD4, 0x4D, 0x21, 0xA9, 0xA9, 0xB6, 0x68, 0x0D,
    0xB6, 0x54, 0x18, 0x8A, 0x9E, 0x67, 0xC8, 0x1C, 0x67, 0x56, 0xAD, 0x8C, 0x3C, 0xF0, 0xAD, 0x70,
    0x57, 0xF7, 0xB1, 0x42, 0xAC, 0xEB, 0x41, 0xFD, 0x00, 0x34, 0x83, 0x64, 0x17, 0x08, 0x82, 0x69,
    0x99, 0xB2, 0x7B, 0xE0, 0x16, 0x9C, 0xE4, 0x9F, 0x61, 0xDF, 0xDF, 0xA3, 0x59, 0x40, 0xB1, 0x01,
    0x6A, 0x00, 0x93, 0xF6, 0x16, 0x56, 0x0E, 0x28, 0x2A, 0x98, 0xCB, 0x32, 0x91, 0xDA, 0x54, 0xEA,
    0xFD, 0xC8, 0x0B, 0x2C, 0x0F, 0xE6, 0x76, 0x14, 0xD4, 0x9B, 0x53, 0xA2, 0xF3, 0x99, 0xC7, 0x83,
    0xD2, 0x16, 0x50, 0x0E, 0xDE, 0xF1, 0xB5, 0xA4, 0xE5, 0x2E, 0xC7, 0xEB, 0xD6, 0x35, 0x7C, 0xDD,
    0xDC, 0x49, 0x3F, 0x1F, 0xA1, 0x70, 0xA7, 0x20, 0xE1, 0x23, 0x68, 0x48, 0xED, 0xCF, 0xBF, 0x4F,
    0x7B, 0xA2, 0x4D, 0xD8, 0x9C, 0x7B, 0xBA, 0x8C, 0xC9, 0xFA, 0xBB, 0x07, 0x92, 0xBB, 0x8A, 0xC7,
    0xD6, 0x98, 0xAE, 0xBE, 0x68, 0x2D, 0x51, 0x0B, 0xC4, 0xE3, 0xE5, 0x84, 0xB5, 0x01, 0xAA, 0x92,
    0xC8, 0xFD, 0x06, 0x52, 0x9D, 0xD8, 0x00, 0x5B, 0x4D, 0xA6, 0x7E, 0x22, 0x8A, 0x1C, 0x74, 0xBC,
    0x73, 0x2B, 0x9E, 0xCD, 0x54, 0x7E, 0x39, 0xCD, 0xF3, 0xEF, 0x27, 0x98, 0x01, 0x1E, 0x15, 0xCD,
    0xB2, 0x4B, 0x12, 0xC9, 0xE1, 0x9B, 0x59, 0xB6, 0x36, 0x8A, 0xA6, 0x68, 0x78, 0x9A, 0x04, 0x2B,
    0x81, 0xA4, 0xF1, 0x32, 0x86, 0x40, 0x1B, 0xD8, 0x03, 0xA9, 0xBF, 0x82, 0xC7, 0xD7, 0x18, 0xAE,
    0xBC, 0xE8, 0x42, 0x17, 0x5A, 0x8F, 0x1E, 0x48, 0x87, 0x5D, 0x17, 0x26, 0x80, 0xB3, 0x9B, 0x75,
    0x81, 0xA0, 0xFE, 0x64, 0xBD, 0x2B, 0xB5, 0x2C, 0x01, 0xE5, 0x63, 0x24, 0x52, 0x17, 0xCD, 0x24,
    0xCE, 0xFB, 0x73, 0xF1, 0x16, 0x93, 0x21, 0x9A, 0x81, 0xC8, 0x20, 0x82, 0x4D, 0xA0, 0x26, 0xB1,
    0x6A, 0x03, 0x85, 0x47, 0xEA, 0x5B, 0x09, 0xEA, 0x2F, 0x80, 0xEC, 0x33, 0x20, 0xD7, 0xC6, 0xA3,
    0x31, 0xAC, 0x13, 0x4A, 0x05, 0x77, 0xEE, 0x3F, 0x82, 0x6C, 0x7C, 0x08, 0xD5, 0x6C, 0xBD, 0xDC,
    0x10, 0xCF, 0x75, 0x47, 0x3A, 0x64, 0x3D, 0x71, 0x1B, 0xB7, 0x04, 0x50, 0x1E, 0x7B, 0x3C, 0x27,
    0x5F, 0x96, 0xB6, 0x8E, 0x7B, 0xF4, 0x0B, 0x48, 0x6D, 0xDC, 0x34, 0x04, 0x0F, 0x8A, 0x0D, 0xC9,
    0x5C, 0x40, 0xA6, 0xDF, 0x43, 0xE5, 0x3B, 0xAE, 0x3F, 0x0F, 0x44, 0x53, 0xEC, 0x08, 0x86, 0x60,
    0xB0, 0x8C, 0xE5, 0x36, 0x27, 0xCC, 0xF8, 0xC2, 0x84, 0x69, 0x23, 0xA2, 0x98, 0xC0, 0x57, 0xF1,
    0xF7, 0xC7, 0xBC, 0xF7, 0x5E, 0x83, 0x32, 0x28, 0x6F, 0x65, 0x32, 0xAD, 0xEE, 0x9F, 0x12, 0x5E,
    0x3F, 0x99, 0xAE, 0x43, 0x35, 0x15, 0x50, 0xA8, 0x05, 0x7B, 0x6E, 0x4E, 0xCE, 0xBD, 0xBD, 0x76,
    0x68, 0x6F, 0x64, 0xE3, 0xEA, 0xC7, 0x66, 0xD2, 0xC4, 0x15, 0x7D, 0xDA, 0xA7, 0x43, 0xD4, 0x44,
    0x2D, 0x56, 0x8E, 0x98, 0x87, 0xC4, 0x13, 0x90, 0xA9, 0xBC, 0x30, 0x4B, 0x86, 0x4A, 0xC7, 0x65,
    0x96, 0xEC, 0xE9, 0xD9, 0x95, 0xE3, 0x25, 0x2D, 0xBA, 0x9A, 0xB4, 0xCC, 0x10, 0x3A, 0x4B, 0x5A,
    0x08, 0x2D, 0x42, 0x6A, 0x69, 0xB6, 0x6B, 0x11, 0x48, 0x3E, 0xF2, 0x1D, 0x2E, 0x13, 0x78, 0xB1,
    0x4D, 0xEA, 0xEB, 0x62, 0xB8, 0x9C, 0x38, 0x49, 0xE3, 0xEE, 0xAA, 0x35, 0x42, 0x76, 0xB3, 0xAB,
    0x96, 0x26, 0x49, 0xF3, 0x7A, 0x1D, 0xBC, 0x2F, 0x70, 0xF3, 0xFA, 0xF0, 0xFD, 0xF5, 0x6D, 0xDF,
    0x40, 0xBC, 0xA3, 0xFB, 0x50, 0x69, 0x22, 0x58, 0xC7, 0x47, 0x93, 0xCC, 0xD4, 0x5D, 0xEA, 0x28,
    0xFA, 0x6C, 0x24, 0xF7, 0xBF, 0x43, 0xB2, 0xB1, 0xD8, 0xC2, 0xED, 0x7E, 0x8C, 0x5C, 0x85, 0xDD,
    0xB0, 0x47, 0xEC, 0x61, 0xAB, 0x66, 0x0D, 0x58, 0x53, 0xD6, 0xA8, 0x35, 0x6F, 0x2F, 0xB2, 0x57,
    0xEE, 0xFF, 0x0D, 0x63, 0x23, 0x3E, 0x90, 0x06, 0xE2, 0xDD, 0x88, 0xCF, 0x77, 0x23, 0xBE, 0xEA,
    0xA8, 0xFD, 0xD1, 0x43, 0xD5, 0x5D, 0x81, 0xDD, 0xB0, 0x47, 0xEC, 0x61, 0xAB, 0x66, 0x0D, 0x58,
    0x53, 0xD6, 0xA8, 0x15, 0x92, 0xF9, 0x7A, 0x5C, 0x7F, 0x46, 0x98, 0x9E, 0x9F, 0x11, 0x6E, 0x80,
    0x1C, 0x2B, 0xC7, 0x53, 0x57, 0xDC, 0x20, 0x8F, 0x7F, 0x88, 0x95, 0x43, 0x9B, 0xB4, 0x32, 0xB0,
    0xCB, 0xAB, 0x22, 0x63, 0xEC, 0xCE, 0xCF, 0x6C, 0xB2, 0x16, 0x50, 0xB6, 0xD9, 0x77, 0x46, 0xE8,
    0xF9, 0x3C, 0xCF, 0x72, 0x51, 0xAC, 0x99, 0x05, 0xEB, 0x3B, 0xA6, 0x01, 0x33, 0x82, 0xC9, 0xC1,
    0x3C, 0x61, 0xCA, 0x30, 0x7B, 0x17, 0x4F, 0xF8, 0xAE, 0xA5, 0xDD, 0xB5, 0x27, 0xAD, 0x16, 0xD6,
    0xC2, 0x72, 0xCB, 0x5A, 0x5E, 0xDE, 0x62, 0x6F, 0xB4, 0xB7, 0xAF, 0x91, 0xAC, 0x25, 0x6A, 0xBE,
    0x45, 0xD6, 0x3B, 0xAE, 0x59, 0xEF, 0xAD, 0x7C, 0x8E, 0xB8, 0xF1, 0xCC, 0xBF, 0xE3, 0x19, 0x61,
    0xC3, 0x9A, 0x3F, 0x9E, 0x67, 0x90, 0x64, 0x8B, 0x16, 0xB5, 0x20, 0x5B, 0xAF, 0x7C, 0x16, 0x89,
    0xA5, 0x91, 0xC4, 0xB3, 0x1D, 0xEC, 0x4D, 0xCB, 0x21, 0x5F, 0xAC, 0x8B, 0x27, 0x7C, 0xD7, 0x33,
    0xD6, 0xF2, 0xA4, 0xD5, 0xC2, 0x5A, 0x58, 0x6E, 0x59, 0xCB, 0xCB, 0x5B, 0xEC, 0x8D, 0xEB, 0xDB,
    0x2D, 0x12, 0x2B, 0xD1, 0xB7, 0x4D, 0x8E, 0x37, 0x5F, 0x4D, 0x8E, 0xAD, 0xED, 0x6A, 0x4D, 0x8E,
    0xC3, 0x5D, 0x72, 0x6C, 0x21, 0x59, 0x74, 0x57, 0x60, 0x37, 0xEC, 0x11, 0x7B, 0xD8, 0xAA, 0x59,
    0x03, 0xD6, 0x94, 0x35, 0xBA, 0x1C, 0x01, 0x86, 0x1A, 0x3D, 0x9C, 0x61, 0x3D, 0x02, 0x8C, 0xED,
    0x08, 0xB0, 0x23, 0xD4, 0x1F, 0x1A, 0x12, 0x7D, 0xBC, 0xEC, 0x1C, 0x55, 0xFF, 0x9C, 0x40, 0x2F,
    0x09, 0xDE, 0xB2, 0x23, 0x40, 0x4E, 0x8E, 0x3C, 0xCF, 0xDC, 0x34, 0x39, 0xCE, 0xF7, 0x27, 0xC7,
    0x87, 0x1D, 0xF6, 0x59, 0x77, 0x02, 0xB5, 0xA6, 0xEB, 0x8F, 0x00, 0x11, 0x10, 0xA9, 0x59, 0x15,
    0xDB, 0x73, 0xBF, 0x15, 0xBC, 0xBD, 0x1E, 0x01, 0x1E, 0x57, 0x71, 0xB5, 0xB9, 0x92, 0x42, 0x8F,
    0x76, 0x04, 0x78, 0x4D, 0x0A, 0xDD, 0x10, 0xEC, 0x4D, 0xA1, 0x0F, 0x63, 0x37, 0xD0, 0x16, 0xB1,
    0xDA, 0x8B, 0x47, 0x80, 0xF5, 0xFB, 0x33, 0x08, 0x1B, 0xA7, 0x17, 0x8F, 0x00, 0x9F, 0xCC, 0x54,
    0x62, 0x7F, 0xA6, 0x1D, 0x5C, 0xCD, 0xB4, 0x8F, 0x94, 0x77, 0x10, 0x78, 0x44, 0x1D, 0x4B, 0xBC,
    0xA9, 0xB3, 0x99, 0x6D, 0x77, 0x9C, 0xF6, 0xAE, 0x40, 0x81, 0xE0, 0xCC, 0xE3, 0x64, 0x8B, 0x3B,
    0xEB, 0x0F, 0x65, 0x6F, 0x63, 0xDC, 0xC9, 0xEE, 0x77, 0xB2, 0xC7, 0x03, 0xC9, 0x3E, 0x01, 0x48,
    0x2D, 0x11, 0x1A, 0x80, 0xA2, 0xDF, 0x1D, 0xF7, 0x95, 0x10, 0xCE, 0xC9, 0x40, 0xE4, 0xB6, 0x08,
    0xFA, 0x2D, 0x60, 0x8B, 0xBB, 0xCB, 0xFE, 0x46, 0x1F, 0xAF, 0x9B, 0xDC, 0xE5, 0xF7, 0xE5, 0xD4,
    0x5F, 0x71, 0xB7, 0xAA, 0x4A, 0xC7, 0x35, 0xF7, 0x08, 0xE7, 0x60, 0x15, 0xF6, 0x82, 0x07, 0x47,
    0x14, 0x16, 0x96, 0x6B, 0xF6, 0x58, 0xB7, 0xE6, 0x6B, 0x5D, 0xAE, 0x62, 0xAF, 0x29, 0xF4, 0xA0,
    0x3D, 0xB4, 0xAB, 0xBD, 0x99, 0xAD, 0x1F, 0x5C, 0xC5, 0x3D, 0x41, 0x7E, 0x54, 0x57, 0xFB, 0x33,
    0x5B, 0x6F, 0x68, 0xF6, 0x78, 0x78, 0x78, 0x57, 0x96, 0xB3, 0xD6, 0xEA, 0x41, 0x72, 0x50, 0xE8,
    0x0B, 0x41, 0xF6, 0x81, 0x80, 0x63, 0x1B, 0x7A, 0x54, 0x62, 0x9B, 0x19, 0x1E, 0x9D, 0x8F, 0xF9,
    0x6F, 0x03, 0xFC, 0xD2, 0x94, 0x1C, 0xDE, 0xCB, 0xDA, 0xFD, 0xE3, 0x8B, 0x78, 0xDC, 0xA4, 0xBF,
    0xDA, 0xB8, 0x2D, 0x2F, 0x7B, 0xE6, 0x76, 0xAB, 0x7B, 0x38, 0xE4, 0x2E, 0x5A, 0xA2, 0x4A, 0xA4,
    0x99, 0x50, 0x1A, 0x6D, 0x4F, 0xF6, 0x31, 0x51, 0xA9, 0x89, 0xF4, 0x8D, 0xAE, 0x36, 0x56, 0xDD,
    0xA7, 0xAA, 0x24, 0x15, 0xFA, 0x8F, 0x52, 0x7D, 0xA8, 0x70, 0x8E, 0xF4, 0xB5, 0x7B, 0x1A, 0x37,
    0xFF, 0x91, 0x7A, 0x44, 0x45, 0x8F, 0xDF, 0xE0, 0xFA, 0x1E, 0x45, 0x9D, 0x2F, 0x9C, 0xD9, 0x95,
    0x85, 0xD3, 0x46, 0x6D, 0xB4, 0x1C, 0x91, 0x84, 0xC3, 0x16, 0x9C, 0x46, 0xCE, 0xC7, 0x6E, 0x18,
    0x3D, 0xFA, 0xDB, 0xB3, 0xC2, 0x29, 0xC0, 0x8B, 0xAC, 0x4B, 0x96, 0x1A, 0x08, 0x05, 0x44, 0x13,
    0x90, 0x8C, 0xE9, 0x72, 0x1E, 0x15, 0x37, 0x5B, 0x40, 0xDA, 0xFB, 0x7E, 0x1B, 0x3A, 0x8F, 0xC6,
    0x83, 0x9B, 0xC2, 0xFB, 0xC2, 0x0B, 0xC3, 0x1B, 0xC3, 0x2B, 0xC3, 0x3B, 0xC3, 0xA4, 0x11, 0x00,
    0x64, 0x36, 0x6C, 0xAE, 0xFE, 0xE3, 0xCE, 0x2A, 0x0C, 0x13, 0xC6, 0x11, 0x85, 0x3D, 0x05, 0xF0,
    0x08, 0x88, 0x54, 0x2E, 0xBE, 0xA8, 0x5A, 0x20, 0xF7, 0x9A, 0x12, 0x8F, 0xA8, 0x3C, 0xB4, 0xAB,
    0xBD, 0x7F, 0x72, 0xDE, 0xD0, 0xEC, 0xF1, 0xF0, 0xD8, 0xAE, 0xF4, 0x00, 0xD0, 0xEC, 0xA1, 0x15,
    0xCC, 0x40, 0xE8, 0xBC, 0xA6, 0x71, 0x8B, 0xB0, 0x3F, 0xBC, 0xAB, 0xAA, 0x84, 0x70, 0x59, 0x47,
    0x7B, 0x90, 0xFE, 0xE1, 0xA0, 0x7A, 0xC5, 0x01, 0x47, 0x36, 0x14, 0xCC, 0x01, 0x24, 0x92, 0xC1,
    0xE2, 0x7B, 0xB5, 0x27, 0xF8, 0x93, 0x29, 0x39, 0xBC, 0x97, 0xB5, 0xFB, 0x47, 0x16, 0xF1, 0xF8,
    0x05, 0x6C, 0xB5, 0x71, 0x6B, 0x5E, 0x6C, 0x9D, 0xBB, 0x1E, 0xFB, 0x7E, 0x88, 0x00, 0xC8, 0xE3,
    0x05, 0xAC, 0x50, 0xF7, 0x24, 0x73, 0x31, 0x90, 0xBA, 0xDC, 0x91, 0x8F, 0x6B, 0x9A, 0x53, 0x75,
    0xB1, 0x0F, 0x22, 0xD2, 0x4B, 0x3E, 0xD7, 0x79, 0x4F, 0xA5, 0xED, 0x8E, 0x52, 0x7D, 0x3A, 0x41,
    0xB1, 0xFB, 0x07, 0x2E, 0x4B, 0xDB, 0x63, 0xB5, 0x10, 0xA9, 0xB1, 0x5C, 0xE7, 0xE6, 0xC0, 0xB6,
    0x74, 0xFA, 0xF5, 0x87, 0x5B, 0xEA, 0xD6, 0x19, 0x3D, 0x90, 0xC5, 0xE5, 0xF1, 0x53, 0xAC, 0x60,
    0x59, 0x99, 0x05, 0x79, 0x21, 0x17, 0x9B, 0x28, 0xBA, 0x78, 0xA6, 0x32, 0x5D, 0x4D, 0xA8, 0xD2,
    0x07, 0x79, 0x4F, 0x50, 0xBF, 0x37, 0x43, 0xF5, 0xA1, 0x8F, 0xF4, 0x53, 0x07, 0xF9, 0x7F, 0x47,
    0x8B, 0xD4, 0xA3, 0xBB, 0x26, 0x5C, 0xC0, 0x94, 0xC6, 0x93, 0xBF, 0xE9, 0x20, 0xD1, 0xE0, 0xD1,
    0x79, 0x94, 0xC7, 0x33, 0xB4, 0x3F, 0xA7, 0x3C, 0xBC, 0x92, 0xDC, 0x11, 0x4F, 0xB9, 0x8B, 0xE5,
    0x72, 0xB7, 0x55, 0xE2, 0xD1, 0x79, 0x94, 0xDF, 0xE8, 0x60, 0xE2, 0x88, 0xFE, 0x92, 0x6B, 0x83,
    0xF4, 0xC8, 0xDA, 0x35, 0xC8, 0xEC, 0x49, 0x18, 0x61, 0xE4, 0xDD, 0x09, 0xE8, 0x7C, 0xD7, 0xD0,
    0xE3, 0x34, 0x19, 0x01, 0x8E, 0x2D, 0x31, 0xFB, 0xE4, 0xD2, 0x86, 0x66, 0x71, 0x25, 0xB4, 0x63,
    0xAB, 0xFB, 0x1F, 0xB5, 0x92, 0x01, 0x86, 0x1D, 0x41, 0x10, 0x86, 0xBF, 0xD9, 0x91, 0x0C, 0x06,
    0x15, 0x00, 0x82, 0x3E, 0x42, 0x5F, 0x20, 0x51, 0x43, 0x10, 0x80, 0xDC, 0x24, 0x47, 0xE8, 0x3E,
    0xC2, 0x9E, 0x68, 0xFB, 0xDD, 0x20, 0x73, 0x84, 0x87, 0x1C, 0xA0, 0xB1, 0x64, 0x42, 0x77, 0x57,
    0xA6, 0x3C, 0x36, 0x0B, 0x4F, 0x02, 0x5B, 0xAA, 0x7F, 0x3D, 0x55, 0xDF, 0x3F, 0x3F, 0x66, 0xEC,
    0x3F, 0x0A, 0xCD, 0x94, 0x0D, 0x63, 0x32, 0x66, 0x63, 0x19, 0xAC, 0x03, 0xE9, 0xC4, 0x86, 0x36,
    0x52, 0x43, 0x6C, 0x13, 0x43, 0x06, 0xA1, 0x11, 0x0F, 0xE2, 0x33, 0x5A, 0xD1, 0x1D, 0xBD, 0x90,
    0x32, 0x05, 0x56, 0xCB, 0xEB, 0x8D, 0xE9, 0x48, 0x23, 0x9C, 0x4C, 0xF5, 0xBE, 0x31, 0x9A, 0xA1,
    0xF8, 0xC5, 0x4E, 0x7C, 0x32, 0x4A, 0x9E, 0x07, 0xB6, 0xCD, 0xE3, 0xC1, 0x58, 0xFB, 0x6C, 0x48,
    0x5B, 0x8C, 0xD0, 0x64, 0xA0, 0x4D, 0x3A, 0xE9, 0x88, 0x9D, 0x72, 0xA8, 0x07, 0x2F, 0x96, 0xC3,
    0x58, 0x6D, 0x0B, 0x5D, 0x8C, 0xE8, 0x5B, 0x7D, 0x96, 0x86, 0xD6, 0x70, 0xA0, 0xD7, 0x58, 0x49,
    0x97, 0x53, 0x4A, 0xD6, 0x9D, 0xB2, 0x79, 0x84, 0xA7, 0xAD, 0xF6, 0xC5, 0x2E, 0xE2, 0x5E, 0x19,
    0x8B, 0x6D, 0xD2, 0x56, 0x23, 0xB8, 0x37, 0xDE, 0xBC, 0xE2, 0xDE, 0x50, 0xD1, 0xCB, 0x29, 0x29,
    0xC7, 0x9D, 0xE4, 0x5E, 0xA4, 0xDE, 0x3D, 0xF6, 0xAA, 0x8A, 0xD9, 0xF0, 0xD9, 0xDB, 0x9F, 0xFB,
    0xF9, 0x6F, 0xE1, 0x4B, 0xB6, 0xDF, 0x6B, 0xFB, 0x65, 0x3F, 0xEC, 0xAE, 0x2C, 0x1D, 0x50, 0xCB,
    0x70, 0xA2, 0x30, 0xE4, 0x0A, 0x7D, 0xA9, 0x37, 0xF1, 0x47, 0x7C, 0x31, 0x3D, 0x9E, 0x48, 0xA9,
    0x4B, 0xFF, 0x6E, 0x3B, 0x1F, 0xED, 0x27, 0x8B, 0xFD, 0x06, 0x19, 0xC0, 0xFB, 0xAF, 0xD7, 0xF0,
    0x88, 0x76, 0x3B, 0x28, 0x66, 0x9D, 0x1E, 0xEA, 0x98, 0x9A, 0xEC, 0xE9, 0xAF, 0xF8, 0xEC, 0x09,
    0xF3, 0xAD, 0x0E, 0x3B, 0x58, 0x9F, 0xE3, 0xCE, 0x04, 0x01, 0x52, 0x7E, 0xF0, 0xFF, 0x0F, 0x6D,
    0xA8, 0x7F, 0x54, 0xBC, 0x2B, 0xB1, 0xB1, 0x1A, 0x93, 0x65, 0xD2, 0x86, 0xC0, 0xC4, 0x07, 0xF8,
    0x0C, 0x65, 0xA3, 0x5C, 0xD1, 0x03, 0x31, 0x66, 0x03, 0x6F, 0xBF, 0xC8, 0xF0, 0x61, 0xD9, 0x1D,
    0xFF, 0x84, 0xC3, 0x00, 0x4F, 0xC0, 0xD4, 0x80, 0xF9, 0x00, 0x96, 0x0A, 0xC8, 0x0E, 0xC4, 0x0B,
    0xA0, 0x1B, 0x50, 0x00, 0x5E, 0x88, 0xE9, 0x1B, 0xAF, 0xEA, 0xDD, 0xF6, 0x82, 0x02, 0x8C, 0x7F,
    0xBE, 0xCC, 0xE3, 0xF8, 0x03, 0x8C, 0x90, 0xC1, 0x6D, 0xB4, 0x30, 0x10, 0x85, 0x1F, 0xA0, 0x5F,
    0x1C, 0x38, 0xF8, 0xFE, 0x5F, 0x5C, 0x41, 0xE4, 0x0E, 0x32, 0xBB, 0xDA, 0x02, 0x52, 0x47, 0x8A,
    0x58, 0x99, 0xCD, 0xD6, 0x95, 0x80, 0x96, 0x02, 0x42, 0x07, 0x99, 0x12, 0x7C, 0x40, 0x8A, 0x0F,
    0x03, 0x93, 0x21, 0x5E, 0x45, 0xCA, 0x2D, 0xD2, 0x27, 0x84, 0x87, 0xA7, 0x37, 0x7C, 0xAE, 0xB5,
    0x77, 0x9A, 0x82, 0x66, 0x7A, 0x11, 0x3A, 0x4A, 0x3C, 0xAF, 0xF1, 0x79, 0xB5, 0x17, 0x3B, 0xDA,
    0xD0, 0x3E, 0x59, 0x00, 0x81, 0x11, 0x19, 0xCA, 0x8D, 0x72, 0xF7, 0xCE, 0xFE, 0x89, 0x1F, 0x1D,
    0x47, 0x95, 0x02, 0x1C, 0x1B, 0x4E, 0x17, 0x5F, 0xF0, 0x7D, 0x88, 0x56, 0x28, 0xFF, 0x4F, 0x52,
    0x55, 0xE2, 0x4E, 0x42, 0x9A, 0xFD, 0xDE, 0x73, 0x00, 0x71, 0xA5, 0x68, 0xB2, 0xC5, 0xE1, 0x3F,
    0x66, 0x9B, 0xD3, 0x4D, 0xE8, 0xB2, 0xD2, 0x45, 0xC2, 0x4D, 0x6C, 0x57, 0xA5, 0xFD, 0xA0, 0xA9,
    0xF0, 0xDA, 0xA5, 0xB3, 0x9B, 0xE1, 0x47, 0x50, 0x8F, 0x08, 0x28, 0xB0, 0xA2, 0x16, 0x34, 0x0B,
    0xEE, 0xFF, 0x3C, 0xE5, 0x70, 0xCC, 0x7E, 0x5A, 0x5A, 0x9D, 0x3B, 0x65, 0x3B, 0xEE, 0x0A, 0x93,
    0x78, 0x5D, 0x2C, 0x50, 0x32, 0x74, 0xCD, 0xBB, 0x8B, 0x71, 0x35, 0x1D, 0x69, 0x3F, 0x33, 0xBA,
    0x84, 0x30, 0x43, 0x0F, 0x9D, 0xE0, 0x2F, 0xEE, 0xF5, 0x86, 0xB0, 0x81, 0x36, 0x3C, 0xBC, 0x01,
    0xBF, 0x09, 0xBA, 0x14, 0x5A, 0x0B, 0xE8, 0x38, 0x28, 0x9F, 0x5D, 0x32, 0xB7, 0xD2, 0xDF, 0x0A,
    0x68, 0xC6, 0x8F, 0x8E, 0x55, 0xF9, 0xEF, 0x5D, 0xFF, 0xCC, 0x7F, 0x48, 0x18, 0xC6, 0xFD, 0xD9,
    0x88, 0xAF, 0x85, 0x54, 0xEE, 0xF7, 0xF3, 0xB5, 0x61, 0x1A, 0xCE, 0x00, 0xA4, 0xD5, 0x01, 0x87,
    0x1D, 0xD7, 0x1B, 0xC7, 0xF1, 0xDF, 0xCC, 0xFD, 0xFB, 0x8F, 0x76, 0x70, 0x0A, 0x0B, 0xA9, 0x1A,
    0x00, 0x01, 0xF3, 0x0A, 0xE2, 0x4C, 0x50, 0x41, 0xE8, 0xBE, 0x8D, 0x0A, 0xE4, 0x25, 0xCC, 0x68,
    0x51, 0x04, 0xDD, 0x97, 0x50, 0x80, 0x16, 0xF2, 0x06, 0x9A, 0xCE, 0x69, 0x2F, 0x16, 0x41, 0x26,
    0x0D, 0x8A, 0xD2, 0x9C, 0x24, 0x08, 0x8A, 0x9C, 0x74, 0x87, 0x4C, 0x93, 0x99, 0xF3, 0xEB, 0xF3,
    0x9C, 0xBD, 0x7B, 0x77, 0x72, 0x93, 0x80, 0x5C, 0xEB, 0xB3, 0x63, 0xBE, 0x33, 0xCF, 0xCC, 0xCE,
    0x9C, 0x75, 0x91, 0xFF, 0x13, 0x80, 0xFC, 0x69, 0xC2, 0xEF, 0x28, 0x19, 0x80, 0x9E, 0x0B, 0x36,
    0x24, 0x51, 0x0A, 0xCE, 0x70, 0xCB, 0xA1, 0x3E, 0xDB, 0xD2, 0xDB, 0x67, 0xDB, 0xBF, 0x60, 0x1F,
    0x6D, 0x1D, 0xDA, 0xD3, 0x53, 0x87, 0xFE, 0x92, 0xFB, 0x89, 0x3B, 0xDD, 0x8A, 0xF6, 0xC1, 0x71,
    0x07, 0xFB, 0xF8, 0xB8, 0x81, 0x7D, 0x71, 0xFC, 0x15, 0x6A, 0x1E, 0xDF, 0xF6, 0x86, 0x86, 0x43,
    0x1A, 0x9A, 0xC6, 0xA3, 0xE7, 0x04, 0x29, 0x27, 0x40, 0x55, 0x41, 0xB6, 0xEA, 0x0B, 0x8E, 0x8E,
    0x84, 0xFF, 0xD3, 0x03, 0x2D, 0x23, 0xB2, 0x74, 0x86, 0x52, 0xB2, 0x69, 0x1B, 0xB3, 0xE0, 0x0B,
    0x98, 0x19, 0x58, 0xD1, 0x4A, 0x5C, 0x91, 0xB3, 0x01, 0x40, 0xF7, 0xFE, 0xB0, 0x21, 0x80, 0x6A,
    0x16, 0x6A, 0x92, 0xC3, 0x01, 0x25, 0x3B, 0xE3, 0x4B, 0xBA, 0x3D, 0x83, 0xE2, 0x85, 0x37, 0x41,
    0x78, 0x35, 0x0A, 0x67, 0x93, 0xF1, 0xF6, 0x8C, 0x9C, 0xED, 0x4B, 0x25, 0x24, 0xA2, 0x99, 0xCB,
    0xD0, 0x4B, 0x20, 0xCD, 0x2C, 0x1C, 0x2B, 0xDF, 0x4B, 0xA8, 0x1F, 0x48, 0xA8, 0x1E, 0xFB, 0x32,
    0x98, 0x17, 0x0A, 0x85, 0x42, 0xD9, 0xEC, 0xC9, 0xE9, 0x19, 0x01, 0x90, 0x5E, 0x19, 0x95, 0x59,
    0xD8, 0xEC, 0xC9, 0xCF, 0xB7, 0xAE, 0x9C, 0xB0, 0x98, 0xFB, 0x99, 0x7C, 0xCD, 0x91, 0x3C, 0x63,
    0x20, 0xB7, 0xF3, 0x67, 0xE4, 0xB7, 0x33, 0xD8, 0x6E, 0x17, 0xD0, 0x3E, 0x24, 0x58, 0xFB, 0xDE,
    0xB1, 0x0A, 0x75, 0xA0, 0x19, 0xCD, 0xC8, 0x72, 0x2A, 0x26, 0x16, 0x8B, 0xB0, 0x21, 0x27, 0x66,
    0x64, 0x20, 0x7A, 0x0E, 0xC4, 0xE7, 0x11, 0x26, 0xC8, 0xCF, 0x07, 0xE9, 0x49, 0xC6, 0x15, 0x4F,
    0xFF, 0xBE, 0x13, 0xCD, 0xD3, 0x3F, 0xEE, 0x07, 0xF3, 0x4C, 0xE8, 0x85, 0xB8, 0x63, 0x7B, 0x3F,
    0x96, 0x82, 0x17, 0xFE, 0xDC, 0xF1, 0x7C, 0x0F, 0xB7, 0x14, 0xBE, 0xA1, 0x2F, 0x84, 0x21, 0x41,
    0xF9, 0x1D, 0xC8, 0x59, 0x61, 0x11, 0x22, 0xFA, 0x1B, 0x42, 0xFD, 0x5D, 0x88, 0x47, 0xD5, 0x69,
    0x88, 0xF6, 0xF8, 0x23, 0xF8, 0xF2, 0xA6, 0xD0, 0x18, 0x2F, 0xB4, 0x43, 0xB4, 0xA4, 0x53, 0x20,
    0x8C, 0x00, 0x8A, 0x05, 0x28, 0x49, 0xB7, 0xA2, 0x20, 0xBB, 0x14, 0xB2, 0x1F, 0x85, 0x92, 0xA7,
    0x0B, 0x6A, 0xBE, 0x5A, 0x60, 0xF9, 0x66, 0x41, 0x3B, 0x56, 0x0B, 0xFA, 0xA1, 0x14, 0x5C, 0x71,
    0xC1, 0x50, 0xEE, 0x82, 0x25, 0x77, 0x07, 0xCB, 0x69, 0xBB, 0x01, 0xFA, 0xD1, 0x40, 0xB4, 0x6F,
    0xB1, 0x5B, 0xD4, 0x76, 0xBD, 0xA8, 0xBD, 0x89, 0xB0, 0xAE, 0x9A, 0xF0, 0x09, 0xEA, 0x00, 0x8D,
    0x1C, 0xCE, 0x69, 0x13, 0x1E, 0x58, 0xB3, 0x0F, 0x36, 0xA1, 0x67, 0xD4, 0x23, 0xFE, 0xA7, 0xEB,
    0xD9, 0xC0, 0x10, 0xED, 0xA0, 0x43, 0x43, 0x1A, 0x9F, 0x2E, 0x94, 0x2E, 0x59, 0x2E, 0x30, 0xB3,
    0x5A, 0x4F, 0x6A, 0x1B, 0x54, 0x0E, 0x62, 0x46, 0x27, 0x6E, 0xD8, 0x88, 0x45, 0x84, 0x68, 0x66,
    0xB5, 0x9E, 0x54, 0x9D, 0xDF, 0x92, 0x9C, 0xDE, 0x71, 0xD4, 0x3A, 0x42, 0xAC, 0x66, 0xD5, 0x44,
    0xB5, 0xA0, 0x9A, 0xD3, 0xED, 0xE7, 0xA3, 0x0F, 0xAA, 0x9D, 0xD4, 0x6A, 0x56, 0xF5, 0x0F, 0x26,
    0x39, 0x1F, 0x80, 0x8C, 0x0D, 0x2E, 0xB8, 0xDE, 0x09, 0xB7, 0x15, 0x26, 0x1A, 0x14, 0x9C, 0x80,
    0x96, 0x1D, 0x72, 0xB2, 0x69, 0x84, 0x9B, 0x5D, 0xFE, 0x44, 0x6A, 0x26, 0x55, 0x77, 0x2E, 0x40,
    0xCD, 0xE1, 0xFC, 0xD8, 0x3C, 0xF1, 0xAF, 0x72, 0x7D, 0x35, 0x54, 0x87, 0xD0, 0x2B, 0x8B, 0xC2,
    0x44, 0x97, 0x5E, 0xA9, 0x25, 0xB9, 0xBC, 0xCD, 0x2C, 0xC1, 0xFA, 0x0F, 0x04, 0xBA, 0x74, 0xAE,
    0x02, 0x61, 0x16, 0x5E, 0x9F, 0x40, 0x02, 0xDE, 0x0B, 0x70, 0xA5, 0x13, 0xAC, 0x5B, 0x53, 0xD1,
    0x21, 0x23, 0xC7, 0xF3, 0x01, 0x86, 0x24, 0xAA, 0xB9, 0x65, 0x63, 0xC3, 0x2F, 0x72, 0x43, 0xFE,
    0xDE, 0x35, 0xB4, 0xC3, 0x02, 0xF4, 0x6E, 0xDE, 0xC1, 0x5F, 0x13, 0xA4, 0xE3, 0x6F, 0x17, 0xF4,
    0xDB, 0x44, 0xB0, 0xAE, 0x7D, 0xA4, 0x3C, 0x0F, 0xAD, 0xB3, 0xAF, 0x42, 0xEF, 0x6A, 0x3E, 0x61,
    0x97, 0x86, 0x96, 0xE4, 0x82, 0x9C, 0x1C, 0xCF, 0x9F, 0x1F, 0xEA, 0x01, 0xC2, 0xFA, 0x56, 0x74,
    0x91, 0x74, 0x5A, 0x27, 0x64, 0x24, 0x01, 0xA1, 0xC1, 0xB5, 0x4C, 0x77, 0x82, 0x4E, 0xE9, 0x0E,
    0xDF, 0x96, 0xBE, 0x52, 0xE4, 0x7A, 0x44, 0xB5, 0x00, 0x07, 0x75, 0x13, 0x01, 0x6C, 0x16, 0x25,
    0xE2, 0x53, 0x6C, 0xD8, 0xD8, 0x46, 0x27, 0x0F, 0xE8, 0x49, 0x87, 0x9A, 0xD2, 0x73, 0x0E, 0x38,
    0xBC, 0x99, 0xAC, 0x77, 0xFB, 0xD7, 0x38, 0x63, 0x43, 0x12, 0x46, 0xE8, 0xF4, 0xB9, 0xB8, 0x7A,
    0x6C, 0xED, 0x20, 0x0F, 0xE7, 0x2A, 0x5A, 0x7F, 0x0F, 0xBB, 0x87, 0x33, 0xCC, 0x17, 0x3C, 0xDC,
    0xF3, 0xFB, 0x24, 0x35, 0xF1, 0x68, 0x04, 0xEC, 0xB3, 0x70, 0x15, 0xF6, 0x2C, 0x58, 0x5F, 0xBF,
    0x09, 0xFD, 0x60, 0xF8, 0x92, 0xAE, 0x24, 0xD9, 0x6C, 0xC8, 0xB8, 0xFB, 0x12, 0xAA, 0xD8, 0x09,
    0x6F, 0xDF, 0xCF, 0x51, 0xA3, 0x91, 0xF4, 0x97, 0xB4, 0x82, 0xF6, 0xF4, 0xF9, 0x40, 0x2D, 0x23,
    0xF0, 0xD1, 0xE8, 0xA8, 0x70, 0xC9, 0xAD, 0xBB, 0xF1, 0xA7, 0x13, 0x64, 0x4C, 0x17, 0x75, 0x87,
    0x55, 0x1F, 0x00, 0xA4, 0x3A, 0xDC, 0xBA, 0xCB, 0x4E, 0x2B, 0x84, 0x49, 0x91, 0x06, 0x3B, 0x09,
    0x55, 0x14, 0x0A, 0x36, 0x40, 0x4E, 0x07, 0x60, 0x55, 0x16, 0xA1, 0xE4, 0xBB, 0xCB, 0x36, 0xEB,
    0x84, 0x4A, 0x88, 0x14, 0xA8, 0xE8, 0xD0, 0x5A, 0x36, 0xD0, 0x4B, 0x15, 0x2A, 0x41, 0xEB, 0x8D,
    0x7D, 0xAD, 0xD8, 0xD5, 0xA1, 0x5F, 0x70, 0x89, 0x0D, 0x37, 0x16, 0xB4, 0x83, 0xCC, 0xA3, 0x2B,
    0x48, 0x36, 0x42, 0x84, 0x30, 0x29, 0x1D, 0x0C, 0xE9, 0x95, 0x45, 0x61, 0xA3, 0x38, 0x33, 0x83,
    0x83, 0xD0, 0x7B, 0xA1, 0x0D, 0x7B, 0xFC, 0x6E, 0x5F, 0xC6, 0x81, 0x24, 0x9D, 0x02, 0x92, 0xB2,
    0x57, 0xFF, 0xFD, 0xA4, 0x02, 0xBD, 0xCE, 0x23, 0x19, 0x56, 0x68, 0x38, 0x04, 0x3F, 0x7C, 0x0D,
    0x64, 0xE3, 0xCF, 0x6B, 0x5A, 0x46, 0x85, 0x5E, 0x99, 0x94, 0x19, 0xED, 0x60, 0xA2, 0x50, 0x24,
    0xB8, 0xDF, 0x5A, 0x34, 0x48, 0x25, 0x83, 0xD2, 0x28, 0xFE, 0xE2, 0x8C, 0x92, 0xC2, 0x46, 0xC9,
    0xD9, 0x28, 0xDD, 0x6E, 0xAB, 0x10, 0x48, 0x42, 0x58, 0x94, 0x51, 0x69, 0xF0, 0xDF, 0x40, 0x96,
    0xA3, 0x13, 0x00, 0x9C, 0xD3, 0x31, 0x88, 0xE6, 0x44, 0x14, 0x07, 0xF0, 0x7F, 0x12, 0xBC, 0x78,
    0x8C, 0x32, 0x95, 0xB0, 0x85, 0x10, 0x6B, 0x9B, 0xB1, 0x6F, 0x26, 0x62, 0xCF, 0x59, 0xB8, 0xFD,
    0xD5, 0x16, 0x62, 0x5F, 0x5C, 0x02, 0xF6, 0xB0, 0x7D, 0x65, 0x61, 0xDF, 0x5B, 0xCD, 0xA0, 0x3D,
    0x17, 0xB0, 0xB0, 0xBC, 0xF4, 0xD5, 0x1C, 0x17, 0xD8, 0x11, 0x26, 0xF3, 0xF7, 0x3D, 0xF6, 0xCB,
    0xC7, 0xED, 0x7D, 0x2E, 0xBB, 0xDE, 0xC0, 0xFE, 0x20, 0x6F, 0x66, 0xDE, 0xCB, 0x7B, 0x9B, 0x0F,
    0xCD, 0x0C, 0xA0, 0x5F, 0x85, 0x21, 0x0B, 0x53, 0x02, 0x1A, 0x46, 0x09, 0x51, 0x43, 0x24, 0xCB,
    0x74, 0x66, 0x50, 0x64, 0xE3, 0x74, 0x44, 0x0F, 0xEB, 0xB5, 0x23, 0x81, 0xA6, 0xD2, 0x85, 0x4E,
    0x36, 0xAD, 0xEC, 0xF9, 0x02, 0x90, 0xE8, 0xC8, 0x68, 0xC9, 0xE4, 0xE5, 0x76, 0x78, 0xFD, 0xAE,
    0x3A, 0x9B, 0xF2, 0xA7, 0x36, 0x7D, 0xA5, 0x67, 0xFE, 0xF7, 0x1F, 0xDA, 0x51, 0x30, 0x8B, 0xE0,
    0x36, 0xC1, 0xEE, 0x42, 0x47, 0x0D, 0x72, 0xF1, 0x24, 0x37, 0x65, 0x3F, 0xB3, 0x41, 0x37, 0x4E,
    0x47, 0xEC, 0x7E, 0x5C, 0xD3, 0x04, 0x9A, 0xEA, 0x63, 0xDE, 0x41, 0xDF, 0x5D, 0x7B, 0xD0, 0x5E,
    0xB4, 0x27, 0xED, 0x4D, 0x7B, 0x04, 0xA9, 0x3D, 0xDF, 0x9D, 0xD3, 0x19, 0xE8, 0x7A, 0x8E, 0x97,
    0x80, 0xFB, 0x36, 0x03, 0xE1, 0xEF, 0x8A, 0x96, 0x7F, 0x70, 0x36, 0x15, 0x61, 0x75, 0x24, 0x73,
    0x10, 0xAA, 0xB2, 0xEB, 0x63, 0x36, 0xBA, 0xD1, 0xF2, 0x17, 0xCE, 0x7A, 0xF8, 0x74, 0x4D, 0x12,
    0x7C, 0xF4, 0x54, 0x3F, 0xB7, 0xE9, 0x67, 0xFF, 0xE2, 0x6D, 0x09, 0x6F, 0x6E, 0x1F, 0x7D, 0xD3,
    0xC0, 0x7A, 0xC9, 0x0E, 0x81, 0xA3, 0xB2, 0x08, 0xD3, 0x26, 0x0C, 0xBB, 0xD0, 0x4B, 0x30, 0x34,
    0x12, 0xBC, 0x86, 0x06, 0x31, 0x54, 0xA1, 0xE7, 0x0C, 0x34, 0x5C, 0x8F, 0x4F, 0xC3, 0x2E, 0x42,
    0x27, 0xB7, 0x75, 0xB5, 0x64, 0xFE, 0x10, 0x34, 0x4A, 0xAF, 0x38, 0x25, 0xDC, 0xEA, 0xC6, 0x5F,
    0x19, 0x86, 0xDF, 0x65, 0xB8, 0xBD, 0xCB, 0x08, 0x5B, 0xF3, 0x43, 0xAB, 0xC5, 0x8D, 0x54, 0x94,
    0x10, 0x00, 0x9F, 0x84, 0x21, 0x0A, 0x3D, 0xEE, 0x2D, 0x7D, 0x94, 0x8D, 0xE3, 0x88, 0x2B, 0x38,
    0x5D, 0xD3, 0x04, 0xC0, 0xB4, 0xB5, 0xBF, 0x61, 0xD0, 0xA4, 0xBD, 0xA6, 0x6F, 0xF8, 0x67, 0x96,
    0xE0, 0xAD, 0x30, 0x9C, 0x5F, 0xA3, 0x11, 0x5A, 0x5E, 0xA2, 0xEB, 0x68, 0xC6, 0x2E, 0xE7, 0x1F,
    0xCA, 0x7A, 0x6A, 0x5A, 0xDA, 0xFF, 0x11, 0x53, 0x46, 0xD0, 0x50, 0xD0, 0x50, 0xB0, 0x55, 0x07,
    0x96, 0x05, 0xAE, 0xC7, 0x10, 0xF7, 0x07, 0xE6, 0x2C, 0xEB, 0x77, 0x25, 0x2C, 0xCA, 0xA6, 0xEC,
    0xE8, 0xA3, 0xA9, 0x18, 0x52, 0x47, 0xA9, 0xD5, 0xB2, 0x61, 0xEC, 0xD8, 0x57, 0x98, 0x3A, 0x90,
    0xDC, 0xA7, 0xE3, 0xF3, 0x59, 0x1C, 0xF9, 0x8F, 0x44, 0xA1, 0x5D, 0xCE, 0x62, 0x58, 0x2F, 0xBE,
    0x71, 0xFC, 0xA4, 0xC3, 0xA9, 0x1A, 0x57, 0x26, 0x25, 0xAC, 0x5D, 0x04, 0xA3, 0x4D, 0xE0, 0x6C,
    0x0B, 0x34, 0xFB, 0x28, 0x57, 0xC3, 0xA2, 0x99, 0x37, 0x27, 0xEC, 0xBD, 0x02, 0x79, 0xCE, 0xA7,
    0xB4, 0x9D, 0x16, 0xB0, 0xF5, 0xF2, 0x47, 0x7F, 0xA3, 0x85, 0x36, 0xC1, 0x14, 0xC1, 0x1D, 0xE7,
    0x5B, 0x3D, 0x6F, 0x48, 0x26, 0x77, 0xC6, 0x28, 0x2D, 0x47, 0x9B, 0xA4, 0x96, 0xE0, 0x37, 0xC1,
    0x16, 0xA1, 0xDB, 0x04, 0x2C, 0x0A, 0x9E, 0xC0, 0x27, 0xDF, 0x03, 0x57, 0x90, 0xF5, 0x4A, 0x79,
    0xAF, 0xF5, 0x7C, 0xD7, 0xAC, 0x27, 0x39, 0x2B, 0xEB, 0x81, 0x3C, 0xC6, 0x9E, 0xF0, 0xD1, 0x15,
    0x61, 0x4A, 0x02, 0xA3, 0x30, 0x41, 0xF8, 0x52, 0xC1, 0x63, 0x7C, 0x31, 0x0A, 0xB2, 0x9E, 0xFD,
    0xFA, 0xA4, 0x97, 0xBC, 0x11, 0xDA, 0x4D, 0x30, 0x45, 0x70, 0x59, 0x08, 0xAB, 0x4D, 0x32, 0x17,
    0x9B, 0x1E, 0x98, 0xCB, 0xBD, 0x36, 0x4C, 0x39, 0x06, 0xAB, 0x23, 0xFE, 0x5A, 0x37, 0x7D, 0x7C,
    0x02, 0x57, 0xCA, 0x2B, 0x85, 0xB3, 0x10, 0x56, 0xC1, 0x65, 0xE1, 0x81, 0xB9, 0x00, 0xA6, 0xBE,
    0xFF, 0x8F, 0x03, 0xE7, 0x63, 0xB0, 0x57, 0x8A, 0xD9, 0x85, 0xC0, 0x88, 0x86, 0x4C, 0xE8, 0xC8,
    0x8C, 0x7E, 0x37, 0x05, 0x26, 0x77, 0x3B, 0xEC, 0xD6, 0x0A, 0xA9, 0xAD, 0x42, 0x73, 0x8D, 0x73,
    0xF3, 0xCF, 0x6D, 0xFA, 0x06, 0xEE, 0x45, 0x2A, 0x08, 0x6F, 0xDE, 0x51, 0xEB, 0x16, 0xD8, 0xD3,
    0xFD, 0x08, 0x90, 0x00, 0x7C, 0x39, 0xC6, 0xD5, 0x45, 0x9C, 0xD6, 0xB4, 0xCA, 0x13, 0x2B, 0xF4,
    0xF0, 0x08, 0xA7, 0x87, 0xFD, 0x3A, 0x2D, 0x98, 0xA2, 0x5B, 0x31, 0xCD, 0x43, 0x42, 0x90, 0xF1,
    0xE1, 0x7A, 0xBC, 0x3F, 0xEB, 0xCF, 0x6C, 0x7A, 0x09, 0x6F, 0xDF, 0x66, 0xF0, 0xF5, 0x6D, 0x7D,
    0x7A, 0xB9, 0xC0, 0x72, 0xC9, 0x0E, 0xAC, 0x81, 0x63, 0x57, 0x42, 0x88, 0xA6, 0x04, 0x9F, 0xEC,
    0x16, 0xEC, 0x36, 0xAC, 0xC1, 0x64, 0xBF, 0x84, 0xBE, 0xF8, 0x88, 0xEE, 0xBF, 0x59, 0xD0, 0x17,
    0x97, 0x60, 0xF2, 0x90, 0x31, 0x6C, 0xB6, 0x8E, 0x21, 0xF5, 0x24, 0x63, 0x23, 0x8C, 0x98, 0xB8,
    0x03, 0xCF, 0x78, 0x03, 0xCF, 0x8A, 0x0F, 0xC1, 0x24, 0x34, 0xAC, 0x06, 0x5D, 0xAD, 0x3E, 0xDA,
    0x52, 0xFD, 0x3A, 0xA4, 0x3A, 0x24, 0xB7, 0x56, 0xB3, 0xF9, 0x58, 0x1F, 0xAD, 0xBB, 0xC2, 0xE6,
    0x61, 0x83, 0x93, 0xBA, 0xCD, 0x5D, 0xDD, 0xE5, 0xDF, 0xA1, 0xDA, 0x4B, 0xAD, 0xFA, 0x93, 0xB1,
    0x1B, 0x28, 0xC4, 0xFE, 0xC8, 0x81, 0x4A, 0xAD, 0x06, 0xAA, 0xB4, 0x42, 0xA0, 0x0E, 0x62, 0xEC,
    0xA6, 0x56, 0xDB, 0x00, 0x00, 0x62, 0x5C, 0x35, 0x01, 0xD0, 0x0B, 0x1D, 0x60, 0xDA, 0x11, 0x43,
    0x61, 0x00, 0xFE, 0x33, 0x83, 0x29, 0x43, 0x03, 0x40, 0x2F, 0xA6, 0x0B, 0x28, 0x03, 0x50, 0x20,
    0x79, 0xBA, 0x8C, 0xA2, 0x4B, 0xE8, 0x12, 0x32, 0xDD, 0x4E, 0xA1, 0x4B, 0xC8, 0xB4, 0x77, 0x01,
    0x0D, 0x5D, 0x40, 0xA3, 0x4A, 0x01, 0x42, 0x2F, 0x9D, 0x92, 0xE4, 0xEF, 0xC9, 0x9D, 0x3E, 0xB7,
    0xC6, 0xA3, 0x50, 0x3D, 0x9C, 0x0F, 0x73, 0x72, 0xFE, 0xC4, 0x00, 0x8A, 0x1B, 0x80, 0x89, 0x42,
    0xCF, 0x55, 0xF4, 0x49, 0x98, 0xB2, 0x30, 0x14, 0xC0, 0x7D, 0x21, 0x7A, 0x16, 0x5A, 0x4D, 0xFA,
    0x75, 0xAE, 0x2F, 0xB9, 0x9A, 0x8B, 0x62, 0x70, 0x09, 0x42, 0x84, 0x8F, 0x3E, 0xC0, 0xDD, 0xB8,
    0x7E, 0x0B, 0x26, 0x61, 0x3F, 0xB7, 0x68, 0xD9, 0xC0, 0x40, 0x16, 0x28, 0xF2, 0x02, 0x9C, 0xAA,
    0x05, 0x9E, 0xBC, 0x15, 0x0C, 0xD7, 0xDF, 0x38, 0x06, 0xC0, 0x33, 0x02, 0x64, 0x12, 0xDE, 0x25,
    0x28, 0xBE, 0xBA, 0xA0, 0xA3, 0xDE, 0xD0, 0x53, 0x67, 0x0C, 0x75, 0x2C, 0x18, 0xCB, 0x50, 0xA1,
    0x73, 0xCF, 0x9D, 0x69, 0xEB, 0x68, 0xE7, 0x76, 0x87, 0x49, 0x8A, 0xEB, 0xF5, 0x4A, 0xB9, 0x9C,
    0xC1, 0xB7, 0x57, 0x51, 0x2A, 0x1D, 0x80, 0x14, 0x8F, 0xB5, 0xF6, 0xFF, 0xAC, 0x4D, 0x8B, 0x3B,
    0x92, 0x01, 0x4C, 0x45, 0x18, 0x6F, 0xBF, 0x98, 0x51, 0x70, 0x17, 0x61, 0xCE, 0x82, 0xAE, 0xC2,
    0x40, 0x0B, 0x74, 0xFB, 0xF8, 0x1E, 0xD5, 0xE8, 0xDB, 0x40, 0xF3, 0xFE, 0xF0, 0x75, 0x8D, 0x71,
    0x8F, 0xDA, 0x43, 0x75, 0x11, 0x4C, 0x16, 0x1E, 0x7A, 0x01, 0x0F, 0x05, 0x40, 0x55, 0xA1, 0x2B,
    0x42, 0x9F, 0x85, 0xA1, 0x31, 0x6E, 0x82, 0x4E, 0x7E, 0x6B, 0x64, 0x4C, 0x51, 0x30, 0xC1, 0x17,
    0x98, 0xB5, 0xAB, 0x70, 0x8B, 0x22, 0xBC, 0x05, 0x2D, 0x01, 0x2E, 0x82, 0x7B, 0x53, 0x01, 0xF3,
    0x21, 0x0B, 0x67, 0x61, 0xFE, 0xB4, 0x01, 0xD3, 0xB7, 0x0B, 0xA0, 0x99, 0x80, 0x91, 0x51, 0x72,
    0x19, 0xF6, 0x67, 0x5E, 0x03, 0x34, 0xDF, 0x33, 0x19, 0x7E, 0x67, 0x76, 0xE7, 0x1F, 0xE7, 0xE2,
    0xEF, 0xA8, 0x8A, 0xB7, 0x55, 0x55, 0x6F, 0x7D, 0x83, 0x77, 0xC5, 0x9D, 0x3F, 0x9F, 0x8B, 0xE1,
    0x47, 0x66, 0xCD, 0x17, 0x4C, 0x5D, 0x81, 0x5F, 0x80, 0xA9, 0x05, 0x7A, 0x41, 0x51, 0xE8, 0x1A,
    0x3D, 0x81, 0xFF, 0x8B, 0xE1, 0x95, 0xD2, 0xC8, 0x8D, 0x00, 0x74, 0x15, 0x8F, 0xA1, 0x19, 0xE7,
    0x28, 0x53, 0x06, 0x27, 0xAC, 0x7E, 0xF1, 0xC4, 0xD8, 0xFE, 0xE6, 0xAD, 0xFE, 0x76, 0xAE, 0xA1,
    0x13, 0x30, 0x47, 0x1E, 0x0A, 0xBD, 0x8C, 0x46, 0x19, 0xE9, 0x28, 0xE3, 0x15, 0xC7, 0xF9, 0x6D,
    0x13, 0xAD, 0x1E, 0x01, 0x2A, 0x03, 0x2E, 0xE3, 0xC4, 0xDC, 0x91, 0x9B, 0x61, 0x85, 0xE1, 0x02,
    0x93, 0x00, 0x53, 0xA5, 0xB9, 0x61, 0x24, 0x23, 0x5E, 0x33, 0x43, 0x49, 0x63, 0x94, 0xC6, 0x33,
    0xA0, 0xCD, 0x98, 0xFF, 0xEC, 0xA7, 0xED, 0x9B, 0x95, 0x2E, 0xD2, 0xFC, 0x8A, 0x89, 0x12, 0xE4,
    0x98, 0xD1, 0x49, 0x43, 0xCB, 0xBE, 0xCF, 0x2D, 0xE7, 0x44, 0x46, 0xC3, 0x9F, 0x30, 0xB4, 0x30,
    0x01, 0x78, 0x0E, 0xE0, 0xA1, 0xBC, 0x5F, 0xAD, 0xCD, 0xB1, 0x11, 0x80, 0x20, 0x10, 0x44, 0xD1,
    0x33, 0x22, 0xA4, 0x04, 0x4A, 0xB0, 0x05, 0x3A, 0xBF, 0x2B, 0xC1, 0x1A, 0xAC, 0x00, 0x1D, 0xF2,
    0xEF, 0x62, 0xA2, 0xE4, 0x24, 0x2F, 0xD9, 0x9D, 0xF9, 0xE6, 0xCD, 0x6B, 0xE2, 0x22, 0x32, 0x37,
    0x47, 0xE1, 0x14, 0x7D, 0x23, 0xF6, 0x6E, 0x5E, 0x85, 0x19, 0x40, 0x7C, 0xF8, 0x40, 0xC3, 0x02,
    0x14, 0x27, 0x12, 0x22, 0x0F, 0xCA, 0xCB, 0x7C, 0x81, 0xF6, 0xC7, 0xC5, 0xA2, 0xF8, 0x03,
};

static const EpdGlyph notosans_16_boldGlyphs[] = {
    { 0, 0, 320, 0, 0, 0, 0 }, // U+0020
    { 8, 24, 320, 6, 24, 48, 0 }, // !
    { 12, 11, 320, 4, 25, 33, 48 }, // "
    { 20, 24, 320, 0, 24, 120, 81 }, // #
    { 18, 31, 320, 1, 27, 140, 201 }, // $
    { 20, 24, 320, 0, 24, 120, 341 }, // %
    { 20, 24, 320, 0, 24, 120, 461 }, // &
    { 6, 11, 320, 7, 25, 17, 581 }, // '
    { 13, 31, 320, 5, 26, 101, 598 }, // (
    { 13, 31, 320, 2, 26, 101, 699 }, // )
    { 18, 18, 320, 1, 19, 81, 800 }, // *
    { 16, 17, 320, 2, 19, 68, 881 }, // +
    { 9, 11, 320, 5, 6, 25, 949 }, // ,
    { 12, 5, 320, 4, 13, 15, 974 }, // -
    { 8, 6, 320, 6, 6, 12, 989 }, // .
    { 16, 31, 320, 2, 26, 124, 1001 }, // /
    { 20, 24, 320, 0, 24, 120, 1125 }, // 0
    { 19, 24, 320, 1, 24, 114, 1245 }, // 1
    { 18, 24, 320, 1, 24, 108, 1359 }, // 2
    { 19, 24, 320, 0, 24, 114, 1467 }, // 3
    { 20, 24, 320, 0, 24, 120, 1581 }, // 4
    { 18, 24, 320, 1, 24, 108, 1701 }, // 5
    { 18, 24, 320, 1, 24, 108, 1809 }, // 6
    { 18, 24, 320, 1, 24, 108, 1917 }, // 7
    { 18, 24, 320, 1, 24, 108, 2025 }, // 8
    { 18, 24, 320, 1, 24, 108, 2133 }, // 9
    { 8, 17, 320, 6, 17, 34, 2241 }, // :
    { 9, 22, 320, 5, 17, 50, 2275 }, // ;
    { 16, 21, 320, 2, 21, 84, 2325 }, // <
    { 16, 12, 320, 2, 16, 48, 2409 }, // =
    { 16, 21, 320, 2, 21, 84, 2457 }, // >
    { 16, 24, 320, 2, 24, 96, 2541 }, // ?
    { 18, 28, 320, 1, 24, 126, 2637 }, // @
    { 20, 24, 320, 0, 24, 120, 2763 }, // A
    { 17, 24, 320, 2, 24, 102, 2883 }, // B
    { 18, 24, 320, 1, 24, 108, 2985 }, // C
    { 17, 24, 320, 2, 24, 102, 3093 }, // D
    { 16, 24, 320, 2, 24, 96, 3195 }, // E
    { 17, 24, 320, 2, 24, 102, 3291 }, // F
    { 18, 24, 320, 1, 24, 108, 3393 }, // G
    { 16, 24, 320, 2, 24, 96, 3501 }, // H
    { 16, 24, 320, 2, 24, 96, 3597 }, // I
    { 17, 24, 320, 1, 24, 102, 3693 }, // J
    { 19, 24, 320, 2, 24, 114, 3795 }, // K
    { 16, 24, 320, 3, 24, 96, 3909 }, // L
    { 18, 24, 320, 1, 24, 108, 4005 }, // M
    { 16, 24, 320, 2, 24, 96, 4113 }, // N
    { 20, 24, 320, 0, 24, 120, 4209 }, // O
    { 17, 24, 320, 2, 24, 102, 4329 }, // P
    { 22, 25, 320, 0, 24, 138, 4431 }, // Q
    { 18, 24, 320, 2, 24, 108, 4569 }, // R
    { 18, 24, 320, 1, 24, 108, 4677 }, // S
    { 20, 24, 320, 0, 24, 120, 4785 }, // T
    { 18, 24, 320, 1, 24, 108, 4905 }, // U
    { 20, 24, 320, 0, 24, 120, 5013 }, // V
    { 20, 24, 320, 0, 24, 120, 5133 }, // W
    { 20, 24, 320, 0, 24, 120, 5253 }, // X
    { 20, 24, 320, 0, 24, 120, 5373 }, // Y
    { 18, 24, 320, 1, 24, 108, 5493 }, // Z
    { 11, 31, 320, 6, 26, 86, 5601 }, // [
    { 16, 31, 320, 2, 26, 124, 5687 }, // <backslash>
    { 11, 31, 320, 3, 26, 86, 5811 }, // ]
    { 20, 17, 320, 0, 24, 85, 5897 }, // ^
    { 16, 4, 320, 2, -3, 16, 5982 }, // _
    { 8, 8, 320, 5, 27, 16, 5998 }, // `
    { 19, 18, 320, 1, 18, 86, 6014 }, // a
    { 18, 25, 320, 1, 25, 113, 6100 }, // b
    { 17, 18, 320, 2, 18, 77, 6213 }, // c
    { 18, 25, 320, 1, 25, 113, 6290 }, // d
    { 18, 18, 320, 1, 18, 81, 6403 }, // e
    { 17, 25, 320, 2, 25, 107, 6484 }, // f
    { 18, 25, 320, 1, 18, 113, 6591 }, // g
    { 16, 25, 320, 2, 25, 100, 6704 }, // h
    { 16, 25, 320, 3, 25, 100, 6804 }, // i
    { 12, 32, 330, 3, 25, 96, 6904 }, // j
    { 18, 25, 320, 2, 25, 113, 7000 }, // k
    { 16, 25, 320, 2, 25, 100, 7113 }, // l
    { 18, 18, 320, 1, 18, 81, 7213 }, // m
    { 16, 18, 320, 2, 18, 72, 7294 }, // n
    { 18, 18, 320, 1, 18, 81, 7366 }, // o
    { 18, 25, 320, 1, 18, 113, 7447 }, // p
    { 18, 25, 320, 1, 18, 113, 7560 }, // q
    { 17, 18, 320, 2, 18, 77, 7673 }, // r
    { 17, 18, 320, 1, 18, 77, 7750 }, // s
    { 17, 24, 320, 1, 24, 102, 7827 }, // t
    { 16, 18, 320, 2, 18, 72, 7929 }, // u
    { 20, 18, 320, 0, 18, 90, 8001 }, // v
    { 20, 18, 320, 0, 18, 90, 8091 }, // w
    { 20, 18, 320, 0, 18, 90, 8181 }, // x
    { 20, 25, 320, 0, 18, 125, 8271 }, // y
    { 16, 18, 320, 2, 18, 72, 8396 }, // z
    { 14, 31, 320, 3, 26, 109, 8468 }, // {
    { 6, 31, 320, 7, 26, 47, 8577 }, // |
    { 14, 31, 320, 3, 26, 109, 8624 }, // }
    { 18, 6, 320, 1, 13, 27, 8733 }, // ~
    { 0, 0, 320, 0, 0, 0, 0 }, // U+00A0
    { 8, 24, 320, 6, 18, 48, 0 }, // U+00A1
    { 17, 25, 320, 2, 21, 107, 48 }, // U+00A2
    { 18, 24, 320, 1, 24, 108, 155 }, // U+00A3
    { 20, 24, 320, 0, 24, 120, 263 }, // U+00A5
    { 6, 30, 320, 7, 25, 45, 383 }, // U+00A6
    { 17, 31, 320, 2, 24, 132, 428 }, // U+00A7
    { 14, 5, 320, 3, 25, 18, 560 }, // U+00A8
    { 20, 23, 320, 0, 24, 115, 578 }, // U+00A9
    { 13, 13, 320, 4, 24, 43, 693 }, // U+00AA
    { 18, 16, 320, 1, 17, 72, 736 }, // U+00AB
    { 16, 11, 320, 2, 12, 44, 808 }, // U+00AC
    { 12, 5, 320, 4, 13, 15, 852 }, // U+00AD
    { 14, 13, 320, 3, 24, 46, 867 }, // U+00AE
    { 12, 4, 320, 4, 25, 12, 913 }, // U+00AF
    { 14, 13, 320, 3, 24, 46, 925 }, // U+00B0
    { 16, 21, 320, 2, 21, 84, 971 }, // U+00B1
    { 10, 12, 320, 5, 23, 30, 1055 }, // U+00B2
    { 11, 12, 320, 4, 23, 33, 1085 }, // U+00B3
    { 9, 10, 320, 7, 28, 23, 1118 }, // U+00B4
    { 16, 25, 320, 2, 18, 100, 1141 }, // U+00B5
    { 19, 29, 320, 0, 24, 138, 1241 }, // U+00B6
    { 7, 6, 320, 6, 13, 11, 1379 }, // U+00B7
    { 9, 8, 320, 6, 1, 18, 1390 }, // U+00B8
    { 11, 12, 320, 5, 23, 33, 1408 }, // U+00B9
    { 14, 13, 320, 3, 24, 46, 1441 }, // U+00BA
    { 18, 16, 320, 1, 17, 72, 1487 }, // U+00BB
    { 20, 24, 320, 0, 24, 120, 1559 }, // U+00BC
    { 20, 24, 320, 0, 24, 120, 1679 }, // U+00BD
    { 20, 24, 320, 0, 24, 120, 1799 }, // U+00BE
    { 16, 25, 320, 2, 18, 100, 1919 }, // U+00BF
    { 20, 33, 320, 0, 33, 165, 2019 }, // U+00C0
    { 20, 34, 320, 0, 34, 170, 2184 }, // U+00C1
    { 20, 33, 320, 0, 33, 165, 2354 }, // U+00C2
    { 20, 31, 320, 0, 31, 155, 2519 }, // U+00C3
    { 20, 31, 320, 0, 31, 155, 2674 }, // U+00C4
    { 20, 35, 320, 0, 35, 175, 2829 }, // U+00C5
    { 21, 24, 320, -1, 24, 126, 3004 }, // U+00C6
    { 18, 31, 320, 1, 24, 140, 3130 }, // U+00C7
    { 16, 33, 320, 2, 33, 132, 3270 }, // U+00C8
    { 16, 34, 320, 2, 34, 136, 3402 }, // U+00C9
    { 16, 33, 320, 2, 33, 132, 3538 }, // U+00CA
    { 16, 31, 320, 2, 31, 124, 3670 }, // U+00CB
    { 16, 33, 320, 2, 33, 132, 3794 }, // U+00CC
    { 16, 34, 320, 2, 34, 136, 3926 }, // U+00CD
    { 16, 33, 320, 2, 33, 132, 4062 }, // U+00CE
    { 16, 31, 320, 2, 31, 124, 4194 }, // U+00CF
    { 19, 24, 320, 0, 24, 114, 4318 }, // U+00D0
    { 16, 31, 320, 2, 31, 124, 4432 }, // U+00D1
    { 20, 33, 320, 0, 33, 165, 4556 }, // U+00D2
    { 20, 34, 320, 0, 34, 170, 4721 }, // U+00D3
    { 20, 33, 320, 0, 33, 165, 4891 }, // U+00D4
    { 20, 31, 320, 0, 31, 155, 5056 }, // U+00D5
    { 20, 31, 320, 0, 31, 155, 5211 }, // U+00D6
    { 16, 16, 320, 2, 18, 64, 5366 }, // U+00D7
    { 20, 28, 320, 0, 26, 140, 5430 }, // U+00D8
    { 18, 33, 320, 1, 33, 149, 5570 }, // U+00D9
    { 18, 34, 320, 1, 34, 153, 5719 }, // U+00DA
    { 18, 33, 320, 1, 33, 149, 5872 }, // U+00DB
    { 18, 31, 320, 1, 31, 140, 6021 }, // U+00DC
    { 20, 34, 320, 0, 34, 170, 6161 }, // U+00DD
    { 17, 24, 320, 2, 24, 102, 6331 }, // U+00DE
    { 20, 25, 320, 0, 25, 125, 6433 }, // U+00DF
    { 19, 27, 320, 1, 27, 129, 6558 }, // U+00E0
    { 19, 28, 320, 1, 28, 133, 6687 }, // U+00E1
    { 19, 27, 320, 1, 27, 129, 6820 }, // U+00E2
    { 19, 25, 320, 1, 25, 119, 6949 }, // U+00E3
    { 19, 25, 320, 1, 25, 119, 7068 }, // U+00E4
    { 19, 29, 320, 1, 29, 138, 7187 }, // U+00E5
    { 20, 18, 320, 0, 18, 90, 7325 }, // U+00E6
    { 17, 25, 320, 2, 18, 107, 7415 }, // U+00E7
    { 18, 27, 320, 1, 27, 122, 7522 }, // U+00E8
    { 18, 28, 320, 1, 28, 126, 7644 }, // U+00E9
    { 18, 27, 320, 1, 27, 122, 7770 }, // U+00EA
    { 18, 25, 320, 1, 25, 113, 7892 }, // U+00EB
    { 16, 27, 320, 3, 27, 108, 8005 }, // U+00EC
    { 16, 28, 320, 3, 28, 112, 8113 }, // U+00ED
    { 16, 27, 320, 3, 27, 108, 8225 }, // U+00EE
    { 16, 25, 320, 3, 25, 100, 8333 }, // U+00EF
    { 18, 26, 320, 1, 26, 117, 8433 }, // U+00F0
    { 16, 25, 320, 2, 25, 100, 8550 }, // U+00F1
    { 18, 27, 320, 1, 27, 122, 8650 }, // U+00F2
    { 18, 28, 320, 1, 28, 126, 8772 }, // U+00F3
    { 18, 27, 320, 1, 27, 122, 8898 }, // U+00F4
    { 18, 25, 320, 1, 25, 113, 9020 }, // U+00F5
    { 18, 25, 320, 1, 25, 113, 9133 }, // U+00F6
    { 16, 18, 320, 2, 19, 72, 9246 }, // U+00F7
    { 20, 22, 320, 0, 20, 110, 9318 }, // U+00F8
    { 16, 27, 320, 2, 27, 108, 9428 }, // U+00F9
    { 16, 28, 320, 2, 28, 112, 9536 }, // U+00FA
    { 16, 27, 320, 2, 27, 108, 9648 }, // U+00FB
    { 16, 25, 320, 2, 25, 100, 9756 }, // U+00FC
    { 20, 35, 320, 0, 28, 175, 9856 }, // U+00FD
    { 18, 32, 320, 1, 25, 144, 10031 }, // U+00FE
    { 20, 32, 320, 0, 25, 160, 10175 }, // U+00FF
    { 20, 31, 320, 0, 31, 155, 0 }, // U+0100
    { 19, 25, 320, 1, 25, 119, 155 }, // U+0101
    { 20, 33, 320, 0, 33, 165, 274 }, // U+0102
    { 19, 27, 320, 1, 27, 129, 439 }, // U+0103
    { 21, 31, 320, 0, 24, 163, 568 }, // U+0104
    { 20, 25, 320, 1, 18, 125, 731 }, // U+0105
    { 18, 34, 320, 1, 34, 153, 856 }, // U+0106
    { 17, 28, 320, 2, 28, 119, 1009 }, // U+0107
    { 18, 33, 320, 1, 33, 149, 1128 }, // U+0108
    { 17, 27, 320, 2, 27, 115, 1277 }, // U+0109
    { 18, 31, 320, 1, 31, 140, 1392 }, // U+010A
    { 17, 25, 320, 2, 25, 107, 1532 }, // U+010B
    { 18, 33, 320, 1, 33, 149, 1639 }, // U+010C
    { 17, 28, 320, 2, 28, 119, 1788 }, // U+010D
    { 17, 33, 320, 2, 33, 141, 1907 }, // U+010E
    { 22, 25, 320, 0, 25, 138, 2048 }, // U+010F
    { 19, 24, 320, 0, 24, 114, 2186 }, // U+0110
    { 19, 25, 320, 1, 25, 119, 2300 }, // U+0111
    { 16, 31, 320, 2, 31, 124, 2419 }, // U+0112
    { 18, 25, 320, 1, 25, 113, 2543 }, // U+0113
    { 16, 33, 320, 2, 33, 132, 2656 }, // U+0114
    { 18, 27, 320, 1, 27, 122, 2788 }, // U+0115
    { 16, 31, 320, 2, 31, 124, 2910 }, // U+0116
    { 18, 25, 320, 1, 25, 113, 3034 }, // U+0117
    { 17, 31, 320, 2, 24, 132, 3147 }, // U+0118
    { 18, 25, 320, 1, 18, 113, 3279 }, // U+0119
    { 16, 33, 320, 2, 33, 132, 3392 }, // U+011A
    { 18, 28, 320, 1, 28, 126, 3524 }, // U+011B
    { 18, 33, 320, 1, 33, 149, 3650 }, // U+011C
    { 18, 34, 320, 1, 27, 153, 3799 }, // U+011D
    { 18, 33, 320, 1, 33, 149, 3952 }, // U+011E
    { 18, 34, 320, 1, 27, 153, 4101 }, // U+011F
    { 18, 31, 320, 1, 31, 140, 4254 }, // U+0120
    { 18, 32, 320, 1, 25, 144, 4394 }, // U+0121
    { 18, 33, 320, 1, 24, 149, 4538 }, // U+0122
    { 18, 34, 320, 1, 27, 153, 4687 }, // U+0123
    { 16, 33, 320, 2, 33, 132, 4840 }, // U+0124
    { 20, 33, 320, -2, 33, 165, 4972 }, // U+0125
    { 20, 24, 320, 0, 24, 120, 5137 }, // U+0126
    { 18, 25, 320, 0, 25, 113, 5257 }, // U+0127
    { 16, 31, 320, 2, 31, 124, 5370 }, // U+0128
    { 16, 25, 320, 3, 25, 100, 5494 }, // U+0129
    { 16, 31, 320, 2, 31, 124, 5594 }, // U+012A
    { 16, 25, 320, 3, 25, 100, 5718 }, // U+012B
    { 16, 33, 320, 2, 33, 132, 5818 }, // U+012C
    { 16, 27, 320, 3, 27, 108, 5950 }, // U+012D
    { 17, 31, 320, 2, 24, 132, 6058 }, // U+012E
    { 17, 32, 320, 3, 25, 136, 6190 }, // U+012F
    { 16, 31, 320, 2, 31, 124, 6326 }, // U+0130
    { 16, 18, 320, 3, 18, 72, 6450 }, // U+0131
    { 17, 24, 320, 1, 24, 102, 6522 }, // U+0132
    { 16, 33, 320, 2, 26, 132, 6624 }, // U+0133
    { 17, 33, 320, 1, 33, 141, 6756 }, // U+0134
    { 16, 34, 320, 3, 27, 136, 6897 }, // U+0135
    { 19, 33, 320, 2, 24, 157, 7033 }, // U+0136
    { 18, 34, 320, 2, 25, 153, 7190 }, // U+0137
    { 18, 18, 320, 2, 18, 81, 7343 }, // U+0138
    { 16, 34, 320, 3, 34, 136, 7424 }, // U+0139
    { 16, 34, 320, 2, 34, 136, 7560 }, // U+013A
    { 16, 33, 320, 3, 24, 132, 7696 }, // U+013B
    { 16, 34, 320, 2, 25, 136, 7828 }, // U+013C
    { 16, 25, 320, 3, 25, 100, 7964 }, // U+013D
    { 18, 25, 320, 2, 25, 113, 8064 }, // U+013E
    { 16, 24, 320, 3, 24, 96, 8177 }, // U+013F
    { 19, 25, 320, 1, 25, 119, 8273 }, // U+0140
    { 18, 24, 320, 1, 24, 108, 8392 }, // U+0141
    { 16, 25, 320, 2, 25, 100, 8500 }, // U+0142
    { 16, 34, 320, 2, 34, 136, 8600 }, // U+0143
    { 16, 28, 320, 2, 28, 112, 8736 }, // U+0144
    { 16, 33, 320, 2, 24, 132, 8848 }, // U+0145
    { 16, 27, 320, 2, 18, 108, 8980 }, // U+0146
    { 16, 33, 320, 2, 33, 132, 9088 }, // U+0147
    { 16, 28, 320, 2, 28, 112, 9220 }, // U+0148
    { 19, 25, 320, 0, 25, 119, 9332 }, // U+0149
    { 16, 31, 320, 2, 24, 124, 9451 }, // U+014A
    { 16, 25, 320, 2, 18, 100, 9575 }, // U+014B
    { 20, 31, 320, 0, 31, 155, 9675 }, // U+014C
    { 18, 25, 320, 1, 25, 113, 9830 }, // U+014D
    { 20, 33, 320, 0, 33, 165, 9943 }, // U+014E
    { 18, 27, 320, 1, 27, 122, 10108 }, // U+014F
    { 20, 33, 320, 0, 33, 165, 10230 }, // U+0150
    { 18, 27, 320, 1, 27, 122, 10395 }, // U+0151
    { 20, 24, 320, 0, 24, 120, 10517 }, // U+0152
    { 20, 18, 320, 0, 18, 90, 10637 }, // U+0153
    { 18, 34, 320, 2, 34, 153, 10727 }, // U+0154
    { 17, 28, 320, 2, 28, 119, 10880 }, // U+0155
    { 18, 33, 320, 2, 24, 149, 10999 }, // U+0156
    { 17, 27, 320, 2, 18, 115, 11148 }, // U+0157
    { 18, 33, 320, 2, 33, 149, 11263 }, // U+0158
    { 17, 28, 320, 2, 28, 119, 11412 }, // U+0159
    { 18, 34, 320, 1, 34, 153, 11531 }, // U+015A
    { 17, 28, 320, 1, 28, 119, 11684 }, // U+015B
    { 18, 33, 320, 1, 33, 149, 11803 }, // U+015C
    { 17, 27, 320, 1, 27, 115, 11952 }, // U+015D
    { 18, 31, 320, 1, 24, 140, 12067 }, // U+015E
    { 17, 25, 320, 1, 18, 107, 12207 }, // U+015F
    { 18, 33, 320, 1, 33, 149, 12314 }, // U+0160
    { 17, 28, 320, 1, 28, 119, 12463 }, // U+0161
    { 20, 33, 320, 0, 24, 165, 12582 }, // U+0162
    { 17, 33, 320, 1, 24, 141, 12747 }, // U+0163
    { 20, 33, 320, 0, 33, 165, 12888 }, // U+0164
    { 18, 26, 320, 1, 26, 117, 13053 }, // U+0165
    { 20, 24, 320, 0, 24, 120, 13170 }, // U+0166
    { 17, 24, 320, 1, 24, 102, 13290 }, // U+0167
    { 18, 31, 320, 1, 31, 140, 13392 }, // U+0168
    { 16, 25, 320, 2, 25, 100, 13532 }, // U+0169
    { 18, 31, 320, 1, 31, 140, 13632 }, // U+016A
    { 16, 25, 320, 2, 25, 100, 13772 }, // U+016B
    { 18, 33, 320, 1, 33, 149, 13872 }, // U+016C
    { 16, 27, 320, 2, 27, 108, 14021 }, // U+016D
    { 18, 35, 320, 1, 35, 158, 14129 }, // U+016E
    { 16, 29, 320, 2, 29, 116, 14287 }, // U+016F
    { 18, 33, 320, 1, 33, 149, 14403 }, // U+0170
    { 17, 27, 320, 2, 27, 115, 14552 }, // U+0171
    { 18, 31, 320, 1, 24, 140, 14667 }, // U+0172
    { 17, 25, 320, 2, 18, 107, 14807 }, // U+0173
    { 20, 33, 320, 0, 33, 165, 14914 }, // U+0174
    { 20, 27, 320, 0, 27, 135, 15079 }, // U+0175
    { 20, 33, 320, 0, 33, 165, 15214 }, // U+0176
    { 20, 34, 320, 0, 27, 170, 15379 }, // U+0177
    { 20, 31, 320, 0, 31, 155, 15549 }, // U+0178
    { 18, 34, 320, 1, 34, 153, 15704 }, // U+0179
    { 16, 28, 320, 2, 28, 112, 15857 }, // U+017A
    { 18, 31, 320, 1, 31, 140, 15969 }, // U+017B
    { 16, 25, 320, 2, 25, 100, 16109 }, // U+017C
    { 18, 33, 320, 1, 33, 149, 16209 }, // U+017D
    { 16, 28, 320, 2, 28, 112, 16358 }, // U+017E
    { 20, 28, 320, 0, 28, 140, 0 }, // U+01A0
    { 19, 22, 320, 1, 22, 105, 140 }, // U+01A1
    { 19, 28, 320, 1, 28, 133, 245 }, // U+01AF
    { 18, 22, 320, 2, 22, 99, 378 }, // U+01B0
    { 20, 40, 320, 0, 40, 200, 477 }, // U+01FA
    { 19, 34, 320, 1, 34, 162, 677 }, // U+01FB
    { 21, 34, 320, -1, 34, 179, 839 }, // U+01FC
    { 20, 28, 320, 0, 28, 140, 1018 }, // U+01FD
    { 20, 36, 320, 0, 34, 180, 1158 }, // U+01FE
    { 20, 30, 320, 0, 28, 150, 1338 }, // U+01FF
    { 18, 33, 320, 1, 24, 149, 1488 }, // U+0218
    { 17, 27, 320, 1, 18, 115, 1637 }, // U+0219
    { 20, 33, 320, 0, 24, 165, 1752 }, // U+021A
    { 17, 33, 320, 1, 24, 141, 1917 }, // U+021B
    { 8, 8, 0, -5, 27, 16, 0 }, // U+0300
    { 9, 10, 0, -3, 28, 23, 16 }, // U+0301
    { 14, 8, 0, -7, 27, 28, 39 }, // U+0302
    { 14, 5, 0, -7, 25, 18, 67 }, // U+0303
    { 12, 4, 0, -6, 25, 12, 85 }, // U+0304
    { 14, 8, 0, -7, 27, 28, 97 }, // U+0306
    { 6, 5, 0, -3, 25, 8, 125 }, // U+0307
    { 14, 5, 0, -7, 25, 18, 133 }, // U+0308
    { 9, 9, 0, -4, 27, 21, 151 }, // U+0309
    { 10, 10, 0, -5, 29, 25, 172 }, // U+030A
    { 15, 8, 0, -6, 27, 30, 197 }, // U+030B
    { 14, 8, 0, -7, 28, 28, 227 }, // U+030C
    { 7, 7, 0, -3, 27, 13, 255 }, // U+0312
    { 6, 7, 0, 0, 25, 11, 268 }, // U+0315
    { 10, 7, 0, -5, 22, 18, 279 }, // U+031B
    { 6, 5, 0, -3, -1, 8, 297 }, // U+0323
    { 7, 7, 0, -4, -2, 13, 305 }, // U+0326
    { 9, 8, 0, -4, 1, 18, 318 }, // U+0327
    { 10, 9, 0, -8, 2, 23, 336 }, // U+0328
    { 16, 33, 320, 2, 33, 132, 0 }, // U+0400
    { 16, 31, 320, 2, 31, 124, 132 }, // U+0401
    { 20, 31, 320, 0, 24, 155, 256 }, // U+0402
    { 15, 34, 320, 3, 34, 128, 411 }, // U+0403
    { 18, 24, 320, 1, 24, 108, 539 }, // U+0404
    { 18, 24, 320, 1, 24, 108, 647 }, // U+0405
    { 16, 24, 320, 2, 24, 96, 755 }, // U+0406
    { 16, 31, 320, 2, 31, 124, 851 }, // U+0407
    { 17, 24, 320, 1, 24, 102, 975 }, // U+0408
    { 21, 24, 320, -1, 24, 126, 1077 }, // U+0409
    { 20, 24, 320, 0, 24, 120, 1203 }, // U+040A
    { 20, 24, 320, 0, 24, 120, 1323 }, // U+040B
    { 18, 34, 320, 2, 34, 153, 1443 }, // U+040C
    { 18, 33, 320, 1, 33, 149, 1596 }, // U+040D
    { 20, 33, 320, 0, 33, 165, 1745 }, // U+040E
    { 16, 29, 320, 2, 24, 116, 1910 }, // U+040F
    { 20, 24, 320, 0, 24, 120, 2026 }, // U+0410
    { 17, 24, 320, 2, 24, 102, 2146 }, // U+0411
    { 17, 24, 320, 2, 24, 102, 2248 }, // U+0412
    { 15, 24, 320, 3, 24, 90, 2350 }, // U+0413
    { 20, 30, 320, 0, 24, 150, 2440 }, // U+0414
    { 16, 24, 320, 2, 24, 96, 2590 }, // U+0415
    { 20, 24, 320, 0, 24, 120, 2686 }, // U+0416
    { 18, 24, 320, 1, 24, 108, 2806 }, // U+0417
    { 18, 24, 320, 1, 24, 108, 2914 }, // U+0418
    { 18, 33, 320, 1, 33, 149, 3022 }, // U+0419
    { 18, 24, 320, 2, 24, 108, 3171 }, // U+041A
    { 19, 24, 320, 0, 24, 114, 3279 }, // U+041B
    { 18, 24, 320, 1, 24, 108, 3393 }, // U+041C
    { 16, 24, 320, 2, 24, 96, 3501 }, // U+041D
    { 20, 24, 320, 0, 24, 120, 3597 }, // U+041E
    { 16, 24, 320, 2, 24, 96, 3717 }, // U+041F
    { 17, 24, 320, 2, 24, 102, 3813 }, // U+0420
    { 18, 24, 320, 1, 24, 108, 3915 }, // U+0421
    { 20, 24, 320, 0, 24, 120, 4023 }, // U+0422
    { 20, 24, 320, 0, 24, 120, 4143 }, // U+0423
    { 20, 26, 320, 0, 25, 130, 4263 }, // U+0424
    { 20, 24, 320, 0, 24, 120, 4393 }, // U+0425
    { 19, 30, 320, 1, 24, 143, 4513 }, // U+0426
    { 17, 24, 320, 1, 24, 102, 4656 }, // U+0427
    { 20, 24, 320, 0, 24, 120, 4758 }, // U+0428
    { 20, 30, 320, 0, 24, 150, 4878 }, // U+0429
    { 20, 24, 320, 0, 24, 120, 5028 }, // U+042A
    { 20, 24, 320, 0, 24, 120, 5148 }, // U+042B
    { 17, 24, 320, 2, 24, 102, 5268 }, // U+042C
    { 18, 24, 320, 1, 24, 108, 5370 }, // U+042D
    { 20, 24, 320, 0, 24, 120, 5478 }, // U+042E
    { 17, 24, 320, 1, 24, 102, 5598 }, // U+042F
    { 19, 18, 320, 1, 18, 86, 5700 }, // U+0430
    { 18, 25, 320, 1, 25, 113, 5786 }, // U+0431
    { 17, 18, 320, 2, 18, 77, 5899 }, // U+0432
    { 14, 18, 320, 4, 18, 63, 5976 }, // U+0433
    { 20, 24, 320, 0, 18, 120, 6039 }, // U+0434
    { 18, 18, 320, 1, 18, 81, 6159 }, // U+0435
    { 20, 18, 320, 0, 18, 90, 6240 }, // U+0436
    { 17, 18, 320, 1, 18, 77, 6330 }, // U+0437
    { 16, 18, 320, 2, 18, 72, 6407 }, // U+0438
    { 16, 27, 320, 2, 27, 108, 6479 }, // U+0439
    { 17, 18, 320, 2, 18, 77, 6587 }, // U+043A
    { 18, 18, 320, 0, 18, 81, 6664 }, // U+043B
    { 18, 18, 320, 1, 18, 81, 6745 }, // U+043C
    { 16, 18, 320, 2, 18, 72, 6826 }, // U+043D
    { 18, 18, 320, 1, 18, 81, 6898 }, // U+043E
    { 16, 18, 320, 2, 18, 72, 6979 }, // U+043F
    { 18, 25, 320, 1, 18, 113, 7051 }, // U+0440
    { 17, 18, 320, 2, 18, 77, 7164 }, // U+0441
    { 18, 18, 320, 1, 18, 81, 7241 }, // U+0442
    { 20, 25, 320, 0, 18, 125, 7322 }, // U+0443
    { 20, 31, 320, 0, 24, 155, 7447 }, // U+0444
    { 20, 18, 320, 0, 18, 90, 7602 }, // U+0445
    { 19, 24, 320, 1, 18, 114, 7692 }, // U+0446
    { 17, 18, 320, 1, 18, 77, 7806 }, // U+0447
    { 18, 18, 320, 1, 18, 81, 7883 }, // U+0448
    { 20, 23, 320, 0, 18, 115, 7964 }, // U+0449
    { 19, 18, 320, 0, 18, 86, 8079 }, // U+044A
    { 18, 18, 320, 1, 18, 81, 8165 }, // U+044B
    { 17, 18, 320, 2, 18, 77, 8246 }, // U+044C
    { 17, 18, 320, 1, 18, 77, 8323 }, // U+044D
    { 19, 18, 320, 1, 18, 86, 8400 }, // U+044E
    { 17, 18, 320, 1, 18, 77, 8486 }, // U+044F
    { 18, 27, 320, 1, 27, 122, 8563 }, // U+0450
    { 18, 25, 320, 1, 25, 113, 8685 }, // U+0451
    { 18, 32, 320, 0, 25, 144, 8798 }, // U+0452
    { 14, 28, 320, 4, 28, 98, 8942 }, // U+0453
    { 17, 18, 320, 2, 18, 77, 9040 }, // U+0454
    { 17, 18, 320, 1, 18, 77, 9117 }, // U+0455
    { 16, 25, 320, 3, 25, 100, 9194 }, // U+0456
    { 16, 25, 320, 3, 25, 100, 9294 }, // U+0457
    { 12, 32, 330, 3, 25, 96, 9394 }, // U+0458
    { 20, 18, 320, 0, 18, 90, 9490 }, // U+0459
    { 19, 18, 320, 1, 18, 86, 9580 }, // U+045A
    { 18, 25, 320, 0, 25, 113, 9666 }, // U+045B
    { 17, 28, 320, 2, 28, 119, 9779 }, // U+045C
    { 16, 27, 320, 2, 27, 108, 9898 }, // U+045D
    { 20, 34, 320, 0, 27, 170, 10006 }, // U+045E
    { 16, 23, 320, 2, 18, 92, 10176 }, // U+045F
    { 20, 24, 320, 0, 24, 120, 10268 }, // U+0472
    { 18, 18, 320, 1, 18, 81, 10388 }, // U+0473
    { 15, 29, 320, 3, 29, 109, 10469 }, // U+0490
    { 14, 23, 320, 4, 23, 81, 10578 }, // U+0491
    { 18, 24, 320, 1, 24, 108, 10659 }, // U+0492
    { 17, 18, 320, 1, 18, 77, 10767 }, // U+0493
    { 17, 31, 320, 2, 24, 132, 10844 }, // U+0494
    { 16, 25, 320, 2, 18, 100, 10976 }, // U+0495
    { 22, 29, 320, -1, 24, 160, 11076 }, // U+0496
    { 21, 23, 320, 0, 18, 121, 11236 }, // U+0497
    { 18, 29, 320, 1, 24, 131, 11357 }, // U+0498
    { 17, 23, 320, 1, 18, 98, 11488 }, // U+0499
    { 19, 29, 320, 1, 24, 138, 11586 }, // U+049A
    { 18, 23, 320, 2, 18, 104, 11724 }, // U+049B
    { 20, 24, 320, 0, 24, 120, 11828 }, // U+049C
    { 19, 18, 320, 1, 18, 86, 11948 }, // U+049D
    { 20, 24, 320, 0, 24, 120, 12034 }, // U+04A0
    { 20, 18, 320, 0, 18, 90, 12154 }, // U+04A1
    { 19, 29, 320, 1, 24, 138, 12244 }, // U+04A2
    { 19, 23, 320, 1, 18, 110, 12382 }, // U+04A3
    { 20, 24, 320, 0, 24, 120, 12492 }, // U+04A4
    { 19, 18, 320, 1, 18, 86, 12612 }, // U+04A5
    { 18, 29, 320, 1, 24, 131, 12698 }, // U+04AA
    { 17, 22, 320, 2, 18, 94, 12829 }, // U+04AB
    { 20, 24, 320, 0, 24, 120, 12923 }, // U+04AE
    { 20, 25, 320, 0, 18, 125, 13043 }, // U+04AF
    { 20, 24, 320, 0, 24, 120, 13168 }, // U+04B0
    { 20, 25, 320, 0, 18, 125, 13288 }, // U+04B1
    { 21, 29, 320, 0, 24, 153, 13413 }, // U+04B2
    { 20, 23, 320, 0, 18, 115, 13566 }, // U+04B3
    { 20, 29, 320, 0, 24, 145, 13681 }, // U+04B6
    { 19, 23, 320, 1, 18, 110, 13826 }, // U+04B7
    { 19, 24, 320, 0, 24, 114, 13936 }, // U+04B8
    { 17, 18, 320, 1, 18, 77, 14050 }, // U+04B9
    { 17, 24, 320, 2, 24, 102, 14127 }, // U+04BA
    { 16, 25, 320, 2, 25, 100, 14229 }, // U+04BB
    { 16, 24, 320, 2, 24, 96, 14329 }, // U+04C0
    { 20, 33, 320, 0, 33, 165, 14425 }, // U+04C1
    { 20, 27, 320, 0, 27, 135, 14590 }, // U+04C2
    { 16, 25, 320, 2, 25, 100, 14725 }, // U+04CF
    { 20, 33, 320, 0, 33, 165, 14825 }, // U+04D0
    { 19, 27, 320, 1, 27, 129, 14990 }, // U+04D1
    { 20, 31, 320, 0, 31, 155, 15119 }, // U+04D2
    { 19, 25, 320, 1, 25, 119, 15274 }, // U+04D3
    { 21, 24, 320, -1, 24, 126, 15393 }, // U+04D4
    { 20, 18, 320, 0, 18, 90, 15519 }, // U+04D5
    { 16, 33, 320, 2, 33, 132, 15609 }, // U+04D6
    { 18, 27, 320, 1, 27, 122, 15741 }, // U+04D7
    { 20, 24, 320, 0, 24, 120, 15863 }, // U+04D8
    { 18, 18, 320, 1, 18, 81, 15983 }, // U+04D9
    { 20, 31, 320, 0, 31, 155, 16064 }, // U+04DC
    { 20, 25, 320, 0, 25, 125, 16219 }, // U+04DD
    { 18, 31, 320, 1, 31, 140, 16344 }, // U+04DE
    { 17, 25, 320, 1, 25, 107, 16484 }, // U+04DF
    { 18, 31, 320, 1, 31, 140, 16591 }, // U+04E2
    { 16, 25, 320, 2, 25, 100, 16731 }, // U+04E3
    { 18, 31, 320, 1, 31, 140, 16831 }, // U+04E4
    { 16, 25, 320, 2, 25, 100, 16971 }, // U+04E5
    { 20, 31, 320, 0, 31, 155, 17071 }, // U+04E6
    { 18, 25, 320, 1, 25, 113, 17226 }, // U+04E7
    { 20, 24, 320, 0, 24, 120, 17339 }, // U+04E8
    { 18, 18, 320, 1, 18, 81, 17459 }, // U+04E9
    { 20, 31, 320, 0, 31, 155, 17540 }, // U+04EE
    { 20, 32, 320, 0, 25, 160, 17695 }, // U+04EF
    { 20, 31, 320, 0, 31, 155, 17855 }, // U+04F0
    { 20, 32, 320, 0, 25, 160, 18010 }, // U+04F1
    { 20, 33, 320, 0, 33, 165, 18170 }, // U+04F2
    { 20, 34, 320, 0, 27, 170, 18335 }, // U+04F3
    { 17, 31, 320, 1, 31, 132, 18505 }, // U+04F4
    { 17, 25, 320, 1, 25, 107, 18637 }, // U+04F5
    { 20, 31, 320, 0, 31, 155, 18744 }, // U+04F8
    { 18, 25, 320, 1, 25, 113, 18899 }, // U+04F9
    { 20, 30, 320, 0, 24, 150, 0 }, // U+1EA0
    { 19, 24, 320, 1, 18, 114, 150 }, // U+1EA1
    { 20, 33, 320, 0, 33, 165, 264 }, // U+1EA2
    { 19, 27, 320, 1, 27, 129, 429 }, // U+1EA3
    { 21, 39, 320, 0, 39, 205, 558 }, // U+1EA4
    { 19, 33, 320, 1, 33, 157, 763 }, // U+1EA5
    { 21, 39, 320, -1, 39, 205, 920 }, // U+1EA6
    { 21, 33, 320, -1, 33, 174, 1125 }, // U+1EA7
    { 20, 39, 320, 0, 39, 195, 1299 }, // U+1EA8
    { 19, 33, 320, 1, 33, 157, 1494 }, // U+1EA9
    { 20, 38, 320, 0, 38, 190, 1651 }, // U+1EAA
    { 19, 32, 320, 1, 32, 152, 1841 }, // U+1EAB
    { 20, 39, 320, 0, 33, 195, 1993 }, // U+1EAC
    { 19, 33, 320, 1, 27, 157, 2188 }, // U+1EAD
    { 20, 39, 320, 0, 39, 195, 2345 }, // U+1EAE
    { 19, 33, 320, 1, 33, 157, 2540 }, // U+1EAF
    { 20, 39, 320, 0, 39, 195, 2697 }, // U+1EB0
    { 19, 33, 320, 1, 33, 157, 2892 }, // U+1EB1
    { 20, 38, 320, 0, 38, 190, 3049 }, // U+1EB2
    { 19, 32, 320, 1, 32, 152, 3239 }, // U+1EB3
    { 20, 38, 320, 0, 38, 190, 3391 }, // U+1EB4
    { 19, 32, 320, 1, 32, 152, 3581 }, // U+1EB5
    { 20, 39, 320, 0, 33, 195, 3733 }, // U+1EB6
    { 19, 33, 320, 1, 27, 157, 3928 }, // U+1EB7
    { 16, 30, 320, 2, 24, 120, 4085 }, // U+1EB8
    { 18, 24, 320, 1, 18, 108, 4205 }, // U+1EB9
    { 16, 33, 320, 2, 33, 132, 4313 }, // U+1EBA
    { 18, 27, 320, 1, 27, 122, 4445 }, // U+1EBB
    { 16, 31, 320, 2, 31, 124, 4567 }, // U+1EBC
    { 18, 25, 320, 1, 25, 113, 4691 }, // U+1EBD
    { 19, 39, 320, 2, 39, 186, 4804 }, // U+1EBE
    { 20, 33, 320, 1, 33, 165, 4990 }, // U+1EBF
    { 19, 39, 320, -1, 39, 186, 5155 }, // U+1EC0
    { 20, 33, 320, -1, 33, 165, 5341 }, // U+1EC1
    { 18, 39, 320, 2, 39, 176, 5506 }, // U+1EC2
    { 19, 33, 320, 1, 33, 157, 5682 }, // U+1EC3
    { 16, 38, 320, 2, 38, 152, 5839 }, // U+1EC4
    { 18, 32, 320, 1, 32, 144, 5991 }, // U+1EC5
    { 16, 39, 320, 2, 33, 156, 6135 }, // U+1EC6
    { 18, 33, 320, 1, 27, 149, 6291 }, // U+1EC7
    { 16, 33, 320, 2, 33, 132, 6440 }, // U+1EC8
    { 16, 27, 320, 3, 27, 108, 6572 }, // U+1EC9
    { 16, 30, 320, 2, 24, 120, 6680 }, // U+1ECA
    { 16, 31, 320, 3, 25, 124, 6800 }, // U+1ECB
    { 20, 30, 320, 0, 24, 150, 6924 }, // U+1ECC
    { 18, 24, 320, 1, 18, 108, 7074 }, // U+1ECD
    { 20, 33, 320, 0, 33, 165, 7182 }, // U+1ECE
    { 18, 27, 320, 1, 27, 122, 7347 }, // U+1ECF
    { 21, 39, 320, 0, 39, 205, 7469 }, // U+1ED0
    { 20, 33, 320, 1, 33, 165, 7674 }, // U+1ED1
    { 21, 39, 320, -1, 39, 205, 7839 }, // U+1ED2
    { 20, 33, 320, -1, 33, 165, 8044 }, // U+1ED3
    { 20, 39, 320, 0, 39, 195, 8209 }, // U+1ED4
    { 18, 33, 320, 1, 33, 149, 8404 }, // U+1ED5
    { 20, 38, 320, 0, 38, 190, 8553 }, // U+1ED6
    { 18, 32, 320, 1, 32, 144, 8743 }, // U+1ED7
    { 20, 39, 320, 0, 33, 195, 8887 }, // U+1ED8
    { 18, 33, 320, 1, 27, 149, 9082 }, // U+1ED9
    { 20, 34, 320, 0, 34, 170, 9231 }, // U+1EDA
    { 19, 28, 320, 1, 28, 133, 9401 }, // U+1EDB
    { 20, 33, 320, 0, 33, 165, 9534 }, // U+1EDC
    { 19, 27, 320, 1, 27, 129, 9699 }, // U+1EDD
    { 20, 33, 320, 0, 33, 165, 9828 }, // U+1EDE
    { 19, 27, 320, 1, 27, 129, 9993 }, // U+1EDF
    { 20, 31, 320, 0, 31, 155, 10122 }, // U+1EE0
    { 19, 25, 320, 1, 25, 119, 10277 }, // U+1EE1
    { 20, 34, 320, 0, 28, 170, 10396 }, // U+1EE2
    { 19, 28, 320, 1, 22, 133, 10566 }, // U+1EE3
    { 18, 30, 320, 1, 24, 135, 10699 }, // U+1EE4
    { 16, 24, 320, 2, 18, 96, 10834 }, // U+1EE5
    { 18, 33, 320, 1, 33, 149, 10930 }, // U+1EE6
    { 16, 27, 320, 2, 27, 108, 11079 }, // U+1EE7
    { 19, 34, 320, 1, 34, 162, 11187 }, // U+1EE8
    { 18, 28, 320, 2, 28, 126, 11349 }, // U+1EE9
    { 19, 33, 320, 1, 33, 157, 11475 }, // U+1EEA
    { 18, 27, 320, 2, 27, 122, 11632 }, // U+1EEB
    { 19, 33, 320, 1, 33, 157, 11754 }, // U+1EEC
    { 18, 27, 320, 2, 27, 122, 11911 }, // U+1EED
    { 19, 31, 320, 1, 31, 148, 12033 }, // U+1EEE
    { 18, 25, 320, 2, 25, 113, 12181 }, // U+1EEF
    { 19, 34, 320, 1, 28, 162, 12294 }, // U+1EF0
    { 18, 28, 320, 2, 22, 126, 12456 }, // U+1EF1
    { 20, 33, 320, 0, 33, 165, 12582 }, // U+1EF2
    { 20, 34, 320, 0, 27, 170, 12747 }, // U+1EF3
    { 20, 30, 320, 0, 24, 150, 12917 }, // U+1EF4
    { 20, 25, 320, 0, 18, 125, 13067 }, // U+1EF5
    { 20, 33, 320, 0, 33, 165, 13192 }, // U+1EF6
    { 20, 34, 320, 0, 27, 170, 13357 }, // U+1EF7
    { 20, 31, 320, 0, 31, 155, 13527 }, // U+1EF8
    { 20, 32, 320, 0, 25, 160, 13682 }, // U+1EF9
    { 16, 4, 320, 2, 12, 16, 0 }, // U+2013
    { 20, 4, 320, 0, 12, 20, 16 }, // U+2014
    { 9, 11, 320, 5, 25, 25, 36 }, // U+2018
    { 9, 11, 320, 6, 25, 25, 61 }, // U+2019
    { 9, 11, 320, 5, 6, 25, 86 }, // U+201A
    { 17, 11, 320, 1, 25, 47, 111 }, // U+201C
    { 17, 11, 320, 2, 25, 47, 158 }, // U+201D
    { 18, 11, 320, 1, 6, 50, 205 }, // U+201E
    { 16, 32, 320, 2, 25, 128, 255 }, // U+2020
    { 16, 32, 320, 2, 25, 128, 383 }, // U+2021
    { 10, 9, 320, 5, 15, 23, 511 }, // U+2022
    { 20, 6, 320, 0, 6, 30, 534 }, // U+2026
    { 20, 24, 320, 0, 24, 120, 564 }, // U+2030
    { 9, 16, 320, 5, 17, 36, 684 }, // U+2039
    { 9, 16, 320, 6, 17, 36, 720 }, // U+203A
    { 20, 24, 320, 0, 24, 120, 756 }, // U+2044
    { 12, 12, 320, 4, 23, 36, 0 }, // U+2070
    { 12, 12, 320, 4, 23, 36, 36 }, // U+2074
    { 12, 12, 320, 4, 23, 36, 72 }, // U+2075
    { 12, 12, 320, 4, 23, 36, 108 }, // U+2076
    { 11, 12, 320, 5, 23, 33, 144 }, // U+2077
    { 12, 12, 320, 4, 23, 36, 177 }, // U+2078
    { 12, 12, 320, 4, 23, 36, 213 }, // U+2079
    { 12, 12, 320, 4, 12, 36, 249 }, // U+2080
    { 11, 12, 320, 5, 12, 33, 285 }, // U+2081
    { 10, 12, 320, 5, 12, 30, 318 }, // U+2082
    { 11, 12, 320, 4, 12, 33, 348 }, // U+2083
    { 12, 12, 320, 4, 12, 36, 381 }, // U+2084
    { 12, 12, 320, 4, 12, 36, 417 }, // U+2085
    { 12, 12, 320, 4, 12, 36, 453 }, // U+2086
    { 11, 12, 320, 5, 12, 33, 489 }, // U+2087
    { 12, 12, 320, 4, 12, 36, 522 }, // U+2088
    { 12, 12, 320, 4, 12, 36, 558 }, // U+2089
    { 18, 32, 320, 1, 28, 144, 0 }, // U+20A1
    { 18, 24, 320, 1, 24, 108, 144 }, // U+20A4
    { 20, 24, 320, 0, 24, 120, 252 }, // U+20A6
    { 19, 24, 320, 1, 24, 114, 372 }, // U+20A8
    { 20, 24, 320, 0, 24, 120, 486 }, // U+20A9
    { 18, 24, 320, 1, 24, 108, 606 }, // U+20AA
    { 17, 25, 320, 2, 25, 107, 714 }, // U+20AB
    { 19, 24, 320, 1, 24, 114, 821 }, // U+20AC
    { 21, 24, 320, 0, 24, 126, 935 }, // U+20AD
    { 20, 24, 320, 0, 24, 120, 1061 }, // U+20AE
    { 20, 24, 320, 0, 24, 120, 1181 }, // U+20B1
    { 18, 32, 320, 1, 28, 144, 1301 }, // U+20B2
    { 20, 24, 320, 0, 24, 120, 1445 }, // U+20B4
    { 18, 32, 320, 1, 28, 144, 1565 }, // U+20B5
    { 18, 24, 320, 1, 24, 108, 1709 }, // U+20B8
    { 18, 23, 320, 1, 23, 104, 1817 }, // U+20B9
    { 19, 24, 320, 1, 24, 114, 1921 }, // U+20BA
    { 18, 24, 320, 1, 24, 108, 2035 }, // U+20BD
    { 17, 32, 320, 2, 28, 136, 2143 }, // U+20BF
    { 20, 16, 320, 0, 20, 80, 0 }, // U+2190
    { 16, 24, 320, 2, 24, 96, 80 }, // U+2191
    { 20, 16, 320, 0, 20, 80, 176 }, // U+2192
    { 16, 24, 320, 2, 23, 96, 256 }, // U+2193
    { 20, 14, 320, 0, 19, 70, 352 }, // U+2194
    { 16, 25, 320, 2, 24, 100, 422 }, // U+2195
    { 19, 19, 320, 1, 21, 91, 522 }, // U+2196
    { 19, 19, 320, 0, 21, 91, 613 }, // U+2197
    { 19, 19, 320, 0, 22, 91, 704 }, // U+2198
    { 19, 19, 320, 1, 22, 91, 795 }, // U+2199
    { 20, 19, 320, 0, 21, 95, 886 }, // U+21A9
    { 20, 19, 320, 0, 21, 95, 981 }, // U+21AA
    { 19, 24, 320, 0, 23, 114, 1076 }, // U+21B0
    { 19, 24, 320, 1, 23, 114, 1190 }, // U+21B1
    { 19, 24, 320, 0, 24, 114, 1304 }, // U+21B2
    { 19, 24, 320, 1, 24, 114, 1418 }, // U+21B3
    { 20, 22, 320, 0, 23, 110, 1532 }, // U+21B6
    { 20, 22, 320, 0, 23, 110, 1642 }, // U+21B7
    { 20, 24, 320, 0, 24, 120, 1752 }, // U+21BA
    { 20, 24, 320, 0, 24, 120, 1872 }, // U+21BB
    { 20, 30, 320, 0, 27, 150, 1992 }, // U+21C4
    { 20, 30, 320, 0, 27, 150, 2142 }, // U+21C6
    { 18, 24, 320, 1, 24, 108, 0 }, // U+2202
    { 18, 24, 320, 1, 24, 108, 108 }, // U+2206
    { 16, 24, 320, 2, 24, 96, 216 }, // U+220F
    { 17, 30, 320, 1, 23, 128, 312 }, // U+2211
    { 16, 4, 320, 2, 12, 16, 440 }, // U+2212
    { 20, 23, 320, 0, 23, 115, 456 }, // U+221A
    { 20, 12, 320, 0, 16, 60, 571 }, // U+221E
    { 19, 31, 320, 0, 24, 148, 631 }, // U+222B
    { 18, 14, 320, 1, 17, 63, 779 }, // U+2248
    { 16, 18, 320, 2, 19, 72, 842 }, // U+2260
    { 16, 20, 320, 2, 20, 80, 914 }, // U+2264
    { 16, 20, 320, 2, 20, 80, 994 }, // U+2265
    { 18, 25, 320, 1, 25, 113, 0 }, // U+FB01
    { 17, 25, 320, 1, 25, 107, 113 }, // U+FB02
};

static const EpdUnicodeInterval notosans_16_boldIntervals[] = {
    { 0x20, 0x7E, 0x0 },
    { 0xA0, 0xA3, 0x5F },
    { 0xA5, 0x17E, 0x63 },
    { 0x1A0, 0x1A1, 0x13D },
    { 0x1AF, 0x1B0, 0x13F },
    { 0x1FA, 0x1FF, 0x141 },
    { 0x218, 0x21B, 0x147 },
    { 0x300, 0x304, 0x14B },
    { 0x306, 0x30C, 0x150 },
    { 0x312, 0x312, 0x157 },
    { 0x315, 0x315, 0x158 },
    { 0x31B, 0x31B, 0x159 },
    { 0x323, 0x323, 0x15A },
    { 0x326, 0x328, 0x15B },
    { 0x400, 0x45F, 0x15E },
    { 0x472, 0x473, 0x1BE },
    { 0x490, 0x49D, 0x1C0 },
    { 0x4A0, 0x4A5, 0x1CE },
    { 0x4AA, 0x4AB, 0x1D4 },
    { 0x4AE, 0x4B3, 0x1D6 },
    { 0x4B6, 0x4BB, 0x1DC },
    { 0x4C0, 0x4C2, 0x1E2 },
    { 0x4CF, 0x4D9, 0x1E5 },
    { 0x4DC, 0x4DF, 0x1F0 },
    { 0x4E2, 0x4E9, 0x1F4 },
    { 0x4EE, 0x4F5, 0x1FC },
    { 0x4F8, 0x4F9, 0x204 },
    { 0x1EA0, 0x1EF9, 0x206 },
    { 0x2013, 0x2014, 0x260 },
    { 0x2018, 0x201A, 0x262 },
    { 0x201C, 0x201E, 0x265 },
    { 0x2020, 0x2022, 0x268 },
    { 0x2026, 0x2026, 0x26B },
    { 0x2030, 0x2030, 0x26C },
    { 0x2039, 0x203A, 0x26D },
    { 0x2044, 0x2044, 0x26F },
    { 0x2070, 0x2070, 0x270 },
    { 0x2074, 0x2079, 0x271 },
    { 0x2080, 0x2089, 0x277 },
    { 0x20A1, 0x20A1, 0x281 },
    { 0x20A4, 0x20A4, 0x282 },
    { 0x20A6, 0x20A6, 0x283 },
    { 0x20A8, 0x20AE, 0x284 },
    { 0x20B1, 0x20B2, 0x28B },
    { 0x20B4, 0x20B5, 0x28D },
    { 0x20B8, 0x20BA, 0x28F },
    { 0x20BD, 0x20BD, 0x292 },
    { 0x20BF, 0x20BF, 0x293 },
    { 0x2190, 0x2199, 0x294 },
    { 0x21A9, 0x21AA, 0x29E },
    { 0x21B0, 0x21B3, 0x2A0 },
    { 0x21B6, 0x21B7, 0x2A4 },
    { 0x21BA, 0x21BB, 0x2A6 },
    { 0x21C4, 0x21C4, 0x2A8 },
    { 0x21C6, 0x21C6, 0x2A9 },
    { 0x2202, 0x2202, 0x2AA },
    { 0x2206, 0x2206, 0x2AB },
    { 0x220F, 0x220F, 0x2AC },
    { 0x2211, 0x2212, 0x2AD },
    { 0x221A, 0x221A, 0x2AF },
    { 0x221E, 0x221E, 0x2B0 },
    { 0x222B, 0x222B, 0x2B1 },
    { 0x2248, 0x2248, 0x2B2 },
    { 0x2260, 0x2260, 0x2B3 },
    { 0x2264, 0x2265, 0x2B4 },
    { 0xFB01, 0xFB02, 0x2B6 },
};

static const EpdFontGroup notosans_16_boldGroups[] = {
    { 0, 3091, 9389, 95, 0 },
    { 3091, 2719, 10803, 95, 95 },
    { 5810, 3378, 17612, 127, 190 },
    { 9188, 797, 2174, 14, 317 },
    { 9985, 250, 417, 19, 331 },
    { 10235, 4326, 20121, 168, 350 },
    { 14561, 2450, 14421, 90, 518 },
    { 17011, 354, 949, 16, 608 },
    { 17365, 247, 612, 17, 624 },
    { 17612, 983, 2464, 19, 641 },
    { 18595, 786, 2332, 22, 660 },
    { 19381, 450, 1134, 12, 682 },
    { 19831, 72, 250, 2, 694 },
};

static const EpdFontData notosans_16_bold = {
    notosans_16_boldBitmaps,
    notosans_16_boldGlyphs,
    notosans_16_boldIntervals,
    66,
    43,
    35,
    -10,
    true,
    notosans_16_boldGroups,
    13,
    nullptr,
    nullptr,
    nullptr,
    nullptr,
    nullptr,
    nullptr,
    nullptr,
    nullptr,
    nullptr,
    nullptr,
    nullptr,
    0,
    0,
    0,
    0,
    nullptr,
    0,
};
