/**
 * generated by fontconvert.py
 * name: notosans_16_regular
 * size: 16
 * mode: 2-bit  compressed: true
 * Command used: fontconvert.py notosans_16_regular 16 ../builtinFonts/source/iAWriterMonoS/iAWriterMonoS-Regular.ttf --2bit --compress --pnum --zopfli
 */
#pragma once
#include "EpdFontData.h"

static const uint8_t notosans_16_regularBitmaps[19619] = {
    0xBD, 0x99, 0x31, 0xAC, 0xDC, 0xC8, 0x79, 0xC7, 0x7F, 0xE4, 0xE8, 0x4C, 0x23, 0x44, 0x32, 0x2E,
    0x22, 0x20, 0x87, 0x3B, 0x1C, 0x53, 0xA4, 0xB8, 0x22, 0xF7, 0xD8, 0xBA, 0xD0, 0x92, 0x3C, 0xA7,
    0x48, 0x61, 0x20, 0x56, 0xA1, 0x3D, 0x15, 0x02, 0xAC, 0x26, 0x5D, 0x10, 0xBF, 0x36, 0xC5, 0xBE,
    0xB7, 0x4C, 0x5A, 0x17, 0xB9, 0xE6, 0x2A, 0x17, 0x69, 0xDC, 0x05, 0xF1, 0xA5, 0x90, 0x01, 0x01,
    0xE1, 0xBE, 0x65, 0xE2, 0x1E, 0x61, 0x60, 0x1C, 0xDC, 0xC5, 0x0C, 0x62, 0xB5, 0xBE, 0x31, 0xC0,
    0x43, 0xF8, 0x12, 0x2E, 0x27, 0xDF, 0x47, 0x2E, 0xEF, 0xF6, 0x9D, 0x24, 0x45, 0x92, 0x85, 0x70,
    0xF9, 0xFF, 0x41, 0xD4, 0x7C, 0xDF, 0x37, 0xC3, 0xE1, 0x70, 0xE6, 0x1B, 0xBE, 0xA4, 0xF8, 0xFA,
    0xCF, 0xB2, 0xFC, 0x7E, 0x47, 0x7E, 0xCB, 0x91, 0xD7, 0xF3, 0x6F, 0x15, 0x3D, 0xF7, 0x24, 0x70,
    0x16, 0x41, 0x02, 0xA1, 0x4B, 0xC1, 0xB4, 0x67, 0x82, 0x26, 0x53, 0xAC, 0x40, 0x6C, 0x78, 0xEB,
    0xC1, 0x67, 0xBB, 0x7B, 0x89, 0xF7, 0xFE, 0x30, 0x01, 0x5B, 0xF4, 0x08, 0x3A, 0x48, 0x50, 0x04,
    0x8E, 0xDB, 0xDB, 0x8F, 0xBE, 0xB8, 0xBB, 0x95, 0xD2, 0x6E, 0x02, 0x2B, 0xD3, 0xC0, 0xC6, 0xD4,
    0x50, 0x45, 0x82, 0xC7, 0xB1, 0xA0, 0xB7, 0x25, 0x74, 0x0A, 0x67, 0x0B, 0xE0, 0x11, 0x37, 0xD0,
    0x8B, 0xCE, 0x7D, 0x4B, 0xA8, 0x55, 0x44, 0xD7, 0x3F, 0xDD, 0x17, 0xB6, 0x7E, 0x94, 0xD4, 0x49,
    0xF9, 0x28, 0x22, 0x29, 0x1E, 0x71, 0x02, 0x29, 0x80, 0xB8, 0x13, 0x18, 0x7F, 0x0D, 0xEC, 0xC5,
    0x8D, 0x6F, 0x88, 0x1B, 0xFC, 0xD4, 0x17, 0x20, 0x6E, 0x82, 0x58, 0x11, 0x35, 0x13, 0x6E, 0x29,
    0xCE, 0x78, 0x64, 0xA5, 0x33, 0x1E, 0xA5, 0xA5, 0xBD, 0xFE, 0x6F, 0xAF, 0x15, 0x0D, 0x90, 0xFA,
    0xE6, 0xE9, 0xB6, 0xDC, 0x85, 0xF0, 0x00, 0x8F, 0x13, 0x5F, 0xE2, 0xF2, 0x07, 0x4D, 0xD8, 0x6E,
    0x42, 0x67, 0xEA, 0xC7, 0xB8, 0xB8, 0x14, 0x24, 0x08, 0x32, 0xC5, 0x86, 0x4D, 0xD0, 0xF6, 0x64,
    0xD1, 0xBF, 0x39, 0xAC, 0xFF, 0xF0, 0x2E, 0xC1, 0x8F, 0xF9, 0x7D, 0x20, 0x14, 0xC7, 0xB7, 0xAD,
    0x6F, 0x59, 0x25, 0xDF, 0xE9, 0xA8, 0xD4, 0xB6, 0x5B, 0x21, 0x41, 0xEE, 0xB0, 0x31, 0x8D, 0x20,
    0xAE, 0x57, 0x3C, 0xB6, 0x45, 0x4A, 0x9F, 0x62, 0x7F, 0xE1, 0x56, 0xC4, 0xBE, 0xA9, 0x08, 0xC6,
    0x82, 0xE8, 0x00, 0xE4, 0xBE, 0x86, 0xF1, 0xA1, 0x23, 0xEC, 0xC2, 0x0E, 0xE3, 0x28, 0x31, 0x2D,
    0xCC, 0x08, 0xDD, 0xD2, 0x5F, 0x54, 0x8A, 0x9C, 0xB7, 0xEE, 0x06, 0xBE, 0xB6, 0x7D, 0xF4, 0x5F,
    0xAD, 0xED, 0xED, 0xBF, 0x74, 0x96, 0x94, 0x9D, 0x25, 0x27, 0x4F, 0xC8, 0xB0, 0xFF, 0x2E, 0x88,
    0x0E, 0x82, 0x60, 0x20, 0x87, 0x91, 0xB4, 0x0C, 0x3F, 0x2D, 0xEC, 0xF5, 0xB9, 0xAD, 0x8D, 0x3F,
    0x44, 0x8E, 0x6D, 0x1B, 0xF4, 0x17, 0xCB, 0x41, 0xF0, 0x31, 0x51, 0x43, 0x52, 0xB0, 0x82, 0x9E,
    0xC0, 0x61, 0x1A, 0xA2, 0x1A, 0x5B, 0x60, 0x21, 0x81, 0x33, 0x58, 0x3D, 0xEB, 0xCC, 0xA6, 0xA2,
    0x04, 0x2C, 0xC4, 0x25, 0xA6, 0x26, 0x6C, 0xA1, 0x83, 0x0D, 0xA4, 0x60, 0x4B, 0x42, 0xF7, 0x36,
    0x1A, 0x38, 0x6A, 0x34, 0x2C, 0x15, 0xAC, 0x66, 0x87, 0x42, 0x2B, 0x30, 0x72, 0x36, 0xEA, 0x23,
    0x65, 0x4F, 0x9F, 0xA1, 0x9C, 0xED, 0xDC, 0x14, 0x8D, 0x6E, 0xB5, 0x32, 0x8D, 0xDC, 0x61, 0x5A,
    0xE2, 0x9A, 0x0C, 0xC0, 0x3D, 0x1B, 0x7F, 0x84, 0x0B, 0xCA, 0xED, 0xC7, 0xEE, 0xBC, 0xD1, 0xD1,
    0xD9, 0x04, 0x3A, 0x42, 0x89, 0x47, 0x8E, 0xB0, 0x9F, 0x02, 0xB9, 0x9D, 0x06, 0xAB, 0xD4, 0xDE,
    0xCF, 0x3D, 0x3E, 0x40, 0xC9, 0x1F, 0x42, 0xD4, 0x3C, 0x57, 0xEB, 0x07, 0x4F, 0xD6, 0xFE, 0x78,
    0xBC, 0xC8, 0x2E, 0xEE, 0x63, 0x67, 0x9D, 0x6D, 0x92, 0x3A, 0x2D, 0x53, 0x32, 0xEE, 0xB0, 0x5E,
    0xDF, 0xF5, 0xDE, 0xC9, 0xB9, 0xBC, 0xA1, 0x68, 0xB7, 0x63, 0x5A, 0x51, 0x0D, 0xB1, 0xC8, 0x16,
    0x90, 0x00, 0x67, 0xA2, 0x95, 0x68, 0x23, 0xEA, 0x45, 0x0E, 0x42, 0x91, 0xD1, 0xD0, 0x6A, 0x5A,
    0x7E, 0x65, 0x9A, 0x1D, 0xCD, 0x2A, 0x51, 0x07, 0x81, 0x3B, 0x46, 0x6C, 0x5E, 0x1C, 0x91, 0x78,
    0x3C, 0xBE, 0x44, 0xE1, 0xF8, 0xA0, 0x27, 0x6A, 0xD9, 0x61, 0x6B, 0x72, 0x75, 0x48, 0xE7, 0x47,
    0x97, 0x2F, 0xA8, 0x67, 0x84, 0xBD, 0xC0, 0x0C, 0x47, 0xCC, 0x97, 0x70, 0x82, 0x32, 0x55, 0x68,
    0x80, 0x39, 0x94, 0x06, 0x9D, 0xC3, 0x6B, 0x45, 0x4B, 0xEF, 0x1F, 0x80, 0x54, 0xB1, 0xDF, 0x41,
    0x38, 0x08, 0x62, 0x27, 0x48, 0x6B, 0x41, 0x8E, 0xE0, 0x9B, 0x0A, 0x7E, 0x5B, 0xBC, 0xB5, 0xBE,
    0x5A, 0x17, 0x56, 0x1F, 0xFD, 0x04, 0xCE, 0x7B, 0x8C, 0xF7, 0xA5, 0xFD, 0xE2, 0xBC, 0xCD, 0x0B,
    0xE3, 0x2E, 0x09, 0xFA, 0x0A, 0x86, 0x5B, 0x22, 0x16, 0x11, 0xF4, 0x60, 0x1C, 0xC4, 0x2D, 0x24,
    0x35, 0x6C, 0x21, 0x18, 0x20, 0x72, 0xDA, 0x3E, 0xD8, 0x6B, 0x83, 0xE7, 0xD2, 0xBC, 0x84, 0xFD,
    0x7A, 0xBD, 0xDE, 0x4B, 0x70, 0x15, 0xEF, 0x8C, 0x10, 0x78, 0xDF, 0x12, 0x5D, 0xCB, 0x0D, 0xDB,
    0x9A, 0x03, 0x11, 0x5C, 0x02, 0xE4, 0x8A, 0x4C, 0x71, 0xA1, 0x18, 0x38, 0x46, 0xF4, 0xA5, 0xA2,
    0x40, 0x26, 0x5B, 0xB7, 0x14, 0x90, 0x2D, 0x1E, 0xA4, 0x33, 0x6E, 0xE9, 0xE5, 0x19, 0x6C, 0xB5,
    0xCE, 0x03, 0x56, 0xC3, 0x1B, 0xBD, 0x23, 0xCE, 0x0F, 0x00, 0xB6, 0x53, 0x33, 0xC5, 0x56, 0x71,
    0x10, 0x04, 0xBF, 0x11, 0x98, 0xFF, 0x10, 0xC4, 0xFF, 0x2C, 0x48, 0x3E, 0x14, 0xE4, 0x81, 0x60,
    0xA3, 0xE8, 0x05, 0xA1, 0x13, 0x44, 0x8D, 0xC0, 0x96, 0x82, 0x04, 0x41, 0xA6, 0xA8, 0x14, 0x5E,
    0x8E, 0x76, 0xC2, 0x7A, 0xFD, 0xD1, 0xF5, 0x5D, 0x50, 0xB7, 0x9B, 0xB0, 0xDE, 0xF7, 0x93, 0x3E,
    0x59, 0xDF, 0xB5, 0x40, 0xF2, 0x35, 0xA5, 0xAA, 0xF8, 0xC0, 0x59, 0xEE, 0x9B, 0xF4, 0xFA, 0xDC,
    0xE5, 0x65, 0x38, 0x04, 0x70, 0x60, 0xEE, 0x93, 0x6C, 0xD1, 0x2D, 0xB8, 0xF8, 0x00, 0x86, 0xBC,
    0x08, 0xFB, 0x44, 0xEC, 0xF4, 0x19, 0xE9, 0xB3, 0x82, 0x11, 0xA2, 0x6E, 0x79, 0x0C, 0x30, 0x80,
    0x71, 0xF3, 0xDB, 0x65, 0x6B, 0x48, 0x0B, 0xC8, 0xE3, 0x91, 0x6C, 0xEB, 0x9B, 0x8B, 0xEB, 0xF3,
    0x6E, 0x2F, 0xF1, 0x47, 0xD8, 0x0D, 0x70, 0x29, 0xCA, 0x55, 0x15, 0x64, 0x1B, 0xB9, 0xCE, 0xA0,
    0x4A, 0xCB, 0xB0, 0xB7, 0x12, 0x3F, 0xF4, 0xBE, 0xE6, 0xFC, 0x5A, 0x6F, 0x71, 0x54, 0x1D, 0xD6,
    0xEB, 0xAB, 0x1E, 0x76, 0xA2, 0xA1, 0x27, 0xE8, 0x1E, 0xCF, 0xB5, 0xB4, 0x10, 0xD7, 0x27, 0x35,
    0x1D, 0x9B, 0x3D, 0x88, 0x7A, 0x08, 0xBB, 0xE3, 0x30, 0x39, 0x36, 0x26, 0x29, 0xD5, 0x64, 0xD6,
    0x6E, 0x36, 0x93, 0xF1, 0x50, 0x30, 0x4D, 0x3A, 0xD1, 0xF8, 0xE0, 0x80, 0x6D, 0xD8, 0xAA, 0x59,
    0x5A, 0x24, 0x05, 0xC9, 0x0C, 0x2B, 0x97, 0xF3, 0x2C, 0x66, 0xBA, 0x60, 0x38, 0xBE, 0x23, 0xB9,
    0xAF, 0x31, 0xD7, 0x1F, 0x0D, 0xF3, 0x1B, 0x94, 0x8A, 0xDD, 0xF2, 0x0A, 0xDE, 0xC0, 0x54, 0x90,
    0xD4, 0x6C, 0x8B, 0xF8, 0xFA, 0xFE, 0x38, 0x57, 0x34, 0x55, 0xB9, 0x8C, 0x73, 0xB9, 0xD7, 0x56,
    0xEE, 0xB9, 0xD3, 0x7B, 0xAF, 0xE0, 0x42, 0x94, 0x9D, 0xF4, 0xCB, 0xF6, 0x12, 0xF6, 0xF2, 0x4C,
    0x46, 0xE9, 0xF3, 0x8B, 0xC8, 0x1F, 0x2A, 0xF6, 0xED, 0x00, 0x41, 0x77, 0xB3, 0x97, 0x73, 0xE0,
    0x00, 0xA6, 0x83, 0xA4, 0x81, 0xFD, 0x57, 0xD9, 0x05, 0x4F, 0x1D, 0x4B, 0x49, 0x3C, 0xCC, 0xBF,
    0xA7, 0x2D, 0x9E, 0x9E, 0x12, 0x81, 0x5B, 0xA2, 0xCD, 0xFC, 0x5E, 0xA5, 0x1D, 0x81, 0x2F, 0xB0,
    0x3D, 0xEC, 0x4B, 0xA2, 0x03, 0xE4, 0x0D, 0x64, 0x40, 0x5E, 0x4C, 0xA5, 0x84, 0x23, 0xB0, 0x6D,
    0x99, 0x0A, 0xD9, 0x37, 0x4C, 0xC6, 0xC1, 0x00, 0xFC, 0xB1, 0x08, 0x7F, 0x3C, 0xD6, 0x72, 0x70,
    0x72, 0xE8, 0xF5, 0x52, 0xF6, 0x2D, 0x60, 0xC5, 0xFC, 0x06, 0x27, 0x3D, 0x84, 0x5E, 0x83, 0x3B,
    0x30, 0x53, 0xF0, 0x06, 0xA6, 0xB6, 0x57, 0x73, 0xDC, 0x63, 0x63, 0xE2, 0x83, 0x16, 0x89, 0xC9,
    0x6C, 0xAA, 0xED, 0xF9, 0x36, 0xF3, 0xA1, 0xA3, 0x29, 0x9C, 0x7B, 0xDC, 0xA5, 0xA5, 0xE9, 0x72,
    0x18, 0x3E, 0x78, 0xE6, 0xAC, 0x72, 0xDE, 0x60, 0x3D, 0xD8, 0x5F, 0x89, 0xCA, 0x45, 0xCF, 0xE8,
    0xC8, 0xE6, 0xA6, 0xD2, 0x6B, 0x7D, 0xBE, 0xB5, 0xCC, 0x2B, 0xCE, 0xD6, 0xF4, 0x09, 0x6C, 0x32,
    0x58, 0xAD, 0xB8, 0x3A, 0xBB, 0x63, 0xFC, 0x4F, 0x36, 0xF1, 0x93, 0xB1, 0xB2, 0x65, 0x56, 0x25,
    0x9C, 0x4D, 0x4A, 0x4F, 0x94, 0xCC, 0xD2, 0x72, 0xB5, 0xDB, 0x88, 0xBD, 0xF8, 0xBD, 0x9D, 0x01,
    0x09, 0xF3, 0x33, 0x8E, 0x3A, 0x34, 0x7E, 0x43, 0x2A, 0x62, 0x5D, 0x60, 0x06, 0xB4, 0x83, 0x6F,
    0xAC, 0x94, 0xF6, 0x21, 0x90, 0xD8, 0xE2, 0xB8, 0x66, 0x66, 0xB1, 0xE0, 0x22, 0x6A, 0xA0, 0x32,
    0x2D, 0xF4, 0xC6, 0x11, 0x74, 0xD3, 0xB4, 0x42, 0x3F, 0xAF, 0xA3, 0xE6, 0x8B, 0xF5, 0x40, 0xA4,
    0x69, 0x5D, 0xEC, 0xBD, 0x9F, 0x47, 0x73, 0x52, 0x90, 0x16, 0x29, 0xCB, 0xAA, 0x92, 0x41, 0xDC,
    0xEC, 0x20, 0x6A, 0xA7, 0x77, 0x3B, 0xF7, 0x23, 0xE4, 0xDA, 0x90, 0x7C, 0xFD, 0xD0, 0x91, 0x11,
    0xF6, 0x02, 0x86, 0x05, 0x54, 0x37, 0x2E, 0xC3, 0x4E, 0xED, 0x1A, 0xF5, 0x40, 0xD1, 0xEA, 0xFF,
    0x4D, 0xA5, 0x97, 0x8A, 0xFC, 0x19, 0xC8, 0x14, 0x3B, 0x71, 0x7B, 0xD0, 0xCF, 0x1E, 0x52, 0x65,
    0xA1, 0xAF, 0x0D, 0x48, 0xB5, 0x66, 0x94, 0xFE, 0x6D, 0x19, 0x92, 0x92, 0xCB, 0x14, 0x56, 0xCB,
    0x3B, 0x7F, 0x21, 0xDA, 0x3D, 0x47, 0x17, 0x47, 0x1B, 0xB5, 0x4D, 0xE1, 0x7D, 0xF5, 0xD5, 0x18,
    0x12, 0xAB, 0xD3, 0x98, 0x1A, 0x5B, 0x2A, 0x12, 0x1D, 0x38, 0xAC, 0xF7, 0xE5, 0x80, 0x6D, 0x06,
    0x8C, 0x1B, 0x08, 0x45, 0x41, 0x37, 0x40, 0x2F, 0x1A, 0x5E, 0x2C, 0xB5, 0x09, 0x44, 0xEA, 0x63,
    0x44, 0xB6, 0xD1, 0x58, 0xDE, 0x2F, 0xB1, 0x7D, 0xA7, 0x3A, 0x48, 0x7E, 0x31, 0x00, 0xCF, 0x93,
    0x96, 0x8B, 0x9D, 0x53, 0xE9, 0xF5, 0x4B, 0xD8, 0x76, 0x47, 0xF5, 0xAA, 0x97, 0x88, 0x5F, 0x88,
    0x5D, 0xAB, 0xD2, 0xEB, 0x97, 0x15, 0xF1, 0x58, 0xC0, 0xDE, 0x3B, 0x4D, 0x15, 0x06, 0x22, 0xC7,
    0xD5, 0x31, 0x13, 0x29, 0x79, 0x8F, 0xA4, 0x58, 0x56, 0xC2, 0xFC, 0x99, 0xC8, 0x7D, 0x71, 0xC4,
    0xED, 0x87, 0x02, 0xEC, 0x8C, 0x74, 0x9A, 0x65, 0x4B, 0x81, 0x86, 0x2A, 0x24, 0xE8, 0xBE, 0x90,
    0x87, 0xF2, 0xCB, 0x02, 0xEF, 0xBF, 0x27, 0x65, 0xBD, 0x2D, 0x2E, 0xE0, 0xE2, 0x65, 0x74, 0xB9,
    0x5E, 0xEF, 0xB6, 0xDE, 0x1F, 0x54, 0x7A, 0xFD, 0xB2, 0xCA, 0xBD, 0x1F, 0x54, 0xB7, 0x1F, 0x3C,
    0xB9, 0x47, 0xD4, 0xF0, 0x26, 0xA4, 0xB1, 0x96, 0xB8, 0xC6, 0x7B, 0xA7, 0x0A, 0xD6, 0xF7, 0x1D,
    0x98, 0xD7, 0xD6, 0x1F, 0x88, 0x2E, 0x31, 0x6D, 0x5E, 0xD8, 0x26, 0x79, 0xB2, 0x2F, 0x23, 0x3F,
    0xC2, 0xFE, 0x57, 0x64, 0x90, 0x96, 0x82, 0xFD, 0xBC, 0x89, 0xD0, 0x55, 0x4A, 0x60, 0x1B, 0x41,
    0x5A, 0x0A, 0xF6, 0x90, 0x05, 0x83, 0xC0, 0x74, 0x02, 0xDB, 0x08, 0xD2, 0x5A, 0xB0, 0x9D, 0x56,
    0x31, 0x27, 0xF8, 0xCD, 0x20, 0xA8, 0x0F, 0x82, 0x22, 0x67, 0x76, 0x3B, 0x06, 0x88, 0xBE, 0xF6,
    0x7E, 0x5F, 0x29, 0xF2, 0x42, 0x90, 0xD4, 0x03, 0xF0, 0xA6, 0x75, 0x3A, 0xF6, 0xF7, 0x30, 0xEE,
    0x8B, 0x60, 0xDC, 0xD7, 0xA1, 0xC8, 0x8C, 0xFB, 0x36, 0x1A, 0xAF, 0x9C, 0xBD, 0xAA, 0x3A, 0x9B,
    0x55, 0x8F, 0xCF, 0xB2, 0x6A, 0xB3, 0xCA, 0xAA, 0x6C, 0x93, 0x55, 0x69, 0x9F, 0x55, 0xD6, 0x65,
    0x55, 0xDC, 0x66, 0x55, 0xD4, 0x64, 0x95, 0xA9, 0xB3, 0x2A, 0x94, 0x79, 0x16, 0x5E, 0xA8, 0x6D,
    0xCD, 0x6A, 0x52, 0x2B, 0x72, 0xAC, 0x2E, 0x3B, 0x56, 0x9B, 0x41, 0x54, 0x89, 0x32, 0x51, 0x2A,
    0x4A, 0x8A, 0xD5, 0xC6, 0xD6, 0xAB, 0x4D, 0x2C, 0x32, 0xAD, 0xC8, 0xAD, 0x24, 0x37, 0x5B, 0x6D,
    0xE8, 0x45, 0x95, 0x28, 0x13, 0xE5, 0xA2, 0x64, 0xB7, 0xC1, 0x1E, 0x36, 0xC4, 0x22, 0x33, 0xE9,
    0xEB, 0x99, 0xBB, 0xE3, 0xB0, 0xBC, 0x2F, 0x4F, 0x67, 0xEE, 0x2F, 0x89, 0x32, 0x55, 0x68, 0x80,
    0x39, 0x94, 0x06, 0xFD, 0x7A, 0xE6, 0xEE, 0xFD, 0xB5, 0xC8, 0xD7, 0x87, 0xF5, 0xB9, 0xCE, 0x5F,
    0xDD, 0x73, 0xE7, 0x2B, 0x29, 0x53, 0x1B, 0xB5, 0xF5, 0xFE, 0xF0, 0x2A, 0xF3, 0x00, 0x1C, 0xEB,
    0x0B, 0xC7, 0xBF, 0xEF, 0x99, 0x5B, 0x31, 0x37, 0x68, 0xBE, 0xB9, 0x39, 0x1F, 0x3A, 0x5E, 0x2A,
    0xEB, 0x57, 0xE2, 0x41, 0x83, 0x14, 0xF9, 0xC3, 0x52, 0xEF, 0xD5, 0x83, 0x6E, 0x85, 0xA7, 0x5A,
    0xC6, 0xA9, 0x46, 0x5F, 0x6A, 0xED, 0x9F, 0x4F, 0xB7, 0x6B, 0x7A, 0x00, 0xC6, 0xD7, 0xBC, 0xEB,
    0x6B, 0x06, 0xD3, 0x32, 0x84, 0x1D, 0xC3, 0xF4, 0xDB, 0x89, 0x72, 0x51, 0xA2, 0x2B, 0x40, 0x3D,
    0x60, 0xBE, 0x8C, 0xB5, 0xE4, 0x89, 0x3D, 0xD1, 0xE1, 0xBE, 0xC7, 0x36, 0xE4, 0x65, 0x52, 0x62,
    0x49, 0x81, 0x23, 0x0A, 0xE6, 0x34, 0x18, 0xEB, 0x80, 0xC8, 0xFF, 0xF8, 0xB8, 0xD3, 0xE0, 0x1D,
    0x3F, 0x00, 0xDF, 0xF0, 0x1C, 0xD3, 0x19, 0x89, 0xFD, 0x15, 0x6E, 0x29, 0x32, 0x34, 0x81, 0xAC,
    0xD9, 0x62, 0xC7, 0x8F, 0x46, 0xC2, 0x29, 0x4F, 0x4C, 0xA5, 0xCA, 0x5C, 0x1A, 0x3A, 0x4C, 0xB8,
    0x2D, 0x1B, 0xA5, 0x7B, 0x70, 0x01, 0xFF, 0x1F, 0xD0, 0xF3, 0xB7, 0x51, 0x06, 0xD5, 0xA2, 0x1C,
    0x5D, 0xAD, 0xC3, 0xCE, 0x7E, 0xF1, 0xD0, 0x99, 0x63, 0x5E, 0xBF, 0x03, 0xD3, 0x5E, 0x42, 0xD4,
    0xDC, 0x4C, 0x96, 0x4F, 0x06, 0xF7, 0x94, 0x72, 0x47, 0x2D, 0x17, 0x18, 0x47, 0xA5, 0xD0, 0xA5,
    0x98, 0x0E, 0xFA, 0xD0, 0xC1, 0x60, 0x04, 0x95, 0x69, 0xE7, 0x04, 0x67, 0x4E, 0x75, 0x72, 0x2B,
    0x48, 0x64, 0xE1, 0xC0, 0xFE, 0x1D, 0x82, 0xCF, 0x97, 0xE1, 0x1A, 0x1D, 0x00, 0x33, 0xCC, 0xBB,
    0x02, 0x57, 0x09, 0x5A, 0x81, 0x99, 0xB1, 0x11, 0x34, 0x33, 0xC2, 0x5E, 0x60, 0x06, 0xD3, 0xAC,
    0x04, 0xF5, 0xCA, 0x1C, 0xF4, 0x3B, 0xDC, 0x4F, 0x04, 0xF1, 0xF7, 0xA3, 0x3A, 0xB3, 0x0F, 0x15,
    0x36, 0xAE, 0xCF, 0x12, 0xFB, 0xDD, 0xF2, 0xEC, 0xBD, 0xF8, 0x87, 0x65, 0x7A, 0x16, 0xFF, 0x6D,
    0x99, 0xAC, 0xA2, 0x7F, 0x2D, 0x92, 0x3B, 0x46, 0xB0, 0x31, 0xBF, 0x2C, 0x92, 0xC7, 0xE1, 0xE7,
    0x85, 0xED, 0x43, 0x8F, 0xED, 0x02, 0x81, 0xC3, 0x93, 0xD4, 0x04, 0xBD, 0x6D, 0x30, 0xCE, 0x38,
    0xE2, 0x26, 0xEC, 0xB0, 0x35, 0x03, 0x39, 0x5C, 0xCA, 0x8F, 0x9C, 0x01, 0xE4, 0xEB, 0x10, 0xC4,
    0x3F, 0x77, 0x60, 0x7C, 0x0D, 0x81, 0x2F, 0x01, 0xCF, 0x11, 0xA1, 0x5E, 0x9A, 0xFF, 0x69, 0xC0,
    0xFE, 0xCC, 0x41, 0xF2, 0xD7, 0xFD, 0xD1, 0x6D, 0x47, 0x2E, 0xB1, 0x49, 0x0B, 0x89, 0x6C, 0xEB,
    0xB8, 0x21, 0x6A, 0x6D, 0xAD, 0x89, 0x1A, 0x04, 0x83, 0x80, 0x21, 0x2D, 0xC5, 0x60, 0xFA, 0xBF,
    0xB8, 0x25, 0x6E, 0x27, 0xBB, 0xC9, 0x63, 0x69, 0xC1, 0x6E, 0x69, 0xC1, 0xDF, 0x38, 0x88, 0x7F,
    0xD6, 0x1E, 0x5B, 0x10, 0x7E, 0xD5, 0x82, 0xAB, 0x57, 0x1C, 0x3F, 0x3A, 0x64, 0xEB, 0x09, 0xB7,
    0xD7, 0xEB, 0xF3, 0x1A, 0xC8, 0x97, 0x30, 0xC1, 0x00, 0x18, 0x07, 0xD8, 0x06, 0x48, 0xCA, 0xA5,
    0xF0, 0x20, 0x0A, 0xFB, 0x1B, 0x85, 0xE9, 0x52, 0xC8, 0xB0, 0x14, 0x46, 0x53, 0x61, 0xBD, 0xBC,
    0x70, 0x5B, 0xD9, 0x32, 0x14, 0xD3, 0xA7, 0xA3, 0x09, 0x7B, 0xEF, 0xE4, 0xDC, 0xAD, 0xEF, 0x56,
    0xF0, 0xA6, 0x4E, 0x89, 0x36, 0x87, 0xFD, 0x73, 0xA6, 0x6B, 0xEE, 0x88, 0xBE, 0x4C, 0xCD, 0x0B,
    0x88, 0x4B, 0x88, 0x6A, 0x30, 0x0D, 0x84, 0x0E, 0x50, 0xF5, 0xA2, 0x8D, 0x68, 0x25, 0x3A, 0x3B,
    0x35, 0x56, 0x43, 0x55, 0x0B, 0x81, 0x03, 0xBA, 0x63, 0xD4, 0xCD, 0x0B, 0xA3, 0x7A, 0xDF, 0xCA,
    0xB9, 0xBE, 0xDF, 0x62, 0xDE, 0xD8, 0x29, 0xD1, 0xE6, 0xB0, 0x27, 0x7B, 0x09, 0xEB, 0x81, 0x24,
    0x29, 0x20, 0xB3, 0x35, 0x6C, 0xA2, 0x66, 0xDE, 0x37, 0xCC, 0x5B, 0x86, 0x96, 0x6A, 0x7A, 0x2F,
    0x4F, 0x3E, 0x3F, 0xAD, 0x20, 0xAE, 0xDF, 0x05, 0x53, 0x3C, 0xB5, 0x85, 0x7B, 0x57, 0xC7, 0xA6,
    0x98, 0xC6, 0xB5, 0x69, 0x98, 0x92, 0x15, 0x22, 0xEF, 0x21, 0x7D, 0xB2, 0xD7, 0x18, 0x71, 0xC3,
    0x37, 0x91, 0xD0, 0xCC, 0x08, 0x05, 0x6F, 0xDD, 0x77, 0x6A, 0xE2, 0x48, 0x15, 0xDB, 0x22, 0x74,
    0xEC, 0x10, 0x0C, 0x8A, 0x4A, 0xED, 0xAE, 0x88, 0x1D, 0xF9, 0x67, 0x57, 0xD7, 0x24, 0xBE, 0xF3,
    0x85, 0x0C, 0xD1, 0x6D, 0xF1, 0xC2, 0x25, 0xEB, 0x9D, 0x9E, 0x61, 0xEF, 0x8B, 0xC3, 0x93, 0x6D,
    0xE3, 0x89, 0x96, 0x09, 0xBD, 0x7F, 0x71, 0x1A, 0x1F, 0x76, 0x6A, 0x3B, 0x8A, 0x8F, 0xFA, 0x0E,
    0x49, 0x0F, 0xEF, 0x1C, 0xC0, 0xFB, 0xDA, 0x5C, 0x3F, 0x74, 0xB6, 0x09, 0xFA, 0xA4, 0xE0, 0x51,
    0x0A, 0xE4, 0xA2, 0xEC, 0xA6, 0x96, 0x6D, 0x06, 0x62, 0xF3, 0x6D, 0xDB, 0x30, 0x18, 0xD9, 0x12,
    0xAA, 0xAF, 0x6E, 0x33, 0x5E, 0xD4, 0x54, 0xF6, 0x1F, 0x0F, 0x91, 0xEF, 0x87, 0xE4, 0x8B, 0xBF,
    0x1C, 0xF2, 0xC2, 0x0C, 0x97, 0x30, 0x54, 0xCF, 0x6F, 0xA7, 0x96, 0xA9, 0x8D, 0xDA, 0x8A, 0xCF,
    0x0F, 0xD4, 0x77, 0x8A, 0x71, 0xDC, 0x8A, 0x96, 0xB1, 0x6C, 0x75, 0x93, 0x32, 0xEC, 0x73, 0xA8,
    0x56, 0x70, 0xB1, 0x81, 0x6C, 0xEF, 0xFD, 0x28, 0xF2, 0x3B, 0x79, 0x4E, 0x15, 0xA0, 0x5A, 0xCD,
    0x6D, 0xFE, 0xAB, 0xA4, 0x0E, 0x86, 0x58, 0xEE, 0x4F, 0x7C, 0x6B, 0x8D, 0xA1, 0x2B, 0x17, 0xE0,
    0x05, 0xE6, 0xB0, 0x16, 0xB4, 0x40, 0xD4, 0x28, 0xEA, 0x23, 0x34, 0xD4, 0x8C, 0xDB, 0x0F, 0x3E,
    0x5B, 0x2F, 0x05, 0xAF, 0x05, 0x09, 0x70, 0x8F, 0xDC, 0xFB, 0xC3, 0x8C, 0xA5, 0x33, 0xAC, 0xDC,
    0x58, 0x5E, 0xBE, 0x5A, 0x67, 0xD8, 0xD3, 0xCE, 0x80, 0x7E, 0x56, 0xD0, 0xFD, 0x2E, 0x91, 0x4B,
    0x9F, 0x9C, 0xD7, 0xB1, 0xF7, 0x04, 0x32, 0x1C, 0x2B, 0x78, 0xBE, 0x92, 0x8E, 0x6A, 0xEF, 0xD9,
    0xC9, 0x60, 0xDD, 0x63, 0x9B, 0x0A, 0xD3, 0x8A, 0xDC, 0xAC, 0xF0, 0xA5, 0x45, 0x52, 0x73, 0xAA,
    0xD3, 0x43, 0xFB, 0x59, 0xB5, 0x7E, 0x58, 0x43, 0xFC, 0x4A, 0x12, 0x9F, 0xCF, 0xEE, 0x2D, 0x7B,
    0x3E, 0xD8, 0x9F, 0x9C, 0xA7, 0xF1, 0x0F, 0x72, 0xCA, 0xC6, 0x08, 0x2E, 0x5E, 0xEB, 0x94, 0x5D,
    0x51, 0xAF, 0x73, 0xDF, 0x58, 0x54, 0x00, 0xFF, 0x17, 0x82, 0x41, 0x10, 0x3B, 0x41, 0x5A, 0x0B,
    0xF6, 0x50, 0x85, 0x83, 0x20, 0x76, 0x82, 0xB4, 0x16, 0xEC, 0xA7, 0x3D, 0x64, 0x2D, 0xF8, 0x85,
    0x13, 0x7C, 0xA7, 0x87, 0x1D, 0x07, 0xF5, 0xCD, 0x15, 0x89, 0xBA, 0xC5, 0xAD, 0xC0, 0x74, 0x4B,
    0x3C, 0xAE, 0xD8, 0xFA, 0x46, 0x25, 0x43, 0x64, 0xDE, 0x5F, 0xBD, 0xC9, 0x7D, 0xDA, 0xB2, 0x67,
    0x5C, 0xE5, 0x1F, 0x8E, 0xAC, 0xFC, 0xCF, 0x7D, 0x91, 0xFF, 0xE8, 0xD7, 0xE7, 0x75, 0x16, 0xF6,
    0x71, 0xBD, 0x0A, 0xBA, 0x48, 0xE0, 0x04, 0xBC, 0x3E, 0xDE, 0xD8, 0x48, 0x4A, 0x7B, 0xC2, 0xF9,
    0xB5, 0x6E, 0x35, 0x9F, 0xCA, 0x61, 0xB8, 0x38, 0x7E, 0x33, 0x3C, 0xF9, 0x6E, 0x98, 0x2D, 0xD7,
    0x5A, 0xB6, 0xE4, 0x5E, 0xEA, 0xA3, 0xBE, 0x12, 0xE3, 0x8D, 0x4D, 0x89, 0x03, 0x3C, 0x57, 0x6F,
    0x6C, 0x2A, 0x83, 0xE7, 0x6A, 0xEB, 0x3F, 0xF4, 0xE5, 0xD6, 0x7F, 0xCF, 0x97, 0xB7, 0xCF, 0x7F,
    0xB0, 0x86, 0xE4, 0x1F, 0x11, 0xD4, 0x8A, 0x52, 0x51, 0xBC, 0x3C, 0x6E, 0x9F, 0x7F, 0x72, 0x0F,
    0x19, 0x05, 0xC3, 0x0C, 0xCD, 0x50, 0x8D, 0xF7, 0x8D, 0x7E, 0xC4, 0x4F, 0x0B, 0x1E, 0xA7, 0xF0,
    0x2D, 0x11, 0x69, 0x01, 0xF6, 0x1A, 0x29, 0x1B, 0x0B, 0xFE, 0xC2, 0x3B, 0xF8, 0xC6, 0x00, 0xEC,
    0x44, 0xAB, 0xF7, 0xE1, 0x42, 0xEF, 0x20, 0x15, 0x9F, 0xC8, 0xFB, 0x96, 0xF3, 0x11, 0x6C, 0xC9,
    0xF3, 0xA1, 0xD3, 0x66, 0x39, 0xE1, 0xF6, 0xC3, 0xCF, 0xD6, 0x4B, 0xC1, 0x2B, 0xA1, 0x06, 0xE2,
    0x06, 0x30, 0xD7, 0xF7, 0x20, 0xF0, 0x23, 0x90, 0x8E, 0xD3, 0x4A, 0xFD, 0xB2, 0x1A, 0x8E, 0xAA,
    0x44, 0x5B, 0x6C, 0x9B, 0x3F, 0xF9, 0xA7, 0xD6, 0xFA, 0xFF, 0x6C, 0x03, 0xFF, 0x27, 0xED, 0x32,
    0x8A, 0x32, 0xA8, 0x52, 0xD0, 0x45, 0xAF, 0xB3, 0x65, 0xE8, 0xE2, 0xDA, 0xB4, 0x51, 0x63, 0x1A,
    0xD3, 0xC6, 0x75, 0xE8, 0xF4, 0x4F, 0x13, 0xB6, 0xA0, 0x4F, 0xE7, 0x7C, 0x7F, 0x75, 0x67, 0x1E,
    0x7F, 0x69, 0x0F, 0xD6, 0x4D, 0xEA, 0xC2, 0x3E, 0x70, 0x7D, 0x38, 0x04, 0xEE, 0xB1, 0x19, 0xC2,
    0x76, 0x23, 0x68, 0x36, 0xD1, 0x3F, 0x98, 0xE6, 0x4E, 0xF4, 0x7D, 0x53, 0xDF, 0x89, 0xFF, 0xCC,
    0xD4, 0x2B, 0x6B, 0x27, 0x44, 0xF5, 0xD9, 0xEF, 0xC5, 0x7F, 0x5A, 0xBE, 0xF7, 0x5E, 0xF4, 0xDD,
    0x22, 0xF9, 0x20, 0xFA, 0x61, 0x61, 0x25, 0xAF, 0x66, 0x86, 0x24, 0xD7, 0xC4, 0x8F, 0xC3, 0x5F,
    0x13, 0x77, 0xC1, 0x38, 0x6F, 0x3B, 0x2F, 0x61, 0xA7, 0x79, 0xAC, 0xAD, 0x8D, 0x8B, 0x9C, 0x26,
    0xD6, 0xB6, 0x64, 0xC8, 0x61, 0x7B, 0xA3, 0x05, 0xF3, 0xBF, 0x2F, 0x76, 0x68, 0x99, 0x71, 0x49,
    0x1D, 0x35, 0x71, 0xAB, 0x3E, 0x39, 0xC1, 0xB0, 0x83, 0xAB, 0x0C, 0xE2, 0x7A, 0xCA, 0x67, 0x92,
    0xE2, 0xF8, 0x35, 0x8A, 0xA8, 0x66, 0x35, 0xA7, 0x3C, 0x9A, 0xFC, 0xCC, 0x5F, 0x4E, 0xE9, 0xC3,
    0x65, 0xDB, 0xB1, 0x8A, 0xBE, 0xDC, 0x71, 0xD8, 0x02, 0xEC, 0xA7, 0xCB, 0x66, 0xC3, 0x0C, 0x0B,
    0xD4, 0x41, 0x9D, 0x4F, 0x97, 0x4E, 0x75, 0x78, 0xEB, 0x5C, 0x1D, 0x3C, 0x82, 0x1E, 0xF8, 0xF2,
    0x13, 0xD4, 0xFA, 0xA3, 0x01, 0x4C, 0x07, 0xB6, 0x99, 0x73, 0xDF, 0xAB, 0xE5, 0x0F, 0x5B, 0x37,
    0xBE, 0xF3, 0x87, 0x1D, 0xC4, 0xED, 0x3C, 0xCC, 0xF3, 0xF5, 0xFA, 0xDE, 0xE2, 0x8F, 0xF5, 0x2D,
    0xB9, 0x68, 0xB5, 0x2E, 0xB8, 0x03, 0xB3, 0x4E, 0x73, 0xD0, 0x02, 0xE2, 0x93, 0xDC, 0x53, 0x65,
    0x5A, 0x19, 0xFD, 0x35, 0xFB, 0x03, 0xEC, 0xBD, 0x96, 0x37, 0x10, 0x1E, 0xCB, 0x42, 0x2D, 0xAF,
    0xE7, 0xC1, 0x96, 0xCE, 0x71, 0x6E, 0xC6, 0x5D, 0x17, 0x5A, 0x9F, 0xD6, 0xFB, 0xFE, 0x9D, 0x17,
    0x1E, 0x7B, 0x3F, 0xCF, 0xFB, 0xB7, 0xEF, 0x6B, 0xF5, 0x27, 0x5A, 0xFE, 0x4E, 0x3A, 0x65, 0x9C,
    0xCB, 0xDF, 0x47, 0x8F, 0xAA, 0x44, 0xF9, 0x27, 0x05, 0x91, 0x6F, 0x49, 0x44, 0x97, 0x40, 0x7F,
    0x2C, 0xEB, 0x8F, 0x4D, 0x48, 0x45, 0x76, 0xC9, 0x94, 0x17, 0xCD, 0xF5, 0xEC, 0xBD, 0x0A, 0xC2,
    0x11, 0x53, 0x48, 0x13, 0xE5, 0x01, 0xFF, 0x68, 0x3C, 0x2F, 0x33, 0xFD, 0xCF, 0x77, 0x89, 0x7B,
    0xFE, 0x17, 0xCD, 0x99, 0x31, 0x8C, 0xDC, 0xC6, 0xD5, 0xC7, 0x7F, 0x24, 0x2D, 0x51, 0xDF, 0x47,
    0x58, 0xA3, 0xC2, 0x36, 0x02, 0x58, 0x00, 0x5D, 0xA8, 0x30, 0x0C, 0x4B, 0x6C, 0x52, 0xB8, 0xB8,
    0x5D, 0x4E, 0x90, 0xD2, 0x85, 0x55, 0x68, 0xED, 0x42, 0xC5, 0xA5, 0x6F, 0x4E, 0x40, 0x5C, 0xB8,
    0xD8, 0xBD, 0x25, 0xE4, 0x1E, 0x11, 0x02, 0xC8, 0x29, 0x5C, 0x24, 0xB5, 0x9B, 0xA4, 0x70, 0x71,
    0x40, 0xB8, 0xC7, 0x81, 0xDD, 0x23, 0x84, 0x8D, 0x38, 0x2D, 0xE1, 0x48, 0x6E, 0x52, 0x68, 0x90,
    0x50, 0x06, 0x0F, 0xE1, 0xEE, 0xCB, 0xCC, 0x2D, 0x7D, 0x3A, 0x9F, 0xA4, 0x93, 0x6C, 0x5F, 0xEE,
    0x32, 0xCB, 0xDF, 0x1F, 0x4B, 0xF2, 0xCD, 0xFB, 0xBF, 0x3D, 0x12, 0x37, 0xE4, 0x4C, 0x6E, 0xD6,
    0x1F, 0x00, 0xF8, 0x7F, 0xF7, 0x51, 0x07, 0x9F, 0x54, 0x1F, 0xFD, 0x10, 0x14, 0x10, 0xD6, 0x8F,
    0x48, 0xF6, 0xA0, 0x92, 0x22, 0x92, 0x07, 0x36, 0xF9, 0xFA, 0x8B, 0x2E, 0xBD, 0x5D, 0x7F, 0x9A,
    0xB9, 0xE3, 0xB9, 0x63, 0x7C, 0x84, 0x7C, 0xC0, 0x9D, 0x7F, 0x4D, 0x7D, 0x56, 0x97, 0xC9, 0x3F,
    0xBF, 0xE8, 0x42, 0x11, 0xCB, 0x5C, 0x0A, 0xE2, 0x7B, 0xDF, 0xCF, 0x7B, 0x5E, 0xEE, 0x40, 0x2E,
    0x3D, 0xC8, 0xBB, 0xA2, 0xA3, 0x96, 0xD4, 0x44, 0x0D, 0xB1, 0x4E, 0x6A, 0x20, 0x31, 0x07, 0x52,
    0x03, 0xB1, 0x97, 0xA8, 0xF1, 0x62, 0x81, 0xB9, 0x88, 0x59, 0xCB, 0xCB, 0xCB, 0x89, 0x86, 0x1E,
    0x06, 0xE9, 0x80, 0xA0, 0x1D, 0xE2, 0x50, 0x35, 0x90, 0xDD, 0x9D, 0x4C, 0x74, 0x26, 0x2E, 0x7A,
    0x5F, 0x72, 0xA0, 0xCF, 0x0A, 0x82, 0x4E, 0x19, 0x17, 0xE5, 0xD2, 0xC7, 0x8D, 0x0B, 0x56, 0x26,
    0x6C, 0x49, 0x0B, 0x7A, 0x72, 0x58, 0xB0, 0x0D, 0x39, 0x3D, 0x64, 0xBF, 0xE8, 0x40, 0x7D, 0x66,
    0x21, 0xF9, 0xB2, 0x81, 0xE8, 0x1F, 0x86, 0x44, 0x44, 0x9A, 0x7D, 0x09, 0x26, 0xBB, 0xDE, 0x7D,
    0x06, 0x4F, 0x92, 0xFD, 0xB3, 0x8F, 0x82, 0x37, 0x0E, 0x35, 0x00, 0x38, 0x7C, 0x84, 0x74, 0x45,
    0xE0, 0xA2, 0xA2, 0xBD, 0x9B, 0xBE, 0x24, 0xA3, 0x0A, 0xD8, 0xC7, 0x40, 0xE2, 0x8D, 0x57, 0x10,
    0xC8, 0x9E, 0x43, 0x4C, 0x52, 0xCC, 0x6D, 0x46, 0xD4, 0x8F, 0x60, 0xE9, 0x98, 0x6D, 0xC3, 0x28,
    0x87, 0x69, 0xDA, 0xD0, 0x26, 0xF2, 0xDB, 0x9A, 0x4A, 0xE0, 0xBC, 0x14, 0x90, 0xFA, 0x9E, 0x16,
    0x42, 0x47, 0xE0, 0x88, 0x6C, 0x7C, 0x27, 0x6D, 0x94, 0x48, 0x11, 0xC8, 0x12, 0xCE, 0x69, 0x56,
    0x89, 0x3D, 0xD8, 0x08, 0xAA, 0x7B, 0x40, 0x2A, 0x02, 0x54, 0x77, 0xAB, 0x9A, 0xB0, 0x23, 0x6A,
    0x89, 0x6B, 0x28, 0x51, 0xC5, 0x39, 0xC6, 0xA4, 0x54, 0x8D, 0xE2, 0x6A, 0x24, 0x9D, 0xD2, 0x1B,
    0x71, 0x3D, 0x8D, 0x8B, 0x0D, 0x55, 0x5C, 0xF2, 0xAA, 0x89, 0xCC, 0x51, 0x75, 0xC7, 0x13, 0xF3,
    0x7A, 0x5C, 0x5C, 0x8D, 0x1F, 0xF6, 0x4A, 0xA7, 0xA1, 0xB4, 0x0A, 0x55, 0xCC, 0xEF, 0x8C, 0x87,
    0x9C, 0xFB, 0xF9, 0x07, 0xAF, 0xC1, 0xD7, 0xD7, 0x40, 0xB8, 0x72, 0x7B, 0xF5, 0x55, 0x5F, 0xB6,
    0xDF, 0x62, 0xB1, 0x99, 0xD8, 0x0D, 0xEC, 0x07, 0xD8, 0x8D, 0xD0, 0xE6, 0xB2, 0x4C, 0xBA, 0x19,
    0x00, 0xE7, 0xB9, 0x40, 0xC6, 0x98, 0x05, 0x7D, 0xD4, 0xC6, 0x56, 0x35, 0x59, 0x3D, 0x2F, 0x2A,
    0xBD, 0xCB, 0x12, 0x8F, 0xFF, 0x9E, 0xBA, 0x63, 0xFE, 0x9C, 0x8F, 0xF1, 0xB1, 0xBE, 0x0F, 0xC0,
    0x64, 0x32, 0xB9, 0x21, 0x22, 0x4B, 0x0F, 0x30, 0x7A, 0x0A, 0x2F, 0x4D, 0x26, 0xD7, 0x45, 0xAC,
    0xDB, 0x98, 0xD7, 0x44, 0xF5, 0x94, 0x8B, 0x24, 0x5C, 0x9E, 0x7F, 0xA8, 0xDF, 0xBA, 0xF5, 0x85,
    0xD9, 0x67, 0x7E, 0xDB, 0xBC, 0xF5, 0xEB, 0xDB, 0xE6, 0xCD, 0x5B, 0x5F, 0x16, 0x17, 0x2F, 0xBD,
    0x4D, 0x54, 0xBC, 0x09, 0x55, 0x03, 0xC0, 0xCB, 0x13, 0x5D, 0x49, 0xE3, 0xB6, 0x40, 0x74, 0x22,
    0x4D, 0xF6, 0x51, 0x37, 0xA6, 0x2C, 0x19, 0xEF, 0x70, 0xCD, 0x6D, 0xEE, 0x8B, 0xDB, 0x75, 0x07,
    0x93, 0xFD, 0x00, 0xE2, 0x9A, 0x27, 0x31, 0xB9, 0x79, 0x7F, 0x22, 0x43, 0xF3, 0xFB, 0x4F, 0x05,
    0x18, 0x7E, 0xD9, 0x41, 0x7C, 0xBC, 0x24, 0x93, 0x62, 0x1A, 0x9B, 0x4B, 0x91, 0xC1, 0x6D, 0x4A,
    0x33, 0x86, 0xD6, 0x87, 0x5F, 0x83, 0xB9, 0xD4, 0x73, 0x69, 0x92, 0x25, 0xB9, 0x14, 0x57, 0x62,
    0x43, 0x6C, 0xC2, 0x15, 0xD1, 0x0A, 0x12, 0x83, 0x8F, 0xAF, 0x3F, 0x8D, 0xCD, 0xDC, 0x55, 0xBE,
    0x47, 0xA4, 0xE3, 0x46, 0x99, 0x94, 0x31, 0x53, 0xA0, 0x24, 0x6A, 0x7E, 0x28, 0x0B, 0x47, 0x85,
    0x6A, 0xAA, 0xFB, 0x7F, 0x6E, 0x2A, 0xF9, 0x57, 0x53, 0x56, 0x1F, 0xBA, 0xE3, 0xF0, 0x34, 0xC8,
    0x44, 0x02, 0x11, 0x49, 0x64, 0x6F, 0x2B, 0x95, 0x36, 0xCB, 0x07, 0xE6, 0x47, 0xC8, 0x1D, 0x99,
    0x43, 0x39, 0x22, 0x07, 0x95, 0xE3, 0x9C, 0x83, 0x1F, 0xCC, 0xB5, 0xDC, 0xAC, 0x3F, 0xE7, 0x50,
    0x5C, 0x44, 0xB5, 0x94, 0xAF, 0x4D, 0xAB, 0x2E, 0x6B, 0xC2, 0x8E, 0xAC, 0x63, 0xB1, 0xC3, 0xA5,
    0x1D, 0x78, 0x6C, 0x7B, 0x63, 0xF5, 0x87, 0x5C, 0x6C, 0x20, 0x5A, 0x49, 0x93, 0xD1, 0x8D, 0x98,
    0x6E, 0xB0, 0x31, 0x65, 0xE4, 0x36, 0xF7, 0xC5, 0xED, 0x66, 0xB4, 0xC3, 0x15, 0x06, 0x7E, 0xC5,
    0x1D, 0x4A, 0x3A, 0x72, 0xB6, 0x51, 0x75, 0x66, 0xE2, 0x2E, 0xB1, 0xC1, 0x2A, 0x5C, 0x32, 0x67,
    0xD7, 0xE3, 0xBF, 0xBB, 0x63, 0xAD, 0x3F, 0xE7, 0x63, 0x7C, 0xAC, 0xEF, 0x03, 0x10, 0x76, 0x30,
    0x4D, 0x9D, 0x74, 0xE3, 0x1D, 0x02, 0xEB, 0xAA, 0x89, 0x1A, 0x76, 0x88, 0x8D, 0x13, 0x55, 0x38,
    0x49, 0x71, 0x32, 0xF6, 0x32, 0xF5, 0xD2, 0x92, 0x49, 0x7D, 0x9D, 0x37, 0x3E, 0x29, 0x00, 0x08,
    0xEE, 0x70, 0x8E, 0xD8, 0x92, 0xA2, 0x2C, 0x23, 0x36, 0x2C, 0x25, 0xEF, 0x5B, 0x5A, 0x1A, 0x1B,
    0xDA, 0xC8, 0xD8, 0xA8, 0x8E, 0xB5, 0x4D, 0x4C, 0x22, 0x2B, 0xA5, 0xCF, 0x7F, 0xB2, 0x97, 0x01,
    0x76, 0xE4, 0xE5, 0x27, 0xFA, 0x66, 0x85, 0xF3, 0x15, 0xE7, 0x1B, 0x7D, 0xDB, 0x31, 0x8A, 0xCC,
    0x0E, 0xE5, 0x3A, 0x0A, 0xE7, 0x4B, 0x58, 0x47, 0x35, 0x4A, 0x27, 0x86, 0x19, 0x4A, 0x87, 0x96,
    0x8C, 0x48, 0xFA, 0x91, 0x97, 0x78, 0xDF, 0x57, 0xB4, 0xF3, 0xDD, 0x2C, 0x02, 0xFB, 0x42, 0x5C,
    0x38, 0xDF, 0x44, 0xC7, 0x26, 0x5C, 0x3A, 0x5F, 0x27, 0x29, 0x6C, 0xEA, 0x31, 0xC4, 0x66, 0xCA,
    0x4B, 0x91, 0x69, 0x19, 0x25, 0xE6, 0x3A, 0x99, 0x68, 0x48, 0x96, 0xFE, 0xF7, 0x4E, 0x7E, 0xD4,
    0xEF, 0x25, 0xB3, 0x1C, 0xE6, 0xB1, 0x96, 0x98, 0x47, 0x64, 0x86, 0x50, 0x0C, 0xEA, 0x1E, 0xE4,
    0x1A, 0xB6, 0x81, 0xFE, 0x11, 0xBA, 0x27, 0xB0, 0x0B, 0x22, 0x3B, 0x47, 0x35, 0xD9, 0xFD, 0xCA,
    0xBB, 0xAD, 0xFF, 0xC9, 0x05, 0x00, 0x29, 0x80, 0x2A, 0x80, 0xD8, 0x0C, 0x43, 0x1C, 0xD8, 0xF5,
    0x7D, 0x32, 0xB4, 0xA8, 0x07, 0xE2, 0x25, 0x90, 0xAC, 0x00, 0xF5, 0x47, 0x2F, 0x9B, 0x40, 0xAA,
    0x34, 0xE4, 0xCA, 0xC0, 0x38, 0x71, 0x32, 0x8B, 0x6B, 0x28, 0x7D, 0x86, 0x2E, 0xB2, 0x04, 0x6D,
    0xD0, 0x12, 0x5A, 0x3A, 0xDC, 0x4E, 0x4F, 0xF4, 0x70, 0xD2, 0x13, 0x8B, 0x2C, 0xF1, 0x83, 0x11,
    0xCA, 0x90, 0x93, 0x6A, 0x32, 0x9D, 0x79, 0xFB, 0xDC, 0x89, 0x19, 0x43, 0x52, 0x2F, 0x20, 0x6E,
    0x7A, 0x7C, 0x27, 0x5E, 0x00, 0xF0, 0x1E, 0x64, 0x00, 0x23, 0x80, 0xF2, 0xA0, 0xBE, 0x3B, 0x67,
    0x5D, 0x9F, 0xF7, 0x45, 0x09, 0x90, 0x6D, 0x16, 0x30, 0x4B, 0x6A, 0x68, 0x43, 0x0B, 0x77, 0x86,
    0xDA, 0xCE, 0xB8, 0xBE, 0xB9, 0xC6, 0x0F, 0xD9, 0x7F, 0x82, 0x6F, 0xA4, 0x05, 0xB2, 0x9A, 0xA1,
    0x9D, 0x79, 0x69, 0x7E, 0xB0, 0x3F, 0x2A, 0xFF, 0x23, 0xA5, 0x85, 0xDD, 0x70, 0x55, 0xB9, 0x96,
    0x14, 0xB0, 0x11, 0x99, 0x41, 0xDC, 0xEE, 0x70, 0x22, 0xEC, 0xCE, 0xBA, 0x48, 0x17, 0x6D, 0x49,
    0xBC, 0xA8, 0xDF, 0xDF, 0xBD, 0xEE, 0x2C, 0x35, 0xA4, 0xA9, 0x93, 0xCC, 0xCB, 0xC8, 0xCB, 0xD4,
    0x4B, 0xE9, 0xA5, 0xF3, 0xD2, 0xA6, 0x77, 0x75, 0x60, 0x53, 0x69, 0x42, 0x2F, 0x51, 0x93, 0x6A,
    0xE2, 0xFB, 0x5B, 0xDA, 0x27, 0xD1, 0xA8, 0x7D, 0x29, 0x52, 0xED, 0x7C, 0xBD, 0x33, 0x4E, 0xC6,
    0x5E, 0x66, 0xA4, 0x77, 0xAF, 0x97, 0xA4, 0x62, 0x7B, 0x2F, 0xBC, 0xBA, 0x02, 0x91, 0x3A, 0x5A,
    0xDD, 0xB4, 0xAA, 0xA1, 0x4F, 0x0B, 0xB6, 0x33, 0x18, 0xE5, 0xC0, 0x18, 0x98, 0x01, 0x8B, 0xA7,
    0xE0, 0xCF, 0x6D, 0x03, 0xF9, 0x9A, 0xD7, 0x7D, 0x5F, 0x9F, 0x23, 0x5E, 0xDD, 0x6C, 0x03, 0x97,
    0x93, 0x6C, 0x05, 0xA1, 0x81, 0xC8, 0x11, 0x54, 0x80, 0xD2, 0x5C, 0x70, 0xA4, 0x02, 0x49, 0x07,
    0x97, 0x86, 0x07, 0xEB, 0x7E, 0x48, 0x96, 0xAD, 0x43, 0x38, 0x0F, 0x00, 0x22, 0xD2, 0x7A, 0x96,
    0xEE, 0x79, 0xA9, 0x07, 0x9E, 0x86, 0x3F, 0xEF, 0xE2, 0xAC, 0xA7, 0x07, 0x9E, 0x23, 0xB6, 0xF5,
    0x80, 0x06, 0x3A, 0x08, 0x5B, 0x88, 0x1A, 0x48, 0xCC, 0xE9, 0xFA, 0xE7, 0x06, 0x2A, 0x4B, 0xB0,
    0xD7, 0x39, 0xFB, 0x99, 0xBF, 0x5C, 0x9C, 0x1F, 0xCC, 0x4F, 0xC3, 0x3F, 0xB1, 0x15, 0x87, 0x01,
    0x4E, 0xCD, 0x9B, 0x17, 0x80, 0x29, 0x30, 0x06, 0x52, 0x40, 0x15, 0xC3, 0x7D, 0x52, 0x00, 0x90,
    0x8B, 0xF4, 0x9E, 0x97, 0x6F, 0xDE, 0xBF, 0x41, 0x5C, 0x73, 0x12, 0xF8, 0x5C, 0xDF, 0xE5, 0x85,
    0x4B, 0xC0, 0x08, 0x28, 0x81, 0x16, 0x42, 0xBB, 0xF6, 0x0F, 0xF5, 0xE9, 0xF8, 0x2B, 0x0B, 0x79,
    0x0F, 0x8B, 0x6D, 0x82, 0x36, 0xD3, 0x51, 0x9D, 0x98, 0x50, 0x0F, 0xE6, 0xA7, 0xE0, 0x1F, 0x75,
    0x99, 0x39, 0x0C, 0xC0, 0x69, 0x79, 0x87, 0x22, 0x05, 0x4E, 0x5A, 0xC2, 0x87, 0xEF, 0xAE, 0x08,
    0x2D, 0xB9, 0x76, 0xA2, 0x8C, 0x93, 0xC4, 0x4B, 0x5C, 0x3B, 0x89, 0x1A, 0x2F, 0x76, 0x5F, 0xE6,
    0xD2, 0x0F, 0xF2, 0xCA, 0xC3, 0x1B, 0xC3, 0xB1, 0x43, 0x32, 0x04, 0xC7, 0x5E, 0x12, 0x33, 0xA4,
    0x22, 0xD7, 0xEB, 0xF4, 0x22, 0x9D, 0x97, 0x82, 0x60, 0x09, 0xB1, 0x7C, 0x63, 0xA2, 0x8F, 0xA5,
    0x86, 0x4A, 0x73, 0xA8, 0xCD, 0x0D, 0xA3, 0x7D, 0x1A, 0x87, 0x65, 0xB4, 0xDD, 0x32, 0x9A, 0xF6,
    0x8E, 0xD2, 0x31, 0x76, 0x64, 0x8E, 0x54, 0x8F, 0xA6, 0xCA, 0x8C, 0xA6, 0x89, 0x23, 0x6A, 0x1C,
    0x76, 0x34, 0x0D, 0xDA, 0xD1, 0x94, 0xCE, 0x51, 0x3A, 0xC6, 0x8E, 0xDC, 0x91, 0x2E, 0xA6, 0xA8,
    0xE5, 0x94, 0xC4, 0x11, 0xED, 0xF3, 0xDC, 0x8F, 0x66, 0xC9, 0x0A, 0xA8, 0xA4, 0x21, 0x5C, 0xDD,
    0xEC, 0x88, 0x2D, 0x4B, 0x94, 0x21, 0xF7, 0xBD, 0x32, 0x86, 0xE1, 0x63, 0x10, 0xF3, 0x9C, 0x52,
    0x64, 0x5E, 0x7C, 0x82, 0x75, 0x2A, 0x9F, 0x74, 0x9D, 0xDE, 0x1B, 0x0D, 0x96, 0xCF, 0x7E, 0x34,
    0x3B, 0xDB, 0xFA, 0x9E, 0xFD, 0x68, 0x76, 0xB6, 0xF5, 0x1D, 0xFF, 0x68, 0x76, 0xA6, 0xA5, 0x1D,
    0xFF, 0x68, 0x76, 0xA6, 0xA5, 0x01, 0x2F, 0xC2, 0xAD, 0x5C, 0x07, 0xBD, 0xAA, 0x63, 0x1B, 0xB5,
    0xA9, 0x61, 0x39, 0x87, 0xBC, 0x07, 0x65, 0x21, 0x6D, 0x61, 0xBE, 0x24, 0xE8, 0x73, 0x1D, 0x5B,
    0x55, 0xA7, 0x26, 0x6A, 0x73, 0xE8, 0x2F, 0xC0, 0x6B, 0x0C, 0x2D, 0xD2, 0x2E, 0xD5, 0xDB, 0x86,
    0x4A, 0x1E, 0x14, 0x2E, 0xBD, 0x78, 0xA3, 0x95, 0xB7, 0xAC, 0x9C, 0x7D, 0x20, 0x64, 0x44, 0xA2,
    0x33, 0xE2, 0xBF, 0x14, 0x39, 0xEA, 0x1D, 0x93, 0x93, 0x29, 0x27, 0x53, 0x2F, 0x9D, 0x93, 0xC0,
    0x3A, 0x89, 0x6A, 0x27, 0x89, 0x71, 0xA2, 0x70, 0x32, 0xF6, 0xD5, 0x97, 0x4E, 0x9C, 0x7D, 0x86,
    0xB2, 0xE4, 0x24, 0xBE, 0x7A, 0xE5, 0xAB, 0xCF, 0x7C, 0xF5, 0x63, 0xFF, 0xD8, 0x74, 0x19, 0x86,
    0xF6, 0xAC, 0xD1, 0x6C, 0xE6, 0xB6, 0x9F, 0xC2, 0x18, 0xCA, 0xEF, 0xC8, 0xA1, 0x4F, 0x8B, 0xB0,
    0x55, 0x0F, 0x37, 0x6D, 0x24, 0x62, 0xD8, 0xDA, 0xE3, 0xF8, 0xD1, 0xEC, 0x14, 0xFC, 0x8F, 0x1B,
    0xCD, 0x4E, 0xC1, 0xFF, 0xA9, 0xA3, 0xD9, 0x29, 0x78, 0x43, 0x00, 0x10, 0x0D, 0x53, 0xCC, 0x87,
    0xFF, 0x87, 0x6E, 0x00, 0x5C, 0x01, 0x00, 0x8E, 0x4E, 0x12, 0x37, 0x24, 0xEB, 0x49, 0xE2, 0xA0,
    0x23, 0xD3, 0xF4, 0xE4, 0xB0, 0xCD, 0x02, 0x72, 0x7A, 0x50, 0xB7, 0x2D, 0x24, 0x9F, 0x37, 0x10,
    0x89, 0x81, 0x50, 0x0A, 0x40, 0x00, 0x76, 0x01, 0x66, 0xCF, 0x2F, 0x3D, 0x8F, 0x23, 0xB2, 0xE7,
    0x10, 0xB3, 0x9C, 0x6C, 0xDA, 0x9E, 0xB0, 0xED, 0xA1, 0x7F, 0x9C, 0xA0, 0xEB, 0x89, 0xAD, 0x8B,
    0xAB, 0x1D, 0x7A, 0x39, 0xB9, 0xFE, 0xA4, 0x5C, 0x43, 0x6D, 0xA9, 0x74, 0x30, 0xFF, 0x68, 0x09,
    0x3D, 0x99, 0xEB, 0x89, 0xD2, 0x81, 0x45, 0x15, 0xA1, 0x97, 0xDC, 0x86, 0x62, 0x72, 0xAB, 0xC4,
    0xBC, 0x62, 0xF3, 0xFB, 0x3A, 0xB4, 0x63, 0x08, 0xED, 0x74, 0x90, 0x61, 0x37, 0xAB, 0x9D, 0xC4,
    0x2B, 0x27, 0x6C, 0x35, 0x4E, 0xC2, 0xD6, 0x09, 0xBD, 0x97, 0x72, 0x90, 0xF7, 0xFD, 0xEE, 0xEA,
    0x3D, 0x77, 0x22, 0x97, 0xC6, 0x07, 0x6B, 0xAE, 0x00, 0xF4, 0x07, 0xBF, 0x37, 0x3F, 0x18, 0xC4,
    0xE2, 0x02, 0x08, 0x60, 0x68, 0xD5, 0x3D, 0x88, 0x45, 0xC0, 0xCF, 0x97, 0x30, 0x26, 0xA9, 0xB9,
    0x40, 0x64, 0x61, 0x2D, 0xDE, 0xE0, 0xDC, 0x7B, 0xC3, 0x5B, 0x58, 0xE6, 0x65, 0xEE, 0xCA, 0x64,
    0x81, 0x93, 0xDE, 0x4B, 0xE9, 0xE3, 0x76, 0x49, 0x2C, 0xF9, 0x5F, 0x77, 0xF7, 0x48, 0xA5, 0x15,
    0x1D, 0x4A, 0x31, 0xD7, 0xC3, 0xD0, 0xDD, 0x1F, 0x2C, 0x12, 0x34, 0x40, 0x3C, 0xDC, 0x07, 0xA7,
    0x53, 0x41, 0x56, 0x03, 0xF3, 0x16, 0xE8, 0x7B, 0x9F, 0x6D, 0x0C, 0x89, 0x71, 0xEE, 0x21, 0x21,
    0xC0, 0x7F, 0xBF, 0x82, 0xE1, 0x05, 0xFB, 0x6F, 0x9A, 0x64, 0x53, 0x0C, 0x04, 0xBB, 0x00, 0x9C,
    0x8E, 0x79, 0x6C, 0xE7, 0x9A, 0x23, 0x72, 0x6A, 0xE6, 0xA4, 0x35, 0x50, 0xB5, 0x80, 0xDD, 0x80,
    0xA0, 0xB9, 0xEA, 0xE5, 0xCD, 0x61, 0x77, 0x7D, 0x22, 0xAD, 0x4F, 0xA7, 0x96, 0x60, 0x45, 0xA5,
    0x13, 0xF9, 0x5C, 0x9A, 0xF4, 0x77, 0xFF, 0xFE, 0xAA, 0x1D, 0x21, 0x94, 0x3F, 0x63, 0xC1, 0x06,
    0x94, 0x8C, 0xBC, 0x5C, 0xC5, 0x4B, 0x28, 0x22, 0x2B, 0xE5, 0x25, 0xBF, 0xBB, 0x98, 0xDC, 0x98,
    0x51, 0xC2, 0xD4, 0x4B, 0xC9, 0x82, 0x2B, 0x53, 0x1E, 0x50, 0xE6, 0x37, 0x7F, 0xF3, 0x55, 0x9B,
    0x4A, 0x2C, 0x4D, 0xDC, 0xB9, 0xA4, 0xBC, 0xBA, 0x04, 0x11, 0x13, 0xED, 0x6D, 0x5A, 0x55, 0x07,
    0x5D, 0xAA, 0xF9, 0x34, 0x03, 0x72, 0x60, 0x7C, 0x84, 0x1C, 0xC8, 0x00, 0x17, 0xF3, 0x96, 0xAA,
    0xE9, 0xDD, 0xEA, 0x53, 0x8B, 0x48, 0x4D, 0xBA, 0x82, 0xC8, 0x38, 0x0A, 0x08, 0x77, 0x81, 0x14,
    0x2E, 0x28, 0xC8, 0x86, 0xC9, 0x80, 0xCB, 0xC0, 0x6C, 0x48, 0xA0, 0x34, 0x24, 0x3E, 0xB6, 0xE6,
    0xA0, 0x65, 0xFB, 0x2B, 0x55, 0x45, 0xB2, 0xB7, 0x65, 0xD3, 0x22, 0xEC, 0x72, 0x28, 0x47, 0x30,
    0x9B, 0xC2, 0xB8, 0x12, 0x59, 0x39, 0x64, 0xE1, 0x56, 0x29, 0x4A, 0xC0, 0x33, 0x02, 0x72, 0xF8,
    0x20, 0x35, 0x41, 0x9F, 0xB8, 0xBA, 0x5D, 0x5F, 0xE3, 0x73, 0xC0, 0x15, 0x0E, 0x66, 0x54, 0x83,
    0xE1, 0xC5, 0x3F, 0x32, 0x27, 0xEF, 0xA3, 0x2C, 0x64, 0xC3, 0x90, 0xD8, 0xA5, 0x3A, 0x6A, 0x62,
    0x13, 0x14, 0x41, 0x71, 0xD2, 0x3E, 0xC7, 0x0D, 0x7D, 0x27, 0xE4, 0xF1, 0xCC, 0x6B, 0x33, 0x97,
    0xDA, 0xE1, 0x5F, 0xF2, 0x7E, 0xDC, 0x8B, 0xE1, 0x5C, 0xA4, 0xF7, 0x1C, 0x7F, 0x6D, 0x4E, 0xD0,
    0xE7, 0xF8, 0x6B, 0x73, 0x62, 0x3E, 0xC7, 0x5C, 0x9B, 0x13, 0xF3, 0x00, 0x08, 0x97, 0xB1, 0x21,
    0xAF, 0x34, 0x49, 0x0F, 0xA9, 0x63, 0x37, 0x87, 0x5B, 0xC3, 0x33, 0xE8, 0xD6, 0xD7, 0x36, 0x94,
    0x65, 0xAB, 0xF6, 0xB6, 0x76, 0xD2, 0x22, 0xEC, 0x73, 0x58, 0xCE, 0x60, 0xBB, 0x84, 0xB1, 0xA7,
    0x87, 0xBC, 0xF7, 0xDF, 0x07, 0x66, 0x30, 0x1B, 0x1E, 0x73, 0x3A, 0x7F, 0xDF, 0xF8, 0x37, 0x67,
    0xB2, 0x3D, 0xE2, 0x0E, 0x94, 0x7C, 0xCC, 0xC5, 0x2D, 0xD1, 0x04, 0x4B, 0x0E, 0xB7, 0x32, 0x6D,
    0x29, 0x2B, 0x61, 0xE1, 0xFE, 0xA3, 0x55, 0xA8, 0x7A, 0x58, 0x9F, 0xB3, 0x6B, 0xC2, 0xE7, 0x86,
    0xCB, 0xC0, 0xE2, 0xB8, 0xFF, 0x01, 0x1D, 0xE1, 0xFA, 0x7E, 0x6E, 0xFC, 0x63, 0x98, 0xAF, 0xD3,
    0xD7, 0xFB, 0x1C, 0xBF, 0xA5, 0xF5, 0x7D, 0x7C, 0x5F, 0x9F, 0x03, 0x7E, 0x7E, 0xE8, 0x3E, 0xB3,
    0x10, 0x35, 0x10, 0x9B, 0x93, 0xF6, 0x39, 0xE6, 0xB1, 0xF8, 0x44, 0x7D, 0x8E, 0x99, 0xD8, 0x38,
    0x39, 0x8F, 0xE3, 0xEE, 0xE5, 0x93, 0xFB, 0x7B, 0x35, 0xDF, 0x07, 0x9E, 0xB8, 0x02, 0xCD, 0xE1,
    0xF6, 0x78, 0x9F, 0xA0, 0x20, 0x59, 0xC5, 0xFB, 0x6F, 0x84, 0xDA, 0xBD, 0x11, 0xAE, 0x88, 0x1B,
    0x96, 0x28, 0x13, 0x08, 0xA9, 0x8E, 0x1F, 0xE8, 0x0C, 0xF5, 0x4E, 0x91, 0x31, 0x52, 0x45, 0xCE,
    0x8E, 0x32, 0x79, 0x68, 0x95, 0xC9, 0x62, 0xA3, 0x8A, 0x2C, 0x45, 0x15, 0xE9, 0xC2, 0x45, 0xA9,
    0x76, 0xFD, 0xC6, 0xBA, 0x20, 0xF1, 0xEF, 0x7C, 0x69, 0x25, 0x0D, 0xA3, 0x64, 0x05, 0x57, 0x18,
    0x66, 0x6B, 0xC2, 0xC7, 0x26, 0xAE, 0x39, 0x68, 0x1D, 0x51, 0xF3, 0xBC, 0xF4, 0x03, 0xA5, 0x63,
    0x8E, 0x6A, 0x72, 0xB7, 0x96, 0xAD, 0xE4, 0xEF, 0x4D, 0x20, 0xBF, 0x6C, 0xA0, 0x5E, 0x1B, 0x45,
    0x16, 0xE2, 0x61, 0x72, 0x3A, 0xE5, 0xE4, 0x7D, 0x72, 0x03, 0xD2, 0x10, 0x7E, 0xDB, 0x12, 0xD7,
    0xA5, 0xB3, 0xC9, 0xF8, 0x3F, 0xF7, 0x39, 0x69, 0x1F, 0xD5, 0xAC, 0x38, 0x0C, 0x70, 0xE2, 0x1E,
    0xF0, 0x22, 0x40, 0x5A, 0x00, 0x39, 0xC0, 0x14, 0xA0, 0x03, 0x02, 0xCB, 0xA1, 0x36, 0x86, 0xC4,
    0x64, 0x30, 0xAC, 0x91, 0xAC, 0xA7, 0x28, 0x0C, 0x23, 0xA2, 0x86, 0x92, 0xD0, 0xD2, 0xAD, 0x17,
    0x75, 0xE8, 0x42, 0x3B, 0x2C, 0xF4, 0x8C, 0x62, 0x33, 0xAC, 0x00, 0xA5, 0x4A, 0x0F, 0x4B, 0x43,
    0xC3, 0xDC, 0x14, 0x83, 0xF8, 0x0E, 0xF8, 0x0E, 0xC3, 0x7B, 0x40, 0x0D, 0xF8, 0x0E, 0xE7, 0xB6,
    0x7C, 0x07, 0xC1, 0x49, 0x07, 0xF4, 0xC7, 0xF1, 0x6A, 0x47, 0x5F, 0x89, 0x5E, 0xDE, 0x9F, 0xD7,
    0x42, 0x3C, 0xBC, 0x9F, 0xD1, 0x39, 0xFA, 0xA7, 0xD0, 0xF9, 0x18, 0x1F, 0xBB, 0x72, 0x7D, 0x7C,
    0xDF, 0x3E, 0xED, 0x8E, 0xF5, 0x38, 0x7E, 0x4A, 0xE8, 0xEC, 0xFF, 0x3E, 0xFF, 0x01, 0xC5, 0x9B,
    0x01, 0xA4, 0x2C, 0x59, 0x7A, 0xC7, 0x7F, 0x55, 0x67, 0xE6, 0xD5, 0x48, 0xC9, 0x9E, 0x07, 0x2F,
    0x26, 0x86, 0x57, 0xC1, 0x62, 0x61, 0x5E, 0xC1, 0x60, 0x71, 0xBB, 0xEB, 0x64, 0x16, 0xC1, 0x92,
    0x1D, 0x32, 0xBD, 0x83, 0x17, 0xFB, 0x16, 0x80, 0xD8, 0xBD, 0xC1, 0x62, 0xD1, 0x7D, 0xBB, 0x66,
    0x01, 0x16, 0x79, 0x48, 0x82, 0x2C, 0x12, 0x04, 0x20, 0xC9, 0xE0, 0xE1, 0x91, 0xBE, 0xB7, 0x4F,
    0x66, 0x01, 0xC1, 0x56, 0x30, 0xFB, 0x10, 0xB2, 0x45, 0xE6, 0x25, 0x08, 0xD9, 0x93, 0xA8, 0x27,
    0x75, 0xED, 0xE9, 0x3E, 0x39, 0xE7, 0x4C, 0xF5, 0xBD, 0xB7, 0x3B, 0x33, 0x37, 0xF7, 0xBD, 0xED,
    0xE9, 0xFB, 0x95, 0xFF, 0xCF, 0x7B, 0x7D, 0xEA, 0xFB, 0x4E, 0x7F, 0xE7, 0x54, 0x57, 0x9D, 0x73,
    0xEA, 0x5C, 0xEE, 0x4D, 0x14, 0x2C, 0x5D, 0x3B, 0xE0, 0xF3, 0x4C, 0x58, 0x20, 0x5B, 0x01, 0xF9,
    0x1A, 0x90, 0x7F, 0x17, 0xF0, 0x08, 0x28, 0xA4, 0x82, 0x4A, 0x6A, 0x18, 0xE7, 0x1E, 0xB3, 0xAC,
    0x81, 0x85, 0x68, 0xA1, 0x17, 0x86, 0xA4, 0x4B, 0x3A, 0x52, 0x43, 0x8F, 0x30, 0x58, 0xC4, 0x8B,
    0x89, 0x25, 0x73, 0x6E, 0x45, 0xEE, 0x9C, 0x43, 0x6A, 0x2A, 0x0A, 0x45, 0xA9, 0x4A, 0x90, 0x75,
    0xE5, 0xA1, 0xC7, 0x90, 0x37, 0xA7, 0x90, 0xB5, 0x16, 0x84, 0x49, 0x26, 0x13, 0x10, 0xCE, 0x0D,
    0xF8, 0x5C, 0x5B, 0x7E, 0x4A, 0x08, 0x0A, 0xE5, 0xF3, 0xA5, 0x66, 0xEC, 0xFD, 0x79, 0x03, 0x61,
    0x80, 0x88, 0xD4, 0xE3, 0xF5, 0x0F, 0x4C, 0x38, 0xC5, 0x50, 0x06, 0xCC, 0x55, 0x6A, 0x38, 0xC5,
    0xC3, 0x06, 0x2C, 0x10, 0x86, 0x33, 0x72, 0x43, 0xF5, 0xC9, 0xD9, 0x39, 0x85, 0xEB, 0x9C, 0x4A,
    0x5D, 0x3D, 0x57, 0x44, 0xFB, 0x2B, 0x7F, 0xD0, 0x25, 0x66, 0x48, 0xAB, 0x7A, 0xA4, 0xA1, 0x70,
    0x6A, 0x68, 0x8D, 0x5B, 0x6F, 0x21, 0x00, 0x32, 0x84, 0x22, 0xAF, 0x65, 0x4D, 0xD6, 0x14, 0x90,
    0x9E, 0x9F, 0x01, 0xCE, 0x02, 0x65, 0x7B, 0xA0, 0xB6, 0xBA, 0xBD, 0xF4, 0xD3, 0x06, 0xB8, 0x0F,
    0xF0, 0x43, 0x80, 0x0E, 0x60, 0xF5, 0x11, 0xB0, 0xEC, 0x62, 0x03, 0xFC, 0xDF, 0xA4, 0xDB, 0x57,
    0x4F, 0xFA, 0xD4, 0xA9, 0xC2, 0x99, 0x98, 0x74, 0x01, 0x30, 0x05, 0x92, 0x18, 0x4A, 0x03, 0x79,
    0x1D, 0xF0, 0x31, 0x90, 0x39, 0x0D, 0xC9, 0x1A, 0x78, 0x0D, 0x42, 0x0E, 0x54, 0xC0, 0x0C, 0xE8,
    0x07, 0x87, 0xC7, 0x44, 0x7B, 0x6B, 0x0D, 0xCE, 0x35, 0x62, 0xFD, 0xD0, 0xC8, 0x16, 0x5B, 0xD4,
    0x9C, 0x94, 0x30, 0xAA, 0x80, 0x93, 0xC1, 0xE3, 0xF4, 0x0B, 0x34, 0x1B, 0xCE, 0xA9, 0x80, 0x12,
    0xBE, 0x16, 0x7C, 0x43, 0x0C, 0x1F, 0xAB, 0x0B, 0x31, 0x63, 0x6C, 0xDE, 0x84, 0xDD, 0xBA, 0x45,
    0x03, 0xA8, 0xA1, 0xFE, 0x15, 0x38, 0xA7, 0xC5, 0xF9, 0x23, 0x23, 0x9B, 0xA4, 0x2F, 0x14, 0x4F,
    0xCA, 0xC1, 0x63, 0xBC, 0xAD, 0xA1, 0x9E, 0x98, 0xCD, 0xD7, 0x65, 0x83, 0x15, 0xE7, 0x0F, 0x4D,
    0xF0, 0x8D, 0xF5, 0x08, 0x0B, 0x72, 0x0D, 0xE5, 0xB1, 0x62, 0x96, 0x37, 0x74, 0xA9, 0xE1, 0x71,
    0x4C, 0xF2, 0x30, 0x79, 0xE6, 0x1D, 0x14, 0x2B, 0xA8, 0x2A, 0xB0, 0xB2, 0x4E, 0x8D, 0x68, 0xA8,
    0xA9, 0x81, 0x3D, 0xE7, 0xD9, 0x6F, 0x0B, 0x38, 0x58, 0x8E, 0x99, 0xD9, 0x16, 0xB0, 0xEF, 0xFC,
    0x62, 0x9F, 0xF9, 0xBE, 0x8B, 0x7D, 0x58, 0x3E, 0x52, 0xC8, 0xD8, 0xB7, 0x87, 0xCB, 0xB1, 0x26,
    0xF6, 0x5D, 0xE8, 0x43, 0xAA, 0x8A, 0xD8, 0xA7, 0x79, 0xB7, 0xF7, 0x3C, 0xDF, 0xF4, 0xC7, 0x98,
    0x19, 0xF2, 0xC3, 0x9E, 0xEC, 0xDF, 0x0D, 0xA9, 0xD3, 0xE0, 0x14, 0x1B, 0x73, 0xAE, 0xF5, 0x5A,
    0xB1, 0x9A, 0x2C, 0x6B, 0x8B, 0x6C, 0x2C, 0xC2, 0x58, 0x52, 0xAF, 0xA4, 0xB3, 0xD0, 0x7B, 0xD9,
    0x6B, 0x15, 0xCF, 0x49, 0xFA, 0xE8, 0x13, 0x7D, 0x65, 0x13, 0x62, 0x39, 0xB7, 0x8E, 0xB1, 0x81,
    0xBE, 0x52, 0x91, 0x5C, 0x72, 0x1C, 0x39, 0x8A, 0x3C, 0x8A, 0x04, 0xE6, 0x8F, 0x3D, 0x85, 0xEB,
    0x3D, 0xE5, 0xF9, 0xF7, 0x3C, 0x8B, 0x5A, 0x78, 0x56, 0x24, 0x9E, 0x63, 0xF0, 0x9C, 0xDD, 0x80,
    0x63, 0x18, 0xBC, 0x62, 0x84, 0x21, 0xDA, 0x10, 0x79, 0xA8, 0x25, 0x75, 0xAE, 0x0E, 0xE8, 0x48,
    0x5F, 0x7C, 0x7B, 0x4D, 0x6A, 0xA8, 0x94, 0x87, 0xD4, 0x1E, 0x79, 0x40, 0xD6, 0x78, 0x88, 0x36,
    0xC0, 0x44, 0xCC, 0x9D, 0x1D, 0xF0, 0x5B, 0x2F, 0xDE, 0x8F, 0x9F, 0xED, 0xA2, 0x0D, 0x6E, 0x6D,
    0x0C, 0x30, 0x84, 0x0A, 0x41, 0x63, 0x78, 0xE7, 0xFA, 0x80, 0x1A, 0xC0, 0x42, 0x32, 0x59, 0x29,
    0x84, 0x73, 0x9A, 0x08, 0xB0, 0x5C, 0xC1, 0xF2, 0xB1, 0x25, 0x73, 0xBD, 0xA5, 0x78, 0xF1, 0x3D,
    0x4B, 0xA5, 0x84, 0xE5, 0x04, 0x2C, 0x8B, 0x00, 0x7B, 0x2D, 0x16, 0x10, 0x4F, 0x8E, 0x6E, 0x21,
    0xC0, 0xF7, 0x63, 0xA8, 0x21, 0x68, 0x18, 0x63, 0xE4, 0xCE, 0x45, 0xED, 0x9A, 0x73, 0xAE, 0x0B,
    0x5A, 0x4D, 0x26, 0xEF, 0x59, 0xE0, 0x8B, 0x14, 0xCA, 0x9D, 0x73, 0x26, 0xC8, 0x02, 0x37, 0x38,
    0x37, 0xC6, 0x65, 0x32, 0x51, 0xA1, 0x05, 0x82, 0xD8, 0xB5, 0xF2, 0x9C, 0xC4, 0x7F, 0x9E, 0x9F,
    0x1F, 0x9B, 0xA2, 0x4E, 0xFB, 0x0A, 0x16, 0x23, 0x98, 0x4D, 0x61, 0xBC, 0x74, 0x6E, 0xED, 0xE5,
    0x4E, 0x27, 0x93, 0xC9, 0x02, 0x08, 0x1A, 0x01, 0x15, 0xFC, 0xB0, 0xD0, 0x89, 0xCD, 0xFD, 0xCF,
    0xC3, 0xFB, 0xEA, 0x10, 0x03, 0x20, 0x27, 0x43, 0x2A, 0x49, 0xAE, 0x4B, 0xC4, 0x8B, 0x15, 0x89,
    0xEB, 0xE1, 0xB8, 0x39, 0x5C, 0x9E, 0x40, 0x5A, 0xA7, 0xB5, 0x68, 0x84, 0x4E, 0x8D, 0xAC, 0x59,
    0xCD, 0x61, 0xBE, 0x86, 0xA2, 0xDB, 0x7F, 0xBE, 0xA5, 0xDE, 0xD2, 0x41, 0xFB, 0x33, 0x37, 0x6C,
    0x69, 0xFF, 0xFD, 0x79, 0x80, 0xBE, 0x4A, 0x1B, 0x90, 0xC0, 0x11, 0xF0, 0x14, 0x38, 0xFD, 0x01,
    0xCC, 0x2D, 0x14, 0x2D, 0x65, 0xBF, 0xC9, 0xA1, 0x2D, 0x74, 0xDA, 0x55, 0x60, 0x37, 0x39, 0xF8,
    0xEF, 0x7E, 0xB2, 0xC9, 0x63, 0x01, 0x4C, 0x2F, 0x73, 0x78, 0xA7, 0xA8, 0x63, 0x0E, 0x9D, 0xF7,
    0x6D, 0x28, 0x1D, 0x70, 0x34, 0x0C, 0x45, 0x34, 0x64, 0x35, 0xE4, 0xCF, 0x14, 0xC2, 0x69, 0x92,
    0x33, 0xEE, 0xF8, 0x43, 0xD6, 0x05, 0xA2, 0x9D, 0x91, 0x9C, 0xF7, 0xB0, 0x34, 0x50, 0xE9, 0x83,
    0xF5, 0x61, 0x52, 0x27, 0xB5, 0x68, 0x33, 0x1D, 0x1F, 0x2E, 0x67, 0x27, 0x50, 0x5A, 0x90, 0x66,
    0xFF, 0xD7, 0xA9, 0x58, 0x01, 0xB9, 0x03, 0x8A, 0xBF, 0xAC, 0x61, 0x9C, 0xB5, 0xD0, 0x27, 0x1D,
    0x7C, 0xD7, 0x1F, 0x57, 0x2C, 0x5F, 0xC7, 0xE9, 0x99, 0x21, 0x5D, 0x3F, 0xB4, 0x64, 0x86, 0x33,
    0xE2, 0xC8, 0x58, 0xD6, 0xDC, 0xA7, 0x50, 0x40, 0x09, 0x50, 0x7D, 0x2E, 0x2A, 0xA7, 0x06, 0xDC,
    0x7B, 0xE4, 0x81, 0xFC, 0x0C, 0xA5, 0xF2, 0x9E, 0x45, 0xED, 0x11, 0x42, 0xA9, 0xCC, 0xB0, 0x54,
    0xFE, 0x39, 0xFC, 0x0B, 0x85, 0x73, 0xDF, 0xF2, 0x65, 0xBD, 0x54, 0x31, 0xE7, 0xAA, 0x87, 0xD3,
    0x53, 0x92, 0xAE, 0x44, 0x34, 0xB9, 0x4E, 0x55, 0xAA, 0x18, 0x2C, 0xDC, 0x3C, 0xC3, 0x5D, 0x54,
    0xFA, 0xDB, 0x69, 0x55, 0x0B, 0x7B, 0x02, 0x76, 0x71, 0xCD, 0x23, 0x71, 0x01, 0xF1, 0x9C, 0x4A,
    0x89, 0xE8, 0x13, 0x7C, 0x43, 0x0C, 0xA0, 0x27, 0x2A, 0xE9, 0x7E, 0x93, 0xCC, 0x94, 0xCF, 0x8F,
    0x75, 0xEE, 0x1C, 0x49, 0x18, 0xB7, 0x47, 0xFB, 0x88, 0x3F, 0x86, 0x8E, 0x0E, 0xA6, 0xA9, 0x81,
    0xEA, 0x61, 0x03, 0x85, 0xAB, 0xE1, 0xCE, 0x0A, 0x6E, 0xBF, 0xA1, 0x2E, 0x6E, 0x6E, 0x3A, 0xD3,
    0xC2, 0xC8, 0x3A, 0x59, 0xCD, 0x61, 0xB9, 0x82, 0xA2, 0xE3, 0xA0, 0x8D, 0x95, 0x5A, 0x76, 0x31,
    0xD8, 0xED, 0x5F, 0x4B, 0x0D, 0x5B, 0x82, 0xC3, 0x36, 0xCD, 0x6D, 0xE5, 0xBD, 0x63, 0xA2, 0x0F,
    0xE8, 0x02, 0x0C, 0x90, 0x35, 0x01, 0x17, 0x33, 0x47, 0xCC, 0x70, 0x53, 0xF4, 0xCA, 0x5A, 0xC8,
    0xBD, 0x64, 0x73, 0xD8, 0x86, 0x8A, 0x3F, 0x7A, 0x0B, 0xA7, 0x27, 0xBE, 0xB4, 0x54, 0xBB, 0x3F,
    0xFA, 0x19, 0xCC, 0x6E, 0xA2, 0x93, 0xC9, 0xE4, 0x74, 0xEE, 0xDC, 0x2A, 0xE8, 0x86, 0x3E, 0x51,
    0xC9, 0x1A, 0x10, 0x4E, 0x81, 0xFC, 0x99, 0x86, 0x52, 0x18, 0x98, 0xD2, 0xC3, 0xEF, 0xF8, 0x63,
    0xB0, 0xC5, 0x0D, 0x50, 0x74, 0x1E, 0x4B, 0x07, 0xA7, 0x61, 0xCE, 0xBF, 0x44, 0x36, 0x2C, 0x10,
    0x6D, 0x80, 0xD9, 0x20, 0x7D, 0x05, 0x64, 0x0D, 0x59, 0xB3, 0x83, 0x70, 0xC3, 0x5F, 0x47, 0xBC,
    0xF5, 0x7C, 0xF2, 0xF0, 0xD3, 0xDD, 0x53, 0xFC, 0x67, 0x4D, 0xE6, 0x4B, 0x23, 0xE2, 0x67, 0xAF,
    0x80, 0x5C, 0x43, 0x90, 0x73, 0x26, 0xEA, 0xD1, 0x27, 0xEF, 0xC5, 0xFF, 0x47, 0xFD, 0x83, 0x53,
    0xF9, 0x3F, 0x3A, 0x93, 0xFF, 0xCB, 0x43, 0x9B, 0x1B, 0x56, 0xB9, 0x66, 0xEC, 0x55, 0x0D, 0x2A,
    0x6F, 0xAA, 0x64, 0x05, 0x99, 0xFB, 0x37, 0x2D, 0x7E, 0xE2, 0x1A, 0x58, 0x2A, 0xAE, 0x58, 0xE5,
    0x9C, 0x0D, 0xBA, 0xF7, 0xF0, 0xF9, 0xFB, 0x64, 0x0D, 0xFB, 0x50, 0x88, 0xB5, 0x89, 0x9B, 0xAC,
    0xAF, 0xD6, 0x3D, 0xDF, 0xAA, 0x7B, 0xEE, 0x9A, 0x20, 0x7F, 0xFE, 0xAB, 0xD5, 0x31, 0xF7, 0xF1,
    0x83, 0x98, 0x4C, 0xD8, 0x1E, 0x6C, 0x1F, 0x2E, 0xBF, 0xEB, 0x06, 0xFA, 0x7B, 0xCB, 0xEF, 0x62,
    0x90, 0x9D, 0x5D, 0x19, 0x64, 0xC7, 0xE7, 0xD0, 0xE1, 0xF2, 0xBC, 0x7E, 0xA0, 0xBF, 0xD7, 0x7C,
    0x0F, 0x90, 0xCB, 0x13, 0xC8, 0x34, 0x48, 0xE0, 0x6D, 0xA0, 0xFA, 0x43, 0x28, 0xD6, 0x90, 0xF5,
    0xC8, 0x96, 0x2D, 0xC1, 0xDE, 0xF3, 0xBB, 0xBE, 0x7E, 0xC3, 0x96, 0x0E, 0x78, 0x2D, 0xEF, 0xAD,
    0xFF, 0xE0, 0x95, 0xC4, 0x8E, 0xEE, 0xC4, 0xCF, 0x93, 0xBE, 0x0C, 0xA3, 0xAF, 0xF3, 0xE3, 0x46,
    0x38, 0xA7, 0x38, 0xEE, 0x59, 0x93, 0x9B, 0xAB, 0xE2, 0xD2, 0xE2, 0xC3, 0x60, 0x1F, 0x02, 0xD1,
    0x44, 0xC5, 0x04, 0x73, 0x9D, 0x4C, 0xE6, 0x75, 0x5C, 0x4C, 0x70, 0x9F, 0xFE, 0xBF, 0x6B, 0x92,
    0xC2, 0x39, 0x13, 0x94, 0x4C, 0x3E, 0x30, 0x20, 0x5E, 0x59, 0x6F, 0x7A, 0x9D, 0x20, 0xDA, 0x4A,
    0xC9, 0xA6, 0x78, 0xBE, 0xAC, 0x33, 0xB7, 0x86, 0x38, 0x78, 0x76, 0x90, 0x3A, 0x4D, 0xFE, 0xAC,
    0xA5, 0xF8, 0xB0, 0x63, 0xCC, 0x34, 0x2E, 0x7C, 0x0D, 0xE6, 0xDC, 0x2A, 0xCA, 0x3F, 0xAA, 0x81,
    0xD9, 0x9E, 0x64, 0x7D, 0x1F, 0xF7, 0x71, 0xA8, 0xB5, 0x5C, 0x2B, 0xC6, 0x50, 0xD6, 0x1E, 0x4B,
    0xC6, 0x24, 0xD6, 0x43, 0x74, 0x1E, 0xB2, 0xF1, 0x28, 0x6B, 0x8F, 0x25, 0x8C, 0x13, 0xEB, 0x21,
    0x3A, 0x0F, 0xD9, 0x78, 0x94, 0xDA, 0x63, 0xDE, 0x42, 0xE5, 0x8C, 0xC7, 0x7F, 0x59, 0x0F, 0xBD,
    0xF2, 0x50, 0x15, 0xD1, 0x6D, 0x13, 0x20, 0x33, 0x1E, 0x69, 0xEF, 0x81, 0x0D, 0x38, 0x0B, 0xA8,
    0x94, 0x47, 0xA1, 0xD9, 0xB2, 0xAD, 0x31, 0x57, 0x0B, 0xE4, 0x17, 0x63, 0x2E, 0xA9, 0x6E, 0x36,
    0xA0, 0x20, 0xB1, 0x1E, 0xB9, 0xF1, 0x28, 0xB5, 0xC7, 0x12, 0x16, 0xA9, 0xF5, 0xC8, 0x8D, 0x47,
    0xA9, 0x3D, 0x96, 0x71, 0x88, 0xA9, 0x3D, 0x9E, 0x19, 0x8F, 0x77, 0x7B, 0x38, 0x65, 0x05, 0x0B,
    0xAA, 0x80, 0x42, 0x7B, 0xE4, 0xAD, 0x87, 0xE8, 0x36, 0xF1, 0x38, 0x63, 0xD7, 0x64, 0x13, 0xA0,
    0x81, 0xA2, 0x06, 0x4A, 0x36, 0x18, 0x01, 0x53, 0xEF, 0xE6, 0x91, 0x19, 0x8F, 0x42, 0x7B, 0x54,
    0x78, 0x58, 0x0F, 0x61, 0x3C, 0xA4, 0xF6, 0xA8, 0x6A, 0x98, 0x39, 0x0D, 0xF3, 0x5F, 0x19, 0x8F,
    0x8F, 0x7B, 0x0F, 0x56, 0xC4, 0x93, 0x37, 0x6E, 0x79, 0xEB, 0x21, 0x3A, 0x0F, 0x6C, 0xC0, 0x1C,
    0xD4, 0xE5, 0xB8, 0x33, 0x84, 0x29, 0x80, 0x31, 0x5C, 0x5C, 0x2D, 0xD5, 0x97, 0xA1, 0xC9, 0xE4,
    0xCA, 0xCD, 0xF6, 0x1D, 0xE0, 0x04, 0xB0, 0xC3, 0x20, 0xB8, 0x85, 0x4C, 0xBF, 0xFA, 0x0D, 0xF5,
    0xE6, 0x37, 0xA3, 0x55, 0x90, 0x05, 0xF6, 0xAC, 0xAD, 0x15, 0x08, 0xAE, 0x5A, 0x55, 0x5F, 0xAE,
    0x58, 0xCF, 0x80, 0x05, 0xF0, 0xE4, 0x30, 0x79, 0x72, 0xD5, 0x64, 0xEB, 0xD5, 0x0C, 0x1D, 0xAE,
    0xBC, 0x80, 0x07, 0xC4, 0xFF, 0xDB, 0xA8, 0x1A, 0x5B, 0x28, 0x2F, 0xBC, 0xF6, 0xDB, 0x1E, 0x3E,
    0xCF, 0x33, 0xAF, 0x53, 0x9F, 0xEB, 0x82, 0x2C, 0xAA, 0xF7, 0xEA, 0x6E, 0xAF, 0x4F, 0xE7, 0x5B,
    0xBA, 0x61, 0x0E, 0x10, 0x11, 0x7B, 0x8C, 0xEC, 0xE5, 0x50, 0xEA, 0x1D, 0x5C, 0xEB, 0x11, 0x33,
    0x23, 0x76, 0x61, 0x84, 0x30, 0xF0, 0x12, 0x48, 0x6A, 0x8F, 0x63, 0x8D, 0xF8, 0x95, 0xAB, 0xC9,
    0xDC, 0xA7, 0xB0, 0x3C, 0xC7, 0xC3, 0x00, 0x7F, 0x70, 0xBD, 0xEF, 0x8B, 0xC9, 0x44, 0x09, 0xE7,
    0x9C, 0x8E, 0x78, 0xB9, 0x8B, 0xF4, 0x9F, 0x3A, 0x32, 0xD7, 0x71, 0xEC, 0x54, 0xEE, 0x5A, 0x8A,
    0xFF, 0x68, 0xF8, 0xED, 0x1B, 0x5D, 0xA4, 0x77, 0x81, 0x11, 0xB0, 0x00, 0x3A, 0x48, 0x87, 0xA5,
    0xC2, 0x54, 0x01, 0x30, 0xD7, 0x8C, 0xA2, 0x5A, 0x2F, 0xC3, 0xE8, 0xA4, 0x63, 0x34, 0xB5, 0x5E,
    0x0B, 0xAF, 0xB1, 0x57, 0xE9, 0x55, 0xA8, 0xD1, 0x54, 0xEA, 0xD1, 0x34, 0xF7, 0x12, 0xAD, 0x97,
    0x19, 0x4D, 0x93, 0x6E, 0x34, 0xA5, 0xF7, 0x5A, 0x78, 0x8D, 0xBD, 0x2A, 0xAF, 0xE2, 0x74, 0x8A,
    0x5C, 0x4D, 0xC9, 0xBD, 0x44, 0x14, 0x3C, 0x86, 0xA4, 0x1F, 0xEE, 0x88, 0x0D, 0xC8, 0xDA, 0x8B,
    0x8D, 0xC5, 0xE9, 0xE5, 0x62, 0xE9, 0xE2, 0xE4, 0x72, 0x89, 0x6C, 0x86, 0xD1, 0x80, 0x89, 0x22,
    0xBD, 0xB1, 0xBE, 0xE4, 0x3C, 0x6E, 0xF4, 0x63, 0xDF, 0x57, 0x2E, 0x5C, 0xB5, 0x52, 0x43, 0xA5,
    0x2E, 0x6F, 0x72, 0x53, 0xE0, 0x29, 0x6C, 0x2D, 0xAD, 0x9E, 0x9E, 0x40, 0x75, 0xB1, 0xB4, 0x7A,
    0x90, 0x7E, 0xDD, 0x2C, 0x2D, 0x67, 0xDB, 0x4B, 0xCB, 0x7B, 0xEF, 0xD7, 0xD3, 0x18, 0x0C, 0xC0,
    0x02, 0x74, 0x00, 0xE6, 0x02, 0x00, 0xA1, 0xF3, 0x1B, 0xD2, 0xFF, 0x76, 0x96, 0xF4, 0x7F, 0xFE,
    0xDC, 0x91, 0xDA, 0xE1, 0x55, 0x5B, 0x1D, 0xA0, 0x37, 0xC8, 0x5F, 0x01, 0x07, 0xB8, 0xA8, 0x46,
    0x57, 0x74, 0x94, 0xF8, 0xA5, 0x6E, 0xE1, 0x5C, 0xEF, 0xD5, 0xEE, 0xEF, 0x62, 0xDA, 0x96, 0x1F,
    0x22, 0xB7, 0x3E, 0xBE, 0xF6, 0x52, 0x37, 0xD9, 0xAE, 0x94, 0xAF, 0x89, 0xA5, 0x61, 0xB9, 0xAF,
    0x27, 0x33, 0xAC, 0x2E, 0x96, 0xFB, 0x4A, 0x86, 0xCD, 0x24, 0x03, 0xF4, 0x0D, 0x51, 0x47, 0xB7,
    0x18, 0x20, 0x86, 0x8A, 0x41, 0x63, 0xF8, 0x58, 0x51, 0xAC, 0xF2, 0xBA, 0x15, 0x06, 0xCA, 0x9E,
    0x74, 0xF3, 0xEA, 0xA4, 0xFE, 0xEC, 0xD5, 0xC9, 0x0C, 0x66, 0x0B, 0x18, 0x07, 0x59, 0xA8, 0x6C,
    0xF8, 0xF7, 0xA0, 0x50, 0x16, 0xCE, 0x09, 0xE7, 0x06, 0x9F, 0x18, 0xD3, 0xC7, 0xB8, 0xF9, 0xAE,
    0xA4, 0xDB, 0x6C, 0x88, 0x6B, 0x96, 0x22, 0xF6, 0xDF, 0x20, 0xEA, 0x2E, 0x88, 0x76, 0xEA, 0xD1,
    0xD8, 0xB0, 0x1C, 0x66, 0x40, 0x8A, 0x06, 0xDE, 0xCE, 0x34, 0xBC, 0x99, 0xDE, 0x76, 0x5B, 0xDC,
    0xE1, 0x31, 0xF2, 0x63, 0x43, 0x21, 0xDA, 0xB8, 0x30, 0x37, 0x95, 0x60, 0xEE, 0xC3, 0xDD, 0xD7,
    0xF6, 0xDB, 0x0E, 0x6F, 0x39, 0xD7, 0x26, 0xCE, 0x43, 0xAC, 0x8E, 0x27, 0x4A, 0x36, 0x25, 0x14,
    0xCA, 0xA3, 0xC2, 0x63, 0x1C, 0x30, 0x0B, 0x58, 0x5C, 0xC5, 0x44, 0x79, 0xB8, 0x66, 0x03, 0xB8,
    0xC4, 0xEC, 0xC2, 0xAD, 0x62, 0x13, 0x2A, 0x06, 0x8D, 0xE1, 0x63, 0x45, 0xC4, 0x2A, 0xD7, 0xCC,
    0x55, 0xE6, 0x3E, 0x76, 0xAD, 0x7C, 0xF6, 0xEC, 0xE7, 0x5D, 0x89, 0x63, 0x31, 0xE2, 0x8C, 0xA3,
    0x23, 0x66, 0x8C, 0xA6, 0x4C, 0x03, 0x8E, 0x78, 0x7B, 0x4A, 0xE5, 0x56, 0x03, 0x46, 0x93, 0xF7,
    0xA7, 0xCC, 0xE0, 0x28, 0x20, 0x9C, 0xFC, 0xD5, 0xE8, 0x26, 0x9F, 0xFD, 0xF2, 0xE7, 0x5D, 0xEE,
    0x7E, 0x1A, 0x83, 0x2E, 0x15, 0xA8, 0xCD, 0x3A, 0xF5, 0xE5, 0x7C, 0x40, 0x2A, 0xB8, 0x43, 0x34,
    0xE7, 0xCE, 0xBD, 0x9C, 0x5E, 0x4D, 0x8E, 0x8D, 0x25, 0xED, 0xBE, 0x68, 0x21, 0x3C, 0x94, 0x85,
    0x73, 0xC2, 0xB9, 0xC1, 0xC7, 0xFA, 0x58, 0x36, 0xED, 0xB0, 0xF1, 0x38, 0xF5, 0xAA, 0xBC, 0x8A,
    0xDA, 0x22, 0xB5, 0x45, 0x5C, 0xC4, 0x02, 0xA1, 0x80, 0xBC, 0x01, 0x64, 0x7D, 0x75, 0x1E, 0xC6,
    0x53, 0x80, 0xBB, 0x17, 0x0B, 0x3E, 0xBF, 0xEB, 0xEA, 0xB9, 0xFB, 0x96, 0xAB, 0xEF, 0x1D, 0x7F,
    0x7F, 0x02, 0xC5, 0x47, 0x78, 0xE8, 0x80, 0x3A, 0x40, 0xDD, 0x1C, 0xF7, 0x8E, 0xFF, 0x2C, 0x0E,
    0xF2, 0x6C, 0xC4, 0x01, 0x32, 0xDC, 0x79, 0x68, 0x97, 0x9B, 0x99, 0xC9, 0x66, 0xC2, 0xF9, 0x65,
    0x66, 0xB7, 0x6B, 0x55, 0x1D, 0xC0, 0x06, 0x33, 0x80, 0xC5, 0xA6, 0xB5, 0xE3, 0xB3, 0x5B, 0x4B,
    0x25, 0xDA, 0x31, 0xC9, 0xB9, 0x1D, 0x9E, 0xDD, 0x0D, 0x70, 0xA0, 0x8B, 0xE1, 0xAB, 0xFE, 0x60,
    0xC6, 0x02, 0xCA, 0x77, 0x0D, 0xC8, 0x7F, 0x6E, 0x40, 0xB8, 0x1A, 0x12, 0xC7, 0x85, 0x7D, 0xB9,
    0xCD, 0xF5, 0x1A, 0xB1, 0x64, 0xAB, 0x81, 0x7A, 0x20, 0x31, 0x00, 0x8F, 0x2F, 0xF7, 0x68, 0x29,
    0x12, 0xE7, 0x7A, 0xB2, 0xD5, 0x07, 0x0E, 0xD9, 0x50, 0xD5, 0x45, 0x8D, 0xA4, 0x04, 0x06, 0xA8,
    0xCD, 0x97, 0x92, 0x06, 0xC8, 0xDC, 0x5F, 0x13, 0x3C, 0x5A, 0xEF, 0x1B, 0x2B, 0xBA, 0xE3, 0x2E,
    0xFA, 0x43, 0xEA, 0x4B, 0xBC, 0x16, 0x30, 0x0E, 0x99, 0x54, 0x9A, 0x39, 0x72, 0x1D, 0x77, 0xF1,
    0xB8, 0x0E, 0xCA, 0xB5, 0x02, 0xDE, 0x01, 0x66, 0x9F, 0x3B, 0x85, 0x8F, 0x76, 0x7C, 0x8E, 0x70,
    0xAE, 0x91, 0xE7, 0x0F, 0xFB, 0x52, 0xF1, 0xB4, 0x84, 0xBB, 0x5E, 0x94, 0x0A, 0xE4, 0x39, 0x08,
    0xE7, 0x83, 0xFC, 0x91, 0x33, 0x70, 0xC7, 0x02, 0xA7, 0xC0, 0xE8, 0x6B, 0x30, 0x3B, 0x01, 0x5B,
    0x7A, 0x9F, 0xCC, 0xB9, 0x96, 0xE3, 0xCD, 0x7E, 0x34, 0xB9, 0x26, 0xEE, 0x36, 0x24, 0x6E, 0x55,
    0xA3, 0x4B, 0x0D, 0x9B, 0x0D, 0x87, 0xB7, 0xDD, 0x0E, 0xDB, 0x2F, 0xCE, 0x2F, 0xDE, 0xA1, 0xED,
    0xBD, 0x1D, 0x5E, 0x2A, 0xBF, 0x36, 0xE6, 0xF7, 0xA7, 0x31, 0xBF, 0xE6, 0xA5, 0xF2, 0x53, 0x31,
    0x3F, 0x11, 0x2A, 0xE2, 0xD8, 0xD5, 0x40, 0x0B, 0x24, 0x0D, 0xC0, 0x52, 0x01, 0xB9, 0x86, 0x34,
    0xF3, 0x90, 0xA1, 0x34, 0x5D, 0xED, 0xB3, 0xAB, 0x6B, 0x2F, 0x35, 0x04, 0x2D, 0xE0, 0x0D, 0xAF,
    0x72, 0xD8, 0xEE, 0x19, 0x7B, 0x3B, 0xF6, 0x7B, 0xBC, 0x02, 0xCA, 0x47, 0x6A, 0xB8, 0x2A, 0x84,
    0xE5, 0xF6, 0x2F, 0x03, 0xD2, 0x3A, 0x55, 0xA2, 0xCD, 0x75, 0xD2, 0x85, 0xC9, 0xCE, 0x0C, 0xAA,
    0x3E, 0xC6, 0xDF, 0xF7, 0x65, 0x50, 0x39, 0xE7, 0x6C, 0xC4, 0xBD, 0xC9, 0xD9, 0xE4, 0x7D, 0x98,
    0xC1, 0x41, 0xB0, 0x6B, 0x6B, 0x80, 0x15, 0x80, 0x05, 0x92, 0x2E, 0xC0, 0x00, 0x69, 0x0B, 0xC8,
    0xFA, 0x1A, 0x2C, 0x9D, 0x73, 0x75, 0xC4, 0xBD, 0x47, 0x9F, 0x4C, 0x86, 0x82, 0x97, 0x83, 0xDE,
    0x3C, 0xA8, 0xC5, 0xF9, 0xFB, 0x90, 0xB8, 0x35, 0x50, 0x7A, 0xEC, 0x5A, 0xA1, 0x37, 0x28, 0x2F,
    0xEE, 0xA3, 0x23, 0x80, 0x23, 0x88, 0x8B, 0xE3, 0x71, 0x95, 0x3C, 0x2E, 0x97, 0xC7, 0x75, 0x73,
    0x84, 0xD3, 0x80, 0xE3, 0xD2, 0x6E, 0xB3, 0xC5, 0x37, 0xCD, 0x2B, 0xEB, 0x88, 0x3E, 0xA0, 0x0B,
    0x30, 0x87, 0x68, 0xCE, 0x57, 0xC8, 0xFC, 0x72, 0xE1, 0x28, 0xF1, 0x1E, 0xEA, 0x95, 0x32, 0xDF,
    0xC3, 0xE5, 0x93, 0xC4, 0x17, 0xE6, 0xCE, 0x75, 0x11, 0xD7, 0xC5, 0x0B, 0x01, 0x32, 0xE7, 0x14,
    0x89, 0xC7, 0x75, 0xAF, 0xC4, 0x67, 0x30, 0xFB, 0x75, 0x34, 0x86, 0xC5, 0x46, 0x9B, 0xF1, 0xBC,
    0x7C, 0xF1, 0xC8, 0x08, 0xE7, 0x34, 0xC7, 0xE7, 0x64, 0x1D, 0x14, 0xEE, 0x27, 0x7C, 0xE5, 0xD8,
    0x41, 0xBA, 0xE2, 0xAA, 0xF5, 0x88, 0xF6, 0xA6, 0xB2, 0x83, 0x16, 0x5E, 0x73, 0x64, 0x5B, 0x3D,
    0xFF, 0xFB, 0x56, 0xBA, 0x7F, 0x6D, 0x13, 0xF7, 0x8D, 0x76, 0x77, 0xC2, 0x7A, 0xC8, 0xFC, 0x5E,
    0xF7, 0xD7, 0x8F, 0x74, 0xEB, 0x28, 0xE0, 0x4B, 0xC9, 0xEF, 0x9A, 0x79, 0xE8, 0xC1, 0xF2, 0x04,
    0xF8, 0x0D, 0x7F, 0x48, 0x8A, 0xF8, 0xB8, 0xC8, 0x5E, 0x58, 0x52, 0xD7, 0xC1, 0xBC, 0xD9, 0x7F,
    0xBE, 0x79, 0x0B, 0x95, 0x85, 0xA7, 0x0F, 0xC0, 0xC8, 0xA8, 0xF8, 0xEF, 0xCA, 0xE2, 0xCB, 0x0E,
    0x93, 0x6F, 0x59, 0x83, 0x33, 0xA4, 0xCD, 0x13, 0x84, 0xFE, 0x7A, 0x54, 0xF8, 0x37, 0xCE, 0xC4,
    0xB2, 0xBD, 0xE7, 0x9C, 0xA0, 0x90, 0x1F, 0x1A, 0xE4, 0x37, 0x0C, 0x65, 0xA6, 0x39, 0x92, 0x8A,
    0x27, 0x05, 0x7C, 0xF7, 0x8D, 0xC3, 0xE4, 0xFB, 0x66, 0x4A, 0x9C, 0xD7, 0x2F, 0xA4, 0xA2, 0x2B,
    0x49, 0xCD, 0x11, 0x42, 0x3F, 0x01, 0xEE, 0xEE, 0x35, 0xCF, 0x3D, 0xE7, 0xD1, 0x6F, 0xE5, 0x31,
    0x5F, 0x03, 0x3F, 0x80, 0xB4, 0x81, 0x5C, 0x81, 0xC4, 0xEB, 0x2F, 0xBC, 0x9C, 0x22, 0x5D, 0xED,
    0x2D, 0x07, 0xC8, 0x6B, 0x18, 0x01, 0xDD, 0x66, 0xBB, 0xDB, 0x7B, 0xC3, 0x85, 0xD1, 0x0C, 0xC3,
    0x7A, 0x07, 0x94, 0x8F, 0xEA, 0x2F, 0x1E, 0xD6, 0xF7, 0x90, 0x9A, 0x85, 0x47, 0xEB, 0x21, 0x02,
    0x86, 0xB5, 0x9F, 0xCF, 0x90, 0xF6, 0x1E, 0xC2, 0x8A, 0x66, 0xE4, 0xA1, 0x47, 0x62, 0x95, 0xE9,
    0x51, 0xF6, 0xB7, 0x1E, 0xF9, 0x77, 0x32, 0x3D, 0x96, 0x8F, 0x02, 0x64, 0xAE, 0x1F, 0x14, 0xF2,
    0x9B, 0xF5, 0x83, 0xFB, 0xF9, 0x8F, 0xEB, 0xF2, 0x41, 0xFE, 0x27, 0x75, 0x31, 0xCA, 0x7E, 0xA6,
    0x8A, 0x23, 0xE1, 0x31, 0x15, 0xBF, 0x50, 0xC5, 0xD3, 0xF4, 0x97, 0x4A, 0xF6, 0xA9, 0x43, 0x76,
    0x89, 0x87, 0xC1, 0x71, 0xD3, 0xEF, 0xD7, 0xA5, 0x7D, 0x62, 0xFA, 0xD4, 0x26, 0xE6, 0xA9, 0xB0,
    0x69, 0x3B, 0xF5, 0x68, 0xA6, 0xD9, 0xDF, 0x88, 0xE6, 0x28, 0xFB, 0x8E, 0xD0, 0x47, 0xF9, 0xEF,
    0xFB, 0x6F, 0x25, 0x65, 0x44, 0xA6, 0x1F, 0x7C, 0x25, 0xFF, 0xBD, 0xFA, 0xFE, 0xFD, 0xEC, 0x9B,
    0xAA, 0x78, 0x3B, 0xFB, 0xB1, 0x92, 0xFE, 0x1B, 0xF0, 0x19, 0xFC, 0xD7, 0x20, 0x7F, 0x9A, 0xFE,
    0x27, 0x79, 0x97, 0xAC, 0xE3, 0xC2, 0x12, 0xE0, 0x00, 0xE1, 0xF4, 0x30, 0x34, 0x29, 0xDE, 0xED,
    0x60, 0xC4, 0x82, 0x38, 0x37, 0xBD, 0xB4, 0x0A, 0xB0, 0x65, 0x4D, 0xD2, 0x4B, 0x8D, 0x30, 0x79,
    0xB8, 0x2D, 0x08, 0x83, 0xD4, 0x49, 0x4F, 0xA9, 0xB0, 0x54, 0x70, 0xC2, 0x29, 0x54, 0x58, 0x90,
    0x3F, 0x32, 0x90, 0xFF, 0xB4, 0x1D, 0x22, 0xA7, 0xAE, 0x06, 0x1C, 0xC0, 0xD9, 0xCB, 0x3E, 0xA5,
    0x6F, 0xD8, 0x42, 0x63, 0xC8, 0x75, 0x5C, 0x39, 0x2B, 0xD4, 0xB0, 0x7B, 0x92, 0x4C, 0x33, 0x42,
    0xB4, 0xC4, 0xD5, 0xDF, 0x3E, 0xFE, 0x61, 0x20, 0xF4, 0xE9, 0x66, 0x81, 0x73, 0xE4, 0xCB, 0xA9,
    0xA4, 0x47, 0x21, 0xD5, 0xF0, 0xE7, 0x85, 0xF9, 0x30, 0xD6, 0x1F, 0x10, 0x1C, 0x82, 0x33, 0x04,
    0x07, 0xB2, 0xCD, 0x7B, 0xF4, 0xD7, 0x8F, 0x83, 0x83, 0xC3, 0xA3, 0x07, 0xA8, 0x7E, 0x64, 0x77,
    0x31, 0xD8, 0xAD, 0xB7, 0x1F, 0xAF, 0x01, 0x48, 0xB5, 0xB5, 0xD4, 0xB4, 0x00, 0xD8, 0x9A, 0xE0,
    0x57, 0xCE, 0x39, 0x1D, 0x71, 0x6F, 0x32, 0x39, 0xD6, 0x40, 0xB5, 0xA9, 0x2E, 0x89, 0xCD, 0x61,
    0x00, 0xD9, 0x00, 0x45, 0xBD, 0x29, 0x5C, 0x01, 0x69, 0xBF, 0x55, 0x58, 0x5E, 0x14, 0xDA, 0x4D,
    0x61, 0x16, 0x0B, 0x2F, 0x46, 0xC7, 0xF3, 0xC9, 0x64, 0xA2, 0xE6, 0xCE, 0xB9, 0x26, 0xE2, 0x9A,
    0x77, 0xF4, 0xDB, 0x1B, 0x8F, 0x26, 0xDF, 0xB6, 0x20, 0xBA, 0x58, 0x4F, 0xAC, 0xE6, 0x0C, 0x12,
    0x1B, 0xC3, 0xC7, 0xE8, 0x15, 0xB0, 0x82, 0xB4, 0x83, 0xBC, 0x85, 0xA2, 0xDE, 0xD9, 0x0B, 0x20,
    0x2C, 0xEC, 0x62, 0xB0, 0x5B, 0x6E, 0x82, 0x6B, 0xF6, 0x7D, 0xED, 0x2F, 0xFD, 0xB8, 0xFF, 0xBF,
    0x4F, 0x0C, 0x9C, 0x64, 0xCD, 0xF0, 0x5B, 0x92, 0x6E, 0x68, 0x88, 0xDB, 0x6F, 0x83, 0xDD, 0x3F,
    0x90, 0x18, 0xDE, 0xE2, 0xED, 0xBD, 0x1D, 0xFE, 0x17, 0xBD, 0xD4, 0x01, 0x84, 0x24, 0x47, 0x14,
    0xC6, 0xF1, 0x7F, 0xF7, 0x5C, 0xAE, 0x43, 0x8B, 0x0A, 0x1C, 0xE1, 0x42, 0xC1, 0x21, 0xC8, 0xA5,
    0x00, 0x60, 0x67, 0xBA, 0x08, 0x20, 0xC8, 0xE1, 0x36, 0x87, 0xC3, 0x02, 0x20, 0x58, 0x00, 0x98,
    0xB9, 0x6D, 0x00, 0x20, 0x81, 0x15, 0x40, 0x20, 0x00, 0x04, 0x82, 0x23, 0x3D, 0x37, 0x4D, 0x00,
    0x90, 0x81, 0x3B, 0x00, 0x8D, 0x1C, 0x80, 0x6D, 0xD2, 0x47, 0x8F, 0xF4, 0x74, 0xA5, 0xBE, 0xD5,
    0x33, 0xEC, 0x20, 0x2E, 0x42, 0x1E, 0xFD, 0x33, 0xAD, 0xAA, 0xDE, 0x3C, 0x5E, 0xF5, 0x03, 0x66,
    0xDB, 0x53, 0xF2, 0x10, 0x6A, 0x36, 0x91, 0x74, 0x7C, 0xBE, 0x23, 0x6B, 0x19, 0x30, 0x35, 0x05,
    0xA6, 0xC4, 0xE1, 0xC0, 0x94, 0xC5, 0x81, 0xFA, 0x3D, 0x29, 0x9D, 0x50, 0x02, 0xAF, 0x54, 0x4A,
    0xBA, 0x27, 0xA6, 0xEF, 0x61, 0x13, 0x1A, 0xC8, 0x47, 0x14, 0xF6, 0xCE, 0xE3, 0x42, 0x48, 0x43,
    0xE8, 0xF3, 0xDD, 0x65, 0x63, 0xCB, 0xB4, 0x2B, 0x60, 0x58, 0xC1, 0xAA, 0x82, 0x85, 0x9E, 0x01,
    0x8A, 0x41, 0xBF, 0xA7, 0x67, 0x05, 0x4B, 0xED, 0xD1, 0x5E, 0x9D, 0x89, 0x67, 0x4B, 0x5C, 0x0F,
    0x90, 0xB4, 0x27, 0xAC, 0xE0, 0xEA, 0x96, 0x26, 0xF2, 0x02, 0xA5, 0xFD, 0x4F, 0x2C, 0xA0, 0xE2,
    0x08, 0x2A, 0x03, 0xD5, 0x81, 0x79, 0x77, 0xD1, 0x32, 0x0B, 0xA1, 0x86, 0xCB, 0x3D, 0x0A, 0x53,
    0x9E, 0xD0, 0xC7, 0x75, 0x2F, 0x88, 0x74, 0xA2, 0x79, 0x1F, 0x86, 0x23, 0x95, 0xB8, 0xC2, 0x34,
    0x14, 0x6F, 0x7F, 0x6D, 0x30, 0xE1, 0xCF, 0x86, 0x24, 0x7C, 0xD9, 0x30, 0x85, 0xF1, 0x40, 0x01,
    0xB0, 0x14, 0x2D, 0x53, 0xA4, 0xBD, 0x16, 0x03, 0xF0, 0x45, 0x5E, 0xC2, 0xD9, 0xAC, 0x9E, 0xD0,
    0xAB, 0x16, 0xA6, 0x2D, 0x28, 0x66, 0x03, 0x90, 0xED, 0x99, 0x7A, 0x65, 0x7E, 0x16, 0x17, 0x80,
    0x55, 0xFA, 0xC2, 0xD4, 0xB0, 0xC8, 0x23, 0xAB, 0x6C, 0x0B, 0x55, 0x2C, 0x88, 0x7E, 0xD6, 0x92,
    0x74, 0x49, 0x47, 0xDA, 0xAA, 0xE2, 0x56, 0xC5, 0xBE, 0x3B, 0x1F, 0xC8, 0x42, 0xD8, 0xEB, 0x8E,
    0x05, 0x74, 0x15, 0xB0, 0x1E, 0xE7, 0xDD, 0xF1, 0x42, 0x2D, 0x20, 0xDF, 0xAE, 0x21, 0x6B, 0x06,
    0x74, 0x08, 0x14, 0xBF, 0x40, 0xCC, 0x75, 0xB8, 0xA3, 0x59, 0xC9, 0x14, 0x56, 0xAF, 0x1B, 0x2D,
    0xB4, 0x67, 0x90, 0x34, 0x8F, 0xC5, 0xE7, 0xD3, 0xAB, 0x16, 0xA6, 0x2D, 0xA0, 0xD7, 0x3F, 0xD0,
    0x9F, 0x83, 0x7B, 0xBB, 0xA9, 0x59, 0x90, 0x6F, 0xF9, 0x10, 0xFD, 0x05, 0x82, 0x34, 0xF2, 0xC1,
    0xB3, 0x56, 0x5B, 0x5A, 0x9C, 0xB8, 0xF2, 0x69, 0xCB, 0x9A, 0xC8, 0x20, 0x2A, 0xED, 0x7B, 0x45,
    0xDE, 0x52, 0xBC, 0x7E, 0xB5, 0xC3, 0x86, 0x2E, 0xF8, 0x34, 0x94, 0x57, 0x1E, 0xB8, 0x07, 0x50,
    0x88, 0x17, 0x62, 0x98, 0xAE, 0x9A, 0x3A, 0x03, 0xC9, 0xA1, 0x5E, 0xA5, 0x26, 0x17, 0xE6, 0xC7,
    0xEB, 0x27, 0x98, 0x0B, 0x0F, 0xD6, 0x46, 0x9C, 0x98, 0x8B, 0xA5, 0xA8, 0x44, 0x2F, 0x3A, 0x7B,
    0xED, 0x93, 0xD6, 0x86, 0x26, 0x15, 0xB3, 0xC6, 0x7A, 0xB2, 0xB7, 0x97, 0x5E, 0x49, 0x3C, 0x26,
    0x88, 0xD2, 0x7A, 0xAC, 0x8F, 0x38, 0x22, 0x0B, 0xB1, 0xC2, 0x5E, 0x3F, 0xA9, 0xB0, 0xA1, 0x1D,
    0x04, 0xA4, 0x1E, 0xC8, 0x1A, 0x40, 0x8D, 0x42, 0x99, 0x59, 0x00, 0x9C, 0x89, 0x43, 0x24, 0x23,
    0x1B, 0x9F, 0x87, 0xDF, 0x42, 0x63, 0x7F, 0xF8, 0xEB, 0x4D, 0x37, 0x27, 0x50, 0x7D, 0xC2, 0x5A,
    0x9B, 0x2A, 0xE6, 0xE2, 0x31, 0x22, 0x0D, 0x21, 0x8C, 0x46, 0x14, 0xD7, 0xEB, 0xF3, 0xA7, 0x2B,
    0x2A, 0x58, 0x8A, 0x8A, 0x35, 0x8F, 0x96, 0xDC, 0x50, 0x15, 0xCF, 0xBF, 0x7B, 0xD3, 0xD9, 0x90,
    0x85, 0x26, 0xEB, 0x63, 0x52, 0xB8, 0x77, 0xBC, 0x89, 0x0E, 0x60, 0x2E, 0x2A, 0xD1, 0x8A, 0xEF,
    0x05, 0x33, 0x4F, 0x3E, 0x7E, 0xA5, 0xD9, 0x73, 0x53, 0xC6, 0xE1, 0x10, 0xC8, 0x5A, 0x46, 0x55,
    0xBC, 0xC1, 0x94, 0x49, 0xC0, 0xE9, 0x4B, 0x71, 0x64, 0xBF, 0x97, 0x05, 0xE6, 0xEB, 0xBA, 0xC0,
    0x99, 0xC8, 0x52, 0xF4, 0x91, 0xA4, 0x8D, 0xCC, 0xB6, 0x91, 0xBC, 0x8E, 0x18, 0x22, 0x0B, 0xCD,
    0x9E, 0x2A, 0x62, 0x3B, 0x1C, 0xA6, 0xA5, 0x50, 0xFF, 0xF6, 0x18, 0xCD, 0x1E, 0xA7, 0xD9, 0xB3,
    0x78, 0x38, 0xC2, 0xA7, 0x1C, 0x83, 0x8F, 0x84, 0x2D, 0xEF, 0x7C, 0x33, 0xFD, 0xD4, 0xCF, 0x29,
    0xD4, 0xD1, 0x7C, 0xCC, 0x6E, 0x2B, 0xF5, 0xB1, 0xD2, 0x91, 0xAC, 0x51, 0xD2, 0x3A, 0x09, 0x58,
    0x9F, 0xDD, 0x78, 0x17, 0xEB, 0x2B, 0x1D, 0x73, 0x5D, 0xEA, 0x97, 0xB1, 0x8C, 0x34, 0x96, 0xE6,
    0xB2, 0x3A, 0xD6, 0x62, 0x55, 0xCB, 0x1A, 0xEB, 0x4D, 0x87, 0xE6, 0x20, 0x6B, 0x72, 0xD5, 0x62,
    0x55, 0xCB, 0x3C, 0x1F, 0xE1, 0x11, 0x8A, 0x87, 0xA3, 0x27, 0x09, 0xA1, 0x27, 0xDB, 0x3F, 0x0B,
    0x98, 0x2D, 0x45, 0x69, 0x4B, 0x0C, 0x0E, 0x98, 0xF0, 0x80, 0xAD, 0x01, 0xD3, 0x02, 0x59, 0xF8,
    0x09, 0x9D, 0x68, 0xE2, 0xD9, 0x30, 0x00, 0xF7, 0x03, 0x10, 0x8F, 0x1D, 0x9A, 0x3E, 0x71, 0x4F,
    0x2C, 0xC0, 0x96, 0x45, 0xAD, 0xA9, 0x31, 0x7E, 0x33, 0x12, 0x1B, 0xDA, 0x81, 0x1B, 0x3D, 0xA7,
    0x31, 0xEB, 0xC5, 0xF1, 0x26, 0xEB, 0xE3, 0x26, 0xAF, 0x85, 0x07, 0x2E, 0x77, 0x9A, 0x6D, 0x5B,
    0xB3, 0x7B, 0xDE, 0x3B, 0xCF, 0x4B, 0x07, 0x1F, 0xBB, 0xA9, 0x32, 0xB3, 0x23, 0xAE, 0xC5, 0x8C,
    0xDF, 0x86, 0x16, 0xEE, 0x0F, 0xC0, 0x5A, 0x7D, 0xFF, 0x0C, 0x56, 0x2F, 0x60, 0x70, 0xF1, 0x4C,
    0xA6, 0x6A, 0x2F, 0x47, 0xEE, 0x84, 0xD9, 0xAA, 0x40, 0xD4, 0x01, 0x2C, 0xE0, 0x74, 0x0A, 0x8A,
    0x10, 0xC2, 0x70, 0xCB, 0x83, 0xF3, 0x57, 0xE7, 0x4F, 0x61, 0x05, 0xFF, 0x0F, 0x27, 0x31, 0x8A,
    0xFD, 0xF1, 0x23, 0xEF, 0x44, 0x0B, 0xA4, 0x0D, 0x60, 0xCA, 0x7F, 0x60, 0x13, 0x42, 0x28, 0x6F,
    0x79, 0x70, 0xF1, 0xFA, 0x7C, 0x5A, 0xF8, 0x77, 0xD4, 0x68, 0x3C, 0x02, 0xB3, 0xDD, 0x53, 0x75,
    0x7B, 0x04, 0x9C, 0x38, 0x09, 0x5B, 0x1F, 0x70, 0xC7, 0xE1, 0x3F, 0x17, 0x67, 0xF0, 0x37, 0x3D,
    0x8E, 0x01, 0x66, 0xC4, 0x40, 0x00, 0x45, 0x5F, 0x76, 0x5A, 0xC1, 0xD0, 0x01, 0x65, 0x51, 0xA6,
    0x08, 0x16, 0x24, 0x00, 0x4A, 0xD3, 0x19, 0xBD, 0xC3, 0xDE, 0x62, 0x8F, 0x90, 0x4A, 0xDA, 0x13,
    0xF4, 0x38, 0x41, 0x2A, 0x73, 0x84, 0x00, 0x0B, 0x30, 0x40, 0x01, 0x06, 0x41, 0x90, 0x64, 0x3A,
    0x0B, 0x7D, 0xFF, 0x01, 0x1F, 0xDE, 0x13, 0x3F, 0x18, 0x94, 0x95, 0x4E, 0x4C, 0x20, 0x6C, 0xEE,
    0x95, 0xD3, 0xBC, 0xD1, 0x90, 0x88, 0x88, 0xE8, 0xE4, 0xD5, 0xEB, 0xF7, 0xB9, 0x66, 0x28, 0x28,
    0xF4, 0x44, 0xBB, 0x5F, 0x5E, 0xC6, 0x0D, 0x39, 0x3F, 0x9E, 0xED, 0x18, 0x7D, 0x12, 0x38, 0x71,
    0xAA, 0x69, 0x2A, 0x16, 0x75, 0x0D, 0x79, 0x9C, 0xB2, 0x68, 0xF7, 0x1B, 0x32, 0xFC, 0x7B, 0xB6,
    0x31, 0xC4, 0x40, 0x38, 0x78, 0xE1, 0xA4, 0x05, 0xE9, 0xCD, 0xDA, 0x97, 0x41, 0x05, 0xD5, 0x97,
    0x66, 0x95, 0x3E, 0xEB, 0x0A, 0x11, 0x86, 0xDC, 0x2D, 0xEA, 0x2B, 0x68, 0xE1, 0x5E, 0xF3, 0xEE,
    0x2E, 0xE3, 0xC8, 0x31, 0x95, 0xE8, 0xCF, 0x59, 0xFE, 0xFA, 0x54, 0x42, 0x44, 0x76, 0xCA, 0x6A,
    0x6B, 0x68, 0x19, 0xD9, 0xB7, 0x75, 0x99, 0x43, 0xF6, 0x2D, 0xFC, 0x6D, 0xED, 0x34, 0xBA, 0x98,
    0x30, 0x9D, 0x49, 0xFF, 0x07, 0x0D, 0x3D, 0xF7, 0x28, 0x1E, 0x50, 0x33, 0xC3, 0x73, 0x33, 0x2E,
    0x95, 0x07, 0x9A, 0x83, 0x57, 0xB6, 0xA4, 0xC6, 0x5C, 0xAA, 0x4D, 0x2E, 0x7F, 0xD5, 0x9B, 0x3F,
    0x90, 0xE4, 0xD8, 0x5D, 0xC7, 0xBF, 0xDD, 0xBA, 0x3D, 0x19, 0x54, 0x85, 0x2E, 0xF0, 0x96, 0x5D,
    0x9C, 0x8D, 0x12, 0x07, 0x47, 0x95, 0xCF, 0x22, 0x74, 0xE0, 0x91, 0x04, 0x29, 0xC9, 0x06, 0xAB,
    0xDD, 0x60, 0x82, 0x21, 0xA4, 0x8A, 0x60, 0x52, 0x82, 0x56, 0xB7, 0x6C, 0xE7, 0xC5, 0x41, 0xF9,
    0x4C, 0x40, 0x40, 0x42, 0x6E, 0x02, 0x82, 0x0B, 0xD4, 0xD3, 0x02, 0x07, 0x04, 0x04, 0x08, 0xF0,
    0xD9, 0x81, 0xAB, 0x40, 0x81, 0x37, 0xA0, 0x08, 0x4E, 0x50, 0xDA, 0x42, 0x6D, 0xBF, 0xEE, 0xC7,
    0xF7, 0x2B, 0x69, 0x34, 0x3B, 0xB3, 0x33, 0xBD, 0xB3, 0xEB, 0xD9, 0x9D, 0xE2, 0xD5, 0x7E, 0x3F,
    0xBB, 0xFB, 0xF4, 0xFB, 0xFD, 0x9E, 0xDE, 0xEB, 0xD6, 0xFB, 0xA7, 0xD7, 0xF8, 0x00, 0x98, 0xB5,
    0x00, 0x0C, 0x95, 0x51, 0x21, 0xE5, 0x27, 0xC0, 0xFB, 0xE8, 0x93, 0xB5, 0xB6, 0x95, 0x76, 0x69,
    0xFA, 0x48, 0x26, 0x37, 0x49, 0xD7, 0x69, 0xD7, 0x48, 0x53, 0xFE, 0x61, 0xDB, 0x56, 0xF2, 0x9A,
    0x0D, 0x5E, 0xD4, 0x98, 0xDE, 0x49, 0xD9, 0x1B, 0xDA, 0xA3, 0xC7, 0xC3, 0xD3, 0x4F, 0x1F, 0x01,
    0x41, 0x82, 0x43, 0xF8, 0xD1, 0x96, 0xB0, 0x36, 0x47, 0xF0, 0x9F, 0xA7, 0x15, 0xF3, 0xDC, 0x86,
    0x70, 0x84, 0x79, 0x4B, 0xCC, 0x6E, 0x0F, 0xE0, 0x05, 0x34, 0xC0, 0xC6, 0xF6, 0x28, 0x81, 0x87,
    0x29, 0x80, 0x64, 0xB8, 0xC4, 0xD0, 0x70, 0x2B, 0xC0, 0xCF, 0x81, 0x00, 0xC0, 0x6F, 0x50, 0x90,
    0x9D, 0xAD, 0xA4, 0x75, 0x9A, 0x26, 0x05, 0x80, 0xBB, 0x16, 0x3E, 0xDC, 0x13, 0x2C, 0x00, 0xCE,
    0xFE, 0xB8, 0x85, 0x5F, 0xC1, 0x20, 0xC8, 0xB1, 0x44, 0x0C, 0x7C, 0x8C, 0x48, 0x16, 0x99, 0xB0,
    0xC6, 0xB9, 0xC3, 0x3A, 0x7D, 0xAC, 0xDB, 0x32, 0x23, 0x8A, 0x8B, 0x0B, 0x93, 0x71, 0x24, 0xC4,
    0xC0, 0xEF, 0x2A, 0x54, 0x34, 0x04, 0x75, 0x76, 0x0C, 0xAF, 0x82, 0xFA, 0x22, 0x85, 0x04, 0x33,
    0x6B, 0x3B, 0xB8, 0xBB, 0xA7, 0x56, 0x26, 0x71, 0x4E, 0x63, 0x1F, 0x21, 0x80, 0x11, 0x09, 0x11,
    0x94, 0x84, 0xDF, 0x10, 0xAE, 0xFD, 0x1B, 0xC8, 0xA3, 0xA6, 0xAF, 0x0A, 0xC6, 0xFB, 0x96, 0xA0,
    0x9B, 0x0C, 0xCA, 0x0B, 0xBC, 0x27, 0x44, 0x60, 0xD1, 0x71, 0x89, 0x15, 0xFC, 0xFD, 0x93, 0x3D,
    0xE6, 0xD6, 0xB6, 0x40, 0xC8, 0x22, 0x63, 0x6B, 0x8D, 0xF4, 0xF0, 0xF8, 0xD9, 0x63, 0xB5, 0xF7,
    0x5D, 0x48, 0xB1, 0xCE, 0xE3, 0x3A, 0x5D, 0x58, 0xBE, 0x28, 0x5C, 0xA4, 0xB7, 0x5F, 0xB6, 0xB5,
    0x8D, 0x34, 0x4B, 0x9F, 0x36, 0x80, 0xF3, 0xC6, 0xFA, 0x2A, 0xB5, 0x84, 0x53, 0xC7, 0x89, 0x5F,
    0x05, 0xCF, 0x36, 0xB9, 0x6B, 0xF7, 0xC0, 0xE6, 0x17, 0x80, 0xB5, 0xE5, 0x88, 0xED, 0x09, 0xD1,
    0xF9, 0xE7, 0x68, 0x6F, 0xC6, 0x9E, 0x8F, 0x80, 0x6F, 0x1B, 0xE2, 0xE7, 0x86, 0x28, 0xD7, 0x42,
    0x34, 0x6B, 0xFC, 0x32, 0x9E, 0x4F, 0x70, 0x7A, 0xD4, 0xBC, 0xE0, 0x95, 0x34, 0x39, 0x29, 0xFD,
    0x9F, 0x19, 0x0B, 0xBA, 0x75, 0x44, 0x12, 0x21, 0x03, 0x6E, 0x8F, 0xE5, 0x63, 0xC4, 0xE9, 0xC6,
    0x26, 0x6C, 0x12, 0x5B, 0xC5, 0x76, 0xE7, 0x36, 0xBC, 0x30, 0xEB, 0x08, 0x98, 0x09, 0xC5, 0x84,
    0x29, 0x6F, 0xDE, 0xD2, 0xF7, 0x94, 0xC6, 0x2B, 0x5B, 0x12, 0x3B, 0xDC, 0x5F, 0x8F, 0xF1, 0xC1,
    0xF4, 0x50, 0x75, 0xD4, 0xBC, 0x21, 0x9C, 0x8A, 0xF0, 0x72, 0x4C, 0x7D, 0x35, 0x54, 0xDB, 0x42,
    0x30, 0xC4, 0xBC, 0x25, 0x9C, 0x86, 0xF0, 0x2A, 0xC2, 0x2F, 0x89, 0x30, 0x21, 0x62, 0x10, 0x99,
    0x60, 0x80, 0xE5, 0x93, 0x16, 0xAC, 0x5E, 0x25, 0x34, 0xCA, 0xEB, 0x04, 0x23, 0x2C, 0x85, 0x18,
    0xA3, 0x9B, 0x02, 0x8C, 0xA1, 0x9C, 0x46, 0xD8, 0x12, 0xB0, 0x09, 0xB1, 0x4A, 0xF0, 0x1E, 0x80,
    0x05, 0x15, 0x51, 0x01, 0x86, 0x3E, 0xCB, 0x29, 0x81, 0x59, 0x7E, 0x7E, 0x5F, 0x6B, 0x6A, 0xC7,
    0xBB, 0xA2, 0x1C, 0xCA, 0xA3, 0x7C, 0xE6, 0x85, 0x47, 0x19, 0x22, 0xAA, 0xA0, 0xBA, 0x2C, 0x9B,
    0x37, 0x59, 0xE6, 0xD4, 0x59, 0xE6, 0x95, 0x59, 0xE6, 0xE7, 0x59, 0x16, 0x22, 0x5B, 0x44, 0x54,
    0x41, 0x75, 0xC8, 0x96, 0x2C, 0x79, 0x55, 0x53, 0x25, 0x95, 0x53, 0x60, 0x1E, 0x85, 0x3E, 0xFD,
    0x2D, 0x6A, 0xA0, 0x55, 0x87, 0x5A, 0x38, 0x35, 0x10, 0x1D, 0x97, 0x6A, 0xFE, 0x04, 0x70, 0x77,
    0x78, 0x21, 0xD1, 0xC1, 0xAD, 0x63, 0xC0, 0x2B, 0x83, 0x84, 0xB5, 0x62, 0xBD, 0x82, 0x84, 0xF5,
    0x0A, 0x41, 0xA7, 0x68, 0xA8, 0xDC, 0xAC, 0x83, 0x01, 0x0C, 0x3A, 0x60, 0xAD, 0xB6, 0x8E, 0x1C,
    0x22, 0x54, 0xD0, 0xE0, 0x0F, 0x4B, 0xC0, 0xFF, 0x67, 0xC2, 0xFD, 0x8F, 0x04, 0x70, 0x2C, 0x80,
    0xF9, 0x9E, 0xC0, 0x4E, 0x30, 0x42, 0x37, 0x76, 0xEB, 0x78, 0x4A, 0xCC, 0x6C, 0x25, 0xD0, 0x36,
    0x02, 0x8A, 0xBB, 0x56, 0x9C, 0xA6, 0x7A, 0xD0, 0x7B, 0x5D, 0xDB, 0x21, 0x38, 0x06, 0x63, 0xFD,
    0xBD, 0x3D, 0xE1, 0xFF, 0x48, 0x38, 0x21, 0x02, 0x0D, 0xF2, 0x31, 0x2B, 0x8F, 0xC8, 0x23, 0x32,
    0x19, 0xF7, 0xCD, 0xD6, 0xB1, 0xAE, 0xB3, 0x76, 0xD6, 0x82, 0x15, 0xEF, 0xD4, 0x1C, 0x06, 0xCE,
    0xF3, 0x94, 0xD1, 0xAD, 0xDD, 0xC1, 0xB3, 0xD6, 0x82, 0x4E, 0xB1, 0xBE, 0xE1, 0x61, 0x12, 0xEA,
    0x93, 0x8E, 0xC7, 0xEE, 0xD5, 0xAB, 0xD6, 0x6A, 0x59, 0x03, 0x3A, 0xF1, 0x7E, 0x06, 0x71, 0xB8,
    0xE5, 0x25, 0xDC, 0xA4, 0xD8, 0xEE, 0x13, 0xDA, 0xD5, 0x71, 0x7A, 0xDC, 0x45, 0x80, 0xA1, 0x96,
    0x54, 0x44, 0xC5, 0xA3, 0xA2, 0x31, 0xCF, 0xC8, 0x46, 0xB6, 0xF2, 0xA1, 0xE4, 0x6C, 0x2B, 0xC4,
    0xE9, 0x49, 0x83, 0x08, 0xF3, 0x8E, 0x80, 0x99, 0x50, 0x5C, 0xFA, 0xEF, 0xBC, 0x95, 0x5D, 0x25,
    0x0F, 0x08, 0xB5, 0xF2, 0x0C, 0x14, 0x59, 0x88, 0xAF, 0x41, 0x24, 0xAC, 0xA1, 0x42, 0x07, 0x0F,
    0x15, 0xFB, 0xF6, 0x07, 0x5F, 0x75, 0x17, 0x23, 0x3E, 0x3D, 0x25, 0x92, 0xE0, 0xF6, 0x08, 0x71,
    0x8E, 0x78, 0x42, 0x24, 0xAC, 0x05, 0x73, 0x8E, 0x79, 0x4B, 0x7C, 0xE5, 0x79, 0x7A, 0xFA, 0x83,
    0x95, 0xB5, 0x76, 0xD7, 0x63, 0x01, 0xE0, 0xE8, 0x3A, 0x7C, 0x44, 0x7C, 0xF4, 0xB6, 0x27, 0x62,
    0xEA, 0x8E, 0x16, 0x31, 0x51, 0x84, 0x44, 0x17, 0x24, 0xD9, 0xAC, 0xE5, 0xD3, 0xAF, 0x81, 0x20,
    0x73, 0x1A, 0x8F, 0xA8, 0xDD, 0x8A, 0xDF, 0x50, 0xA7, 0x66, 0xC7, 0xC0, 0x2E, 0xC2, 0xCF, 0x67,
    0xCF, 0xCF, 0x4E, 0x12, 0xAC, 0xEC, 0x0E, 0xB0, 0x76, 0x8F, 0x3E, 0xCF, 0x21, 0x4A, 0x97, 0x26,
    0x15, 0x3D, 0xDC, 0xBA, 0xF7, 0x0D, 0x18, 0xA5, 0x0D, 0x19, 0xAF, 0x8B, 0xA7, 0x7E, 0x3E, 0x23,
    0x32, 0x43, 0xC4, 0x08, 0xF7, 0xC0, 0x5C, 0x1F, 0xAE, 0xBF, 0xE5, 0xC7, 0x1C, 0xE6, 0xD8, 0xA9,
    0x2F, 0x5D, 0x82, 0x29, 0x9E, 0xB0, 0x14, 0x0A, 0xEA, 0xFD, 0x0E, 0x08, 0x6D, 0x25, 0xE4, 0xC0,
    0x03, 0x7A, 0xA8, 0x1E, 0x93, 0xDD, 0x34, 0x45, 0x21, 0xBE, 0xA4, 0xBC, 0xA5, 0x10, 0x2B, 0xA8,
    0xC2, 0x0F, 0x05, 0xE1, 0x74, 0xF7, 0x6E, 0xBA, 0xC3, 0x79, 0xE9, 0xE4, 0x4E, 0xE5, 0xB2, 0xB9,
    0xFC, 0x1C, 0xDB, 0x53, 0x68, 0xF8, 0x42, 0xD0, 0x82, 0xE9, 0x9D, 0x74, 0xC9, 0xF7, 0x36, 0x14,
    0x85, 0xD6, 0x56, 0x23, 0xD2, 0x63, 0x02, 0xEE, 0xAB, 0x10, 0x5F, 0x83, 0x68, 0x42, 0x26, 0x2C,
    0x04, 0x23, 0x74, 0xC4, 0xBC, 0x21, 0x8E, 0x6B, 0xC2, 0x96, 0xC4, 0x1E, 0xC4, 0x06, 0xD8, 0x6F,
    0x92, 0xD9, 0x7E, 0x53, 0xCE, 0x29, 0x67, 0xBF, 0xA9, 0xDD, 0xFD, 0x59, 0xE3, 0x9F, 0x15, 0xAD,
    0x1F, 0x15, 0x9F, 0x7D, 0x2B, 0x2A, 0x16, 0x47, 0x51, 0x11, 0x2D, 0xA2, 0x22, 0xEC, 0xA2, 0xC2,
    0x6F, 0xA2, 0xC2, 0xAB, 0xA3, 0xC2, 0xAD, 0xA2, 0xC2, 0x29, 0xA3, 0x62, 0x9E, 0x47, 0x05, 0x70,
    0x50, 0x6A, 0xA5, 0xDB, 0x68, 0x99, 0xA6, 0x6B, 0x3E, 0xD2, 0x3B, 0xE9, 0xB6, 0x3E, 0xD2, 0x30,
    0x3E, 0x6C, 0x6C, 0x8D, 0xF9, 0xFE, 0x98, 0x95, 0x6C, 0xB0, 0x1B, 0x3A, 0x7A, 0x5F, 0x7D, 0xCA,
    0xD8, 0xD1, 0x8F, 0x28, 0x6F, 0x89, 0x3C, 0x14, 0x14, 0x60, 0x08, 0xA5, 0xA0, 0x43, 0xF8, 0xBE,
    0x20, 0x15, 0x39, 0x4D, 0x81, 0xA3, 0x34, 0xBD, 0xF3, 0xD1, 0x51, 0xB2, 0x76, 0xAB, 0x85, 0x64,
    0xB9, 0x4B, 0x4F, 0x1B, 0x83, 0x79, 0x6B, 0x00, 0x73, 0xAD, 0x78, 0x4D, 0x36, 0xB2, 0xD5, 0x48,
    0xC7, 0xBC, 0x5B, 0x49, 0x6B, 0x17, 0x2D, 0x62, 0xB8, 0x58, 0x6A, 0xFC, 0x1A, 0x46, 0x4B, 0xA5,
    0x10, 0x38, 0x8A, 0xC7, 0x9E, 0x23, 0xA3, 0xD6, 0x37, 0x28, 0x1B, 0x6D, 0x64, 0x4B, 0x9F, 0x8F,
    0xE4, 0xAB, 0x18, 0x5A, 0x78, 0x29, 0xA6, 0x62, 0x6B, 0xCE, 0x6A, 0x7A, 0x3C, 0x4C, 0xCF, 0xD2,
    0xC7, 0xBD, 0xD3, 0xDB, 0xC7, 0xFD, 0xCD, 0x92, 0xD8, 0x0C, 0x2F, 0xDF, 0xD0, 0x87, 0xB6, 0x5F,
    0x6B, 0x58, 0x38, 0xFB, 0xB3, 0x4D, 0xE9, 0xB1, 0x8F, 0x1F, 0xBA, 0xF7, 0x8B, 0x9E, 0xFD, 0x30,
    0x42, 0xA2, 0xEB, 0x47, 0x14, 0xAF, 0xE2, 0xD0, 0xE0, 0xEC, 0xCE, 0x56, 0x65, 0x1F, 0x4F, 0x91,
    0xAF, 0x96, 0x16, 0x94, 0xAC, 0x99, 0x5F, 0xB1, 0x8E, 0xAC, 0x8F, 0x57, 0xCD, 0x5B, 0xB0, 0xF2,
    0x06, 0x31, 0xB0, 0x1C, 0xBA, 0x74, 0x03, 0xF8, 0xFF, 0xD0, 0x02, 0xDE, 0xBF, 0x35, 0xAA, 0x5B,
    0xA9, 0x3B, 0xCF, 0x01, 0x58, 0x8C, 0x98, 0xEB, 0xBF, 0xCE, 0xAF, 0x2A, 0xDA, 0xFD, 0x98, 0x26,
    0xC1, 0x77, 0xBB, 0xD1, 0x6D, 0x8D, 0x98, 0xB1, 0x11, 0x6A, 0x11, 0xE0, 0x97, 0x6C, 0x4E, 0x0D,
    0x53, 0x9A, 0x2E, 0x31, 0x84, 0xC9, 0x80, 0x0E, 0xEF, 0x02, 0xCB, 0xF4, 0xC9, 0x2E, 0xD1, 0xB0,
    0x5F, 0xF6, 0x00, 0xE0, 0xDE, 0x84, 0x79, 0x6E, 0x80, 0xE2, 0x36, 0x5A, 0x53, 0x2B, 0x2A, 0xAE,
    0xDE, 0x37, 0xBE, 0xB5, 0x66, 0x4E, 0xE1, 0xC1, 0xAB, 0x27, 0x49, 0x1C, 0xEA, 0xDD, 0xEA, 0x5D,
    0x60, 0xF9, 0x64, 0x7B, 0x5C, 0xA9, 0xC2, 0x03, 0x22, 0x0D, 0x8C, 0xEF, 0x02, 0xF1, 0xD3, 0xED,
    0xE9, 0x4F, 0x2E, 0x9E, 0x62, 0x30, 0x2D, 0x6E, 0xC2, 0x47, 0x1B, 0x9B, 0x00, 0x02, 0x17, 0x98,
    0x04, 0x82, 0x5B, 0xC0, 0xEE, 0x05, 0x5B, 0x71, 0xC6, 0x78, 0xDC, 0xAF, 0x2D, 0x3B, 0x02, 0x46,
    0x28, 0x84, 0xF5, 0x84, 0x42, 0x30, 0xA3, 0x09, 0x8D, 0x47, 0x37, 0x06, 0xC8, 0x34, 0x84, 0xDD,
    0x16, 0xCB, 0x94, 0xE0, 0x40, 0x2D, 0x74, 0x6A, 0x5D, 0x43, 0x60, 0x29, 0xC4, 0x13, 0xC2, 0x09,
    0xF1, 0x84, 0x35, 0x7D, 0x8F, 0x8D, 0xDC, 0x1A, 0x21, 0x71, 0xAB, 0xDB, 0xF4, 0xB0, 0xBB, 0xF4,
    0x91, 0x9E, 0xD5, 0x84, 0xA2, 0xBD, 0xA7, 0x5E, 0xBC, 0xBB, 0xBE, 0x07, 0x9F, 0x31, 0xDF, 0x61,
    0x2F, 0xFE, 0xA3, 0xA9, 0x17, 0x47, 0xB8, 0xD5, 0xD3, 0xA9, 0x61, 0x7A, 0x7B, 0xAA, 0x67, 0x6E,
    0x66, 0x10, 0xAA, 0x35, 0x7E, 0x67, 0x9A, 0xB4, 0x4D, 0xED, 0x98, 0x0F, 0xEB, 0xD6, 0x07, 0xE9,
    0x49, 0x0E, 0xDF, 0xDA, 0x11, 0xCC, 0x9B, 0x40, 0x93, 0xD1, 0x38, 0xC4, 0x6F, 0x03, 0xB1, 0xBC,
    0xD7, 0x7D, 0x50, 0x86, 0x3F, 0x69, 0x86, 0x82, 0xFA, 0x22, 0x59, 0xF5, 0x5F, 0x20, 0x9B, 0xA9,
    0x65, 0x9D, 0xED, 0x0A, 0x9A, 0x8E, 0xE6, 0x99, 0x76, 0x32, 0x08, 0x4E, 0xA4, 0xFC, 0x01, 0x6E,
    0x75, 0x81, 0xE5, 0x09, 0xB1, 0xB2, 0x23, 0x98, 0x77, 0x2D, 0xBC, 0x31, 0x40, 0x1F, 0x4A, 0x41,
    0x15, 0x7E, 0x2C, 0x08, 0x61, 0x0B, 0x4D, 0x7C, 0x30, 0xB3, 0x84, 0xBB, 0x4D, 0x57, 0xF0, 0xAB,
    0x7E, 0xE8, 0x9D, 0x56, 0x06, 0xC9, 0x84, 0x7C, 0xBC, 0x30, 0x98, 0x38, 0x32, 0x86, 0xDC, 0xE0,
    0x12, 0xBC, 0x12, 0x42, 0xCB, 0xBB, 0xA9, 0x8E, 0x84, 0x21, 0xE6, 0xAD, 0x8C, 0x1B, 0xE2, 0xC3,
    0x9A, 0xD8, 0x94, 0x02, 0x08, 0x6E, 0x06, 0x8D, 0xAE, 0xE1, 0x33, 0xE6, 0x46, 0x9A, 0x9D, 0x7D,
    0x49, 0x96, 0x18, 0x30, 0x27, 0x1E, 0x3C, 0x6D, 0x64, 0x42, 0x6F, 0x61, 0x95, 0x30, 0x6F, 0x0D,
    0xC2, 0x08, 0x85, 0xEC, 0xCE, 0xE0, 0x35, 0x88, 0x3F, 0x3F, 0xDB, 0x22, 0xB0, 0xAD, 0x4D, 0xD8,
    0x8D, 0xAE, 0x12, 0x20, 0x7D, 0x44, 0x8F, 0x96, 0x95, 0x6A, 0x9D, 0x4E, 0xB7, 0x36, 0x7C, 0x0E,
    0xE1, 0xB8, 0x82, 0x3C, 0xF2, 0xB6, 0xC8, 0x56, 0x36, 0xCF, 0xF8, 0xF9, 0x6E, 0xB8, 0xB6, 0x39,
    0x03, 0xCC, 0x1A, 0xC8, 0xAE, 0xCE, 0x9F, 0x16, 0xA3, 0x8E, 0x80, 0x85, 0x6A, 0xE3, 0xD3, 0x96,
    0xDF, 0x89, 0x9A, 0x71, 0x13, 0x84, 0x1D, 0x56, 0x76, 0x4F, 0xD9, 0x32, 0x4B, 0x4F, 0xAB, 0x05,
    0xDC, 0x7A, 0x01, 0xA7, 0xA1, 0x6A, 0xCD, 0xFC, 0x98, 0x97, 0x6B, 0xAD, 0xC1, 0xEB, 0x39, 0xFF,
    0xCF, 0xFC, 0x79, 0xBB, 0xC0, 0x6C, 0x14, 0xD7, 0x1D, 0xE9, 0x49, 0x2D, 0x5F, 0xC5, 0xD8, 0xF0,
    0x6F, 0xE9, 0xD7, 0x5D, 0x21, 0x6A, 0xE0, 0x1F, 0x11, 0xA5, 0xA7, 0x04, 0xC2, 0x97, 0x70, 0x34,
    0x21, 0x13, 0x16, 0x42, 0x21, 0x18, 0x62, 0x36, 0x7D, 0x56, 0x5A, 0xEB, 0x3D, 0x56, 0xA7, 0x67,
    0x7A, 0x2C, 0x54, 0xC2, 0x15, 0x7C, 0x44, 0xFC, 0xB1, 0xBE, 0xB9, 0x33, 0x56, 0xD1, 0x63, 0x53,
    0x72, 0x99, 0xD8, 0xC5, 0xBC, 0x70, 0x04, 0x64, 0x6A, 0x36, 0x56, 0x69, 0x4F, 0x59, 0x56, 0x2B,
    0x3D, 0xBF, 0xC5, 0x23, 0x8A, 0x36, 0x7F, 0x1A, 0xF0, 0x01, 0xF0, 0xF8, 0xFD, 0xA7, 0x6F, 0xA9,
    0x18, 0x05, 0x1A, 0xB6, 0x1B, 0x51, 0x1D, 0xA1, 0x71, 0xCB, 0x08, 0x5C, 0xC2, 0x85, 0x60, 0x57,
    0x18, 0x10, 0x89, 0x9F, 0x37, 0x21, 0xBC, 0xCF, 0x9F, 0x2F, 0xB5, 0x20, 0xEA, 0x86, 0x6D, 0x85,
    0x3E, 0xCF, 0x4F, 0x9A, 0x20, 0xE9, 0xED, 0x62, 0x62, 0x70, 0xCB, 0x18, 0xA0, 0xEA, 0xE3, 0x19,
    0xA2, 0xC1, 0x66, 0x0B, 0x8F, 0xA5, 0x84, 0xCF, 0x4E, 0x6B, 0x4D, 0xFE, 0xBF, 0x8C, 0x79, 0x3B,
    0x7C, 0xB9, 0x78, 0x2D, 0x3D, 0x2D, 0x61, 0xF7, 0xE3, 0x76, 0xA4, 0xDB, 0x8C, 0xFB, 0xEB, 0xDD,
    0x97, 0x31, 0xEB, 0xD6, 0x70, 0xDA, 0x98, 0x3E, 0x7A, 0xA2, 0x67, 0x9B, 0x0E, 0x86, 0xF6, 0x43,
    0x57, 0xE2, 0x53, 0x31, 0xB5, 0xA2, 0x7E, 0xD9, 0x98, 0xF9, 0xFF, 0x34, 0xC6, 0xFD, 0xD7, 0xC6,
    0xF8, 0xDF, 0x6F, 0x4C, 0x48, 0x9B, 0x23, 0xA7, 0xE9, 0x8C, 0xD3, 0x6C, 0x59, 0xF6, 0xAF, 0x6A,
    0xA7, 0xB1, 0x25, 0xC5, 0xC1, 0x7B, 0x2F, 0x7F, 0x0A, 0x4C, 0x01, 0x7E, 0x0B, 0xBA, 0x6F, 0x76,
    0xF7, 0x70, 0x3F, 0x2F, 0x58, 0x2B, 0x2D, 0x63, 0x72, 0x8C, 0xE9, 0xCE, 0xCA, 0x5A, 0xF4, 0x72,
    0xAB, 0x05, 0xFC, 0x52, 0x9F, 0xF4, 0x02, 0x11, 0x65, 0xB0, 0x60, 0x35, 0xB3, 0xA7, 0x35, 0xF8,
    0x0C, 0x50, 0x15, 0x16, 0x4E, 0xC3, 0xBC, 0x8E, 0xD7, 0x8A, 0xD1, 0x26, 0x4C, 0xE8, 0xF3, 0x13,
    0xFA, 0x9A, 0x05, 0x66, 0x46, 0xDF, 0xA9, 0x64, 0x44, 0x7A, 0x92, 0xD0, 0xC2, 0x3F, 0x80, 0x23,
    0x21, 0x13, 0x16, 0x42, 0x21, 0x18, 0x62, 0xD6, 0x12, 0x5F, 0x69, 0x88, 0xB8, 0x12, 0x12, 0x62,
    0x93, 0x60, 0xBF, 0xC9, 0x67, 0x2F, 0x2C, 0x7F, 0xBC, 0x61, 0xF9, 0x53, 0x70, 0xF9, 0x93, 0x8D,
    0xCB, 0x9F, 0xA0, 0x9D, 0x96, 0x3F, 0x37, 0x2D, 0x7D, 0x54, 0xDB, 0x9B, 0xB4, 0xE3, 0x4E, 0xF6,
    0xC5, 0x16, 0x83, 0x73, 0x50, 0x7A, 0xAC, 0xE7, 0xC3, 0xF7, 0xB9, 0xD6, 0xB6, 0x47, 0x0C, 0x18,
    0x2D, 0x75, 0x2E, 0xCA, 0x41, 0x6C, 0xAE, 0x2C, 0xB1, 0x64, 0x23, 0x5B, 0xF9, 0xC8, 0x57, 0x31,
    0xC6, 0xF2, 0x54, 0xB6, 0xE2, 0xBE, 0xB9, 0x3E, 0xEC, 0x60, 0x38, 0xB8, 0xEF, 0x9E, 0xAD, 0x2A,
    0x0B, 0xF7, 0x7C, 0x39, 0xD2, 0x51, 0xE6, 0x06, 0x75, 0xB2, 0x91, 0xED, 0x9E, 0x3E, 0xF2, 0x35,
    0x41, 0xF7, 0x8A, 0xE5, 0xC8, 0xAE, 0x7F, 0x02, 0x1C, 0x3E, 0x8F, 0x7E, 0x35, 0xEB, 0x82, 0x04,
    0x7F, 0x17, 0x02, 0x88, 0xAF, 0xDB, 0x7C, 0xA3, 0x74, 0x8D, 0x36, 0xDF, 0xD6, 0x1B, 0x19, 0x67,
    0x7B, 0xDC, 0xC8, 0x57, 0xCB, 0x0E, 0x3D, 0xEF, 0xD2, 0xAF, 0xFB, 0x66, 0x22, 0x02, 0xF4, 0xF0,
    0x83, 0x0F, 0x7F, 0xC2, 0x82, 0x86, 0x65, 0x60, 0x89, 0x23, 0x2D, 0x23, 0x8A, 0x61, 0x8B, 0xB1,
    0xDF, 0x6C, 0x44, 0x37, 0x3F, 0xDF, 0xB7, 0x3D, 0xE2, 0x75, 0xC4, 0x3E, 0x11, 0xF8, 0xC9, 0xB8,
    0x65, 0xE9, 0xED, 0x09, 0xC7, 0x9C, 0x43, 0x0E, 0x72, 0x86, 0xC2, 0x0C, 0x65, 0x41, 0x0E, 0x0F,
    0x4E, 0xE5, 0x60, 0x41, 0x74, 0x50, 0x6A, 0x0E, 0xC0, 0x6D, 0xFF, 0x7B, 0x07, 0x7F, 0xF7, 0xBF,
    0x16, 0xE1, 0x5F, 0xED, 0x4F, 0x39, 0x59, 0xEB, 0xBC, 0xF2, 0x88, 0x33, 0xC5, 0xB2, 0xEF, 0xBA,
    0x7A, 0x14, 0xE7, 0xA8, 0x27, 0xE8, 0xC2, 0x88, 0xDE, 0xB8, 0x77, 0xEB, 0x03, 0x28, 0xD4, 0x10,
    0x54, 0xE1, 0x5F, 0x81, 0x25, 0xB0, 0x0E, 0x13, 0x18, 0x9F, 0x4F, 0xB9, 0xDB, 0x68, 0x95, 0xE1,
    0xE7, 0x30, 0x31, 0xB0, 0x2A, 0x80, 0x50, 0xE3, 0x5C, 0x23, 0x0D, 0xFF, 0xCE, 0xD6, 0xD0, 0x35,
    0xA7, 0x09, 0x38, 0x0B, 0xF0, 0x6A, 0xF9, 0xC4, 0x98, 0x19, 0xE6, 0x9E, 0x1D, 0xA9, 0x19, 0xEE,
    0x06, 0x51, 0xFA, 0xE4, 0x79, 0xFF, 0x8A, 0xA4, 0x8C, 0x0F, 0x2C, 0x0B, 0x66, 0x49, 0xC6, 0xE6,
    0xBF, 0x49, 0x11, 0x15, 0xC3, 0x69, 0xD9, 0x41, 0xB7, 0xBE, 0xDD, 0x71, 0xD4, 0xFE, 0xF3, 0x96,
    0x3E, 0xD7, 0xAA, 0x1F, 0x1C, 0xEE, 0x08, 0xE9, 0xF3, 0xA7, 0xE5, 0x74, 0xEB, 0xCC, 0x6B, 0x9D,
    0xEA, 0x6E, 0x10, 0x31, 0xF2, 0x95, 0xD9, 0xFB, 0x77, 0xAE, 0xC3, 0xC6, 0x92, 0x3D, 0x1E, 0xAE,
    0x08, 0x84, 0x57, 0x90, 0x3E, 0x22, 0xAC, 0xED, 0xD1, 0x6F, 0x3B, 0x35, 0xE7, 0xD3, 0xA9, 0x59,
    0x8F, 0x4E, 0x68, 0x95, 0xD7, 0xD0, 0xF8, 0x84, 0x60, 0x3D, 0x88, 0x3D, 0x8E, 0xD4, 0xF0, 0x37,
    0x22, 0x7A, 0x4C, 0xC4, 0xB6, 0x16, 0x3A, 0xE5, 0xED, 0x84, 0xF8, 0x1A, 0x44, 0x34, 0x7E, 0xB2,
    0x93, 0x5D, 0x2B, 0x7C, 0xE2, 0x96, 0x19, 0x80, 0xEB, 0xB4, 0x4C, 0x93, 0x8B, 0xE9, 0x10, 0xB8,
    0xDA, 0xE6, 0x4D, 0x51, 0xE3, 0x87, 0x3C, 0xA7, 0x9C, 0x66, 0x39, 0x4D, 0x79, 0x76, 0xC0, 0xEA,
    0x17, 0x1A, 0xC6, 0x11, 0x3C, 0x3B, 0x2D, 0x63, 0xD6, 0xEC, 0x6B, 0xE3, 0xC8, 0x4B, 0x19, 0x3C,
    0x4C, 0x35, 0xE2, 0x0C, 0x02, 0x0A, 0xE5, 0xE9, 0xDA, 0xD7, 0x69, 0x13, 0x27, 0x6E, 0x23, 0x1F,
    0xF9, 0x2A, 0xC6, 0x02, 0x61, 0x4B, 0xB0, 0xE4, 0xC5, 0x7C, 0xBB, 0x4A, 0x16, 0x0E, 0xE7, 0xB7,
    0x0B, 0x97, 0xD3, 0x5D, 0x82, 0x4F, 0xA5, 0x47, 0x64, 0x27, 0xA5, 0xA3, 0x09, 0xF2, 0x08, 0xE6,
    0xF5, 0x70, 0x47, 0x13, 0x19, 0x0F, 0x6E, 0x0A, 0xA0, 0x50, 0x43, 0x50, 0x6C, 0x6C, 0xCB, 0x52,
    0x5A, 0xFF, 0xD9, 0x93, 0x36, 0x4C, 0x58, 0x32, 0x2E, 0x2B, 0xA8, 0xF4, 0x4A, 0x72, 0x98, 0x64,
    0x22, 0x7A, 0xD2, 0xC2, 0xCC, 0xDA, 0x39, 0xBB, 0x25, 0xA7, 0x99, 0xB5, 0x27, 0xBC, 0xC6, 0x51,
    0xAD, 0x3D, 0x53, 0xAD, 0xBE, 0x36, 0x36, 0x51, 0x4C, 0xF9, 0x89, 0xFA, 0x36, 0xC0, 0xA9, 0x30,
    0xA5, 0x3B, 0x9A, 0x41, 0x1D, 0x7A, 0x67, 0x7C, 0x57, 0x65, 0xE8, 0xD6, 0x25, 0x4D, 0xC6, 0xA5,
    0x93, 0xCF, 0x1F, 0x8D, 0x79, 0xD4, 0xDF, 0xDB, 0xC4, 0xFB, 0x27, 0xDB, 0x78, 0xFF, 0x7E, 0x6C,
    0xBC, 0x06, 0x3B, 0xE6, 0x45, 0x54, 0x3C, 0x2A, 0xBC, 0xAD, 0x80, 0x2B, 0x7A, 0x98, 0x2E, 0xC7,
    0x6F, 0x43, 0x0B, 0xE4, 0xE3, 0xD4, 0xAD, 0x1E, 0x0A, 0xF5, 0x01, 0x7C, 0x8B, 0x7A, 0x0F, 0x4A,
    0x77, 0x36, 0x91, 0x9E, 0x46, 0xC4, 0xDD, 0xD5, 0x11, 0x91, 0x4A, 0x1F, 0x4F, 0x5F, 0xCE, 0x57,
    0x8D, 0x88, 0x38, 0xDD, 0xC2, 0xB1, 0xB6, 0xD2, 0x5E, 0x7E, 0x98, 0xE0, 0x33, 0xDA, 0x7D, 0x40,
    0x81, 0xFF, 0x86, 0xBF, 0x05, 0xAF, 0xED, 0x13, 0xFC, 0x89, 0x6D, 0x80, 0xF7, 0x0D, 0x80, 0xF5,
    0xF8, 0xF6, 0x24, 0x5B, 0x02, 0x26, 0xA4, 0x8F, 0x6B, 0x6D, 0x8D, 0x53, 0xAD, 0xD5, 0xCB, 0xCB,
    0x7A, 0x21, 0xA9, 0x28, 0x29, 0x3D, 0x61, 0xBE, 0xF7, 0x5A, 0xA2, 0xCF, 0xE7, 0x8F, 0xAD, 0xB5,
    0x9D, 0x74, 0xE8, 0xFB, 0xA3, 0x39, 0xA2, 0xF4, 0xF0, 0xF8, 0xCD, 0xCE, 0x16, 0xF0, 0xA9, 0x37,
    0x12, 0xB0, 0x99, 0xFE, 0x5C, 0xAE, 0xC3, 0x8E, 0x7F, 0xD2, 0x54, 0x8B, 0xB0, 0x37, 0xFA, 0xC3,
    0xD3, 0x10, 0xDD, 0xC6, 0x36, 0x9B, 0x7D, 0xC2, 0x58, 0x09, 0x06, 0x6C, 0x4F, 0x88, 0xD6, 0xBF,
    0x82, 0x1F, 0x00, 0x8D, 0x6F, 0x2B, 0xA1, 0x9B, 0x35, 0xFE, 0xEF, 0x1B, 0x22, 0x89, 0xE6, 0x82,
    0x53, 0x0B, 0x15, 0xE1, 0x96, 0x7E, 0x92, 0x9D, 0xE4, 0xFE, 0x0F, 0xCD, 0x06, 0xBE, 0x6D, 0x3F,
    0x23, 0xF2, 0x0E, 0x1D, 0x70, 0x00, 0x5B, 0x96, 0x98, 0xDA, 0x1D, 0x2C, 0x53, 0xCE, 0x06, 0xF5,
    0x2B, 0x5E, 0x70, 0x6A, 0xA1, 0xB9, 0x8C, 0x9A, 0xC6, 0x27, 0x65, 0xA7, 0xBB, 0x24, 0xBA, 0x77,
    0xF4, 0x58, 0x55, 0xC0, 0x7C, 0x3C, 0x22, 0xA4, 0xC0, 0x6A, 0x8D, 0x00, 0x53, 0xBA, 0xB3, 0xA5,
    0xC2, 0x1F, 0xA9, 0x98, 0xAB, 0x87, 0xC3, 0x70, 0xE7, 0x4B, 0x9B, 0xD7, 0x79, 0x7D, 0x7F, 0xBF,
    0x33, 0xCA, 0xDB, 0x4F, 0xF7, 0x0F, 0x2F, 0x5D, 0xE0, 0x03, 0x97, 0xF4, 0x00, 0x78, 0x83, 0x37,
    0x30, 0x69, 0x7A, 0x72, 0x31, 0xED, 0x79, 0xD3, 0x37, 0x30, 0x87, 0x96, 0x49, 0xEC, 0x7C, 0x97,
    0x76, 0x48, 0xFB, 0x57, 0x2D, 0x93, 0x34, 0x12, 0x5E, 0xD5, 0x5B, 0x7F, 0x5F, 0x8E, 0xF7, 0x93,
    0xAB, 0x3D, 0xE1, 0x9D, 0x0D, 0x1C, 0x6A, 0xD3, 0x01, 0x3B, 0x86, 0x82, 0x01, 0x70, 0x18, 0x2B,
    0xD6, 0x74, 0xC0, 0xC3, 0x1D, 0x1D, 0x94, 0xF7, 0x26, 0x60, 0x91, 0x49, 0x0F, 0x95, 0x7B, 0xB3,
    0x9D, 0xEA, 0xD8, 0xE3, 0xD6, 0xA5, 0xDD, 0xF6, 0x54, 0x46, 0x34, 0x7B, 0x84, 0x78, 0x63, 0xF3,
    0xDE, 0xF6, 0x13, 0xD7, 0x30, 0x6F, 0x47, 0x2D, 0xA9, 0xF8, 0x90, 0x30, 0x68, 0x49, 0x19, 0xF8,
    0xB6, 0xA3, 0x2A, 0x3C, 0x78, 0xAC, 0xC9, 0x64, 0xAF, 0x25, 0x87, 0xDB, 0x6B, 0x27, 0x9D, 0x2C,
    0x2F, 0x8B, 0x2D, 0x96, 0x9A, 0x50, 0x7E, 0xE2, 0xF5, 0x5B, 0x3B, 0x19, 0x66, 0x52, 0xFB, 0xA2,
    0x30, 0x6A, 0xDA, 0xF2, 0x01, 0x3B, 0x33, 0xD8, 0x12, 0xD8, 0x23, 0x42, 0x84, 0x0C, 0x31, 0x59,
    0x20, 0x24, 0x4D, 0xBF, 0x21, 0xA3, 0x77, 0x37, 0x11, 0x8D, 0xBD, 0x32, 0xA2, 0xB9, 0x5B, 0x71,
    0x58, 0x80, 0x53, 0x47, 0x6E, 0x45, 0x6F, 0x76, 0xBD, 0x8C, 0x13, 0xF9, 0x74, 0xDF, 0x2E, 0x35,
    0xBC, 0xC4, 0x76, 0x37, 0x34, 0xAB, 0xCA, 0x88, 0xFC, 0x1C, 0x8E, 0xAE, 0x8A, 0x5E, 0xD5, 0xFB,
    0x9E, 0xC7, 0x51, 0x4C, 0x1D, 0xA2, 0x88, 0x66, 0x66, 0x2C, 0x2B, 0x26, 0x37, 0xF5, 0x92, 0x5C,
    0xD5, 0x6B, 0x32, 0xAE, 0xC1, 0xE4, 0xDC, 0xC8, 0x23, 0x70, 0xBC, 0x8A, 0xD4, 0x45, 0x85, 0x1A,
    0x43, 0x02, 0x82, 0x43, 0x15, 0x57, 0x92, 0x7E, 0xDE, 0xF9, 0xB9, 0x57, 0x76, 0x7E, 0xE2, 0x7C,
    0xBE, 0x3B, 0xD5, 0x44, 0x6F, 0xA7, 0x59, 0xC7, 0x1E, 0x6E, 0xD9, 0xA9, 0xB3, 0xE3, 0x55, 0x9A,
    0xE8, 0xA5, 0x1C, 0x67, 0xFB, 0xA1, 0xDC, 0x62, 0x42, 0xF1, 0xE6, 0xFB, 0x05, 0x83, 0xEE, 0xA1,
    0x59, 0xD4, 0xB5, 0x78, 0xE9, 0xB0, 0x83, 0xC1, 0x6F, 0x5E, 0x3D, 0xEC, 0xF0, 0xC2, 0xF9, 0x4E,
    0xA3, 0x23, 0x0E, 0x0D, 0x10, 0xDA, 0x44, 0xA8, 0x41, 0x6F, 0xE6, 0xBD, 0xE8, 0x11, 0x26, 0x17,
    0xF8, 0xA6, 0xF2, 0x56, 0x09, 0xCE, 0xB8, 0xF3, 0xED, 0x1A, 0x78, 0x76, 0x38, 0xD3, 0x9A, 0x03,
    0xEE, 0xD8, 0xAB, 0x5E, 0xC5, 0x9B, 0x6C, 0xE6, 0x7D, 0x40, 0x2D, 0x68, 0xB7, 0xC9, 0x3F, 0x6C,
    0xB4, 0x92, 0x72, 0x65, 0x13, 0x7C, 0xA2, 0x4E, 0xEE, 0x92, 0x0A, 0xC0, 0x10, 0x74, 0x2A, 0x18,
    0x8D, 0x70, 0x6B, 0xC2, 0x2F, 0x89, 0x40, 0x57, 0x63, 0x10, 0x4B, 0xC1, 0x08, 0x1D, 0x70, 0xF6,
    0xB4, 0xBF, 0xDF, 0x4A, 0xA8, 0x99, 0x37, 0x6B, 0xA7, 0xAB, 0x6B, 0x21, 0x9E, 0xC0, 0x00, 0x63,
    0x28, 0xAF, 0x26, 0x9C, 0x6D, 0xA2, 0x4D, 0xBF, 0xBC, 0xA0, 0x67, 0x0E, 0xC0, 0xBF, 0x16, 0xB4,
    0xAB, 0xE9, 0x50, 0xCA, 0x5D, 0x71, 0x0A, 0x64, 0x54, 0x87, 0x42, 0xBB, 0xE0, 0x4F, 0x2B, 0x16,
    0x9A, 0x50, 0xA5, 0xC6, 0x2B, 0xE6, 0xB5, 0x2A, 0x7A, 0xB4, 0x91, 0xAD, 0x7C, 0x3C, 0xC3, 0x62,
    0xCC, 0x75, 0x7D, 0x95, 0x99, 0xDE, 0x2E, 0x12, 0x06, 0x7A, 0x0F, 0x42, 0xB0, 0xDA, 0x66, 0xE1,
    0xD6, 0x84, 0x5F, 0x0A, 0x39, 0x11, 0x26, 0x44, 0x0C, 0xEC, 0xD6, 0x6B, 0x35, 0x6D, 0x2B, 0xC8,
    0x67, 0xB1, 0x14, 0x62, 0x8C, 0x26, 0xA3, 0x07, 0xC1, 0x76, 0x1B, 0x43, 0xB1, 0xD1, 0x09, 0xEC,
    0x13, 0x62, 0x53, 0x12, 0x61, 0x79, 0x7E, 0x4A, 0xAA, 0x10, 0x3A, 0x82, 0x76, 0xD1, 0xC7, 0x6E,
    0x45, 0xF8, 0x25, 0x11, 0xF2, 0xFA, 0x72, 0x09, 0x4D, 0xF6, 0x05, 0x03, 0xE6, 0xC5, 0x42, 0x90,
    0x8C, 0x26, 0x34, 0x1E, 0xDD, 0x30, 0xDB, 0x12, 0xB0, 0x39, 0x11, 0xE6, 0xD6, 0x02, 0x86, 0x98,
    0xB7, 0xE9, 0x4A, 0x97, 0x43, 0xDE, 0xC7, 0xA5, 0x37, 0x19, 0x21, 0xAD, 0x10, 0x0B, 0x6B, 0xC1,
    0x10, 0x3F, 0x6C, 0xA7, 0xD3, 0x39, 0x0D, 0x81, 0x4E, 0x30, 0x42, 0x36, 0x19, 0x87, 0xB8, 0xF4,
    0xEE, 0xC3, 0x1B, 0xDE, 0x7D, 0x10, 0x73, 0x4B, 0x60, 0xB3, 0x61, 0x91, 0x0D, 0xE1, 0x56, 0x0F,
    0x57, 0x63, 0x69, 0x09, 0x11, 0x81, 0x28, 0xCE, 0x83, 0x3E, 0x69, 0x08, 0x9B, 0x9F, 0x97, 0x36,
    0x6F, 0xA7, 0x82, 0xD6, 0x53, 0x41, 0x72, 0xE3, 0x44, 0x8A, 0x70, 0x0D, 0x31, 0x33, 0x6F, 0xF2,
    0x96, 0x36, 0xED, 0x34, 0x98, 0x8C, 0x78, 0x0D, 0x5F, 0x5B, 0x4E, 0xB8, 0xF9, 0xE5, 0xEE, 0xED,
    0x36, 0x84, 0x1A, 0x8D, 0x19, 0x23, 0x0E, 0x19, 0x3F, 0x4F, 0x08, 0x5B, 0x12, 0x07, 0x36, 0x8E,
    0x0C, 0xE3, 0x34, 0xE7, 0xD0, 0x49, 0xB2, 0x08, 0x38, 0x8C, 0x5D, 0xBA, 0x04, 0xAC, 0xDD, 0x8F,
    0x60, 0xDE, 0x9B, 0xE0, 0x48, 0x5F, 0x89, 0x73, 0xA4, 0x8F, 0x08, 0xE0, 0x0A, 0xF4, 0x8A, 0x45,
    0xB5, 0x1C, 0xC1, 0xBC, 0x5B, 0xE0, 0xD2, 0xE1, 0x8F, 0xD6, 0xBB, 0x72, 0xF8, 0x23, 0xBA, 0xC5,
    0xE1, 0x0F, 0x69, 0x5C, 0x77, 0x7E, 0x43, 0x0F, 0x85, 0x5F, 0x62, 0xE7, 0x76, 0x6E, 0x37, 0x57,
    0x7B, 0x73, 0x96, 0x3E, 0xF6, 0x88, 0x97, 0x75, 0x75, 0x3D, 0x9B, 0xDF, 0xBC, 0xC3, 0x3B, 0xAD,
    0x69, 0x13, 0xFC, 0x9E, 0x7A, 0x2C, 0xB7, 0xED, 0x63, 0x6B, 0x05, 0x90, 0xC0, 0x79, 0x39, 0xB6,
    0x6C, 0x4D, 0x98, 0x63, 0xD6, 0xF5, 0xE3, 0x1E, 0xAB, 0xE4, 0xD5, 0xFD, 0x78, 0xD7, 0x1F, 0x5A,
    0x38, 0x3F, 0x04, 0xB1, 0x3E, 0x3F, 0x04, 0xF1, 0x3D, 0x7A, 0x79, 0x3F, 0xAE, 0xC7, 0x43, 0x10,
    0xF3, 0x8B, 0x43, 0x10, 0x67, 0x42, 0x76, 0x7B, 0x9C, 0x4F, 0x2B, 0xD5, 0x99, 0x84, 0x00, 0x47,
    0x3F, 0x2E, 0xE4, 0xF2, 0x79, 0xE3, 0x95, 0x4E, 0xAD, 0x43, 0x6C, 0x0E, 0xFF, 0xC5, 0x9C, 0x04,
    0x6D, 0x40, 0x0B, 0x8E, 0x67, 0x8B, 0xA3, 0xE1, 0x80, 0x62, 0xF8, 0xD9, 0x70, 0xA8, 0xCD, 0xD7,
    0x9D, 0xD4, 0x87, 0xD6, 0xAE, 0xAF, 0x59, 0xB7, 0xE0, 0x7B, 0x8A, 0xDA, 0xD7, 0xED, 0xBF, 0x5E,
    0xAA, 0xDB, 0x4C, 0x93, 0xB3, 0x1E, 0xBF, 0x5E, 0xDD, 0xAA, 0x97, 0xEB, 0x16, 0x4D, 0x75, 0x9B,
    0x76, 0x81, 0xC7, 0xBA, 0xF9, 0xD6, 0x36, 0xD2, 0x75, 0x75, 0x0B, 0xFB, 0x6F, 0x4A, 0x5F, 0x2F,
    0xF5, 0x94, 0xFA, 0x87, 0xE6, 0x27, 0x18, 0x6A, 0x85, 0x35, 0xD6, 0x18, 0xEB, 0x85, 0xE0, 0xFB,
    0x0D, 0xE9, 0xFF, 0x63, 0x8D, 0xF1, 0x63, 0x63, 0xDD, 0x12, 0x12, 0x16, 0x13, 0x87, 0xDA, 0xBA,
    0x5F, 0x94, 0x18, 0x4F, 0xB0, 0x20, 0xFC, 0x83, 0x96, 0x5C, 0x2A, 0x02, 0xB5, 0x84, 0x8A, 0x8B,
    0x81, 0xBE, 0xFD, 0xF4, 0xC7, 0x7B, 0xA6, 0xE2, 0x1C, 0xAB, 0xCC, 0xD9, 0x10, 0x29, 0xB8, 0x91,
    0x74, 0x5F, 0xF7, 0x4D, 0x4E, 0xCF, 0xFE, 0x86, 0xBD, 0x8A, 0xF1, 0x7C, 0xDD, 0x2E, 0xDD, 0xB1,
    0x5A, 0x63, 0xA8, 0xBC, 0x6A, 0x2E, 0x9C, 0xFF, 0x37, 0xD3, 0x05, 0x99, 0x68, 0x23, 0x9C, 0xD5,
    0xA6, 0x1B, 0x03, 0x70, 0xCF, 0x9A, 0x45, 0x96, 0xBC, 0xB6, 0xB9, 0xB9, 0xEB, 0x19, 0x87, 0xAA,
    0xDB, 0x21, 0x9E, 0x10, 0xE6, 0x84, 0x5F, 0xCF, 0xF6, 0x70, 0xFB, 0x0E, 0x68, 0x23, 0xCC, 0xFA,
    0xB9, 0x33, 0x6E, 0x44, 0xDC, 0x5C, 0xC2, 0xEC, 0x5A, 0xF4, 0x2B, 0xD5, 0x1B, 0xB1, 0x10, 0x32,
    0x21, 0x86, 0x43, 0x3C, 0xD3, 0xD9, 0x05, 0xFB, 0xCB, 0x06, 0x73, 0xFB, 0x17, 0xF2, 0x9F, 0x5F,
    0xC1, 0xF3, 0x84, 0xB0, 0x25, 0x5E, 0xD1, 0xFD, 0xA2, 0xB8, 0x51, 0x6E, 0x3E, 0x69, 0x4D, 0xAD,
    0xA8, 0xF8, 0xE7, 0x3F, 0x1B, 0x4F, 0xF2, 0xEC, 0x4D, 0x3F, 0x73, 0x61, 0xDE, 0x25, 0x01, 0x97,
    0x74, 0xED, 0x3B, 0x01, 0xEF, 0xBB, 0xBD, 0x22, 0x2A, 0xF6, 0xBE, 0xDF, 0x86, 0x5F, 0x7C, 0x31,
    0xBE, 0x17, 0xF8, 0x97, 0x16, 0xCC, 0x9B, 0x84, 0xD9, 0xA4, 0x08, 0xC0, 0xAB, 0x14, 0x9F, 0x8E,
    0xE7, 0xC6, 0x9F, 0x1D, 0x77, 0xF1, 0x35, 0xE7, 0xC6, 0x0F, 0xE9, 0xE0, 0xBA, 0x2F, 0x68, 0x51,
    0x6C, 0x2C, 0xD6, 0x3C, 0xC5, 0xB0, 0x81, 0x5F, 0x69, 0xDA, 0x46, 0x35, 0x83, 0xE6, 0xB7, 0xD6,
    0xDB, 0xFE, 0x61, 0x0F, 0xFA, 0xF4, 0x4D, 0x7C, 0x1B, 0x38, 0xC2, 0x62, 0x9C, 0x99, 0xF8, 0x3F,
    0x6C, 0x68, 0x38, 0x9D, 0xA4, 0x9B, 0xD2, 0xBD, 0x1D, 0xAF, 0x7E, 0x8D, 0x6D, 0x9D, 0xB7, 0x78,
    0x68, 0xE0, 0x61, 0x9A, 0x6A, 0xD3, 0x72, 0x27, 0x4D, 0xED, 0x79, 0x77, 0x9F, 0xC9, 0x14, 0xFB,
    0xB5, 0xAA, 0x7B, 0x5F, 0x3F, 0xCC, 0x80, 0x92, 0x97, 0x7B, 0x39, 0xB4, 0xD6, 0x64, 0x15, 0x02,
    0x75, 0x1F, 0x4B, 0x00, 0xD6, 0x10, 0x61, 0x8D, 0x8B, 0xF4, 0x36, 0x4F, 0xF5, 0xEC, 0x99, 0x77,
    0x15, 0x4A, 0xF7, 0xDF, 0x42, 0x6E, 0xC3, 0xDB, 0xBB, 0x02, 0xA6, 0x77, 0xD4, 0x2E, 0xBD, 0x8B,
    0x27, 0xF8, 0x7F, 0xFD, 0xE9, 0x23, 0xD6, 0x37, 0x01, 0x82, 0x80, 0x08, 0x85, 0x23, 0x61, 0x21,
    0x14, 0x42, 0x27, 0xB4, 0xC1, 0xA7, 0xC9, 0xAC, 0x09, 0x6C, 0x3D, 0x17, 0x9C, 0x9A, 0x79, 0xEE,
    0xB3, 0xD3, 0x44, 0x41, 0x12, 0xF8, 0xC2, 0xB8, 0x53, 0x4A, 0x84, 0x20, 0x22, 0x21, 0x43, 0xF0,
    0xE9, 0xA3, 0x82, 0x25, 0x37, 0x46, 0x98, 0xED, 0xB1, 0x49, 0x3C, 0xFB, 0x63, 0x5B, 0x07, 0x7F,
    0xF9, 0xAB, 0x9F, 0xB6, 0x47, 0xB0, 0x28, 0xBE, 0x8A, 0xB5, 0x5E, 0x6E, 0x16, 0x38, 0x12, 0x3E,
    0xEE, 0x31, 0xD7, 0x46, 0xA0, 0x2F, 0xC4, 0x9F, 0xAE, 0xD3, 0xC7, 0x19, 0xF3, 0xB0, 0x10, 0x0A,
    0x1A, 0x7F, 0x63, 0x81, 0x2F, 0x50, 0xC4, 0xC7, 0x7F, 0xF6, 0xD3, 0x36, 0xB0, 0xAE, 0xAD, 0xDD,
    0x8E, 0x41, 0xC1, 0xE4, 0xC1, 0x4F, 0x74, 0x13, 0x7A, 0xA2, 0x9D, 0x67, 0x19, 0x66, 0xB6, 0x03,
    0xC2, 0xEA, 0x9D, 0xFD, 0xD0, 0x77, 0xFC, 0x3D, 0xC4, 0x27, 0xEC, 0xE7, 0x4A, 0xF5, 0x7A, 0xD8,
    0x9E, 0x00, 0xAB, 0xBD, 0xA6, 0x8E, 0x77, 0xFD, 0x5A, 0x6D, 0xFA, 0xF9, 0x6C, 0x0D, 0x57, 0xDB,
    0xAC, 0x7E, 0x85, 0x9D, 0xA6, 0x46, 0xF1, 0xB0, 0xF6, 0x7C, 0x70, 0x69, 0x57, 0xA0, 0x9C, 0x70,
    0xB1, 0x8B, 0x3B, 0x6E, 0xEA, 0x2A, 0xAF, 0x47, 0x28, 0x63, 0x22, 0x78, 0xD5, 0x2E, 0xEE, 0x69,
    0xDF, 0x2D, 0x26, 0xC1, 0xF3, 0xD3, 0x3A, 0x4E, 0xE6, 0xED, 0xD7, 0x01, 0x33, 0xFD, 0x28, 0x8F,
    0xB2, 0xAA, 0x03, 0xA5, 0x1D, 0xDD, 0x02, 0x38, 0xCA, 0x78, 0x6D, 0xD8, 0xC5, 0x75, 0xC6, 0x5D,
    0xDC, 0xE1, 0x1C, 0x1C, 0xE2, 0xEF, 0x99, 0x97, 0xA0, 0x74, 0xFF, 0xE3, 0xC9, 0xE1, 0x4E, 0xE3,
    0x2D, 0x8F, 0x22, 0x33, 0xE3, 0x57, 0xB8, 0x82, 0x2B, 0xE9, 0xBE, 0x7E, 0x4E, 0xE4, 0x36, 0x71,
    0xF2, 0xA2, 0xF0, 0x62, 0xBA, 0xA3, 0x13, 0x73, 0x48, 0x53, 0x95, 0x98, 0x4B, 0x18, 0xD3, 0xBB,
    0xFA, 0x29, 0xD1, 0x83, 0xF4, 0x31, 0x7C, 0xBB, 0xEF, 0x35, 0xA6, 0x3B, 0x7F, 0x05, 0x75, 0xF5,
    0x8D, 0xE9, 0xBB, 0xAC, 0x9F, 0x5F, 0xEF, 0xF1, 0xA2, 0xDE, 0x46, 0xFD, 0x6E, 0x33, 0xE0, 0xDE,
    0xD3, 0x2F, 0x80, 0x0E, 0x35, 0xFD, 0x5D, 0x1D, 0xE1, 0xFB, 0x7F, 0xFF, 0x6E, 0xED, 0x61, 0x9A,
    0x8C, 0x61, 0x85, 0x29, 0xDD, 0xFF, 0xCF, 0x9A, 0x6F, 0x71, 0x6B, 0xF7, 0xFB, 0xCA, 0xF6, 0xF0,
    0x37, 0xFF, 0x7E, 0x9B, 0xEE, 0xF0, 0xAD, 0xDD, 0x7F, 0xD3, 0x21, 0xF9, 0x40, 0x26, 0x0B, 0xA2,
    0x32, 0x3A, 0xBF, 0x40, 0x17, 0xDF, 0xA1, 0xF5, 0xC7, 0x2A, 0xE3, 0xAB, 0xF3, 0xFB, 0x6D, 0x3F,
    0x32, 0xFF, 0x06, 0xFA, 0x95, 0xB9, 0x5E, 0x8F, 0x8D, 0x1B, 0x92, 0x81, 0x53, 0x02, 0xDF, 0x71,
    0x73, 0xE0, 0xBD, 0xD9, 0xFD, 0x37, 0xE2, 0xE1, 0xD1, 0xF9, 0x6D, 0xFF, 0xB8, 0xEA, 0x50, 0xD9,
    0x77, 0x75, 0x8C, 0xF3, 0x16, 0x5F, 0xE2, 0xFB, 0xFA, 0x75, 0xD1, 0x2D, 0x6E, 0xED, 0xED, 0x9D,
    0xAE, 0xFC, 0x3F, 0xCD, 0xDA, 0x01, 0x84, 0x2D, 0x59, 0x7E, 0xC7, 0xF1, 0x4F, 0x55, 0xCD, 0xCC,
    0x4D, 0xB6, 0xD8, 0x5A, 0x78, 0x44, 0x6C, 0x52, 0x03, 0x10, 0x76, 0xA7, 0x20, 0x48, 0x78, 0xDD,
    0x55, 0x9B, 0x20, 0x80, 0x0C, 0xA6, 0x2D, 0x86, 0xBC, 0x07, 0x80, 0xF0, 0x00, 0x06, 0xD3, 0xEF,
    0xD6, 0x26, 0x00, 0xF0, 0x00, 0x58, 0x64, 0x10, 0x00, 0x76, 0x31, 0x62, 0x48, 0x77, 0x77, 0xB1,
    0x00, 0xC8, 0x8D, 0x31, 0x16, 0x41, 0xCA, 0x26, 0xB3, 0x00, 0xA9, 0x95, 0x3B, 0xDC, 0xA6, 0xBA,
    0x4F, 0xFA, 0x28, 0xB7, 0xAF, 0xBE, 0xD3, 0x5E, 0x7A, 0xE7, 0xDD, 0xD7, 0xB7, 0xF1, 0xFF, 0x69,
    0x7D, 0xCF, 0xF9, 0xD7, 0xF9, 0x7F, 0x9D, 0xFA, 0xFF, 0xFF, 0x75, 0xAA, 0x64, 0x23, 0x66, 0x97,
    0xC8, 0xAF, 0x50, 0xFC, 0x22, 0xCA, 0x33, 0x94, 0x45, 0x43, 0x5D, 0x74, 0x1C, 0xE6, 0x1D, 0xC7,
    0xB3, 0x05, 0x27, 0x59, 0xCF, 0x2A, 0x1B, 0x24, 0xCB, 0x64, 0x29, 0x1D, 0xAC, 0x64, 0x83, 0x51,
    0xF6, 0xCD, 0xD1, 0x68, 0x16, 0xC2, 0xA5, 0x3C, 0x84, 0xA0, 0xE8, 0xD4, 0xCA, 0x46, 0xD5, 0x54,
    0x14, 0x6D, 0x4D, 0xD1, 0x1D, 0x92, 0x2F, 0x4E, 0x99, 0xF5, 0xA3, 0x38, 0x09, 0x64, 0xAB, 0x6F,
    0xCB, 0xF9, 0x7F, 0x8B, 0xAE, 0xA8, 0xBE, 0x3E, 0xEF, 0x1C, 0xCA, 0x17, 0xFE, 0x40, 0x9C, 0x30,
    0x49, 0x3A, 0xF0, 0xEE, 0x4F, 0x87, 0x38, 0x64, 0x50, 0x45, 0x99, 0x37, 0xE9, 0xE0, 0xD4, 0xB5,
    0x8C, 0x51, 0x4E, 0xE2, 0xB8, 0x33, 0xF9, 0xA0, 0xFE, 0xEA, 0xEC, 0x42, 0x19, 0x96, 0xA1, 0x49,
    0x43, 0x3B, 0x6F, 0x80, 0xB2, 0xFB, 0xB6, 0xBC, 0xFB, 0x21, 0x8A, 0xB0, 0x16, 0x05, 0x7C, 0x00,
    0x4F, 0xE1, 0x73, 0x00, 0xD8, 0x1B, 0xB0, 0x27, 0x0D, 0xE6, 0x43, 0x94, 0xD5, 0xCD, 0xAA, 0x06,
    0x64, 0x8B, 0x28, 0x1D, 0x00, 0x6F, 0x1F, 0x22, 0x59, 0x8B, 0x18, 0xA1, 0xA2, 0x45, 0x09, 0x07,
    0x11, 0xCE, 0x27, 0x26, 0x88, 0xD5, 0xB3, 0xD6, 0xC4, 0x60, 0x99, 0x0E, 0xBC, 0xF2, 0xEA, 0x31,
    0x40, 0x04, 0xFC, 0x19, 0xD4, 0x70, 0x02, 0x4B, 0x24, 0x03, 0xD5, 0x97, 0x9D, 0x09, 0xF1, 0x18,
    0x87, 0x0F, 0x71, 0x76, 0x57, 0x34, 0x52, 0xE9, 0x03, 0xD2, 0xFD, 0x11, 0x1C, 0x43, 0x05, 0x11,
    0x88, 0x59, 0x87, 0xEC, 0xCB, 0xD1, 0xA3, 0xA7, 0xFB, 0x27, 0x50, 0x23, 0x0E, 0x8E, 0xFC, 0x90,
    0x2D, 0x90, 0xFC, 0xE6, 0x12, 0x7F, 0x13, 0x50, 0xFC, 0x5B, 0x47, 0x9D, 0xF5, 0x9C, 0x58, 0xF2,
    0xBE, 0xF7, 0x01, 0x88, 0x6B, 0x6E, 0x98, 0x87, 0x41, 0x7A, 0xF5, 0xF1, 0x28, 0xEB, 0x9D, 0xD2,
    0xAA, 0x31, 0x49, 0x85, 0xA3, 0x79, 0x1C, 0x12, 0xA4, 0x71, 0x69, 0xB3, 0xA5, 0x4A, 0xBE, 0x50,
    0x29, 0xBA, 0xF8, 0x57, 0xA7, 0x96, 0xF7, 0xCE, 0x65, 0x97, 0x1F, 0xFF, 0xCF, 0xAB, 0x24, 0x84,
    0xBF, 0x5D, 0xAA, 0x56, 0xB3, 0x25, 0xC9, 0x47, 0xC8, 0x42, 0x13, 0xA5, 0x45, 0x1E, 0xA5, 0x20,
    0xF9, 0xE7, 0x0F, 0x22, 0xB0, 0x1F, 0x4D, 0x74, 0x27, 0x42, 0x91, 0x8B, 0xC1, 0xF0, 0x28, 0xC0,
    0x3E, 0xF9, 0x10, 0xF5, 0xB8, 0x16, 0x4F, 0xE1, 0x0B, 0xBE, 0xF7, 0xB3, 0x81, 0xFA, 0x77, 0x0B,
    0xCE, 0x56, 0x24, 0xCB, 0xD3, 0x08, 0xBB, 0x22, 0x6F, 0xF2, 0xE6, 0x61, 0x76, 0xEC, 0xBC, 0x25,
    0x09, 0x17, 0xBF, 0xE4, 0xB7, 0x61, 0x89, 0x6A, 0x01, 0xC8, 0xEE, 0xD8, 0xAC, 0x43, 0x32, 0x40,
    0xB3, 0x5F, 0x9C, 0xE9, 0x05, 0x8A, 0xF0, 0xEB, 0x56, 0xFE, 0x2C, 0xB4, 0x24, 0x67, 0x00, 0x55,
    0x8F, 0xF9, 0x92, 0x64, 0x15, 0x47, 0xF6, 0x35, 0x79, 0x5B, 0x34, 0x12, 0x89, 0x87, 0xC1, 0xB9,
    0x4D, 0x2D, 0xBF, 0xDF, 0x2D, 0xBE, 0xFF, 0xB2, 0x5D, 0x2D, 0x44, 0x74, 0xFB, 0xCD, 0x9D, 0x77,
    0x97, 0x77, 0x7F, 0x08, 0x65, 0x8B, 0x1A, 0x0E, 0xE0, 0x0B, 0x34, 0xC3, 0x0F, 0x24, 0xC3, 0x87,
    0x4B, 0x56, 0xE9, 0xC0, 0xCB, 0x8F, 0x17, 0x54, 0xA1, 0x8D, 0x60, 0x3D, 0x0A, 0xD8, 0xCF, 0x61,
    0x44, 0xB2, 0x44, 0x74, 0x6C, 0xD6, 0x91, 0x14, 0x3F, 0xA1, 0xF8, 0xC9, 0xAC, 0x9B, 0x10, 0x67,
    0xDF, 0x9C, 0x93, 0x84, 0x11, 0x55, 0xFF, 0x40, 0xB0, 0xDF, 0x83, 0xAA, 0x41, 0xD1, 0x61, 0x16,
    0x25, 0xED, 0x1F, 0x3F, 0x53, 0xEF, 0xC3, 0x0A, 0x3E, 0x85, 0x43, 0x28, 0x90, 0xE4, 0x3F, 0x9B,
    0x98, 0x9A, 0xDD, 0x30, 0xF5, 0xB0, 0x4C, 0xA7, 0x36, 0xF4, 0x32, 0xCA, 0x15, 0xFC, 0xF8, 0x66,
    0x95, 0x4B, 0x92, 0xFE, 0xB3, 0xCF, 0x59, 0x26, 0x8F, 0x91, 0xE9, 0x13, 0x98, 0xF7, 0x51, 0x06,
    0x24, 0x37, 0x5D, 0xE9, 0xAC, 0xA3, 0x98, 0x65, 0x7B, 0xDC, 0xA7, 0xEF, 0xC0, 0x79, 0xB7, 0xAE,
    0x51, 0xFF, 0x1E, 0x06, 0x94, 0x1D, 0x44, 0xA6, 0x36, 0x4C, 0xFB, 0xC7, 0xC5, 0xB4, 0x41, 0x76,
    0xB9, 0x2E, 0x54, 0xDF, 0xCB, 0x43, 0x8B, 0x33, 0x40, 0x21, 0x6B, 0xF7, 0xC7, 0x14, 0x7C, 0xE6,
    0xB3, 0x09, 0xDD, 0x14, 0x74, 0xFD, 0xAC, 0xA3, 0x0C, 0x8D, 0xC8, 0xEA, 0x51, 0x17, 0x2A, 0x98,
    0xC9, 0x9A, 0x58, 0xD9, 0x5B, 0xB3, 0x45, 0x49, 0x7A, 0x71, 0x86, 0x35, 0xC4, 0xFD, 0x56, 0xAB,
    0x10, 0xC2, 0x32, 0xDA, 0xE5, 0xD1, 0xD1, 0x87, 0x23, 0xEE, 0x36, 0xE2, 0xEF, 0x21, 0x84, 0x21,
    0xDA, 0x88, 0x7B, 0x8C, 0x5D, 0x46, 0x03, 0x55, 0xB7, 0x65, 0x17, 0x92, 0x10, 0xDA, 0xFC, 0xE2,
    0xC5, 0x50, 0xB6, 0xE9, 0xAA, 0xE6, 0xE4, 0x80, 0xE3, 0x4F, 0x39, 0x3C, 0x0F, 0xE1, 0xEA, 0xDA,
    0xC2, 0xE9, 0xD1, 0xD1, 0xD1, 0x09, 0xA2, 0x1D, 0xA0, 0xE6, 0x93, 0xB2, 0x4B, 0xC6, 0xFC, 0xE2,
    0xD9, 0x90, 0x84, 0xD0, 0x45, 0x1F, 0x20, 0x1F, 0x6E, 0xDB, 0x93, 0x86, 0xF3, 0x81, 0xF3, 0x25,
    0x86, 0x89, 0x59, 0xD6, 0x31, 0x6B, 0x01, 0x0F, 0x10, 0x73, 0x6C, 0x9F, 0xAB, 0x71, 0x32, 0x4F,
    0xF1, 0x05, 0x06, 0x92, 0x05, 0xC0, 0xCE, 0x18, 0x64, 0x2B, 0x8A, 0xF0, 0x73, 0xDF, 0x7F, 0x11,
    0x1A, 0xC9, 0x25, 0x3C, 0x58, 0x9C, 0xC9, 0x15, 0xB3, 0xF0, 0xDB, 0x2E, 0xFB, 0x79, 0x58, 0x30,
    0x6F, 0xB0, 0xF3, 0xF8, 0x00, 0x7F, 0x81, 0x97, 0x18, 0x49, 0x06, 0xB2, 0x5E, 0xFD, 0xAB, 0xCE,
    0xF9, 0x20, 0xB9, 0x58, 0xC9, 0xFA, 0x63, 0x45, 0x5B, 0x7A, 0xCF, 0x7B, 0x0F, 0x16, 0x3B, 0xC0,
    0xF7, 0xA1, 0x6C, 0x50, 0xB3, 0x29, 0x9F, 0xC5, 0x30, 0x50, 0x8D, 0x38, 0x7E, 0x89, 0x65, 0xD9,
    0xC8, 0xFA, 0x59, 0x27, 0x69, 0x93, 0x76, 0x8B, 0x92, 0x88, 0x49, 0xE4, 0x24, 0x82, 0x12, 0x49,
    0x89, 0xA8, 0x44, 0x56, 0x22, 0xAC, 0x28, 0x41, 0xC4, 0xE5, 0x04, 0x93, 0x1C, 0x30, 0x21, 0x13,
    0x99, 0x89, 0xD0, 0x44, 0x6A, 0x36, 0xD8, 0x7E, 0x08, 0x87, 0x50, 0x41, 0xD1, 0x22, 0xEB, 0x90,
    0x7E, 0x39, 0x22, 0x0F, 0x28, 0xFF, 0xA9, 0xE5, 0x70, 0xB6, 0x60, 0x15, 0xC9, 0x3E, 0xF7, 0x1C,
    0x00, 0x45, 0x08, 0xA1, 0x99, 0xE4, 0xAB, 0xA3, 0x23, 0x45, 0xC7, 0xFF, 0x27, 0x71, 0x5C, 0x9C,
    0x61, 0x92, 0x8E, 0x7B, 0x4F, 0xDB, 0x5C, 0x6D, 0xB3, 0xFA, 0x97, 0xDB, 0x07, 0x13, 0x5B, 0xAB,
    0x7F, 0xD6, 0x72, 0xB0, 0xBD, 0xFA, 0xAD, 0x47, 0xFB, 0x7E, 0x7A, 0xB4, 0x9F, 0xF5, 0xCE, 0x14,
    0x9D, 0x4A, 0xD1, 0x28, 0x9B, 0x32, 0x02, 0xA9, 0x42, 0x08, 0x51, 0x42, 0x57, 0x5D, 0xD3, 0x6D,
    0xAA, 0xDB, 0x57, 0x2B, 0x3A, 0x7F, 0x6A, 0x36, 0x98, 0x4B, 0xAF, 0x7E, 0x3A, 0x46, 0x57, 0xC3,
    0xE4, 0x74, 0x4A, 0x33, 0xF5, 0x8A, 0x7A, 0xC4, 0x27, 0x58, 0xFA, 0xE3, 0xBF, 0xEA, 0xCD, 0x7F,
    0xD3, 0xB9, 0x8A, 0xA5, 0xE4, 0xC4, 0xAC, 0xAB, 0x15, 0x8A, 0x07, 0xDC, 0x91, 0xB1, 0xA1, 0x2B,
    0x2E, 0x29, 0x02, 0x3E, 0xC0, 0x53, 0xEF, 0xBD, 0xFA, 0x42, 0xB9, 0xFC, 0xA5, 0x7A, 0x64, 0xAC,
    0xA5, 0x43, 0xD1, 0x66, 0x5D, 0xD6, 0xED, 0xFA, 0x2E, 0x4D, 0xEF, 0xCA, 0x42, 0xF5, 0x82, 0xF3,
    0x41, 0xBA, 0x1C, 0xCD, 0x16, 0x87, 0x8A, 0xA6, 0x90, 0x48, 0x1E, 0x2C, 0x33, 0x65, 0xDB, 0x99,
    0xA9, 0x18, 0x88, 0x1C, 0x4E, 0x5F, 0x4A, 0x96, 0x65, 0x9B, 0x2D, 0x26, 0x0E, 0xBB, 0x66, 0xA1,
    0xEE, 0xEC, 0x3D, 0x33, 0x6D, 0x57, 0xDC, 0x62, 0x4A, 0x47, 0x62, 0xEC, 0xAB, 0xB2, 0x89, 0xB9,
    0x68, 0x93, 0x8A, 0xBC, 0xFD, 0x8A, 0x1C, 0xB9, 0xD7, 0x5B, 0xD5, 0x30, 0x5D, 0x00, 0xA8, 0x43,
    0x18, 0xA3, 0x3D, 0xF9, 0xF8, 0xEB, 0x8F, 0xCC, 0x16, 0x76, 0x61, 0xD1, 0xD7, 0xDA, 0xEF, 0x7D,
    0x2A, 0xF2, 0x3C, 0x2C, 0xAE, 0x2D, 0xCE, 0xFB, 0x6E, 0xD7, 0x9A, 0x87, 0x30, 0x46, 0x7B, 0xEB,
    0xB1, 0x40, 0xD1, 0xDF, 0xB6, 0xB2, 0xBB, 0x6D, 0xB7, 0xBA, 0x80, 0x4E, 0xB4, 0xA3, 0x67, 0x1D,
    0xF9, 0xEF, 0x63, 0x71, 0xCE, 0x57, 0x1F, 0x85, 0x10, 0x56, 0xD1, 0x40, 0x3E, 0x6C, 0xD9, 0x15,
    0xCE, 0xA7, 0x0C, 0xBB, 0x32, 0x1B, 0x5C, 0x4E, 0xDD, 0x72, 0xD1, 0xAA, 0xAC, 0xBB, 0xE5, 0x49,
    0xBA, 0x7B, 0x4A, 0x5B, 0x45, 0x89, 0x0E, 0x26, 0x57, 0xD1, 0xE9, 0xE4, 0x3E, 0x5E, 0x68, 0xBA,
    0xE4, 0x6B, 0xCE, 0x85, 0x56, 0xD2, 0x69, 0x23, 0xF7, 0x65, 0x9B, 0x2E, 0x6B, 0xC6, 0x63, 0x8E,
    0x4F, 0x38, 0x8C, 0x36, 0x6D, 0xC3, 0xF8, 0xF7, 0x64, 0xF1, 0xB7, 0x38, 0x26, 0x8E, 0x8D, 0x73,
    0xE2, 0xDC, 0xE8, 0xE3, 0x4E, 0xC8, 0xF7, 0x7F, 0x6F, 0x63, 0x7F, 0x64, 0xE2, 0x4E, 0x7F, 0xFD,
    0xDD, 0xB6, 0x33, 0x48, 0x3B, 0x78, 0x39, 0xB3, 0x4F, 0x52, 0xB6, 0x3B, 0xB8, 0xC3, 0x5B, 0x1D,
    0xDC, 0xEF, 0xFA, 0x09, 0x43, 0xCC, 0x99, 0xB1, 0x60, 0x34, 0xB2, 0x45, 0xDE, 0x49, 0x9B, 0xB4,
    0xE1, 0x16, 0x4B, 0x11, 0x88, 0x48, 0x46, 0x44, 0x24, 0xB2, 0x12, 0xA1, 0x89, 0xF4, 0x26, 0x89,
    0x4C, 0x45, 0xA8, 0x9B, 0xFF, 0x4D, 0x43, 0xE2, 0xE0, 0x69, 0x5A, 0x74, 0x30, 0xB9, 0x9A, 0xE0,
    0xEE, 0xE0, 0xE5, 0xCC, 0x5E, 0xE9, 0xBE, 0x66, 0xF5, 0xE9, 0x77, 0x5C, 0x7D, 0xEF, 0xF4, 0xE6,
    0x69, 0xBC, 0x6C, 0xAA, 0x9B, 0xB5, 0xDC, 0x5E, 0xDA, 0x24, 0x71, 0x48, 0x13, 0x07, 0x8B, 0xD3,
    0xB6, 0xD7, 0xF7, 0x06, 0x2F, 0x67, 0xF6, 0x0C, 0x76, 0xD3, 0xE6, 0x5D, 0x6D, 0xB5, 0x79, 0xC3,
    0x76, 0x9B, 0xB7, 0xEB, 0x1B, 0xFE, 0x0D, 0xDE, 0xBE, 0xEC, 0x8D, 0xD7, 0xED, 0x87, 0xD4, 0xF3,
    0x6F, 0xB7, 0x82, 0x43, 0xD9, 0x64, 0xDD, 0xAC, 0x83, 0x5D, 0xF3, 0xBA, 0xF7, 0xEB, 0x95, 0x47,
    0x56, 0x46, 0xB7, 0x7A, 0xE5, 0xAA, 0x89, 0x99, 0x6F, 0x93, 0xF8, 0xDE, 0x72, 0x99, 0xF5, 0x0E,
    0x14, 0x0D, 0x2A, 0x38, 0x80, 0x93, 0x6C, 0xC1, 0x10, 0xE5, 0x55, 0x14, 0xD7, 0x92, 0x87, 0xD0,
    0x39, 0xBF, 0x96, 0xEB, 0xA8, 0x2E, 0xCC, 0x06, 0xE3, 0x0E, 0xA1, 0x35, 0xAF, 0x81, 0xF6, 0xE7,
    0xDB, 0x87, 0x11, 0xA5, 0x59, 0x57, 0x62, 0xB2, 0x2A, 0x84, 0x34, 0x84, 0xD5, 0xFD, 0xD9, 0xF8,
    0xF4, 0x4E, 0x36, 0x09, 0x94, 0x50, 0xB4, 0x37, 0x69, 0xBF, 0xBF, 0xE1, 0xF0, 0x7C, 0xDF, 0x1C,
    0x7E, 0x88, 0x53, 0xD4, 0x28, 0x1A, 0xF2, 0xAE, 0x94, 0x2D, 0x76, 0xCF, 0xE1, 0x35, 0x6D, 0x57,
    0x44, 0xF0, 0x79, 0x14, 0xFB, 0x86, 0x71, 0x77, 0xDB, 0x55, 0x4A, 0x77, 0x0F, 0x44, 0xD5, 0x22,
    0x7C, 0xD3, 0xF3, 0x2F, 0x61, 0x40, 0xF5, 0x8F, 0x0B, 0x3C, 0x0A, 0x0C, 0x67, 0x64, 0xE1, 0xD7,
    0x6D, 0xFA, 0x1F, 0xE1, 0x3F, 0x39, 0xDB, 0x7D, 0xE8, 0x64, 0x7B, 0x8E, 0xF5, 0x1E, 0xC9, 0x93,
    0x12, 0x3B, 0x0E, 0xFE, 0xEE, 0x64, 0x19, 0xFD, 0xBC, 0x89, 0x1D, 0x72, 0xB2, 0xB6, 0xF5, 0x35,
    0x8B, 0x6F, 0x9E, 0x0D, 0x59, 0x64, 0xFA, 0xE2, 0xE2, 0xCE, 0x6B, 0xAE, 0x64, 0xFD, 0x7D, 0x6D,
    0x34, 0xD9, 0xC9, 0xB5, 0xCD, 0x15, 0x7D, 0xFD, 0xF5, 0xBF, 0xF6, 0x45, 0xF8, 0xAF, 0x3E, 0x09,
    0x7F, 0xDD, 0x83, 0xBA, 0xBD, 0x65, 0xF7, 0x38, 0x2C, 0x78, 0xFB, 0x31, 0x1F, 0x21, 0xF4, 0x84,
    0x01, 0x03, 0x59, 0xCF, 0xAC, 0x23, 0x6F, 0x00, 0x76, 0xC8, 0xE0, 0x07, 0x9B, 0x12, 0x07, 0x4B,
    0xA4, 0x43, 0x32, 0xC8, 0xBA, 0x6B, 0x49, 0x9B, 0x6B, 0x21, 0x19, 0x8E, 0x99, 0x0F, 0x51, 0xFA,
    0x63, 0x5E, 0x8A, 0x61, 0xBC, 0x91, 0xC4, 0xD8, 0x6D, 0x64, 0xF3, 0x10, 0x12, 0x41, 0x88, 0x24,
    0x78, 0x71, 0x09, 0x0B, 0xA4, 0x4B, 0x64, 0x83, 0x09, 0x83, 0xA2, 0x29, 0x5A, 0xA5, 0x6B, 0xB1,
    0x96, 0x95, 0x2C, 0x34, 0x51, 0x5C, 0xCB, 0x32, 0x4A, 0x7F, 0x1F, 0x19, 0x6F, 0x24, 0xC2, 0x11,
    0xE9, 0x88, 0x78, 0x14, 0xE1, 0x7F, 0x7B, 0x13, 0xA0, 0x77, 0x6C, 0x5E, 0x9E, 0x6F, 0x0A, 0xE2,
    0x9A, 0x50, 0xD2, 0xEE, 0x9B, 0xD0, 0xF3, 0x35, 0x20, 0xE3, 0xE6, 0x71, 0x27, 0x72, 0x29, 0x1E,
    0x8A, 0xD0, 0x93, 0xE6, 0xEE, 0xAF, 0xB5, 0x18, 0xE2, 0x1E, 0x5A, 0x5C, 0x0B, 0xFB, 0xC6, 0x74,
    0x04, 0xA1, 0x8F, 0x32, 0xC0, 0xB0, 0xF9, 0xC2, 0xA4, 0x68, 0xE5, 0xCD, 0x03, 0xB1, 0x3A, 0x33,
    0x55, 0x28, 0xD7, 0x25, 0xAA, 0xC3, 0xD9, 0x1A, 0xCE, 0xDE, 0x09, 0xA5, 0x4B, 0x14, 0xE1, 0xEF,
    0x28, 0x5E, 0x5C, 0x15, 0xAD, 0x74, 0xF5, 0x40, 0x48, 0x78, 0x34, 0x0C, 0x36, 0xF5, 0x66, 0x5B,
    0xD6, 0x20, 0x1E, 0x0A, 0x09, 0xEA, 0xF6, 0xDB, 0xA2, 0xD9, 0x74, 0xE2, 0x6B, 0x5C, 0x56, 0xF0,
    0x14, 0xFE, 0x08, 0x50, 0x63, 0xAC, 0x5A, 0xC9, 0xAA, 0xE8, 0x64, 0x43, 0xDE, 0xCB, 0xFB, 0x6C,
    0x50, 0x74, 0xC9, 0x4A, 0xD5, 0x18, 0xD5, 0xBC, 0x74, 0x4A, 0x6D, 0xA4, 0xF8, 0x87, 0x81, 0xFC,
    0x57, 0x3D, 0x59, 0x04, 0x91, 0x86, 0x16, 0x01, 0xCE, 0xE0, 0xD8, 0xFD, 0x65, 0x76, 0xFB, 0x3B,
    0xA9, 0x6C, 0x81, 0x74, 0x80, 0x25, 0x00, 0x1C, 0x92, 0x77, 0xDB, 0xA7, 0x24, 0x9D, 0x83, 0x89,
    0x4A, 0x3A, 0x58, 0x4D, 0x9F, 0x44, 0x58, 0xA5, 0xEB, 0x2F, 0x2E, 0x0E, 0x66, 0x1D, 0x75, 0xD1,
    0x51, 0x16, 0x0D, 0xC5, 0x2F, 0x90, 0x5F, 0x21, 0x1B, 0xD7, 0x12, 0x27, 0x48, 0x37, 0x37, 0xF6,
    0x02, 0x71, 0xC2, 0xBB, 0x2F, 0x9A, 0x75, 0x03, 0xBF, 0xDA, 0x27, 0x1C, 0xE0, 0x6A, 0x5B, 0x1E,
    0x80, 0xC6, 0x3C, 0xD2, 0x98, 0x47, 0x1A, 0xF3, 0x48, 0x63, 0xBE, 0xA1, 0x71, 0x73, 0x0E, 0xD5,
    0x99, 0x44, 0xD6, 0xD9, 0x1C, 0x46, 0xF1, 0x63, 0xB0, 0xEF, 0x7D, 0xF5, 0xEE, 0x47, 0xF7, 0x3F,
    0xFA, 0xDE, 0xEB, 0xE6, 0x52, 0x2E, 0x30, 0xBF, 0xFA, 0x7B, 0xFE, 0xF2, 0xFC, 0x12, 0xF9, 0x12,
    0x1E, 0x05, 0xC4, 0x79, 0x73, 0xD7, 0xE9, 0xD9, 0xA3, 0x41, 0xF7, 0x7F, 0xBC, 0x4F, 0xB1, 0x4E,
    0xC3, 0x30, 0x14, 0xBC, 0x38, 0xA2, 0x19, 0x3C, 0x98, 0x85, 0x39, 0x0B, 0xBB, 0x17, 0xC6, 0xB6,
    0xCE, 0x27, 0x30, 0x50, 0xF1, 0x19, 0xFC, 0x40, 0x50, 0x22, 0xBE, 0x8A, 0x01, 0x51, 0x4B, 0xFC,
    0x40, 0x16, 0x76, 0x0F, 0x7C, 0x80, 0x07, 0x0F, 0x41, 0x6A, 0x6B, 0xCE, 0x6E, 0x03, 0x11, 0x12,
    0x6C, 0x70, 0x17, 0x9F, 0xFA, 0xCE, 0xF7, 0xAE, 0xF2, 0x86, 0x88, 0x27, 0x6C, 0x66, 0x03, 0x81,
    0x50, 0x04, 0xE1, 0x4B, 0x2F, 0x9D, 0x1A, 0xEA, 0xC1, 0xD8, 0xCE, 0xAA, 0xA0, 0x7C, 0x3D, 0xD4,
    0x56, 0xF7, 0x06, 0x6B, 0xDC, 0xA3, 0x85, 0x1C, 0xA5, 0x57, 0x5E, 0x65, 0x4F, 0xD3, 0x5B, 0x02,
    0x8F, 0x64, 0x40, 0x10, 0x64, 0xC9, 0xED, 0x8A, 0x54, 0x8E, 0x1C, 0xD4, 0xA0, 0x49, 0x63, 0x8D,
    0x95, 0x41, 0xB2, 0x89, 0xA4, 0x5F, 0xDB, 0x23, 0x75, 0xA3, 0x1B, 0x03, 0xF6, 0x92, 0x2D, 0xF9,
    0x5B, 0x66, 0x45, 0xA6, 0x0C, 0x4A, 0xFB, 0xE3, 0xD9, 0xC6, 0x78, 0x48, 0xE7, 0xE2, 0xF6, 0xF5,
    0x26, 0xCD, 0xFF, 0x7D, 0xE6, 0xFF, 0xFF, 0x57, 0xBB, 0x66, 0xF7, 0xC5, 0xED, 0xCB, 0xCE, 0xB8,
    0x6F, 0x22, 0x0E, 0x20, 0x54, 0x64, 0x1A, 0xBA, 0x74, 0xD4, 0x65, 0xE1, 0x93, 0x62, 0xA6, 0x74,
    0xCE, 0xD3, 0xAD, 0xF0, 0x29, 0xD9, 0x39, 0x88, 0x83, 0x7C, 0x07, 0x50, 0xC4, 0x86, 0x7A, 0xF7,
    0x46, 0x29, 0xF7, 0x20, 0xC4, 0xC3, 0xB8, 0xE0, 0xA4, 0xA2, 0x66, 0xED, 0xBA, 0x1A, 0x6B, 0x2E,
    0x0B, 0x2F, 0x7B, 0xB4, 0x85, 0xAF, 0xEC, 0x5C, 0x4F, 0x7E, 0xCA, 0x34, 0xA8, 0x63, 0xC7, 0xBC,
    0xD8, 0xCB, 0x80, 0x84, 0x05, 0xC0, 0xC5, 0x67, 0x88, 0x11, 0xCA, 0xC3, 0x58, 0x74, 0xE0, 0xC7,
    0x1F, 0x1C, 0x69, 0xF2, 0x2A, 0x07, 0x2A, 0x1C, 0x71, 0x09, 0xAC, 0x00, 0xDD, 0x43, 0x3A, 0x94,
    0x3B, 0x20, 0x32, 0xDA, 0xA4, 0x2F, 0x72, 0x4C, 0x26, 0xAF, 0x18, 0xB8, 0xC2, 0x84, 0x36, 0x09,
    0x6B, 0x90, 0x5F, 0x9A, 0x1F, 0x5D, 0x59, 0x8A, 0xEA, 0x91, 0x8B, 0x81, 0xF5, 0x67, 0x2C, 0x24,
    0xB9, 0xC6, 0x0C, 0x67, 0x98, 0x52, 0x2C, 0x05, 0x9E, 0xA6, 0x94, 0xC8, 0x65, 0x03, 0x45, 0xE6,
    0xB2, 0x86, 0xA2, 0x3F, 0x06, 0x57, 0x06, 0x00, 0x8C, 0x8F, 0x01, 0x66, 0x34, 0x41, 0x10, 0x85,
    0xDF, 0x74, 0xF1, 0x17, 0x1A, 0xB3, 0x27, 0xF8, 0x17, 0x82, 0x58, 0x64, 0x00, 0x12, 0x66, 0xB3,
    0x7B, 0xA4, 0x00, 0x42, 0x66, 0xCD, 0x90, 0x8B, 0x24, 0x20, 0x08, 0x40, 0x63, 0x90, 0x24, 0x45,
    0x2E, 0xD0, 0x47, 0x68, 0x40, 0x00, 0x1D, 0x69, 0x0C, 0x92, 0xE9, 0x54, 0xEF, 0x00, 0x02, 0xE1,
    0xA1, 0xBA, 0xEB, 0xF9, 0xDE, 0x2B, 0xFE, 0x46, 0x93, 0x87, 0x2D, 0xCB, 0x68, 0x82, 0xAB, 0x42,
    0xFA, 0x88, 0xE9, 0x3E, 0xEA, 0xA0, 0x4F, 0xFD, 0xD4, 0x95, 0x1A, 0x50, 0x0B, 0x1A, 0xC1, 0x8D,
    0xE0, 0x53, 0xE8, 0x4D, 0xF8, 0x56, 0x6A, 0x92, 0x96, 0x64, 0x97, 0xBF, 0x36, 0x8F, 0xEF, 0x20,
    0x41, 0x99, 0x55, 0x43, 0x0B, 0x9C, 0x03, 0x17, 0x33, 0x74, 0x3E, 0x65, 0x0F, 0x2A, 0xBA, 0xE6,
    0xB2, 0xB2, 0xCA, 0x39, 0xC0, 0x04, 0xD8, 0x01, 0xFF, 0x81, 0xED, 0x0B, 0xFA, 0x2C, 0x4F, 0x14,
    0xC6, 0xAA, 0xA8, 0x25, 0xBF, 0x64, 0xBD, 0xE6, 0xA0, 0x72, 0x24, 0x57, 0x3C, 0xA0, 0xDE, 0x63,
    0xAD, 0x56, 0xA0, 0x03, 0x12, 0xAA, 0x58, 0x78, 0x2C, 0xB0, 0x85, 0x2F, 0x1D, 0x79, 0xED, 0xB0,
    0xCE, 0x7B, 0x9B, 0xB1, 0xF4, 0x4F, 0x55, 0x54, 0xA0, 0xAE, 0xD4, 0xA0, 0x28, 0x0D, 0xED, 0x48,
    0x9C, 0xF1, 0xCE, 0x84, 0x03, 0xEB, 0xBF, 0xFF, 0xF7, 0x20, 0x85, 0x79, 0x06, 0x4C, 0xE0, 0x80,
    0xBF, 0xDC, 0x6E, 0x26, 0x34, 0x13, 0x9E, 0x47, 0xAC, 0x46, 0xE0, 0x97, 0x36, 0xF3, 0xDD, 0x2E,
    0xC7, 0x85, 0xD3, 0xB1, 0xAC, 0x48, 0xC0, 0xC7, 0x88, 0x4B, 0x20, 0x81, 0x7D, 0x89, 0xEA, 0xB3,
    0xEF, 0x73, 0xB0, 0xC7, 0x3E, 0x27, 0x5C, 0x0C, 0x66, 0x06, 0xCD, 0x80, 0x15, 0x90, 0xCA, 0x3B,
    0x96, 0x5E, 0xAF, 0xF8, 0xD9, 0xCF, 0x61, 0x1B, 0xCE, 0x00, 0xAD, 0xD5, 0x81, 0x87, 0x1D, 0xD7,
    0x17, 0x07, 0xF0, 0xEF, 0xCC, 0xF8, 0x65, 0x30, 0x7E, 0xB9, 0x45, 0xD6, 0xA2, 0xBA, 0x03, 0x01,
    0x64, 0x3B, 0x50, 0x14, 0xBB, 0x33, 0x37, 0x8A, 0xA0, 0x50, 0x64, 0x02, 0x8B, 0xED, 0x7F, 0x10,
    0x08, 0x1E, 0xDE, 0xBC, 0x19, 0x09, 0x02, 0x48, 0x20, 0x8A, 0x42, 0xFF, 0x88, 0x05, 0xBC, 0xE4,
    0xDD, 0x36, 0x08, 0xC0, 0xB4, 0x49, 0x05, 0x45, 0x26, 0xDA, 0x28, 0x42, 0x33, 0xD1, 0xD9, 0xF6,
    0x55, 0xEE, 0xBC, 0xDB, 0xEF, 0xB9, 0xA9, 0xB7, 0x79, 0xC9, 0xAA, 0xD2, 0x3E, 0xCE, 0xC7, 0xCC,
    0x3D, 0xF7, 0x1E, 0xF7, 0xDE, 0x9C, 0xC9, 0x22, 0xBC, 0xDE, 0x20, 0xBE, 0xD9, 0x20, 0x91, 0xF8,
    0x54, 0x23, 0x73, 0x3A, 0x70, 0xAE, 0x8D, 0xDC, 0xE1, 0xA0, 0x5E, 0x28, 0x9B, 0xDE, 0x52, 0xB3,
    0x4C, 0xA9, 0x3C, 0x3F, 0x7B, 0x16, 0xD5, 0xCE, 0x0E, 0xA6, 0x1F, 0xEC, 0x60, 0xBE, 0xBB, 0x0B,
    0x1F, 0x17, 0x2E, 0x60, 0xBE, 0xB7, 0xB7, 0x8E, 0x29, 0xA3, 0x9A, 0x7C, 0x8C, 0xFD, 0xC9, 0x04,
    0xC5, 0xB5, 0x6B, 0xE7, 0xB2, 0xE1, 0x28, 0x57, 0xC3, 0xD1, 0xDD, 0x78, 0xF8, 0x6D, 0x19, 0x3A,
    0xD7, 0xC3, 0xB9, 0x06, 0x2F, 0x07, 0x04, 0x2F, 0x7B, 0x04, 0x4F, 0x3B, 0x1F, 0x38, 0xE3, 0x6E,
    0x03, 0x85, 0xB3, 0x80, 0xBB, 0xE2, 0x74, 0x34, 0x20, 0x35, 0x71, 0x87, 0x58, 0x27, 0x2D, 0x80,
    0xC4, 0x6C, 0xF0, 0xFE, 0xB3, 0x52, 0xA3, 0x76, 0xCE, 0xC0, 0x13, 0x0E, 0x00, 0xB0, 0x64, 0x6C,
    0x8D, 0x1B, 0x09, 0x3F, 0x16, 0x48, 0x36, 0xEA, 0x89, 0x6A, 0x49, 0x76, 0xA7, 0x2C, 0x75, 0xE6,
    0x98, 0xF6, 0x44, 0x23, 0x62, 0x13, 0xAD, 0x04, 0x27, 0xBC, 0xD0, 0xE4, 0x49, 0x43, 0x1E, 0x1B,
    0xF2, 0xB0, 0x15, 0x3A, 0xF2, 0x6D, 0x9F, 0x98, 0xA2, 0x75, 0xCE, 0x7A, 0xA2, 0x76, 0xCA, 0xB1,
    0x76, 0x8F, 0x74, 0x79, 0x6C, 0x0A, 0xE7, 0x62, 0x4B, 0x2E, 0x31, 0xA1, 0x6E, 0x32, 0x91, 0x3C,
    0x20, 0x2C, 0x41, 0x7E, 0x26, 0xC1, 0xEF, 0x04, 0x6E, 0x4D, 0x6D, 0xEA, 0x15, 0x80, 0x5A, 0xF6,
    0x38, 0x3B, 0xEC, 0x81, 0x2A, 0x1C, 0x08, 0x96, 0x6F, 0x91, 0xB5, 0x55, 0x30, 0xB8, 0xA1, 0x8A,
    0x5F, 0xFE, 0xF1, 0x55, 0xED, 0xBE, 0xEB, 0xB9, 0x22, 0xEC, 0x31, 0x9B, 0x91, 0xAA, 0x80, 0x45,
    0x95, 0xEA, 0x1A, 0x95, 0x32, 0xA9, 0xA9, 0x12, 0x93, 0x74, 0x55, 0xD4, 0x85, 0x7D, 0xC5, 0xB3,
    0x2E, 0xB9, 0x8C, 0xC0, 0x0A, 0x8B, 0x2F, 0xFA, 0x0A, 0x99, 0xEB, 0x2A, 0x9C, 0x59, 0xF1, 0x74,
    0x88, 0xDA, 0x7F, 0x00, 0x0F, 0xE3, 0xAC, 0x27, 0xFA, 0xFA, 0xF9, 0x27, 0x26, 0xFA, 0xE6, 0xF9,
    0x0D, 0xF2, 0xF8, 0x86, 0x29, 0xEE, 0xDF, 0xBF, 0x6F, 0x3D, 0xDB, 0xE4, 0x51, 0xF4, 0xE0, 0xFA,
    0x43, 0xDE, 0xD5, 0xF5, 0x1F, 0x4D, 0xF4, 0xC3, 0x45, 0xF2, 0xE4, 0xE2, 0xAF, 0x04, 0x3C, 0xEF,
    0x0B, 0xBC, 0x92, 0x3B, 0x75, 0x72, 0xBB, 0x0B, 0xDE, 0xD0, 0xED, 0x98, 0x2C, 0x63, 0x93, 0x07,
    0x23, 0x41, 0x26, 0xA8, 0x4B, 0x26, 0x4F, 0x5F, 0x73, 0xF3, 0x5F, 0x82, 0x44, 0x50, 0x4D, 0x9E,
    0x06, 0x0B, 0xE4, 0xA9, 0xB3, 0x42, 0x07, 0x20, 0xE8, 0x19, 0x57, 0x8E, 0x81, 0x58, 0xDA, 0xCE,
    0xE3, 0xC7, 0xFE, 0x47, 0x02, 0xF7, 0xB4, 0x47, 0xE2, 0xC6, 0x1E, 0xAA, 0x4D, 0x7B, 0x64, 0xD2,
    0x27, 0xB9, 0x64, 0xF7, 0x4F, 0xC1, 0x27, 0xFC, 0x14, 0x3F, 0xD9, 0x2F, 0xF3, 0x05, 0x7C, 0x29,
    0xFF, 0xDB, 0x2A, 0xCB, 0xCB, 0xD2, 0x7A, 0xA3, 0x87, 0x8D, 0xBA, 0x02, 0xE4, 0x23, 0x1A, 0x0F,
    0x06, 0xD5, 0xC2, 0xA6, 0x1A, 0x79, 0x06, 0x9C, 0xCF, 0x01, 0xCC, 0xFC, 0x4C, 0x8B, 0x05, 0x63,
    0x0E, 0xAC, 0x43, 0xDE, 0x19, 0x3E, 0x3F, 0x03, 0x50, 0x30, 0x32, 0x60, 0x3F, 0x6D, 0x30, 0x53,
    0x1D, 0x6C, 0xB4, 0x3A, 0x18, 0xA4, 0xA6, 0xD4, 0x66, 0x1B, 0xC4, 0x3D, 0x51, 0x86, 0x64, 0x0D,
    0xA9, 0x41, 0x2C, 0x09, 0x07, 0x12, 0xF7, 0x44, 0x19, 0x92, 0x69, 0x52, 0x03, 0xDB, 0xC7, 0x63,
    0xF9, 0x99, 0xFC, 0xB3, 0xF6, 0x02, 0xD7, 0xDE, 0x03, 0x13, 0x85, 0x26, 0xA9, 0x21, 0x49, 0x47,
    0xA2, 0x81, 0x04, 0x96, 0xE0, 0x9E, 0x50, 0x68, 0x92, 0x1A, 0x92, 0x74, 0x24, 0x1A, 0x4E, 0x9A,
    0x63, 0xAB, 0xBC, 0xC7, 0x7D, 0xA2, 0x02, 0x36, 0x08, 0x84, 0x94, 0xD4, 0x4E, 0x18, 0x80, 0xD0,
    0x69, 0x20, 0x1B, 0x01, 0xB8, 0xBB, 0x31, 0x30, 0x54, 0x35, 0xA0, 0xFD, 0x47, 0xB0, 0x68, 0x81,
    0xD8, 0x3F, 0x48, 0x76, 0xAC, 0x48, 0x2B, 0xE0, 0x5D, 0x22, 0x39, 0x37, 0xB1, 0x88, 0x9E, 0x95,
    0x0B, 0x44, 0x1D, 0x52, 0x4D, 0x54, 0x73, 0xB2, 0xA1, 0xED, 0x67, 0xE5, 0xC1, 0x4F, 0x1C, 0x8B,
    0x5B, 0xC1, 0x6C, 0x24, 0x0E, 0x1F, 0xF9, 0xC9, 0xA4, 0x96, 0x2A, 0xA3, 0x30, 0x48, 0x29, 0x48,
    0xA9, 0xBF, 0x01, 0xAC, 0x24, 0x34, 0x24, 0xD1, 0x44, 0x91, 0xC4, 0x91, 0xDA, 0xF1, 0x8A, 0x57,
    0x57, 0x2D, 0xE2, 0x7E, 0x67, 0x06, 0x65, 0x76, 0x33, 0xE6, 0xF6, 0xFE, 0x8F, 0x14, 0x7B, 0x40,
    0x26, 0xE4, 0x98, 0x08, 0x47, 0x6B, 0x8E, 0x4B, 0xE2, 0x9C, 0x7E, 0x4D, 0xD0, 0x29, 0x5D, 0x84,
    0x2D, 0x89, 0x8C, 0xD2, 0x59, 0x64, 0x52, 0xA8, 0x1B, 0x86, 0x55, 0x1E, 0x34, 0x39, 0xE2, 0x57,
    0xCD, 0x1C, 0xA1, 0xFB, 0x72, 0x29, 0x6D, 0xD1, 0x01, 0xE9, 0x4A, 0x03, 0x0A, 0x00, 0x76, 0x84,
    0x0F, 0x85, 0x73, 0xC2, 0x19, 0x69, 0xEA, 0xC2, 0x0D, 0x08, 0xDC, 0x95, 0x11, 0x18, 0x7C, 0xD7,
    0x20, 0x13, 0x52, 0x2D, 0x48, 0x67, 0xD6, 0x97, 0x4F, 0x6E, 0x83, 0x43, 0x2D, 0x10, 0x8C, 0xC0,
    0xD6, 0xE1, 0x71, 0xF9, 0x66, 0x62, 0xE9, 0x3F, 0x19, 0x12, 0xAE, 0x09, 0xD8, 0x0F, 0x80, 0x45,
    0x6A, 0x50, 0xDF, 0x71, 0x0D, 0x52, 0x37, 0x32, 0xE3, 0x6E, 0x03, 0x50, 0xBE, 0x38, 0xFC, 0x7E,
    0x76, 0x4F, 0xFA, 0x7D, 0x55, 0xB3, 0xDF, 0xA7, 0x36, 0x6D, 0x26, 0xEC, 0xF7, 0xA3, 0xDD, 0x1C,
    0x3D, 0x2A, 0xC6, 0x94, 0x31, 0x0F, 0x3A, 0xCC, 0x43, 0x89, 0x16, 0xF3, 0xC8, 0xAC, 0x63, 0xCA,
    0xDB, 0xAD, 0x12, 0x8D, 0x5C, 0x69, 0x14, 0x0A, 0xBB, 0xE9, 0x2D, 0x3E, 0xFE, 0x02, 0x1B, 0xB9,
    0xBF, 0xFA, 0xBD, 0x18, 0x21, 0xF7, 0xE9, 0x63, 0x02, 0x7F, 0xF0, 0x85, 0x73, 0xAE, 0xF3, 0xF0,
    0x78, 0xA5, 0xC6, 0xFA, 0xE7, 0x5F, 0x4F, 0xB2, 0x72, 0x02, 0xFC, 0x87, 0xF8, 0xF2, 0x72, 0x5D,
    0xAD, 0x07, 0x98, 0x01, 0x80, 0x6A, 0x98, 0x38, 0xF8, 0x7E, 0x23, 0x11, 0xAF, 0xFF, 0x7A, 0x29,
    0xC3, 0xEC, 0x02, 0x28, 0xDC, 0x28, 0xC8, 0x78, 0xE6, 0xC7, 0x7D, 0x97, 0xF9, 0xCA, 0x96, 0xA0,
    0x16, 0xB2, 0xE6, 0x94, 0x4C, 0x09, 0x58, 0x60, 0x13, 0x4D, 0x62, 0x43, 0x6A, 0xE2, 0x56, 0x20,
    0x1D, 0x10, 0x8F, 0x00, 0x0A, 0x1B, 0x18, 0xEC, 0xDB, 0xD4, 0xE0, 0xBD, 0x51, 0xDA, 0xC3, 0x2D,
    0x81, 0xC0, 0x35, 0x81, 0xCE, 0x2C, 0xB7, 0x55, 0x08, 0x1F, 0x59, 0xD9, 0x9B, 0x85, 0x12, 0xD2,
    0x86, 0x14, 0x20, 0x2C, 0x33, 0x5E, 0xE5, 0x6C, 0xB9, 0x39, 0x5F, 0x34, 0xE4, 0x93, 0x30, 0x22,
    0x3C, 0xE6, 0x19, 0xD6, 0xFF, 0x1B, 0x10, 0x56, 0x79, 0x17, 0x9F, 0x48, 0xCD, 0x36, 0x27, 0xEB,
    0x85, 0x2C, 0x23, 0x2C, 0xB0, 0xD9, 0x55, 0x7E, 0xCC, 0xC3, 0x79, 0xFA, 0xED, 0xAC, 0x07, 0x9F,
    0x9F, 0x27, 0x47, 0x93, 0x37, 0x29, 0xDC, 0x8A, 0xF8, 0x86, 0x28, 0x0F, 0x7B, 0xE4, 0x08, 0x97,
    0x04, 0x76, 0xCD, 0x7C, 0xE3, 0x35, 0x18, 0x64, 0x5E, 0x2B, 0x2B, 0x20, 0x74, 0xEB, 0x15, 0x95,
    0x50, 0x9C, 0x42, 0x2E, 0xDC, 0xE5, 0xB2, 0x83, 0xA5, 0x5F, 0x41, 0x56, 0xFA, 0xED, 0x6D, 0x78,
    0xFE, 0x04, 0xA5, 0xD6, 0x09, 0x8A, 0xE3, 0x46, 0x17, 0x00, 0xE0, 0x4F, 0xD6, 0xCC, 0xE8, 0xFF,
    0x63, 0xA0, 0x02, 0x0C, 0x3B, 0x41, 0x0D, 0x04, 0x48, 0x80, 0xC4, 0x2C, 0x61, 0xB7, 0x5B, 0x0E,
    0x39, 0x40, 0xE6, 0x08, 0x61, 0xCF, 0x11, 0x02, 0x98, 0xB6, 0x6E, 0x90, 0x1C, 0x67, 0x80, 0x5E,
    0x2A, 0x27, 0x88, 0x8E, 0xE0, 0x1B, 0x44, 0x04, 0x01, 0x82, 0xC8, 0xED, 0x54, 0x35, 0x88, 0x36,
    0x43, 0x67, 0x99, 0xEE, 0x02, 0x7F, 0xC0, 0x2B, 0xC1, 0x7B, 0xAF, 0x16, 0xCA, 0x16, 0x10, 0x22,
    0x9A, 0x2D, 0x8E, 0x28, 0x07, 0x84, 0x0E, 0xCD, 0xE9, 0x74, 0x9A, 0x1E, 0x08, 0x71, 0x9E, 0x70,
    0x34, 0x7F, 0x9C, 0x83, 0x16, 0x00, 0x01, 0x4D, 0xE4, 0xD4, 0x2B, 0x4F, 0x93, 0xF0, 0x5B, 0xA3,
    0x09, 0x21, 0x5E, 0x87, 0xF2, 0x70, 0x11, 0xB4, 0x02, 0xCF, 0xFE, 0xD1, 0xA2, 0xEC, 0x51, 0x4C,
    0xB0, 0x87, 0x3A, 0xCA, 0xC1, 0xC7, 0x2A, 0x51, 0xF5, 0xF3, 0xC4, 0x7E, 0xFE, 0xB8, 0xEC, 0xA1,
    0xF5, 0x92, 0x0A, 0x72, 0x07, 0xB9, 0x93, 0xDC, 0x51, 0xEE, 0x2C, 0x77, 0x98, 0x3B, 0xD5, 0x44,
    0x02, 0xE0, 0xFF, 0x7E, 0x60, 0xF5, 0xED, 0xC8, 0xAD, 0x5B, 0x8B, 0xD1, 0xAA, 0x5D, 0x1E, 0x2C,
    0x0F, 0xAB, 0x56, 0x31, 0xDE, 0xA5, 0x02, 0xEF, 0xF7, 0x89, 0x63, 0xBD, 0xB5, 0x18, 0xAA, 0x34,
    0xD1, 0x15, 0xA3, 0xD5, 0xD6, 0x95, 0x1B, 0x6A, 0x03, 0xAF, 0xBD, 0x7B, 0xF1, 0x5A, 0x7E, 0x13,
    0x8A, 0x78, 0x13, 0xAA, 0x43, 0xF3, 0x7D, 0xFD, 0xF7, 0x95, 0x42, 0x73, 0x1A, 0x67, 0x22, 0x2E,
    0x07, 0xAC, 0x8F, 0x99, 0x66, 0x9B, 0x08, 0x5D, 0xA2, 0x1C, 0x12, 0x8E, 0xBC, 0x95, 0x83, 0x72,
    0xF0, 0x83, 0x63, 0x30, 0x07, 0x0F, 0xD0, 0x02, 0xEE, 0x72, 0xC2, 0x0C, 0x21, 0x73, 0x99, 0x28,
    0xA6, 0x44, 0xD5, 0x27, 0xEA, 0x98, 0xD8, 0xEB, 0x53, 0x48, 0x9F, 0x42, 0xDE, 0x7D, 0xB0, 0x63,
    0x8F, 0x9B, 0xB8, 0x82, 0xFF, 0x99, 0xC7, 0x67, 0xF8, 0xD7, 0x4A, 0x7A, 0x3D, 0x53, 0xA6, 0xC9,
    0x84, 0xD8, 0xE7, 0x60, 0xC2, 0x94, 0x69, 0xE6, 0xAA, 0xCE, 0x8A, 0x04, 0x45, 0x37, 0xA7, 0x7E,
    0xBA, 0x9A, 0xB5, 0x3D, 0xEB, 0x1C, 0x5A, 0xE7, 0xD0, 0xBA, 0x8E, 0x89, 0x46, 0x62, 0x42, 0xD3,
    0x67, 0xA2, 0xF3, 0x85, 0x9D, 0xC7, 0x2D, 0xDC, 0x75, 0xA8, 0x06, 0x98, 0x2C, 0xD8, 0x09, 0xD1,
    0x46, 0xB3, 0x4D, 0x1C, 0xD9, 0xE5, 0x66, 0xC6, 0xD0, 0xA9, 0x1E, 0x0E, 0x74, 0xB7, 0x4A, 0x27,
    0xC5, 0x32, 0x62, 0x31, 0xC0, 0xCD, 0xD3, 0xD7, 0x8E, 0x5B, 0x54, 0xF7, 0xA8, 0x3B, 0x34, 0xB0,
    0xA1, 0xB5, 0x53, 0xF6, 0x89, 0x62, 0xB2, 0x61, 0xAF, 0xA1, 0x8E, 0xA1, 0x4B, 0xC1, 0x2A, 0x5F,
    0x15, 0xE9, 0x28, 0x8E, 0xA8, 0x0E, 0xA8, 0x5B, 0x5C, 0xA1, 0x18, 0xCF, 0xEF, 0xCB, 0x02, 0x42,
    0x8B, 0x06, 0xA6, 0x79, 0x2E, 0x44, 0xE4, 0x22, 0xB7, 0x0F, 0x84, 0x56, 0xD8, 0x96, 0x7D, 0xC2,
    0x94, 0x69, 0x32, 0x75, 0x9B, 0x78, 0x23, 0xE1, 0xE3, 0x78, 0x8D, 0x0B, 0xB8, 0x36, 0x27, 0x0E,
    0x71, 0xCE, 0xEC, 0xA1, 0xEE, 0x93, 0x8C, 0x1D, 0xD3, 0xDC, 0x65, 0x88, 0x89, 0x46, 0xE2, 0x26,
    0xF3, 0x79, 0xC6, 0x7F, 0xE7, 0x2D, 0xE0, 0x13, 0x1F, 0x57, 0xEE, 0x22, 0x13, 0xDA, 0xB9, 0xE9,
    0x69, 0x5E, 0x88, 0x10, 0x13, 0x8F, 0x2B, 0x74, 0xDE, 0xC0, 0x63, 0x57, 0x2D, 0x16, 0xF8, 0x02,
    0x76, 0x1F, 0xC7, 0x45, 0xE6, 0xDA, 0xDC, 0x74, 0x88, 0xF3, 0x42, 0x9C, 0xAF, 0xD0, 0x13, 0x9B,
    0x36, 0x2F, 0xAC, 0x0B, 0xF3, 0xA8, 0xEF, 0x71, 0x77, 0xEA, 0x2C, 0xC6, 0x6A, 0x50, 0x76, 0x26,
    0xCB, 0x68, 0x2D, 0x6C, 0x6D, 0x04, 0xBE, 0xCE, 0xF8, 0x80, 0x4F, 0x83, 0xAD, 0x9F, 0xC2, 0xA2,
    0x73, 0x15, 0x96, 0x07, 0xF5, 0xCF, 0xAB, 0x56, 0xF5, 0xFB, 0x2D, 0xC5, 0x69, 0xC4, 0x7E, 0x3E,
    0x55, 0xDE, 0x98, 0xC7, 0xDD, 0x40, 0x75, 0xBA, 0x27, 0x74, 0xAB, 0x56, 0xA3, 0xCA, 0x49, 0xCA,
    0x83, 0x9D, 0xA2, 0xF7, 0x9E, 0x9E, 0xA7, 0x28, 0xF4, 0xAF, 0x54, 0x6D, 0xFF, 0x95, 0xEA, 0xD0,
    0xDF, 0x28, 0xC6, 0x3F, 0x06, 0xAE, 0xFE, 0xEC, 0xA8, 0x4F, 0x5B, 0xAA, 0x23, 0x8A, 0x01, 0xDE,
    0xA1, 0x39, 0x4D, 0x33, 0x1D, 0xAF, 0x9A, 0x81, 0xF5, 0xE6, 0x96, 0x69, 0xB3, 0x4A, 0x3B, 0xB3,
    0x59, 0xC6, 0x65, 0xDC, 0x94, 0x7D, 0xD8, 0x6E, 0x0C, 0xB5, 0x2F, 0x8D, 0x97, 0xD8, 0x6D, 0x32,
    0x6B, 0xAC, 0x1F, 0x79, 0x88, 0x5D, 0xE2, 0x7A, 0x85, 0x31, 0x6C, 0x15, 0xFD, 0x32, 0x2A, 0x0F,
    0x79, 0x7F, 0xA3, 0x7B, 0x77, 0x72, 0x1E, 0xDE, 0x9C, 0x7E, 0x39, 0xCB, 0x6A, 0x99, 0xA9, 0x33,
    0x57, 0xBB, 0xB5, 0x62, 0xDC, 0xED, 0x95, 0x87, 0x5D, 0x88, 0x21, 0xEE, 0xCA, 0xAE, 0xDE, 0xEE,
    0x8A, 0x7E, 0xE5, 0x47, 0xC3, 0x06, 0xEF, 0x5F, 0x9C, 0xF7, 0x9F, 0xDE, 0xC5, 0xEA, 0xF1, 0x5D,
    0x3C, 0xBF, 0xE7, 0x0B, 0x57, 0x84, 0x5F, 0x47, 0x9A, 0xEF, 0x0E, 0x1C, 0xB5, 0xCF, 0x79, 0xEF,
    0x9F, 0xF3, 0xAF, 0xA1, 0xCD, 0x29, 0xFB, 0x9C, 0x7C, 0x62, 0xF1, 0xAC, 0x17, 0xFC, 0x2F, 0xC5,
    0x92, 0x3F, 0x88, 0xD4, 0x40, 0x18, 0xC5, 0x7F, 0x49, 0x84, 0x08, 0x29, 0x62, 0x73, 0x95, 0x42,
    0xEC, 0x9B, 0xF4, 0xE0, 0x66, 0xD2, 0x5D, 0x0F, 0x8E, 0x16, 0xF6, 0xF5, 0xF6, 0xB0, 0xB9, 0x4D,
    0x6F, 0x6D, 0x65, 0x0F, 0x76, 0xB6, 0x16, 0xF1, 0x36, 0xF6, 0x4D, 0xCE, 0x1E, 0x0C, 0xDA, 0x43,
    0xC0, 0x80, 0x73, 0x98, 0xCD, 0x38, 0x8F, 0xBD, 0x5B, 0xC4, 0xC2, 0x4A, 0x70, 0xE1, 0x3D, 0xBE,
    0xE5, 0xFB, 0x3B, 0xEF, 0x25, 0x7A, 0x07, 0xEC, 0x5B, 0xC8, 0x26, 0x88, 0x8E, 0x80, 0x01, 0xF2,
    0x1E, 0x92, 0x91, 0xFD, 0x38, 0x25, 0x7E, 0xFD, 0x90, 0x0F, 0x69, 0x57, 0xC2, 0xB1, 0x82, 0xEB,
    0x1D, 0x54, 0xDD, 0x09, 0x66, 0xB9, 0x8B, 0x85, 0x1D, 0x6C, 0x2A, 0x50, 0x9D, 0x0B, 0xF5, 0x53,
    0xEC, 0x7D, 0xCF, 0xF6, 0x16, 0x92, 0x05, 0x48, 0x35, 0x38, 0x5B, 0x81, 0xFC, 0x3D, 0x50, 0x14,
    0x35, 0x94, 0x79, 0x0B, 0x55, 0xD6, 0x43, 0x93, 0x0E, 0xD0, 0x85, 0x7D, 0xB8, 0x64, 0x82, 0x39,
    0x9A, 0x88, 0x27, 0x1C, 0xE1, 0xCF, 0x42, 0x32, 0xD0, 0x11, 0xAA, 0xAE, 0x74, 0x94, 0x21, 0x34,
    0x95, 0x84, 0xF6, 0xA2, 0x35, 0x3A, 0xB3, 0x12, 0x5D, 0x59, 0xFB, 0x6A, 0xD8, 0x7B, 0xEF, 0x4F,
    0x74, 0x61, 0xED, 0xF3, 0x10, 0x1C, 0x85, 0x06, 0x9A, 0x7F, 0x8D, 0xB0, 0x63, 0x15, 0x56, 0x6B,
    0xED, 0x1E, 0x28, 0x5B, 0xC8, 0x07, 0xD0, 0xED, 0x91, 0x03, 0x3E, 0xFE, 0xA6, 0x62, 0x3A, 0x42,
    0x32, 0x03, 0x0B, 0xD0, 0x9C, 0xA0, 0x38, 0x9E, 0x95, 0x3B, 0xD5, 0x98, 0x53, 0x8F, 0x7A, 0x35,
    0x23, 0x1B, 0xA0, 0x68, 0xC1, 0x00, 0xDA, 0x71, 0xBF, 0x0F, 0xC0, 0xDF, 0xFD, 0x00, 0x3A, 0x00,
    0x07, 0x44, 0x33, 0x48, 0x31, 0x79, 0x26, 0x1A, 0xCC, 0x4C, 0xDA, 0x1B, 0x27, 0xD9, 0x3A, 0x29,
    0xB6, 0xA3, 0x80, 0x8A, 0x12, 0x0C, 0x15, 0x94, 0x6C, 0x20, 0xAF, 0x77, 0x84, 0x5C, 0x47, 0xA8,
    0xD2, 0x2D, 0x9F, 0x26, 0x48, 0x3E, 0x8B, 0xBE, 0x8D, 0x10, 0x7F, 0x1F, 0x20, 0xFA, 0xD9, 0x03,
    0xBE, 0x05, 0x0E, 0x35, 0xF1, 0x4A, 0xD9, 0xE6, 0xBE, 0xF7, 0xB3, 0xB9, 0xFC, 0x7A, 0xB3, 0x34,
    0xFC, 0xA0, 0xE9, 0xB8, 0x96, 0xFD, 0x1B, 0xD1, 0x33, 0xD1, 0x35, 0x9B, 0x1D, 0x5F, 0x68, 0xCC,
    0xE5, 0xEB, 0x9B, 0xA5, 0xF0, 0x89, 0x9F, 0x62, 0xC7, 0xA1, 0x85, 0xC8, 0xD6, 0xB0, 0xF7, 0x3D,
    0xF8, 0x40, 0xF1, 0x74, 0xBE, 0xF8, 0xFF, 0xD0, 0xC5, 0xCB, 0x11, 0x5D, 0x22, 0xAA, 0xD1, 0xDB,
    0x92, 0x3A, 0xF7, 0x63, 0xD6, 0x97, 0x6F, 0xD7, 0x6D, 0x5B, 0x71, 0xF0, 0x3C, 0x21, 0x73, 0x00,
    0x7F, 0xCD, 0x46, 0x2D, 0xA4, 0xBD, 0xD4, 0x84, 0xF2, 0xEC, 0x8E, 0x7D, 0x71, 0x6B, 0x89, 0xE5,
    0xBC, 0x52, 0x2D, 0x76, 0xFB, 0xC6, 0xDE, 0xE7, 0x70, 0x10, 0x49, 0x66, 0x09, 0x5C, 0x03, 0xF0,
    0x00, 0x90, 0x0F, 0x0B, 0x91, 0x1F, 0x29, 0x8E, 0xC4, 0x7E, 0xA0, 0x74, 0x60, 0xEA, 0x3B, 0xC8,
    0x20, 0xF9, 0x50, 0xDE, 0xA2, 0x24, 0x14, 0x0B, 0x44, 0x01, 0x3C, 0x04, 0xD0, 0x17, 0x6F, 0xBC,
    0x5F, 0x84, 0x47, 0x40, 0x05, 0x98, 0x11, 0x1E, 0xEB, 0x6D, 0x87, 0x73, 0xB3, 0x83, 0x58, 0x7D,
    0x9D, 0xFA, 0x35, 0x87, 0xAD, 0x53, 0x4A, 0xF3, 0xB5, 0x87, 0xA7, 0xC0, 0x9F, 0xF3, 0x7E, 0x01,
    0x63, 0xD8, 0xFF, 0xC1, 0x9E, 0x81, 0xE9, 0xFF, 0x87, 0xFD, 0x0E, 0xCC, 0x4F, 0x03, 0xF6, 0x3B,
    0xB0, 0x5F, 0x60, 0xB0, 0x67, 0x00, 0x12, 0x0C, 0x48, 0xC4, 0xFE, 0xFF, 0xFF, 0xFF, 0x41, 0x88,
    0xE8, 0xA7, 0xA1, 0x75, 0x20, 0x31, 0x3B, 0xEA, 0x10, 0x40, 0xA3, 0x7F, 0xD8, 0x31, 0xFD, 0xFF,
    0x61, 0x07, 0xB4, 0xDA, 0x0E, 0x28, 0x80, 0x82, 0xF7, 0x03, 0xC5, 0x41, 0x38, 0x1A, 0x22, 0x47,
    0x36, 0x06, 0x00,
};

static const EpdGlyph notosans_16_regularGlyphs[] = {
    { 0, 0, 320, 0, 0, 0, 0 }, // U+0020
    { 6, 24, 320, 7, 24, 36, 0 }, // !
    { 10, 9, 320, 5, 25, 23, 36 }, // "
    { 20, 24, 320, 0, 24, 120, 59 }, // #
    { 18, 32, 320, 1, 28, 144, 179 }, // $
    { 19, 24, 356, 2, 24, 114, 323 }, // %
    { 20, 24, 320, 0, 24, 120, 437 }, // &
    { 4, 9, 320, 8, 25, 9, 557 }, // '
    { 11, 31, 320, 6, 26, 86, 566 }, // (
    { 11, 31, 320, 3, 26, 86, 652 }, // )
    { 18, 17, 320, 1, 19, 77, 738 }, // *
    { 16, 17, 320, 2, 19, 68, 815 }, // +
    { 7, 9, 320, 6, 4, 16, 883 }, // ,
    { 10, 3, 320, 5, 12, 8, 899 }, // -
    { 6, 4, 320, 7, 4, 6, 907 }, // .
    { 14, 31, 320, 3, 26, 109, 913 }, // /
    { 18, 24, 320, 1, 24, 108, 1022 }, // 0
    { 18, 24, 320, 1, 24, 108, 1130 }, // 1
    { 16, 24, 320, 2, 24, 96, 1238 }, // 2
    { 17, 24, 320, 1, 24, 102, 1334 }, // 3
    { 18, 24, 320, 1, 24, 108, 1436 }, // 4
    { 16, 24, 320, 2, 24, 96, 1544 }, // 5
    { 16, 24, 320, 2, 24, 96, 1640 }, // 6
    { 16, 24, 320, 2, 24, 96, 1736 }, // 7
    { 18, 24, 320, 1, 24, 108, 1832 }, // 8
    { 16, 24, 320, 2, 24, 96, 1940 }, // 9
    { 6, 17, 320, 7, 17, 26, 2036 }, // :
    { 7, 22, 320, 6, 17, 39, 2062 }, // ;
    { 16, 20, 320, 2, 20, 80, 2101 }, // <
    { 16, 9, 320, 2, 15, 36, 2181 }, // =
    { 16, 20, 320, 2, 20, 80, 2217 }, // >
    { 15, 24, 320, 2, 24, 90, 2297 }, // ?
    { 16, 28, 320, 2, 24, 112, 2387 }, // @
    { 18, 24, 320, 1, 24, 108, 2499 }, // A
    { 17, 24, 320, 2, 24, 102, 2607 }, // B
    { 16, 24, 320, 2, 24, 96, 2709 }, // C
    { 16, 24, 320, 3, 24, 96, 2805 }, // D
    { 15, 24, 320, 3, 24, 90, 2901 }, // E
    { 15, 24, 320, 3, 24, 90, 2991 }, // F
    { 17, 24, 320, 1, 24, 102, 3081 }, // G
    { 16, 24, 320, 2, 24, 96, 3183 }, // H
    { 16, 24, 320, 2, 24, 96, 3279 }, // I
    { 14, 24, 320, 2, 24, 84, 3375 }, // J
    { 18, 24, 320, 2, 24, 108, 3459 }, // K
    { 14, 24, 320, 4, 24, 84, 3567 }, // L
    { 16, 24, 320, 2, 24, 96, 3651 }, // M
    { 16, 24, 320, 2, 24, 96, 3747 }, // N
    { 18, 24, 320, 1, 24, 108, 3843 }, // O
    { 16, 24, 320, 3, 24, 96, 3951 }, // P
    { 21, 25, 320, 1, 24, 132, 4047 }, // Q
    { 16, 24, 320, 3, 24, 96, 4179 }, // R
    { 18, 24, 320, 1, 24, 108, 4275 }, // S
    { 20, 24, 320, 0, 24, 120, 4383 }, // T
    { 16, 24, 320, 2, 24, 96, 4503 }, // U
    { 18, 24, 320, 1, 24, 108, 4599 }, // V
    { 18, 24, 320, 1, 24, 108, 4707 }, // W
    { 20, 24, 320, 0, 24, 120, 4815 }, // X
    { 20, 24, 320, 0, 24, 120, 4935 }, // Y
    { 18, 24, 320, 1, 24, 108, 5055 }, // Z
    { 10, 31, 320, 7, 26, 78, 5163 }, // [
    { 14, 31, 320, 3, 26, 109, 5241 }, // <backslash>
    { 10, 31, 320, 3, 26, 78, 5350 }, // ]
    { 18, 15, 320, 1, 24, 68, 5428 }, // ^
    { 16, 3, 320, 2, -3, 12, 5496 }, // _
    { 6, 7, 320, 6, 26, 11, 5508 }, // `
    { 17, 18, 320, 2, 18, 77, 5519 }, // a
    { 15, 25, 320, 3, 25, 94, 5596 }, // b
    { 16, 18, 320, 2, 18, 72, 5690 }, // c
    { 15, 25, 320, 2, 25, 94, 5762 }, // d
    { 16, 18, 320, 2, 18, 72, 5856 }, // e
    { 17, 25, 320, 2, 25, 107, 5928 }, // f
    { 15, 25, 320, 2, 18, 94, 6035 }, // g
    { 14, 25, 320, 3, 25, 88, 6129 }, // h
    { 15, 25, 320, 3, 25, 94, 6217 }, // i
    { 12, 33, 320, 3, 26, 99, 6311 }, // j
    { 17, 25, 320, 3, 25, 107, 6410 }, // k
    { 16, 25, 320, 2, 25, 100, 6517 }, // l
    { 18, 18, 320, 1, 18, 81, 6617 }, // m
    { 14, 18, 320, 3, 18, 63, 6698 }, // n
    { 16, 18, 320, 2, 18, 72, 6761 }, // o
    { 15, 25, 320, 3, 18, 94, 6833 }, // p
    { 15, 25, 320, 2, 18, 94, 6927 }, // q
    { 17, 18, 320, 2, 18, 77, 7021 }, // r
    { 16, 18, 320, 2, 18, 72, 7098 }, // s
    { 17, 24, 320, 1, 24, 102, 7170 }, // t
    { 14, 18, 320, 3, 18, 63, 7272 }, // u
    { 16, 18, 320, 2, 18, 72, 7335 }, // v
    { 18, 18, 320, 1, 18, 81, 7407 }, // w
    { 16, 18, 320, 2, 18, 72, 7488 }, // x
    { 18, 25, 320, 1, 18, 113, 7560 }, // y
    { 16, 18, 320, 2, 18, 72, 7673 }, // z
    { 14, 31, 320, 3, 26, 109, 7745 }, // {
    { 4, 31, 320, 8, 26, 31, 7854 }, // |
    { 14, 31, 320, 3, 26, 109, 7885 }, // }
    { 18, 5, 320, 1, 13, 23, 7994 }, // ~
    { 0, 0, 320, 0, 0, 0, 0 }, // U+00A0
    { 6, 23, 320, 7, 18, 35, 0 }, // U+00A1
    { 16, 26, 320, 2, 22, 104, 35 }, // U+00A2
    { 18, 24, 320, 1, 24, 108, 139 }, // U+00A3
    { 20, 24, 320, 0, 24, 120, 247 }, // U+00A5
    { 4, 30, 320, 8, 25, 30, 367 }, // U+00A6
    { 16, 30, 320, 2, 24, 120, 397 }, // U+00A7
    { 10, 4, 320, 5, 25, 10, 517 }, // U+00A8
    { 21, 23, 444, 3, 24, 121, 527 }, // U+00A9
    { 12, 12, 320, 4, 24, 36, 648 }, // U+00AA
    { 16, 16, 320, 2, 17, 64, 684 }, // U+00AB
    { 16, 10, 320, 2, 12, 40, 748 }, // U+00AC
    { 10, 3, 320, 5, 12, 8, 788 }, // U+00AD
    { 14, 13, 320, 3, 24, 46, 796 }, // U+00AE
    { 10, 3, 320, 5, 25, 8, 842 }, // U+00AF
    { 12, 12, 320, 4, 25, 36, 850 }, // U+00B0
    { 16, 21, 320, 2, 21, 84, 886 }, // U+00B1
    { 10, 12, 320, 5, 23, 30, 970 }, // U+00B2
    { 10, 12, 320, 5, 23, 30, 1000 }, // U+00B3
    { 6, 7, 320, 8, 26, 11, 1030 }, // U+00B4
    { 14, 25, 320, 3, 18, 88, 1041 }, // U+00B5
    { 16, 29, 320, 1, 24, 116, 1129 }, // U+00B6
    { 6, 4, 320, 7, 12, 6, 1245 }, // U+00B7
    { 8, 8, 320, 7, 1, 16, 1251 }, // U+00B8
    { 10, 12, 320, 5, 23, 30, 1267 }, // U+00B9
    { 12, 12, 320, 4, 24, 36, 1297 }, // U+00BA
    { 16, 16, 320, 2, 17, 64, 1333 }, // U+00BB
    { 20, 24, 320, 0, 24, 120, 1397 }, // U+00BC
    { 20, 24, 320, 0, 24, 120, 1517 }, // U+00BD
    { 20, 24, 320, 0, 24, 120, 1637 }, // U+00BE
    { 15, 25, 320, 3, 18, 94, 1757 }, // U+00BF
    { 18, 32, 320, 1, 32, 144, 1851 }, // U+00C0
    { 18, 32, 320, 1, 32, 144, 1995 }, // U+00C1
    { 18, 32, 320, 1, 32, 144, 2139 }, // U+00C2
    { 18, 31, 320, 1, 31, 140, 2283 }, // U+00C3
    { 18, 31, 320, 1, 31, 140, 2423 }, // U+00C4
    { 18, 33, 320, 1, 33, 149, 2563 }, // U+00C5
    { 18, 24, 320, 1, 24, 108, 2712 }, // U+00C6
    { 16, 31, 320, 2, 24, 124, 2820 }, // U+00C7
    { 15, 32, 320, 3, 32, 120, 2944 }, // U+00C8
    { 15, 32, 320, 3, 32, 120, 3064 }, // U+00C9
    { 15, 32, 320, 3, 32, 120, 3184 }, // U+00CA
    { 15, 31, 320, 3, 31, 117, 3304 }, // U+00CB
    { 16, 32, 320, 2, 32, 128, 3421 }, // U+00CC
    { 16, 32, 320, 2, 32, 128, 3549 }, // U+00CD
    { 16, 32, 320, 2, 32, 128, 3677 }, // U+00CE
    { 16, 31, 320, 2, 31, 124, 3805 }, // U+00CF
    { 19, 24, 320, 0, 24, 114, 3929 }, // U+00D0
    { 16, 31, 320, 2, 31, 124, 4043 }, // U+00D1
    { 18, 32, 320, 1, 32, 144, 4167 }, // U+00D2
    { 18, 32, 320, 1, 32, 144, 4311 }, // U+00D3
    { 18, 32, 320, 1, 32, 144, 4455 }, // U+00D4
    { 18, 31, 320, 1, 31, 140, 4599 }, // U+00D5
    { 18, 31, 320, 1, 31, 140, 4739 }, // U+00D6
    { 16, 15, 320, 2, 18, 60, 4879 }, // U+00D7
    { 18, 28, 320, 1, 26, 126, 4939 }, // U+00D8
    { 16, 32, 320, 2, 32, 128, 5065 }, // U+00D9
    { 16, 32, 320, 2, 32, 128, 5193 }, // U+00DA
    { 16, 32, 320, 2, 32, 128, 5321 }, // U+00DB
    { 16, 31, 320, 2, 31, 124, 5449 }, // U+00DC
    { 20, 32, 320, 0, 32, 160, 5573 }, // U+00DD
    { 16, 24, 320, 3, 24, 96, 5733 }, // U+00DE
    { 20, 25, 320, 0, 25, 125, 5829 }, // U+00DF
    { 17, 26, 320, 2, 26, 111, 5954 }, // U+00E0
    { 17, 26, 320, 2, 26, 111, 6065 }, // U+00E1
    { 17, 26, 320, 2, 26, 111, 6176 }, // U+00E2
    { 17, 25, 320, 2, 25, 107, 6287 }, // U+00E3
    { 17, 25, 320, 2, 25, 107, 6394 }, // U+00E4
    { 17, 28, 320, 2, 28, 119, 6501 }, // U+00E5
    { 20, 18, 320, 0, 18, 90, 6620 }, // U+00E6
    { 16, 25, 320, 2, 18, 100, 6710 }, // U+00E7
    { 16, 26, 320, 2, 26, 104, 6810 }, // U+00E8
    { 16, 26, 320, 2, 26, 104, 6914 }, // U+00E9
    { 16, 26, 320, 2, 26, 104, 7018 }, // U+00EA
    { 16, 25, 320, 2, 25, 100, 7122 }, // U+00EB
    { 16, 26, 320, 3, 26, 104, 7222 }, // U+00EC
    { 16, 26, 320, 3, 26, 104, 7326 }, // U+00ED
    { 16, 26, 320, 3, 26, 104, 7430 }, // U+00EE
    { 16, 25, 320, 3, 25, 100, 7534 }, // U+00EF
    { 16, 26, 320, 2, 26, 104, 7634 }, // U+00F0
    { 14, 25, 320, 3, 25, 88, 7738 }, // U+00F1
    { 16, 26, 320, 2, 26, 104, 7826 }, // U+00F2
    { 16, 26, 320, 2, 26, 104, 7930 }, // U+00F3
    { 16, 26, 320, 2, 26, 104, 8034 }, // U+00F4
    { 16, 25, 320, 2, 25, 100, 8138 }, // U+00F5
    { 16, 25, 320, 2, 25, 100, 8238 }, // U+00F6
    { 16, 17, 320, 2, 19, 68, 8338 }, // U+00F7
    { 18, 20, 320, 1, 19, 90, 8406 }, // U+00F8
    { 14, 26, 320, 3, 26, 91, 8496 }, // U+00F9
    { 14, 26, 320, 3, 26, 91, 8587 }, // U+00FA
    { 14, 26, 320, 3, 26, 91, 8678 }, // U+00FB
    { 14, 25, 320, 3, 25, 88, 8769 }, // U+00FC
    { 18, 33, 320, 1, 26, 149, 8857 }, // U+00FD
    { 15, 32, 320, 3, 25, 120, 9006 }, // U+00FE
    { 18, 32, 320, 1, 25, 144, 9126 }, // U+00FF
    { 18, 31, 320, 1, 31, 140, 0 }, // U+0100
    { 17, 25, 320, 2, 25, 107, 140 }, // U+0101
    { 18, 33, 320, 1, 33, 149, 247 }, // U+0102
    { 17, 27, 320, 2, 27, 115, 396 }, // U+0103
    { 19, 31, 320, 1, 24, 148, 511 }, // U+0104
    { 18, 25, 320, 2, 18, 113, 659 }, // U+0105
    { 16, 32, 320, 2, 32, 128, 772 }, // U+0106
    { 16, 26, 320, 2, 26, 104, 900 }, // U+0107
    { 16, 32, 320, 2, 32, 128, 1004 }, // U+0108
    { 16, 26, 320, 2, 26, 104, 1132 }, // U+0109
    { 16, 31, 320, 2, 31, 124, 1236 }, // U+010A
    { 16, 25, 320, 2, 25, 100, 1360 }, // U+010B
    { 16, 32, 320, 2, 32, 128, 1460 }, // U+010C
    { 16, 26, 320, 2, 26, 104, 1588 }, // U+010D
    { 16, 32, 320, 3, 32, 128, 1692 }, // U+010E
    { 21, 25, 320, 1, 25, 132, 1820 }, // U+010F
    { 19, 24, 320, 0, 24, 114, 1952 }, // U+0110
    { 17, 25, 320, 2, 25, 107, 2066 }, // U+0111
    { 15, 31, 320, 3, 31, 117, 2173 }, // U+0112
    { 16, 25, 320, 2, 25, 100, 2290 }, // U+0113
    { 15, 33, 320, 3, 33, 124, 2390 }, // U+0114
    { 16, 27, 320, 2, 27, 108, 2514 }, // U+0115
    { 15, 31, 320, 3, 31, 117, 2622 }, // U+0116
    { 16, 25, 320, 2, 25, 100, 2739 }, // U+0117
    { 16, 31, 320, 3, 24, 124, 2839 }, // U+0118
    { 16, 25, 320, 2, 18, 100, 2963 }, // U+0119
    { 15, 32, 320, 3, 32, 120, 3063 }, // U+011A
    { 16, 26, 320, 2, 26, 104, 3183 }, // U+011B
    { 17, 32, 320, 1, 32, 136, 3287 }, // U+011C
    { 15, 33, 320, 2, 26, 124, 3423 }, // U+011D
    { 17, 33, 320, 1, 33, 141, 3547 }, // U+011E
    { 15, 34, 320, 2, 27, 128, 3688 }, // U+011F
    { 17, 31, 320, 1, 31, 132, 3816 }, // U+0120
    { 15, 32, 320, 2, 25, 120, 3948 }, // U+0121
    { 17, 33, 320, 1, 24, 141, 4068 }, // U+0122
    { 15, 33, 320, 2, 26, 124, 4209 }, // U+0123
    { 16, 32, 320, 2, 32, 128, 4333 }, // U+0124
    { 18, 32, 320, -1, 32, 144, 4461 }, // U+0125
    { 20, 24, 320, 0, 24, 120, 4605 }, // U+0126
    { 16, 25, 320, 1, 25, 100, 4725 }, // U+0127
    { 16, 31, 320, 2, 31, 124, 4825 }, // U+0128
    { 16, 25, 320, 3, 25, 100, 4949 }, // U+0129
    { 16, 31, 320, 2, 31, 124, 5049 }, // U+012A
    { 16, 25, 320, 3, 25, 100, 5173 }, // U+012B
    { 16, 33, 320, 2, 33, 132, 5273 }, // U+012C
    { 16, 27, 320, 3, 27, 108, 5405 }, // U+012D
    { 16, 31, 320, 2, 24, 124, 5513 }, // U+012E
    { 16, 32, 320, 3, 25, 128, 5637 }, // U+012F
    { 16, 31, 320, 2, 31, 124, 5765 }, // U+0130
    { 16, 18, 320, 3, 18, 72, 5889 }, // U+0131
    { 15, 24, 320, 2, 24, 90, 5961 }, // U+0132
    { 14, 32, 320, 3, 25, 112, 6051 }, // U+0133
    { 14, 32, 320, 2, 32, 112, 6163 }, // U+0134
    { 16, 33, 320, 3, 26, 132, 6275 }, // U+0135
    { 18, 33, 320, 2, 24, 149, 6407 }, // U+0136
    { 17, 34, 320, 3, 25, 145, 6556 }, // U+0137
    { 17, 18, 320, 3, 18, 77, 6701 }, // U+0138
    { 15, 32, 320, 3, 32, 120, 6778 }, // U+0139
    { 16, 32, 320, 2, 32, 128, 6898 }, // U+013A
    { 14, 33, 320, 4, 24, 116, 7026 }, // U+013B
    { 16, 34, 320, 2, 25, 136, 7142 }, // U+013C
    { 14, 25, 320, 4, 25, 88, 7278 }, // U+013D
    { 16, 25, 320, 2, 25, 100, 7366 }, // U+013E
    { 14, 24, 320, 4, 24, 84, 7466 }, // U+013F
    { 17, 25, 320, 2, 25, 107, 7550 }, // U+0140
    { 17, 24, 320, 1, 24, 102, 7657 }, // U+0141
    { 16, 25, 320, 2, 25, 100, 7759 }, // U+0142
    { 16, 32, 320, 2, 32, 128, 7859 }, // U+0143
    { 14, 26, 320, 3, 26, 91, 7987 }, // U+0144
    { 16, 33, 320, 2, 24, 132, 8078 }, // U+0145
    { 14, 27, 320, 3, 18, 95, 8210 }, // U+0146
    { 16, 32, 320, 2, 32, 128, 8305 }, // U+0147
    { 14, 26, 320, 3, 26, 91, 8433 }, // U+0148
    { 17, 25, 320, 0, 25, 107, 8524 }, // U+0149
    { 16, 31, 320, 2, 24, 124, 8631 }, // U+014A
    { 14, 25, 320, 3, 18, 88, 8755 }, // U+014B
    { 18, 31, 320, 1, 31, 140, 8843 }, // U+014C
    { 16, 25, 320, 2, 25, 100, 8983 }, // U+014D
    { 18, 33, 320, 1, 33, 149, 9083 }, // U+014E
    { 16, 27, 320, 2, 27, 108, 9232 }, // U+014F
    { 18, 32, 320, 1, 32, 144, 9340 }, // U+0150
    { 16, 26, 320, 2, 26, 104, 9484 }, // U+0151
    { 18, 24, 320, 1, 24, 108, 9588 }, // U+0152
    { 20, 18, 320, 0, 18, 90, 9696 }, // U+0153
    { 16, 32, 320, 3, 32, 128, 9786 }, // U+0154
    { 17, 26, 320, 2, 26, 111, 9914 }, // U+0155
    { 16, 33, 320, 3, 24, 132, 10025 }, // U+0156
    { 17, 27, 320, 2, 18, 115, 10157 }, // U+0157
    { 16, 32, 320, 3, 32, 128, 10272 }, // U+0158
    { 17, 26, 320, 2, 26, 111, 10400 }, // U+0159
    { 18, 32, 320, 1, 32, 144, 10511 }, // U+015A
    { 16, 26, 320, 2, 26, 104, 10655 }, // U+015B
    { 18, 32, 320, 1, 32, 144, 10759 }, // U+015C
    { 16, 26, 320, 2, 26, 104, 10903 }, // U+015D
    { 18, 31, 320, 1, 24, 140, 11007 }, // U+015E
    { 16, 25, 320, 2, 18, 100, 11147 }, // U+015F
    { 18, 32, 320, 1, 32, 144, 11247 }, // U+0160
    { 16, 26, 320, 2, 26, 104, 11391 }, // U+0161
    { 20, 33, 320, 0, 24, 165, 11495 }, // U+0162
    { 17, 33, 320, 1, 24, 141, 11660 }, // U+0163
    { 20, 32, 320, 0, 32, 160, 11801 }, // U+0164
    { 17, 26, 320, 1, 26, 111, 11961 }, // U+0165
    { 20, 24, 320, 0, 24, 120, 12072 }, // U+0166
    { 17, 24, 320, 1, 24, 102, 12192 }, // U+0167
    { 16, 31, 320, 2, 31, 124, 12294 }, // U+0168
    { 14, 25, 320, 3, 25, 88, 12418 }, // U+0169
    { 16, 31, 320, 2, 31, 124, 12506 }, // U+016A
    { 14, 25, 320, 3, 25, 88, 12630 }, // U+016B
    { 16, 33, 320, 2, 33, 132, 12718 }, // U+016C
    { 14, 27, 320, 3, 27, 95, 12850 }, // U+016D
    { 16, 33, 320, 2, 33, 132, 12945 }, // U+016E
    { 14, 28, 320, 3, 28, 98, 13077 }, // U+016F
    { 16, 32, 320, 2, 32, 128, 13175 }, // U+0170
    { 14, 26, 320, 3, 26, 91, 13303 }, // U+0171
    { 16, 31, 320, 2, 24, 124, 13394 }, // U+0172
    { 15, 25, 320, 3, 18, 94, 13518 }, // U+0173
    { 18, 32, 320, 1, 32, 144, 13612 }, // U+0174
    { 18, 26, 320, 1, 26, 117, 13756 }, // U+0175
    { 20, 32, 320, 0, 32, 160, 13873 }, // U+0176
    { 18, 33, 320, 1, 26, 149, 14033 }, // U+0177
    { 20, 31, 320, 0, 31, 155, 14182 }, // U+0178
    { 18, 32, 320, 1, 32, 144, 14337 }, // U+0179
    { 16, 26, 320, 2, 26, 104, 14481 }, // U+017A
    { 18, 31, 320, 1, 31, 140, 14585 }, // U+017B
    { 16, 25, 320, 2, 25, 100, 14725 }, // U+017C
    { 18, 32, 320, 1, 32, 144, 14825 }, // U+017D
    { 16, 26, 320, 2, 26, 104, 14969 }, // U+017E
    { 18, 28, 320, 1, 28, 126, 0 }, // U+01A0
    { 16, 22, 320, 2, 22, 88, 126 }, // U+01A1
    { 18, 28, 320, 2, 28, 126, 214 }, // U+01AF
    { 17, 22, 320, 3, 22, 94, 340 }, // U+01B0
    { 18, 39, 320, 1, 39, 176, 434 }, // U+01FA
    { 17, 33, 320, 2, 33, 141, 610 }, // U+01FB
    { 18, 32, 320, 1, 32, 144, 751 }, // U+01FC
    { 20, 26, 320, 0, 26, 130, 895 }, // U+01FD
    { 18, 34, 320, 1, 32, 153, 1025 }, // U+01FE
    { 18, 27, 320, 1, 26, 122, 1178 }, // U+01FF
    { 18, 33, 320, 1, 24, 149, 1300 }, // U+0218
    { 16, 27, 320, 2, 18, 108, 1449 }, // U+0219
    { 20, 33, 320, 0, 24, 165, 1557 }, // U+021A
    { 17, 33, 320, 1, 24, 141, 1722 }, // U+021B
    { 6, 7, 0, -4, 26, 11, 0 }, // U+0300
    { 6, 7, 0, -2, 26, 11, 11 }, // U+0301
    { 12, 6, 0, -6, 26, 18, 22 }, // U+0302
    { 12, 4, 0, -6, 25, 12, 40 }, // U+0303
    { 10, 3, 0, -5, 25, 8, 52 }, // U+0304
    { 12, 7, 0, -6, 27, 21, 60 }, // U+0306
    { 4, 4, 0, -2, 25, 4, 81 }, // U+0307
    { 10, 4, 0, -5, 25, 10, 85 }, // U+0308
    { 7, 8, 0, -3, 27, 14, 95 }, // U+0309
    { 8, 8, 0, -4, 28, 16, 109 }, // U+030A
    { 12, 7, 0, -5, 26, 21, 125 }, // U+030B
    { 12, 6, 0, -6, 26, 18, 146 }, // U+030C
    { 5, 6, 0, -2, 26, 8, 164 }, // U+0312
    { 4, 6, 0, 0, 25, 6, 172 }, // U+0315
    { 6, 6, 0, -3, 22, 9, 178 }, // U+031B
    { 4, 4, 0, -2, -1, 4, 187 }, // U+0323
    { 5, 6, 0, -3, -3, 8, 191 }, // U+0326
    { 8, 8, 0, -3, 1, 16, 199 }, // U+0327
    { 8, 9, 0, -7, 2, 18, 215 }, // U+0328
    { 15, 32, 320, 3, 32, 120, 0 }, // U+0400
    { 15, 31, 320, 3, 31, 117, 120 }, // U+0401
    { 19, 30, 320, 0, 24, 143, 237 }, // U+0402
    { 14, 32, 320, 4, 32, 112, 380 }, // U+0403
    { 17, 24, 320, 2, 24, 102, 492 }, // U+0404
    { 18, 24, 320, 1, 24, 108, 594 }, // U+0405
    { 16, 24, 320, 2, 24, 96, 702 }, // U+0406
    { 16, 31, 320, 2, 31, 124, 798 }, // U+0407
    { 14, 24, 320, 2, 24, 84, 922 }, // U+0408
    { 20, 24, 320, 0, 24, 120, 1006 }, // U+0409
    { 20, 24, 320, 0, 24, 120, 1126 }, // U+040A
    { 19, 24, 320, 0, 24, 114, 1246 }, // U+040B
    { 17, 32, 320, 2, 32, 136, 1360 }, // U+040C
    { 16, 32, 320, 2, 32, 128, 1496 }, // U+040D
    { 18, 33, 320, 1, 33, 149, 1624 }, // U+040E
    { 16, 29, 320, 2, 24, 116, 1773 }, // U+040F
    { 18, 24, 320, 1, 24, 108, 1889 }, // U+0410
    { 16, 24, 320, 2, 24, 96, 1997 }, // U+0411
    { 17, 24, 320, 2, 24, 102, 2093 }, // U+0412
    { 14, 24, 320, 4, 24, 84, 2195 }, // U+0413
    { 20, 30, 320, 0, 24, 150, 2279 }, // U+0414
    { 15, 24, 320, 3, 24, 90, 2429 }, // U+0415
    { 20, 24, 320, 0, 24, 120, 2519 }, // U+0416
    { 17, 24, 320, 1, 24, 102, 2639 }, // U+0417
    { 16, 24, 320, 2, 24, 96, 2741 }, // U+0418
    { 16, 33, 320, 2, 33, 132, 2837 }, // U+0419
    { 17, 24, 320, 2, 24, 102, 2969 }, // U+041A
    { 18, 24, 320, 0, 24, 108, 3071 }, // U+041B
    { 16, 24, 320, 2, 24, 96, 3179 }, // U+041C
    { 16, 24, 320, 2, 24, 96, 3275 }, // U+041D
    { 18, 24, 320, 1, 24, 108, 3371 }, // U+041E
    { 16, 24, 320, 2, 24, 96, 3479 }, // U+041F
    { 16, 24, 320, 3, 24, 96, 3575 }, // U+0420
    { 16, 24, 320, 2, 24, 96, 3671 }, // U+0421
    { 20, 24, 320, 0, 24, 120, 3767 }, // U+0422
    { 18, 24, 320, 1, 24, 108, 3887 }, // U+0423
    { 20, 26, 320, 0, 25, 130, 3995 }, // U+0424
    { 20, 24, 320, 0, 24, 120, 4125 }, // U+0425
    { 18, 30, 320, 2, 24, 135, 4245 }, // U+0426
    { 16, 24, 320, 2, 24, 96, 4380 }, // U+0427
    { 18, 24, 320, 1, 24, 108, 4476 }, // U+0428
    { 20, 30, 320, 0, 24, 150, 4584 }, // U+0429
    { 20, 24, 320, 0, 24, 120, 4734 }, // U+042A
    { 18, 24, 320, 1, 24, 108, 4854 }, // U+042B
    { 16, 24, 320, 3, 24, 96, 4962 }, // U+042C
    { 17, 24, 320, 1, 24, 102, 5058 }, // U+042D
    { 18, 24, 320, 1, 24, 108, 5160 }, // U+042E
    { 17, 24, 320, 1, 24, 102, 5268 }, // U+042F
    { 17, 18, 320, 2, 18, 77, 5370 }, // U+0430
    { 16, 26, 320, 2, 26, 104, 5447 }, // U+0431
    { 15, 18, 320, 3, 18, 68, 5551 }, // U+0432
    { 13, 18, 320, 4, 18, 59, 5619 }, // U+0433
    { 19, 23, 320, 0, 18, 110, 5678 }, // U+0434
    { 16, 18, 320, 2, 18, 72, 5788 }, // U+0435
    { 18, 18, 320, 1, 18, 81, 5860 }, // U+0436
    { 15, 18, 320, 2, 18, 68, 5941 }, // U+0437
    { 14, 18, 320, 3, 18, 63, 6009 }, // U+0438
    { 14, 27, 320, 3, 27, 95, 6072 }, // U+0439
    { 15, 18, 320, 3, 18, 68, 6167 }, // U+043A
    { 17, 18, 320, 0, 18, 77, 6235 }, // U+043B
    { 16, 18, 320, 2, 18, 72, 6312 }, // U+043C
    { 14, 18, 320, 3, 18, 63, 6384 }, // U+043D
    { 16, 18, 320, 2, 18, 72, 6447 }, // U+043E
    { 14, 18, 320, 3, 18, 63, 6519 }, // U+043F
    { 15, 25, 320, 3, 18, 94, 6582 }, // U+0440
    { 16, 18, 320, 2, 18, 72, 6676 }, // U+0441
    { 16, 18, 320, 2, 18, 72, 6748 }, // U+0442
    { 18, 25, 320, 1, 18, 113, 6820 }, // U+0443
    { 18, 31, 320, 1, 24, 140, 6933 }, // U+0444
    { 16, 18, 320, 2, 18, 72, 7073 }, // U+0445
    { 17, 23, 320, 2, 18, 98, 7145 }, // U+0446
    { 15, 18, 320, 2, 18, 68, 7243 }, // U+0447
    { 18, 18, 320, 1, 18, 81, 7311 }, // U+0448
    { 20, 23, 320, 0, 18, 115, 7392 }, // U+0449
    { 19, 18, 320, 0, 18, 86, 7507 }, // U+044A
    { 18, 18, 320, 1, 18, 81, 7593 }, // U+044B
    { 15, 18, 320, 3, 18, 68, 7674 }, // U+044C
    { 16, 18, 320, 2, 18, 72, 7742 }, // U+044D
    { 18, 18, 320, 1, 18, 81, 7814 }, // U+044E
    { 15, 18, 320, 2, 18, 68, 7895 }, // U+044F
    { 16, 26, 320, 2, 26, 104, 7963 }, // U+0450
    { 16, 25, 320, 2, 25, 100, 8067 }, // U+0451
    { 16, 32, 320, 1, 25, 128, 8167 }, // U+0452
    { 13, 26, 320, 4, 26, 85, 8295 }, // U+0453
    { 16, 18, 320, 2, 18, 72, 8380 }, // U+0454
    { 16, 18, 320, 2, 18, 72, 8452 }, // U+0455
    { 15, 25, 320, 3, 25, 94, 8524 }, // U+0456
    { 16, 25, 320, 3, 25, 100, 8618 }, // U+0457
    { 12, 33, 320, 3, 26, 99, 8718 }, // U+0458
    { 20, 18, 320, 0, 18, 90, 8817 }, // U+0459
    { 18, 18, 320, 1, 18, 81, 8907 }, // U+045A
    { 16, 25, 320, 1, 25, 100, 8988 }, // U+045B
    { 15, 26, 320, 3, 26, 98, 9088 }, // U+045C
    { 14, 26, 320, 3, 26, 91, 9186 }, // U+045D
    { 18, 34, 320, 1, 27, 153, 9277 }, // U+045E
    { 14, 23, 320, 3, 18, 81, 9430 }, // U+045F
    { 18, 24, 320, 1, 24, 108, 9511 }, // U+0472
    { 16, 18, 320, 2, 18, 72, 9619 }, // U+0473
    { 14, 29, 320, 4, 29, 102, 9691 }, // U+0490
    { 13, 23, 320, 4, 23, 75, 9793 }, // U+0491
    { 18, 24, 320, 1, 24, 108, 9868 }, // U+0492
    { 17, 18, 320, 1, 18, 77, 9976 }, // U+0493
    { 16, 30, 320, 2, 24, 120, 10053 }, // U+0494
    { 15, 25, 320, 3, 18, 94, 10173 }, // U+0495
    { 22, 29, 320, -1, 24, 160, 10267 }, // U+0496
    { 20, 23, 320, 0, 18, 115, 10427 }, // U+0497
    { 17, 29, 320, 1, 24, 124, 10542 }, // U+0498
    { 15, 23, 320, 2, 18, 87, 10666 }, // U+0499
    { 17, 29, 320, 2, 24, 124, 10753 }, // U+049A
    { 15, 23, 320, 3, 18, 87, 10877 }, // U+049B
    { 18, 24, 320, 2, 24, 108, 10964 }, // U+049C
    { 17, 18, 320, 2, 18, 77, 11072 }, // U+049D
    { 20, 24, 320, 0, 24, 120, 11149 }, // U+04A0
    { 19, 18, 320, 0, 18, 86, 11269 }, // U+04A1
    { 18, 29, 320, 2, 24, 131, 11355 }, // U+04A2
    { 17, 23, 320, 2, 18, 98, 11486 }, // U+04A3
    { 18, 24, 320, 1, 24, 108, 11584 }, // U+04A4
    { 19, 18, 320, 1, 18, 86, 11692 }, // U+04A5
    { 16, 29, 320, 2, 24, 116, 11778 }, // U+04AA
    { 16, 23, 320, 2, 18, 92, 11894 }, // U+04AB
    { 20, 24, 320, 0, 24, 120, 11986 }, // U+04AE
    { 16, 25, 320, 2, 18, 100, 12106 }, // U+04AF
    { 20, 24, 320, 0, 24, 120, 12206 }, // U+04B0
    { 16, 25, 320, 2, 18, 100, 12326 }, // U+04B1
    { 21, 29, 320, 0, 24, 153, 12426 }, // U+04B2
    { 18, 23, 320, 2, 18, 104, 12579 }, // U+04B3
    { 19, 29, 320, 1, 24, 138, 12683 }, // U+04B6
    { 17, 23, 320, 2, 18, 98, 12821 }, // U+04B7
    { 16, 24, 320, 2, 24, 96, 12919 }, // U+04B8
    { 15, 18, 320, 2, 18, 68, 13015 }, // U+04B9
    { 16, 24, 320, 2, 24, 96, 13083 }, // U+04BA
    { 14, 25, 320, 3, 25, 88, 13179 }, // U+04BB
    { 16, 24, 320, 2, 24, 96, 13267 }, // U+04C0
    { 20, 33, 320, 0, 33, 165, 13363 }, // U+04C1
    { 18, 27, 320, 1, 27, 122, 13528 }, // U+04C2
    { 16, 26, 320, 2, 26, 104, 13650 }, // U+04CF
    { 18, 33, 320, 1, 33, 149, 13754 }, // U+04D0
    { 17, 27, 320, 2, 27, 115, 13903 }, // U+04D1
    { 18, 31, 320, 1, 31, 140, 14018 }, // U+04D2
    { 17, 25, 320, 2, 25, 107, 14158 }, // U+04D3
    { 18, 24, 320, 1, 24, 108, 14265 }, // U+04D4
    { 20, 18, 320, 0, 18, 90, 14373 }, // U+04D5
    { 15, 33, 320, 3, 33, 124, 14463 }, // U+04D6
    { 16, 27, 320, 2, 27, 108, 14587 }, // U+04D7
    { 18, 24, 320, 1, 24, 108, 14695 }, // U+04D8
    { 16, 18, 320, 2, 18, 72, 14803 }, // U+04D9
    { 20, 31, 320, 0, 31, 155, 14875 }, // U+04DC
    { 18, 25, 320, 1, 25, 113, 15030 }, // U+04DD
    { 17, 31, 320, 1, 31, 132, 15143 }, // U+04DE
    { 15, 25, 320, 2, 25, 94, 15275 }, // U+04DF
    { 16, 31, 320, 2, 31, 124, 15369 }, // U+04E2
    { 14, 25, 320, 3, 25, 88, 15493 }, // U+04E3
    { 16, 31, 320, 2, 31, 124, 15581 }, // U+04E4
    { 14, 25, 320, 3, 25, 88, 15705 }, // U+04E5
    { 18, 31, 320, 1, 31, 140, 15793 }, // U+04E6
    { 16, 25, 320, 2, 25, 100, 15933 }, // U+04E7
    { 18, 24, 320, 1, 24, 108, 16033 }, // U+04E8
    { 16, 18, 320, 2, 18, 72, 16141 }, // U+04E9
    { 18, 31, 320, 1, 31, 140, 16213 }, // U+04EE
    { 18, 32, 320, 1, 25, 144, 16353 }, // U+04EF
    { 18, 31, 320, 1, 31, 140, 16497 }, // U+04F0
    { 18, 32, 320, 1, 25, 144, 16637 }, // U+04F1
    { 18, 32, 320, 1, 32, 144, 16781 }, // U+04F2
    { 18, 33, 320, 1, 26, 149, 16925 }, // U+04F3
    { 16, 31, 320, 2, 31, 124, 17074 }, // U+04F4
    { 15, 25, 320, 2, 25, 94, 17198 }, // U+04F5
    { 18, 31, 320, 1, 31, 140, 17292 }, // U+04F8
    { 18, 25, 320, 1, 25, 113, 17432 }, // U+04F9
    { 18, 29, 320, 1, 24, 131, 0 }, // U+1EA0
    { 17, 23, 320, 2, 18, 98, 131 }, // U+1EA1
    { 18, 33, 320, 1, 33, 149, 229 }, // U+1EA2
    { 17, 27, 320, 2, 27, 115, 378 }, // U+1EA3
    { 18, 38, 320, 1, 38, 171, 493 }, // U+1EA4
    { 17, 32, 320, 2, 32, 136, 664 }, // U+1EA5
    { 18, 38, 320, 1, 38, 171, 800 }, // U+1EA6
    { 19, 32, 320, 0, 32, 152, 971 }, // U+1EA7
    { 18, 37, 320, 1, 37, 167, 1123 }, // U+1EA8
    { 17, 31, 320, 2, 31, 132, 1290 }, // U+1EA9
    { 18, 36, 320, 1, 36, 162, 1422 }, // U+1EAA
    { 17, 31, 320, 2, 31, 132, 1584 }, // U+1EAB
    { 18, 37, 320, 1, 32, 167, 1716 }, // U+1EAC
    { 17, 31, 320, 2, 26, 132, 1883 }, // U+1EAD
    { 18, 37, 320, 1, 37, 167, 2015 }, // U+1EAE
    { 17, 31, 320, 2, 31, 132, 2182 }, // U+1EAF
    { 18, 37, 320, 1, 37, 167, 2314 }, // U+1EB0
    { 17, 31, 320, 2, 31, 132, 2481 }, // U+1EB1
    { 18, 37, 320, 1, 37, 167, 2613 }, // U+1EB2
    { 17, 31, 320, 2, 31, 132, 2780 }, // U+1EB3
    { 18, 37, 320, 1, 37, 167, 2912 }, // U+1EB4
    { 17, 31, 320, 2, 31, 132, 3079 }, // U+1EB5
    { 18, 38, 320, 1, 33, 171, 3211 }, // U+1EB6
    { 17, 32, 320, 2, 27, 136, 3382 }, // U+1EB7
    { 15, 29, 320, 3, 24, 109, 3518 }, // U+1EB8
    { 16, 23, 320, 2, 18, 92, 3627 }, // U+1EB9
    { 15, 33, 320, 3, 33, 124, 3719 }, // U+1EBA
    { 16, 27, 320, 2, 27, 108, 3843 }, // U+1EBB
    { 15, 31, 320, 3, 31, 117, 3951 }, // U+1EBC
    { 16, 25, 320, 2, 25, 100, 4068 }, // U+1EBD
    { 16, 38, 320, 3, 38, 152, 4168 }, // U+1EBE
    { 17, 32, 320, 2, 32, 136, 4320 }, // U+1EBF
    { 17, 38, 320, 1, 38, 162, 4456 }, // U+1EC0
    { 17, 32, 320, 1, 32, 136, 4618 }, // U+1EC1
    { 15, 37, 320, 3, 37, 139, 4754 }, // U+1EC2
    { 16, 31, 320, 2, 31, 124, 4893 }, // U+1EC3
    { 15, 36, 320, 3, 36, 135, 5017 }, // U+1EC4
    { 16, 31, 320, 2, 31, 124, 5152 }, // U+1EC5
    { 15, 37, 320, 3, 32, 139, 5276 }, // U+1EC6
    { 16, 31, 320, 2, 26, 124, 5415 }, // U+1EC7
    { 16, 33, 320, 2, 33, 132, 5539 }, // U+1EC8
    { 16, 27, 320, 3, 27, 108, 5671 }, // U+1EC9
    { 16, 29, 320, 2, 24, 116, 5779 }, // U+1ECA
    { 15, 30, 320, 3, 25, 113, 5895 }, // U+1ECB
    { 18, 29, 320, 1, 24, 131, 6008 }, // U+1ECC
    { 16, 23, 320, 2, 18, 92, 6139 }, // U+1ECD
    { 18, 33, 320, 1, 33, 149, 6231 }, // U+1ECE
    { 16, 27, 320, 2, 27, 108, 6380 }, // U+1ECF
    { 18, 38, 320, 1, 38, 171, 6488 }, // U+1ED0
    { 17, 32, 320, 2, 32, 136, 6659 }, // U+1ED1
    { 18, 38, 320, 1, 38, 171, 6795 }, // U+1ED2
    { 17, 32, 320, 1, 32, 136, 6966 }, // U+1ED3
    { 18, 37, 320, 1, 37, 167, 7102 }, // U+1ED4
    { 16, 31, 320, 2, 31, 124, 7269 }, // U+1ED5
    { 18, 36, 320, 1, 36, 162, 7393 }, // U+1ED6
    { 16, 31, 320, 2, 31, 124, 7555 }, // U+1ED7
    { 18, 37, 320, 1, 32, 167, 7679 }, // U+1ED8
    { 16, 31, 320, 2, 26, 124, 7846 }, // U+1ED9
    { 18, 32, 320, 1, 32, 144, 7970 }, // U+1EDA
    { 16, 26, 320, 2, 26, 104, 8114 }, // U+1EDB
    { 18, 32, 320, 1, 32, 144, 8218 }, // U+1EDC
    { 16, 26, 320, 2, 26, 104, 8362 }, // U+1EDD
    { 18, 33, 320, 1, 33, 149, 8466 }, // U+1EDE
    { 16, 27, 320, 2, 27, 108, 8615 }, // U+1EDF
    { 18, 31, 320, 1, 31, 140, 8723 }, // U+1EE0
    { 16, 24, 320, 2, 24, 96, 8863 }, // U+1EE1
    { 18, 33, 320, 1, 28, 149, 8959 }, // U+1EE2
    { 16, 27, 320, 2, 22, 108, 9108 }, // U+1EE3
    { 16, 29, 320, 2, 24, 116, 9216 }, // U+1EE4
    { 14, 23, 320, 3, 18, 81, 9332 }, // U+1EE5
    { 16, 33, 320, 2, 33, 132, 9413 }, // U+1EE6
    { 14, 27, 320, 3, 27, 95, 9545 }, // U+1EE7
    { 18, 32, 320, 2, 32, 144, 9640 }, // U+1EE8
    { 17, 26, 320, 3, 26, 111, 9784 }, // U+1EE9
    { 18, 32, 320, 2, 32, 144, 9895 }, // U+1EEA
    { 17, 26, 320, 3, 26, 111, 10039 }, // U+1EEB
    { 18, 33, 320, 2, 33, 149, 10150 }, // U+1EEC
    { 17, 27, 320, 3, 27, 115, 10299 }, // U+1EED
    { 18, 31, 320, 2, 31, 140, 10414 }, // U+1EEE
    { 17, 24, 320, 3, 24, 102, 10554 }, // U+1EEF
    { 18, 33, 320, 2, 28, 149, 10656 }, // U+1EF0
    { 17, 27, 320, 3, 22, 115, 10805 }, // U+1EF1
    { 20, 32, 320, 0, 32, 160, 10920 }, // U+1EF2
    { 18, 33, 320, 1, 26, 149, 11080 }, // U+1EF3
    { 20, 29, 320, 0, 24, 145, 11229 }, // U+1EF4
    { 18, 25, 320, 1, 18, 113, 11374 }, // U+1EF5
    { 20, 33, 320, 0, 33, 165, 11487 }, // U+1EF6
    { 18, 34, 320, 1, 27, 153, 11652 }, // U+1EF7
    { 20, 31, 320, 0, 31, 155, 11805 }, // U+1EF8
    { 18, 32, 320, 1, 25, 144, 11960 }, // U+1EF9
    { 16, 3, 320, 2, 12, 12, 0 }, // U+2013
    { 20, 3, 320, 0, 12, 15, 12 }, // U+2014
    { 7, 9, 320, 6, 25, 16, 27 }, // U+2018
    { 7, 9, 320, 7, 25, 16, 43 }, // U+2019
    { 7, 9, 320, 6, 4, 16, 59 }, // U+201A
    { 15, 9, 320, 2, 25, 34, 75 }, // U+201C
    { 15, 9, 320, 3, 25, 34, 109 }, // U+201D
    { 15, 9, 320, 3, 4, 34, 143 }, // U+201E
    { 16, 32, 320, 2, 25, 128, 177 }, // U+2020
    { 16, 32, 320, 2, 25, 128, 305 }, // U+2021
    { 8, 6, 320, 6, 13, 12, 433 }, // U+2022
    { 18, 4, 320, 1, 4, 18, 445 }, // U+2026
    { 21, 24, 370, 1, 24, 126, 463 }, // U+2030
    { 9, 16, 320, 5, 17, 36, 589 }, // U+2039
    { 9, 16, 320, 6, 17, 36, 625 }, // U+203A
    { 20, 24, 320, 0, 24, 120, 661 }, // U+2044
    { 10, 12, 320, 5, 23, 30, 0 }, // U+2070
    { 12, 12, 320, 4, 23, 36, 30 }, // U+2074
    { 10, 12, 320, 5, 23, 30, 66 }, // U+2075
    { 10, 12, 320, 5, 23, 30, 96 }, // U+2076
    { 10, 12, 320, 5, 23, 30, 126 }, // U+2077
    { 10, 12, 320, 5, 23, 30, 156 }, // U+2078
    { 10, 12, 320, 5, 23, 30, 186 }, // U+2079
    { 10, 12, 320, 5, 12, 30, 216 }, // U+2080
    { 10, 12, 320, 5, 12, 30, 246 }, // U+2081
    { 10, 12, 320, 5, 12, 30, 276 }, // U+2082
    { 10, 12, 320, 5, 12, 30, 306 }, // U+2083
    { 12, 12, 320, 4, 12, 36, 336 }, // U+2084
    { 10, 12, 320, 5, 12, 30, 372 }, // U+2085
    { 10, 12, 320, 5, 12, 30, 402 }, // U+2086
    { 10, 12, 320, 5, 12, 30, 432 }, // U+2087
    { 10, 12, 320, 5, 12, 30, 462 }, // U+2088
    { 10, 12, 320, 5, 12, 30, 492 }, // U+2089
    { 16, 32, 320, 2, 28, 128, 0 }, // U+20A1
    { 18, 24, 320, 1, 24, 108, 128 }, // U+20A4
    { 20, 24, 320, 0, 24, 120, 236 }, // U+20A6
    { 19, 24, 320, 1, 24, 114, 356 }, // U+20A8
    { 20, 24, 320, 0, 24, 120, 470 }, // U+20A9
    { 18, 24, 320, 1, 24, 108, 590 }, // U+20AA
    { 17, 25, 320, 2, 25, 107, 698 }, // U+20AB
    { 16, 24, 320, 2, 24, 96, 805 }, // U+20AC
    { 19, 24, 320, 0, 24, 114, 901 }, // U+20AD
    { 20, 24, 320, 0, 24, 120, 1015 }, // U+20AE
    { 20, 24, 320, 0, 24, 120, 1135 }, // U+20B1
    { 17, 32, 320, 1, 28, 136, 1255 }, // U+20B2
    { 20, 24, 320, 0, 24, 120, 1391 }, // U+20B4
    { 16, 32, 320, 2, 28, 128, 1511 }, // U+20B5
    { 18, 24, 320, 1, 24, 108, 1639 }, // U+20B8
    { 18, 24, 320, 1, 24, 108, 1747 }, // U+20B9
    { 18, 24, 320, 1, 24, 108, 1855 }, // U+20BA
    { 18, 24, 320, 1, 24, 108, 1963 }, // U+20BD
    { 17, 32, 320, 2, 28, 136, 2071 }, // U+20BF
    { 20, 14, 320, 0, 19, 70, 0 }, // U+2190
    { 14, 24, 320, 3, 24, 84, 70 }, // U+2191
    { 20, 14, 320, 0, 19, 70, 154 }, // U+2192
    { 14, 24, 320, 3, 23, 84, 224 }, // U+2193
    { 20, 14, 320, 0, 19, 70, 308 }, // U+2194
    { 14, 25, 320, 3, 24, 88, 378 }, // U+2195
    { 19, 18, 320, 1, 21, 86, 466 }, // U+2196
    { 19, 18, 320, 0, 21, 86, 552 }, // U+2197
    { 19, 18, 320, 0, 21, 86, 638 }, // U+2198
    { 19, 18, 320, 1, 21, 86, 724 }, // U+2199
    { 20, 19, 320, 0, 21, 95, 810 }, // U+21A9
    { 20, 19, 320, 0, 21, 95, 905 }, // U+21AA
    { 17, 24, 320, 1, 23, 102, 1000 }, // U+21B0
    { 17, 24, 320, 2, 23, 102, 1102 }, // U+21B1
    { 17, 24, 320, 1, 24, 102, 1204 }, // U+21B2
    { 17, 24, 320, 2, 24, 102, 1306 }, // U+21B3
    { 20, 21, 320, 0, 23, 105, 1408 }, // U+21B6
    { 20, 21, 320, 0, 23, 105, 1513 }, // U+21B7
    { 20, 24, 320, 0, 24, 120, 1618 }, // U+21BA
    { 20, 24, 320, 0, 24, 120, 1738 }, // U+21BB
    { 20, 24, 320, 0, 24, 120, 1858 }, // U+21C4
    { 20, 24, 320, 0, 24, 120, 1978 }, // U+21C6
    { 16, 24, 320, 2, 24, 96, 0 }, // U+2202
    { 18, 23, 320, 1, 23, 104, 96 }, // U+2206
    { 16, 24, 320, 2, 24, 96, 200 }, // U+220F
    { 16, 30, 320, 2, 23, 120, 296 }, // U+2211
    { 16, 3, 320, 2, 12, 12, 416 }, // U+2212
    { 20, 23, 320, 0, 23, 115, 428 }, // U+221A
    { 20, 12, 320, 0, 16, 60, 543 }, // U+221E
    { 17, 32, 320, 1, 25, 136, 603 }, // U+222B
    { 18, 11, 320, 1, 16, 50, 739 }, // U+2248
    { 16, 17, 320, 2, 19, 68, 789 }, // U+2260
    { 16, 20, 320, 2, 20, 80, 857 }, // U+2264
    { 16, 20, 320, 2, 20, 80, 937 }, // U+2265
    { 17, 25, 320, 1, 25, 107, 0 }, // U+FB01
    { 16, 25, 320, 1, 25, 100, 107 }, // U+FB02
};

static const EpdUnicodeInterval notosans_16_regularIntervals[] = {
    { 0x20, 0x7E, 0x0 },
    { 0xA0, 0xA3, 0x5F },
    { 0xA5, 0x17E, 0x63 },
    { 0x1A0, 0x1A1, 0x13D },
    { 0x1AF, 0x1B0, 0x13F },
    { 0x1FA, 0x1FF, 0x141 },
    { 0x218, 0x21B, 0x147 },
    { 0x300, 0x304, 0x14B },
    { 0x306, 0x30C, 0x150 },
    { 0x312, 0x312, 0x157 },
    { 0x315, 0x315, 0x158 },
    { 0x31B, 0x31B, 0x159 },
    { 0x323, 0x323, 0x15A },
    { 0x326, 0x328, 0x15B },
    { 0x400, 0x45F, 0x15E },
    { 0x472, 0x473, 0x1BE },
    { 0x490, 0x49D, 0x1C0 },
    { 0x4A0, 0x4A5, 0x1CE },
    { 0x4AA, 0x4AB, 0x1D4 },
    { 0x4AE, 0x4B3, 0x1D6 },
    { 0x4B6, 0x4BB, 0x1DC },
    { 0x4C0, 0x4C2, 0x1E2 },
    { 0x4CF, 0x4D9, 0x1E5 },
    { 0x4DC, 0x4DF, 0x1F0 },
    { 0x4E2, 0x4E9, 0x1F4 },
    { 0x4EE, 0x4F5, 0x1FC },
    { 0x4F8, 0x4F9, 0x204 },
    { 0x1EA0, 0x1EF9, 0x206 },
    { 0x2013, 0x2014, 0x260 },
    { 0x2018, 0x201A, 0x262 },
    { 0x201C, 0x201E, 0x265 },
    { 0x2020, 0x2022, 0x268 },
    { 0x2026, 0x2026, 0x26B },
    { 0x2030, 0x2030, 0x26C },
    { 0x2039, 0x203A, 0x26D },
    { 0x2044, 0x2044, 0x26F },
    { 0x2070, 0x2070, 0x270 },
    { 0x2074, 0x2079, 0x271 },
    { 0x2080, 0x2089, 0x277 },
    { 0x20A1, 0x20A1, 0x281 },
    { 0x20A4, 0x20A4, 0x282 },
    { 0x20A6, 0x20A6, 0x283 },
    { 0x20A8, 0x20AE, 0x284 },
    { 0x20B1, 0x20B2, 0x28B },
    { 0x20B4, 0x20B5, 0x28D },
    { 0x20B8, 0x20BA, 0x28F },
    { 0x20BD, 0x20BD, 0x292 },
    { 0x20BF, 0x20BF, 0x293 },
    { 0x2190, 0x2199, 0x294 },
    { 0x21A9, 0x21AA, 0x29E },
    { 0x21B0, 0x21B3, 0x2A0 },
    { 0x21B6, 0x21B7, 0x2A4 },
    { 0x21BA, 0x21BB, 0x2A6 },
    { 0x21C4, 0x21C4, 0x2A8 },
    { 0x21C6, 0x21C6, 0x2A9 },
    { 0x2202, 0x2202, 0x2AA },
    { 0x2206, 0x2206, 0x2AB },
    { 0x220F, 0x220F, 0x2AC },
    { 0x2211, 0x2212, 0x2AD },
    { 0x221A, 0x221A, 0x2AF },
    { 0x221E, 0x221E, 0x2B0 },
    { 0x222B, 0x222B, 0x2B1 },
    { 0x2248, 0x2248, 0x2B2 },
    { 0x2260, 0x2260, 0x2B3 },
    { 0x2264, 0x2265, 0x2B4 },
    { 0xFB01, 0xFB02, 0x2B6 },
};

static const EpdFontGroup notosans_16_regularGroups[] = {
    { 0, 3170, 8619, 95, 0 },
    { 3170, 2556, 9823, 95, 95 },
    { 5726, 3323, 16024, 127, 190 },
    { 9049, 854, 2036, 14, 317 },
    { 9903, 206, 255, 19, 331 },
    { 10109, 4582, 18778, 168, 350 },
    { 14691, 2025, 13212, 90, 518 },
    { 16716, 316, 837, 16, 608 },
    { 17032, 258, 612, 17, 624 },
    { 17290, 1080, 2357, 19, 641 },
    { 18370, 717, 2222, 22, 660 },
    { 19087, 465, 1057, 12, 682 },
    { 19552, 67, 225, 2, 694 },
};

static const EpdFontData notosans_16_regular = {
    notosans_16_regularBitmaps,
    notosans_16_regularGlyphs,
    notosans_16_regularIntervals,
    66,
    43,
    35,
    -10,
    true,
    notosans_16_regularGroups,
    13,
    nullptr,
    nullptr,
    nullptr,
    nullptr,
    nullptr,
    nullptr,
    nullptr,
    nullptr,
    nullptr,
    nullptr,
    nullptr,
    0,
    0,
    0,
    0,
    nullptr,
    0,
};
