/**
 * generated by fontconvert.py
 * name: ubuntu_10_bold
 * size: 10
 * mode: 1-bit
 * Command used: fontconvert.py ubuntu_10_bold 10 ../builtinFonts/source/iAWriterMonoS/iAWriterMonoS-Bold.ttf ../builtinFonts/source/NotoSansHebrew/NotoSansHebrew-Bold.ttf ../builtinFonts/source/NotoSansArabic/NotoSansArabic-Bold.ttf ../builtinFonts/source/Ubuntu/Ubuntu-Vietnamese-Bold.ttf --additional-intervals 0x05D0,0x05EA --additional-intervals 0x060C,0x060C --additional-intervals 0x061B,0x061B --additional-intervals 0x061F,0x061F --additional-intervals 0x0621,0x0621 --additional-intervals 0x0640,0x0640 --additional-intervals 0x0654,0x0654 --additional-intervals 0x0660,0x0669 --additional-intervals 0x06BA,0x06BA --additional-intervals 0x06D4,0x06D4 --additional-intervals 0x06D5,0x06D5 --additional-intervals 0x06F0,0x06F9 --additional-intervals 0xFB56,0xFB59 --additional-intervals 0xFB66,0xFB69 --additional-intervals 0xFB7A,0xFB7D --additional-intervals 0xFB88,0xFB95 --additional-intervals 0xFB9E,0xFB9F --additional-intervals 0xFBA6,0xFBB1 --additional-intervals 0xFBFC,0xFBFF --additional-intervals 0xFE80,0xFEFC
 */
#pragma once
#include "EpdFontData.h"

static const uint8_t ubuntu_10_boldBitmaps[22397] = {
    0xF7, 0xBD, 0xEF, 0x39, 0xCC, 0x60, 0x01, 0xFF, 0xFF, 0xE0, 0xF7, 0xF7, 0xF7, 0xF7, 0xF7, 0xF7,
    0xF7, 0x0E, 0xE0, 0x77, 0x07, 0xB8, 0x3B, 0xC7, 0xFF, 0xBF, 0xFD, 0xFF, 0xC3, 0xB8, 0xFF, 0xF7,
    0xFF, 0xBF, 0xFC, 0x77, 0x03, 0xB8, 0x1D, 0xC1, 0xFE, 0x00, 0x07, 0x00, 0x70, 0x1F, 0xC3, 0xFE,
    0x7F, 0xF7, 0xFE, 0x77, 0x07, 0xF0, 0x7F, 0xC3, 0xFE, 0x0F, 0xF0, 0x7F, 0x07, 0x77, 0x7F, 0xFF,
    0xF7, 0xFE, 0x3F, 0xC0, 0x70, 0x07, 0x00, 0x7C, 0x7F, 0xE3, 0xBB, 0xBD, 0xDD, 0xCE, 0xEE, 0x77,
    0xE3, 0xF7, 0x0F, 0xBC, 0x1F, 0xF1, 0xDF, 0x8E, 0xCE, 0xEE, 0x77, 0x3B, 0xF9, 0xFB, 0x87, 0x80,
    0x1F, 0x01, 0xFC, 0x1F, 0xF0, 0xF3, 0x07, 0x80, 0x3C, 0x00, 0xF3, 0xC7, 0xDE, 0x7F, 0xF7, 0xFF,
    0x3D, 0xF9, 0xE7, 0x8F, 0xFE, 0x3F, 0xF8, 0xFB, 0xE0, 0xFF, 0xFF, 0xFF, 0xF0, 0x0F, 0x0F, 0x0F,
    0x07, 0x07, 0x03, 0x81, 0xC1, 0xE0, 0xF0, 0x78, 0x3C, 0x0E, 0x07, 0x03, 0x80, 0xE0, 0x78, 0x1E,
    0x07, 0x80, 0x78, 0x3C, 0x1C, 0x1E, 0x0E, 0x07, 0x07, 0x07, 0x07, 0x07, 0x07, 0x07, 0x07, 0x0E,
    0x1E, 0x1C, 0x3C, 0x78, 0x07, 0x00, 0x70, 0x67, 0x27, 0xFF, 0xFF, 0xF3, 0xFE, 0x1F, 0x81, 0xFC,
    0x3D, 0xE3, 0x9E, 0x10, 0x80, 0x0E, 0x01, 0xC0, 0x38, 0x7F, 0xEF, 0xFF, 0xFF, 0xC3, 0x80, 0x70,
    0x0E, 0x01, 0xC0, 0x7D, 0xE7, 0x9E, 0x73, 0xCE, 0x00, 0x7F, 0x7F, 0x7F, 0xFF, 0xFF, 0xF0, 0x01,
    0xC0, 0xF0, 0x38, 0x0E, 0x07, 0x81, 0xC0, 0xF0, 0x3C, 0x0E, 0x07, 0x81, 0xE0, 0x70, 0x3C, 0x0E,
    0x03, 0x81, 0xE0, 0x70, 0x3C, 0x0F, 0x00, 0x1F, 0x83, 0xFE, 0x7F, 0xE7, 0x8F, 0x70, 0xFF, 0x0F,
    0xF7, 0xFF, 0x7F, 0xF6, 0xFF, 0x0F, 0x70, 0xF7, 0x8F, 0x7F, 0xE3, 0xFE, 0x1F, 0x80, 0x1F, 0x80,
    0xFC, 0x0F, 0xE0, 0xFF, 0x07, 0xF8, 0x3B, 0xC0, 0x9E, 0x00, 0xF0, 0x07, 0x80, 0x3C, 0x01, 0xE0,
    0x0F, 0x03, 0xFF, 0x1F, 0xF8, 0xFF, 0xC0, 0x1F, 0x83, 0xFE, 0x7F, 0xE7, 0x1E, 0x30, 0xF0, 0x1F,
    0x01, 0xE0, 0x3E, 0x07, 0xC0, 0xF8, 0x1F, 0x03, 0xE0, 0x7F, 0xF7, 0xFF, 0x7F, 0xF0, 0x1F, 0xC7,
    0xFE, 0x7F, 0xE3, 0x1F, 0x00, 0xF0, 0x1E, 0x0F, 0xC0, 0xFC, 0x0F, 0xE0, 0x0F, 0x20, 0xF7, 0x0F,
    0xFF, 0xE7, 0xFE, 0x3F, 0xC0, 0x03, 0xC0, 0x7C, 0x0F, 0xC0, 0xFC, 0x1D, 0xC1, 0xDC, 0x39, 0xC7,
    0x9C, 0x71, 0xCF, 0xFF, 0xFF, 0xFF, 0xFF, 0x01, 0xC0, 0x1C, 0x01, 0xC0, 0x3F, 0xE7, 0xFE, 0x7F,
    0xE7, 0x80, 0x70, 0x07, 0x38, 0x7F, 0xE7, 0xFF, 0x7D, 0xF0, 0x0F, 0x10, 0xF7, 0x0F, 0x7F, 0xF7,
    0xFE, 0x1F, 0xC0, 0x07, 0xC0, 0xF8, 0x1F, 0x03, 0xE0, 0x3C, 0x07, 0xB8, 0x7F, 0xE7, 0xFE, 0xFD,
    0xFF, 0x8F, 0x70, 0xF7, 0x8F, 0x7F, 0xF3, 0xFE, 0x1F, 0xC0, 0xFF, 0xFF, 0xFF, 0xFF, 0xF0, 0xFE,
    0x3C, 0x07, 0x81, 0xE0, 0x3C, 0x07, 0x81, 0xE0, 0x3C, 0x0F, 0x01, 0xE0, 0x3C, 0x0F, 0x00, 0x1F,
    0xC3, 0xFE, 0x7F, 0xE7, 0x8F, 0x78, 0xF7, 0x9E, 0x3F, 0xC3, 0xFE, 0x7F, 0xE7, 0x8F, 0xF0, 0xFF,
    0x8F, 0x7F, 0xF7, 0xFE, 0x1F, 0xC0, 0x1F, 0x83, 0xFE, 0x7F, 0xE7, 0x8F, 0xF0, 0xFF, 0x0F, 0xF8,
    0xF7, 0xFF, 0x7F, 0xF3, 0xFE, 0x01, 0xE0, 0x3C, 0x07, 0xC0, 0xF8, 0x3F, 0x00, 0xFF, 0xFF, 0xF0,
    0x00, 0x1F, 0xFF, 0xFE, 0x7D, 0xF7, 0xDF, 0x00, 0x00, 0x1F, 0x79, 0xE7, 0x9C, 0xF3, 0x80, 0x00,
    0x40, 0x70, 0x7C, 0x7F, 0x7F, 0x3F, 0x0F, 0x03, 0xF0, 0x7F, 0x07, 0xF0, 0x7C, 0x0F, 0x00, 0xC0,
    0xFF, 0xDF, 0xFF, 0xFF, 0x80, 0x00, 0x01, 0xFF, 0xBF, 0xFF, 0xFF, 0x40, 0x3C, 0x0F, 0x81, 0xF8,
    0x3F, 0x83, 0xF0, 0x3C, 0x1F, 0x1F, 0xDF, 0xCF, 0xC3, 0xC0, 0xC0, 0x00, 0x3F, 0x1F, 0xEF, 0xFF,
    0xCF, 0x23, 0xC0, 0xF0, 0x7C, 0x7E, 0x1F, 0x07, 0x80, 0x00, 0x78, 0x1E, 0x07, 0x81, 0xE0, 0x1F,
    0x83, 0xFE, 0x7F, 0xE7, 0x0F, 0x77, 0xF7, 0x7F, 0x7F, 0xFF, 0xE7, 0xFE, 0x7F, 0xE7, 0x7E, 0x77,
    0xF7, 0x77, 0xF7, 0x7F, 0x3F, 0x03, 0xFC, 0x1F, 0xC0, 0x38, 0x0F, 0x80, 0xFC, 0x07, 0xE0, 0x3F,
    0x83, 0xFC, 0x1F, 0xE0, 0xF7, 0x87, 0x3C, 0x79, 0xE3, 0xFF, 0x1F, 0xFC, 0xFF, 0xEF, 0x0F, 0x78,
    0x7B, 0xC1, 0xE0, 0xFF, 0x9F, 0xFB, 0xFF, 0x79, 0xEF, 0x1D, 0xE7, 0xBF, 0xF7, 0xFC, 0xFF, 0xDE,
    0x7F, 0xC7, 0xF8, 0xFF, 0xFF, 0xFF, 0xBF, 0xE0, 0x1F, 0xC3, 0xFE, 0x3F, 0xF7, 0x8F, 0x78, 0xF7,
    0x80, 0x78, 0x0F, 0x80, 0x78, 0x07, 0x80, 0x78, 0xE7, 0x8F, 0x3F, 0xF3, 0xFE, 0x1F, 0xC0, 0xFF,
    0x1F, 0xF3, 0xFF, 0x78, 0xFF, 0x1F, 0xE3, 0xFC, 0x7F, 0x8F, 0xF1, 0xFE, 0x3F, 0xC7, 0xF8, 0xFF,
    0xFD, 0xFF, 0x3F, 0xC0, 0xFF, 0xFF, 0xFF, 0xFF, 0xC0, 0xF0, 0x3C, 0x0F, 0xFF, 0xFF, 0xFF, 0xFC,
    0x0F, 0x03, 0xC0, 0xFF, 0xFF, 0xFF, 0xFC, 0xFF, 0xFF, 0xFF, 0xFF, 0x78, 0x0F, 0x01, 0xE0, 0x3F,
    0xF7, 0xFE, 0xFF, 0xDE, 0x03, 0xC0, 0x78, 0x0F, 0x01, 0xE0, 0x3C, 0x00, 0x1F, 0x83, 0xFE, 0x7F,
    0xE7, 0x8F, 0x78, 0xE7, 0x00, 0xF0, 0x0F, 0x3F, 0xF3, 0xFF, 0x3F, 0x78, 0xF7, 0x8F, 0x7F, 0xF3,
    0xFF, 0x1F, 0xF0, 0xF1, 0xFE, 0x3F, 0xC7, 0xF8, 0xFF, 0x1F, 0xE3, 0xFF, 0xFF, 0xFF, 0xFF, 0xFE,
    0x3F, 0xC7, 0xF8, 0xFF, 0x1F, 0xE3, 0xFC, 0x78, 0xFF, 0xFF, 0xFF, 0xFC, 0x78, 0x1E, 0x07, 0x81,
    0xE0, 0x78, 0x1E, 0x07, 0x81, 0xE0, 0x78, 0xFF, 0xFF, 0xFF, 0xFC, 0x3F, 0xE7, 0xFC, 0x7F, 0x80,
    0xF0, 0x1E, 0x03, 0xC0, 0x78, 0x0F, 0x01, 0xE0, 0x3C, 0xC7, 0xB8, 0xF7, 0xFE, 0x7F, 0x87, 0xE0,
    0xF1, 0xEF, 0x3E, 0xF3, 0xCF, 0x78, 0xFF, 0x8F, 0xF0, 0xFF, 0x0F, 0xF0, 0xFF, 0x0F, 0xF8, 0xF7,
    0xCF, 0x3C, 0xF3, 0xEF, 0x1E, 0xF1, 0xF0, 0x70, 0x0E, 0x01, 0xC0, 0x38, 0x07, 0x00, 0xE0, 0x1C,
    0x03, 0x80, 0x70, 0x0E, 0x01, 0xC0, 0x38, 0x07, 0xFE, 0xFF, 0xDF, 0xF8, 0xF8, 0xFF, 0x9F, 0xFD,
    0xFF, 0xDF, 0xFF, 0xFF, 0xFF, 0xFF, 0x7F, 0xF7, 0xF7, 0x7F, 0x67, 0xF6, 0x7F, 0x27, 0xF0, 0x7F,
    0x07, 0xF0, 0x70, 0xF9, 0xFF, 0x3F, 0xE7, 0xFE, 0xFF, 0xDF, 0xFB, 0xFF, 0xFF, 0x7F, 0xEF, 0xFD,
    0xFF, 0x9F, 0xF3, 0xFE, 0x7F, 0xC7, 0xF8, 0xF8, 0x1F, 0x83, 0xFE, 0x7F, 0xE7, 0x8F, 0x70, 0xFF,
    0x0F, 0xF0, 0xFF, 0x0F, 0xF0, 0xFF, 0x0F, 0x70, 0xF7, 0x8F, 0x7F, 0xE3, 0xFE, 0x1F, 0x80, 0xFF,
    0x9F, 0xFB, 0xFF, 0xF8, 0xFF, 0x1F, 0xE3, 0xFC, 0xFF, 0xFE, 0xFF, 0xDF, 0xE3, 0xC0, 0x78, 0x0F,
    0x01, 0xE0, 0x3C, 0x00, 0x1F, 0x80, 0xFF, 0x87, 0xFE, 0x1E, 0x3C, 0x70, 0xF3, 0xC3, 0xCF, 0x0F,
    0x3C, 0x3C, 0xF0, 0xF3, 0xC3, 0xC7, 0x7F, 0x1E, 0xFC, 0x7F, 0xE0, 0xFF, 0xC1, 0xFF, 0x80, 0x0F,
    0xFF, 0x9F, 0xFB, 0xFF, 0xF8, 0xFF, 0x1F, 0xE3, 0xFC, 0xFF, 0xFE, 0xFF, 0xDF, 0xF3, 0xDE, 0x79,
    0xEF, 0x3D, 0xE3, 0xFC, 0x78, 0x1F, 0xC3, 0xFF, 0x7F, 0xE7, 0x84, 0x78, 0x07, 0xE0, 0x7F, 0xC3,
    0xFE, 0x1F, 0xF0, 0x1F, 0x00, 0xF7, 0x0F, 0x7F, 0xE7, 0xFE, 0x3F, 0xC0, 0xFF, 0xFF, 0xFF, 0xFF,
    0xF0, 0xF0, 0x0F, 0x00, 0xF0, 0x0F, 0x00, 0xF0, 0x0F, 0x00, 0xF0, 0x0F, 0x00, 0xF0, 0x0F, 0x00,
    0xF0, 0x0F, 0x00, 0xF1, 0xFE, 0x3F, 0xC7, 0xF8, 0xFF, 0x1F, 0xE3, 0xFC, 0x7F, 0x8F, 0xF1, 0xFE,
    0x3F, 0xC7, 0xF8, 0xEF, 0xFC, 0xFF, 0x8F, 0xE0, 0xF0, 0x7F, 0x87, 0xBE, 0x3C, 0xF1, 0xE7, 0x8F,
    0x3C, 0xF1, 0xE7, 0x87, 0xBC, 0x3D, 0xE1, 0xEE, 0x07, 0xF0, 0x3F, 0x81, 0xF8, 0x0F, 0xC0, 0x3E,
    0x00, 0xE0, 0x7F, 0x03, 0xF8, 0x1D, 0xC0, 0xEE, 0xF7, 0x7F, 0xBB, 0xFD, 0xDF, 0xFE, 0xFF, 0xF7,
    0xFF, 0xBF, 0xFC, 0xFB, 0xE7, 0xDF, 0x3E, 0xF9, 0xF7, 0xC0, 0xF8, 0xF3, 0xC7, 0x9F, 0x78, 0x7B,
    0xC3, 0xFC, 0x0F, 0xE0, 0x7E, 0x01, 0xF0, 0x1F, 0x80, 0xFE, 0x0F, 0xF0, 0x7B, 0xC7, 0x9E, 0x3C,
    0x7B, 0xC3, 0xC0, 0xF0, 0xFF, 0xC7, 0x9E, 0x3C, 0xF3, 0xC3, 0xDE, 0x1F, 0xE0, 0x7F, 0x03, 0xF0,
    0x0F, 0x80, 0x78, 0x03, 0xC0, 0x1E, 0x00, 0xF0, 0x07, 0x80, 0x3C, 0x00, 0xFF, 0xFF, 0xFF, 0xFF,
    0x81, 0xE0, 0x78, 0x1F, 0x03, 0xC0, 0xF0, 0x3E, 0x07, 0x81, 0xE0, 0x7C, 0x0F, 0xFF, 0xFF, 0xFF,
    0xF8, 0xFF, 0xFF, 0xFF, 0xF0, 0xF0, 0xF0, 0xF0, 0xF0, 0xF0, 0xF0, 0xF0, 0xF0, 0xF0, 0xF0, 0xF0,
    0xF0, 0xFF, 0xFF, 0xFF, 0xF0, 0x1C, 0x07, 0x81, 0xE0, 0x38, 0x0F, 0x03, 0xC0, 0x70, 0x1E, 0x03,
    0x80, 0xE0, 0x3C, 0x07, 0x01, 0xE0, 0x78, 0x0E, 0x03, 0xC0, 0xF0, 0x1C, 0x7F, 0x7F, 0x7F, 0x07,
    0x07, 0x07, 0x07, 0x07, 0x07, 0x07, 0x07, 0x07, 0x07, 0x07, 0x07, 0x07, 0x7F, 0x7F, 0x7F, 0x0F,
    0x00, 0xF8, 0x1F, 0x81, 0xFC, 0x3D, 0xC3, 0x9E, 0x78, 0xE7, 0x0F, 0xF0, 0x72, 0x06, 0xFF, 0xDF,
    0xFF, 0xFF, 0x80, 0x67, 0xBC, 0xF3, 0x80, 0x3F, 0x1F, 0xF3, 0xFF, 0x01, 0xE7, 0xFD, 0xFF, 0xBC,
    0xF7, 0x9E, 0xFF, 0xFF, 0xFD, 0xF7, 0x80, 0xF0, 0x1E, 0x03, 0xC0, 0x78, 0x0F, 0xF9, 0xFF, 0xBF,
    0xFF, 0x8F, 0xF1, 0xFE, 0x3F, 0xC7, 0xF8, 0xFF, 0xFF, 0xFF, 0xBF, 0xE0, 0x3F, 0x8F, 0xF9, 0xFF,
    0x78, 0xCF, 0x01, 0xE0, 0x3C, 0x07, 0x8C, 0x7F, 0xCF, 0xF8, 0xFE, 0x00, 0x00, 0xF0, 0x0F, 0x00,
    0xF0, 0x0F, 0x3E, 0xF7, 0xFF, 0x7F, 0xF7, 0x8F, 0xF0, 0xFF, 0x0F, 0xF0, 0xF7, 0x8F, 0x7F, 0xF7,
    0xFF, 0x3E, 0xF0, 0x3F, 0x0F, 0xFB, 0xFF, 0x78, 0xFF, 0xFF, 0xFF, 0xFF, 0xFF, 0x84, 0xFF, 0xCF,
    0xF8, 0xFE, 0x00, 0x0F, 0xE1, 0xFC, 0x7F, 0x8F, 0x0F, 0xFF, 0xFF, 0xFF, 0xF8, 0xF0, 0x1E, 0x03,
    0xC0, 0x78, 0x0F, 0x0F, 0xFD, 0xFF, 0xBF, 0xF0, 0x3E, 0xF7, 0xFF, 0x7F, 0xF7, 0x8F, 0xF0, 0xFF,
    0x0F, 0xF0, 0xF7, 0x8F, 0x7F, 0xF7, 0xFF, 0x3E, 0xF0, 0x0E, 0x3F, 0xE7, 0xFE, 0x3F, 0x80, 0xF0,
    0x1E, 0x03, 0xC0, 0x78, 0x0F, 0xF9, 0xFF, 0xBF, 0xF7, 0x8F, 0xF1, 0xFE, 0x3F, 0xC7, 0xF8, 0xFF,
    0x1F, 0xE3, 0xFC, 0x78, 0x0F, 0x01, 0xE0, 0x3C, 0x00, 0x07, 0xF0, 0xFE, 0x1F, 0xC0, 0x78, 0x0F,
    0x01, 0xE0, 0x3C, 0x07, 0x87, 0xFE, 0xFF, 0xDF, 0xF8, 0x07, 0x83, 0xC1, 0xE0, 0x0F, 0xFF, 0xFD,
    0xFE, 0x0F, 0x07, 0x83, 0xC1, 0xE0, 0xF0, 0x78, 0x3C, 0x1E, 0x0E, 0x7F, 0x3F, 0x9F, 0x80, 0xF0,
    0x0F, 0x00, 0xF0, 0x0F, 0x00, 0xF3, 0xEF, 0x7C, 0xF7, 0x8F, 0xF0, 0xFE, 0x0F, 0xF0, 0xFF, 0x8F,
    0x78, 0xF3, 0xCF, 0x3E, 0xF1, 0xE0, 0xFE, 0x1F, 0xC3, 0xF8, 0x0F, 0x01, 0xE0, 0x3C, 0x07, 0x80,
    0xF0, 0x1E, 0x03, 0xC0, 0x78, 0x0F, 0x0F, 0xFD, 0xFF, 0xBF, 0xF0, 0xFE, 0xEF, 0xFF, 0xFF, 0xFE,
    0x77, 0xE7, 0x7E, 0x77, 0xE7, 0x7E, 0x77, 0xE7, 0x7E, 0x77, 0xE7, 0x70, 0xFF, 0x9F, 0xFB, 0xFF,
    0x78, 0xFF, 0x1F, 0xE3, 0xFC, 0x7F, 0x8F, 0xF1, 0xFE, 0x3F, 0xC7, 0x80, 0x1F, 0xC3, 0xFE, 0x7F,
    0xE7, 0x8F, 0x70, 0xF7, 0x0F, 0x70, 0xF7, 0x8F, 0x7F, 0xE3, 0xFE, 0x1F, 0xC0, 0xFF, 0x9F, 0xFB,
    0xFF, 0xF8, 0xFF, 0x1F, 0xE3, 0xFC, 0x7F, 0x8F, 0xFF, 0xFF, 0xFB, 0xFE, 0x78, 0x0F, 0x01, 0xE0,
    0x3C, 0x00, 0x3E, 0xF7, 0xFF, 0x7F, 0xF7, 0x8F, 0xF0, 0xFF, 0x0F, 0xF0, 0xF7, 0x8F, 0x7F, 0xF7,
    0xFF, 0x3E, 0xF0, 0x0F, 0x00, 0xF0, 0x0F, 0x00, 0xF0, 0xFD, 0xFF, 0xFF, 0xFF, 0x8F, 0x01, 0xE0,
    0x38, 0x07, 0x00, 0xE0, 0xFF, 0xDF, 0xFB, 0xFF, 0x00, 0x3F, 0x8F, 0xFB, 0xFF, 0x78, 0x4F, 0xF0,
    0xFF, 0x87, 0xF2, 0x0E, 0xFF, 0xDF, 0xF9, 0xFE, 0x00, 0x1E, 0x01, 0xE0, 0x1E, 0x01, 0xE0, 0xFF,
    0xEF, 0xFE, 0x7F, 0xE1, 0xE0, 0x1E, 0x01, 0xE0, 0x1E, 0x01, 0xE0, 0x0F, 0xE0, 0xFE, 0x07, 0xE0,
    0xF1, 0xFE, 0x3F, 0xC7, 0xF8, 0xFF, 0x1F, 0xE3, 0xFC, 0x7F, 0x8F, 0xFF, 0xEF, 0xFD, 0xF7, 0x80,
    0xF0, 0xF7, 0x8F, 0x78, 0xE7, 0x9E, 0x3D, 0xE3, 0xDC, 0x3D, 0xC1, 0xFC, 0x1F, 0x80, 0xF8, 0x0F,
    0x80, 0xE7, 0x7F, 0x7B, 0xFB, 0xDD, 0xDF, 0xEE, 0xFF, 0x7F, 0xF9, 0xFF, 0xCF, 0xBE, 0x7D, 0xF3,
    0xEF, 0x9F, 0x7C, 0x78, 0xF3, 0xEF, 0x0F, 0xF0, 0x3F, 0x81, 0xF8, 0x07, 0xC0, 0x7E, 0x03, 0xF8,
    0x3F, 0xE3, 0xCF, 0x3C, 0x3C, 0xF0, 0xF3, 0xC7, 0x9E, 0x38, 0xF3, 0xC3, 0xDE, 0x1E, 0xE0, 0x7F,
    0x03, 0xF0, 0x1F, 0x80, 0x7C, 0x03, 0xC0, 0x1E, 0x07, 0xE0, 0x3F, 0x01, 0xF0, 0x00, 0xFF, 0xDF,
    0xFB, 0xFF, 0x03, 0xC0, 0xF8, 0x3E, 0x0F, 0x83, 0xE0, 0xFF, 0xDF, 0xFF, 0xFF, 0x80, 0x0F, 0xC7,
    0xF1, 0xFC, 0x70, 0x1C, 0x03, 0x80, 0xF0, 0x1C, 0x7F, 0x1F, 0x87, 0xE0, 0x3C, 0x07, 0x03, 0x81,
    0xE0, 0x70, 0x1F, 0xC7, 0xF0, 0xFC, 0x77, 0x77, 0x77, 0x77, 0x77, 0x77, 0x77, 0x77, 0x77, 0x7E,
    0x1F, 0x87, 0xF0, 0x3C, 0x0E, 0x07, 0x81, 0xC0, 0x70, 0x1F, 0xC3, 0xF1, 0xFC, 0x78, 0x1C, 0x07,
    0x80, 0xE0, 0x3C, 0x7F, 0x1F, 0x87, 0xE0, 0x3C, 0x77, 0xFF, 0x7F, 0xE7, 0x3E, 0xFF, 0xFF, 0xF0,
    0x01, 0x8C, 0x73, 0xBD, 0xEF, 0x7B, 0xC0, 0x0E, 0x01, 0xC0, 0x7C, 0x1F, 0xE7, 0xFD, 0xFF, 0xBF,
    0x87, 0xF0, 0xFE, 0x1F, 0xC3, 0xFF, 0x3F, 0xE7, 0xFC, 0x3F, 0x03, 0x80, 0x70, 0x0F, 0xC3, 0xFF,
    0x3F, 0xF3, 0xC6, 0x78, 0x03, 0x80, 0x3C, 0x07, 0xFC, 0x7F, 0xC7, 0xF8, 0x1E, 0x03, 0xC0, 0x7F,
    0xF7, 0xFF, 0x7F, 0xF0, 0xF0, 0x7F, 0x87, 0x9E, 0x3C, 0xF1, 0xC7, 0x9E, 0x1E, 0xF0, 0xF7, 0x03,
    0xF8, 0x7F, 0xF3, 0xFF, 0x9F, 0xF8, 0x1E, 0x07, 0xFE, 0x3F, 0xF9, 0xFF, 0xC0, 0x77, 0x77, 0x77,
    0x70, 0x00, 0x07, 0x77, 0x77, 0x77, 0x3F, 0x8F, 0xF9, 0xFF, 0x38, 0x47, 0x80, 0xFE, 0x0F, 0xF3,
    0xFE, 0xE1, 0xFC, 0x3B, 0xF7, 0x3F, 0xC3, 0xF8, 0x0F, 0x80, 0x73, 0x9E, 0x7F, 0x8F, 0xF0, 0x30,
    0x00, 0xF7, 0xFB, 0xFD, 0xE0, 0x1F, 0x81, 0xCF, 0x19, 0x9D, 0x9F, 0x6D, 0xFF, 0x7E, 0xEF, 0xF0,
    0x7F, 0x83, 0xFD, 0xDE, 0xFF, 0xB3, 0xEC, 0xCC, 0xE3, 0x9E, 0x0F, 0xC0, 0x7E, 0x3F, 0x19, 0xC0,
    0xE7, 0xF7, 0x3B, 0xFC, 0xFF, 0x08, 0x43, 0x19, 0xF7, 0xFF, 0xEF, 0x79, 0xCE, 0x3D, 0xE3, 0xDE,
    0x3D, 0xE3, 0x18, 0x00, 0x00, 0xFF, 0xFF, 0xFF, 0xFC, 0x07, 0x01, 0xC0, 0x70, 0x1C, 0x7F, 0x7F,
    0x7F, 0x3E, 0x3B, 0xBF, 0xDF, 0xAF, 0xD7, 0xF9, 0xDC, 0x7C, 0xFF, 0xFF, 0xF8, 0x3E, 0x3F, 0xBF,
    0xDC, 0x6E, 0x37, 0xF9, 0xFC, 0x7C, 0x0E, 0x01, 0xC0, 0x38, 0x7F, 0xFF, 0xFF, 0xFF, 0x83, 0x80,
    0x70, 0x0E, 0x00, 0x03, 0xFF, 0x7F, 0xFF, 0xFE, 0x7D, 0xF9, 0x38, 0xF3, 0xCF, 0x3F, 0x7F, 0x7E,
    0x7F, 0x0E, 0x1E, 0x1E, 0x27, 0x7F, 0x7E, 0x00, 0xE3, 0xDE, 0x71, 0xC2, 0x00, 0xF1, 0xFE, 0x3F,
    0xC7, 0xF8, 0xFF, 0x1F, 0xE3, 0xFC, 0x7F, 0x8F, 0xFF, 0xFF, 0xFF, 0xF7, 0xF0, 0x0F, 0x01, 0xE0,
    0x3C, 0x00, 0x3F, 0xF7, 0xFF, 0x7F, 0xFF, 0xF7, 0xFF, 0x7F, 0xF7, 0xFF, 0x77, 0xF7, 0x3F, 0x70,
    0x77, 0x07, 0x70, 0x77, 0x07, 0x70, 0x77, 0x07, 0x70, 0x77, 0x07, 0x70, 0x77, 0xFF, 0xFF, 0xF0,
    0x30, 0x60, 0xF3, 0xF7, 0xC7, 0x00, 0x79, 0xF1, 0xE1, 0xC3, 0x87, 0x1F, 0x3F, 0x3E, 0x3F, 0xB9,
    0xDC, 0xEE, 0x77, 0x39, 0xFC, 0x7C, 0x42, 0x1C, 0xE3, 0xDE, 0x3D, 0xE7, 0xDE, 0x7B, 0xDE, 0xFF,
    0xFE, 0xF7, 0x98, 0xC0, 0x00, 0x00, 0x78, 0x3F, 0xC3, 0x9E, 0x18, 0x71, 0xC3, 0x9C, 0x3C, 0xE3,
    0xF6, 0x0F, 0x80, 0x1C, 0xF0, 0xE7, 0x8E, 0x7C, 0x77, 0xE7, 0x3F, 0xF0, 0xFB, 0x81, 0xC0, 0x78,
    0x3F, 0xC3, 0x9E, 0x18, 0x71, 0xC3, 0x9C, 0x3C, 0xE3, 0xF6, 0x0F, 0x80, 0x1D, 0xF0, 0xFF, 0x8E,
    0x0C, 0x70, 0xE7, 0x0E, 0x71, 0xFB, 0x8F, 0xE0, 0xFC, 0x3F, 0xE3, 0x87, 0x18, 0x79, 0xC3, 0xDC,
    0x7E, 0xE3, 0xF6, 0x04, 0x00, 0x1C, 0xF0, 0xE7, 0x8E, 0x7C, 0x77, 0xE7, 0x3F, 0xF0, 0xFB, 0x81,
    0xC0, 0x1F, 0x03, 0xE0, 0x7C, 0x0F, 0x80, 0x00, 0x1E, 0x07, 0xC3, 0xF8, 0x7C, 0x1E, 0x03, 0xC0,
    0x78, 0xE7, 0xFC, 0xFF, 0x8F, 0xE0, 0x04, 0x00, 0xE0, 0x07, 0x80, 0x1C, 0x00, 0x70, 0x03, 0x00,
    0x3E, 0x03, 0xF0, 0x1F, 0x80, 0xFE, 0x0F, 0xF0, 0x7F, 0x83, 0xDE, 0x1C, 0xF1, 0xE7, 0x8F, 0xFC,
    0x7F, 0xF3, 0xFF, 0xBC, 0x3D, 0xE1, 0xEF, 0x07, 0x80, 0x01, 0x80, 0x1E, 0x00, 0xE0, 0x0F, 0x00,
    0x70, 0x03, 0x00, 0x3E, 0x03, 0xF0, 0x1F, 0x80, 0xFE, 0x0F, 0xF0, 0x7F, 0x83, 0xDE, 0x1C, 0xF1,
    0xE7, 0x8F, 0xFC, 0x7F, 0xF3, 0xFF, 0xBC, 0x3D, 0xE1, 0xEF, 0x07, 0x80, 0x0F, 0x00, 0xFC, 0x0F,
    0xF0, 0x73, 0x81, 0x08, 0x07, 0xC0, 0x7E, 0x03, 0xF0, 0x1F, 0xC1, 0xFE, 0x0F, 0xF0, 0x7B, 0xC3,
    0x9E, 0x3C, 0xF1, 0xFF, 0x8F, 0xFE, 0x7F, 0xF7, 0x87, 0xBC, 0x3D, 0xE0, 0xF0, 0x3F, 0xC1, 0xFE,
    0x07, 0xF0, 0x00, 0x00, 0xF8, 0x0F, 0xC0, 0x7E, 0x03, 0xF8, 0x3F, 0xC1, 0xFE, 0x0F, 0x78, 0x73,
    0xC7, 0x9E, 0x3F, 0xF1, 0xFF, 0xCF, 0xFE, 0xF0, 0xF7, 0x87, 0xBC, 0x1E, 0x3F, 0xE1, 0xFF, 0x0F,
    0xF8, 0x00, 0x00, 0xF8, 0x0F, 0xC0, 0x7E, 0x03, 0xF8, 0x3F, 0xC1, 0xFE, 0x0F, 0x78, 0x73, 0xC7,
    0x9E, 0x3F, 0xF1, 0xFF, 0xCF, 0xFE, 0xF0, 0xF7, 0x87, 0xBC, 0x1E, 0x0F, 0x00, 0xFC, 0x07, 0x70,
    0x3B, 0x81, 0xF8, 0x07, 0x80, 0x3E, 0x03, 0xF0, 0x1F, 0x80, 0xFE, 0x0F, 0xF0, 0x7F, 0x83, 0xDE,
    0x1C, 0xF1, 0xE7, 0x8F, 0xFC, 0x7F, 0xF3, 0xFF, 0xBC, 0x3D, 0xE1, 0xEF, 0x07, 0x80, 0x0F, 0xF8,
    0x7F, 0xC7, 0xFE, 0x3F, 0x81, 0xFC, 0x0F, 0xE0, 0xFF, 0xE7, 0xFF, 0x3F, 0xF9, 0xFE, 0x0F, 0xF0,
    0xFF, 0x87, 0xBF, 0xBD, 0xFD, 0xCF, 0xE0, 0x1F, 0xC3, 0xFE, 0x3F, 0xF7, 0x8F, 0x78, 0xF7, 0x80,
    0x78, 0x0F, 0x80, 0x78, 0x07, 0x80, 0x78, 0xE7, 0x8F, 0x3F, 0xF3, 0xFE, 0x1F, 0xC0, 0x60, 0x07,
    0xC0, 0xFC, 0x0F, 0x80, 0x08, 0x0F, 0x03, 0xC0, 0x78, 0x0E, 0x03, 0x0F, 0xFF, 0xFF, 0xFF, 0xFC,
    0x0F, 0x03, 0xC0, 0xFF, 0xFF, 0xFF, 0xFF, 0xC0, 0xF0, 0x3C, 0x0F, 0xFF, 0xFF, 0xFF, 0xC0, 0x03,
    0x01, 0xE0, 0x70, 0x3C, 0x0E, 0x03, 0x0F, 0xFF, 0xFF, 0xFF, 0xFC, 0x0F, 0x03, 0xC0, 0xFF, 0xFF,
    0xFF, 0xFF, 0xC0, 0xF0, 0x3C, 0x0F, 0xFF, 0xFF, 0xFF, 0xC0, 0x1E, 0x0F, 0xC7, 0xF9, 0xCE, 0x21,
    0x3F, 0xFF, 0xFF, 0xFF, 0xF0, 0x3C, 0x0F, 0x03, 0xFF, 0xFF, 0xFF, 0xFF, 0x03, 0xC0, 0xF0, 0x3F,
    0xFF, 0xFF, 0xFF, 0x7B, 0xDE, 0xF7, 0xBC, 0x00, 0xFF, 0xFF, 0xFF, 0xFF, 0xC0, 0xF0, 0x3C, 0x0F,
    0xFF, 0xFF, 0xFF, 0xFC, 0x0F, 0x03, 0xC0, 0xFF, 0xFF, 0xFF, 0xFC, 0x08, 0x0F, 0x03, 0xC0, 0x78,
    0x0E, 0x03, 0x0F, 0xFF, 0xFF, 0xFF, 0xC7, 0x81, 0xE0, 0x78, 0x1E, 0x07, 0x81, 0xE0, 0x78, 0x1E,
    0x07, 0x8F, 0xFF, 0xFF, 0xFF, 0xC0, 0x03, 0x01, 0xE0, 0x70, 0x3C, 0x0E, 0x03, 0x0F, 0xFF, 0xFF,
    0xFF, 0xC7, 0x81, 0xE0, 0x78, 0x1E, 0x07, 0x81, 0xE0, 0x78, 0x1E, 0x07, 0x8F, 0xFF, 0xFF, 0xFF,
    0xC0, 0x1E, 0x0F, 0xC7, 0xF9, 0xCE, 0x21, 0x3F, 0xFF, 0xFF, 0xFF, 0x1E, 0x07, 0x81, 0xE0, 0x78,
    0x1E, 0x07, 0x81, 0xE0, 0x78, 0x1E, 0x3F, 0xFF, 0xFF, 0xFF, 0x7B, 0xDE, 0xF7, 0xBC, 0x00, 0xFF,
    0xFF, 0xFF, 0xFC, 0x78, 0x1E, 0x07, 0x81, 0xE0, 0x78, 0x1E, 0x07, 0x81, 0xE0, 0x78, 0xFF, 0xFF,
    0xFF, 0xFC, 0x7F, 0x87, 0xFC, 0x7F, 0xE7, 0x8F, 0x78, 0xF7, 0x8F, 0xFE, 0xFF, 0xEF, 0xFE, 0xF7,
    0x8F, 0x78, 0xF7, 0x8F, 0x7F, 0xE7, 0xFC, 0x7F, 0x80, 0x3F, 0x8F, 0xF0, 0xFE, 0x00, 0x0F, 0x9F,
    0xF3, 0xFE, 0x7F, 0xEF, 0xFD, 0xFF, 0xBF, 0xFF, 0xF7, 0xFE, 0xFF, 0xDF, 0xF9, 0xFF, 0x3F, 0xE7,
    0xFC, 0x7F, 0x8F, 0x80, 0x04, 0x01, 0xE0, 0x1E, 0x00, 0xF0, 0x07, 0x00, 0x60, 0x1F, 0x83, 0xFE,
    0x7F, 0xE7, 0x8F, 0x70, 0xFF, 0x0F, 0xF0, 0xFF, 0x0F, 0xF0, 0xFF, 0x0F, 0x70, 0xF7, 0x8F, 0x7F,
    0xE3, 0xFE, 0x1F, 0x80, 0x01, 0x80, 0x3C, 0x03, 0x80, 0x78, 0x07, 0x00, 0x60, 0x1F, 0x83, 0xFE,
    0x7F, 0xE7, 0x8F, 0x70, 0xFF, 0x0F, 0xF0, 0xFF, 0x0F, 0xF0, 0xFF, 0x0F, 0x70, 0xF7, 0x8F, 0x7F,
    0xE3, 0xFE, 0x1F, 0x80, 0x0F, 0x01, 0xF8, 0x3F, 0xC3, 0x9C, 0x10, 0x81, 0xF8, 0x3F, 0xE7, 0xFE,
    0x78, 0xF7, 0x0F, 0xF0, 0xFF, 0x0F, 0xF0, 0xFF, 0x0F, 0xF0, 0xF7, 0x0F, 0x78, 0xF7, 0xFE, 0x3F,
    0xE1, 0xF8, 0x1F, 0xC3, 0xFC, 0x1F, 0xC0, 0x00, 0x1F, 0x83, 0xFE, 0x7F, 0xE7, 0x8F, 0x70, 0xFF,
    0x0F, 0xF0, 0xFF, 0x0F, 0xF0, 0xFF, 0x0F, 0x70, 0xF7, 0x8F, 0x7F, 0xE3, 0xFE, 0x1F, 0x80, 0x3D,
    0xE3, 0xDE, 0x3D, 0xE0, 0x00, 0x1F, 0x83, 0xFE, 0x7F, 0xE7, 0x8F, 0x70, 0xFF, 0x0F, 0xF0, 0xFF,
    0x0F, 0xF0, 0xFF, 0x0F, 0x70, 0xF7, 0x8F, 0x7F, 0xE3, 0xFE, 0x1F, 0x80, 0x00, 0x0C, 0x33, 0xCF,
    0x3F, 0xE3, 0xF8, 0x3E, 0x0F, 0xC3, 0xFC, 0xFB, 0xCE, 0x38, 0x82, 0x00, 0x00, 0x00, 0x03, 0x87,
    0xFC, 0x7F, 0xE7, 0xFE, 0x3C, 0xF9, 0xCF, 0xDE, 0x7E, 0xF7, 0xF7, 0xBF, 0xBF, 0xBD, 0xFD, 0xEF,
    0xCF, 0x3E, 0x79, 0xFF, 0x8F, 0xFC, 0xFF, 0x83, 0x00, 0x00, 0x00, 0x08, 0x07, 0x80, 0xF0, 0x0F,
    0x00, 0xE0, 0x18, 0x3C, 0x7F, 0x8F, 0xF1, 0xFE, 0x3F, 0xC7, 0xF8, 0xFF, 0x1F, 0xE3, 0xFC, 0x7F,
    0x8F, 0xF1, 0xFE, 0x3B, 0xFF, 0x3F, 0xE3, 0xF8, 0x03, 0x00, 0xF0, 0x1C, 0x07, 0x80, 0xE0, 0x18,
    0x3C, 0x7F, 0x8F, 0xF1, 0xFE, 0x3F, 0xC7, 0xF8, 0xFF, 0x1F, 0xE3, 0xFC, 0x7F, 0x8F, 0xF1, 0xFE,
    0x3B, 0xFF, 0x3F, 0xE3, 0xF8, 0x1E, 0x07, 0xE1, 0xFE, 0x39, 0xC2, 0x11, 0xE3, 0xFC, 0x7F, 0x8F,
    0xF1, 0xFE, 0x3F, 0xC7, 0xF8, 0xFF, 0x1F, 0xE3, 0xFC, 0x7F, 0x8F, 0xF1, 0xDF, 0xF9, 0xFF, 0x1F,
    0xC0, 0x7B, 0xCF, 0x79, 0xEF, 0x00, 0x0F, 0x1F, 0xE3, 0xFC, 0x7F, 0x8F, 0xF1, 0xFE, 0x3F, 0xC7,
    0xF8, 0xFF, 0x1F, 0xE3, 0xFC, 0x7F, 0x8E, 0xFF, 0xCF, 0xF8, 0xFE, 0x00, 0x01, 0x80, 0x1E, 0x00,
    0xE0, 0x0F, 0x00, 0x70, 0x03, 0x03, 0xC3, 0xFF, 0x1E, 0x78, 0xF3, 0xCF, 0x0F, 0x78, 0x7F, 0x81,
    0xFC, 0x0F, 0xC0, 0x3E, 0x01, 0xE0, 0x0F, 0x00, 0x78, 0x03, 0xC0, 0x1E, 0x00, 0xF0, 0x00, 0xF0,
    0x1E, 0x03, 0xC0, 0x7F, 0xCF, 0xFD, 0xFF, 0xFC, 0x7F, 0x8F, 0xF1, 0xFF, 0xFF, 0xFF, 0x7F, 0xCF,
    0x01, 0xE0, 0x3C, 0x00, 0x1F, 0x83, 0xFF, 0x1F, 0xF8, 0xF1, 0xCF, 0x3F, 0x79, 0xFB, 0xDE, 0x0E,
    0xF0, 0x77, 0xE3, 0x9F, 0x9C, 0x3E, 0xE0, 0xF7, 0x7F, 0xBB, 0xF9, 0xDF, 0x80, 0x18, 0x07, 0x80,
    0xF0, 0x0F, 0x00, 0xE0, 0x00, 0x0F, 0xC7, 0xFC, 0xFF, 0xC0, 0x79, 0xFF, 0x7F, 0xEF, 0x3D, 0xE7,
    0xBF, 0xFF, 0xFF, 0x7D, 0xE0, 0x00, 0x00, 0xE0, 0x1E, 0x07, 0x80, 0xE0, 0x38, 0x01, 0x01, 0xF8,
    0xFF, 0x9F, 0xF8, 0x0F, 0x3F, 0xEF, 0xFD, 0xE7, 0xBC, 0xF7, 0xFF, 0xFF, 0xEF, 0xBC, 0x1E, 0x07,
    0xE1, 0xFE, 0x39, 0xC2, 0x10, 0x7E, 0x3F, 0xE7, 0xFE, 0x03, 0xCF, 0xFB, 0xFF, 0x79, 0xEF, 0x3D,
    0xFF, 0xFF, 0xFB, 0xEF, 0x7F, 0x8F, 0xF0, 0xFE, 0x00, 0x03, 0xF1, 0xFF, 0x3F, 0xF0, 0x1E, 0x7F,
    0xDF, 0xFB, 0xCF, 0x79, 0xEF, 0xFF, 0xFF, 0xDF, 0x78, 0x7F, 0x8F, 0xF1, 0xFE, 0x00, 0x03, 0xF1,
    0xFF, 0x3F, 0xF0, 0x1E, 0x7F, 0xDF, 0xFB, 0xCF, 0x79, 0xEF, 0xFF, 0xFF, 0xDF, 0x78, 0x1E, 0x07,
    0xE0, 0xCC, 0x19, 0x83, 0xF0, 0x3C, 0x0F, 0xC7, 0xFC, 0xFF, 0xC0, 0x79, 0xFF, 0x7F, 0xEF, 0x3D,
    0xE7, 0xBF, 0xFF, 0xFF, 0x7D, 0xE0, 0x7D, 0xE7, 0xFF, 0xBF, 0xFC, 0x1E, 0xE7, 0xFF, 0xFF, 0xFF,
    0xBC, 0x1D, 0xE6, 0xFF, 0xF7, 0xFF, 0x9E, 0xF8, 0x3F, 0x8F, 0xF9, 0xFF, 0x78, 0xCF, 0x01, 0xE0,
    0x3C, 0x07, 0x8C, 0x7F, 0xCF, 0xF8, 0xFE, 0x07, 0x00, 0xF8, 0x3F, 0x07, 0xC0, 0x18, 0x07, 0x80,
    0xF0, 0x0F, 0x00, 0xE0, 0x00, 0x0F, 0xC3, 0xFE, 0xFF, 0xDE, 0x3F, 0xFF, 0xFF, 0xFF, 0xFF, 0xE1,
    0x3F, 0xF3, 0xFE, 0x3F, 0x80, 0x00, 0x00, 0xF0, 0x1E, 0x07, 0x80, 0xE0, 0x1C, 0x01, 0x01, 0xF8,
    0x7F, 0xDF, 0xFB, 0xC7, 0xFF, 0xFF, 0xFF, 0xFF, 0xFC, 0x27, 0xFE, 0x7F, 0xC7, 0xF0, 0x1E, 0x07,
    0xE1, 0xFE, 0x39, 0xC2, 0x10, 0x7E, 0x1F, 0xF7, 0xFE, 0xF1, 0xFF, 0xFF, 0xFF, 0xFF, 0xFF, 0x09,
    0xFF, 0x9F, 0xF1, 0xFC, 0x7B, 0xCF, 0x79, 0xEF, 0x00, 0x03, 0xF0, 0xFF, 0xBF, 0xF7, 0x8F, 0xFF,
    0xFF, 0xFF, 0xFF, 0xF8, 0x4F, 0xFC, 0xFF, 0x8F, 0xE0, 0x0C, 0x03, 0x80, 0x78, 0x07, 0x00, 0x70,
    0x00, 0x1F, 0xC3, 0xF8, 0x7F, 0x01, 0xE0, 0x3C, 0x07, 0x80, 0xF0, 0x1E, 0x1F, 0xFB, 0xFF, 0x7F,
    0xE0, 0x00, 0x00, 0x70, 0x0F, 0x03, 0xC0, 0x70, 0x1C, 0x00, 0x03, 0xF8, 0x7F, 0x0F, 0xE0, 0x3C,
    0x07, 0x80, 0xF0, 0x1E, 0x03, 0xC3, 0xFF, 0x7F, 0xEF, 0xFC, 0x0F, 0x03, 0xF0, 0xFF, 0x1C, 0xE1,
    0x08, 0xFE, 0x1F, 0xC3, 0xF8, 0x0F, 0x01, 0xE0, 0x3C, 0x07, 0x80, 0xF0, 0xFF, 0xDF, 0xFB, 0xFF,
    0x3F, 0xC7, 0xF8, 0xFF, 0x00, 0x07, 0xF0, 0xFE, 0x1F, 0xC0, 0x78, 0x0F, 0x01, 0xE0, 0x3C, 0x07,
    0x87, 0xFE, 0xFF, 0xDF, 0xF8, 0x00, 0x03, 0xFC, 0x0F, 0x81, 0xFC, 0x09, 0xC3, 0xFE, 0x3F, 0xE7,
    0xFF, 0x78, 0xF7, 0x0F, 0xF0, 0xF7, 0x0F, 0x78, 0xF7, 0xFE, 0x3F, 0xE1, 0xFC, 0x3F, 0x8F, 0xF0,
    0xFE, 0x00, 0x0F, 0xF9, 0xFF, 0xBF, 0xF7, 0x8F, 0xF1, 0xFE, 0x3F, 0xC7, 0xF8, 0xFF, 0x1F, 0xE3,
    0xFC, 0x78, 0x0C, 0x01, 0xE0, 0x1E, 0x00, 0xF0, 0x07, 0x00, 0x00, 0x1F, 0xC3, 0xFE, 0x7F, 0xE7,
    0x8F, 0x70, 0xF7, 0x0F, 0x70, 0xF7, 0x8F, 0x7F, 0xE3, 0xFE, 0x1F, 0xC0, 0x00, 0x00, 0x38, 0x03,
    0xC0, 0x78, 0x07, 0x00, 0x70, 0x02, 0x01, 0xFC, 0x3F, 0xE7, 0xFE, 0x78, 0xF7, 0x0F, 0x70, 0xF7,
    0x0F, 0x78, 0xF7, 0xFE, 0x3F, 0xE1, 0xFC, 0x0F, 0x01, 0xF8, 0x3F, 0xC3, 0x9C, 0x10, 0x81, 0xFC,
    0x3F, 0xE7, 0xFE, 0x78, 0xF7, 0x0F, 0x70, 0xF7, 0x0F, 0x78, 0xF7, 0xFE, 0x3F, 0xE1, 0xFC, 0x1F,
    0xC3, 0xFC, 0x1F, 0xC0, 0x00, 0x1F, 0xC3, 0xFE, 0x7F, 0xE7, 0x8F, 0x70, 0xF7, 0x0F, 0x70, 0xF7,
    0x8F, 0x7F, 0xE3, 0xFE, 0x1F, 0xC0, 0x3D, 0xE3, 0xDE, 0x3D, 0xE0, 0x00, 0x1F, 0xC3, 0xFE, 0x7F,
    0xE7, 0x8F, 0x70, 0xF7, 0x0F, 0x70, 0xF7, 0x8F, 0x7F, 0xE3, 0xFE, 0x1F, 0xC0, 0x1E, 0x03, 0xC0,
    0x78, 0x00, 0x0F, 0xFF, 0xFF, 0xFF, 0xF0, 0x00, 0x1E, 0x03, 0xC0, 0x78, 0x00, 0x00, 0x70, 0xFF,
    0x8F, 0xF8, 0xFF, 0xC7, 0xBF, 0x39, 0xF9, 0xDF, 0xCF, 0xDE, 0x7C, 0xF3, 0xFF, 0x1F, 0xF9, 0xFF,
    0x86, 0x00, 0x00, 0x18, 0x07, 0x80, 0xF0, 0x0F, 0x00, 0xE0, 0x00, 0x3C, 0x7F, 0x8F, 0xF1, 0xFE,
    0x3F, 0xC7, 0xF8, 0xFF, 0x1F, 0xE3, 0xFF, 0xFB, 0xFF, 0x7D, 0xE0, 0x00, 0x00, 0xE0, 0x1E, 0x07,
    0x80, 0xE0, 0x1C, 0x01, 0x07, 0x8F, 0xF1, 0xFE, 0x3F, 0xC7, 0xF8, 0xFF, 0x1F, 0xE3, 0xFC, 0x7F,
    0xFF, 0x7F, 0xEF, 0xBC, 0x1E, 0x07, 0xE1, 0xFE, 0x39, 0xC2, 0x11, 0xE3, 0xFC, 0x7F, 0x8F, 0xF1,
    0xFE, 0x3F, 0xC7, 0xF8, 0xFF, 0x1F, 0xFF, 0xDF, 0xFB, 0xEF, 0x7F, 0xCF, 0xF9, 0xFF, 0x00, 0x0F,
    0x1F, 0xE3, 0xFC, 0x7F, 0x8F, 0xF1, 0xFE, 0x3F, 0xC7, 0xF8, 0xFF, 0xFE, 0xFF, 0xDF, 0x78, 0x00,
    0x00, 0x0E, 0x00, 0xF0, 0x0F, 0x00, 0x70, 0x03, 0x80, 0x08, 0x1E, 0x1E, 0x78, 0xF3, 0xC7, 0x1E,
    0x78, 0x7B, 0xC3, 0xDC, 0x0F, 0xE0, 0x7E, 0x03, 0xF0, 0x0F, 0x80, 0x78, 0x03, 0xC0, 0xFC, 0x07,
    0xE0, 0x3E, 0x00, 0xF0, 0x1E, 0x03, 0xC0, 0x78, 0x0F, 0xF9, 0xFF, 0xBF, 0xFF, 0x8F, 0xF1, 0xFE,
    0x3F, 0xC7, 0xF8, 0xFF, 0xFF, 0xFF, 0xBF, 0xE7, 0x80, 0xF0, 0x1E, 0x03, 0xC0, 0x00, 0x3D, 0xE1,
    0xEF, 0x0F, 0x78, 0x00, 0x0F, 0x0F, 0x3C, 0x79, 0xE3, 0x8F, 0x3C, 0x3D, 0xE1, 0xEE, 0x07, 0xF0,
    0x3F, 0x01, 0xF8, 0x07, 0xC0, 0x3C, 0x01, 0xE0, 0x7E, 0x03, 0xF0, 0x1F, 0x00, 0x1F, 0x80, 0xFE,
    0x07, 0xF0, 0x00, 0x00, 0xF8, 0x0F, 0xC0, 0x7E, 0x03, 0xF8, 0x3F, 0xC1, 0xFE, 0x0F, 0x78, 0x73,
    0xC7, 0x9E, 0x3F, 0xF1, 0xFF, 0xCF, 0xFE, 0xF0, 0xF7, 0x87, 0xBC, 0x1E, 0x3F, 0x07, 0xF0, 0xFE,
    0x00, 0x00, 0x00, 0x7E, 0x3F, 0xE7, 0xFE, 0x03, 0xCF, 0xFB, 0xFF, 0x79, 0xEF, 0x3D, 0xFF, 0xFF,
    0xFB, 0xEF, 0x10, 0x81, 0xCE, 0x0F, 0xF0, 0x3F, 0x80, 0xF8, 0x07, 0xC0, 0x7E, 0x03, 0xF0, 0x1F,
    0xC1, 0xFE, 0x0F, 0xF0, 0x7B, 0xC3, 0x9E, 0x3C, 0xF1, 0xFF, 0x8F, 0xFE, 0x7F, 0xF7, 0x87, 0xBC,
    0x3D, 0xE0, 0xF0, 0x21, 0x0E, 0x71, 0xFE, 0x1F, 0x81, 0xF0, 0x00, 0x0F, 0xC7, 0xFC, 0xFF, 0xC0,
    0x79, 0xFF, 0x7F, 0xEF, 0x3D, 0xE7, 0xBF, 0xFF, 0xFF, 0x7D, 0xE0, 0x0F, 0x80, 0x7E, 0x01, 0xF8,
    0x07, 0xF0, 0x3F, 0xC0, 0xF7, 0x03, 0xDE, 0x0E, 0x78, 0x7F, 0xE1, 0xFF, 0x87, 0xFF, 0x1C, 0x3C,
    0xF0, 0xF3, 0xC3, 0xCF, 0x07, 0x80, 0x1C, 0x00, 0xE0, 0x03, 0xE0, 0x0F, 0x80, 0x3F, 0x0F, 0xF8,
    0xFF, 0xC0, 0x3C, 0x7F, 0xCF, 0xFC, 0xF3, 0xCF, 0x3C, 0xFF, 0xEF, 0xFE, 0x7D, 0xE0, 0x1C, 0x03,
    0x80, 0x3F, 0x01, 0xF0, 0x01, 0x80, 0x3C, 0x03, 0xC0, 0x78, 0x07, 0x00, 0x60, 0x1F, 0xC3, 0xFE,
    0x3F, 0xF7, 0x8F, 0x78, 0xF7, 0x80, 0x78, 0x0F, 0x80, 0x78, 0x07, 0x80, 0x78, 0xE7, 0x8F, 0x3F,
    0xF3, 0xFE, 0x1F, 0xC0, 0x00, 0x00, 0x70, 0x1E, 0x03, 0x80, 0xF0, 0x1C, 0x01, 0x01, 0xFC, 0x7F,
    0xCF, 0xFB, 0xC6, 0x78, 0x0F, 0x01, 0xE0, 0x3C, 0x63, 0xFE, 0x7F, 0xC7, 0xF0, 0x0F, 0x81, 0xF8,
    0x1F, 0xC3, 0xDE, 0x10, 0xC1, 0xFC, 0x3F, 0xE3, 0xFF, 0x78, 0xF7, 0x8F, 0x78, 0x07, 0x80, 0xF8,
    0x07, 0x80, 0x78, 0x07, 0x8E, 0x78, 0xF3, 0xFF, 0x3F, 0xE1, 0xFC, 0x1F, 0x03, 0xF0, 0xFE, 0x3D,
    0xE3, 0x18, 0x7F, 0x1F, 0xF3, 0xFE, 0xF1, 0x9E, 0x03, 0xC0, 0x78, 0x0F, 0x18, 0xFF, 0x9F, 0xF1,
    0xFC, 0x07, 0x80, 0x78, 0x07, 0x80, 0x00, 0x1F, 0xC3, 0xFE, 0x3F, 0xF7, 0x8F, 0x78, 0xF7, 0x80,
    0x78, 0x0F, 0x80, 0x78, 0x07, 0x80, 0x78, 0xE7, 0x8F, 0x3F, 0xF3, 0xFE, 0x1F, 0xC0, 0x0F, 0x01,
    0xE0, 0x3C, 0x00, 0x03, 0xF8, 0xFF, 0x9F, 0xF7, 0x8C, 0xF0, 0x1E, 0x03, 0xC0, 0x78, 0xC7, 0xFC,
    0xFF, 0x8F, 0xE0, 0x18, 0x43, 0xDE, 0x1F, 0xC1, 0xF8, 0x0F, 0x80, 0x00, 0x1F, 0xC3, 0xFE, 0x3F,
    0xF7, 0x8F, 0x78, 0xF7, 0x80, 0x78, 0x0F, 0x80, 0x78, 0x07, 0x80, 0x78, 0xE7, 0x8F, 0x3F, 0xF3,
    0xFE, 0x1F, 0xC0, 0x30, 0x8F, 0x38, 0xFE, 0x0F, 0xC1, 0xF0, 0x00, 0x0F, 0xE3, 0xFE, 0x7F, 0xDE,
    0x33, 0xC0, 0x78, 0x0F, 0x01, 0xE3, 0x1F, 0xF3, 0xFE, 0x3F, 0x80, 0x21, 0x0E, 0x71, 0xFE, 0x1F,
    0x81, 0xE0, 0x00, 0x3F, 0xC7, 0xFC, 0xFF, 0xDE, 0x3F, 0xC7, 0xF8, 0xFF, 0x1F, 0xE3, 0xFC, 0x7F,
    0x8F, 0xF1, 0xFE, 0x3F, 0xFF, 0x7F, 0xCF, 0xF0, 0x03, 0xF8, 0x0F, 0xE0, 0x3F, 0x80, 0xFE, 0x3F,
    0xC1, 0xFF, 0x07, 0xFC, 0x3C, 0xF0, 0xF3, 0xC3, 0xCF, 0x0F, 0x3C, 0x3C, 0xF0, 0x7F, 0xC1, 0xFF,
    0x03, 0xFC, 0x00, 0x7F, 0x87, 0xFC, 0x7F, 0xE7, 0x8F, 0x78, 0xF7, 0x8F, 0xFE, 0xFF, 0xEF, 0xFE,
    0xF7, 0x8F, 0x78, 0xF7, 0x8F, 0x7F, 0xE7, 0xFC, 0x7F, 0x80, 0x07, 0xF8, 0x3F, 0xC1, 0xFC, 0x01,
    0xE3, 0xEF, 0x3F, 0xF9, 0xFF, 0xCF, 0x1E, 0xF0, 0xF7, 0x87, 0xBC, 0x3C, 0xF1, 0xE7, 0xFF, 0x3F,
    0xF8, 0xFB, 0xC0, 0x3F, 0x8F, 0xE3, 0xF8, 0x00, 0xFF, 0xFF, 0xFF, 0xFF, 0xC0, 0xF0, 0x3C, 0x0F,
    0xFF, 0xFF, 0xFF, 0xFC, 0x0F, 0x03, 0xC0, 0xFF, 0xFF, 0xFF, 0xFC, 0x3F, 0x87, 0xF0, 0xFE, 0x00,
    0x00, 0x00, 0x7E, 0x1F, 0xF7, 0xFE, 0xF1, 0xFF, 0xFF, 0xFF, 0xFF, 0xFF, 0x09, 0xFF, 0x9F, 0xF1,
    0xFC, 0x21, 0x9C, 0xF7, 0xF8, 0xFE, 0x1F, 0x3F, 0xFF, 0xFF, 0xFF, 0xF0, 0x3C, 0x0F, 0x03, 0xFF,
    0xFF, 0xFF, 0xFF, 0x03, 0xC0, 0xF0, 0x3F, 0xFF, 0xFF, 0xFF, 0x21, 0x0E, 0x71, 0xFE, 0x1F, 0xC1,
    0xF0, 0x00, 0x0F, 0xC3, 0xFE, 0xFF, 0xDE, 0x3F, 0xFF, 0xFF, 0xFF, 0xFF, 0xE1, 0x3F, 0xF3, 0xFE,
    0x3F, 0x80, 0x1E, 0x07, 0x81, 0xE0, 0x00, 0xFF, 0xFF, 0xFF, 0xFF, 0xC0, 0xF0, 0x3C, 0x0F, 0xFF,
    0xFF, 0xFF, 0xFC, 0x0F, 0x03, 0xC0, 0xFF, 0xFF, 0xFF, 0xFC, 0x1E, 0x03, 0xC0, 0x78, 0x00, 0x03,
    0xF0, 0xFF, 0xBF, 0xF7, 0x8F, 0xFF, 0xFF, 0xFF, 0xFF, 0xF8, 0x4F, 0xFC, 0xFF, 0x8F, 0xE0, 0xFF,
    0xDF, 0xFB, 0xFF, 0x78, 0x0F, 0x01, 0xE0, 0x3F, 0xF7, 0xFE, 0xFF, 0xDE, 0x03, 0xC0, 0x78, 0x0F,
    0xFD, 0xFF, 0xBF, 0xF0, 0x1E, 0x07, 0x00, 0xFC, 0x0F, 0x00, 0x3F, 0x0F, 0xFB, 0xFF, 0x78, 0xFF,
    0xFF, 0xFF, 0xFF, 0xFF, 0x84, 0xFF, 0xCF, 0xF8, 0xFE, 0x03, 0x80, 0xE0, 0x1F, 0x03, 0xE0, 0x21,
    0x1C, 0xE7, 0xF8, 0xFC, 0x1E, 0x00, 0x0F, 0xFF, 0xFF, 0xFF, 0xFC, 0x0F, 0x03, 0xC0, 0xFF, 0xFF,
    0xFF, 0xFF, 0xC0, 0xF0, 0x3C, 0x0F, 0xFF, 0xFF, 0xFF, 0xC0, 0x21, 0x0E, 0x71, 0xFE, 0x1F, 0x81,
    0xE0, 0x00, 0x0F, 0xC3, 0xFE, 0xFF, 0xDE, 0x3F, 0xFF, 0xFF, 0xFF, 0xFF, 0xE1, 0x3F, 0xF3, 0xFE,
    0x3F, 0x80, 0x0F, 0x01, 0xF8, 0x3F, 0xC3, 0x9C, 0x10, 0x81, 0xF8, 0x3F, 0xE7, 0xFE, 0x78, 0xF7,
    0x8E, 0x70, 0x0F, 0x00, 0xF3, 0xFF, 0x3F, 0xF3, 0xF7, 0x8F, 0x78, 0xF7, 0xFF, 0x3F, 0xF1, 0xFF,
    0x0F, 0x01, 0xF8, 0x3F, 0xC3, 0x9C, 0x10, 0x83, 0xEF, 0x7F, 0xF7, 0xFF, 0x78, 0xFF, 0x0F, 0xF0,
    0xFF, 0x0F, 0x78, 0xF7, 0xFF, 0x7F, 0xF3, 0xEF, 0x00, 0xE3, 0xFE, 0x7F, 0xE3, 0xF8, 0x10, 0x83,
    0x9C, 0x3F, 0xC1, 0xFC, 0x0F, 0x81, 0xF8, 0x3F, 0xE7, 0xFE, 0x78, 0xF7, 0x8E, 0x70, 0x0F, 0x00,
    0xF3, 0xFF, 0x3F, 0xF3, 0xF7, 0x8F, 0x78, 0xF7, 0xFF, 0x3F, 0xF1, 0xFF, 0x10, 0x83, 0x9C, 0x3F,
    0xC1, 0xF8, 0x0F, 0x80, 0x00, 0x3E, 0xF7, 0xFF, 0x7F, 0xF7, 0x8F, 0xF0, 0xFF, 0x0F, 0xF0, 0xF7,
    0x8F, 0x7F, 0xF7, 0xFF, 0x3E, 0xF0, 0x0E, 0x3F, 0xE7, 0xFE, 0x3F, 0x80, 0x0F, 0x00, 0xF0, 0x0F,
    0x00, 0x00, 0x1F, 0x83, 0xFE, 0x7F, 0xE7, 0x8F, 0x78, 0xE7, 0x00, 0xF0, 0x0F, 0x3F, 0xF3, 0xFF,
    0x3F, 0x78, 0xF7, 0x8F, 0x7F, 0xF3, 0xFF, 0x1F, 0xF0, 0x0F, 0x00, 0xF0, 0x0F, 0x00, 0x00, 0x3E,
    0xF7, 0xFF, 0x7F, 0xF7, 0x8F, 0xF0, 0xFF, 0x0F, 0xF0, 0xF7, 0x8F, 0x7F, 0xF7, 0xFF, 0x3E, 0xF0,
    0x0E, 0x3F, 0xE7, 0xFE, 0x3F, 0x80, 0x1F, 0x83, 0xFE, 0x7F, 0xE7, 0x8F, 0x78, 0xE7, 0x00, 0xF0,
    0x0F, 0x3F, 0xF3, 0xFF, 0x3F, 0x78, 0xF7, 0x8F, 0x7F, 0xF3, 0xFF, 0x1F, 0xF0, 0x00, 0x00, 0x00,
    0xF0, 0x0F, 0x00, 0xE0, 0x0E, 0x00, 0x03, 0x00, 0x70, 0x07, 0x00, 0xF0, 0x00, 0x03, 0xEF, 0x7F,
    0xF7, 0xFF, 0x78, 0xFF, 0x0F, 0xF0, 0xFF, 0x0F, 0x78, 0xF7, 0xFF, 0x7F, 0xF3, 0xEF, 0x00, 0xE3,
    0xFE, 0x7F, 0xE3, 0xF8, 0x1E, 0x07, 0xE1, 0xFE, 0x39, 0xC2, 0x11, 0xE3, 0xFC, 0x7F, 0x8F, 0xF1,
    0xFE, 0x3F, 0xC7, 0xFF, 0xFF, 0xFF, 0xFF, 0xFC, 0x7F, 0x8F, 0xF1, 0xFE, 0x3F, 0xC7, 0xF8, 0xF0,
    0x1E, 0x00, 0xFC, 0x07, 0xF8, 0x1C, 0xE0, 0x21, 0x00, 0x78, 0x01, 0xE0, 0x07, 0x80, 0x1E, 0x00,
    0x7F, 0xC1, 0xFF, 0x87, 0xFE, 0x1E, 0x3C, 0x78, 0xF1, 0xE3, 0xC7, 0x8F, 0x1E, 0x3C, 0x78, 0xF1,
    0xE3, 0xC7, 0x8F, 0x78, 0xF3, 0xC7, 0xBF, 0xFF, 0xFF, 0xFF, 0xFF, 0x3C, 0x79, 0xFF, 0xCF, 0xFE,
    0x7F, 0xF3, 0xC7, 0x9E, 0x3C, 0xF1, 0xE7, 0x8F, 0x3C, 0x79, 0xE3, 0xC0, 0xFF, 0x0F, 0xF0, 0xFE,
    0x07, 0x80, 0x7F, 0xC7, 0xFE, 0x7F, 0xE7, 0x8F, 0x78, 0xF7, 0x8F, 0x78, 0xF7, 0x8F, 0x78, 0xF7,
    0x8F, 0x78, 0xF0, 0x3F, 0x9F, 0xE3, 0xF8, 0x00, 0xFF, 0xFF, 0xFF, 0xFC, 0x78, 0x1E, 0x07, 0x81,
    0xE0, 0x78, 0x1E, 0x07, 0x81, 0xE0, 0x78, 0xFF, 0xFF, 0xFF, 0xFC, 0x3F, 0x87, 0xF8, 0xFF, 0x00,
    0x07, 0xF0, 0xFE, 0x1F, 0xC0, 0x78, 0x0F, 0x01, 0xE0, 0x3C, 0x07, 0x87, 0xFE, 0xFF, 0xDF, 0xF8,
    0x3F, 0x8F, 0xE3, 0xF8, 0x00, 0xFF, 0xFF, 0xFF, 0xFC, 0x78, 0x1E, 0x07, 0x81, 0xE0, 0x78, 0x1E,
    0x07, 0x81, 0xE0, 0x78, 0xFF, 0xFF, 0xFF, 0xFC, 0x1F, 0x87, 0xF0, 0xFE, 0x00, 0x00, 0x00, 0xFE,
    0x1F, 0xC3, 0xF8, 0x0F, 0x01, 0xE0, 0x3C, 0x07, 0x80, 0xF0, 0xFF, 0xDF, 0xFB, 0xFF, 0x21, 0x1C,
    0xE7, 0xF8, 0xFE, 0x1F, 0x3F, 0xFF, 0xFF, 0xFF, 0x1E, 0x07, 0x81, 0xE0, 0x78, 0x1E, 0x07, 0x81,
    0xE0, 0x78, 0x1E, 0x3F, 0xFF, 0xFF, 0xFF, 0x10, 0x87, 0x38, 0xFF, 0x0F, 0xC1, 0xF0, 0x00, 0x1F,
    0xC3, 0xF8, 0x7F, 0x01, 0xE0, 0x3C, 0x07, 0x80, 0xF0, 0x1E, 0x1F, 0xFB, 0xFF, 0x7F, 0xE0, 0xFF,
    0xDF, 0xFB, 0xFF, 0x0F, 0x01, 0xE0, 0x3C, 0x07, 0x80, 0xF0, 0x1E, 0x03, 0xC0, 0x78, 0x0F, 0x0F,
    0xFD, 0xFF, 0xBF, 0xF0, 0x1E, 0x07, 0x00, 0xFC, 0x0F, 0x00, 0x0F, 0x00, 0xF0, 0x0F, 0x00, 0x00,
    0x7F, 0x07, 0xF0, 0x7F, 0x00, 0xF0, 0x0F, 0x00, 0xF0, 0x0F, 0x00, 0xF0, 0x7F, 0xE7, 0xFE, 0x7F,
    0xE0, 0x1C, 0x03, 0x80, 0x3E, 0x03, 0xE0, 0x1E, 0x07, 0x81, 0xE0, 0x00, 0xFF, 0xFF, 0xFF, 0xFC,
    0x78, 0x1E, 0x07, 0x81, 0xE0, 0x78, 0x1E, 0x07, 0x81, 0xE0, 0x78, 0xFF, 0xFF, 0xFF, 0xFC, 0x7F,
    0x0F, 0xE1, 0xFC, 0x07, 0x80, 0xF0, 0x1E, 0x03, 0xC0, 0x78, 0x7F, 0xEF, 0xFD, 0xFF, 0x80, 0xF3,
    0xFC, 0xFF, 0x3F, 0xCF, 0xF3, 0xFC, 0xFF, 0x3F, 0xCF, 0x03, 0xC0, 0xFF, 0x3F, 0xCF, 0xFF, 0xDF,
    0xE3, 0xF0, 0xF3, 0xFE, 0x7F, 0xCF, 0x80, 0x0F, 0x3D, 0xE7, 0xBC, 0xF7, 0x9E, 0xF3, 0xDE, 0x7B,
    0xCF, 0x79, 0xEF, 0x3D, 0xE7, 0xBC, 0xF0, 0x1E, 0x1F, 0xC7, 0xF8, 0xFE, 0x00, 0x07, 0x81, 0xF8,
    0x7F, 0x8E, 0x70, 0x84, 0x7F, 0xCF, 0xF8, 0xFF, 0x01, 0xE0, 0x3C, 0x07, 0x80, 0xF0, 0x1E, 0x03,
    0xC0, 0x79, 0x8F, 0x71, 0xEF, 0xFC, 0xFF, 0x0F, 0xC0, 0x0F, 0x81, 0xF8, 0x7F, 0x1E, 0xF1, 0x85,
    0xFF, 0x3F, 0xE3, 0xFC, 0x07, 0x80, 0xF0, 0x1E, 0x03, 0xC0, 0x78, 0x0F, 0x01, 0xE0, 0x3C, 0x07,
    0x0F, 0xE1, 0xFC, 0x3F, 0x00, 0xF1, 0xEF, 0x3E, 0xF3, 0xCF, 0x78, 0xFF, 0x8F, 0xF0, 0xFF, 0x0F,
    0xF0, 0xFF, 0x0F, 0xF8, 0xF7, 0xCF, 0x3C, 0xF3, 0xEF, 0x1E, 0xF1, 0xF0, 0x00, 0x00, 0x00, 0xF0,
    0x0E, 0x00, 0xE0, 0x1C, 0x00, 0xF0, 0x0F, 0x00, 0xF0, 0x0F, 0x00, 0xF3, 0xEF, 0x7C, 0xF7, 0x8F,
    0xF0, 0xFE, 0x0F, 0xF0, 0xFF, 0x8F, 0x78, 0xF3, 0xCF, 0x3E, 0xF1, 0xE0, 0x00, 0x00, 0x01, 0xE0,
    0x1E, 0x01, 0xC0, 0x1C, 0x00, 0xF3, 0xEF, 0x7C, 0xF7, 0x8F, 0xF0, 0xFE, 0x0F, 0xF0, 0xFF, 0x8F,
    0x78, 0xF3, 0xCF, 0x3E, 0xF1, 0xE0, 0x18, 0x07, 0x80, 0xF0, 0x3C, 0x07, 0x00, 0xC0, 0x1C, 0x03,
    0x80, 0x70, 0x0E, 0x01, 0xC0, 0x38, 0x07, 0x00, 0xE0, 0x1C, 0x03, 0x80, 0x70, 0x0E, 0x01, 0xFF,
    0xBF, 0xF7, 0xFE, 0x00, 0x00, 0xE0, 0x1E, 0x07, 0x80, 0xE0, 0x1C, 0x01, 0x07, 0xF0, 0xFE, 0x1F,
    0xC0, 0x78, 0x0F, 0x01, 0xE0, 0x3C, 0x07, 0x80, 0xF0, 0x1E, 0x03, 0xC0, 0x78, 0x7F, 0xEF, 0xFD,
    0xFF, 0x80, 0x70, 0x0E, 0x01, 0xC0, 0x38, 0x07, 0x00, 0xE0, 0x1C, 0x03, 0x80, 0x70, 0x0E, 0x01,
    0xC0, 0x38, 0x07, 0xFE, 0xFF, 0xDF, 0xF8, 0x00, 0x00, 0x01, 0xC0, 0x78, 0x0F, 0x01, 0xC0, 0xFE,
    0x1F, 0xC3, 0xF8, 0x0F, 0x01, 0xE0, 0x3C, 0x07, 0x80, 0xF0, 0x1E, 0x03, 0xC0, 0x78, 0x0F, 0x0F,
    0xFD, 0xFF, 0xBF, 0xF0, 0x00, 0x00, 0x03, 0xC0, 0x78, 0x0E, 0x01, 0xC0, 0x77, 0x8E, 0xF1, 0xDE,
    0x3B, 0x87, 0x00, 0xE0, 0x1C, 0x03, 0x80, 0x70, 0x0E, 0x01, 0xC0, 0x38, 0x07, 0xFE, 0xFF, 0xDF,
    0xF8, 0xFE, 0xFF, 0xEE, 0xFE, 0xE1, 0xEE, 0x1E, 0x01, 0xE0, 0x1E, 0x01, 0xE0, 0x1E, 0x01, 0xE0,
    0x1E, 0x01, 0xE0, 0xFF, 0xCF, 0xFC, 0xFF, 0xC0, 0x70, 0x0E, 0x01, 0xC0, 0x38, 0x07, 0x00, 0xE0,
    0x1C, 0x03, 0x9E, 0x73, 0xCE, 0x79, 0xC0, 0x38, 0x07, 0xFE, 0xFF, 0xDF, 0xF8, 0xFE, 0x0F, 0xE0,
    0xFE, 0x01, 0xE0, 0x1E, 0x01, 0xE0, 0x1E, 0x01, 0xEF, 0x1E, 0xF1, 0xEF, 0x1E, 0x01, 0xE0, 0xFF,
    0xCF, 0xFC, 0xFF, 0xC0, 0x3C, 0x03, 0xC0, 0x3C, 0x03, 0xC0, 0x3C, 0x03, 0xD8, 0x3F, 0xC7, 0xF8,
    0xFF, 0x0F, 0xC0, 0x3C, 0x03, 0xC0, 0x3F, 0xF3, 0xFF, 0x3F, 0xF0, 0xFE, 0x1F, 0xC3, 0xF8, 0x0F,
    0x01, 0xE0, 0x3C, 0x07, 0xF0, 0xFE, 0x7F, 0x8F, 0xC1, 0xF8, 0x0F, 0x0F, 0xFD, 0xFF, 0xBF, 0xF0,
    0x03, 0x00, 0xF0, 0x1C, 0x07, 0x80, 0xE0, 0x18, 0x3E, 0x7F, 0xCF, 0xF9, 0xFF, 0xBF, 0xF7, 0xFE,
    0xFF, 0xFF, 0xDF, 0xFB, 0xFF, 0x7F, 0xE7, 0xFC, 0xFF, 0x9F, 0xF1, 0xFE, 0x3E, 0x00, 0x00, 0xF0,
    0x1E, 0x07, 0x80, 0xE0, 0x1C, 0x01, 0x07, 0xFC, 0xFF, 0xDF, 0xFB, 0xC7, 0xF8, 0xFF, 0x1F, 0xE3,
    0xFC, 0x7F, 0x8F, 0xF1, 0xFE, 0x3C, 0xF9, 0xFF, 0x3F, 0xE7, 0xFE, 0xFF, 0xDF, 0xFB, 0xFF, 0xFF,
    0x7F, 0xEF, 0xFD, 0xFF, 0x9F, 0xF3, 0xFE, 0x7F, 0xC7, 0xF8, 0xF8, 0x00, 0x00, 0x03, 0xC0, 0x78,
    0x0E, 0x01, 0xC0, 0xFF, 0x9F, 0xFB, 0xFF, 0x78, 0xFF, 0x1F, 0xE3, 0xFC, 0x7F, 0x8F, 0xF1, 0xFE,
    0x3F, 0xC7, 0x80, 0x00, 0x00, 0x3C, 0x07, 0x80, 0xE0, 0x1C, 0x00, 0x21, 0x0E, 0x71, 0xFE, 0x1F,
    0x81, 0xE0, 0x00, 0x3E, 0x7F, 0xCF, 0xF9, 0xFF, 0xBF, 0xF7, 0xFE, 0xFF, 0xFF, 0xDF, 0xFB, 0xFF,
    0x7F, 0xE7, 0xFC, 0xFF, 0x9F, 0xF1, 0xFE, 0x3E, 0x21, 0x0E, 0x71, 0xFE, 0x1F, 0x81, 0xE0, 0x00,
    0x3F, 0xE7, 0xFE, 0xFF, 0xDE, 0x3F, 0xC7, 0xF8, 0xFF, 0x1F, 0xE3, 0xFC, 0x7F, 0x8F, 0xF1, 0xE0,
    0xE0, 0x0E, 0x00, 0xC0, 0x0C, 0x00, 0x3F, 0xE3, 0xFE, 0x3F, 0xF3, 0xCF, 0x3C, 0xF3, 0xCF, 0x3C,
    0xF3, 0xCF, 0x3C, 0xF3, 0xCF, 0x3C, 0xF0, 0xF9, 0xFF, 0x3F, 0xE7, 0xFE, 0xFF, 0xDF, 0xFB, 0xFF,
    0xFF, 0x7F, 0xEF, 0xFD, 0xFF, 0x9F, 0xF3, 0xFE, 0x7F, 0xC7, 0xF8, 0xF8, 0x0F, 0x1F, 0xC3, 0xF8,
    0x7E, 0x00, 0xFF, 0x9F, 0xFB, 0xFF, 0x78, 0xFF, 0x1F, 0xE3, 0xFC, 0x7F, 0x8F, 0xF1, 0xFE, 0x3F,
    0xC7, 0x80, 0xF1, 0xFE, 0x3F, 0x87, 0xE0, 0x1F, 0xC1, 0xFC, 0x1F, 0xC0, 0x00, 0x1F, 0x83, 0xFE,
    0x7F, 0xE7, 0x8F, 0x70, 0xFF, 0x0F, 0xF0, 0xFF, 0x0F, 0xF0, 0xFF, 0x0F, 0x70, 0xF7, 0x8F, 0x7F,
    0xE3, 0xFE, 0x1F, 0x80, 0x1F, 0xC1, 0xFC, 0x1F, 0xC0, 0x00, 0x00, 0x01, 0xFC, 0x3F, 0xE7, 0xFE,
    0x78, 0xF7, 0x0F, 0x70, 0xF7, 0x0F, 0x78, 0xF7, 0xFE, 0x3F, 0xE1, 0xFC, 0x10, 0x83, 0x9C, 0x3F,
    0xC1, 0xFC, 0x0F, 0x81, 0xF8, 0x3F, 0xE7, 0xFE, 0x78, 0xF7, 0x0F, 0xF0, 0xFF, 0x0F, 0xF0, 0xFF,
    0x0F, 0xF0, 0xF7, 0x0F, 0x78, 0xF7, 0xFE, 0x3F, 0xE1, 0xF8, 0x10, 0x83, 0x9C, 0x3F, 0xC1, 0xFC,
    0x0F, 0x80, 0x00, 0x1F, 0xC3, 0xFE, 0x7F, 0xE7, 0x8F, 0x70, 0xF7, 0x0F, 0x70, 0xF7, 0x8F, 0x7F,
    0xE3, 0xFE, 0x1F, 0xC0, 0x00, 0x00, 0xEE, 0x1E, 0xE1, 0xDE, 0x1D, 0xC1, 0x88, 0x1F, 0x83, 0xFE,
    0x7F, 0xE7, 0x8F, 0x70, 0xFF, 0x0F, 0xF0, 0xFF, 0x0F, 0xF0, 0xFF, 0x0F, 0x70, 0xF7, 0x8F, 0x7F,
    0xE3, 0xFE, 0x1F, 0x80, 0x0C, 0x40, 0xEF, 0x1F, 0xE1, 0xDC, 0x19, 0xC0, 0x00, 0x1F, 0xC3, 0xFE,
    0x7F, 0xE7, 0x8F, 0x70, 0xF7, 0x0F, 0x70, 0xF7, 0x8F, 0x7F, 0xE3, 0xFE, 0x1F, 0xC0, 0x1F, 0xF9,
    0xFF, 0xDF, 0xFD, 0xE7, 0x0F, 0x38, 0x79, 0xC3, 0xCF, 0xDE, 0x7E, 0xF3, 0xF7, 0x9C, 0x3C, 0xE1,
    0xE7, 0x07, 0xFF, 0x1F, 0xFC, 0x7F, 0xE0, 0x7D, 0xE3, 0xFF, 0xBF, 0xFD, 0xCE, 0xEE, 0x7F, 0xF3,
    0xFF, 0x9C, 0x1C, 0xE6, 0xFF, 0xF3, 0xFF, 0x9F, 0x78, 0x03, 0x00, 0xF0, 0x1C, 0x07, 0x80, 0xE0,
    0x18, 0x3F, 0xE7, 0xFE, 0xFF, 0xFE, 0x3F, 0xC7, 0xF8, 0xFF, 0x3F, 0xFF, 0xBF, 0xF7, 0xFC, 0xF7,
    0x9E, 0x7B, 0xCF, 0x78, 0xFF, 0x1E, 0x00, 0x00, 0x70, 0x1E, 0x03, 0xC0, 0xF0, 0x1C, 0x00, 0x07,
    0xEF, 0xFF, 0xFF, 0xFC, 0x78, 0x0F, 0x01, 0xC0, 0x38, 0x07, 0x07, 0xFE, 0xFF, 0xDF, 0xF8, 0xFF,
    0x9F, 0xFB, 0xFF, 0xF8, 0xFF, 0x1F, 0xE3, 0xFC, 0xFF, 0xFE, 0xFF, 0xDF, 0xF3, 0xDE, 0x79, 0xEF,
    0x3D, 0xE3, 0xFC, 0x78, 0x00, 0x00, 0x01, 0xC0, 0x78, 0x0E, 0x01, 0xC0, 0xFD, 0xFF, 0xFF, 0xFF,
    0x8F, 0x01, 0xE0, 0x38, 0x07, 0x00, 0xE0, 0xFF, 0xDF, 0xFB, 0xFF, 0x00, 0x00, 0x00, 0x38, 0x0F,
    0x01, 0xC0, 0x38, 0x00, 0x21, 0x0E, 0x71, 0xFE, 0x1F, 0x81, 0xE0, 0x00, 0x3F, 0xE7, 0xFE, 0xFF,
    0xFE, 0x3F, 0xC7, 0xF8, 0xFF, 0x3F, 0xFF, 0xBF, 0xF7, 0xFC, 0xF7, 0x9E, 0x7B, 0xCF, 0x78, 0xFF,
    0x1E, 0x10, 0x87, 0x38, 0xFF, 0x0F, 0xC0, 0xF0, 0x00, 0x3F, 0x7F, 0xFF, 0xFF, 0xE3, 0xC0, 0x78,
    0x0E, 0x01, 0xC0, 0x38, 0x3F, 0xF7, 0xFE, 0xFF, 0xC0, 0x01, 0x80, 0x3C, 0x03, 0x80, 0x78, 0x07,
    0x00, 0x60, 0x1F, 0xC3, 0xFF, 0x7F, 0xE7, 0x84, 0x78, 0x07, 0xE0, 0x7F, 0xC3, 0xFE, 0x1F, 0xF0,
    0x1F, 0x00, 0xF7, 0x0F, 0x7F, 0xE7, 0xFE, 0x3F, 0xC0, 0x00, 0x00, 0x70, 0x1E, 0x07, 0x80, 0xF0,
    0x1C, 0x01, 0x01, 0xFC, 0x7F, 0xDF, 0xFB, 0xC2, 0x7F, 0x87, 0xFC, 0x3F, 0x90, 0x77, 0xFE, 0xFF,
    0xCF, 0xF0, 0x0F, 0x81, 0xF8, 0x1F, 0xC3, 0x9E, 0x10, 0x81, 0xFC, 0x3F, 0xF7, 0xFE, 0x78, 0x47,
    0x80, 0x7E, 0x07, 0xFC, 0x3F, 0xE1, 0xFF, 0x01, 0xF0, 0x0F, 0x70, 0xF7, 0xFE, 0x7F, 0xE3, 0xFC,
    0x1F, 0x07, 0xE0, 0xFE, 0x39, 0xE2, 0x10, 0x7F, 0x1F, 0xF7, 0xFE, 0xF0, 0x9F, 0xE1, 0xFF, 0x0F,
    0xE4, 0x1D, 0xFF, 0xBF, 0xF3, 0xFC, 0x1F, 0xC3, 0xFF, 0x7F, 0xE7, 0x84, 0x78, 0x07, 0xE0, 0x7F,
    0xC3, 0xFE, 0x0F, 0xF0, 0x0F, 0x20, 0xF7, 0x0F, 0xFF, 0xE7, 0xFE, 0x1F, 0x80, 0x70, 0x07, 0x80,
    0xF8, 0x0F, 0x80, 0x3F, 0x8F, 0xFB, 0xFF, 0x78, 0x4F, 0xF0, 0xFF, 0x87, 0xF2, 0x0E, 0xFF, 0xDF,
    0xF9, 0xFE, 0x07, 0x00, 0xF0, 0x3E, 0x07, 0xC0, 0x10, 0x83, 0x9E, 0x1F, 0xC1, 0xF8, 0x0F, 0x80,
    0x00, 0x1F, 0xC3, 0xFF, 0x7F, 0xE7, 0x84, 0x78, 0x07, 0xE0, 0x7F, 0xC3, 0xFE, 0x1F, 0xF0, 0x1F,
    0x00, 0xF7, 0x0F, 0x7F, 0xE7, 0xFE, 0x3F, 0xC0, 0x21, 0x8E, 0x78, 0xFE, 0x1F, 0x81, 0xF0, 0x00,
    0x0F, 0xE3, 0xFE, 0xFF, 0xDE, 0x13, 0xFC, 0x3F, 0xE1, 0xFC, 0x83, 0xBF, 0xF7, 0xFE, 0x7F, 0x80,
    0xFF, 0xFF, 0xFF, 0xFF, 0xF0, 0xF0, 0x0F, 0x00, 0xF0, 0x0F, 0x00, 0xF0, 0x0F, 0x00, 0xF0, 0x0F,
    0x00, 0xF0, 0x0F, 0x00, 0xF0, 0x0F, 0x00, 0x00, 0x00, 0x00, 0xF0, 0x0F, 0x00, 0xE0, 0x0E, 0x00,
    0x1E, 0x01, 0xE0, 0x1E, 0x01, 0xE0, 0xFF, 0xEF, 0xFE, 0x7F, 0xE1, 0xE0, 0x1E, 0x01, 0xE0, 0x1E,
    0x01, 0xE0, 0x0F, 0xE0, 0xFE, 0x07, 0xE0, 0x00, 0x00, 0x00, 0x78, 0x07, 0x80, 0x70, 0x07, 0x00,
    0x10, 0x83, 0x9C, 0x3F, 0xC1, 0xF8, 0x0F, 0x00, 0x00, 0xFF, 0xFF, 0xFF, 0xFF, 0xF0, 0xF0, 0x0F,
    0x00, 0xF0, 0x0F, 0x00, 0xF0, 0x0F, 0x00, 0xF0, 0x0F, 0x00, 0xF0, 0x0F, 0x00, 0xF0, 0x0F, 0x00,
    0x00, 0xF1, 0xEF, 0x1E, 0xE1, 0xEE, 0x1E, 0x0F, 0xFE, 0xFF, 0xE7, 0xFE, 0x1E, 0x01, 0xE0, 0x1E,
    0x01, 0xE0, 0x1E, 0x00, 0xFE, 0x0F, 0xE0, 0x7E, 0xFF, 0xFF, 0xFF, 0xFF, 0xF0, 0xF0, 0x0F, 0x00,
    0xF0, 0x3F, 0xE7, 0xFE, 0x7F, 0xE0, 0xF0, 0x0F, 0x00, 0xF0, 0x0F, 0x00, 0xF0, 0x0F, 0x00, 0x0E,
    0x00, 0xE0, 0x0E, 0x01, 0xE0, 0xFF, 0xEF, 0xFE, 0x7F, 0xE1, 0xE0, 0x3F, 0xC3, 0xFC, 0x3F, 0xC1,
    0xE0, 0x0F, 0xE0, 0xFE, 0x07, 0xE0, 0x3F, 0x8F, 0xF0, 0xFE, 0x00, 0x0F, 0x1F, 0xE3, 0xFC, 0x7F,
    0x8F, 0xF1, 0xFE, 0x3F, 0xC7, 0xF8, 0xFF, 0x1F, 0xE3, 0xFC, 0x7F, 0x8E, 0xFF, 0xCF, 0xF8, 0xFE,
    0x00, 0x7F, 0x8F, 0xF0, 0xFE, 0x00, 0x0F, 0x1F, 0xE3, 0xFC, 0x7F, 0x8F, 0xF1, 0xFE, 0x3F, 0xC7,
    0xF8, 0xFF, 0xFE, 0xFF, 0xDF, 0x78, 0x3F, 0x87, 0xF0, 0xFE, 0x00, 0x0F, 0x1F, 0xE3, 0xFC, 0x7F,
    0x8F, 0xF1, 0xFE, 0x3F, 0xC7, 0xF8, 0xFF, 0x1F, 0xE3, 0xFC, 0x7F, 0x8E, 0xFF, 0xCF, 0xF8, 0xFE,
    0x00, 0x3F, 0x07, 0xF0, 0xFE, 0x00, 0x00, 0x01, 0xE3, 0xFC, 0x7F, 0x8F, 0xF1, 0xFE, 0x3F, 0xC7,
    0xF8, 0xFF, 0x1F, 0xFF, 0xDF, 0xFB, 0xEF, 0x21, 0x0E, 0x71, 0xFE, 0x1F, 0xC1, 0xF1, 0xE3, 0xFC,
    0x7F, 0x8F, 0xF1, 0xFE, 0x3F, 0xC7, 0xF8, 0xFF, 0x1F, 0xE3, 0xFC, 0x7F, 0x8F, 0xF1, 0xDF, 0xF9,
    0xFF, 0x1F, 0xC0, 0x21, 0x0E, 0x71, 0xFE, 0x1F, 0xC1, 0xF0, 0x00, 0x3C, 0x7F, 0x8F, 0xF1, 0xFE,
    0x3F, 0xC7, 0xF8, 0xFF, 0x1F, 0xE3, 0xFF, 0xFB, 0xFF, 0x7D, 0xE0, 0x1F, 0x07, 0xE0, 0xEE, 0x1D,
    0xC3, 0xF0, 0x3E, 0x3C, 0x7F, 0x8F, 0xF1, 0xFE, 0x3F, 0xC7, 0xF8, 0xFF, 0x1F, 0xE3, 0xFC, 0x7F,
    0x8F, 0xF1, 0xFE, 0x3B, 0xFF, 0x3F, 0xE3, 0xF8, 0x1E, 0x07, 0xE0, 0xEE, 0x1D, 0xC3, 0xF0, 0x3C,
    0x3C, 0x7F, 0x8F, 0xF1, 0xFE, 0x3F, 0xC7, 0xF8, 0xFF, 0x1F, 0xE3, 0xFF, 0xFB, 0xFF, 0x7D, 0xE0,
    0x00, 0x03, 0xB8, 0xF7, 0x1D, 0xE3, 0xB8, 0x62, 0x3C, 0x7F, 0x8F, 0xF1, 0xFE, 0x3F, 0xC7, 0xF8,
    0xFF, 0x1F, 0xE3, 0xFC, 0x7F, 0x8F, 0xF1, 0xFE, 0x3B, 0xFF, 0x3F, 0xE3, 0xF8, 0x19, 0x83, 0xBC,
    0xFF, 0x1D, 0xC3, 0x38, 0x00, 0x3C, 0x7F, 0x8F, 0xF1, 0xFE, 0x3F, 0xC7, 0xF8, 0xFF, 0x1F, 0xE3,
    0xFF, 0xFB, 0xFF, 0x7D, 0xE0, 0xF1, 0xFE, 0x3F, 0xC7, 0xF8, 0xFF, 0x1F, 0xE3, 0xFC, 0x7F, 0x8F,
    0xF1, 0xFE, 0x3F, 0xC7, 0xF8, 0xEF, 0xFC, 0xFF, 0x0F, 0xC0, 0x70, 0x1C, 0x03, 0xF0, 0x3E, 0x00,
    0xF1, 0xFE, 0x3F, 0xC7, 0xF8, 0xFF, 0x1F, 0xE3, 0xFC, 0x7F, 0x8F, 0xFF, 0xEF, 0xFD, 0xF7, 0x01,
    0xE0, 0x30, 0x0F, 0xC0, 0xF8, 0x0F, 0x00, 0xFC, 0x0F, 0xF0, 0x73, 0x81, 0x08, 0x70, 0x3F, 0x81,
    0xFC, 0x0E, 0xE0, 0x77, 0x7B, 0xBF, 0xDD, 0xFE, 0xEF, 0xFF, 0x7F, 0xFB, 0xFF, 0xDF, 0xFE, 0x7D,
    0xF3, 0xEF, 0x9F, 0x7C, 0xFB, 0xE0, 0x0F, 0x00, 0xFC, 0x0F, 0xF0, 0x73, 0x81, 0x08, 0x73, 0xBF,
    0xBD, 0xFD, 0xEE, 0xEF, 0xF7, 0x7F, 0xBF, 0xFC, 0xFF, 0xE7, 0xDF, 0x3E, 0xF9, 0xF7, 0xCF, 0xBE,
    0x0F, 0x00, 0xFC, 0x0F, 0xF0, 0x73, 0x81, 0x08, 0x78, 0x7F, 0xE3, 0xCF, 0x1E, 0x79, 0xE1, 0xEF,
    0x0F, 0xF0, 0x3F, 0x81, 0xF8, 0x07, 0xC0, 0x3C, 0x01, 0xE0, 0x0F, 0x00, 0x78, 0x03, 0xC0, 0x1E,
    0x00, 0x0F, 0x00, 0xFC, 0x0F, 0xF0, 0x73, 0x81, 0x08, 0x78, 0x79, 0xE3, 0xCF, 0x1C, 0x79, 0xE1,
    0xEF, 0x0F, 0x70, 0x3F, 0x81, 0xF8, 0x0F, 0xC0, 0x3E, 0x01, 0xE0, 0x0F, 0x03, 0xF0, 0x1F, 0x80,
    0xF8, 0x00, 0x3D, 0xE1, 0xEF, 0x0F, 0x78, 0x00, 0x0F, 0x0F, 0xFC, 0x79, 0xE3, 0xCF, 0x3C, 0x3D,
    0xE1, 0xFE, 0x07, 0xF0, 0x3F, 0x00, 0xF8, 0x07, 0x80, 0x3C, 0x01, 0xE0, 0x0F, 0x00, 0x78, 0x03,
    0xC0, 0x03, 0x00, 0xF0, 0x1C, 0x07, 0x80, 0xE0, 0x18, 0x3F, 0xFF, 0xFF, 0xFF, 0xE0, 0x78, 0x1E,
    0x07, 0xC0, 0xF0, 0x3C, 0x0F, 0x81, 0xE0, 0x78, 0x1F, 0x03, 0xFF, 0xFF, 0xFF, 0xFE, 0x00, 0x00,
    0xE0, 0x1E, 0x07, 0x80, 0xE0, 0x1C, 0x01, 0x07, 0xFE, 0xFF, 0xDF, 0xF8, 0x1E, 0x07, 0xC1, 0xF0,
    0x7C, 0x1F, 0x07, 0xFE, 0xFF, 0xFF, 0xFC, 0x1E, 0x03, 0xC0, 0x78, 0x00, 0x0F, 0xFF, 0xFF, 0xFF,
    0xF8, 0x1E, 0x07, 0x81, 0xF0, 0x3C, 0x0F, 0x03, 0xE0, 0x78, 0x1E, 0x07, 0xC0, 0xFF, 0xFF, 0xFF,
    0xFF, 0x80, 0x1E, 0x03, 0xC0, 0x78, 0x00, 0x0F, 0xFD, 0xFF, 0xBF, 0xF0, 0x3C, 0x0F, 0x83, 0xE0,
    0xF8, 0x3E, 0x0F, 0xFD, 0xFF, 0xFF, 0xF8, 0x21, 0x0E, 0x71, 0xFE, 0x1F, 0x81, 0xE0, 0x00, 0x3F,
    0xFF, 0xFF, 0xFF, 0xE0, 0x78, 0x1E, 0x07, 0xC0, 0xF0, 0x3C, 0x0F, 0x81, 0xE0, 0x78, 0x1F, 0x03,
    0xFF, 0xFF, 0xFF, 0xFE, 0x21, 0x0E, 0x71, 0xFE, 0x1F, 0x81, 0xE0, 0x00, 0x3F, 0xF7, 0xFE, 0xFF,
    0xC0, 0xF0, 0x3E, 0x0F, 0x83, 0xE0, 0xF8, 0x3F, 0xF7, 0xFF, 0xFF, 0xE0, 0x00, 0x78, 0x03, 0xC7,
    0xFE, 0x7F, 0xE7, 0xFE, 0x3C, 0x79, 0xC3, 0xDE, 0x1E, 0xF0, 0xF7, 0x87, 0xBC, 0x3D, 0xE1, 0xE7,
    0x0F, 0x3C, 0x79, 0xFF, 0x87, 0xFC, 0x1F, 0x80, 0x00, 0x70, 0x03, 0xC0, 0x1E, 0x3F, 0xE3, 0xFF,
    0x3F, 0xF1, 0xE3, 0xCE, 0x1E, 0x70, 0xF3, 0x87, 0x9E, 0x3C, 0xFF, 0xC3, 0xFE, 0x0F, 0xE0, 0x00,
    0x70, 0x07, 0xF1, 0xFF, 0x1E, 0xF1, 0xEF, 0x1E, 0xF1, 0xEF, 0x1E, 0xF1, 0xEF, 0x1E, 0xF1, 0xEF,
    0x1E, 0xF1, 0xEF, 0x1C, 0xFF, 0xC7, 0xFC, 0x3F, 0x80, 0x00, 0x70, 0x0F, 0x00, 0xFF, 0x1F, 0xF1,
    0xEF, 0x1E, 0xF1, 0xEF, 0x1E, 0xF1, 0xEF, 0x1E, 0xF1, 0xEF, 0xFE, 0x7F, 0xE7, 0xDE, 0x01, 0x00,
    0x1C, 0x01, 0xE0, 0x0C, 0x00, 0xF8, 0x0F, 0xC0, 0x67, 0x03, 0xB8, 0x1F, 0x80, 0x7C, 0x07, 0xE0,
    0x3F, 0x01, 0xFC, 0x1F, 0xE0, 0xFF, 0x07, 0xBC, 0x39, 0xE3, 0xCF, 0x1F, 0xF8, 0xFF, 0xE7, 0xFF,
    0x78, 0x7B, 0xC3, 0xDE, 0x0F, 0x02, 0x00, 0xE0, 0x3C, 0x06, 0x01, 0xF0, 0x7E, 0x0C, 0xE1, 0xD8,
    0x3F, 0x00, 0x00, 0xFC, 0x7F, 0xCF, 0xFC, 0x07, 0x9F, 0xF7, 0xFE, 0xF3, 0xDE, 0x7B, 0xFF, 0xFF,
    0xF7, 0xDE, 0x00, 0x60, 0x07, 0x80, 0x3C, 0x03, 0xC0, 0x1C, 0x00, 0xE0, 0x3F, 0xE1, 0xFF, 0x1F,
    0xF8, 0xFE, 0x07, 0xF0, 0x3F, 0x83, 0xFF, 0x9F, 0xFC, 0xFF, 0xE7, 0xF8, 0x3F, 0xC3, 0xFE, 0x1E,
    0xFE, 0xF7, 0xF7, 0x3F, 0x80, 0x00, 0x00, 0x1C, 0x00, 0xF0, 0x0F, 0x00, 0x70, 0x03, 0x80, 0x08,
    0x0F, 0xBC, 0xFF, 0xF7, 0xFF, 0x83, 0xDC, 0xFF, 0xFF, 0xFF, 0xF7, 0x83, 0xBC, 0xDF, 0xFE, 0xFF,
    0xF3, 0xDF, 0x00, 0x01, 0x80, 0x1E, 0x00, 0xE0, 0x0F, 0x00, 0x70, 0x03, 0x38, 0x7F, 0xC7, 0xFE,
    0x7F, 0xE3, 0xCF, 0x9C, 0xFD, 0xE7, 0xEF, 0x7F, 0x7B, 0xFB, 0xFB, 0xDF, 0xDE, 0xFC, 0xF3, 0xE7,
    0x9F, 0xF8, 0xFF, 0xCF, 0xF8, 0x30, 0x00, 0x00, 0x00, 0x00, 0x00, 0x1C, 0x00, 0xF0, 0x0F, 0x00,
    0x70, 0x03, 0x80, 0x09, 0xC3, 0xFE, 0x3F, 0xE3, 0xFF, 0x1E, 0xFC, 0xE7, 0xE7, 0x7F, 0x3F, 0x79,
    0xF3, 0xCF, 0xFC, 0x7F, 0xE7, 0xFE, 0x18, 0x00, 0x1F, 0xC3, 0xFF, 0x7F, 0xE7, 0x84, 0x78, 0x07,
    0xE0, 0x7F, 0xC3, 0xFE, 0x1F, 0xF0, 0x1F, 0x00, 0xF7, 0x0F, 0x7F, 0xE7, 0xFE, 0x3F, 0xC0, 0x00,
    0x00, 0x00, 0xF0, 0x0E, 0x00, 0xE0, 0x0E, 0x00, 0x3F, 0x8F, 0xFB, 0xFF, 0x78, 0x4F, 0xF0, 0xFF,
    0x87, 0xF2, 0x0E, 0xFF, 0xDF, 0xF9, 0xFE, 0x00, 0x00, 0x00, 0x3C, 0x07, 0x00, 0xE0, 0x1C, 0x00,
    0xFF, 0xFF, 0xFF, 0xFF, 0xF0, 0xF0, 0x0F, 0x00, 0xF0, 0x0F, 0x00, 0xF0, 0x0F, 0x00, 0xF0, 0x0F,
    0x00, 0xF0, 0x0F, 0x00, 0xF0, 0x0F, 0x00, 0x00, 0x00, 0x00, 0xF0, 0x0F, 0x00, 0xE0, 0x0E, 0x00,
    0x1E, 0x01, 0xE0, 0x1E, 0x01, 0xE0, 0xFF, 0xEF, 0xFE, 0x7F, 0xE1, 0xE0, 0x1E, 0x01, 0xE0, 0x1E,
    0x01, 0xE0, 0x0F, 0xE0, 0xFE, 0x07, 0xE0, 0x00, 0x00, 0x00, 0x78, 0x07, 0x80, 0x70, 0x07, 0x00,
    0x31, 0xE7, 0x8F, 0x1C, 0x00, 0x00, 0xE3, 0xDE, 0x73, 0x82, 0x00, 0x1E, 0x0F, 0xC7, 0xF9, 0xCE,
    0x21, 0x00, 0xFE, 0xFF, 0x7F, 0x7E, 0xFF, 0xFF, 0x21, 0x1C, 0xE7, 0xF8, 0xFC, 0x3E, 0x00, 0xFF,
    0xF0, 0xFF, 0xFF, 0xFF, 0xF3, 0xFF, 0xCF, 0x38, 0x40, 0x3C, 0x7E, 0x66, 0x66, 0x7E, 0x3C, 0x33,
    0x1E, 0xE7, 0xFB, 0xDC, 0xE6, 0x00, 0x00, 0x21, 0x1C, 0xE7, 0xF8, 0xFC, 0x1E, 0x00, 0x37, 0x7F,
    0xFE, 0xEE, 0x1C, 0x71, 0xFF, 0xFC, 0xFF, 0xF0, 0xFE, 0xEC, 0x30, 0x70, 0xF3, 0xE7, 0xC7, 0x00,
    0x00, 0xE7, 0x3A, 0xFD, 0xF0, 0x08, 0x0F, 0x03, 0xC0, 0x78, 0x0E, 0x03, 0x0F, 0xFF, 0xFF, 0xFF,
    0xFC, 0x0F, 0x03, 0xC0, 0xFF, 0xFF, 0xFF, 0xFF, 0xC0, 0xF0, 0x3C, 0x0F, 0xFF, 0xFF, 0xFF, 0xC0,
    0x7B, 0xDE, 0xF7, 0xBC, 0x00, 0xFF, 0xFF, 0xFF, 0xFF, 0xC0, 0xF0, 0x3C, 0x0F, 0xFF, 0xFF, 0xFF,
    0xFC, 0x0F, 0x03, 0xC0, 0xFF, 0xFF, 0xFF, 0xFC, 0xFF, 0x87, 0xFC, 0x3F, 0xE0, 0x78, 0x03, 0xC0,
    0x1E, 0x00, 0xFF, 0x87, 0xFE, 0x3F, 0xF1, 0xE7, 0x8F, 0x1C, 0x78, 0xE3, 0xC7, 0x1E, 0x38, 0xF1,
    0xC0, 0x0E, 0x03, 0xF0, 0x1F, 0x80, 0xF8, 0x06, 0x07, 0x83, 0xC3, 0xC1, 0xC0, 0x63, 0xFF, 0xFF,
    0xFF, 0xF8, 0x3C, 0x1E, 0x0F, 0x07, 0x83, 0xC1, 0xE0, 0xF0, 0x78, 0x3C, 0x1E, 0x0F, 0x00, 0x1F,
    0xC3, 0xFE, 0x7F, 0xF7, 0x8F, 0x78, 0x47, 0x00, 0xFF, 0x0F, 0xF0, 0xFF, 0x07, 0x80, 0x78, 0xE7,
    0x8F, 0x7F, 0xF3, 0xFE, 0x1F, 0xC0, 0x1F, 0xC3, 0xFF, 0x7F, 0xE7, 0x84, 0x78, 0x07, 0xE0, 0x7F,
    0xC3, 0xFE, 0x1F, 0xF0, 0x1F, 0x00, 0xF7, 0x0F, 0x7F, 0xE7, 0xFE, 0x3F, 0xC0, 0xFF, 0xFF, 0xFF,
    0xFC, 0x78, 0x1E, 0x07, 0x81, 0xE0, 0x78, 0x1E, 0x07, 0x81, 0xE0, 0x78, 0xFF, 0xFF, 0xFF, 0xFC,
    0x7B, 0xDE, 0xF7, 0xBC, 0x00, 0xFF, 0xFF, 0xFF, 0xFC, 0x78, 0x1E, 0x07, 0x81, 0xE0, 0x78, 0x1E,
    0x07, 0x81, 0xE0, 0x78, 0xFF, 0xFF, 0xFF, 0xFC, 0x3F, 0xE7, 0xFC, 0x7F, 0x80, 0xF0, 0x1E, 0x03,
    0xC0, 0x78, 0x0F, 0x01, 0xE0, 0x3C, 0xC7, 0xB8, 0xF7, 0xFE, 0x7F, 0x87, 0xE0, 0x3F, 0x80, 0xFE,
    0x03, 0xF8, 0x0F, 0xE0, 0x3F, 0x80, 0xFF, 0x83, 0xFF, 0x0F, 0xFE, 0x3F, 0xB8, 0xEE, 0xF3, 0xBB,
    0xCE, 0xEF, 0x7B, 0xF9, 0xCF, 0xE7, 0x3F, 0x00, 0xF7, 0x07, 0xB8, 0x3D, 0xC1, 0xEE, 0x0F, 0x70,
    0x7B, 0xE3, 0xFF, 0x9F, 0xFE, 0xFF, 0x7F, 0xBB, 0xFD, 0xDF, 0xEE, 0xFF, 0x7F, 0x7B, 0xFB, 0xDF,
    0x80, 0xFF, 0x87, 0xFC, 0x3F, 0xE0, 0x78, 0x03, 0xC0, 0x1E, 0x00, 0xFF, 0x87, 0xFE, 0x3F, 0xF1,
    0xE7, 0x8F, 0x1C, 0x78, 0xE3, 0xC7, 0x1E, 0x38, 0xF1, 0xC0, 0x03, 0x00, 0xF0, 0x1C, 0x07, 0x80,
    0xE0, 0x18, 0x3C, 0x7F, 0x8F, 0xF3, 0xDE, 0x7B, 0xCE, 0x7B, 0xCF, 0xF9, 0xFE, 0x3F, 0xE7, 0xBC,
    0xF7, 0x9E, 0x7B, 0xCF, 0xF8, 0xFF, 0x1E, 0x08, 0x07, 0x80, 0xF0, 0x0F, 0x00, 0xE0, 0x18, 0x38,
    0x7F, 0x1F, 0xE3, 0xFC, 0x7F, 0x9F, 0xF3, 0xFE, 0xFF, 0xDF, 0xFF, 0x7F, 0xEF, 0xF9, 0xFF, 0x3F,
    0xE7, 0xF8, 0xFF, 0x1E, 0x18, 0xC1, 0xEF, 0x07, 0xF0, 0x3F, 0x80, 0xF8, 0x78, 0x39, 0xE3, 0xCF,
    0x1E, 0x78, 0xE1, 0xEF, 0x0F, 0x78, 0x3F, 0x81, 0xFC, 0x07, 0xE0, 0x3E, 0x01, 0xF0, 0x07, 0x01,
    0xF8, 0x0F, 0xC0, 0x7C, 0x00, 0xF1, 0xFE, 0x3F, 0xC7, 0xF8, 0xFF, 0x1F, 0xE3, 0xFC, 0x7F, 0x8F,
    0xF1, 0xFE, 0x3F, 0xC7, 0xF8, 0xFF, 0xFF, 0xFF, 0xFF, 0xF8, 0xF0, 0x1E, 0x03, 0xC0, 0x0F, 0x80,
    0xFC, 0x07, 0xE0, 0x3F, 0x83, 0xFC, 0x1F, 0xE0, 0xF7, 0x87, 0x3C, 0x79, 0xE3, 0xFF, 0x1F, 0xFC,
    0xFF, 0xEF, 0x0F, 0x78, 0x7B, 0xC1, 0xE0, 0xFF, 0xDF, 0xFB, 0xFE, 0x78, 0x0F, 0x01, 0xE0, 0x3F,
    0xE7, 0xFE, 0xFF, 0xFE, 0x3F, 0xC7, 0xF8, 0xFF, 0xFF, 0xFF, 0xBF, 0xE0, 0xFF, 0x9F, 0xFB, 0xFF,
    0x79, 0xEF, 0x1D, 0xE7, 0xBF, 0xF7, 0xFC, 0xFF, 0xDE, 0x7F, 0xC7, 0xF8, 0xFF, 0xFF, 0xFF, 0xBF,
    0xE0, 0xFF, 0xFF, 0xFF, 0xFE, 0x0F, 0x07, 0x83, 0xC1, 0xE0, 0xF0, 0x78, 0x3C, 0x1E, 0x0F, 0x07,
    0x83, 0xC0, 0x1F, 0xE0, 0xFF, 0x07, 0xF8, 0x3B, 0xC1, 0xDE, 0x0E, 0xF0, 0xF7, 0x87, 0xBC, 0x3D,
    0xE1, 0xEF, 0x0F, 0x78, 0x73, 0xCF, 0xFF, 0x7F, 0xFF, 0xFF, 0xFC, 0x0F, 0xE0, 0x7F, 0x03, 0xF8,
    0x1C, 0xFF, 0xFF, 0xFF, 0xFF, 0xC0, 0xF0, 0x3C, 0x0F, 0xFF, 0xFF, 0xFF, 0xFC, 0x0F, 0x03, 0xC0,
    0xFF, 0xFF, 0xFF, 0xFC, 0xE7, 0x7F, 0xBB, 0xBD, 0xDD, 0xEE, 0xE7, 0x7F, 0x3B, 0xF9, 0xFF, 0x87,
    0xFC, 0x7F, 0xE3, 0xBF, 0x9D, 0xFD, 0xEE, 0xEF, 0x77, 0x7B, 0xBF, 0x9D, 0xE0, 0x3F, 0x87, 0xFE,
    0x7F, 0xE3, 0x1E, 0x01, 0xE0, 0x1E, 0x0F, 0xE0, 0xF8, 0x0F, 0xE0, 0x1E, 0x00, 0xF3, 0x1F, 0x7F,
    0xE7, 0xFE, 0x3F, 0x80, 0xE1, 0xFC, 0x7F, 0x8F, 0xF1, 0xFE, 0x7F, 0xCF, 0xFB, 0xFF, 0x7F, 0xFD,
    0xFF, 0xBF, 0xE7, 0xFC, 0xFF, 0x9F, 0xE3, 0xFC, 0x78, 0x33, 0x0E, 0x71, 0xFE, 0x1F, 0xC1, 0xF1,
    0xC3, 0xF8, 0xFF, 0x1F, 0xE3, 0xFC, 0xFF, 0x9F, 0xF7, 0xFE, 0xFF, 0xFB, 0xFF, 0x7F, 0xCF, 0xF9,
    0xFF, 0x3F, 0xC7, 0xF8, 0xF0, 0xF1, 0xFE, 0x3F, 0xCF, 0x79, 0xEF, 0x39, 0xEF, 0x3F, 0xE7, 0xF8,
    0xFF, 0x9E, 0xF3, 0xDE, 0x79, 0xEF, 0x3F, 0xE3, 0xFC, 0x78, 0x1F, 0xF1, 0xFF, 0x1F, 0xF1, 0xCF,
    0x1C, 0xF1, 0xCF, 0x1C, 0xF1, 0xCF, 0x1C, 0xF3, 0xCF, 0x3C, 0xF3, 0xCF, 0xF8, 0xFF, 0x8F, 0xF0,
    0xF0, 0xF8, 0xFF, 0x9F, 0xFD, 0xFF, 0xDF, 0xFF, 0xFF, 0xFF, 0xFF, 0x7F, 0xF7, 0xF7, 0x7F, 0x67,
    0xF6, 0x7F, 0x27, 0xF0, 0x7F, 0x07, 0xF0, 0x70, 0xF1, 0xFE, 0x3F, 0xC7, 0xF8, 0xFF, 0x1F, 0xE3,
    0xFF, 0xFF, 0xFF, 0xFF, 0xFE, 0x3F, 0xC7, 0xF8, 0xFF, 0x1F, 0xE3, 0xFC, 0x78, 0x1F, 0x83, 0xFE,
    0x7F, 0xE7, 0x8F, 0x70, 0xFF, 0x0F, 0xF0, 0xFF, 0x0F, 0xF0, 0xFF, 0x0F, 0x70, 0xF7, 0x8F, 0x7F,
    0xE3, 0xFE, 0x1F, 0x80, 0xFF, 0xFF, 0xFF, 0xFF, 0xF8, 0xFF, 0x1F, 0xE3, 0xFC, 0x7F, 0x8F, 0xF1,
    0xFE, 0x3F, 0xC7, 0xF8, 0xFF, 0x1F, 0xE3, 0xFC, 0x78, 0xFF, 0x9F, 0xFB, 0xFF, 0xF8, 0xFF, 0x1F,
    0xE3, 0xFC, 0xFF, 0xFE, 0xFF, 0xDF, 0xE3, 0xC0, 0x78, 0x0F, 0x01, 0xE0, 0x3C, 0x00, 0x1F, 0xC3,
    0xFE, 0x3F, 0xF7, 0x8F, 0x78, 0xF7, 0x80, 0x78, 0x0F, 0x80, 0x78, 0x07, 0x80, 0x78, 0xE7, 0x8F,
    0x3F, 0xF3, 0xFE, 0x1F, 0xC0, 0xFF, 0xFF, 0xFF, 0xFF, 0xF0, 0xF0, 0x0F, 0x00, 0xF0, 0x0F, 0x00,
    0xF0, 0x0F, 0x00, 0xF0, 0x0F, 0x00, 0xF0, 0x0F, 0x00, 0xF0, 0x0F, 0x00, 0xF0, 0x73, 0xC7, 0x9E,
    0x3C, 0xF1, 0xC3, 0xDE, 0x1E, 0xF0, 0x7F, 0x03, 0xF8, 0x0F, 0xC0, 0x7C, 0x03, 0xE0, 0x0E, 0x03,
    0xF0, 0x1F, 0x80, 0xF8, 0x00, 0x0F, 0x00, 0xF0, 0x3F, 0xC7, 0xFE, 0x7F, 0xFF, 0x77, 0xF7, 0x7F,
    0x77, 0xF7, 0x7F, 0x77, 0xF7, 0x77, 0xFF, 0x7F, 0xE3, 0xFC, 0x0F, 0x80, 0xF0, 0xF8, 0xF3, 0xC7,
    0x9F, 0x78, 0x7B, 0xC3, 0xFC, 0x0F, 0xE0, 0x7E, 0x01, 0xF0, 0x1F, 0x80, 0xFE, 0x0F, 0xF0, 0x7B,
    0xC7, 0x9E, 0x3C, 0x7B, 0xC3, 0xC0, 0x71, 0xE3, 0x8F, 0x1C, 0x78, 0xE3, 0xC7, 0x1E, 0x38, 0xF1,
    0xC7, 0x8E, 0x3C, 0x71, 0xE3, 0x8F, 0x1C, 0x78, 0xE3, 0xC7, 0xFF, 0x3F, 0xFD, 0xFF, 0xE0, 0x0F,
    0x00, 0x78, 0x03, 0xC0, 0x1C, 0xF0, 0xFF, 0x0F, 0xF0, 0xFF, 0x0F, 0xF0, 0xFF, 0x0F, 0xF0, 0xF7,
    0x9F, 0x7F, 0xF3, 0xFF, 0x1F, 0xF0, 0x0F, 0x00, 0xF0, 0x0F, 0x00, 0xF0, 0xF7, 0x7F, 0x77, 0xF7,
    0x7F, 0x77, 0xF7, 0x7F, 0x77, 0xF7, 0x7F, 0x77, 0xF7, 0x7F, 0x77, 0xF7, 0x7F, 0x77, 0xFF, 0xFF,
    0xFF, 0xFF, 0xF0, 0xEE, 0xF7, 0x77, 0xBB, 0xBD, 0xDD, 0xEE, 0xEF, 0x77, 0x7B, 0xBB, 0xDD, 0xDE,
    0xEE, 0xF7, 0x77, 0xBB, 0xBD, 0xDD, 0xEF, 0xFF, 0x7F, 0xFF, 0xFF, 0xE0, 0x07, 0x00, 0x38, 0x01,
    0xC0, 0xFC, 0x07, 0xE0, 0x3F, 0x00, 0x78, 0x03, 0xC0, 0x1F, 0xC0, 0xFF, 0x87, 0xFE, 0x3C, 0xF1,
    0xE3, 0xCF, 0x1E, 0x78, 0xF3, 0xFF, 0x1F, 0xF8, 0xFF, 0x80, 0xF0, 0x7F, 0x07, 0xF0, 0x7F, 0x07,
    0xF0, 0x7F, 0xC7, 0xFE, 0x7F, 0xF7, 0xFF, 0x7F, 0x7F, 0xF7, 0xFF, 0x77, 0xFF, 0x7F, 0xF7, 0xFE,
    0x70, 0xF0, 0x1E, 0x03, 0xC0, 0x78, 0x0F, 0x01, 0xFE, 0x3F, 0xF7, 0xFE, 0xF3, 0xFE, 0x3F, 0xC7,
    0xF8, 0xFF, 0xFF, 0xFF, 0xBF, 0xE0, 0x1F, 0x83, 0xFC, 0x7F, 0xE7, 0x0F, 0x30, 0xF0, 0x0F, 0x0F,
    0xF0, 0xFF, 0x07, 0xF0, 0x0F, 0x70, 0xF7, 0x1F, 0x7F, 0xE3, 0xFC, 0x1F, 0x80, 0xF3, 0xEF, 0x7E,
    0xFF, 0xFF, 0xF7, 0xFF, 0x7F, 0xE7, 0xFE, 0x7F, 0xE7, 0xFE, 0x7F, 0xE7, 0xFE, 0x7F, 0xF7, 0xF7,
    0xFF, 0x7E, 0xF3, 0xE0, 0x1F, 0xE3, 0xFE, 0x7F, 0xE7, 0x8E, 0x78, 0xE7, 0x8E, 0x78, 0xE7, 0xFE,
    0x3F, 0xE1, 0xFE, 0x1E, 0xE3, 0xCE, 0x7C, 0xEF, 0x8E, 0xF0, 0xE0, 0x3F, 0x1F, 0xF3, 0xFF, 0x01,
    0xE7, 0xFD, 0xFF, 0xBC, 0xF7, 0x9E, 0xFF, 0xFF, 0xFD, 0xF7, 0x80, 0x07, 0xC7, 0xF9, 0xFF, 0x3E,
    0x0F, 0x01, 0xFF, 0x3F, 0xF7, 0xFE, 0xF1, 0xFE, 0x3F, 0xC7, 0xF8, 0xFF, 0x1F, 0xFF, 0x9F, 0xF1,
    0xF8, 0xFF, 0x9F, 0xFB, 0xFF, 0x79, 0xEF, 0xFD, 0xFF, 0x3F, 0xF7, 0x8F, 0xFF, 0xFF, 0xFB, 0xFE,
    0x00, 0xFF, 0xFF, 0xFF, 0xFE, 0x0F, 0x07, 0x83, 0xC1, 0xE0, 0xF0, 0x78, 0x3C, 0x00, 0x3F, 0xE1,
    0xFF, 0x0F, 0xF8, 0x7B, 0xC3, 0xDE, 0x1E, 0xF0, 0xF7, 0x87, 0x3C, 0xFF, 0xF7, 0xFF, 0xFF, 0xFF,
    0xC0, 0xFE, 0x07, 0xF0, 0x38, 0x3F, 0x0F, 0xFB, 0xFF, 0x78, 0xFF, 0xFF, 0xFF, 0xFF, 0xFF, 0x84,
    0xFF, 0xCF, 0xF8, 0xFE, 0x00, 0xE7, 0x77, 0xBB, 0x9D, 0xDC, 0xEF, 0xE7, 0xFE, 0x1F, 0xF1, 0xFF,
    0x8E, 0xFE, 0x77, 0x77, 0xBB, 0xB9, 0xDC, 0x3F, 0x9F, 0xF9, 0xFF, 0x01, 0xE1, 0xF8, 0x3F, 0x87,
    0xF3, 0x0E, 0xFF, 0xDF, 0xF9, 0xFE, 0x00, 0xF3, 0xDE, 0x7B, 0xDF, 0x7B, 0xEF, 0xFD, 0xFF, 0xBF,
    0x77, 0xEE, 0xF9, 0xDF, 0x3B, 0xC7, 0x00, 0x33, 0x0E, 0x79, 0xFE, 0x1F, 0xC1, 0xF0, 0x00, 0x3C,
    0xF7, 0x9E, 0xF7, 0xDE, 0xFB, 0xFF, 0x7F, 0xEF, 0xDD, 0xFB, 0xBE, 0x77, 0xCE, 0xF1, 0xC0, 0xF1,
    0xFE, 0x7B, 0xCF, 0x7B, 0xCF, 0xF9, 0xFE, 0x3F, 0xE7, 0xBC, 0xF3, 0xFE, 0x7F, 0xC7, 0x80, 0x3F,
    0xE3, 0xFE, 0x3F, 0xE3, 0xCE, 0x3C, 0xE3, 0xCE, 0x3C, 0xE3, 0xCE, 0xF8, 0xEF, 0x8E, 0xF0, 0xE0,
    0xF1, 0xFE, 0x3F, 0xEF, 0xFD, 0xFF, 0xFF, 0xFF, 0xFF, 0xBF, 0x77, 0xEC, 0xFC, 0x1F, 0x83, 0x80,
    0xF1, 0xDE, 0x3B, 0xC7, 0x78, 0xEF, 0xFD, 0xFF, 0xBF, 0xF7, 0x8E, 0xF1, 0xDE, 0x3B, 0xC7, 0x00,
    0x1F, 0xC3, 0xFE, 0x7F, 0xE7, 0x8F, 0x70, 0xF7, 0x0F, 0x70, 0xF7, 0x8F, 0x7F, 0xE3, 0xFE, 0x1F,
    0xC0, 0xFF, 0xDF, 0xFB, 0xFF, 0x78, 0xEF, 0x1D, 0xE3, 0xBC, 0x77, 0x8E, 0xF1, 0xDE, 0x3B, 0xC7,
    0x00, 0xFF, 0x9F, 0xFB, 0xFF, 0xF8, 0xFF, 0x1F, 0xE3, 0xFC, 0x7F, 0x8F, 0xFF, 0xFF, 0xFB, 0xFE,
    0x78, 0x0F, 0x01, 0xE0, 0x3C, 0x00, 0x3F, 0x8F, 0xF9, 0xFF, 0x78, 0xCF, 0x01, 0xE0, 0x3C, 0x07,
    0x8C, 0x7F, 0xCF, 0xF8, 0xFE, 0x00, 0xFF, 0xFF, 0xFF, 0xFF, 0x0F, 0x01, 0xE0, 0x3C, 0x07, 0x80,
    0xF0, 0x1E, 0x03, 0xC0, 0x78, 0x00, 0xF0, 0xF3, 0xC7, 0x9E, 0x38, 0xF3, 0xC3, 0xDE, 0x1E, 0xE0,
    0x7F, 0x03, 0xF0, 0x1F, 0x80, 0x7C, 0x03, 0xC0, 0x1E, 0x07, 0xE0, 0x3F, 0x01, 0xF0, 0x00, 0x07,
    0x00, 0x70, 0x07, 0x00, 0x70, 0x7F, 0xE7, 0xFF, 0xFF, 0xFF, 0x77, 0xE7, 0x7E, 0x77, 0xE7, 0x7F,
    0x77, 0xFF, 0xF7, 0xFF, 0x7F, 0xE0, 0x70, 0x07, 0x00, 0x70, 0x07, 0x00, 0x78, 0xF3, 0xEF, 0x0F,
    0xF0, 0x3F, 0x81, 0xF8, 0x07, 0xC0, 0x7E, 0x03, 0xF8, 0x3F, 0xE3, 0xCF, 0x3C, 0x3C, 0xF3, 0xCF,
    0x3C, 0xF3, 0xCF, 0x3C, 0xF3, 0xCF, 0x3C, 0xF3, 0xCF, 0x3C, 0xFF, 0xEF, 0xFF, 0xFF, 0xF0, 0x0F,
    0x00, 0xF0, 0x0E, 0xF3, 0xFC, 0xFF, 0x3F, 0xCF, 0xF3, 0xFF, 0xFF, 0xFD, 0xFF, 0x03, 0xC0, 0xF0,
    0x3C, 0xE7, 0x7E, 0x77, 0xE7, 0x7E, 0x77, 0xE7, 0x7E, 0x77, 0xE7, 0x7E, 0x77, 0xFF, 0xFF, 0xFF,
    0xFF, 0xF0, 0xEE, 0xF7, 0x77, 0xBB, 0xBD, 0xDD, 0xEE, 0xEF, 0x77, 0x7B, 0xBB, 0xDD, 0xDE, 0xFF,
    0xF7, 0xFF, 0xFF, 0xFE, 0x00, 0x70, 0x03, 0x80, 0x1C, 0xFC, 0x0F, 0xC0, 0xFC, 0x03, 0xFE, 0x3F,
    0xF3, 0xFF, 0x3C, 0xF3, 0xCF, 0x3F, 0xF3, 0xFF, 0x3F, 0xE0, 0xF0, 0x7F, 0x07, 0xF0, 0x7F, 0xE7,
    0xFF, 0x7F, 0xF7, 0xF7, 0xFF, 0x7F, 0xFF, 0x7F, 0xF7, 0xFE, 0x70, 0xF0, 0x1E, 0x03, 0xC0, 0x7F,
    0xCF, 0xFD, 0xFF, 0xFC, 0x7F, 0x8F, 0xFF, 0xFF, 0xFB, 0xFE, 0x00, 0x3F, 0x0F, 0xF3, 0xFF, 0x10,
    0xE1, 0xFE, 0x3F, 0xC3, 0xFB, 0x1E, 0xFF, 0xCF, 0xF0, 0xFC, 0x00, 0xF3, 0xEF, 0x7F, 0xFF, 0xFF,
    0xF7, 0xFF, 0x7F, 0xF7, 0xFF, 0x7F, 0xF7, 0xF7, 0xFF, 0x7F, 0xF3, 0xE0, 0x3F, 0xEF, 0xFD, 0xFF,
    0xBC, 0xF7, 0x9E, 0xFF, 0xCF, 0xF9, 0xFF, 0x7D, 0xEF, 0xBD, 0xE7, 0x80, 0x18, 0x07, 0x80, 0xF0,
    0x0F, 0x00, 0xE0, 0x00, 0x0F, 0xC3, 0xFE, 0xFF, 0xDE, 0x3F, 0xFF, 0xFF, 0xFF, 0xFF, 0xE1, 0x3F,
    0xF3, 0xFE, 0x3F, 0x80, 0x7B, 0xCF, 0x79, 0xEF, 0x00, 0x03, 0xF0, 0xFF, 0xBF, 0xF7, 0x8F, 0xFF,
    0xFF, 0xFF, 0xFF, 0xF8, 0x4F, 0xFC, 0xFF, 0x8F, 0xE0, 0xFF, 0x0F, 0xF0, 0xFE, 0x07, 0x80, 0x7F,
    0xC7, 0xFE, 0x7F, 0xE7, 0x8F, 0x78, 0xF7, 0x8F, 0x78, 0xF7, 0x8F, 0x78, 0xF7, 0x8F, 0x78, 0xF0,
    0x0F, 0x0F, 0xF0, 0xFE, 0x0F, 0xC0, 0x00, 0x03, 0x83, 0xC1, 0xE1, 0xE0, 0xE0, 0x21, 0xFF, 0xFF,
    0xFF, 0xFC, 0x1E, 0x0F, 0x07, 0x83, 0xC1, 0xE0, 0xF0, 0x78, 0x00, 0x3F, 0x8F, 0xF9, 0xFF, 0x78,
    0x4F, 0xE1, 0xFC, 0x3F, 0x87, 0x8C, 0x7F, 0xCF, 0xF8, 0xFE, 0x00, 0x3F, 0x8F, 0xFB, 0xFF, 0x78,
    0x4F, 0xF0, 0xFF, 0x87, 0xF2, 0x0E, 0xFF, 0xDF, 0xF9, 0xFE, 0x00, 0x0F, 0x01, 0xE0, 0x3C, 0x00,
    0x07, 0xF0, 0xFE, 0x1F, 0xC0, 0x78, 0x0F, 0x01, 0xE0, 0x3C, 0x07, 0x87, 0xFE, 0xFF, 0xDF, 0xF8,
    0x3F, 0xC7, 0xF8, 0xFF, 0x00, 0x07, 0xF0, 0xFE, 0x1F, 0xC0, 0x78, 0x0F, 0x01, 0xE0, 0x3C, 0x07,
    0x87, 0xFE, 0xFF, 0xDF, 0xF8, 0x07, 0x83, 0xC1, 0xE0, 0x0F, 0xFF, 0xFD, 0xFE, 0x0F, 0x07, 0x83,
    0xC1, 0xE0, 0xF0, 0x78, 0x3C, 0x1E, 0x0E, 0x7F, 0x3F, 0x9F, 0x80, 0x7F, 0x03, 0xF8, 0x1F, 0xC0,
    0xEF, 0xC7, 0x7F, 0x3B, 0xFD, 0xDC, 0xEE, 0xE7, 0xF7, 0xFF, 0xBF, 0xB9, 0xF8, 0xE7, 0x07, 0x38,
    0x39, 0xC1, 0xCF, 0xCF, 0xFF, 0x7F, 0xBF, 0xFC, 0xFC, 0xE7, 0xE7, 0x7F, 0x3F, 0xB9, 0xF8, 0xFF,
    0x0F, 0xF0, 0xFE, 0x07, 0x80, 0x7F, 0xC7, 0xFE, 0x7F, 0xE7, 0x8F, 0x78, 0xF7, 0x8F, 0x78, 0xF7,
    0x8F, 0x78, 0xF7, 0x8F, 0x78, 0xF0, 0x00, 0x00, 0xE0, 0x1E, 0x07, 0x80, 0xE0, 0x1C, 0x01, 0x07,
    0x8F, 0xF3, 0xDE, 0x7B, 0xDE, 0x7F, 0xCF, 0xF1, 0xFF, 0x3D, 0xE7, 0x9F, 0xF3, 0xFE, 0x3C, 0x18,
    0x07, 0x80, 0x70, 0x0F, 0x00, 0xE0, 0x00, 0x3C, 0xF7, 0x9E, 0xF7, 0xDE, 0xFB, 0xFF, 0x7F, 0xEF,
    0xDD, 0xFB, 0xBE, 0x77, 0xCE, 0xF1, 0xC0, 0x18, 0x81, 0xCF, 0x0F, 0xF0, 0x3F, 0x80, 0xF8, 0x00,
    0x03, 0xC3, 0xCF, 0x1E, 0x78, 0xE3, 0xCF, 0x0F, 0x78, 0x7B, 0x81, 0xFC, 0x0F, 0xC0, 0x7E, 0x01,
    0xF0, 0x0F, 0x00, 0x78, 0x1F, 0x80, 0xFC, 0x07, 0xC0, 0x00, 0xF1, 0xDE, 0x3B, 0xC7, 0x78, 0xEF,
    0x1D, 0xE3, 0xBC, 0x77, 0x8E, 0xFF, 0xDF, 0xFB, 0xFF, 0x0F, 0x01, 0xE0, 0x3C, 0x00, 0x1F, 0x83,
    0xFE, 0x7F, 0xE7, 0x8F, 0x70, 0xFF, 0x0F, 0xFF, 0xFF, 0xFF, 0xFF, 0xFF, 0x0F, 0x70, 0xF7, 0x8F,
    0x7F, 0xE3, 0xFE, 0x1F, 0x80, 0x1F, 0xC3, 0xFE, 0x7F, 0xE7, 0x0F, 0x7F, 0xF7, 0xFF, 0x7F, 0xF7,
    0x0F, 0x7F, 0xE3, 0xFE, 0x1F, 0xC0, 0x03, 0x81, 0xC0, 0xFF, 0xFF, 0xFF, 0xFF, 0xC1, 0xE0, 0xF0,
    0x78, 0x3C, 0x1E, 0x0F, 0x07, 0x83, 0xC1, 0xE0, 0xF0, 0x78, 0x00, 0x03, 0x83, 0xC1, 0xFF, 0xFF,
    0xFF, 0xFF, 0xC1, 0xE0, 0xF0, 0x78, 0x3C, 0x1E, 0x0F, 0x07, 0x80, 0x3F, 0xF3, 0xFF, 0x3F, 0xE3,
    0xC0, 0x3C, 0x03, 0xC0, 0x7F, 0x8F, 0xFC, 0xFF, 0xC3, 0xC0, 0x3C, 0x03, 0xC0, 0x3C, 0x03, 0xC0,
    0x3C, 0x00, 0x3F, 0xE7, 0xFC, 0xFF, 0x1C, 0x03, 0x81, 0xFF, 0x3F, 0xE7, 0xF8, 0x38, 0x07, 0x00,
    0xE0, 0x00, 0xFF, 0x9F, 0xF3, 0xFE, 0x78, 0x0F, 0x01, 0xE0, 0x3C, 0x07, 0xFC, 0xFF, 0xDF, 0xFF,
    0xC7, 0xF8, 0xFF, 0x1F, 0xE3, 0xFC, 0x78, 0x0F, 0x07, 0xE1, 0xF8, 0x3F, 0x00, 0xFF, 0x9F, 0xF3,
    0xFE, 0x78, 0x0F, 0x01, 0xFF, 0x3F, 0xF7, 0xFE, 0xF1, 0xFE, 0x3F, 0xC7, 0x80, 0xF0, 0x7C, 0x1F,
    0x83, 0xE0, 0x77, 0xB9, 0xDE, 0xE7, 0x7B, 0x9F, 0xFE, 0x7F, 0xF8, 0xFF, 0xC3, 0xFF, 0x07, 0xF8,
    0x3F, 0xF0, 0xFF, 0xC7, 0xFF, 0x9F, 0xFE, 0x7F, 0xF9, 0xDE, 0xF7, 0x7B, 0xC0, 0x07, 0x00, 0x1C,
    0x00, 0x70, 0xEF, 0x77, 0x7B, 0xBF, 0xFC, 0xFF, 0xC7, 0xFE, 0x1F, 0xE1, 0xFF, 0x8F, 0xFC, 0xFF,
    0xF7, 0x7F, 0xFB, 0xDE, 0x00, 0x70, 0x03, 0x80, 0x1C, 0x3F, 0xC7, 0xFE, 0x7F, 0xE3, 0x1E, 0x01,
    0xE0, 0x1E, 0x0F, 0xC0, 0xFC, 0x0F, 0xE0, 0x0F, 0x20, 0xF7, 0x9E, 0x7F, 0xE3, 0xFC, 0x0F, 0x00,
    0xF0, 0x0F, 0x00, 0x3F, 0x9F, 0xFB, 0xFF, 0x31, 0xE1, 0xFC, 0x3F, 0x07, 0xF0, 0x1E, 0x73, 0xDF,
    0xF9, 0xFE, 0x0F, 0x01, 0xE0, 0x3C, 0x00, 0xF1, 0xEF, 0x1C, 0xF3, 0xCF, 0x3C, 0xF7, 0x8F, 0x78,
    0xFF, 0x8F, 0xF0, 0xFF, 0x0F, 0x78, 0xF7, 0x8F, 0x3C, 0xF3, 0xFF, 0x3F, 0xF1, 0xF0, 0x0F, 0x00,
    0xF0, 0x0F, 0xF3, 0xFE, 0x7B, 0xCF, 0x7B, 0xCF, 0xF1, 0xFE, 0x3F, 0xC7, 0xBC, 0xF7, 0x9E, 0x7F,
    0xC7, 0x80, 0x70, 0x0E, 0x01, 0xC0, 0xF0, 0x77, 0x87, 0xBC, 0x3D, 0xE1, 0xCF, 0xEE, 0x7F, 0xF3,
    0xFF, 0x1F, 0xF8, 0xFF, 0xC7, 0xFF, 0x3F, 0xF9, 0xFD, 0xCF, 0x0F, 0xF8, 0x7F, 0xC1, 0xE0, 0xF0,
    0x77, 0x87, 0xBF, 0xB9, 0xFF, 0xCF, 0xFC, 0x7F, 0xE3, 0xFF, 0x1F, 0xFC, 0xFF, 0xF7, 0x87, 0xBC,
    0x1C, 0xFC, 0x77, 0xE7, 0xBF, 0x3C, 0x79, 0xC3, 0xDE, 0x1E, 0xF0, 0xFF, 0x07, 0xF8, 0x3F, 0xC1,
    0xEF, 0x0F, 0x78, 0x7B, 0xC3, 0xCF, 0x9E, 0x7C, 0xF1, 0xE0, 0xFC, 0xF7, 0xE7, 0xBF, 0x78, 0x7B,
    0xC3, 0xFC, 0x1F, 0xC0, 0xFF, 0x07, 0xBC, 0x3D, 0xF1, 0xE7, 0x8F, 0x3C, 0x79, 0xE3, 0xCF, 0x1E,
    0x78, 0xF3, 0xC7, 0x9E, 0x3C, 0xF1, 0xFF, 0x8F, 0xFC, 0x7F, 0xE3, 0xCF, 0x1E, 0x78, 0xF3, 0xC7,
    0x9F, 0xBC, 0xFD, 0xE7, 0xE0, 0x0F, 0x00, 0x78, 0x03, 0xC0, 0xF3, 0xCF, 0x3C, 0xF3, 0xCF, 0x3C,
    0xFF, 0xCF, 0xFC, 0xFF, 0xCF, 0x3C, 0xF3, 0xCF, 0x3F, 0xF3, 0xF0, 0x0F, 0x00, 0xF0, 0x0F, 0xF3,
    0xFF, 0x9F, 0xFC, 0xFD, 0xE7, 0x0F, 0x38, 0x79, 0xC3, 0xFE, 0x1F, 0xF0, 0xFF, 0x87, 0x9C, 0x3C,
    0xE1, 0xE7, 0x0F, 0x38, 0x79, 0xC3, 0xCE, 0x00, 0xF7, 0xF7, 0xBF, 0xBD, 0xFD, 0xEF, 0x0F, 0xF8,
    0x7F, 0xC3, 0xFE, 0x1E, 0xF0, 0xF7, 0x87, 0xBC, 0x3D, 0xE0, 0x1F, 0xC3, 0xFE, 0x7F, 0xF7, 0x8F,
    0x78, 0xE7, 0x80, 0x78, 0x0F, 0x80, 0x78, 0x07, 0x84, 0x78, 0xF7, 0xDF, 0x3F, 0xE1, 0xFC, 0x07,
    0x00, 0x70, 0x07, 0x00, 0x3F, 0x8F, 0xF9, 0xFF, 0x78, 0xCF, 0x01, 0xE0, 0x3C, 0x07, 0x84, 0xFB,
    0xCF, 0xF8, 0xFE, 0x07, 0x80, 0xE0, 0x1C, 0x00, 0xF0, 0xFF, 0xC7, 0x9E, 0x3C, 0xF3, 0xC3, 0xDE,
    0x1F, 0xE0, 0x7F, 0x03, 0xF0, 0x0F, 0x80, 0x78, 0x03, 0xC0, 0x1E, 0x00, 0xF0, 0x07, 0x80, 0x3C,
    0x00, 0xF0, 0xF7, 0x8F, 0x78, 0xE3, 0x9E, 0x3D, 0xE3, 0xDC, 0x1F, 0xC1, 0xF8, 0x1F, 0x80, 0xF8,
    0x0F, 0x00, 0xF0, 0x0F, 0x00, 0xF0, 0x0F, 0x00, 0xF0, 0xFF, 0xC7, 0x9E, 0x3C, 0xF3, 0xC3, 0xDE,
    0x1F, 0xE0, 0x7F, 0x03, 0xF0, 0x0F, 0x80, 0x78, 0x0F, 0xF8, 0x7F, 0xC3, 0xFE, 0x07, 0x80, 0x3C,
    0x00, 0xF0, 0xF7, 0x8F, 0x78, 0xE3, 0x9E, 0x3D, 0xE3, 0xDC, 0x1F, 0xC1, 0xF8, 0x1F, 0x80, 0xF8,
    0x3F, 0xC3, 0xFE, 0x3F, 0xE0, 0xF0, 0x0F, 0x00, 0xF8, 0xF3, 0xCF, 0x9F, 0x78, 0x7F, 0x83, 0xFC,
    0x0F, 0xC0, 0x7E, 0x01, 0xF0, 0x1F, 0x81, 0xFE, 0x0F, 0xF0, 0xF3, 0xC7, 0x9F, 0xF8, 0x7F, 0xC3,
    0xE0, 0x0F, 0x00, 0x78, 0x03, 0xC0, 0x78, 0xF7, 0xDE, 0x3D, 0xC1, 0xFC, 0x1F, 0x80, 0xF8, 0x1F,
    0x81, 0xFC, 0x3F, 0xC7, 0x9F, 0xF8, 0xF0, 0x07, 0x00, 0x70, 0x07, 0xF1, 0xE7, 0x8F, 0x3C, 0x79,
    0xE3, 0xCF, 0x1E, 0x78, 0xF3, 0xC7, 0x9F, 0x3C, 0x7F, 0xE3, 0xFF, 0x07, 0xF8, 0x03, 0xC0, 0x1F,
    0x80, 0xFC, 0x07, 0xE0, 0x0F, 0x00, 0x78, 0x03, 0xC0, 0xF3, 0xCF, 0x3C, 0xF3, 0xCF, 0x3C, 0xF3,
    0xCF, 0xFC, 0xFF, 0xC7, 0xFC, 0x03, 0xC0, 0x3F, 0x03, 0xF0, 0x0F, 0x00, 0xF0, 0x0F, 0xF0, 0xFF,
    0x0F, 0xF0, 0xFF, 0x0F, 0xF7, 0xFF, 0x7F, 0xFF, 0xF7, 0xFF, 0x7F, 0xF3, 0xFF, 0x07, 0xF0, 0x7F,
    0x00, 0xF0, 0x0F, 0x00, 0xF0, 0xE1, 0xDC, 0x3B, 0xB7, 0x76, 0xEF, 0xFD, 0xFF, 0xBF, 0xF3, 0xFE,
    0x0D, 0xC0, 0x38, 0x07, 0x00, 0xF0, 0x1E, 0x03, 0xC0, 0x78, 0x0F, 0x01, 0xFF, 0x3F, 0xF7, 0xFF,
    0xF1, 0xFE, 0x3F, 0xC7, 0xF8, 0xFF, 0x1F, 0xE3, 0xFC, 0x78, 0xF0, 0x1E, 0x03, 0xC0, 0x78, 0x0F,
    0xF9, 0xFF, 0xBF, 0xF7, 0x8F, 0xF1, 0xFE, 0x3F, 0xC7, 0xF8, 0xFF, 0x1F, 0xE3, 0xFC, 0x78, 0xFF,
    0xFF, 0xFF, 0xFC, 0x78, 0x1E, 0x07, 0x81, 0xE0, 0x78, 0x1E, 0x07, 0x81, 0xE0, 0x78, 0xFF, 0xFF,
    0xFF, 0xFC, 0x19, 0x81, 0xCE, 0x0F, 0xF0, 0x3F, 0x80, 0xF8, 0x73, 0xBF, 0xDD, 0xDE, 0xEE, 0xF7,
    0x73, 0xBF, 0x9D, 0xFC, 0xFF, 0xC3, 0xFE, 0x3F, 0xF1, 0xDF, 0xCE, 0xFE, 0xF7, 0x77, 0xBB, 0xBD,
    0xDF, 0xCE, 0xF0, 0x19, 0x81, 0xCE, 0x0F, 0xF0, 0x3F, 0x80, 0xF8, 0x00, 0x03, 0x9D, 0xDE, 0xEE,
    0x77, 0x73, 0xBF, 0x9F, 0xF8, 0x7F, 0xC7, 0xFE, 0x3B, 0xF9, 0xDD, 0xDE, 0xEE, 0xE7, 0x70, 0xFF,
    0xDF, 0xFB, 0xFF, 0x0F, 0x01, 0xE0, 0x3C, 0x07, 0x80, 0xF0, 0x1E, 0x03, 0xC0, 0x78, 0x0F, 0x01,
    0xE1, 0xFF, 0xBF, 0xF7, 0xFE, 0x19, 0x81, 0xCE, 0x0F, 0xF0, 0x3F, 0x80, 0xF8, 0x07, 0xC0, 0x7E,
    0x03, 0xF0, 0x1F, 0xC1, 0xFE, 0x0F, 0xF0, 0x7B, 0xC3, 0x9E, 0x3C, 0xF1, 0xFF, 0x8F, 0xFE, 0x7F,
    0xF7, 0x87, 0xBC, 0x3D, 0xE0, 0xF0, 0x33, 0x0E, 0x71, 0xFE, 0x1F, 0xC1, 0xF0, 0x00, 0x0F, 0xC7,
    0xFC, 0xFF, 0xC0, 0x79, 0xFF, 0x7F, 0xEF, 0x3D, 0xE7, 0xBF, 0xFF, 0xFF, 0x7D, 0xE0, 0x3F, 0xE1,
    0xFF, 0x0F, 0xF8, 0x00, 0x00, 0xF8, 0x0F, 0xC0, 0x7E, 0x03, 0xF8, 0x3F, 0xC1, 0xFE, 0x0F, 0x78,
    0x73, 0xC7, 0x9E, 0x3F, 0xF1, 0xFF, 0xCF, 0xFE, 0xF0, 0xF7, 0x87, 0xBC, 0x1E, 0x7F, 0x8F, 0xF1,
    0xFE, 0x00, 0x03, 0xF1, 0xFF, 0x3F, 0xF0, 0x1E, 0x7F, 0xDF, 0xFB, 0xCF, 0x79, 0xEF, 0xFF, 0xFF,
    0xDF, 0x78, 0x0F, 0xF8, 0x7F, 0xC7, 0xFE, 0x3F, 0x81, 0xFC, 0x0F, 0xE0, 0xFF, 0xE7, 0xFF, 0x3F,
    0xF9, 0xFE, 0x0F, 0xF0, 0xFF, 0x87, 0xBF, 0xBD, 0xFD, 0xCF, 0xE0, 0x7D, 0xE7, 0xFF, 0xBF, 0xFC,
    0x1E, 0xE7, 0xFF, 0xFF, 0xFF, 0xBC, 0x1D, 0xE6, 0xFF, 0xF7, 0xFF, 0x9E, 0xF8, 0x31, 0x1C, 0xF7,
    0xF8, 0xFE, 0x1F, 0x3F, 0xFF, 0xFF, 0xFF, 0xF0, 0x3C, 0x0F, 0x03, 0xFF, 0xFF, 0xFF, 0xFF, 0x03,
    0xC0, 0xF0, 0x3F, 0xFF, 0xFF, 0xFF, 0x33, 0x0E, 0x71, 0xFE, 0x1F, 0xC1, 0xF0, 0x00, 0x0F, 0xC3,
    0xFE, 0xFF, 0xDE, 0x3F, 0xFF, 0xFF, 0xFF, 0xFF, 0xE1, 0x3F, 0xF3, 0xFE, 0x3F, 0x80, 0x1F, 0x83,
    0xFE, 0x7F, 0xE7, 0x8F, 0x70, 0xF0, 0x0F, 0xFF, 0xFF, 0xFF, 0xFF, 0xFF, 0x0F, 0xF0, 0xF7, 0x8F,
    0x7F, 0xE3, 0xFE, 0x1F, 0x80, 0x7F, 0x1F, 0xFB, 0xFF, 0x30, 0xF0, 0x1F, 0xFF, 0xFF, 0xFF, 0xFF,
    0xFF, 0xCF, 0xF8, 0xFC, 0x00, 0x3D, 0xE1, 0xEF, 0x0F, 0x78, 0x00, 0x0E, 0x77, 0xFB, 0xBB, 0xDD,
    0xDE, 0xEE, 0x77, 0xF3, 0xBF, 0x9F, 0xF8, 0x7F, 0xC7, 0xFE, 0x3B, 0xF9, 0xDF, 0xDE, 0xEE, 0xF7,
    0x77, 0xBB, 0xF9, 0xDE, 0x3D, 0xE1, 0xEF, 0x0F, 0x78, 0x00, 0x0E, 0x77, 0x7B, 0xB9, 0xDD, 0xCE,
    0xFE, 0x7F, 0xE1, 0xFF, 0x1F, 0xF8, 0xEF, 0xE7, 0x77, 0x7B, 0xBB, 0x9D, 0xC0, 0x3F, 0xC3, 0xFC,
    0x3F, 0xC0, 0x00, 0x3F, 0x87, 0xFE, 0x7F, 0xE3, 0x1E, 0x01, 0xE0, 0x1E, 0x0F, 0xE0, 0xF8, 0x0F,
    0xE0, 0x1E, 0x00, 0xF3, 0x1F, 0x7F, 0xE7, 0xFE, 0x3F, 0x80, 0x7F, 0xCF, 0xF9, 0xFF, 0x00, 0x03,
    0xF9, 0xFF, 0x9F, 0xF0, 0x1E, 0x1F, 0x83, 0xF8, 0x7F, 0x30, 0xEF, 0xFD, 0xFF, 0x9F, 0xE0, 0x3F,
    0x87, 0xF0, 0xFE, 0x00, 0x0E, 0x1F, 0xC7, 0xF8, 0xFF, 0x1F, 0xE7, 0xFC, 0xFF, 0xBF, 0xF7, 0xFF,
    0xDF, 0xFB, 0xFE, 0x7F, 0xCF, 0xF9, 0xFE, 0x3F, 0xC7, 0x80, 0x3F, 0x87, 0xF0, 0xFE, 0x00, 0x00,
    0x01, 0xE7, 0xBC, 0xF7, 0xBE, 0xF7, 0xDF, 0xFB, 0xFF, 0x7E, 0xEF, 0xDD, 0xF3, 0xBE, 0x77, 0x8E,
    0x7B, 0xCF, 0x79, 0xEF, 0x00, 0x0E, 0x1F, 0xC7, 0xF8, 0xFF, 0x1F, 0xE7, 0xFC, 0xFF, 0xBF, 0xF7,
    0xFF, 0xDF, 0xFB, 0xFE, 0x7F, 0xCF, 0xF9, 0xFE, 0x3F, 0xC7, 0x80, 0x7B, 0xCF, 0x79, 0xEF, 0x00,
    0x0F, 0x3D, 0xE7, 0xBD, 0xF7, 0xBE, 0xFF, 0xDF, 0xFB, 0xF7, 0x7E, 0xEF, 0x9D, 0xF3, 0xBC, 0x70,
    0x3D, 0xE3, 0xDE, 0x3D, 0xE0, 0x00, 0x1F, 0x83, 0xFE, 0x7F, 0xE7, 0x8F, 0x70, 0xFF, 0x0F, 0xF0,
    0xFF, 0x0F, 0xF0, 0xFF, 0x0F, 0x70, 0xF7, 0x8F, 0x7F, 0xE3, 0xFE, 0x1F, 0x80, 0x3D, 0xE3, 0xDE,
    0x3D, 0xE0, 0x00, 0x1F, 0xC3, 0xFE, 0x7F, 0xE7, 0x8F, 0x70, 0xF7, 0x0F, 0x70, 0xF7, 0x8F, 0x7F,
    0xE3, 0xFE, 0x1F, 0xC0, 0x1F, 0x83, 0xFE, 0x7F, 0xE7, 0x8F, 0x70, 0xFF, 0x0F, 0xFF, 0xFF, 0xFF,
    0xFF, 0xFF, 0x0F, 0x70, 0xF7, 0x8F, 0x7F, 0xE3, 0xFE, 0x1F, 0x80, 0x1F, 0xC3, 0xFE, 0x7F, 0xE7,
    0x0F, 0x7F, 0xF7, 0xFF, 0x7F, 0xF7, 0x0F, 0x7F, 0xE3, 0xFE, 0x1F, 0xC0, 0x1F, 0xC0, 0xFE, 0x07,
    0xF0, 0x00, 0x0F, 0x07, 0x3C, 0x79, 0xE3, 0xCF, 0x1C, 0x3D, 0xE1, 0xEF, 0x07, 0xF0, 0x3F, 0x80,
    0xFC, 0x07, 0xC0, 0x3E, 0x00, 0xE0, 0x3F, 0x01, 0xF8, 0x0F, 0x80, 0x1F, 0xC0, 0xFE, 0x07, 0xF0,
    0x00, 0x00, 0x00, 0x78, 0x79, 0xE3, 0xCF, 0x1C, 0x79, 0xE1, 0xEF, 0x0F, 0x70, 0x3F, 0x81, 0xF8,
    0x0F, 0xC0, 0x3E, 0x01, 0xE0, 0x0F, 0x03, 0xF0, 0x1F, 0x80, 0xF8, 0x00, 0x3D, 0xE1, 0xEF, 0x0F,
    0x78, 0x00, 0x0F, 0x07, 0x3C, 0x79, 0xE3, 0xCF, 0x1C, 0x3D, 0xE1, 0xEF, 0x07, 0xF0, 0x3F, 0x80,
    0xFC, 0x07, 0xC0, 0x3E, 0x00, 0xE0, 0x3F, 0x01, 0xF8, 0x0F, 0x80, 0x3D, 0xE1, 0xEF, 0x0F, 0x78,
    0x00, 0x0F, 0x0F, 0x3C, 0x79, 0xE3, 0x8F, 0x3C, 0x3D, 0xE1, 0xEE, 0x07, 0xF0, 0x3F, 0x01, 0xF8,
    0x07, 0xC0, 0x3C, 0x01, 0xE0, 0x7E, 0x03, 0xF0, 0x1F, 0x00, 0x00, 0x00, 0x77, 0x83, 0xBC, 0x3F,
    0xC1, 0xDC, 0x04, 0x43, 0xC1, 0xCF, 0x1E, 0x78, 0xF3, 0xC7, 0x0F, 0x78, 0x7B, 0xC1, 0xFC, 0x0F,
    0xE0, 0x3F, 0x01, 0xF0, 0x0F, 0x80, 0x38, 0x0F, 0xC0, 0x7E, 0x03, 0xE0, 0x00, 0x0C, 0x40, 0x77,
    0x87, 0xB8, 0x3B, 0x81, 0x9C, 0x00, 0x03, 0xC3, 0xCF, 0x1E, 0x78, 0xE3, 0xCF, 0x0F, 0x78, 0x7B,
    0x81, 0xFC, 0x0F, 0xC0, 0x7E, 0x01, 0xF0, 0x0F, 0x00, 0x78, 0x1F, 0x80, 0xFC, 0x07, 0xC0, 0x00,
    0x3F, 0xC3, 0xFC, 0x3F, 0xC0, 0x00, 0xF0, 0xFF, 0x0F, 0xF0, 0xFF, 0x0F, 0xF0, 0xFF, 0x0F, 0xF0,
    0xF7, 0x9F, 0x7F, 0xF3, 0xFF, 0x1F, 0xF0, 0x0F, 0x00, 0xF0, 0x0F, 0x00, 0xF0, 0x7F, 0x9F, 0xE7,
    0xF8, 0x00, 0xF3, 0xFC, 0xFF, 0x3F, 0xCF, 0xF3, 0xFF, 0xFF, 0xFD, 0xFF, 0x03, 0xC0, 0xF0, 0x3C,
    0x3D, 0xE3, 0xDE, 0x3D, 0xE0, 0x00, 0xF0, 0x7F, 0x07, 0xF0, 0x7F, 0x07, 0xF0, 0x7F, 0xC7, 0xFE,
    0x7F, 0xF7, 0xFF, 0x7F, 0x7F, 0xF7, 0xFF, 0x77, 0xFF, 0x7F, 0xF7, 0xFE, 0x70, 0x3D, 0xE3, 0xDE,
    0x3D, 0xE0, 0x00, 0xF0, 0x7F, 0x07, 0xF0, 0x7F, 0xE7, 0xFF, 0x7F, 0xF7, 0xF7, 0xFF, 0x7F, 0xFF,
    0x7F, 0xF7, 0xFE, 0x70, 0x7C, 0x3C, 0xF0, 0xF3, 0xE3, 0xC7, 0xDE, 0x0F, 0x78, 0xFF, 0xE3, 0xFF,
    0x1E, 0xF8, 0x79, 0xE1, 0xE7, 0xC7, 0x0F, 0x3C, 0x1E, 0xF0, 0x7C, 0x7F, 0x87, 0xFC, 0x7F, 0xC0,
    0x3E, 0x01, 0xE0, 0x1E, 0x01, 0xE0, 0x1E, 0x01, 0xE0, 0x1E, 0xFF, 0xFF, 0xFF, 0xFF, 0xF0, 0x7C,
    0x3F, 0x1F, 0xC1, 0xE0, 0xF0, 0x78, 0x3C, 0x1E, 0x0F, 0x0F, 0xBF, 0xDE, 0xEE, 0x70, 0x00, 0xFF,
    0xFF, 0xFF, 0xFF, 0xE0, 0x3C, 0x03, 0xC0, 0x3C, 0x03, 0xC0, 0x3C, 0x03, 0xC0, 0x3C, 0x03, 0xC0,
    0x3C, 0x03, 0xC0, 0xFF, 0xCF, 0xFE, 0xFF, 0xF0, 0x0F, 0x00, 0xF0, 0x0F, 0xF0, 0xFF, 0x0F, 0xF0,
    0xFF, 0x0F, 0xF0, 0xFF, 0x0F, 0xF0, 0xF0, 0x7D, 0xFF, 0xCF, 0x3C, 0xF3, 0xCF, 0x3C, 0xF3, 0xCF,
    0x3C, 0xFF, 0xFE, 0x7E, 0x3C, 0x38, 0x78, 0x78, 0x78, 0x78, 0x78, 0x3C, 0x3C, 0x3C, 0x7F, 0xF3,
    0xFF, 0xEF, 0xFF, 0x8E, 0x1E, 0x78, 0x79, 0xE1, 0xE7, 0x87, 0x9E, 0x1E, 0x78, 0x79, 0xE1, 0xE7,
    0x87, 0x9E, 0x1E, 0x78, 0x78, 0x73, 0xE3, 0x9F, 0x9C, 0xFE, 0xE0, 0xF7, 0x07, 0xB8, 0x3D, 0xC1,
    0xEF, 0x0F, 0x78, 0x7B, 0xC7, 0xCF, 0xFC, 0x7F, 0xE0, 0xFC, 0x00, 0x7D, 0xFF, 0xCF, 0x3C, 0xF3,
    0xC0, 0x7F, 0x8F, 0xF9, 0xFF, 0x80, 0xF0, 0x1E, 0x03, 0xC0, 0x78, 0x0F, 0x01, 0xE0, 0x3C, 0x07,
    0x80, 0xF0, 0x1E, 0x03, 0xC0, 0x78, 0x0F, 0x01, 0xE0, 0x7F, 0x1F, 0xF3, 0xFF, 0x01, 0xE0, 0x3C,
    0x03, 0xC0, 0x78, 0x0F, 0x03, 0xC0, 0x7B, 0xFF, 0x7F, 0xCF, 0xF0, 0x30, 0x1E, 0x03, 0xC0, 0x78,
    0x0F, 0xFF, 0xFF, 0xFF, 0xF8, 0x0F, 0x03, 0xC0, 0x78, 0x0F, 0x03, 0xC0, 0x78, 0x0F, 0x03, 0xC0,
    0x78, 0x1F, 0x00, 0x7F, 0xF1, 0xFF, 0xE7, 0xFF, 0x8F, 0x0F, 0x3C, 0x3C, 0xF0, 0xF3, 0xC3, 0xCF,
    0x0F, 0x3C, 0x3C, 0xF0, 0xF3, 0xFF, 0xCF, 0xFF, 0x3F, 0xFC, 0xF3, 0xF0, 0xFF, 0xF1, 0xFF, 0xF3,
    0xF1, 0xE3, 0xC3, 0xC7, 0x87, 0x8F, 0x0F, 0x1E, 0x1E, 0x38, 0x3C, 0xF0, 0x79, 0xEF, 0xE3, 0xDF,
    0xC7, 0xBF, 0x00, 0x7D, 0xF7, 0xCF, 0x3C, 0xF3, 0xCF, 0x3C, 0xF3, 0xCF, 0x3C, 0xF3, 0xCF, 0x3C,
    0x7C, 0x7E, 0x7E, 0x1E, 0x0F, 0x0F, 0x0F, 0x0F, 0x0F, 0x0F, 0x7F, 0xFF, 0xFF, 0x7F, 0xE1, 0xFF,
    0xC7, 0xFF, 0x8E, 0x1E, 0x78, 0x3D, 0xE0, 0xF7, 0x83, 0xDE, 0x0F, 0x78, 0x79, 0xF1, 0xE3, 0xFF,
    0x8F, 0xFC, 0x0F, 0xE0, 0x00, 0x03, 0xC3, 0xDE, 0x1E, 0xF0, 0xF3, 0x87, 0x9E, 0x38, 0xF3, 0xC7,
    0x9E, 0x3C, 0xF0, 0xEF, 0x87, 0xF8, 0xFF, 0x8F, 0xF8, 0x7E, 0x01, 0x00, 0x00, 0x1F, 0xC1, 0xFF,
    0x1F, 0xFC, 0xF1, 0xEF, 0x0F, 0x3C, 0x3D, 0xF1, 0xEF, 0x8F, 0x1C, 0x78, 0x03, 0xC0, 0x1E, 0x00,
    0xF0, 0x07, 0x80, 0x3C, 0x01, 0xE0, 0x0F, 0x00, 0x78, 0x1F, 0xC3, 0xFF, 0x1F, 0xFC, 0xF1, 0xEF,
    0x0F, 0x3C, 0x3D, 0xF1, 0xEF, 0x8F, 0x1C, 0xF0, 0x0F, 0x9F, 0xFC, 0xFF, 0xC7, 0xF8, 0x00, 0xF0,
    0xF7, 0x8F, 0x78, 0xF7, 0xCE, 0x3D, 0xE3, 0xDE, 0x1F, 0xC1, 0xFC, 0x1F, 0x80, 0xF0, 0x0F, 0x00,
    0xF0, 0x0F, 0x00, 0x78, 0x07, 0x80, 0x78, 0x07, 0x80, 0xF8, 0xF7, 0xCF, 0x3C, 0xF3, 0xEF, 0x1F,
    0xE1, 0xFE, 0x0F, 0xC0, 0x78, 0x07, 0xC0, 0x3C, 0x7F, 0xEF, 0xFE, 0xFF, 0xE0, 0x7F, 0xF9, 0xFF,
    0xE7, 0xFF, 0x80, 0x1E, 0x00, 0x78, 0x03, 0xC7, 0x8F, 0x1E, 0x3C, 0x79, 0xE1, 0xE7, 0x87, 0x9E,
    0x1E, 0x78, 0x7B, 0xC1, 0xE0, 0x07, 0x80, 0x1E, 0x00, 0x78, 0x00, 0x7F, 0x9F, 0xF7, 0xFC, 0x0F,
    0x03, 0xC0, 0xF0, 0x3C, 0x0F, 0x03, 0xC0, 0xF0, 0x3C, 0x0F, 0x03, 0xC0, 0xF7, 0x9F, 0xEF, 0x3F,
    0xDE, 0x7F, 0xBC, 0xFF, 0x79, 0xFF, 0xE3, 0xFF, 0xC7, 0x7E, 0x1E, 0xF0, 0x3C, 0xF0, 0xF9, 0xFF,
    0xE1, 0xFF, 0x81, 0xFE, 0x00, 0x7F, 0xF1, 0xFF, 0xE7, 0xFF, 0xC7, 0x8F, 0x1E, 0x3C, 0x78, 0xF1,
    0xE3, 0xC7, 0x8F, 0x1C, 0x3C, 0xF0, 0xF7, 0xC3, 0xDF, 0x0F, 0xF8, 0x3C, 0x47, 0xFE, 0xFF, 0x00,
    0x38, 0xE7, 0x9E, 0x7B, 0xEF, 0x80, 0x00, 0x00, 0x1C, 0xFB, 0xEF, 0x8C, 0x00, 0x07, 0xF9, 0xFF,
    0xFF, 0xEF, 0xBD, 0xF0, 0x3F, 0x03, 0xF0, 0x3F, 0x01, 0xE0, 0x3C, 0x00, 0x00, 0xE0, 0x3E, 0x07,
    0xC0, 0x78, 0x06, 0x00, 0x00, 0x0F, 0xC7, 0xE1, 0xF8, 0x78, 0x1E, 0x07, 0xF8, 0xFE, 0xFF, 0xBF,
    0xC7, 0x80, 0x00, 0xFF, 0xFF, 0xFF, 0x00, 0x31, 0xCF, 0x3E, 0xFB, 0xC0, 0x00, 0x31, 0xEF, 0x9E,
    0x30, 0x00, 0x03, 0xCF, 0x1E, 0x79, 0xE7, 0x9E, 0x78, 0xE3, 0x8F, 0x3C, 0xF3, 0xC0, 0x20, 0x38,
    0x7F, 0x1F, 0xFF, 0xFF, 0xBF, 0xE7, 0xE1, 0xE0, 0x78, 0x1E, 0x07, 0x81, 0xE0, 0x78, 0x1E, 0x07,
    0x80, 0x00, 0x00, 0x0F, 0x77, 0xF7, 0x7F, 0xFF, 0x7F, 0xF7, 0xFF, 0x7D, 0xC7, 0x80, 0x78, 0x07,
    0x80, 0x78, 0x03, 0x80, 0x38, 0x03, 0x80, 0x38, 0x00, 0x00, 0x04, 0x07, 0x03, 0xE1, 0xF8, 0xF8,
    0x3C, 0x0F, 0xC1, 0xF8, 0x3E, 0x1F, 0x0F, 0x03, 0xC0, 0xFF, 0x9F, 0xF7, 0xFC, 0x00, 0x00, 0x0F,
    0xC7, 0xF9, 0xFE, 0xF3, 0xFC, 0xFF, 0x3F, 0xCF, 0xF3, 0xFF, 0xF7, 0xF8, 0xFC, 0x40, 0x07, 0xFC,
    0x7F, 0xC7, 0xFC, 0x0F, 0xC0, 0x1C, 0x01, 0xC0, 0x1C, 0x01, 0xC0, 0x1E, 0x01, 0xE0, 0x1E, 0x01,
    0xE0, 0x0E, 0x00, 0xE0, 0x08, 0x20, 0x4F, 0x0F, 0xF0, 0xFF, 0x1E, 0x79, 0xE7, 0x9E, 0x39, 0xC3,
    0xFC, 0x3F, 0xC3, 0xF8, 0x1F, 0x81, 0xF8, 0x1F, 0x00, 0xF0, 0x0F, 0x00, 0x80, 0x03, 0x00, 0xF0,
    0x0F, 0x00, 0xF8, 0x1F, 0x81, 0xF8, 0x1F, 0x83, 0xFC, 0x3F, 0xC3, 0x9C, 0x79, 0xE7, 0x9E, 0xF1,
    0xEF, 0x0F, 0xF0, 0xF2, 0x04, 0x08, 0x0F, 0xC7, 0xF3, 0xFE, 0xF7, 0xBD, 0xEF, 0xFB, 0xFE, 0x7F,
    0x87, 0xF0, 0x3C, 0x0F, 0x03, 0xC0, 0xF0, 0x1C, 0x00, 0x08, 0x00, 0x78, 0x00, 0xF3, 0x80, 0xE7,
    0x01, 0xFE, 0x03, 0xFC, 0x07, 0xF8, 0x0F, 0xF0, 0x3C, 0xFD, 0xF9, 0xFF, 0xE1, 0xFF, 0x81, 0xFE,
    0x00, 0x7E, 0xFC, 0x00, 0x07, 0x03, 0xE0, 0xFC, 0x3F, 0x1F, 0xE7, 0x3B, 0xCE, 0xF3, 0xBF, 0xE7,
    0xF8, 0xFC, 0x00, 0x00, 0x31, 0xEF, 0x9E, 0x30, 0x00, 0x03, 0xCF, 0x1E, 0x79, 0xE7, 0x9E, 0x78,
    0xE3, 0x8F, 0x3C, 0xF3, 0xC0, 0x20, 0x38, 0x7F, 0x1F, 0xFF, 0xFF, 0xBF, 0xE7, 0xE1, 0xE0, 0x78,
    0x1E, 0x07, 0x81, 0xE0, 0x78, 0x1E, 0x07, 0x80, 0x00, 0x00, 0x0F, 0x77, 0xF7, 0x7F, 0xFF, 0x7F,
    0xF7, 0xFF, 0x7D, 0xC7, 0x80, 0x78, 0x07, 0x80, 0x78, 0x03, 0x80, 0x38, 0x03, 0x80, 0x38, 0x00,
    0x00, 0x01, 0xC7, 0x3C, 0x7F, 0xC7, 0xFC, 0x7F, 0xE7, 0xFE, 0x7F, 0xE3, 0xFC, 0x38, 0x03, 0xC0,
    0x3C, 0x03, 0xC0, 0x3C, 0x03, 0xC0, 0x3C, 0x00, 0x00, 0x00, 0x00, 0xE0, 0x1F, 0x00, 0xF0, 0x1F,
    0x81, 0xFC, 0x3F, 0xC7, 0x9E, 0x79, 0xE7, 0x0E, 0xF6, 0xFF, 0x6F, 0xFF, 0xE7, 0xFE, 0x7F, 0xC0,
    0x04, 0x0F, 0xC7, 0xF1, 0xFC, 0x70, 0x1C, 0x07, 0xF9, 0xFE, 0x3F, 0xC7, 0xC3, 0xE1, 0xF0, 0x7C,
    0x3E, 0x0F, 0x00, 0xC0, 0x20, 0x4F, 0x0F, 0xF0, 0xFF, 0x1E, 0x79, 0xE7, 0x9E, 0x39, 0xC3, 0xFC,
    0x3F, 0xC3, 0xF8, 0x1F, 0x81, 0xF8, 0x1F, 0x00, 0xF0, 0x0F, 0x00, 0x80, 0x03, 0x00, 0xF0, 0x0F,
    0x00, 0xF8, 0x1F, 0x81, 0xF8, 0x1F, 0x83, 0xFC, 0x3F, 0xC3, 0x9C, 0x79, 0xE7, 0x9E, 0xF1, 0xEF,
    0x0F, 0xF0, 0xF2, 0x04, 0x08, 0x0F, 0xC7, 0xF3, 0xFE, 0xF7, 0xBD, 0xEF, 0xFB, 0xFE, 0x7F, 0x87,
    0xF0, 0x3C, 0x0F, 0x03, 0xC0, 0xF0, 0x1C, 0x0F, 0x80, 0xFC, 0x07, 0xE0, 0x3F, 0x83, 0xFC, 0x1F,
    0xE0, 0xF7, 0x87, 0x3C, 0x79, 0xE3, 0xFF, 0x1F, 0xFC, 0xFF, 0xEF, 0x0F, 0x78, 0x7B, 0xC1, 0xE0,
    0x00, 0x0F, 0x00, 0x78, 0x03, 0xC0, 0x3F, 0x1F, 0xF3, 0xFF, 0x01, 0xE7, 0xFD, 0xFF, 0xBC, 0xF7,
    0x9E, 0xFF, 0xFF, 0xFD, 0xF7, 0x80, 0x01, 0xE0, 0x3C, 0x07, 0x80, 0x0F, 0x00, 0xFC, 0x07, 0xE0,
    0x07, 0x00, 0x70, 0x01, 0x80, 0x3E, 0x03, 0xF0, 0x1F, 0x80, 0xFE, 0x0F, 0xF0, 0x7F, 0x83, 0xDE,
    0x1C, 0xF1, 0xE7, 0x8F, 0xFC, 0x7F, 0xF3, 0xFF, 0xBC, 0x3D, 0xE1, 0xEF, 0x07, 0x80, 0x3E, 0x07,
    0xE0, 0xFC, 0x03, 0x80, 0xE0, 0x08, 0x0F, 0xC7, 0xFC, 0xFF, 0xC0, 0x79, 0xFF, 0x7F, 0xEF, 0x3D,
    0xE7, 0xBF, 0xFF, 0xFF, 0x7D, 0xE0, 0x00, 0x30, 0x03, 0xC0, 0x1C, 0x01, 0xC0, 0xFE, 0x0F, 0xC0,
    0xFF, 0x07, 0x38, 0x10, 0x80, 0x7C, 0x07, 0xE0, 0x3F, 0x01, 0xFC, 0x1F, 0xE0, 0xFF, 0x07, 0xBC,
    0x39, 0xE3, 0xCF, 0x1F, 0xF8, 0xFF, 0xE7, 0xFF, 0x78, 0x7B, 0xC3, 0xDE, 0x0F, 0x00, 0x60, 0x0F,
    0x01, 0xE0, 0x1C, 0x1F, 0xC3, 0xF0, 0x7F, 0x87, 0x38, 0x21, 0x03, 0xF0, 0xFF, 0x8F, 0xFC, 0x03,
    0xC7, 0xFC, 0xFF, 0xCF, 0x3C, 0xF3, 0xCF, 0xFE, 0xFF, 0xE7, 0xDE, 0x30, 0x01, 0xC0, 0x07, 0x80,
    0x0E, 0x00, 0x1F, 0x80, 0x3F, 0x01, 0xFE, 0x07, 0x38, 0x08, 0x40, 0x1F, 0x00, 0xFC, 0x03, 0xF0,
    0x0F, 0xE0, 0x7F, 0x81, 0xFE, 0x07, 0xBC, 0x1C, 0xF0, 0xF3, 0xC3, 0xFF, 0x0F, 0xFE, 0x3F, 0xF9,
    0xE1, 0xE7, 0x87, 0x9E, 0x0F, 0x30, 0x03, 0x80, 0x1E, 0x00, 0x70, 0x01, 0xF8, 0x07, 0xE0, 0x7F,
    0x83, 0x9C, 0x08, 0x40, 0x7E, 0x0F, 0xF8, 0x7F, 0xE0, 0x0F, 0x0F, 0xF8, 0xFF, 0xC7, 0x9E, 0x3C,
    0xF1, 0xFF, 0xCF, 0xFE, 0x3E, 0xF0, 0x01, 0xE0, 0x0F, 0x80, 0x7C, 0x00, 0xE0, 0x7E, 0x07, 0xF0,
    0x7F, 0x07, 0xB8, 0x18, 0xC0, 0x7C, 0x07, 0xE0, 0x3F, 0x01, 0xFC, 0x1F, 0xE0, 0xFF, 0x07, 0xBC,
    0x39, 0xE3, 0xCF, 0x1F, 0xF8, 0xFF, 0xE7, 0xFF, 0x78, 0x7B, 0xC3, 0xDE, 0x0F, 0x03, 0xC0, 0xFC,
    0x1F, 0x80, 0x70, 0xFC, 0x3F, 0x0F, 0xE3, 0xFC, 0x21, 0x80, 0x00, 0xFC, 0x7F, 0xCF, 0xFC, 0x07,
    0x9F, 0xF7, 0xFE, 0xF3, 0xDE, 0x7B, 0xFF, 0xFF, 0xF7, 0xDE, 0x3F, 0xC1, 0xFE, 0x07, 0xF0, 0x0E,
    0x00, 0xF8, 0x0F, 0xE0, 0xF7, 0x02, 0x10, 0x0F, 0x80, 0xFC, 0x07, 0xE0, 0x3F, 0x83, 0xFC, 0x1F,
    0xE0, 0xF7, 0x87, 0x3C, 0x79, 0xE3, 0xFF, 0x1F, 0xFC, 0xFF, 0xEF, 0x0F, 0x78, 0x7B, 0xC1, 0xE0,
    0x7F, 0x8F, 0xF0, 0xFE, 0x07, 0x03, 0xF0, 0xFF, 0x1E, 0xE1, 0x08, 0x3F, 0x1F, 0xF3, 0xFF, 0x01,
    0xE7, 0xFD, 0xFF, 0xBC, 0xF7, 0x9E, 0xFF, 0xFF, 0xFD, 0xF7, 0x80, 0x0F, 0x00, 0xFC, 0x0F, 0xF0,
    0x73, 0x81, 0x08, 0x07, 0xC0, 0x7E, 0x03, 0xF0, 0x1F, 0xC1, 0xFE, 0x0F, 0xF0, 0x7B, 0xC3, 0x9E,
    0x3C, 0xF1, 0xFF, 0x8F, 0xFE, 0x7F, 0xF7, 0x87, 0xBC, 0x3D, 0xE0, 0xF0, 0x00, 0x07, 0x80, 0x3C,
    0x01, 0xE0, 0x1E, 0x07, 0xE1, 0xFE, 0x39, 0xC2, 0x10, 0x7E, 0x3F, 0xE7, 0xFE, 0x03, 0xCF, 0xFB,
    0xFF, 0x79, 0xEF, 0x3D, 0xFF, 0xFF, 0xFB, 0xEF, 0x00, 0x03, 0xC0, 0x78, 0x0F, 0x00, 0x01, 0x00,
    0x1C, 0x00, 0xE0, 0x0F, 0x00, 0x70, 0x1D, 0x70, 0xFF, 0x03, 0xF8, 0x0F, 0x80, 0x7C, 0x07, 0xE0,
    0x3F, 0x01, 0xFC, 0x1F, 0xE0, 0xFF, 0x07, 0xBC, 0x39, 0xE3, 0xCF, 0x1F, 0xF8, 0xFF, 0xE7, 0xFF,
    0x78, 0x7B, 0xC3, 0xDE, 0x0F, 0x00, 0x00, 0xE0, 0x1C, 0x07, 0x00, 0xE0, 0xCB, 0x1F, 0xE3, 0xFC,
    0x3F, 0x00, 0x00, 0xFC, 0x7F, 0xCF, 0xFC, 0x07, 0x9F, 0xF7, 0xFE, 0xF3, 0xDE, 0x7B, 0xFF, 0xFF,
    0xF7, 0xDE, 0x04, 0x00, 0xE0, 0x07, 0x80, 0x1C, 0x00, 0x70, 0x1F, 0x70, 0xFF, 0x03, 0xF8, 0x0F,
    0x80, 0x7C, 0x07, 0xE0, 0x3F, 0x01, 0xFC, 0x1F, 0xE0, 0xFF, 0x07, 0xBC, 0x39, 0xE3, 0xCF, 0x1F,
    0xF8, 0xFF, 0xE7, 0xFF, 0x78, 0x7B, 0xC3, 0xDE, 0x0F, 0x08, 0x07, 0x00, 0xF0, 0x0E, 0x00, 0xE0,
    0xD3, 0x1F, 0xE3, 0xFC, 0x3F, 0x00, 0x00, 0xFC, 0x7F, 0xCF, 0xFC, 0x07, 0x9F, 0xF7, 0xFE, 0xF3,
    0xDE, 0x7B, 0xFF, 0xFF, 0xF7, 0xDE, 0x1F, 0x00, 0xFC, 0x07, 0xC0, 0x0E, 0x03, 0xEC, 0x1F, 0xE0,
    0x7F, 0x03, 0xF0, 0x0F, 0x80, 0xFC, 0x07, 0xE0, 0x3F, 0x83, 0xFC, 0x1F, 0xE0, 0xF7, 0x87, 0x3C,
    0x79, 0xE3, 0xFF, 0x1F, 0xFC, 0xFF, 0xEF, 0x0F, 0x78, 0x7B, 0xC1, 0xE0, 0x3E, 0x07, 0xE0, 0xF8,
    0x07, 0x06, 0xD8, 0xFF, 0x1F, 0xE1, 0xF8, 0x00, 0x07, 0xE3, 0xFE, 0x7F, 0xE0, 0x3C, 0xFF, 0xBF,
    0xF7, 0x9E, 0xF3, 0xDF, 0xFF, 0xFF, 0xBE, 0xF0, 0x0C, 0x01, 0xFE, 0x0F, 0xF0, 0x27, 0x03, 0x8E,
    0x1F, 0xE0, 0x7F, 0x01, 0xF0, 0x0F, 0x80, 0xFC, 0x07, 0xE0, 0x3F, 0x83, 0xFC, 0x1F, 0xE0, 0xF7,
    0x87, 0x3C, 0x79, 0xE3, 0xFF, 0x1F, 0xFC, 0xFF, 0xEF, 0x0F, 0x78, 0x7B, 0xC1, 0xE0, 0x38, 0x0F,
    0xF1, 0xFE, 0x13, 0x86, 0x18, 0xFF, 0x1F, 0xE1, 0xF8, 0x00, 0x07, 0xE3, 0xFE, 0x7F, 0xE0, 0x3C,
    0xFF, 0xBF, 0xF7, 0x9E, 0xF3, 0xDF, 0xFF, 0xFF, 0xBE, 0xF0, 0x10, 0x81, 0xCE, 0x0F, 0xF0, 0x3F,
    0x80, 0xF8, 0x07, 0xC0, 0x7E, 0x03, 0xF0, 0x1F, 0xC1, 0xFE, 0x0F, 0xF0, 0x7B, 0xC3, 0x9E, 0x3C,
    0xF1, 0xFF, 0x8F, 0xFE, 0x7F, 0xF7, 0x87, 0xBC, 0x3D, 0xE0, 0xF0, 0x00, 0x07, 0x80, 0x3C, 0x01,
    0xE0, 0x21, 0x0E, 0x71, 0xFE, 0x1F, 0x81, 0xF0, 0x00, 0x0F, 0xC7, 0xFC, 0xFF, 0xC0, 0x79, 0xFF,
    0x7F, 0xEF, 0x3D, 0xE7, 0xBF, 0xFF, 0xFF, 0x7D, 0xE0, 0x00, 0x78, 0x0F, 0x01, 0xE0, 0xFF, 0xFF,
    0xFF, 0xFF, 0xC0, 0xF0, 0x3C, 0x0F, 0xFF, 0xFF, 0xFF, 0xFC, 0x0F, 0x03, 0xC0, 0xFF, 0xFF, 0xFF,
    0xFC, 0x00, 0x1E, 0x07, 0x81, 0xE0, 0x3F, 0x0F, 0xFB, 0xFF, 0x78, 0xFF, 0xFF, 0xFF, 0xFF, 0xFF,
    0x84, 0xFF, 0xCF, 0xF8, 0xFE, 0x00, 0x01, 0xE0, 0x3C, 0x07, 0x80, 0x1E, 0x0F, 0xC3, 0xF0, 0x1C,
    0x0E, 0x01, 0x8F, 0xFF, 0xFF, 0xFF, 0xFC, 0x0F, 0x03, 0xC0, 0xFF, 0xFF, 0xFF, 0xFF, 0xC0, 0xF0,
    0x3C, 0x0F, 0xFF, 0xFF, 0xFF, 0xC0, 0x1E, 0x07, 0xE0, 0xFC, 0x03, 0x80, 0xE0, 0x0C, 0x0F, 0xC3,
    0xFE, 0xFF, 0xDE, 0x3F, 0xFF, 0xFF, 0xFF, 0xFF, 0xE1, 0x3F, 0xF3, 0xFE, 0x3F, 0x80, 0x3F, 0x9F,
    0xE3, 0xF8, 0x00, 0xFF, 0xFF, 0xFF, 0xFF, 0xC0, 0xF0, 0x3C, 0x0F, 0xFF, 0xFF, 0xFF, 0xFC, 0x0F,
    0x03, 0xC0, 0xFF, 0xFF, 0xFF, 0xFC, 0x3F, 0x8F, 0xF0, 0xFE, 0x00, 0x03, 0xF0, 0xFF, 0xBF, 0xF7,
    0x8F, 0xFF, 0xFF, 0xFF, 0xFF, 0xF8, 0x4F, 0xFC, 0xFF, 0x8F, 0xE0, 0x00, 0x60, 0x0F, 0x00, 0xE0,
    0x1E, 0x1F, 0xC3, 0xF0, 0x7F, 0x87, 0x38, 0x21, 0x0F, 0xFC, 0xFF, 0xCF, 0xFC, 0xF0, 0x0F, 0x00,
    0xF0, 0x0F, 0xFC, 0xFF, 0xCF, 0xFC, 0xF0, 0x0F, 0x00, 0xF0, 0x0F, 0xFC, 0xFF, 0xCF, 0xFC, 0x00,
    0x60, 0x0F, 0x00, 0xE0, 0x1C, 0x1F, 0xC3, 0xF0, 0x7F, 0x87, 0x38, 0x21, 0x03, 0xF0, 0x7F, 0xCF,
    0xFC, 0xF1, 0xEF, 0xFE, 0xFF, 0xEF, 0xFE, 0xF0, 0x8F, 0xFC, 0x7F, 0xC3, 0xF8, 0x30, 0x07, 0x00,
    0x78, 0x03, 0x80, 0x1F, 0x80, 0xFC, 0x1F, 0xE1, 0xCE, 0x08, 0x43, 0xFF, 0x3F, 0xF3, 0xFF, 0x3C,
    0x03, 0xC0, 0x3C, 0x03, 0xFF, 0x3F, 0xF3, 0xFF, 0x3C, 0x03, 0xC0, 0x3C, 0x03, 0xFF, 0x3F, 0xF3,
    0xFF, 0x30, 0x03, 0x80, 0x1E, 0x00, 0x70, 0x01, 0xF8, 0x07, 0xE0, 0x7F, 0x83, 0x9C, 0x08, 0x40,
    0x7E, 0x07, 0xFC, 0x7F, 0xE3, 0xC7, 0x9F, 0xFC, 0xFF, 0xE7, 0xFF, 0x3C, 0x21, 0xFF, 0x87, 0xFC,
    0x1F, 0xC0, 0x03, 0xC0, 0x7C, 0x0F, 0x80, 0x70, 0xEC, 0x3F, 0x8F, 0xE3, 0xDC, 0x31, 0x9F, 0xFB,
    0xFF, 0x7F, 0xEF, 0x01, 0xE0, 0x3C, 0x07, 0xFE, 0xFF, 0xDF, 0xFB, 0xC0, 0x78, 0x0F, 0x01, 0xFF,
    0xBF, 0xF7, 0xFE, 0x03, 0xC0, 0x7C, 0x0F, 0x80, 0x70, 0xFC, 0x3F, 0x8F, 0xE3, 0xDC, 0x31, 0x80,
    0x00, 0xFC, 0x3F, 0xEF, 0xFD, 0xE3, 0xFF, 0xFF, 0xFF, 0xFF, 0xFE, 0x13, 0xFF, 0x3F, 0xE3, 0xF8,
    0x3F, 0x9F, 0xE3, 0xF8, 0x38, 0x1F, 0x0F, 0xE7, 0xB8, 0x84, 0xFF, 0xFF, 0xFF, 0xFF, 0xC0, 0xF0,
    0x3C, 0x0F, 0xFF, 0xFF, 0xFF, 0xFC, 0x0F, 0x03, 0xC0, 0xFF, 0xFF, 0xFF, 0xFC, 0x3F, 0x8F, 0xF0,
    0xFE, 0x07, 0x01, 0xF0, 0x7F, 0x1E, 0xE1, 0x08, 0x3F, 0x0F, 0xFB, 0xFF, 0x78, 0xFF, 0xFF, 0xFF,
    0xFF, 0xFF, 0x84, 0xFF, 0xCF, 0xF8, 0xFE, 0x00, 0x1E, 0x0F, 0xC7, 0xF9, 0xCE, 0x21, 0x3F, 0xFF,
    0xFF, 0xFF, 0xF0, 0x3C, 0x0F, 0x03, 0xFF, 0xFF, 0xFF, 0xFF, 0x03, 0xC0, 0xF0, 0x3F, 0xFF, 0xFF,
    0xFF, 0x00, 0x07, 0x81, 0xE0, 0x78, 0x1E, 0x07, 0xE1, 0xFE, 0x39, 0xC2, 0x10, 0x7E, 0x1F, 0xF7,
    0xFE, 0xF1, 0xFF, 0xFF, 0xFF, 0xFF, 0xFF, 0x09, 0xFF, 0x9F, 0xF1, 0xFC, 0x00, 0x03, 0xC0, 0x78,
    0x0F, 0x00, 0x1E, 0x0F, 0xC3, 0xF0, 0x1C, 0x0E, 0x01, 0x8F, 0xFF, 0xFF, 0xFF, 0xC7, 0x81, 0xE0,
    0x78, 0x1E, 0x07, 0x81, 0xE0, 0x78, 0x1E, 0x07, 0x8F, 0xFF, 0xFF, 0xFF, 0xC0, 0x1E, 0x03, 0xF0,
    0x7E, 0x03, 0xC0, 0x70, 0x04, 0x1F, 0xC3, 0xF8, 0x7F, 0x01, 0xE0, 0x3C, 0x07, 0x80, 0xF0, 0x1E,
    0x1F, 0xFB, 0xFF, 0x7F, 0xE0, 0xFF, 0xFF, 0xFF, 0xFC, 0x78, 0x1E, 0x07, 0x81, 0xE0, 0x78, 0x1E,
    0x07, 0x81, 0xE0, 0x78, 0xFF, 0xFF, 0xFF, 0xFC, 0x00, 0x1E, 0x07, 0x81, 0xE0, 0x0F, 0x01, 0xE0,
    0x3C, 0x00, 0x07, 0xF0, 0xFE, 0x1F, 0xC0, 0x78, 0x0F, 0x01, 0xE0, 0x3C, 0x07, 0x87, 0xFE, 0xFF,
    0xDF, 0xF8, 0x00, 0x0F, 0x01, 0xE0, 0x3C, 0x00, 0x1F, 0x83, 0xFE, 0x7F, 0xE7, 0x8F, 0x70, 0xFF,
    0x0F, 0xF0, 0xFF, 0x0F, 0xF0, 0xFF, 0x0F, 0x70, 0xF7, 0x8F, 0x7F, 0xE3, 0xFE, 0x1F, 0x80, 0x00,
    0x0F, 0x00, 0xF0, 0x0F, 0x00, 0x1F, 0xC3, 0xFE, 0x7F, 0xE7, 0x8F, 0x70, 0xF7, 0x0F, 0x70, 0xF7,
    0x8F, 0x7F, 0xE3, 0xFE, 0x1F, 0xC0, 0x00, 0x0F, 0x00, 0xF0, 0x0F, 0x00, 0x0F, 0x01, 0xF8, 0x1F,
    0x80, 0x38, 0x07, 0x00, 0x30, 0x1F, 0x83, 0xFE, 0x7F, 0xE7, 0x8F, 0x70, 0xFF, 0x0F, 0xF0, 0xFF,
    0x0F, 0xF0, 0xFF, 0x0F, 0x70, 0xF7, 0x8F, 0x7F, 0xE3, 0xFE, 0x1F, 0x80, 0x0F, 0x01, 0xF8, 0x1F,
    0x80, 0x38, 0x07, 0x00, 0x30, 0x1F, 0xC3, 0xFE, 0x7F, 0xE7, 0x8F, 0x70, 0xF7, 0x0F, 0x70, 0xF7,
    0x8F, 0x7F, 0xE3, 0xFE, 0x1F, 0xC0, 0x00, 0x30, 0x03, 0xC0, 0x1C, 0x01, 0xC0, 0xFE, 0x0F, 0xC0,
    0xFF, 0x07, 0x38, 0x10, 0x80, 0xFC, 0x0F, 0xF8, 0xFF, 0xC7, 0x8F, 0x38, 0x7B, 0xC3, 0xDE, 0x1E,
    0xF0, 0xF7, 0x87, 0xBC, 0x3C, 0xE1, 0xE7, 0x8F, 0x3F, 0xF0, 0xFF, 0x83, 0xF0, 0x00, 0x30, 0x03,
    0xC0, 0x1C, 0x01, 0xC0, 0xFE, 0x0F, 0xC0, 0xFF, 0x07, 0x38, 0x10, 0x80, 0xFE, 0x0F, 0xF8, 0xFF,
    0xC7, 0x8F, 0x38, 0x79, 0xC3, 0xCE, 0x1E, 0x78, 0xF3, 0xFF, 0x0F, 0xF8, 0x3F, 0x80, 0x30, 0x03,
    0x80, 0x1E, 0x00, 0x70, 0x01, 0xF8, 0x07, 0xE0, 0x7F, 0x83, 0x9C, 0x08, 0x40, 0x7E, 0x07, 0xFC,
    0x7F, 0xE3, 0xC7, 0x9C, 0x3D, 0xE1, 0xEF, 0x0F, 0x78, 0x7B, 0xC3, 0xDE, 0x1E, 0x70, 0xF3, 0xC7,
    0x9F, 0xF8, 0x7F, 0xC1, 0xF8, 0x30, 0x03, 0x80, 0x1E, 0x00, 0x70, 0x01, 0xF8, 0x07, 0xE0, 0x7F,
    0x83, 0x9C, 0x08, 0x40, 0x7F, 0x07, 0xFC, 0x7F, 0xE3, 0xC7, 0x9C, 0x3C, 0xE1, 0xE7, 0x0F, 0x3C,
    0x79, 0xFF, 0x87, 0xFC, 0x1F, 0xC0, 0x01, 0xE0, 0x1F, 0x01, 0xF0, 0x07, 0x07, 0xE0, 0xFE, 0x1F,
    0xC3, 0xDC, 0x18, 0xC1, 0xF8, 0x3F, 0xE7, 0xFE, 0x78, 0xF7, 0x0F, 0xF0, 0xFF, 0x0F, 0xF0, 0xFF,
    0x0F, 0xF0, 0xF7, 0x0F, 0x78, 0xF7, 0xFE, 0x3F, 0xE1, 0xF8, 0x01, 0xE0, 0x1F, 0x01, 0xF0, 0x07,
    0x07, 0xE0, 0xFE, 0x1F, 0xC3, 0xDC, 0x18, 0xC0, 0x00, 0x1F, 0xC3, 0xFE, 0x7F, 0xE7, 0x8F, 0x70,
    0xF7, 0x0F, 0x70, 0xF7, 0x8F, 0x7F, 0xE3, 0xFE, 0x1F, 0xC0, 0x1F, 0xC3, 0xFC, 0x1F, 0xC0, 0x70,
    0x0F, 0x81, 0xFC, 0x3D, 0xC1, 0x08, 0x1F, 0x83, 0xFE, 0x7F, 0xE7, 0x8F, 0x70, 0xFF, 0x0F, 0xF0,
    0xFF, 0x0F, 0xF0, 0xFF, 0x0F, 0x70, 0xF7, 0x8F, 0x7F, 0xE3, 0xFE, 0x1F, 0x80, 0x1F, 0xC3, 0xFC,
    0x1F, 0xC0, 0x70, 0x0F, 0x81, 0xFC, 0x3D, 0xC1, 0x08, 0x1F, 0xC3, 0xFE, 0x7F, 0xE7, 0x8F, 0x70,
    0xF7, 0x0F, 0x70, 0xF7, 0x8F, 0x7F, 0xE3, 0xFE, 0x1F, 0xC0, 0x0F, 0x01, 0xF8, 0x3F, 0xC3, 0x9C,
    0x10, 0x81, 0xF8, 0x3F, 0xE7, 0xFE, 0x78, 0xF7, 0x0F, 0xF0, 0xFF, 0x0F, 0xF0, 0xFF, 0x0F, 0xF0,
    0xF7, 0x0F, 0x78, 0xF7, 0xFE, 0x3F, 0xE1, 0xF8, 0x00, 0x00, 0xF0, 0x0F, 0x00, 0xF0, 0x0F, 0x01,
    0xF8, 0x3F, 0xC3, 0x9C, 0x10, 0x81, 0xFC, 0x3F, 0xE7, 0xFE, 0x78, 0xF7, 0x0F, 0x70, 0xF7, 0x0F,
    0x78, 0xF7, 0xFE, 0x3F, 0xE1, 0xFC, 0x00, 0x00, 0xF0, 0x0F, 0x00, 0xF0, 0x01, 0x80, 0x1E, 0x00,
    0xE0, 0x0F, 0x00, 0x77, 0x83, 0x3C, 0x7F, 0xE7, 0xFE, 0x7F, 0xE3, 0xC7, 0x9C, 0x3D, 0xE1, 0xEF,
    0x0F, 0x78, 0x7B, 0xC3, 0xDE, 0x1E, 0x70, 0xF3, 0xC7, 0x9F, 0xF8, 0x7F, 0xC1, 0xF8, 0x00, 0x00,
    0x00, 0x1C, 0x00, 0xF0, 0x0F, 0x00, 0x77, 0x03, 0xBC, 0x09, 0xE3, 0xFE, 0x3F, 0xF3, 0xFF, 0x1E,
    0x3C, 0xE1, 0xE7, 0x0F, 0x38, 0x79, 0xE3, 0xCF, 0xFC, 0x3F, 0xE0, 0xFE, 0x00, 0x04, 0x00, 0xF0,
    0x07, 0x80, 0x1E, 0x00, 0x77, 0x83, 0x3C, 0x7F, 0xE7, 0xFE, 0x7F, 0xE3, 0xC7, 0x9C, 0x3D, 0xE1,
    0xEF, 0x0F, 0x78, 0x7B, 0xC3, 0xDE, 0x1E, 0x70, 0xF3, 0xC7, 0x9F, 0xF8, 0x7F, 0xC1, 0xF8, 0x00,
    0x0C, 0x00, 0xF0, 0x07, 0x80, 0x1E, 0xE0, 0x77, 0x80, 0x3C, 0x7F, 0xC7, 0xFE, 0x7F, 0xE3, 0xC7,
    0x9C, 0x3C, 0xE1, 0xE7, 0x0F, 0x3C, 0x79, 0xFF, 0x87, 0xFC, 0x1F, 0xC0, 0x0F, 0x00, 0xFC, 0x07,
    0xE0, 0x07, 0x00, 0x77, 0x81, 0xBC, 0x7F, 0xE7, 0xFE, 0x7F, 0xE3, 0xC7, 0x9C, 0x3D, 0xE1, 0xEF,
    0x0F, 0x78, 0x7B, 0xC3, 0xDE, 0x1E, 0x70, 0xF3, 0xC7, 0x9F, 0xF8, 0x7F, 0xC1, 0xF8, 0x00, 0x0F,
    0x00, 0xFC, 0x07, 0xE0, 0x07, 0xE0, 0x77, 0x81, 0xBC, 0x7F, 0xC7, 0xFE, 0x7F, 0xE3, 0xC7, 0x9C,
    0x3C, 0xE1, 0xE7, 0x0F, 0x3C, 0x79, 0xFF, 0x87, 0xFC, 0x1F, 0xC0, 0x1F, 0x81, 0xFE, 0x07, 0xFE,
    0x00, 0xF1, 0xFF, 0x9F, 0xF9, 0xFF, 0x8F, 0x1E, 0x70, 0xF7, 0x87, 0xBC, 0x3D, 0xE1, 0xEF, 0x0F,
    0x78, 0x79, 0xC3, 0xCF, 0x1E, 0x7F, 0xE1, 0xFF, 0x07, 0xE0, 0x1E, 0x81, 0xFC, 0x07, 0xFC, 0x06,
    0xF0, 0x07, 0x8F, 0xF8, 0xFF, 0xCF, 0xFC, 0x78, 0xF3, 0x87, 0x9C, 0x3C, 0xE1, 0xE7, 0x8F, 0x3F,
    0xF0, 0xFF, 0x83, 0xF8, 0x00, 0x78, 0x03, 0xC7, 0xFE, 0x7F, 0xE7, 0xFE, 0x3C, 0x79, 0xC3, 0xDE,
    0x1E, 0xF0, 0xF7, 0x87, 0xBC, 0x3D, 0xE1, 0xE7, 0x0F, 0x3C, 0x79, 0xFF, 0x87, 0xFC, 0x1F, 0x80,
    0x00, 0x03, 0xC0, 0x1E, 0x00, 0xF0, 0x00, 0x00, 0x70, 0x03, 0xC0, 0x1E, 0x3F, 0xE3, 0xFF, 0x3F,
    0xF1, 0xE3, 0xCE, 0x1E, 0x70, 0xF3, 0x87, 0x9E, 0x3C, 0xFF, 0xC3, 0xFE, 0x0F, 0xE0, 0x00, 0x01,
    0xE0, 0x0F, 0x00, 0x78, 0x00, 0xF1, 0xFE, 0x3F, 0xC7, 0xF8, 0xFF, 0x1F, 0xE3, 0xFC, 0x7F, 0x8F,
    0xF1, 0xFE, 0x3F, 0xC7, 0xF8, 0xEF, 0xFC, 0xFF, 0x8F, 0xE0, 0x00, 0x1E, 0x03, 0xC0, 0x78, 0x00,
    0xF1, 0xFE, 0x3F, 0xC7, 0xF8, 0xFF, 0x1F, 0xE3, 0xFC, 0x7F, 0x8F, 0xFF, 0xEF, 0xFD, 0xF7, 0x80,
    0x01, 0xE0, 0x3C, 0x07, 0x80, 0x1E, 0x07, 0xE0, 0xFC, 0x03, 0x80, 0xE0, 0x0C, 0x3C, 0x7F, 0x8F,
    0xF1, 0xFE, 0x3F, 0xC7, 0xF8, 0xFF, 0x1F, 0xE3, 0xFC, 0x7F, 0x8F, 0xF1, 0xFE, 0x3B, 0xFF, 0x3F,
    0xE3, 0xF8, 0x1E, 0x07, 0xE0, 0xFC, 0x03, 0x80, 0xE0, 0x0C, 0x3C, 0x7F, 0x8F, 0xF1, 0xFE, 0x3F,
    0xC7, 0xF8, 0xFF, 0x1F, 0xE3, 0xFF, 0xFB, 0xFF, 0x7D, 0xE0, 0x03, 0x00, 0x78, 0x07, 0x00, 0xF0,
    0x0E, 0x70, 0xC7, 0xF1, 0xFF, 0x1E, 0xF1, 0xEF, 0x1E, 0xF1, 0xEF, 0x1E, 0xF1, 0xEF, 0x1E, 0xF1,
    0xEF, 0x1E, 0xF1, 0xEF, 0x1C, 0xFF, 0xC7, 0xFC, 0x3F, 0x80, 0x00, 0x00, 0x70, 0x07, 0x80, 0xF0,
    0x0E, 0x70, 0xEF, 0x04, 0xFF, 0x1F, 0xF1, 0xEF, 0x1E, 0xF1, 0xEF, 0x1E, 0xF1, 0xEF, 0x1E, 0xF1,
    0xEF, 0xFE, 0x7F, 0xE7, 0xDE, 0x08, 0x03, 0xC0, 0x3C, 0x01, 0xE0, 0x0E, 0x70, 0xC7, 0xF1, 0xFF,
    0x1E, 0xF1, 0xEF, 0x1E, 0xF1, 0xEF, 0x1E, 0xF1, 0xEF, 0x1E, 0xF1, 0xEF, 0x1E, 0xF1, 0xEF, 0x1C,
    0xFF, 0xC7, 0xFC, 0x3F, 0x80, 0x18, 0x03, 0xC0, 0x3C, 0x01, 0xE7, 0x0E, 0xF0, 0x0F, 0xF1, 0xFF,
    0x1E, 0xF1, 0xEF, 0x1E, 0xF1, 0xEF, 0x1E, 0xF1, 0xEF, 0x1E, 0xFF, 0xE7, 0xFE, 0x7D, 0xE0, 0x1E,
    0x03, 0xF0, 0x3F, 0x00, 0x70, 0x0E, 0x70, 0x67, 0xF1, 0xFF, 0x1E, 0xF1, 0xEF, 0x1E, 0xF1, 0xEF,
    0x1E, 0xF1, 0xEF, 0x1E, 0xF1, 0xEF, 0x1E, 0xF1, 0xEF, 0x1C, 0xFF, 0xC7, 0xFC, 0x3F, 0x80, 0x1E,
    0x03, 0xF0, 0x3F, 0x00, 0x77, 0x0E, 0xF0, 0x6F, 0xF1, 0xFF, 0x1E, 0xF1, 0xEF, 0x1E, 0xF1, 0xEF,
    0x1E, 0xF1, 0xEF, 0x1E, 0xFF, 0xE7, 0xFE, 0x7D, 0xE0, 0x3F, 0x07, 0xF8, 0x3F, 0x70, 0x07, 0xF1,
    0xFF, 0x1E, 0xF1, 0xEF, 0x1E, 0xF1, 0xEF, 0x1E, 0xF1, 0xEF, 0x1E, 0xF1, 0xEF, 0x1E, 0xF1, 0xEF,
    0x1C, 0xFF, 0xC7, 0xFC, 0x3F, 0x80, 0x3D, 0x07, 0xF8, 0x3F, 0xF0, 0x2F, 0x00, 0xFF, 0x1F, 0xF1,
    0xEF, 0x1E, 0xF1, 0xEF, 0x1E, 0xF1, 0xEF, 0x1E, 0xF1, 0xEF, 0xFE, 0x7F, 0xE7, 0xDE, 0x00, 0x70,
    0x07, 0xF1, 0xFF, 0x1E, 0xF1, 0xEF, 0x1E, 0xF1, 0xEF, 0x1E, 0xF1, 0xEF, 0x1E, 0xF1, 0xEF, 0x1E,
    0xF1, 0xEF, 0x1C, 0xFF, 0xC7, 0xFC, 0x3F, 0x80, 0x00, 0x1E, 0x01, 0xE0, 0x1E, 0x00, 0x00, 0x70,
    0x0F, 0x00, 0xFF, 0x1F, 0xF1, 0xEF, 0x1E, 0xF1, 0xEF, 0x1E, 0xF1, 0xEF, 0x1E, 0xF1, 0xEF, 0xFE,
    0x7F, 0xE7, 0xDE, 0x00, 0x01, 0xE0, 0x1E, 0x01, 0xE0, 0x04, 0x00, 0xF0, 0x07, 0x80, 0x1E, 0x00,
    0x70, 0x03, 0x03, 0xC3, 0xFF, 0x1E, 0x78, 0xF3, 0xCF, 0x0F, 0x78, 0x7F, 0x81, 0xFC, 0x0F, 0xC0,
    0x3E, 0x01, 0xE0, 0x0F, 0x00, 0x78, 0x03, 0xC0, 0x1E, 0x00, 0xF0, 0x00, 0x0C, 0x00, 0xF0, 0x03,
    0x80, 0x1E, 0x00, 0x70, 0x00, 0x03, 0xC3, 0xCF, 0x1E, 0x78, 0xE3, 0xCF, 0x0F, 0x78, 0x7B, 0x81,
    0xFC, 0x0F, 0xC0, 0x7E, 0x01, 0xF0, 0x0F, 0x00, 0x78, 0x1F, 0x80, 0xFC, 0x07, 0xC0, 0x00, 0xF0,
    0xFF, 0xC7, 0x9E, 0x3C, 0xF3, 0xC3, 0xDE, 0x1F, 0xE0, 0x7F, 0x03, 0xF0, 0x0F, 0x80, 0x78, 0x03,
    0xC0, 0x1E, 0x00, 0xF0, 0x07, 0x80, 0x3C, 0x00, 0x00, 0x0F, 0x00, 0x78, 0x03, 0xC0, 0xF0, 0xF3,
    0xC7, 0x9E, 0x38, 0xF3, 0xC3, 0xDE, 0x1E, 0xE0, 0x7F, 0x03, 0xF0, 0x1F, 0x80, 0x7C, 0x03, 0xC0,
    0x1E, 0x07, 0xEF, 0x3F, 0x79, 0xF3, 0xC0, 0x0F, 0x00, 0xFC, 0x07, 0xE0, 0x07, 0x00, 0x70, 0x01,
    0x83, 0xC3, 0xFF, 0x1E, 0x78, 0xF3, 0xCF, 0x0F, 0x78, 0x7F, 0x81, 0xFC, 0x0F, 0xC0, 0x3E, 0x01,
    0xE0, 0x0F, 0x00, 0x78, 0x03, 0xC0, 0x1E, 0x00, 0xF0, 0x00, 0x0F, 0x00, 0xFC, 0x07, 0xE0, 0x07,
    0x00, 0x70, 0x01, 0x83, 0xC3, 0xCF, 0x1E, 0x78, 0xE3, 0xCF, 0x0F, 0x78, 0x7B, 0x81, 0xFC, 0x0F,
    0xC0, 0x7E, 0x01, 0xF0, 0x0F, 0x00, 0x78, 0x1F, 0x80, 0xFC, 0x07, 0xC0, 0x00, 0x1F, 0xC1, 0xFE,
    0x07, 0xF0, 0x00, 0x0F, 0x0F, 0xFC, 0x79, 0xE3, 0xCF, 0x3C, 0x3D, 0xE1, 0xFE, 0x07, 0xF0, 0x3F,
    0x00, 0xF8, 0x07, 0x80, 0x3C, 0x01, 0xE0, 0x0F, 0x00, 0x78, 0x03, 0xC0, 0x1F, 0xC1, 0xFE, 0x07,
    0xF0, 0x00, 0x0F, 0x0F, 0x3C, 0x79, 0xE3, 0x8F, 0x3C, 0x3D, 0xE1, 0xEE, 0x07, 0xF0, 0x3F, 0x01,
    0xF8, 0x07, 0xC0, 0x3C, 0x01, 0xE0, 0x7E, 0x03, 0xF0, 0x1F, 0x00, 0xFF, 0xFF, 0xFF, 0xFF, 0x49,
    0xE3, 0x1E, 0x78, 0xC3, 0x0C, 0x30, 0xC3, 0x0C, 0x30, 0xC3, 0x0C, 0x10, 0x6F, 0xF6, 0xD3, 0x0C,
    0x30, 0xC3, 0x0C, 0x30, 0xC3, 0x0C, 0x30, 0x21, 0x8F, 0xDB, 0x2C, 0x30, 0xC3, 0x0C, 0x30, 0xC3,
    0x0C, 0x30, 0xC3, 0xFD, 0xFB, 0xF0, 0xFD, 0xFB, 0xF0, 0xFF, 0xDF, 0xFF, 0xFF, 0x80, 0xFF, 0xFF,
    0xFF, 0xFF, 0xFE, 0x1C, 0xF3, 0x9E, 0x79, 0xEF, 0x80, 0x3C, 0x79, 0xE3, 0xC7, 0x8E, 0x1C, 0x00,
    0x7D, 0xE7, 0x9E, 0x73, 0xCE, 0x00, 0x1C, 0xF1, 0xCE, 0x3C, 0xE3, 0xDE, 0x79, 0xE7, 0xBE, 0x7B,
    0xC0, 0x7F, 0xEF, 0x7D, 0xEF, 0x39, 0xEF, 0x39, 0xE7, 0x39, 0xE0, 0x3D, 0xF7, 0xDE, 0x79, 0xE7,
    0x9C, 0x7B, 0xC7, 0x3C, 0x73, 0x80, 0x0E, 0x01, 0xC0, 0x38, 0x07, 0x0F, 0xFF, 0xFF, 0xFF, 0xF0,
    0x70, 0x0E, 0x01, 0xC0, 0x38, 0x07, 0x00, 0xE0, 0x1C, 0x03, 0x80, 0x70, 0x0E, 0x01, 0xC0, 0x38,
    0x00, 0x0E, 0x01, 0xC0, 0x38, 0x07, 0x0F, 0xFF, 0xFF, 0xFF, 0xF0, 0x70, 0x0E, 0x01, 0xC0, 0x38,
    0x07, 0x0F, 0xFF, 0xFF, 0xFF, 0xF0, 0x70, 0x0E, 0x01, 0xC0, 0x38, 0x00, 0xFF, 0xFF, 0xFF, 0xFC,
    0xFF, 0xFF, 0xFF, 0xFF, 0xFF, 0xFF, 0xF0, 0x78, 0x07, 0xE0, 0x3B, 0x01, 0x9C, 0x0F, 0xC0, 0x7E,
    0xF1, 0xFF, 0x8F, 0xE0, 0x7E, 0xE1, 0xFF, 0x8E, 0xEE, 0x77, 0x73, 0xBB, 0x9F, 0xF8, 0x7F, 0xC0,
    0x08, 0x73, 0xDE, 0xF3, 0xCF, 0x9F, 0x3C, 0x60, 0x00, 0x41, 0xC7, 0x9F, 0x3C, 0x73, 0xDE, 0x71,
    0x80, 0x00, 0x00, 0x38, 0x03, 0x80, 0x18, 0x01, 0xC0, 0x1C, 0x00, 0xE0, 0x06, 0x00, 0x00, 0x1C,
    0x00, 0xE0, 0x0E, 0x00, 0x70, 0x07, 0x00, 0x70, 0x03, 0x80, 0x00, 0x33, 0xEF, 0xBE, 0x70, 0x00,
    0x00, 0x03, 0xEF, 0x9E, 0x79, 0xE3, 0x8E, 0x3E, 0x7E, 0x77, 0x7F, 0x77, 0x77, 0x7E, 0x3E, 0x1E,
    0x1E, 0x3E, 0x7E, 0x6E, 0x7F, 0x7E, 0x0E, 0xFD, 0xFB, 0x07, 0xEF, 0xE9, 0xFF, 0xFE, 0x3C, 0xF3,
    0xC7, 0xEF, 0xFD, 0xFF, 0xBE, 0xFF, 0xFF, 0xF0, 0xE1, 0xC7, 0x0E, 0x1C, 0x7D, 0xFB, 0xB3, 0xEF,
    0xFD, 0xFF, 0xBE, 0x7D, 0xFB, 0xBF, 0x7F, 0xE7, 0x8F, 0x3C, 0x3E, 0x7E, 0x77, 0x7F, 0x77, 0x77,
    0x7E, 0x3E, 0x79, 0xF1, 0xE1, 0xC3, 0x87, 0x1F, 0x3F, 0x7D, 0xF9, 0x38, 0xF3, 0xCF, 0x3F, 0x7F,
    0x7E, 0x7F, 0x0E, 0x1E, 0x1E, 0x27, 0x7F, 0x7E, 0x1E, 0x1E, 0x3E, 0x7E, 0x6E, 0x7F, 0x7E, 0x0E,
    0xFD, 0xFB, 0x07, 0xEF, 0xE9, 0xFF, 0xFE, 0x3C, 0xF3, 0x87, 0xEF, 0xFD, 0xFF, 0xBE, 0xFF, 0xFF,
    0xF0, 0xE1, 0xC7, 0x0E, 0x1C, 0x7D, 0xFB, 0xB3, 0xEF, 0xFD, 0xFF, 0xBE, 0x7D, 0xFB, 0xBF, 0x7F,
    0xE7, 0x8F, 0x3C, 0x07, 0xC0, 0x7C, 0x1F, 0xC3, 0xFE, 0x3F, 0xF7, 0xFF, 0x7F, 0xC7, 0xF8, 0x7F,
    0x87, 0xD8, 0x7D, 0x87, 0xD8, 0x7D, 0xC7, 0xDF, 0x3F, 0xF3, 0xFE, 0x1F, 0xC0, 0xF0, 0x0F, 0x00,
    0x1F, 0x87, 0xFD, 0xFF, 0xBC, 0x6F, 0x01, 0xFE, 0x3F, 0xC7, 0xF8, 0xFF, 0x1F, 0xE3, 0xFC, 0x3C,
    0x0F, 0xFF, 0xFF, 0xFF, 0xF8, 0x7C, 0xE3, 0xE7, 0x1F, 0x38, 0xFD, 0xC7, 0xEE, 0x7F, 0xFB, 0xDF,
    0xDE, 0xFE, 0xFF, 0xF7, 0xFF, 0xBF, 0xFC, 0xE7, 0xC7, 0x3E, 0x39, 0xF1, 0xC7, 0x80, 0xFE, 0x07,
    0xF0, 0x3F, 0xC1, 0xEE, 0x0F, 0x76, 0x7F, 0xFF, 0xFF, 0xDF, 0xFA, 0xFF, 0xE7, 0xF7, 0x3F, 0x9D,
    0xFE, 0xFF, 0xFF, 0xFB, 0xFB, 0xCF, 0xC0, 0x70, 0xF3, 0x87, 0x9C, 0x3C, 0xE1, 0xEF, 0xFF, 0xFF,
    0xFF, 0xFF, 0xDF, 0xEF, 0xFF, 0xFF, 0xFF, 0x9F, 0xF8, 0xFB, 0xC7, 0xDE, 0x3E, 0xF1, 0xF7, 0x80,
    0xFF, 0x7F, 0xF7, 0xE3, 0xFE, 0x3F, 0xFF, 0xFF, 0xFF, 0xFF, 0xFF, 0xFF, 0xFF, 0xFF, 0xFF, 0xFF,
    0xFF, 0xDF, 0xFC, 0x7F, 0xFF, 0xFF, 0xE0, 0x0F, 0xE1, 0xFC, 0x3F, 0x80, 0xE7, 0xDC, 0xFF, 0xBF,
    0xF7, 0x9E, 0xF3, 0xDF, 0xF9, 0xFF, 0x3E, 0xE7, 0xFD, 0xFF, 0xFF, 0xF8, 0x0F, 0xC1, 0xFF, 0x3F,
    0xF7, 0x86, 0x7F, 0x87, 0xF8, 0x7F, 0x87, 0x80, 0x7F, 0x87, 0xF8, 0x7F, 0x87, 0x86, 0x3F, 0xF1,
    0xFF, 0x0F, 0xC0, 0x78, 0xF3, 0xC7, 0x9E, 0x78, 0xF3, 0xC7, 0xBC, 0x3D, 0xE3, 0xFF, 0xDF, 0xFE,
    0xFF, 0xF3, 0xFC, 0x1E, 0xF0, 0xF7, 0xC7, 0x9E, 0x3C, 0x79, 0xE3, 0xE0, 0xFF, 0xFF, 0xFF, 0xFF,
    0xF0, 0xF0, 0x0F, 0xE0, 0xFE, 0x1F, 0xC3, 0xF0, 0x3F, 0xE2, 0xFE, 0x1F, 0xC3, 0xF0, 0x3F, 0x02,
    0xF0, 0x0F, 0x00, 0x7F, 0xC3, 0xFF, 0x1F, 0xF9, 0xFF, 0xEF, 0xFF, 0x7F, 0xFB, 0xFF, 0xDF, 0xFE,
    0xFF, 0xF3, 0xFF, 0x1F, 0xF0, 0xFE, 0x07, 0x80, 0x3C, 0x01, 0xE0, 0x00, 0x03, 0x80, 0x38, 0x03,
    0x81, 0xFC, 0x3F, 0xE7, 0xFE, 0x7B, 0xE7, 0x74, 0xF7, 0x0F, 0x7E, 0xF7, 0xFF, 0x7F, 0x76, 0xF7,
    0xEF, 0x7E, 0xF7, 0xFE, 0x3F, 0xE1, 0xFC, 0x0E, 0x01, 0xE0, 0x1F, 0x83, 0xFC, 0x3F, 0xE1, 0x1E,
    0x01, 0xEF, 0xFF, 0xFF, 0xFF, 0xFF, 0xFF, 0xFF, 0xFF, 0xFF, 0xF7, 0x84, 0x3F, 0xE3, 0xFE, 0x1F,
    0xC0, 0x03, 0x80, 0x38, 0x1F, 0x83, 0xFE, 0x3F, 0xE7, 0xBF, 0x7F, 0x67, 0x70, 0x77, 0x07, 0x70,
    0x77, 0x07, 0x70, 0x7E, 0x77, 0xEF, 0x3F, 0xF3, 0xFE, 0x1F, 0xC0, 0xE0, 0x0E, 0x00, 0x7F, 0xF7,
    0xFF, 0x7F, 0xF0, 0x00, 0x7F, 0xF7, 0xFF, 0x7F, 0xF0, 0xF0, 0x0F, 0x00, 0xF0, 0x0F, 0x00, 0xF0,
    0x0F, 0x00, 0xF0, 0x0F, 0x00, 0x7F, 0xF7, 0xFF, 0x7F, 0xF0, 0x78, 0x7F, 0xF7, 0xFF, 0x07, 0x87,
    0xF8, 0x7F, 0x07, 0xE0, 0x1F, 0x00, 0xF8, 0x07, 0xC0, 0x3C, 0x01, 0xE0, 0x3C, 0x01, 0xE0, 0x0F,
    0xE0, 0x7F, 0x03, 0xF8, 0x3E, 0x43, 0xFE, 0x1F, 0xF0, 0x3F, 0x77, 0xE3, 0xBF, 0x3C, 0xF9, 0xE3,
    0xFE, 0x1F, 0xF0, 0xFF, 0x00, 0x3F, 0xC3, 0xFE, 0x3F, 0xF3, 0x8F, 0x38, 0xF3, 0x8F, 0x39, 0xFF,
    0xFE, 0xFF, 0xE7, 0xF8, 0xFF, 0xCF, 0xFC, 0x7F, 0x83, 0x80, 0x38, 0x00, 0x3F, 0x07, 0xE3, 0xFE,
    0x7F, 0xEF, 0xFD, 0xE7, 0xBC, 0x77, 0x9E, 0xFF, 0xDF, 0xF3, 0xFF, 0x79, 0xFF, 0x1F, 0xE3, 0xFF,
    0xFF, 0xFE, 0xFF, 0x87, 0xE0, 0xFC, 0x1B, 0x80, 0x0C, 0x01, 0xE0, 0x3E, 0x07, 0xFF, 0xFF, 0xFF,
    0xFF, 0x7C, 0x03, 0xE0, 0x1E, 0x00, 0xC0, 0x0C, 0x03, 0xC0, 0xFC, 0x3F, 0xCF, 0xFD, 0xFF, 0x9B,
    0xA0, 0x70, 0x0E, 0x01, 0xC0, 0x38, 0x07, 0x00, 0xE0, 0x1C, 0x03, 0x80, 0x03, 0x00, 0x1C, 0x00,
    0xF0, 0xFF, 0xCF, 0xFF, 0x7F, 0xF8, 0x07, 0x80, 0x78, 0x03, 0x80, 0x08, 0x00, 0x0E, 0x01, 0xC0,
    0x38, 0x07, 0x00, 0xE0, 0x1C, 0x03, 0x80, 0x70, 0x6E, 0x9F, 0xFB, 0xFF, 0x3F, 0xC3, 0xF0, 0x3C,
    0x03, 0x00, 0x00, 0x00, 0xEC, 0x0F, 0xF0, 0xFF, 0xEF, 0xFF, 0xFF, 0xF9, 0xF7, 0x87, 0xF8, 0x19,
    0x80, 0x00, 0x00, 0x0C, 0x03, 0xC0, 0xFC, 0x3F, 0xCF, 0xFD, 0xFF, 0x9B, 0xA0, 0x70, 0x0E, 0x8D,
    0xFB, 0xFF, 0x3F, 0xC3, 0xF0, 0x3C, 0x03, 0x00, 0x00, 0x7F, 0x07, 0xF8, 0x3F, 0xC1, 0xF8, 0x0F,
    0xE0, 0x7F, 0x83, 0xFE, 0x0C, 0x78, 0x01, 0xE0, 0x07, 0x80, 0x1C, 0x00, 0x40, 0x07, 0xE0, 0xFF,
    0x0F, 0xF0, 0x1F, 0x07, 0xF0, 0xFF, 0x1F, 0x73, 0xE7, 0x7C, 0x0F, 0x80, 0xF0, 0x06, 0x00, 0x00,
    0x06, 0x00, 0xF0, 0x07, 0x80, 0x3C, 0x01, 0xE7, 0x0F, 0x70, 0x7F, 0x03, 0xF0, 0x7F, 0x0F, 0xF0,
    0xFF, 0x00, 0x00, 0x03, 0x80, 0x3C, 0x03, 0xE0, 0x3E, 0x7B, 0xE3, 0xFE, 0x1F, 0xE0, 0xFE, 0x07,
    0xF8, 0x3F, 0xC1, 0xFE, 0x00, 0x00, 0x00, 0x0F, 0x00, 0x7C, 0x19, 0xF1, 0xE7, 0x9E, 0x3D, 0xFF,
    0xFF, 0xFE, 0xFF, 0xE3, 0xE0, 0x0F, 0x80, 0x3C, 0x00, 0xC0, 0x00, 0x00, 0x03, 0xC0, 0x3E, 0x01,
    0xE7, 0x0E, 0x3C, 0x71, 0xF3, 0xFF, 0xCF, 0xFF, 0x3F, 0xF0, 0x0F, 0x00, 0xF0, 0x07, 0x00, 0x10,
    0x00, 0x04, 0x00, 0xE0, 0x3E, 0x07, 0xFE, 0xFF, 0xF7, 0xFF, 0x3C, 0xF1, 0xEF, 0x0E, 0xF0, 0x4F,
    0x00, 0xF0, 0x0F, 0x00, 0xF0, 0x0F, 0x00, 0x70, 0x06, 0x00, 0xF0, 0x07, 0x8F, 0xFC, 0xFF, 0xEF,
    0xFE, 0xE7, 0xCE, 0xF8, 0xEF, 0x0E, 0x60, 0xE0, 0x0E, 0x00, 0xE0, 0x0E, 0x00, 0xE0, 0x00, 0x00,
    0xF0, 0x0F, 0x00, 0xF0, 0x0F, 0x00, 0xF0, 0xCF, 0x1E, 0xF3, 0xEF, 0x7F, 0xFF, 0xFF, 0x7F, 0xF3,
    0xC0, 0x1E, 0x00, 0xE0, 0x04, 0x00, 0xE0, 0x0E, 0x00, 0xE0, 0x0E, 0x00, 0xE0, 0x0E, 0x60, 0xEF,
    0x0E, 0x78, 0xFF, 0xCF, 0xFE, 0xFF, 0xE0, 0x7C, 0x0F, 0x80, 0xF0, 0x06, 0x00, 0x00, 0x00, 0x3F,
    0x03, 0xFC, 0x1F, 0xE1, 0xE7, 0x8F, 0x38, 0x78, 0x0F, 0xF0, 0xFF, 0xC7, 0xFE, 0x1F, 0xE0, 0x7E,
    0x01, 0xE0, 0x06, 0x00, 0x08, 0x01, 0xF8, 0x1F, 0xC1, 0xEF, 0x0E, 0x38, 0x71, 0xC0, 0x0E, 0x03,
    0x76, 0x3F, 0xF8, 0xFF, 0x83, 0xF8, 0x0F, 0x80, 0x38, 0x00, 0x80, 0x07, 0xF0, 0x3F, 0x81, 0xFC,
    0x7F, 0xC7, 0xFF, 0x3B, 0xFB, 0xDD, 0xDC, 0x0E, 0xE0, 0x77, 0x03, 0xBC, 0x1C, 0xE1, 0xE7, 0xFE,
    0x1F, 0xF0, 0x7E, 0x00, 0xFF, 0x07, 0xF8, 0x1F, 0xD0, 0x7F, 0xC7, 0xFE, 0x3B, 0xFB, 0xDD, 0xDC,
    0x0E, 0xE0, 0x77, 0x83, 0xBC, 0x1C, 0xE1, 0xE7, 0xFE, 0x1F, 0xF0, 0x7E, 0x00, 0x03, 0x00, 0x1C,
    0x00, 0xF0, 0xFF, 0xCF, 0xFF, 0x7F, 0xF8, 0x07, 0x80, 0x78, 0x0F, 0x80, 0xF8, 0x0F, 0x80, 0xFF,
    0xEF, 0xFF, 0x7F, 0xF9, 0xF0, 0x07, 0xC0, 0x1E, 0x00, 0x60, 0x00, 0x0C, 0x00, 0xF0, 0x0F, 0x80,
    0xFF, 0xEF, 0xFF, 0x7F, 0xF9, 0xF0, 0x07, 0xC0, 0x1F, 0x00, 0x7C, 0x00, 0xF0, 0xFF, 0xCF, 0xFF,
    0x7F, 0xF8, 0x07, 0x80, 0x78, 0x03, 0x80, 0x08, 0x00, 0x3F, 0x00, 0xF8, 0x07, 0xC0, 0x3E, 0x3F,
    0xE3, 0xFE, 0x7D, 0xF7, 0x8F, 0x70, 0xF7, 0x0F, 0x70, 0xF7, 0x8F, 0x7D, 0xE3, 0xFE, 0x1F, 0xC0,
    0x0F, 0x81, 0xF8, 0x1F, 0x81, 0xFC, 0x1F, 0xC3, 0xFC, 0x3D, 0xC3, 0xDE, 0x79, 0xE7, 0x9E, 0x78,
    0xF7, 0x8F, 0xFF, 0xFF, 0xFF, 0xFF, 0xF0, 0xFF, 0xFF, 0xFF, 0xFF, 0xF8, 0xFF, 0x1F, 0xE3, 0xFC,
    0x7F, 0x8F, 0xF1, 0xFE, 0x3F, 0xC7, 0xF8, 0xFF, 0x1F, 0xE3, 0xFC, 0x78, 0xFF, 0xDF, 0xFF, 0xFF,
    0xF8, 0x07, 0x80, 0xF8, 0x0F, 0x80, 0xF0, 0x0F, 0x01, 0xE0, 0x3C, 0x0F, 0x81, 0xE0, 0x78, 0x1F,
    0x07, 0xC0, 0xFF, 0xDF, 0xFF, 0xFF, 0x80, 0x7F, 0xDF, 0xFF, 0xFF, 0x80, 0x00, 0x38, 0x03, 0x80,
    0x1C, 0x00, 0xEF, 0x0F, 0x7C, 0x73, 0xE3, 0x87, 0x3C, 0x3D, 0xC1, 0xEE, 0x07, 0x70, 0x3F, 0x81,
    0xF8, 0x07, 0xC0, 0x3E, 0x00, 0x00, 0x03, 0xEF, 0xBF, 0xFD, 0xDE, 0xFE, 0x77, 0xFF, 0xFB, 0xFF,
    0xCF, 0x3C, 0x03, 0xF0, 0x7F, 0x0F, 0xF0, 0xF0, 0x0F, 0x00, 0xF0, 0x0F, 0x00, 0xF0, 0x0F, 0x00,
    0xF0, 0x0F, 0x00, 0xF0, 0x0F, 0x00, 0xF0, 0x0F, 0x00, 0xF0, 0x0F, 0x0F, 0xF0, 0xFF, 0x0F, 0xE0,
    0x3C, 0x77, 0xFF, 0x7F, 0xE7, 0x3E, 0x3C, 0x77, 0xFF, 0x7F, 0xE7, 0x3E, 0x03, 0xCF, 0xFB, 0xFF,
    0xFF, 0xF0, 0xE0, 0x1C, 0x1F, 0xF7, 0xFF, 0xFF, 0xEF, 0x01, 0xC0, 0x00, 0x00, 0x40, 0xF1, 0xFD,
    0xFF, 0xFE, 0x3E, 0x0F, 0xF0, 0xFF, 0x07, 0xC0, 0x77, 0xFF, 0xFF, 0xFF, 0xC0, 0x40, 0x3C, 0x0F,
    0xE1, 0xFF, 0x0F, 0xC1, 0xF3, 0xFF, 0xFE, 0xFC, 0x38, 0x07, 0xFF, 0xFF, 0xFF, 0xC0, 0x3E, 0xF7,
    0xFF, 0x7E, 0xF7, 0x80, 0xFF, 0xFF, 0xFF, 0x7F, 0xF7, 0x8F, 0x78, 0xF7, 0x8F, 0x78, 0xF7, 0x8F,
    0x78, 0xF7, 0x8F, 0x78, 0xF0, 0x3E, 0xF7, 0xEF, 0x7E, 0xF7, 0x8F, 0xFE, 0xFF, 0xEF, 0x7E, 0xF7,
    0x8F, 0x78, 0xF7, 0x8F, 0x78, 0xF7, 0x8F, 0x78, 0xF7, 0x8F, 0x78, 0xF0, 0x00, 0x00, 0x00, 0x00,
    0x07, 0x9C, 0x00, 0x3C, 0xE0, 0x00, 0xEF, 0x00, 0x07, 0xF8, 0x00, 0x3F, 0xE0, 0x03, 0xEF, 0xFF,
    0xFE, 0x7F, 0xFF, 0xF1, 0xFF, 0xFE, 0x01, 0xFF, 0x80, 0x00, 0x00, 0x00, 0x1D, 0x80, 0x00, 0xFC,
    0x00, 0x03, 0xE0, 0x00, 0x0E, 0x00, 0x00, 0x70, 0x00, 0x00, 0x00, 0x00, 0x00, 0x00, 0x00, 0x1C,
    0x00, 0x00, 0x07, 0x00, 0x01, 0x83, 0xC0, 0x00, 0xF0, 0xF0, 0x00, 0x7C, 0x3E, 0x00, 0x7F, 0x07,
    0xFF, 0xFF, 0xF9, 0xFF, 0xFF, 0xFF, 0x3F, 0xFF, 0x8F, 0xC1, 0xFE, 0x00, 0x00, 0x00, 0x00, 0x00,
    0x07, 0xE0, 0x00, 0x01, 0xF8, 0x00, 0x00, 0x3E, 0x00, 0x00, 0x07, 0x00, 0x00, 0x01, 0xC0, 0x00,
    0x00, 0x00, 0x00, 0x00, 0x3C, 0x78, 0xF0, 0xE1, 0xE3, 0xC7, 0xFE, 0xFD, 0xF0, 0x00, 0x0F, 0xDF,
    0x9F, 0x1C, 0x38, 0x00, 0x00, 0x03, 0xC0, 0x70, 0x0E, 0x03, 0xE1, 0xFF, 0xBF, 0xFF, 0xBE, 0x00,
    0x00, 0x01, 0xF8, 0x3F, 0x03, 0xC0, 0x70, 0x0E, 0x00, 0x00, 0x00, 0xC0, 0x00, 0x06, 0x00, 0x00,
    0x3E, 0x00, 0x01, 0xF8, 0x00, 0x0F, 0xC0, 0x00, 0xFC, 0x00, 0x01, 0x80, 0x00, 0x00, 0x1E, 0x70,
    0x00, 0xF3, 0x80, 0x03, 0xBC, 0x00, 0x1F, 0xE0, 0x00, 0xFF, 0x80, 0x0F, 0xBF, 0xFF, 0xF9, 0xFF,
    0xFF, 0xC7, 0xFF, 0xF8, 0x07, 0xFE, 0x00, 0x00, 0x40, 0x00, 0x00, 0x18, 0x00, 0x00, 0x07, 0xC0,
    0x00, 0x01, 0xF0, 0x00, 0x00, 0xFC, 0x00, 0x00, 0x3F, 0x00, 0x00, 0x07, 0x00, 0x00, 0x00, 0x00,
    0x00, 0x70, 0x00, 0x00, 0x1C, 0x00, 0x06, 0x0F, 0x00, 0x03, 0xC3, 0xC0, 0x01, 0xF0, 0xF8, 0x01,
    0xFC, 0x1F, 0xFF, 0xFF, 0xE7, 0xFF, 0xFF, 0xFC, 0xFF, 0xFE, 0x3F, 0x07, 0xF8, 0x00, 0x00, 0x61,
    0x87, 0xDF, 0xFF, 0xF7, 0x00, 0x39, 0xE3, 0xCF, 0x3C, 0xF3, 0xFF, 0xFB, 0xC0, 0x00, 0x10, 0x03,
    0x00, 0x7C, 0x0F, 0x83, 0xF0, 0x7E, 0x07, 0x00, 0x00, 0x00, 0x03, 0xC0, 0x70, 0x0E, 0x03, 0xE1,
    0xFF, 0xBF, 0xFF, 0xBE, 0x00, 0x00, 0x7C, 0x01, 0xFF, 0x01, 0xFF, 0xE3, 0xFF, 0xE0, 0x1F, 0xC0,
    0xFF, 0x87, 0xF8, 0x1F, 0x80, 0x7C, 0x00, 0xF0, 0x03, 0xCF, 0x87, 0x9F, 0x0F, 0x1C, 0x1E, 0x38,
    0x3C, 0x00, 0x7E, 0x06, 0x7F, 0xFC, 0x7F, 0xF8, 0x7F, 0xF0, 0x0E, 0x00, 0x7C, 0x00, 0x3F, 0xE0,
    0x07, 0xFF, 0x81, 0xFF, 0xF0, 0x01, 0xFC, 0x01, 0xFF, 0x01, 0xFF, 0x80, 0xFC, 0xF0, 0x7C, 0x3F,
    0x9E, 0x07, 0xFF, 0x3E, 0xFF, 0xCF, 0x80, 0xF1, 0xC0, 0x3C, 0x70, 0x0F, 0x00, 0x03, 0xF0, 0x30,
    0x7F, 0xFC, 0x0F, 0xFF, 0x01, 0xFF, 0xC0, 0x07, 0x00, 0x00, 0x03, 0xF8, 0x1F, 0xF0, 0xFF, 0xF0,
    0x3F, 0x80, 0xFC, 0x3F, 0xFF, 0xF8, 0xFF, 0x07, 0xE0, 0x00, 0x00, 0x00, 0x01, 0xF8, 0x0F, 0xC0,
    0x3E, 0x00, 0xE0, 0x07, 0x00, 0x00, 0x00, 0x00, 0x00, 0x7F, 0x00, 0x7F, 0xC0, 0x7F, 0xF8, 0x03,
    0xF8, 0x01, 0xF8, 0x0F, 0xF8, 0xFF, 0xFE, 0xFF, 0x7F, 0xFC, 0x3E, 0x00, 0x00, 0x00, 0x00, 0x1F,
    0x80, 0x1F, 0x80, 0x0F, 0x00, 0x0E, 0x00, 0x0E, 0x00, 0x00, 0x00, 0x10, 0x0E, 0x03, 0xF0, 0xFC,
    0x3F, 0x0F, 0x81, 0x80, 0x00, 0x02, 0x03, 0xC0, 0xF8, 0x1E, 0x03, 0xC0, 0xF0, 0x3D, 0x8F, 0x7F,
    0xDF, 0xF7, 0xF8, 0x00, 0x10, 0x00, 0xE0, 0x03, 0xF0, 0x0F, 0xC0, 0x3F, 0x00, 0xF8, 0x01, 0x80,
    0x00, 0x00, 0x02, 0x00, 0x3C, 0x00, 0xF8, 0x01, 0xE0, 0x07, 0xC0, 0x0F, 0x00, 0x3C, 0x18, 0xF8,
    0x7F, 0xFD, 0xFF, 0xF7, 0xFF, 0xC0, 0x00, 0x06, 0x07, 0x81, 0x83, 0xF1, 0xF8, 0xFC, 0x00, 0x00,
    0x06, 0x07, 0x83, 0xC0, 0xE0, 0x78, 0x3C, 0x1C, 0x1E, 0x1F, 0x3F, 0x3F, 0x1F, 0x06, 0x00, 0x06,
    0x00, 0x70, 0x03, 0x80, 0x37, 0x03, 0xF8, 0x0D, 0x80, 0x00, 0x00, 0x00, 0x06, 0x00, 0x78, 0x03,
    0xC0, 0x0E, 0x00, 0x78, 0x03, 0xF8, 0x1F, 0xC1, 0xFE, 0x1F, 0x03, 0xF0, 0x3F, 0x01, 0xF0, 0x06,
    0x00, 0x00, 0x08, 0x06, 0x03, 0xE1, 0xF1, 0xF8, 0xFC, 0x38, 0x00, 0x00, 0x03, 0x03, 0xC1, 0xE0,
    0x70, 0x3C, 0x1E, 0x0E, 0x0F, 0x0F, 0x9F, 0x9F, 0x8F, 0x83, 0x00, 0x08, 0x00, 0xC0, 0x07, 0xC0,
    0x3F, 0x01, 0xF8, 0x1F, 0x80, 0x30, 0x00, 0x00, 0x00, 0x00, 0x30, 0x03, 0xC0, 0x1E, 0x00, 0x70,
    0x03, 0xC0, 0x1F, 0xC0, 0xFE, 0x0F, 0xF0, 0xF8, 0x1F, 0x81, 0xF8, 0x0F, 0x80, 0x30, 0x00, 0x00,
    0x00, 0xC0, 0x00, 0x3E, 0x00, 0x0F, 0xE0, 0x01, 0xFC, 0x00, 0x3F, 0x00, 0x03, 0xC0, 0x00, 0x3E,
    0x07, 0x01, 0xF0, 0x70, 0x0F, 0x8F, 0x00, 0x78, 0xF0, 0x03, 0xCF, 0x80, 0x3C, 0x7F, 0xFF, 0xC7,
    0xFF, 0xF8, 0x3F, 0xFF, 0x00, 0x7F, 0x80, 0x00, 0x00, 0xC0, 0x00, 0x0F, 0x80, 0x00, 0xFE, 0x00,
    0x07, 0xF0, 0x00, 0x3F, 0x00, 0x01, 0xF0, 0x00, 0x03, 0xC0, 0x1C, 0x0F, 0x80, 0x70, 0x1F, 0x03,
    0xC0, 0x3E, 0x0F, 0x00, 0x7C, 0x3E, 0x00, 0xF8, 0x7F, 0xFF, 0xF9, 0xFF, 0xFF, 0xF3, 0xFF, 0xF7,
    0xC1, 0xFF, 0x00, 0x01, 0x81, 0xE1, 0xFD, 0xFE, 0xFC, 0x3E, 0x0F, 0xC1, 0xF8, 0x3E, 0x07, 0xC0,
    0xF0, 0x3C, 0xFF, 0x3F, 0xCF, 0xE0, 0x00, 0x01, 0x80, 0x3C, 0x07, 0xF0, 0xFF, 0x0F, 0xE0, 0x7C,
    0x03, 0xE0, 0x0F, 0x80, 0x3E, 0x00, 0xF8, 0x03, 0xC0, 0x1F, 0x8F, 0xFF, 0x7F, 0xFF, 0xFB, 0xC0,
    0x00, 0x00, 0x00, 0x00, 0x00, 0x38, 0x00, 0x07, 0x80, 0x01, 0xF8, 0x00, 0x7E, 0xC0, 0x07, 0xBE,
    0x00, 0x2F, 0xE0, 0x01, 0xFC, 0x00, 0x3F, 0x00, 0x03, 0xC0, 0x00, 0x3E, 0x07, 0x01, 0xF0, 0x70,
    0x0F, 0x8F, 0x00, 0x78, 0xF0, 0x03, 0xCF, 0x80, 0x3C, 0x7F, 0xFF, 0xC7, 0xFF, 0xF8, 0x3F, 0xFF,
    0x00, 0x7F, 0x80, 0x00, 0x00, 0x00, 0x00, 0x0E, 0x00, 0x00, 0xF8, 0x00, 0x07, 0xC0, 0x00, 0x7C,
    0xC0, 0x01, 0xCF, 0x80, 0x02, 0xFE, 0x00, 0x07, 0xF0, 0x00, 0x3F, 0x00, 0x01, 0xF0, 0x00, 0x03,
    0xC0, 0x1C, 0x0F, 0x80, 0x70, 0x1F, 0x03, 0xC0, 0x3E, 0x0F, 0x00, 0x7C, 0x3E, 0x00, 0xF8, 0x7F,
    0xFF, 0xF9, 0xFF, 0xFF, 0xF3, 0xFF, 0xF7, 0xC1, 0xFF, 0x00, 0x00, 0x00, 0x70, 0x3E, 0x1F, 0x87,
    0xCC, 0xE7, 0x93, 0xF9, 0xFE, 0x7E, 0x0F, 0x81, 0xF8, 0x1F, 0x81, 0xF0, 0x1F, 0x01, 0xE0, 0x3C,
    0x7F, 0x8F, 0xF1, 0xFC, 0x00, 0x00, 0x00, 0x00, 0x0E, 0x00, 0xF8, 0x0F, 0xC0, 0x7C, 0xC1, 0xCF,
    0x04, 0xFE, 0x0F, 0xF0, 0x7F, 0x01, 0xF0, 0x07, 0xC0, 0x0F, 0x80, 0x1F, 0x00, 0x3E, 0x00, 0x78,
    0x01, 0xF8, 0x7F, 0xF9, 0xFF, 0xF7, 0xF7, 0x80, 0x00, 0x00, 0x08, 0x00, 0x78, 0x00, 0xF3, 0x80,
    0xE7, 0x01, 0xFE, 0x03, 0xFC, 0x07, 0xF8, 0x0F, 0xF0, 0x3C, 0xFD, 0xF9, 0xFF, 0xE1, 0xFF, 0x81,
    0xFE, 0x00, 0x00, 0x00, 0x00, 0x07, 0x80, 0x00, 0xF0, 0x38, 0x0E, 0x07, 0x01, 0xE1, 0xE0, 0x3F,
    0xBC, 0x07, 0xFF, 0x80, 0xFF, 0xF0, 0x3C, 0x0F, 0xDF, 0x81, 0xFF, 0xE0, 0x1F, 0xFC, 0x01, 0xFE,
    0x00, 0x00, 0x07, 0x03, 0xE0, 0xFC, 0x3F, 0x1F, 0xE7, 0x3B, 0xCE, 0xF3, 0xBF, 0xE7, 0xF8, 0xFC,
    0x00, 0x00, 0x06, 0x00, 0xFE, 0x07, 0xF8, 0x1F, 0xF0, 0xF3, 0xC3, 0xC7, 0x8F, 0x1F, 0xFC, 0x3F,
    0x70, 0x7C, 0x00, 0x00, 0x39, 0xE3, 0xCF, 0x3C, 0xF3, 0xFF, 0xFB, 0xC3, 0x1C, 0x71, 0xC0, 0x30,
    0x03, 0xC0, 0x3E, 0x3D, 0xF3, 0xFF, 0xBF, 0x9F, 0xE0, 0xFE, 0x03, 0xF0, 0x1F, 0x00, 0x78, 0x01,
    0x00, 0x03, 0x00, 0x03, 0x80, 0x07, 0xC0, 0x07, 0xF0, 0x0F, 0xF8, 0x0E, 0xFC, 0x0E, 0xFE, 0x0E,
    0xFE, 0x0F, 0xEF, 0xFF, 0xFF, 0xFF, 0xFE, 0xFF, 0xFC, 0x10, 0x30, 0x01, 0xE0, 0x03, 0xF0, 0x07,
    0xF8, 0x07, 0xF8, 0x0F, 0x78, 0x0F, 0x70, 0x0E, 0xF0, 0xFF, 0xFF, 0xFF, 0xFF, 0xFF, 0xFF, 0x0F,
    0x3C, 0x0F, 0xFC, 0x07, 0xF8, 0x07, 0xF8, 0x01, 0xF0, 0x08, 0x00, 0xE0, 0x0F, 0xC0, 0x7F, 0x03,
    0xFC, 0x3F, 0xF1, 0xCF, 0xCF, 0xFF, 0x7F, 0x7F, 0xFF, 0xFF, 0xFF, 0xFF, 0xE0, 0x08, 0x00, 0x07,
    0x80, 0x7F, 0x01, 0xFC, 0x0F, 0x70, 0x3D, 0xC1, 0xE7, 0x07, 0xFC, 0x3F, 0xFF, 0xFF, 0xFF, 0xFF,
    0xF7, 0x8E, 0x0F, 0xF8, 0x3F, 0xE0, 0x7F, 0x80, 0x78, 0x00, 0x03, 0x80, 0x00, 0x7C, 0x00, 0x0F,
    0xE0, 0x01, 0xFE, 0x00, 0x3C, 0xF0, 0x07, 0xCE, 0x00, 0xF8, 0x00, 0x0F, 0x00, 0x00, 0xFF, 0xFF,
    0xE7, 0xFF, 0xFE, 0x3F, 0xFF, 0xE0, 0x7F, 0xF0, 0x07, 0xF8, 0xFF, 0xF7, 0xFF, 0xBF, 0xF8, 0xF0,
    0x03, 0xC0, 0x0F, 0xFF, 0xBF, 0xFE, 0x7F, 0xF8, 0x0F, 0x00, 0x18, 0x00, 0x03, 0xC0, 0x00, 0x38,
    0x00, 0x03, 0xC0, 0x00, 0x3E, 0x00, 0x03, 0xC0, 0x00, 0x03, 0x80, 0x00, 0x7C, 0x00, 0x0F, 0xE0,
    0x01, 0xFE, 0x00, 0x3C, 0xF0, 0x07, 0xCE, 0x00, 0xF8, 0x00, 0x0F, 0x00, 0x00, 0xFF, 0xFF, 0xE7,
    0xFF, 0xFE, 0x3F, 0xFF, 0xE0, 0x7F, 0xF0, 0x18, 0x00, 0xE0, 0x07, 0x80, 0x1F, 0x00, 0x7C, 0x01,
    0xE0, 0x00, 0x7F, 0x8F, 0xFF, 0x7F, 0xFB, 0xFF, 0x8F, 0x00, 0x3C, 0x00, 0xFF, 0xFB, 0xFF, 0xE7,
    0xFF, 0x80, 0xF0, 0x00, 0x1F, 0x80, 0x1F, 0xC0, 0x1F, 0xC0, 0x1F, 0x20, 0x0E, 0x03, 0x87, 0x01,
    0xC3, 0xE1, 0xE1, 0xFC, 0xF0, 0x3F, 0x78, 0x07, 0xBC, 0x03, 0xCF, 0xDF, 0xE7, 0xFF, 0xE1, 0xFF,
    0xE0, 0x3F, 0xC0, 0x00, 0x00, 0x0E, 0x00, 0x01, 0xC0, 0xF8, 0x78, 0x1F, 0xEF, 0x03, 0xFF, 0xE0,
    0x1F, 0xBC, 0x03, 0xC3, 0xFB, 0xF8, 0x7F, 0xFE, 0x07, 0xFF, 0x80, 0x3F, 0xC0, 0x00, 0x3C, 0x78,
    0xF0, 0xE1, 0xE3, 0xC7, 0xFE, 0xFD, 0xF0, 0x00, 0x0E, 0xFF, 0xFB, 0x80, 0x00, 0x03, 0xC0, 0x70,
    0x0E, 0x03, 0xE1, 0xFF, 0xBF, 0xFF, 0xBE, 0x00, 0x00, 0x01, 0xF8, 0x7F, 0x87, 0xE0, 0x00, 0x0F,
    0xC7, 0xE1, 0xF8, 0x78, 0x1E, 0x07, 0xF8, 0xFE, 0xFF, 0xBF, 0xC7, 0x80, 0x00, 0x00, 0x3F, 0x9F,
    0xC0, 0xC0, 0x00, 0xE0, 0x78, 0x3C, 0x1E, 0x0F, 0x07, 0x83, 0xC1, 0xE0, 0xF0, 0x78, 0x3C, 0x1E,
    0x0F, 0x07, 0x80, 0x00, 0x3F, 0x8F, 0xE0, 0x30, 0x38, 0x0F, 0x03, 0xC0, 0xF0, 0x3C, 0x0F, 0x03,
    0xC0, 0xF0, 0x3C, 0x0F, 0x03, 0xC0, 0xF0, 0x3C, 0x0F, 0xE1, 0xFC, 0x3E, 0x00, 0x00, 0x37, 0xBD,
    0xEF, 0xF8, 0x0E, 0x7B, 0xDE, 0xF7, 0xBD, 0xEF, 0x7B, 0xDE, 0xF7, 0x80, 0x30, 0x78, 0x3C, 0x1F,
    0x0F, 0x87, 0x81, 0xC0, 0xF0, 0x78, 0x3C, 0x1E, 0x0F, 0x07, 0x83, 0xC1, 0xE0, 0xF0, 0x78, 0x3C,
    0x1E, 0x0F, 0xE3, 0xF8, 0xF8, 0x00, 0x0C, 0x07, 0x81, 0xC0, 0x78, 0x1E, 0x07, 0x80, 0xE0, 0xFC,
    0x3F, 0x9F, 0xE7, 0x3D, 0xCF, 0x7F, 0xDF, 0xF3, 0xFC, 0x3E, 0x7F, 0xBF, 0xC7, 0xE1, 0xE0, 0x0C,
    0x00, 0xF0, 0x07, 0x00, 0x3C, 0x01, 0xE0, 0x0F, 0x00, 0x00, 0x01, 0xC0, 0x3F, 0x01, 0xFC, 0x1F,
    0xE0, 0xE7, 0x87, 0x3C, 0x3F, 0xFD, 0xFF, 0xE7, 0xFF, 0x0F, 0x83, 0xFC, 0x3F, 0xC0, 0xFC, 0x07,
    0x80, 0x00, 0xE7, 0xBD, 0xEF, 0x7B, 0xDE, 0xF7, 0xBD, 0xEF, 0x7B, 0xDE, 0x37, 0xBD, 0xFF, 0xF8,
    0x00, 0xE0, 0xF0, 0xF0, 0xF0, 0xF0, 0xF0, 0xF0, 0xF0, 0xF0, 0xF0, 0xF0, 0xF0, 0xF0, 0xFE, 0x7F,
    0x3E, 0x30, 0x70, 0xF0, 0xF8, 0xF8, 0xF0, 0x00, 0x0C, 0x00, 0x1E, 0x00, 0x0F, 0x07, 0xE7, 0xC7,
    0xF3, 0xE7, 0xF1, 0xE7, 0xC8, 0x03, 0x80, 0xE1, 0xC0, 0x70, 0xF8, 0x78, 0x7F, 0x3C, 0x0F, 0xDE,
    0x01, 0xEF, 0x00, 0xF3, 0xF7, 0xF9, 0xFF, 0xF8, 0x7F, 0xF8, 0x0F, 0xF0, 0x00, 0x0C, 0x00, 0x07,
    0x80, 0x00, 0xF0, 0x00, 0x1F, 0x00, 0x03, 0xE0, 0x00, 0x78, 0x00, 0x00, 0x00, 0x03, 0x80, 0x00,
    0x70, 0x3E, 0x1E, 0x07, 0xFB, 0xC0, 0xFF, 0xF8, 0x07, 0xEF, 0x00, 0xF0, 0xFE, 0xFE, 0x1F, 0xFF,
    0x81, 0xFF, 0xE0, 0x0F, 0xF0, 0x00, 0x31, 0xCF, 0x3E, 0xFB, 0xC0, 0x0E, 0x78, 0xF3, 0xCF, 0x3C,
    0xFF, 0xFE, 0xF0, 0x00, 0x18, 0x0F, 0x07, 0x80, 0xF0, 0x3C, 0x0F, 0x00, 0x00, 0x00, 0x1C, 0x0F,
    0x03, 0xC0, 0xF0, 0xFF, 0xFF, 0xFF, 0xFC, 0x00, 0xEF, 0xFF, 0xFF, 0xFF, 0xFF, 0xFF, 0xFF, 0xFF,
    0xE0, 0xF0, 0xF0, 0xF0, 0xF0, 0xF0, 0xF0, 0xF0, 0xF0, 0xF0, 0xF0, 0xF0, 0xF0, 0xFE, 0x7F, 0x3E,
    0x00, 0x00, 0x00, 0x00, 0x00, 0x07, 0x9C, 0x00, 0x3C, 0xE0, 0x00, 0xEF, 0x00, 0x07, 0xF8, 0x00,
    0x3F, 0xE0, 0x03, 0xEF, 0xFF, 0xFE, 0x7F, 0xFF, 0xF1, 0xFF, 0xFE, 0x01, 0xFF, 0x80, 0x00, 0x00,
    0x00, 0x07, 0x00, 0x00, 0x38, 0x00, 0x01, 0xC0, 0x00, 0x00, 0x00, 0x00, 0x1C, 0x00, 0x00, 0x07,
    0x00, 0x01, 0x83, 0xC0, 0x00, 0xF0, 0xF0, 0x00, 0x7C, 0x3E, 0x00, 0x7F, 0x07, 0xFF, 0xFF, 0xF9,
    0xFF, 0xFF, 0xFF, 0x3F, 0xFF, 0x8F, 0xC1, 0xFE, 0x00, 0x00, 0x00, 0x00, 0x00, 0x01, 0xC0, 0x00,
    0x00, 0x70, 0x00, 0x00, 0x1C, 0x00, 0x00, 0x39, 0xE3, 0xCF, 0x3C, 0xF3, 0xFF, 0xFB, 0xC0, 0x00,
    0x71, 0xC7, 0x00, 0x00, 0x07, 0x03, 0xC0, 0xF0, 0x3C, 0x3F, 0xFF, 0xFF, 0xFF, 0x00, 0x00, 0x03,
    0x80, 0xF0, 0x38, 0x00, 0x02, 0x1F, 0xC7, 0xF0, 0xDC, 0x00, 0x00, 0x01, 0xC0, 0xF8, 0x3F, 0x0F,
    0xC7, 0xF9, 0xCE, 0xF3, 0xBC, 0xEF, 0xF9, 0xFE, 0x3F, 0x00, 0x00, 0x09, 0x00, 0x7E, 0x03, 0xFC,
    0x06, 0x60, 0x00, 0x00, 0x0E, 0x00, 0x3C, 0x01, 0xF0, 0x1F, 0xC1, 0xFF, 0x07, 0xFC, 0x3C, 0xF0,
    0xF3, 0xC3, 0xFF, 0x07, 0xFC, 0x1F, 0xFE, 0x1F, 0xFC, 0x03, 0xE0, 0x00, 0x00, 0x00, 0x88, 0x00,
    0x0E, 0xE0, 0x00, 0x7F, 0x00, 0x03, 0xB8, 0x00, 0x00, 0x0F, 0x38, 0x00, 0x79, 0xC0, 0x01, 0xDE,
    0x00, 0x0F, 0xF0, 0x00, 0x7F, 0xC0, 0x07, 0xDF, 0xFF, 0xFC, 0xFF, 0xFF, 0xE3, 0xFF, 0xFC, 0x03,
    0xFF, 0x00, 0x00, 0x48, 0x00, 0x00, 0x7F, 0x00, 0x00, 0x1F, 0xC0, 0x00, 0x03, 0x70, 0x00, 0x00,
    0x00, 0x00, 0x1C, 0x00, 0x00, 0x07, 0x00, 0x01, 0x83, 0xC0, 0x00, 0xF0, 0xF0, 0x00, 0x7C, 0x3E,
    0x00, 0x7F, 0x07, 0xFF, 0xFF, 0xF9, 0xFF, 0xFF, 0xFF, 0x3F, 0xFF, 0x8F, 0xC1, 0xFE, 0x00, 0x00,
    0x24, 0x7E, 0xFF, 0x66, 0x00, 0x1C, 0x3C, 0x1E, 0x1E, 0x1E, 0x1E, 0x1E, 0x7E, 0x7C, 0x78, 0x00,
    0x12, 0x0F, 0xE1, 0xFC, 0x1B, 0x80, 0x00, 0x00, 0x07, 0x80, 0xE0, 0x1C, 0x07, 0xC3, 0xFF, 0x7F,
    0xFF, 0x7C, 0x00, 0x00, 0x00, 0x70, 0x00, 0x03, 0x80, 0x00, 0x1C, 0x00, 0x01, 0xB8, 0x00, 0x1F,
    0xC0, 0x00, 0x6C, 0x00, 0x00, 0x03, 0xCE, 0x00, 0x1E, 0x70, 0x00, 0x77, 0x80, 0x03, 0xFC, 0x00,
    0x1F, 0xF0, 0x01, 0xF7, 0xFF, 0xFF, 0x3F, 0xFF, 0xF8, 0xFF, 0xFF, 0x00, 0xFF, 0xC0, 0x00, 0x30,
    0x00, 0x00, 0x1E, 0x00, 0x00, 0x03, 0x00, 0x00, 0x03, 0xF0, 0x00, 0x00, 0xFC, 0x00, 0x00, 0x3F,
    0x00, 0x00, 0x00, 0x00, 0x01, 0xC0, 0x00, 0x00, 0x70, 0x00, 0x18, 0x3C, 0x00, 0x0F, 0x0F, 0x00,
    0x07, 0xC3, 0xE0, 0x07, 0xF0, 0x7F, 0xFF, 0xFF, 0x9F, 0xFF, 0xFF, 0xF3, 0xFF, 0xF8, 0xFC, 0x1F,
    0xE0, 0x00, 0x30, 0xE3, 0xBF, 0xFF, 0xB0, 0x0E, 0x78, 0xF3, 0xCF, 0x3C, 0xFF, 0xFE, 0xF0, 0x00,
    0x0C, 0x03, 0xC0, 0x30, 0x1F, 0x83, 0xF0, 0x7E, 0x00, 0x00, 0x00, 0x1E, 0x03, 0x80, 0x70, 0x1F,
    0x0F, 0xFD, 0xFF, 0xFD, 0xF0, 0x00, 0x7C, 0x03, 0xFE, 0x07, 0xFF, 0x9F, 0xFE, 0x01, 0xF8, 0x1F,
    0xE1, 0xFC, 0x0F, 0xC0, 0x7C, 0x01, 0xE0, 0x0F, 0x1C, 0x3C, 0x70, 0xF1, 0xC3, 0xC7, 0x0F, 0x00,
    0x3F, 0x06, 0x7F, 0xFC, 0xFF, 0xF1, 0xFF, 0x80, 0x60, 0x7C, 0x00, 0x3F, 0xE0, 0x07, 0xFF, 0x81,
    0xFF, 0xE0, 0x01, 0xF8, 0x01, 0xFE, 0x01, 0xFF, 0x00, 0xFD, 0xE0, 0x7C, 0x3F, 0x9E, 0x0F, 0xEF,
    0x1D, 0xFB, 0xC7, 0x00, 0xF1, 0xC0, 0x3C, 0x70, 0x0F, 0x00, 0x03, 0xF0, 0x60, 0x7F, 0xFC, 0x0F,
    0xFF, 0x01, 0xFF, 0x80, 0x06, 0x00, 0x00, 0x03, 0xF8, 0x1F, 0xF0, 0xFF, 0xF0, 0x3F, 0x80, 0xFC,
    0x3F, 0xFF, 0xF8, 0xFF, 0x07, 0xE0, 0x00, 0x00, 0x00, 0x00, 0x70, 0x07, 0x80, 0x1C, 0x00, 0x00,
    0x00, 0x7F, 0x00, 0x7F, 0xC0, 0x7F, 0xF8, 0x03, 0xF8, 0x01, 0xF8, 0x0F, 0xF8, 0xFF, 0xFE, 0xFF,
    0x7F, 0xFC, 0x3E, 0x00, 0x00, 0x00, 0x00, 0x0E, 0x00, 0x0F, 0x00, 0x0E, 0x00, 0x7C, 0x03, 0xFE,
    0x07, 0xFF, 0x9F, 0xFE, 0x01, 0xF8, 0x1F, 0xE1, 0xFC, 0x0F, 0xC0, 0x7C, 0x01, 0xE0, 0x0F, 0x00,
    0x3C, 0x00, 0xF0, 0x03, 0xC0, 0x0F, 0x00, 0x3F, 0x06, 0x7F, 0xFC, 0xFF, 0xF1, 0xFF, 0x80, 0x60,
    0x7C, 0x00, 0x3F, 0xE0, 0x07, 0xFF, 0x81, 0xFF, 0xE0, 0x01, 0xF8, 0x01, 0xFE, 0x01, 0xFF, 0x00,
    0xFD, 0xE0, 0x7C, 0x3F, 0x9E, 0x0F, 0xEF, 0x01, 0xFB, 0xC0, 0x00, 0xF0, 0x00, 0x3C, 0x00, 0x0F,
    0x00, 0x03, 0xF0, 0x60, 0x7F, 0xFC, 0x0F, 0xFF, 0x01, 0xFF, 0x80, 0x06, 0x00, 0x00, 0x03, 0xF8,
    0x1F, 0xF0, 0xFF, 0xF0, 0x3F, 0x80, 0xFC, 0x3F, 0xFF, 0xF8, 0xFF, 0x07, 0xE0, 0x00, 0x00, 0x00,
    0x00, 0x7F, 0x00, 0x7F, 0xC0, 0x7F, 0xF8, 0x03, 0xF8, 0x01, 0xF8, 0x0F, 0xF8, 0xFF, 0xFE, 0xFF,
    0x7F, 0xFC, 0x3E, 0x00, 0x00, 0x03, 0x00, 0x1E, 0x00, 0x78, 0x00, 0xC0, 0x00, 0x01, 0xF0, 0x0F,
    0xF8, 0x1F, 0xFE, 0x7F, 0xF8, 0x07, 0xE0, 0x7F, 0x87, 0xF0, 0x3F, 0x01, 0xF0, 0x07, 0x80, 0x3C,
    0x00, 0xF0, 0x03, 0xC0, 0x0F, 0x00, 0x3C, 0x00, 0xFC, 0x19, 0xFF, 0xF3, 0xFF, 0xC7, 0xFE, 0x01,
    0x80, 0x03, 0x00, 0x01, 0xE0, 0x00, 0x78, 0x00, 0x0C, 0x00, 0x00, 0x00, 0x1F, 0x00, 0x0F, 0xF8,
    0x01, 0xFF, 0xE0, 0x7F, 0xF8, 0x00, 0x7E, 0x00, 0x7F, 0x80, 0x7F, 0xC0, 0x3F, 0x78, 0x1F, 0x0F,
    0xE7, 0x83, 0xFB, 0xC0, 0x7E, 0xF0, 0x00, 0x3C, 0x00, 0x0F, 0x00, 0x03, 0xC0, 0x00, 0xFC, 0x18,
    0x1F, 0xFF, 0x03, 0xFF, 0xC0, 0x7F, 0xE0, 0x01, 0x80, 0x00, 0x18, 0x01, 0xC0, 0x0E, 0x00, 0x70,
    0x00, 0x00, 0x00, 0x01, 0xFC, 0x0F, 0xF8, 0x7F, 0xF8, 0x1F, 0xC0, 0x7E, 0x1F, 0xFF, 0xFC, 0x7F,
    0x83, 0xF0, 0x00, 0x00, 0x10, 0x00, 0x38, 0x00, 0x38, 0x00, 0x38, 0x00, 0x00, 0x00, 0x00, 0x00,
    0x7F, 0x00, 0x7F, 0xC0, 0x7F, 0xF8, 0x03, 0xF8, 0x01, 0xF8, 0x0F, 0xF8, 0xFF, 0xFE, 0xFF, 0x7F,
    0xFC, 0x3E, 0x00, 0x00, 0x02, 0x03, 0xC0, 0xF8, 0x1E, 0x03, 0xC0, 0xF0, 0x3D, 0x8F, 0x7F, 0xDF,
    0xF7, 0xF8, 0x00, 0x02, 0x00, 0x3C, 0x00, 0xF8, 0x01, 0xE0, 0x07, 0xC0, 0x0F, 0x00, 0x3C, 0x18,
    0xF8, 0x7F, 0xFD, 0xFF, 0xF7, 0xFF, 0xC0, 0x00, 0x0C, 0x07, 0x01, 0xC0, 0x70, 0x00, 0x00, 0x80,
    0xF0, 0x3E, 0x07, 0x80, 0xF0, 0x3C, 0x0F, 0x63, 0xDF, 0xF7, 0xFD, 0xFE, 0x00, 0x00, 0x0C, 0x00,
    0x70, 0x01, 0xC0, 0x07, 0x00, 0x00, 0x00, 0x08, 0x00, 0xF0, 0x03, 0xE0, 0x07, 0x80, 0x1F, 0x00,
    0x3C, 0x00, 0xF0, 0x63, 0xE1, 0xFF, 0xF7, 0xFF, 0xDF, 0xFF, 0x00, 0x00, 0x06, 0x07, 0x83, 0xC0,
    0xE0, 0x78, 0x3C, 0x1C, 0x1E, 0x1F, 0x3F, 0x3F, 0x1F, 0x06, 0x00, 0x06, 0x00, 0x78, 0x03, 0xC0,
    0x0E, 0x00, 0x78, 0x03, 0xF8, 0x1F, 0xC1, 0xFE, 0x1F, 0x03, 0xF0, 0x3F, 0x01, 0xF0, 0x06, 0x00,
    0x00, 0x06, 0x07, 0x83, 0xC0, 0xC0, 0x00, 0x00, 0x18, 0x1E, 0x0F, 0x03, 0x81, 0xE0, 0xF0, 0x70,
    0x78, 0x7C, 0xFC, 0xFC, 0x7C, 0x18, 0x00, 0x04, 0x00, 0x70, 0x03, 0x80, 0x1C, 0x00, 0x00, 0x00,
    0x00, 0x18, 0x01, 0xE0, 0x0F, 0x00, 0x38, 0x01, 0xE0, 0x0F, 0xE0, 0x7F, 0x07, 0xF8, 0x7C, 0x0F,
    0xC0, 0xFC, 0x07, 0xC0, 0x18, 0x00, 0x00, 0x00, 0x00, 0xE0, 0x00, 0x00, 0x1E, 0x00, 0x00, 0x01,
    0xE0, 0x03, 0xC3, 0x8F, 0x00, 0x3C, 0x38, 0xF7, 0x01, 0xC3, 0x8F, 0x70, 0x1E, 0x78, 0xFF, 0x01,
    0xFF, 0xFF, 0xF0, 0x1F, 0xFF, 0xEF, 0x01, 0xFE, 0xFC, 0xF0, 0x3C, 0x00, 0x07, 0xCF, 0xC0, 0x00,
    0x7F, 0xF8, 0x00, 0x03, 0xFF, 0x80, 0x00, 0x1F, 0xE0, 0x00, 0x00, 0x00, 0x00, 0x00, 0xE0, 0x00,
    0x00, 0x00, 0xE0, 0x00, 0x3C, 0x38, 0xF0, 0x00, 0x3C, 0x38, 0xF0, 0x70, 0x1C, 0x38, 0xF0, 0x70,
    0x1E, 0x78, 0xF8, 0xF0, 0x1F, 0xFF, 0xFF, 0xF0, 0x1F, 0xFF, 0xFF, 0xF0, 0x1F, 0xEF, 0xDF, 0xF0,
    0x3C, 0x00, 0x00, 0x7C, 0xFC, 0x00, 0x00, 0x7F, 0xF8, 0x00, 0x00, 0x3F, 0xF8, 0x00, 0x00, 0x1F,
    0xE0, 0x00, 0x00, 0x00, 0x01, 0xC0, 0x00, 0x78, 0x00, 0x07, 0x8E, 0x3C, 0xF3, 0xC7, 0x9E, 0x78,
    0xE3, 0xCF, 0x3E, 0x7F, 0xFF, 0xFF, 0xFF, 0xFF, 0xDF, 0xFB, 0xF0, 0x00, 0x00, 0x00, 0x00, 0x01,
    0xE0, 0x00, 0x03, 0xC0, 0x71, 0xE7, 0x81, 0xE3, 0xCF, 0x03, 0xC7, 0x1E, 0x07, 0x9F, 0x3E, 0x3F,
    0xFF, 0xFF, 0xFF, 0xFF, 0xFF, 0xFF, 0xDF, 0xBE, 0x00, 0x00, 0x00, 0x00, 0x00, 0x70, 0x00, 0x00,
    0x07, 0x00, 0x00, 0x00, 0x70, 0x00, 0x00, 0x1D, 0x80, 0x00, 0x01, 0xFC, 0x00, 0x00, 0x0D, 0x80,
    0x00, 0x00, 0x00, 0xE0, 0x00, 0x00, 0x1E, 0x00, 0x00, 0x01, 0xE0, 0x03, 0xC3, 0x8F, 0x00, 0x3C,
    0x38, 0xF7, 0x01, 0xC3, 0x8F, 0x70, 0x1E, 0x78, 0xFF, 0x01, 0xFF, 0xFF, 0xF0, 0x1F, 0xFF, 0xEF,
    0x01, 0xFE, 0xFC, 0xF0, 0x3C, 0x00, 0x07, 0xCF, 0xC0, 0x00, 0x7F, 0xF8, 0x00, 0x03, 0xFF, 0x80,
    0x00, 0x1F, 0xE0, 0x00, 0x00, 0x00, 0x00, 0x70, 0x00, 0x00, 0x00, 0x70, 0x00, 0x00, 0x00, 0x70,
    0x00, 0x00, 0x01, 0xD8, 0x00, 0x00, 0x01, 0xFC, 0x00, 0x00, 0x00, 0xD8, 0x00, 0x00, 0x00, 0x00,
    0x00, 0x00, 0x00, 0x00, 0xE0, 0x00, 0x00, 0x00, 0xE0, 0x00, 0x3C, 0x38, 0xF0, 0x00, 0x3C, 0x38,
    0xF0, 0x70, 0x1C, 0x38, 0xF0, 0x70, 0x1E, 0x78, 0xF8, 0xF0, 0x1F, 0xFF, 0xFF, 0xF0, 0x1F, 0xFF,
    0xFF, 0xF0, 0x1F, 0xEF, 0xDF, 0xF0, 0x3C, 0x00, 0x00, 0x7C, 0xFC, 0x00, 0x00, 0x7F, 0xF8, 0x00,
    0x00, 0x3F, 0xF8, 0x00, 0x00, 0x1F, 0xE0, 0x00, 0x00, 0x00, 0x30, 0x00, 0x0F, 0x00, 0x00, 0xC0,
    0x00, 0x7E, 0x00, 0x0F, 0xC0, 0x01, 0xB8, 0x00, 0x00, 0x70, 0x00, 0x1E, 0x00, 0x01, 0xE3, 0x8F,
    0x3C, 0xF1, 0xE7, 0x9E, 0x38, 0xF3, 0xCF, 0x9F, 0xFF, 0xFF, 0xFF, 0xFF, 0xF7, 0xFE, 0xFC, 0x00,
    0x00, 0x00, 0x00, 0x70, 0x00, 0x00, 0xE0, 0x00, 0x01, 0xC0, 0x00, 0x06, 0xE0, 0x00, 0x1F, 0xC0,
    0x00, 0x1B, 0x00, 0x00, 0x00, 0x00, 0x00, 0x00, 0xF0, 0x00, 0x01, 0xE0, 0x38, 0xF3, 0xC0, 0xF1,
    0xE7, 0x81, 0xE3, 0x8F, 0x03, 0xCF, 0x9F, 0x1F, 0xFF, 0xFF, 0xFF, 0xFF, 0xFF, 0xFF, 0xEF, 0xDF,
    0x00, 0x00, 0x00, 0x00, 0x00, 0x00, 0x80, 0x00, 0x00, 0x3F, 0x80, 0x00, 0x07, 0xFC, 0x00, 0x78,
    0x7F, 0xF0, 0x03, 0xC7, 0xE7, 0xB8, 0x0E, 0x7C, 0x3D, 0xC0, 0x7B, 0xC3, 0xFE, 0x03, 0xFF, 0xFF,
    0xF0, 0x1F, 0xFF, 0xF7, 0x80, 0xFF, 0xFE, 0x3C, 0x0F, 0x0F, 0x80, 0xFD, 0xF8, 0x00, 0x07, 0xFF,
    0x80, 0x00, 0x1F, 0xFC, 0x00, 0x00, 0x3F, 0x80, 0x00, 0x00, 0x00, 0x00, 0x00, 0x80, 0x00, 0x00,
    0x07, 0xF0, 0x00, 0x00, 0x1F, 0xF0, 0x00, 0x3C, 0x3F, 0xF8, 0x00, 0x3C, 0x7E, 0x78, 0x70, 0x1C,
    0xF8, 0x78, 0x70, 0x1E, 0xF0, 0xF8, 0xF0, 0x1F, 0xFF, 0xFF, 0xF0, 0x1F, 0xFF, 0xFF, 0xF0, 0x1F,
    0xFF, 0xFF, 0xF0, 0x3C, 0x3E, 0x00, 0x7E, 0xFC, 0x00, 0x00, 0x7F, 0xF8, 0x00, 0x00, 0x3F, 0xF8,
    0x00, 0x00, 0x0F, 0xE0, 0x00, 0x00, 0x00, 0x00, 0x00, 0x00, 0xFC, 0x00, 0x3F, 0xE3, 0xC7, 0xFF,
    0x3C, 0xFC, 0xF3, 0x9F, 0x0F, 0x7F, 0xE1, 0xFF, 0xFF, 0xFE, 0xFF, 0xFF, 0xEE, 0xFF, 0xF8, 0x01,
    0xFC, 0x00, 0x00, 0x00, 0x00, 0x00, 0x1F, 0x80, 0x00, 0xFF, 0x81, 0xE3, 0xFF, 0x83, 0xCF, 0xCF,
    0x07, 0x3E, 0x1E, 0x1F, 0xF8, 0x7C, 0x7F, 0xFF, 0xFF, 0xFF, 0xFF, 0xFF, 0xDF, 0xFF, 0xFC, 0x07,
    0xF0, 0x00, 0x00, 0x00, 0x01, 0x80, 0x00, 0x00, 0x1C, 0x00, 0x00, 0x00, 0xE0, 0x00, 0x00, 0x07,
    0x00, 0x00, 0x00, 0x00, 0x00, 0x00, 0x00, 0x40, 0x00, 0x00, 0x1F, 0xC0, 0x00, 0x03, 0xFE, 0x00,
    0x3C, 0x3F, 0xF8, 0x01, 0xE3, 0xF3, 0xDC, 0x07, 0x3E, 0x1E, 0xE0, 0x3D, 0xE1, 0xFF, 0x01, 0xFF,
    0xFF, 0xF8, 0x0F, 0xFF, 0xFB, 0xC0, 0x7F, 0xFF, 0x1E, 0x07, 0x87, 0xC0, 0x7E, 0xFC, 0x00, 0x03,
    0xFF, 0xC0, 0x00, 0x0F, 0xFE, 0x00, 0x00, 0x1F, 0xC0, 0x00, 0x00, 0x00, 0x00, 0x01, 0x80, 0x00,
    0x00, 0x03, 0x80, 0x00, 0x00, 0x03, 0x80, 0x00, 0x00, 0x03, 0x80, 0x00, 0x00, 0x00, 0x00, 0x00,
    0x00, 0x00, 0x80, 0x00, 0x00, 0x07, 0xF0, 0x00, 0x00, 0x1F, 0xF0, 0x00, 0x3C, 0x3F, 0xF8, 0x00,
    0x3C, 0x7E, 0x78, 0x70, 0x1C, 0xF8, 0x78, 0x70, 0x1E, 0xF0, 0xF8, 0xF0, 0x1F, 0xFF, 0xFF, 0xF0,
    0x1F, 0xFF, 0xFF, 0xF0, 0x1F, 0xFF, 0xFF, 0xF0, 0x3C, 0x3E, 0x00, 0x7E, 0xFC, 0x00, 0x00, 0x7F,
    0xF8, 0x00, 0x00, 0x3F, 0xF8, 0x00, 0x00, 0x0F, 0xE0, 0x00, 0x00, 0x00, 0x02, 0x00, 0x00, 0x70,
    0x00, 0x07, 0x00, 0x00, 0x70, 0x00, 0x00, 0x00, 0x00, 0x00, 0x00, 0x0F, 0xC0, 0x03, 0xFE, 0x3C,
    0x7F, 0xF3, 0xCF, 0xCF, 0x39, 0xF0, 0xF7, 0xFE, 0x1F, 0xFF, 0xFF, 0xEF, 0xFF, 0xFE, 0xEF, 0xFF,
    0x80, 0x1F, 0xC0, 0x00, 0x02, 0x00, 0x00, 0x0E, 0x00, 0x00, 0x1C, 0x00, 0x00, 0x38, 0x00, 0x00,
    0x00, 0x00, 0x00, 0x00, 0x00, 0x03, 0xF0, 0x00, 0x1F, 0xF0, 0x3C, 0x7F, 0xF0, 0x79, 0xF9, 0xE0,
    0xE7, 0xC3, 0xC3, 0xFF, 0x0F, 0x8F, 0xFF, 0xFF, 0xFF, 0xFF, 0xFF, 0xFB, 0xFF, 0xFF, 0x80, 0xFE,
    0x00, 0x0E, 0x00, 0x07, 0x00, 0x03, 0x80, 0x01, 0xC0, 0x00, 0xE0, 0x00, 0x70, 0x00, 0x3C, 0x20,
    0x1E, 0xFC, 0x0F, 0xFF, 0x07, 0xFF, 0xC3, 0xF9, 0xE1, 0xF0, 0xF0, 0xF0, 0xFF, 0xFF, 0xFB, 0xFF,
    0xFD, 0xFF, 0xF8, 0x1F, 0xE0, 0x00, 0x0E, 0x00, 0x00, 0xE0, 0x00, 0x0E, 0x00, 0x00, 0xE0, 0x00,
    0x0E, 0x00, 0x00, 0xE0, 0x00, 0x0F, 0x08, 0x00, 0xF7, 0xE0, 0x0F, 0xFF, 0x00, 0xFF, 0xF8, 0x0F,
    0xE7, 0x80, 0xF8, 0x78, 0x0F, 0x0F, 0x8F, 0xFF, 0xFF, 0xFF, 0xFF, 0xFF, 0xFF, 0xFF, 0x1F, 0xE0,
    0x00, 0x38, 0x00, 0xF0, 0x01, 0xE0, 0x03, 0xC0, 0x07, 0x80, 0x07, 0x00, 0x0E, 0x1C, 0x1D, 0xFC,
    0x3F, 0xFC, 0x7F, 0xFC, 0xFC, 0x79, 0xF0, 0xF7, 0xC7, 0xFF, 0xFF, 0xBF, 0xFE, 0x7F, 0xF8, 0x00,
    0x00, 0x38, 0x00, 0x1E, 0x00, 0x07, 0x80, 0x01, 0xE0, 0x00, 0x78, 0x00, 0x0E, 0x00, 0x03, 0x87,
    0x00, 0xEF, 0xE0, 0x3F, 0xFC, 0x0F, 0xFF, 0x83, 0xF1, 0xE0, 0xF8, 0x78, 0x7C, 0x7E, 0x3F, 0xFF,
    0xFF, 0xFF, 0xFF, 0xFF, 0xFF, 0x00, 0x00, 0x00, 0x0E, 0x00, 0x07, 0x0C, 0x03, 0x87, 0x01, 0xC3,
    0x80, 0xE1, 0xC0, 0x70, 0x00, 0x3C, 0x20, 0x1E, 0xFC, 0x0F, 0xFF, 0x07, 0xFF, 0xC3, 0xF9, 0xE1,
    0xF0, 0xF0, 0xF0, 0xFF, 0xFF, 0xFB, 0xFF, 0xFD, 0xFF, 0xF8, 0x1F, 0xE0, 0x00, 0x0E, 0x00, 0x00,
    0xE1, 0x80, 0x0E, 0x3C, 0x00, 0xE3, 0xC0, 0x0E, 0x18, 0x00, 0xE0, 0x00, 0x0F, 0x08, 0x00, 0xF7,
    0xE0, 0x0F, 0xFF, 0x00, 0xFF, 0xF8, 0x0F, 0xE7, 0x80, 0xF8, 0x78, 0x0F, 0x0F, 0x8F, 0xFF, 0xFF,
    0xFF, 0xFF, 0xFF, 0xFF, 0xFF, 0x1F, 0xE0, 0x00, 0x38, 0x00, 0xF0, 0x81, 0xE3, 0x83, 0xC7, 0x07,
    0x8E, 0x07, 0x00, 0x0E, 0x1C, 0x1D, 0xFC, 0x3F, 0xFC, 0x7F, 0xFC, 0xFC, 0x79, 0xF0, 0xF7, 0xC7,
    0xFF, 0xFF, 0xBF, 0xFE, 0x7F, 0xF8, 0x00, 0x00, 0x38, 0x00, 0x1E, 0x10, 0x07, 0x8E, 0x01, 0xE3,
    0x80, 0x78, 0xE0, 0x0E, 0x00, 0x03, 0x87, 0x00, 0xEF, 0xE0, 0x3F, 0xFC, 0x0F, 0xFF, 0x83, 0xF1,
    0xE0, 0xF8, 0x78, 0x7C, 0x7E, 0x3F, 0xFF, 0xFF, 0xFF, 0xFF, 0xFF, 0xFF, 0x00, 0x00, 0x00, 0x1F,
    0x00, 0xFE, 0x07, 0xF0, 0x1F, 0xC0, 0x70, 0x01, 0xC1, 0x07, 0xFC, 0x1F, 0xF8, 0x3F, 0xE0, 0xFC,
    0x07, 0xC0, 0x3E, 0x00, 0xF0, 0x03, 0xC0, 0x0F, 0x00, 0x3C, 0x00, 0xF8, 0x19, 0xFF, 0xE3, 0xFF,
    0xC7, 0xFE, 0x03, 0x80, 0x0F, 0xC0, 0xFF, 0x83, 0xFE, 0x1E, 0x78, 0x3D, 0xE0, 0xFF, 0x81, 0xFC,
    0x03, 0xFF, 0x3F, 0xFD, 0xFF, 0xF7, 0x80, 0x3C, 0x00, 0xF0, 0x03, 0xC0, 0x0F, 0x83, 0x3F, 0xFC,
    0x7F, 0xF0, 0xFF, 0x80, 0x70, 0x00, 0x07, 0x03, 0xF0, 0xFE, 0x3F, 0xC7, 0x80, 0xF0, 0x1E, 0x31,
    0xFF, 0xFF, 0xFF, 0xFB, 0xFC, 0x00, 0x00, 0x07, 0xC0, 0x3F, 0xC0, 0xFF, 0xC1, 0xE7, 0x83, 0xEF,
    0x03, 0xFC, 0x03, 0xF8, 0x3F, 0xFE, 0x7F, 0xFE, 0xFB, 0xF8, 0x00, 0x00, 0x06, 0x00, 0x3C, 0x00,
    0xF0, 0x01, 0x80, 0x00, 0x00, 0x7C, 0x03, 0xF8, 0x1F, 0xC0, 0x7F, 0x01, 0xC0, 0x07, 0x04, 0x1F,
    0xF0, 0x7F, 0xE0, 0xFF, 0x83, 0xF0, 0x1F, 0x00, 0xF8, 0x03, 0xC0, 0x0F, 0x00, 0x3C, 0x00, 0xF0,
    0x03, 0xE0, 0x67, 0xFF, 0x8F, 0xFF, 0x1F, 0xF8, 0x0E, 0x00, 0x03, 0x00, 0x1C, 0x00, 0x78, 0x01,
    0xC0, 0x00, 0x00, 0x3F, 0x03, 0xFE, 0x0F, 0xF8, 0x79, 0xE0, 0xF7, 0x83, 0xFE, 0x07, 0xF0, 0x0F,
    0xFC, 0xFF, 0xF7, 0xFF, 0xDE, 0x00, 0xF0, 0x03, 0xC0, 0x0F, 0x00, 0x3E, 0x0C, 0xFF, 0xF1, 0xFF,
    0xC3, 0xFE, 0x01, 0xC0, 0x06, 0x01, 0xC0, 0x3C, 0x07, 0x00, 0x00, 0x0E, 0x07, 0xE1, 0xFC, 0x7F,
    0x8F, 0x01, 0xE0, 0x3C, 0x63, 0xFF, 0xFF, 0xFF, 0xF7, 0xF8, 0x00, 0x00, 0x03, 0x00, 0x0F, 0x00,
    0x1E, 0x00, 0x1C, 0x00, 0x00, 0x00, 0xF8, 0x07, 0xF8, 0x1F, 0xF8, 0x3C, 0xF0, 0x7D, 0xE0, 0x7F,
    0x80, 0x7F, 0x07, 0xFF, 0xCF, 0xFF, 0xDF, 0x7F, 0x00, 0x00, 0x00, 0x01, 0x80, 0x00, 0x0E, 0x00,
    0x00, 0xF0, 0x00, 0x03, 0x80, 0x00, 0x00, 0x00, 0x00, 0x00, 0x00, 0x0F, 0x80, 0x00, 0xFE, 0x00,
    0x0F, 0xF0, 0x00, 0x7B, 0xDC, 0x03, 0x9E, 0xE0, 0x1F, 0xFF, 0x00, 0xFF, 0xF8, 0x07, 0xFF, 0xE0,
    0x07, 0xEF, 0xFF, 0xFE, 0x7F, 0xFF, 0xF1, 0xFF, 0xFF, 0x01, 0xFF, 0x80, 0x00, 0x00, 0x60, 0x00,
    0x00, 0x78, 0x00, 0x00, 0x3C, 0x00, 0x00, 0x0C, 0x00, 0x00, 0x00, 0x00, 0x00, 0x00, 0x00, 0x00,
    0x07, 0xC0, 0x00, 0x07, 0xF0, 0x70, 0x03, 0xFC, 0x38, 0x03, 0xDE, 0x3C, 0x01, 0xE7, 0x1E, 0x00,
    0xF7, 0x8F, 0x80, 0x3F, 0xC3, 0xFF, 0xFF, 0xFD, 0xFF, 0xFF, 0xFE, 0x7F, 0xFF, 0xFF, 0x07, 0xFC,
    0x00, 0x00, 0x04, 0x03, 0x80, 0xE0, 0x38, 0x00, 0x00, 0x01, 0xF0, 0xFE, 0x7F, 0x9E, 0xF7, 0xBD,
    0xFF, 0x7F, 0xCF, 0xF0, 0xFF, 0xFE, 0xFF, 0xBF, 0x80, 0x00, 0x06, 0x00, 0x70, 0x03, 0xC0, 0x1C,
    0x00, 0x00, 0x00, 0x00, 0x7C, 0x07, 0xF0, 0x7F, 0xC3, 0xDE, 0x1E, 0xF0, 0xF7, 0x83, 0xFC, 0x7F,
    0xFF, 0xFF, 0xFF, 0xFF, 0x00, 0x00, 0x00, 0x22, 0x00, 0x3B, 0x80, 0x1F, 0xC0, 0x0E, 0xC0, 0x00,
    0x00, 0x00, 0xE0, 0x01, 0xF8, 0x00, 0xFE, 0x00, 0xFF, 0x38, 0x73, 0xDC, 0x3D, 0xFE, 0x1F, 0xFF,
    0x0F, 0xFF, 0x83, 0xFF, 0xC0, 0x3D, 0xF8, 0x7E, 0x7F, 0xFE, 0x1F, 0xFE, 0x07, 0xFC, 0x00, 0x00,
    0x20, 0x00, 0x07, 0xF0, 0x00, 0x7F, 0x00, 0x07, 0x60, 0x00, 0x00, 0x00, 0x00, 0x00, 0x00, 0x3E,
    0x00, 0x07, 0xF0, 0x00, 0xFF, 0x00, 0x0F, 0x78, 0x70, 0xE7, 0x87, 0x0F, 0xFE, 0xF0, 0xFF, 0xFF,
    0x07, 0xFF, 0xF0, 0x0F, 0x8F, 0x80, 0xF0, 0x7F, 0xFE, 0x07, 0xFF, 0xE0, 0x3F, 0xF8, 0x00, 0xFE,
    0x00, 0x11, 0x0E, 0xE3, 0xF8, 0xEE, 0x00, 0x00, 0x01, 0xF0, 0xFE, 0x7F, 0x9E, 0xF7, 0xBD, 0xFF,
    0x7F, 0xCF, 0xF0, 0xFF, 0xFE, 0xFF, 0xBF, 0x80, 0x00, 0x11, 0x01, 0xDC, 0x0F, 0xE0, 0x37, 0x00,
    0x00, 0x00, 0x00, 0x7C, 0x07, 0xF0, 0x7F, 0xC3, 0xDE, 0x1E, 0xF0, 0xF7, 0x83, 0xFC, 0x7F, 0xFF,
    0xFF, 0xFF, 0xFF, 0x00, 0x00, 0x00, 0x01, 0xC0, 0x00, 0x38, 0x00, 0x07, 0x00, 0x18, 0xE0, 0x07,
    0x1C, 0x01, 0xE3, 0x80, 0x38, 0x78, 0x07, 0x8F, 0x70, 0x71, 0xEE, 0x3E, 0x3F, 0xC7, 0x87, 0xF8,
    0x40, 0xFF, 0x80, 0x3E, 0xFF, 0xFF, 0x9F, 0xFF, 0xF1, 0xFF, 0xFC, 0x07, 0xFC, 0x00, 0x00, 0x01,
    0xC0, 0x00, 0x07, 0x00, 0x00, 0x1C, 0x00, 0x0C, 0x70, 0x00, 0x71, 0xC0, 0x03, 0xC7, 0x00, 0x0E,
    0x1E, 0x00, 0x3C, 0x78, 0x70, 0x71, 0xE1, 0xC7, 0xC7, 0x8F, 0x1E, 0x1E, 0x3C, 0x20, 0x78, 0xF8,
    0x03, 0xE1, 0xFF, 0xFF, 0xF7, 0xFF, 0xFF, 0xCF, 0xFF, 0xFF, 0x07, 0xFC, 0x00, 0x01, 0x81, 0xE1,
    0xFD, 0xFE, 0xFC, 0x3E, 0x0F, 0xC1, 0xF8, 0x3E, 0x07, 0xC0, 0xF0, 0x3C, 0xFF, 0x3F, 0xCF, 0xE0,
    0x00, 0x01, 0x80, 0x3C, 0x07, 0xF0, 0xFF, 0x0F, 0xE0, 0x7C, 0x03, 0xE0, 0x0F, 0x80, 0x3E, 0x00,
    0xF8, 0x03, 0xC0, 0x1F, 0x8F, 0xFF, 0x7F, 0xFF, 0xFB, 0xC0, 0x00, 0x00, 0x1C, 0x00, 0x38, 0x00,
    0x70, 0x00, 0xE0, 0x01, 0xC0, 0x03, 0x80, 0x07, 0x80, 0x0F, 0x00, 0x1E, 0x00, 0x3C, 0x00, 0x7B,
    0x80, 0xF7, 0x01, 0xFE, 0x03, 0xFC, 0x07, 0xF8, 0x0E, 0xF0, 0x3C, 0xF8, 0xF9, 0xFF, 0xE1, 0xFF,
    0x80, 0xFE, 0x00, 0x00, 0x1C, 0x00, 0x03, 0x80, 0x00, 0x70, 0x00, 0x0E, 0x00, 0x01, 0xC0, 0x00,
    0x38, 0x00, 0x07, 0x00, 0x00, 0xE0, 0x00, 0x1E, 0x00, 0x03, 0xC0, 0x00, 0x78, 0x38, 0x0F, 0x07,
    0x01, 0xE1, 0xE0, 0x3F, 0xBC, 0x07, 0xF7, 0x80, 0xFE, 0xF0, 0x3C, 0x0F, 0x8F, 0x81, 0xFF, 0xE0,
    0x1F, 0xF8, 0x00, 0xFE, 0x00, 0x39, 0xE7, 0x9E, 0x38, 0xE3, 0x8E, 0x38, 0xE3, 0x8E, 0x3B, 0xEF,
    0xBC, 0x00, 0x38, 0x3C, 0x1E, 0x07, 0x03, 0x81, 0xC0, 0xE0, 0x70, 0x38, 0x1C, 0x0E, 0x07, 0x83,
    0xC7, 0xFF, 0xFF, 0xFF, 0x00, 0x00, 0x06, 0x03, 0xF0, 0xFF, 0x3F, 0xE7, 0x9E, 0x23, 0xC7, 0xF9,
    0xFF, 0x7F, 0xFF, 0x3B, 0xC0, 0x78, 0x0F, 0x01, 0xE0, 0x3C, 0x07, 0x80, 0x70, 0x0E, 0x00, 0x00,
    0x00, 0x03, 0xC0, 0x0F, 0xE0, 0x1F, 0xE0, 0x3F, 0xF0, 0x7C, 0x70, 0x7E, 0x78, 0xFF, 0xFE, 0xFF,
    0xFF, 0xF7, 0xFF, 0xF1, 0xC0, 0xF0, 0x00, 0xF0, 0x00, 0xF0, 0x00, 0xF0, 0x00, 0x70, 0x00, 0x78,
    0x00, 0x78, 0x00, 0x00, 0x00, 0x07, 0x80, 0xFC, 0x1F, 0xE3, 0xFE, 0x3C, 0xE7, 0xCE, 0xFF, 0xEF,
    0xFE, 0xEF, 0xC0, 0x00, 0x07, 0x80, 0x3F, 0x80, 0x7F, 0x01, 0xFF, 0x03, 0x9E, 0x0F, 0x9E, 0x3F,
    0xFF, 0xFF, 0xFF, 0xEF, 0xFE, 0x07, 0x00, 0x03, 0x00, 0x07, 0x00, 0x1E, 0x00, 0x1C, 0x00, 0x00,
    0x80, 0x07, 0x80, 0x0F, 0x38, 0x0E, 0x70, 0x1F, 0xE0, 0x3F, 0xC0, 0x7F, 0x80, 0xFF, 0x03, 0xCF,
    0xDF, 0x9F, 0xFE, 0x1F, 0xF8, 0x1F, 0xE0, 0x03, 0x00, 0x00, 0x70, 0x00, 0x1E, 0x00, 0x01, 0xC0,
    0x00, 0x00, 0x00, 0x00, 0x78, 0x00, 0x0F, 0x03, 0x80, 0xE0, 0x70, 0x1E, 0x1E, 0x03, 0xFB, 0xC0,
    0x7F, 0xF8, 0x0F, 0xFF, 0x03, 0xC0, 0xFD, 0xF8, 0x1F, 0xFE, 0x01, 0xFF, 0xC0, 0x1F, 0xE0, 0x00,
    0x31, 0xE7, 0x8C, 0x00, 0xE7, 0x8F, 0x3C, 0xF3, 0xCF, 0xFF, 0xEF, 0x00, 0x18, 0x0F, 0x03, 0xC0,
    0x70, 0x00, 0x00, 0x01, 0xC0, 0xF0, 0x3C, 0x0F, 0x0F, 0xFF, 0xFF, 0xFF, 0xC0, 0x00, 0x00, 0x07,
    0x03, 0xE0, 0xFC, 0x3F, 0x1F, 0xE7, 0x3B, 0xCE, 0xF3, 0xBF, 0xE7, 0xF8, 0xFC, 0x00, 0x00, 0x03,
    0x80, 0x0F, 0x00, 0x7C, 0x07, 0xF0, 0x7F, 0xC1, 0xFF, 0x0F, 0x3C, 0x3C, 0xF0, 0xFF, 0xC1, 0xFF,
    0x07, 0xFF, 0x87, 0xFF, 0x00, 0xF8, 0x00, 0x00, 0x08, 0x00, 0xE0, 0x0F, 0xC0, 0x7F, 0x03, 0xFC,
    0x3F, 0xF1, 0xCF, 0xCF, 0xFF, 0x7F, 0x7F, 0xFF, 0xFF, 0xFF, 0xFF, 0xE0, 0x08, 0x00, 0x07, 0x80,
    0x7F, 0x01, 0xFC, 0x0F, 0x70, 0x3D, 0xC1, 0xE7, 0x07, 0xFC, 0x3F, 0xFF, 0xFF, 0xFF, 0xFF, 0xF7,
    0x8E, 0x0F, 0xF8, 0x3F, 0xE0, 0x7F, 0x80, 0x78, 0x00, 0x0E, 0x0F, 0xC3, 0xF9, 0xFE, 0x73, 0xDC,
    0xF7, 0xFD, 0xFF, 0x3F, 0xC3, 0xE7, 0xFB, 0xFC, 0x7E, 0x1E, 0x00, 0x0E, 0x01, 0xF8, 0x0F, 0xE0,
    0xFF, 0x07, 0x3C, 0x39, 0xE1, 0xFF, 0xEF, 0xFF, 0x3F, 0xF8, 0x7C, 0x1F, 0xE1, 0xFE, 0x07, 0xE0,
    0x3C, 0x00, 0x00, 0x1F, 0x80, 0x1F, 0xC0, 0x1F, 0xC0, 0x1F, 0x20, 0x0E, 0x03, 0x87, 0x01, 0xC3,
    0xE1, 0xE1, 0xFC, 0xF0, 0x3F, 0x78, 0x07, 0xBC, 0x03, 0xCF, 0xDF, 0xE7, 0xFF, 0xE1, 0xFF, 0xE0,
    0x3F, 0xC0, 0x00, 0x00, 0x0E, 0x00, 0x01, 0xC0, 0xF8, 0x78, 0x1F, 0xEF, 0x03, 0xFF, 0xE0, 0x1F,
    0xBC, 0x03, 0xC3, 0xFB, 0xF8, 0x7F, 0xFE, 0x07, 0xFF, 0x80, 0x3F, 0xC0, 0x00, 0x00, 0x1F, 0x80,
    0x1F, 0xC0, 0x1F, 0xC0, 0x1F, 0x20, 0x0E, 0x03, 0x87, 0x01, 0xC3, 0xE1, 0xE1, 0xFC, 0xF0, 0x3F,
    0x78, 0x07, 0xBC, 0x03, 0xCF, 0xDF, 0xE7, 0xFF, 0xE1, 0xFF, 0xE0, 0x3F, 0xC0, 0x00, 0x00, 0x00,
    0x00, 0x07, 0x70, 0x03, 0xF8, 0x01, 0xDC, 0x00, 0x00, 0x00, 0x0E, 0x00, 0x01, 0xC0, 0xF8, 0x78,
    0x1F, 0xEF, 0x03, 0xFF, 0xE0, 0x1F, 0xBC, 0x03, 0xC3, 0xFB, 0xF8, 0x7F, 0xFE, 0x07, 0xFF, 0x80,
    0x3F, 0xC0, 0x00, 0x00, 0x00, 0x00, 0x00, 0x0F, 0xC0, 0x03, 0xFC, 0x00, 0x3F, 0x00, 0x3C, 0x78,
    0xF0, 0xE1, 0xE3, 0xC7, 0xFE, 0xFD, 0xF0, 0x00, 0x0E, 0xFF, 0xFB, 0x80, 0x00, 0x03, 0xC0, 0x70,
    0x0E, 0x03, 0xE1, 0xFF, 0xBF, 0xFF, 0xBE, 0x00, 0x00, 0x01, 0xF8, 0x7F, 0x87, 0xE0, 0x00, 0x00,
    0xFE, 0x31, 0xFD, 0xE0, 0x31, 0xC0, 0xC3, 0x83, 0xC7, 0x07, 0xCE, 0x07, 0xFC, 0x07, 0xF8, 0x03,
    0xF0, 0x03, 0xE0, 0x0F, 0xE0, 0x3F, 0xC0, 0xFB, 0x83, 0xFF, 0x07, 0xFE, 0x0F, 0xF8, 0x00, 0x00,
    0x7F, 0x00, 0xFF, 0x70, 0x0E, 0xF0, 0x00, 0xF0, 0x20, 0x70, 0x70, 0x70, 0x78, 0x70, 0x7C, 0x70,
    0x3E, 0x70, 0x1F, 0x70, 0x0F, 0xF0, 0x07, 0xF0, 0x03, 0xF8, 0x07, 0xF8, 0x7F, 0xFF, 0x7F, 0xFF,
    0x7F, 0x3F, 0x00, 0x00, 0x70, 0x07, 0x80, 0x3C, 0x01, 0xE0, 0xCF, 0x9E, 0x78, 0x70, 0xC3, 0x8F,
    0x1C, 0x7C, 0xE1, 0xFF, 0x07, 0xF8, 0x0F, 0xC0, 0x3E, 0x03, 0xF8, 0x3F, 0xC3, 0xEE, 0x3F, 0xF1,
    0xFF, 0x8F, 0xF8, 0x18, 0x00, 0x3C, 0x00, 0x38, 0x00, 0x3C, 0x00, 0x3E, 0x70, 0x3C, 0xF0, 0x00,
    0xF0, 0x20, 0x70, 0x70, 0x70, 0x78, 0x70, 0x7C, 0x70, 0x3E, 0x70, 0x1F, 0x70, 0x0F, 0xF0, 0x07,
    0xF0, 0x03, 0xF8, 0x07, 0xF8, 0x7F, 0xFF, 0x7F, 0xFF, 0x7F, 0x3F, 0x00, 0x00, 0x00, 0x60, 0x0F,
    0x00, 0x38, 0x61, 0xC7, 0x8E, 0x3E, 0x70, 0xFF, 0x83, 0xFC, 0x07, 0xE0, 0x1F, 0x01, 0xFC, 0x1F,
    0xE1, 0xF7, 0x1F, 0xF8, 0xFF, 0xC7, 0xFC, 0x0C, 0x00, 0xE0, 0x0F, 0x00, 0x7C, 0x03, 0xE0, 0x1E,
    0x00, 0x00, 0x00, 0x00, 0x70, 0x00, 0xF0, 0x00, 0xF0, 0x20, 0x70, 0x70, 0x70, 0x78, 0x70, 0x7C,
    0x70, 0x3E, 0x70, 0x1F, 0x70, 0x0F, 0xF0, 0x07, 0xF0, 0x03, 0xF8, 0x07, 0xF8, 0x7F, 0xFF, 0x7F,
    0xFF, 0x7F, 0x3F, 0x1C, 0x00, 0x1C, 0x00, 0x3C, 0x00, 0x3E, 0x00, 0x3E, 0x00, 0x3C, 0x00, 0x00,
    0x00, 0x00, 0x60, 0x0F, 0x00, 0x38, 0x61, 0xC7, 0x8E, 0x3E, 0x70, 0xFF, 0x83, 0xFC, 0x07, 0xE0,
    0x1F, 0x01, 0xFC, 0x1F, 0xE1, 0xF7, 0x1F, 0xF8, 0xFF, 0xC7, 0xFC, 0x00, 0x70, 0x00, 0xF0, 0x00,
    0xF0, 0x20, 0x70, 0x70, 0x70, 0x78, 0x70, 0x7C, 0x70, 0x3E, 0x70, 0x1F, 0x70, 0x0F, 0xF0, 0x07,
    0xF0, 0x03, 0xF8, 0x07, 0xF8, 0x7F, 0xFF, 0x7F, 0xFF, 0x7F, 0x3F, 0x00, 0x00,
};

static const EpdGlyph ubuntu_10_boldGlyphs[] = {
    { 0, 0, 0, 0, 0, 0, 0 }, // U+0000
    { 0, 0, 87, 0, 0, 0, 0 }, // U+000D
    { 0, 0, 200, 0, 0, 0, 0 }, // U+0020
    { 5, 15, 200, 4, 15, 10, 0 }, // !
    { 8, 7, 200, 2, 15, 7, 10 }, // "
    { 13, 15, 200, 0, 15, 25, 17 }, // #
    { 12, 19, 200, 0, 17, 29, 42 }, // $
    { 13, 15, 200, 0, 15, 25, 71 }, // %
    { 13, 15, 200, 0, 15, 25, 96 }, // &
    { 4, 7, 200, 4, 15, 4, 121 }, // '
    { 9, 18, 200, 3, 15, 21, 125 }, // (
    { 8, 18, 200, 1, 15, 18, 146 }, // )
    { 12, 11, 200, 0, 11, 17, 164 }, // *
    { 11, 10, 200, 1, 11, 14, 181 }, // +
    { 6, 7, 200, 3, 4, 6, 195 }, // ,
    { 8, 3, 200, 2, 8, 3, 201 }, // -
    { 5, 4, 200, 4, 4, 3, 204 }, // .
    { 10, 19, 200, 1, 15, 24, 207 }, // /
    { 12, 15, 200, 0, 15, 23, 231 }, // 0
    { 13, 15, 200, 0, 15, 25, 254 }, // 1
    { 12, 15, 200, 0, 15, 23, 279 }, // 2
    { 12, 15, 200, 0, 15, 23, 302 }, // 3
    { 12, 15, 200, 0, 15, 23, 325 }, // 4
    { 12, 15, 200, 0, 15, 23, 348 }, // 5
    { 12, 15, 200, 0, 15, 23, 371 }, // 6
    { 11, 15, 200, 1, 15, 21, 394 }, // 7
    { 12, 15, 200, 0, 15, 23, 415 }, // 8
    { 12, 15, 200, 0, 15, 23, 438 }, // 9
    { 5, 11, 200, 4, 11, 7, 461 }, // :
    { 6, 14, 200, 3, 11, 11, 468 }, // ;
    { 10, 13, 200, 1, 13, 17, 479 }, // <
    { 11, 8, 200, 1, 11, 11, 496 }, // =
    { 10, 13, 200, 1, 13, 17, 507 }, // >
    { 10, 15, 200, 1, 15, 19, 524 }, // ?
    { 12, 18, 200, 0, 15, 27, 543 }, // @
    { 13, 15, 200, 0, 15, 25, 570 }, // A
    { 11, 15, 200, 1, 15, 21, 595 }, // B
    { 12, 15, 200, 0, 15, 23, 616 }, // C
    { 11, 15, 200, 1, 15, 21, 639 }, // D
    { 10, 15, 200, 1, 15, 19, 660 }, // E
    { 11, 15, 200, 1, 15, 21, 679 }, // F
    { 12, 15, 200, 0, 15, 23, 700 }, // G
    { 11, 15, 200, 1, 15, 21, 723 }, // H
    { 10, 15, 200, 1, 15, 19, 744 }, // I
    { 11, 15, 200, 0, 15, 21, 763 }, // J
    { 12, 15, 200, 1, 15, 23, 784 }, // K
    { 11, 15, 200, 1, 15, 21, 807 }, // L
    { 12, 15, 200, 0, 15, 23, 828 }, // M
    { 11, 15, 200, 1, 15, 21, 851 }, // N
    { 12, 15, 200, 0, 15, 23, 872 }, // O
    { 11, 15, 200, 1, 15, 21, 895 }, // P
    { 14, 16, 200, 0, 15, 28, 916 }, // Q
    { 11, 15, 200, 1, 15, 21, 944 }, // R
    { 12, 15, 200, 0, 15, 23, 965 }, // S
    { 12, 15, 200, 0, 15, 23, 988 }, // T
    { 11, 15, 200, 1, 15, 21, 1011 }, // U
    { 13, 15, 200, 0, 15, 25, 1032 }, // V
    { 13, 15, 200, 0, 15, 25, 1057 }, // W
    { 13, 15, 200, 0, 15, 25, 1082 }, // X
    { 13, 15, 200, 0, 15, 25, 1107 }, // Y
    { 11, 15, 200, 1, 15, 21, 1132 }, // Z
    { 8, 19, 200, 3, 15, 19, 1153 }, // [
    { 10, 19, 200, 1, 15, 24, 1172 }, // <backslash>
    { 8, 19, 200, 1, 15, 19, 1196 }, // ]
    { 12, 10, 200, 0, 15, 15, 1215 }, // ^
    { 11, 3, 200, 1, -1, 5, 1230 }, // _
    { 5, 6, 200, 3, 17, 4, 1235 }, // `
    { 11, 11, 200, 1, 11, 16, 1239 }, // a
    { 11, 15, 200, 1, 15, 21, 1255 }, // b
    { 11, 11, 200, 1, 11, 16, 1276 }, // c
    { 12, 15, 200, 0, 15, 23, 1292 }, // d
    { 11, 11, 200, 1, 11, 16, 1315 }, // e
    { 11, 15, 200, 1, 15, 21, 1331 }, // f
    { 12, 15, 200, 0, 11, 23, 1352 }, // g
    { 11, 15, 200, 1, 15, 21, 1375 }, // h
    { 11, 15, 200, 1, 15, 21, 1396 }, // i
    { 9, 19, 206, 1, 15, 22, 1417 }, // j
    { 12, 15, 200, 1, 15, 23, 1439 }, // k
    { 11, 15, 200, 1, 15, 21, 1462 }, // l
    { 12, 11, 200, 0, 11, 17, 1483 }, // m
    { 11, 11, 200, 1, 11, 16, 1500 }, // n
    { 12, 11, 200, 0, 11, 17, 1516 }, // o
    { 11, 15, 200, 1, 11, 21, 1533 }, // p
    { 12, 15, 200, 0, 11, 23, 1554 }, // q
    { 11, 11, 200, 1, 11, 16, 1577 }, // r
    { 11, 11, 200, 1, 11, 16, 1593 }, // s
    { 12, 15, 200, 0, 15, 23, 1609 }, // t
    { 11, 11, 200, 1, 11, 16, 1632 }, // u
    { 12, 11, 200, 0, 11, 17, 1648 }, // v
    { 13, 11, 200, 0, 11, 18, 1665 }, // w
    { 13, 11, 200, 0, 11, 18, 1683 }, // x
    { 13, 15, 200, 0, 11, 25, 1701 }, // y
    { 11, 11, 200, 1, 11, 16, 1726 }, // z
    { 10, 19, 200, 1, 15, 24, 1742 }, // {
    { 4, 18, 200, 4, 15, 9, 1766 }, // |
    { 10, 19, 200, 1, 15, 24, 1775 }, // }
    { 12, 4, 200, 0, 8, 6, 1799 }, // ~
    { 0, 0, 200, 0, 0, 0, 1805 }, // U+00A0
    { 5, 15, 200, 4, 11, 10, 1805 }, // U+00A1
    { 11, 16, 200, 1, 14, 22, 1815 }, // U+00A2
    { 12, 15, 200, 0, 15, 23, 1837 }, // U+00A3
    { 13, 15, 200, 0, 15, 25, 1860 }, // U+00A5
    { 4, 18, 200, 4, 15, 9, 1885 }, // U+00A6
    { 11, 19, 200, 1, 15, 27, 1894 }, // U+00A7
    { 9, 3, 200, 2, 15, 4, 1921 }, // U+00A8
    { 13, 14, 200, 0, 14, 23, 1925 }, // U+00A9
    { 9, 8, 200, 2, 15, 9, 1948 }, // U+00AA
    { 11, 11, 200, 1, 11, 16, 1957 }, // U+00AB
    { 10, 7, 200, 1, 8, 9, 1973 }, // U+00AC
    { 8, 3, 200, 2, 8, 3, 1982 }, // U+00AD
    { 9, 8, 200, 2, 15, 9, 1985 }, // U+00AE
    { 7, 3, 200, 3, 16, 3, 1994 }, // U+00AF
    { 9, 8, 200, 2, 15, 9, 1997 }, // U+00B0
    { 11, 13, 200, 1, 13, 18, 2006 }, // U+00B1
    { 7, 8, 200, 3, 15, 7, 2024 }, // U+00B2
    { 8, 8, 200, 2, 15, 8, 2031 }, // U+00B3
    { 6, 7, 200, 4, 18, 6, 2039 }, // U+00B4
    { 11, 15, 200, 1, 11, 21, 2045 }, // U+00B5
    { 12, 18, 200, 0, 15, 27, 2066 }, // U+00B6
    { 5, 4, 200, 4, 8, 3, 2093 }, // U+00B7
    { 7, 6, 200, 3, 1, 6, 2096 }, // U+00B8
    { 7, 8, 200, 3, 15, 7, 2102 }, // U+00B9
    { 9, 8, 200, 2, 15, 9, 2109 }, // U+00BA
    { 11, 11, 200, 1, 11, 16, 2118 }, // U+00BB
    { 13, 15, 200, 0, 15, 25, 2134 }, // U+00BC
    { 13, 15, 200, 0, 15, 25, 2159 }, // U+00BD
    { 13, 15, 200, 0, 15, 25, 2184 }, // U+00BE
    { 11, 15, 200, 1, 11, 21, 2209 }, // U+00BF
    { 13, 21, 200, 0, 21, 35, 2230 }, // U+00C0
    { 13, 21, 200, 0, 21, 35, 2265 }, // U+00C1
    { 13, 20, 200, 0, 20, 33, 2300 }, // U+00C2
    { 13, 19, 200, 0, 19, 31, 2333 }, // U+00C3
    { 13, 19, 200, 0, 19, 31, 2364 }, // U+00C4
    { 13, 21, 200, 0, 21, 35, 2395 }, // U+00C5
    { 13, 15, 200, -1, 15, 25, 2430 }, // U+00C6
    { 12, 19, 200, 0, 15, 29, 2455 }, // U+00C7
    { 10, 21, 200, 1, 21, 27, 2484 }, // U+00C8
    { 10, 21, 200, 1, 21, 27, 2511 }, // U+00C9
    { 10, 20, 200, 1, 20, 25, 2538 }, // U+00CA
    { 10, 19, 200, 1, 19, 24, 2563 }, // U+00CB
    { 10, 21, 200, 1, 21, 27, 2587 }, // U+00CC
    { 10, 21, 200, 1, 21, 27, 2614 }, // U+00CD
    { 10, 20, 200, 1, 20, 25, 2641 }, // U+00CE
    { 10, 19, 200, 1, 19, 24, 2666 }, // U+00CF
    { 12, 15, 200, 0, 15, 23, 2690 }, // U+00D0
    { 11, 19, 200, 1, 19, 27, 2713 }, // U+00D1
    { 12, 21, 200, 0, 21, 32, 2740 }, // U+00D2
    { 12, 21, 200, 0, 21, 32, 2772 }, // U+00D3
    { 12, 20, 200, 0, 20, 30, 2804 }, // U+00D4
    { 12, 19, 200, 0, 19, 29, 2834 }, // U+00D5
    { 12, 19, 200, 0, 19, 29, 2863 }, // U+00D6
    { 11, 11, 200, 1, 12, 16, 2892 }, // U+00D7
    { 13, 19, 200, 0, 17, 31, 2908 }, // U+00D8
    { 11, 21, 200, 1, 21, 29, 2939 }, // U+00D9
    { 11, 21, 200, 1, 21, 29, 2968 }, // U+00DA
    { 11, 20, 200, 1, 20, 28, 2997 }, // U+00DB
    { 11, 19, 200, 1, 19, 27, 3025 }, // U+00DC
    { 13, 21, 200, 0, 21, 35, 3052 }, // U+00DD
    { 11, 15, 200, 1, 15, 21, 3087 }, // U+00DE
    { 13, 15, 200, 0, 15, 25, 3108 }, // U+00DF
    { 11, 17, 200, 1, 17, 24, 3133 }, // U+00E0
    { 11, 18, 200, 1, 18, 25, 3157 }, // U+00E1
    { 11, 16, 200, 1, 16, 22, 3182 }, // U+00E2
    { 11, 15, 200, 1, 15, 21, 3204 }, // U+00E3
    { 11, 15, 200, 1, 15, 21, 3225 }, // U+00E4
    { 11, 17, 200, 1, 17, 24, 3246 }, // U+00E5
    { 13, 11, 200, 0, 11, 18, 3270 }, // U+00E6
    { 11, 15, 200, 1, 11, 21, 3288 }, // U+00E7
    { 11, 17, 200, 1, 17, 24, 3309 }, // U+00E8
    { 11, 18, 200, 1, 18, 25, 3333 }, // U+00E9
    { 11, 16, 200, 1, 16, 22, 3358 }, // U+00EA
    { 11, 15, 200, 1, 15, 21, 3380 }, // U+00EB
    { 11, 17, 200, 1, 17, 24, 3401 }, // U+00EC
    { 11, 18, 200, 1, 18, 25, 3425 }, // U+00ED
    { 11, 16, 200, 1, 16, 22, 3450 }, // U+00EE
    { 11, 15, 200, 1, 15, 21, 3472 }, // U+00EF
    { 12, 16, 200, 0, 16, 24, 3493 }, // U+00F0
    { 11, 15, 200, 1, 15, 21, 3517 }, // U+00F1
    { 12, 17, 200, 0, 17, 26, 3538 }, // U+00F2
    { 12, 18, 200, 0, 18, 27, 3564 }, // U+00F3
    { 12, 16, 200, 0, 16, 24, 3591 }, // U+00F4
    { 12, 15, 200, 0, 15, 23, 3615 }, // U+00F5
    { 12, 15, 200, 0, 15, 23, 3638 }, // U+00F6
    { 11, 11, 200, 1, 12, 16, 3661 }, // U+00F7
    { 13, 13, 200, 0, 12, 22, 3677 }, // U+00F8
    { 11, 17, 200, 1, 17, 24, 3699 }, // U+00F9
    { 11, 18, 200, 1, 18, 25, 3723 }, // U+00FA
    { 11, 16, 200, 1, 16, 22, 3748 }, // U+00FB
    { 11, 15, 200, 1, 15, 21, 3770 }, // U+00FC
    { 13, 22, 200, 0, 18, 36, 3791 }, // U+00FD
    { 11, 19, 200, 1, 15, 27, 3827 }, // U+00FE
    { 13, 19, 200, 0, 15, 31, 3854 }, // U+00FF
    { 13, 19, 200, 0, 19, 31, 3885 }, // U+0100
    { 11, 16, 200, 1, 16, 22, 3916 }, // U+0101
    { 13, 20, 200, 0, 20, 33, 3938 }, // U+0102
    { 11, 17, 200, 1, 17, 24, 3971 }, // U+0103
    { 14, 19, 200, 0, 15, 34, 3995 }, // U+0104
    { 12, 15, 200, 1, 11, 23, 4029 }, // U+0105
    { 12, 21, 200, 0, 21, 32, 4052 }, // U+0106
    { 11, 18, 200, 1, 18, 25, 4084 }, // U+0107
    { 12, 20, 200, 0, 20, 30, 4109 }, // U+0108
    { 11, 16, 200, 1, 16, 22, 4139 }, // U+0109
    { 12, 19, 200, 0, 19, 29, 4161 }, // U+010A
    { 11, 15, 200, 1, 15, 21, 4190 }, // U+010B
    { 12, 21, 200, 0, 21, 32, 4211 }, // U+010C
    { 11, 17, 200, 1, 17, 24, 4243 }, // U+010D
    { 11, 21, 200, 1, 21, 29, 4267 }, // U+010E
    { 14, 15, 200, 0, 15, 27, 4296 }, // U+010F
    { 12, 15, 200, 0, 15, 23, 4323 }, // U+0110
    { 13, 15, 200, 0, 15, 25, 4346 }, // U+0111
    { 10, 19, 200, 1, 19, 24, 4371 }, // U+0112
    { 11, 16, 200, 1, 16, 22, 4395 }, // U+0113
    { 10, 20, 200, 1, 20, 25, 4417 }, // U+0114
    { 11, 17, 200, 1, 17, 24, 4442 }, // U+0115
    { 10, 19, 200, 1, 19, 24, 4466 }, // U+0116
    { 11, 15, 200, 1, 15, 21, 4490 }, // U+0117
    { 11, 19, 200, 1, 15, 27, 4511 }, // U+0118
    { 11, 15, 200, 1, 11, 21, 4538 }, // U+0119
    { 10, 21, 200, 1, 21, 27, 4559 }, // U+011A
    { 11, 17, 200, 1, 17, 24, 4586 }, // U+011B
    { 12, 20, 200, 0, 20, 30, 4610 }, // U+011C
    { 12, 20, 200, 0, 16, 30, 4640 }, // U+011D
    { 12, 20, 200, 0, 20, 30, 4670 }, // U+011E
    { 12, 21, 200, 0, 17, 32, 4700 }, // U+011F
    { 12, 19, 200, 0, 19, 29, 4732 }, // U+0120
    { 12, 19, 200, 0, 15, 29, 4761 }, // U+0121
    { 12, 21, 200, 0, 15, 32, 4790 }, // U+0122
    { 12, 20, 200, 0, 16, 30, 4822 }, // U+0123
    { 11, 20, 200, 1, 20, 28, 4852 }, // U+0124
    { 14, 20, 200, -2, 20, 35, 4880 }, // U+0125
    { 13, 15, 200, 0, 15, 25, 4915 }, // U+0126
    { 12, 15, 200, 0, 15, 23, 4940 }, // U+0127
    { 10, 19, 200, 1, 19, 24, 4963 }, // U+0128
    { 11, 15, 200, 1, 15, 21, 4987 }, // U+0129
    { 10, 19, 200, 1, 19, 24, 5008 }, // U+012A
    { 11, 16, 200, 1, 16, 22, 5032 }, // U+012B
    { 10, 20, 200, 1, 20, 25, 5054 }, // U+012C
    { 11, 17, 200, 1, 17, 24, 5079 }, // U+012D
    { 11, 19, 200, 1, 15, 27, 5103 }, // U+012E
    { 12, 19, 200, 1, 15, 29, 5130 }, // U+012F
    { 10, 19, 200, 1, 19, 24, 5159 }, // U+0130
    { 11, 11, 200, 1, 11, 16, 5183 }, // U+0131
    { 10, 15, 200, 1, 15, 19, 5199 }, // U+0132
    { 11, 19, 200, 1, 15, 27, 5218 }, // U+0133
    { 11, 20, 200, 0, 20, 28, 5245 }, // U+0134
    { 11, 20, 200, 1, 16, 28, 5273 }, // U+0135
    { 12, 21, 200, 1, 15, 32, 5301 }, // U+0136
    { 12, 21, 200, 1, 15, 32, 5333 }, // U+0137
    { 12, 11, 200, 1, 11, 17, 5365 }, // U+0138
    { 11, 21, 200, 1, 21, 29, 5382 }, // U+0139
    { 11, 22, 200, 1, 22, 31, 5411 }, // U+013A
    { 11, 21, 200, 1, 15, 29, 5442 }, // U+013B
    { 11, 21, 200, 1, 15, 29, 5471 }, // U+013C
    { 11, 15, 200, 1, 15, 21, 5500 }, // U+013D
    { 12, 15, 200, 1, 15, 23, 5521 }, // U+013E
    { 11, 15, 200, 1, 15, 21, 5544 }, // U+013F
    { 12, 15, 200, 1, 15, 23, 5565 }, // U+0140
    { 12, 15, 200, 0, 15, 23, 5588 }, // U+0141
    { 11, 15, 200, 1, 15, 21, 5611 }, // U+0142
    { 11, 21, 200, 1, 21, 29, 5632 }, // U+0143
    { 11, 18, 200, 1, 18, 25, 5661 }, // U+0144
    { 11, 21, 200, 1, 15, 29, 5686 }, // U+0145
    { 11, 17, 200, 1, 11, 24, 5715 }, // U+0146
    { 11, 21, 200, 1, 21, 29, 5739 }, // U+0147
    { 11, 17, 200, 1, 17, 24, 5768 }, // U+0148
    { 12, 15, 200, 0, 15, 23, 5792 }, // U+0149
    { 11, 19, 200, 1, 15, 27, 5815 }, // U+014A
    { 11, 15, 200, 1, 11, 21, 5842 }, // U+014B
    { 12, 19, 200, 0, 19, 29, 5863 }, // U+014C
    { 12, 16, 200, 0, 16, 24, 5892 }, // U+014D
    { 12, 20, 200, 0, 20, 30, 5916 }, // U+014E
    { 12, 17, 200, 0, 17, 26, 5946 }, // U+014F
    { 12, 21, 200, 0, 21, 32, 5972 }, // U+0150
    { 12, 17, 200, 0, 17, 26, 6004 }, // U+0151
    { 13, 15, 200, 0, 15, 25, 6030 }, // U+0152
    { 13, 11, 200, 0, 11, 18, 6055 }, // U+0153
    { 11, 21, 200, 1, 21, 29, 6073 }, // U+0154
    { 11, 18, 200, 1, 18, 25, 6102 }, // U+0155
    { 11, 21, 200, 1, 15, 29, 6127 }, // U+0156
    { 11, 17, 200, 1, 11, 24, 6156 }, // U+0157
    { 11, 21, 200, 1, 21, 29, 6180 }, // U+0158
    { 11, 17, 200, 1, 17, 24, 6209 }, // U+0159
    { 12, 21, 200, 0, 21, 32, 6233 }, // U+015A
    { 11, 18, 200, 1, 18, 25, 6265 }, // U+015B
    { 12, 20, 200, 0, 20, 30, 6290 }, // U+015C
    { 11, 16, 200, 1, 16, 22, 6320 }, // U+015D
    { 12, 19, 200, 0, 15, 29, 6342 }, // U+015E
    { 11, 15, 200, 1, 11, 21, 6371 }, // U+015F
    { 12, 21, 200, 0, 21, 32, 6392 }, // U+0160
    { 11, 17, 200, 1, 17, 24, 6424 }, // U+0161
    { 12, 21, 200, 0, 15, 32, 6448 }, // U+0162
    { 12, 21, 200, 0, 15, 32, 6480 }, // U+0163
    { 12, 21, 200, 0, 21, 32, 6512 }, // U+0164
    { 12, 16, 200, 0, 16, 24, 6544 }, // U+0165
    { 12, 15, 200, 0, 15, 23, 6568 }, // U+0166
    { 12, 15, 200, 0, 15, 23, 6591 }, // U+0167
    { 11, 19, 200, 1, 19, 27, 6614 }, // U+0168
    { 11, 15, 200, 1, 15, 21, 6641 }, // U+0169
    { 11, 19, 200, 1, 19, 27, 6662 }, // U+016A
    { 11, 16, 200, 1, 16, 22, 6689 }, // U+016B
    { 11, 20, 200, 1, 20, 28, 6711 }, // U+016C
    { 11, 17, 200, 1, 17, 24, 6739 }, // U+016D
    { 11, 21, 200, 1, 21, 29, 6763 }, // U+016E
    { 11, 17, 200, 1, 17, 24, 6792 }, // U+016F
    { 11, 21, 200, 1, 21, 29, 6816 }, // U+0170
    { 11, 17, 200, 1, 17, 24, 6845 }, // U+0171
    { 11, 19, 200, 1, 15, 27, 6869 }, // U+0172
    { 11, 15, 200, 1, 11, 21, 6896 }, // U+0173
    { 13, 20, 200, 0, 20, 33, 6917 }, // U+0174
    { 13, 16, 200, 0, 16, 26, 6950 }, // U+0175
    { 13, 20, 200, 0, 20, 33, 6976 }, // U+0176
    { 13, 20, 200, 0, 16, 33, 7009 }, // U+0177
    { 13, 19, 200, 0, 19, 31, 7042 }, // U+0178
    { 11, 21, 200, 1, 21, 29, 7073 }, // U+0179
    { 11, 18, 200, 1, 18, 25, 7102 }, // U+017A
    { 11, 19, 200, 1, 19, 27, 7127 }, // U+017B
    { 11, 15, 200, 1, 15, 21, 7154 }, // U+017C
    { 11, 21, 200, 1, 21, 29, 7175 }, // U+017D
    { 11, 17, 200, 1, 17, 24, 7204 }, // U+017E
    { 13, 17, 200, 0, 17, 28, 7228 }, // U+01A0
    { 13, 14, 200, 0, 14, 23, 7256 }, // U+01A1
    { 12, 17, 200, 1, 17, 26, 7279 }, // U+01AF
    { 12, 14, 200, 1, 14, 21, 7305 }, // U+01B0
    { 13, 24, 200, 0, 24, 39, 7326 }, // U+01FA
    { 11, 21, 200, 1, 21, 29, 7365 }, // U+01FB
    { 13, 21, 200, -1, 21, 35, 7394 }, // U+01FC
    { 13, 18, 200, 0, 18, 30, 7429 }, // U+01FD
    { 13, 23, 200, 0, 21, 38, 7459 }, // U+01FE
    { 13, 19, 200, 0, 18, 31, 7497 }, // U+01FF
    { 12, 21, 200, 0, 15, 32, 7528 }, // U+0218
    { 11, 17, 200, 1, 11, 24, 7560 }, // U+0219
    { 12, 21, 200, 0, 15, 32, 7584 }, // U+021A
    { 12, 21, 200, 0, 15, 32, 7616 }, // U+021B
    { 6, 6, 0, -4, 17, 5, 7648 }, // U+0300
    { 6, 7, 0, -2, 18, 6, 7653 }, // U+0301
    { 10, 5, 0, -5, 16, 7, 7659 }, // U+0302
    { 8, 3, 0, -4, 15, 3, 7666 }, // U+0303
    { 8, 3, 0, -4, 16, 3, 7669 }, // U+0304
    { 10, 5, 0, -5, 17, 7, 7672 }, // U+0306
    { 4, 3, 0, -2, 15, 2, 7679 }, // U+0307
    { 8, 3, 0, -4, 15, 3, 7681 }, // U+0308
    { 6, 6, 0, -3, 17, 5, 7684 }, // U+0309
    { 8, 6, 0, -4, 17, 6, 7689 }, // U+030A
    { 10, 6, 0, -4, 17, 8, 7695 }, // U+030B
    { 10, 5, 0, -5, 17, 7, 7703 }, // U+030C
    { 4, 4, 0, -2, 16, 2, 7710 }, // U+0312
    { 4, 4, 0, 0, 15, 2, 7712 }, // U+0315
    { 6, 5, 0, -3, 14, 4, 7714 }, // U+031B
    { 4, 3, 0, -2, -1, 2, 7718 }, // U+0323
    { 4, 4, 0, -2, -2, 2, 7720 }, // U+0326
    { 7, 6, 0, -3, 1, 6, 7722 }, // U+0327
    { 6, 6, 0, -5, 2, 5, 7728 }, // U+0328
    { 0, 0, 0, 0, 0, 0, 7733 }, // U+034F
    { 10, 21, 200, 1, 21, 27, 7733 }, // U+0400
    { 10, 19, 200, 1, 19, 24, 7760 }, // U+0401
    { 13, 19, 200, 0, 15, 31, 7784 }, // U+0402
    { 9, 21, 200, 2, 21, 24, 7815 }, // U+0403
    { 12, 15, 200, 0, 15, 23, 7839 }, // U+0404
    { 12, 15, 200, 0, 15, 23, 7862 }, // U+0405
    { 10, 15, 200, 1, 15, 19, 7885 }, // U+0406
    { 10, 19, 200, 1, 19, 24, 7904 }, // U+0407
    { 11, 15, 200, 0, 15, 21, 7928 }, // U+0408
    { 14, 15, 200, -1, 15, 27, 7949 }, // U+0409
    { 13, 15, 200, 0, 15, 25, 7976 }, // U+040A
    { 13, 15, 200, 0, 15, 25, 8001 }, // U+040B
    { 11, 21, 200, 1, 21, 29, 8026 }, // U+040C
    { 11, 21, 200, 1, 21, 29, 8055 }, // U+040D
    { 13, 20, 200, 0, 20, 33, 8084 }, // U+040E
    { 11, 18, 200, 1, 15, 25, 8117 }, // U+040F
    { 13, 15, 200, 0, 15, 25, 8142 }, // U+0410
    { 11, 15, 200, 1, 15, 21, 8167 }, // U+0411
    { 11, 15, 200, 1, 15, 21, 8188 }, // U+0412
    { 9, 15, 200, 2, 15, 17, 8209 }, // U+0413
    { 13, 19, 200, 0, 15, 31, 8226 }, // U+0414
    { 10, 15, 200, 1, 15, 19, 8257 }, // U+0415
    { 13, 15, 200, 0, 15, 25, 8276 }, // U+0416
    { 12, 15, 200, 0, 15, 23, 8301 }, // U+0417
    { 11, 15, 200, 1, 15, 21, 8324 }, // U+0418
    { 11, 20, 200, 1, 20, 28, 8345 }, // U+0419
    { 11, 15, 200, 1, 15, 21, 8373 }, // U+041A
    { 12, 15, 200, 0, 15, 23, 8394 }, // U+041B
    { 12, 15, 200, 0, 15, 23, 8417 }, // U+041C
    { 11, 15, 200, 1, 15, 21, 8440 }, // U+041D
    { 12, 15, 200, 0, 15, 23, 8461 }, // U+041E
    { 11, 15, 200, 1, 15, 21, 8484 }, // U+041F
    { 11, 15, 200, 1, 15, 21, 8505 }, // U+0420
    { 12, 15, 200, 0, 15, 23, 8526 }, // U+0421
    { 12, 15, 200, 0, 15, 23, 8549 }, // U+0422
    { 13, 15, 200, 0, 15, 25, 8572 }, // U+0423
    { 12, 16, 200, 0, 15, 24, 8597 }, // U+0424
    { 13, 15, 200, 0, 15, 25, 8621 }, // U+0425
    { 13, 19, 200, 0, 15, 31, 8646 }, // U+0426
    { 12, 15, 200, 0, 15, 23, 8677 }, // U+0427
    { 12, 15, 200, 0, 15, 23, 8700 }, // U+0428
    { 13, 18, 200, 0, 15, 30, 8723 }, // U+0429
    { 13, 15, 200, 0, 15, 25, 8753 }, // U+042A
    { 12, 15, 200, 0, 15, 23, 8778 }, // U+042B
    { 11, 15, 200, 1, 15, 21, 8801 }, // U+042C
    { 12, 15, 200, 0, 15, 23, 8822 }, // U+042D
    { 12, 15, 200, 0, 15, 23, 8845 }, // U+042E
    { 12, 15, 200, 0, 15, 23, 8868 }, // U+042F
    { 11, 11, 200, 1, 11, 16, 8891 }, // U+0430
    { 11, 16, 200, 1, 16, 22, 8907 }, // U+0431
    { 11, 11, 200, 1, 11, 16, 8929 }, // U+0432
    { 9, 11, 200, 2, 11, 13, 8945 }, // U+0433
    { 13, 14, 200, 0, 11, 23, 8958 }, // U+0434
    { 11, 11, 200, 1, 11, 16, 8981 }, // U+0435
    { 13, 11, 200, 0, 11, 18, 8997 }, // U+0436
    { 11, 11, 200, 1, 11, 16, 9015 }, // U+0437
    { 11, 11, 200, 1, 11, 16, 9031 }, // U+0438
    { 11, 17, 200, 1, 17, 24, 9047 }, // U+0439
    { 11, 11, 200, 1, 11, 16, 9071 }, // U+043A
    { 12, 11, 200, 0, 11, 17, 9087 }, // U+043B
    { 11, 11, 200, 1, 11, 16, 9104 }, // U+043C
    { 11, 11, 200, 1, 11, 16, 9120 }, // U+043D
    { 12, 11, 200, 0, 11, 17, 9136 }, // U+043E
    { 11, 11, 200, 1, 11, 16, 9153 }, // U+043F
    { 11, 15, 200, 1, 11, 21, 9169 }, // U+0440
    { 11, 11, 200, 1, 11, 16, 9190 }, // U+0441
    { 11, 11, 200, 1, 11, 16, 9206 }, // U+0442
    { 13, 15, 200, 0, 11, 25, 9222 }, // U+0443
    { 12, 19, 200, 0, 15, 29, 9247 }, // U+0444
    { 13, 11, 200, 0, 11, 18, 9276 }, // U+0445
    { 12, 14, 200, 1, 11, 21, 9294 }, // U+0446
    { 10, 11, 200, 1, 11, 14, 9315 }, // U+0447
    { 12, 11, 200, 0, 11, 17, 9329 }, // U+0448
    { 13, 14, 200, 0, 11, 23, 9346 }, // U+0449
    { 12, 11, 200, 0, 11, 17, 9369 }, // U+044A
    { 12, 11, 200, 0, 11, 17, 9386 }, // U+044B
    { 11, 11, 200, 1, 11, 16, 9403 }, // U+044C
    { 11, 11, 200, 1, 11, 16, 9419 }, // U+044D
    { 12, 11, 200, 0, 11, 17, 9435 }, // U+044E
    { 11, 11, 200, 0, 11, 16, 9452 }, // U+044F
    { 11, 17, 200, 1, 17, 24, 9468 }, // U+0450
    { 11, 15, 200, 1, 15, 21, 9492 }, // U+0451
    { 12, 19, 200, 0, 15, 29, 9513 }, // U+0452
    { 9, 18, 200, 2, 18, 21, 9542 }, // U+0453
    { 11, 11, 200, 1, 11, 16, 9563 }, // U+0454
    { 11, 11, 200, 1, 11, 16, 9579 }, // U+0455
    { 11, 15, 200, 1, 15, 21, 9595 }, // U+0456
    { 11, 15, 200, 1, 15, 21, 9616 }, // U+0457
    { 9, 19, 206, 1, 15, 22, 9637 }, // U+0458
    { 13, 11, 200, 0, 11, 18, 9659 }, // U+0459
    { 13, 11, 200, 0, 11, 18, 9677 }, // U+045A
    { 12, 15, 200, 0, 15, 23, 9695 }, // U+045B
    { 11, 18, 200, 1, 18, 25, 9718 }, // U+045C
    { 11, 17, 200, 1, 17, 24, 9743 }, // U+045D
    { 13, 21, 200, 0, 17, 35, 9767 }, // U+045E
    { 11, 14, 200, 1, 11, 20, 9802 }, // U+045F
    { 12, 15, 200, 0, 15, 23, 9822 }, // U+0472
    { 12, 11, 200, 0, 11, 17, 9845 }, // U+0473
    { 9, 18, 200, 2, 18, 21, 9862 }, // U+0490
    { 9, 14, 200, 2, 14, 16, 9883 }, // U+0491
    { 12, 15, 200, 0, 15, 23, 9899 }, // U+0492
    { 11, 11, 200, 1, 11, 16, 9922 }, // U+0493
    { 11, 19, 200, 1, 15, 27, 9938 }, // U+0494
    { 11, 15, 200, 1, 11, 21, 9965 }, // U+0495
    { 14, 18, 200, -1, 15, 32, 9986 }, // U+0496
    { 13, 14, 200, 0, 11, 23, 10018 }, // U+0497
    { 12, 17, 200, 0, 15, 26, 10041 }, // U+0498
    { 11, 14, 200, 1, 11, 20, 10067 }, // U+0499
    { 12, 18, 200, 1, 15, 27, 10087 }, // U+049A
    { 11, 14, 200, 1, 11, 20, 10114 }, // U+049B
    { 13, 15, 200, 0, 15, 25, 10134 }, // U+049C
    { 13, 11, 200, 0, 11, 18, 10159 }, // U+049D
    { 13, 15, 200, 0, 15, 25, 10177 }, // U+04A0
    { 13, 11, 200, 0, 11, 18, 10202 }, // U+04A1
    { 13, 18, 200, 0, 15, 30, 10220 }, // U+04A2
    { 12, 14, 200, 1, 11, 21, 10250 }, // U+04A3
    { 13, 15, 200, 0, 15, 25, 10271 }, // U+04A4
    { 13, 11, 200, 0, 11, 18, 10296 }, // U+04A5
    { 12, 17, 200, 0, 15, 26, 10314 }, // U+04AA
    { 11, 14, 200, 1, 11, 20, 10340 }, // U+04AB
    { 13, 15, 200, 0, 15, 25, 10360 }, // U+04AE
    { 12, 15, 200, 0, 11, 23, 10385 }, // U+04AF
    { 13, 15, 200, 0, 15, 25, 10408 }, // U+04B0
    { 12, 15, 200, 0, 11, 23, 10433 }, // U+04B1
    { 13, 18, 200, 0, 15, 30, 10456 }, // U+04B2
    { 12, 14, 200, 0, 11, 21, 10486 }, // U+04B3
    { 13, 18, 200, 0, 15, 30, 10507 }, // U+04B6
    { 12, 14, 200, 1, 11, 21, 10537 }, // U+04B7
    { 12, 15, 200, 0, 15, 23, 10558 }, // U+04B8
    { 11, 11, 200, 1, 11, 16, 10581 }, // U+04B9
    { 11, 15, 200, 1, 15, 21, 10597 }, // U+04BA
    { 11, 15, 200, 1, 15, 21, 10618 }, // U+04BB
    { 10, 15, 200, 1, 15, 19, 10639 }, // U+04C0
    { 13, 20, 200, 0, 20, 33, 10658 }, // U+04C1
    { 13, 17, 200, 0, 17, 28, 10691 }, // U+04C2
    { 11, 16, 200, 1, 16, 22, 10719 }, // U+04CF
    { 13, 20, 200, 0, 20, 33, 10741 }, // U+04D0
    { 11, 17, 200, 1, 17, 24, 10774 }, // U+04D1
    { 13, 19, 200, 0, 19, 31, 10798 }, // U+04D2
    { 11, 15, 200, 1, 15, 21, 10829 }, // U+04D3
    { 13, 15, 200, -1, 15, 25, 10850 }, // U+04D4
    { 13, 11, 200, 0, 11, 18, 10875 }, // U+04D5
    { 10, 20, 200, 1, 20, 25, 10893 }, // U+04D6
    { 11, 17, 200, 1, 17, 24, 10918 }, // U+04D7
    { 12, 15, 200, 0, 15, 23, 10942 }, // U+04D8
    { 11, 11, 200, 1, 11, 16, 10965 }, // U+04D9
    { 13, 19, 200, 0, 19, 31, 10981 }, // U+04DC
    { 13, 15, 200, 0, 15, 25, 11012 }, // U+04DD
    { 12, 19, 200, 0, 19, 29, 11037 }, // U+04DE
    { 11, 15, 200, 1, 15, 21, 11066 }, // U+04DF
    { 11, 19, 200, 1, 19, 27, 11087 }, // U+04E2
    { 11, 16, 200, 1, 16, 22, 11114 }, // U+04E3
    { 11, 19, 200, 1, 19, 27, 11136 }, // U+04E4
    { 11, 15, 200, 1, 15, 21, 11163 }, // U+04E5
    { 12, 19, 200, 0, 19, 29, 11184 }, // U+04E6
    { 12, 15, 200, 0, 15, 23, 11213 }, // U+04E7
    { 12, 15, 200, 0, 15, 23, 11236 }, // U+04E8
    { 12, 11, 200, 0, 11, 17, 11259 }, // U+04E9
    { 13, 19, 200, 0, 19, 31, 11276 }, // U+04EE
    { 13, 20, 200, 0, 16, 33, 11307 }, // U+04EF
    { 13, 19, 200, 0, 19, 31, 11340 }, // U+04F0
    { 13, 19, 200, 0, 15, 31, 11371 }, // U+04F1
    { 13, 21, 200, 0, 21, 35, 11402 }, // U+04F2
    { 13, 21, 200, 0, 17, 35, 11437 }, // U+04F3
    { 12, 19, 200, 0, 19, 29, 11472 }, // U+04F4
    { 10, 15, 200, 1, 15, 19, 11501 }, // U+04F5
    { 12, 19, 200, 0, 19, 29, 11520 }, // U+04F8
    { 12, 15, 200, 0, 15, 23, 11549 }, // U+04F9
    { 14, 13, 225, 0, 13, 23, 11572 }, // U+05D0
    { 12, 13, 198, 0, 13, 20, 11595 }, // U+05D1
    { 9, 14, 137, 0, 13, 16, 11615 }, // U+05D2
    { 12, 13, 190, 0, 13, 20, 11631 }, // U+05D3
    { 12, 13, 219, 1, 13, 20, 11651 }, // U+05D4
    { 6, 13, 113, 0, 13, 10, 11671 }, // U+05D5
    { 8, 13, 124, 0, 13, 13, 11681 }, // U+05D6
    { 14, 13, 229, 0, 13, 23, 11694 }, // U+05D7
    { 13, 13, 220, 0, 13, 22, 11717 }, // U+05D8
    { 6, 8, 111, 0, 13, 6, 11739 }, // U+05D9
    { 11, 17, 190, 0, 13, 24, 11745 }, // U+05DA
    { 11, 13, 176, 0, 13, 18, 11769 }, // U+05DB
    { 11, 17, 185, 0, 17, 24, 11787 }, // U+05DC
    { 14, 13, 234, 0, 13, 23, 11811 }, // U+05DD
    { 15, 13, 234, 0, 13, 25, 11834 }, // U+05DE
    { 6, 17, 118, 0, 13, 13, 11859 }, // U+05DF
    { 8, 13, 135, 0, 13, 13, 11872 }, // U+05E0
    { 14, 13, 227, 0, 13, 23, 11885 }, // U+05E1
    { 13, 15, 210, 0, 14, 25, 11908 }, // U+05E2
    { 13, 17, 218, 0, 13, 28, 11933 }, // U+05E3
    { 13, 13, 209, 0, 13, 22, 11961 }, // U+05E4
    { 12, 17, 196, 0, 13, 26, 11983 }, // U+05E5
    { 12, 13, 197, 0, 13, 20, 12009 }, // U+05E6
    { 14, 17, 218, 0, 13, 30, 12029 }, // U+05E7
    { 10, 13, 181, 0, 13, 17, 12059 }, // U+05E8
    { 15, 13, 262, 1, 13, 25, 12076 }, // U+05E9
    { 14, 13, 241, 0, 13, 23, 12101 }, // U+05EA
    { 4, 7, 108, 1, 6, 4, 12124 }, // U+060C
    { 6, 16, 113, 0, 15, 12, 12128 }, // U+061B
    { 11, 17, 171, 0, 16, 24, 12140 }, // U+061F
    { 10, 12, 157, 0, 10, 15, 12164 }, // U+0621
    { 8, 4, 96, 0, 3, 4, 12179 }, // U+0640
    { 6, 7, 0, 0, 18, 6, 12183 }, // U+0654
    { 6, 6, 191, 3, 9, 5, 12189 }, // U+0660
    { 6, 16, 191, 3, 15, 12, 12194 }, // U+0661
    { 10, 16, 191, 1, 15, 20, 12206 }, // U+0662
    { 12, 16, 191, 0, 15, 24, 12226 }, // U+0663
    { 10, 16, 191, 1, 15, 20, 12250 }, // U+0664
    { 10, 12, 191, 1, 12, 15, 12270 }, // U+0665
    { 12, 16, 191, 0, 15, 24, 12285 }, // U+0666
    { 12, 16, 191, 0, 15, 24, 12309 }, // U+0667
    { 12, 16, 191, 0, 15, 24, 12333 }, // U+0668
    { 10, 15, 191, 1, 15, 19, 12357 }, // U+0669
    { 15, 13, 247, 0, 8, 25, 12376 }, // U+06BA
    { 7, 2, 108, 0, 2, 2, 12401 }, // U+06D4
    { 10, 13, 157, 0, 12, 17, 12403 }, // U+06D5
    { 6, 6, 191, 3, 9, 5, 12420 }, // U+06F0
    { 6, 16, 191, 3, 15, 12, 12425 }, // U+06F1
    { 10, 16, 191, 1, 15, 20, 12437 }, // U+06F2
    { 12, 16, 191, 0, 15, 24, 12457 }, // U+06F3
    { 12, 16, 191, 0, 15, 24, 12481 }, // U+06F4
    { 12, 15, 191, 0, 15, 23, 12505 }, // U+06F5
    { 10, 16, 191, 1, 15, 20, 12528 }, // U+06F6
    { 12, 16, 191, 0, 15, 24, 12548 }, // U+06F7
    { 12, 16, 191, 0, 15, 24, 12572 }, // U+06F8
    { 10, 15, 191, 1, 15, 19, 12596 }, // U+06F9
    { 13, 19, 200, 0, 15, 31, 12615 }, // U+1EA0
    { 11, 15, 200, 1, 11, 21, 12646 }, // U+1EA1
    { 13, 21, 200, 0, 21, 35, 12667 }, // U+1EA2
    { 11, 17, 200, 1, 17, 24, 12702 }, // U+1EA3
    { 13, 24, 200, 0, 24, 39, 12726 }, // U+1EA4
    { 12, 20, 200, 1, 20, 30, 12765 }, // U+1EA5
    { 14, 24, 200, -1, 24, 42, 12795 }, // U+1EA6
    { 13, 20, 200, -1, 20, 33, 12837 }, // U+1EA7
    { 13, 24, 200, 0, 24, 39, 12870 }, // U+1EA8
    { 11, 21, 200, 1, 21, 29, 12909 }, // U+1EA9
    { 13, 23, 200, 0, 23, 38, 12938 }, // U+1EAA
    { 11, 19, 200, 1, 19, 27, 12976 }, // U+1EAB
    { 13, 24, 200, 0, 20, 39, 13003 }, // U+1EAC
    { 11, 20, 200, 1, 16, 28, 13042 }, // U+1EAD
    { 13, 24, 200, 0, 24, 39, 13070 }, // U+1EAE
    { 11, 21, 200, 1, 21, 29, 13109 }, // U+1EAF
    { 13, 24, 200, 0, 24, 39, 13138 }, // U+1EB0
    { 11, 21, 200, 1, 21, 29, 13177 }, // U+1EB1
    { 13, 23, 200, 0, 23, 38, 13206 }, // U+1EB2
    { 11, 20, 200, 1, 20, 28, 13244 }, // U+1EB3
    { 13, 23, 200, 0, 23, 38, 13272 }, // U+1EB4
    { 11, 20, 200, 1, 20, 28, 13310 }, // U+1EB5
    { 13, 24, 200, 0, 20, 39, 13338 }, // U+1EB6
    { 11, 21, 200, 1, 17, 29, 13377 }, // U+1EB7
    { 10, 19, 200, 1, 15, 24, 13406 }, // U+1EB8
    { 11, 15, 200, 1, 11, 21, 13430 }, // U+1EB9
    { 10, 21, 200, 1, 21, 27, 13451 }, // U+1EBA
    { 11, 17, 200, 1, 17, 24, 13478 }, // U+1EBB
    { 10, 19, 200, 1, 19, 24, 13502 }, // U+1EBC
    { 11, 15, 200, 1, 15, 21, 13526 }, // U+1EBD
    { 12, 24, 200, 1, 24, 36, 13547 }, // U+1EBE
    { 12, 20, 200, 1, 20, 30, 13583 }, // U+1EBF
    { 12, 24, 200, -1, 24, 36, 13613 }, // U+1EC0
    { 13, 20, 200, -1, 20, 33, 13649 }, // U+1EC1
    { 11, 24, 200, 1, 24, 33, 13682 }, // U+1EC2
    { 11, 21, 200, 1, 21, 29, 13715 }, // U+1EC3
    { 10, 23, 200, 1, 23, 29, 13744 }, // U+1EC4
    { 11, 19, 200, 1, 19, 27, 13773 }, // U+1EC5
    { 10, 24, 200, 1, 20, 30, 13800 }, // U+1EC6
    { 11, 20, 200, 1, 16, 28, 13830 }, // U+1EC7
    { 10, 21, 200, 1, 21, 27, 13858 }, // U+1EC8
    { 11, 17, 200, 1, 17, 24, 13885 }, // U+1EC9
    { 10, 19, 200, 1, 15, 24, 13909 }, // U+1ECA
    { 11, 19, 200, 1, 15, 27, 13933 }, // U+1ECB
    { 12, 19, 200, 0, 15, 29, 13960 }, // U+1ECC
    { 12, 15, 200, 0, 11, 23, 13989 }, // U+1ECD
    { 12, 21, 200, 0, 21, 32, 14012 }, // U+1ECE
    { 12, 17, 200, 0, 17, 26, 14044 }, // U+1ECF
    { 13, 24, 200, 0, 24, 39, 14070 }, // U+1ED0
    { 13, 20, 200, 0, 20, 33, 14109 }, // U+1ED1
    { 13, 24, 200, -1, 24, 39, 14142 }, // U+1ED2
    { 13, 20, 200, -1, 20, 33, 14181 }, // U+1ED3
    { 12, 24, 200, 0, 24, 36, 14214 }, // U+1ED4
    { 12, 21, 200, 0, 21, 32, 14250 }, // U+1ED5
    { 12, 23, 200, 0, 23, 35, 14282 }, // U+1ED6
    { 12, 19, 200, 0, 19, 29, 14317 }, // U+1ED7
    { 12, 24, 200, 0, 20, 36, 14346 }, // U+1ED8
    { 12, 20, 200, 0, 16, 30, 14382 }, // U+1ED9
    { 13, 21, 200, 0, 21, 35, 14412 }, // U+1EDA
    { 13, 18, 200, 0, 18, 30, 14447 }, // U+1EDB
    { 13, 21, 200, 0, 21, 35, 14477 }, // U+1EDC
    { 13, 17, 200, 0, 17, 28, 14512 }, // U+1EDD
    { 13, 21, 200, 0, 21, 35, 14540 }, // U+1EDE
    { 13, 17, 200, 0, 17, 28, 14575 }, // U+1EDF
    { 13, 19, 200, 0, 19, 31, 14603 }, // U+1EE0
    { 13, 16, 200, 0, 16, 26, 14634 }, // U+1EE1
    { 13, 21, 200, 0, 17, 35, 14660 }, // U+1EE2
    { 13, 18, 200, 0, 14, 30, 14695 }, // U+1EE3
    { 11, 19, 200, 1, 15, 27, 14725 }, // U+1EE4
    { 11, 15, 200, 1, 11, 21, 14752 }, // U+1EE5
    { 11, 21, 200, 1, 21, 29, 14773 }, // U+1EE6
    { 11, 17, 200, 1, 17, 24, 14802 }, // U+1EE7
    { 12, 21, 200, 1, 21, 32, 14826 }, // U+1EE8
    { 12, 18, 200, 1, 18, 27, 14858 }, // U+1EE9
    { 12, 21, 200, 1, 21, 32, 14885 }, // U+1EEA
    { 12, 17, 200, 1, 17, 26, 14917 }, // U+1EEB
    { 12, 21, 200, 1, 21, 32, 14943 }, // U+1EEC
    { 12, 17, 200, 1, 17, 26, 14975 }, // U+1EED
    { 12, 19, 200, 1, 19, 29, 15001 }, // U+1EEE
    { 12, 16, 200, 1, 16, 24, 15030 }, // U+1EEF
    { 12, 21, 200, 1, 17, 32, 15054 }, // U+1EF0
    { 12, 18, 200, 1, 14, 27, 15086 }, // U+1EF1
    { 13, 21, 200, 0, 21, 35, 15113 }, // U+1EF2
    { 13, 21, 200, 0, 17, 35, 15148 }, // U+1EF3
    { 13, 19, 200, 0, 15, 31, 15183 }, // U+1EF4
    { 13, 15, 200, 0, 11, 25, 15214 }, // U+1EF5
    { 13, 21, 200, 0, 21, 35, 15239 }, // U+1EF6
    { 13, 21, 200, 0, 17, 35, 15274 }, // U+1EF7
    { 13, 19, 200, 0, 19, 31, 15309 }, // U+1EF8
    { 13, 19, 200, 0, 15, 31, 15340 }, // U+1EF9
    { 0, 0, 43, 0, 0, 0, 15371 }, // U+2009
    { 0, 0, 0, 0, 0, 0, 15371 }, // U+200B
    { 2, 16, 0, -1, 15, 4, 15371 }, // U+200C
    { 6, 16, 0, -3, 15, 12, 15375 }, // U+200D
    { 6, 16, 0, -1, 15, 12, 15387 }, // U+200E
    { 6, 16, 0, -5, 15, 12, 15399 }, // U+200F
    { 7, 3, 106, 0, 8, 3, 15411 }, // U+2010
    { 7, 3, 107, 0, 7, 3, 15414 }, // U+2011
    { 11, 3, 200, 1, 8, 5, 15417 }, // U+2013
    { 13, 3, 200, 0, 8, 5, 15422 }, // U+2014
    { 6, 7, 200, 3, 15, 6, 15427 }, // U+2018
    { 7, 7, 200, 3, 15, 7, 15433 }, // U+2019
    { 6, 7, 200, 3, 4, 6, 15440 }, // U+201A
    { 12, 7, 200, 0, 15, 11, 15446 }, // U+201C
    { 11, 7, 200, 1, 15, 10, 15457 }, // U+201D
    { 12, 7, 200, 0, 4, 11, 15467 }, // U+201E
    { 11, 19, 200, 1, 15, 27, 15478 }, // U+2020
    { 11, 19, 200, 1, 15, 27, 15505 }, // U+2021
    { 6, 5, 200, 3, 9, 4, 15532 }, // U+2022
    { 13, 4, 200, 0, 4, 7, 15536 }, // U+2026
    { 0, 0, 43, 0, 0, 0, 15543 }, // U+202F
    { 13, 15, 200, 0, 15, 25, 15543 }, // U+2030
    { 6, 11, 200, 3, 11, 9, 15568 }, // U+2039
    { 6, 11, 200, 3, 11, 9, 15577 }, // U+203A
    { 13, 15, 200, 0, 15, 25, 15586 }, // U+2044
    { 6, 16, 113, 0, 15, 12, 15611 }, // U+204F
    { 8, 8, 200, 2, 15, 8, 15623 }, // U+2070
    { 8, 8, 200, 2, 15, 8, 15631 }, // U+2074
    { 7, 8, 200, 3, 15, 7, 15639 }, // U+2075
    { 7, 8, 200, 3, 15, 7, 15646 }, // U+2076
    { 7, 8, 200, 3, 15, 7, 15653 }, // U+2077
    { 7, 8, 200, 3, 15, 7, 15660 }, // U+2078
    { 7, 8, 200, 3, 15, 7, 15667 }, // U+2079
    { 8, 8, 200, 2, 8, 8, 15674 }, // U+2080
    { 7, 8, 200, 3, 8, 7, 15682 }, // U+2081
    { 7, 8, 200, 3, 8, 7, 15689 }, // U+2082
    { 8, 8, 200, 2, 8, 8, 15696 }, // U+2083
    { 8, 8, 200, 2, 8, 8, 15704 }, // U+2084
    { 7, 8, 200, 3, 8, 7, 15712 }, // U+2085
    { 7, 8, 200, 3, 8, 7, 15719 }, // U+2086
    { 7, 8, 200, 3, 8, 7, 15726 }, // U+2087
    { 7, 8, 200, 3, 8, 7, 15733 }, // U+2088
    { 7, 8, 200, 3, 8, 7, 15740 }, // U+2089
    { 12, 19, 200, 0, 17, 29, 15747 }, // U+20A1
    { 11, 15, 200, 1, 15, 21, 15776 }, // U+20A4
    { 13, 15, 200, 0, 15, 25, 15797 }, // U+20A6
    { 13, 15, 200, 0, 15, 25, 15822 }, // U+20A8
    { 13, 15, 200, 0, 15, 25, 15847 }, // U+20A9
    { 12, 15, 200, 0, 15, 23, 15872 }, // U+20AA
    { 11, 15, 200, 1, 15, 21, 15895 }, // U+20AB
    { 12, 15, 200, 0, 15, 23, 15916 }, // U+20AC
    { 13, 15, 200, 0, 15, 25, 15939 }, // U+20AD
    { 12, 15, 200, 0, 15, 23, 15964 }, // U+20AE
    { 13, 15, 200, 0, 15, 25, 15987 }, // U+20B1
    { 12, 20, 200, 0, 18, 30, 16012 }, // U+20B2
    { 12, 15, 200, 0, 15, 23, 16042 }, // U+20B4
    { 12, 19, 200, 0, 17, 29, 16065 }, // U+20B5
    { 12, 15, 200, 0, 15, 23, 16094 }, // U+20B8
    { 12, 15, 200, 0, 15, 23, 16117 }, // U+20B9
    { 13, 15, 200, 0, 15, 25, 16140 }, // U+20BA
    { 12, 15, 200, 0, 15, 23, 16165 }, // U+20BD
    { 11, 20, 200, 1, 17, 28, 16188 }, // U+20BF
    { 12, 10, 200, 0, 12, 15, 16216 }, // U+2190
    { 11, 15, 200, 1, 15, 21, 16231 }, // U+2191
    { 13, 10, 200, 0, 12, 17, 16252 }, // U+2192
    { 11, 15, 200, 1, 15, 21, 16269 }, // U+2193
    { 13, 10, 200, 0, 12, 17, 16290 }, // U+2194
    { 11, 16, 200, 1, 15, 22, 16307 }, // U+2195
    { 13, 12, 200, 0, 14, 20, 16329 }, // U+2196
    { 12, 12, 200, 0, 14, 18, 16349 }, // U+2197
    { 12, 12, 200, 0, 14, 18, 16367 }, // U+2198
    { 13, 12, 200, 0, 14, 20, 16385 }, // U+2199
    { 13, 13, 200, 0, 14, 22, 16405 }, // U+21A9
    { 13, 13, 200, 0, 14, 22, 16427 }, // U+21AA
    { 12, 15, 200, 0, 14, 23, 16449 }, // U+21B0
    { 12, 15, 200, 1, 14, 23, 16472 }, // U+21B1
    { 12, 15, 200, 0, 15, 23, 16495 }, // U+21B2
    { 12, 15, 200, 1, 15, 23, 16518 }, // U+21B3
    { 13, 14, 200, 0, 15, 23, 16541 }, // U+21B6
    { 13, 14, 200, 0, 15, 23, 16564 }, // U+21B7
    { 13, 15, 200, 0, 15, 25, 16587 }, // U+21BA
    { 13, 15, 200, 0, 15, 25, 16612 }, // U+21BB
    { 13, 18, 200, 0, 16, 30, 16637 }, // U+21C4
    { 13, 18, 200, 0, 16, 30, 16667 }, // U+21C6
    { 12, 15, 200, 0, 15, 23, 16697 }, // U+2202
    { 12, 15, 200, 0, 15, 23, 16720 }, // U+2206
    { 11, 15, 200, 1, 15, 21, 16743 }, // U+220F
    { 11, 19, 200, 1, 15, 27, 16764 }, // U+2211
    { 11, 3, 200, 1, 8, 5, 16791 }, // U+2212
    { 13, 15, 200, 0, 15, 25, 16796 }, // U+221A
    { 13, 8, 200, 0, 11, 13, 16821 }, // U+221E
    { 12, 20, 200, 0, 16, 30, 16834 }, // U+222B
    { 12, 8, 200, 0, 10, 12, 16864 }, // U+2248
    { 11, 11, 200, 1, 12, 16, 16876 }, // U+2260
    { 10, 13, 200, 1, 13, 17, 16892 }, // U+2264
    { 10, 13, 200, 1, 13, 17, 16909 }, // U+2265
    { 12, 15, 200, 0, 15, 23, 16926 }, // U+FB01
    { 12, 15, 200, 0, 15, 23, 16949 }, // U+FB02
    { 21, 18, 341, 0, 10, 48, 16972 }, // U+FB56
    { 26, 17, 381, 0, 9, 56, 17020 }, // U+FB57
    { 7, 18, 120, 0, 10, 16, 17076 }, // U+FB58
    { 11, 16, 136, 0, 8, 22, 17092 }, // U+FB59
    { 21, 17, 341, 0, 16, 45, 17114 }, // U+FB66
    { 26, 17, 381, 0, 16, 56, 17159 }, // U+FB67
    { 6, 19, 106, 0, 18, 15, 17215 }, // U+FB68
    { 11, 17, 136, 0, 16, 24, 17230 }, // U+FB69
    { 15, 20, 229, 0, 11, 38, 17254 }, // U+FB7A
    { 18, 20, 253, 0, 11, 45, 17292 }, // U+FB7B
    { 13, 18, 210, 0, 10, 30, 17337 }, // U+FB7C
    { 16, 18, 218, 0, 10, 36, 17367 }, // U+FB7D
    { 10, 20, 172, 0, 19, 25, 17403 }, // U+FB88
    { 14, 20, 190, 0, 19, 35, 17428 }, // U+FB89
    { 9, 21, 136, -1, 16, 24, 17463 }, // U+FB8A
    { 13, 21, 150, -1, 16, 35, 17487 }, // U+FB8B
    { 9, 22, 136, -1, 17, 25, 17522 }, // U+FB8C
    { 13, 22, 150, -1, 17, 36, 17547 }, // U+FB8D
    { 20, 16, 303, 0, 15, 40, 17583 }, // U+FB8E
    { 22, 16, 317, 0, 15, 44, 17623 }, // U+FB8F
    { 10, 16, 151, 0, 15, 20, 17667 }, // U+FB90
    { 13, 16, 169, 0, 15, 26, 17687 }, // U+FB91
    { 20, 20, 303, 0, 19, 50, 17713 }, // U+FB92
    { 22, 20, 317, 0, 19, 55, 17763 }, // U+FB93
    { 11, 20, 151, -1, 19, 28, 17818 }, // U+FB94
    { 14, 20, 169, -1, 19, 35, 17846 }, // U+FB95
    { 15, 13, 247, 0, 8, 25, 17881 }, // U+FB9E
    { 19, 13, 268, 0, 8, 31, 17906 }, // U+FB9F
    { 10, 13, 157, 0, 12, 17, 17937 }, // U+FBA6
    { 14, 10, 195, 0, 9, 18, 17954 }, // U+FBA7
    { 6, 14, 106, 0, 10, 11, 17972 }, // U+FBA8
    { 13, 11, 172, 0, 5, 18, 17983 }, // U+FBA9
    { 16, 13, 257, 0, 12, 26, 18001 }, // U+FBAA
    { 16, 15, 228, 0, 10, 30, 18027 }, // U+FBAB
    { 13, 13, 214, 0, 12, 22, 18057 }, // U+FBAC
    { 14, 15, 190, 0, 10, 27, 18079 }, // U+FBAD
    { 20, 12, 314, 0, 11, 30, 18106 }, // U+FBAE
    { 14, 10, 187, 0, 3, 18, 18136 }, // U+FBAF
    { 20, 18, 314, 0, 17, 45, 18154 }, // U+FBB0
    { 14, 16, 187, 0, 9, 28, 18199 }, // U+FBB1
    { 17, 15, 274, 0, 10, 32, 18227 }, // U+FBFC
    { 19, 11, 267, 0, 6, 27, 18259 }, // U+FBFD
    { 7, 15, 120, 0, 10, 14, 18286 }, // U+FBFE
    { 11, 13, 136, 0, 8, 18, 18300 }, // U+FBFF
    { 10, 12, 157, 0, 10, 15, 18318 }, // U+FE80
    { 9, 19, 90, -2, 19, 22, 18333 }, // U+FE81
    { 10, 21, 106, -1, 20, 27, 18355 }, // U+FE82
    { 5, 21, 90, 0, 21, 14, 18382 }, // U+FE83
    { 9, 23, 106, 0, 22, 26, 18396 }, // U+FE84
    { 10, 20, 166, 0, 15, 25, 18422 }, // U+FE85
    { 13, 21, 175, 0, 16, 35, 18447 }, // U+FE86
    { 5, 23, 91, 1, 16, 15, 18482 }, // U+FE87
    { 8, 23, 106, 1, 16, 23, 18497 }, // U+FE88
    { 17, 17, 274, 0, 12, 37, 18520 }, // U+FE89
    { 19, 17, 267, 0, 12, 41, 18557 }, // U+FE8A
    { 6, 18, 106, 0, 17, 14, 18598 }, // U+FE8B
    { 10, 16, 128, 0, 15, 20, 18612 }, // U+FE8C
    { 4, 16, 91, 1, 16, 8, 18632 }, // U+FE8D
    { 8, 17, 106, 1, 16, 17, 18640 }, // U+FE8E
    { 21, 15, 341, 0, 10, 40, 18657 }, // U+FE8F
    { 26, 14, 381, 0, 9, 46, 18697 }, // U+FE90
    { 6, 15, 106, 0, 10, 12, 18743 }, // U+FE91
    { 10, 13, 128, 0, 8, 17, 18755 }, // U+FE92
    { 10, 18, 157, 0, 17, 23, 18772 }, // U+FE93
    { 14, 19, 185, 0, 18, 34, 18795 }, // U+FE94
    { 21, 14, 341, 0, 13, 37, 18829 }, // U+FE95
    { 26, 14, 381, 0, 13, 46, 18866 }, // U+FE96
    { 8, 16, 106, -1, 15, 16, 18912 }, // U+FE97
    { 11, 14, 136, 0, 13, 20, 18928 }, // U+FE98
    { 21, 16, 341, 0, 15, 42, 18948 }, // U+FE99
    { 26, 16, 381, 0, 15, 52, 18990 }, // U+FE9A
    { 6, 18, 106, 0, 17, 14, 19042 }, // U+FE9B
    { 11, 16, 136, 0, 15, 22, 19056 }, // U+FE9C
    { 14, 20, 229, 0, 11, 35, 19078 }, // U+FE9D
    { 18, 20, 246, 0, 11, 45, 19113 }, // U+FE9E
    { 13, 15, 210, 0, 10, 25, 19158 }, // U+FE9F
    { 16, 15, 218, 0, 10, 30, 19183 }, // U+FEA0
    { 14, 20, 229, 0, 11, 35, 19213 }, // U+FEA1
    { 18, 20, 246, 0, 11, 45, 19248 }, // U+FEA2
    { 13, 11, 210, 0, 10, 18, 19293 }, // U+FEA3
    { 16, 11, 218, 0, 10, 22, 19311 }, // U+FEA4
    { 14, 25, 229, 0, 16, 44, 19333 }, // U+FEA5
    { 18, 25, 246, 0, 16, 57, 19377 }, // U+FEA6
    { 13, 16, 210, 0, 15, 26, 19434 }, // U+FEA7
    { 16, 16, 218, 0, 15, 32, 19460 }, // U+FEA8
    { 10, 12, 172, 0, 11, 15, 19492 }, // U+FEA9
    { 14, 12, 190, 0, 11, 21, 19507 }, // U+FEAA
    { 10, 17, 172, 0, 16, 22, 19528 }, // U+FEAB
    { 14, 17, 190, 0, 16, 30, 19550 }, // U+FEAC
    { 9, 13, 136, -1, 8, 15, 19580 }, // U+FEAD
    { 13, 13, 150, -1, 8, 22, 19595 }, // U+FEAE
    { 9, 19, 136, -1, 14, 22, 19617 }, // U+FEAF
    { 13, 19, 150, -1, 14, 31, 19639 }, // U+FEB0
    { 28, 15, 457, 0, 10, 53, 19670 }, // U+FEB1
    { 32, 14, 480, 0, 9, 56, 19723 }, // U+FEB2
    { 19, 11, 317, 0, 10, 27, 19779 }, // U+FEB3
    { 23, 10, 340, 0, 9, 29, 19806 }, // U+FEB4
    { 28, 21, 457, 0, 16, 74, 19835 }, // U+FEB5
    { 32, 21, 480, 0, 16, 84, 19909 }, // U+FEB6
    { 19, 17, 317, 0, 16, 41, 19993 }, // U+FEB7
    { 23, 17, 340, 0, 16, 49, 20034 }, // U+FEB8
    { 29, 15, 474, 0, 10, 55, 20083 }, // U+FEB9
    { 32, 15, 481, 0, 10, 60, 20138 }, // U+FEBA
    { 20, 11, 325, 0, 10, 28, 20198 }, // U+FEBB
    { 23, 11, 335, 0, 10, 32, 20226 }, // U+FEBC
    { 29, 20, 474, 0, 15, 73, 20258 }, // U+FEBD
    { 32, 20, 481, 0, 15, 80, 20331 }, // U+FEBE
    { 20, 16, 325, 0, 15, 40, 20411 }, // U+FEBF
    { 23, 16, 335, 0, 15, 46, 20451 }, // U+FEC0
    { 17, 17, 281, 0, 16, 37, 20497 }, // U+FEC1
    { 20, 17, 287, 0, 16, 43, 20534 }, // U+FEC2
    { 15, 17, 246, 0, 16, 32, 20577 }, // U+FEC3
    { 18, 17, 254, 0, 16, 39, 20609 }, // U+FEC4
    { 17, 17, 281, 0, 16, 37, 20648 }, // U+FEC5
    { 20, 17, 287, 0, 16, 43, 20685 }, // U+FEC6
    { 15, 17, 246, 0, 16, 32, 20728 }, // U+FEC7
    { 18, 17, 254, 0, 16, 39, 20760 }, // U+FEC8
    { 14, 21, 190, 0, 12, 37, 20799 }, // U+FEC9
    { 14, 19, 190, 0, 10, 34, 20836 }, // U+FECA
    { 11, 12, 186, 0, 11, 17, 20870 }, // U+FECB
    { 15, 11, 184, -1, 10, 21, 20887 }, // U+FECC
    { 14, 26, 190, 0, 17, 46, 20908 }, // U+FECD
    { 14, 24, 190, 0, 15, 42, 20954 }, // U+FECE
    { 11, 17, 186, 0, 16, 24, 20996 }, // U+FECF
    { 15, 16, 184, -1, 15, 30, 21020 }, // U+FED0
    { 21, 19, 341, 0, 18, 50, 21050 }, // U+FED1
    { 25, 17, 372, 0, 16, 54, 21100 }, // U+FED2
    { 10, 19, 168, 0, 18, 24, 21154 }, // U+FED3
    { 13, 17, 176, 0, 16, 28, 21178 }, // U+FED4
    { 17, 19, 277, 0, 15, 41, 21206 }, // U+FED5
    { 20, 20, 285, 0, 14, 50, 21247 }, // U+FED6
    { 10, 19, 168, 0, 18, 24, 21297 }, // U+FED7
    { 13, 17, 176, 0, 16, 28, 21321 }, // U+FED8
    { 19, 17, 310, 0, 16, 41, 21349 }, // U+FED9
    { 22, 17, 325, 0, 16, 47, 21390 }, // U+FEDA
    { 10, 16, 151, 0, 15, 20, 21437 }, // U+FEDB
    { 13, 16, 169, 0, 15, 26, 21457 }, // U+FEDC
    { 15, 21, 247, 0, 16, 40, 21483 }, // U+FEDD
    { 19, 21, 264, 0, 16, 50, 21523 }, // U+FEDE
    { 6, 17, 99, 0, 16, 13, 21573 }, // U+FEDF
    { 9, 17, 115, 0, 16, 20, 21586 }, // U+FEE0
    { 11, 19, 183, 0, 10, 27, 21606 }, // U+FEE1
    { 16, 18, 220, 0, 9, 36, 21633 }, // U+FEE2
    { 12, 10, 194, 0, 9, 15, 21669 }, // U+FEE3
    { 15, 10, 208, 0, 9, 19, 21684 }, // U+FEE4
    { 15, 17, 247, 0, 12, 32, 21703 }, // U+FEE5
    { 19, 17, 268, 0, 12, 41, 21735 }, // U+FEE6
    { 6, 16, 106, 0, 15, 12, 21776 }, // U+FEE7
    { 10, 14, 128, 0, 13, 18, 21788 }, // U+FEE8
    { 10, 13, 157, 0, 12, 17, 21806 }, // U+FEE9
    { 14, 14, 185, 0, 13, 25, 21823 }, // U+FEEA
    { 13, 13, 214, 0, 12, 22, 21848 }, // U+FEEB
    { 14, 15, 190, 0, 10, 27, 21870 }, // U+FEEC
    { 10, 14, 166, 0, 9, 18, 21897 }, // U+FEED
    { 13, 14, 175, 0, 9, 23, 21915 }, // U+FEEE
    { 17, 15, 274, 0, 10, 32, 21938 }, // U+FEEF
    { 19, 11, 267, 0, 6, 27, 21970 }, // U+FEF0
    { 17, 20, 274, 0, 10, 43, 21997 }, // U+FEF1
    { 19, 16, 267, 0, 6, 38, 22040 }, // U+FEF2
    { 7, 15, 120, 0, 10, 14, 22078 }, // U+FEF3
    { 11, 13, 136, 0, 8, 18, 22092 }, // U+FEF4
    { 15, 17, 211, -2, 17, 32, 22110 }, // U+FEF5
    { 16, 19, 227, 0, 18, 38, 22142 }, // U+FEF6
    { 13, 19, 211, 0, 19, 31, 22180 }, // U+FEF7
    { 16, 21, 227, 0, 20, 42, 22211 }, // U+FEF8
    { 13, 23, 211, 0, 16, 38, 22253 }, // U+FEF9
    { 16, 23, 227, 0, 16, 46, 22291 }, // U+FEFA
    { 13, 16, 211, 0, 16, 26, 22337 }, // U+FEFB
    { 16, 17, 227, 0, 16, 34, 22363 }, // U+FEFC
};

static const EpdUnicodeInterval ubuntu_10_boldIntervals[] = {
    { 0x0, 0x0, 0x0 },
    { 0xD, 0xD, 0x1 },
    { 0x20, 0x7E, 0x2 },
    { 0xA0, 0xA3, 0x61 },
    { 0xA5, 0x17E, 0x65 },
    { 0x1A0, 0x1A1, 0x13F },
    { 0x1AF, 0x1B0, 0x141 },
    { 0x1FA, 0x1FF, 0x143 },
    { 0x218, 0x21B, 0x149 },
    { 0x300, 0x304, 0x14D },
    { 0x306, 0x30C, 0x152 },
    { 0x312, 0x312, 0x159 },
    { 0x315, 0x315, 0x15A },
    { 0x31B, 0x31B, 0x15B },
    { 0x323, 0x323, 0x15C },
    { 0x326, 0x328, 0x15D },
    { 0x34F, 0x34F, 0x160 },
    { 0x400, 0x45F, 0x161 },
    { 0x472, 0x473, 0x1C1 },
    { 0x490, 0x49D, 0x1C3 },
    { 0x4A0, 0x4A5, 0x1D1 },
    { 0x4AA, 0x4AB, 0x1D7 },
    { 0x4AE, 0x4B3, 0x1D9 },
    { 0x4B6, 0x4BB, 0x1DF },
    { 0x4C0, 0x4C2, 0x1E5 },
    { 0x4CF, 0x4D9, 0x1E8 },
    { 0x4DC, 0x4DF, 0x1F3 },
    { 0x4E2, 0x4E9, 0x1F7 },
    { 0x4EE, 0x4F5, 0x1FF },
    { 0x4F8, 0x4F9, 0x207 },
    { 0x5D0, 0x5EA, 0x209 },
    { 0x60C, 0x60C, 0x224 },
    { 0x61B, 0x61B, 0x225 },
    { 0x61F, 0x61F, 0x226 },
    { 0x621, 0x621, 0x227 },
    { 0x640, 0x640, 0x228 },
    { 0x654, 0x654, 0x229 },
    { 0x660, 0x669, 0x22A },
    { 0x6BA, 0x6BA, 0x234 },
    { 0x6D4, 0x6D5, 0x235 },
    { 0x6F0, 0x6F9, 0x237 },
    { 0x1EA0, 0x1EF9, 0x241 },
    { 0x2009, 0x2009, 0x29B },
    { 0x200B, 0x2011, 0x29C },
    { 0x2013, 0x2014, 0x2A3 },
    { 0x2018, 0x201A, 0x2A5 },
    { 0x201C, 0x201E, 0x2A8 },
    { 0x2020, 0x2022, 0x2AB },
    { 0x2026, 0x2026, 0x2AE },
    { 0x202F, 0x2030, 0x2AF },
    { 0x2039, 0x203A, 0x2B1 },
    { 0x2044, 0x2044, 0x2B3 },
    { 0x204F, 0x204F, 0x2B4 },
    { 0x2070, 0x2070, 0x2B5 },
    { 0x2074, 0x2079, 0x2B6 },
    { 0x2080, 0x2089, 0x2BC },
    { 0x20A1, 0x20A1, 0x2C6 },
    { 0x20A4, 0x20A4, 0x2C7 },
    { 0x20A6, 0x20A6, 0x2C8 },
    { 0x20A8, 0x20AE, 0x2C9 },
    { 0x20B1, 0x20B2, 0x2D0 },
    { 0x20B4, 0x20B5, 0x2D2 },
    { 0x20B8, 0x20BA, 0x2D4 },
    { 0x20BD, 0x20BD, 0x2D7 },
    { 0x20BF, 0x20BF, 0x2D8 },
    { 0x2190, 0x2199, 0x2D9 },
    { 0x21A9, 0x21AA, 0x2E3 },
    { 0x21B0, 0x21B3, 0x2E5 },
    { 0x21B6, 0x21B7, 0x2E9 },
    { 0x21BA, 0x21BB, 0x2EB },
    { 0x21C4, 0x21C4, 0x2ED },
    { 0x21C6, 0x21C6, 0x2EE },
    { 0x2202, 0x2202, 0x2EF },
    { 0x2206, 0x2206, 0x2F0 },
    { 0x220F, 0x220F, 0x2F1 },
    { 0x2211, 0x2212, 0x2F2 },
    { 0x221A, 0x221A, 0x2F4 },
    { 0x221E, 0x221E, 0x2F5 },
    { 0x222B, 0x222B, 0x2F6 },
    { 0x2248, 0x2248, 0x2F7 },
    { 0x2260, 0x2260, 0x2F8 },
    { 0x2264, 0x2265, 0x2F9 },
    { 0xFB01, 0xFB02, 0x2FB },
    { 0xFB56, 0xFB59, 0x2FD },
    { 0xFB66, 0xFB69, 0x301 },
    { 0xFB7A, 0xFB7D, 0x305 },
    { 0xFB88, 0xFB95, 0x309 },
    { 0xFB9E, 0xFB9F, 0x317 },
    { 0xFBA6, 0xFBB1, 0x319 },
    { 0xFBFC, 0xFBFF, 0x325 },
    { 0xFE80, 0xFEFC, 0x329 },
};

static const uint16_t ubuntu_10_boldKernLeftCodepoints[] = {
    0x05D0, 0x05D1, 0x05D2, 0x05D3, 0x05D5, 0x05D6, 0x05D8, 0x05D9, 0x05DB, 0x05DC, 0x05DE, 0x05E0,
    0x05E1, 0x05E2, 0x05E4, 0x05E6, 0x05E8, 0x05E9, 0x05EA, 0xFB8C, 0xFEAD, 0xFEAE, 0xFEAF,
};

static const uint8_t ubuntu_10_boldKernLeftClassIds[] = {
      1,   2,   3,   4,   5,   6,   7,   8,   9,  10,  11,  12,  13,  14,  15,  16,
     17,  18,  19,  20,  20,  20,  20,
};

static const uint16_t ubuntu_10_boldKernRightCodepoints[] = {
    0x05D0, 0x05D1, 0x05D2, 0x05D3, 0x05D4, 0x05D6, 0x05D7, 0x05D8, 0x05D9, 0x05DA, 0x05DB, 0x05DC,
    0x05DD, 0x05DE, 0x05E1, 0x05E2, 0x05E3, 0x05E4, 0x05E5, 0x05E7, 0x05E8, 0x05E9, 0x05EA, 0x06D5,
    0xFB8E, 0xFBA6, 0xFBAA, 0xFE8D, 0xFEA3, 0xFEA9, 0xFEB1, 0xFEB3, 0xFEB9, 0xFEBB, 0xFEC1, 0xFEC3,
    0xFEC9, 0xFECB, 0xFECD, 0xFEDB, 0xFEDF, 0xFEE1, 0xFEE3, 0xFEEB,
};

static const uint8_t ubuntu_10_boldKernRightClassIds[] = {
      1,   2,   3,   4,   5,   6,   7,   8,   9,  10,  11,  12,  13,  14,  15,  16,
     17,  18,  19,  20,  21,  22,  23,  24,  24,  24,  24,  25,  24,  26,  26,  26,
     26,  26,  26,  26,  27,  25,  27,  24,  25,  24,  24,  24,
};

static const uint16_t ubuntu_10_boldKernRowOffsets[] = {
        0,     6,    11,    18,    29,    35,    36,    45,    56,    62,    72,    77,    80,    87,    89,    96,
      103,   113,   120,   130,   134,
};

static const uint8_t ubuntu_10_boldKernSparseCols[] = {
      8,  10,  11,  17,  19,  21,   3,   9,  14,  17,  20,   1,   7,   8,  10,  11,
     13,  17,   1,   4,   7,   9,  10,  12,  13,  14,  16,  17,  20,   1,   7,  12,
     14,  17,  20,   1,   3,   7,   9,  10,  16,  17,  18,  19,  20,   1,   4,   6,
      7,  10,  12,  13,  14,  17,  20,  22,   7,  10,  13,  14,  16,  17,   1,   2,
      7,   9,  10,  14,  16,  17,  21,  22,  10,  12,  13,  14,  17,   7,   8,  10,
      7,   9,  11,  14,  16,  17,  20,   7,  14,   9,  10,  11,  14,  16,  17,  21,
      0,   1,   3,   8,  12,  14,  17,   1,   7,   9,  10,  13,  14,  16,  17,  20,
     22,   1,   7,  10,  12,  14,  17,  20,   3,   5,   8,  10,  11,  13,  14,  15,
     17,  21,  23,  24,  25,  26,
};

static const int8_t ubuntu_10_boldKernSparseValues[] = {
      -7,   -4,   -1,   -7,   -3,   -7,   -2,   -2,   -8,   -8,   -3,    3,   -2,   -8,   -2,   -4,
      -5,   -3,  -13,   -7,   -2,  -17,  -11,   -3,   -2,   -8,  -17,  -11,  -11,   -4,   -4,   -3,
      -5,   -7,   -7,   -2,   -2,   -7,  -12,   -1,   -7,   -5,   -2,   -2,   -2,  -20,   -7,   -5,
      -5,   -5,  -10,   -5,   -5,   -7,   -7,   -7,   -2,   -2,   -4,   -4,   -7,   -7,  -13,   -2,
      -2,  -10,   -7,   -2,  -15,   -4,    3,   -1,   -7,   -2,   -7,   -8,   -9,   -4,   -6,   -3,
      -2,  -10,   -2,   -2,   -4,   -2,   -7,   -5,   -3,   -5,   -7,   -5,   -5,  -12,   -2,   -5,
      -2,   -3,   -2,   -7,   -3,   -8,   -7,  -13,   -7,  -10,   -2,   -5,   -7,  -10,   -7,   -7,
      -8,   -9,   -2,   -9,   -5,   -7,   -5,   -5,  -16,  -17,   -6,   -2,   -2,  -12,  -13,  -13,
      -3,   -7,  -13,   -8,  -10,   17,
};

static const EpdFontData ubuntu_10_bold = {
    ubuntu_10_boldBitmaps,
    ubuntu_10_boldGlyphs,
    ubuntu_10_boldIntervals,
    91,
    27,
    22,
    -6,
    false,
    nullptr,
    0,
    nullptr,
    nullptr,  // kernLeftClasses: built-in fonts use the split arrays below
    nullptr,  // kernRightClasses
    ubuntu_10_boldKernLeftCodepoints,
    ubuntu_10_boldKernLeftClassIds,
    ubuntu_10_boldKernRightCodepoints,
    ubuntu_10_boldKernRightClassIds,
    nullptr,  // kernMatrix: built-in fonts use the sparse form below
    ubuntu_10_boldKernRowOffsets,
    ubuntu_10_boldKernSparseCols,
    ubuntu_10_boldKernSparseValues,
    23,
    44,
    20,
    27,
    nullptr,
    0,
};
