/**
 * generated by fontconvert.py
 * name: ubuntu_12_bold
 * size: 12
 * mode: 1-bit
 * Command used: fontconvert.py ubuntu_12_bold 12 ../builtinFonts/source/iAWriterMonoS/iAWriterMonoS-Bold.ttf ../builtinFonts/source/NotoSansHebrew/NotoSansHebrew-Bold.ttf ../builtinFonts/source/NotoSansArabic/NotoSansArabic-Bold.ttf ../builtinFonts/source/Ubuntu/Ubuntu-Vietnamese-Bold.ttf --additional-intervals 0x05D0,0x05EA --additional-intervals 0x060C,0x060C --additional-intervals 0x061B,0x061B --additional-intervals 0x061F,0x061F --additional-intervals 0x0621,0x0621 --additional-intervals 0x0640,0x0640 --additional-intervals 0x0654,0x0654 --additional-intervals 0x0660,0x0669 --additional-intervals 0x06BA,0x06BA --additional-intervals 0x06D4,0x06D4 --additional-intervals 0x06D5,0x06D5 --additional-intervals 0x06F0,0x06F9 --additional-intervals 0xFB56,0xFB59 --additional-intervals 0xFB66,0xFB69 --additional-intervals 0xFB7A,0xFB7D --additional-intervals 0xFB88,0xFB95 --additional-intervals 0xFB9E,0xFB9F --additional-intervals 0xFBA6,0xFBB1 --additional-intervals 0xFBFC,0xFBFF --additional-intervals 0xFE80,0xFEFC
 */
#pragma once
#include "EpdFontData.h"

static const uint8_t ubuntu_12_boldBitmaps[30999] = {
    0xFF, 0xFF, 0xFF, 0xFF, 0xEE, 0x73, 0x9C, 0x00, 0x7F, 0xFF, 0xF8, 0xF7, 0xFB, 0xFD, 0xFE, 0xFF,
    0x7F, 0xBF, 0xDF, 0xEF, 0x07, 0x38, 0x1E, 0xF0, 0x3D, 0xE0, 0x7B, 0xC7, 0xFF, 0xEF, 0xFF, 0xDF,
    0xFF, 0x8F, 0x78, 0x1E, 0xF1, 0xFF, 0xFB, 0xFF, 0xF7, 0xFF, 0xE3, 0xDE, 0x07, 0xBC, 0x0F, 0x78,
    0x1E, 0xE0, 0x39, 0xC0, 0x03, 0xC0, 0x07, 0x80, 0x0F, 0x00, 0xFF, 0x83, 0xFF, 0xCF, 0xFF, 0x9F,
    0xFE, 0x3D, 0xC8, 0x7B, 0x80, 0xFF, 0x00, 0xFF, 0xC1, 0xFF, 0xC0, 0xFF, 0xC0, 0x7F, 0x80, 0xEF,
    0x91, 0xDF, 0x3B, 0xBC, 0xFF, 0xF9, 0xFF, 0xE1, 0xFF, 0x80, 0xFC, 0x00, 0x78, 0x00, 0xF0, 0x00,
    0x7E, 0x1E, 0xFE, 0x3F, 0xFC, 0xF7, 0x39, 0xCE, 0x77, 0x9E, 0xEE, 0x3F, 0xFC, 0x3F, 0x00, 0x00,
    0xFC, 0x3F, 0xF8, 0x77, 0x79, 0xEE, 0x73, 0x9C, 0xEF, 0x39, 0xDC, 0x7F, 0xF8, 0xFE, 0xF0, 0xFC,
    0x1F, 0xC0, 0x7F, 0xC0, 0xFF, 0x83, 0xE7, 0x07, 0x80, 0x07, 0x80, 0x0F, 0x80, 0x0F, 0x1F, 0x7F,
    0x3E, 0xFF, 0x7F, 0xDF, 0xE7, 0x9F, 0xCF, 0x1F, 0x1F, 0x3F, 0x1F, 0xFE, 0x3F, 0xFE, 0x3F, 0x3E,
    0xFF, 0xFF, 0xFF, 0xFF, 0xFF, 0x0F, 0x87, 0xC1, 0xE0, 0xF0, 0x38, 0x1E, 0x07, 0x03, 0xC0, 0xF0,
    0x3C, 0x0F, 0x03, 0xC0, 0xF0, 0x3C, 0x0F, 0x01, 0xC0, 0x78, 0x0E, 0x03, 0xC0, 0x78, 0x1F, 0x03,
    0xE0, 0x7C, 0x0F, 0x81, 0xE0, 0x3C, 0x07, 0x01, 0xE0, 0x38, 0x0F, 0x03, 0xC0, 0xF0, 0x3C, 0x0F,
    0x03, 0xC0, 0xF0, 0x3C, 0x0E, 0x07, 0x81, 0xC0, 0xF0, 0x78, 0x3E, 0x1F, 0x00, 0x03, 0x80, 0x07,
    0x00, 0x0E, 0x03, 0xDD, 0xE7, 0xFF, 0xCF, 0xFF, 0x8F, 0xFE, 0x07, 0xF0, 0x0F, 0xE0, 0x3F, 0xE0,
    0xFB, 0xE0, 0xE3, 0x80, 0x82, 0x00, 0x07, 0x00, 0x38, 0x01, 0xC0, 0x0E, 0x00, 0x70, 0x7F, 0xFF,
    0xFF, 0xFF, 0xFF, 0x07, 0x00, 0x38, 0x01, 0xC0, 0x0E, 0x00, 0x7E, 0xF9, 0xF3, 0xCF, 0x9E, 0x3C,
    0x78, 0xFF, 0xFF, 0xFF, 0xFF, 0xF0, 0xFF, 0xFF, 0xF0, 0x00, 0xF0, 0x07, 0x80, 0x3C, 0x03, 0xC0,
    0x1E, 0x01, 0xF0, 0x0F, 0x00, 0x78, 0x07, 0x80, 0x3C, 0x01, 0xE0, 0x1E, 0x00, 0xF0, 0x07, 0x80,
    0x78, 0x03, 0xC0, 0x3E, 0x01, 0xE0, 0x0F, 0x00, 0xF0, 0x07, 0x80, 0x3C, 0x00, 0x0F, 0xE0, 0x3F,
    0xE0, 0xFF, 0xE3, 0xE3, 0xE7, 0x83, 0xCF, 0x07, 0xBE, 0x0F, 0xFD, 0xDF, 0xFB, 0xBF, 0xF7, 0x7F,
    0xE0, 0xFB, 0xC1, 0xE7, 0x83, 0xCF, 0x8F, 0x8F, 0xFE, 0x0F, 0xF8, 0x0F, 0xE0, 0x0F, 0xE0, 0x3F,
    0xC0, 0x7F, 0x81, 0xFF, 0x07, 0xDE, 0x0F, 0x3C, 0x0C, 0x78, 0x00, 0xF0, 0x01, 0xE0, 0x03, 0xC0,
    0x07, 0x80, 0x0F, 0x00, 0x1E, 0x00, 0x3C, 0x0F, 0xFF, 0x9F, 0xFF, 0x3F, 0xFE, 0x0F, 0xE0, 0xFF,
    0xC7, 0xFF, 0x9F, 0x3F, 0x78, 0x7C, 0x01, 0xF0, 0x07, 0xC0, 0x3E, 0x01, 0xF8, 0x0F, 0xC0, 0x7E,
    0x03, 0xF0, 0x1F, 0x01, 0xF8, 0x07, 0xFF, 0xDF, 0xFF, 0x7F, 0xFC, 0x1F, 0xE0, 0xFF, 0xE7, 0xFF,
    0xCE, 0x1F, 0x10, 0x7C, 0x01, 0xF0, 0x7F, 0x81, 0xF8, 0x07, 0xF8, 0x03, 0xF0, 0x07, 0xC4, 0x0F,
    0x30, 0x7D, 0xF1, 0xF7, 0xFF, 0x8F, 0xFE, 0x1F, 0xE0, 0x01, 0xF0, 0x07, 0xE0, 0x0F, 0xC0, 0x3F,
    0x80, 0xFF, 0x01, 0xFE, 0x07, 0xBC, 0x1E, 0x78, 0x3C, 0xF0, 0xF1, 0xE3, 0xC3, 0xC7, 0xFF, 0xFF,
    0xFF, 0xFF, 0xFF, 0xC0, 0x3C, 0x00, 0x78, 0x00, 0xF0, 0x7F, 0xF9, 0xFF, 0xE7, 0xFF, 0x1C, 0x00,
    0x70, 0x01, 0xDF, 0x0F, 0xFF, 0x3F, 0xFE, 0xFD, 0xF8, 0xC3, 0xE0, 0x07, 0xC8, 0x1E, 0x70, 0x7B,
    0xE3, 0xEF, 0xFF, 0x1F, 0xFC, 0x3F, 0xC0, 0x03, 0xF0, 0x0F, 0xC0, 0x3F, 0x00, 0xF8, 0x03, 0xE0,
    0x07, 0xC0, 0x1F, 0xFC, 0x3F, 0xFC, 0x7F, 0xFC, 0xF8, 0xF9, 0xE0, 0xFB, 0xC1, 0xF7, 0x83, 0xCF,
    0x8F, 0x8F, 0xFF, 0x0F, 0xFC, 0x0F, 0xE0, 0xFF, 0xFF, 0xFF, 0xFF, 0xFF, 0xE1, 0xFF, 0x0F, 0xF8,
    0x78, 0x07, 0xC0, 0x3C, 0x03, 0xE0, 0x1F, 0x01, 0xF0, 0x0F, 0x80, 0x78, 0x07, 0xC0, 0x3C, 0x03,
    0xE0, 0x1F, 0x00, 0x1F, 0xF0, 0x7F, 0xF1, 0xFF, 0xF3, 0xE3, 0xE7, 0x83, 0xCF, 0x8F, 0x8F, 0xFE,
    0x0F, 0xF8, 0x3F, 0xF8, 0xFD, 0xF9, 0xE0, 0xF3, 0xC1, 0xE7, 0x83, 0xCF, 0x8F, 0x9F, 0xFF, 0x1F,
    0xFC, 0x0F, 0xE0, 0x0F, 0xE0, 0x7F, 0xE1, 0xFF, 0xE3, 0xE3, 0xE7, 0x83, 0xDF, 0x07, 0x9E, 0x0F,
    0x3F, 0x7E, 0x7F, 0xFC, 0x7F, 0xF8, 0x7D, 0xF0, 0x07, 0xC0, 0x1F, 0x80, 0x7E, 0x01, 0xF8, 0x07,
    0xE0, 0x1F, 0x80, 0xFF, 0xFF, 0xF0, 0x00, 0x00, 0xFF, 0xFF, 0xF0, 0x7C, 0xF9, 0xF3, 0xE0, 0x00,
    0x00, 0x00, 0x7E, 0xF9, 0xF3, 0xCF, 0x9E, 0x3C, 0x78, 0x00, 0x00, 0x0C, 0x07, 0x83, 0xF1, 0xFE,
    0x7F, 0x3F, 0xC7, 0xE0, 0xF0, 0x1F, 0x83, 0xFC, 0x1F, 0xE0, 0xFE, 0x07, 0xC0, 0x38, 0x03, 0xFF,
    0xFF, 0xFF, 0xFF, 0xFE, 0x00, 0x00, 0x00, 0x00, 0x03, 0xFF, 0xFF, 0xFF, 0xFF, 0xF8, 0x00, 0x18,
    0x03, 0xC0, 0x7E, 0x0F, 0xF0, 0x7F, 0x07, 0xF8, 0x3F, 0x01, 0xE0, 0xFC, 0x7F, 0xBF, 0xCF, 0xE1,
    0xF0, 0x38, 0x06, 0x00, 0x1F, 0xC3, 0xFF, 0x1F, 0xFD, 0xF3, 0xE3, 0x0F, 0x80, 0x78, 0x0F, 0xC1,
    0xFC, 0x0F, 0xC0, 0x78, 0x03, 0xC0, 0x00, 0x00, 0x00, 0x0F, 0xC0, 0x7E, 0x03, 0xF0, 0x1F, 0x80,
    0x0F, 0xE0, 0x7F, 0xC3, 0xFF, 0x8F, 0x0F, 0x79, 0xFD, 0xCF, 0xF7, 0x3F, 0xDD, 0xE7, 0x77, 0x9D,
    0xDE, 0x77, 0x79, 0xDD, 0xE7, 0x77, 0xBD, 0xCF, 0xF7, 0xBF, 0xDE, 0x77, 0x3C, 0x00, 0xFF, 0x81,
    0xFF, 0x03, 0xFC, 0x0F, 0xE0, 0x1F, 0xC0, 0x3F, 0x80, 0xFF, 0x81, 0xFF, 0x03, 0xDE, 0x07, 0xBC,
    0x1F, 0x7C, 0x3C, 0xF8, 0x78, 0xF0, 0xFF, 0xE3, 0xFF, 0xE7, 0xFF, 0xCF, 0x07, 0xBE, 0x0F, 0xFC,
    0x1F, 0xF0, 0x3E, 0x7F, 0xE3, 0xFF, 0x9F, 0xFC, 0xF1, 0xF7, 0x8F, 0xBC, 0x7D, 0xE7, 0xCF, 0xFC,
    0x7F, 0xE3, 0xFF, 0x9E, 0x3E, 0xF0, 0xF7, 0x87, 0xBC, 0x7D, 0xFF, 0xEF, 0xFE, 0x7F, 0xE0, 0x1F,
    0xE0, 0xFF, 0xC7, 0xFF, 0x9E, 0x3E, 0xF8, 0x7B, 0xE1, 0x8F, 0x00, 0x3C, 0x00, 0xF0, 0x03, 0xC0,
    0x0F, 0x00, 0x3E, 0x18, 0xF8, 0x79, 0xE3, 0xE7, 0xFF, 0x8F, 0xFC, 0x1F, 0xE0, 0xFF, 0xC3, 0xFF,
    0x8F, 0xFF, 0x3E, 0x3E, 0xF8, 0xFB, 0xE1, 0xEF, 0x87, 0xBE, 0x1E, 0xF8, 0x7F, 0xE1, 0xEF, 0x87,
    0xBE, 0x1E, 0xF8, 0xFB, 0xE3, 0xEF, 0xFF, 0x3F, 0xF8, 0xFF, 0xC0, 0xFF, 0xFF, 0xFF, 0xFF, 0xEF,
    0x00, 0xF0, 0x0F, 0x00, 0xF0, 0x0F, 0xFE, 0xFF, 0xEF, 0xFE, 0xF0, 0x0F, 0x00, 0xF0, 0x0F, 0x00,
    0xFF, 0xEF, 0xFF, 0xFF, 0xF0, 0xFF, 0xFF, 0xFF, 0xFF, 0xFF, 0x00, 0xF0, 0x0F, 0x00, 0xF0, 0x0F,
    0xFE, 0xFF, 0xEF, 0xFE, 0xF0, 0x0F, 0x00, 0xF0, 0x0F, 0x00, 0xF0, 0x0F, 0x00, 0xF0, 0x00, 0x0F,
    0xE0, 0x7F, 0xC3, 0xFF, 0x9F, 0x1F, 0x7C, 0x7D, 0xE0, 0x07, 0x80, 0x1E, 0x7F, 0x79, 0xFD, 0xE7,
    0xF7, 0x83, 0xDE, 0x0F, 0x7C, 0x3D, 0xF1, 0xF3, 0xFF, 0xCF, 0xFF, 0x1F, 0xBC, 0xF8, 0xFF, 0xC7,
    0xFE, 0x3F, 0xF1, 0xFF, 0x8F, 0xFC, 0x7F, 0xE3, 0xFF, 0xFF, 0xFF, 0xFF, 0xFF, 0xFE, 0x3F, 0xF1,
    0xFF, 0x8F, 0xFC, 0x7F, 0xE3, 0xFF, 0x1F, 0xF8, 0xF8, 0xFF, 0xFF, 0xFF, 0xDF, 0xFC, 0x1F, 0x00,
    0xF8, 0x07, 0xC0, 0x3E, 0x01, 0xF0, 0x0F, 0x80, 0x7C, 0x03, 0xE0, 0x1F, 0x00, 0xF8, 0x07, 0xC1,
    0xFF, 0xDF, 0xFF, 0xFF, 0xF8, 0x1F, 0xF8, 0xFF, 0xC7, 0xFE, 0x00, 0xF0, 0x07, 0x80, 0x3C, 0x01,
    0xE0, 0x0F, 0x00, 0x78, 0x03, 0xC0, 0x1E, 0x00, 0xF7, 0x87, 0xBE, 0x7D, 0xFF, 0xE7, 0xFE, 0x1F,
    0xE0, 0xF8, 0x7D, 0xF1, 0xF3, 0xE7, 0xC7, 0xCF, 0x8F, 0xBE, 0x1F, 0xF8, 0x3F, 0xF0, 0x7F, 0xC0,
    0xFF, 0xC1, 0xFF, 0x83, 0xFF, 0x87, 0xDF, 0x0F, 0x9F, 0x1F, 0x1F, 0x3E, 0x3E, 0x7C, 0x3E, 0xF8,
    0x7C, 0xF0, 0x0F, 0x00, 0xF0, 0x0F, 0x00, 0xF0, 0x0F, 0x00, 0xF0, 0x0F, 0x00, 0xF0, 0x0F, 0x00,
    0xF0, 0x0F, 0x00, 0xF0, 0x0F, 0x00, 0xFF, 0xFF, 0xFF, 0xFF, 0xF0, 0x7C, 0x7C, 0xF8, 0xF9, 0xF9,
    0xF3, 0xF7, 0xE7, 0xEF, 0xCF, 0xFF, 0x9F, 0xFF, 0x3F, 0xFE, 0x7F, 0xFC, 0xF7, 0x79, 0xEE, 0xF3,
    0xDD, 0xE7, 0x93, 0xCF, 0x07, 0x9E, 0x0F, 0x3C, 0x1E, 0x78, 0x3C, 0xFC, 0x7F, 0xE3, 0xFF, 0x1F,
    0xFC, 0xFF, 0xE7, 0xFF, 0x3F, 0xFD, 0xFF, 0xEF, 0xF7, 0x7F, 0xBF, 0xFD, 0xFF, 0xE7, 0xFF, 0x3F,
    0xF9, 0xFF, 0xC7, 0xFE, 0x3F, 0xF1, 0xF8, 0x0F, 0xE0, 0x3F, 0xE0, 0xFF, 0xE3, 0xE3, 0xE7, 0x83,
    0xCF, 0x07, 0xBE, 0x0F, 0xFC, 0x1F, 0xF8, 0x3F, 0xF0, 0x7F, 0xE0, 0xFB, 0xC1, 0xE7, 0x83, 0xCF,
    0x8F, 0x8F, 0xFE, 0x0F, 0xF8, 0x0F, 0xE0, 0x7F, 0xE3, 0xFF, 0x9F, 0xFE, 0xF1, 0xF7, 0x87, 0xBC,
    0x3D, 0xE1, 0xEF, 0x1F, 0x7F, 0xFB, 0xFF, 0x9F, 0xF0, 0xF0, 0x07, 0x80, 0x3C, 0x01, 0xE0, 0x0F,
    0x00, 0x78, 0x00, 0x0F, 0xE0, 0x0F, 0xF8, 0x0F, 0xFE, 0x0F, 0xDF, 0x87, 0x83, 0xC3, 0xC1, 0xE3,
    0xE0, 0xF9, 0xF0, 0x7C, 0xF8, 0x3E, 0x7C, 0x1F, 0x3E, 0x0F, 0x8F, 0x7F, 0x87, 0xDF, 0xC3, 0xF7,
    0xE0, 0xFF, 0xF0, 0x3F, 0xFC, 0x0F, 0xFF, 0x00, 0x07, 0x80, 0x7F, 0xE1, 0xFF, 0xC7, 0xFF, 0x9E,
    0x3E, 0x78, 0x79, 0xE1, 0xE7, 0x87, 0x9E, 0x3E, 0x7F, 0xF9, 0xFF, 0xC7, 0xFE, 0x1E, 0xF8, 0x79,
    0xE1, 0xE7, 0xC7, 0x8F, 0x1E, 0x3E, 0x78, 0x78, 0x0F, 0xF0, 0xFF, 0xF3, 0xFF, 0xDF, 0x0E, 0x7C,
    0x11, 0xF0, 0x07, 0xF8, 0x0F, 0xFC, 0x3F, 0xF8, 0x3F, 0xF0, 0x0F, 0xC0, 0x0F, 0x30, 0x3D, 0xE1,
    0xF7, 0xFF, 0x9F, 0xFE, 0x1F, 0xE0, 0xFF, 0xFF, 0xFF, 0xFF, 0xFF, 0xF8, 0x3E, 0x00, 0x7C, 0x00,
    0xF8, 0x01, 0xF0, 0x03, 0xE0, 0x07, 0xC0, 0x0F, 0x80, 0x1F, 0x00, 0x3E, 0x00, 0x7C, 0x00, 0xF8,
    0x01, 0xF0, 0x03, 0xE0, 0x07, 0xC0, 0xF8, 0xFF, 0xC7, 0xFE, 0x3F, 0xF1, 0xFF, 0x8F, 0xFC, 0x7F,
    0xE3, 0xFF, 0x1F, 0xF8, 0xFF, 0xC7, 0xFE, 0x3F, 0xF1, 0xFF, 0x8F, 0xFE, 0xFD, 0xFF, 0xCF, 0xFE,
    0x3F, 0xE0, 0xF8, 0x3F, 0xF0, 0x7D, 0xE0, 0xF3, 0xE1, 0xE7, 0xC7, 0xCF, 0x8F, 0x8F, 0x1E, 0x1F,
    0x3C, 0x3E, 0xF8, 0x7D, 0xF0, 0x7B, 0xC0, 0xF7, 0x81, 0xFF, 0x01, 0xFC, 0x03, 0xF8, 0x07, 0xF0,
    0x0F, 0xE0, 0xF0, 0x1F, 0xE0, 0x3F, 0xC0, 0x7F, 0x80, 0xFF, 0x7D, 0xFE, 0xFB, 0xFD, 0xF7, 0xFB,
    0xEF, 0xF7, 0xDF, 0xEF, 0xF9, 0xFB, 0xF3, 0xF7, 0xE7, 0xEF, 0xCF, 0xDF, 0x9F, 0xBF, 0x3F, 0x7E,
    0x7E, 0xFC, 0xF8, 0x3E, 0xF8, 0xF8, 0xF9, 0xE1, 0xF7, 0xC1, 0xEF, 0x03, 0xFE, 0x03, 0xF8, 0x07,
    0xF0, 0x07, 0xC0, 0x1F, 0xC0, 0x7F, 0xC0, 0xFF, 0x83, 0xEF, 0x87, 0x9F, 0x1F, 0x1F, 0x3C, 0x3E,
    0xF8, 0x3E, 0xF8, 0x3F, 0xF0, 0x7D, 0xF1, 0xF3, 0xE3, 0xE3, 0xEF, 0x87, 0xDF, 0x07, 0xFC, 0x0F,
    0xF8, 0x0F, 0xE0, 0x1F, 0xC0, 0x1F, 0x00, 0x3E, 0x00, 0x7C, 0x00, 0xF8, 0x01, 0xF0, 0x03, 0xE0,
    0x07, 0xC0, 0xFF, 0xFF, 0xFF, 0xFF, 0xFE, 0x03, 0xF0, 0x1F, 0x01, 0xF0, 0x1F, 0x01, 0xF8, 0x0F,
    0x80, 0xF8, 0x0F, 0xC0, 0x7C, 0x07, 0xC0, 0x7C, 0x03, 0xFF, 0xFF, 0xFF, 0xFF, 0xF8, 0xFF, 0xFF,
    0xFF, 0xFE, 0x0F, 0x07, 0x83, 0xC1, 0xE0, 0xF0, 0x78, 0x3C, 0x1E, 0x0F, 0x07, 0x83, 0xC1, 0xE0,
    0xF0, 0x78, 0x3C, 0x1F, 0xFF, 0xFF, 0xFC, 0x78, 0x03, 0xC0, 0x1E, 0x00, 0x78, 0x03, 0xC0, 0x1F,
    0x00, 0x78, 0x03, 0xC0, 0x0F, 0x00, 0x78, 0x03, 0xC0, 0x0F, 0x00, 0x78, 0x03, 0xC0, 0x0F, 0x00,
    0x78, 0x03, 0xE0, 0x0F, 0x00, 0x78, 0x01, 0xE0, 0x0F, 0x00, 0x78, 0xFF, 0xFF, 0xFF, 0xE0, 0xF0,
    0x78, 0x3C, 0x1E, 0x0F, 0x07, 0x83, 0xC1, 0xE0, 0xF0, 0x78, 0x3C, 0x1E, 0x0F, 0x07, 0x83, 0xC1,
    0xFF, 0xFF, 0xFF, 0xFC, 0x07, 0xC0, 0x1F, 0xC0, 0x3F, 0x80, 0xFF, 0x81, 0xEF, 0x07, 0x9F, 0x0F,
    0x1E, 0x3E, 0x3E, 0x78, 0x3D, 0xF0, 0x7C, 0xC0, 0x60, 0xFF, 0xFF, 0xFF, 0xFF, 0xFE, 0x00, 0x71,
    0xE3, 0xE3, 0xC3, 0x86, 0x00, 0x3F, 0xC1, 0xFF, 0x87, 0xFF, 0x1C, 0x7C, 0x00, 0xF0, 0xFF, 0xC7,
    0xFF, 0x3E, 0x3C, 0xF0, 0xF3, 0xE7, 0xCF, 0xFF, 0xDF, 0xFF, 0x3E, 0x7C, 0xF8, 0x03, 0xE0, 0x0F,
    0x80, 0x3E, 0x00, 0xF8, 0x03, 0xFF, 0x8F, 0xFF, 0x3F, 0xFE, 0xF8, 0xFB, 0xE1, 0xEF, 0x87, 0xBE,
    0x1E, 0xF8, 0x7B, 0xE1, 0xEF, 0x8F, 0xBF, 0xFE, 0xFF, 0xF3, 0xFF, 0x80, 0x1F, 0xC1, 0xFF, 0x9F,
    0xFC, 0xF9, 0xEF, 0x84, 0x7C, 0x03, 0xE0, 0x1F, 0x00, 0xF8, 0x43, 0xE7, 0x9F, 0xFE, 0x7F, 0xE1,
    0xFE, 0x00, 0x00, 0x7C, 0x01, 0xF0, 0x07, 0xC0, 0x1F, 0x00, 0x7C, 0x7F, 0xF3, 0xFF, 0xDF, 0xFF,
    0x7C, 0x7D, 0xE1, 0xF7, 0x87, 0xDE, 0x1F, 0x78, 0x7D, 0xE1, 0xF7, 0xC7, 0xDF, 0xFF, 0x3F, 0xFC,
    0x7F, 0xF0, 0x1F, 0xC1, 0xFF, 0x1F, 0xFD, 0xF1, 0xFF, 0x07, 0xFF, 0xFF, 0xFF, 0xFF, 0xFF, 0xF0,
    0x07, 0xC3, 0x1F, 0xFC, 0x7F, 0xE1, 0xFE, 0x00, 0x03, 0xF8, 0x3F, 0xC3, 0xFE, 0x1F, 0x00, 0xF8,
    0x7F, 0xFF, 0xFF, 0xFF, 0xFF, 0x0F, 0x80, 0x7C, 0x03, 0xE0, 0x1F, 0x00, 0xF8, 0x07, 0xC0, 0x3E,
    0x1F, 0xFF, 0xFF, 0xFF, 0xFF, 0xC0, 0x1F, 0x7C, 0xFF, 0xF7, 0xFF, 0xDF, 0x1F, 0x78, 0x7D, 0xE1,
    0xF7, 0x87, 0xDE, 0x1F, 0x78, 0x7D, 0xF1, 0xF7, 0xFF, 0xCF, 0xFF, 0x1F, 0x7C, 0x01, 0xF1, 0x8F,
    0x8F, 0xFE, 0x3F, 0xF0, 0x7F, 0x80, 0xF8, 0x07, 0xC0, 0x3E, 0x01, 0xF0, 0x0F, 0x80, 0x7D, 0xF3,
    0xFF, 0xDF, 0xFE, 0xF8, 0xFF, 0xC7, 0xFE, 0x3F, 0xF1, 0xFF, 0x8F, 0xFC, 0x7F, 0xE3, 0xFF, 0x1F,
    0xF8, 0xFF, 0xC7, 0xC0, 0x0F, 0x80, 0xF8, 0x0F, 0x80, 0xF8, 0x00, 0x0F, 0xF8, 0xFF, 0x8F, 0xF8,
    0x0F, 0x80, 0xF8, 0x0F, 0x80, 0xF8, 0x0F, 0x80, 0xF8, 0x0F, 0x8F, 0xFF, 0xFF, 0xFF, 0xFF, 0x07,
    0x81, 0xE0, 0x78, 0x1E, 0x00, 0x3F, 0xEF, 0xFB, 0xFE, 0x07, 0x81, 0xE0, 0x78, 0x1E, 0x07, 0x81,
    0xE0, 0x78, 0x1E, 0x07, 0x81, 0xE0, 0x78, 0x1E, 0xFF, 0xBF, 0xEF, 0xF0, 0xF8, 0x03, 0xE0, 0x0F,
    0x80, 0x3E, 0x00, 0xF8, 0x03, 0xE3, 0xEF, 0x9F, 0x3E, 0xF8, 0xFF, 0xC3, 0xFE, 0x0F, 0xF8, 0x3F,
    0xF0, 0xFF, 0xC3, 0xEF, 0x8F, 0x9F, 0x3E, 0x7C, 0xF8, 0xFB, 0xE1, 0xF0, 0xFF, 0x87, 0xFC, 0x3F,
    0xE0, 0x1F, 0x00, 0xF8, 0x07, 0xC0, 0x3E, 0x01, 0xF0, 0x0F, 0x80, 0x7C, 0x03, 0xE0, 0x1F, 0x00,
    0xF8, 0x07, 0xC0, 0x3E, 0x1F, 0xFF, 0xFF, 0xFF, 0xFF, 0xC0, 0xFF, 0x7D, 0xFF, 0xFB, 0xFF, 0xF7,
    0xBC, 0xFF, 0x39, 0xFE, 0x73, 0xFC, 0xE7, 0xF9, 0xCF, 0xF3, 0x9F, 0xE7, 0x3F, 0xCE, 0x7F, 0x9C,
    0xFF, 0x39, 0xE0, 0xFB, 0xE7, 0xFF, 0xBF, 0xFD, 0xF1, 0xFF, 0x8F, 0xFC, 0x7F, 0xE3, 0xFF, 0x1F,
    0xF8, 0xFF, 0xC7, 0xFE, 0x3F, 0xF1, 0xFF, 0x8F, 0x80, 0x1F, 0xC1, 0xFF, 0x1F, 0xFD, 0xF1, 0xFF,
    0x07, 0xF8, 0x3F, 0xC1, 0xFE, 0x0F, 0xF0, 0x7F, 0xC7, 0xDF, 0xFC, 0x7F, 0xC1, 0xFC, 0x00, 0xFF,
    0xE3, 0xFF, 0xCF, 0xFF, 0xBE, 0x3E, 0xF8, 0x7B, 0xE1, 0xEF, 0x87, 0xBE, 0x1E, 0xF8, 0x7B, 0xE3,
    0xEF, 0xFF, 0xBF, 0xFC, 0xFF, 0xE3, 0xE0, 0x0F, 0x80, 0x3E, 0x00, 0xF8, 0x03, 0xE0, 0x00, 0x1F,
    0xFC, 0xFF, 0xF7, 0xFF, 0xDF, 0x1F, 0x78, 0x7D, 0xE1, 0xF7, 0x87, 0xDE, 0x1F, 0x78, 0x7D, 0xF1,
    0xF7, 0xFF, 0xCF, 0xFF, 0x1F, 0xFC, 0x01, 0xF0, 0x07, 0xC0, 0x1F, 0x00, 0x7C, 0x01, 0xF0, 0xFF,
    0x7B, 0xFF, 0xE7, 0xFF, 0x87, 0xF0, 0x1F, 0x00, 0x7C, 0x01, 0xF0, 0x07, 0xC0, 0x1F, 0x00, 0x7C,
    0x07, 0xFF, 0x3F, 0xFC, 0xFF, 0xF0, 0x1F, 0xE1, 0xFF, 0x9F, 0xFC, 0xF0, 0xC7, 0xC0, 0x3F, 0xE1,
    0xFF, 0xC3, 0xFE, 0x00, 0xFB, 0x87, 0xFF, 0xFC, 0xFF, 0xE3, 0xFC, 0x00, 0x1F, 0x00, 0xF8, 0x07,
    0xC0, 0x3E, 0x0F, 0xFF, 0xFF, 0xFF, 0xFF, 0xE3, 0xE0, 0x1F, 0x00, 0xF8, 0x07, 0xC0, 0x3E, 0x01,
    0xF0, 0x0F, 0x80, 0x7F, 0xE1, 0xFF, 0x07, 0xF8, 0xF8, 0xFF, 0xC7, 0xFE, 0x3F, 0xF1, 0xFF, 0x8F,
    0xFC, 0x7F, 0xE3, 0xFF, 0x1F, 0xF8, 0xFF, 0xC7, 0xDF, 0xFE, 0xFF, 0xF3, 0xEF, 0x80, 0xF8, 0x3E,
    0xF0, 0x79, 0xF1, 0xF1, 0xE3, 0xC3, 0xC7, 0x87, 0xCF, 0x07, 0xBC, 0x0F, 0x78, 0x1E, 0xF0, 0x1F,
    0xC0, 0x3F, 0x80, 0x7F, 0x00, 0x7C, 0x00, 0xF3, 0xDF, 0xEF, 0xBF, 0xDF, 0x7F, 0xBE, 0xFF, 0x7D,
    0xFE, 0xFB, 0xDD, 0xB7, 0x3F, 0x7E, 0x7E, 0xFC, 0xFD, 0xF9, 0xFB, 0xF3, 0xF7, 0xE7, 0xEF, 0xC0,
    0x7C, 0x7C, 0x7C, 0xF0, 0xFB, 0xE0, 0xFF, 0x80, 0xFE, 0x01, 0xFC, 0x01, 0xF0, 0x07, 0xF0, 0x1F,
    0xF0, 0x3F, 0xE0, 0xFB, 0xE3, 0xE3, 0xE7, 0x87, 0xC0, 0xF8, 0x3E, 0xF0, 0x79, 0xF1, 0xF3, 0xE3,
    0xE3, 0xC7, 0x87, 0xDF, 0x07, 0xBC, 0x0F, 0x78, 0x1F, 0xE0, 0x1F, 0xC0, 0x3F, 0x80, 0x3E, 0x00,
    0x7C, 0x00, 0xF0, 0x01, 0xE0, 0x3F, 0xC0, 0x7F, 0x00, 0xFC, 0x00, 0x7F, 0xF3, 0xFF, 0x9F, 0xFC,
    0x03, 0xE0, 0x3E, 0x03, 0xE0, 0x3E, 0x03, 0xE0, 0x3E, 0x03, 0xE0, 0x3F, 0xFF, 0xFF, 0xFF, 0xFF,
    0x80, 0x0F, 0xE3, 0xFC, 0x7F, 0x8E, 0x01, 0xE0, 0x3C, 0x03, 0xC0, 0x38, 0x07, 0x9F, 0xE3, 0xF8,
    0x7F, 0x80, 0xF0, 0x0F, 0x03, 0xC0, 0x78, 0x1E, 0x03, 0xC0, 0x70, 0x0F, 0xF1, 0xFE, 0x1F, 0xC0,
    0x73, 0x9C, 0xE7, 0x39, 0xCE, 0x73, 0x9C, 0xE7, 0x39, 0xCE, 0x73, 0x9C, 0xE7, 0x38, 0xFE, 0x1F,
    0xE3, 0xFC, 0x03, 0x80, 0xF0, 0x1E, 0x07, 0x80, 0xE0, 0x3C, 0x03, 0xFC, 0x3F, 0x8F, 0xF1, 0xE0,
    0x78, 0x07, 0x80, 0xF0, 0x0F, 0x01, 0xE0, 0x1C, 0x7F, 0x8F, 0xF1, 0xFC, 0x00, 0x1E, 0x18, 0x7F,
    0x39, 0xFF, 0xF3, 0xDF, 0xE7, 0x0F, 0x80, 0xFF, 0xFF, 0xF0, 0x00, 0x0E, 0x73, 0x9D, 0xFF, 0xFF,
    0xFF, 0xFF, 0xC0, 0x07, 0x80, 0x3C, 0x01, 0xE0, 0x3F, 0xC3, 0xFF, 0x3F, 0xFD, 0xFD, 0xDF, 0xE0,
    0xF7, 0x07, 0xB8, 0x3D, 0xC1, 0xFE, 0xC7, 0xFF, 0xBF, 0xF8, 0xFF, 0x81, 0xF8, 0x07, 0x80, 0x3C,
    0x00, 0x0F, 0xE1, 0xFF, 0xDF, 0xFE, 0xF8, 0xE7, 0x82, 0x3C, 0x01, 0xF0, 0x0F, 0x80, 0xFF, 0xC7,
    0xFE, 0x3F, 0xF0, 0x7C, 0x03, 0xE0, 0x3E, 0x03, 0xFF, 0xFF, 0xFF, 0xFF, 0xF8, 0xF0, 0x1F, 0xF0,
    0x7D, 0xE0, 0xF3, 0xE3, 0xE3, 0xC7, 0x87, 0x8F, 0x0F, 0xBE, 0x0F, 0x78, 0x1F, 0xF0, 0xFF, 0xF9,
    0xFF, 0xF3, 0xFF, 0xE0, 0x7C, 0x00, 0xF8, 0x1F, 0xFF, 0x3F, 0xFE, 0x7F, 0xFC, 0x73, 0x9C, 0xE7,
    0x39, 0xCE, 0x70, 0x00, 0x00, 0x39, 0xCE, 0x73, 0x9C, 0xE7, 0x38, 0x1F, 0xE1, 0xFF, 0x8F, 0xFC,
    0xF0, 0xC7, 0x80, 0x3E, 0x00, 0xFE, 0x07, 0xFC, 0x1F, 0xF3, 0xDF, 0xDC, 0x1F, 0xE0, 0xFF, 0xC7,
    0x3F, 0xF0, 0xFF, 0x81, 0xFE, 0x01, 0xF0, 0x07, 0x8C, 0x3C, 0xFF, 0xE7, 0xFE, 0x0F, 0xE0, 0xFB,
    0xFF, 0x7F, 0xEF, 0xFD, 0xF0, 0x0F, 0xE0, 0x7F, 0xF0, 0xC0, 0x63, 0x3E, 0x6E, 0xFE, 0xFB, 0xFE,
    0xF7, 0x99, 0xEF, 0x03, 0xDE, 0x07, 0xBC, 0xCF, 0x7F, 0xDF, 0x7F, 0x76, 0x7C, 0xCE, 0x03, 0x8F,
    0x1E, 0x07, 0xF0, 0x01, 0x00, 0x7E, 0x3F, 0xC6, 0x70, 0x1E, 0x7F, 0xBF, 0xEE, 0x7B, 0x9E, 0xFF,
    0xDE, 0xF0, 0x04, 0x10, 0x61, 0xCF, 0x9E, 0xFB, 0xFF, 0xBF, 0x7D, 0xF3, 0xCF, 0x1F, 0x7C, 0x7D,
    0xF1, 0xF7, 0xC7, 0x9E, 0x18, 0x60, 0x00, 0x00, 0xFF, 0xF7, 0xFF, 0xBF, 0xFC, 0x00, 0xE0, 0x07,
    0x00, 0x38, 0x01, 0xC0, 0x0E, 0xFF, 0xFF, 0xFF, 0xFF, 0xF0, 0x1F, 0x07, 0x71, 0xFF, 0x3D, 0xE7,
    0xFC, 0xFF, 0x9E, 0xF1, 0xDC, 0x1F, 0x00, 0xFF, 0xFF, 0xFF, 0xE0, 0x1F, 0x07, 0xF1, 0xFF, 0x3D,
    0xEF, 0x1F, 0xE3, 0xDC, 0x73, 0xFE, 0x3F, 0x83, 0xE0, 0x07, 0x00, 0x38, 0x01, 0xC0, 0x0E, 0x0F,
    0xFF, 0xFF, 0xFF, 0xFF, 0xE0, 0xE0, 0x07, 0x00, 0x38, 0x01, 0xC0, 0x00, 0x00, 0x00, 0x7F, 0xFF,
    0xFF, 0xFF, 0xFF, 0x3E, 0x3F, 0x9F, 0xC0, 0xE0, 0xF1, 0xF1, 0xF0, 0xFF, 0x7F, 0x80, 0x7F, 0x3F,
    0x89, 0xC3, 0xE1, 0xF0, 0x39, 0x9F, 0xFE, 0x7E, 0x00, 0x18, 0x3C, 0xF9, 0xE7, 0x8E, 0x1C, 0x00,
    0xF8, 0xFF, 0xC7, 0xFE, 0x3F, 0xF1, 0xFF, 0x8F, 0xFC, 0x7F, 0xE3, 0xFF, 0x1F, 0xF8, 0xFF, 0xC7,
    0xFF, 0xFF, 0xFF, 0xFF, 0xFF, 0xF8, 0x03, 0xC0, 0x1F, 0x00, 0xF8, 0x07, 0xC0, 0x00, 0x1F, 0xFC,
    0xFF, 0xF7, 0xFF, 0xDF, 0xEF, 0xFF, 0xBF, 0xFE, 0xFF, 0xFB, 0xDF, 0xEF, 0x7F, 0xBC, 0xFE, 0xF1,
    0xFB, 0xC0, 0xEF, 0x03, 0xBC, 0x0E, 0xF0, 0x3B, 0xC0, 0xEF, 0x03, 0xBC, 0x0E, 0xF0, 0x3B, 0xC0,
    0xEF, 0x03, 0x9C, 0xFF, 0xFF, 0xF0, 0x38, 0x38, 0x3E, 0x0E, 0x7E, 0x7E, 0x7C, 0xFC, 0xFC, 0x5C,
    0x1C, 0x1C, 0x1C, 0xFF, 0xFF, 0x1F, 0x07, 0xF1, 0xEF, 0x38, 0xE7, 0x1C, 0xE3, 0x9C, 0x73, 0xDE,
    0x3F, 0x83, 0xE0, 0x41, 0x07, 0x0C, 0x3C, 0xF9, 0xFB, 0xE7, 0xEF, 0x9F, 0x7C, 0x79, 0xE7, 0xDF,
    0x7D, 0xF7, 0xDF, 0x3C, 0xF0, 0xC3, 0x00, 0x00, 0x00, 0x7C, 0x0F, 0xF8, 0x39, 0x70, 0x70, 0xE1,
    0xC1, 0xC7, 0x83, 0x8E, 0x1F, 0xBC, 0x3F, 0x70, 0x00, 0x1C, 0x1C, 0x78, 0x79, 0xF0, 0xE3, 0xE3,
    0xCF, 0xC7, 0x3F, 0x9C, 0x7F, 0xB8, 0x7F, 0xE0, 0x1C, 0x7C, 0x0F, 0xF8, 0x39, 0x70, 0x70, 0xE1,
    0xC1, 0xC7, 0x83, 0x8E, 0x1F, 0xBC, 0x3F, 0x70, 0x00, 0x7C, 0x1D, 0xF8, 0x7B, 0xF8, 0xE0, 0x73,
    0xC1, 0xC7, 0x0F, 0x1C, 0x3C, 0x38, 0x7F, 0xE0, 0xFE, 0x7E, 0x0F, 0xFC, 0x39, 0xB8, 0x71, 0xF1,
    0xC3, 0xE7, 0x81, 0xCE, 0x3B, 0xBC, 0x7F, 0x70, 0x7C, 0x1C, 0x1C, 0x78, 0x79, 0xF0, 0xE3, 0xE3,
    0xCF, 0xC7, 0x3F, 0x9C, 0x7F, 0xB8, 0x7F, 0xE0, 0x1C, 0x0F, 0xC0, 0x7E, 0x03, 0xF0, 0x1F, 0x80,
    0x00, 0x00, 0x00, 0x1E, 0x00, 0xF0, 0x1F, 0x81, 0xFC, 0x1F, 0x80, 0xF0, 0x0F, 0x80, 0x3C, 0x31,
    0xF3, 0xEF, 0xFE, 0x3F, 0xF0, 0xFE, 0x00, 0x02, 0x00, 0x1E, 0x00, 0x3C, 0x00, 0x7C, 0x00, 0x78,
    0x00, 0x70, 0x00, 0x40, 0x00, 0x00, 0x0F, 0xE0, 0x1F, 0xC0, 0x3F, 0x80, 0xFF, 0x81, 0xFF, 0x03,
    0xDE, 0x07, 0xBC, 0x1F, 0x7C, 0x3C, 0xF8, 0x78, 0xF0, 0xFF, 0xE3, 0xFF, 0xE7, 0xFF, 0xCF, 0x07,
    0xBE, 0x0F, 0xFC, 0x1F, 0xF0, 0x3E, 0x00, 0x00, 0x01, 0xC0, 0x07, 0xC0, 0x0F, 0x00, 0x3E, 0x00,
    0x78, 0x01, 0xE0, 0x00, 0x80, 0x00, 0x00, 0x1F, 0xC0, 0x3F, 0x80, 0x7F, 0x01, 0xFF, 0x03, 0xFE,
    0x07, 0xBC, 0x0F, 0x78, 0x3E, 0xF8, 0x79, 0xF0, 0xF1, 0xE1, 0xFF, 0xC7, 0xFF, 0xCF, 0xFF, 0x9E,
    0x0F, 0x7C, 0x1F, 0xF8, 0x3F, 0xE0, 0x7C, 0x07, 0xC0, 0x1F, 0xC0, 0x7F, 0xC1, 0xF7, 0x81, 0xC7,
    0x01, 0x04, 0x00, 0x00, 0x07, 0xF0, 0x0F, 0xE0, 0x1F, 0xC0, 0x7F, 0xC0, 0xFF, 0x81, 0xEF, 0x03,
    0xDE, 0x0F, 0xBE, 0x1E, 0x7C, 0x3C, 0x78, 0x7F, 0xF1, 0xFF, 0xF3, 0xFF, 0xE7, 0x83, 0xDF, 0x07,
    0xFE, 0x0F, 0xF8, 0x1F, 0x0F, 0x00, 0x3F, 0xE0, 0x7F, 0xC0, 0xDF, 0x80, 0x00, 0x00, 0x00, 0x03,
    0xF8, 0x07, 0xF0, 0x0F, 0xE0, 0x3F, 0xE0, 0x7F, 0xC0, 0xF7, 0x81, 0xEF, 0x07, 0xDF, 0x0F, 0x3E,
    0x1E, 0x3C, 0x3F, 0xF8, 0xFF, 0xF9, 0xFF, 0xF3, 0xC1, 0xEF, 0x83, 0xFF, 0x07, 0xFC, 0x0F, 0x80,
    0x3E, 0xF8, 0x7D, 0xF0, 0xFB, 0xE1, 0xF7, 0xC0, 0x00, 0x01, 0xFC, 0x03, 0xF8, 0x07, 0xF0, 0x1F,
    0xF0, 0x3F, 0xE0, 0x7B, 0xC0, 0xF7, 0x83, 0xEF, 0x87, 0x9F, 0x0F, 0x1E, 0x1F, 0xFC, 0x7F, 0xFC,
    0xFF, 0xF9, 0xE0, 0xF7, 0xC1, 0xFF, 0x83, 0xFE, 0x07, 0xC0, 0x07, 0xC0, 0x1F, 0xC0, 0x3B, 0x80,
    0xF7, 0x00, 0xEE, 0x01, 0xFC, 0x01, 0xF0, 0x00, 0x00, 0x0F, 0xE0, 0x1F, 0xC0, 0x3F, 0x80, 0xFF,
    0x81, 0xFF, 0x03, 0xDE, 0x07, 0xBC, 0x1F, 0x7C, 0x3C, 0xF8, 0x78, 0xF0, 0xFF, 0xE3, 0xFF, 0xE7,
    0xFF, 0xCF, 0x07, 0xBE, 0x0F, 0xFC, 0x1F, 0xF0, 0x3E, 0x0F, 0xFF, 0x0F, 0xFF, 0x0F, 0xFF, 0x0F,
    0xF0, 0x1E, 0xF0, 0x1E, 0xF0, 0x1E, 0xF0, 0x1E, 0xFE, 0x1E, 0xFE, 0x3C, 0xFE, 0x3F, 0xF0, 0x3F,
    0xF0, 0x3F, 0xF0, 0x7C, 0xF0, 0x78, 0xFF, 0x78, 0xFF, 0x78, 0xFF, 0x1F, 0xE0, 0xFF, 0xC7, 0xFF,
    0x9E, 0x3E, 0xF8, 0x7B, 0xE1, 0x8F, 0x00, 0x3C, 0x00, 0xF0, 0x03, 0xC0, 0x0F, 0x00, 0x3E, 0x18,
    0xF8, 0x79, 0xE3, 0xE7, 0xFF, 0x8F, 0xFC, 0x1F, 0xE0, 0x1C, 0x00, 0x7C, 0x00, 0x78, 0x0F, 0xC0,
    0x3F, 0x00, 0x08, 0x03, 0xC0, 0x3C, 0x03, 0xE0, 0x1E, 0x00, 0xF0, 0x04, 0x00, 0x00, 0xFF, 0xFF,
    0xFF, 0xFF, 0xEF, 0x00, 0xF0, 0x0F, 0x00, 0xF0, 0x0F, 0xFE, 0xFF, 0xEF, 0xFE, 0xF0, 0x0F, 0x00,
    0xF0, 0x0F, 0x00, 0xFF, 0xEF, 0xFF, 0xFF, 0xF0, 0x00, 0x00, 0x38, 0x03, 0xC0, 0x78, 0x0F, 0x80,
    0xF0, 0x0E, 0x00, 0x60, 0x00, 0x0F, 0xFF, 0xFF, 0xFF, 0xFE, 0xF0, 0x0F, 0x00, 0xF0, 0x0F, 0x00,
    0xFF, 0xEF, 0xFE, 0xFF, 0xEF, 0x00, 0xF0, 0x0F, 0x00, 0xF0, 0x0F, 0xFE, 0xFF, 0xFF, 0xFF, 0x1F,
    0x03, 0xF8, 0x7F, 0xC7, 0xBE, 0x71, 0xC2, 0x08, 0x00, 0x0F, 0xFF, 0xFF, 0xFF, 0xFE, 0xF0, 0x0F,
    0x00, 0xF0, 0x0F, 0x00, 0xFF, 0xEF, 0xFE, 0xFF, 0xEF, 0x00, 0xF0, 0x0F, 0x00, 0xF0, 0x0F, 0xFE,
    0xFF, 0xFF, 0xFF, 0xFB, 0xEF, 0xBE, 0xFB, 0xEF, 0xBE, 0x00, 0x0F, 0xFF, 0xFF, 0xFF, 0xFE, 0xF0,
    0x0F, 0x00, 0xF0, 0x0F, 0x00, 0xFF, 0xEF, 0xFE, 0xFF, 0xEF, 0x00, 0xF0, 0x0F, 0x00, 0xF0, 0x0F,
    0xFE, 0xFF, 0xFF, 0xFF, 0x04, 0x00, 0xF0, 0x07, 0x80, 0x3E, 0x00, 0xF0, 0x03, 0x80, 0x08, 0x00,
    0x00, 0xFF, 0xFF, 0xFF, 0xDF, 0xFC, 0x1F, 0x00, 0xF8, 0x07, 0xC0, 0x3E, 0x01, 0xF0, 0x0F, 0x80,
    0x7C, 0x03, 0xE0, 0x1F, 0x00, 0xF8, 0x07, 0xC1, 0xFF, 0xDF, 0xFF, 0xFF, 0xF8, 0x00, 0x00, 0x0E,
    0x00, 0xF8, 0x07, 0x80, 0x7C, 0x03, 0xC0, 0x1C, 0x00, 0x60, 0x00, 0x07, 0xFF, 0xFF, 0xFE, 0xFF,
    0xE0, 0xF8, 0x07, 0xC0, 0x3E, 0x01, 0xF0, 0x0F, 0x80, 0x7C, 0x03, 0xE0, 0x1F, 0x00, 0xF8, 0x07,
    0xC0, 0x3E, 0x0F, 0xFE, 0xFF, 0xFF, 0xFF, 0xC0, 0x0F, 0x80, 0xFE, 0x0F, 0xF8, 0x7B, 0xC3, 0x8E,
    0x08, 0x20, 0x00, 0x1F, 0xFF, 0xFF, 0xFB, 0xFF, 0x83, 0xE0, 0x1F, 0x00, 0xF8, 0x07, 0xC0, 0x3E,
    0x01, 0xF0, 0x0F, 0x80, 0x7C, 0x03, 0xE0, 0x1F, 0x00, 0xF8, 0x3F, 0xFB, 0xFF, 0xFF, 0xFF, 0x7D,
    0xF3, 0xEF, 0x9F, 0x7C, 0xFB, 0xE0, 0x00, 0x7F, 0xFF, 0xFF, 0xEF, 0xFE, 0x0F, 0x80, 0x7C, 0x03,
    0xE0, 0x1F, 0x00, 0xF8, 0x07, 0xC0, 0x3E, 0x01, 0xF0, 0x0F, 0x80, 0x7C, 0x03, 0xE0, 0xFF, 0xEF,
    0xFF, 0xFF, 0xFC, 0x7F, 0xE0, 0xFF, 0xE1, 0xFF, 0xE3, 0xE3, 0xE7, 0xC7, 0xCF, 0x87, 0xBF, 0xCF,
    0x7F, 0xDE, 0xFF, 0xBE, 0xF8, 0x79, 0xF0, 0xF3, 0xE1, 0xE7, 0xC7, 0xCF, 0x8F, 0x9F, 0xFE, 0x3F,
    0xF8, 0x7F, 0xE0, 0x1E, 0x01, 0xFF, 0x0F, 0xF8, 0x2F, 0xC0, 0x00, 0x00, 0x03, 0xF1, 0xFF, 0x8F,
    0xFC, 0x7F, 0xF3, 0xFF, 0x9F, 0xFC, 0xFF, 0xF7, 0xFF, 0xBF, 0xDD, 0xFE, 0xFF, 0xF7, 0xFF, 0x9F,
    0xFC, 0xFF, 0xE7, 0xFF, 0x1F, 0xF8, 0xFF, 0xC7, 0xE0, 0x02, 0x00, 0x1E, 0x00, 0x3C, 0x00, 0x7C,
    0x00, 0x78, 0x00, 0x70, 0x00, 0x40, 0x00, 0x00, 0x0F, 0xE0, 0x3F, 0xE0, 0xFF, 0xE3, 0xE3, 0xE7,
    0x83, 0xCF, 0x07, 0xBE, 0x0F, 0xFC, 0x1F, 0xF8, 0x3F, 0xF0, 0x7F, 0xE0, 0xFB, 0xC1, 0xE7, 0x83,
    0xCF, 0x8F, 0x8F, 0xFE, 0x0F, 0xF8, 0x0F, 0xE0, 0x00, 0x00, 0x01, 0xC0, 0x07, 0xC0, 0x0F, 0x00,
    0x3E, 0x00, 0x78, 0x00, 0xE0, 0x00, 0xC0, 0x00, 0x00, 0x1F, 0xC0, 0x7F, 0xC1, 0xFF, 0xC7, 0xC7,
    0xCF, 0x07, 0x9E, 0x0F, 0x7C, 0x1F, 0xF8, 0x3F, 0xF0, 0x7F, 0xE0, 0xFF, 0xC1, 0xF7, 0x83, 0xCF,
    0x07, 0x9F, 0x1F, 0x1F, 0xFC, 0x1F, 0xF0, 0x1F, 0xC0, 0x07, 0xC0, 0x1F, 0xC0, 0x7F, 0xC0, 0xF7,
    0x81, 0xC7, 0x01, 0x04, 0x00, 0x00, 0x07, 0xF0, 0x1F, 0xF0, 0x7F, 0xF1, 0xF1, 0xF3, 0xC1, 0xE7,
    0x83, 0xDF, 0x07, 0xFE, 0x0F, 0xFC, 0x1F, 0xF8, 0x3F, 0xF0, 0x7D, 0xE0, 0xF3, 0xC1, 0xE7, 0xC7,
    0xC7, 0xFF, 0x07, 0xFC, 0x07, 0xF0, 0x0F, 0x00, 0x3F, 0xE0, 0x7F, 0xC0, 0x5F, 0x80, 0x00, 0x00,
    0x00, 0x03, 0xF8, 0x0F, 0xF8, 0x3F, 0xF8, 0xF8, 0xF9, 0xE0, 0xF3, 0xC1, 0xEF, 0x83, 0xFF, 0x07,
    0xFE, 0x0F, 0xFC, 0x1F, 0xF8, 0x3E, 0xF0, 0x79, 0xE0, 0xF3, 0xE3, 0xE3, 0xFF, 0x83, 0xFE, 0x03,
    0xF8, 0x00, 0x3E, 0xF8, 0x7D, 0xF0, 0xFB, 0xE1, 0xF7, 0xC0, 0x00, 0x01, 0xFC, 0x07, 0xFC, 0x1F,
    0xFC, 0x7C, 0x7C, 0xF0, 0x79, 0xE0, 0xF7, 0xC1, 0xFF, 0x83, 0xFF, 0x07, 0xFE, 0x0F, 0xFC, 0x1F,
    0x78, 0x3C, 0xF0, 0x79, 0xF1, 0xF1, 0xFF, 0xC1, 0xFF, 0x01, 0xFC, 0x00, 0x00, 0x01, 0x83, 0x1E,
    0x3C, 0xFB, 0xE3, 0xFE, 0x0F, 0xE0, 0x3E, 0x03, 0xF8, 0x3F, 0xE3, 0xEF, 0x9E, 0x3C, 0x60, 0xC0,
    0x00, 0x00, 0x00, 0x08, 0x00, 0x38, 0x3F, 0xF8, 0xFF, 0xE3, 0xFF, 0x8F, 0x8F, 0x9E, 0x3F, 0x3C,
    0x7E, 0xF9, 0xFF, 0xF3, 0xFF, 0xEE, 0xFF, 0xFD, 0xFF, 0xF3, 0xEF, 0xC7, 0x9F, 0x8F, 0x3E, 0x3E,
    0x3F, 0xF8, 0xFF, 0xE3, 0xFF, 0x83, 0x80, 0x02, 0x00, 0x00, 0x04, 0x00, 0xF0, 0x07, 0x80, 0x3E,
    0x00, 0xF0, 0x03, 0x80, 0x08, 0x00, 0x00, 0xF8, 0xFF, 0xC7, 0xFE, 0x3F, 0xF1, 0xFF, 0x8F, 0xFC,
    0x7F, 0xE3, 0xFF, 0x1F, 0xF8, 0xFF, 0xC7, 0xFE, 0x3F, 0xF1, 0xFF, 0x8F, 0xFE, 0xFD, 0xFF, 0xCF,
    0xFE, 0x3F, 0xE0, 0x00, 0x00, 0x0E, 0x00, 0xF8, 0x07, 0x80, 0x7C, 0x03, 0xC0, 0x1C, 0x00, 0x60,
    0x00, 0x07, 0xC7, 0xFE, 0x3F, 0xF1, 0xFF, 0x8F, 0xFC, 0x7F, 0xE3, 0xFF, 0x1F, 0xF8, 0xFF, 0xC7,
    0xFE, 0x3F, 0xF1, 0xFF, 0x8F, 0xFC, 0x7F, 0xF7, 0xEF, 0xFE, 0x7F, 0xF1, 0xFF, 0x00, 0x0F, 0x80,
    0xFE, 0x0F, 0xF8, 0x7B, 0xC3, 0x8E, 0x08, 0x20, 0x00, 0x1F, 0x1F, 0xF8, 0xFF, 0xC7, 0xFE, 0x3F,
    0xF1, 0xFF, 0x8F, 0xFC, 0x7F, 0xE3, 0xFF, 0x1F, 0xF8, 0xFF, 0xC7, 0xFE, 0x3F, 0xF1, 0xFF, 0xDF,
    0xBF, 0xF9, 0xFF, 0xC7, 0xFC, 0x7D, 0xF3, 0xEF, 0x9F, 0x7C, 0xFB, 0xE0, 0x00, 0x7C, 0x7F, 0xE3,
    0xFF, 0x1F, 0xF8, 0xFF, 0xC7, 0xFE, 0x3F, 0xF1, 0xFF, 0x8F, 0xFC, 0x7F, 0xE3, 0xFF, 0x1F, 0xF8,
    0xFF, 0xC7, 0xFF, 0x7E, 0xFF, 0xE7, 0xFF, 0x1F, 0xF0, 0x00, 0x00, 0x01, 0xC0, 0x07, 0xC0, 0x0F,
    0x00, 0x3E, 0x00, 0x78, 0x00, 0xE0, 0x00, 0xC0, 0x00, 0x01, 0xF0, 0x7F, 0xE0, 0xFB, 0xE3, 0xE7,
    0xC7, 0xC7, 0xDF, 0x0F, 0xBE, 0x0F, 0xF8, 0x1F, 0xF0, 0x1F, 0xC0, 0x3F, 0x80, 0x3E, 0x00, 0x7C,
    0x00, 0xF8, 0x01, 0xF0, 0x03, 0xE0, 0x07, 0xC0, 0x0F, 0x80, 0x78, 0x03, 0xC0, 0x1E, 0x00, 0xFF,
    0xC7, 0xFF, 0x3F, 0xFD, 0xE3, 0xEF, 0x0F, 0x78, 0x7B, 0xC7, 0xDE, 0x3E, 0xFF, 0xE7, 0xFF, 0x3F,
    0xE1, 0xE0, 0x0F, 0x00, 0x78, 0x00, 0x0F, 0xE0, 0x7F, 0xE1, 0xFF, 0xE3, 0xE3, 0xE7, 0x83, 0xDF,
    0x1F, 0xBE, 0x7F, 0x7D, 0xF8, 0x7B, 0xC0, 0xF7, 0xE1, 0xE7, 0xF3, 0xC7, 0xF7, 0x87, 0xEF, 0x03,
    0xDE, 0x67, 0xBD, 0xFF, 0x7B, 0xFC, 0xF3, 0xF0, 0x00, 0x00, 0x70, 0x03, 0xE0, 0x07, 0x80, 0x0F,
    0x00, 0x3C, 0x00, 0x60, 0x00, 0x00, 0x3F, 0xC1, 0xFF, 0x87, 0xFF, 0x1C, 0x7C, 0x00, 0xF0, 0xFF,
    0xC7, 0xFF, 0x3E, 0x3C, 0xF0, 0xF3, 0xE7, 0xCF, 0xFF, 0xDF, 0xFF, 0x3E, 0x7C, 0x01, 0x80, 0x0F,
    0x80, 0x3C, 0x01, 0xF0, 0x07, 0x80, 0x3C, 0x00, 0x70, 0x00, 0x00, 0x3F, 0xC1, 0xFF, 0x87, 0xFF,
    0x1C, 0x7C, 0x00, 0xF0, 0xFF, 0xC7, 0xFF, 0x3E, 0x3C, 0xF0, 0xF3, 0xE7, 0xCF, 0xFF, 0xDF, 0xFF,
    0x3E, 0x7C, 0x0F, 0x80, 0x7F, 0x03, 0xFC, 0x1F, 0x78, 0x38, 0xE0, 0x01, 0x03, 0xFC, 0x1F, 0xF8,
    0x7F, 0xF1, 0xC7, 0xC0, 0x0F, 0x0F, 0xFC, 0x7F, 0xF3, 0xE3, 0xCF, 0x0F, 0x3E, 0x7C, 0xFF, 0xFD,
    0xFF, 0xF3, 0xE7, 0xC0, 0x3E, 0x01, 0xFF, 0x83, 0xFE, 0x0D, 0xF8, 0x00, 0x00, 0x00, 0x03, 0xFC,
    0x1F, 0xF8, 0x7F, 0xF1, 0xC7, 0xC0, 0x0F, 0x0F, 0xFC, 0x7F, 0xF3, 0xE3, 0xCF, 0x0F, 0x3E, 0x7C,
    0xFF, 0xFD, 0xFF, 0xF3, 0xE7, 0xC0, 0x7D, 0xE1, 0xF7, 0x87, 0xDE, 0x1F, 0x78, 0x00, 0x00, 0xFF,
    0x07, 0xFE, 0x1F, 0xFC, 0x71, 0xF0, 0x03, 0xC3, 0xFF, 0x1F, 0xFC, 0xF8, 0xF3, 0xC3, 0xCF, 0x9F,
    0x3F, 0xFF, 0x7F, 0xFC, 0xF9, 0xF0, 0x0F, 0x80, 0x7F, 0x03, 0xDC, 0x0E, 0x70, 0x3D, 0xC0, 0x7F,
    0x00, 0xF8, 0x00, 0x00, 0x3F, 0xC1, 0xFF, 0x87, 0xFF, 0x1C, 0x7C, 0x00, 0xF0, 0xFF, 0xC7, 0xFF,
    0x3E, 0x3C, 0xF0, 0xF3, 0xE7, 0xCF, 0xFF, 0xDF, 0xFF, 0x3E, 0x7C, 0x3E, 0xF8, 0xFF, 0xFB, 0xFF,
    0xF7, 0x3C, 0xF0, 0x79, 0xE7, 0xFF, 0xDF, 0xFF, 0xFB, 0xC0, 0xE7, 0x89, 0xEF, 0xBF, 0xFF, 0xF7,
    0xEF, 0xE7, 0xCF, 0x80, 0x1F, 0xC1, 0xFF, 0x9F, 0xFC, 0xF9, 0xEF, 0x84, 0x7C, 0x03, 0xE0, 0x1F,
    0x00, 0xF8, 0x43, 0xE7, 0x9F, 0xFE, 0x7F, 0xE1, 0xFE, 0x03, 0x80, 0x1F, 0x00, 0x38, 0x0F, 0xC0,
    0x7E, 0x00, 0x00, 0x00, 0x70, 0x07, 0x80, 0x3E, 0x00, 0xF0, 0x03, 0xC0, 0x18, 0x00, 0x00, 0x1F,
    0xC1, 0xFF, 0x1F, 0xFD, 0xF1, 0xFF, 0x07, 0xFF, 0xFF, 0xFF, 0xFF, 0xFF, 0xF0, 0x07, 0xC3, 0x1F,
    0xFC, 0x7F, 0xE1, 0xFE, 0x00, 0x01, 0x80, 0x0F, 0x00, 0xF8, 0x07, 0x80, 0x78, 0x03, 0x80, 0x1C,
    0x00, 0x00, 0x1F, 0xC1, 0xFF, 0x1F, 0xFD, 0xF1, 0xFF, 0x07, 0xFF, 0xFF, 0xFF, 0xFF, 0xFF, 0xF0,
    0x07, 0xC3, 0x1F, 0xFC, 0x7F, 0xE1, 0xFE, 0x00, 0x0F, 0x80, 0xFE, 0x0F, 0xF8, 0x7B, 0xC3, 0x8E,
    0x08, 0x20, 0x7F, 0x07, 0xFC, 0x7F, 0xF7, 0xC7, 0xFC, 0x1F, 0xFF, 0xFF, 0xFF, 0xFF, 0xFF, 0xC0,
    0x1F, 0x0C, 0x7F, 0xF1, 0xFF, 0x87, 0xF8, 0x7D, 0xF3, 0xEF, 0x9F, 0x7C, 0xFB, 0xE0, 0x00, 0x0F,
    0xE0, 0xFF, 0x8F, 0xFE, 0xF8, 0xFF, 0x83, 0xFF, 0xFF, 0xFF, 0xFF, 0xFF, 0xF8, 0x03, 0xE1, 0x8F,
    0xFE, 0x3F, 0xF0, 0xFF, 0x00, 0x00, 0x01, 0xC0, 0x3E, 0x01, 0xE0, 0x0F, 0x00, 0xF0, 0x06, 0x00,
    0x00, 0xFF, 0x8F, 0xF8, 0xFF, 0x80, 0xF8, 0x0F, 0x80, 0xF8, 0x0F, 0x80, 0xF8, 0x0F, 0x80, 0xF8,
    0xFF, 0xFF, 0xFF, 0xFF, 0xF0, 0x01, 0x80, 0x3E, 0x03, 0xC0, 0x7C, 0x07, 0x80, 0xF0, 0x07, 0x00,
    0x00, 0xFF, 0x8F, 0xF8, 0xFF, 0x80, 0xF8, 0x0F, 0x80, 0xF8, 0x0F, 0x80, 0xF8, 0x0F, 0x80, 0xF8,
    0xFF, 0xFF, 0xFF, 0xFF, 0xF0, 0x0F, 0x81, 0xFC, 0x3F, 0xC7, 0xDE, 0x38, 0xE0, 0x04, 0xFF, 0x8F,
    0xF8, 0xFF, 0x80, 0xF8, 0x0F, 0x80, 0xF8, 0x0F, 0x80, 0xF8, 0x0F, 0x80, 0xF8, 0xFF, 0xFF, 0xFF,
    0xFF, 0xF0, 0x7D, 0xE7, 0xDE, 0x7D, 0xE7, 0xDE, 0x00, 0x0F, 0xF8, 0xFF, 0x8F, 0xF8, 0x0F, 0x80,
    0xF8, 0x0F, 0x80, 0xF8, 0x0F, 0x80, 0xF8, 0x0F, 0x8F, 0xFF, 0xFF, 0xFF, 0xFF, 0x00, 0x41, 0xFF,
    0x81, 0xFE, 0x07, 0xF0, 0x1F, 0xE0, 0x27, 0xC3, 0xFF, 0x1F, 0xFE, 0xFF, 0xFB, 0xE3, 0xEF, 0x07,
    0xBC, 0x1E, 0xF0, 0x7B, 0xC1, 0xEF, 0x07, 0xBE, 0x3E, 0x7F, 0xF0, 0xFF, 0xC1, 0xFC, 0x00, 0x1E,
    0x01, 0xFF, 0x0F, 0xF8, 0x2F, 0xC0, 0x00, 0x00, 0x03, 0xEF, 0x9F, 0xFE, 0xFF, 0xF7, 0xC7, 0xFE,
    0x3F, 0xF1, 0xFF, 0x8F, 0xFC, 0x7F, 0xE3, 0xFF, 0x1F, 0xF8, 0xFF, 0xC7, 0xFE, 0x3E, 0x00, 0x00,
    0x70, 0x07, 0x80, 0x3E, 0x00, 0xF0, 0x03, 0x80, 0x18, 0x00, 0x00, 0x1F, 0xC1, 0xFF, 0x1F, 0xFD,
    0xF1, 0xFF, 0x07, 0xF8, 0x3F, 0xC1, 0xFE, 0x0F, 0xF0, 0x7F, 0xC7, 0xDF, 0xFC, 0x7F, 0xC1, 0xFC,
    0x00, 0x01, 0x80, 0x0F, 0x00, 0xF8, 0x07, 0x80, 0x78, 0x03, 0x80, 0x1C, 0x00, 0x00, 0x1F, 0xC1,
    0xFF, 0x1F, 0xFD, 0xF1, 0xFF, 0x07, 0xF8, 0x3F, 0xC1, 0xFE, 0x0F, 0xF0, 0x7F, 0xC7, 0xDF, 0xFC,
    0x7F, 0xC1, 0xFC, 0x00, 0x0F, 0x80, 0xFE, 0x0F, 0xF8, 0x7B, 0xC3, 0x8E, 0x08, 0x20, 0x7F, 0x07,
    0xFC, 0x7F, 0xF7, 0xC7, 0xFC, 0x1F, 0xE0, 0xFF, 0x07, 0xF8, 0x3F, 0xC1, 0xFF, 0x1F, 0x7F, 0xF1,
    0xFF, 0x07, 0xF0, 0x1E, 0x01, 0xFF, 0x0F, 0xF8, 0x2F, 0xC0, 0x00, 0x00, 0x00, 0x7F, 0x07, 0xFC,
    0x7F, 0xF7, 0xC7, 0xFC, 0x1F, 0xE0, 0xFF, 0x07, 0xF8, 0x3F, 0xC1, 0xFF, 0x1F, 0x7F, 0xF1, 0xFF,
    0x07, 0xF0, 0x7D, 0xF3, 0xEF, 0x9F, 0x7C, 0xFB, 0xE0, 0x00, 0x0F, 0xE0, 0xFF, 0x8F, 0xFE, 0xF8,
    0xFF, 0x83, 0xFC, 0x1F, 0xE0, 0xFF, 0x07, 0xF8, 0x3F, 0xE3, 0xEF, 0xFE, 0x3F, 0xE0, 0xFE, 0x00,
    0x0F, 0x80, 0x7C, 0x03, 0xE0, 0x1F, 0x00, 0x00, 0x00, 0x03, 0xFF, 0xFF, 0xFF, 0xFF, 0xF8, 0x00,
    0x03, 0xE0, 0x1F, 0x00, 0xF8, 0x07, 0xC0, 0x00, 0x00, 0x00, 0x38, 0x3F, 0xF8, 0xFF, 0xE3, 0xFF,
    0x8F, 0x9F, 0x9E, 0x7F, 0x3C, 0xFE, 0x7B, 0xBC, 0xFE, 0x79, 0xFC, 0xF3, 0xF3, 0xE3, 0xFF, 0x8F,
    0xFE, 0x3F, 0xF8, 0x38, 0x00, 0x00, 0x00, 0x00, 0x00, 0x70, 0x07, 0x80, 0x3E, 0x00, 0xF0, 0x03,
    0x80, 0x18, 0x00, 0x00, 0xF8, 0xFF, 0xC7, 0xFE, 0x3F, 0xF1, 0xFF, 0x8F, 0xFC, 0x7F, 0xE3, 0xFF,
    0x1F, 0xF8, 0xFF, 0xC7, 0xDF, 0xFE, 0xFF, 0xF3, 0xEF, 0x80, 0x01, 0x80, 0x0F, 0x00, 0xF8, 0x07,
    0x80, 0x78, 0x07, 0x80, 0x1C, 0x00, 0x00, 0xF8, 0xFF, 0xC7, 0xFE, 0x3F, 0xF1, 0xFF, 0x8F, 0xFC,
    0x7F, 0xE3, 0xFF, 0x1F, 0xF8, 0xFF, 0xC7, 0xDF, 0xFE, 0xFF, 0xF3, 0xEF, 0x80, 0x0F, 0x80, 0xFE,
    0x0F, 0xF8, 0x7B, 0xC3, 0x8E, 0x08, 0x23, 0xE3, 0xFF, 0x1F, 0xF8, 0xFF, 0xC7, 0xFE, 0x3F, 0xF1,
    0xFF, 0x8F, 0xFC, 0x7F, 0xE3, 0xFF, 0x1F, 0x7F, 0xFB, 0xFF, 0xCF, 0xBE, 0x7D, 0xF3, 0xEF, 0x9F,
    0x7C, 0xFB, 0xE0, 0x00, 0x7C, 0x7F, 0xE3, 0xFF, 0x1F, 0xF8, 0xFF, 0xC7, 0xFE, 0x3F, 0xF1, 0xFF,
    0x8F, 0xFC, 0x7F, 0xE3, 0xEF, 0xFF, 0x7F, 0xF9, 0xF7, 0xC0, 0x00, 0xC0, 0x01, 0xE0, 0x07, 0xC0,
    0x0F, 0x00, 0x3C, 0x00, 0x78, 0x00, 0xE0, 0x00, 0x00, 0xF8, 0x3E, 0xF0, 0x79, 0xF1, 0xF3, 0xE3,
    0xE3, 0xC7, 0x87, 0xDF, 0x07, 0xBC, 0x0F, 0x78, 0x1F, 0xE0, 0x1F, 0xC0, 0x3F, 0x80, 0x3E, 0x00,
    0x7C, 0x00, 0xF0, 0x01, 0xE0, 0x3F, 0xC0, 0x7F, 0x00, 0xFC, 0x00, 0xF8, 0x03, 0xE0, 0x0F, 0x80,
    0x3E, 0x00, 0xF8, 0x03, 0xFF, 0x8F, 0xFF, 0x3F, 0xFE, 0xF8, 0xFB, 0xE1, 0xEF, 0x87, 0xBE, 0x1E,
    0xF8, 0x7B, 0xE1, 0xEF, 0x8F, 0xBF, 0xFE, 0xFF, 0xF3, 0xFF, 0x8F, 0x80, 0x3E, 0x00, 0xF8, 0x03,
    0xE0, 0x0F, 0x80, 0x00, 0x3E, 0xF8, 0x7D, 0xF0, 0xFB, 0xE1, 0xF7, 0xC0, 0x00, 0x1F, 0x07, 0xDE,
    0x0F, 0x3E, 0x3E, 0x7C, 0x7C, 0x78, 0xF0, 0xFB, 0xE0, 0xF7, 0x81, 0xEF, 0x03, 0xFC, 0x03, 0xF8,
    0x07, 0xF0, 0x07, 0xC0, 0x0F, 0x80, 0x1E, 0x00, 0x3C, 0x07, 0xF8, 0x0F, 0xE0, 0x1F, 0x80, 0x00,
    0x1F, 0xF0, 0x3F, 0xE0, 0x7F, 0xC0, 0x00, 0x00, 0x00, 0x01, 0xFC, 0x03, 0xF8, 0x07, 0xF0, 0x1F,
    0xF0, 0x3F, 0xE0, 0x7B, 0xC0, 0xF7, 0x83, 0xEF, 0x87, 0x9F, 0x0F, 0x1E, 0x1F, 0xFC, 0x7F, 0xFC,
    0xFF, 0xF9, 0xE0, 0xF7, 0xC1, 0xFF, 0x83, 0xFE, 0x07, 0xC0, 0x3F, 0xC0, 0xFF, 0x83, 0xFE, 0x00,
    0x00, 0x00, 0x00, 0xFF, 0x07, 0xFE, 0x1F, 0xFC, 0x71, 0xF0, 0x03, 0xC3, 0xFF, 0x1F, 0xFC, 0xF8,
    0xF3, 0xC3, 0xCF, 0x9F, 0x3F, 0xFF, 0x7F, 0xFC, 0xF9, 0xF0, 0x08, 0x20, 0x78, 0xE0, 0x73, 0xC0,
    0xFF, 0x80, 0xFE, 0x00, 0xF8, 0x00, 0x00, 0x07, 0xF0, 0x0F, 0xE0, 0x1F, 0xC0, 0x7F, 0xC0, 0xFF,
    0x81, 0xEF, 0x03, 0xDE, 0x0F, 0xBE, 0x1E, 0x7C, 0x3C, 0x78, 0x7F, 0xF1, 0xFF, 0xF3, 0xFF, 0xE7,
    0x83, 0xDF, 0x07, 0xFE, 0x0F, 0xF8, 0x1F, 0x10, 0x41, 0xE3, 0x87, 0x9E, 0x0F, 0xF8, 0x1F, 0xC0,
    0x3E, 0x00, 0x00, 0x0F, 0xF0, 0x7F, 0xE1, 0xFF, 0xC7, 0x1F, 0x00, 0x3C, 0x3F, 0xF1, 0xFF, 0xCF,
    0x8F, 0x3C, 0x3C, 0xF9, 0xF3, 0xFF, 0xF7, 0xFF, 0xCF, 0x9F, 0x0F, 0xE0, 0x0F, 0xE0, 0x0F, 0xE0,
    0x1F, 0xF0, 0x1F, 0xF0, 0x1E, 0xF0, 0x1E, 0xF0, 0x3E, 0xF8, 0x3C, 0xF8, 0x3C, 0x78, 0x3F, 0xF8,
    0x7F, 0xFC, 0x7F, 0xFC, 0x78, 0x3C, 0xF8, 0x3E, 0xF8, 0x3E, 0xF0, 0x3E, 0x00, 0x1E, 0x00, 0x38,
    0x00, 0x7A, 0x00, 0x7F, 0x00, 0x3E, 0x3F, 0xC0, 0xFF, 0xC1, 0xFF, 0xC3, 0x8F, 0x80, 0x0F, 0x07,
    0xFE, 0x1F, 0xFC, 0x7C, 0x78, 0xF0, 0xF1, 0xF3, 0xF3, 0xFF, 0xF3, 0xFB, 0xE3, 0xE7, 0xC0, 0x0F,
    0x00, 0x38, 0x00, 0x74, 0x00, 0xFC, 0x01, 0xF8, 0x00, 0x00, 0x07, 0x00, 0x1E, 0x00, 0xF8, 0x03,
    0xC0, 0x1E, 0x00, 0x78, 0x00, 0xC0, 0x00, 0x00, 0x7F, 0x83, 0xFF, 0x1F, 0xFE, 0x78, 0xFB, 0xE1,
    0xEF, 0x86, 0x3C, 0x00, 0xF0, 0x03, 0xC0, 0x0F, 0x00, 0x3C, 0x00, 0xF8, 0x63, 0xE1, 0xE7, 0x8F,
    0x9F, 0xFE, 0x3F, 0xF0, 0x7F, 0x80, 0x00, 0x80, 0x0F, 0x00, 0xF8, 0x07, 0x80, 0x7C, 0x03, 0xC0,
    0x1C, 0x00, 0x00, 0x1F, 0xC1, 0xFF, 0x9F, 0xFC, 0xF9, 0xEF, 0x84, 0x7C, 0x03, 0xE0, 0x1F, 0x00,
    0xF8, 0x43, 0xE7, 0x9F, 0xFE, 0x7F, 0xE1, 0xFE, 0x00, 0x0F, 0x80, 0x3F, 0x01, 0xFE, 0x0F, 0x7C,
    0x38, 0xE0, 0x41, 0x00, 0x00, 0x07, 0xF8, 0x3F, 0xF1, 0xFF, 0xE7, 0x8F, 0xBE, 0x1E, 0xF8, 0x63,
    0xC0, 0x0F, 0x00, 0x3C, 0x00, 0xF0, 0x03, 0xC0, 0x0F, 0x86, 0x3E, 0x1E, 0x78, 0xF9, 0xFF, 0xE3,
    0xFF, 0x07, 0xF8, 0x0F, 0x80, 0x7E, 0x07, 0xF8, 0x7B, 0xE3, 0x8F, 0x08, 0x00, 0x7F, 0x07, 0xFE,
    0x7F, 0xF3, 0xE7, 0xBE, 0x11, 0xF0, 0x0F, 0x80, 0x7C, 0x03, 0xE1, 0x0F, 0x9E, 0x7F, 0xF9, 0xFF,
    0x87, 0xF8, 0x0F, 0x80, 0x3E, 0x00, 0xF8, 0x03, 0xE0, 0x00, 0x00, 0x7F, 0x83, 0xFF, 0x1F, 0xFE,
    0x78, 0xFB, 0xE1, 0xEF, 0x86, 0x3C, 0x00, 0xF0, 0x03, 0xC0, 0x0F, 0x00, 0x3C, 0x00, 0xF8, 0x63,
    0xE1, 0xE7, 0x8F, 0x9F, 0xFE, 0x3F, 0xF0, 0x7F, 0x80, 0x07, 0x80, 0x3C, 0x01, 0xE0, 0x0F, 0x00,
    0x00, 0x0F, 0xE0, 0xFF, 0xCF, 0xFE, 0x7C, 0xF7, 0xC2, 0x3E, 0x01, 0xF0, 0x0F, 0x80, 0x7C, 0x21,
    0xF3, 0xCF, 0xFF, 0x3F, 0xF0, 0xFF, 0x00, 0x00, 0x00, 0xE3, 0x83, 0xDF, 0x07, 0xF8, 0x0F, 0xC0,
    0x3E, 0x00, 0x00, 0x07, 0xF8, 0x3F, 0xF1, 0xFF, 0xE7, 0x8F, 0xBE, 0x1E, 0xF8, 0x63, 0xC0, 0x0F,
    0x00, 0x3C, 0x00, 0xF0, 0x03, 0xC0, 0x0F, 0x86, 0x3E, 0x1E, 0x78, 0xF9, 0xFF, 0xE3, 0xFF, 0x07,
    0xF8, 0x00, 0x01, 0xC3, 0x8F, 0x7C, 0x3F, 0xC0, 0xFC, 0x07, 0xC0, 0x00, 0x03, 0xF8, 0x3F, 0xF3,
    0xFF, 0x9F, 0x3D, 0xF0, 0x8F, 0x80, 0x7C, 0x03, 0xE0, 0x1F, 0x08, 0x7C, 0xF3, 0xFF, 0xCF, 0xFC,
    0x3F, 0xC0, 0x00, 0x01, 0xC3, 0x87, 0x9E, 0x0F, 0xF0, 0x1F, 0x80, 0x3C, 0x00, 0x00, 0x3F, 0xF0,
    0xFF, 0xE3, 0xFF, 0xCF, 0x8F, 0xBE, 0x3E, 0xF8, 0x7B, 0xE1, 0xEF, 0x87, 0xBE, 0x1F, 0xF8, 0x7B,
    0xE1, 0xEF, 0x87, 0xBE, 0x3E, 0xF8, 0xFB, 0xFF, 0xCF, 0xFE, 0x3F, 0xF0, 0x01, 0xFF, 0x01, 0xFF,
    0x01, 0xFF, 0x01, 0xFE, 0x01, 0xFE, 0x3F, 0xF0, 0x7F, 0xF0, 0x7F, 0xF0, 0x79, 0xF0, 0xF9, 0xF0,
    0xF9, 0xF0, 0xF9, 0xF0, 0xF9, 0xF0, 0xF9, 0xF0, 0x79, 0xF0, 0x7F, 0xF0, 0x7F, 0xF0, 0x3F, 0xF0,
    0x7F, 0xE0, 0xFF, 0xE1, 0xFF, 0xE3, 0xE3, 0xE7, 0xC7, 0xCF, 0x87, 0xBF, 0xCF, 0x7F, 0xDE, 0xFF,
    0xBE, 0xF8, 0x79, 0xF0, 0xF3, 0xE1, 0xE7, 0xC7, 0xCF, 0x8F, 0x9F, 0xFE, 0x3F, 0xF8, 0x7F, 0xE0,
    0x00, 0x7C, 0x07, 0xFC, 0x0F, 0xF8, 0x1F, 0xF0, 0x07, 0xC3, 0xFF, 0x8F, 0xFF, 0x3F, 0xFE, 0x7C,
    0x7C, 0xF0, 0xF9, 0xE1, 0xF3, 0xC3, 0xE7, 0x87, 0xCF, 0x0F, 0x9F, 0x1F, 0x3F, 0xFE, 0x3F, 0xFC,
    0x3F, 0xF8, 0x7F, 0xC7, 0xFC, 0x7F, 0xC0, 0x00, 0x00, 0x0F, 0xFF, 0xFF, 0xFF, 0xFE, 0xF0, 0x0F,
    0x00, 0xF0, 0x0F, 0x00, 0xFF, 0xEF, 0xFE, 0xFF, 0xEF, 0x00, 0xF0, 0x0F, 0x00, 0xF0, 0x0F, 0xFE,
    0xFF, 0xFF, 0xFF, 0x3F, 0xE1, 0xFF, 0x0F, 0xF8, 0x00, 0x00, 0x00, 0x0F, 0xE0, 0xFF, 0x8F, 0xFE,
    0xF8, 0xFF, 0x83, 0xFF, 0xFF, 0xFF, 0xFF, 0xFF, 0xF8, 0x03, 0xE1, 0x8F, 0xFE, 0x3F, 0xF0, 0xFF,
    0x00, 0x20, 0x87, 0x1E, 0x79, 0xC7, 0xFC, 0x3F, 0x81, 0xF0, 0x00, 0x0F, 0xFF, 0xFF, 0xFF, 0xFE,
    0xF0, 0x0F, 0x00, 0xF0, 0x0F, 0x00, 0xFF, 0xEF, 0xFE, 0xFF, 0xEF, 0x00, 0xF0, 0x0F, 0x00, 0xF0,
    0x0F, 0xFE, 0xFF, 0xFF, 0xFF, 0x10, 0x41, 0xC7, 0x8F, 0x78, 0x7F, 0xC1, 0xFC, 0x07, 0xC0, 0x00,
    0x03, 0xF8, 0x3F, 0xE3, 0xFF, 0xBE, 0x3F, 0xE0, 0xFF, 0xFF, 0xFF, 0xFF, 0xFF, 0xFE, 0x00, 0xF8,
    0x63, 0xFF, 0x8F, 0xFC, 0x3F, 0xC0, 0x1F, 0x01, 0xF0, 0x1F, 0x01, 0xF0, 0x00, 0x0F, 0xFF, 0xFF,
    0xFF, 0xFE, 0xF0, 0x0F, 0x00, 0xF0, 0x0F, 0x00, 0xFF, 0xEF, 0xFE, 0xFF, 0xEF, 0x00, 0xF0, 0x0F,
    0x00, 0xF0, 0x0F, 0xFE, 0xFF, 0xFF, 0xFF, 0x0F, 0x80, 0x7C, 0x03, 0xE0, 0x1F, 0x00, 0x00, 0x0F,
    0xE0, 0xFF, 0x8F, 0xFE, 0xF8, 0xFF, 0x83, 0xFF, 0xFF, 0xFF, 0xFF, 0xFF, 0xF8, 0x03, 0xE1, 0x8F,
    0xFE, 0x3F, 0xF0, 0xFF, 0x00, 0xFF, 0xFF, 0xFF, 0xFF, 0xEF, 0x00, 0xF0, 0x0F, 0x00, 0xF0, 0x0F,
    0xFE, 0xFF, 0xEF, 0xFE, 0xF0, 0x0F, 0x00, 0xF0, 0x0F, 0x00, 0xFF, 0xEF, 0xFF, 0xFF, 0xF0, 0x1E,
    0x03, 0x80, 0x3A, 0x03, 0xF0, 0x3F, 0x1F, 0xC1, 0xFF, 0x1F, 0xFD, 0xF1, 0xFF, 0x07, 0xFF, 0xFF,
    0xFF, 0xFF, 0xFF, 0xF0, 0x07, 0xC3, 0x1F, 0xFC, 0x7F, 0xE1, 0xFE, 0x01, 0xE0, 0x1C, 0x00, 0xE8,
    0x07, 0xE0, 0x3F, 0x00, 0x20, 0x87, 0x1C, 0x7B, 0xE7, 0xFC, 0x3F, 0x81, 0xF0, 0x00, 0x0F, 0xFF,
    0xFF, 0xFF, 0xFE, 0xF0, 0x0F, 0x00, 0xF0, 0x0F, 0x00, 0xFF, 0xEF, 0xFE, 0xFF, 0xEF, 0x00, 0xF0,
    0x0F, 0x00, 0xF0, 0x0F, 0xFE, 0xFF, 0xFF, 0xFF, 0x10, 0x41, 0xC7, 0x0F, 0x78, 0x7F, 0xC1, 0xFC,
    0x07, 0xC0, 0x00, 0x03, 0xF8, 0x3F, 0xE3, 0xFF, 0xBE, 0x3F, 0xE0, 0xFF, 0xFF, 0xFF, 0xFF, 0xFF,
    0xFE, 0x00, 0xF8, 0x63, 0xFF, 0x8F, 0xFC, 0x3F, 0xC0, 0x07, 0xC0, 0x3F, 0x81, 0xFF, 0x07, 0xBC,
    0x1C, 0x70, 0x20, 0x80, 0x00, 0x03, 0xF8, 0x1F, 0xF0, 0xFF, 0xE7, 0xC7, 0xDF, 0x1F, 0x78, 0x01,
    0xE0, 0x07, 0x9F, 0xDE, 0x7F, 0x79, 0xFD, 0xE0, 0xF7, 0x83, 0xDF, 0x0F, 0x7C, 0x7C, 0xFF, 0xF3,
    0xFF, 0xC7, 0xEF, 0x07, 0xC0, 0x3F, 0x81, 0xFE, 0x0F, 0xBC, 0x1C, 0x70, 0x20, 0x81, 0xF7, 0xCF,
    0xFF, 0x7F, 0xFD, 0xF1, 0xF7, 0x87, 0xDE, 0x1F, 0x78, 0x7D, 0xE1, 0xF7, 0x87, 0xDF, 0x1F, 0x7F,
    0xFC, 0xFF, 0xF1, 0xF7, 0xC0, 0x1F, 0x18, 0xF8, 0xFF, 0xE3, 0xFF, 0x07, 0xF8, 0x08, 0x20, 0x71,
    0xE1, 0xEF, 0x07, 0xFC, 0x0F, 0xE0, 0x1F, 0x00, 0x00, 0x03, 0xF8, 0x1F, 0xF0, 0xFF, 0xE7, 0xC7,
    0xDF, 0x1F, 0x78, 0x01, 0xE0, 0x07, 0x9F, 0xDE, 0x7F, 0x79, 0xFD, 0xE0, 0xF7, 0x83, 0xDF, 0x0F,
    0x7C, 0x7C, 0xFF, 0xF3, 0xFF, 0xC7, 0xEF, 0x08, 0x20, 0xF1, 0xC3, 0xCF, 0x07, 0xFC, 0x0F, 0xE0,
    0x1F, 0x00, 0x00, 0x07, 0xDF, 0x3F, 0xFD, 0xFF, 0xF7, 0xC7, 0xDE, 0x1F, 0x78, 0x7D, 0xE1, 0xF7,
    0x87, 0xDE, 0x1F, 0x7C, 0x7D, 0xFF, 0xF3, 0xFF, 0xC7, 0xDF, 0x00, 0x7C, 0x63, 0xE3, 0xFF, 0x8F,
    0xFC, 0x1F, 0xE0, 0x07, 0xC0, 0x1F, 0x00, 0x7C, 0x01, 0xF0, 0x00, 0x00, 0x3F, 0x81, 0xFF, 0x0F,
    0xFE, 0x7C, 0x7D, 0xF1, 0xF7, 0x80, 0x1E, 0x00, 0x79, 0xFD, 0xE7, 0xF7, 0x9F, 0xDE, 0x0F, 0x78,
    0x3D, 0xF0, 0xF7, 0xC7, 0xCF, 0xFF, 0x3F, 0xFC, 0x7E, 0xF0, 0x07, 0xC0, 0x1F, 0x00, 0x7C, 0x01,
    0xF0, 0x00, 0x00, 0x7D, 0xF3, 0xFF, 0xDF, 0xFF, 0x7C, 0x7D, 0xE1, 0xF7, 0x87, 0xDE, 0x1F, 0x78,
    0x7D, 0xE1, 0xF7, 0xC7, 0xDF, 0xFF, 0x3F, 0xFC, 0x7D, 0xF0, 0x07, 0xC6, 0x3E, 0x3F, 0xF8, 0xFF,
    0xC1, 0xFE, 0x00, 0x0F, 0xE0, 0x7F, 0xC3, 0xFF, 0x9F, 0x1F, 0x7C, 0x7D, 0xE0, 0x07, 0x80, 0x1E,
    0x7F, 0x79, 0xFD, 0xE7, 0xF7, 0x83, 0xDE, 0x0F, 0x7C, 0x3D, 0xF1, 0xF3, 0xFF, 0xCF, 0xFF, 0x1F,
    0xBC, 0x00, 0x00, 0x00, 0x01, 0xF0, 0x07, 0x80, 0x1E, 0x00, 0x70, 0x01, 0xC0, 0x01, 0xC0, 0x0F,
    0x00, 0x3C, 0x00, 0xF0, 0x07, 0xC0, 0x00, 0x01, 0xF7, 0xCF, 0xFF, 0x7F, 0xFD, 0xF1, 0xF7, 0x87,
    0xDE, 0x1F, 0x78, 0x7D, 0xE1, 0xF7, 0x87, 0xDF, 0x1F, 0x7F, 0xFC, 0xFF, 0xF1, 0xF7, 0xC0, 0x1F,
    0x18, 0xF8, 0xFF, 0xE3, 0xFF, 0x07, 0xF8, 0x0F, 0x80, 0xFE, 0x0F, 0xF8, 0x7B, 0xC3, 0x8E, 0x08,
    0x20, 0x00, 0x1F, 0x1F, 0xF8, 0xFF, 0xC7, 0xFE, 0x3F, 0xF1, 0xFF, 0x8F, 0xFC, 0x7F, 0xFF, 0xFF,
    0xFF, 0xFF, 0xFF, 0xC7, 0xFE, 0x3F, 0xF1, 0xFF, 0x8F, 0xFC, 0x7F, 0xE3, 0xFF, 0x1F, 0x1F, 0x00,
    0x3F, 0x80, 0x7F, 0xC0, 0x7B, 0xC0, 0x71, 0xC0, 0x20, 0x80, 0x1F, 0x00, 0x1F, 0x00, 0x1F, 0x00,
    0x1F, 0x00, 0x1F, 0x00, 0x1F, 0x7C, 0x1F, 0xFE, 0x1F, 0xFE, 0x1F, 0x1F, 0x1F, 0x1F, 0x1F, 0x1F,
    0x1F, 0x1F, 0x1F, 0x1F, 0x1F, 0x1F, 0x1F, 0x1F, 0x1F, 0x1F, 0x1F, 0x1F, 0x1F, 0x1F, 0x7C, 0x7C,
    0xF8, 0xFB, 0xFF, 0xFF, 0xFF, 0xFF, 0xFF, 0xEF, 0x8F, 0x9F, 0x1F, 0x3F, 0xFE, 0x7F, 0xFC, 0xFF,
    0xF9, 0xF1, 0xF3, 0xE3, 0xE7, 0xC7, 0xCF, 0x8F, 0x9F, 0x1F, 0x3E, 0x3E, 0x7C, 0x7C, 0x7C, 0x03,
    0xFE, 0x0F, 0xF8, 0x3F, 0xE0, 0x7C, 0x01, 0xF7, 0xC7, 0xFF, 0x9F, 0xFE, 0x7C, 0x7D, 0xF1, 0xF7,
    0xC7, 0xDF, 0x1F, 0x7C, 0x7D, 0xF1, 0xF7, 0xC7, 0xDF, 0x1F, 0x7C, 0x7D, 0xF1, 0xF0, 0x1E, 0x01,
    0xFF, 0x0F, 0xF8, 0x2F, 0xC0, 0x00, 0x00, 0x03, 0xFF, 0xFF, 0xFF, 0x7F, 0xF0, 0x7C, 0x03, 0xE0,
    0x1F, 0x00, 0xF8, 0x07, 0xC0, 0x3E, 0x01, 0xF0, 0x0F, 0x80, 0x7C, 0x03, 0xE0, 0x1F, 0x07, 0xFF,
    0x7F, 0xFF, 0xFF, 0xE0, 0x3E, 0x07, 0xFE, 0x3F, 0xE3, 0x7E, 0x00, 0x00, 0x00, 0xFF, 0x8F, 0xF8,
    0xFF, 0x80, 0xF8, 0x0F, 0x80, 0xF8, 0x0F, 0x80, 0xF8, 0x0F, 0x80, 0xF8, 0xFF, 0xFF, 0xFF, 0xFF,
    0xF0, 0x3F, 0xE1, 0xFF, 0x0F, 0xF8, 0x00, 0x00, 0x00, 0x7F, 0xFF, 0xFF, 0xEF, 0xFE, 0x0F, 0x80,
    0x7C, 0x03, 0xE0, 0x1F, 0x00, 0xF8, 0x07, 0xC0, 0x3E, 0x01, 0xF0, 0x0F, 0x80, 0x7C, 0x03, 0xE0,
    0xFF, 0xEF, 0xFF, 0xFF, 0xFC, 0x3F, 0xC3, 0xFE, 0x3F, 0xE0, 0x00, 0x00, 0x0F, 0xF8, 0xFF, 0x8F,
    0xF8, 0x0F, 0x80, 0xF8, 0x0F, 0x80, 0xF8, 0x0F, 0x80, 0xF8, 0x0F, 0x8F, 0xFF, 0xFF, 0xFF, 0xFF,
    0x10, 0x41, 0xC7, 0x0F, 0x78, 0x7F, 0xC1, 0xFC, 0x07, 0xC0, 0x00, 0x1F, 0xFF, 0xFF, 0xFB, 0xFF,
    0x83, 0xE0, 0x1F, 0x00, 0xF8, 0x07, 0xC0, 0x3E, 0x01, 0xF0, 0x0F, 0x80, 0x7C, 0x03, 0xE0, 0x1F,
    0x00, 0xF8, 0x3F, 0xFB, 0xFF, 0xFF, 0xFF, 0x10, 0x47, 0x8E, 0x79, 0xE3, 0xFE, 0x1F, 0xC0, 0xF8,
    0x00, 0x0F, 0xF8, 0xFF, 0x8F, 0xF8, 0x0F, 0x80, 0xF8, 0x0F, 0x80, 0xF8, 0x0F, 0x80, 0xF8, 0x0F,
    0x8F, 0xFF, 0xFF, 0xFF, 0xFF, 0xFF, 0xFF, 0xFF, 0xDF, 0xFC, 0x1F, 0x00, 0xF8, 0x07, 0xC0, 0x3E,
    0x01, 0xF0, 0x0F, 0x80, 0x7C, 0x03, 0xE0, 0x1F, 0x00, 0xF8, 0x07, 0xC1, 0xFF, 0xDF, 0xFF, 0xFF,
    0xF0, 0x07, 0x80, 0x70, 0x03, 0xA0, 0x1F, 0x80, 0xFC, 0x0F, 0x80, 0x7C, 0x03, 0xE0, 0x1F, 0x00,
    0x00, 0x7F, 0xC3, 0xFE, 0x1F, 0xF0, 0x0F, 0x80, 0x7C, 0x03, 0xE0, 0x1F, 0x00, 0xF8, 0x07, 0xC0,
    0x3E, 0x1F, 0xFE, 0xFF, 0xF7, 0xFF, 0x80, 0x3C, 0x03, 0x80, 0x3D, 0x01, 0xFC, 0x07, 0xE0, 0x0F,
    0x80, 0x7C, 0x03, 0xE0, 0x1F, 0x00, 0x00, 0x7F, 0xFF, 0xFF, 0xEF, 0xFE, 0x0F, 0x80, 0x7C, 0x03,
    0xE0, 0x1F, 0x00, 0xF8, 0x07, 0xC0, 0x3E, 0x01, 0xF0, 0x0F, 0x80, 0x7C, 0x03, 0xE0, 0xFF, 0xEF,
    0xFF, 0xFF, 0xFC, 0xFF, 0x8F, 0xF8, 0xFF, 0x80, 0xF8, 0x0F, 0x80, 0xF8, 0x0F, 0x80, 0xF8, 0x0F,
    0x80, 0xF8, 0xFF, 0xFF, 0xFF, 0xFF, 0xF0, 0xF8, 0xFF, 0xC7, 0xFE, 0x3F, 0xF1, 0xFF, 0x8F, 0xFC,
    0x7F, 0xE3, 0xFF, 0x1F, 0xF8, 0xFF, 0xC7, 0xC0, 0x3E, 0x01, 0xFF, 0x0F, 0x7C, 0xF9, 0xFF, 0xCF,
    0xFC, 0x1F, 0xC0, 0xF8, 0xFF, 0xC7, 0xFE, 0x3F, 0xF1, 0xF0, 0x00, 0x00, 0x03, 0xE3, 0xFF, 0x1F,
    0xF8, 0xFF, 0xC7, 0xFE, 0x3F, 0xF1, 0xFF, 0x8F, 0xFC, 0x7F, 0xE3, 0xFF, 0x1F, 0xF8, 0xFF, 0xC7,
    0xFE, 0x3E, 0x01, 0xF0, 0x0F, 0x0F, 0xF8, 0x7F, 0xC3, 0xFC, 0x03, 0xC0, 0x3F, 0x03, 0xFC, 0x3C,
    0xF1, 0xC3, 0x80, 0x00, 0x00, 0x03, 0xFF, 0x1F, 0xF8, 0xFF, 0xC0, 0x1E, 0x00, 0xF0, 0x07, 0x80,
    0x3C, 0x01, 0xE0, 0x0F, 0x00, 0x78, 0x03, 0xC0, 0x1E, 0xF0, 0xF7, 0xCF, 0xBF, 0xFC, 0xFF, 0xC3,
    0xFC, 0x07, 0xC0, 0xFC, 0x1F, 0xE3, 0xEF, 0x38, 0x70, 0x00, 0xFF, 0x8F, 0xF8, 0xFF, 0x80, 0x78,
    0x07, 0x80, 0x78, 0x07, 0x80, 0x78, 0x07, 0x80, 0x78, 0x07, 0x80, 0x78, 0x07, 0x80, 0x78, 0x07,
    0x8F, 0xF8, 0xFF, 0x8F, 0xF0, 0xF8, 0x7D, 0xF1, 0xF3, 0xE7, 0xC7, 0xCF, 0x8F, 0xBE, 0x1F, 0xF8,
    0x3F, 0xF0, 0x7F, 0xC0, 0xFF, 0xC1, 0xFF, 0x83, 0xFF, 0x87, 0xDF, 0x0F, 0x9F, 0x1F, 0x1F, 0x3E,
    0x3E, 0x7C, 0x3E, 0xF8, 0x7C, 0x00, 0x00, 0x00, 0x00, 0x3C, 0x00, 0x78, 0x00, 0xE0, 0x03, 0xC0,
    0x07, 0x80, 0xF8, 0x03, 0xE0, 0x0F, 0x80, 0x3E, 0x00, 0xF8, 0x03, 0xE3, 0xEF, 0x9F, 0x3E, 0xF8,
    0xFF, 0xC3, 0xFE, 0x0F, 0xF8, 0x3F, 0xF0, 0xFF, 0xC3, 0xEF, 0x8F, 0x9F, 0x3E, 0x7C, 0xF8, 0xFB,
    0xE1, 0xF0, 0x00, 0x00, 0x00, 0x0F, 0x80, 0x3C, 0x00, 0xF0, 0x03, 0xC0, 0x0E, 0x00, 0xF8, 0xFB,
    0xE7, 0xCF, 0xBE, 0x3F, 0xF0, 0xFF, 0x83, 0xFE, 0x0F, 0xFC, 0x3F, 0xF0, 0xFB, 0xE3, 0xE7, 0xCF,
    0x9F, 0x3E, 0x3E, 0xF8, 0x7C, 0x00, 0x01, 0xC0, 0x3E, 0x03, 0xC0, 0x78, 0x07, 0x80, 0xF0, 0x06,
    0x00, 0x00, 0x0F, 0x00, 0xF0, 0x0F, 0x00, 0xF0, 0x0F, 0x00, 0xF0, 0x0F, 0x00, 0xF0, 0x0F, 0x00,
    0xF0, 0x0F, 0x00, 0xF0, 0x0F, 0x00, 0xF0, 0x0F, 0xFF, 0xFF, 0xFF, 0xFF, 0x01, 0x80, 0x0F, 0x00,
    0xF8, 0x07, 0x80, 0x78, 0x03, 0x80, 0x1C, 0x00, 0x00, 0xFF, 0x87, 0xFC, 0x3F, 0xE0, 0x1F, 0x00,
    0xF8, 0x07, 0xC0, 0x3E, 0x01, 0xF0, 0x0F, 0x80, 0x7C, 0x03, 0xE0, 0x1F, 0x00, 0xF8, 0x07, 0xC0,
    0x3E, 0x1F, 0xFF, 0xFF, 0xFF, 0xFF, 0xC0, 0xF0, 0x0F, 0x00, 0xF0, 0x0F, 0x00, 0xF0, 0x0F, 0x00,
    0xF0, 0x0F, 0x00, 0xF0, 0x0F, 0x00, 0xF0, 0x0F, 0x00, 0xF0, 0x0F, 0x00, 0xFF, 0xFF, 0xFF, 0xFF,
    0xF0, 0x00, 0x00, 0x00, 0xF0, 0x1F, 0x01, 0xE0, 0x1E, 0x01, 0xC0, 0xFF, 0x87, 0xFC, 0x3F, 0xE0,
    0x1F, 0x00, 0xF8, 0x07, 0xC0, 0x3E, 0x01, 0xF0, 0x0F, 0x80, 0x7C, 0x03, 0xE0, 0x1F, 0x00, 0xF8,
    0x07, 0xC0, 0x3E, 0x1F, 0xFF, 0xFF, 0xFF, 0xFF, 0xC0, 0x00, 0x00, 0x00, 0xF8, 0x07, 0x80, 0x3C,
    0x01, 0xC0, 0x0E, 0x00, 0x03, 0xCF, 0x3C, 0xF3, 0xCF, 0x38, 0xF3, 0x8F, 0x00, 0xF0, 0x0F, 0x00,
    0xF0, 0x0F, 0x00, 0xF0, 0x0F, 0x00, 0xF0, 0x0F, 0x00, 0xF0, 0x0F, 0xFF, 0xFF, 0xFF, 0xFF, 0xFF,
    0xBF, 0xFE, 0xFF, 0xFB, 0xC3, 0xEE, 0x0F, 0xB8, 0x3E, 0x00, 0xF8, 0x03, 0xE0, 0x0F, 0x80, 0x3E,
    0x00, 0xF8, 0x03, 0xE0, 0x0F, 0x80, 0x3E, 0x00, 0xF8, 0x3F, 0xFE, 0xFF, 0xFB, 0xFF, 0xE0, 0xF0,
    0x0F, 0x00, 0xF0, 0x0F, 0x00, 0xF0, 0x0F, 0x00, 0xF0, 0x0F, 0x1F, 0xF1, 0xFF, 0x1F, 0xF1, 0xFF,
    0x00, 0xF0, 0x0F, 0x00, 0xFF, 0xFF, 0xFF, 0xFF, 0xF0, 0xFF, 0x03, 0xFC, 0x0F, 0xF0, 0x03, 0xC0,
    0x0F, 0x00, 0x3C, 0x00, 0xF0, 0x03, 0xC0, 0x0F, 0x00, 0x3D, 0xF0, 0xF7, 0xC3, 0xDF, 0x0F, 0x7C,
    0x3C, 0x00, 0xF0, 0x3F, 0xFC, 0xFF, 0xF3, 0xFF, 0xC0, 0x3E, 0x00, 0xF8, 0x03, 0xE0, 0x0F, 0x80,
    0x3E, 0x00, 0xF8, 0x03, 0xEE, 0x0F, 0xF8, 0x7F, 0xE3, 0xFF, 0x0F, 0xE0, 0x3F, 0x80, 0x3E, 0x00,
    0xF8, 0x03, 0xFF, 0xCF, 0xFF, 0x3F, 0xFC, 0xFF, 0x87, 0xFC, 0x3F, 0xE0, 0x1F, 0x00, 0xF8, 0x07,
    0xC0, 0x3E, 0x01, 0xFE, 0x0F, 0xF1, 0xFF, 0x9F, 0xF0, 0xFF, 0x07, 0xF8, 0x07, 0xC0, 0x3E, 0x1F,
    0xFF, 0xFF, 0xFF, 0xFF, 0xC0, 0x00, 0x00, 0x0E, 0x00, 0xF8, 0x07, 0x80, 0x7C, 0x03, 0xC0, 0x1C,
    0x00, 0x60, 0x00, 0x07, 0xE3, 0xFF, 0x1F, 0xF8, 0xFF, 0xE7, 0xFF, 0x3F, 0xF9, 0xFF, 0xEF, 0xFF,
    0x7F, 0xBB, 0xFD, 0xFF, 0xEF, 0xFF, 0x3F, 0xF9, 0xFF, 0xCF, 0xFE, 0x3F, 0xF1, 0xFF, 0x8F, 0xC0,
    0x01, 0x80, 0x0F, 0x00, 0xF8, 0x07, 0x80, 0x78, 0x03, 0xC0, 0x1C, 0x00, 0x00, 0xFB, 0xE7, 0xFF,
    0xBF, 0xFD, 0xF1, 0xFF, 0x8F, 0xFC, 0x7F, 0xE3, 0xFF, 0x1F, 0xF8, 0xFF, 0xC7, 0xFE, 0x3F, 0xF1,
    0xFF, 0x8F, 0x80, 0xFC, 0x7F, 0xE3, 0xFF, 0x1F, 0xFC, 0xFF, 0xE7, 0xFF, 0x3F, 0xFD, 0xFF, 0xEF,
    0xF7, 0x7F, 0xBF, 0xFD, 0xFF, 0xE7, 0xFF, 0x3F, 0xF9, 0xFF, 0xC7, 0xFE, 0x3F, 0xF1, 0xF8, 0x00,
    0x00, 0x00, 0x1F, 0x00, 0xF0, 0x07, 0x80, 0x38, 0x01, 0xC0, 0xFB, 0xE7, 0xFF, 0xBF, 0xFD, 0xF1,
    0xFF, 0x8F, 0xFC, 0x7F, 0xE3, 0xFF, 0x1F, 0xF8, 0xFF, 0xC7, 0xFE, 0x3F, 0xF1, 0xFF, 0x8F, 0x80,
    0x00, 0x00, 0x01, 0xF0, 0x0F, 0x00, 0x78, 0x03, 0x80, 0x1C, 0x00, 0x10, 0x41, 0xC7, 0x0F, 0x78,
    0x7F, 0xC1, 0xFC, 0x07, 0xC0, 0x00, 0x1F, 0x8F, 0xFC, 0x7F, 0xE3, 0xFF, 0x9F, 0xFC, 0xFF, 0xE7,
    0xFF, 0xBF, 0xFD, 0xFE, 0xEF, 0xF7, 0xFF, 0xBF, 0xFC, 0xFF, 0xE7, 0xFF, 0x3F, 0xF8, 0xFF, 0xC7,
    0xFE, 0x3F, 0x10, 0x41, 0xC7, 0x0F, 0x78, 0x7F, 0xC1, 0xFC, 0x07, 0xC0, 0x00, 0x1F, 0x7C, 0xFF,
    0xF7, 0xFF, 0xBE, 0x3F, 0xF1, 0xFF, 0x8F, 0xFC, 0x7F, 0xE3, 0xFF, 0x1F, 0xF8, 0xFF, 0xC7, 0xFE,
    0x3F, 0xF1, 0xF0, 0xF0, 0x03, 0x80, 0x0E, 0x00, 0x38, 0x00, 0xC0, 0x00, 0xFF, 0xE3, 0xFF, 0x8F,
    0xFF, 0x3E, 0x7C, 0xF8, 0xF3, 0xE3, 0xCF, 0x8F, 0x3E, 0x3C, 0xF8, 0xF3, 0xE3, 0xCF, 0x8F, 0x3E,
    0x3C, 0xF8, 0xF0, 0xFC, 0x7F, 0xE3, 0xFF, 0x1F, 0xFC, 0xFF, 0xE7, 0xFF, 0x3F, 0xFD, 0xFF, 0xEF,
    0xF7, 0x7F, 0xBF, 0xFD, 0xFF, 0xE7, 0xFF, 0x3F, 0xF9, 0xFF, 0xC7, 0xFE, 0x3F, 0xF1, 0xF8, 0x03,
    0xC0, 0x1E, 0x3F, 0xF1, 0xFF, 0x0F, 0xF0, 0xFB, 0xE7, 0xFF, 0xBF, 0xFD, 0xF1, 0xFF, 0x8F, 0xFC,
    0x7F, 0xE3, 0xFF, 0x1F, 0xF8, 0xFF, 0xC7, 0xFE, 0x3F, 0xF1, 0xFF, 0x8F, 0x80, 0x7C, 0x03, 0xE1,
    0xFF, 0x0F, 0xF0, 0x7F, 0x00, 0x1F, 0xF0, 0x3F, 0xE0, 0x7F, 0xC0, 0x00, 0x00, 0x00, 0x01, 0xFC,
    0x07, 0xFC, 0x1F, 0xFC, 0x7C, 0x7C, 0xF0, 0x79, 0xE0, 0xF7, 0xC1, 0xFF, 0x83, 0xFF, 0x07, 0xFE,
    0x0F, 0xFC, 0x1F, 0x78, 0x3C, 0xF0, 0x79, 0xF1, 0xF1, 0xFF, 0xC1, 0xFF, 0x01, 0xFC, 0x00, 0x3F,
    0xE1, 0xFF, 0x0F, 0xF8, 0x00, 0x00, 0x00, 0x0F, 0xE0, 0xFF, 0x8F, 0xFE, 0xF8, 0xFF, 0x83, 0xFC,
    0x1F, 0xE0, 0xFF, 0x07, 0xF8, 0x3F, 0xE3, 0xEF, 0xFE, 0x3F, 0xE0, 0xFE, 0x00, 0x08, 0x20, 0x38,
    0xE0, 0x7B, 0xC0, 0xFF, 0x80, 0xFE, 0x00, 0xF8, 0x00, 0x00, 0x07, 0xF0, 0x1F, 0xF0, 0x7F, 0xF1,
    0xF1, 0xF3, 0xC1, 0xE7, 0x83, 0xDF, 0x07, 0xFE, 0x0F, 0xFC, 0x1F, 0xF8, 0x3F, 0xF0, 0x7D, 0xE0,
    0xF3, 0xC1, 0xE7, 0xC7, 0xC7, 0xFF, 0x07, 0xFC, 0x07, 0xF0, 0x10, 0x41, 0xC7, 0x0F, 0x78, 0x7F,
    0xC1, 0xFC, 0x07, 0xC0, 0x00, 0x03, 0xF8, 0x3F, 0xE3, 0xFF, 0xBE, 0x3F, 0xE0, 0xFF, 0x07, 0xF8,
    0x3F, 0xC1, 0xFE, 0x0F, 0xF8, 0xFB, 0xFF, 0x8F, 0xF8, 0x3F, 0x80, 0x00, 0x00, 0x0E, 0x70, 0x3F,
    0xF0, 0x7B, 0xC1, 0xEF, 0x03, 0x9E, 0x03, 0x08, 0x00, 0x00, 0x0F, 0xE0, 0x3F, 0xE0, 0xFF, 0xE3,
    0xE3, 0xE7, 0x83, 0xCF, 0x07, 0xBE, 0x0F, 0xFC, 0x1F, 0xF8, 0x3F, 0xF0, 0x7F, 0xE0, 0xFB, 0xC1,
    0xE7, 0x83, 0xCF, 0x8F, 0x8F, 0xFE, 0x0F, 0xF8, 0x0F, 0xE0, 0x00, 0x00, 0x73, 0x87, 0xDE, 0x3D,
    0xE3, 0xCF, 0x1E, 0xF0, 0x63, 0x00, 0x00, 0x1F, 0xC1, 0xFF, 0x1F, 0xFD, 0xF1, 0xFF, 0x07, 0xF8,
    0x3F, 0xC1, 0xFE, 0x0F, 0xF0, 0x7F, 0xC7, 0xDF, 0xFC, 0x7F, 0xC1, 0xFC, 0x00, 0x1F, 0xFE, 0x7F,
    0xFD, 0xFF, 0xFB, 0xEF, 0x0F, 0x9E, 0x1E, 0x3C, 0x3C, 0x78, 0x78, 0xFF, 0xF1, 0xFF, 0xE3, 0xFF,
    0xC7, 0x87, 0x8F, 0x0F, 0x9E, 0x0F, 0xBC, 0x1F, 0xFF, 0x9F, 0xFF, 0x1F, 0xFE, 0x3E, 0xF8, 0xFF,
    0xF9, 0xFF, 0xF7, 0xBC, 0xFF, 0x39, 0xFE, 0x7F, 0xFC, 0xFF, 0xF9, 0xC0, 0xF3, 0x89, 0xEF, 0xBD,
    0xFF, 0xF3, 0xFF, 0xE3, 0xEF, 0x80, 0x00, 0x00, 0x07, 0x00, 0x1E, 0x00, 0xF0, 0x03, 0xC0, 0x1E,
    0x00, 0x70, 0x00, 0xC0, 0x00, 0x01, 0xFF, 0x87, 0xFF, 0x1F, 0xFE, 0x78, 0xF9, 0xE1, 0xE7, 0x87,
    0x9E, 0x1E, 0x78, 0xF9, 0xFF, 0xE7, 0xFF, 0x1F, 0xF8, 0x7B, 0xE1, 0xE7, 0x87, 0x9F, 0x1E, 0x3C,
    0x78, 0xF9, 0xE1, 0xE0, 0x00, 0x80, 0x07, 0x80, 0x1E, 0x00, 0xF8, 0x03, 0xC0, 0x1E, 0x00, 0x30,
    0x00, 0x00, 0xFF, 0x7B, 0xFF, 0xE7, 0xFF, 0x87, 0xF0, 0x1F, 0x00, 0x7C, 0x01, 0xF0, 0x07, 0xC0,
    0x1F, 0x00, 0x7C, 0x07, 0xFF, 0x3F, 0xFC, 0xFF, 0xF0, 0x7F, 0xE1, 0xFF, 0xC7, 0xFF, 0x9E, 0x3E,
    0x78, 0x79, 0xE1, 0xE7, 0x87, 0x9E, 0x3E, 0x7F, 0xF9, 0xFF, 0xC7, 0xFE, 0x1E, 0xF8, 0x79, 0xE1,
    0xE7, 0xC7, 0x8F, 0x1E, 0x3E, 0x78, 0x78, 0x00, 0x00, 0x00, 0x03, 0xE0, 0x0F, 0x80, 0x3C, 0x00,
    0xF0, 0x03, 0x80, 0xFF, 0x7B, 0xFF, 0xE7, 0xFF, 0x87, 0xF0, 0x1F, 0x00, 0x7C, 0x01, 0xF0, 0x07,
    0xC0, 0x1F, 0x00, 0x7C, 0x07, 0xFF, 0x3F, 0xFC, 0xFF, 0xF0, 0x00, 0x00, 0x00, 0x07, 0xC0, 0x1E,
    0x00, 0x78, 0x01, 0xE0, 0x07, 0x00, 0x10, 0x40, 0xE3, 0x83, 0xDF, 0x0F, 0xF8, 0x1F, 0xC0, 0x3E,
    0x00, 0x00, 0x1F, 0xF8, 0x7F, 0xF1, 0xFF, 0xE7, 0x8F, 0x9E, 0x1E, 0x78, 0x79, 0xE1, 0xE7, 0x8F,
    0x9F, 0xFE, 0x7F, 0xF1, 0xFF, 0x87, 0xBE, 0x1E, 0x78, 0x79, 0xF1, 0xE3, 0xC7, 0x8F, 0x9E, 0x1E,
    0x00, 0x00, 0xF1, 0xC3, 0xEF, 0x07, 0xF8, 0x0F, 0xC0, 0x1F, 0x00, 0x00, 0x3F, 0xDE, 0xFF, 0xF9,
    0xFF, 0xE1, 0xFC, 0x07, 0xC0, 0x1F, 0x00, 0x7C, 0x01, 0xF0, 0x07, 0xC0, 0x1F, 0x01, 0xFF, 0xCF,
    0xFF, 0x3F, 0xFC, 0x00, 0x00, 0x03, 0x80, 0x0F, 0x00, 0x78, 0x01, 0xE0, 0x0F, 0x00, 0x38, 0x00,
    0x60, 0x00, 0x00, 0x3F, 0xC3, 0xFF, 0xCF, 0xFF, 0x7C, 0x39, 0xF0, 0x47, 0xC0, 0x1F, 0xE0, 0x3F,
    0xF0, 0xFF, 0xE0, 0xFF, 0xC0, 0x3F, 0x00, 0x3C, 0xC0, 0xF7, 0x87, 0xDF, 0xFE, 0x7F, 0xF8, 0x7F,
    0x80, 0x01, 0x80, 0x0F, 0x00, 0xF8, 0x07, 0x80, 0x78, 0x03, 0xC0, 0x1C, 0x00, 0x00, 0x1F, 0xE1,
    0xFF, 0x9F, 0xFC, 0xF0, 0xC7, 0xC0, 0x3F, 0xE1, 0xFF, 0xC3, 0xFE, 0x00, 0xFB, 0x87, 0xFF, 0xFC,
    0xFF, 0xE3, 0xFC, 0x00, 0x07, 0xC0, 0x3F, 0x80, 0xFF, 0x07, 0xBE, 0x1C, 0x70, 0x20, 0x80, 0x00,
    0x03, 0xFC, 0x3F, 0xFC, 0xFF, 0xF7, 0xC3, 0x9F, 0x04, 0x7C, 0x01, 0xFE, 0x03, 0xFF, 0x0F, 0xFE,
    0x0F, 0xFC, 0x03, 0xF0, 0x03, 0xCC, 0x0F, 0x78, 0x7D, 0xFF, 0xE7, 0xFF, 0x87, 0xF8, 0x0F, 0x80,
    0xFE, 0x07, 0xF8, 0x7B, 0xE3, 0x8E, 0x08, 0x20, 0x7F, 0x87, 0xFE, 0x7F, 0xF3, 0xC3, 0x1F, 0x00,
    0xFF, 0x87, 0xFF, 0x0F, 0xF8, 0x03, 0xEE, 0x1F, 0xFF, 0xF3, 0xFF, 0x8F, 0xF0, 0x0F, 0xF0, 0xFF,
    0xF3, 0xFF, 0xDF, 0x0E, 0x7C, 0x11, 0xF0, 0x07, 0xF8, 0x0F, 0xFC, 0x3F, 0xF8, 0x3F, 0xF0, 0x0F,
    0xC0, 0x0F, 0x30, 0x3D, 0xE1, 0xF7, 0xFF, 0xDF, 0xFE, 0x1F, 0xF0, 0x0C, 0x00, 0x3E, 0x01, 0x38,
    0x0F, 0xE0, 0x1F, 0x00, 0x1F, 0xE1, 0xFF, 0x9F, 0xFC, 0xF0, 0xC7, 0x80, 0x3F, 0xE1, 0xFF, 0xC3,
    0xFE, 0x00, 0xFB, 0x87, 0xFF, 0xFC, 0xFF, 0xE3, 0xFE, 0x03, 0x00, 0x1F, 0x01, 0x38, 0x1F, 0xC0,
    0x7C, 0x00, 0x08, 0x20, 0x71, 0xC1, 0xEF, 0x83, 0xFC, 0x0F, 0xE0, 0x1F, 0x00, 0x00, 0x03, 0xFC,
    0x3F, 0xFC, 0xFF, 0xF7, 0xC3, 0x9F, 0x04, 0x7C, 0x01, 0xFE, 0x03, 0xFF, 0x0F, 0xFE, 0x0F, 0xFC,
    0x03, 0xF0, 0x03, 0xCC, 0x0F, 0x78, 0x7D, 0xFF, 0xE7, 0xFF, 0x87, 0xF8, 0x10, 0x41, 0xC7, 0x0F,
    0x7C, 0x3F, 0xC1, 0xFC, 0x07, 0xC0, 0x00, 0x03, 0xFC, 0x3F, 0xF3, 0xFF, 0x9E, 0x18, 0xF8, 0x07,
    0xFC, 0x3F, 0xF8, 0x7F, 0xC0, 0x1F, 0x70, 0xFF, 0xFF, 0x9F, 0xFC, 0x7F, 0x80, 0xFF, 0xFF, 0xFF,
    0xFF, 0xFF, 0xF8, 0x3E, 0x00, 0x7C, 0x00, 0xF8, 0x01, 0xF0, 0x03, 0xE0, 0x07, 0xC0, 0x0F, 0x80,
    0x1F, 0x00, 0x3E, 0x00, 0x7C, 0x00, 0xF8, 0x01, 0xF0, 0x03, 0xE0, 0x07, 0xC0, 0x00, 0x00, 0x00,
    0x00, 0x3E, 0x00, 0x78, 0x00, 0xF0, 0x01, 0xC0, 0x03, 0x80, 0x1F, 0x00, 0xF8, 0x07, 0xC0, 0x3E,
    0x0F, 0xFF, 0xFF, 0xFF, 0xFF, 0xE3, 0xE0, 0x1F, 0x00, 0xF8, 0x07, 0xC0, 0x3E, 0x01, 0xF0, 0x0F,
    0x80, 0x7F, 0xE1, 0xFF, 0x07, 0xF8, 0x00, 0x00, 0x00, 0x07, 0x80, 0x3C, 0x03, 0xC0, 0x1E, 0x00,
    0xE0, 0x08, 0x20, 0x38, 0xE0, 0x7B, 0xC0, 0xFF, 0x80, 0xFE, 0x00, 0xF8, 0x00, 0x00, 0x7F, 0xFF,
    0xFF, 0xFF, 0xFF, 0xFC, 0x1F, 0x00, 0x3E, 0x00, 0x7C, 0x00, 0xF8, 0x01, 0xF0, 0x03, 0xE0, 0x07,
    0xC0, 0x0F, 0x80, 0x1F, 0x00, 0x3E, 0x00, 0x7C, 0x00, 0xF8, 0x01, 0xF0, 0x03, 0xE0, 0x00, 0x78,
    0x03, 0xC7, 0xDE, 0x3E, 0xE1, 0xF7, 0x0F, 0x83, 0xFF, 0xFF, 0xFF, 0xFF, 0xF8, 0xF8, 0x07, 0xC0,
    0x3E, 0x01, 0xF0, 0x0F, 0x80, 0x7C, 0x03, 0xE0, 0x1F, 0xF8, 0x7F, 0xC1, 0xFE, 0xFF, 0xFF, 0xFF,
    0xFF, 0xFF, 0xF8, 0x3E, 0x00, 0x7C, 0x00, 0xF8, 0x01, 0xF0, 0x1F, 0xFC, 0x3F, 0xF8, 0x7F, 0xF0,
    0x1F, 0x00, 0x3E, 0x00, 0x7C, 0x00, 0xF8, 0x01, 0xF0, 0x03, 0xE0, 0x07, 0xC0, 0x1F, 0x00, 0xF8,
    0x07, 0xC0, 0x3E, 0x0F, 0xFF, 0xFF, 0xFF, 0xFF, 0xE3, 0xE0, 0x1F, 0x03, 0xFF, 0x1F, 0xF8, 0xFF,
    0xC1, 0xF0, 0x0F, 0x80, 0x7F, 0xE1, 0xFF, 0x07, 0xF8, 0x1E, 0x01, 0xFF, 0x0F, 0xF8, 0x2F, 0xC0,
    0x00, 0x00, 0x03, 0xE3, 0xFF, 0x1F, 0xF8, 0xFF, 0xC7, 0xFE, 0x3F, 0xF1, 0xFF, 0x8F, 0xFC, 0x7F,
    0xE3, 0xFF, 0x1F, 0xF8, 0xFF, 0xC7, 0xFE, 0x3F, 0xFB, 0xF7, 0xFF, 0x3F, 0xF8, 0xFF, 0x80, 0x1E,
    0x01, 0xFF, 0x0F, 0xF8, 0x6F, 0xC0, 0x00, 0x00, 0x03, 0xE3, 0xFF, 0x1F, 0xF8, 0xFF, 0xC7, 0xFE,
    0x3F, 0xF1, 0xFF, 0x8F, 0xFC, 0x7F, 0xE3, 0xFF, 0x1F, 0x7F, 0xFB, 0xFF, 0xCF, 0xBE, 0x3F, 0xE1,
    0xFF, 0x0F, 0xF8, 0x00, 0x00, 0x00, 0x7C, 0x7F, 0xE3, 0xFF, 0x1F, 0xF8, 0xFF, 0xC7, 0xFE, 0x3F,
    0xF1, 0xFF, 0x8F, 0xFC, 0x7F, 0xE3, 0xFF, 0x1F, 0xF8, 0xFF, 0xC7, 0xFF, 0x7E, 0xFF, 0xE7, 0xFF,
    0x1F, 0xF0, 0x3F, 0xE1, 0xFF, 0x0F, 0xF8, 0x00, 0x00, 0x00, 0x7C, 0x7F, 0xE3, 0xFF, 0x1F, 0xF8,
    0xFF, 0xC7, 0xFE, 0x3F, 0xF1, 0xFF, 0x8F, 0xFC, 0x7F, 0xE3, 0xEF, 0xFF, 0x7F, 0xF9, 0xF7, 0xC0,
    0x10, 0x41, 0xC7, 0x0F, 0x78, 0x7F, 0xC1, 0xFC, 0x07, 0xC0, 0x00, 0x1F, 0x1F, 0xF8, 0xFF, 0xC7,
    0xFE, 0x3F, 0xF1, 0xFF, 0x8F, 0xFC, 0x7F, 0xE3, 0xFF, 0x1F, 0xF8, 0xFF, 0xC7, 0xFE, 0x3F, 0xF1,
    0xFF, 0xDF, 0xBF, 0xF9, 0xFF, 0xC7, 0xFC, 0x10, 0x43, 0xC7, 0x0E, 0x78, 0x7F, 0xC1, 0xFC, 0x07,
    0xC0, 0x00, 0x1F, 0x1F, 0xF8, 0xFF, 0xC7, 0xFE, 0x3F, 0xF1, 0xFF, 0x8F, 0xFC, 0x7F, 0xE3, 0xFF,
    0x1F, 0xF8, 0xFB, 0xFF, 0xDF, 0xFE, 0x7D, 0xF0, 0x0F, 0x80, 0xFE, 0x07, 0x70, 0x7B, 0xC1, 0xDC,
    0x0F, 0xE0, 0x3E, 0x00, 0x00, 0xF8, 0xFF, 0xC7, 0xFE, 0x3F, 0xF1, 0xFF, 0x8F, 0xFC, 0x7F, 0xE3,
    0xFF, 0x1F, 0xF8, 0xFF, 0xC7, 0xFE, 0x3F, 0xF1, 0xFF, 0x8F, 0xFE, 0xFD, 0xFF, 0xCF, 0xFE, 0x3F,
    0xE0, 0x0F, 0x80, 0xFE, 0x07, 0x70, 0x7B, 0x81, 0xDC, 0x0F, 0xE0, 0x3E, 0x00, 0x00, 0xF8, 0xFF,
    0xC7, 0xFE, 0x3F, 0xF1, 0xFF, 0x8F, 0xFC, 0x7F, 0xE3, 0xFF, 0x1F, 0xF8, 0xFF, 0xC7, 0xDF, 0xFE,
    0xFF, 0xF3, 0xEF, 0x80, 0x00, 0x00, 0x73, 0x87, 0xFE, 0x3D, 0xE3, 0xDE, 0x1C, 0xF0, 0x61, 0x00,
    0x00, 0xF8, 0xFF, 0xC7, 0xFE, 0x3F, 0xF1, 0xFF, 0x8F, 0xFC, 0x7F, 0xE3, 0xFF, 0x1F, 0xF8, 0xFF,
    0xC7, 0xFE, 0x3F, 0xF1, 0xFF, 0x8F, 0xFE, 0xFD, 0xFF, 0xCF, 0xFE, 0x3F, 0xE0, 0x00, 0x00, 0x73,
    0x87, 0xDE, 0x3D, 0xE3, 0xCE, 0x1E, 0xF0, 0x63, 0x00, 0x00, 0xF8, 0xFF, 0xC7, 0xFE, 0x3F, 0xF1,
    0xFF, 0x8F, 0xFC, 0x7F, 0xE3, 0xFF, 0x1F, 0xF8, 0xFF, 0xC7, 0xDF, 0xFE, 0xFF, 0xF3, 0xEF, 0x80,
    0xF8, 0xFF, 0xC7, 0xFE, 0x3F, 0xF1, 0xFF, 0x8F, 0xFC, 0x7F, 0xE3, 0xFF, 0x1F, 0xF8, 0xFF, 0xC7,
    0xFE, 0x3F, 0xF1, 0xFF, 0x8F, 0xFE, 0xFD, 0xFF, 0xCF, 0xFE, 0x3F, 0xE0, 0x1C, 0x01, 0xC0, 0x1C,
    0x80, 0xFE, 0x03, 0xE0, 0xF8, 0xFB, 0xE3, 0xEF, 0x8F, 0xBE, 0x3E, 0xF8, 0xFB, 0xE3, 0xEF, 0x8F,
    0xBE, 0x3E, 0xF8, 0xFB, 0xE3, 0xE7, 0xFF, 0x9F, 0xFE, 0x3E, 0xF8, 0x03, 0xC0, 0x1C, 0x00, 0x74,
    0x01, 0xF8, 0x07, 0xE0, 0x07, 0xC0, 0x1F, 0xC0, 0x7F, 0xC0, 0xF7, 0x81, 0xC7, 0x01, 0x04, 0x00,
    0x00, 0x78, 0x0F, 0xF0, 0x1F, 0xE0, 0x3F, 0xC0, 0x7F, 0xBE, 0xFF, 0x7D, 0xFE, 0xFB, 0xFD, 0xF7,
    0xFB, 0xEF, 0xF7, 0xFC, 0xFD, 0xF9, 0xFB, 0xF3, 0xF7, 0xE7, 0xEF, 0xCF, 0xDF, 0x9F, 0xBF, 0x3F,
    0x7E, 0x07, 0xC0, 0x1F, 0xC0, 0x7F, 0xC0, 0xF7, 0x81, 0xC7, 0x01, 0x04, 0x3C, 0xF7, 0xFB, 0xEF,
    0xF7, 0xDF, 0xEF, 0xBF, 0xDF, 0x7F, 0xBE, 0xF7, 0x6D, 0xCF, 0xDF, 0x9F, 0xBF, 0x3F, 0x7E, 0x7E,
    0xFC, 0xFD, 0xF9, 0xFB, 0xF0, 0x07, 0xC0, 0x1F, 0xC0, 0x7F, 0xC0, 0xF7, 0x81, 0xC7, 0x01, 0x04,
    0x00, 0x00, 0x7C, 0x1F, 0xF8, 0x3E, 0xF8, 0xF9, 0xF1, 0xF1, 0xF7, 0xC3, 0xEF, 0x83, 0xFE, 0x07,
    0xFC, 0x07, 0xF0, 0x0F, 0xE0, 0x0F, 0x80, 0x1F, 0x00, 0x3E, 0x00, 0x7C, 0x00, 0xF8, 0x01, 0xF0,
    0x03, 0xE0, 0x07, 0xC0, 0x1F, 0xC0, 0x7F, 0xC0, 0xF7, 0xC1, 0xC7, 0x01, 0x04, 0x3E, 0x0F, 0xBC,
    0x1E, 0x7C, 0x7C, 0xF8, 0xF8, 0xF1, 0xE1, 0xF7, 0xC1, 0xEF, 0x03, 0xDE, 0x07, 0xF8, 0x07, 0xF0,
    0x0F, 0xE0, 0x0F, 0x80, 0x1F, 0x00, 0x3C, 0x00, 0x78, 0x0F, 0xF0, 0x1F, 0xC0, 0x3F, 0x00, 0x3E,
    0xF8, 0x7D, 0xF0, 0xFB, 0xE1, 0xF7, 0xC0, 0x00, 0x1F, 0x07, 0xFE, 0x0F, 0xBE, 0x3E, 0x7C, 0x7C,
    0x7D, 0xF0, 0xFB, 0xE0, 0xFF, 0x81, 0xFF, 0x01, 0xFC, 0x03, 0xF8, 0x03, 0xE0, 0x07, 0xC0, 0x0F,
    0x80, 0x1F, 0x00, 0x3E, 0x00, 0x7C, 0x00, 0xF8, 0x00, 0x00, 0x00, 0x0E, 0x00, 0xF8, 0x07, 0x80,
    0x7C, 0x03, 0xC0, 0x1C, 0x00, 0x60, 0x00, 0x07, 0xFF, 0xFF, 0xFF, 0xFF, 0xF0, 0x1F, 0x80, 0xF8,
    0x0F, 0x80, 0xF8, 0x0F, 0xC0, 0x7C, 0x07, 0xC0, 0x7E, 0x03, 0xE0, 0x3E, 0x03, 0xE0, 0x1F, 0xFF,
    0xFF, 0xFF, 0xFF, 0xC0, 0x01, 0x80, 0x0F, 0x00, 0xF8, 0x07, 0x80, 0x78, 0x03, 0x80, 0x1C, 0x00,
    0x00, 0x7F, 0xF3, 0xFF, 0x9F, 0xFC, 0x03, 0xE0, 0x3E, 0x03, 0xE0, 0x3E, 0x03, 0xE0, 0x3E, 0x03,
    0xE0, 0x3F, 0xFF, 0xFF, 0xFF, 0xFF, 0x80, 0x0F, 0x80, 0x7C, 0x03, 0xE0, 0x1F, 0x00, 0x00, 0x7F,
    0xFF, 0xFF, 0xFF, 0xFF, 0x01, 0xF8, 0x0F, 0x80, 0xF8, 0x0F, 0x80, 0xFC, 0x07, 0xC0, 0x7C, 0x07,
    0xE0, 0x3E, 0x03, 0xE0, 0x3E, 0x01, 0xFF, 0xFF, 0xFF, 0xFF, 0xFC, 0x0F, 0x80, 0x7C, 0x03, 0xE0,
    0x1F, 0x00, 0x00, 0x3F, 0xF9, 0xFF, 0xCF, 0xFE, 0x01, 0xF0, 0x1F, 0x01, 0xF0, 0x1F, 0x01, 0xF0,
    0x1F, 0x01, 0xF0, 0x1F, 0xFF, 0xFF, 0xFF, 0xFF, 0xC0, 0x10, 0x41, 0xC7, 0x0F, 0x78, 0x7F, 0xC1,
    0xFC, 0x07, 0xC0, 0x00, 0x1F, 0xFF, 0xFF, 0xFF, 0xFF, 0xC0, 0x7E, 0x03, 0xE0, 0x3E, 0x03, 0xE0,
    0x3F, 0x01, 0xF0, 0x1F, 0x01, 0xF8, 0x0F, 0x80, 0xF8, 0x0F, 0x80, 0x7F, 0xFF, 0xFF, 0xFF, 0xFF,
    0x10, 0x41, 0xC7, 0x0F, 0x78, 0x7F, 0xC1, 0xFC, 0x07, 0xC0, 0x00, 0x0F, 0xFE, 0x7F, 0xF3, 0xFF,
    0x80, 0x7C, 0x07, 0xC0, 0x7C, 0x07, 0xC0, 0x7C, 0x07, 0xC0, 0x7C, 0x07, 0xFF, 0xFF, 0xFF, 0xFF,
    0xF0, 0x00, 0x1E, 0x00, 0x3C, 0x00, 0x78, 0x00, 0xF0, 0xFF, 0xE3, 0xFF, 0xCF, 0xFF, 0x3F, 0x7E,
    0x78, 0x3C, 0xF0, 0x7B, 0xE0, 0xFF, 0xC1, 0xFF, 0x83, 0xFF, 0x07, 0xFE, 0x0F, 0xBC, 0x1E, 0x7C,
    0x3C, 0xFD, 0xF8, 0xFF, 0xE0, 0xFF, 0x80, 0xFE, 0x00, 0x00, 0x3C, 0x00, 0xF0, 0x03, 0xC7, 0xFF,
    0x3F, 0xFD, 0xFF, 0xEF, 0x8F, 0xBC, 0x1E, 0xF0, 0x7B, 0xC1, 0xEF, 0x07, 0xBC, 0x1E, 0xF8, 0xF9,
    0xFF, 0xC3, 0xFE, 0x07, 0xF0, 0x00, 0x1C, 0x00, 0x70, 0x01, 0xC0, 0x07, 0xF8, 0xFF, 0xE3, 0xFF,
    0x8F, 0xBE, 0x3E, 0xF8, 0xFB, 0xE3, 0xEF, 0x8F, 0xBE, 0x3E, 0xF8, 0xFB, 0xE3, 0xEF, 0x8F, 0xBE,
    0x3E, 0xF8, 0xFB, 0xF7, 0xE7, 0xFF, 0x1F, 0xFC, 0x3F, 0xE0, 0x00, 0x3C, 0x00, 0xF0, 0x03, 0xFE,
    0x3F, 0xF8, 0xFF, 0xE3, 0xEF, 0x8F, 0xBE, 0x3E, 0xF8, 0xFB, 0xE3, 0xEF, 0x8F, 0xBE, 0x3E, 0xF8,
    0xF9, 0xFF, 0xE7, 0xFF, 0x8F, 0xBE, 0x00, 0x40, 0x03, 0xC0, 0x0F, 0x80, 0x1E, 0x00, 0x10, 0x00,
    0xF8, 0x03, 0xF8, 0x0F, 0x78, 0x1E, 0xF0, 0x1F, 0xC0, 0x1F, 0x00, 0x00, 0x00, 0xFE, 0x01, 0xFC,
    0x03, 0xF8, 0x0F, 0xF8, 0x1F, 0xF0, 0x3D, 0xE0, 0x7B, 0xC1, 0xF7, 0xC3, 0xCF, 0x87, 0x8F, 0x0F,
    0xFE, 0x3F, 0xFE, 0x7F, 0xFC, 0xF0, 0x7B, 0xE0, 0xFF, 0xC1, 0xFF, 0x03, 0xE0, 0x01, 0x80, 0x0E,
    0x00, 0x7C, 0x01, 0xE0, 0x06, 0x00, 0x7E, 0x01, 0xFC, 0x0E, 0x70, 0x39, 0xC0, 0x7F, 0x01, 0xF8,
    0x00, 0x00, 0x3F, 0xC1, 0xFF, 0x87, 0xFF, 0x1C, 0x7C, 0x00, 0xF0, 0xFF, 0xC7, 0xFF, 0x3E, 0x3C,
    0xF0, 0xF3, 0xE7, 0xCF, 0xFF, 0xDF, 0xFF, 0x3E, 0x7C, 0x00, 0x00, 0x00, 0x18, 0x00, 0x3C, 0x00,
    0x3C, 0x00, 0x78, 0x00, 0xF8, 0x00, 0xF0, 0x00, 0x60, 0x00, 0x00, 0x0F, 0xFF, 0x0F, 0xFF, 0x0F,
    0xFF, 0x0F, 0xF0, 0x1E, 0xF0, 0x1E, 0xF0, 0x1E, 0xF0, 0x1E, 0xFE, 0x1E, 0xFE, 0x3C, 0xFE, 0x3F,
    0xF0, 0x3F, 0xF0, 0x3F, 0xF0, 0x7C, 0xF0, 0x78, 0xFF, 0x78, 0xFF, 0x78, 0xFF, 0x00, 0xC0, 0x01,
    0xE0, 0x07, 0xC0, 0x0F, 0x00, 0x3C, 0x00, 0xF0, 0x00, 0xE0, 0x00, 0x00, 0x3E, 0xF8, 0xFF, 0xFB,
    0xFF, 0xF7, 0x3C, 0xF0, 0x79, 0xE7, 0xFF, 0xDF, 0xFF, 0xFB, 0xC0, 0xE7, 0x89, 0xEF, 0xBF, 0xFF,
    0xF7, 0xEF, 0xE7, 0xCF, 0x80, 0x00, 0x00, 0x01, 0xC0, 0x07, 0xC0, 0x0F, 0x00, 0x3E, 0x00, 0x78,
    0x00, 0xE0, 0x00, 0xC4, 0x00, 0x1C, 0x1F, 0xFC, 0x7F, 0xF1, 0xFF, 0xC7, 0xC7, 0xCF, 0x1F, 0x9E,
    0x3F, 0x7C, 0xFF, 0xF9, 0xFF, 0xF7, 0x7F, 0xFE, 0xFF, 0xF9, 0xF7, 0xE3, 0xCF, 0xC7, 0x9F, 0x1F,
    0x1F, 0xFC, 0x7F, 0xF1, 0xFF, 0xC1, 0xC0, 0x01, 0x00, 0x00, 0x00, 0xC0, 0x01, 0xE0, 0x07, 0xC0,
    0x0F, 0x00, 0x3C, 0x00, 0x70, 0x00, 0xE0, 0x00, 0x0E, 0x0F, 0xFE, 0x3F, 0xF8, 0xFF, 0xE3, 0xE7,
    0xE7, 0x9F, 0xCF, 0x3F, 0x9E, 0xEF, 0x3F, 0x9E, 0x7F, 0x3C, 0xFC, 0xF8, 0xFF, 0xE3, 0xFF, 0x8F,
    0xFE, 0x0E, 0x00, 0x00, 0x00, 0x00, 0x0F, 0xF0, 0xFF, 0xF3, 0xFF, 0xDF, 0x0E, 0x7C, 0x11, 0xF0,
    0x07, 0xF8, 0x0F, 0xFC, 0x3F, 0xF8, 0x3F, 0xF0, 0x0F, 0xC0, 0x0F, 0x30, 0x3D, 0xE1, 0xF7, 0xFF,
    0x9F, 0xFE, 0x1F, 0xE0, 0x00, 0x00, 0x00, 0x01, 0xE0, 0x07, 0x80, 0x1E, 0x00, 0x70, 0x01, 0xC0,
    0x1F, 0xE1, 0xFF, 0x9F, 0xFC, 0xF0, 0xC7, 0xC0, 0x3F, 0xE1, 0xFF, 0xC3, 0xFE, 0x00, 0xFB, 0x87,
    0xFF, 0xFC, 0xFF, 0xE3, 0xFC, 0x00, 0x00, 0x00, 0x01, 0xE0, 0x0F, 0x00, 0x78, 0x03, 0x80, 0x1C,
    0x00, 0xFF, 0xFF, 0xFF, 0xFF, 0xFF, 0xF8, 0x3E, 0x00, 0x7C, 0x00, 0xF8, 0x01, 0xF0, 0x03, 0xE0,
    0x07, 0xC0, 0x0F, 0x80, 0x1F, 0x00, 0x3E, 0x00, 0x7C, 0x00, 0xF8, 0x01, 0xF0, 0x03, 0xE0, 0x07,
    0xC0, 0x00, 0x00, 0x00, 0x00, 0x3E, 0x00, 0x78, 0x00, 0xF0, 0x01, 0xC0, 0x03, 0x80, 0x1F, 0x00,
    0xF8, 0x07, 0xC0, 0x3E, 0x0F, 0xFF, 0xFF, 0xFF, 0xFF, 0xE3, 0xE0, 0x1F, 0x00, 0xF8, 0x07, 0xC0,
    0x3E, 0x01, 0xF0, 0x0F, 0x80, 0x7F, 0xE1, 0xFF, 0x07, 0xF8, 0x00, 0x00, 0x00, 0x07, 0x80, 0x3C,
    0x03, 0xC0, 0x1E, 0x00, 0xE0, 0x01, 0xCF, 0x9E, 0x7C, 0xF1, 0x80, 0x10, 0x78, 0xF3, 0xC7, 0x9E,
    0x18, 0x00, 0x1E, 0x0F, 0xC7, 0xFB, 0xDF, 0xE1, 0xC0, 0x00, 0x78, 0x3F, 0xFF, 0xFD, 0x3E, 0xFF,
    0xFF, 0xFF, 0x01, 0x38, 0x7F, 0x3D, 0xFE, 0x7F, 0x8F, 0xC0, 0xF7, 0xBD, 0xE0, 0xFF, 0xFF, 0xFF,
    0xFF, 0xFF, 0xFD, 0xFB, 0xF1, 0xE3, 0xC7, 0x00, 0x00, 0x7E, 0x7E, 0xE7, 0xE7, 0xE7, 0x7E, 0x7E,
    0x00, 0x01, 0x8C, 0x3D, 0xE7, 0xDE, 0x7B, 0xC7, 0x38, 0x61, 0x80, 0x00, 0x38, 0x7F, 0xBD, 0xFE,
    0x3F, 0x07, 0x80, 0x3B, 0xDF, 0xEF, 0x00, 0xF7, 0xBD, 0xCE, 0x00, 0x0F, 0x0F, 0x7E, 0xFE, 0xFE,
    0xF7, 0xBD, 0xE0, 0x7B, 0xFD, 0xEE, 0x00, 0x30, 0x60, 0xFA, 0x7F, 0xFF, 0x80, 0x1C, 0x71, 0xC7,
    0xAF, 0xEF, 0xC0, 0x08, 0x03, 0xC0, 0x3C, 0x03, 0xE0, 0x1E, 0x00, 0xF0, 0x04, 0x00, 0x00, 0xFF,
    0xFF, 0xFF, 0xFF, 0xEF, 0x00, 0xF0, 0x0F, 0x00, 0xF0, 0x0F, 0xFE, 0xFF, 0xEF, 0xFE, 0xF0, 0x0F,
    0x00, 0xF0, 0x0F, 0x00, 0xFF, 0xEF, 0xFF, 0xFF, 0xF0, 0xFB, 0xEF, 0xBE, 0xFB, 0xEF, 0xBE, 0x00,
    0x0F, 0xFF, 0xFF, 0xFF, 0xFE, 0xF0, 0x0F, 0x00, 0xF0, 0x0F, 0x00, 0xFF, 0xEF, 0xFE, 0xFF, 0xEF,
    0x00, 0xF0, 0x0F, 0x00, 0xF0, 0x0F, 0xFE, 0xFF, 0xFF, 0xFF, 0xFF, 0xE1, 0xFF, 0xC3, 0xFF, 0x80,
    0xF8, 0x01, 0xF0, 0x03, 0xE0, 0x07, 0xFE, 0x0F, 0xFE, 0x1F, 0xFC, 0x3E, 0x7C, 0x7C, 0xF8, 0xF9,
    0xF1, 0xF3, 0xE3, 0xE7, 0xC7, 0xCF, 0x8F, 0x9F, 0x1F, 0x3E, 0x00, 0x7C, 0x00, 0xF8, 0x0F, 0xF0,
    0x1F, 0xC0, 0x3F, 0x00, 0x00, 0x00, 0x38, 0x03, 0xC0, 0x7C, 0x07, 0x80, 0xF0, 0x0F, 0x00, 0x60,
    0x00, 0x0F, 0xFF, 0xFF, 0xFF, 0xFF, 0xF8, 0x0F, 0x80, 0xF8, 0x0F, 0x80, 0xF8, 0x0F, 0x80, 0xF8,
    0x0F, 0x80, 0xF8, 0x0F, 0x80, 0xF8, 0x0F, 0x80, 0xF8, 0x0F, 0x80, 0x0F, 0xF0, 0x3F, 0xF0, 0xFF,
    0xF3, 0xE3, 0xE7, 0xC3, 0xCF, 0x06, 0x1E, 0x00, 0x3F, 0xE0, 0x7F, 0xC0, 0xFF, 0x81, 0xE0, 0x03,
    0xC0, 0x07, 0xC3, 0xCF, 0x8F, 0x8F, 0xFF, 0x0F, 0xFC, 0x0F, 0xF0, 0x0F, 0xF0, 0xFF, 0xF3, 0xFF,
    0xDF, 0x0E, 0x7C, 0x11, 0xF0, 0x07, 0xF8, 0x0F, 0xFC, 0x3F, 0xF8, 0x3F, 0xF0, 0x0F, 0xC0, 0x0F,
    0x30, 0x3D, 0xE1, 0xF7, 0xFF, 0x9F, 0xFE, 0x1F, 0xE0, 0xFF, 0xFF, 0xFF, 0xDF, 0xFC, 0x1F, 0x00,
    0xF8, 0x07, 0xC0, 0x3E, 0x01, 0xF0, 0x0F, 0x80, 0x7C, 0x03, 0xE0, 0x1F, 0x00, 0xF8, 0x07, 0xC1,
    0xFF, 0xDF, 0xFF, 0xFF, 0xF8, 0x7D, 0xF3, 0xEF, 0x9F, 0x7C, 0xFB, 0xE0, 0x00, 0x7F, 0xFF, 0xFF,
    0xEF, 0xFE, 0x0F, 0x80, 0x7C, 0x03, 0xE0, 0x1F, 0x00, 0xF8, 0x07, 0xC0, 0x3E, 0x01, 0xF0, 0x0F,
    0x80, 0x7C, 0x03, 0xE0, 0xFF, 0xEF, 0xFF, 0xFF, 0xFC, 0x1F, 0xF8, 0xFF, 0xC7, 0xFE, 0x00, 0xF0,
    0x07, 0x80, 0x3C, 0x01, 0xE0, 0x0F, 0x00, 0x78, 0x03, 0xC0, 0x1E, 0x00, 0xF7, 0x87, 0xBE, 0x7D,
    0xFF, 0xE7, 0xFE, 0x1F, 0xE0, 0x1F, 0xE0, 0x1F, 0xE0, 0x1F, 0xE0, 0x1D, 0xE0, 0x1D, 0xE0, 0x1D,
    0xE0, 0x1D, 0xFC, 0x1D, 0xFE, 0x1D, 0xFF, 0x1D, 0xEF, 0x1D, 0xEF, 0x3D, 0xEF, 0x3D, 0xEF, 0x3D,
    0xEF, 0x79, 0xFF, 0x79, 0xFE, 0x71, 0xFC, 0xF3, 0xC1, 0xE7, 0x83, 0xCF, 0x07, 0x9E, 0x0F, 0x3C,
    0x1E, 0x78, 0x3C, 0xFE, 0x7F, 0xFE, 0xFF, 0xFF, 0xFF, 0xBF, 0xCF, 0x7F, 0x9E, 0xFF, 0x3D, 0xFE,
    0x7B, 0xFC, 0xFF, 0xF9, 0xFE, 0xF3, 0xF8, 0xFF, 0xE1, 0xFF, 0xC3, 0xFF, 0x80, 0xF8, 0x01, 0xF0,
    0x03, 0xE0, 0x07, 0xFE, 0x0F, 0xFE, 0x1F, 0xFC, 0x3E, 0x7C, 0x7C, 0xF8, 0xF9, 0xF1, 0xF3, 0xE3,
    0xE7, 0xC7, 0xCF, 0x8F, 0x9F, 0x1F, 0x3E, 0x00, 0x00, 0x07, 0x00, 0x3E, 0x00, 0xF0, 0x07, 0xC0,
    0x1E, 0x00, 0x70, 0x00, 0xC0, 0x00, 0x03, 0xE1, 0xEF, 0x8F, 0xBE, 0x3C, 0xF8, 0xF3, 0xE7, 0xCF,
    0x9E, 0x3E, 0xF8, 0xFF, 0xC3, 0xFF, 0x0F, 0xFE, 0x3E, 0xF8, 0xF9, 0xE3, 0xE7, 0xCF, 0x8F, 0x3E,
    0x3F, 0xF8, 0xFF, 0xE1, 0xF0, 0x04, 0x00, 0xF0, 0x07, 0x80, 0x3E, 0x00, 0xF0, 0x03, 0x80, 0x08,
    0x00, 0x00, 0xF0, 0xFF, 0x87, 0xFC, 0x3F, 0xE3, 0xFF, 0x1F, 0xF9, 0xFF, 0xCF, 0xFE, 0xFF, 0xF7,
    0x7F, 0xFB, 0xFF, 0x9F, 0xFC, 0xFF, 0xC7, 0xFE, 0x3F, 0xE1, 0xFF, 0x0F, 0xF8, 0x78, 0x04, 0x60,
    0x38, 0xF0, 0x79, 0xE0, 0xFF, 0x80, 0xFF, 0x00, 0xFC, 0x00, 0x00, 0x7C, 0x1F, 0x78, 0x3E, 0xF8,
    0x78, 0xF1, 0xF1, 0xF3, 0xC3, 0xE7, 0x83, 0xDF, 0x07, 0xFC, 0x07, 0xF8, 0x0F, 0xE0, 0x0F, 0xC0,
    0x1F, 0x80, 0x1E, 0x00, 0x3C, 0x07, 0xF0, 0x0F, 0xE0, 0x1F, 0x80, 0xF8, 0xFF, 0xC7, 0xFE, 0x3F,
    0xF1, 0xFF, 0x8F, 0xFC, 0x7F, 0xE3, 0xFF, 0x1F, 0xF8, 0xFF, 0xC7, 0xFE, 0x3F, 0xF1, 0xFF, 0x8F,
    0xFC, 0x7F, 0xFF, 0xFF, 0xFF, 0xFF, 0xF8, 0x7C, 0x03, 0xE0, 0x1F, 0x00, 0xF8, 0x00, 0x0F, 0xE0,
    0x1F, 0xC0, 0x3F, 0x80, 0xFF, 0x81, 0xFF, 0x03, 0xDE, 0x07, 0xBC, 0x1F, 0x7C, 0x3C, 0xF8, 0x78,
    0xF0, 0xFF, 0xE3, 0xFF, 0xE7, 0xFF, 0xCF, 0x07, 0xBE, 0x0F, 0xFC, 0x1F, 0xF0, 0x3E, 0xFF, 0xF3,
    0xFF, 0xCF, 0xFF, 0x3E, 0x00, 0xF8, 0x03, 0xE0, 0x0F, 0xFC, 0x3F, 0xFC, 0xFF, 0xFB, 0xE3, 0xEF,
    0x87, 0xBE, 0x1E, 0xF8, 0x7B, 0xE3, 0xEF, 0xFF, 0xBF, 0xFC, 0xFF, 0xE0, 0x7F, 0xE3, 0xFF, 0x9F,
    0xFC, 0xF1, 0xF7, 0x8F, 0xBC, 0x7D, 0xE7, 0xCF, 0xFC, 0x7F, 0xE3, 0xFF, 0x9E, 0x3E, 0xF0, 0xF7,
    0x87, 0xBC, 0x7D, 0xFF, 0xEF, 0xFE, 0x7F, 0xE0, 0xFF, 0xFF, 0xFF, 0xFF, 0xFF, 0x80, 0xF8, 0x0F,
    0x80, 0xF8, 0x0F, 0x80, 0xF8, 0x0F, 0x80, 0xF8, 0x0F, 0x80, 0xF8, 0x0F, 0x80, 0xF8, 0x0F, 0x80,
    0xF8, 0x00, 0x1F, 0xF8, 0x3F, 0xF0, 0x7F, 0xE0, 0xF3, 0xC1, 0xE7, 0x83, 0xCF, 0x07, 0x9E, 0x0F,
    0x3C, 0x1E, 0x78, 0x3C, 0xF0, 0x79, 0xE1, 0xF3, 0xC3, 0xC7, 0x87, 0x8F, 0x3F, 0xFF, 0xFF, 0xFF,
    0xFF, 0xFF, 0xE0, 0x3F, 0xC0, 0x7F, 0x80, 0xFF, 0x01, 0xFE, 0x03, 0xC0, 0xFF, 0xFF, 0xFF, 0xFF,
    0xEF, 0x00, 0xF0, 0x0F, 0x00, 0xF0, 0x0F, 0xFE, 0xFF, 0xEF, 0xFE, 0xF0, 0x0F, 0x00, 0xF0, 0x0F,
    0x00, 0xFF, 0xEF, 0xFF, 0xFF, 0xF0, 0xF7, 0xDF, 0xEF, 0xBF, 0xDF, 0x7B, 0xFF, 0xE7, 0xFF, 0xCF,
    0xFF, 0x9F, 0xFF, 0x1F, 0xFC, 0x3F, 0xF8, 0xFF, 0xF9, 0xFF, 0xF3, 0xFF, 0xE7, 0xFF, 0xDE, 0xFB,
    0xFD, 0xF7, 0xFB, 0xEF, 0xF7, 0xDE, 0x1F, 0xE0, 0xFF, 0xE7, 0xFF, 0x8E, 0x3F, 0x10, 0x7C, 0x01,
    0xE0, 0x0F, 0x81, 0xFC, 0x07, 0xF0, 0x1F, 0xE0, 0x07, 0xC0, 0x1F, 0x10, 0x7C, 0xE3, 0xF7, 0xFF,
    0x9F, 0xFC, 0x1F, 0xE0, 0xF0, 0xFF, 0x87, 0xFC, 0x3F, 0xE3, 0xFF, 0x1F, 0xF9, 0xFF, 0xCF, 0xFE,
    0xFF, 0xF7, 0x7F, 0xFB, 0xFF, 0x9F, 0xFC, 0xFF, 0xC7, 0xFE, 0x3F, 0xE1, 0xFF, 0x0F, 0xF8, 0x78,
    0x08, 0x81, 0xC7, 0x0F, 0x78, 0x7F, 0xC1, 0xFC, 0x07, 0xC0, 0x00, 0x1E, 0x1F, 0xF0, 0xFF, 0x87,
    0xFC, 0x7F, 0xE3, 0xFF, 0x3F, 0xF9, 0xFF, 0xDF, 0xFE, 0xEF, 0xFF, 0x7F, 0xF3, 0xFF, 0x9F, 0xF8,
    0xFF, 0xC7, 0xFC, 0x3F, 0xE1, 0xFF, 0x0F, 0xF8, 0x7B, 0xE3, 0xEF, 0x8F, 0x3E, 0x3C, 0xF9, 0xF3,
    0xE7, 0x8F, 0xBE, 0x3F, 0xF0, 0xFF, 0xC3, 0xFF, 0x8F, 0xBE, 0x3E, 0x78, 0xF9, 0xF3, 0xE3, 0xCF,
    0x8F, 0xFE, 0x3F, 0xF8, 0x7C, 0x1F, 0xFC, 0x7F, 0xF1, 0xFF, 0xC7, 0xCF, 0x1F, 0x3C, 0x7C, 0xF1,
    0xF3, 0xC7, 0xCF, 0x1E, 0x3C, 0x78, 0xF1, 0xE3, 0xC7, 0x8F, 0x1E, 0x3C, 0xF8, 0xFF, 0xC3, 0xFE,
    0x0F, 0xF0, 0x3C, 0x7C, 0x7C, 0xF8, 0xF9, 0xF9, 0xF3, 0xF7, 0xE7, 0xEF, 0xCF, 0xFF, 0x9F, 0xFF,
    0x3F, 0xFE, 0x7F, 0xFC, 0xF7, 0x79, 0xEE, 0xF3, 0xDD, 0xE7, 0x93, 0xCF, 0x07, 0x9E, 0x0F, 0x3C,
    0x1E, 0x78, 0x3C, 0xF8, 0xFF, 0xC7, 0xFE, 0x3F, 0xF1, 0xFF, 0x8F, 0xFC, 0x7F, 0xE3, 0xFF, 0xFF,
    0xFF, 0xFF, 0xFF, 0xFE, 0x3F, 0xF1, 0xFF, 0x8F, 0xFC, 0x7F, 0xE3, 0xFF, 0x1F, 0xF8, 0xF8, 0x0F,
    0xE0, 0x3F, 0xE0, 0xFF, 0xE3, 0xE3, 0xE7, 0x83, 0xCF, 0x07, 0xBE, 0x0F, 0xFC, 0x1F, 0xF8, 0x3F,
    0xF0, 0x7F, 0xE0, 0xFB, 0xC1, 0xE7, 0x83, 0xCF, 0x8F, 0x8F, 0xFE, 0x0F, 0xF8, 0x0F, 0xE0, 0xFF,
    0xFF, 0xFF, 0xFF, 0xFF, 0xF1, 0xFF, 0x8F, 0xFC, 0x7F, 0xE3, 0xFF, 0x1F, 0xF8, 0xFF, 0xC7, 0xFE,
    0x3F, 0xF1, 0xFF, 0x8F, 0xFC, 0x7F, 0xE3, 0xFF, 0x1F, 0xF8, 0xF8, 0x7F, 0xE3, 0xFF, 0x9F, 0xFE,
    0xF1, 0xF7, 0x87, 0xBC, 0x3D, 0xE1, 0xEF, 0x1F, 0x7F, 0xFB, 0xFF, 0x9F, 0xF0, 0xF0, 0x07, 0x80,
    0x3C, 0x01, 0xE0, 0x0F, 0x00, 0x78, 0x00, 0x1F, 0xE0, 0xFF, 0xC7, 0xFF, 0x9E, 0x3E, 0xF8, 0x7B,
    0xE1, 0x8F, 0x00, 0x3C, 0x00, 0xF0, 0x03, 0xC0, 0x0F, 0x00, 0x3E, 0x18, 0xF8, 0x79, 0xE3, 0xE7,
    0xFF, 0x8F, 0xFC, 0x1F, 0xE0, 0xFF, 0xFF, 0xFF, 0xFF, 0xFF, 0xF8, 0x3E, 0x00, 0x7C, 0x00, 0xF8,
    0x01, 0xF0, 0x03, 0xE0, 0x07, 0xC0, 0x0F, 0x80, 0x1F, 0x00, 0x3E, 0x00, 0x7C, 0x00, 0xF8, 0x01,
    0xF0, 0x03, 0xE0, 0x07, 0xC0, 0xF8, 0x3E, 0xF0, 0x7D, 0xF0, 0xF1, 0xE3, 0xE3, 0xE7, 0x87, 0xCF,
    0x07, 0xBE, 0x0F, 0xF8, 0x0F, 0xF0, 0x1F, 0xC0, 0x1F, 0x80, 0x3F, 0x00, 0x3C, 0x00, 0x78, 0x0F,
    0xE0, 0x1F, 0xC0, 0x3F, 0x00, 0x07, 0xC0, 0x0F, 0x80, 0x3F, 0x81, 0xFF, 0xC7, 0xFF, 0xCF, 0x77,
    0x9C, 0xE7, 0x79, 0xCF, 0xF3, 0x9F, 0xE7, 0x3F, 0xCE, 0x7F, 0x9C, 0xF7, 0x39, 0xCF, 0x77, 0x9F,
    0xFF, 0x1F, 0xFC, 0x1F, 0xF0, 0x0F, 0x80, 0x1F, 0x00, 0xF8, 0x3E, 0xF8, 0xF8, 0xF9, 0xE1, 0xF7,
    0xC1, 0xEF, 0x03, 0xFE, 0x03, 0xF8, 0x07, 0xF0, 0x07, 0xC0, 0x1F, 0xC0, 0x7F, 0xC0, 0xFF, 0x83,
    0xEF, 0x87, 0x9F, 0x1F, 0x1F, 0x3C, 0x3E, 0xF8, 0x3E, 0xF1, 0xF3, 0xC7, 0xCF, 0x1F, 0x3C, 0x7C,
    0xF1, 0xF3, 0xC7, 0xCF, 0x1F, 0x3C, 0x7C, 0xF1, 0xF3, 0xC7, 0xCF, 0x1F, 0x3C, 0x7C, 0xF1, 0xF3,
    0xC7, 0xCF, 0xFF, 0xFF, 0xFF, 0xFF, 0xFC, 0x00, 0xF0, 0x03, 0xC0, 0x0F, 0x00, 0x3C, 0x00, 0xF0,
    0x78, 0x7D, 0xE1, 0xF7, 0x87, 0xDE, 0x1F, 0x78, 0x7D, 0xE1, 0xF7, 0x87, 0xDF, 0x1F, 0x7F, 0xFC,
    0xFF, 0xF1, 0xFF, 0xC0, 0x1F, 0x00, 0x7C, 0x01, 0xF0, 0x07, 0xC0, 0x1F, 0x00, 0x7C, 0xF3, 0x9F,
    0xE7, 0x3F, 0xCE, 0x7F, 0x9C, 0xFF, 0x39, 0xFE, 0x73, 0xFC, 0xE7, 0xF9, 0xCF, 0xF3, 0x9F, 0xE7,
    0x3F, 0xCE, 0x7F, 0x9C, 0xFF, 0x39, 0xFE, 0x73, 0xFF, 0xFF, 0xFF, 0xFF, 0xFF, 0xFE, 0xF7, 0xBD,
    0xEF, 0x7B, 0xDE, 0xF7, 0xBD, 0xEF, 0x7B, 0xDE, 0xF7, 0xBD, 0xEF, 0x7B, 0xDE, 0xF7, 0xBD, 0xEF,
    0x7B, 0xDE, 0xF7, 0xBD, 0xEF, 0x7B, 0xDE, 0xF7, 0xBF, 0xFF, 0xFF, 0xFF, 0xFF, 0xFE, 0x00, 0x1C,
    0x00, 0x38, 0x00, 0x70, 0x00, 0xE0, 0xFE, 0x01, 0xFC, 0x03, 0xF8, 0x00, 0xF0, 0x01, 0xE0, 0x03,
    0xC0, 0x07, 0xFE, 0x0F, 0xFE, 0x1F, 0xFC, 0x3C, 0x7C, 0x78, 0xF8, 0xF1, 0xF1, 0xE3, 0xE3, 0xC7,
    0xC7, 0xFF, 0x0F, 0xFE, 0x1F, 0xF8, 0xF0, 0x1F, 0xE0, 0x3F, 0xC0, 0x7F, 0x80, 0xFF, 0x01, 0xFE,
    0x03, 0xFF, 0xC7, 0xFF, 0xCF, 0xFF, 0xDF, 0xE7, 0xBF, 0xCF, 0x7F, 0x9E, 0xFF, 0x3D, 0xFE, 0x7B,
    0xFF, 0xF7, 0xFF, 0xCF, 0xFF, 0x1E, 0xF8, 0x03, 0xE0, 0x0F, 0x80, 0x3E, 0x00, 0xF8, 0x03, 0xE0,
    0x0F, 0xFE, 0x3F, 0xFC, 0xFF, 0xFB, 0xE3, 0xEF, 0x87, 0xBE, 0x1E, 0xF8, 0x7B, 0xE3, 0xEF, 0xFF,
    0xBF, 0xFC, 0xFF, 0xE0, 0x1F, 0xE0, 0x7F, 0xE1, 0xFF, 0xE3, 0xE3, 0xE7, 0x87, 0xC3, 0x07, 0x80,
    0x0F, 0x03, 0xFE, 0x07, 0xFE, 0x0F, 0xF8, 0x00, 0xF0, 0x01, 0xE7, 0x87, 0xCF, 0x8F, 0x9F, 0xFE,
    0x1F, 0xF8, 0x1F, 0xE0, 0xF1, 0xF9, 0xE7, 0xFB, 0xCF, 0xF7, 0xBD, 0xEF, 0x79, 0xFE, 0xF3, 0xFD,
    0xE7, 0xFF, 0xCF, 0xFF, 0x9F, 0xFF, 0x3F, 0xDE, 0x7F, 0xBC, 0xFF, 0x79, 0xFE, 0xF7, 0xBC, 0xFF,
    0x79, 0xFE, 0xF1, 0xF8, 0x1F, 0xFC, 0xFF, 0xF3, 0xFF, 0xDF, 0x1F, 0x7C, 0x7D, 0xF1, 0xF7, 0xC7,
    0xDF, 0x1F, 0x3F, 0xFC, 0xFF, 0xF0, 0xFF, 0xC7, 0xDF, 0x1F, 0x7C, 0xF9, 0xFF, 0xE7, 0xFF, 0x1F,
    0xF8, 0x7C, 0x3F, 0xC1, 0xFF, 0x87, 0xFF, 0x1C, 0x7C, 0x00, 0xF0, 0xFF, 0xC7, 0xFF, 0x3E, 0x3C,
    0xF0, 0xF3, 0xE7, 0xCF, 0xFF, 0xDF, 0xFF, 0x3E, 0x7C, 0x0F, 0xF0, 0xFF, 0x8F, 0xFC, 0xF8, 0x07,
    0x80, 0x7F, 0xF3, 0xFF, 0xDF, 0xFE, 0xF8, 0xFF, 0xC7, 0xFC, 0x1F, 0xE0, 0xFF, 0x07, 0xFC, 0x7F,
    0xE3, 0xEF, 0xFE, 0x3F, 0xE0, 0xFE, 0x00, 0xFF, 0xCF, 0xFE, 0xFF, 0xEF, 0x1E, 0xF1, 0xEF, 0xFE,
    0xFF, 0xCF, 0xFE, 0xF1, 0xFF, 0x1F, 0xFF, 0xFF, 0xFE, 0xFF, 0xC0, 0xFF, 0xFF, 0xFF, 0xFF, 0xC0,
    0xF0, 0x3C, 0x0F, 0x03, 0xC0, 0xF0, 0x3C, 0x0F, 0x03, 0xC0, 0xF0, 0x00, 0x1F, 0xF8, 0x3F, 0xF0,
    0x7F, 0xE0, 0xF3, 0xC1, 0xE7, 0x83, 0xCF, 0x07, 0x9E, 0x1F, 0x3C, 0x3C, 0x78, 0x78, 0xF3, 0xFF,
    0xFF, 0xFF, 0xFF, 0xFF, 0xFE, 0x03, 0xFC, 0x07, 0xF8, 0x0F, 0xF0, 0x1E, 0x1F, 0xC1, 0xFF, 0x1F,
    0xFD, 0xF1, 0xFF, 0x07, 0xFF, 0xFF, 0xFF, 0xFF, 0xFF, 0xF0, 0x07, 0xC3, 0x1F, 0xFC, 0x7F, 0xE1,
    0xFE, 0x00, 0xF3, 0x9E, 0xE7, 0x39, 0xEE, 0xF3, 0xDD, 0xE7, 0xBB, 0xC7, 0xFF, 0x07, 0xFC, 0x1F,
    0xFC, 0x7B, 0xBC, 0xF7, 0x79, 0xEE, 0xF7, 0x9C, 0xFF, 0x39, 0xE0, 0x3F, 0xE3, 0xFF, 0x9F, 0xFC,
    0x61, 0xE0, 0x0F, 0x07, 0xF0, 0x3F, 0x81, 0xFE, 0x00, 0xFB, 0x87, 0xFF, 0xFC, 0xFF, 0xE3, 0xFC,
    0x00, 0xF8, 0xFF, 0xC7, 0xFE, 0x7F, 0xF7, 0xFF, 0xBF, 0xFF, 0xFF, 0xFF, 0xFF, 0xFF, 0xFE, 0xFF,
    0xF7, 0xFF, 0x3F, 0xF1, 0xFF, 0x8F, 0x80, 0x08, 0xC1, 0xC7, 0x8F, 0x78, 0x7F, 0xC1, 0xFC, 0x07,
    0xC0, 0x00, 0x1F, 0x1F, 0xF8, 0xFF, 0xCF, 0xFE, 0xFF, 0xF7, 0xFF, 0xFF, 0xFF, 0xFF, 0xFF, 0xFF,
    0xDF, 0xFE, 0xFF, 0xE7, 0xFE, 0x3F, 0xF1, 0xF0, 0xF8, 0xFF, 0xC7, 0xBE, 0x7D, 0xF3, 0xCF, 0xBE,
    0x7F, 0xE3, 0xFE, 0x1F, 0xF8, 0xFB, 0xE7, 0xCF, 0xBE, 0x7F, 0xF1, 0xFF, 0x87, 0x80, 0x1F, 0xFC,
    0x7F, 0xF1, 0xFF, 0xC7, 0x9F, 0x1E, 0x7C, 0x79, 0xF1, 0xE7, 0xC7, 0x9F, 0x1E, 0x7C, 0xF9, 0xFF,
    0xC7, 0xFF, 0x1F, 0xF8, 0x7C, 0xF8, 0x7F, 0xC7, 0xFF, 0x3F, 0xFB, 0xFF, 0xDF, 0xFF, 0xFF, 0xFF,
    0xFF, 0xFF, 0xF7, 0x7F, 0xBB, 0xFC, 0x9F, 0xE0, 0xFF, 0x07, 0x80, 0xF8, 0xFF, 0xC7, 0xFE, 0x3F,
    0xF1, 0xFF, 0x8F, 0xFF, 0xFF, 0xFF, 0xFF, 0xFF, 0xF8, 0xFF, 0xC7, 0xFE, 0x3F, 0xF1, 0xFF, 0x8F,
    0x80, 0x1F, 0xC1, 0xFF, 0x1F, 0xFD, 0xF1, 0xFF, 0x07, 0xF8, 0x3F, 0xC1, 0xFE, 0x0F, 0xF0, 0x7F,
    0xC7, 0xDF, 0xFC, 0x7F, 0xC1, 0xFC, 0x00, 0xFF, 0xFF, 0xFF, 0xFF, 0xFF, 0xF1, 0xFF, 0x8F, 0xFC,
    0x7F, 0xE3, 0xFF, 0x1F, 0xF8, 0xFF, 0xC7, 0xFE, 0x3F, 0xF1, 0xFF, 0x8F, 0x80, 0xFF, 0xE3, 0xFF,
    0xCF, 0xFF, 0xBE, 0x3E, 0xF8, 0x7B, 0xE1, 0xEF, 0x87, 0xBE, 0x1E, 0xF8, 0x7B, 0xE3, 0xEF, 0xFF,
    0xBF, 0xFC, 0xFF, 0xE3, 0xE0, 0x0F, 0x80, 0x3E, 0x00, 0xF8, 0x03, 0xE0, 0x00, 0x1F, 0xC1, 0xFF,
    0x9F, 0xFC, 0xF9, 0xEF, 0x84, 0x7C, 0x03, 0xE0, 0x1F, 0x00, 0xF8, 0x43, 0xE7, 0x9F, 0xFE, 0x7F,
    0xE1, 0xFE, 0x00, 0xFF, 0xFF, 0xFF, 0xFF, 0xFE, 0x1F, 0x00, 0xF8, 0x07, 0xC0, 0x3E, 0x01, 0xF0,
    0x0F, 0x80, 0x7C, 0x03, 0xE0, 0x1F, 0x00, 0xF8, 0x00, 0xF8, 0x3E, 0xF0, 0x79, 0xF1, 0xF3, 0xE3,
    0xE3, 0xC7, 0x87, 0xDF, 0x07, 0xBC, 0x0F, 0x78, 0x1F, 0xE0, 0x1F, 0xC0, 0x3F, 0x80, 0x3E, 0x00,
    0x7C, 0x00, 0xF0, 0x01, 0xE0, 0x3F, 0xC0, 0x7F, 0x00, 0xFC, 0x00, 0x03, 0x80, 0x07, 0x00, 0x0E,
    0x00, 0x1C, 0x03, 0xBB, 0x8F, 0xFF, 0x9F, 0xFF, 0x79, 0xCF, 0xF3, 0x9F, 0xE7, 0x3F, 0xCE, 0x7F,
    0x9C, 0xFF, 0x39, 0xFE, 0x73, 0xDF, 0xFF, 0x3F, 0xFE, 0x3B, 0xB8, 0x07, 0x00, 0x0E, 0x00, 0x1C,
    0x00, 0x38, 0x00, 0x70, 0x00, 0x7C, 0x7C, 0x7C, 0xF0, 0xFB, 0xE0, 0xFF, 0x80, 0xFE, 0x01, 0xFC,
    0x01, 0xF0, 0x07, 0xF0, 0x1F, 0xF0, 0x3F, 0xE0, 0xFB, 0xE3, 0xE3, 0xE7, 0x87, 0xC0, 0xF1, 0xF3,
    0xC7, 0xCF, 0x1F, 0x3C, 0x7C, 0xF1, 0xF3, 0xC7, 0xCF, 0x1F, 0x3C, 0x7C, 0xF1, 0xF3, 0xC7, 0xCF,
    0xFF, 0xFF, 0xFF, 0xFF, 0xFC, 0x00, 0xF0, 0x03, 0xC0, 0x0F, 0x00, 0x18, 0xF0, 0xF7, 0x87, 0xBC,
    0x3D, 0xE1, 0xEF, 0x8F, 0x7C, 0xFB, 0xFF, 0xCF, 0xFE, 0x3E, 0xF0, 0x07, 0x80, 0x3C, 0x01, 0xE0,
    0x0F, 0x00, 0xF3, 0x9F, 0xE7, 0x3F, 0xCE, 0x7F, 0x9C, 0xFF, 0x39, 0xFE, 0x73, 0xFC, 0xE7, 0xF9,
    0xCF, 0xF3, 0x9F, 0xE7, 0x3F, 0xFF, 0xFF, 0xFF, 0xFF, 0xFF, 0xE0, 0xF7, 0xBD, 0xEF, 0x7B, 0xDE,
    0xF7, 0xBD, 0xEF, 0x7B, 0xDE, 0xF7, 0xBD, 0xEF, 0x7B, 0xDE, 0xF7, 0xBD, 0xEF, 0x7B, 0xFF, 0xFF,
    0xFF, 0xFF, 0xFF, 0xE0, 0x01, 0xC0, 0x03, 0x80, 0x07, 0x00, 0x0E, 0xFE, 0x01, 0xFC, 0x03, 0xF8,
    0x00, 0xF0, 0x01, 0xFF, 0x83, 0xFF, 0x87, 0xFF, 0x0F, 0x1F, 0x1E, 0x3E, 0x3C, 0x7C, 0x7F, 0xF0,
    0xFF, 0xE1, 0xFF, 0x80, 0xF0, 0x1F, 0xE0, 0x3F, 0xC0, 0x7F, 0x80, 0xFF, 0xF1, 0xFF, 0xF3, 0xFF,
    0xF7, 0xF9, 0xEF, 0xF3, 0xDF, 0xE7, 0xBF, 0xFF, 0x7F, 0xFC, 0xFF, 0xF1, 0xE0, 0xF0, 0x0F, 0x00,
    0xF0, 0x0F, 0x00, 0xFF, 0xCF, 0xFE, 0xFF, 0xFF, 0x1F, 0xF0, 0xFF, 0x1F, 0xFF, 0xFF, 0xFE, 0xFF,
    0xC0, 0x3F, 0xC3, 0xFF, 0x3F, 0xFC, 0xE1, 0xE0, 0x0F, 0x87, 0xFC, 0x3F, 0xE1, 0xFF, 0x30, 0xFB,
    0x8F, 0xBF, 0xFC, 0xFF, 0xC3, 0xFC, 0x00, 0xF1, 0xF9, 0xE7, 0xFB, 0xCF, 0xF7, 0xBD, 0xEF, 0x79,
    0xFF, 0xF3, 0xFF, 0xE7, 0xFF, 0xCF, 0xF7, 0x9F, 0xEF, 0x7B, 0xCF, 0xF7, 0x9F, 0xEF, 0x1F, 0x80,
    0x3F, 0xF3, 0xFF, 0xBF, 0xFD, 0xF1, 0xEF, 0x8F, 0x7C, 0x79, 0xFF, 0xC7, 0xFE, 0x1F, 0xF1, 0xF7,
    0xBF, 0x3D, 0xF1, 0xEF, 0x8F, 0x00, 0x00, 0x00, 0x70, 0x07, 0x80, 0x3E, 0x00, 0xF0, 0x03, 0xC0,
    0x18, 0x00, 0x00, 0x1F, 0xC1, 0xFF, 0x1F, 0xFD, 0xF1, 0xFF, 0x07, 0xFF, 0xFF, 0xFF, 0xFF, 0xFF,
    0xF0, 0x07, 0xC3, 0x1F, 0xFC, 0x7F, 0xE1, 0xFE, 0x00, 0x7D, 0xF3, 0xEF, 0x9F, 0x7C, 0xFB, 0xE0,
    0x00, 0x0F, 0xE0, 0xFF, 0x8F, 0xFE, 0xF8, 0xFF, 0x83, 0xFF, 0xFF, 0xFF, 0xFF, 0xFF, 0xF8, 0x03,
    0xE1, 0x8F, 0xFE, 0x3F, 0xF0, 0xFF, 0x00, 0x7C, 0x03, 0xFE, 0x0F, 0xF8, 0x3F, 0xE0, 0x7C, 0x01,
    0xF7, 0xC7, 0xFF, 0x9F, 0xFE, 0x7C, 0x7D, 0xF1, 0xF7, 0xC7, 0xDF, 0x1F, 0x7C, 0x7D, 0xF1, 0xF7,
    0xC7, 0xDF, 0x1F, 0x7C, 0x7D, 0xF1, 0xF0, 0x07, 0xC0, 0x1F, 0x07, 0xFC, 0x1F, 0xE0, 0x7F, 0x00,
    0x02, 0x01, 0xE0, 0x78, 0x3C, 0x1F, 0x07, 0x81, 0xC0, 0x00, 0xFF, 0xFF, 0xFF, 0xFF, 0xC0, 0xF0,
    0x3C, 0x0F, 0x03, 0xC0, 0xF0, 0x3C, 0x0F, 0x03, 0xC0, 0xF0, 0x00, 0x1F, 0xC1, 0xFF, 0x9F, 0xFC,
    0xF0, 0xEF, 0x80, 0x7F, 0xC3, 0xFE, 0x1F, 0xF0, 0xF8, 0x03, 0xC3, 0x9F, 0xFE, 0x7F, 0xE1, 0xFE,
    0x00, 0x1F, 0xE1, 0xFF, 0x9F, 0xFC, 0xF0, 0xC7, 0xC0, 0x3F, 0xE1, 0xFF, 0xC3, 0xFE, 0x00, 0xFB,
    0x87, 0xFF, 0xFC, 0xFF, 0xE3, 0xFC, 0x00, 0x0F, 0x80, 0xF8, 0x0F, 0x80, 0xF8, 0x00, 0x0F, 0xF8,
    0xFF, 0x8F, 0xF8, 0x0F, 0x80, 0xF8, 0x0F, 0x80, 0xF8, 0x0F, 0x80, 0xF8, 0x0F, 0x8F, 0xFF, 0xFF,
    0xFF, 0xFF, 0x7D, 0xE7, 0xDE, 0x7D, 0xE7, 0xDE, 0x00, 0x0F, 0xF8, 0xFF, 0x8F, 0xF8, 0x0F, 0x80,
    0xF8, 0x0F, 0x80, 0xF8, 0x0F, 0x80, 0xF8, 0x0F, 0x8F, 0xFF, 0xFF, 0xFF, 0xFF, 0x07, 0x81, 0xE0,
    0x78, 0x1E, 0x00, 0x3F, 0xEF, 0xFB, 0xFE, 0x07, 0x81, 0xE0, 0x78, 0x1E, 0x07, 0x81, 0xE0, 0x78,
    0x1E, 0x07, 0x81, 0xE0, 0x78, 0x1E, 0xFF, 0xBF, 0xEF, 0xF0, 0x3F, 0xC0, 0x7F, 0x80, 0xFF, 0x01,
    0xDE, 0x03, 0xBF, 0x87, 0x7F, 0x8E, 0xFF, 0x9D, 0xEF, 0x7B, 0xCE, 0xF7, 0xBF, 0xEF, 0xFF, 0x9F,
    0xEE, 0x3F, 0x80, 0xF3, 0xC1, 0xE7, 0x83, 0xCF, 0x07, 0x9E, 0x0F, 0x3F, 0x9F, 0xFF, 0xBF, 0xFF,
    0xFF, 0xEF, 0xF3, 0xCF, 0xE7, 0xBF, 0xCF, 0xFF, 0x9F, 0xEF, 0x3F, 0x80, 0x7C, 0x03, 0xFE, 0x0F,
    0xF8, 0x3F, 0xE0, 0x7C, 0x01, 0xF7, 0xC7, 0xFF, 0x9F, 0xFE, 0x7C, 0x7D, 0xF1, 0xF7, 0xC7, 0xDF,
    0x1F, 0x7C, 0x7D, 0xF1, 0xF7, 0xC7, 0xDF, 0x1F, 0x7C, 0x7D, 0xF1, 0xF0, 0x01, 0x80, 0x0F, 0x00,
    0xF8, 0x07, 0x80, 0x78, 0x03, 0x80, 0x1C, 0x00, 0x00, 0xF8, 0xFF, 0xC7, 0xBE, 0x7D, 0xF3, 0xCF,
    0xBE, 0x7F, 0xE3, 0xFE, 0x1F, 0xF8, 0xFB, 0xE7, 0xCF, 0xBE, 0x7F, 0xF1, 0xFF, 0x87, 0x80, 0x00,
    0x00, 0x70, 0x07, 0x80, 0x3E, 0x00, 0xF0, 0x03, 0xC0, 0x08, 0x00, 0x00, 0xF8, 0xFF, 0xC7, 0xFE,
    0x7F, 0xF7, 0xFF, 0xBF, 0xFF, 0xFF, 0xFF, 0xFF, 0xFF, 0xFE, 0xFF, 0xF7, 0xFF, 0x3F, 0xF1, 0xFF,
    0x8F, 0x80, 0x04, 0x60, 0x38, 0xF0, 0x79, 0xC0, 0xFF, 0x80, 0xFE, 0x00, 0xF8, 0x00, 0x00, 0x7C,
    0x1F, 0x78, 0x3C, 0xF8, 0xF9, 0xF1, 0xF1, 0xE3, 0xC3, 0xEF, 0x83, 0xDE, 0x07, 0xBC, 0x0F, 0xF0,
    0x0F, 0xE0, 0x1F, 0xC0, 0x1F, 0x00, 0x3E, 0x00, 0x78, 0x00, 0xF0, 0x1F, 0xE0, 0x3F, 0x80, 0x7E,
    0x00, 0xF8, 0xFF, 0xC7, 0xFE, 0x3F, 0xF1, 0xFF, 0x8F, 0xFC, 0x7F, 0xE3, 0xFF, 0x1F, 0xF8, 0xFF,
    0xC7, 0xFF, 0xFF, 0xFF, 0xFF, 0xFF, 0x87, 0xC0, 0x3E, 0x01, 0xF0, 0x07, 0x00, 0x0F, 0xE0, 0x3F,
    0xE0, 0xFF, 0xE3, 0xE3, 0xE7, 0x83, 0xCF, 0x07, 0xBE, 0x0F, 0xFF, 0xFF, 0xFF, 0xFF, 0xFF, 0xFF,
    0xE0, 0xFB, 0xC1, 0xE7, 0x83, 0xCF, 0x8F, 0x8F, 0xFE, 0x0F, 0xF8, 0x0F, 0xE0, 0x1F, 0xC1, 0xFF,
    0x1F, 0xFD, 0xF1, 0xFF, 0x07, 0xFF, 0xFF, 0xFF, 0xFF, 0xFF, 0xF0, 0x7F, 0xC7, 0xDF, 0xFC, 0x7F,
    0xC1, 0xFC, 0x00, 0x01, 0xF0, 0x1F, 0x01, 0xF0, 0x1F, 0xFF, 0xFF, 0xFF, 0xFF, 0xFF, 0x80, 0xF8,
    0x0F, 0x80, 0xF8, 0x0F, 0x80, 0xF8, 0x0F, 0x80, 0xF8, 0x0F, 0x80, 0xF8, 0x0F, 0x80, 0xF8, 0x0F,
    0x80, 0xF8, 0x00, 0x03, 0xC0, 0xF0, 0x3F, 0xFF, 0xFF, 0xFF, 0xFF, 0x03, 0xC0, 0xF0, 0x3C, 0x0F,
    0x03, 0xC0, 0xF0, 0x3C, 0x0F, 0x03, 0xC0, 0x1F, 0xFC, 0x7F, 0xF1, 0xFF, 0xC7, 0x80, 0x1E, 0x00,
    0x78, 0x01, 0xE0, 0x1F, 0xFC, 0x7F, 0xF1, 0xFF, 0xC1, 0xE0, 0x07, 0x80, 0x1E, 0x00, 0x78, 0x01,
    0xE0, 0x07, 0x80, 0x1E, 0x00, 0x3F, 0xF9, 0xFF, 0xCF, 0xFE, 0x7C, 0x03, 0xE0, 0x1F, 0x03, 0xFF,
    0x1F, 0xF8, 0xFF, 0xC1, 0xF0, 0x0F, 0x80, 0x7C, 0x03, 0xE0, 0x00, 0xFF, 0xE3, 0xFF, 0x8F, 0xFE,
    0x3E, 0x00, 0xF8, 0x03, 0xE0, 0x0F, 0x80, 0x3E, 0x00, 0xFF, 0xE3, 0xFF, 0xCF, 0xFF, 0xBE, 0x3E,
    0xF8, 0x7B, 0xE1, 0xEF, 0x87, 0xBE, 0x1E, 0xF8, 0x78, 0x01, 0xE0, 0x07, 0x81, 0xFE, 0x07, 0xF0,
    0x1F, 0x80, 0xFF, 0xE7, 0xFF, 0x3F, 0xF9, 0xF0, 0x0F, 0x80, 0x7C, 0x03, 0xFF, 0x9F, 0xFE, 0xFF,
    0xFF, 0xC7, 0xFE, 0x3F, 0xF1, 0xFF, 0x8F, 0x80, 0x7C, 0x03, 0xE0, 0xFF, 0x07, 0xF0, 0x3F, 0x00,
    0x7B, 0xCF, 0x3D, 0xE7, 0x1E, 0xF7, 0x8F, 0x7B, 0xC3, 0xBD, 0xE1, 0xFE, 0xF0, 0xFF, 0x70, 0x3F,
    0xF8, 0x1F, 0xFC, 0x1F, 0xFE, 0x0F, 0xF7, 0x8F, 0xFB, 0xC7, 0xBD, 0xE3, 0xDE, 0xF1, 0xEF, 0x7E,
    0xF7, 0x9F, 0x7B, 0xCF, 0x80, 0x03, 0xC0, 0x01, 0xE0, 0x00, 0xF0, 0xF7, 0x9C, 0xF7, 0xBC, 0xF7,
    0xBC, 0x77, 0xBC, 0x7F, 0xB8, 0x7F, 0xF8, 0x3F, 0xF0, 0x7F, 0xF8, 0x7F, 0xBC, 0x77, 0xBC, 0xF7,
    0xBF, 0xF7, 0xBF, 0xF7, 0x9F, 0x00, 0x0F, 0x00, 0x0F, 0x00, 0x0F, 0x1F, 0xE0, 0xFF, 0xC7, 0xFF,
    0x8E, 0x3E, 0x10, 0x7C, 0x01, 0xF0, 0x0F, 0x81, 0xFC, 0x07, 0xE0, 0x1F, 0xE0, 0x0F, 0xC0, 0x1F,
    0x00, 0x7C, 0xC1, 0xF7, 0xCF, 0xDF, 0xFE, 0x7F, 0xF0, 0x7F, 0x80, 0x78, 0x01, 0xE0, 0x07, 0x80,
    0x3F, 0xC3, 0xFF, 0x9F, 0xFC, 0xE1, 0xE0, 0x0F, 0x07, 0xF8, 0x3F, 0x81, 0xFE, 0x00, 0xF9, 0x07,
    0xDE, 0x7F, 0xFF, 0xE7, 0xFF, 0x0F, 0xE0, 0x3C, 0x01, 0xE0, 0x0F, 0x00, 0xF0, 0x7B, 0xC3, 0xEF,
    0x0F, 0x3C, 0x7C, 0xF1, 0xE3, 0xC7, 0x8F, 0x3E, 0x3F, 0xF0, 0xFF, 0xC3, 0xFF, 0x0F, 0x3E, 0x3C,
    0x78, 0xF1, 0xF3, 0xC7, 0xCF, 0x0F, 0xFC, 0x3F, 0xF0, 0x7C, 0x00, 0xF0, 0x03, 0xC0, 0x0F, 0x00,
    0x3C, 0xF8, 0xFB, 0xE3, 0xCF, 0x9F, 0x3E, 0x78, 0xFB, 0xE3, 0xFF, 0x0F, 0xF8, 0x3F, 0xF0, 0xFB,
    0xE3, 0xE7, 0xCF, 0x9F, 0xFE, 0x3F, 0xF8, 0xFC, 0x00, 0xF0, 0x03, 0xC0, 0x0F, 0xF8, 0x1F, 0xF0,
    0x7B, 0xE0, 0xF7, 0xF9, 0xEF, 0xF7, 0x9F, 0xEF, 0x3F, 0xFE, 0x7F, 0xF8, 0xFF, 0xF1, 0xFF, 0xE3,
    0xFF, 0xE7, 0xFB, 0xCF, 0xF7, 0x9F, 0x07, 0xBE, 0x0F, 0xFC, 0x1F, 0xF8, 0x1E, 0xF0, 0x3F, 0xE0,
    0x7B, 0xDD, 0xF7, 0xBB, 0xCF, 0x7F, 0x9F, 0xFE, 0x3F, 0xF8, 0x7F, 0xF8, 0xF7, 0xF9, 0xEE, 0xF3,
    0xC1, 0xFF, 0x81, 0xFF, 0x01, 0xE0, 0xFE, 0x3F, 0xFC, 0x7B, 0xF8, 0xF0, 0xF3, 0xE1, 0xE7, 0x83,
    0xCF, 0x07, 0xBE, 0x0F, 0xF8, 0x1F, 0xF0, 0x3F, 0xE0, 0x7B, 0xE0, 0xF3, 0xC1, 0xE7, 0x83, 0xCF,
    0x87, 0x8F, 0x8F, 0x1F, 0x1E, 0x1E, 0xFE, 0x3F, 0xFC, 0x7B, 0xF9, 0xF0, 0xF3, 0xC1, 0xEF, 0x83,
    0xFE, 0x07, 0xF8, 0x0F, 0xF8, 0x1E, 0xF8, 0x3C, 0xF0, 0x79, 0xF8, 0xF1, 0xF1, 0xE3, 0xE0, 0xF1,
    0xF3, 0xC7, 0xCF, 0x1F, 0x3C, 0x7C, 0xF1, 0xF3, 0xC7, 0xCF, 0x1F, 0x3F, 0xFC, 0xFF, 0xF3, 0xFF,
    0xCF, 0x1F, 0x3C, 0x7C, 0xF1, 0xF3, 0xC7, 0xCF, 0x1F, 0xFC, 0x7F, 0xF1, 0xFC, 0x00, 0xF0, 0x03,
    0xC0, 0x0F, 0x00, 0x3C, 0xF1, 0xF3, 0xC7, 0xCF, 0x1F, 0x3C, 0x7C, 0xF1, 0xF3, 0xFF, 0xCF, 0xFF,
    0x3F, 0xFC, 0xF1, 0xF3, 0xC7, 0xCF, 0x1F, 0xFC, 0x7F, 0xF1, 0xFC, 0x00, 0xF0, 0x03, 0xC0, 0x0F,
    0xF9, 0xFF, 0xF3, 0xFF, 0xE7, 0xFF, 0xCF, 0x0F, 0x9E, 0x1F, 0x3C, 0x3E, 0x78, 0x7F, 0xF0, 0xFF,
    0xE1, 0xFF, 0xC3, 0xE7, 0x87, 0xCF, 0x0F, 0x9E, 0x1F, 0x3C, 0x3E, 0x78, 0x7C, 0xF0, 0xF9, 0xE0,
    0xF1, 0xFF, 0xE3, 0xFF, 0xC7, 0xFF, 0x8F, 0x0F, 0x1E, 0x1F, 0xFC, 0x3F, 0xF8, 0x7F, 0xF0, 0xF1,
    0xE1, 0xE3, 0xC3, 0xC7, 0x87, 0x8F, 0x0F, 0x1E, 0x00, 0x1F, 0xC0, 0xFF, 0xC7, 0xFF, 0x9F, 0x3E,
    0xF8, 0x7B, 0xE1, 0xCF, 0x00, 0x3C, 0x00, 0xF0, 0x03, 0xC0, 0x0F, 0x00, 0x3C, 0x00, 0xF8, 0x7B,
    0xE1, 0xE7, 0xCF, 0x9F, 0xFC, 0x3F, 0xF0, 0x3F, 0x00, 0x78, 0x01, 0xE0, 0x07, 0x80, 0x1F, 0xE1,
    0xFF, 0x9F, 0xFC, 0xF9, 0xEF, 0x84, 0x7C, 0x03, 0xE0, 0x1F, 0x00, 0xF8, 0x63, 0xE7, 0xDF, 0xFE,
    0x7F, 0xE0, 0xFC, 0x03, 0xC0, 0x1E, 0x00, 0xF0, 0xF8, 0x3F, 0xF0, 0x7D, 0xF1, 0xF3, 0xE3, 0xE3,
    0xEF, 0x87, 0xDF, 0x07, 0xFC, 0x0F, 0xF8, 0x0F, 0xE0, 0x1F, 0xC0, 0x1F, 0x00, 0x3E, 0x00, 0x7C,
    0x00, 0xF8, 0x01, 0xF0, 0x03, 0xE0, 0x07, 0xC0, 0xF8, 0x3E, 0xF0, 0x79, 0xF1, 0xF1, 0xE3, 0xC3,
    0xC7, 0x87, 0xDF, 0x07, 0xBC, 0x0F, 0x78, 0x0F, 0xE0, 0x1F, 0xC0, 0x3F, 0x80, 0x3E, 0x00, 0x7C,
    0x00, 0xF8, 0x01, 0xF0, 0x03, 0xE0, 0x07, 0xC0, 0x0F, 0x80, 0xF8, 0x3F, 0xF0, 0x7D, 0xF1, 0xF3,
    0xE3, 0xE3, 0xEF, 0x87, 0xDF, 0x07, 0xFC, 0x0F, 0xF8, 0x0F, 0xE0, 0x1F, 0xC0, 0x1F, 0x01, 0xFF,
    0xC3, 0xFF, 0x87, 0xFF, 0x01, 0xF0, 0x03, 0xE0, 0x07, 0xC0, 0xF8, 0x3E, 0xF0, 0x79, 0xF1, 0xF1,
    0xE3, 0xC3, 0xC7, 0x87, 0xDF, 0x07, 0xBC, 0x0F, 0x78, 0x0F, 0xE0, 0x1F, 0xC0, 0x3F, 0x80, 0x3E,
    0x00, 0x7C, 0x07, 0xFF, 0x0F, 0xFE, 0x1F, 0xFC, 0x07, 0xC0, 0x0F, 0x80, 0xF8, 0x3C, 0x7C, 0x7C,
    0x7C, 0x78, 0x3E, 0xF8, 0x1E, 0xF0, 0x1F, 0xF0, 0x0F, 0xE0, 0x0F, 0xE0, 0x0F, 0xC0, 0x0F, 0xE0,
    0x1F, 0xE0, 0x1F, 0xF0, 0x3E, 0xF8, 0x3C, 0xF8, 0x7C, 0x7E, 0x78, 0x7E, 0xF8, 0x3E, 0x00, 0x1E,
    0x00, 0x1E, 0x00, 0x1E, 0x00, 0x1E, 0x7C, 0x7C, 0x7C, 0xF0, 0xFB, 0xE0, 0xFF, 0x80, 0xFE, 0x01,
    0xFC, 0x01, 0xF0, 0x07, 0xF0, 0x1F, 0xF0, 0x3F, 0xE0, 0xFB, 0xFB, 0xE3, 0xF7, 0x87, 0xE0, 0x03,
    0xC0, 0x07, 0x80, 0x0F, 0xF8, 0xF9, 0xF1, 0xF3, 0xE3, 0xE7, 0xC7, 0xCF, 0x8F, 0x9F, 0x1F, 0x3E,
    0x3E, 0x7C, 0x7C, 0x7C, 0xF8, 0xFF, 0xF0, 0xFF, 0xE0, 0xFF, 0xC0, 0x0F, 0x80, 0x1F, 0x00, 0x3F,
    0x80, 0x7F, 0x00, 0xFE, 0x00, 0x3C, 0x00, 0x78, 0x00, 0xF0, 0x01, 0xE0, 0xF1, 0xF3, 0xC7, 0xCF,
    0x1F, 0x3C, 0x7C, 0xF1, 0xF3, 0xE7, 0xCF, 0xFF, 0x1F, 0xFC, 0x7F, 0xF0, 0x07, 0xC0, 0x1F, 0xC0,
    0x7F, 0x01, 0xFC, 0x00, 0xF0, 0x03, 0xC0, 0x0F, 0xF8, 0x3F, 0xE0, 0xFF, 0x83, 0xFE, 0x0F, 0xFB,
    0xBF, 0xEE, 0xFF, 0xBB, 0xFE, 0xEF, 0x7F, 0xFD, 0xFF, 0xF3, 0xFF, 0xC7, 0xFF, 0x03, 0xBC, 0x0E,
    0xF0, 0x03, 0xC0, 0x0F, 0x00, 0x3C, 0xF0, 0xFF, 0x87, 0xFC, 0x3F, 0xEF, 0xFF, 0x7F, 0xFF, 0xFF,
    0xFF, 0xEF, 0xFF, 0x7F, 0xF8, 0x3F, 0xC1, 0xFE, 0x01, 0xF0, 0x0F, 0x80, 0xF8, 0x03, 0xE0, 0x0F,
    0x80, 0x3E, 0x00, 0xF8, 0x03, 0xFF, 0x8F, 0xFF, 0x3F, 0xFE, 0xFC, 0xFB, 0xE1, 0xEF, 0x87, 0xBE,
    0x1E, 0xF8, 0x7B, 0xE1, 0xEF, 0x87, 0xBE, 0x1E, 0xF8, 0x78, 0xF8, 0x07, 0xC0, 0x3E, 0x01, 0xF0,
    0x0F, 0x80, 0x7D, 0xF3, 0xFF, 0xDF, 0xFE, 0xF8, 0xFF, 0xC7, 0xFE, 0x3F, 0xF1, 0xFF, 0x8F, 0xFC,
    0x7F, 0xE3, 0xFF, 0x1F, 0xF8, 0xFF, 0xC7, 0xC0, 0xFF, 0xFF, 0xFF, 0xDF, 0xFC, 0x1F, 0x00, 0xF8,
    0x07, 0xC0, 0x3E, 0x01, 0xF0, 0x0F, 0x80, 0x7C, 0x03, 0xE0, 0x1F, 0x00, 0xF8, 0x07, 0xC1, 0xFF,
    0xDF, 0xFF, 0xFF, 0xF8, 0x04, 0x40, 0x38, 0xE0, 0x7B, 0xC0, 0xFF, 0x80, 0xFE, 0x00, 0xF8, 0x00,
    0x00, 0x7B, 0xEF, 0xF7, 0xDF, 0xEF, 0xBD, 0xFF, 0xF3, 0xFF, 0xE7, 0xFF, 0xCF, 0xFF, 0x8F, 0xFE,
    0x1F, 0xFC, 0x7F, 0xFC, 0xFF, 0xF9, 0xFF, 0xF3, 0xFF, 0xEF, 0x7D, 0xFE, 0xFB, 0xFD, 0xF7, 0xFB,
    0xEF, 0x04, 0x40, 0x38, 0xE0, 0x7B, 0xC0, 0xFF, 0x80, 0xFE, 0x00, 0xF8, 0x00, 0x00, 0x79, 0xCF,
    0x73, 0x9C, 0xF7, 0x79, 0xEE, 0xF3, 0xDD, 0xE3, 0xFF, 0x83, 0xFE, 0x0F, 0xFE, 0x3D, 0xDE, 0x7B,
    0xBC, 0xF7, 0x7B, 0xCE, 0x7F, 0x9C, 0xF0, 0xFF, 0xFF, 0xFF, 0xFF, 0xFE, 0x1F, 0x00, 0xF8, 0x07,
    0xC0, 0x3E, 0x01, 0xF0, 0x0F, 0x80, 0x7C, 0x03, 0xE0, 0x1F, 0x00, 0xF8, 0x07, 0xC0, 0x3E, 0x1F,
    0xFF, 0xFF, 0xFF, 0xFF, 0xC0, 0x0C, 0x40, 0x78, 0xE0, 0x73, 0xC0, 0xFF, 0x80, 0xFE, 0x00, 0xF8,
    0x00, 0x00, 0x07, 0xF0, 0x0F, 0xE0, 0x1F, 0xC0, 0x7F, 0xC0, 0xFF, 0x81, 0xEF, 0x03, 0xDE, 0x0F,
    0xBE, 0x1E, 0x7C, 0x3C, 0x78, 0x7F, 0xF1, 0xFF, 0xF3, 0xFF, 0xE7, 0x83, 0xDF, 0x07, 0xFE, 0x0F,
    0xF8, 0x1F, 0x18, 0x81, 0xE3, 0x87, 0x9E, 0x0F, 0xF8, 0x3F, 0xC0, 0x7E, 0x00, 0x00, 0x0F, 0xF0,
    0x7F, 0xE1, 0xFF, 0xC7, 0x1F, 0x00, 0x3C, 0x3F, 0xF1, 0xFF, 0xCF, 0x8F, 0x3C, 0x3C, 0xF9, 0xF3,
    0xFF, 0xF7, 0xFF, 0xCF, 0x9F, 0x3E, 0xF8, 0x7D, 0xF0, 0xFB, 0xE1, 0xF7, 0xC0, 0x00, 0x01, 0xFC,
    0x03, 0xF8, 0x07, 0xF0, 0x1F, 0xF0, 0x3F, 0xE0, 0x7B, 0xC0, 0xF7, 0x83, 0xEF, 0x87, 0x9F, 0x0F,
    0x1E, 0x1F, 0xFC, 0x7F, 0xFC, 0xFF, 0xF9, 0xE0, 0xF7, 0xC1, 0xFF, 0x83, 0xFE, 0x07, 0xC0, 0x7D,
    0xE1, 0xF7, 0x87, 0xDE, 0x1F, 0x78, 0x00, 0x00, 0xFF, 0x07, 0xFE, 0x1F, 0xFC, 0x71, 0xF0, 0x03,
    0xC3, 0xFF, 0x1F, 0xFC, 0xF8, 0xF3, 0xC3, 0xCF, 0x9F, 0x3F, 0xFF, 0x7F, 0xFC, 0xF9, 0xF0, 0x0F,
    0xFF, 0x0F, 0xFF, 0x0F, 0xFF, 0x0F, 0xF0, 0x1E, 0xF0, 0x1E, 0xF0, 0x1E, 0xF0, 0x1E, 0xFE, 0x1E,
    0xFE, 0x3C, 0xFE, 0x3F, 0xF0, 0x3F, 0xF0, 0x3F, 0xF0, 0x7C, 0xF0, 0x78, 0xFF, 0x78, 0xFF, 0x78,
    0xFF, 0x3E, 0xF8, 0xFF, 0xFB, 0xFF, 0xF7, 0x3C, 0xF0, 0x79, 0xE7, 0xFF, 0xDF, 0xFF, 0xFB, 0xC0,
    0xE7, 0x89, 0xEF, 0xBF, 0xFF, 0xF7, 0xEF, 0xE7, 0xCF, 0x80, 0x11, 0x87, 0x1E, 0x79, 0xC7, 0xFC,
    0x3F, 0x81, 0xF0, 0x00, 0x0F, 0xFF, 0xFF, 0xFF, 0xFE, 0xF0, 0x0F, 0x00, 0xF0, 0x0F, 0x00, 0xFF,
    0xEF, 0xFE, 0xFF, 0xEF, 0x00, 0xF0, 0x0F, 0x00, 0xF0, 0x0F, 0xFE, 0xFF, 0xFF, 0xFF, 0x08, 0xC1,
    0xC7, 0x8F, 0x78, 0x7F, 0xC1, 0xFC, 0x07, 0xC0, 0x00, 0x03, 0xF8, 0x3F, 0xE3, 0xFF, 0xBE, 0x3F,
    0xE0, 0xFF, 0xFF, 0xFF, 0xFF, 0xFF, 0xFE, 0x00, 0xF8, 0x63, 0xFF, 0x8F, 0xFC, 0x3F, 0xC0, 0x0F,
    0xE0, 0x7F, 0xE0, 0xFF, 0xE3, 0xE3, 0xE7, 0x83, 0xC3, 0x07, 0x80, 0x0F, 0xFF, 0xFF, 0xFF, 0xFF,
    0xFF, 0xFF, 0xE0, 0xFB, 0xC1, 0xE7, 0x83, 0xCF, 0x8F, 0x8F, 0xFE, 0x0F, 0xF8, 0x0F, 0xE0, 0x3F,
    0xC3, 0xFF, 0x1F, 0xFC, 0xE1, 0xF0, 0x07, 0xFF, 0xFF, 0xFF, 0xFF, 0xFF, 0xF0, 0x7F, 0xC7, 0xDF,
    0xFC, 0x7F, 0xC1, 0xFC, 0x00, 0x3E, 0xF8, 0x7D, 0xF0, 0xFB, 0xE1, 0xF7, 0xC0, 0x00, 0x1E, 0xFB,
    0xFD, 0xF7, 0xFB, 0xEF, 0x7F, 0xFC, 0xFF, 0xF9, 0xFF, 0xF3, 0xFF, 0xE3, 0xFF, 0x87, 0xFF, 0x1F,
    0xFF, 0x3F, 0xFE, 0x7F, 0xFC, 0xFF, 0xFB, 0xDF, 0x7F, 0xBE, 0xFF, 0x7D, 0xFE, 0xFB, 0xC0, 0x3E,
    0xF8, 0x7D, 0xF0, 0xFB, 0xE1, 0xF7, 0xC0, 0x00, 0x1E, 0x73, 0xDC, 0xE7, 0x3D, 0xDE, 0x7B, 0xBC,
    0xF7, 0x78, 0xFF, 0xE0, 0xFF, 0x83, 0xFF, 0x8F, 0x77, 0x9E, 0xEF, 0x3D, 0xDE, 0xF3, 0x9F, 0xE7,
    0x3C, 0x3E, 0xF0, 0xFB, 0xC3, 0xEF, 0x0F, 0xBC, 0x00, 0x00, 0x7F, 0x83, 0xFF, 0x9F, 0xFE, 0x38,
    0xFC, 0x41, 0xF0, 0x07, 0x80, 0x3E, 0x07, 0xF0, 0x1F, 0xC0, 0x7F, 0x80, 0x1F, 0x00, 0x7C, 0x41,
    0xF3, 0x8F, 0xDF, 0xFE, 0x7F, 0xF0, 0x7F, 0x80, 0x7D, 0xF3, 0xEF, 0x9F, 0x7C, 0xFB, 0xE0, 0x00,
    0x1F, 0xF1, 0xFF, 0xCF, 0xFE, 0x30, 0xF0, 0x07, 0x83, 0xF8, 0x1F, 0xC0, 0xFF, 0x00, 0x7D, 0xC3,
    0xFF, 0xFE, 0x7F, 0xF1, 0xFE, 0x00, 0x3F, 0xE1, 0xFF, 0x0F, 0xF8, 0x00, 0x00, 0x00, 0x78, 0x7F,
    0xC3, 0xFE, 0x1F, 0xF1, 0xFF, 0x8F, 0xFC, 0xFF, 0xE7, 0xFF, 0x7F, 0xFB, 0xBF, 0xFD, 0xFF, 0xCF,
    0xFE, 0x7F, 0xE3, 0xFF, 0x1F, 0xF0, 0xFF, 0x87, 0xFC, 0x3C, 0x3F, 0xE1, 0xFF, 0x0F, 0xF8, 0x00,
    0x00, 0x00, 0x7C, 0x7F, 0xE3, 0xFF, 0x3F, 0xFB, 0xFF, 0xDF, 0xFF, 0xFF, 0xFF, 0xFF, 0xFF, 0xFF,
    0x7F, 0xFB, 0xFF, 0x9F, 0xF8, 0xFF, 0xC7, 0xC0, 0x7D, 0xF3, 0xEF, 0x9F, 0x7C, 0xFB, 0xE0, 0x00,
    0x78, 0x7F, 0xC3, 0xFE, 0x1F, 0xF1, 0xFF, 0x8F, 0xFC, 0xFF, 0xE7, 0xFF, 0x7F, 0xFB, 0xBF, 0xFD,
    0xFF, 0xCF, 0xFE, 0x7F, 0xE3, 0xFF, 0x1F, 0xF0, 0xFF, 0x87, 0xFC, 0x3C, 0x7D, 0xF3, 0xEF, 0x9F,
    0x7C, 0xFB, 0xE0, 0x00, 0x7C, 0x7F, 0xE3, 0xFF, 0x3F, 0xFB, 0xFF, 0xDF, 0xFF, 0xFF, 0xFF, 0xFF,
    0xFF, 0xFF, 0x7F, 0xFB, 0xFF, 0x9F, 0xF8, 0xFF, 0xC7, 0xC0, 0x3E, 0xF8, 0x7D, 0xF0, 0xFB, 0xE1,
    0xF7, 0xC0, 0x00, 0x01, 0xFC, 0x07, 0xFC, 0x1F, 0xFC, 0x7C, 0x7C, 0xF0, 0x79, 0xE0, 0xF7, 0xC1,
    0xFF, 0x83, 0xFF, 0x07, 0xFE, 0x0F, 0xFC, 0x1F, 0x78, 0x3C, 0xF0, 0x79, 0xF1, 0xF1, 0xFF, 0xC1,
    0xFF, 0x01, 0xFC, 0x00, 0x7D, 0xF3, 0xEF, 0x9F, 0x7C, 0xFB, 0xE0, 0x00, 0x0F, 0xE0, 0xFF, 0x8F,
    0xFE, 0xF8, 0xFF, 0x83, 0xFC, 0x1F, 0xE0, 0xFF, 0x07, 0xF8, 0x3F, 0xE3, 0xEF, 0xFE, 0x3F, 0xE0,
    0xFE, 0x00, 0x0F, 0xE0, 0x3F, 0xE0, 0xFF, 0xE3, 0xE3, 0xE7, 0x83, 0xCF, 0x07, 0xBE, 0x0F, 0xFF,
    0xFF, 0xFF, 0xFF, 0xFF, 0xFF, 0xE0, 0xFB, 0xC1, 0xE7, 0x83, 0xCF, 0x8F, 0x8F, 0xFE, 0x0F, 0xF8,
    0x0F, 0xE0, 0x1F, 0xC1, 0xFF, 0x1F, 0xFD, 0xF1, 0xFF, 0x07, 0xFF, 0xFF, 0xFF, 0xFF, 0xFF, 0xF0,
    0x7F, 0xC7, 0xDF, 0xFC, 0x7F, 0xC1, 0xFC, 0x00, 0x0F, 0xF0, 0x3F, 0xE0, 0x7F, 0xC0, 0x00, 0x00,
    0x00, 0x1F, 0x07, 0xDE, 0x0F, 0xBE, 0x1E, 0x3C, 0x7C, 0x7C, 0xF0, 0xF9, 0xE0, 0xF7, 0xC1, 0xFF,
    0x01, 0xFE, 0x03, 0xF8, 0x03, 0xF0, 0x07, 0xE0, 0x07, 0x80, 0x0F, 0x01, 0xFC, 0x03, 0xF8, 0x07,
    0xE0, 0x00, 0x1F, 0xF0, 0x3F, 0xE0, 0x7F, 0xC0, 0x00, 0x00, 0x00, 0x1F, 0x07, 0xDE, 0x0F, 0x3E,
    0x3E, 0x7C, 0x7C, 0x78, 0xF0, 0xFB, 0xE0, 0xF7, 0x81, 0xEF, 0x03, 0xFC, 0x03, 0xF8, 0x07, 0xF0,
    0x07, 0xC0, 0x0F, 0x80, 0x1E, 0x00, 0x3C, 0x07, 0xF8, 0x0F, 0xE0, 0x1F, 0x80, 0x00, 0x1E, 0xF8,
    0x3D, 0xF0, 0x7B, 0xE0, 0xF7, 0xC0, 0x00, 0x1F, 0x07, 0xDE, 0x0F, 0xBE, 0x1E, 0x3C, 0x7C, 0x7C,
    0xF0, 0xF9, 0xE0, 0xF7, 0xC1, 0xFF, 0x01, 0xFE, 0x03, 0xF8, 0x03, 0xF0, 0x07, 0xE0, 0x07, 0x80,
    0x0F, 0x01, 0xFC, 0x03, 0xF8, 0x07, 0xE0, 0x00, 0x3E, 0xF8, 0x7D, 0xF0, 0xFB, 0xE1, 0xF7, 0xC0,
    0x00, 0x1F, 0x07, 0xDE, 0x0F, 0x3E, 0x3E, 0x7C, 0x7C, 0x78, 0xF0, 0xFB, 0xE0, 0xF7, 0x81, 0xEF,
    0x03, 0xFC, 0x03, 0xF8, 0x07, 0xF0, 0x07, 0xC0, 0x0F, 0x80, 0x1E, 0x00, 0x3C, 0x07, 0xF8, 0x0F,
    0xE0, 0x1F, 0x80, 0x00, 0x00, 0x00, 0x0E, 0x78, 0x1E, 0xF0, 0x7B, 0xC0, 0xE7, 0x83, 0xDE, 0x01,
    0x08, 0x00, 0x00, 0xF8, 0x3E, 0xF0, 0x7D, 0xF0, 0xF1, 0xE3, 0xE3, 0xE7, 0x87, 0xCF, 0x07, 0xBE,
    0x0F, 0xF8, 0x0F, 0xF0, 0x1F, 0xC0, 0x1F, 0x80, 0x3F, 0x00, 0x3C, 0x00, 0x78, 0x0F, 0xE0, 0x1F,
    0xC0, 0x3F, 0x00, 0x00, 0x00, 0x0E, 0x70, 0x1E, 0xF0, 0x7B, 0xC0, 0xE7, 0x83, 0xDE, 0x03, 0x18,
    0x00, 0x00, 0xF8, 0x3E, 0xF0, 0x79, 0xF1, 0xF3, 0xE3, 0xE3, 0xC7, 0x87, 0xDF, 0x07, 0xBC, 0x0F,
    0x78, 0x1F, 0xE0, 0x1F, 0xC0, 0x3F, 0x80, 0x3E, 0x00, 0x7C, 0x00, 0xF0, 0x01, 0xE0, 0x3F, 0xC0,
    0x7F, 0x00, 0xFC, 0x00, 0x3E, 0xF0, 0xFB, 0xC3, 0xEF, 0x0F, 0xBC, 0x00, 0x01, 0xE1, 0xF7, 0x87,
    0xDE, 0x1F, 0x78, 0x7D, 0xE1, 0xF7, 0x87, 0xDE, 0x1F, 0x7C, 0x7D, 0xFF, 0xF3, 0xFF, 0xC7, 0xFF,
    0x00, 0x7C, 0x01, 0xF0, 0x07, 0xC0, 0x1F, 0x00, 0x7C, 0x01, 0xF0, 0x7D, 0xE3, 0xEF, 0x1F, 0x78,
    0xFB, 0xC0, 0x00, 0x78, 0x7B, 0xC3, 0xDE, 0x1E, 0xF0, 0xF7, 0xC7, 0xBE, 0x7D, 0xFF, 0xE7, 0xFF,
    0x1F, 0x78, 0x03, 0xC0, 0x1E, 0x00, 0xF0, 0x07, 0x80, 0x3E, 0xF8, 0x7D, 0xF0, 0xFB, 0xE1, 0xF7,
    0xC0, 0x00, 0x1E, 0x03, 0xFC, 0x07, 0xF8, 0x0F, 0xF0, 0x1F, 0xE0, 0x3F, 0xC0, 0x7F, 0xF8, 0xFF,
    0xF9, 0xFF, 0xFB, 0xFC, 0xF7, 0xF9, 0xEF, 0xF3, 0xDF, 0xE7, 0xBF, 0xCF, 0x7F, 0xFE, 0xFF, 0xF9,
    0xFF, 0xE3, 0xC0, 0x3E, 0xF8, 0x7D, 0xF0, 0xFB, 0xE1, 0xF7, 0xC0, 0x00, 0x1E, 0x03, 0xFC, 0x07,
    0xF8, 0x0F, 0xF0, 0x1F, 0xFE, 0x3F, 0xFE, 0x7F, 0xFE, 0xFF, 0x3D, 0xFE, 0x7B, 0xFC, 0xF7, 0xFF,
    0xEF, 0xFF, 0x9F, 0xFE, 0x3C, 0x7E, 0x0F, 0x1F, 0x07, 0x87, 0xC3, 0xC3, 0xF3, 0xE0, 0xF9, 0xF0,
    0x7E, 0xF0, 0x7F, 0xF8, 0x7F, 0xF8, 0x3D, 0xF8, 0x3E, 0x7C, 0x1F, 0x1F, 0x0F, 0x0F, 0x87, 0x83,
    0xE3, 0xC0, 0xFB, 0xE0, 0x7C, 0x3F, 0xC0, 0xFF, 0xE1, 0xFF, 0xC1, 0xFF, 0xC0, 0x0F, 0x80, 0x1F,
    0x00, 0x3E, 0x00, 0x7C, 0x00, 0xF8, 0x01, 0xF0, 0x03, 0xE3, 0xFF, 0xEF, 0xFF, 0xFF, 0xFF, 0xBF,
    0xFF, 0x00, 0x3E, 0x0F, 0xC7, 0xF8, 0xFE, 0x07, 0x81, 0xE0, 0x78, 0x1E, 0x07, 0x81, 0xE0, 0xF9,
    0xFE, 0xFF, 0xFE, 0xFF, 0x3C, 0x00, 0x7F, 0xFD, 0xFF, 0xF7, 0xFF, 0xDF, 0xFE, 0x01, 0xF0, 0x07,
    0xC0, 0x1F, 0x00, 0x7C, 0x01, 0xF0, 0x07, 0xC0, 0x1F, 0x00, 0x7C, 0x01, 0xF0, 0x07, 0xC0, 0x1F,
    0x00, 0xFF, 0xF3, 0xFF, 0xEF, 0xFF, 0xDF, 0xFF, 0x00, 0x3C, 0x00, 0xF0, 0x03, 0xFE, 0x0F, 0xF8,
    0x3F, 0xE0, 0xFF, 0x83, 0xFE, 0x0F, 0xF8, 0x3F, 0xE0, 0xFF, 0x83, 0xC0, 0x7E, 0xFD, 0xFB, 0xF1,
    0xE3, 0xC7, 0x8F, 0x1E, 0x3C, 0x78, 0xF1, 0xE3, 0xC7, 0x80, 0x7F, 0xBF, 0xDF, 0xEF, 0xE3, 0xE1,
    0xE0, 0xF0, 0x78, 0x7C, 0x1E, 0x0F, 0x07, 0x83, 0xE1, 0xF0, 0xF8, 0x7F, 0xFC, 0x7F, 0xFE, 0x7F,
    0xFE, 0x7F, 0xFF, 0x3C, 0x1F, 0x3C, 0x1F, 0x3C, 0x1F, 0x3C, 0x1F, 0x3C, 0x1F, 0x3C, 0x1F, 0x3C,
    0x1F, 0x3C, 0x1F, 0x3C, 0x1F, 0x3C, 0x1F, 0x3C, 0x1F, 0xF3, 0xF1, 0xE7, 0xF3, 0xCF, 0xF7, 0x9F,
    0xEF, 0x03, 0xFE, 0x07, 0xFC, 0x0F, 0xF8, 0x1F, 0xF0, 0x3F, 0xF0, 0x7F, 0xE1, 0xF3, 0xFF, 0xE7,
    0xFF, 0x87, 0xFE, 0x03, 0xF8, 0x00, 0x7E, 0xFD, 0xFB, 0xF1, 0xE3, 0xC7, 0x8F, 0x1E, 0x7F, 0xE3,
    0xFF, 0x9F, 0xFE, 0xFF, 0xF0, 0x0F, 0x80, 0x3C, 0x01, 0xE0, 0x0F, 0x00, 0x78, 0x03, 0xC0, 0x1E,
    0x00, 0xF0, 0x07, 0x80, 0x3C, 0x01, 0xE0, 0x0F, 0x00, 0x78, 0x03, 0xC0, 0x1E, 0x00, 0xF0, 0x7F,
    0x83, 0xFF, 0x1F, 0xF8, 0xFF, 0xE0, 0x1F, 0x00, 0x7C, 0x03, 0xE0, 0x1F, 0x00, 0xF8, 0x07, 0xC0,
    0x7C, 0xFF, 0xEF, 0xFE, 0x7F, 0xF3, 0xFE, 0x00, 0xF8, 0x03, 0xE0, 0x0F, 0x80, 0x3E, 0x00, 0xFF,
    0xFB, 0xFF, 0xEF, 0xFF, 0x9F, 0xFE, 0x00, 0xF0, 0x07, 0xC0, 0x1F, 0x00, 0x78, 0x03, 0xE0, 0x0F,
    0x80, 0x3C, 0x01, 0xF0, 0x07, 0xC0, 0x1E, 0x00, 0xF8, 0x00, 0xFF, 0xF9, 0xFF, 0xFB, 0xFF, 0xFB,
    0xFF, 0xF7, 0xC1, 0xEF, 0x83, 0xDF, 0x07, 0xBE, 0x0F, 0x7C, 0x1E, 0xF8, 0x3D, 0xF0, 0x7B, 0xFF,
    0xF7, 0xFF, 0xEF, 0xFF, 0xDF, 0xFF, 0x80, 0x78, 0xFC, 0x3C, 0xFF, 0x1F, 0xFF, 0xC7, 0xFF, 0xF3,
    0xF0, 0xF9, 0xF0, 0x7C, 0x78, 0x1E, 0x7C, 0x0F, 0x3E, 0x07, 0x9F, 0x07, 0xCF, 0x03, 0xE7, 0x9F,
    0xE7, 0xCF, 0xF3, 0xEF, 0xF1, 0xF7, 0xF0, 0x7E, 0xFD, 0xFB, 0xF1, 0xE3, 0xC7, 0x8F, 0x1E, 0x3C,
    0x78, 0xF1, 0xE3, 0xC7, 0x8F, 0x1E, 0x3C, 0x78, 0xF0, 0x7C, 0xFE, 0xFF, 0x7F, 0x1F, 0x1F, 0x1F,
    0x1F, 0x1F, 0x1F, 0x1F, 0xFF, 0xFF, 0xFF, 0xFF, 0x7F, 0xF8, 0x7F, 0xFE, 0x7F, 0xFE, 0x7F, 0xFF,
    0x3C, 0x1F, 0x3C, 0x0F, 0x7C, 0x0F, 0x7C, 0x0F, 0x7C, 0x0F, 0x7C, 0x1F, 0x3C, 0x1F, 0x3F, 0xFE,
    0x3F, 0xFE, 0x1F, 0xFC, 0x07, 0xF8, 0x00, 0x00, 0xF8, 0x3D, 0xF0, 0x79, 0xE0, 0xF3, 0xC3, 0xE7,
    0xC7, 0xCF, 0x8F, 0x9F, 0x1F, 0x1E, 0x3E, 0x3C, 0x78, 0x79, 0xF0, 0xF3, 0xE1, 0xFF, 0x8F, 0xFE,
    0x3F, 0xF8, 0x7F, 0xC0, 0xF8, 0x00, 0x00, 0x00, 0x3F, 0xC1, 0xFF, 0xCF, 0xFF, 0xBF, 0xFE, 0xF0,
    0x7F, 0xC1, 0xFF, 0x07, 0xFF, 0x0F, 0x7C, 0x3C, 0xF0, 0xF0, 0x83, 0xC0, 0x0F, 0x00, 0x3C, 0x00,
    0xF0, 0x03, 0xC0, 0x0F, 0x00, 0x3C, 0x00, 0xF0, 0x03, 0xC0, 0x0F, 0x1F, 0xE0, 0x7F, 0xF1, 0xFF,
    0xF3, 0xFF, 0xE7, 0x83, 0xEF, 0x07, 0xDF, 0x0F, 0xBF, 0x0F, 0x3E, 0x3E, 0x3C, 0x7C, 0x01, 0xF9,
    0xFF, 0xE7, 0xFF, 0x8F, 0xFE, 0x1F, 0xF8, 0x00, 0xF8, 0x3D, 0xF0, 0xF7, 0xC7, 0xCF, 0x1F, 0x3E,
    0x7C, 0xF9, 0xE1, 0xEF, 0x87, 0xFC, 0x1F, 0xF0, 0x3F, 0x80, 0xF8, 0x03, 0xE0, 0x07, 0x80, 0x1F,
    0x00, 0x7C, 0x00, 0xF0, 0x03, 0xC0, 0x0F, 0x80, 0x3E, 0x00, 0x78, 0x7C, 0x3D, 0xF0, 0xF3, 0xE7,
    0xCF, 0xDF, 0x1F, 0x7C, 0x3F, 0xE0, 0xFF, 0x81, 0xFC, 0x03, 0xE0, 0x0F, 0x80, 0x1F, 0x0F, 0xFE,
    0x7F, 0xF9, 0xFF, 0xE7, 0xFF, 0x80, 0xFF, 0xFF, 0xFF, 0xFF, 0xFF, 0xFB, 0xFF, 0xE0, 0x03, 0xC0,
    0x0F, 0x80, 0x1F, 0x7C, 0x3C, 0xF8, 0xF9, 0xF1, 0xF3, 0xE3, 0xC7, 0xC7, 0x8F, 0x9F, 0x1F, 0x3E,
    0x3E, 0x78, 0x7C, 0x00, 0xF8, 0x01, 0xF0, 0x03, 0xE0, 0x07, 0xC0, 0x00, 0x7F, 0xC7, 0xFE, 0x7F,
    0xF7, 0xFF, 0x00, 0xF0, 0x0F, 0x00, 0xF0, 0x0F, 0x00, 0xF0, 0x0F, 0x00, 0xF0, 0x0F, 0x00, 0xF0,
    0x0F, 0x00, 0xF0, 0xF9, 0xE7, 0xFE, 0x79, 0xFF, 0x9E, 0x7F, 0xEF, 0x9F, 0xFB, 0xE7, 0xFE, 0xF1,
    0xFF, 0xFC, 0x7F, 0xFE, 0x1E, 0xFF, 0x07, 0x9E, 0x03, 0xE7, 0xC0, 0xF9, 0xFF, 0xFC, 0x3F, 0xFF,
    0x07, 0xFF, 0x80, 0x7F, 0x80, 0x7F, 0xFC, 0x3F, 0xFF, 0x9F, 0xFF, 0xC7, 0xFF, 0xF1, 0xF0, 0xF8,
    0xF8, 0x7C, 0x7C, 0x3E, 0x3E, 0x1F, 0x1F, 0x0F, 0x8F, 0x87, 0xC7, 0xC3, 0xE7, 0xE1, 0xF7, 0xE0,
    0xFB, 0xF0, 0x7D, 0xF0, 0x3E, 0x23, 0xDF, 0xEF, 0xFD, 0xE0, 0x00, 0x7C, 0xF1, 0xE7, 0xCF, 0x9F,
    0x7E, 0x00, 0x00, 0x00, 0x00, 0x06, 0x1F, 0x7E, 0xFC, 0xF8, 0xE0, 0x00, 0x01, 0xFF, 0x1F, 0xFF,
    0xFF, 0xFF, 0xFF, 0x7C, 0x3B, 0xE0, 0x1F, 0xC0, 0x7F, 0x01, 0xFC, 0x07, 0xE0, 0x0F, 0x00, 0x78,
    0x00, 0x00, 0x0C, 0x01, 0xF8, 0x0F, 0xC0, 0x7E, 0x03, 0xE0, 0x06, 0x00, 0x1F, 0x87, 0xF0, 0xFE,
    0x3F, 0xC7, 0x80, 0xF0, 0x1F, 0x71, 0xFF, 0x7F, 0xFF, 0xFF, 0xFE, 0x3E, 0x04, 0x00, 0xFF, 0xBF,
    0xEF, 0xFF, 0xFE, 0xFE, 0x00, 0x38, 0xF3, 0x83, 0xA7, 0xDF, 0x98, 0x00, 0x00, 0xC7, 0xBF, 0x7C,
    0xE0, 0x00, 0x03, 0xCF, 0xBE, 0x79, 0xE7, 0x9F, 0x7D, 0xF7, 0xCF, 0x3C, 0xF3, 0xCF, 0x3C, 0xF0,
    0x00, 0x00, 0x07, 0x83, 0xBC, 0x3D, 0xF1, 0xEF, 0xFF, 0x3F, 0xF1, 0xFF, 0x8F, 0xF0, 0x7C, 0x03,
    0xE0, 0x1F, 0x00, 0x78, 0x03, 0xC0, 0x1E, 0x00, 0xF0, 0x07, 0x80, 0x3C, 0x01, 0xE0, 0x00, 0x00,
    0x00, 0x03, 0xC0, 0xFF, 0xBF, 0xFE, 0xFF, 0x7F, 0xFD, 0xFF, 0xF7, 0xFF, 0xDF, 0xFE, 0x7C, 0x01,
    0xF0, 0x03, 0xC0, 0x0F, 0x00, 0x3C, 0x00, 0xF0, 0x03, 0xC0, 0x0F, 0x00, 0x3C, 0x00, 0xF0, 0x00,
    0x00, 0x00, 0x00, 0x00, 0xF0, 0x1F, 0x03, 0xF0, 0x7E, 0x07, 0xC0, 0x78, 0x07, 0xF0, 0x7F, 0x03,
    0xF0, 0x3F, 0x07, 0xE0, 0x78, 0x0F, 0x80, 0xFF, 0xE7, 0xFE, 0x7F, 0xF3, 0xFE, 0x03, 0x00, 0x07,
    0x01, 0xFC, 0x3F, 0xE7, 0xFE, 0x7F, 0xF7, 0x9F, 0xF8, 0xFF, 0x0F, 0xF0, 0xFF, 0x8F, 0x7F, 0xF7,
    0xFE, 0x3F, 0xE1, 0xFC, 0x00, 0x07, 0xFF, 0x3F, 0xF9, 0xFF, 0xCF, 0xFE, 0x00, 0xF0, 0x07, 0x80,
    0x3C, 0x01, 0xE0, 0x0F, 0x00, 0x7C, 0x03, 0xE0, 0x0F, 0x00, 0x78, 0x03, 0xC0, 0x1E, 0x00, 0xF0,
    0x07, 0xC0, 0x10, 0x10, 0x11, 0xE0, 0x7B, 0xE0, 0xF7, 0xC3, 0xE7, 0x87, 0xCF, 0x8F, 0x0F, 0x3E,
    0x1E, 0x78, 0x3E, 0xF0, 0x7F, 0xE0, 0x7F, 0x80, 0xFF, 0x01, 0xFE, 0x01, 0xF8, 0x03, 0xF0, 0x07,
    0xE0, 0x07, 0x80, 0x0F, 0x00, 0x18, 0x00, 0x00, 0x00, 0x0F, 0x00, 0x1F, 0x00, 0x3E, 0x00, 0xFC,
    0x01, 0xFC, 0x03, 0xF8, 0x0F, 0xF0, 0x1F, 0xE0, 0x3F, 0xE0, 0xFB, 0xC1, 0xE7, 0x83, 0xCF, 0x8F,
    0x8F, 0x1E, 0x1E, 0x7C, 0x3E, 0xF8, 0x3D, 0xE0, 0x78, 0xC0, 0xC0, 0x00, 0x01, 0xF8, 0x3F, 0xC7,
    0xFC, 0xFF, 0xEF, 0x3E, 0xF1, 0xEF, 0xFE, 0xFF, 0xE7, 0xFE, 0x3F, 0xE0, 0xFF, 0x01, 0xF0, 0x0F,
    0x00, 0xF0, 0x0F, 0x00, 0xF0, 0x0F, 0x00, 0x00, 0x00, 0x01, 0xC0, 0x00, 0xF8, 0x00, 0x3E, 0x78,
    0x07, 0x9E, 0x01, 0xE7, 0x80, 0x7F, 0xE0, 0x1F, 0xF8, 0x07, 0xFE, 0x01, 0xEF, 0x80, 0x79, 0xF0,
    0x7E, 0x7F, 0xFF, 0x0F, 0xFF, 0x81, 0xFF, 0xC0, 0x1F, 0xC0, 0xFF, 0xFF, 0xF8, 0x0C, 0x01, 0xC0,
    0x7C, 0x1F, 0xC1, 0xFC, 0x7F, 0x9F, 0xFB, 0xCF, 0xF9, 0xFF, 0x3F, 0xFF, 0xBF, 0xF7, 0xFC, 0x7F,
    0x00, 0x00, 0x00, 0xC7, 0xBF, 0x7C, 0xE0, 0x00, 0x03, 0xCF, 0xBE, 0x79, 0xE7, 0x9F, 0x7D, 0xF7,
    0xCF, 0x3C, 0xF3, 0xCF, 0x3C, 0xF0, 0x00, 0x00, 0x07, 0x83, 0xBC, 0x3D, 0xF1, 0xEF, 0xFF, 0x3F,
    0xF1, 0xFF, 0x8F, 0xF0, 0x7C, 0x03, 0xE0, 0x1F, 0x00, 0x78, 0x03, 0xC0, 0x1E, 0x00, 0xF0, 0x07,
    0x80, 0x3C, 0x01, 0xE0, 0x00, 0x00, 0x00, 0x03, 0xC0, 0xFF, 0xBF, 0xFE, 0xFF, 0x7F, 0xFD, 0xFF,
    0xF7, 0xFF, 0xDF, 0xFE, 0x7C, 0x01, 0xF0, 0x03, 0xC0, 0x0F, 0x00, 0x3C, 0x00, 0xF0, 0x03, 0xC0,
    0x0F, 0x00, 0x3C, 0x00, 0xF0, 0x00, 0x00, 0x00, 0x00, 0x07, 0x9F, 0x3D, 0xF9, 0xEF, 0xCF, 0xF8,
    0x7F, 0xF9, 0xFF, 0xCF, 0xFF, 0x7F, 0xF3, 0xFC, 0x1F, 0x00, 0xF8, 0x07, 0xC0, 0x1E, 0x00, 0xF0,
    0x07, 0x80, 0x3C, 0x01, 0xE0, 0x00, 0x00, 0x03, 0x00, 0x1E, 0x00, 0xF8, 0x01, 0xF0, 0x0F, 0xE0,
    0x7F, 0xC1, 0xFF, 0x0F, 0xBE, 0x7C, 0x79, 0xE1, 0xF7, 0x87, 0xDE, 0xCF, 0xFB, 0xBF, 0xFF, 0xF7,
    0xFF, 0x9F, 0xFE, 0x3F, 0xF0, 0x1F, 0xC3, 0xFC, 0x3F, 0x87, 0xF8, 0x78, 0x07, 0x80, 0x7C, 0x63,
    0xFE, 0x3F, 0xF0, 0xFF, 0x0F, 0xC1, 0xF8, 0x3F, 0x03, 0xE0, 0x7C, 0x07, 0xC0, 0x78, 0x01, 0x80,
    0x10, 0x11, 0xE0, 0x7B, 0xE0, 0xF7, 0xC3, 0xE7, 0x87, 0xCF, 0x8F, 0x0F, 0x3E, 0x1E, 0x78, 0x3E,
    0xF0, 0x7F, 0xE0, 0x7F, 0x80, 0xFF, 0x01, 0xFE, 0x01, 0xF8, 0x03, 0xF0, 0x07, 0xE0, 0x07, 0x80,
    0x0F, 0x00, 0x18, 0x00, 0x00, 0x00, 0x0F, 0x00, 0x1F, 0x00, 0x3E, 0x00, 0xFC, 0x01, 0xFC, 0x03,
    0xF8, 0x0F, 0xF0, 0x1F, 0xE0, 0x3F, 0xE0, 0xFB, 0xC1, 0xE7, 0x83, 0xCF, 0x8F, 0x8F, 0x1E, 0x1E,
    0x7C, 0x3E, 0xF8, 0x3D, 0xE0, 0x78, 0xC0, 0xC0, 0x00, 0x01, 0xF8, 0x3F, 0xC7, 0xFC, 0xFF, 0xEF,
    0x3E, 0xF1, 0xEF, 0xFE, 0xFF, 0xE7, 0xFE, 0x3F, 0xE0, 0xFF, 0x01, 0xF0, 0x0F, 0x00, 0xF0, 0x0F,
    0x00, 0xF0, 0x0F, 0x0F, 0xE0, 0x1F, 0xC0, 0x3F, 0x80, 0xFF, 0x81, 0xFF, 0x03, 0xDE, 0x07, 0xBC,
    0x1F, 0x7C, 0x3C, 0xF8, 0x78, 0xF0, 0xFF, 0xE3, 0xFF, 0xE7, 0xFF, 0xCF, 0x07, 0xBE, 0x0F, 0xFC,
    0x1F, 0xF0, 0x3E, 0x00, 0x00, 0x00, 0x00, 0x3E, 0x00, 0x7C, 0x00, 0xF8, 0x01, 0xF0, 0x00, 0x3F,
    0xC1, 0xFF, 0x87, 0xFF, 0x1C, 0x7C, 0x00, 0xF0, 0xFF, 0xC7, 0xFF, 0x3E, 0x3C, 0xF0, 0xF3, 0xE7,
    0xCF, 0xFF, 0xDF, 0xFF, 0x3E, 0x7C, 0x00, 0x00, 0x00, 0x03, 0xE0, 0x0F, 0x80, 0x3E, 0x00, 0xF8,
    0x00, 0x0F, 0xC0, 0x1F, 0xC0, 0x3F, 0x80, 0x0E, 0x00, 0x3C, 0x00, 0x70, 0x00, 0x00, 0x07, 0xF0,
    0x0F, 0xE0, 0x1F, 0xC0, 0x7F, 0xC0, 0xFF, 0x81, 0xEF, 0x03, 0xDE, 0x0F, 0xBE, 0x1E, 0x7C, 0x3C,
    0x78, 0x7F, 0xF1, 0xFF, 0xF3, 0xFF, 0xE7, 0x83, 0xDF, 0x07, 0xFE, 0x0F, 0xF8, 0x1F, 0x1F, 0x80,
    0x7F, 0x01, 0xFC, 0x00, 0xE0, 0x07, 0x80, 0x1C, 0x00, 0x00, 0x0F, 0xF0, 0x7F, 0xE1, 0xFF, 0xC7,
    0x1F, 0x00, 0x3C, 0x3F, 0xF1, 0xFF, 0xCF, 0x8F, 0x3C, 0x3C, 0xF9, 0xF3, 0xFF, 0xF7, 0xFF, 0xCF,
    0x9F, 0x00, 0x08, 0x00, 0x1E, 0x00, 0x1E, 0x00, 0x3C, 0x00, 0x38, 0x07, 0xF8, 0x0F, 0xE0, 0x1F,
    0xF0, 0x3E, 0xF0, 0x1C, 0x70, 0x00, 0x00, 0x0F, 0xE0, 0x0F, 0xE0, 0x0F, 0xE0, 0x1F, 0xF0, 0x1F,
    0xF0, 0x1E, 0xF0, 0x1E, 0xF0, 0x3E, 0xF8, 0x3C, 0xF8, 0x3C, 0x78, 0x3F, 0xF8, 0x7F, 0xFC, 0x7F,
    0xFC, 0x78, 0x3C, 0xF8, 0x3E, 0xF8, 0x3E, 0xF0, 0x3E, 0x00, 0x10, 0x00, 0xF0, 0x03, 0xC0, 0x1E,
    0x00, 0x70, 0x3F, 0xC1, 0xF8, 0x0F, 0xF0, 0x7D, 0xE0, 0xE3, 0x80, 0x00, 0x0F, 0xF0, 0x7F, 0xE1,
    0xFF, 0xC7, 0x1F, 0x00, 0x3C, 0x3F, 0xF1, 0xFF, 0xCF, 0x8F, 0x3C, 0x3C, 0xF9, 0xF3, 0xFF, 0xF7,
    0xFF, 0xCF, 0x9F, 0x10, 0x00, 0x78, 0x00, 0x78, 0x00, 0x3C, 0x00, 0x3C, 0x00, 0x1F, 0xE0, 0x07,
    0xF0, 0x0F, 0xF8, 0x1F, 0x78, 0x0E, 0x38, 0x00, 0x00, 0x07, 0xF0, 0x07, 0xF0, 0x07, 0xF0, 0x0F,
    0xF8, 0x0F, 0xF8, 0x0F, 0x78, 0x0F, 0x78, 0x1F, 0x7C, 0x1E, 0x7C, 0x1E, 0x3C, 0x1F, 0xFC, 0x3F,
    0xFE, 0x3F, 0xFE, 0x3C, 0x1E, 0x7C, 0x1F, 0x7C, 0x1F, 0x78, 0x1F, 0x10, 0x00, 0x70, 0x00, 0x78,
    0x00, 0x78, 0x00, 0x3C, 0x00, 0x1F, 0xC0, 0x07, 0xE0, 0x0F, 0xF0, 0x1F, 0x78, 0x0E, 0x38, 0x00,
    0x00, 0x0F, 0xF0, 0x1F, 0xF8, 0x1F, 0xFC, 0x1C, 0x7C, 0x00, 0x3C, 0x0F, 0xFC, 0x1F, 0xFC, 0x3E,
    0x3C, 0x3C, 0x3C, 0x3E, 0x7C, 0x3F, 0xFF, 0x1F, 0xFF, 0x0F, 0x9F, 0x00, 0xFC, 0x01, 0xF8, 0x03,
    0xF0, 0x00, 0xE0, 0x3B, 0xC0, 0xFF, 0x03, 0xF8, 0x0F, 0xF8, 0x1C, 0x70, 0x10, 0x40, 0x00, 0x00,
    0x7F, 0x00, 0xFE, 0x01, 0xFC, 0x07, 0xFC, 0x0F, 0xF8, 0x1E, 0xF0, 0x3D, 0xE0, 0xFB, 0xE1, 0xE7,
    0xC3, 0xC7, 0x87, 0xFF, 0x1F, 0xFF, 0x3F, 0xFE, 0x78, 0x3D, 0xF0, 0x7F, 0xE0, 0xFF, 0x81, 0xF0,
    0x01, 0xF8, 0x07, 0xE0, 0x1F, 0x80, 0x0E, 0x07, 0x70, 0x3F, 0xC1, 0xFC, 0x0F, 0xF8, 0x79, 0xE0,
    0xC1, 0x00, 0x00, 0x0F, 0xF0, 0x7F, 0xE1, 0xFF, 0xC7, 0x1F, 0x00, 0x3C, 0x3F, 0xF1, 0xFF, 0xCF,
    0x8F, 0x3C, 0x3C, 0xF9, 0xF3, 0xFF, 0xF7, 0xFF, 0xCF, 0x9F, 0x0F, 0x00, 0x3F, 0xE0, 0x7F, 0xC0,
    0xDF, 0x80, 0x38, 0x00, 0xF8, 0x03, 0xF8, 0x0F, 0xF8, 0x1C, 0x70, 0x10, 0x40, 0x00, 0x00, 0x7F,
    0x00, 0xFE, 0x01, 0xFC, 0x07, 0xFC, 0x0F, 0xF8, 0x1E, 0xF0, 0x3D, 0xE0, 0xFB, 0xE1, 0xE7, 0xC3,
    0xC7, 0x87, 0xFF, 0x1F, 0xFF, 0x3F, 0xFE, 0x78, 0x3D, 0xF0, 0x7F, 0xE0, 0xFF, 0x81, 0xF0, 0x1E,
    0x01, 0xFF, 0x83, 0xFE, 0x0D, 0xF0, 0x07, 0x00, 0x7E, 0x03, 0xFC, 0x1F, 0xF8, 0x38, 0xE0, 0x01,
    0x03, 0xFC, 0x1F, 0xF8, 0x7F, 0xF1, 0xC7, 0xC0, 0x0F, 0x0F, 0xFC, 0x7F, 0xF3, 0xE3, 0xCF, 0x0F,
    0x3E, 0x7C, 0xFF, 0xFD, 0xFF, 0xF3, 0xE7, 0xC0, 0x07, 0xC0, 0x1F, 0xC0, 0x7F, 0xC1, 0xF7, 0x81,
    0xC7, 0x01, 0x04, 0x00, 0x00, 0x07, 0xF0, 0x0F, 0xE0, 0x1F, 0xC0, 0x7F, 0xC0, 0xFF, 0x81, 0xEF,
    0x03, 0xDE, 0x0F, 0xBE, 0x1E, 0x7C, 0x3C, 0x78, 0x7F, 0xF1, 0xFF, 0xF3, 0xFF, 0xE7, 0x83, 0xDF,
    0x07, 0xFE, 0x0F, 0xF8, 0x1F, 0x00, 0x00, 0x00, 0x00, 0x1F, 0x00, 0x3E, 0x00, 0x7C, 0x00, 0xF8,
    0x00, 0x0F, 0x80, 0x7F, 0x03, 0xFC, 0x1F, 0x78, 0x38, 0xE0, 0x01, 0x03, 0xFC, 0x1F, 0xF8, 0x7F,
    0xF1, 0xC7, 0xC0, 0x0F, 0x0F, 0xFC, 0x7F, 0xF3, 0xE3, 0xCF, 0x0F, 0x3E, 0x7C, 0xFF, 0xFD, 0xFF,
    0xF3, 0xE7, 0xC0, 0x00, 0x00, 0x00, 0x3E, 0x00, 0xF8, 0x03, 0xE0, 0x0F, 0x80, 0x00, 0xC0, 0x03,
    0xC0, 0x07, 0x80, 0x1E, 0x00, 0x38, 0x03, 0x76, 0x0F, 0x1E, 0x0F, 0xF8, 0x1F, 0xE0, 0x1F, 0x80,
    0x00, 0x00, 0x7F, 0x00, 0xFE, 0x01, 0xFC, 0x07, 0xFC, 0x0F, 0xF8, 0x1E, 0xF0, 0x3D, 0xE0, 0xFB,
    0xE1, 0xE7, 0xC3, 0xC7, 0x87, 0xFF, 0x1F, 0xFF, 0x3F, 0xFE, 0x78, 0x3D, 0xF0, 0x7F, 0xE0, 0xFF,
    0x81, 0xF0, 0x01, 0x80, 0x0F, 0x00, 0x3C, 0x01, 0xE0, 0x07, 0x00, 0xD9, 0x87, 0x8F, 0x0F, 0xF8,
    0x3F, 0xC0, 0x7E, 0x00, 0x00, 0x0F, 0xF0, 0x7F, 0xE1, 0xFF, 0xC7, 0x1F, 0x00, 0x3C, 0x3F, 0xF1,
    0xFF, 0xCF, 0x8F, 0x3C, 0x3C, 0xF9, 0xF3, 0xFF, 0xF7, 0xFF, 0xCF, 0x9F, 0x06, 0x00, 0x3E, 0x00,
    0x3C, 0x00, 0x3C, 0x00, 0x78, 0x03, 0x66, 0x0F, 0x1E, 0x0F, 0xF8, 0x1F, 0xE0, 0x1F, 0x80, 0x00,
    0x00, 0x7F, 0x00, 0xFE, 0x01, 0xFC, 0x07, 0xFC, 0x0F, 0xF8, 0x1E, 0xF0, 0x3D, 0xE0, 0xFB, 0xE1,
    0xE7, 0xC3, 0xC7, 0x87, 0xFF, 0x1F, 0xFF, 0x3F, 0xFE, 0x78, 0x3D, 0xF0, 0x7F, 0xE0, 0xFF, 0x81,
    0xF0, 0x0C, 0x00, 0xF0, 0x01, 0xE0, 0x03, 0xC0, 0x0F, 0x00, 0xD9, 0x87, 0x8F, 0x0F, 0xF8, 0x3F,
    0xC0, 0x7E, 0x00, 0x00, 0x0F, 0xF0, 0x7F, 0xE1, 0xFF, 0xC7, 0x1F, 0x00, 0x3C, 0x3F, 0xF1, 0xFF,
    0xCF, 0x8F, 0x3C, 0x3C, 0xF9, 0xF3, 0xFF, 0xF7, 0xFF, 0xCF, 0x9F, 0x0F, 0xC0, 0x1F, 0x80, 0x3F,
    0x00, 0x0E, 0x00, 0x38, 0x03, 0x76, 0x0F, 0x1E, 0x0F, 0xF8, 0x1F, 0xE0, 0x1F, 0x80, 0x00, 0x00,
    0x7F, 0x00, 0xFE, 0x01, 0xFC, 0x07, 0xFC, 0x0F, 0xF8, 0x1E, 0xF0, 0x3D, 0xE0, 0xFB, 0xE1, 0xE7,
    0xC3, 0xC7, 0x87, 0xFF, 0x1F, 0xFF, 0x3F, 0xFE, 0x78, 0x3D, 0xF0, 0x7F, 0xE0, 0xFF, 0x81, 0xF0,
    0x1F, 0x00, 0x7E, 0x01, 0xF8, 0x01, 0xE0, 0x07, 0x00, 0xDD, 0x87, 0x8F, 0x0F, 0xF8, 0x3F, 0xC0,
    0x7E, 0x00, 0x00, 0x0F, 0xF0, 0x7F, 0xE1, 0xFF, 0xC7, 0x1F, 0x00, 0x3C, 0x3F, 0xF1, 0xFF, 0xCF,
    0x8F, 0x3C, 0x3C, 0xF9, 0xF3, 0xFF, 0xF7, 0xFF, 0xCF, 0x9F, 0x1F, 0xA0, 0x3F, 0xE0, 0x7F, 0xC0,
    0x0F, 0x01, 0x83, 0x07, 0x8F, 0x07, 0xFC, 0x0F, 0xF8, 0x0F, 0xC0, 0x00, 0x00, 0x3F, 0x80, 0x7F,
    0x00, 0xFE, 0x03, 0xFE, 0x07, 0xFC, 0x0F, 0x78, 0x1E, 0xF0, 0x7D, 0xF0, 0xF3, 0xE1, 0xE3, 0xC3,
    0xFF, 0x8F, 0xFF, 0x9F, 0xFF, 0x3C, 0x1E, 0xF8, 0x3F, 0xF0, 0x7F, 0xC0, 0xF8, 0x3F, 0x41, 0xFF,
    0x83, 0xFE, 0x00, 0xF0, 0x30, 0x61, 0xE3, 0xC3, 0xFE, 0x0F, 0xF0, 0x1F, 0x80, 0x00, 0x03, 0xFC,
    0x1F, 0xF8, 0x7F, 0xF1, 0xC7, 0xC0, 0x0F, 0x0F, 0xFC, 0x7F, 0xF3, 0xE3, 0xCF, 0x0F, 0x3E, 0x7C,
    0xFF, 0xFD, 0xFF, 0xF3, 0xE7, 0xC0, 0x08, 0x20, 0x78, 0xE0, 0x73, 0xC0, 0xFF, 0x80, 0xFE, 0x00,
    0xF8, 0x00, 0x00, 0x07, 0xF0, 0x0F, 0xE0, 0x1F, 0xC0, 0x7F, 0xC0, 0xFF, 0x81, 0xEF, 0x03, 0xDE,
    0x0F, 0xBE, 0x1E, 0x7C, 0x3C, 0x78, 0x7F, 0xF1, 0xFF, 0xF3, 0xFF, 0xE7, 0x83, 0xDF, 0x07, 0xFE,
    0x0F, 0xF8, 0x1F, 0x00, 0x00, 0x00, 0x00, 0x1F, 0x00, 0x3E, 0x00, 0x7C, 0x00, 0xF8, 0x00, 0x10,
    0x41, 0xE3, 0x87, 0x9E, 0x0F, 0xF8, 0x1F, 0xC0, 0x3E, 0x00, 0x00, 0x0F, 0xF0, 0x7F, 0xE1, 0xFF,
    0xC7, 0x1F, 0x00, 0x3C, 0x3F, 0xF1, 0xFF, 0xCF, 0x8F, 0x3C, 0x3C, 0xF9, 0xF3, 0xFF, 0xF7, 0xFF,
    0xCF, 0x9F, 0x00, 0x00, 0x00, 0x00, 0xF8, 0x03, 0xE0, 0x0F, 0x80, 0x3E, 0x00, 0xFF, 0xFF, 0xFF,
    0xFF, 0xEF, 0x00, 0xF0, 0x0F, 0x00, 0xF0, 0x0F, 0xFE, 0xFF, 0xEF, 0xFE, 0xF0, 0x0F, 0x00, 0xF0,
    0x0F, 0x00, 0xFF, 0xEF, 0xFF, 0xFF, 0xF0, 0x00, 0x00, 0x01, 0xF0, 0x1F, 0x01, 0xF0, 0x1F, 0x00,
    0x1F, 0xC1, 0xFF, 0x1F, 0xFD, 0xF1, 0xFF, 0x07, 0xFF, 0xFF, 0xFF, 0xFF, 0xFF, 0xF0, 0x07, 0xC3,
    0x1F, 0xFC, 0x7F, 0xE1, 0xFE, 0x00, 0x00, 0x00, 0x01, 0xF0, 0x0F, 0x80, 0x7C, 0x03, 0xE0, 0x3F,
    0x03, 0xF8, 0x3F, 0x80, 0x78, 0x07, 0x00, 0x60, 0x00, 0x0F, 0xFF, 0xFF, 0xFF, 0xFE, 0xF0, 0x0F,
    0x00, 0xF0, 0x0F, 0x00, 0xFF, 0xEF, 0xFE, 0xFF, 0xEF, 0x00, 0xF0, 0x0F, 0x00, 0xF0, 0x0F, 0xFE,
    0xFF, 0xFF, 0xFF, 0x1F, 0x80, 0xFE, 0x07, 0xF0, 0x07, 0x80, 0x38, 0x03, 0x80, 0x00, 0x03, 0xF8,
    0x3F, 0xE3, 0xFF, 0xBE, 0x3F, 0xE0, 0xFF, 0xFF, 0xFF, 0xFF, 0xFF, 0xFE, 0x00, 0xF8, 0x63, 0xFF,
    0x8F, 0xFC, 0x3F, 0xC0, 0x3C, 0x07, 0xFC, 0x7F, 0xE2, 0xFC, 0x00, 0x00, 0x00, 0xFF, 0xFF, 0xFF,
    0xFF, 0xEF, 0x00, 0xF0, 0x0F, 0x00, 0xF0, 0x0F, 0xFE, 0xFF, 0xEF, 0xFE, 0xF0, 0x0F, 0x00, 0xF0,
    0x0F, 0x00, 0xFF, 0xEF, 0xFF, 0xFF, 0xF0, 0x1E, 0x01, 0xFF, 0x0F, 0xF8, 0x2F, 0xC0, 0x00, 0x00,
    0x00, 0x7F, 0x07, 0xFC, 0x7F, 0xF7, 0xC7, 0xFC, 0x1F, 0xFF, 0xFF, 0xFF, 0xFF, 0xFF, 0xC0, 0x1F,
    0x0C, 0x7F, 0xF1, 0xFF, 0x87, 0xF8, 0x00, 0x20, 0x01, 0xE0, 0x07, 0x80, 0x3C, 0x00, 0xF0, 0x7F,
    0x83, 0xF8, 0x1F, 0xF0, 0x7B, 0xE1, 0xC7, 0x00, 0x00, 0x3F, 0xFC, 0xFF, 0xF3, 0xFF, 0x8F, 0x00,
    0x3C, 0x00, 0xF0, 0x03, 0xC0, 0x0F, 0xFE, 0x3F, 0xF8, 0xFF, 0xE3, 0xC0, 0x0F, 0x00, 0x3C, 0x00,
    0xF0, 0x03, 0xFF, 0x8F, 0xFF, 0x3F, 0xFC, 0x00, 0x10, 0x00, 0x78, 0x00, 0xF0, 0x03, 0xC0, 0x07,
    0x81, 0xFE, 0x07, 0xF0, 0x1F, 0xF0, 0x3D, 0xE0, 0x71, 0xC0, 0x00, 0x00, 0xFE, 0x03, 0xFE, 0x0F,
    0xFE, 0x3E, 0x3E, 0x78, 0x3C, 0xFF, 0xF9, 0xFF, 0xF3, 0xFF, 0xE7, 0x80, 0x0F, 0x86, 0x0F, 0xFE,
    0x0F, 0xFC, 0x0F, 0xF0, 0x10, 0x00, 0xF0, 0x01, 0xE0, 0x01, 0xE0, 0x01, 0xC0, 0x03, 0xFC, 0x01,
    0xFC, 0x07, 0xFC, 0x0F, 0x7C, 0x1C, 0x70, 0x00, 0x00, 0xFF, 0xF1, 0xFF, 0xE3, 0xFF, 0x87, 0x80,
    0x0F, 0x00, 0x1E, 0x00, 0x3C, 0x00, 0x7F, 0xF0, 0xFF, 0xE1, 0xFF, 0xC3, 0xC0, 0x07, 0x80, 0x0F,
    0x00, 0x1E, 0x00, 0x3F, 0xF8, 0x7F, 0xF8, 0xFF, 0xF0, 0x10, 0x00, 0xF0, 0x01, 0xE0, 0x01, 0xE0,
    0x03, 0xC0, 0x03, 0xFC, 0x01, 0xFC, 0x07, 0xFC, 0x0F, 0x78, 0x1C, 0x70, 0x00, 0x00, 0x3F, 0x80,
    0xFF, 0x83, 0xFF, 0x8F, 0x8F, 0x9E, 0x0F, 0x3F, 0xFE, 0x7F, 0xFC, 0xFF, 0xF9, 0xE0, 0x03, 0xE1,
    0x83, 0xFF, 0x83, 0xFF, 0x03, 0xFC, 0x03, 0xF0, 0x1F, 0xC0, 0xFE, 0x00, 0xE0, 0xEF, 0x0F, 0xF0,
    0xFE, 0x0F, 0xF8, 0x71, 0xC1, 0x04, 0x00, 0x01, 0xFF, 0xEF, 0xFF, 0x7F, 0xF3, 0xC0, 0x1E, 0x00,
    0xF0, 0x07, 0x80, 0x3F, 0xF9, 0xFF, 0xCF, 0xFE, 0x78, 0x03, 0xC0, 0x1E, 0x00, 0xF0, 0x07, 0xFF,
    0x3F, 0xFD, 0xFF, 0xE0, 0x01, 0xF8, 0x07, 0xF0, 0x1F, 0xC0, 0x0E, 0x07, 0x78, 0x3F, 0xC1, 0xFC,
    0x0F, 0xF8, 0x38, 0xE0, 0x41, 0x00, 0x00, 0x07, 0xF0, 0x3F, 0xE1, 0xFF, 0xCF, 0x8F, 0xBC, 0x1E,
    0xFF, 0xFB, 0xFF, 0xEF, 0xFF, 0xBC, 0x00, 0xF8, 0x61, 0xFF, 0xC3, 0xFF, 0x07, 0xF8, 0x3C, 0x07,
    0xFC, 0x7F, 0xC2, 0xFC, 0x0E, 0x01, 0xF0, 0x3F, 0x87, 0xFC, 0x71, 0xC2, 0x08, 0x00, 0x0F, 0xFF,
    0xFF, 0xFF, 0xFE, 0xF0, 0x0F, 0x00, 0xF0, 0x0F, 0x00, 0xFF, 0xEF, 0xFE, 0xFF, 0xEF, 0x00, 0xF0,
    0x0F, 0x00, 0xF0, 0x0F, 0xFE, 0xFF, 0xFF, 0xFF, 0x1E, 0x01, 0xFF, 0x0F, 0xF8, 0x2F, 0xC0, 0x70,
    0x07, 0xC0, 0x7F, 0x07, 0xFC, 0x38, 0xE0, 0x82, 0x07, 0xF0, 0x7F, 0xC7, 0xFF, 0x7C, 0x7F, 0xC1,
    0xFF, 0xFF, 0xFF, 0xFF, 0xFF, 0xFC, 0x01, 0xF0, 0xC7, 0xFF, 0x1F, 0xF8, 0x7F, 0x80, 0x1F, 0x03,
    0xF8, 0x7F, 0xC7, 0xBE, 0x71, 0xC2, 0x08, 0x00, 0x0F, 0xFF, 0xFF, 0xFF, 0xFE, 0xF0, 0x0F, 0x00,
    0xF0, 0x0F, 0x00, 0xFF, 0xEF, 0xFE, 0xFF, 0xEF, 0x00, 0xF0, 0x0F, 0x00, 0xF0, 0x0F, 0xFE, 0xFF,
    0xFF, 0xFF, 0x00, 0x00, 0x00, 0x1F, 0x01, 0xF0, 0x1F, 0x01, 0xF0, 0x0F, 0x80, 0xFE, 0x0F, 0xF8,
    0x7B, 0xC3, 0x8E, 0x08, 0x20, 0x7F, 0x07, 0xFC, 0x7F, 0xF7, 0xC7, 0xFC, 0x1F, 0xFF, 0xFF, 0xFF,
    0xFF, 0xFF, 0xC0, 0x1F, 0x0C, 0x7F, 0xF1, 0xFF, 0x87, 0xF8, 0x00, 0x00, 0x00, 0x07, 0xC0, 0x3E,
    0x01, 0xF0, 0x0F, 0x80, 0x1F, 0x80, 0xFE, 0x07, 0xF0, 0x07, 0x80, 0x78, 0x03, 0x80, 0x00, 0x1F,
    0xFF, 0xFF, 0xFB, 0xFF, 0x83, 0xE0, 0x1F, 0x00, 0xF8, 0x07, 0xC0, 0x3E, 0x01, 0xF0, 0x0F, 0x80,
    0x7C, 0x03, 0xE0, 0x1F, 0x00, 0xF8, 0x3F, 0xFB, 0xFF, 0xFF, 0xFF, 0x1F, 0x81, 0xFC, 0x1F, 0xC0,
    0x38, 0x07, 0x80, 0x70, 0x00, 0x0F, 0xF8, 0xFF, 0x8F, 0xF8, 0x0F, 0x80, 0xF8, 0x0F, 0x80, 0xF8,
    0x0F, 0x80, 0xF8, 0x0F, 0x8F, 0xFF, 0xFF, 0xFF, 0xFF, 0xFF, 0xFF, 0xFF, 0xDF, 0xFC, 0x1F, 0x00,
    0xF8, 0x07, 0xC0, 0x3E, 0x01, 0xF0, 0x0F, 0x80, 0x7C, 0x03, 0xE0, 0x1F, 0x00, 0xF8, 0x07, 0xC1,
    0xFF, 0xDF, 0xFF, 0xFF, 0xF8, 0x00, 0x00, 0x00, 0x1F, 0x00, 0xF8, 0x07, 0xC0, 0x3E, 0x00, 0x0F,
    0x80, 0xF8, 0x0F, 0x80, 0xF8, 0x00, 0x0F, 0xF8, 0xFF, 0x8F, 0xF8, 0x0F, 0x80, 0xF8, 0x0F, 0x80,
    0xF8, 0x0F, 0x80, 0xF8, 0x0F, 0x8F, 0xFF, 0xFF, 0xFF, 0xFF, 0x00, 0x00, 0x00, 0x0F, 0x80, 0xF8,
    0x0F, 0x80, 0xF8, 0x0F, 0xE0, 0x3F, 0xE0, 0xFF, 0xE3, 0xE3, 0xE7, 0x83, 0xCF, 0x07, 0xBE, 0x0F,
    0xFC, 0x1F, 0xF8, 0x3F, 0xF0, 0x7F, 0xE0, 0xFB, 0xC1, 0xE7, 0x83, 0xCF, 0x8F, 0x8F, 0xFE, 0x0F,
    0xF8, 0x0F, 0xE0, 0x00, 0x00, 0x00, 0x00, 0x3E, 0x00, 0x7C, 0x00, 0xF8, 0x01, 0xF0, 0x00, 0x1F,
    0xC1, 0xFF, 0x1F, 0xFD, 0xF1, 0xFF, 0x07, 0xF8, 0x3F, 0xC1, 0xFE, 0x0F, 0xF0, 0x7F, 0xC7, 0xDF,
    0xFC, 0x7F, 0xC1, 0xFC, 0x00, 0x00, 0x00, 0x01, 0xF0, 0x0F, 0x80, 0x7C, 0x03, 0xE0, 0x0F, 0xC0,
    0x1F, 0xC0, 0x3F, 0x80, 0x0F, 0x00, 0x3C, 0x00, 0x70, 0x00, 0x00, 0x07, 0xF0, 0x1F, 0xF0, 0x7F,
    0xF1, 0xF1, 0xF3, 0xC1, 0xE7, 0x83, 0xDF, 0x07, 0xFE, 0x0F, 0xFC, 0x1F, 0xF8, 0x3F, 0xF0, 0x7D,
    0xE0, 0xF3, 0xC1, 0xE7, 0xC7, 0xC7, 0xFF, 0x07, 0xFC, 0x07, 0xF0, 0x1F, 0x80, 0xFE, 0x07, 0xF0,
    0x07, 0x80, 0x78, 0x03, 0x80, 0x00, 0x03, 0xF8, 0x3F, 0xE3, 0xFF, 0xBE, 0x3F, 0xE0, 0xFF, 0x07,
    0xF8, 0x3F, 0xC1, 0xFE, 0x0F, 0xF8, 0xFB, 0xFF, 0x8F, 0xF8, 0x3F, 0x80, 0x00, 0x08, 0x00, 0x1E,
    0x00, 0x1E, 0x00, 0x3C, 0x00, 0x3C, 0x07, 0xF8, 0x0F, 0xE0, 0x1F, 0xF0, 0x1E, 0xF0, 0x1C, 0x70,
    0x00, 0x00, 0x0F, 0xE0, 0x1F, 0xF0, 0x3F, 0xF8, 0x7C, 0x7C, 0x78, 0x3C, 0x78, 0x3C, 0xF8, 0x3E,
    0xF8, 0x3E, 0xF8, 0x3E, 0xF8, 0x3E, 0xF8, 0x3E, 0x78, 0x3C, 0x78, 0x3C, 0x7C, 0x7C, 0x3F, 0xF8,
    0x1F, 0xF0, 0x0F, 0xE0, 0x00, 0x10, 0x00, 0x78, 0x00, 0xF0, 0x03, 0xC0, 0x07, 0x81, 0xFE, 0x07,
    0xF0, 0x1F, 0xF0, 0x3D, 0xE0, 0x71, 0xC0, 0x00, 0x00, 0xFE, 0x03, 0xFE, 0x0F, 0xFE, 0x3E, 0x3E,
    0x78, 0x3C, 0xF0, 0x79, 0xE0, 0xF3, 0xC1, 0xE7, 0x83, 0xCF, 0x8F, 0x8F, 0xFE, 0x0F, 0xF8, 0x0F,
    0xE0, 0x10, 0x00, 0x78, 0x00, 0x78, 0x00, 0x3C, 0x00, 0x3C, 0x00, 0x1F, 0xE0, 0x07, 0xF0, 0x0F,
    0xF8, 0x0F, 0x78, 0x0E, 0x38, 0x00, 0x00, 0x07, 0xF0, 0x0F, 0xF8, 0x1F, 0xFC, 0x3E, 0x3E, 0x3C,
    0x1E, 0x3C, 0x1E, 0x7C, 0x1F, 0x7C, 0x1F, 0x7C, 0x1F, 0x7C, 0x1F, 0x7C, 0x1F, 0x3C, 0x1E, 0x3C,
    0x1E, 0x3E, 0x3E, 0x1F, 0xFC, 0x0F, 0xF8, 0x07, 0xF0, 0x10, 0x00, 0xF0, 0x01, 0xE0, 0x01, 0xE0,
    0x03, 0xC0, 0x03, 0xFC, 0x01, 0xFC, 0x07, 0xFC, 0x0F, 0x78, 0x1C, 0x70, 0x00, 0x00, 0x3F, 0x80,
    0xFF, 0x83, 0xFF, 0x8F, 0x8F, 0x9E, 0x0F, 0x3C, 0x1E, 0x78, 0x3C, 0xF0, 0x79, 0xE0, 0xF3, 0xE3,
    0xE3, 0xFF, 0x83, 0xFE, 0x03, 0xF8, 0x00, 0xFC, 0x01, 0xF8, 0x03, 0xF8, 0x00, 0xE0, 0x3B, 0xC0,
    0xFF, 0x03, 0xF8, 0x0F, 0xF8, 0x1C, 0x70, 0x10, 0x40, 0x00, 0x00, 0x7F, 0x01, 0xFF, 0x07, 0xFF,
    0x1F, 0x1F, 0x3C, 0x1E, 0x78, 0x3D, 0xF0, 0x7F, 0xE0, 0xFF, 0xC1, 0xFF, 0x83, 0xFF, 0x07, 0xDE,
    0x0F, 0x3C, 0x1E, 0x7C, 0x7C, 0x7F, 0xF0, 0x7F, 0xC0, 0x7F, 0x00, 0x01, 0xF8, 0x07, 0xE0, 0x1F,
    0xC0, 0x0E, 0x07, 0x78, 0x3F, 0xC1, 0xFC, 0x0F, 0xF8, 0x38, 0xE0, 0x41, 0x00, 0x00, 0x07, 0xF0,
    0x3F, 0xE1, 0xFF, 0xCF, 0x8F, 0xBC, 0x1E, 0xF0, 0x7B, 0xC1, 0xEF, 0x07, 0xBC, 0x1E, 0xF8, 0xF9,
    0xFF, 0xC3, 0xFE, 0x07, 0xF0, 0x0F, 0x00, 0x3F, 0xE0, 0x7F, 0xC0, 0x5F, 0x80, 0x38, 0x00, 0xF8,
    0x03, 0xF8, 0x0F, 0xF8, 0x1C, 0x70, 0x10, 0x40, 0x00, 0x00, 0x7F, 0x01, 0xFF, 0x07, 0xFF, 0x1F,
    0x1F, 0x3C, 0x1E, 0x78, 0x3D, 0xF0, 0x7F, 0xE0, 0xFF, 0xC1, 0xFF, 0x83, 0xFF, 0x07, 0xDE, 0x0F,
    0x3C, 0x1E, 0x7C, 0x7C, 0x7F, 0xF0, 0x7F, 0xC0, 0x7F, 0x00, 0x1E, 0x01, 0xFF, 0x0F, 0xF8, 0x2F,
    0xC0, 0x70, 0x07, 0xC0, 0x7F, 0x07, 0xFC, 0x38, 0xE0, 0x82, 0x07, 0xF0, 0x7F, 0xC7, 0xFF, 0x7C,
    0x7F, 0xC1, 0xFE, 0x0F, 0xF0, 0x7F, 0x83, 0xFC, 0x1F, 0xF1, 0xF7, 0xFF, 0x1F, 0xF0, 0x7F, 0x00,
    0x07, 0xC0, 0x1F, 0xC0, 0x7F, 0xC0, 0xF7, 0x81, 0xC7, 0x01, 0x04, 0x00, 0x00, 0x07, 0xF0, 0x1F,
    0xF0, 0x7F, 0xF1, 0xF1, 0xF3, 0xC1, 0xE7, 0x83, 0xDF, 0x07, 0xFE, 0x0F, 0xFC, 0x1F, 0xF8, 0x3F,
    0xF0, 0x7D, 0xE0, 0xF3, 0xC1, 0xE7, 0xC7, 0xC7, 0xFF, 0x07, 0xFC, 0x07, 0xF0, 0x00, 0x00, 0x00,
    0x00, 0x1F, 0x00, 0x3E, 0x00, 0x7C, 0x00, 0xF8, 0x00, 0x0F, 0x80, 0xFE, 0x0F, 0xF8, 0x7B, 0xC3,
    0x8E, 0x08, 0x20, 0x7F, 0x07, 0xFC, 0x7F, 0xF7, 0xC7, 0xFC, 0x1F, 0xE0, 0xFF, 0x07, 0xF8, 0x3F,
    0xC1, 0xFF, 0x1F, 0x7F, 0xF1, 0xFF, 0x07, 0xF0, 0x00, 0x00, 0x00, 0x07, 0xC0, 0x3E, 0x01, 0xF0,
    0x0F, 0x80, 0x00, 0x00, 0x01, 0xC0, 0x07, 0xC0, 0x0F, 0x00, 0x3E, 0x00, 0x7B, 0xC0, 0xE7, 0x80,
    0xCF, 0x00, 0x1E, 0x1F, 0xFC, 0x7F, 0xF9, 0xFF, 0xE7, 0xEF, 0xCF, 0x07, 0x9E, 0x0F, 0x7C, 0x1F,
    0xF8, 0x3F, 0xF0, 0x7F, 0xE0, 0xFF, 0xC1, 0xF7, 0x83, 0xCF, 0x87, 0x9F, 0xBF, 0x1F, 0xFC, 0x1F,
    0xF0, 0x1F, 0xC0, 0x01, 0x80, 0x07, 0x80, 0x3E, 0x00, 0xF0, 0x07, 0x80, 0x1C, 0xF0, 0x73, 0xC0,
    0x0F, 0x1F, 0xFC, 0xFF, 0xF7, 0xFF, 0xBE, 0x3E, 0xF0, 0x7B, 0xC1, 0xEF, 0x07, 0xBC, 0x1E, 0xF0,
    0x7B, 0xE3, 0xE7, 0xFF, 0x0F, 0xF8, 0x1F, 0xC0, 0x02, 0x00, 0x1E, 0x00, 0x3C, 0x00, 0x7C, 0x00,
    0x79, 0xE0, 0x73, 0xC0, 0x47, 0x80, 0x0F, 0x0F, 0xFE, 0x3F, 0xFC, 0xFF, 0xF3, 0xF7, 0xE7, 0x83,
    0xCF, 0x07, 0xBE, 0x0F, 0xFC, 0x1F, 0xF8, 0x3F, 0xF0, 0x7F, 0xE0, 0xFB, 0xC1, 0xE7, 0xC3, 0xCF,
    0xDF, 0x8F, 0xFE, 0x0F, 0xF8, 0x0F, 0xE0, 0x00, 0x00, 0x38, 0x01, 0xE0, 0x07, 0xC0, 0x0F, 0x00,
    0x1C, 0xF0, 0x63, 0xC0, 0x0F, 0x1F, 0xFC, 0xFF, 0xF7, 0xFF, 0xBE, 0x3E, 0xF0, 0x7B, 0xC1, 0xEF,
    0x07, 0xBC, 0x1E, 0xF0, 0x7B, 0xE3, 0xE7, 0xFF, 0x0F, 0xF8, 0x1F, 0xC0, 0x0F, 0xC0, 0x1F, 0xC0,
    0x3F, 0x80, 0x0F, 0xF0, 0x3D, 0xE0, 0x73, 0xC0, 0x07, 0x87, 0xFF, 0x1F, 0xFE, 0x7F, 0xF9, 0xFB,
    0xF3, 0xC1, 0xE7, 0x83, 0xDF, 0x07, 0xFE, 0x0F, 0xFC, 0x1F, 0xF8, 0x3F, 0xF0, 0x7D, 0xE0, 0xF3,
    0xE1, 0xE7, 0xEF, 0xC7, 0xFF, 0x07, 0xFC, 0x07, 0xF0, 0x1F, 0x80, 0x7F, 0x01, 0xFC, 0x00, 0xF0,
    0x07, 0xBC, 0x1C, 0xF0, 0x03, 0xC7, 0xFF, 0x3F, 0xFD, 0xFF, 0xEF, 0x8F, 0xBC, 0x1E, 0xF0, 0x7B,
    0xC1, 0xEF, 0x07, 0xBC, 0x1E, 0xF8, 0xF9, 0xFF, 0xC3, 0xFE, 0x07, 0xF0, 0x0E, 0x00, 0x3F, 0xC0,
    0x7F, 0xF8, 0x5F, 0xF0, 0x01, 0xE0, 0x03, 0xC3, 0xFF, 0x8F, 0xFF, 0x3F, 0xFC, 0xFD, 0xF9, 0xE0,
    0xF3, 0xC1, 0xEF, 0x83, 0xFF, 0x07, 0xFE, 0x0F, 0xFC, 0x1F, 0xF8, 0x3E, 0xF0, 0x79, 0xF0, 0xF3,
    0xF7, 0xE3, 0xFF, 0x83, 0xFE, 0x03, 0xF8, 0x00, 0x3E, 0x80, 0xFF, 0x03, 0xFF, 0xC0, 0xEF, 0x00,
    0x3C, 0x7F, 0xF3, 0xFF, 0xDF, 0xFE, 0xF8, 0xFB, 0xC1, 0xEF, 0x07, 0xBC, 0x1E, 0xF0, 0x7B, 0xC1,
    0xEF, 0x8F, 0x9F, 0xFC, 0x3F, 0xE0, 0x7F, 0x00, 0x00, 0x1E, 0x00, 0x3C, 0x00, 0x78, 0x00, 0xF0,
    0xFF, 0xE3, 0xFF, 0xCF, 0xFF, 0x3F, 0x7E, 0x78, 0x3C, 0xF0, 0x7B, 0xE0, 0xFF, 0xC1, 0xFF, 0x83,
    0xFF, 0x07, 0xFE, 0x0F, 0xBC, 0x1E, 0x7C, 0x3C, 0xFD, 0xF8, 0xFF, 0xE0, 0xFF, 0x80, 0xFE, 0x00,
    0x00, 0x00, 0x00, 0x03, 0xE0, 0x07, 0xC0, 0x0F, 0x80, 0x1F, 0x00, 0x00, 0x3C, 0x00, 0xF0, 0x03,
    0xC7, 0xFF, 0x3F, 0xFD, 0xFF, 0xEF, 0x8F, 0xBC, 0x1E, 0xF0, 0x7B, 0xC1, 0xEF, 0x07, 0xBC, 0x1E,
    0xF8, 0xF9, 0xFF, 0xC3, 0xFE, 0x07, 0xF0, 0x00, 0x00, 0x00, 0x00, 0xF8, 0x03, 0xE0, 0x0F, 0x80,
    0x3E, 0x00, 0xF8, 0xFF, 0xC7, 0xFE, 0x3F, 0xF1, 0xFF, 0x8F, 0xFC, 0x7F, 0xE3, 0xFF, 0x1F, 0xF8,
    0xFF, 0xC7, 0xFE, 0x3F, 0xF1, 0xFF, 0x8F, 0xFE, 0xFD, 0xFF, 0xCF, 0xFE, 0x3F, 0xE0, 0x00, 0x00,
    0x00, 0x1F, 0x00, 0xF8, 0x07, 0xC0, 0x3E, 0x00, 0xF8, 0xFF, 0xC7, 0xFE, 0x3F, 0xF1, 0xFF, 0x8F,
    0xFC, 0x7F, 0xE3, 0xFF, 0x1F, 0xF8, 0xFF, 0xC7, 0xDF, 0xFE, 0xFF, 0xF3, 0xEF, 0x80, 0x00, 0x00,
    0x01, 0xF0, 0x0F, 0x80, 0x7C, 0x03, 0xE0, 0x1F, 0x80, 0xFE, 0x07, 0xF0, 0x07, 0x80, 0x78, 0x03,
    0x80, 0x00, 0x1F, 0x1F, 0xF8, 0xFF, 0xC7, 0xFE, 0x3F, 0xF1, 0xFF, 0x8F, 0xFC, 0x7F, 0xE3, 0xFF,
    0x1F, 0xF8, 0xFF, 0xC7, 0xFE, 0x3F, 0xF1, 0xFF, 0xDF, 0xBF, 0xF9, 0xFF, 0xC7, 0xFC, 0x1F, 0x80,
    0xFE, 0x07, 0xF0, 0x07, 0x80, 0x78, 0x03, 0x80, 0x00, 0x1F, 0x1F, 0xF8, 0xFF, 0xC7, 0xFE, 0x3F,
    0xF1, 0xFF, 0x8F, 0xFC, 0x7F, 0xE3, 0xFF, 0x1F, 0xF8, 0xFB, 0xFF, 0xDF, 0xFE, 0x7D, 0xF0, 0x00,
    0x00, 0x07, 0x00, 0x3E, 0x00, 0xF0, 0x07, 0xC0, 0x1E, 0x70, 0x71, 0xC0, 0xC7, 0x00, 0x1F, 0xE3,
    0xFF, 0x8F, 0xFE, 0x3E, 0xF8, 0xFB, 0xE3, 0xEF, 0x8F, 0xBE, 0x3E, 0xF8, 0xFB, 0xE3, 0xEF, 0x8F,
    0xBE, 0x3E, 0xF8, 0xFB, 0xE3, 0xEF, 0xDF, 0x9F, 0xFC, 0x7F, 0xF0, 0xFF, 0x80, 0x01, 0x80, 0x07,
    0x80, 0x3E, 0x00, 0xF0, 0x07, 0x80, 0x3C, 0xF0, 0x73, 0xC0, 0x0F, 0xF8, 0xFF, 0xE3, 0xFF, 0x8F,
    0xBE, 0x3E, 0xF8, 0xFB, 0xE3, 0xEF, 0x8F, 0xBE, 0x3E, 0xF8, 0xFB, 0xE3, 0xE7, 0xFF, 0x9F, 0xFE,
    0x3E, 0xF8, 0x04, 0x00, 0x78, 0x01, 0xE0, 0x07, 0xC0, 0x0F, 0x1C, 0x1C, 0x70, 0x21, 0xC0, 0x07,
    0xF8, 0xFF, 0xE3, 0xFF, 0x8F, 0xBE, 0x3E, 0xF8, 0xFB, 0xE3, 0xEF, 0x8F, 0xBE, 0x3E, 0xF8, 0xFB,
    0xE3, 0xEF, 0x8F, 0xBE, 0x3E, 0xF8, 0xFB, 0xF7, 0xE7, 0xFF, 0x1F, 0xFC, 0x3F, 0xE0, 0x00, 0x00,
    0x38, 0x01, 0xE0, 0x07, 0xC0, 0x0F, 0x00, 0x1C, 0xF0, 0x63, 0xC0, 0x0F, 0xF8, 0xFF, 0xE3, 0xFF,
    0x8F, 0xBE, 0x3E, 0xF8, 0xFB, 0xE3, 0xEF, 0x8F, 0xBE, 0x3E, 0xF8, 0xFB, 0xE3, 0xE7, 0xFF, 0x9F,
    0xFE, 0x3E, 0xF8, 0x1F, 0x80, 0x7F, 0x01, 0xFC, 0x00, 0xF7, 0x07, 0x9C, 0x1C, 0x70, 0x01, 0xFE,
    0x3F, 0xF8, 0xFF, 0xE3, 0xEF, 0x8F, 0xBE, 0x3E, 0xF8, 0xFB, 0xE3, 0xEF, 0x8F, 0xBE, 0x3E, 0xF8,
    0xFB, 0xE3, 0xEF, 0x8F, 0xBE, 0x3E, 0xFD, 0xF9, 0xFF, 0xC7, 0xFF, 0x0F, 0xF8, 0x1F, 0x80, 0x7F,
    0x01, 0xFC, 0x00, 0xF0, 0x07, 0xBC, 0x1C, 0xF0, 0x03, 0xFE, 0x3F, 0xF8, 0xFF, 0xE3, 0xEF, 0x8F,
    0xBE, 0x3E, 0xF8, 0xFB, 0xE3, 0xEF, 0x8F, 0xBE, 0x3E, 0xF8, 0xF9, 0xFF, 0xE7, 0xFF, 0x8F, 0xBE,
    0x1C, 0x00, 0xFF, 0x03, 0xFF, 0xC5, 0xF7, 0x00, 0x1C, 0x00, 0x7F, 0x8F, 0xFE, 0x3F, 0xF8, 0xFB,
    0xE3, 0xEF, 0x8F, 0xBE, 0x3E, 0xF8, 0xFB, 0xE3, 0xEF, 0x8F, 0xBE, 0x3E, 0xF8, 0xFB, 0xE3, 0xEF,
    0x8F, 0xBF, 0x7E, 0x7F, 0xF1, 0xFF, 0xC3, 0xFE, 0x00, 0x3E, 0xC0, 0xFF, 0x03, 0xFF, 0xC0, 0xFF,
    0x00, 0x3F, 0xE3, 0xFF, 0x8F, 0xFE, 0x3E, 0xF8, 0xFB, 0xE3, 0xEF, 0x8F, 0xBE, 0x3E, 0xF8, 0xFB,
    0xE3, 0xEF, 0x8F, 0x9F, 0xFE, 0x7F, 0xF8, 0xFB, 0xE0, 0x00, 0x1C, 0x00, 0x70, 0x01, 0xC0, 0x07,
    0xF8, 0xFF, 0xE3, 0xFF, 0x8F, 0xBE, 0x3E, 0xF8, 0xFB, 0xE3, 0xEF, 0x8F, 0xBE, 0x3E, 0xF8, 0xFB,
    0xE3, 0xEF, 0x8F, 0xBE, 0x3E, 0xF8, 0xFB, 0xF7, 0xE7, 0xFF, 0x1F, 0xFC, 0x3F, 0xE0, 0x00, 0x00,
    0x00, 0x03, 0xE0, 0x0F, 0x80, 0x3E, 0x00, 0xF8, 0x00, 0x00, 0x3C, 0x00, 0xF0, 0x03, 0xFE, 0x3F,
    0xF8, 0xFF, 0xE3, 0xEF, 0x8F, 0xBE, 0x3E, 0xF8, 0xFB, 0xE3, 0xEF, 0x8F, 0xBE, 0x3E, 0xF8, 0xF9,
    0xFF, 0xE7, 0xFF, 0x8F, 0xBE, 0x00, 0x00, 0x00, 0x00, 0xF8, 0x03, 0xE0, 0x0F, 0x80, 0x3E, 0x00,
    0x02, 0x00, 0x1E, 0x00, 0x3C, 0x00, 0x7C, 0x00, 0x78, 0x00, 0x70, 0x00, 0x40, 0x00, 0x00, 0xF8,
    0x3F, 0xF0, 0x7D, 0xF1, 0xF3, 0xE3, 0xE3, 0xEF, 0x87, 0xDF, 0x07, 0xFC, 0x0F, 0xF8, 0x0F, 0xE0,
    0x1F, 0xC0, 0x1F, 0x00, 0x3E, 0x00, 0x7C, 0x00, 0xF8, 0x01, 0xF0, 0x03, 0xE0, 0x07, 0xC0, 0x00,
    0x00, 0x0E, 0x00, 0x3C, 0x00, 0x7C, 0x00, 0x78, 0x00, 0x78, 0x00, 0x40, 0x00, 0x00, 0xF8, 0x3E,
    0xF0, 0x79, 0xF1, 0xF3, 0xE3, 0xE3, 0xC7, 0x87, 0xDF, 0x07, 0xBC, 0x0F, 0x78, 0x1F, 0xE0, 0x1F,
    0xC0, 0x3F, 0x80, 0x3E, 0x00, 0x7C, 0x00, 0xF0, 0x01, 0xE0, 0x3F, 0xC0, 0x7F, 0x00, 0xFC, 0x00,
    0xF8, 0x3F, 0xF0, 0x7D, 0xF1, 0xF3, 0xE3, 0xE3, 0xEF, 0x87, 0xDF, 0x07, 0xFC, 0x0F, 0xF8, 0x0F,
    0xE0, 0x1F, 0xC0, 0x1F, 0x00, 0x3E, 0x00, 0x7C, 0x00, 0xF8, 0x01, 0xF0, 0x03, 0xE0, 0x07, 0xC0,
    0x00, 0x00, 0x00, 0x00, 0x3E, 0x00, 0x7C, 0x00, 0xF8, 0x01, 0xF0, 0x00, 0xF8, 0x3E, 0xF0, 0x79,
    0xF1, 0xF3, 0xE3, 0xE3, 0xC7, 0x87, 0xDF, 0x07, 0xBC, 0x0F, 0x78, 0x1F, 0xE0, 0x1F, 0xC0, 0x3F,
    0x80, 0x3E, 0x00, 0x7C, 0x00, 0xF0, 0x01, 0xE0, 0x3F, 0xDE, 0x7F, 0x3C, 0xFC, 0x78, 0x00, 0xF0,
    0x0F, 0xC0, 0x1F, 0xC0, 0x3F, 0x80, 0x0F, 0x00, 0x3C, 0x00, 0x70, 0x00, 0x00, 0x7C, 0x1F, 0xF8,
    0x3E, 0xF8, 0xF9, 0xF1, 0xF1, 0xF7, 0xC3, 0xEF, 0x83, 0xFE, 0x07, 0xFC, 0x07, 0xF0, 0x0F, 0xE0,
    0x0F, 0x80, 0x1F, 0x00, 0x3E, 0x00, 0x7C, 0x00, 0xF8, 0x01, 0xF0, 0x03, 0xE0, 0x0F, 0xC0, 0x1F,
    0xC0, 0x3F, 0x80, 0x0F, 0x00, 0x1C, 0x00, 0x30, 0x00, 0x00, 0x7C, 0x1F, 0x78, 0x3C, 0xF8, 0xF9,
    0xF1, 0xF1, 0xE3, 0xC3, 0xEF, 0x83, 0xDE, 0x07, 0xBC, 0x0F, 0xF0, 0x0F, 0xE0, 0x1F, 0xC0, 0x1F,
    0x00, 0x3E, 0x00, 0x78, 0x00, 0xF0, 0x1F, 0xE0, 0x3F, 0x80, 0x7E, 0x00, 0x0F, 0x00, 0x3F, 0xE0,
    0x7F, 0xC0, 0x5F, 0x80, 0x00, 0x00, 0x00, 0x3E, 0x0F, 0xFC, 0x1F, 0x7C, 0x7C, 0xF8, 0xF8, 0xFB,
    0xE1, 0xF7, 0xC1, 0xFF, 0x03, 0xFE, 0x03, 0xF8, 0x07, 0xF0, 0x07, 0xC0, 0x0F, 0x80, 0x1F, 0x00,
    0x3E, 0x00, 0x7C, 0x00, 0xF8, 0x01, 0xF0, 0x00, 0x0F, 0x00, 0x3F, 0xE0, 0x7F, 0xE0, 0x5F, 0x80,
    0x00, 0x00, 0x00, 0x3E, 0x0F, 0xBC, 0x1E, 0x7C, 0x7C, 0xF8, 0xF8, 0xF1, 0xE1, 0xF7, 0xC1, 0xEF,
    0x03, 0xDE, 0x07, 0xF8, 0x07, 0xF0, 0x0F, 0xE0, 0x0F, 0x80, 0x1F, 0x00, 0x3C, 0x00, 0x78, 0x0F,
    0xF0, 0x1F, 0xC0, 0x3F, 0x00, 0xFF, 0xFF, 0xFF, 0xFF, 0xF0, 0x03, 0x37, 0x8C, 0x7B, 0xF3, 0x0C,
    0x30, 0xC3, 0x0C, 0x30, 0xC3, 0x0C, 0x30, 0xC3, 0x00, 0x00, 0x30, 0x37, 0xEC, 0xDB, 0x30, 0x60,
    0xC1, 0x83, 0x06, 0x0C, 0x18, 0x30, 0x60, 0xC1, 0x83, 0x00, 0x00, 0x61, 0x83, 0xF6, 0x66, 0xC1,
    0x83, 0x06, 0x0C, 0x18, 0x30, 0x60, 0xC1, 0x83, 0x06, 0x0C, 0x18, 0xFF, 0xFF, 0xFF, 0x7E, 0xFF,
    0xFF, 0xFF, 0xFF, 0xFF, 0xFF, 0xFF, 0xFE, 0xFF, 0xFF, 0xFF, 0xFF, 0xFF, 0xF8, 0x1E, 0x78, 0xF1,
    0xE7, 0xCF, 0xBE, 0x7C, 0x3E, 0x7D, 0xF3, 0xE7, 0x8F, 0x1E, 0x78, 0x7E, 0xF9, 0xF3, 0xCF, 0x9E,
    0x3C, 0x78, 0x0E, 0x3C, 0x78, 0xF1, 0xE7, 0x8F, 0x9E, 0x3E, 0xF8, 0xF3, 0xE7, 0xCF, 0x9F, 0x7E,
    0x3E, 0xF9, 0xF3, 0xE7, 0xCF, 0x9F, 0x7C, 0x79, 0xF1, 0xE7, 0x8F, 0x1E, 0x3C, 0x70, 0x7C, 0xFB,
    0xEF, 0x9F, 0x7C, 0xF3, 0xEF, 0x9E, 0x78, 0xF3, 0xCF, 0x1C, 0x78, 0x07, 0x00, 0x38, 0x01, 0xC0,
    0x0E, 0x00, 0x70, 0x7F, 0xFF, 0xFF, 0xFF, 0xFF, 0x07, 0x00, 0x38, 0x01, 0xC0, 0x0E, 0x00, 0x70,
    0x03, 0x80, 0x1C, 0x00, 0xE0, 0x07, 0x00, 0x38, 0x01, 0xC0, 0x0E, 0x00, 0x70, 0x03, 0x80, 0x1C,
    0x00, 0x07, 0x00, 0x38, 0x01, 0xC0, 0x0E, 0x00, 0x70, 0x7F, 0xFF, 0xFF, 0xFF, 0xFF, 0x07, 0x00,
    0x38, 0x01, 0xC0, 0x0E, 0x00, 0x70, 0x03, 0x80, 0x1C, 0x1F, 0xFF, 0xFF, 0xFF, 0xFF, 0xC1, 0xC0,
    0x0E, 0x00, 0x70, 0x03, 0x80, 0x1C, 0x00, 0xFF, 0xFF, 0xFF, 0xFF, 0xFF, 0xC0, 0xFF, 0xFF, 0xFF,
    0xFF, 0xFF, 0xFF, 0xFF, 0xF0, 0x7C, 0x01, 0xFC, 0x03, 0xBC, 0x07, 0x38, 0x0E, 0xF0, 0x1F, 0xCF,
    0x9F, 0xFF, 0x1F, 0xF0, 0x7E, 0x00, 0x7E, 0xF8, 0x7F, 0xF8, 0xEF, 0x73, 0x9C, 0xE7, 0x39, 0xC7,
    0x7B, 0x8F, 0xFF, 0x0F, 0xFC, 0x04, 0x38, 0xFB, 0xEF, 0x9E, 0x3C, 0x7C, 0x7C, 0x7C, 0x70, 0x60,
    0x00, 0x40, 0xE3, 0xE3, 0xE3, 0xE3, 0xC7, 0x9F, 0x7D, 0xF1, 0xC3, 0x00, 0x00, 0x00, 0x0E, 0x00,
    0x38, 0x00, 0x70, 0x01, 0xC0, 0x07, 0x80, 0x0E, 0x00, 0x3C, 0x00, 0x70, 0x00, 0x00, 0x1C, 0x00,
    0x78, 0x00, 0xE0, 0x03, 0xC0, 0x07, 0x00, 0x1C, 0x00, 0x38, 0x00, 0xE0, 0x00, 0x10, 0xFB, 0xF7,
    0xE7, 0xC7, 0x00, 0x00, 0x00, 0x00, 0x07, 0xC7, 0xCF, 0x9F, 0x3E, 0x3C, 0x78, 0x70, 0x3E, 0x3F,
    0xBF, 0xFE, 0xFF, 0xFF, 0xFF, 0xFE, 0xFE, 0x3E, 0x00, 0x1F, 0x0F, 0x8F, 0xC7, 0xE7, 0xF7, 0xFB,
    0xFF, 0xFE, 0x0F, 0x00, 0x7F, 0x3F, 0x9F, 0x8F, 0xE7, 0xF0, 0x3D, 0x9F, 0xFE, 0x7E, 0x00, 0x1F,
    0x1E, 0x1E, 0x0F, 0xEF, 0xFF, 0xBF, 0xDE, 0xFE, 0x3E, 0x00, 0xFF, 0xFF, 0xEE, 0xCE, 0x1E, 0x1C,
    0x3C, 0x38, 0x38, 0x3E, 0x3F, 0x9D, 0xCF, 0xE3, 0xE3, 0xFB, 0xDE, 0xFE, 0x7F, 0x00, 0x3E, 0x3F,
    0xBD, 0xFF, 0xF7, 0xF9, 0xF8, 0x3C, 0x3C, 0x7C, 0x00, 0x3E, 0x3F, 0xBF, 0xFE, 0xFF, 0xFF, 0xFF,
    0xFE, 0xFE, 0x3E, 0x00, 0x7C, 0xFC, 0xFC, 0x5C, 0x1C, 0x1C, 0x1C, 0xFF, 0xFF, 0x3E, 0x3F, 0x9F,
    0xC0, 0xE0, 0xF1, 0xF1, 0xF0, 0xFF, 0x7F, 0x80, 0x7F, 0x3F, 0x89, 0xC3, 0xE1, 0xF0, 0x39, 0x9F,
    0xFE, 0x7E, 0x00, 0x1F, 0x0F, 0x8F, 0xC7, 0xE7, 0xF7, 0xFB, 0xFF, 0xFE, 0x0F, 0x00, 0x7F, 0x3F,
    0x9F, 0x8F, 0xE7, 0xF0, 0x3D, 0x9F, 0xFE, 0x7E, 0x00, 0x1F, 0x1E, 0x1E, 0x0F, 0xEF, 0xFF, 0xBF,
    0xDE, 0xFE, 0x3E, 0x00, 0xFF, 0xFF, 0xEE, 0xCE, 0x1E, 0x1C, 0x3C, 0x38, 0x38, 0x3E, 0x3F, 0x9D,
    0xCF, 0xE3, 0xE3, 0xFB, 0xDE, 0xFE, 0x7F, 0x00, 0x3E, 0x3F, 0xBD, 0xFF, 0xF7, 0xF9, 0xF8, 0x3C,
    0x3C, 0x7C, 0x00, 0x06, 0xC0, 0x1B, 0x00, 0x6C, 0x01, 0xB0, 0x1F, 0xE0, 0xFF, 0xC7, 0xFF, 0x9F,
    0xBE, 0xFE, 0xFB, 0xFF, 0x0F, 0xFC, 0x3F, 0xF0, 0xFF, 0xC3, 0xFF, 0x0F, 0xFC, 0x3F, 0x60, 0xFD,
    0xB9, 0xF7, 0xE7, 0xFF, 0x8F, 0xFC, 0x1F, 0xE0, 0x36, 0x01, 0xF8, 0x03, 0x60, 0x0F, 0xE1, 0xFF,
    0xDF, 0xFE, 0xF8, 0xE7, 0x82, 0x3C, 0x03, 0xFF, 0x1F, 0xF8, 0xFF, 0xC7, 0xFE, 0x3F, 0xF1, 0xFF,
    0x83, 0xC0, 0x3E, 0x03, 0xFF, 0xFF, 0xFF, 0xFF, 0xF8, 0x7E, 0x3C, 0xFC, 0x79, 0xFC, 0xF3, 0xF9,
    0xE7, 0xF3, 0xDF, 0xFF, 0xFF, 0xFF, 0xFD, 0xFF, 0x7B, 0xBD, 0xFF, 0x7F, 0xFF, 0xFF, 0xFF, 0xF7,
    0x9F, 0xCF, 0x3F, 0x9E, 0x7F, 0x3C, 0x7E, 0x78, 0xFC, 0x7F, 0x00, 0xFF, 0x01, 0xFE, 0x03, 0x9C,
    0x07, 0x3C, 0x0E, 0x77, 0xDF, 0xFF, 0xBF, 0xFF, 0x7F, 0x70, 0xFE, 0xF1, 0xFD, 0xF3, 0xBD, 0xE7,
    0x79, 0xEE, 0xFB, 0xDC, 0xFF, 0xB9, 0xFF, 0x71, 0xFC, 0x78, 0x3C, 0xF0, 0x79, 0xE0, 0xF3, 0xC1,
    0xEF, 0xFF, 0xFF, 0xFF, 0xDF, 0xFF, 0x3F, 0xFE, 0xFE, 0xFF, 0xFD, 0xFF, 0xFB, 0xFB, 0xF7, 0xE7,
    0xEF, 0xCF, 0xDF, 0x9F, 0xBF, 0x3F, 0x7E, 0x3E, 0xF8, 0xFF, 0x9F, 0xFF, 0xBF, 0xFF, 0x7F, 0x8F,
    0xFF, 0xEF, 0xFF, 0xDF, 0xFF, 0xBF, 0xFF, 0x7F, 0xFE, 0xFF, 0xFD, 0xFF, 0xFB, 0xFF, 0xF7, 0xFF,
    0xEF, 0xFF, 0xC3, 0xBF, 0xFF, 0x7F, 0xFE, 0xFF, 0xF8, 0x00, 0xF0, 0x1F, 0xF0, 0x7F, 0xC1, 0xFF,
    0x00, 0xF0, 0xFB, 0xC7, 0xFF, 0x1F, 0xFC, 0xF8, 0xF3, 0xE3, 0xCF, 0x8F, 0x1F, 0xFC, 0x7F, 0xF0,
    0xFB, 0xC0, 0x00, 0x1F, 0xFE, 0x7F, 0xF9, 0xFF, 0xE0, 0x0F, 0xE0, 0xFF, 0xE7, 0xFF, 0x9F, 0x1E,
    0xF8, 0x03, 0xFF, 0x0F, 0xFC, 0x3F, 0xF0, 0xF0, 0x03, 0xFF, 0x0F, 0xFC, 0x3F, 0xF0, 0xF8, 0x21,
    0xF1, 0xE7, 0xFF, 0x8F, 0xFE, 0x0F, 0xE0, 0x7C, 0x3E, 0x7C, 0x7C, 0x7C, 0x78, 0x7C, 0xF8, 0x7C,
    0xF0, 0x7D, 0xF0, 0x7F, 0xE0, 0xFF, 0xFC, 0xFF, 0xFC, 0xFF, 0xFC, 0x7F, 0xE0, 0x7D, 0xF0, 0x7C,
    0xF8, 0x7C, 0xF8, 0x7C, 0x7C, 0x7C, 0x7C, 0x7C, 0x3E, 0xFF, 0xFF, 0xFF, 0xFF, 0xFF, 0xF8, 0x3E,
    0x00, 0x7D, 0x80, 0xFF, 0x01, 0xFE, 0x07, 0xF8, 0x3F, 0xC0, 0x7F, 0xF0, 0xFF, 0xE0, 0x3F, 0xC1,
    0xFE, 0x07, 0xF8, 0x0F, 0xF0, 0x13, 0xE0, 0x07, 0xC0, 0x3F, 0xE0, 0x7F, 0xE0, 0xFF, 0xE7, 0xFF,
    0xFF, 0xFF, 0xFF, 0xFF, 0xCF, 0x1F, 0x7F, 0xFF, 0xFF, 0xFF, 0xFF, 0xFC, 0xFF, 0xE1, 0xFF, 0x83,
    0xFE, 0x07, 0x80, 0x0F, 0x00, 0x1E, 0x00, 0x3C, 0x00, 0x01, 0xE0, 0x07, 0x80, 0x1E, 0x03, 0xF8,
    0x1F, 0xF0, 0xFF, 0xE7, 0xDF, 0xDE, 0x7F, 0x7B, 0xC1, 0xEE, 0x07, 0xB8, 0x1E, 0xFF, 0x7B, 0xFD,
    0xEF, 0xF7, 0xBB, 0xDF, 0xEF, 0x7F, 0x7C, 0xFF, 0xE3, 0xFF, 0x87, 0xF8, 0x0F, 0x00, 0x3C, 0x00,
    0xF0, 0x00, 0x0F, 0xE0, 0x7F, 0xE0, 0x7F, 0xE0, 0x43, 0xC0, 0x07, 0x9F, 0xFF, 0xFF, 0xFF, 0x81,
    0xF0, 0x0F, 0x81, 0xFF, 0xFF, 0xFF, 0xF9, 0xE0, 0x03, 0xC1, 0x07, 0xCF, 0x0F, 0xFE, 0x0F, 0xFC,
    0x0F, 0xE0, 0x03, 0xC0, 0x0F, 0x00, 0xFC, 0x0F, 0xF8, 0x3F, 0xF1, 0xFF, 0xEF, 0xBF, 0xBC, 0xFC,
    0xF7, 0x83, 0xDE, 0x0F, 0x70, 0x3D, 0xC0, 0xF7, 0x03, 0xDC, 0x0F, 0x77, 0x3F, 0xDE, 0x7F, 0xF9,
    0xFF, 0xE3, 0xFF, 0x07, 0xF0, 0x0E, 0x00, 0x78, 0x01, 0xE0, 0x00, 0xFF, 0xFF, 0xFF, 0xFF, 0xFE,
    0x00, 0x0F, 0xFF, 0xFF, 0xFF, 0xFF, 0xE1, 0xF0, 0x0F, 0x80, 0x7C, 0x03, 0xE0, 0x1F, 0x00, 0xF8,
    0x07, 0xC0, 0x3E, 0x01, 0xF0, 0x0F, 0x80, 0xFF, 0xFB, 0xFF, 0xEF, 0xFF, 0x81, 0xF0, 0xFF, 0xFB,
    0xFF, 0xEF, 0xFF, 0x81, 0xF0, 0xFF, 0xC3, 0xFE, 0x0F, 0xF0, 0x07, 0xC0, 0x0F, 0x80, 0x1F, 0x00,
    0x7E, 0x00, 0xF8, 0x01, 0xF0, 0x3E, 0x00, 0x7C, 0x00, 0xF9, 0x81, 0xFF, 0x03, 0xFE, 0x07, 0xF0,
    0x1F, 0x98, 0x3F, 0xF0, 0x7F, 0xE0, 0x7F, 0xB9, 0xFC, 0xFB, 0xF1, 0xF7, 0xE3, 0xC7, 0xCF, 0x8F,
    0xFF, 0x1F, 0xFC, 0x3F, 0xE0, 0x3F, 0xF0, 0x7F, 0xF0, 0xFF, 0xF1, 0xE3, 0xE3, 0xC3, 0xC7, 0x87,
    0x8F, 0x1F, 0x7F, 0xFE, 0xFF, 0xF9, 0xFF, 0xE0, 0xF0, 0x07, 0xFF, 0x8F, 0xFF, 0x1F, 0xFE, 0x0F,
    0x00, 0x1E, 0x00, 0x3C, 0x00, 0x1F, 0x80, 0xFC, 0x07, 0xE0, 0xFF, 0x87, 0xFF, 0x3F, 0xF9, 0xE3,
    0xEF, 0x1F, 0x78, 0xFB, 0xCF, 0x9F, 0xF8, 0xFF, 0xC7, 0xFF, 0x3C, 0x7D, 0xE1, 0xEF, 0x0F, 0x78,
    0xFB, 0xFF, 0xDF, 0xFC, 0xFF, 0xC1, 0xF8, 0x0F, 0xC0, 0x7E, 0x00, 0x02, 0x00, 0x0E, 0x00, 0x3C,
    0x00, 0xF8, 0x03, 0xE0, 0x0F, 0xFF, 0xFF, 0xFF, 0xBF, 0xFF, 0x3E, 0x00, 0x3E, 0x00, 0x3C, 0x00,
    0x38, 0x00, 0x20, 0x00, 0x02, 0x00, 0x38, 0x03, 0xE0, 0x3F, 0x83, 0xFE, 0x3F, 0xFB, 0xFF, 0xEE,
    0xEE, 0x07, 0x00, 0x38, 0x01, 0xC0, 0x0E, 0x00, 0x70, 0x03, 0x80, 0x1C, 0x00, 0xE0, 0x07, 0x00,
    0x38, 0x00, 0x00, 0x80, 0x03, 0x80, 0x07, 0x80, 0x0F, 0x80, 0x0F, 0x9F, 0xFF, 0xBF, 0xFF, 0xFF,
    0xFE, 0x00, 0xF8, 0x03, 0xE0, 0x07, 0x80, 0x0E, 0x00, 0x08, 0x00, 0x07, 0x00, 0x38, 0x01, 0xC0,
    0x0E, 0x00, 0x70, 0x03, 0x80, 0x1C, 0x00, 0xE0, 0x07, 0x00, 0x38, 0x1D, 0xDD, 0xFF, 0xF7, 0xFF,
    0x1F, 0xF0, 0x7F, 0x01, 0xF0, 0x07, 0x00, 0x10, 0x00, 0x04, 0x40, 0x1D, 0xC0, 0x7B, 0xC1, 0xF3,
    0xC7, 0xFF, 0xDF, 0xFF, 0xFF, 0xFF, 0xBE, 0x3E, 0x3E, 0xF8, 0x3D, 0xE0, 0x31, 0x80, 0x02, 0x00,
    0x38, 0x03, 0xE0, 0x3F, 0x83, 0xFE, 0x3F, 0xFB, 0xFF, 0xEE, 0xEE, 0x07, 0x00, 0x38, 0x09, 0xC8,
    0xEE, 0xEF, 0xFF, 0xBF, 0xF8, 0xFF, 0x83, 0xF8, 0x0F, 0x80, 0x38, 0x00, 0x00, 0xFF, 0x83, 0xFE,
    0x0F, 0xF8, 0x3F, 0x00, 0xFE, 0x03, 0xFC, 0x0E, 0xF8, 0x39, 0xF0, 0xE3, 0xE0, 0x07, 0xC0, 0x0F,
    0x80, 0x1F, 0x00, 0x38, 0x00, 0x40, 0x07, 0xFC, 0x1F, 0xF0, 0x7F, 0xC0, 0x3F, 0x01, 0xFC, 0x0F,
    0xF0, 0x7D, 0xC3, 0xE7, 0x1F, 0x1C, 0xF8, 0x07, 0xC0, 0x3E, 0x00, 0x70, 0x00, 0x80, 0x00, 0x20,
    0x01, 0xC0, 0x0F, 0x80, 0x1F, 0x00, 0x3E, 0x00, 0x7C, 0x70, 0xF9, 0xC1, 0xF7, 0x03, 0xFC, 0x07,
    0xF0, 0x0F, 0xC1, 0xFF, 0x07, 0xFC, 0x1F, 0xF0, 0x00, 0x10, 0x00, 0xE0, 0x07, 0xC0, 0x3E, 0x01,
    0xF3, 0x8F, 0x8E, 0x7C, 0x3B, 0xE0, 0xFF, 0x03, 0xF8, 0x0F, 0xC0, 0x3F, 0xE0, 0xFF, 0x83, 0xFE,
    0x00, 0x00, 0x78, 0x00, 0xF8, 0x01, 0xF8, 0x31, 0xF0, 0xF1, 0xE3, 0xE3, 0xCF, 0x8F, 0xBF, 0xFF,
    0xFF, 0xFD, 0xFF, 0xF1, 0xF0, 0x01, 0xF0, 0x01, 0xF0, 0x01, 0xC0, 0x01, 0x00, 0x00, 0x3C, 0x00,
    0xF8, 0x03, 0xF0, 0x07, 0xC6, 0x0F, 0x1E, 0x1E, 0x3E, 0x3E, 0x1E, 0x7F, 0xFE, 0x7F, 0xFE, 0x7F,
    0xFC, 0x01, 0xF0, 0x07, 0xC0, 0x1F, 0x00, 0x1C, 0x00, 0x10, 0x00, 0x02, 0x00, 0x1C, 0x00, 0xF8,
    0x07, 0xC0, 0x3E, 0x01, 0xFF, 0xFF, 0xFF, 0xDF, 0xFF, 0x3E, 0x3C, 0x7C, 0xF0, 0xFB, 0xC1, 0xCF,
    0x02, 0x3C, 0x00, 0xF0, 0x03, 0xC0, 0x0F, 0x00, 0x3C, 0x00, 0xF0, 0x01, 0x00, 0x0E, 0x00, 0x7C,
    0x00, 0xF8, 0x01, 0xF3, 0xFF, 0xEF, 0xFF, 0xFF, 0xFE, 0xF1, 0xF3, 0xCF, 0x8F, 0x7C, 0x3C, 0xE0,
    0xF1, 0x03, 0xC0, 0x0F, 0x00, 0x3C, 0x00, 0xF0, 0x03, 0xC0, 0x00, 0x00, 0x3C, 0x00, 0xF0, 0x03,
    0xC0, 0x0F, 0x00, 0x3C, 0x08, 0xF0, 0x73, 0xC3, 0xEF, 0x1F, 0x3C, 0xF8, 0xF7, 0xFF, 0xFF, 0xFF,
    0x7F, 0xFC, 0xF8, 0x01, 0xF0, 0x03, 0xE0, 0x07, 0x00, 0x08, 0x00, 0xF0, 0x03, 0xC0, 0x0F, 0x00,
    0x3C, 0x00, 0xF0, 0x03, 0xC4, 0x0F, 0x38, 0x3D, 0xF0, 0xF3, 0xE3, 0xC7, 0xCF, 0xFF, 0xBF, 0xFF,
    0xFF, 0xF8, 0x07, 0xC0, 0x3E, 0x01, 0xF0, 0x03, 0x80, 0x04, 0x00, 0x01, 0xF0, 0x07, 0xF8, 0x1F,
    0xF0, 0x7D, 0xF0, 0xF1, 0xE1, 0xE3, 0xC3, 0xC0, 0x07, 0x80, 0x6F, 0x61, 0xFF, 0xE3, 0xFF, 0xC3,
    0xFF, 0x03, 0xFC, 0x03, 0xF0, 0x03, 0xC0, 0x03, 0x00, 0x1F, 0x00, 0xFF, 0x01, 0xFF, 0x07, 0xDF,
    0x0F, 0x1E, 0x1E, 0x3C, 0x00, 0x78, 0x00, 0xF0, 0x0D, 0xEC, 0x3F, 0xFC, 0x7F, 0xF8, 0x7F, 0xE0,
    0x7F, 0x80, 0x7E, 0x00, 0x78, 0x00, 0x60, 0x03, 0xFE, 0x07, 0xFC, 0x0F, 0xF8, 0x9F, 0x83, 0xBF,
    0x87, 0xFF, 0x9E, 0xEF, 0x3D, 0xCE, 0xF3, 0x9F, 0xE0, 0x3F, 0xC0, 0x7F, 0x80, 0xFF, 0x01, 0xEF,
    0x07, 0x9F, 0x1F, 0x1F, 0xFC, 0x1F, 0xF0, 0x1F, 0xC0, 0xFF, 0x81, 0xFF, 0x03, 0xFE, 0x00, 0xFC,
    0x83, 0xFB, 0x8F, 0xFF, 0x1E, 0xEF, 0x39, 0xDE, 0xF3, 0x9F, 0xE0, 0x3F, 0xC0, 0x7F, 0x80, 0xFF,
    0x01, 0xEF, 0x07, 0x9F, 0x1F, 0x1F, 0xFC, 0x1F, 0xF0, 0x1F, 0xC0, 0x00, 0x80, 0x03, 0x80, 0x07,
    0x80, 0x0F, 0x80, 0x0F, 0x9F, 0xFF, 0xBF, 0xFF, 0xFF, 0xFE, 0x00, 0xF8, 0x03, 0xE0, 0x0F, 0x80,
    0x3E, 0x00, 0xF8, 0x03, 0xE0, 0x0F, 0x80, 0x3F, 0xFF, 0xFF, 0xFE, 0xFF, 0xFC, 0xF8, 0x00, 0xF8,
    0x00, 0xF0, 0x00, 0xE0, 0x00, 0x80, 0x00, 0x02, 0x00, 0x0E, 0x00, 0x3C, 0x00, 0xF8, 0x03, 0xE0,
    0x0F, 0xFF, 0xFF, 0xFF, 0xBF, 0xFF, 0x3E, 0x00, 0x3E, 0x00, 0x3E, 0x00, 0x3E, 0x00, 0x3E, 0x00,
    0x3E, 0x00, 0x3E, 0x7F, 0xFE, 0xFF, 0xFF, 0xFF, 0xF8, 0x03, 0xE0, 0x0F, 0x80, 0x1E, 0x00, 0x38,
    0x00, 0x20, 0x00, 0x3E, 0x01, 0xFC, 0x03, 0xF0, 0x0F, 0xC0, 0x1E, 0x0F, 0x78, 0xFF, 0xEF, 0xFF,
    0xFD, 0xFF, 0xC7, 0xFC, 0x1F, 0xE0, 0xFF, 0x07, 0xF8, 0x3F, 0xE3, 0xEF, 0xFE, 0x7F, 0xE0, 0xFE,
    0x00, 0x07, 0xC0, 0x1F, 0xC0, 0x3F, 0x80, 0x7F, 0x01, 0xFF, 0x03, 0xFE, 0x07, 0xBC, 0x0F, 0x78,
    0x3E, 0xF8, 0x79, 0xF0, 0xF1, 0xE3, 0xE3, 0xE7, 0xC7, 0xCF, 0x0F, 0x9E, 0x0F, 0x3F, 0xFE, 0x7F,
    0xFC, 0xFF, 0xF8, 0x00, 0x07, 0xFF, 0xFF, 0xFF, 0xFF, 0xFF, 0x8F, 0xFC, 0x7F, 0xE3, 0xFF, 0x1F,
    0xF8, 0xFF, 0xC7, 0xFE, 0x3F, 0xF1, 0xFF, 0x8F, 0xFC, 0x7F, 0xE3, 0xFF, 0x1F, 0xF8, 0xFF, 0xC7,
    0xFC, 0x1E, 0x00, 0x07, 0xFF, 0xFF, 0xFF, 0xFF, 0xFF, 0x80, 0x3E, 0x00, 0xF8, 0x07, 0xE0, 0x1F,
    0x00, 0x7C, 0x01, 0xF0, 0x0F, 0x80, 0x7C, 0x03, 0xE0, 0x3E, 0x03, 0xE0, 0x3F, 0x01, 0xF0, 0x1F,
    0x01, 0xF8, 0x0F, 0xFF, 0xFF, 0xFF, 0xFF, 0xE0, 0xFF, 0xFF, 0xFF, 0xFF, 0xFE, 0x00, 0x1E, 0x00,
    0x3C, 0x00, 0x78, 0x00, 0xE0, 0x03, 0xDF, 0x07, 0xBF, 0x0F, 0x7E, 0x3C, 0x3C, 0x78, 0x78, 0xF0,
    0x79, 0xC0, 0xF7, 0x81, 0xEF, 0x01, 0xDC, 0x03, 0xF8, 0x07, 0xF0, 0x07, 0xE0, 0x0F, 0x80, 0x3E,
    0x7C, 0xFD, 0xFB, 0xFF, 0xFF, 0xBE, 0xFF, 0x39, 0xFE, 0xFB, 0xFF, 0xFF, 0xBF, 0x7E, 0x7C, 0xF8,
    0x01, 0xFC, 0x0F, 0xF0, 0x7F, 0xC1, 0xF0, 0x07, 0x80, 0x1E, 0x00, 0x78, 0x01, 0xE0, 0x07, 0x80,
    0x1E, 0x00, 0x78, 0x01, 0xE0, 0x07, 0x80, 0x1E, 0x00, 0x78, 0x01, 0xE0, 0x07, 0x80, 0x1E, 0x00,
    0x78, 0x01, 0xE0, 0x07, 0x83, 0xFE, 0x0F, 0xF8, 0x3F, 0xC0, 0x1E, 0x18, 0x7F, 0x39, 0xFF, 0xF3,
    0xDF, 0xE7, 0x0F, 0x80, 0x00, 0x07, 0x86, 0x1F, 0xCE, 0x7F, 0xFC, 0xF7, 0xF9, 0xC3, 0xE0, 0x00,
    0xF0, 0x0F, 0x3F, 0xFF, 0xFF, 0xFF, 0xFF, 0x83, 0xC0, 0x1C, 0x01, 0xE0, 0xFF, 0xFF, 0xFF, 0xFF,
    0xFE, 0x78, 0x07, 0x80, 0x3C, 0x00, 0x00, 0x60, 0x7C, 0x7F, 0xBF, 0xFF, 0xF1, 0xF0, 0x3F, 0x87,
    0xFE, 0x3F, 0xE0, 0xFC, 0x07, 0x80, 0x1F, 0xFF, 0xFF, 0xFF, 0xF8, 0xC0, 0x1F, 0x03, 0xFC, 0x7F,
    0xE1, 0xFE, 0x07, 0xC3, 0xFB, 0xFF, 0xFF, 0x9F, 0x83, 0xC0, 0x40, 0x0F, 0xFF, 0xFF, 0xFF, 0xF8,
    0x1F, 0xFC, 0xFF, 0xF3, 0xFF, 0xCF, 0x1F, 0x7C, 0x03, 0xFF, 0xFF, 0xFF, 0xFF, 0xFF, 0x7C, 0x7D,
    0xF1, 0xF7, 0xC7, 0xDF, 0x1F, 0x7C, 0x7D, 0xF1, 0xF7, 0xC7, 0xDF, 0x1F, 0x7C, 0x7D, 0xF1, 0xF0,
    0x1F, 0xFC, 0xFF, 0xF3, 0xFF, 0xCF, 0x1F, 0x7C, 0x7F, 0xFF, 0xFF, 0xFF, 0xFF, 0xFF, 0x7C, 0x7D,
    0xF1, 0xF7, 0xC7, 0xDF, 0x1F, 0x7C, 0x7D, 0xF1, 0xF7, 0xC7, 0xDF, 0x1F, 0x7C, 0x7D, 0xF1, 0xF0,
    0x00, 0x00, 0x00, 0x00, 0x00, 0x07, 0x9C, 0x00, 0x03, 0xCF, 0x00, 0x01, 0xE7, 0x80, 0x00, 0xF3,
    0xC0, 0x00, 0x7F, 0xE0, 0x00, 0x3F, 0xF0, 0x00, 0x1F, 0x7F, 0x00, 0xFF, 0x3F, 0xFF, 0xFF, 0x8F,
    0xFF, 0xFF, 0x83, 0xFF, 0xFF, 0x00, 0x3F, 0xFC, 0x00, 0x00, 0x00, 0x00, 0x01, 0xDC, 0x00, 0x00,
    0xEE, 0x00, 0x00, 0x77, 0x00, 0x00, 0x1F, 0x00, 0x00, 0x07, 0x00, 0x00, 0x03, 0x80, 0x00, 0x01,
    0x80, 0x00, 0x70, 0x00, 0x00, 0x00, 0xF0, 0x00, 0x00, 0x01, 0xE0, 0x00, 0x0E, 0x03, 0xC0, 0x00,
    0x3E, 0x0F, 0x80, 0x00, 0xFC, 0x1F, 0x00, 0x03, 0xF8, 0x1F, 0xC0, 0xFF, 0xFF, 0x3F, 0xFF, 0xFF,
    0xFF, 0x3F, 0xFF, 0xFD, 0xFE, 0x3F, 0xFF, 0xE1, 0xFC, 0x0F, 0xFC, 0x00, 0x00, 0x00, 0x00, 0x00,
    0x00, 0x07, 0x60, 0x00, 0x00, 0x0F, 0xE0, 0x00, 0x00, 0x1D, 0xC0, 0x00, 0x00, 0x1F, 0x00, 0x00,
    0x00, 0x1C, 0x00, 0x00, 0x00, 0x38, 0x00, 0x00, 0x00, 0x60, 0x00, 0x00, 0x0E, 0x3E, 0x1E, 0x1E,
    0x1F, 0x1F, 0x0F, 0x1F, 0xFF, 0xFE, 0xFE, 0xF8, 0x00, 0x00, 0x6E, 0xFE, 0xFE, 0x7C, 0x38, 0x38,
    0x18, 0x0E, 0x00, 0x78, 0x07, 0xC0, 0x3E, 0x01, 0xF0, 0x7F, 0xFB, 0xFF, 0xDF, 0xFF, 0xF3, 0xF0,
    0x00, 0x00, 0x00, 0xEE, 0x07, 0xF0, 0x3B, 0x80, 0xF8, 0x03, 0x80, 0x1C, 0x00, 0x60, 0x00, 0x00,
    0x30, 0x00, 0x00, 0x18, 0x00, 0x00, 0x0F, 0xC0, 0x00, 0x07, 0xE0, 0x00, 0x03, 0xB0, 0x00, 0x03,
    0xF8, 0x00, 0x01, 0xF8, 0x00, 0x00, 0x00, 0x1E, 0x70, 0x00, 0x0F, 0x3C, 0x00, 0x07, 0x9E, 0x00,
    0x03, 0xCF, 0x00, 0x01, 0xFF, 0x80, 0x00, 0xFF, 0xC0, 0x00, 0x7D, 0xFC, 0x03, 0xFC, 0xFF, 0xFF,
    0xFE, 0x3F, 0xFF, 0xFE, 0x0F, 0xFF, 0xFC, 0x00, 0xFF, 0xF0, 0x00, 0x00, 0x38, 0x00, 0x00, 0x00,
    0x70, 0x00, 0x00, 0x00, 0xFC, 0x00, 0x00, 0x00, 0xFC, 0x00, 0x00, 0x03, 0xB8, 0x00, 0x00, 0x0F,
    0xF0, 0x00, 0x00, 0x1F, 0xC0, 0x00, 0x00, 0x00, 0x00, 0x00, 0x70, 0x00, 0x00, 0x00, 0xF0, 0x00,
    0x00, 0x01, 0xE0, 0x00, 0x0E, 0x03, 0xC0, 0x00, 0x3E, 0x0F, 0x80, 0x00, 0xFC, 0x1F, 0x00, 0x03,
    0xF8, 0x1F, 0xC0, 0xFF, 0xFF, 0x3F, 0xFF, 0xFF, 0xFF, 0x3F, 0xFF, 0xFD, 0xFE, 0x3F, 0xFF, 0xE1,
    0xFC, 0x0F, 0xFC, 0x00, 0x00, 0x60, 0x60, 0x7E, 0x7E, 0x77, 0xFE, 0xFC, 0x00, 0x00, 0x1C, 0x3C,
    0x3C, 0x3E, 0x3E, 0x1E, 0x1E, 0x1E, 0xFE, 0xFE, 0xFC, 0xF8, 0x00, 0x1C, 0x00, 0xE0, 0x07, 0xE0,
    0x3F, 0x81, 0xDC, 0x1F, 0xC0, 0xFE, 0x00, 0x00, 0x00, 0x00, 0x70, 0x03, 0xC0, 0x3E, 0x01, 0xF0,
    0x0F, 0x83, 0xFF, 0xDF, 0xFE, 0xFF, 0xFF, 0x9F, 0x80, 0x00, 0x7F, 0x00, 0x7F, 0xF0, 0x1F, 0xFF,
    0x8F, 0xFF, 0xE6, 0x3F, 0xF0, 0x07, 0xFC, 0x0F, 0xFC, 0x1F, 0xF0, 0x1F, 0xC0, 0x1F, 0x80, 0x1F,
    0x80, 0x0F, 0x92, 0x07, 0x9F, 0x87, 0x87, 0xC3, 0xC1, 0x81, 0xE0, 0xE0, 0xF8, 0x20, 0x7C, 0x00,
    0x1F, 0x80, 0xCF, 0xFF, 0xF3, 0xFF, 0xF8, 0xFF, 0xFC, 0x0F, 0xF8, 0x7F, 0x00, 0x07, 0xFF, 0x00,
    0x1F, 0xFF, 0x80, 0xFF, 0xFE, 0x06, 0x3F, 0xF0, 0x00, 0x7F, 0xC0, 0x0F, 0xFC, 0x01, 0xFF, 0xC0,
    0x1F, 0xCF, 0x01, 0xF8, 0x7F, 0x9F, 0x83, 0xFE, 0xF9, 0x2F, 0xF7, 0x9F, 0xBF, 0xF8, 0x7C, 0x03,
    0xC1, 0x80, 0x1E, 0x0E, 0x00, 0xF8, 0x20, 0x07, 0xC0, 0x00, 0x1F, 0x80, 0xC0, 0xFF, 0xFF, 0x03,
    0xFF, 0xF8, 0x0F, 0xFF, 0xC0, 0x0F, 0xF8, 0x00, 0x7F, 0x00, 0x7F, 0xC0, 0x7F, 0xF0, 0x7F, 0xFE,
    0x00, 0xFE, 0x00, 0x7E, 0x03, 0xFE, 0xFF, 0xF8, 0xFF, 0xE0, 0xFF, 0x80, 0xFE, 0x00, 0x00, 0x00,
    0x00, 0x00, 0x0E, 0xE0, 0x0E, 0xE0, 0x0E, 0xE0, 0x07, 0xC0, 0x03, 0x80, 0x03, 0x80, 0x03, 0x00,
    0x7F, 0x00, 0x0F, 0xF8, 0x01, 0xFF, 0xC0, 0x3F, 0xFF, 0x00, 0x0F, 0xE0, 0x00, 0xFC, 0x00, 0xFF,
    0x87, 0xFF, 0xFE, 0xFF, 0xFF, 0xFF, 0xF3, 0xFF, 0xF8, 0x3F, 0x00, 0x00, 0x00, 0x00, 0x00, 0x19,
    0x80, 0x07, 0xF8, 0x00, 0xFF, 0x00, 0x07, 0x80, 0x00, 0xF0, 0x00, 0x1E, 0x00, 0x01, 0x80, 0x00,
    0x18, 0x01, 0x80, 0x1F, 0x81, 0xF8, 0x1D, 0xC3, 0xF8, 0x3F, 0x00, 0x00, 0x00, 0x00, 0x18, 0x07,
    0x80, 0x7C, 0x03, 0xE0, 0x3E, 0x01, 0xF0, 0x1F, 0x00, 0xF0, 0x0F, 0x7F, 0xF7, 0xFF, 0x7F, 0xE7,
    0xFC, 0x06, 0x00, 0x18, 0x00, 0x0C, 0x00, 0x07, 0xE0, 0x03, 0xF0, 0x01, 0xDC, 0x01, 0xFC, 0x00,
    0xFC, 0x00, 0x00, 0x00, 0x00, 0x00, 0x00, 0xC0, 0x01, 0xE0, 0x00, 0xF8, 0x00, 0x3E, 0x00, 0x1F,
    0x00, 0x07, 0xC0, 0x03, 0xE0, 0x00, 0xF0, 0x00, 0x7C, 0x1F, 0xFF, 0xCF, 0xFF, 0xE7, 0xFF, 0xFB,
    0xFE, 0xF8, 0x18, 0x00, 0x00, 0x00, 0xF0, 0x1E, 0x03, 0xC0, 0xDC, 0x3F, 0xC7, 0xF8, 0x66, 0x00,
    0x00, 0x00, 0x04, 0x03, 0xC0, 0xF8, 0x0F, 0x81, 0xF0, 0x1E, 0x03, 0xC0, 0x78, 0x1F, 0x03, 0xE0,
    0xF8, 0x7F, 0x3F, 0xC7, 0xF0, 0x78, 0x0C, 0x00, 0x00, 0x00, 0x0E, 0x00, 0x1E, 0x00, 0x38, 0x01,
    0xDC, 0x03, 0xF8, 0x07, 0x70, 0x06, 0x40, 0x00, 0x00, 0x00, 0x00, 0x04, 0x00, 0x3C, 0x00, 0xF8,
    0x00, 0xF8, 0x01, 0xF0, 0x01, 0xE0, 0x03, 0xFC, 0x07, 0xF8, 0x1F, 0xF8, 0x3F, 0xE0, 0xF8, 0x07,
    0xF0, 0x3F, 0xC0, 0x7F, 0x00, 0xF8, 0x00, 0xC0, 0x00, 0x0E, 0x01, 0xC0, 0x3F, 0x07, 0xF0, 0xEE,
    0x3F, 0x87, 0xF0, 0x00, 0x00, 0x00, 0x00, 0x04, 0x03, 0xC0, 0xF8, 0x0F, 0x81, 0xF0, 0x1E, 0x03,
    0xC0, 0x78, 0x1F, 0x03, 0xE0, 0xF8, 0x7F, 0x3F, 0xC7, 0xF0, 0x78, 0x0C, 0x00, 0x0C, 0x00, 0x18,
    0x00, 0x3F, 0x00, 0x7E, 0x00, 0xEC, 0x03, 0xF8, 0x07, 0xE0, 0x00, 0x00, 0x00, 0x00, 0x00, 0x00,
    0x04, 0x00, 0x3C, 0x00, 0xF8, 0x00, 0xF8, 0x01, 0xF0, 0x01, 0xE0, 0x03, 0xFC, 0x07, 0xF8, 0x1F,
    0xF8, 0x3F, 0xE0, 0xF8, 0x07, 0xF0, 0x3F, 0xC0, 0x7F, 0x00, 0xF8, 0x00, 0xC0, 0x00, 0x00, 0x00,
    0x0C, 0x00, 0x00, 0x7C, 0x00, 0x03, 0xF8, 0x00, 0x1F, 0xF0, 0x00, 0x7F, 0x80, 0x01, 0xFC, 0x00,
    0x03, 0xE0, 0x00, 0x07, 0xE0, 0x70, 0x0F, 0xE0, 0xF0, 0x07, 0xE1, 0xE0, 0x07, 0xC3, 0xC0, 0x07,
    0xCF, 0x80, 0x07, 0x9F, 0x00, 0x0F, 0x1F, 0xC0, 0x7E, 0x3F, 0xFF, 0xFC, 0x3F, 0xFF, 0xF8, 0x3F,
    0xFF, 0xC0, 0x0F, 0xFC, 0x00, 0x00, 0x00, 0x0C, 0x00, 0x00, 0x0F, 0x00, 0x00, 0x0F, 0xE0, 0x00,
    0x0F, 0xF8, 0x00, 0x0F, 0xF8, 0x00, 0x03, 0xF8, 0x00, 0x01, 0xF8, 0x00, 0x00, 0x7E, 0x00, 0x70,
    0x0F, 0xC0, 0x1E, 0x01, 0xF8, 0x07, 0x80, 0x3F, 0x01, 0xE0, 0x07, 0xC0, 0xF8, 0x00, 0xF8, 0x3E,
    0x00, 0x1F, 0x07, 0xF0, 0x1F, 0xF9, 0xFF, 0xFF, 0xFF, 0x3F, 0xFF, 0xFF, 0xC7, 0xFF, 0xFB, 0xF0,
    0x3F, 0xF8, 0x00, 0x00, 0xE0, 0x3E, 0x0F, 0xF1, 0xFF, 0x7F, 0xCF, 0xE0, 0xF8, 0x0F, 0xC0, 0x7E,
    0x03, 0xF0, 0x1F, 0x80, 0xF8, 0x07, 0xC0, 0x7C, 0xFF, 0xCF, 0xFC, 0xFF, 0x8F, 0xF0, 0xE0, 0x00,
    0x00, 0x60, 0x07, 0xC0, 0x3F, 0xC0, 0xFF, 0x87, 0xFC, 0x1F, 0xC0, 0x3E, 0x00, 0x7E, 0x00, 0x7E,
    0x00, 0x7E, 0x00, 0x7E, 0x00, 0x7C, 0x00, 0x7C, 0x00, 0xFC, 0x3F, 0xFF, 0x7F, 0xFF, 0xFF, 0xFF,
    0xFE, 0xFF, 0x80, 0x00, 0x00, 0x00, 0x30, 0x00, 0x00, 0xF0, 0x00, 0x07, 0xE0, 0x00, 0x3F, 0x80,
    0x01, 0xFC, 0xC0, 0x03, 0xE7, 0xC0, 0x03, 0x3F, 0x80, 0x01, 0xFF, 0x00, 0x07, 0xF8, 0x00, 0x1F,
    0xC0, 0x00, 0x3E, 0x00, 0x00, 0x7E, 0x07, 0x00, 0xFE, 0x0F, 0x00, 0x7E, 0x1E, 0x00, 0x7C, 0x3C,
    0x00, 0x7C, 0xF8, 0x00, 0x79, 0xF0, 0x00, 0xF1, 0xFC, 0x07, 0xE3, 0xFF, 0xFF, 0xC3, 0xFF, 0xFF,
    0x83, 0xFF, 0xFC, 0x00, 0xFF, 0xC0, 0x00, 0x00, 0x00, 0x30, 0x00, 0x00, 0x3C, 0x00, 0x00, 0x3F,
    0x80, 0x00, 0x1F, 0x80, 0x00, 0x1F, 0x8C, 0x00, 0x07, 0x8F, 0x00, 0x01, 0xCF, 0xE0, 0x00, 0x0F,
    0xF8, 0x00, 0x0F, 0xF8, 0x00, 0x03, 0xF8, 0x00, 0x01, 0xF8, 0x00, 0x00, 0x7E, 0x00, 0x70, 0x0F,
    0xC0, 0x1E, 0x01, 0xF8, 0x07, 0x80, 0x3F, 0x01, 0xE0, 0x07, 0xC0, 0xF8, 0x00, 0xF8, 0x3E, 0x00,
    0x1F, 0x07, 0xF0, 0x1F, 0xF9, 0xFF, 0xFF, 0xFF, 0x3F, 0xFF, 0xFF, 0xC7, 0xFF, 0xFB, 0xF0, 0x3F,
    0xF8, 0x00, 0x00, 0xC0, 0x1E, 0x03, 0xF8, 0x7F, 0x07, 0xE7, 0x3C, 0xF9, 0x9F, 0xE1, 0xFF, 0x3F,
    0xE3, 0xF8, 0x1F, 0x00, 0xFC, 0x03, 0xF0, 0x0F, 0xC0, 0x3F, 0x00, 0xF8, 0x03, 0xE0, 0x1F, 0x1F,
    0xF8, 0xFF, 0xC7, 0xFC, 0x3F, 0xC1, 0xC0, 0x00, 0x00, 0xC0, 0x03, 0xC0, 0x0F, 0xE0, 0x3F, 0x80,
    0x7E, 0x30, 0x79, 0xF0, 0x67, 0xF8, 0x0F, 0xF8, 0x3F, 0xE0, 0x7F, 0x00, 0x7C, 0x00, 0x7E, 0x00,
    0x3F, 0x00, 0x1F, 0x80, 0x0F, 0xC0, 0x07, 0xC0, 0x03, 0xE0, 0x03, 0xF0, 0x7F, 0xFE, 0x7F, 0xFF,
    0x7F, 0xFF, 0x7F, 0xBF, 0x70, 0x00, 0x00, 0x00, 0x00, 0x01, 0xC0, 0x00, 0xF8, 0x00, 0x3E, 0x78,
    0x07, 0x9E, 0x01, 0xE7, 0x80, 0x7F, 0xE0, 0x1F, 0xF8, 0x07, 0xFE, 0x01, 0xEF, 0x80, 0x79, 0xF0,
    0x7E, 0x7F, 0xFF, 0x0F, 0xFF, 0x81, 0xFF, 0xC0, 0x1F, 0xC0, 0x00, 0x03, 0x00, 0x00, 0x1F, 0x00,
    0x00, 0x1E, 0x03, 0xC0, 0x3C, 0x07, 0x80, 0x7C, 0x0F, 0x00, 0xFF, 0x3E, 0x01, 0xFF, 0x7C, 0x03,
    0xFE, 0xF8, 0x07, 0xFD, 0xF0, 0x0F, 0x01, 0xF0, 0x7E, 0x03, 0xFF, 0xF8, 0x03, 0xFF, 0xF0, 0x03,
    0xFF, 0xC0, 0x01, 0xFE, 0x00, 0x00, 0x0C, 0x01, 0xC0, 0x7C, 0x1F, 0xC1, 0xFC, 0x7F, 0x9F, 0xFB,
    0xCF, 0xF9, 0xFF, 0x3F, 0xFF, 0xBF, 0xF7, 0xFC, 0x7F, 0x00, 0x00, 0x0F, 0xC0, 0x1F, 0xF0, 0x1F,
    0xF8, 0x0F, 0xFE, 0x0F, 0x8F, 0x07, 0x87, 0xC3, 0xC3, 0xFD, 0xE0, 0xFF, 0xF8, 0x3F, 0xB8, 0x0F,
    0xC0, 0x00, 0x00, 0x1C, 0x78, 0xF1, 0xF3, 0xE3, 0xC7, 0x8F, 0xFF, 0xFF, 0xF7, 0xC1, 0x07, 0x0E,
    0x3C, 0x38, 0x18, 0x00, 0x78, 0x03, 0xF0, 0x77, 0xE3, 0xFF, 0xCF, 0xFF, 0xBF, 0xC7, 0xFE, 0x0F,
    0xF0, 0x1F, 0xC0, 0x1F, 0x80, 0x3F, 0x00, 0x3E, 0x00, 0x30, 0x00, 0x00, 0xC0, 0x00, 0x3C, 0x00,
    0x0F, 0xC0, 0x01, 0xFC, 0x00, 0x3F, 0xE0, 0x0F, 0xFE, 0x01, 0xEF, 0xE0, 0x3D, 0xFE, 0x07, 0xBF,
    0xC0, 0xFF, 0x7D, 0xFF, 0xEF, 0xFF, 0xFF, 0xFF, 0xFF, 0xFD, 0xFF, 0xFF, 0x06, 0x03, 0x80, 0x00,
    0x78, 0x00, 0x1F, 0xC0, 0x01, 0xFE, 0x00, 0x3F, 0xE0, 0x07, 0xDE, 0x00, 0x79, 0xE0, 0x07, 0x9E,
    0x00, 0x7B, 0xC0, 0x7F, 0xFF, 0xCF, 0xFF, 0xFE, 0xFF, 0xFF, 0xEF, 0xFF, 0xFE, 0x0F, 0x8F, 0x00,
    0x7C, 0xF0, 0x07, 0xFF, 0x00, 0x3F, 0xF0, 0x01, 0xFE, 0x00, 0x07, 0xC0, 0x0C, 0x00, 0x0F, 0x00,
    0x1F, 0x80, 0x1F, 0xC0, 0x3F, 0xE0, 0x3F, 0xF8, 0x79, 0xFC, 0x79, 0xFC, 0x7F, 0xFE, 0x3F, 0xDE,
    0xFF, 0xDE, 0xFF, 0xFE, 0xFF, 0xFE, 0xFF, 0xFC, 0x00, 0x60, 0x03, 0xE0, 0x07, 0xF0, 0x03, 0xFC,
    0x03, 0xFE, 0x01, 0xEF, 0x01, 0xF7, 0x80, 0xF3, 0xC0, 0x7B, 0xE0, 0xFF, 0xFF, 0x7F, 0xFF, 0xBF,
    0xFF, 0xFF, 0xFF, 0xE3, 0xC7, 0xC1, 0xF3, 0xE0, 0xFF, 0xE0, 0x3F, 0xF0, 0x0F, 0xF0, 0x01, 0xF0,
    0x00, 0x01, 0xE0, 0x00, 0x07, 0xE0, 0x00, 0x1F, 0xE0, 0x00, 0x7F, 0xC0, 0x01, 0xF7, 0xC0, 0x07,
    0xC7, 0x80, 0x1F, 0x8E, 0x00, 0x3C, 0x00, 0x00, 0xF8, 0x00, 0x01, 0xFE, 0x00, 0xFD, 0xFF, 0xFF,
    0xFB, 0xFF, 0xFF, 0xF1, 0xFF, 0xFF, 0xE0, 0x7F, 0xFC, 0x00, 0x00, 0x7E, 0x03, 0xFF, 0x8F, 0xFF,
    0xCF, 0xFF, 0xEF, 0xFF, 0xC7, 0xC0, 0x03, 0xC0, 0x01, 0xFC, 0x1C, 0xFF, 0xFE, 0x3F, 0xFF, 0x0F,
    0xFF, 0x80, 0xFF, 0x80, 0x1E, 0x00, 0x00, 0x7C, 0x00, 0x00, 0xE0, 0x00, 0x01, 0xC0, 0x00, 0x01,
    0xF0, 0x00, 0x07, 0xE0, 0x00, 0x0E, 0x00, 0x00, 0x00, 0xF0, 0x00, 0x03, 0xF0, 0x00, 0x0F, 0xF0,
    0x00, 0x3F, 0xE0, 0x00, 0xFB, 0xE0, 0x03, 0xE3, 0xC0, 0x0F, 0xC7, 0x00, 0x1E, 0x00, 0x00, 0x7C,
    0x00, 0x00, 0xFF, 0x00, 0x7E, 0xFF, 0xFF, 0xFD, 0xFF, 0xFF, 0xF8, 0xFF, 0xFF, 0xF0, 0x3F, 0xFE,
    0x00, 0x1C, 0x00, 0x1E, 0x00, 0x0C, 0x00, 0x07, 0x40, 0x03, 0xE0, 0x03, 0xF0, 0x00, 0xE0, 0x00,
    0x00, 0xFC, 0x07, 0xFF, 0x1F, 0xFF, 0x9F, 0xFF, 0xDF, 0xFF, 0x8F, 0x80, 0x07, 0x80, 0x03, 0xF8,
    0x39, 0xFF, 0xFC, 0x7F, 0xFE, 0x1F, 0xFF, 0x01, 0xFF, 0x00, 0x00, 0x07, 0xF0, 0x00, 0x7F, 0x80,
    0x07, 0xFC, 0x00, 0x7F, 0xC0, 0x03, 0xC0, 0x00, 0x3E, 0x01, 0xE1, 0xE0, 0x0F, 0x0F, 0xC0, 0x78,
    0x3F, 0x87, 0xC0, 0xFF, 0x3E, 0x03, 0xF9, 0xF0, 0x03, 0xCF, 0x80, 0x3E, 0x3F, 0x07, 0xF1, 0xFF,
    0xFF, 0x07, 0xFF, 0xF0, 0x1F, 0xFF, 0x00, 0x3F, 0xC0, 0x00, 0x00, 0x00, 0x01, 0xE0, 0x00, 0x07,
    0x80, 0x70, 0x1E, 0x01, 0xFE, 0xF8, 0x0F, 0xFF, 0xE0, 0x3F, 0xFF, 0x80, 0x3F, 0xFE, 0x00, 0x7C,
    0x7E, 0x03, 0xE1, 0xFF, 0xFF, 0x83, 0xFF, 0xFC, 0x07, 0xFF, 0xE0, 0x07, 0xFC, 0x00, 0x0E, 0x3E,
    0x1E, 0x1E, 0x1F, 0x1F, 0x0F, 0x1F, 0xFF, 0xFE, 0xFE, 0xF8, 0x00, 0x00, 0xE7, 0xFF, 0xFF, 0xE7,
    0x0E, 0x00, 0x78, 0x07, 0xC0, 0x3E, 0x01, 0xF0, 0x7F, 0xFB, 0xFF, 0xDF, 0xFF, 0xF3, 0xF0, 0x00,
    0x00, 0x00, 0xE6, 0x07, 0xF8, 0x3F, 0xC1, 0xDC, 0x00, 0x1F, 0x87, 0xF0, 0xFE, 0x3F, 0xC7, 0x80,
    0xF0, 0x1F, 0x71, 0xFF, 0x7F, 0xFF, 0xFF, 0xFE, 0x3E, 0x04, 0x00, 0x00, 0x1F, 0xE7, 0xF9, 0xBE,
    0x00, 0x00, 0x01, 0xE0, 0x78, 0x1E, 0x07, 0x81, 0xE0, 0x78, 0x1F, 0x07, 0xC1, 0xF0, 0x7C, 0x1F,
    0x07, 0xC1, 0xF0, 0x7C, 0x0F, 0x03, 0xC0, 0xF0, 0x00, 0x07, 0xF8, 0x7F, 0xC6, 0x78, 0x00, 0x01,
    0xE0, 0x1E, 0x01, 0xE0, 0x1E, 0x01, 0xF0, 0x1F, 0x01, 0xF0, 0x1F, 0x01, 0xF0, 0x1F, 0x01, 0xF0,
    0x0F, 0x00, 0xF0, 0x0F, 0x00, 0xF0, 0x0F, 0xE0, 0xFF, 0x0F, 0xF0, 0x7F, 0x00, 0x00, 0x7B, 0xEE,
    0x3A, 0xFF, 0xFE, 0x00, 0x79, 0xE7, 0x9E, 0x79, 0xE7, 0xDF, 0x7D, 0xF7, 0xDF, 0x7D, 0xF3, 0xCF,
    0x3C, 0x78, 0x3E, 0x0E, 0x03, 0x80, 0x7C, 0x3F, 0x0E, 0x01, 0xE0, 0x78, 0x1E, 0x07, 0x81, 0xF0,
    0x7C, 0x1F, 0x07, 0xC1, 0xF0, 0x7C, 0x1F, 0x03, 0xC0, 0xF0, 0x3C, 0x0F, 0x03, 0xF8, 0xFF, 0x3F,
    0xC7, 0xF0, 0x00, 0x0F, 0x01, 0xF0, 0x1C, 0x01, 0xD0, 0x0F, 0x81, 0xF8, 0x1C, 0x00, 0x00, 0x0F,
    0x81, 0xFC, 0x3F, 0xE7, 0xFE, 0x79, 0xE7, 0x9F, 0x7F, 0xF7, 0xFF, 0x7F, 0xF3, 0xFE, 0x03, 0xE1,
    0xFE, 0xFF, 0xC7, 0xF8, 0x7E, 0x07, 0x80, 0x0F, 0x00, 0x1F, 0x00, 0x1C, 0x00, 0x1D, 0x00, 0x0F,
    0x80, 0x1F, 0x80, 0x1C, 0x00, 0x00, 0x00, 0x0F, 0x80, 0x1F, 0xC0, 0x3F, 0xE0, 0x7F, 0xE0, 0x79,
    0xE0, 0x79, 0xF0, 0x7F, 0xFC, 0x7F, 0xFE, 0x7F, 0xFE, 0x3F, 0xFE, 0x03, 0xF8, 0x1F, 0xE0, 0xFF,
    0xC0, 0x7F, 0x80, 0x7E, 0x00, 0x78, 0x00, 0xF3, 0xCF, 0x3C, 0xF3, 0xCF, 0xBE, 0xFB, 0xEF, 0xBE,
    0xFB, 0xEF, 0x9E, 0x79, 0xE7, 0x80, 0x7B, 0xEE, 0x38, 0x7F, 0xFE, 0x00, 0xF0, 0x78, 0x3C, 0x1E,
    0x0F, 0x87, 0xC3, 0xE1, 0xF0, 0xF8, 0x7C, 0x3E, 0x0F, 0x07, 0x83, 0xC1, 0xE0, 0xFE, 0x7F, 0xBF,
    0xCF, 0xE0, 0x03, 0x83, 0xC1, 0xC0, 0xE8, 0x7C, 0x3E, 0x1C, 0x00, 0x0E, 0x00, 0x00, 0xF0, 0x3F,
    0x8E, 0x03, 0xFC, 0x3A, 0x3F, 0xE1, 0xF3, 0xFE, 0x1F, 0x9E, 0x00, 0x61, 0xF0, 0x0F, 0x0F, 0x00,
    0x78, 0x7E, 0x03, 0xC1, 0xFC, 0x3E, 0x07, 0xF9, 0xF0, 0x1F, 0xCF, 0x80, 0x1E, 0x7C, 0x01, 0xF1,
    0xF8, 0x3F, 0x8F, 0xFF, 0xF8, 0x3F, 0xFF, 0x80, 0xFF, 0xF8, 0x01, 0xFE, 0x00, 0x0E, 0x00, 0x00,
    0x78, 0x00, 0x03, 0x80, 0x00, 0x07, 0x40, 0x00, 0x1F, 0x00, 0x00, 0xFC, 0x00, 0x01, 0x80, 0x00,
    0x1E, 0x00, 0x00, 0x78, 0x07, 0x01, 0xE0, 0x1F, 0xEF, 0x80, 0xFF, 0xFE, 0x03, 0xFF, 0xF8, 0x03,
    0xFF, 0xE0, 0x07, 0xC7, 0xE0, 0x3E, 0x1F, 0xFF, 0xF8, 0x3F, 0xFF, 0xC0, 0x7F, 0xFE, 0x00, 0x7F,
    0xC0, 0x00, 0x78, 0xF3, 0x83, 0xA7, 0xDF, 0x98, 0x00, 0x1C, 0x78, 0xF1, 0xF3, 0xE3, 0xC7, 0x8F,
    0xFF, 0xFF, 0xF7, 0xC0, 0x00, 0x1E, 0x03, 0xE0, 0x38, 0x03, 0xA0, 0x3F, 0x03, 0xF0, 0x38, 0x00,
    0x00, 0x1E, 0x01, 0xE0, 0x1E, 0x01, 0xE0, 0x3E, 0x0F, 0xFE, 0xFF, 0xFF, 0xFF, 0xF7, 0xF0, 0x00,
    0xF7, 0xBD, 0xEF, 0x7B, 0xFF, 0xFF, 0xFF, 0xFF, 0xFF, 0xEF, 0x7B, 0xDE, 0xF0, 0x78, 0x3C, 0x1E,
    0x0F, 0x87, 0xC3, 0xE1, 0xF0, 0xF8, 0x7C, 0x3E, 0x0F, 0x07, 0x83, 0xC1, 0xE0, 0xFE, 0x7F, 0xBF,
    0xCF, 0xE0, 0x00, 0x00, 0x00, 0x00, 0x00, 0x00, 0x07, 0x9C, 0x00, 0x03, 0xCF, 0x00, 0x01, 0xE7,
    0x80, 0x00, 0xF3, 0xC0, 0x00, 0x7F, 0xE0, 0x00, 0x3F, 0xF0, 0x00, 0x1F, 0x7F, 0x00, 0xFF, 0x3F,
    0xFF, 0xFF, 0x8F, 0xFF, 0xFF, 0x83, 0xFF, 0xFF, 0x00, 0x3F, 0xFC, 0x00, 0x00, 0x00, 0x00, 0x00,
    0x00, 0x00, 0x00, 0x38, 0x00, 0x00, 0x1E, 0x00, 0x00, 0x1F, 0x00, 0x00, 0x07, 0x00, 0x00, 0x70,
    0x00, 0x00, 0x00, 0xF0, 0x00, 0x00, 0x01, 0xE0, 0x00, 0x0E, 0x03, 0xC0, 0x00, 0x3E, 0x0F, 0x80,
    0x00, 0xFC, 0x1F, 0x00, 0x03, 0xF8, 0x1F, 0xC0, 0xFF, 0xFF, 0x3F, 0xFF, 0xFF, 0xFF, 0x3F, 0xFF,
    0xFD, 0xFE, 0x3F, 0xFF, 0xE1, 0xFC, 0x0F, 0xFC, 0x00, 0x00, 0x00, 0x00, 0x00, 0x00, 0x00, 0x00,
    0x00, 0x00, 0x03, 0x80, 0x00, 0x00, 0x0F, 0x00, 0x00, 0x00, 0x1E, 0x00, 0x00, 0x00, 0x1C, 0x00,
    0x00, 0x1C, 0x78, 0xF1, 0xF3, 0xE3, 0xC7, 0x8F, 0xFF, 0xFF, 0xF7, 0xC0, 0x00, 0x0C, 0x3C, 0x78,
    0x70, 0x1E, 0x01, 0xE0, 0x1E, 0x01, 0xE0, 0x3E, 0x0F, 0xFE, 0xFF, 0xFF, 0xFF, 0xF7, 0xF0, 0x00,
    0x00, 0x01, 0xC0, 0x3C, 0x03, 0xE0, 0x1C, 0x00, 0x00, 0x07, 0x79, 0xFF, 0x1D, 0xE1, 0x98, 0x00,
    0x03, 0x00, 0x70, 0x1F, 0x07, 0xF0, 0x7F, 0x1F, 0xE7, 0xFE, 0xF3, 0xFE, 0x7F, 0xCF, 0xFF, 0xEF,
    0xFD, 0xFF, 0x1F, 0xC0, 0x00, 0x00, 0x00, 0x1E, 0xE0, 0x1F, 0xE0, 0x1F, 0xE0, 0x0C, 0xC0, 0x00,
    0x00, 0x00, 0x00, 0x01, 0xE0, 0x01, 0xF0, 0x07, 0xF0, 0x1F, 0xF0, 0x3F, 0xF0, 0x7F, 0xF0, 0x7D,
    0xF0, 0xF8, 0xF0, 0xF8, 0xF0, 0xFF, 0xF0, 0x7F, 0xF0, 0x7F, 0xFE, 0x3F, 0xFF, 0x02, 0x7F, 0x00,
    0x3F, 0x00, 0x00, 0x00, 0x00, 0x00, 0x00, 0x3B, 0x80, 0x00, 0x3D, 0xE0, 0x00, 0x1E, 0xF0, 0x00,
    0x06, 0x30, 0xF3, 0x80, 0x00, 0x79, 0xE0, 0x00, 0x3C, 0xF0, 0x00, 0x1E, 0x78, 0x00, 0x0F, 0xFC,
    0x00, 0x07, 0xFE, 0x00, 0x03, 0xEF, 0xE0, 0x1F, 0xE7, 0xFF, 0xFF, 0xF1, 0xFF, 0xFF, 0xF0, 0x7F,
    0xFF, 0xE0, 0x07, 0xFF, 0x80, 0x00, 0x00, 0x00, 0x00, 0x00, 0xF7, 0x00, 0x00, 0x01, 0xFE, 0x00,
    0x00, 0x03, 0xFC, 0x00, 0x00, 0x03, 0x30, 0x00, 0x0E, 0x00, 0x00, 0x00, 0x1E, 0x00, 0x00, 0x00,
    0x3C, 0x00, 0x01, 0xC0, 0x78, 0x00, 0x07, 0xC1, 0xF0, 0x00, 0x1F, 0x83, 0xE0, 0x00, 0x7F, 0x03,
    0xF8, 0x1F, 0xFF, 0xE7, 0xFF, 0xFF, 0xFF, 0xE7, 0xFF, 0xFF, 0xBF, 0xC7, 0xFF, 0xFC, 0x3F, 0x81,
    0xFF, 0x80, 0x00, 0x00, 0x3B, 0xBD, 0xEE, 0xF6, 0x30, 0x00, 0x38, 0x3C, 0x1E, 0x0F, 0x87, 0xC1,
    0xE0, 0xF0, 0x79, 0xFC, 0xFE, 0x7E, 0x3E, 0x00, 0x00, 0x00, 0x01, 0xDE, 0x0F, 0xF0, 0x7F, 0x81,
    0x98, 0x00, 0x00, 0x38, 0x01, 0xE0, 0x1F, 0x00, 0xF8, 0x07, 0xC1, 0xFF, 0xEF, 0xFF, 0x7F, 0xFF,
    0xCF, 0xC0, 0x00, 0x00, 0x00, 0x00, 0x00, 0x0E, 0x00, 0x00, 0x07, 0x80, 0x00, 0x03, 0x80, 0x00,
    0x07, 0x70, 0x00, 0x03, 0xF8, 0x00, 0x01, 0xDC, 0x00, 0x00, 0x66, 0x1E, 0x70, 0x00, 0x0F, 0x3C,
    0x00, 0x07, 0x9E, 0x00, 0x03, 0xCF, 0x00, 0x01, 0xFF, 0x80, 0x00, 0xFF, 0xC0, 0x00, 0x7D, 0xFC,
    0x03, 0xFC, 0xFF, 0xFF, 0xFE, 0x3F, 0xFF, 0xFE, 0x0F, 0xFF, 0xFC, 0x00, 0xFF, 0xF0, 0x00, 0x00,
    0x00, 0x00, 0x00, 0x00, 0x1C, 0x00, 0x00, 0x00, 0x78, 0x00, 0x00, 0x00, 0x70, 0x00, 0x00, 0x03,
    0xB0, 0x00, 0x00, 0x0F, 0xF0, 0x00, 0x00, 0x1F, 0xE0, 0x00, 0x00, 0x19, 0x80, 0x00, 0x70, 0x00,
    0x00, 0x00, 0xF0, 0x00, 0x00, 0x01, 0xE0, 0x00, 0x0E, 0x03, 0xC0, 0x00, 0x3E, 0x0F, 0x80, 0x00,
    0xFC, 0x1F, 0x00, 0x03, 0xF8, 0x1F, 0xC0, 0xFF, 0xFF, 0x3F, 0xFF, 0xFF, 0xFF, 0x3F, 0xFF, 0xFD,
    0xFE, 0x3F, 0xFF, 0xE1, 0xFC, 0x0F, 0xFC, 0x00, 0x00, 0x00, 0x38, 0x3C, 0x38, 0xEE, 0xFF, 0xFE,
    0x66, 0x00, 0x1C, 0x3C, 0x3C, 0x3E, 0x3E, 0x1E, 0x1E, 0x1E, 0xFE, 0xFE, 0xFC, 0xF8, 0x00, 0x00,
    0x00, 0x78, 0x03, 0xC0, 0x1E, 0x01, 0xB8, 0x1F, 0xE0, 0xFF, 0x03, 0x30, 0x00, 0x00, 0x70, 0x03,
    0xC0, 0x3E, 0x01, 0xF0, 0x0F, 0x83, 0xFF, 0xDF, 0xFE, 0xFF, 0xFF, 0x9F, 0x80, 0x00, 0x7E, 0x00,
    0x7F, 0xE0, 0x1F, 0xFF, 0x8F, 0xFF, 0xE6, 0x3F, 0xF0, 0x07, 0xF8, 0x0F, 0xFC, 0x1F, 0xF0, 0x1F,
    0xC0, 0x1F, 0x80, 0x1F, 0x80, 0x0F, 0x80, 0x0F, 0x87, 0x07, 0x87, 0x83, 0xC3, 0xC1, 0xE0, 0xE0,
    0xF8, 0x00, 0x7C, 0x00, 0x1F, 0x81, 0xCF, 0xFF, 0xE3, 0xFF, 0xF8, 0xFF, 0xFC, 0x1F, 0xF0, 0x7E,
    0x00, 0x07, 0xFE, 0x00, 0x1F, 0xFF, 0x80, 0xFF, 0xFE, 0x06, 0x3F, 0xF0, 0x00, 0x7F, 0x80, 0x0F,
    0xFC, 0x01, 0xFF, 0xC0, 0x1F, 0xDE, 0x01, 0xF8, 0xFF, 0x9F, 0x83, 0xFE, 0xF8, 0x0F, 0xFF, 0x87,
    0x3F, 0x78, 0x78, 0x03, 0xC3, 0xC0, 0x1E, 0x0E, 0x00, 0xF8, 0x00, 0x07, 0xC0, 0x00, 0x1F, 0x81,
    0xC0, 0xFF, 0xFE, 0x03, 0xFF, 0xF8, 0x0F, 0xFF, 0xC0, 0x1F, 0xF0, 0x00, 0x7F, 0x00, 0x7F, 0xC0,
    0x7F, 0xF0, 0x7F, 0xFE, 0x00, 0xFE, 0x00, 0x7E, 0x03, 0xFE, 0xFF, 0xF8, 0xFF, 0xE0, 0xFF, 0x80,
    0xFE, 0x00, 0x00, 0x00, 0x00, 0x00, 0x03, 0x80, 0x07, 0xC0, 0x07, 0xC0, 0x03, 0x80, 0x7F, 0x00,
    0x0F, 0xF8, 0x01, 0xFF, 0xC0, 0x3F, 0xFF, 0x00, 0x0F, 0xE0, 0x00, 0xFC, 0x00, 0xFF, 0x87, 0xFF,
    0xFE, 0xFF, 0xFF, 0xFF, 0xF3, 0xFF, 0xF8, 0x3F, 0x00, 0x00, 0x00, 0x00, 0x00, 0x06, 0x00, 0x01,
    0xE0, 0x00, 0x3C, 0x00, 0x03, 0x80, 0x00, 0x7E, 0x00, 0x7F, 0xE0, 0x1F, 0xFF, 0x8F, 0xFF, 0xE6,
    0x3F, 0xF0, 0x07, 0xF8, 0x0F, 0xFC, 0x1F, 0xF0, 0x1F, 0xC0, 0x1F, 0x80, 0x1F, 0x80, 0x0F, 0x80,
    0x0F, 0x80, 0x07, 0x80, 0x03, 0xC0, 0x01, 0xE0, 0x00, 0xF8, 0x00, 0x7C, 0x00, 0x1F, 0x81, 0xCF,
    0xFF, 0xE3, 0xFF, 0xF8, 0xFF, 0xFC, 0x1F, 0xF0, 0x7E, 0x00, 0x07, 0xFE, 0x00, 0x1F, 0xFF, 0x80,
    0xFF, 0xFE, 0x06, 0x3F, 0xF0, 0x00, 0x7F, 0x80, 0x0F, 0xFC, 0x01, 0xFF, 0xC0, 0x1F, 0xDE, 0x01,
    0xF8, 0xFF, 0x9F, 0x83, 0xFE, 0xF8, 0x0F, 0xFF, 0x80, 0x3F, 0x78, 0x00, 0x03, 0xC0, 0x00, 0x1E,
    0x00, 0x00, 0xF8, 0x00, 0x07, 0xC0, 0x00, 0x1F, 0x81, 0xC0, 0xFF, 0xFE, 0x03, 0xFF, 0xF8, 0x0F,
    0xFF, 0xC0, 0x1F, 0xF0, 0x00, 0x7F, 0x00, 0x7F, 0xC0, 0x7F, 0xF0, 0x7F, 0xFE, 0x00, 0xFE, 0x00,
    0x7E, 0x03, 0xFE, 0xFF, 0xF8, 0xFF, 0xE0, 0xFF, 0x80, 0xFE, 0x00, 0x00, 0x00, 0x7F, 0x00, 0x0F,
    0xF8, 0x01, 0xFF, 0xC0, 0x3F, 0xFF, 0x00, 0x0F, 0xE0, 0x00, 0xFC, 0x00, 0xFF, 0x87, 0xFF, 0xFE,
    0xFF, 0xFF, 0xFF, 0xF3, 0xFF, 0xF8, 0x3F, 0x00, 0x00, 0x00, 0x01, 0x80, 0x01, 0xE0, 0x00, 0xF0,
    0x00, 0x78, 0x00, 0x18, 0x00, 0x00, 0x01, 0xF8, 0x01, 0xFF, 0x80, 0x7F, 0xFE, 0x3F, 0xFF, 0x98,
    0xFF, 0xC0, 0x1F, 0xE0, 0x3F, 0xF0, 0x7F, 0xC0, 0x7F, 0x00, 0x7E, 0x00, 0x7E, 0x00, 0x3E, 0x00,
    0x3E, 0x00, 0x1E, 0x00, 0x0F, 0x00, 0x07, 0x80, 0x03, 0xE0, 0x01, 0xF0, 0x00, 0x7E, 0x07, 0x3F,
    0xFF, 0x8F, 0xFF, 0xE3, 0xFF, 0xF0, 0x7F, 0xC0, 0x01, 0x80, 0x00, 0x1E, 0x00, 0x00, 0xF0, 0x00,
    0x07, 0x80, 0x00, 0x18, 0x00, 0x00, 0x00, 0x01, 0xF8, 0x00, 0x1F, 0xF8, 0x00, 0x7F, 0xFE, 0x03,
    0xFF, 0xF8, 0x18, 0xFF, 0xC0, 0x01, 0xFE, 0x00, 0x3F, 0xF0, 0x07, 0xFF, 0x00, 0x7F, 0x78, 0x07,
    0xE3, 0xFE, 0x7E, 0x0F, 0xFB, 0xE0, 0x3F, 0xFE, 0x00, 0xFD, 0xE0, 0x00, 0x0F, 0x00, 0x00, 0x78,
    0x00, 0x03, 0xE0, 0x00, 0x1F, 0x00, 0x00, 0x7E, 0x07, 0x03, 0xFF, 0xF8, 0x0F, 0xFF, 0xE0, 0x3F,
    0xFF, 0x00, 0x7F, 0xC0, 0x00, 0x08, 0x00, 0x3C, 0x00, 0x3E, 0x00, 0x3C, 0x00, 0x18, 0x00, 0x00,
    0x00, 0x00, 0x00, 0x7F, 0x00, 0x7F, 0xC0, 0x7F, 0xF0, 0x7F, 0xFE, 0x00, 0xFE, 0x00, 0x7E, 0x03,
    0xFE, 0xFF, 0xF8, 0xFF, 0xE0, 0xFF, 0x80, 0xFE, 0x00, 0x00, 0x00, 0x08, 0x00, 0x07, 0x80, 0x00,
    0xF0, 0x00, 0x1E, 0x00, 0x01, 0x80, 0x00, 0x00, 0x00, 0x00, 0x00, 0x03, 0xF8, 0x00, 0x7F, 0xC0,
    0x0F, 0xFE, 0x01, 0xFF, 0xF8, 0x00, 0x7F, 0x00, 0x07, 0xE0, 0x07, 0xFC, 0x3F, 0xFF, 0xF7, 0xFF,
    0xFF, 0xFF, 0x9F, 0xFF, 0xC1, 0xF8, 0x00, 0x00, 0x00, 0x01, 0x80, 0x78, 0x07, 0xC0, 0x3E, 0x03,
    0xE0, 0x1F, 0x01, 0xF0, 0x0F, 0x00, 0xF7, 0xFF, 0x7F, 0xF7, 0xFE, 0x7F, 0xC0, 0x60, 0x01, 0x80,
    0x03, 0xC0, 0x01, 0xF0, 0x00, 0x7C, 0x00, 0x3E, 0x00, 0x0F, 0x80, 0x07, 0xC0, 0x01, 0xE0, 0x00,
    0xF8, 0x3F, 0xFF, 0x9F, 0xFF, 0xCF, 0xFF, 0xF7, 0xFD, 0xF0, 0x30, 0x00, 0x04, 0x00, 0xE0, 0x1F,
    0x00, 0xF0, 0x06, 0x00, 0x00, 0x01, 0x80, 0x78, 0x07, 0xC0, 0x3E, 0x03, 0xE0, 0x1F, 0x01, 0xF0,
    0x0F, 0x00, 0xF7, 0xFF, 0x7F, 0xF7, 0xFE, 0x7F, 0xC0, 0x60, 0x04, 0x00, 0x07, 0x00, 0x07, 0xC0,
    0x01, 0xE0, 0x00, 0x60, 0x00, 0x00, 0x00, 0x06, 0x00, 0x0F, 0x00, 0x07, 0xC0, 0x01, 0xF0, 0x00,
    0xF8, 0x00, 0x3E, 0x00, 0x1F, 0x00, 0x07, 0x80, 0x03, 0xE0, 0xFF, 0xFE, 0x7F, 0xFF, 0x3F, 0xFF,
    0xDF, 0xF7, 0xC0, 0xC0, 0x00, 0x01, 0x01, 0xE0, 0xF8, 0x1F, 0x07, 0xC0, 0xF0, 0x3C, 0x0F, 0x07,
    0xC1, 0xF0, 0xF8, 0xFE, 0xFF, 0x3F, 0x87, 0x81, 0x80, 0x01, 0x00, 0x0F, 0x00, 0x3E, 0x00, 0x3E,
    0x00, 0x7C, 0x00, 0x78, 0x00, 0xFF, 0x01, 0xFE, 0x07, 0xFE, 0x0F, 0xF8, 0x3E, 0x01, 0xFC, 0x0F,
    0xF0, 0x1F, 0xC0, 0x3E, 0x00, 0x30, 0x00, 0x03, 0x01, 0xE0, 0x78, 0x1E, 0x03, 0x00, 0x00, 0x00,
    0x04, 0x07, 0x83, 0xE0, 0x7C, 0x1F, 0x03, 0xC0, 0xF0, 0x3C, 0x1F, 0x07, 0xC3, 0xE3, 0xFB, 0xFC,
    0xFE, 0x1E, 0x06, 0x00, 0x02, 0x00, 0x0E, 0x00, 0x3E, 0x00, 0x38, 0x00, 0x70, 0x00, 0x00, 0x00,
    0x00, 0x00, 0x80, 0x07, 0x80, 0x1F, 0x00, 0x1F, 0x00, 0x3E, 0x00, 0x3C, 0x00, 0x7F, 0x80, 0xFF,
    0x03, 0xFF, 0x07, 0xFC, 0x1F, 0x00, 0xFE, 0x07, 0xF8, 0x0F, 0xE0, 0x1F, 0x00, 0x18, 0x00, 0x00,
    0x00, 0x00, 0x00, 0x07, 0x00, 0x00, 0x00, 0x07, 0x80, 0x00, 0x00, 0x03, 0xE0, 0x00, 0x60, 0x61,
    0xF0, 0x00, 0xF8, 0x3C, 0x78, 0x00, 0x3C, 0x3E, 0x3D, 0xE0, 0x1E, 0x1E, 0x1E, 0xF0, 0x0F, 0x8F,
    0x0F, 0x78, 0x07, 0xFF, 0xFF, 0xFC, 0x03, 0xFF, 0xFF, 0xFE, 0x01, 0xFF, 0xFF, 0xDF, 0x00, 0xFF,
    0xDF, 0xCF, 0x80, 0x78, 0x00, 0x03, 0xE0, 0xFC, 0x00, 0x01, 0xFF, 0xFC, 0x00, 0x00, 0x7F, 0xFE,
    0x00, 0x00, 0x1F, 0xFE, 0x00, 0x00, 0x03, 0xFC, 0x00, 0x00, 0x00, 0x00, 0x00, 0x00, 0x01, 0x00,
    0x00, 0x00, 0x00, 0x1E, 0x00, 0x00, 0x30, 0x30, 0x78, 0x00, 0x03, 0xE0, 0xF1, 0xE0, 0x00, 0x07,
    0x87, 0xC7, 0x81, 0xE0, 0x1E, 0x1E, 0x1E, 0x07, 0x80, 0x7C, 0x78, 0x7C, 0x1E, 0x01, 0xFF, 0xFF,
    0xFE, 0xF8, 0x07, 0xFF, 0xFF, 0xFF, 0xE0, 0x1F, 0xFF, 0xFF, 0xFF, 0x80, 0x7F, 0xEF, 0xEF, 0xFE,
    0x01, 0xE0, 0x00, 0x00, 0x7C, 0x1F, 0x80, 0x00, 0x01, 0xFF, 0xFC, 0x00, 0x00, 0x03, 0xFF, 0xF0,
    0x00, 0x00, 0x07, 0xFF, 0x80, 0x00, 0x00, 0x07, 0xF8, 0x00, 0x00, 0x00, 0x00, 0x00, 0x1C, 0x00,
    0x00, 0xF8, 0x00, 0x00, 0xF0, 0x40, 0xE1, 0xE1, 0xE1, 0xE3, 0xE3, 0xC3, 0xC7, 0xC7, 0x87, 0x87,
    0x9F, 0x1F, 0x0F, 0xFF, 0xFF, 0xFF, 0xFF, 0xFF, 0xFB, 0xFF, 0xFF, 0xF7, 0xBF, 0xBF, 0xC0, 0x00,
    0x00, 0x00, 0x00, 0x00, 0x0C, 0x00, 0x00, 0x03, 0xC0, 0x08, 0x1C, 0x3C, 0x01, 0xE1, 0xE1, 0xE0,
    0x1E, 0x1E, 0x1E, 0x01, 0xE1, 0xE1, 0xE0, 0x3E, 0x3E, 0x3E, 0x0F, 0xFF, 0xFF, 0xFE, 0xFF, 0xFF,
    0xFF, 0xFF, 0xFF, 0xFF, 0xFF, 0xF7, 0xF7, 0xF3, 0xE0, 0x00, 0x00, 0x00, 0x00, 0x00, 0x00, 0x00,
    0x00, 0x00, 0x03, 0x80, 0x00, 0x00, 0x03, 0xC0, 0x00, 0x00, 0x00, 0xE0, 0x00, 0x00, 0x01, 0xD8,
    0x00, 0x00, 0x01, 0xFE, 0x00, 0x00, 0x00, 0xFF, 0x00, 0x00, 0x00, 0x33, 0x0E, 0x00, 0x00, 0x00,
    0x0F, 0x00, 0x00, 0x00, 0x07, 0xC0, 0x00, 0xC0, 0xC3, 0xE0, 0x01, 0xF0, 0x78, 0xF0, 0x00, 0x78,
    0x7C, 0x7B, 0xC0, 0x3C, 0x3C, 0x3D, 0xE0, 0x1F, 0x1E, 0x1E, 0xF0, 0x0F, 0xFF, 0xFF, 0xF8, 0x07,
    0xFF, 0xFF, 0xFC, 0x03, 0xFF, 0xFF, 0xBE, 0x01, 0xFF, 0xBF, 0x9F, 0x00, 0xF0, 0x00, 0x07, 0xC1,
    0xF8, 0x00, 0x03, 0xFF, 0xF8, 0x00, 0x00, 0xFF, 0xFC, 0x00, 0x00, 0x3F, 0xFC, 0x00, 0x00, 0x07,
    0xF8, 0x00, 0x00, 0x00, 0x00, 0x00, 0x00, 0x00, 0x00, 0x00, 0x00, 0x1C, 0x00, 0x00, 0x00, 0x00,
    0xF0, 0x00, 0x00, 0x00, 0x01, 0xC0, 0x00, 0x00, 0x00, 0x1D, 0x80, 0x00, 0x00, 0x00, 0xFF, 0x00,
    0x00, 0x00, 0x03, 0xFC, 0x00, 0x00, 0x00, 0x06, 0x60, 0x00, 0x00, 0x00, 0x00, 0x01, 0x00, 0x00,
    0x00, 0x00, 0x1E, 0x00, 0x00, 0x30, 0x30, 0x78, 0x00, 0x03, 0xE0, 0xF1, 0xE0, 0x00, 0x07, 0x87,
    0xC7, 0x81, 0xE0, 0x1E, 0x1E, 0x1E, 0x07, 0x80, 0x7C, 0x78, 0x7C, 0x1E, 0x01, 0xFF, 0xFF, 0xFE,
    0xF8, 0x07, 0xFF, 0xFF, 0xFF, 0xE0, 0x1F, 0xFF, 0xFF, 0xFF, 0x80, 0x7F, 0xEF, 0xEF, 0xFE, 0x01,
    0xE0, 0x00, 0x00, 0x7C, 0x1F, 0x80, 0x00, 0x01, 0xFF, 0xFC, 0x00, 0x00, 0x03, 0xFF, 0xF0, 0x00,
    0x00, 0x07, 0xFF, 0x80, 0x00, 0x00, 0x07, 0xF8, 0x00, 0x00, 0x00, 0x00, 0x00, 0x00, 0x00, 0x3C,
    0x00, 0x00, 0x78, 0x00, 0x00, 0xF0, 0x00, 0x03, 0xF0, 0x00, 0x0F, 0xF0, 0x00, 0x1F, 0xE0, 0x00,
    0x19, 0x8E, 0x00, 0x00, 0x7C, 0x00, 0x00, 0x78, 0x20, 0x70, 0xF0, 0xF0, 0xF1, 0xF1, 0xE1, 0xE3,
    0xE3, 0xC3, 0xC3, 0xCF, 0x8F, 0x87, 0xFF, 0xFF, 0xFF, 0xFF, 0xFF, 0xFD, 0xFF, 0xFF, 0xFB, 0xDF,
    0xDF, 0xE0, 0x00, 0x00, 0x00, 0x00, 0x00, 0x00, 0x00, 0x01, 0xC0, 0x00, 0x00, 0x1E, 0x00, 0x00,
    0x01, 0xC0, 0x00, 0x00, 0x77, 0x00, 0x00, 0x07, 0xF8, 0x00, 0x00, 0x7F, 0x00, 0x00, 0x03, 0x30,
    0x00, 0x00, 0x00, 0x0C, 0x00, 0x00, 0x03, 0xC0, 0x08, 0x1C, 0x3C, 0x01, 0xE1, 0xE1, 0xE0, 0x1E,
    0x1E, 0x1E, 0x01, 0xE1, 0xE1, 0xE0, 0x3E, 0x3E, 0x3E, 0x0F, 0xFF, 0xFF, 0xFE, 0xFF, 0xFF, 0xFF,
    0xFF, 0xFF, 0xFF, 0xFF, 0xF7, 0xF7, 0xF3, 0xE0, 0x00, 0x00, 0x00, 0x00, 0x00, 0x00, 0x3F, 0x80,
    0x00, 0x00, 0x1F, 0xF8, 0x00, 0x0C, 0x07, 0xFF, 0x00, 0x07, 0xC1, 0xFF, 0xF0, 0x00, 0xF8, 0x7E,
    0x3E, 0xF0, 0x0F, 0x1F, 0x03, 0xDE, 0x01, 0xF7, 0xC0, 0xFB, 0xC0, 0x3F, 0xFF, 0xFE, 0xF8, 0x07,
    0xFF, 0xFF, 0xDF, 0x00, 0xFF, 0xFF, 0xF3, 0xE0, 0x1F, 0xFF, 0xF8, 0x7C, 0x03, 0xC3, 0xF8, 0x07,
    0xC1, 0xF8, 0x00, 0x00, 0xFF, 0xFE, 0x00, 0x00, 0x0F, 0xFF, 0xC0, 0x00, 0x00, 0xFF, 0xF0, 0x00,
    0x00, 0x07, 0xF8, 0x00, 0x00, 0x00, 0x00, 0x00, 0x00, 0x3F, 0x80, 0x00, 0x00, 0x01, 0xFF, 0x80,
    0x00, 0x0C, 0x07, 0xFF, 0x00, 0x00, 0x7C, 0x1F, 0xFF, 0x00, 0x00, 0xF8, 0x7E, 0x3E, 0x0F, 0x00,
    0xF1, 0xF0, 0x3C, 0x1E, 0x01, 0xF7, 0xC0, 0xF8, 0x3C, 0x03, 0xFF, 0xFF, 0xFC, 0xF8, 0x07, 0xFF,
    0xFF, 0xFD, 0xF0, 0x0F, 0xFF, 0xFF, 0xFB, 0xE0, 0x1F, 0xFF, 0xFF, 0xF7, 0xC0, 0x3C, 0x3F, 0x80,
    0x07, 0xC1, 0xF8, 0x00, 0x00, 0x0F, 0xFF, 0xE0, 0x00, 0x00, 0x0F, 0xFF, 0xC0, 0x00, 0x00, 0x0F,
    0xFF, 0x00, 0x00, 0x00, 0x07, 0xF8, 0x00, 0x00, 0x00, 0x00, 0x01, 0xF8, 0x00, 0x07, 0xFC, 0x10,
    0x0F, 0xFE, 0x1E, 0x1F, 0xFF, 0x1E, 0x3F, 0x1F, 0x3C, 0x7C, 0x1F, 0x3C, 0xF8, 0x1F, 0xFF, 0xF1,
    0xFE, 0xFF, 0xFF, 0xFE, 0xFF, 0xFF, 0xFC, 0xF7, 0xFF, 0xF0, 0x00, 0xFF, 0x80, 0x00, 0x01, 0xF8,
    0x00, 0x00, 0x7F, 0xC0, 0x10, 0x0F, 0xFE, 0x01, 0xE1, 0xFF, 0xF0, 0x1E, 0x3F, 0x1F, 0x03, 0xC7,
    0xC1, 0xF0, 0x3C, 0xF8, 0x1F, 0x0F, 0xFF, 0x1F, 0xFC, 0xFF, 0xFF, 0xFF, 0xEF, 0xFF, 0xFF, 0xFE,
    0xF7, 0xFF, 0xFF, 0xE0, 0x0F, 0xF8, 0x00, 0x00, 0x00, 0x00, 0x08, 0x00, 0x00, 0x00, 0x07, 0x80,
    0x00, 0x00, 0x00, 0xF8, 0x00, 0x00, 0x00, 0x1E, 0x00, 0x00, 0x00, 0x01, 0x80, 0x00, 0x00, 0x00,
    0x00, 0x00, 0x00, 0x00, 0x00, 0x00, 0x00, 0x00, 0x01, 0xFC, 0x00, 0x00, 0x00, 0xFF, 0xC0, 0x00,
    0x60, 0x3F, 0xF8, 0x00, 0x3E, 0x0F, 0xFF, 0x80, 0x07, 0xC3, 0xF1, 0xF7, 0x80, 0x78, 0xF8, 0x1E,
    0xF0, 0x0F, 0xBE, 0x07, 0xDE, 0x01, 0xFF, 0xFF, 0xF7, 0xC0, 0x3F, 0xFF, 0xFE, 0xF8, 0x07, 0xFF,
    0xFF, 0x9F, 0x00, 0xFF, 0xFF, 0xC3, 0xE0, 0x1E, 0x1F, 0xC0, 0x3E, 0x0F, 0xC0, 0x00, 0x07, 0xFF,
    0xF0, 0x00, 0x00, 0x7F, 0xFE, 0x00, 0x00, 0x07, 0xFF, 0x80, 0x00, 0x00, 0x3F, 0xC0, 0x00, 0x00,
    0x00, 0x00, 0x00, 0x08, 0x00, 0x00, 0x00, 0x00, 0x78, 0x00, 0x00, 0x00, 0x00, 0xF8, 0x00, 0x00,
    0x00, 0x01, 0xE0, 0x00, 0x00, 0x00, 0x01, 0x80, 0x00, 0x00, 0x00, 0x00, 0x00, 0x00, 0x00, 0x00,
    0x00, 0x00, 0x00, 0x00, 0x00, 0x1F, 0xC0, 0x00, 0x00, 0x00, 0xFF, 0xC0, 0x00, 0x06, 0x03, 0xFF,
    0x80, 0x00, 0x3E, 0x0F, 0xFF, 0x80, 0x00, 0x7C, 0x3F, 0x1F, 0x07, 0x80, 0x78, 0xF8, 0x1E, 0x0F,
    0x00, 0xFB, 0xE0, 0x7C, 0x1E, 0x01, 0xFF, 0xFF, 0xFE, 0x7C, 0x03, 0xFF, 0xFF, 0xFE, 0xF8, 0x07,
    0xFF, 0xFF, 0xFD, 0xF0, 0x0F, 0xFF, 0xFF, 0xFB, 0xE0, 0x1E, 0x1F, 0xC0, 0x03, 0xE0, 0xFC, 0x00,
    0x00, 0x07, 0xFF, 0xF0, 0x00, 0x00, 0x07, 0xFF, 0xE0, 0x00, 0x00, 0x07, 0xFF, 0x80, 0x00, 0x00,
    0x03, 0xFC, 0x00, 0x00, 0x00, 0x00, 0x00, 0x40, 0x00, 0x01, 0xE0, 0x00, 0x01, 0xF0, 0x00, 0x01,
    0xE0, 0x00, 0x00, 0xC0, 0x00, 0x00, 0x00, 0x00, 0x00, 0x00, 0x00, 0x01, 0xF8, 0x00, 0x07, 0xFC,
    0x10, 0x0F, 0xFE, 0x1E, 0x1F, 0xFF, 0x1E, 0x3F, 0x1F, 0x3C, 0x7C, 0x1F, 0x3C, 0xF8, 0x1F, 0xFF,
    0xF1, 0xFE, 0xFF, 0xFF, 0xFE, 0xFF, 0xFF, 0xFC, 0xF7, 0xFF, 0xF0, 0x00, 0xFF, 0x80, 0x00, 0x00,
    0x40, 0x00, 0x00, 0x1E, 0x00, 0x00, 0x01, 0xF0, 0x00, 0x00, 0x1E, 0x00, 0x00, 0x00, 0xC0, 0x00,
    0x00, 0x00, 0x00, 0x00, 0x00, 0x00, 0x00, 0x00, 0x1F, 0x80, 0x00, 0x07, 0xFC, 0x01, 0x00, 0xFF,
    0xE0, 0x1E, 0x1F, 0xFF, 0x01, 0xE3, 0xF1, 0xF0, 0x3C, 0x7C, 0x1F, 0x03, 0xCF, 0x81, 0xF0, 0xFF,
    0xF1, 0xFF, 0xCF, 0xFF, 0xFF, 0xFE, 0xFF, 0xFF, 0xFF, 0xEF, 0x7F, 0xFF, 0xFE, 0x00, 0xFF, 0x80,
    0x00, 0x07, 0x00, 0x00, 0x7C, 0x00, 0x03, 0xE0, 0x00, 0x0F, 0x00, 0x00, 0x78, 0x00, 0x03, 0xC0,
    0x00, 0x1E, 0x00, 0x00, 0xF0, 0x00, 0x07, 0x9F, 0xC0, 0x3D, 0xFF, 0x01, 0xFF, 0xFC, 0x0F, 0xFF,
    0xE0, 0x7F, 0x0F, 0x03, 0xF0, 0x78, 0x1F, 0x03, 0xCF, 0xFF, 0xFE, 0xFF, 0xFF, 0xE7, 0xFF, 0xFE,
    0x3F, 0xFF, 0xE0, 0x3F, 0xF0, 0x00, 0x07, 0x00, 0x00, 0x0F, 0x80, 0x00, 0x0F, 0x80, 0x00, 0x07,
    0x80, 0x00, 0x07, 0x80, 0x00, 0x07, 0x80, 0x00, 0x07, 0x80, 0x00, 0x07, 0x80, 0x00, 0x07, 0x9F,
    0xC0, 0x07, 0xBF, 0xE0, 0x07, 0xFF, 0xF0, 0x07, 0xFF, 0xF0, 0x07, 0xF0, 0xF0, 0x07, 0xE0, 0xF0,
    0x07, 0xC0, 0xF0, 0x7F, 0xFF, 0xFE, 0xFF, 0xFF, 0xFF, 0xFF, 0xFF, 0xFF, 0xFF, 0xFF, 0xFF, 0x1F,
    0xF8, 0x00, 0x3C, 0x00, 0x0F, 0x00, 0x03, 0xC0, 0x00, 0xF0, 0x00, 0x3C, 0x00, 0x0F, 0x00, 0x03,
    0xC0, 0x00, 0xF0, 0x60, 0x3C, 0xFF, 0x0F, 0x7F, 0xE3, 0xFF, 0xF8, 0xFF, 0xFF, 0x3F, 0x87, 0xCF,
    0xC1, 0xF3, 0xE0, 0xFF, 0xFF, 0xFE, 0xFF, 0xFF, 0xBF, 0xFF, 0x8F, 0xFF, 0x83, 0xF0, 0x00, 0x3C,
    0x00, 0x00, 0xF0, 0x00, 0x03, 0xC0, 0x00, 0x0F, 0x00, 0x00, 0x3C, 0x00, 0x00, 0xF0, 0x00, 0x03,
    0xC0, 0x00, 0x0F, 0x06, 0x00, 0x3C, 0xFF, 0x00, 0xF7, 0xFE, 0x03, 0xFF, 0xF8, 0x0F, 0xFF, 0xF0,
    0x3F, 0x87, 0xC0, 0xFC, 0x1F, 0x03, 0xE0, 0xFC, 0x3F, 0xFF, 0xFC, 0xFF, 0xFF, 0xFB, 0xFF, 0xFF,
    0xEF, 0xFF, 0xBF, 0xBF, 0x00, 0x00, 0x07, 0x00, 0x00, 0x7C, 0x18, 0x03, 0xE1, 0xE0, 0x0F, 0x0F,
    0x00, 0x78, 0x78, 0x03, 0xC1, 0x80, 0x1E, 0x00, 0x00, 0xF0, 0x00, 0x07, 0x9F, 0xC0, 0x3D, 0xFF,
    0x01, 0xFF, 0xFC, 0x0F, 0xFF, 0xE0, 0x7F, 0x0F, 0x03, 0xF0, 0x78, 0x1F, 0x03, 0xCF, 0xFF, 0xFE,
    0xFF, 0xFF, 0xE7, 0xFF, 0xFE, 0x3F, 0xFF, 0xE0, 0x3F, 0xF0, 0x00, 0x07, 0x00, 0x00, 0x0F, 0x82,
    0x00, 0x0F, 0x8F, 0x00, 0x07, 0x8F, 0x80, 0x07, 0x8F, 0x00, 0x07, 0x86, 0x00, 0x07, 0x80, 0x00,
    0x07, 0x80, 0x00, 0x07, 0x9F, 0xC0, 0x07, 0xBF, 0xE0, 0x07, 0xFF, 0xF0, 0x07, 0xFF, 0xF0, 0x07,
    0xF0, 0xF0, 0x07, 0xE0, 0xF0, 0x07, 0xC0, 0xF0, 0x7F, 0xFF, 0xFE, 0xFF, 0xFF, 0xFF, 0xFF, 0xFF,
    0xFF, 0xFF, 0xFF, 0xFF, 0x1F, 0xF8, 0x00, 0x3C, 0x00, 0x0F, 0x04, 0x03, 0xC3, 0x80, 0xF1, 0xF0,
    0x3C, 0x78, 0x0F, 0x0C, 0x03, 0xC0, 0x00, 0xF0, 0x60, 0x3C, 0xFF, 0x0F, 0x7F, 0xE3, 0xFF, 0xF8,
    0xFF, 0xFF, 0x3F, 0x87, 0xCF, 0xC1, 0xF3, 0xE0, 0xFF, 0xFF, 0xFE, 0xFF, 0xFF, 0xBF, 0xFF, 0x8F,
    0xFF, 0x83, 0xF0, 0x00, 0x3C, 0x00, 0x00, 0xF0, 0x40, 0x03, 0xC3, 0x80, 0x0F, 0x1F, 0x00, 0x3C,
    0x78, 0x00, 0xF0, 0xC0, 0x03, 0xC0, 0x00, 0x0F, 0x06, 0x00, 0x3C, 0xFF, 0x00, 0xF7, 0xFE, 0x03,
    0xFF, 0xF8, 0x0F, 0xFF, 0xF0, 0x3F, 0x87, 0xC0, 0xFC, 0x1F, 0x03, 0xE0, 0xFC, 0x3F, 0xFF, 0xFC,
    0xFF, 0xFF, 0xFB, 0xFF, 0xFF, 0xEF, 0xFF, 0xBF, 0xBF, 0x00, 0x00, 0x0F, 0xC0, 0x1F, 0xE0, 0x1F,
    0xF0, 0x0F, 0xF8, 0x07, 0x80, 0x03, 0xC0, 0x01, 0xE0, 0xC0, 0xFF, 0xE0, 0x3F, 0xF8, 0x0F, 0xFC,
    0x0F, 0xF8, 0x07, 0xE0, 0x07, 0xC0, 0x03, 0xC0, 0x03, 0xE0, 0x01, 0xE0, 0x00, 0xF0, 0x00, 0x78,
    0x00, 0x3E, 0x00, 0x0F, 0xC0, 0xE7, 0xFF, 0xF1, 0xFF, 0xF8, 0x7F, 0xFC, 0x0F, 0xF8, 0x07, 0xE0,
    0x0F, 0xF8, 0x0F, 0xFE, 0x07, 0xFF, 0x03, 0xC7, 0x81, 0xF3, 0xC0, 0x7F, 0xE0, 0x1F, 0xE0, 0x07,
    0xFF, 0x07, 0xFF, 0x8F, 0xFF, 0xEF, 0xFF, 0xE7, 0xC0, 0x07, 0xC0, 0x03, 0xC0, 0x01, 0xE0, 0x00,
    0xF0, 0x00, 0x7E, 0x0E, 0x3F, 0xFF, 0x0F, 0xFF, 0xC3, 0xFF, 0xE0, 0x7F, 0x80, 0x03, 0xC0, 0x7F,
    0x07, 0xF8, 0x7F, 0xC3, 0xE4, 0x1E, 0x00, 0xF0, 0x07, 0x86, 0x3F, 0xFF, 0xFF, 0xFF, 0xFF, 0xFF,
    0xEF, 0xF8, 0x00, 0x00, 0x03, 0xF0, 0x07, 0xFC, 0x07, 0xFF, 0x07, 0xFF, 0x83, 0xE3, 0xC1, 0xFB,
    0xE0, 0x7F, 0xE0, 0x1F, 0xF0, 0x7F, 0xFF, 0x3F, 0xFF, 0xDF, 0xFF, 0xEF, 0xCF, 0xF0, 0x00, 0x00,
    0x03, 0x00, 0x03, 0xC0, 0x01, 0xE0, 0x00, 0xF0, 0x00, 0x30, 0x00, 0x00, 0x00, 0x00, 0x00, 0x1F,
    0x80, 0x3F, 0xC0, 0x3F, 0xE0, 0x1F, 0xF0, 0x0F, 0x00, 0x07, 0x80, 0x03, 0xC1, 0x81, 0xFF, 0xC0,
    0x7F, 0xF0, 0x1F, 0xF8, 0x1F, 0xF0, 0x0F, 0xC0, 0x0F, 0x80, 0x07, 0x80, 0x07, 0xC0, 0x03, 0xC0,
    0x01, 0xE0, 0x00, 0xF0, 0x00, 0x7C, 0x00, 0x1F, 0x81, 0xCF, 0xFF, 0xE3, 0xFF, 0xF0, 0xFF, 0xF8,
    0x1F, 0xF0, 0x01, 0x80, 0x01, 0xE0, 0x00, 0xF0, 0x00, 0x78, 0x00, 0x18, 0x00, 0x00, 0x00, 0x1F,
    0x80, 0x3F, 0xE0, 0x3F, 0xF8, 0x1F, 0xFC, 0x0F, 0x1E, 0x07, 0xCF, 0x01, 0xFF, 0x80, 0x7F, 0x80,
    0x1F, 0xFC, 0x1F, 0xFE, 0x3F, 0xFF, 0xBF, 0xFF, 0x9F, 0x00, 0x1F, 0x00, 0x0F, 0x00, 0x07, 0x80,
    0x03, 0xC0, 0x01, 0xF8, 0x38, 0xFF, 0xFC, 0x3F, 0xFF, 0x0F, 0xFF, 0x81, 0xFE, 0x00, 0x03, 0x00,
    0x3C, 0x01, 0xE0, 0x0F, 0x00, 0x30, 0x00, 0x00, 0x0F, 0x01, 0xFC, 0x1F, 0xE1, 0xFF, 0x0F, 0x90,
    0x78, 0x03, 0xC0, 0x1E, 0x18, 0xFF, 0xFF, 0xFF, 0xFF, 0xFF, 0xFF, 0xBF, 0xE0, 0x00, 0x00, 0x00,
    0x80, 0x00, 0xE0, 0x00, 0xF8, 0x00, 0x78, 0x00, 0x18, 0x00, 0x00, 0x00, 0x0F, 0xC0, 0x1F, 0xF0,
    0x1F, 0xFC, 0x1F, 0xFE, 0x0F, 0x8F, 0x07, 0xEF, 0x81, 0xFF, 0x80, 0x7F, 0xC1, 0xFF, 0xFC, 0xFF,
    0xFF, 0x7F, 0xFF, 0xBF, 0x3F, 0xC0, 0x00, 0x00, 0x00, 0x00, 0x10, 0x00, 0x00, 0x1C, 0x00, 0x00,
    0x1F, 0x00, 0x00, 0x07, 0x80, 0x00, 0x01, 0x80, 0x00, 0x00, 0x00, 0x00, 0x00, 0xE0, 0x00, 0x01,
    0xFC, 0x00, 0x01, 0xFF, 0x00, 0x00, 0xFF, 0x80, 0x00, 0xFB, 0xEE, 0x00, 0x78, 0xF7, 0x80, 0x3E,
    0x7B, 0xC0, 0x1F, 0xFD, 0xE0, 0x0F, 0xFF, 0xF0, 0x03, 0xFF, 0xF8, 0x00, 0x7F, 0xBF, 0x80, 0x3F,
    0x9F, 0xFF, 0xFF, 0xC7, 0xFF, 0xFF, 0xC1, 0xFF, 0xFF, 0xC0, 0x1F, 0xFF, 0x00, 0x00, 0x00, 0x04,
    0x00, 0x00, 0x00, 0x38, 0x00, 0x00, 0x01, 0xF0, 0x00, 0x00, 0x07, 0x80, 0x00, 0x00, 0x0C, 0x00,
    0x00, 0x00, 0x00, 0x00, 0x00, 0x00, 0x00, 0x00, 0x00, 0x07, 0xC0, 0x00, 0x00, 0x3F, 0x81, 0xC0,
    0x01, 0xFF, 0x07, 0x80, 0x0F, 0xFC, 0x1E, 0x00, 0x3C, 0xF8, 0x78, 0x00, 0xF1, 0xE3, 0xE0, 0x03,
    0xCF, 0x8F, 0x80, 0x0F, 0xFC, 0x1F, 0xC0, 0x7F, 0xFE, 0x7F, 0xFF, 0xFF, 0xFC, 0xFF, 0xFF, 0xFF,
    0xF1, 0xFF, 0xFF, 0xFF, 0xC0, 0xFF, 0xE0, 0x00, 0x02, 0x00, 0x70, 0x0F, 0x80, 0x78, 0x03, 0x00,
    0x00, 0x07, 0x81, 0xFC, 0x3F, 0xE3, 0xFE, 0x7D, 0xF7, 0x8F, 0x7C, 0xF7, 0xFF, 0x7F, 0xF3, 0xFF,
    0x0F, 0xFF, 0xFE, 0xFF, 0xEF, 0xFC, 0xFF, 0x08, 0x00, 0x03, 0x00, 0x07, 0x80, 0x07, 0x80, 0x07,
    0x80, 0x03, 0x00, 0x00, 0x00, 0x00, 0x00, 0x0F, 0xC0, 0x1F, 0xE0, 0x3F, 0xE0, 0x3F, 0xF0, 0x7C,
    0xF0, 0x78, 0xF0, 0x7D, 0xF0, 0x3F, 0xF0, 0xFF, 0xFE, 0xFF, 0xFE, 0xFF, 0xFF, 0xFF, 0xFE, 0x00,
    0x00, 0x00, 0x00, 0x00, 0x01, 0xDE, 0x00, 0x1F, 0xE0, 0x01, 0xFE, 0x00, 0x0C, 0xC0, 0x00, 0x00,
    0x00, 0x03, 0x00, 0x00, 0xFC, 0x00, 0x1F, 0xE0, 0x03, 0xFE, 0x00, 0x3F, 0xF7, 0x87, 0xCF, 0x78,
    0x7C, 0xF7, 0x87, 0xFF, 0xF8, 0x3F, 0xFF, 0x83, 0xFF, 0xF8, 0x1F, 0xFF, 0x80, 0x1F, 0x7E, 0x07,
    0xE7, 0xFF, 0xFC, 0x3F, 0xFF, 0xC1, 0xFF, 0xF0, 0x07, 0xFC, 0x00, 0x00, 0x00, 0x00, 0x00, 0x1D,
    0xE0, 0x00, 0x3F, 0xE0, 0x00, 0x1D, 0xE0, 0x00, 0x0C, 0xC0, 0x00, 0x00, 0x00, 0x00, 0x07, 0x80,
    0x00, 0x1F, 0xC0, 0x00, 0x3F, 0xE0, 0x00, 0x3F, 0xF0, 0x00, 0x3D, 0xF0, 0x70, 0x78, 0xF0, 0x78,
    0x7F, 0xFE, 0x78, 0x3F, 0xFF, 0xF8, 0x3F, 0xFF, 0xF8, 0x1F, 0xFE, 0xF8, 0x01, 0xF8, 0xF8, 0x03,
    0xE0, 0x7E, 0x0F, 0xE0, 0x7F, 0xFF, 0xC0, 0x3F, 0xFF, 0x80, 0x1F, 0xFF, 0x00, 0x07, 0xFC, 0x00,
    0x00, 0x01, 0xDC, 0x3D, 0xE1, 0xDE, 0x18, 0xC0, 0x00, 0x07, 0x81, 0xFC, 0x3F, 0xE3, 0xFE, 0x7D,
    0xF7, 0x8F, 0x7C, 0xF7, 0xFF, 0x7F, 0xF3, 0xFF, 0x0F, 0xFF, 0xFE, 0xFF, 0xEF, 0xFC, 0xFF, 0x08,
    0x00, 0x00, 0x00, 0x1D, 0xE0, 0x1F, 0xE0, 0x1F, 0xE0, 0x0C, 0xC0, 0x00, 0x00, 0x00, 0x00, 0x0F,
    0xC0, 0x1F, 0xE0, 0x3F, 0xE0, 0x3F, 0xF0, 0x7C, 0xF0, 0x78, 0xF0, 0x7D, 0xF0, 0x3F, 0xF0, 0xFF,
    0xFE, 0xFF, 0xFE, 0xFF, 0xFF, 0xFF, 0xFE, 0x00, 0x00, 0x00, 0x00, 0x3C, 0x00, 0x00, 0x78, 0x00,
    0x00, 0xF0, 0x00, 0x01, 0xE0, 0x00, 0xC3, 0xC0, 0x07, 0xC7, 0x80, 0x0F, 0x8F, 0x00, 0x3C, 0x1E,
    0x00, 0x3C, 0x3C, 0xE0, 0x38, 0x79, 0xE0, 0xF8, 0xF3, 0xC7, 0xE1, 0xE7, 0x87, 0x83, 0xDF, 0x0C,
    0x07, 0xBE, 0x00, 0x0F, 0x3F, 0x80, 0xFE, 0x7F, 0xFF, 0xFC, 0x7F, 0xFF, 0xF0, 0x7F, 0xFF, 0xC0,
    0x1F, 0xFC, 0x00, 0x00, 0x00, 0x3C, 0x00, 0x00, 0x07, 0x80, 0x00, 0x00, 0xF0, 0x00, 0x00, 0x1E,
    0x00, 0x00, 0xC3, 0xC0, 0x00, 0x7C, 0x78, 0x00, 0x0F, 0x8F, 0x00, 0x03, 0xC1, 0xE0, 0x00, 0x3C,
    0x3C, 0x0E, 0x03, 0x87, 0x81, 0xE0, 0xF8, 0xF0, 0x3C, 0x7E, 0x1E, 0x07, 0x87, 0x83, 0xC1, 0xF0,
    0xC0, 0x7C, 0x3E, 0x00, 0x0F, 0x83, 0xF8, 0x0F, 0xFE, 0x7F, 0xFF, 0xFF, 0xE7, 0xFF, 0xFF, 0xFC,
    0x7F, 0xFF, 0xDF, 0x01, 0xFF, 0xC0, 0x00, 0x00, 0xE0, 0x3E, 0x0F, 0xF1, 0xFF, 0x7F, 0xCF, 0xE0,
    0xF8, 0x0F, 0xC0, 0x7E, 0x03, 0xF0, 0x1F, 0x80, 0xF8, 0x07, 0xC0, 0x7C, 0xFF, 0xCF, 0xFC, 0xFF,
    0x8F, 0xF0, 0xE0, 0x00, 0x00, 0x60, 0x07, 0xC0, 0x3F, 0xC0, 0xFF, 0x87, 0xFC, 0x1F, 0xC0, 0x3E,
    0x00, 0x7E, 0x00, 0x7E, 0x00, 0x7E, 0x00, 0x7E, 0x00, 0x7C, 0x00, 0x7C, 0x00, 0xFC, 0x3F, 0xFF,
    0x7F, 0xFF, 0xFF, 0xFF, 0xFE, 0xFF, 0x80, 0x00, 0x00, 0x07, 0x80, 0x01, 0xE0, 0x00, 0x78, 0x00,
    0x1E, 0x00, 0x07, 0x80, 0x01, 0xE0, 0x00, 0x78, 0x00, 0x1E, 0x00, 0x07, 0x80, 0x01, 0xE0, 0x00,
    0x78, 0x00, 0x1E, 0x00, 0x07, 0xDE, 0x01, 0xF7, 0x80, 0x7D, 0xE0, 0x1F, 0xF8, 0x07, 0xBE, 0x01,
    0xEF, 0x80, 0x7B, 0xE0, 0x3E, 0x7C, 0x1F, 0x1F, 0xFF, 0xC3, 0xFF, 0xE0, 0x7F, 0xF0, 0x07, 0xF0,
    0x00, 0x00, 0x07, 0x80, 0x00, 0x1E, 0x00, 0x00, 0x78, 0x00, 0x01, 0xE0, 0x00, 0x07, 0x80, 0x00,
    0x1E, 0x00, 0x00, 0x78, 0x00, 0x01, 0xE0, 0x00, 0x07, 0x80, 0x00, 0x1E, 0x00, 0x00, 0x78, 0x00,
    0x01, 0xE0, 0x00, 0x07, 0x81, 0xE0, 0x1F, 0x07, 0x80, 0x7C, 0x1E, 0x01, 0xFE, 0xF8, 0x07, 0xFF,
    0xE0, 0x1F, 0xFF, 0x80, 0x7F, 0xFE, 0x01, 0xE0, 0x7C, 0x1F, 0x81, 0xFF, 0xFC, 0x03, 0xFF, 0xF0,
    0x07, 0xFF, 0x80, 0x07, 0xF8, 0x00, 0x3C, 0x78, 0xF1, 0xE3, 0xC7, 0x8F, 0x1E, 0x3C, 0x78, 0xF1,
    0xE3, 0xC7, 0xCF, 0x7E, 0xFD, 0xFB, 0xE0, 0x00, 0x3C, 0x07, 0x80, 0xF0, 0x1E, 0x03, 0xC0, 0x78,
    0x0F, 0x01, 0xE0, 0x3C, 0x07, 0x80, 0xF0, 0x1E, 0x03, 0xE0, 0x7C, 0x0F, 0x87, 0xFE, 0xFF, 0xFF,
    0xFF, 0xDF, 0x80, 0x00, 0x00, 0x00, 0x7E, 0x07, 0xF8, 0x7F, 0xE7, 0xFF, 0x9C, 0x7C, 0x21, 0xE0,
    0xFF, 0x1F, 0xFB, 0xFF, 0xDF, 0xFF, 0xF8, 0x6F, 0x80, 0x78, 0x03, 0xC0, 0x1E, 0x00, 0xF0, 0x07,
    0xC0, 0x1E, 0x00, 0xF0, 0x07, 0x80, 0x3C, 0x00, 0x00, 0xF0, 0x00, 0x7F, 0x00, 0x3F, 0xE0, 0x0F,
    0xFE, 0x03, 0xFB, 0xC0, 0x7C, 0x78, 0x1F, 0xC7, 0x83, 0xFF, 0xFE, 0xFF, 0xFF, 0xFE, 0xFF, 0xFF,
    0xCF, 0xFF, 0xF8, 0x78, 0x0F, 0x00, 0x01, 0xE0, 0x00, 0x3E, 0x00, 0x07, 0xC0, 0x00, 0x78, 0x00,
    0x0F, 0x00, 0x01, 0xE0, 0x00, 0x3E, 0x00, 0x03, 0x80, 0x00, 0x01, 0xC0, 0x1F, 0x80, 0xFF, 0x07,
    0xFE, 0x1F, 0xF8, 0xF9, 0xF3, 0xC7, 0xFF, 0xFF, 0xFF, 0xFB, 0xFF, 0xEF, 0x7F, 0x00, 0x00, 0x01,
    0xC0, 0x01, 0xF8, 0x00, 0xFF, 0x00, 0x7F, 0xE0, 0x1E, 0xF8, 0x0F, 0x1F, 0x07, 0xE7, 0xC3, 0xFD,
    0xFE, 0xFF, 0xFF, 0xFF, 0xFF, 0xFE, 0x7F, 0xFC, 0x07, 0x80, 0x00, 0xC0, 0x00, 0x78, 0x00, 0x1E,
    0x00, 0x07, 0x80, 0x00, 0xC0, 0x00, 0x00, 0x00, 0x00, 0x70, 0x00, 0x3E, 0x00, 0x0F, 0x9E, 0x01,
    0xE7, 0x80, 0x79, 0xE0, 0x1F, 0xF8, 0x07, 0xFE, 0x01, 0xFF, 0x80, 0x7B, 0xE0, 0x1E, 0x7C, 0x1F,
    0x9F, 0xFF, 0xC3, 0xFF, 0xE0, 0x7F, 0xF0, 0x07, 0xF0, 0x00, 0x00, 0xC0, 0x00, 0x03, 0xC0, 0x00,
    0x07, 0x80, 0x00, 0x0F, 0x00, 0x00, 0x0C, 0x00, 0x00, 0x00, 0x00, 0x00, 0x00, 0xC0, 0x00, 0x07,
    0xC0, 0x00, 0x07, 0x80, 0xF0, 0x0F, 0x01, 0xE0, 0x1F, 0x03, 0xC0, 0x3F, 0xCF, 0x80, 0x7F, 0xDF,
    0x00, 0xFF, 0xBE, 0x01, 0xFF, 0x7C, 0x03, 0xC0, 0x7C, 0x1F, 0x80, 0xFF, 0xFE, 0x00, 0xFF, 0xFC,
    0x00, 0xFF, 0xF0, 0x00, 0x7F, 0x80, 0x00, 0x10, 0x71, 0xF1, 0xE1, 0x80, 0x07, 0x1E, 0x3C, 0x7C,
    0xF8, 0xF1, 0xE3, 0xFF, 0xFF, 0xFD, 0xF0, 0x00, 0x0C, 0x01, 0xE0, 0x1E, 0x01, 0xE0, 0x0C, 0x00,
    0x00, 0x00, 0x01, 0xE0, 0x1E, 0x01, 0xE0, 0x1E, 0x03, 0xE0, 0xFF, 0xEF, 0xFF, 0xFF, 0xFF, 0x7F,
    0x00, 0x00, 0x0C, 0x01, 0xC0, 0x7C, 0x1F, 0xC1, 0xFC, 0x7F, 0x9F, 0xFB, 0xCF, 0xF9, 0xFF, 0x3F,
    0xFF, 0xBF, 0xF7, 0xFC, 0x7F, 0x00, 0x00, 0x01, 0xE0, 0x01, 0xF0, 0x07, 0xF0, 0x1F, 0xF0, 0x3F,
    0xF0, 0x7F, 0xF0, 0x7D, 0xF0, 0xF8, 0xF0, 0xF8, 0xF0, 0xFF, 0xF0, 0x7F, 0xF0, 0x7F, 0xFE, 0x3F,
    0xFF, 0x02, 0x7F, 0x00, 0x3F, 0x00, 0x00, 0x0C, 0x00, 0x0F, 0x00, 0x1F, 0x80, 0x1F, 0xC0, 0x3F,
    0xE0, 0x3F, 0xF8, 0x79, 0xFC, 0x79, 0xFC, 0x7F, 0xFE, 0x3F, 0xDE, 0xFF, 0xDE, 0xFF, 0xFE, 0xFF,
    0xFE, 0xFF, 0xFC, 0x00, 0x60, 0x03, 0xE0, 0x07, 0xF0, 0x03, 0xFC, 0x03, 0xFE, 0x01, 0xEF, 0x01,
    0xF7, 0x80, 0xF3, 0xC0, 0x7B, 0xE0, 0xFF, 0xFF, 0x7F, 0xFF, 0xBF, 0xFF, 0xFF, 0xFF, 0xE3, 0xC7,
    0xC1, 0xF3, 0xE0, 0xFF, 0xE0, 0x3F, 0xF0, 0x0F, 0xF0, 0x01, 0xF0, 0x00, 0x00, 0x00, 0xF8, 0x1F,
    0xC3, 0xFE, 0x7F, 0xE7, 0x9E, 0x79, 0xF7, 0xFF, 0x7F, 0xF7, 0xFF, 0x3F, 0xE0, 0x3E, 0x1F, 0xEF,
    0xFC, 0x7F, 0x87, 0xE0, 0x78, 0x00, 0x00, 0x00, 0x0F, 0x80, 0x1F, 0xC0, 0x3F, 0xE0, 0x7F, 0xE0,
    0x79, 0xE0, 0x79, 0xF0, 0x7F, 0xFC, 0x7F, 0xFE, 0x7F, 0xFE, 0x3F, 0xFE, 0x03, 0xF8, 0x1F, 0xE0,
    0xFF, 0xC0, 0x7F, 0x80, 0x7E, 0x00, 0x78, 0x00, 0x00, 0x07, 0xF0, 0x00, 0x7F, 0x80, 0x07, 0xFC,
    0x00, 0x7F, 0xC0, 0x03, 0xC0, 0x00, 0x3E, 0x01, 0xE1, 0xE0, 0x0F, 0x0F, 0xC0, 0x78, 0x3F, 0x87,
    0xC0, 0xFF, 0x3E, 0x03, 0xF9, 0xF0, 0x03, 0xCF, 0x80, 0x3E, 0x3F, 0x07, 0xF1, 0xFF, 0xFF, 0x07,
    0xFF, 0xF0, 0x1F, 0xFF, 0x00, 0x3F, 0xC0, 0x00, 0x00, 0x00, 0x01, 0xE0, 0x00, 0x07, 0x80, 0x70,
    0x1E, 0x01, 0xFE, 0xF8, 0x0F, 0xFF, 0xE0, 0x3F, 0xFF, 0x80, 0x3F, 0xFE, 0x00, 0x7C, 0x7E, 0x03,
    0xE1, 0xFF, 0xFF, 0x83, 0xFF, 0xFC, 0x07, 0xFF, 0xE0, 0x07, 0xFC, 0x00, 0x00, 0x07, 0xF0, 0x00,
    0x7F, 0x80, 0x07, 0xFC, 0x00, 0x7F, 0xC0, 0x03, 0xC0, 0x00, 0x3E, 0x01, 0xE1, 0xE0, 0x0F, 0x0F,
    0xC0, 0x78, 0x3F, 0x87, 0xC0, 0xFF, 0x3E, 0x03, 0xF9, 0xF0, 0x03, 0xCF, 0x80, 0x3E, 0x3F, 0x07,
    0xF1, 0xFF, 0xFF, 0x07, 0xFF, 0xF0, 0x1F, 0xFF, 0x00, 0x3F, 0xC0, 0x00, 0x00, 0x00, 0x00, 0x00,
    0x00, 0x73, 0x80, 0x03, 0xFC, 0x00, 0x1F, 0xE0, 0x00, 0xE7, 0x00, 0x00, 0x00, 0x01, 0xE0, 0x00,
    0x07, 0x80, 0x70, 0x1E, 0x01, 0xFE, 0xF8, 0x0F, 0xFF, 0xE0, 0x3F, 0xFF, 0x80, 0x3F, 0xFE, 0x00,
    0x7C, 0x7E, 0x03, 0xE1, 0xFF, 0xFF, 0x83, 0xFF, 0xFC, 0x07, 0xFF, 0xE0, 0x07, 0xFC, 0x00, 0x00,
    0x00, 0x00, 0x00, 0x00, 0x00, 0xEE, 0x00, 0x07, 0xBC, 0x00, 0x1E, 0xF0, 0x00, 0x3B, 0x80, 0x00,
    0x0E, 0x3E, 0x1E, 0x1E, 0x1F, 0x1F, 0x0F, 0x1F, 0xFF, 0xFE, 0xFE, 0xF8, 0x00, 0x00, 0xE7, 0xFF,
    0xFF, 0xE7, 0x0E, 0x00, 0x78, 0x07, 0xC0, 0x3E, 0x01, 0xF0, 0x7F, 0xFB, 0xFF, 0xDF, 0xFF, 0xF3,
    0xF0, 0x00, 0x00, 0x00, 0xE6, 0x07, 0xF8, 0x3F, 0xC1, 0xDC, 0x00, 0x00, 0x00, 0x3F, 0xC0, 0x3F,
    0xE1, 0x8D, 0xF3, 0xC0, 0x01, 0xE0, 0x00, 0xF8, 0x38, 0x7C, 0x3E, 0x3E, 0x1F, 0xDF, 0x07, 0xFF,
    0x00, 0xFF, 0x80, 0x3F, 0xC0, 0x0F, 0xE0, 0x03, 0xF0, 0x03, 0xFC, 0x03, 0xFE, 0x03, 0xE7, 0x83,
    0xFF, 0xC1, 0xFF, 0xE0, 0xFF, 0xE0, 0x7F, 0xE0, 0x00, 0x00, 0x07, 0xF8, 0x00, 0x7F, 0xFC, 0x06,
    0xFB, 0xC0, 0x00, 0x3E, 0x00, 0x03, 0xE0, 0x30, 0x3E, 0x07, 0x83, 0xE0, 0x7C, 0x3E, 0x03, 0xE3,
    0xE0, 0x1F, 0x3E, 0x00, 0xFB, 0xE0, 0x07, 0xFE, 0x00, 0x7F, 0xE0, 0x03, 0xFE, 0x00, 0x1F, 0xE0,
    0x01, 0xFE, 0x07, 0xFF, 0xFC, 0x7F, 0xFF, 0xE7, 0xFD, 0xFE, 0x7F, 0x8F, 0xE0, 0x00, 0x00, 0x78,
    0x01, 0xF0, 0x03, 0x80, 0x07, 0x40, 0x0F, 0xC1, 0x9F, 0x8F, 0x38, 0x1E, 0x00, 0x3E, 0x38, 0x7C,
    0xF8, 0xF9, 0xFD, 0xF1, 0xFF, 0xC0, 0xFF, 0x80, 0xFF, 0x00, 0xFE, 0x00, 0xFC, 0x03, 0xFC, 0x0F,
    0xF8, 0x3E, 0x78, 0xFF, 0xF1, 0xFF, 0xE3, 0xFF, 0x87, 0xFE, 0x00, 0x3C, 0x00, 0x0F, 0x80, 0x01,
    0xC0, 0x00, 0x3A, 0x00, 0x03, 0xE7, 0x80, 0xFC, 0xF0, 0x1C, 0x1F, 0x00, 0x03, 0xE0, 0x60, 0x7C,
    0x1E, 0x0F, 0x83, 0xE1, 0xF0, 0x3E, 0x3E, 0x03, 0xE7, 0xC0, 0x3E, 0xF8, 0x03, 0xFF, 0x00, 0x7F,
    0xE0, 0x07, 0xFC, 0x00, 0x7F, 0x80, 0x0F, 0xF0, 0x7F, 0xFF, 0xCF, 0xFF, 0xFD, 0xFF, 0x7F, 0xBF,
    0xC7, 0xF0, 0x00, 0x00, 0x00, 0x30, 0x03, 0xC0, 0x0F, 0x00, 0x3E, 0x70, 0xFB, 0xE3, 0xEF, 0xEF,
    0x9F, 0xFC, 0x1F, 0xF0, 0x3F, 0xC0, 0x7F, 0x00, 0xFC, 0x07, 0xF8, 0x3F, 0xE1, 0xF3, 0xCF, 0xFF,
    0x3F, 0xFC, 0xFF, 0xE3, 0xFF, 0x00, 0x00, 0x1C, 0x00, 0xF0, 0x03, 0x80, 0x0E, 0x80, 0x3E, 0x00,
    0xF8, 0x03, 0x80, 0x00, 0x00, 0x78, 0x00, 0x0F, 0x00, 0x01, 0xF0, 0x00, 0x3E, 0x06, 0x07, 0xC1,
    0xE0, 0xF8, 0x3E, 0x1F, 0x03, 0xE3, 0xE0, 0x3E, 0x7C, 0x03, 0xEF, 0x80, 0x3F, 0xF0, 0x07, 0xFE,
    0x00, 0x7F, 0xC0, 0x07, 0xF8, 0x00, 0xFF, 0x07, 0xFF, 0xFC, 0xFF, 0xFF, 0xDF, 0xF7, 0xFB, 0xFC,
    0x7F, 0x00, 0x00, 0x01, 0xC0, 0x00, 0x78, 0x00, 0x0E, 0x00, 0x01, 0xD0, 0x00, 0x3E, 0x00, 0x07,
    0xC0, 0x00, 0xE0, 0x00, 0x00, 0x00, 0x30, 0x03, 0xC0, 0x0F, 0x00, 0x3E, 0x70, 0xFB, 0xE3, 0xEF,
    0xEF, 0x9F, 0xFC, 0x1F, 0xF0, 0x3F, 0xC0, 0x7F, 0x00, 0xFC, 0x07, 0xF8, 0x3F, 0xE1, 0xF3, 0xCF,
    0xFF, 0x3F, 0xFC, 0xFF, 0xE3, 0xFF, 0x00, 0x00, 0x78, 0x00, 0x0F, 0x00, 0x01, 0xF0, 0x00, 0x3E,
    0x06, 0x07, 0xC1, 0xE0, 0xF8, 0x3E, 0x1F, 0x03, 0xE3, 0xE0, 0x3E, 0x7C, 0x03, 0xEF, 0x80, 0x3F,
    0xF0, 0x07, 0xFE, 0x00, 0x7F, 0xC0, 0x07, 0xF8, 0x00, 0xFF, 0x07, 0xFF, 0xFC, 0xFF, 0xFF, 0xDF,
    0xF7, 0xFB, 0xFC, 0x7F, 0x00, 0x00, 0x00,
};

static const EpdGlyph ubuntu_12_boldGlyphs[] = {
    { 0, 0, 0, 0, 0, 0, 0 }, // U+0000
    { 0, 0, 104, 0, 0, 0, 0 }, // U+000D
    { 0, 0, 240, 0, 0, 0, 0 }, // U+0020
    { 5, 17, 240, 5, 17, 11, 0 }, // !
    { 9, 8, 240, 3, 18, 9, 11 }, // "
    { 15, 17, 240, 0, 17, 32, 20 }, // #
    { 15, 23, 240, 0, 20, 44, 52 }, // $
    { 15, 17, 240, 0, 17, 32, 96 }, // %
    { 15, 17, 240, 0, 17, 32, 128 }, // &
    { 5, 8, 240, 5, 18, 5, 160 }, // '
    { 10, 22, 240, 4, 19, 28, 165 }, // (
    { 10, 22, 240, 1, 19, 28, 193 }, // )
    { 15, 13, 240, 0, 14, 25, 221 }, // *
    { 13, 12, 240, 1, 14, 20, 246 }, // +
    { 7, 8, 240, 4, 4, 7, 266 }, // ,
    { 9, 4, 240, 3, 10, 5, 273 }, // -
    { 5, 4, 240, 5, 4, 3, 278 }, // .
    { 13, 22, 240, 1, 19, 36, 281 }, // /
    { 15, 17, 240, 0, 17, 32, 317 }, // 0
    { 15, 17, 240, 0, 17, 32, 349 }, // 1
    { 14, 17, 240, 0, 17, 30, 381 }, // 2
    { 14, 17, 240, 0, 17, 30, 411 }, // 3
    { 15, 17, 240, 0, 17, 32, 441 }, // 4
    { 14, 17, 240, 1, 17, 30, 473 }, // 5
    { 15, 17, 240, 0, 17, 32, 503 }, // 6
    { 13, 17, 240, 1, 17, 28, 535 }, // 7
    { 15, 17, 240, 0, 17, 32, 563 }, // 8
    { 15, 17, 240, 0, 17, 32, 595 }, // 9
    { 5, 12, 240, 5, 12, 8, 627 }, // :
    { 7, 16, 240, 4, 12, 14, 635 }, // ;
    { 11, 16, 240, 2, 16, 22, 649 }, // <
    { 13, 9, 240, 1, 12, 15, 671 }, // =
    { 11, 16, 240, 2, 16, 22, 686 }, // >
    { 13, 17, 240, 1, 17, 28, 708 }, // ?
    { 14, 20, 240, 0, 17, 35, 736 }, // @
    { 15, 17, 240, 0, 17, 32, 771 }, // A
    { 13, 17, 240, 1, 17, 28, 803 }, // B
    { 14, 17, 240, 1, 17, 30, 831 }, // C
    { 14, 17, 240, 1, 17, 30, 861 }, // D
    { 12, 17, 240, 2, 17, 26, 891 }, // E
    { 12, 17, 240, 2, 17, 26, 917 }, // F
    { 14, 17, 240, 0, 17, 30, 943 }, // G
    { 13, 17, 240, 1, 17, 28, 973 }, // H
    { 13, 17, 240, 1, 17, 28, 1001 }, // I
    { 13, 17, 240, 0, 17, 28, 1029 }, // J
    { 15, 17, 240, 1, 17, 32, 1057 }, // K
    { 12, 17, 240, 2, 17, 26, 1089 }, // L
    { 15, 17, 240, 0, 17, 32, 1115 }, // M
    { 13, 17, 240, 1, 17, 28, 1147 }, // N
    { 15, 17, 240, 0, 17, 32, 1175 }, // O
    { 13, 17, 240, 1, 17, 28, 1207 }, // P
    { 17, 18, 240, 0, 17, 39, 1235 }, // Q
    { 14, 17, 240, 1, 17, 30, 1274 }, // R
    { 14, 17, 240, 0, 17, 30, 1304 }, // S
    { 15, 17, 240, 0, 17, 32, 1334 }, // T
    { 13, 17, 240, 1, 17, 28, 1366 }, // U
    { 15, 17, 240, 0, 17, 32, 1394 }, // V
    { 15, 17, 240, 0, 17, 32, 1426 }, // W
    { 15, 17, 240, 0, 17, 32, 1458 }, // X
    { 15, 17, 240, 0, 17, 32, 1490 }, // Y
    { 13, 17, 240, 1, 17, 28, 1522 }, // Z
    { 9, 22, 240, 4, 19, 25, 1550 }, // [
    { 13, 22, 240, 1, 19, 36, 1575 }, // <backslash>
    { 9, 22, 240, 2, 19, 25, 1611 }, // ]
    { 15, 11, 240, 0, 17, 21, 1636 }, // ^
    { 13, 3, 240, 1, -2, 5, 1657 }, // _
    { 7, 7, 240, 3, 21, 7, 1662 }, // `
    { 14, 13, 240, 1, 13, 23, 1669 }, // a
    { 14, 18, 240, 1, 18, 32, 1692 }, // b
    { 13, 13, 240, 1, 13, 22, 1724 }, // c
    { 14, 18, 240, 0, 18, 32, 1746 }, // d
    { 13, 13, 240, 1, 13, 22, 1778 }, // e
    { 13, 18, 240, 1, 18, 30, 1800 }, // f
    { 14, 18, 240, 0, 13, 32, 1830 }, // g
    { 13, 18, 240, 1, 18, 30, 1862 }, // h
    { 12, 18, 240, 2, 18, 27, 1892 }, // i
    { 10, 23, 248, 2, 18, 29, 1919 }, // j
    { 14, 18, 240, 1, 18, 32, 1948 }, // k
    { 13, 18, 240, 1, 18, 30, 1980 }, // l
    { 15, 13, 240, 0, 13, 25, 2010 }, // m
    { 13, 13, 240, 1, 13, 22, 2035 }, // n
    { 13, 13, 240, 1, 13, 22, 2057 }, // o
    { 14, 18, 240, 1, 13, 32, 2079 }, // p
    { 14, 18, 240, 0, 13, 32, 2111 }, // q
    { 14, 13, 240, 1, 13, 23, 2143 }, // r
    { 13, 13, 240, 1, 13, 22, 2166 }, // s
    { 13, 17, 240, 1, 17, 28, 2188 }, // t
    { 13, 13, 240, 1, 13, 22, 2216 }, // u
    { 15, 13, 240, 0, 13, 25, 2238 }, // v
    { 15, 13, 240, 0, 13, 25, 2263 }, // w
    { 15, 13, 240, 0, 13, 25, 2288 }, // x
    { 15, 18, 240, 0, 13, 34, 2313 }, // y
    { 13, 13, 240, 1, 13, 22, 2347 }, // z
    { 11, 22, 240, 2, 19, 31, 2369 }, // {
    { 5, 22, 240, 5, 19, 14, 2400 }, // |
    { 11, 22, 240, 2, 19, 31, 2414 }, // }
    { 15, 5, 240, 0, 10, 10, 2445 }, // ~
    { 0, 0, 240, 0, 0, 0, 2455 }, // U+00A0
    { 5, 18, 240, 5, 13, 12, 2455 }, // U+00A1
    { 13, 18, 240, 1, 15, 30, 2467 }, // U+00A2
    { 13, 17, 240, 1, 17, 28, 2497 }, // U+00A3
    { 15, 17, 240, 0, 17, 32, 2525 }, // U+00A5
    { 5, 22, 240, 5, 19, 14, 2557 }, // U+00A6
    { 13, 22, 240, 1, 17, 36, 2571 }, // U+00A7
    { 11, 4, 240, 2, 18, 6, 2607 }, // U+00A8
    { 15, 17, 240, 0, 17, 32, 2613 }, // U+00A9
    { 10, 10, 240, 3, 18, 13, 2645 }, // U+00AA
    { 13, 13, 240, 1, 13, 22, 2658 }, // U+00AB
    { 13, 8, 240, 1, 9, 13, 2680 }, // U+00AC
    { 9, 4, 240, 3, 10, 5, 2693 }, // U+00AD
    { 11, 9, 240, 2, 18, 13, 2698 }, // U+00AE
    { 9, 3, 240, 3, 18, 4, 2711 }, // U+00AF
    { 11, 10, 240, 2, 18, 14, 2715 }, // U+00B0
    { 13, 16, 240, 1, 16, 26, 2729 }, // U+00B1
    { 9, 9, 240, 3, 17, 11, 2755 }, // U+00B2
    { 9, 9, 240, 3, 17, 11, 2766 }, // U+00B3
    { 7, 7, 240, 5, 21, 7, 2777 }, // U+00B4
    { 13, 18, 240, 1, 13, 30, 2784 }, // U+00B5
    { 14, 21, 240, 0, 17, 37, 2814 }, // U+00B6
    { 5, 4, 240, 5, 9, 3, 2851 }, // U+00B7
    { 8, 6, 240, 4, 1, 6, 2854 }, // U+00B8
    { 8, 9, 240, 4, 17, 9, 2860 }, // U+00B9
    { 11, 10, 240, 2, 18, 14, 2869 }, // U+00BA
    { 13, 13, 240, 1, 13, 22, 2883 }, // U+00BB
    { 15, 17, 240, 0, 17, 32, 2905 }, // U+00BC
    { 15, 17, 240, 0, 17, 32, 2937 }, // U+00BD
    { 15, 17, 240, 0, 17, 32, 2969 }, // U+00BE
    { 13, 18, 240, 1, 13, 30, 3001 }, // U+00BF
    { 15, 25, 240, 0, 25, 47, 3031 }, // U+00C0
    { 15, 26, 240, 0, 26, 49, 3078 }, // U+00C1
    { 15, 24, 240, 0, 24, 45, 3127 }, // U+00C2
    { 15, 23, 240, 0, 23, 44, 3172 }, // U+00C3
    { 15, 22, 240, 0, 22, 42, 3216 }, // U+00C4
    { 15, 25, 240, 0, 25, 47, 3258 }, // U+00C5
    { 16, 17, 240, -1, 17, 34, 3305 }, // U+00C6
    { 14, 22, 240, 1, 17, 39, 3339 }, // U+00C7
    { 12, 25, 240, 2, 25, 38, 3378 }, // U+00C8
    { 12, 26, 240, 2, 26, 39, 3416 }, // U+00C9
    { 12, 24, 240, 2, 24, 36, 3455 }, // U+00CA
    { 12, 22, 240, 2, 22, 33, 3491 }, // U+00CB
    { 13, 25, 240, 1, 25, 41, 3524 }, // U+00CC
    { 13, 26, 240, 1, 26, 43, 3565 }, // U+00CD
    { 13, 24, 240, 1, 24, 39, 3608 }, // U+00CE
    { 13, 22, 240, 1, 22, 36, 3647 }, // U+00CF
    { 15, 17, 240, 0, 17, 32, 3683 }, // U+00D0
    { 13, 23, 240, 1, 23, 38, 3715 }, // U+00D1
    { 15, 25, 240, 0, 25, 47, 3753 }, // U+00D2
    { 15, 26, 240, 0, 26, 49, 3800 }, // U+00D3
    { 15, 24, 240, 0, 24, 45, 3849 }, // U+00D4
    { 15, 23, 240, 0, 23, 44, 3894 }, // U+00D5
    { 15, 22, 240, 0, 22, 42, 3938 }, // U+00D6
    { 13, 13, 240, 1, 14, 22, 3980 }, // U+00D7
    { 15, 21, 240, 0, 19, 40, 4002 }, // U+00D8
    { 13, 25, 240, 1, 25, 41, 4042 }, // U+00D9
    { 13, 26, 240, 1, 26, 43, 4083 }, // U+00DA
    { 13, 24, 240, 1, 24, 39, 4126 }, // U+00DB
    { 13, 22, 240, 1, 22, 36, 4165 }, // U+00DC
    { 15, 26, 240, 0, 26, 49, 4201 }, // U+00DD
    { 13, 17, 240, 1, 17, 28, 4250 }, // U+00DE
    { 15, 18, 240, 0, 18, 34, 4278 }, // U+00DF
    { 14, 21, 240, 1, 21, 37, 4312 }, // U+00E0
    { 14, 21, 240, 1, 21, 37, 4349 }, // U+00E1
    { 14, 19, 240, 1, 19, 34, 4386 }, // U+00E2
    { 14, 19, 240, 1, 19, 34, 4420 }, // U+00E3
    { 14, 18, 240, 1, 18, 32, 4454 }, // U+00E4
    { 14, 21, 240, 1, 21, 37, 4486 }, // U+00E5
    { 15, 13, 240, 0, 13, 25, 4523 }, // U+00E6
    { 13, 18, 240, 1, 13, 30, 4548 }, // U+00E7
    { 13, 21, 240, 1, 21, 35, 4578 }, // U+00E8
    { 13, 21, 240, 1, 21, 35, 4613 }, // U+00E9
    { 13, 19, 240, 1, 19, 31, 4648 }, // U+00EA
    { 13, 18, 240, 1, 18, 30, 4679 }, // U+00EB
    { 12, 21, 240, 2, 21, 32, 4709 }, // U+00EC
    { 12, 21, 240, 2, 21, 32, 4741 }, // U+00ED
    { 12, 19, 240, 2, 19, 29, 4773 }, // U+00EE
    { 12, 18, 240, 2, 18, 27, 4802 }, // U+00EF
    { 14, 19, 240, 1, 19, 34, 4829 }, // U+00F0
    { 13, 19, 240, 1, 19, 31, 4863 }, // U+00F1
    { 13, 21, 240, 1, 21, 35, 4894 }, // U+00F2
    { 13, 21, 240, 1, 21, 35, 4929 }, // U+00F3
    { 13, 19, 240, 1, 19, 31, 4964 }, // U+00F4
    { 13, 19, 240, 1, 19, 31, 4995 }, // U+00F5
    { 13, 18, 240, 1, 18, 30, 5026 }, // U+00F6
    { 13, 14, 240, 1, 15, 23, 5056 }, // U+00F7
    { 15, 17, 240, 0, 15, 32, 5079 }, // U+00F8
    { 13, 21, 240, 1, 21, 35, 5111 }, // U+00F9
    { 13, 21, 240, 1, 21, 35, 5146 }, // U+00FA
    { 13, 19, 240, 1, 19, 31, 5181 }, // U+00FB
    { 13, 18, 240, 1, 18, 30, 5212 }, // U+00FC
    { 15, 26, 240, 0, 21, 49, 5242 }, // U+00FD
    { 14, 23, 240, 1, 18, 41, 5291 }, // U+00FE
    { 15, 23, 240, 0, 18, 44, 5332 }, // U+00FF
    { 15, 22, 240, 0, 22, 42, 5376 }, // U+0100
    { 14, 18, 240, 1, 18, 32, 5418 }, // U+0101
    { 15, 24, 240, 0, 24, 45, 5450 }, // U+0102
    { 14, 20, 240, 1, 20, 35, 5495 }, // U+0103
    { 16, 22, 240, 0, 17, 44, 5530 }, // U+0104
    { 15, 18, 240, 1, 13, 34, 5574 }, // U+0105
    { 14, 26, 240, 1, 26, 46, 5608 }, // U+0106
    { 13, 21, 240, 1, 21, 35, 5654 }, // U+0107
    { 14, 24, 240, 1, 24, 42, 5689 }, // U+0108
    { 13, 19, 240, 1, 19, 31, 5731 }, // U+0109
    { 14, 22, 240, 1, 22, 39, 5762 }, // U+010A
    { 13, 18, 240, 1, 18, 30, 5801 }, // U+010B
    { 14, 24, 240, 1, 24, 42, 5831 }, // U+010C
    { 13, 20, 240, 1, 20, 33, 5873 }, // U+010D
    { 14, 24, 240, 1, 24, 42, 5906 }, // U+010E
    { 16, 18, 240, 0, 18, 36, 5948 }, // U+010F
    { 15, 17, 240, 0, 17, 32, 5984 }, // U+0110
    { 15, 18, 240, 0, 18, 34, 6016 }, // U+0111
    { 12, 22, 240, 2, 22, 33, 6050 }, // U+0112
    { 13, 18, 240, 1, 18, 30, 6083 }, // U+0113
    { 12, 24, 240, 2, 24, 36, 6113 }, // U+0114
    { 13, 20, 240, 1, 20, 33, 6149 }, // U+0115
    { 12, 22, 240, 2, 22, 33, 6182 }, // U+0116
    { 13, 18, 240, 1, 18, 30, 6215 }, // U+0117
    { 12, 22, 240, 2, 17, 33, 6245 }, // U+0118
    { 13, 18, 240, 1, 13, 30, 6278 }, // U+0119
    { 12, 24, 240, 2, 24, 36, 6308 }, // U+011A
    { 13, 20, 240, 1, 20, 33, 6344 }, // U+011B
    { 14, 24, 240, 0, 24, 42, 6377 }, // U+011C
    { 14, 24, 240, 0, 19, 42, 6419 }, // U+011D
    { 14, 24, 240, 0, 24, 42, 6461 }, // U+011E
    { 14, 25, 240, 0, 20, 44, 6503 }, // U+011F
    { 14, 22, 240, 0, 22, 39, 6547 }, // U+0120
    { 14, 23, 240, 0, 18, 41, 6586 }, // U+0121
    { 14, 24, 240, 0, 17, 42, 6627 }, // U+0122
    { 14, 24, 240, 0, 19, 42, 6669 }, // U+0123
    { 13, 24, 240, 1, 24, 39, 6711 }, // U+0124
    { 16, 24, 240, -2, 24, 48, 6750 }, // U+0125
    { 15, 17, 240, 0, 17, 32, 6798 }, // U+0126
    { 14, 18, 240, 0, 18, 32, 6830 }, // U+0127
    { 13, 23, 240, 1, 23, 38, 6862 }, // U+0128
    { 12, 19, 240, 2, 19, 29, 6900 }, // U+0129
    { 13, 22, 240, 1, 22, 36, 6929 }, // U+012A
    { 12, 18, 240, 2, 18, 27, 6965 }, // U+012B
    { 13, 24, 240, 1, 24, 39, 6992 }, // U+012C
    { 12, 20, 240, 2, 20, 30, 7031 }, // U+012D
    { 13, 22, 240, 1, 17, 36, 7061 }, // U+012E
    { 13, 23, 240, 2, 18, 38, 7097 }, // U+012F
    { 13, 22, 240, 1, 22, 36, 7135 }, // U+0130
    { 12, 13, 240, 2, 13, 20, 7171 }, // U+0131
    { 13, 17, 240, 1, 17, 28, 7191 }, // U+0132
    { 13, 24, 240, 1, 19, 39, 7219 }, // U+0133
    { 13, 24, 240, 0, 24, 39, 7258 }, // U+0134
    { 12, 24, 240, 2, 19, 36, 7297 }, // U+0135
    { 15, 24, 240, 1, 17, 45, 7333 }, // U+0136
    { 14, 25, 240, 1, 18, 44, 7378 }, // U+0137
    { 14, 13, 240, 1, 13, 23, 7422 }, // U+0138
    { 12, 26, 240, 2, 26, 39, 7445 }, // U+0139
    { 13, 26, 240, 1, 26, 43, 7484 }, // U+013A
    { 12, 24, 240, 2, 17, 36, 7527 }, // U+013B
    { 13, 25, 240, 1, 18, 41, 7563 }, // U+013C
    { 12, 18, 240, 2, 18, 27, 7604 }, // U+013D
    { 14, 18, 240, 1, 18, 32, 7631 }, // U+013E
    { 12, 17, 240, 2, 17, 26, 7663 }, // U+013F
    { 14, 18, 240, 1, 18, 32, 7689 }, // U+0140
    { 14, 17, 240, 0, 17, 30, 7721 }, // U+0141
    { 13, 18, 240, 1, 18, 30, 7751 }, // U+0142
    { 13, 26, 240, 1, 26, 43, 7781 }, // U+0143
    { 13, 21, 240, 1, 21, 35, 7824 }, // U+0144
    { 13, 24, 240, 1, 17, 39, 7859 }, // U+0145
    { 13, 20, 240, 1, 13, 33, 7898 }, // U+0146
    { 13, 24, 240, 1, 24, 39, 7931 }, // U+0147
    { 13, 20, 240, 1, 20, 33, 7970 }, // U+0148
    { 14, 18, 240, 0, 18, 32, 8003 }, // U+0149
    { 13, 22, 240, 1, 17, 36, 8035 }, // U+014A
    { 13, 18, 240, 1, 13, 30, 8071 }, // U+014B
    { 15, 22, 240, 0, 22, 42, 8101 }, // U+014C
    { 13, 18, 240, 1, 18, 30, 8143 }, // U+014D
    { 15, 24, 240, 0, 24, 45, 8173 }, // U+014E
    { 13, 20, 240, 1, 20, 33, 8218 }, // U+014F
    { 15, 25, 240, 0, 25, 47, 8251 }, // U+0150
    { 13, 21, 240, 1, 21, 35, 8298 }, // U+0151
    { 15, 17, 240, 0, 17, 32, 8333 }, // U+0152
    { 15, 13, 240, 0, 13, 25, 8365 }, // U+0153
    { 14, 26, 240, 1, 26, 46, 8390 }, // U+0154
    { 14, 21, 240, 1, 21, 37, 8436 }, // U+0155
    { 14, 24, 240, 1, 17, 42, 8473 }, // U+0156
    { 14, 20, 240, 1, 13, 35, 8515 }, // U+0157
    { 14, 24, 240, 1, 24, 42, 8550 }, // U+0158
    { 14, 20, 240, 1, 20, 35, 8592 }, // U+0159
    { 14, 26, 240, 0, 26, 46, 8627 }, // U+015A
    { 13, 21, 240, 1, 21, 35, 8673 }, // U+015B
    { 14, 24, 240, 0, 24, 42, 8708 }, // U+015C
    { 13, 19, 240, 1, 19, 31, 8750 }, // U+015D
    { 14, 22, 240, 0, 17, 39, 8781 }, // U+015E
    { 13, 18, 240, 1, 13, 30, 8820 }, // U+015F
    { 14, 24, 240, 0, 24, 42, 8850 }, // U+0160
    { 13, 20, 240, 1, 20, 33, 8892 }, // U+0161
    { 15, 24, 240, 0, 17, 45, 8925 }, // U+0162
    { 13, 24, 240, 1, 17, 39, 8970 }, // U+0163
    { 15, 24, 240, 0, 24, 45, 9009 }, // U+0164
    { 13, 19, 240, 1, 19, 31, 9054 }, // U+0165
    { 15, 17, 240, 0, 17, 32, 9085 }, // U+0166
    { 13, 17, 240, 1, 17, 28, 9117 }, // U+0167
    { 13, 23, 240, 1, 23, 38, 9145 }, // U+0168
    { 13, 19, 240, 1, 19, 31, 9183 }, // U+0169
    { 13, 22, 240, 1, 22, 36, 9214 }, // U+016A
    { 13, 18, 240, 1, 18, 30, 9250 }, // U+016B
    { 13, 24, 240, 1, 24, 39, 9280 }, // U+016C
    { 13, 20, 240, 1, 20, 33, 9319 }, // U+016D
    { 13, 25, 240, 1, 25, 41, 9352 }, // U+016E
    { 13, 21, 240, 1, 21, 35, 9393 }, // U+016F
    { 13, 25, 240, 1, 25, 41, 9428 }, // U+0170
    { 13, 21, 240, 1, 21, 35, 9469 }, // U+0171
    { 13, 22, 240, 1, 17, 36, 9504 }, // U+0172
    { 14, 18, 240, 1, 13, 32, 9540 }, // U+0173
    { 15, 24, 240, 0, 24, 45, 9572 }, // U+0174
    { 15, 19, 240, 0, 19, 36, 9617 }, // U+0175
    { 15, 24, 240, 0, 24, 45, 9653 }, // U+0176
    { 15, 24, 240, 0, 19, 45, 9698 }, // U+0177
    { 15, 22, 240, 0, 22, 42, 9743 }, // U+0178
    { 13, 26, 240, 1, 26, 43, 9785 }, // U+0179
    { 13, 21, 240, 1, 21, 35, 9828 }, // U+017A
    { 13, 22, 240, 1, 22, 36, 9863 }, // U+017B
    { 13, 18, 240, 1, 18, 30, 9899 }, // U+017C
    { 13, 24, 240, 1, 24, 39, 9929 }, // U+017D
    { 13, 20, 240, 1, 20, 33, 9968 }, // U+017E
    { 15, 21, 240, 0, 21, 40, 10001 }, // U+01A0
    { 14, 16, 240, 1, 16, 28, 10041 }, // U+01A1
    { 14, 21, 240, 1, 21, 37, 10069 }, // U+01AF
    { 14, 16, 240, 1, 16, 28, 10106 }, // U+01B0
    { 15, 29, 240, 0, 29, 55, 10134 }, // U+01FA
    { 14, 25, 240, 1, 25, 44, 10189 }, // U+01FB
    { 16, 26, 240, -1, 26, 52, 10233 }, // U+01FC
    { 15, 21, 240, 0, 21, 40, 10285 }, // U+01FD
    { 15, 28, 240, 0, 26, 53, 10325 }, // U+01FE
    { 15, 23, 240, 0, 21, 44, 10378 }, // U+01FF
    { 14, 24, 240, 0, 17, 42, 10422 }, // U+0218
    { 13, 20, 240, 1, 13, 33, 10464 }, // U+0219
    { 15, 24, 240, 0, 17, 45, 10497 }, // U+021A
    { 13, 24, 240, 1, 17, 39, 10542 }, // U+021B
    { 6, 7, 0, -4, 21, 6, 10581 }, // U+0300
    { 7, 7, 0, -2, 21, 7, 10587 }, // U+0301
    { 10, 6, 0, -5, 19, 8, 10594 }, // U+0302
    { 10, 4, 0, -5, 19, 5, 10602 }, // U+0303
    { 8, 3, 0, -4, 18, 3, 10607 }, // U+0304
    { 10, 6, 0, -5, 20, 8, 10610 }, // U+0306
    { 5, 4, 0, -2, 18, 3, 10618 }, // U+0307
    { 10, 4, 0, -5, 18, 5, 10621 }, // U+0308
    { 7, 7, 0, -3, 20, 7, 10626 }, // U+0309
    { 8, 7, 0, -4, 21, 7, 10633 }, // U+030A
    { 12, 7, 0, -5, 21, 11, 10640 }, // U+030B
    { 10, 6, 0, -5, 20, 8, 10651 }, // U+030C
    { 5, 5, 0, -2, 19, 4, 10659 }, // U+0312
    { 5, 5, 0, 0, 18, 4, 10663 }, // U+0315
    { 8, 5, 0, -4, 16, 5, 10667 }, // U+031B
    { 5, 4, 0, -2, -2, 3, 10672 }, // U+0323
    { 5, 5, 0, -3, -2, 4, 10675 }, // U+0326
    { 7, 6, 0, -3, 1, 6, 10679 }, // U+0327
    { 7, 6, 0, -6, 1, 6, 10685 }, // U+0328
    { 0, 0, 0, 0, 0, 0, 10691 }, // U+034F
    { 12, 25, 240, 2, 25, 38, 10691 }, // U+0400
    { 12, 22, 240, 2, 22, 33, 10729 }, // U+0401
    { 15, 22, 240, 0, 17, 42, 10762 }, // U+0402
    { 12, 26, 240, 2, 26, 39, 10804 }, // U+0403
    { 15, 17, 240, 0, 17, 32, 10843 }, // U+0404
    { 14, 17, 240, 0, 17, 30, 10875 }, // U+0405
    { 13, 17, 240, 1, 17, 28, 10905 }, // U+0406
    { 13, 22, 240, 1, 22, 36, 10933 }, // U+0407
    { 13, 17, 240, 0, 17, 28, 10969 }, // U+0408
    { 16, 17, 240, -1, 17, 34, 10997 }, // U+0409
    { 15, 17, 240, 0, 17, 32, 11031 }, // U+040A
    { 15, 17, 240, 0, 17, 32, 11063 }, // U+040B
    { 14, 26, 240, 1, 26, 46, 11095 }, // U+040C
    { 13, 25, 240, 1, 25, 41, 11141 }, // U+040D
    { 15, 24, 240, 0, 24, 45, 11182 }, // U+040E
    { 13, 21, 240, 1, 17, 35, 11227 }, // U+040F
    { 15, 17, 240, 0, 17, 32, 11262 }, // U+0410
    { 14, 17, 240, 1, 17, 30, 11294 }, // U+0411
    { 13, 17, 240, 1, 17, 28, 11324 }, // U+0412
    { 12, 17, 240, 2, 17, 26, 11352 }, // U+0413
    { 15, 22, 240, 0, 17, 42, 11378 }, // U+0414
    { 12, 17, 240, 2, 17, 26, 11420 }, // U+0415
    { 15, 17, 240, 0, 17, 32, 11446 }, // U+0416
    { 14, 17, 240, 0, 17, 30, 11478 }, // U+0417
    { 13, 17, 240, 1, 17, 28, 11508 }, // U+0418
    { 13, 24, 240, 1, 24, 39, 11536 }, // U+0419
    { 14, 17, 240, 1, 17, 30, 11575 }, // U+041A
    { 14, 17, 240, 0, 17, 30, 11605 }, // U+041B
    { 15, 17, 240, 0, 17, 32, 11635 }, // U+041C
    { 13, 17, 240, 1, 17, 28, 11667 }, // U+041D
    { 15, 17, 240, 0, 17, 32, 11695 }, // U+041E
    { 13, 17, 240, 1, 17, 28, 11727 }, // U+041F
    { 13, 17, 240, 1, 17, 28, 11755 }, // U+0420
    { 14, 17, 240, 1, 17, 30, 11783 }, // U+0421
    { 15, 17, 240, 0, 17, 32, 11813 }, // U+0422
    { 15, 17, 240, 0, 17, 32, 11845 }, // U+0423
    { 15, 19, 240, 0, 18, 36, 11877 }, // U+0424
    { 15, 17, 240, 0, 17, 32, 11913 }, // U+0425
    { 14, 22, 240, 1, 17, 39, 11945 }, // U+0426
    { 14, 17, 240, 0, 17, 30, 11984 }, // U+0427
    { 15, 17, 240, 0, 17, 32, 12014 }, // U+0428
    { 15, 21, 240, 0, 17, 40, 12046 }, // U+0429
    { 15, 17, 240, 0, 17, 32, 12086 }, // U+042A
    { 15, 17, 240, 0, 17, 32, 12118 }, // U+042B
    { 14, 17, 240, 1, 17, 30, 12150 }, // U+042C
    { 15, 17, 240, 0, 17, 32, 12180 }, // U+042D
    { 15, 17, 240, 0, 17, 32, 12212 }, // U+042E
    { 14, 17, 240, 0, 17, 30, 12244 }, // U+042F
    { 14, 13, 240, 1, 13, 23, 12274 }, // U+0430
    { 13, 18, 240, 1, 18, 30, 12297 }, // U+0431
    { 12, 13, 240, 2, 13, 20, 12327 }, // U+0432
    { 10, 13, 240, 3, 13, 17, 12347 }, // U+0433
    { 15, 17, 240, 0, 13, 32, 12364 }, // U+0434
    { 13, 13, 240, 1, 13, 22, 12396 }, // U+0435
    { 15, 13, 240, 0, 13, 25, 12418 }, // U+0436
    { 13, 13, 240, 1, 13, 22, 12443 }, // U+0437
    { 13, 13, 240, 1, 13, 22, 12465 }, // U+0438
    { 13, 20, 240, 1, 20, 33, 12487 }, // U+0439
    { 13, 13, 240, 1, 13, 22, 12520 }, // U+043A
    { 14, 13, 240, 0, 13, 23, 12542 }, // U+043B
    { 13, 13, 240, 1, 13, 22, 12565 }, // U+043C
    { 13, 13, 240, 1, 13, 22, 12587 }, // U+043D
    { 13, 13, 240, 1, 13, 22, 12609 }, // U+043E
    { 13, 13, 240, 1, 13, 22, 12631 }, // U+043F
    { 14, 18, 240, 1, 13, 32, 12653 }, // U+0440
    { 13, 13, 240, 1, 13, 22, 12685 }, // U+0441
    { 13, 13, 240, 1, 13, 22, 12707 }, // U+0442
    { 15, 18, 240, 0, 13, 34, 12729 }, // U+0443
    { 15, 22, 240, 0, 17, 42, 12763 }, // U+0444
    { 15, 13, 240, 0, 13, 25, 12805 }, // U+0445
    { 14, 17, 240, 1, 13, 30, 12830 }, // U+0446
    { 13, 13, 240, 1, 13, 22, 12860 }, // U+0447
    { 15, 13, 240, 0, 13, 25, 12882 }, // U+0448
    { 15, 17, 240, 0, 13, 32, 12907 }, // U+0449
    { 15, 13, 240, 0, 13, 25, 12939 }, // U+044A
    { 15, 13, 240, 0, 13, 25, 12964 }, // U+044B
    { 12, 13, 240, 2, 13, 20, 12989 }, // U+044C
    { 13, 13, 240, 1, 13, 22, 13009 }, // U+044D
    { 15, 13, 240, 0, 13, 25, 13031 }, // U+044E
    { 13, 13, 240, 1, 13, 22, 13056 }, // U+044F
    { 13, 21, 240, 1, 21, 35, 13078 }, // U+0450
    { 13, 18, 240, 1, 18, 30, 13113 }, // U+0451
    { 14, 23, 240, 0, 18, 41, 13143 }, // U+0452
    { 10, 21, 240, 3, 21, 27, 13184 }, // U+0453
    { 13, 13, 240, 1, 13, 22, 13211 }, // U+0454
    { 13, 13, 240, 1, 13, 22, 13233 }, // U+0455
    { 12, 18, 240, 2, 18, 27, 13255 }, // U+0456
    { 12, 18, 240, 2, 18, 27, 13282 }, // U+0457
    { 10, 23, 248, 2, 18, 29, 13309 }, // U+0458
    { 15, 13, 240, 0, 13, 25, 13338 }, // U+0459
    { 15, 13, 240, 0, 13, 25, 13363 }, // U+045A
    { 14, 18, 240, 0, 18, 32, 13388 }, // U+045B
    { 13, 21, 240, 1, 21, 35, 13420 }, // U+045C
    { 13, 21, 240, 1, 21, 35, 13455 }, // U+045D
    { 15, 25, 240, 0, 20, 47, 13490 }, // U+045E
    { 13, 17, 240, 1, 13, 28, 13537 }, // U+045F
    { 15, 17, 240, 0, 17, 32, 13565 }, // U+0472
    { 13, 13, 240, 1, 13, 22, 13597 }, // U+0473
    { 12, 21, 240, 2, 21, 32, 13619 }, // U+0490
    { 10, 16, 240, 3, 16, 20, 13651 }, // U+0491
    { 14, 17, 240, 0, 17, 30, 13671 }, // U+0492
    { 13, 13, 240, 1, 13, 22, 13701 }, // U+0493
    { 14, 22, 240, 1, 17, 39, 13723 }, // U+0494
    { 13, 18, 240, 1, 13, 30, 13762 }, // U+0495
    { 17, 20, 240, -1, 17, 43, 13792 }, // U+0496
    { 16, 16, 240, 0, 13, 32, 13835 }, // U+0497
    { 14, 21, 240, 0, 17, 37, 13867 }, // U+0498
    { 13, 17, 240, 1, 13, 28, 13904 }, // U+0499
    { 14, 21, 240, 1, 17, 37, 13932 }, // U+049A
    { 14, 16, 240, 1, 13, 28, 13969 }, // U+049B
    { 15, 17, 240, 0, 17, 32, 13997 }, // U+049C
    { 15, 13, 240, 0, 13, 25, 14029 }, // U+049D
    { 15, 17, 240, 0, 17, 32, 14054 }, // U+04A0
    { 15, 13, 240, 0, 13, 25, 14086 }, // U+04A1
    { 14, 21, 240, 1, 17, 37, 14111 }, // U+04A2
    { 14, 16, 240, 1, 13, 28, 14148 }, // U+04A3
    { 15, 17, 240, 0, 17, 32, 14176 }, // U+04A4
    { 15, 13, 240, 0, 13, 25, 14208 }, // U+04A5
    { 14, 21, 240, 1, 17, 37, 14233 }, // U+04AA
    { 13, 16, 240, 1, 13, 26, 14270 }, // U+04AB
    { 15, 17, 240, 0, 17, 32, 14296 }, // U+04AE
    { 15, 18, 240, 0, 13, 34, 14328 }, // U+04AF
    { 15, 17, 240, 0, 17, 32, 14362 }, // U+04B0
    { 15, 18, 240, 0, 13, 34, 14394 }, // U+04B1
    { 16, 21, 240, 0, 17, 42, 14428 }, // U+04B2
    { 15, 16, 240, 0, 13, 30, 14470 }, // U+04B3
    { 15, 21, 240, 0, 17, 40, 14500 }, // U+04B6
    { 14, 16, 240, 1, 13, 28, 14540 }, // U+04B7
    { 14, 17, 240, 0, 17, 30, 14568 }, // U+04B8
    { 13, 13, 240, 1, 13, 22, 14598 }, // U+04B9
    { 14, 17, 240, 1, 17, 30, 14620 }, // U+04BA
    { 13, 18, 240, 1, 18, 30, 14650 }, // U+04BB
    { 13, 17, 240, 1, 17, 28, 14680 }, // U+04C0
    { 15, 24, 240, 0, 24, 45, 14708 }, // U+04C1
    { 15, 20, 240, 0, 20, 38, 14753 }, // U+04C2
    { 13, 18, 240, 1, 18, 30, 14791 }, // U+04CF
    { 15, 24, 240, 0, 24, 45, 14821 }, // U+04D0
    { 14, 20, 240, 1, 20, 35, 14866 }, // U+04D1
    { 15, 22, 240, 0, 22, 42, 14901 }, // U+04D2
    { 14, 18, 240, 1, 18, 32, 14943 }, // U+04D3
    { 16, 17, 240, -1, 17, 34, 14975 }, // U+04D4
    { 15, 13, 240, 0, 13, 25, 15009 }, // U+04D5
    { 12, 24, 240, 2, 24, 36, 15034 }, // U+04D6
    { 13, 20, 240, 1, 20, 33, 15070 }, // U+04D7
    { 15, 17, 240, 0, 17, 32, 15103 }, // U+04D8
    { 13, 13, 240, 1, 13, 22, 15135 }, // U+04D9
    { 15, 22, 240, 0, 22, 42, 15157 }, // U+04DC
    { 15, 18, 240, 0, 18, 34, 15199 }, // U+04DD
    { 14, 22, 240, 0, 22, 39, 15233 }, // U+04DE
    { 13, 18, 240, 1, 18, 30, 15272 }, // U+04DF
    { 13, 22, 240, 1, 22, 36, 15302 }, // U+04E2
    { 13, 18, 240, 1, 18, 30, 15338 }, // U+04E3
    { 13, 22, 240, 1, 22, 36, 15368 }, // U+04E4
    { 13, 18, 240, 1, 18, 30, 15404 }, // U+04E5
    { 15, 22, 240, 0, 22, 42, 15434 }, // U+04E6
    { 13, 18, 240, 1, 18, 30, 15476 }, // U+04E7
    { 15, 17, 240, 0, 17, 32, 15506 }, // U+04E8
    { 13, 13, 240, 1, 13, 22, 15538 }, // U+04E9
    { 15, 22, 240, 0, 22, 42, 15560 }, // U+04EE
    { 15, 23, 240, 0, 18, 44, 15602 }, // U+04EF
    { 15, 22, 240, 0, 22, 42, 15646 }, // U+04F0
    { 15, 23, 240, 0, 18, 44, 15688 }, // U+04F1
    { 15, 25, 240, 0, 25, 47, 15732 }, // U+04F2
    { 15, 26, 240, 0, 21, 49, 15779 }, // U+04F3
    { 14, 22, 240, 0, 22, 39, 15828 }, // U+04F4
    { 13, 18, 240, 1, 18, 30, 15867 }, // U+04F5
    { 15, 22, 240, 0, 22, 42, 15897 }, // U+04F8
    { 15, 18, 240, 0, 18, 34, 15939 }, // U+04F9
    { 17, 15, 270, 0, 15, 32, 15973 }, // U+05D0
    { 15, 15, 238, 0, 15, 29, 16005 }, // U+05D1
    { 10, 16, 165, 0, 15, 20, 16034 }, // U+05D2
    { 14, 15, 228, 0, 15, 27, 16054 }, // U+05D3
    { 14, 15, 263, 1, 15, 27, 16081 }, // U+05D4
    { 7, 15, 135, 0, 15, 14, 16108 }, // U+05D5
    { 9, 15, 148, 0, 15, 17, 16122 }, // U+05D6
    { 16, 15, 275, 0, 15, 30, 16139 }, // U+05D7
    { 15, 15, 264, 1, 15, 29, 16169 }, // U+05D8
    { 7, 9, 133, 0, 15, 8, 16198 }, // U+05D9
    { 13, 20, 228, 0, 15, 33, 16206 }, // U+05DA
    { 13, 15, 211, 0, 15, 25, 16239 }, // U+05DB
    { 14, 19, 222, 0, 19, 34, 16264 }, // U+05DC
    { 15, 15, 281, 1, 15, 29, 16298 }, // U+05DD
    { 17, 15, 281, 0, 15, 32, 16327 }, // U+05DE
    { 7, 20, 142, 0, 15, 18, 16359 }, // U+05DF
    { 8, 15, 162, 1, 15, 15, 16377 }, // U+05E0
    { 16, 15, 272, 0, 15, 30, 16392 }, // U+05E1
    { 15, 18, 252, 0, 16, 34, 16422 }, // U+05E2
    { 14, 20, 262, 1, 15, 35, 16456 }, // U+05E3
    { 15, 15, 251, 0, 15, 29, 16491 }, // U+05E4
    { 14, 20, 235, 0, 15, 35, 16520 }, // U+05E5
    { 14, 15, 237, 0, 15, 27, 16555 }, // U+05E6
    { 15, 20, 262, 1, 15, 38, 16582 }, // U+05E7
    { 12, 15, 217, 0, 15, 23, 16620 }, // U+05E8
    { 18, 15, 315, 1, 15, 34, 16643 }, // U+05E9
    { 17, 15, 289, 0, 15, 32, 16677 }, // U+05EA
    { 5, 8, 129, 1, 7, 5, 16709 }, // U+060C
    { 7, 19, 136, 0, 18, 17, 16714 }, // U+061B
    { 13, 20, 205, 0, 19, 33, 16731 }, // U+061F
    { 11, 13, 188, 0, 11, 18, 16764 }, // U+0621
    { 10, 5, 116, 0, 4, 7, 16782 }, // U+0640
    { 7, 7, 0, 0, 21, 7, 16789 }, // U+0654
    { 6, 7, 229, 4, 11, 6, 16796 }, // U+0660
    { 6, 19, 229, 4, 18, 15, 16802 }, // U+0661
    { 13, 19, 229, 1, 18, 31, 16817 }, // U+0662
    { 14, 19, 229, 0, 18, 34, 16848 }, // U+0663
    { 12, 19, 229, 1, 18, 29, 16882 }, // U+0664
    { 12, 14, 229, 1, 14, 21, 16911 }, // U+0665
    { 13, 19, 229, 1, 18, 31, 16932 }, // U+0666
    { 15, 19, 229, 0, 18, 36, 16963 }, // U+0667
    { 15, 19, 229, 0, 18, 36, 16999 }, // U+0668
    { 12, 18, 229, 1, 18, 27, 17035 }, // U+0669
    { 18, 16, 296, 0, 10, 36, 17062 }, // U+06BA
    { 7, 3, 130, 1, 3, 3, 17098 }, // U+06D4
    { 11, 15, 188, 0, 14, 21, 17101 }, // U+06D5
    { 6, 7, 229, 4, 11, 6, 17122 }, // U+06F0
    { 6, 19, 229, 4, 18, 15, 17128 }, // U+06F1
    { 13, 19, 229, 1, 18, 31, 17143 }, // U+06F2
    { 14, 19, 229, 0, 18, 34, 17174 }, // U+06F3
    { 13, 19, 229, 1, 18, 31, 17208 }, // U+06F4
    { 14, 17, 229, 0, 17, 30, 17239 }, // U+06F5
    { 12, 18, 229, 1, 17, 27, 17269 }, // U+06F6
    { 15, 19, 229, 0, 18, 36, 17296 }, // U+06F7
    { 15, 19, 229, 0, 18, 36, 17332 }, // U+06F8
    { 12, 18, 229, 1, 18, 27, 17368 }, // U+06F9
    { 15, 23, 240, 0, 17, 44, 17395 }, // U+1EA0
    { 14, 19, 240, 1, 13, 34, 17439 }, // U+1EA1
    { 15, 24, 240, 0, 24, 45, 17473 }, // U+1EA2
    { 14, 20, 240, 1, 20, 35, 17518 }, // U+1EA3
    { 16, 28, 240, 0, 28, 56, 17553 }, // U+1EA4
    { 14, 24, 240, 1, 24, 42, 17609 }, // U+1EA5
    { 16, 28, 240, -1, 28, 56, 17651 }, // U+1EA6
    { 16, 24, 240, -1, 24, 48, 17707 }, // U+1EA7
    { 15, 28, 240, 0, 28, 53, 17755 }, // U+1EA8
    { 14, 24, 240, 1, 24, 42, 17808 }, // U+1EA9
    { 15, 28, 240, 0, 28, 53, 17850 }, // U+1EAA
    { 14, 23, 240, 1, 23, 41, 17903 }, // U+1EAB
    { 15, 30, 240, 0, 24, 57, 17944 }, // U+1EAC
    { 14, 25, 240, 1, 19, 44, 18001 }, // U+1EAD
    { 15, 28, 240, 0, 28, 53, 18045 }, // U+1EAE
    { 14, 24, 240, 1, 24, 42, 18098 }, // U+1EAF
    { 15, 28, 240, 0, 28, 53, 18140 }, // U+1EB0
    { 14, 24, 240, 1, 24, 42, 18193 }, // U+1EB1
    { 15, 28, 240, 0, 28, 53, 18235 }, // U+1EB2
    { 14, 24, 240, 1, 24, 42, 18288 }, // U+1EB3
    { 15, 27, 240, 0, 27, 51, 18330 }, // U+1EB4
    { 14, 23, 240, 1, 23, 41, 18381 }, // U+1EB5
    { 15, 30, 240, 0, 24, 57, 18422 }, // U+1EB6
    { 14, 26, 240, 1, 20, 46, 18479 }, // U+1EB7
    { 12, 23, 240, 2, 17, 35, 18525 }, // U+1EB8
    { 13, 19, 240, 1, 13, 31, 18560 }, // U+1EB9
    { 12, 24, 240, 2, 24, 36, 18591 }, // U+1EBA
    { 13, 20, 240, 1, 20, 33, 18627 }, // U+1EBB
    { 12, 23, 240, 2, 23, 35, 18660 }, // U+1EBC
    { 13, 19, 240, 1, 19, 31, 18695 }, // U+1EBD
    { 14, 28, 240, 2, 28, 49, 18726 }, // U+1EBE
    { 15, 24, 240, 1, 24, 45, 18775 }, // U+1EBF
    { 15, 28, 240, -1, 28, 53, 18820 }, // U+1EC0
    { 15, 24, 240, -1, 24, 45, 18873 }, // U+1EC1
    { 13, 28, 240, 2, 28, 46, 18918 }, // U+1EC2
    { 14, 24, 240, 1, 24, 42, 18964 }, // U+1EC3
    { 12, 28, 240, 2, 28, 42, 19006 }, // U+1EC4
    { 13, 23, 240, 1, 23, 38, 19048 }, // U+1EC5
    { 12, 30, 240, 2, 24, 45, 19086 }, // U+1EC6
    { 13, 25, 240, 1, 19, 41, 19131 }, // U+1EC7
    { 13, 24, 240, 1, 24, 39, 19172 }, // U+1EC8
    { 12, 20, 240, 2, 20, 30, 19211 }, // U+1EC9
    { 13, 23, 240, 1, 17, 38, 19241 }, // U+1ECA
    { 12, 24, 240, 2, 18, 36, 19279 }, // U+1ECB
    { 15, 23, 240, 0, 17, 44, 19315 }, // U+1ECC
    { 13, 19, 240, 1, 13, 31, 19359 }, // U+1ECD
    { 15, 24, 240, 0, 24, 45, 19390 }, // U+1ECE
    { 13, 20, 240, 1, 20, 33, 19435 }, // U+1ECF
    { 16, 28, 240, 0, 28, 56, 19468 }, // U+1ED0
    { 15, 24, 240, 1, 24, 45, 19524 }, // U+1ED1
    { 16, 28, 240, -1, 28, 56, 19569 }, // U+1ED2
    { 15, 24, 240, -1, 24, 45, 19625 }, // U+1ED3
    { 15, 28, 240, 0, 28, 53, 19670 }, // U+1ED4
    { 14, 24, 240, 1, 24, 42, 19723 }, // U+1ED5
    { 15, 28, 240, 0, 28, 53, 19765 }, // U+1ED6
    { 13, 23, 240, 1, 23, 38, 19818 }, // U+1ED7
    { 15, 30, 240, 0, 24, 57, 19856 }, // U+1ED8
    { 13, 25, 240, 1, 19, 41, 19913 }, // U+1ED9
    { 15, 26, 240, 0, 26, 49, 19954 }, // U+1EDA
    { 14, 21, 240, 1, 21, 37, 20003 }, // U+1EDB
    { 15, 25, 240, 0, 25, 47, 20040 }, // U+1EDC
    { 14, 21, 240, 1, 21, 37, 20087 }, // U+1EDD
    { 15, 24, 240, 0, 24, 45, 20124 }, // U+1EDE
    { 14, 20, 240, 1, 20, 35, 20169 }, // U+1EDF
    { 15, 23, 240, 0, 23, 44, 20204 }, // U+1EE0
    { 14, 18, 240, 1, 18, 32, 20248 }, // U+1EE1
    { 15, 27, 240, 0, 21, 51, 20280 }, // U+1EE2
    { 14, 22, 240, 1, 16, 39, 20331 }, // U+1EE3
    { 13, 23, 240, 1, 17, 38, 20370 }, // U+1EE4
    { 13, 19, 240, 1, 13, 31, 20408 }, // U+1EE5
    { 13, 24, 240, 1, 24, 39, 20439 }, // U+1EE6
    { 13, 20, 240, 1, 20, 33, 20478 }, // U+1EE7
    { 14, 26, 240, 1, 26, 46, 20511 }, // U+1EE8
    { 14, 21, 240, 1, 21, 37, 20557 }, // U+1EE9
    { 14, 25, 240, 1, 25, 44, 20594 }, // U+1EEA
    { 14, 21, 240, 1, 21, 37, 20638 }, // U+1EEB
    { 14, 24, 240, 1, 24, 42, 20675 }, // U+1EEC
    { 14, 20, 240, 1, 20, 35, 20717 }, // U+1EED
    { 14, 23, 240, 1, 23, 41, 20752 }, // U+1EEE
    { 14, 18, 240, 1, 18, 32, 20793 }, // U+1EEF
    { 14, 27, 240, 1, 21, 48, 20825 }, // U+1EF0
    { 14, 22, 240, 1, 16, 39, 20873 }, // U+1EF1
    { 15, 25, 240, 0, 25, 47, 20912 }, // U+1EF2
    { 15, 26, 240, 0, 21, 49, 20959 }, // U+1EF3
    { 15, 23, 240, 0, 17, 44, 21008 }, // U+1EF4
    { 15, 19, 240, 0, 13, 36, 21052 }, // U+1EF5
    { 15, 24, 240, 0, 24, 45, 21088 }, // U+1EF6
    { 15, 25, 240, 0, 20, 47, 21133 }, // U+1EF7
    { 15, 23, 240, 0, 23, 44, 21180 }, // U+1EF8
    { 15, 24, 240, 0, 19, 45, 21224 }, // U+1EF9
    { 0, 0, 52, 0, 0, 0, 21269 }, // U+2009
    { 0, 0, 0, 0, 0, 0, 21269 }, // U+200B
    { 2, 18, 0, -1, 17, 5, 21269 }, // U+200C
    { 6, 19, 0, -3, 18, 15, 21274 }, // U+200D
    { 7, 19, 0, -1, 18, 17, 21289 }, // U+200E
    { 7, 19, 0, -6, 18, 17, 21306 }, // U+200F
    { 8, 3, 128, 0, 8, 3, 21323 }, // U+2010
    { 8, 4, 129, 0, 9, 4, 21326 }, // U+2011
    { 13, 3, 240, 1, 9, 5, 21330 }, // U+2013
    { 15, 3, 240, 0, 9, 6, 21335 }, // U+2014
    { 7, 8, 240, 4, 18, 7, 21341 }, // U+2018
    { 7, 8, 240, 4, 18, 7, 21348 }, // U+2019
    { 7, 8, 240, 4, 4, 7, 21355 }, // U+201A
    { 14, 8, 240, 0, 18, 14, 21362 }, // U+201C
    { 14, 8, 240, 1, 18, 14, 21376 }, // U+201D
    { 13, 8, 240, 1, 4, 13, 21390 }, // U+201E
    { 13, 23, 240, 1, 18, 38, 21403 }, // U+2020
    { 13, 23, 240, 1, 18, 38, 21441 }, // U+2021
    { 7, 6, 240, 4, 10, 6, 21479 }, // U+2022
    { 15, 4, 240, 0, 4, 8, 21485 }, // U+2026
    { 0, 0, 52, 0, 0, 0, 21493 }, // U+202F
    { 15, 17, 240, 0, 17, 32, 21493 }, // U+2030
    { 7, 13, 240, 4, 13, 12, 21525 }, // U+2039
    { 7, 13, 240, 4, 13, 12, 21537 }, // U+203A
    { 15, 17, 240, 0, 17, 32, 21549 }, // U+2044
    { 7, 19, 136, 0, 18, 17, 21581 }, // U+204F
    { 9, 9, 240, 3, 17, 11, 21598 }, // U+2070
    { 9, 9, 240, 3, 17, 11, 21609 }, // U+2074
    { 9, 9, 240, 3, 17, 11, 21620 }, // U+2075
    { 9, 9, 240, 3, 17, 11, 21631 }, // U+2076
    { 8, 9, 240, 4, 17, 9, 21642 }, // U+2077
    { 9, 9, 240, 3, 17, 11, 21651 }, // U+2078
    { 9, 9, 240, 3, 17, 11, 21662 }, // U+2079
    { 9, 9, 240, 3, 9, 11, 21673 }, // U+2080
    { 8, 9, 240, 4, 9, 9, 21684 }, // U+2081
    { 9, 9, 240, 3, 9, 11, 21693 }, // U+2082
    { 9, 9, 240, 3, 9, 11, 21704 }, // U+2083
    { 9, 9, 240, 3, 9, 11, 21715 }, // U+2084
    { 9, 9, 240, 3, 9, 11, 21726 }, // U+2085
    { 9, 9, 240, 3, 9, 11, 21737 }, // U+2086
    { 8, 9, 240, 4, 9, 9, 21748 }, // U+2087
    { 9, 9, 240, 3, 9, 11, 21757 }, // U+2088
    { 9, 9, 240, 3, 9, 11, 21768 }, // U+2089
    { 14, 24, 240, 1, 21, 42, 21779 }, // U+20A1
    { 13, 17, 240, 1, 17, 28, 21821 }, // U+20A4
    { 15, 17, 240, 0, 17, 32, 21849 }, // U+20A6
    { 15, 17, 240, 0, 17, 32, 21881 }, // U+20A8
    { 15, 17, 240, 0, 17, 32, 21913 }, // U+20A9
    { 15, 17, 240, 0, 17, 32, 21945 }, // U+20AA
    { 14, 18, 240, 1, 18, 32, 21977 }, // U+20AB
    { 14, 17, 240, 1, 17, 30, 22009 }, // U+20AC
    { 16, 17, 240, 0, 17, 34, 22039 }, // U+20AD
    { 15, 17, 240, 0, 17, 32, 22073 }, // U+20AE
    { 15, 17, 240, 0, 17, 32, 22105 }, // U+20B1
    { 14, 23, 240, 0, 20, 41, 22137 }, // U+20B2
    { 15, 17, 240, 0, 17, 32, 22178 }, // U+20B4
    { 14, 23, 240, 1, 20, 41, 22210 }, // U+20B5
    { 13, 17, 240, 1, 17, 28, 22251 }, // U+20B8
    { 14, 17, 240, 1, 17, 30, 22279 }, // U+20B9
    { 15, 17, 240, 0, 17, 32, 22309 }, // U+20BA
    { 15, 17, 240, 0, 17, 32, 22341 }, // U+20BD
    { 13, 23, 240, 1, 20, 38, 22373 }, // U+20BF
    { 15, 13, 240, 0, 15, 25, 22411 }, // U+2190
    { 13, 18, 240, 1, 18, 30, 22436 }, // U+2191
    { 15, 13, 240, 0, 15, 25, 22466 }, // U+2192
    { 13, 18, 240, 1, 17, 30, 22491 }, // U+2193
    { 15, 11, 240, 0, 14, 21, 22521 }, // U+2194
    { 13, 19, 240, 1, 18, 31, 22542 }, // U+2195
    { 14, 14, 240, 1, 16, 25, 22573 }, // U+2196
    { 14, 14, 240, 0, 16, 25, 22598 }, // U+2197
    { 14, 14, 240, 0, 16, 25, 22623 }, // U+2198
    { 14, 14, 240, 1, 16, 25, 22648 }, // U+2199
    { 15, 15, 240, 0, 16, 29, 22673 }, // U+21A9
    { 15, 15, 240, 0, 16, 29, 22702 }, // U+21AA
    { 14, 18, 240, 0, 18, 32, 22731 }, // U+21B0
    { 14, 18, 240, 1, 18, 32, 22763 }, // U+21B1
    { 14, 18, 240, 0, 18, 32, 22795 }, // U+21B2
    { 14, 18, 240, 1, 18, 32, 22827 }, // U+21B3
    { 15, 16, 240, 0, 17, 30, 22859 }, // U+21B6
    { 15, 16, 240, 0, 17, 30, 22889 }, // U+21B7
    { 15, 18, 240, 0, 18, 34, 22919 }, // U+21BA
    { 15, 18, 240, 0, 18, 34, 22953 }, // U+21BB
    { 15, 23, 240, 0, 20, 44, 22987 }, // U+21C4
    { 15, 23, 240, 0, 20, 44, 23031 }, // U+21C6
    { 13, 18, 240, 1, 18, 30, 23075 }, // U+2202
    { 15, 18, 240, 0, 18, 34, 23105 }, // U+2206
    { 13, 19, 240, 1, 18, 31, 23139 }, // U+220F
    { 13, 23, 240, 1, 18, 38, 23170 }, // U+2211
    { 13, 3, 240, 1, 9, 5, 23208 }, // U+2212
    { 15, 18, 240, 0, 18, 34, 23213 }, // U+221A
    { 15, 9, 240, 0, 12, 17, 23247 }, // U+221E
    { 14, 24, 240, 0, 19, 42, 23264 }, // U+222B
    { 15, 11, 240, 0, 13, 21, 23306 }, // U+2248
    { 13, 14, 240, 1, 14, 23, 23327 }, // U+2260
    { 11, 15, 240, 2, 15, 21, 23350 }, // U+2264
    { 11, 15, 240, 2, 15, 21, 23371 }, // U+2265
    { 14, 18, 240, 0, 18, 32, 23392 }, // U+FB01
    { 14, 18, 240, 0, 18, 32, 23424 }, // U+FB02
    { 25, 21, 410, 0, 12, 66, 23456 }, // U+FB56
    { 31, 19, 457, 0, 10, 74, 23522 }, // U+FB57
    { 8, 21, 144, 0, 12, 21, 23596 }, // U+FB58
    { 13, 18, 164, 0, 9, 30, 23617 }, // U+FB59
    { 25, 19, 410, 0, 18, 60, 23647 }, // U+FB66
    { 31, 19, 457, 0, 18, 74, 23707 }, // U+FB67
    { 8, 22, 127, 0, 21, 22, 23781 }, // U+FB68
    { 13, 19, 164, 0, 18, 31, 23803 }, // U+FB69
    { 17, 23, 275, 0, 13, 49, 23834 }, // U+FB7A
    { 21, 23, 304, 0, 13, 61, 23883 }, // U+FB7B
    { 16, 20, 252, 0, 11, 40, 23944 }, // U+FB7C
    { 19, 20, 262, 0, 11, 48, 23984 }, // U+FB7D
    { 12, 23, 207, 0, 22, 35, 24032 }, // U+FB88
    { 17, 23, 228, 0, 22, 49, 24067 }, // U+FB89
    { 11, 26, 164, -1, 20, 36, 24116 }, // U+FB8A
    { 15, 26, 180, -1, 20, 49, 24152 }, // U+FB8B
    { 11, 26, 164, -1, 20, 36, 24201 }, // U+FB8C
    { 15, 26, 180, -1, 20, 49, 24237 }, // U+FB8D
    { 23, 19, 364, 0, 18, 55, 24286 }, // U+FB8E
    { 26, 19, 381, 0, 18, 62, 24341 }, // U+FB8F
    { 12, 19, 182, 0, 18, 29, 24403 }, // U+FB90
    { 15, 19, 203, 0, 18, 36, 24432 }, // U+FB91
    { 23, 23, 364, 0, 22, 67, 24468 }, // U+FB92
    { 26, 23, 381, 0, 22, 75, 24535 }, // U+FB93
    { 13, 23, 182, -1, 22, 38, 24610 }, // U+FB94
    { 16, 23, 203, -1, 22, 46, 24648 }, // U+FB95
    { 18, 16, 296, 0, 10, 36, 24694 }, // U+FB9E
    { 23, 15, 322, 0, 9, 44, 24730 }, // U+FB9F
    { 11, 15, 188, 0, 14, 21, 24774 }, // U+FBA6
    { 17, 11, 234, 0, 10, 24, 24795 }, // U+FBA7
    { 7, 17, 127, 0, 12, 15, 24819 }, // U+FBA8
    { 15, 13, 206, 0, 6, 25, 24834 }, // U+FBA9
    { 19, 15, 308, 0, 14, 36, 24859 }, // U+FBAA
    { 20, 18, 274, 0, 12, 45, 24895 }, // U+FBAB
    { 16, 15, 256, 0, 14, 30, 24940 }, // U+FBAC
    { 17, 18, 228, 0, 12, 39, 24970 }, // U+FBAD
    { 23, 14, 377, 0, 13, 41, 25009 }, // U+FBAE
    { 17, 12, 224, 0, 4, 26, 25050 }, // U+FBAF
    { 23, 21, 377, 0, 20, 61, 25076 }, // U+FBB0
    { 17, 19, 224, 0, 11, 41, 25137 }, // U+FBB1
    { 21, 18, 328, 0, 12, 48, 25178 }, // U+FBFC
    { 22, 13, 320, 0, 7, 36, 25226 }, // U+FBFD
    { 8, 18, 144, 0, 12, 18, 25262 }, // U+FBFE
    { 13, 15, 164, 0, 9, 25, 25280 }, // U+FBFF
    { 11, 13, 188, 0, 11, 18, 25305 }, // U+FE80
    { 10, 23, 108, -2, 23, 29, 25323 }, // U+FE81
    { 12, 25, 127, -2, 24, 38, 25352 }, // U+FE82
    { 6, 25, 108, 0, 25, 19, 25390 }, // U+FE83
    { 10, 27, 127, 0, 26, 34, 25409 }, // U+FE84
    { 12, 24, 199, 0, 18, 36, 25443 }, // U+FE85
    { 16, 24, 210, 0, 18, 48, 25479 }, // U+FE86
    { 6, 27, 109, 1, 19, 21, 25527 }, // U+FE87
    { 9, 27, 127, 1, 19, 31, 25548 }, // U+FE88
    { 21, 19, 328, 0, 13, 50, 25579 }, // U+FE89
    { 22, 19, 320, 0, 13, 53, 25629 }, // U+FE8A
    { 7, 21, 127, 0, 20, 19, 25682 }, // U+FE8B
    { 12, 18, 154, 0, 17, 27, 25701 }, // U+FE8C
    { 5, 19, 109, 1, 19, 12, 25728 }, // U+FE8D
    { 9, 20, 127, 1, 19, 23, 25740 }, // U+FE8E
    { 25, 19, 410, 0, 12, 60, 25763 }, // U+FE8F
    { 31, 17, 457, 0, 10, 66, 25823 }, // U+FE90
    { 7, 18, 127, 0, 12, 16, 25889 }, // U+FE91
    { 12, 15, 154, 0, 9, 23, 25905 }, // U+FE92
    { 11, 21, 188, 0, 20, 29, 25928 }, // U+FE93
    { 16, 23, 222, 0, 22, 46, 25957 }, // U+FE94
    { 25, 16, 410, 0, 15, 50, 26003 }, // U+FE95
    { 31, 16, 457, 0, 15, 62, 26053 }, // U+FE96
    { 9, 19, 127, -1, 18, 22, 26115 }, // U+FE97
    { 13, 16, 164, 0, 15, 26, 26137 }, // U+FE98
    { 25, 19, 410, 0, 18, 60, 26163 }, // U+FE99
    { 31, 19, 457, 0, 18, 74, 26223 }, // U+FE9A
    { 8, 22, 127, 0, 21, 22, 26297 }, // U+FE9B
    { 13, 19, 164, 0, 18, 31, 26319 }, // U+FE9C
    { 17, 23, 275, 0, 13, 49, 26350 }, // U+FE9D
    { 21, 23, 296, 0, 13, 61, 26399 }, // U+FE9E
    { 16, 17, 252, 0, 11, 34, 26460 }, // U+FE9F
    { 19, 17, 262, 0, 11, 41, 26494 }, // U+FEA0
    { 17, 23, 275, 0, 13, 49, 26535 }, // U+FEA1
    { 21, 23, 296, 0, 13, 61, 26584 }, // U+FEA2
    { 16, 12, 252, 0, 11, 24, 26645 }, // U+FEA3
    { 19, 12, 262, 0, 11, 29, 26669 }, // U+FEA4
    { 17, 29, 275, 0, 19, 62, 26698 }, // U+FEA5
    { 21, 29, 296, 0, 19, 77, 26760 }, // U+FEA6
    { 16, 19, 252, 0, 18, 38, 26837 }, // U+FEA7
    { 19, 19, 262, 0, 18, 46, 26875 }, // U+FEA8
    { 12, 14, 207, 0, 13, 21, 26921 }, // U+FEA9
    { 17, 14, 228, 0, 13, 30, 26942 }, // U+FEAA
    { 12, 20, 207, 0, 19, 30, 26972 }, // U+FEAB
    { 17, 20, 228, 0, 19, 43, 27002 }, // U+FEAC
    { 10, 16, 164, -1, 10, 20, 27045 }, // U+FEAD
    { 15, 16, 180, -1, 10, 30, 27065 }, // U+FEAE
    { 10, 23, 164, -1, 17, 29, 27095 }, // U+FEAF
    { 15, 23, 180, -1, 17, 44, 27124 }, // U+FEB0
    { 33, 18, 548, 0, 12, 75, 27168 }, // U+FEB1
    { 38, 17, 576, 0, 11, 81, 27243 }, // U+FEB2
    { 23, 13, 380, 0, 12, 38, 27324 }, // U+FEB3
    { 28, 12, 408, 0, 11, 42, 27362 }, // U+FEB4
    { 33, 25, 548, 0, 19, 104, 27404 }, // U+FEB5
    { 38, 25, 576, 0, 19, 119, 27508 }, // U+FEB6
    { 23, 20, 380, 0, 19, 58, 27627 }, // U+FEB7
    { 28, 20, 408, 0, 19, 70, 27685 }, // U+FEB8
    { 35, 17, 569, 0, 11, 75, 27755 }, // U+FEB9
    { 39, 17, 577, 0, 11, 83, 27830 }, // U+FEBA
    { 24, 12, 390, 0, 11, 36, 27913 }, // U+FEBB
    { 28, 12, 402, 0, 11, 42, 27949 }, // U+FEBC
    { 35, 24, 569, 0, 18, 105, 27991 }, // U+FEBD
    { 39, 24, 577, 0, 18, 117, 28096 }, // U+FEBE
    { 24, 19, 390, 0, 18, 57, 28213 }, // U+FEBF
    { 28, 19, 402, 0, 18, 67, 28270 }, // U+FEC0
    { 21, 20, 338, 0, 19, 53, 28337 }, // U+FEC1
    { 24, 20, 344, 0, 19, 60, 28390 }, // U+FEC2
    { 18, 20, 295, 0, 19, 45, 28450 }, // U+FEC3
    { 22, 20, 305, 0, 19, 55, 28495 }, // U+FEC4
    { 21, 20, 338, 0, 19, 53, 28550 }, // U+FEC5
    { 24, 20, 344, 0, 19, 60, 28603 }, // U+FEC6
    { 18, 20, 295, 0, 19, 45, 28663 }, // U+FEC7
    { 22, 20, 305, 0, 19, 55, 28708 }, // U+FEC8
    { 17, 24, 228, 0, 14, 51, 28763 }, // U+FEC9
    { 17, 22, 228, 0, 12, 47, 28814 }, // U+FECA
    { 13, 14, 223, 0, 13, 23, 28861 }, // U+FECB
    { 17, 13, 221, -1, 12, 28, 28884 }, // U+FECC
    { 17, 31, 228, 0, 21, 66, 28912 }, // U+FECD
    { 17, 28, 228, 0, 18, 60, 28978 }, // U+FECE
    { 13, 20, 223, 0, 19, 33, 29038 }, // U+FECF
    { 17, 19, 221, -1, 18, 41, 29071 }, // U+FED0
    { 25, 22, 410, 0, 21, 69, 29112 }, // U+FED1
    { 30, 20, 446, 0, 19, 75, 29181 }, // U+FED2
    { 12, 22, 202, 0, 21, 33, 29256 }, // U+FED3
    { 16, 20, 212, 0, 19, 40, 29289 }, // U+FED4
    { 20, 23, 333, 0, 18, 58, 29329 }, // U+FED5
    { 24, 23, 342, 0, 16, 69, 29387 }, // U+FED6
    { 12, 22, 202, 0, 21, 33, 29456 }, // U+FED7
    { 16, 20, 212, 0, 19, 40, 29489 }, // U+FED8
    { 23, 20, 372, 0, 19, 58, 29529 }, // U+FED9
    { 27, 20, 390, 0, 19, 68, 29587 }, // U+FEDA
    { 12, 19, 182, 0, 18, 29, 29655 }, // U+FEDB
    { 15, 19, 203, 0, 18, 36, 29684 }, // U+FEDC
    { 18, 25, 296, 0, 19, 57, 29720 }, // U+FEDD
    { 22, 25, 316, 0, 19, 69, 29777 }, // U+FEDE
    { 7, 20, 119, 0, 19, 18, 29846 }, // U+FEDF
    { 11, 20, 138, 0, 19, 28, 29864 }, // U+FEE0
    { 13, 22, 219, 0, 12, 36, 29892 }, // U+FEE1
    { 19, 21, 264, 0, 11, 50, 29928 }, // U+FEE2
    { 14, 12, 233, 0, 11, 21, 29978 }, // U+FEE3
    { 18, 12, 250, 0, 11, 27, 29999 }, // U+FEE4
    { 18, 21, 296, 0, 15, 48, 30026 }, // U+FEE5
    { 23, 21, 322, 0, 15, 61, 30074 }, // U+FEE6
    { 7, 19, 127, 0, 18, 17, 30135 }, // U+FEE7
    { 12, 17, 154, 0, 16, 26, 30152 }, // U+FEE8
    { 11, 15, 188, 0, 14, 21, 30178 }, // U+FEE9
    { 16, 16, 222, 0, 15, 32, 30199 }, // U+FEEA
    { 16, 15, 256, 0, 14, 30, 30231 }, // U+FEEB
    { 17, 18, 228, 0, 12, 39, 30261 }, // U+FEEC
    { 12, 17, 199, 0, 11, 26, 30300 }, // U+FEED
    { 16, 17, 210, 0, 11, 34, 30326 }, // U+FEEE
    { 21, 18, 328, 0, 12, 48, 30360 }, // U+FEEF
    { 22, 13, 320, 0, 7, 36, 30408 }, // U+FEF0
    { 21, 24, 328, 0, 12, 63, 30444 }, // U+FEF1
    { 22, 19, 320, 0, 7, 53, 30507 }, // U+FEF2
    { 8, 18, 144, 0, 12, 18, 30560 }, // U+FEF3
    { 13, 15, 164, 0, 9, 25, 30578 }, // U+FEF4
    { 17, 21, 253, -2, 21, 45, 30603 }, // U+FEF5
    { 20, 22, 272, 0, 21, 55, 30648 }, // U+FEF6
    { 15, 23, 253, 0, 23, 44, 30703 }, // U+FEF7
    { 19, 24, 272, 1, 23, 57, 30747 }, // U+FEF8
    { 14, 27, 253, 1, 19, 48, 30804 }, // U+FEF9
    { 19, 27, 272, 1, 19, 65, 30852 }, // U+FEFA
    { 14, 19, 253, 1, 19, 34, 30917 }, // U+FEFB
    { 19, 20, 272, 1, 19, 48, 30951 }, // U+FEFC
};

static const EpdUnicodeInterval ubuntu_12_boldIntervals[] = {
    { 0x0, 0x0, 0x0 },
    { 0xD, 0xD, 0x1 },
    { 0x20, 0x7E, 0x2 },
    { 0xA0, 0xA3, 0x61 },
    { 0xA5, 0x17E, 0x65 },
    { 0x1A0, 0x1A1, 0x13F },
    { 0x1AF, 0x1B0, 0x141 },
    { 0x1FA, 0x1FF, 0x143 },
    { 0x218, 0x21B, 0x149 },
    { 0x300, 0x304, 0x14D },
    { 0x306, 0x30C, 0x152 },
    { 0x312, 0x312, 0x159 },
    { 0x315, 0x315, 0x15A },
    { 0x31B, 0x31B, 0x15B },
    { 0x323, 0x323, 0x15C },
    { 0x326, 0x328, 0x15D },
    { 0x34F, 0x34F, 0x160 },
    { 0x400, 0x45F, 0x161 },
    { 0x472, 0x473, 0x1C1 },
    { 0x490, 0x49D, 0x1C3 },
    { 0x4A0, 0x4A5, 0x1D1 },
    { 0x4AA, 0x4AB, 0x1D7 },
    { 0x4AE, 0x4B3, 0x1D9 },
    { 0x4B6, 0x4BB, 0x1DF },
    { 0x4C0, 0x4C2, 0x1E5 },
    { 0x4CF, 0x4D9, 0x1E8 },
    { 0x4DC, 0x4DF, 0x1F3 },
    { 0x4E2, 0x4E9, 0x1F7 },
    { 0x4EE, 0x4F5, 0x1FF },
    { 0x4F8, 0x4F9, 0x207 },
    { 0x5D0, 0x5EA, 0x209 },
    { 0x60C, 0x60C, 0x224 },
    { 0x61B, 0x61B, 0x225 },
    { 0x61F, 0x61F, 0x226 },
    { 0x621, 0x621, 0x227 },
    { 0x640, 0x640, 0x228 },
    { 0x654, 0x654, 0x229 },
    { 0x660, 0x669, 0x22A },
    { 0x6BA, 0x6BA, 0x234 },
    { 0x6D4, 0x6D5, 0x235 },
    { 0x6F0, 0x6F9, 0x237 },
    { 0x1EA0, 0x1EF9, 0x241 },
    { 0x2009, 0x2009, 0x29B },
    { 0x200B, 0x2011, 0x29C },
    { 0x2013, 0x2014, 0x2A3 },
    { 0x2018, 0x201A, 0x2A5 },
    { 0x201C, 0x201E, 0x2A8 },
    { 0x2020, 0x2022, 0x2AB },
    { 0x2026, 0x2026, 0x2AE },
    { 0x202F, 0x2030, 0x2AF },
    { 0x2039, 0x203A, 0x2B1 },
    { 0x2044, 0x2044, 0x2B3 },
    { 0x204F, 0x204F, 0x2B4 },
    { 0x2070, 0x2070, 0x2B5 },
    { 0x2074, 0x2079, 0x2B6 },
    { 0x2080, 0x2089, 0x2BC },
    { 0x20A1, 0x20A1, 0x2C6 },
    { 0x20A4, 0x20A4, 0x2C7 },
    { 0x20A6, 0x20A6, 0x2C8 },
    { 0x20A8, 0x20AE, 0x2C9 },
    { 0x20B1, 0x20B2, 0x2D0 },
    { 0x20B4, 0x20B5, 0x2D2 },
    { 0x20B8, 0x20BA, 0x2D4 },
    { 0x20BD, 0x20BD, 0x2D7 },
    { 0x20BF, 0x20BF, 0x2D8 },
    { 0x2190, 0x2199, 0x2D9 },
    { 0x21A9, 0x21AA, 0x2E3 },
    { 0x21B0, 0x21B3, 0x2E5 },
    { 0x21B6, 0x21B7, 0x2E9 },
    { 0x21BA, 0x21BB, 0x2EB },
    { 0x21C4, 0x21C4, 0x2ED },
    { 0x21C6, 0x21C6, 0x2EE },
    { 0x2202, 0x2202, 0x2EF },
    { 0x2206, 0x2206, 0x2F0 },
    { 0x220F, 0x220F, 0x2F1 },
    { 0x2211, 0x2212, 0x2F2 },
    { 0x221A, 0x221A, 0x2F4 },
    { 0x221E, 0x221E, 0x2F5 },
    { 0x222B, 0x222B, 0x2F6 },
    { 0x2248, 0x2248, 0x2F7 },
    { 0x2260, 0x2260, 0x2F8 },
    { 0x2264, 0x2265, 0x2F9 },
    { 0xFB01, 0xFB02, 0x2FB },
    { 0xFB56, 0xFB59, 0x2FD },
    { 0xFB66, 0xFB69, 0x301 },
    { 0xFB7A, 0xFB7D, 0x305 },
    { 0xFB88, 0xFB95, 0x309 },
    { 0xFB9E, 0xFB9F, 0x317 },
    { 0xFBA6, 0xFBB1, 0x319 },
    { 0xFBFC, 0xFBFF, 0x325 },
    { 0xFE80, 0xFEFC, 0x329 },
};

static const uint16_t ubuntu_12_boldKernLeftCodepoints[] = {
    0x05D0, 0x05D1, 0x05D2, 0x05D3, 0x05D5, 0x05D6, 0x05D8, 0x05D9, 0x05DB, 0x05DC, 0x05DE, 0x05E0,
    0x05E1, 0x05E2, 0x05E4, 0x05E6, 0x05E8, 0x05E9, 0x05EA, 0xFB8C, 0xFEAD, 0xFEAE, 0xFEAF,
};

static const uint8_t ubuntu_12_boldKernLeftClassIds[] = {
      1,   2,   3,   4,   5,   6,   7,   8,   9,  10,  11,  12,  13,  14,  15,  16,
     17,  18,  19,  20,  20,  20,  20,
};

static const uint16_t ubuntu_12_boldKernRightCodepoints[] = {
    0x05D0, 0x05D1, 0x05D2, 0x05D3, 0x05D4, 0x05D6, 0x05D7, 0x05D8, 0x05D9, 0x05DA, 0x05DB, 0x05DC,
    0x05DD, 0x05DE, 0x05E1, 0x05E2, 0x05E3, 0x05E4, 0x05E5, 0x05E7, 0x05E8, 0x05E9, 0x05EA, 0x06D5,
    0xFB8E, 0xFBA6, 0xFBAA, 0xFE8D, 0xFEA3, 0xFEA9, 0xFEB1, 0xFEB3, 0xFEB9, 0xFEBB, 0xFEC1, 0xFEC3,
    0xFEC9, 0xFECB, 0xFECD, 0xFEDB, 0xFEDF, 0xFEE1, 0xFEE3, 0xFEEB,
};

static const uint8_t ubuntu_12_boldKernRightClassIds[] = {
      1,   2,   3,   4,   5,   6,   7,   8,   9,  10,  11,  12,  13,  14,  15,  16,
     17,  18,  19,  20,  21,  22,  23,  24,  24,  24,  24,  25,  24,  26,  26,  26,
     26,  26,  26,  26,  27,  25,  27,  24,  25,  24,  24,  24,
};

static const uint16_t ubuntu_12_boldKernRowOffsets[] = {
        0,     6,    11,    18,    29,    35,    36,    45,    56,    62,    72,    77,    80,    87,    89,    96,
      103,   113,   120,   130,   134,
};

static const uint8_t ubuntu_12_boldKernSparseCols[] = {
      8,  10,  11,  17,  19,  21,   3,   9,  14,  17,  20,   1,   7,   8,  10,  11,
     13,  17,   1,   4,   7,   9,  10,  12,  13,  14,  16,  17,  20,   1,   7,  12,
     14,  17,  20,   1,   3,   7,   9,  10,  16,  17,  18,  19,  20,   1,   4,   6,
      7,  10,  12,  13,  14,  17,  20,  22,   7,  10,  13,  14,  16,  17,   1,   2,
      7,   9,  10,  14,  16,  17,  21,  22,  10,  12,  13,  14,  17,   7,   8,  10,
      7,   9,  11,  14,  16,  17,  20,   7,  14,   9,  10,  11,  14,  16,  17,  21,
      0,   1,   3,   8,  12,  14,  17,   1,   7,   9,  10,  13,  14,  16,  17,  20,
     22,   1,   7,  10,  12,  14,  17,  20,   3,   5,   8,  10,  11,  13,  14,  15,
     17,  21,  23,  24,  25,  26,
};

static const int8_t ubuntu_12_boldKernSparseValues[] = {
      -8,   -4,   -1,   -8,   -4,   -8,   -2,   -3,  -10,  -10,   -4,    3,   -3,  -10,   -2,   -5,
      -6,   -4,  -16,   -8,   -3,  -20,  -13,   -4,   -2,  -10,  -20,  -13,  -13,   -4,   -5,   -4,
      -6,   -8,   -9,   -3,   -2,   -8,  -15,   -1,   -9,   -6,   -3,   -3,   -2,  -24,   -8,   -6,
      -6,   -6,  -12,   -6,   -6,   -8,   -8,   -8,   -3,   -2,   -5,   -5,   -9,   -9,  -16,   -3,
      -3,  -12,   -9,   -3,  -18,   -5,    3,   -1,   -8,   -2,   -8,  -10,  -10,   -5,   -7,   -4,
      -3,  -12,   -3,   -3,   -5,   -2,   -9,   -6,   -4,   -6,   -8,   -6,   -6,  -14,   -3,   -6,
      -2,   -4,   -3,   -8,   -4,  -10,   -9,  -16,   -8,  -12,   -3,   -6,   -9,  -12,   -9,   -8,
     -10,  -11,   -3,  -11,   -6,   -9,   -6,   -6,  -19,  -20,   -7,   -3,   -3,  -15,  -16,  -16,
      -4,   -8,  -16,  -10,  -12,   20,
};

static const EpdFontData ubuntu_12_bold = {
    ubuntu_12_boldBitmaps,
    ubuntu_12_boldGlyphs,
    ubuntu_12_boldIntervals,
    91,
    33,
    26,
    -7,
    false,
    nullptr,
    0,
    nullptr,
    nullptr,  // kernLeftClasses: built-in fonts use the split arrays below
    nullptr,  // kernRightClasses
    ubuntu_12_boldKernLeftCodepoints,
    ubuntu_12_boldKernLeftClassIds,
    ubuntu_12_boldKernRightCodepoints,
    ubuntu_12_boldKernRightClassIds,
    nullptr,  // kernMatrix: built-in fonts use the sparse form below
    ubuntu_12_boldKernRowOffsets,
    ubuntu_12_boldKernSparseCols,
    ubuntu_12_boldKernSparseValues,
    23,
    44,
    20,
    27,
    nullptr,
    0,
};
