/**
 * generated by fontconvert.py
 * name: ubuntu_10_regular
 * size: 10
 * mode: 1-bit
 * Command used: fontconvert.py ubuntu_10_regular 10 ../builtinFonts/source/iAWriterMonoS/iAWriterMonoS-Regular.ttf ../builtinFonts/source/NotoSansHebrew/NotoSansHebrew-Regular.ttf ../builtinFonts/source/NotoSansArabic/NotoSansArabic-Regular.ttf ../builtinFonts/source/Ubuntu/Ubuntu-Vietnamese-Regular.ttf --additional-intervals 0x05D0,0x05EA --additional-intervals 0x060C,0x060C --additional-intervals 0x061B,0x061B --additional-intervals 0x061F,0x061F --additional-intervals 0x0621,0x0621 --additional-intervals 0x0640,0x0640 --additional-intervals 0x0654,0x0654 --additional-intervals 0x0660,0x0669 --additional-intervals 0x06BA,0x06BA --additional-intervals 0x06D4,0x06D4 --additional-intervals 0x06D5,0x06D5 --additional-intervals 0x06F0,0x06F9 --additional-intervals 0xFB56,0xFB59 --additional-intervals 0xFB66,0xFB69 --additional-intervals 0xFB7A,0xFB7D --additional-intervals 0xFB88,0xFB95 --additional-intervals 0xFB9E,0xFB9F --additional-intervals 0xFBA6,0xFBB1 --additional-intervals 0xFBFC,0xFBFF --additional-intervals 0xFE80,0xFEFC
 */
#pragma once
#include "EpdFontData.h"

static const uint8_t ubuntu_10_regularBitmaps[20007] = {
    0x77, 0x77, 0x76, 0x66, 0x66, 0x00, 0x7F, 0xF0, 0xEF, 0xBE, 0xFB, 0xEF, 0xB0, 0x0E, 0xC0, 0x76,
    0x03, 0x30, 0x19, 0x83, 0xFF, 0x3F, 0xFD, 0xFF, 0xC3, 0x30, 0x7F, 0xE7, 0xFF, 0xBF, 0xFC, 0x37,
    0x03, 0xB0, 0x19, 0x80, 0xCC, 0x00, 0x0C, 0x01, 0x80, 0x7C, 0x3F, 0xE7, 0xDF, 0xD8, 0xBB, 0x07,
    0x60, 0x7E, 0x07, 0xF0, 0x3F, 0x06, 0x70, 0xCE, 0x99, 0xFB, 0x3F, 0xFE, 0x3F, 0x81, 0xC0, 0x30,
    0x00, 0x7C, 0x33, 0xE3, 0xB1, 0x99, 0x8D, 0xCC, 0x6C, 0x7F, 0xE1, 0xF6, 0x02, 0x00, 0x01, 0xE0,
    0xDF, 0x8E, 0xCC, 0x66, 0x67, 0x33, 0x31, 0xFB, 0x87, 0x80, 0x1F, 0x03, 0xF8, 0x31, 0x83, 0x00,
    0x30, 0x03, 0x80, 0x18, 0x63, 0xCF, 0x7E, 0xFE, 0x7C, 0xE3, 0xCE, 0x1C, 0xE1, 0xC7, 0xFE, 0x3E,
    0x70, 0xDB, 0x6D, 0x80, 0x0C, 0x30, 0xC3, 0x86, 0x1C, 0x30, 0x60, 0xC1, 0x83, 0x06, 0x0E, 0x0C,
    0x18, 0x18, 0x38, 0x38, 0x30, 0xE0, 0xE0, 0xE0, 0xC1, 0xC1, 0x83, 0x06, 0x0E, 0x1C, 0x38, 0x60,
    0xC1, 0x86, 0x0C, 0x30, 0xC3, 0x00, 0x06, 0x00, 0x60, 0x06, 0x07, 0x67, 0x7F, 0xF1, 0xFC, 0x0F,
    0x01, 0xF8, 0x19, 0xC3, 0x8C, 0x00, 0x00, 0x0C, 0x01, 0x80, 0x30, 0x3F, 0xEF, 0xFF, 0xFF, 0x83,
    0x00, 0x60, 0x0C, 0x01, 0x80, 0x73, 0x99, 0xCE, 0x60, 0x7D, 0xFF, 0xF0, 0x7F, 0xF0, 0x00, 0xC0,
    0x60, 0x18, 0x0E, 0x03, 0x00, 0xC0, 0x60, 0x18, 0x0E, 0x03, 0x00, 0xC0, 0x60, 0x18, 0x0E, 0x03,
    0x00, 0xC0, 0x70, 0x18, 0x06, 0x00, 0x3F, 0x0F, 0xF1, 0x87, 0x70, 0x6E, 0x0D, 0x81, 0xF3, 0xBE,
    0x77, 0xC0, 0xF8, 0x1F, 0x83, 0x70, 0x66, 0x1C, 0xFF, 0x0F, 0xC0, 0x1E, 0x07, 0xC1, 0xD8, 0x73,
    0x0C, 0x60, 0x0C, 0x01, 0x80, 0x30, 0x06, 0x00, 0xC0, 0x18, 0x03, 0x00, 0x60, 0xFF, 0xFF, 0xF8,
    0x3F, 0x0F, 0xF3, 0x87, 0x70, 0xE0, 0x1C, 0x03, 0x80, 0x60, 0x1C, 0x07, 0x01, 0xC0, 0x70, 0x1C,
    0x07, 0x01, 0xFF, 0xBF, 0xF8, 0x3F, 0x1F, 0xEE, 0x1D, 0x07, 0x01, 0xC0, 0x70, 0xF8, 0x7C, 0x1F,
    0x80, 0x70, 0x0C, 0x07, 0xE1, 0xFF, 0xE7, 0xF0, 0x03, 0xC0, 0x3C, 0x07, 0xC0, 0x7C, 0x0D, 0xC1,
    0xDC, 0x19, 0xC3, 0x9C, 0x31, 0xC6, 0x1C, 0xFF, 0xEF, 0xFF, 0x7F, 0xF0, 0x1C, 0x01, 0xC0, 0x7F,
    0xCF, 0xF9, 0x80, 0x30, 0x06, 0x00, 0xC0, 0x1F, 0xE3, 0xFE, 0x61, 0xC0, 0x18, 0x03, 0x20, 0x6E,
    0x1C, 0xFF, 0x0F, 0xC0, 0x0F, 0x03, 0xC0, 0xF0, 0x1C, 0x07, 0x00, 0xC0, 0x3F, 0xE7, 0xFE, 0xE1,
    0xDC, 0x1B, 0x83, 0x70, 0x66, 0x1C, 0xFF, 0x0F, 0xC0, 0xFF, 0xDF, 0xFB, 0x07, 0x60, 0xEC, 0x18,
    0x07, 0x00, 0xC0, 0x38, 0x07, 0x00, 0xC0, 0x38, 0x06, 0x01, 0xC0, 0x30, 0x0E, 0x00, 0x3F, 0x0F,
    0xFB, 0x87, 0x70, 0x6E, 0x0C, 0xC3, 0x9F, 0xE1, 0xF8, 0x7F, 0xDC, 0x1B, 0x03, 0xE0, 0x7E, 0x0C,
    0xFF, 0x8F, 0xE0, 0x3F, 0x0F, 0xF3, 0x87, 0x70, 0x6E, 0x0D, 0xC1, 0xF8, 0x73, 0xFE, 0x7F, 0xC3,
    0xB8, 0x06, 0x01, 0xC0, 0x70, 0x1C, 0x07, 0x00, 0x7F, 0xF0, 0x00, 0x00, 0x7F, 0xF0, 0x73, 0x9C,
    0x00, 0x00, 0x00, 0x73, 0x99, 0xCE, 0x60, 0x00, 0x00, 0x30, 0x3C, 0x3C, 0x3E, 0x1E, 0x0E, 0x03,
    0xC0, 0x3C, 0x03, 0xC0, 0x7C, 0x07, 0x00, 0x40, 0x7F, 0xDF, 0xFF, 0xFF, 0x00, 0x07, 0xFD, 0xFF,
    0xFF, 0xF0, 0x00, 0x38, 0x07, 0x80, 0xF0, 0x0F, 0x00, 0xF0, 0x1C, 0x0F, 0x0F, 0x87, 0x87, 0x83,
    0x80, 0xC0, 0x00, 0x3F, 0x1F, 0xE6, 0x1F, 0x87, 0x01, 0xC0, 0x70, 0x78, 0x3C, 0x0C, 0x03, 0x00,
    0x00, 0x00, 0x1E, 0x07, 0x81, 0xE0, 0x1F, 0x07, 0xF1, 0xC7, 0x30, 0x6E, 0xFD, 0x9F, 0xB7, 0x36,
    0xE6, 0xDC, 0xDB, 0x9B, 0x73, 0x67, 0xEE, 0xFC, 0xC4, 0x18, 0x03, 0xF8, 0x3F, 0x80, 0xF0, 0x07,
    0x00, 0xF0, 0x0F, 0x80, 0xD8, 0x1D, 0x81, 0x98, 0x19, 0xC3, 0x8C, 0x3F, 0xC3, 0xFE, 0x3F, 0xE7,
    0x06, 0x60, 0x76, 0x07, 0xE0, 0x30, 0xFF, 0x9F, 0xF3, 0x87, 0x70, 0x6E, 0x0D, 0xC3, 0xBF, 0xE7,
    0xFC, 0xFF, 0xDC, 0x1B, 0x83, 0xF0, 0x7E, 0x0D, 0xFF, 0xBF, 0xE0, 0x1F, 0x87, 0xF9, 0xC7, 0x30,
    0x6E, 0x01, 0xC0, 0x38, 0x07, 0x00, 0xE0, 0x1C, 0x03, 0x80, 0x30, 0x67, 0x0C, 0x7F, 0x87, 0xE0,
    0x7F, 0x0F, 0xF1, 0x87, 0x30, 0x66, 0x0C, 0xC1, 0xD8, 0x3B, 0x07, 0x60, 0xEC, 0x1D, 0x83, 0x30,
    0x66, 0x1C, 0xFF, 0x1F, 0xC0, 0xFF, 0xFF, 0xFE, 0x03, 0x80, 0xE0, 0x38, 0x0F, 0xFB, 0xFF, 0xFF,
    0xF8, 0x0E, 0x03, 0x80, 0xE0, 0x3F, 0xFF, 0xFC, 0xFF, 0xDF, 0xFB, 0x80, 0x70, 0x0E, 0x01, 0xC0,
    0x3F, 0xE7, 0xFE, 0xFF, 0xDC, 0x03, 0x80, 0x70, 0x0E, 0x01, 0xC0, 0x38, 0x00, 0x3F, 0x1F, 0xE7,
    0x1F, 0x83, 0xE0, 0x30, 0x0C, 0x03, 0x0E, 0xC7, 0xF1, 0xFE, 0x0F, 0x83, 0x61, 0xDF, 0xF3, 0xEC,
    0xE0, 0xF8, 0x3E, 0x0F, 0x83, 0xE0, 0xF8, 0x3F, 0xFF, 0xFF, 0xFF, 0xF8, 0x3E, 0x0F, 0x83, 0xE0,
    0xF8, 0x3E, 0x0C, 0xFF, 0xDF, 0xF0, 0xE0, 0x38, 0x0E, 0x03, 0x80, 0xE0, 0x38, 0x0E, 0x03, 0x80,
    0xE0, 0x38, 0x0E, 0x1F, 0xFF, 0xFC, 0x3F, 0x9F, 0xC0, 0x60, 0x30, 0x18, 0x0C, 0x06, 0x03, 0x01,
    0x80, 0xC0, 0x6C, 0x3E, 0x3B, 0xFC, 0xFC, 0xE0, 0xEE, 0x1C, 0xE3, 0x8E, 0x38, 0xE7, 0x0E, 0xE0,
    0xFC, 0x0F, 0xE0, 0xFE, 0x0F, 0x70, 0xE3, 0x8E, 0x38, 0xE1, 0xCE, 0x0E, 0xE0, 0xE0, 0xE0, 0x38,
    0x0E, 0x03, 0x80, 0xE0, 0x38, 0x0E, 0x03, 0x80, 0xE0, 0x38, 0x0E, 0x03, 0x80, 0xE0, 0x3F, 0xEF,
    0xFC, 0xE1, 0xDE, 0x3B, 0xC7, 0x79, 0xEF, 0xBD, 0xBF, 0xB7, 0xB6, 0x76, 0xCC, 0xD9, 0x9B, 0x03,
    0x60, 0x6C, 0x0D, 0x81, 0xB0, 0x30, 0xF0, 0xFC, 0x3F, 0x8F, 0xE3, 0xF8, 0xFF, 0x3E, 0xCF, 0xB3,
    0xEE, 0xF9, 0xBE, 0x7F, 0x8F, 0xE3, 0xF8, 0xFE, 0x1C, 0x3F, 0x0F, 0xF1, 0x87, 0x70, 0x6E, 0x0D,
    0x81, 0xF0, 0x3E, 0x07, 0xC0, 0xF8, 0x1F, 0x83, 0x70, 0x66, 0x1C, 0xFF, 0x0F, 0xC0, 0xFF, 0x9F,
    0xFB, 0x83, 0x70, 0x7E, 0x0F, 0xC1, 0xFF, 0xF7, 0xFC, 0xFF, 0x1C, 0x03, 0x80, 0x70, 0x0E, 0x01,
    0xC0, 0x38, 0x00, 0x3F, 0x03, 0xFC, 0x18, 0x71, 0xC1, 0x8E, 0x0C, 0x60, 0x73, 0x03, 0x98, 0x1C,
    0xC0, 0xE6, 0x07, 0x3B, 0xB1, 0xCF, 0x86, 0x3C, 0x3F, 0xF0, 0xFF, 0xC0, 0x06, 0xFF, 0x9F, 0xFB,
    0x83, 0x70, 0x7E, 0x0F, 0xC1, 0xBF, 0xF7, 0xFC, 0xFE, 0x1C, 0xE3, 0x8C, 0x71, 0xCE, 0x19, 0xC3,
    0xB8, 0x38, 0x1F, 0xC3, 0xFE, 0x70, 0x67, 0x00, 0x70, 0x07, 0x00, 0x3F, 0x01, 0xFC, 0x03, 0xE0,
    0x06, 0x00, 0x72, 0x07, 0x70, 0xE7, 0xFE, 0x1F, 0xC0, 0xFF, 0xFF, 0xFF, 0x07, 0x00, 0x70, 0x07,
    0x00, 0x70, 0x07, 0x00, 0x70, 0x07, 0x00, 0x70, 0x07, 0x00, 0x70, 0x07, 0x00, 0x70, 0x07, 0x00,
    0xE0, 0xF8, 0x3E, 0x0F, 0x83, 0xE0, 0xF8, 0x3E, 0x0F, 0x83, 0xE0, 0xF8, 0x3E, 0x0D, 0x83, 0x61,
    0xDF, 0xE3, 0xF0, 0x60, 0x76, 0x07, 0x70, 0x67, 0x06, 0x30, 0xE3, 0x0E, 0x38, 0xC1, 0x8C, 0x19,
    0xC1, 0xD8, 0x1D, 0x80, 0xF8, 0x0F, 0x80, 0xF0, 0x07, 0x00, 0xE0, 0x3E, 0x03, 0x60, 0x36, 0x03,
    0x67, 0x36, 0x77, 0x6F, 0x76, 0xF7, 0x6F, 0xE6, 0xDE, 0x6D, 0xE7, 0x9E, 0x79, 0xE7, 0x9E, 0x78,
    0xE0, 0x60, 0x77, 0x06, 0x38, 0xE1, 0x9C, 0x1D, 0xC0, 0xF8, 0x0F, 0x00, 0x70, 0x0F, 0x00, 0xF8,
    0x1D, 0xC3, 0x8C, 0x30, 0xE7, 0x06, 0xE0, 0x70, 0xE0, 0x33, 0x83, 0x9C, 0x38, 0x71, 0xC3, 0x9C,
    0x0E, 0xE0, 0x7E, 0x01, 0xE0, 0x07, 0x00, 0x38, 0x01, 0xC0, 0x0E, 0x00, 0x70, 0x03, 0x80, 0x1C,
    0x00, 0xFF, 0xFF, 0xF8, 0x07, 0x01, 0xC0, 0x38, 0x0E, 0x03, 0x80, 0x60, 0x1C, 0x07, 0x00, 0xC0,
    0x38, 0x0E, 0x01, 0xFF, 0xFF, 0xF8, 0xFF, 0xFF, 0x87, 0x0E, 0x1C, 0x38, 0x70, 0xE1, 0xC3, 0x87,
    0x0E, 0x1C, 0x38, 0x70, 0xE1, 0xFB, 0xFB, 0xF0, 0x60, 0x18, 0x07, 0x00, 0xC0, 0x38, 0x06, 0x01,
    0x80, 0x70, 0x0C, 0x03, 0x00, 0x60, 0x18, 0x07, 0x00, 0xC0, 0x30, 0x06, 0x01, 0x80, 0x70, 0x0C,
    0x7E, 0xFC, 0x18, 0x30, 0x60, 0xC1, 0x83, 0x06, 0x0C, 0x18, 0x30, 0x60, 0xC1, 0x83, 0x06, 0xFD,
    0xFB, 0xF0, 0x07, 0x00, 0xF0, 0x0F, 0x81, 0x9C, 0x38, 0xC3, 0x0E, 0x70, 0x66, 0x07, 0x60, 0x20,
    0x7F, 0xDF, 0xFF, 0xFF, 0x00, 0x03, 0x1C, 0x63, 0x00, 0x3F, 0x0F, 0xF1, 0x86, 0x00, 0xC0, 0x78,
    0xFF, 0x3F, 0xE7, 0x0C, 0xE1, 0x9F, 0xFD, 0xFF, 0x80, 0x60, 0x0C, 0x01, 0x80, 0x30, 0x06, 0xF8,
    0xFF, 0x98, 0x73, 0x06, 0x60, 0xEC, 0x1D, 0x83, 0xB0, 0x66, 0x1C, 0xFF, 0x9F, 0xE0, 0x1F, 0x0F,
    0xE7, 0x1D, 0x80, 0xE0, 0x38, 0x0E, 0x01, 0x80, 0x70, 0xCF, 0xF1, 0xF8, 0x01, 0xC0, 0x70, 0x1C,
    0x07, 0x3F, 0xDF, 0xFE, 0x1F, 0x87, 0xC1, 0xF0, 0x7C, 0x1F, 0x87, 0xE1, 0xDF, 0xF3, 0xFC, 0x3F,
    0x0F, 0xF1, 0xC7, 0x70, 0x6F, 0xFD, 0xFF, 0xBF, 0xF7, 0x00, 0x60, 0xCF, 0xF8, 0xFE, 0x00, 0x07,
    0xE1, 0xFC, 0x38, 0x06, 0x0F, 0xFF, 0xFF, 0xC3, 0x00, 0x60, 0x0C, 0x01, 0x80, 0x30, 0x06, 0x00,
    0xC0, 0xFF, 0xBF, 0xF0, 0x3F, 0xDF, 0xFE, 0x1F, 0x87, 0xC1, 0xF0, 0x7C, 0x1F, 0x87, 0xE1, 0xDF,
    0xF3, 0xFC, 0x07, 0x01, 0x9F, 0xE3, 0xF0, 0xC0, 0x60, 0x30, 0x18, 0x0F, 0xE7, 0xFB, 0x0F, 0x87,
    0xC1, 0xE0, 0xF0, 0x78, 0x3C, 0x1E, 0x0F, 0x06, 0x0E, 0x01, 0xC0, 0x10, 0x00, 0x0F, 0xE0, 0xFC,
    0x03, 0x80, 0x70, 0x0E, 0x01, 0xC0, 0x38, 0x07, 0x00, 0xE0, 0xFF, 0xBF, 0xF0, 0x03, 0x01, 0xC0,
    0xE0, 0x00, 0x03, 0xF9, 0xFC, 0x06, 0x03, 0x01, 0x80, 0xC0, 0x60, 0x30, 0x18, 0x0C, 0x06, 0x03,
    0x01, 0x9F, 0xCF, 0xC0, 0xC0, 0x30, 0x0C, 0x03, 0x00, 0xC3, 0xB1, 0xCC, 0xE3, 0x70, 0xFC, 0x3F,
    0x0E, 0xE3, 0x1C, 0xC3, 0xB0, 0xEC, 0x1C, 0xFC, 0x3F, 0x00, 0xC0, 0x30, 0x0C, 0x03, 0x00, 0xC0,
    0x30, 0x0C, 0x03, 0x00, 0xC0, 0x30, 0x0C, 0x3F, 0xFF, 0xFC, 0xFF, 0xDF, 0xFB, 0x3B, 0xE6, 0x7C,
    0xCF, 0x99, 0xF3, 0x3E, 0x67, 0xCC, 0xF9, 0x9F, 0x33, 0x80, 0xFE, 0x7F, 0xB0, 0xF8, 0x7C, 0x1E,
    0x0F, 0x07, 0x83, 0xC1, 0xE0, 0xF0, 0x60, 0x3F, 0x0F, 0xF1, 0x87, 0x70, 0x6E, 0x0D, 0xC1, 0xB8,
    0x37, 0x06, 0x61, 0xCF, 0xF0, 0xFC, 0x00, 0x6F, 0x8F, 0xF9, 0x87, 0x30, 0x66, 0x0E, 0xC1, 0xD8,
    0x3B, 0x06, 0x61, 0xCF, 0xF9, 0xFE, 0x30, 0x06, 0x00, 0xC0, 0x18, 0x00, 0x3F, 0xDF, 0xFE, 0x1F,
    0x87, 0xC1, 0xF0, 0x7C, 0x1F, 0x87, 0xE1, 0xDF, 0xF3, 0xFC, 0x07, 0x01, 0xC0, 0x70, 0x1C, 0xFF,
    0xFF, 0xFC, 0x78, 0x0E, 0x01, 0xC0, 0x38, 0x07, 0x00, 0xE0, 0x1C, 0x1F, 0xFB, 0xFF, 0x00, 0x3F,
    0x9F, 0xF6, 0x09, 0x80, 0x7C, 0x0F, 0xE0, 0x3C, 0x03, 0xE0, 0xDF, 0xF3, 0xF8, 0x0C, 0x01, 0x80,
    0x30, 0x06, 0x0F, 0xFE, 0xFF, 0xC3, 0x00, 0x60, 0x0C, 0x01, 0x80, 0x30, 0x06, 0x00, 0xE0, 0x1F,
    0xC1, 0xF8, 0x61, 0xD8, 0x76, 0x1D, 0x87, 0x61, 0xD8, 0x76, 0x1D, 0x87, 0x61, 0xDF, 0xF3, 0xFC,
    0xE0, 0xDC, 0x19, 0x87, 0x38, 0xC3, 0x18, 0x67, 0x0E, 0xC0, 0xD8, 0x1F, 0x03, 0xC0, 0x38, 0x00,
    0xE7, 0x3E, 0x73, 0x6F, 0x36, 0xF3, 0x6F, 0x76, 0xDE, 0x6D, 0xE7, 0x9E, 0x39, 0xE3, 0x9E, 0x38,
    0xE0, 0xE1, 0xCE, 0x30, 0xEE, 0x1F, 0x81, 0xE0, 0x1C, 0x07, 0x81, 0xF8, 0x33, 0x8E, 0x3B, 0x87,
    0x00, 0xC0, 0xFC, 0x19, 0x87, 0x38, 0xC3, 0x18, 0x67, 0x0E, 0xC0, 0xF8, 0x1E, 0x01, 0xC0, 0x38,
    0x06, 0x01, 0xC0, 0xF0, 0x3E, 0x00, 0x7F, 0xDF, 0xF0, 0x38, 0x1C, 0x07, 0x03, 0x81, 0xC0, 0xE0,
    0x70, 0x3F, 0xFF, 0xFC, 0x1F, 0x8F, 0xC6, 0x03, 0x01, 0x80, 0xE0, 0x30, 0x18, 0x7C, 0x7C, 0x3F,
    0x01, 0x80, 0xC0, 0xE0, 0x60, 0x30, 0x18, 0x0F, 0x87, 0xE1, 0xE0, 0xFF, 0xFF, 0xFF, 0xFF, 0xFC,
    0xFC, 0x7E, 0x03, 0x01, 0x81, 0xC0, 0xC0, 0xC0, 0x60, 0x3F, 0x0F, 0xCF, 0xC6, 0x03, 0x00, 0xC0,
    0x70, 0x18, 0x0C, 0x3E, 0x3F, 0x1F, 0x00, 0x00, 0x0F, 0xFF, 0x3F, 0x01, 0xC0, 0xFF, 0x70, 0x06,
    0x66, 0x66, 0x77, 0x77, 0x70, 0x04, 0x03, 0x00, 0xE0, 0xFE, 0x7F, 0xDB, 0x36, 0xC3, 0xB0, 0xEC,
    0x3B, 0x06, 0xC9, 0xF7, 0x3F, 0x87, 0xC0, 0xC0, 0x30, 0x1F, 0x87, 0xF9, 0xC3, 0xB0, 0x26, 0x00,
    0xC0, 0x18, 0x03, 0xF0, 0xFF, 0x1F, 0xE0, 0xC0, 0x18, 0x07, 0x01, 0xFF, 0xBF, 0xF8, 0xE0, 0x33,
    0x83, 0x9C, 0x18, 0x61, 0xC3, 0x8C, 0x0C, 0xE0, 0x76, 0x07, 0xF8, 0x7F, 0xE3, 0xFF, 0x01, 0x80,
    0x0C, 0x00, 0x60, 0x3F, 0xF1, 0xFF, 0x80, 0xFF, 0xFC, 0x03, 0xFF, 0xF0, 0x1F, 0x8F, 0xE7, 0x09,
    0xC0, 0x70, 0x0F, 0x83, 0xF9, 0x8F, 0xE0, 0xF8, 0x37, 0x0D, 0xFE, 0x1F, 0x00, 0xE0, 0x18, 0x06,
    0x3F, 0x9F, 0xC1, 0xC0, 0xCD, 0xDF, 0xB8, 0x00, 0x00, 0xFE, 0x0F, 0xF8, 0xE0, 0xE6, 0x03, 0xE7,
    0xCF, 0x3F, 0x7B, 0x93, 0xD8, 0x1E, 0xE0, 0xF3, 0xF6, 0xDF, 0x77, 0x37, 0x1F, 0xF0, 0x7F, 0x00,
    0xE0, 0x3C, 0x7E, 0x46, 0x06, 0x7E, 0x7E, 0x7E, 0x7F, 0x00, 0x01, 0x18, 0xE7, 0x3D, 0xCF, 0x71,
    0xCE, 0x3D, 0xE1, 0xDE, 0x1D, 0xC1, 0x08, 0x7F, 0xBF, 0xFF, 0xFC, 0x03, 0x00, 0xC0, 0x30, 0x0C,
    0x7D, 0xFF, 0xF0, 0x00, 0x1F, 0x1F, 0xDF, 0xAF, 0xD7, 0xF9, 0xFC, 0xFC, 0x18, 0x00, 0x7D, 0xFF,
    0xF0, 0x00, 0x3E, 0x7F, 0xE3, 0xE3, 0xE3, 0x7F, 0x7E, 0x18, 0x0C, 0x01, 0x80, 0x30, 0x3F, 0xEF,
    0xFF, 0xFF, 0x83, 0x00, 0x60, 0x0C, 0x01, 0x80, 0x00, 0x7F, 0xEF, 0xFE, 0x79, 0xF9, 0x30, 0x61,
    0x8E, 0x38, 0x7F, 0x7F, 0xF0, 0xCE, 0x3C, 0x3F, 0xDE, 0x07, 0x6E, 0xC0, 0xC3, 0xE1, 0xF0, 0xF8,
    0x7C, 0x3E, 0x1F, 0x0F, 0x87, 0xE3, 0xFF, 0xFF, 0xF8, 0x0C, 0x06, 0x03, 0x00, 0x1F, 0xE7, 0xFD,
    0xFD, 0xBF, 0xB7, 0xF6, 0xFE, 0xDF, 0xDB, 0xFB, 0x3F, 0x61, 0xEC, 0x1D, 0x83, 0xB0, 0x76, 0x0E,
    0xC1, 0xD8, 0x3B, 0x07, 0x60, 0xCC, 0x77, 0x70, 0x23, 0x1E, 0xBF, 0x80, 0x79, 0xF2, 0x60, 0xC1,
    0x83, 0x06, 0x7F, 0x3E, 0x7E, 0x63, 0x63, 0x63, 0x63, 0x7E, 0x3E, 0x00, 0x31, 0x8E, 0x71, 0xCE,
    0x39, 0xC7, 0x33, 0x9D, 0xCE, 0xE7, 0x31, 0x80, 0x70, 0x37, 0x83, 0x8C, 0x18, 0x61, 0xC3, 0x0C,
    0x18, 0xE3, 0xF6, 0x00, 0x00, 0x18, 0x70, 0xC7, 0x8E, 0x3C, 0x63, 0x67, 0x33, 0x31, 0xFF, 0x80,
    0xC0, 0x70, 0x37, 0x83, 0x8C, 0x18, 0x61, 0xC3, 0x0C, 0x18, 0xE3, 0xF6, 0x00, 0x00, 0x19, 0xF0,
    0xCF, 0x8E, 0x4C, 0x60, 0xC7, 0x0C, 0x30, 0xFB, 0x8F, 0xC0, 0x78, 0x37, 0xE3, 0x87, 0x18, 0x71,
    0xC3, 0xCC, 0x7E, 0xE1, 0xF6, 0x06, 0x00, 0x18, 0x70, 0xC7, 0x8E, 0x3C, 0x63, 0x67, 0x33, 0x31,
    0xFF, 0x80, 0xC0, 0x0E, 0x03, 0x80, 0xE0, 0x00, 0x00, 0x03, 0x80, 0xE0, 0x78, 0x78, 0x1C, 0x06,
    0x01, 0x83, 0x61, 0xDF, 0xE3, 0xF0, 0x0C, 0x00, 0xC0, 0x0E, 0x00, 0x60, 0x00, 0x00, 0x70, 0x0F,
    0x00, 0xF8, 0x0D, 0x81, 0xD8, 0x19, 0x81, 0x9C, 0x38, 0xC3, 0xFC, 0x3F, 0xE3, 0xFE, 0x70, 0x66,
    0x07, 0x60, 0x7E, 0x03, 0x01, 0x00, 0x38, 0x03, 0x00, 0x60, 0x00, 0x00, 0x70, 0x0F, 0x00, 0xF8,
    0x0D, 0x81, 0xD8, 0x19, 0x81, 0x9C, 0x38, 0xC3, 0xFC, 0x3F, 0xE3, 0xFE, 0x70, 0x66, 0x07, 0x60,
    0x7E, 0x03, 0x0F, 0x00, 0xF8, 0x19, 0xC1, 0x08, 0x07, 0x00, 0xF0, 0x0F, 0x80, 0xD8, 0x1D, 0x81,
    0x98, 0x19, 0xC3, 0x8C, 0x3F, 0xC3, 0xFE, 0x3F, 0xE7, 0x06, 0x60, 0x76, 0x07, 0xE0, 0x30, 0x00,
    0x01, 0xFC, 0x1F, 0xC0, 0x18, 0x00, 0x00, 0x70, 0x0F, 0x00, 0xF8, 0x0D, 0x81, 0xD8, 0x19, 0x81,
    0x9C, 0x38, 0xC3, 0xFC, 0x3F, 0xE3, 0xFE, 0x70, 0x66, 0x07, 0x60, 0x7E, 0x03, 0x19, 0x81, 0xDC,
    0x1D, 0xC0, 0x00, 0x00, 0x00, 0x70, 0x0F, 0x00, 0xF8, 0x0D, 0x81, 0xD8, 0x19, 0x81, 0x9C, 0x38,
    0xC3, 0xFC, 0x3F, 0xE3, 0xFE, 0x70, 0x66, 0x07, 0x60, 0x7E, 0x03, 0x00, 0x00, 0xF0, 0x0F, 0x81,
    0x98, 0x0F, 0x80, 0xF0, 0x06, 0x00, 0x70, 0x0F, 0x00, 0xF8, 0x0D, 0x81, 0xD8, 0x19, 0x81, 0x9C,
    0x38, 0xC3, 0xFC, 0x3F, 0xE3, 0xFE, 0x70, 0x66, 0x07, 0x60, 0x7E, 0x03, 0x0F, 0xF0, 0xFF, 0x0F,
    0x80, 0xF8, 0x1F, 0x81, 0xB8, 0x1B, 0xE3, 0xBF, 0x3F, 0xF3, 0xF8, 0x3F, 0x87, 0x38, 0x63, 0x86,
    0x3F, 0xE3, 0xF0, 0x1F, 0x87, 0xF9, 0xC7, 0x30, 0x6E, 0x01, 0xC0, 0x38, 0x07, 0x00, 0xE0, 0x1C,
    0x03, 0x80, 0x30, 0x67, 0x0C, 0x7F, 0x87, 0xE0, 0x60, 0x0F, 0x01, 0xE0, 0x7C, 0x00, 0x18, 0x07,
    0x00, 0xC0, 0x30, 0x00, 0x3F, 0xFF, 0xFF, 0x80, 0xE0, 0x38, 0x0E, 0x03, 0xFE, 0xFF, 0xFF, 0xFE,
    0x03, 0x80, 0xE0, 0x38, 0x0F, 0xFF, 0xFF, 0x03, 0x01, 0xC0, 0x60, 0x30, 0x00, 0x3F, 0xFF, 0xFF,
    0x80, 0xE0, 0x38, 0x0E, 0x03, 0xFE, 0xFF, 0xFF, 0xFE, 0x03, 0x80, 0xE0, 0x38, 0x0F, 0xFF, 0xFF,
    0x1E, 0x07, 0xC3, 0xB8, 0xC6, 0xFF, 0xFF, 0xFE, 0x03, 0x80, 0xE0, 0x38, 0x0F, 0xFB, 0xFF, 0xFF,
    0xF8, 0x0E, 0x03, 0x80, 0xE0, 0x3F, 0xFF, 0xFC, 0x13, 0x0E, 0xE3, 0xB8, 0x00, 0x00, 0x3F, 0xFF,
    0xFF, 0x80, 0xE0, 0x38, 0x0E, 0x03, 0xFE, 0xFF, 0xFF, 0xFE, 0x03, 0x80, 0xE0, 0x38, 0x0F, 0xFF,
    0xFF, 0x18, 0x06, 0x01, 0xC0, 0x30, 0x00, 0x3F, 0xF7, 0xFC, 0x38, 0x0E, 0x03, 0x80, 0xE0, 0x38,
    0x0E, 0x03, 0x80, 0xE0, 0x38, 0x0E, 0x03, 0x87, 0xFF, 0xFF, 0x02, 0x01, 0xC0, 0x60, 0x30, 0x00,
    0x3F, 0xF7, 0xFC, 0x38, 0x0E, 0x03, 0x80, 0xE0, 0x38, 0x0E, 0x03, 0x80, 0xE0, 0x38, 0x0E, 0x03,
    0x87, 0xFF, 0xFF, 0x1E, 0x07, 0xC3, 0x38, 0x84, 0xFF, 0xDF, 0xF0, 0xE0, 0x38, 0x0E, 0x03, 0x80,
    0xE0, 0x38, 0x0E, 0x03, 0x80, 0xE0, 0x38, 0x0E, 0x1F, 0xFF, 0xFC, 0x33, 0x0E, 0xE3, 0xB8, 0x00,
    0x00, 0x3F, 0xF7, 0xFC, 0x38, 0x0E, 0x03, 0x80, 0xE0, 0x38, 0x0E, 0x03, 0x80, 0xE0, 0x38, 0x0E,
    0x03, 0x87, 0xFF, 0xFF, 0x3F, 0x83, 0xFC, 0x30, 0xE3, 0x06, 0x30, 0x63, 0x07, 0x7C, 0x7F, 0xE7,
    0xFE, 0x73, 0x07, 0x30, 0x63, 0x06, 0x30, 0xE3, 0xFC, 0x3F, 0x80, 0x00, 0x0F, 0xE3, 0xF8, 0x0C,
    0x00, 0x3C, 0x3F, 0x0F, 0xE3, 0xF8, 0xFE, 0x3F, 0xCF, 0xB3, 0xEC, 0xFB, 0xBE, 0x6F, 0x9F, 0xE3,
    0xF8, 0xFE, 0x3F, 0x87, 0x18, 0x03, 0x00, 0x70, 0x06, 0x00, 0x00, 0x7E, 0x1F, 0xE3, 0x0E, 0xE0,
    0xDC, 0x1B, 0x03, 0xE0, 0x7C, 0x0F, 0x81, 0xF0, 0x3F, 0x06, 0xE0, 0xCC, 0x39, 0xFE, 0x1F, 0x80,
    0x02, 0x00, 0xE0, 0x18, 0x06, 0x00, 0x00, 0x7E, 0x1F, 0xE3, 0x0E, 0xE0, 0xDC, 0x1B, 0x03, 0xE0,
    0x7C, 0x0F, 0x81, 0xF0, 0x3F, 0x06, 0xE0, 0xCC, 0x39, 0xFE, 0x1F, 0x80, 0x1E, 0x03, 0xE0, 0xCE,
    0x10, 0x83, 0xF0, 0xFF, 0x18, 0x77, 0x06, 0xE0, 0xD8, 0x1F, 0x03, 0xE0, 0x7C, 0x0F, 0x81, 0xF8,
    0x37, 0x06, 0x61, 0xCF, 0xF0, 0xFC, 0x00, 0x00, 0x07, 0xF0, 0xFE, 0x01, 0x80, 0x00, 0x7E, 0x1F,
    0xE3, 0x0E, 0xE0, 0xDC, 0x1B, 0x03, 0xE0, 0x7C, 0x0F, 0x81, 0xF0, 0x3F, 0x06, 0xE0, 0xCC, 0x39,
    0xFE, 0x1F, 0x80, 0x33, 0x07, 0x70, 0xEE, 0x00, 0x00, 0x00, 0x7E, 0x1F, 0xE3, 0x0E, 0xE0, 0xDC,
    0x1B, 0x03, 0xE0, 0x7C, 0x0F, 0x81, 0xF0, 0x3F, 0x06, 0xE0, 0xCC, 0x39, 0xFE, 0x1F, 0x80, 0x60,
    0x9C, 0x73, 0xB8, 0x7C, 0x0E, 0x07, 0xC3, 0xB9, 0xC7, 0x60, 0xC0, 0x00, 0x00, 0x21, 0xFF, 0x3F,
    0xE3, 0x0E, 0x71, 0xE7, 0x1E, 0x63, 0xF6, 0x37, 0x66, 0x76, 0x67, 0x6C, 0x77, 0xC6, 0x78, 0x63,
    0x8E, 0x7F, 0xC7, 0xF8, 0x60, 0x00, 0x18, 0x06, 0x01, 0xC0, 0x30, 0x00, 0x38, 0x3E, 0x0F, 0x83,
    0xE0, 0xF8, 0x3E, 0x0F, 0x83, 0xE0, 0xF8, 0x3E, 0x0F, 0x83, 0x60, 0xD8, 0x77, 0xF8, 0xFC, 0x02,
    0x01, 0xC0, 0x60, 0x30, 0x00, 0x38, 0x3E, 0x0F, 0x83, 0xE0, 0xF8, 0x3E, 0x0F, 0x83, 0xE0, 0xF8,
    0x3E, 0x0F, 0x83, 0x60, 0xD8, 0x77, 0xF8, 0xFC, 0x1E, 0x07, 0xC3, 0x38, 0x84, 0xE0, 0xF8, 0x3E,
    0x0F, 0x83, 0xE0, 0xF8, 0x3E, 0x0F, 0x83, 0xE0, 0xF8, 0x3E, 0x0D, 0x83, 0x61, 0xDF, 0xE3, 0xF0,
    0x33, 0x0E, 0xE3, 0xB8, 0x00, 0x00, 0x38, 0x3E, 0x0F, 0x83, 0xE0, 0xF8, 0x3E, 0x0F, 0x83, 0xE0,
    0xF8, 0x3E, 0x0F, 0x83, 0x60, 0xD8, 0x77, 0xF8, 0xFC, 0x01, 0x00, 0x1C, 0x00, 0xC0, 0x0C, 0x00,
    0x00, 0x70, 0x19, 0xC1, 0xCE, 0x1C, 0x38, 0xE1, 0xCE, 0x07, 0x70, 0x3F, 0x00, 0xF0, 0x03, 0x80,
    0x1C, 0x00, 0xE0, 0x07, 0x00, 0x38, 0x01, 0xC0, 0x0E, 0x00, 0xE0, 0x1C, 0x03, 0x80, 0x7E, 0x0F,
    0xF9, 0xFF, 0xB8, 0x3F, 0x07, 0xE0, 0xFF, 0xFB, 0xFF, 0x7F, 0x8E, 0x01, 0xC0, 0x38, 0x00, 0x1F,
    0x83, 0xFC, 0x38, 0xE3, 0x0E, 0xF3, 0xEF, 0x7E, 0x36, 0x03, 0x60, 0x37, 0x83, 0x3E, 0x30, 0x73,
    0x03, 0x36, 0x33, 0x7F, 0x33, 0xE0, 0x00, 0x07, 0x00, 0x60, 0x0E, 0x00, 0xC0, 0x00, 0x0F, 0xC3,
    0xFC, 0x61, 0x80, 0x30, 0x1E, 0x3F, 0xCF, 0xF9, 0xC3, 0x38, 0x67, 0xFF, 0x7F, 0xE0, 0x00, 0x00,
    0xC0, 0x38, 0x06, 0x00, 0xC0, 0x00, 0x0F, 0xC3, 0xFC, 0x61, 0x80, 0x30, 0x1E, 0x3F, 0xCF, 0xF9,
    0xC3, 0x38, 0x67, 0xFF, 0x7F, 0xE0, 0x1E, 0x07, 0xE1, 0xCC, 0x10, 0x80, 0x00, 0x7E, 0x1F, 0xE3,
    0x0C, 0x01, 0x80, 0xF1, 0xFE, 0x7F, 0xCE, 0x19, 0xC3, 0x3F, 0xFB, 0xFF, 0x00, 0x0F, 0xE1, 0xFE,
    0x03, 0x00, 0x00, 0x7E, 0x1F, 0xE3, 0x0C, 0x01, 0x80, 0xF1, 0xFE, 0x7F, 0xCE, 0x19, 0xC3, 0x3F,
    0xFB, 0xFF, 0x33, 0x0E, 0xE1, 0xDC, 0x00, 0x00, 0x00, 0x7E, 0x1F, 0xE3, 0x0C, 0x01, 0x80, 0xF1,
    0xFE, 0x7F, 0xCE, 0x19, 0xC3, 0x3F, 0xFB, 0xFF, 0x00, 0x03, 0xC0, 0xF8, 0x19, 0x83, 0xF0, 0x3C,
    0x03, 0x01, 0xF8, 0x7F, 0x8C, 0x30, 0x06, 0x03, 0xC7, 0xF9, 0xFF, 0x38, 0x67, 0x0C, 0xFF, 0xEF,
    0xFC, 0x7D, 0xE3, 0xFF, 0xB1, 0xCC, 0x0C, 0x60, 0xFF, 0xBF, 0xFF, 0xFF, 0xD8, 0xC0, 0xC7, 0x37,
    0xFF, 0x9E, 0x78, 0x1F, 0x0F, 0xE7, 0x1D, 0x80, 0xE0, 0x38, 0x0E, 0x01, 0x80, 0x70, 0xCF, 0xF1,
    0xF8, 0x30, 0x0F, 0x03, 0xC1, 0xF0, 0x00, 0x03, 0x00, 0x70, 0x06, 0x00, 0x40, 0x00, 0x0F, 0xC3,
    0xFC, 0x71, 0xDC, 0x1B, 0xFF, 0x7F, 0xEF, 0xFD, 0xC0, 0x18, 0x33, 0xFE, 0x3F, 0x80, 0x00, 0x00,
    0xE0, 0x18, 0x07, 0x00, 0xC0, 0x00, 0x0F, 0xC3, 0xFC, 0x71, 0xDC, 0x1B, 0xFF, 0x7F, 0xEF, 0xFD,
    0xC0, 0x18, 0x33, 0xFE, 0x3F, 0x80, 0x1E, 0x03, 0xE0, 0xCE, 0x10, 0xC0, 0x00, 0x7E, 0x1F, 0xE3,
    0x8E, 0xE0, 0xDF, 0xFB, 0xFF, 0x7F, 0xEE, 0x00, 0xC1, 0x9F, 0xF1, 0xFC, 0x13, 0x07, 0x70, 0xEE,
    0x00, 0x00, 0x00, 0x7E, 0x1F, 0xE3, 0x8E, 0xE0, 0xDF, 0xFB, 0xFF, 0x7F, 0xEE, 0x00, 0xC1, 0x9F,
    0xF1, 0xFC, 0x00, 0x0E, 0x01, 0x80, 0x70, 0x0C, 0x00, 0x0F, 0xC3, 0xF0, 0x0C, 0x03, 0x00, 0xC0,
    0x30, 0x0C, 0x03, 0x00, 0xC3, 0xFF, 0xFF, 0xC0, 0x00, 0x01, 0x80, 0xE0, 0x30, 0x0C, 0x00, 0x0F,
    0xC3, 0xF0, 0x0C, 0x03, 0x00, 0xC0, 0x30, 0x0C, 0x03, 0x00, 0xC3, 0xFF, 0xFF, 0xC0, 0x1E, 0x0F,
    0xC7, 0x30, 0x84, 0x00, 0x3F, 0x0F, 0xC0, 0x30, 0x0C, 0x03, 0x00, 0xC0, 0x30, 0x0C, 0x03, 0x0F,
    0xFF, 0xFF, 0x33, 0x1D, 0xC7, 0x70, 0x00, 0x00, 0x3F, 0x0F, 0xC0, 0x30, 0x0C, 0x03, 0x00, 0xC0,
    0x30, 0x0C, 0x03, 0x0F, 0xFF, 0xFF, 0x00, 0x07, 0xF0, 0x3C, 0x0F, 0x81, 0x38, 0x7F, 0x1F, 0xF3,
    0x0E, 0xE0, 0xDC, 0x1B, 0x83, 0x70, 0x6E, 0x0C, 0xC3, 0x9F, 0xE1, 0xF8, 0x00, 0x3F, 0x9F, 0xC0,
    0xC0, 0x07, 0xF3, 0xFD, 0x87, 0xC3, 0xE0, 0xF0, 0x78, 0x3C, 0x1E, 0x0F, 0x07, 0x83, 0x00, 0x03,
    0x00, 0x70, 0x06, 0x00, 0xC0, 0x00, 0x0F, 0xC3, 0xFC, 0x61, 0xDC, 0x1B, 0x83, 0x70, 0x6E, 0x0D,
    0xC1, 0x98, 0x73, 0xFC, 0x3F, 0x00, 0x00, 0x00, 0xE0, 0x18, 0x07, 0x00, 0xC0, 0x00, 0x0F, 0xC3,
    0xFC, 0x61, 0xDC, 0x1B, 0x83, 0x70, 0x6E, 0x0D, 0xC1, 0x98, 0x73, 0xFC, 0x3F, 0x00, 0x1E, 0x03,
    0xE0, 0xCE, 0x10, 0x80, 0x00, 0x7E, 0x1F, 0xE3, 0x0E, 0xE0, 0xDC, 0x1B, 0x83, 0x70, 0x6E, 0x0C,
    0xC3, 0x9F, 0xE1, 0xF8, 0x00, 0x07, 0xF0, 0xFE, 0x01, 0x80, 0x00, 0x7E, 0x1F, 0xE3, 0x0E, 0xE0,
    0xDC, 0x1B, 0x83, 0x70, 0x6E, 0x0C, 0xC3, 0x9F, 0xE1, 0xF8, 0x33, 0x07, 0x70, 0xEE, 0x00, 0x00,
    0x00, 0x7E, 0x1F, 0xE3, 0x0E, 0xE0, 0xDC, 0x1B, 0x83, 0x70, 0x6E, 0x0C, 0xC3, 0x9F, 0xE1, 0xF8,
    0x0C, 0x01, 0xC0, 0x38, 0x00, 0x07, 0xFD, 0xFF, 0xFF, 0xF0, 0x00, 0x0C, 0x01, 0xC0, 0x38, 0x00,
    0x00, 0x21, 0xFF, 0x3F, 0xE3, 0x0E, 0x71, 0xE7, 0x36, 0x76, 0x67, 0xE6, 0x7C, 0x63, 0x8E, 0x3F,
    0xC7, 0xF8, 0x40, 0x00, 0x00, 0x06, 0x01, 0xC0, 0x30, 0x0C, 0x00, 0x06, 0x1D, 0x87, 0x61, 0xD8,
    0x76, 0x1D, 0x87, 0x61, 0xD8, 0x76, 0x1D, 0xFF, 0x3F, 0xC0, 0x00, 0x01, 0xC0, 0x60, 0x38, 0x0C,
    0x00, 0x06, 0x1D, 0x87, 0x61, 0xD8, 0x76, 0x1D, 0x87, 0x61, 0xD8, 0x76, 0x1D, 0xFF, 0x3F, 0xC0,
    0x1E, 0x07, 0xC3, 0x38, 0x84, 0x00, 0x18, 0x76, 0x1D, 0x87, 0x61, 0xD8, 0x76, 0x1D, 0x87, 0x61,
    0xD8, 0x77, 0xFC, 0xFF, 0x33, 0x0E, 0xE3, 0xB8, 0x00, 0x00, 0x18, 0x76, 0x1D, 0x87, 0x61, 0xD8,
    0x76, 0x1D, 0x87, 0x61, 0xD8, 0x77, 0xFC, 0xFF, 0x00, 0x00, 0xE0, 0x18, 0x07, 0x00, 0xC0, 0x00,
    0x30, 0x3F, 0x06, 0x61, 0xCE, 0x30, 0xC6, 0x19, 0xC3, 0xB0, 0x3E, 0x07, 0x80, 0x70, 0x0E, 0x01,
    0x80, 0x70, 0x3C, 0x0F, 0x80, 0x60, 0x0C, 0x01, 0x80, 0x30, 0x06, 0xF8, 0xFF, 0x98, 0x73, 0x06,
    0x60, 0xEC, 0x1D, 0x83, 0xB0, 0x66, 0x1C, 0xFF, 0x9F, 0xE3, 0x00, 0x60, 0x0C, 0x01, 0x80, 0x00,
    0x33, 0x07, 0x70, 0xEE, 0x00, 0x00, 0x01, 0x81, 0xF8, 0x33, 0x0E, 0x71, 0x86, 0x30, 0xCE, 0x1D,
    0x81, 0xF0, 0x3C, 0x03, 0x80, 0x70, 0x0C, 0x03, 0x81, 0xE0, 0x7C, 0x00, 0x0F, 0x81, 0xFC, 0x1F,
    0x80, 0x00, 0x07, 0x00, 0xF0, 0x0F, 0x80, 0xD8, 0x1D, 0x81, 0x98, 0x19, 0xC3, 0x8C, 0x3F, 0xC3,
    0xFE, 0x3F, 0xE7, 0x06, 0x60, 0x76, 0x07, 0xE0, 0x30, 0x3E, 0x07, 0xE0, 0xFC, 0x00, 0x00, 0x00,
    0x7E, 0x1F, 0xE3, 0x0C, 0x01, 0x80, 0xF1, 0xFE, 0x7F, 0xCE, 0x19, 0xC3, 0x3F, 0xFB, 0xFF, 0x10,
    0x81, 0x8C, 0x1F, 0x80, 0xF8, 0x06, 0x00, 0x70, 0x0F, 0x00, 0xF8, 0x0D, 0x81, 0xD8, 0x19, 0x81,
    0x9C, 0x38, 0xC3, 0xFC, 0x3F, 0xE3, 0xFE, 0x70, 0x66, 0x07, 0x60, 0x7E, 0x03, 0x21, 0x0E, 0x60,
    0xFC, 0x1F, 0x00, 0xC0, 0x00, 0x0F, 0xC3, 0xFC, 0x61, 0x80, 0x30, 0x1E, 0x3F, 0xCF, 0xF9, 0xC3,
    0x38, 0x67, 0xFF, 0x7F, 0xE0, 0x07, 0x00, 0x78, 0x03, 0xE0, 0x1B, 0x01, 0xD8, 0x0C, 0xC0, 0x67,
    0x07, 0x18, 0x3F, 0xC1, 0xFF, 0x0F, 0xF8, 0xE0, 0xC6, 0x07, 0x30, 0x3B, 0x80, 0xC0, 0x0E, 0x00,
    0xC0, 0x07, 0x80, 0x3C, 0x3F, 0x0F, 0xF1, 0x86, 0x00, 0xC0, 0x78, 0xFF, 0x3F, 0xE7, 0x0C, 0xE1,
    0x9F, 0xFD, 0xFB, 0x80, 0xE0, 0x18, 0x07, 0xC0, 0x78, 0x03, 0x00, 0x60, 0x1C, 0x03, 0x00, 0x00,
    0x3F, 0x0F, 0xF3, 0x8E, 0x60, 0xDC, 0x03, 0x80, 0x70, 0x0E, 0x01, 0xC0, 0x38, 0x07, 0x00, 0x60,
    0xCE, 0x18, 0xFF, 0x0F, 0xC0, 0x00, 0x00, 0xC0, 0x70, 0x18, 0x0C, 0x00, 0x01, 0xF0, 0xFE, 0x71,
    0xD8, 0x0E, 0x03, 0x80, 0xE0, 0x18, 0x07, 0x0C, 0xFF, 0x1F, 0x80, 0x0F, 0x03, 0xE0, 0xE6, 0x08,
    0x41, 0xF8, 0x7F, 0x9C, 0x73, 0x06, 0xE0, 0x1C, 0x03, 0x80, 0x70, 0x0E, 0x01, 0xC0, 0x38, 0x03,
    0x06, 0x70, 0xC7, 0xF8, 0x7E, 0x00, 0x0E, 0x07, 0xC3, 0xB8, 0xC6, 0x00, 0x07, 0xC3, 0xF9, 0xC7,
    0x60, 0x38, 0x0E, 0x03, 0x80, 0x60, 0x1C, 0x33, 0xFC, 0x7E, 0x06, 0x01, 0xC0, 0x38, 0x00, 0x00,
    0x00, 0x3F, 0x0F, 0xF3, 0x8E, 0x60, 0xDC, 0x03, 0x80, 0x70, 0x0E, 0x01, 0xC0, 0x38, 0x07, 0x00,
    0x60, 0xCE, 0x18, 0xFF, 0x0F, 0xC0, 0x04, 0x03, 0x80, 0xE0, 0x00, 0x00, 0x07, 0xC3, 0xF9, 0xC7,
    0x60, 0x38, 0x0E, 0x03, 0x80, 0x60, 0x1C, 0x33, 0xFC, 0x7E, 0x10, 0x87, 0x30, 0x7C, 0x07, 0x80,
    0x00, 0x3F, 0x0F, 0xF3, 0x8E, 0x60, 0xDC, 0x03, 0x80, 0x70, 0x0E, 0x01, 0xC0, 0x38, 0x07, 0x00,
    0x60, 0xCE, 0x18, 0xFF, 0x0F, 0xC0, 0x31, 0x8E, 0xE1, 0xF0, 0x38, 0x00, 0x07, 0xC3, 0xF9, 0xC7,
    0x60, 0x38, 0x0E, 0x03, 0x80, 0x60, 0x1C, 0x33, 0xFC, 0x7E, 0x21, 0x0E, 0x60, 0xF8, 0x0F, 0x00,
    0x00, 0xFE, 0x1F, 0xE3, 0x0E, 0x60, 0xCC, 0x19, 0x83, 0xB0, 0x76, 0x0E, 0xC1, 0xD8, 0x3B, 0x06,
    0x60, 0xCC, 0x39, 0xFE, 0x3F, 0x80, 0x00, 0xDC, 0x03, 0x60, 0x0D, 0x80, 0x36, 0x3E, 0xC0, 0xFF,
    0x07, 0x1C, 0x18, 0x30, 0x60, 0xC1, 0x83, 0x06, 0x0C, 0x18, 0x30, 0x71, 0xC0, 0xFF, 0x03, 0xEC,
    0x00, 0x3F, 0x83, 0xFC, 0x30, 0xE3, 0x06, 0x30, 0x63, 0x07, 0x7C, 0x7F, 0xE7, 0xFE, 0x73, 0x07,
    0x30, 0x63, 0x06, 0x30, 0xE3, 0xFC, 0x3F, 0x80, 0x07, 0xC1, 0xFC, 0x1F, 0x80, 0xE3, 0xFC, 0xFF,
    0xB8, 0x77, 0x0E, 0xC1, 0xD8, 0x3B, 0x07, 0x70, 0xEE, 0x1C, 0xFF, 0x8F, 0xF0, 0x1F, 0x0F, 0xE3,
    0xF0, 0x00, 0xFF, 0xFF, 0xFE, 0x03, 0x80, 0xE0, 0x38, 0x0F, 0xFB, 0xFF, 0xFF, 0xF8, 0x0E, 0x03,
    0x80, 0xE0, 0x3F, 0xFF, 0xFC, 0x1F, 0x07, 0xF0, 0xFC, 0x00, 0x00, 0x00, 0x7E, 0x1F, 0xE3, 0x8E,
    0xE0, 0xDF, 0xFB, 0xFF, 0x7F, 0xEE, 0x00, 0xC1, 0x9F, 0xF1, 0xFC, 0x21, 0x0C, 0x63, 0xF8, 0x7C,
    0x0C, 0x3F, 0xFF, 0xFF, 0x80, 0xE0, 0x38, 0x0E, 0x03, 0xFE, 0xFF, 0xFF, 0xFE, 0x03, 0x80, 0xE0,
    0x38, 0x0F, 0xFF, 0xFF, 0x21, 0x06, 0x30, 0xFC, 0x0F, 0x80, 0xC0, 0x00, 0x0F, 0xC3, 0xFC, 0x71,
    0xDC, 0x1B, 0xFF, 0x7F, 0xEF, 0xFD, 0xC0, 0x18, 0x33, 0xFE, 0x3F, 0x80, 0x04, 0x03, 0x80, 0xE0,
    0x00, 0x00, 0x3F, 0xFF, 0xFF, 0x80, 0xE0, 0x38, 0x0E, 0x03, 0xFE, 0xFF, 0xFF, 0xFE, 0x03, 0x80,
    0xE0, 0x38, 0x0F, 0xFF, 0xFF, 0x0C, 0x01, 0xC0, 0x38, 0x00, 0x00, 0x00, 0x7E, 0x1F, 0xE3, 0x8E,
    0xE0, 0xDF, 0xFB, 0xFF, 0x7F, 0xEE, 0x00, 0xC1, 0x9F, 0xF1, 0xFC, 0xFF, 0xDF, 0xFB, 0x80, 0x70,
    0x0E, 0x01, 0xC0, 0x3F, 0xE7, 0xFE, 0xFF, 0xDC, 0x03, 0x80, 0x70, 0x0E, 0x01, 0xFF, 0xBF, 0xF0,
    0x0E, 0x03, 0x00, 0x78, 0x0F, 0x00, 0x3F, 0x0F, 0xF1, 0x87, 0x7F, 0xEF, 0xFD, 0xFF, 0xB8, 0x07,
    0x04, 0x71, 0xCF, 0xF0, 0xFC, 0x03, 0x00, 0xC0, 0x1E, 0x03, 0xC0, 0x31, 0x8E, 0xE1, 0xF0, 0x78,
    0x00, 0x3F, 0xFF, 0xFF, 0x80, 0xE0, 0x38, 0x0E, 0x03, 0xFE, 0xFF, 0xFF, 0xFE, 0x03, 0x80, 0xE0,
    0x38, 0x0F, 0xFF, 0xFF, 0x31, 0x87, 0x70, 0x7C, 0x0F, 0x00, 0x00, 0x7E, 0x1F, 0xE3, 0x8E, 0xE0,
    0xDF, 0xFB, 0xFF, 0x7F, 0xEE, 0x00, 0xC1, 0x9F, 0xF1, 0xFC, 0x1E, 0x07, 0xC3, 0xB8, 0xC6, 0x3F,
    0x1F, 0xE7, 0x1F, 0x83, 0xE0, 0x30, 0x0C, 0x03, 0x0E, 0xC7, 0xF1, 0xFE, 0x0F, 0x83, 0x61, 0xDF,
    0xF3, 0xEC, 0x1E, 0x07, 0xC3, 0x38, 0x84, 0x00, 0x0F, 0xF7, 0xFF, 0x87, 0xE1, 0xF0, 0x7C, 0x1F,
    0x07, 0xE1, 0xF8, 0x77, 0xFC, 0xFF, 0x01, 0xC0, 0x67, 0xF8, 0xFC, 0x21, 0x0C, 0x63, 0xF8, 0x7C,
    0x0C, 0x0F, 0xC7, 0xF9, 0xC7, 0xE0, 0xF8, 0x0C, 0x03, 0x00, 0xC3, 0xB1, 0xFC, 0x7F, 0x83, 0xE0,
    0xD8, 0x77, 0xFC, 0xFB, 0x21, 0x0C, 0x63, 0xF0, 0x7C, 0x0C, 0x00, 0x03, 0xFD, 0xFF, 0xE1, 0xF8,
    0x7C, 0x1F, 0x07, 0xC1, 0xF8, 0x7E, 0x1D, 0xFF, 0x3F, 0xC0, 0x70, 0x19, 0xFE, 0x3F, 0x00, 0x04,
    0x03, 0x80, 0xE0, 0x00, 0x00, 0x0F, 0xC7, 0xF9, 0xC7, 0xE0, 0xF8, 0x0C, 0x03, 0x00, 0xC3, 0xB1,
    0xFC, 0x7F, 0x83, 0xE0, 0xD8, 0x77, 0xFC, 0xFB, 0x0C, 0x07, 0x01, 0xC0, 0x00, 0x00, 0x0F, 0xF7,
    0xFF, 0x87, 0xE1, 0xF0, 0x7C, 0x1F, 0x07, 0xE1, 0xF8, 0x77, 0xFC, 0xFF, 0x01, 0xC0, 0x67, 0xF8,
    0xFC, 0x3F, 0x1F, 0xE7, 0x1F, 0x83, 0xE0, 0x30, 0x0C, 0x03, 0x0E, 0xC7, 0xF1, 0xFE, 0x0F, 0x83,
    0x61, 0xDF, 0xF3, 0xEC, 0x00, 0x0E, 0x03, 0x01, 0xC0, 0x60, 0x06, 0x03, 0x80, 0xE0, 0x38, 0x00,
    0x0F, 0xF7, 0xFF, 0x87, 0xE1, 0xF0, 0x7C, 0x1F, 0x07, 0xE1, 0xF8, 0x77, 0xFC, 0xFF, 0x01, 0xC0,
    0x67, 0xF8, 0xFC, 0x1E, 0x07, 0xC3, 0x38, 0x84, 0xE0, 0xF8, 0x3E, 0x0F, 0x83, 0xE0, 0xF8, 0x3F,
    0xFF, 0xFF, 0xFF, 0xF8, 0x3E, 0x0F, 0x83, 0xE0, 0xF8, 0x3E, 0x0C, 0x3C, 0x07, 0xE0, 0xE6, 0x04,
    0x20, 0x00, 0x01, 0x80, 0x18, 0x01, 0x80, 0x18, 0x01, 0xFC, 0x1F, 0xE1, 0x87, 0x18, 0x71, 0x83,
    0x18, 0x31, 0x83, 0x18, 0x31, 0x83, 0x18, 0x31, 0x83, 0x70, 0x63, 0x83, 0x1F, 0xFD, 0xFF, 0xFF,
    0xFF, 0x38, 0x31, 0xFF, 0x8F, 0xFC, 0x7F, 0xE3, 0x83, 0x1C, 0x18, 0xE0, 0xC7, 0x06, 0x38, 0x31,
    0xC1, 0x80, 0x7C, 0x1F, 0xC1, 0xF8, 0x18, 0x03, 0xF8, 0x7F, 0x8C, 0x39, 0x87, 0x30, 0x66, 0x0C,
    0xC1, 0x98, 0x33, 0x06, 0x60, 0xCC, 0x18, 0x00, 0x0F, 0xE3, 0xF8, 0x0C, 0x00, 0x3F, 0xF7, 0xFC,
    0x38, 0x0E, 0x03, 0x80, 0xE0, 0x38, 0x0E, 0x03, 0x80, 0xE0, 0x38, 0x0E, 0x03, 0x87, 0xFF, 0xFF,
    0x00, 0x1F, 0xC7, 0xF8, 0x08, 0x00, 0x3F, 0x0F, 0xC0, 0x30, 0x0C, 0x03, 0x00, 0xC0, 0x30, 0x0C,
    0x03, 0x0F, 0xFF, 0xFF, 0x1F, 0x0F, 0xE3, 0xF0, 0x00, 0xFF, 0xDF, 0xF0, 0xE0, 0x38, 0x0E, 0x03,
    0x80, 0xE0, 0x38, 0x0E, 0x03, 0x80, 0xE0, 0x38, 0x0E, 0x1F, 0xFF, 0xFC, 0x3E, 0x0F, 0xC3, 0xF0,
    0x00, 0x00, 0x3F, 0x0F, 0xC0, 0x30, 0x0C, 0x03, 0x00, 0xC0, 0x30, 0x0C, 0x03, 0x0F, 0xFF, 0xFF,
    0x21, 0x0C, 0x63, 0xF0, 0x7C, 0x0C, 0x3F, 0xF7, 0xFC, 0x38, 0x0E, 0x03, 0x80, 0xE0, 0x38, 0x0E,
    0x03, 0x80, 0xE0, 0x38, 0x0E, 0x03, 0x87, 0xFF, 0xFF, 0x21, 0x1C, 0xC3, 0xF0, 0xF8, 0x0C, 0x00,
    0x0F, 0xC3, 0xF0, 0x0C, 0x03, 0x00, 0xC0, 0x30, 0x0C, 0x03, 0x00, 0xC3, 0xFF, 0xFF, 0xC0, 0xFF,
    0xCF, 0xF8, 0x38, 0x07, 0x00, 0xE0, 0x1C, 0x03, 0x80, 0x70, 0x0E, 0x01, 0xC0, 0x38, 0x07, 0x00,
    0xE0, 0xFF, 0xBF, 0xF0, 0x0E, 0x03, 0x00, 0x78, 0x0F, 0x00, 0x1C, 0x07, 0x00, 0xC0, 0x00, 0xFC,
    0x3F, 0x00, 0xC0, 0x30, 0x0C, 0x03, 0x00, 0xC0, 0x30, 0x0C, 0x3F, 0xFF, 0xFC, 0x0E, 0x03, 0x01,
    0xF0, 0x3C, 0x0C, 0x03, 0x80, 0xE0, 0x00, 0x00, 0x3F, 0xF7, 0xFC, 0x38, 0x0E, 0x03, 0x80, 0xE0,
    0x38, 0x0E, 0x03, 0x80, 0xE0, 0x38, 0x0E, 0x03, 0x87, 0xFF, 0xFF, 0xFC, 0x3F, 0x00, 0xC0, 0x30,
    0x0C, 0x03, 0x00, 0xC0, 0x30, 0x0C, 0x3F, 0xFF, 0xFC, 0xE1, 0xF8, 0x7E, 0x1F, 0x87, 0xE1, 0xF8,
    0x7E, 0x1F, 0x87, 0xE1, 0xC0, 0x70, 0x1D, 0x87, 0x61, 0xDF, 0xE3, 0xF0, 0x61, 0xD8, 0x76, 0x08,
    0x00, 0x61, 0xD8, 0x76, 0x1D, 0x87, 0x61, 0xD8, 0x76, 0x1D, 0x87, 0x61, 0xD8, 0x76, 0x1C, 0x07,
    0x01, 0xCF, 0xE3, 0xF0, 0x0E, 0x0F, 0x8E, 0xE6, 0x33, 0xF9, 0xFC, 0x06, 0x03, 0x01, 0x80, 0xC0,
    0x60, 0x30, 0x18, 0x0C, 0x06, 0xC3, 0xE3, 0xBF, 0xCF, 0xC0, 0x07, 0x80, 0xF8, 0x33, 0x84, 0x20,
    0x00, 0xFE, 0x1F, 0xC0, 0x18, 0x03, 0x00, 0x60, 0x0C, 0x01, 0x80, 0x30, 0x06, 0x00, 0xC0, 0x18,
    0x03, 0x00, 0x61, 0xFC, 0x3F, 0x00, 0xE0, 0xEE, 0x1C, 0xE3, 0x8E, 0x38, 0xE7, 0x0E, 0xE0, 0xFC,
    0x0F, 0xE0, 0xFE, 0x0F, 0x70, 0xE3, 0x8E, 0x38, 0xE1, 0xCE, 0x0E, 0xE0, 0xE0, 0x00, 0x0E, 0x00,
    0xE0, 0x0C, 0x00, 0xC0, 0xC0, 0x30, 0x0C, 0x03, 0x00, 0xC3, 0xB1, 0xCC, 0xE3, 0x70, 0xFC, 0x3F,
    0x0E, 0xE3, 0x1C, 0xC3, 0xB0, 0xEC, 0x1C, 0x00, 0x1C, 0x07, 0x01, 0x80, 0x60, 0xC3, 0xD8, 0x73,
    0x1C, 0x67, 0x0D, 0xC1, 0xF8, 0x3F, 0x86, 0x38, 0xC3, 0x98, 0x73, 0x07, 0x00, 0x30, 0x1C, 0x06,
    0x03, 0x00, 0x00, 0x38, 0x0E, 0x03, 0x80, 0xE0, 0x38, 0x0E, 0x03, 0x80, 0xE0, 0x38, 0x0E, 0x03,
    0x80, 0xE0, 0x38, 0x0F, 0xFB, 0xFF, 0x00, 0x01, 0xC0, 0x60, 0x38, 0x0C, 0x00, 0x0F, 0xC3, 0xF0,
    0x0C, 0x03, 0x00, 0xC0, 0x30, 0x0C, 0x03, 0x00, 0xC0, 0x30, 0x0C, 0x03, 0x00, 0xC3, 0xFF, 0xFF,
    0xC0, 0xE0, 0x38, 0x0E, 0x03, 0x80, 0xE0, 0x38, 0x0E, 0x03, 0x80, 0xE0, 0x38, 0x0E, 0x03, 0x80,
    0xE0, 0x3F, 0xEF, 0xFC, 0x00, 0x1C, 0x07, 0x01, 0x80, 0x60, 0xFC, 0x3F, 0x00, 0xC0, 0x30, 0x0C,
    0x03, 0x00, 0xC0, 0x30, 0x0C, 0x03, 0x00, 0xC0, 0x30, 0x0C, 0x3F, 0xFF, 0xFC, 0x00, 0x0E, 0x03,
    0x01, 0xC0, 0x60, 0xEE, 0x3B, 0x0E, 0xC3, 0xB0, 0xE0, 0x38, 0x0E, 0x03, 0x80, 0xE0, 0x38, 0x0E,
    0x03, 0x80, 0xE0, 0x3F, 0xEF, 0xFC, 0xFC, 0xDF, 0x98, 0x33, 0x06, 0x60, 0xC0, 0x18, 0x03, 0x00,
    0x60, 0x0C, 0x01, 0x80, 0x30, 0x06, 0x00, 0xC1, 0xFF, 0xBF, 0xF0, 0xE0, 0x38, 0x0E, 0x03, 0x80,
    0xE0, 0x38, 0x0E, 0x33, 0x8E, 0xE3, 0xB8, 0x0E, 0x03, 0x80, 0xE0, 0x3F, 0xEF, 0xFC, 0xFC, 0x1F,
    0x80, 0x30, 0x06, 0x00, 0xC0, 0x18, 0x03, 0x00, 0x62, 0x0C, 0xE1, 0x9C, 0x30, 0x06, 0x00, 0xC1,
    0xFF, 0xBF, 0xF0, 0x38, 0x03, 0x80, 0x38, 0x03, 0x80, 0x38, 0x03, 0x80, 0x3F, 0x83, 0xF8, 0xFC,
    0x0F, 0x80, 0x38, 0x03, 0x80, 0x38, 0x03, 0xFE, 0x3F, 0xF0, 0xFC, 0x3F, 0x00, 0xC0, 0x30, 0x0C,
    0x03, 0x00, 0xCC, 0x3F, 0x7F, 0x1F, 0x00, 0xC0, 0x30, 0x0C, 0x3F, 0xFF, 0xFC, 0x02, 0x01, 0xC0,
    0x60, 0x30, 0x00, 0x3C, 0x3F, 0x0F, 0xE3, 0xF8, 0xFE, 0x3F, 0xCF, 0xB3, 0xEC, 0xFB, 0xBE, 0x6F,
    0x9F, 0xE3, 0xF8, 0xFE, 0x3F, 0x87, 0x00, 0x07, 0x03, 0x03, 0x81, 0x80, 0x03, 0xF9, 0xFE, 0xC3,
    0xE1, 0xF0, 0x78, 0x3C, 0x1E, 0x0F, 0x07, 0x83, 0xC1, 0x80, 0xF0, 0xFC, 0x3F, 0x8F, 0xE3, 0xF8,
    0xFF, 0x3E, 0xCF, 0xB3, 0xEE, 0xF9, 0xBE, 0x7F, 0x8F, 0xE3, 0xF8, 0xFE, 0x1C, 0x00, 0x0E, 0x03,
    0x01, 0xC0, 0x60, 0xFE, 0x7F, 0xB0, 0xF8, 0x7C, 0x1E, 0x0F, 0x07, 0x83, 0xC1, 0xE0, 0xF0, 0x60,
    0x01, 0xC0, 0xC0, 0xE0, 0x70, 0x21, 0x0C, 0xE1, 0xF0, 0x78, 0x00, 0x3C, 0x3F, 0x0F, 0xE3, 0xF8,
    0xFE, 0x3F, 0xCF, 0xB3, 0xEC, 0xFB, 0xBE, 0x6F, 0x9F, 0xE3, 0xF8, 0xFE, 0x3F, 0x87, 0x63, 0x3B,
    0x8F, 0x87, 0x80, 0x07, 0xF3, 0xFD, 0x87, 0xC3, 0xE0, 0xF0, 0x78, 0x3C, 0x1E, 0x0F, 0x07, 0x83,
    0xC0, 0x18, 0x03, 0x00, 0x60, 0x03, 0xF8, 0x7F, 0x8C, 0x39, 0x87, 0x30, 0x66, 0x0C, 0xC1, 0x98,
    0x33, 0x06, 0x60, 0xCC, 0x18, 0xF0, 0xFC, 0x3F, 0x8F, 0xE3, 0xF8, 0xFF, 0x3E, 0xCF, 0xB3, 0xEE,
    0xF9, 0xBE, 0x7F, 0x8F, 0xE3, 0xF8, 0xFE, 0x1C, 0x03, 0x00, 0xCF, 0xF3, 0xF8, 0xFE, 0x7F, 0xB0,
    0xF8, 0x7C, 0x1E, 0x0F, 0x07, 0x83, 0xC1, 0xE0, 0xF0, 0x60, 0x30, 0x1B, 0xFD, 0xFC, 0x1F, 0x07,
    0xF0, 0xFC, 0x00, 0x03, 0xF0, 0xFF, 0x18, 0x77, 0x06, 0xE0, 0xD8, 0x1F, 0x03, 0xE0, 0x7C, 0x0F,
    0x81, 0xF8, 0x37, 0x06, 0x61, 0xCF, 0xF0, 0xFC, 0x00, 0x1F, 0x07, 0xF0, 0xFC, 0x00, 0x00, 0x00,
    0x7E, 0x1F, 0xE3, 0x0E, 0xE0, 0xDC, 0x1B, 0x83, 0x70, 0x6E, 0x0C, 0xC3, 0x9F, 0xE1, 0xF8, 0x21,
    0x06, 0x30, 0xFC, 0x0F, 0x80, 0xC0, 0x7E, 0x1F, 0xE3, 0x0E, 0xE0, 0xDC, 0x1B, 0x03, 0xE0, 0x7C,
    0x0F, 0x81, 0xF0, 0x3F, 0x06, 0xE0, 0xCC, 0x39, 0xFE, 0x1F, 0x80, 0x21, 0x06, 0x30, 0xFC, 0x0F,
    0x80, 0xC0, 0x00, 0x0F, 0xC3, 0xFC, 0x61, 0xDC, 0x1B, 0x83, 0x70, 0x6E, 0x0D, 0xC1, 0x98, 0x73,
    0xFC, 0x3F, 0x00, 0x0D, 0x83, 0xB0, 0x6E, 0x0D, 0x80, 0x00, 0x7E, 0x1F, 0xE3, 0x0E, 0xE0, 0xDC,
    0x1B, 0x03, 0xE0, 0x7C, 0x0F, 0x81, 0xF0, 0x3F, 0x06, 0xE0, 0xCC, 0x39, 0xFE, 0x1F, 0x80, 0x00,
    0x01, 0xB0, 0x76, 0x0D, 0x81, 0x30, 0x00, 0x0F, 0xC3, 0xFC, 0x61, 0xDC, 0x1B, 0x83, 0x70, 0x6E,
    0x0D, 0xC1, 0x98, 0x73, 0xFC, 0x3F, 0x00, 0x1F, 0xF3, 0xFF, 0x73, 0x86, 0x38, 0x63, 0x86, 0x38,
    0xE3, 0xEE, 0x3F, 0xE3, 0xF6, 0x38, 0x63, 0x86, 0x38, 0x73, 0x83, 0xFF, 0x1F, 0xF0, 0x7D, 0xE3,
    0xFF, 0xB9, 0xCD, 0x8C, 0x6C, 0x7F, 0xE3, 0xFF, 0x1F, 0xD8, 0xC0, 0xE7, 0x33, 0xFF, 0x9F, 0x78,
    0x03, 0x00, 0xE0, 0x18, 0x07, 0x00, 0x01, 0xFF, 0x3F, 0xF7, 0x06, 0xE0, 0xFC, 0x1F, 0x83, 0x7F,
    0xEF, 0xF9, 0xFC, 0x39, 0xC7, 0x18, 0xE3, 0x9C, 0x33, 0x87, 0x70, 0x70, 0x00, 0x00, 0x70, 0x0C,
    0x03, 0x80, 0x60, 0x00, 0x3F, 0xFF, 0xFF, 0x1E, 0x03, 0x80, 0x70, 0x0E, 0x01, 0xC0, 0x38, 0x07,
    0x07, 0xFE, 0xFF, 0xC0, 0xFF, 0x9F, 0xFB, 0x83, 0x70, 0x7E, 0x0F, 0xC1, 0xBF, 0xF7, 0xFC, 0xFE,
    0x1C, 0xE3, 0x8C, 0x71, 0xCE, 0x19, 0xC3, 0xB8, 0x38, 0x00, 0x0E, 0x01, 0x80, 0x30, 0x0E, 0x00,
    0xFF, 0xFF, 0xFC, 0x78, 0x0E, 0x01, 0xC0, 0x38, 0x07, 0x00, 0xE0, 0x1C, 0x1F, 0xFB, 0xFF, 0x00,
    0x01, 0xC0, 0x38, 0x06, 0x00, 0xC0, 0x31, 0x87, 0x70, 0x7C, 0x07, 0x00, 0x01, 0xFF, 0x3F, 0xF7,
    0x06, 0xE0, 0xFC, 0x1F, 0x83, 0x7F, 0xEF, 0xF9, 0xFC, 0x39, 0xC7, 0x18, 0xE3, 0x9C, 0x33, 0x87,
    0x70, 0x70, 0x18, 0xC3, 0xB8, 0x3E, 0x07, 0x80, 0x01, 0xFF, 0xFF, 0xF8, 0xF0, 0x1C, 0x03, 0x80,
    0x70, 0x0E, 0x01, 0xC0, 0x38, 0x3F, 0xF7, 0xFE, 0x01, 0x00, 0x38, 0x03, 0x00, 0x60, 0x00, 0x01,
    0xFC, 0x3F, 0xE7, 0x06, 0x70, 0x07, 0x00, 0x70, 0x03, 0xF0, 0x1F, 0xC0, 0x3E, 0x00, 0x60, 0x07,
    0x20, 0x77, 0x0E, 0x7F, 0xE1, 0xFC, 0x00, 0x01, 0xC0, 0x60, 0x38, 0x0C, 0x00, 0x03, 0xF9, 0xFF,
    0x60, 0x98, 0x07, 0xC0, 0xFE, 0x03, 0xC0, 0x3E, 0x0D, 0xFF, 0x3F, 0x80, 0x0F, 0x00, 0xF8, 0x19,
    0xC1, 0x08, 0x1F, 0xC3, 0xFE, 0x70, 0x67, 0x00, 0x70, 0x07, 0x00, 0x3F, 0x01, 0xFC, 0x03, 0xE0,
    0x06, 0x00, 0x72, 0x07, 0x70, 0xE7, 0xFE, 0x1F, 0xC0, 0x1E, 0x07, 0xC3, 0x38, 0x84, 0x00, 0x0F,
    0xE7, 0xFD, 0x82, 0x60, 0x1F, 0x03, 0xF8, 0x0F, 0x00, 0xF8, 0x37, 0xFC, 0xFE, 0x1F, 0xC3, 0xFE,
    0x70, 0x67, 0x00, 0x70, 0x07, 0x00, 0x3F, 0x01, 0xFC, 0x03, 0xE0, 0x06, 0x00, 0x72, 0x07, 0x70,
    0xE7, 0xFE, 0x1F, 0xC0, 0x60, 0x07, 0x80, 0x78, 0x0F, 0x80, 0x3F, 0x9F, 0xF6, 0x09, 0x80, 0x7C,
    0x0F, 0xE0, 0x3C, 0x03, 0xE0, 0xDF, 0xF3, 0xF8, 0x30, 0x0F, 0x03, 0xC1, 0xF0, 0x10, 0x81, 0x9C,
    0x0F, 0x80, 0xF0, 0x00, 0x01, 0xFC, 0x3F, 0xE7, 0x06, 0x70, 0x07, 0x00, 0x70, 0x03, 0xF0, 0x1F,
    0xC0, 0x3E, 0x00, 0x60, 0x07, 0x20, 0x77, 0x0E, 0x7F, 0xE1, 0xFC, 0x21, 0x0C, 0xE1, 0xF0, 0x78,
    0x00, 0x0F, 0xE7, 0xFD, 0x82, 0x60, 0x1F, 0x03, 0xF8, 0x0F, 0x00, 0xF8, 0x37, 0xFC, 0xFE, 0xFF,
    0xFF, 0xFF, 0x07, 0x00, 0x70, 0x07, 0x00, 0x70, 0x07, 0x00, 0x70, 0x07, 0x00, 0x70, 0x07, 0x00,
    0x70, 0x07, 0x00, 0x70, 0x07, 0x00, 0x00, 0x07, 0x00, 0x60, 0x0E, 0x00, 0xC0, 0x0C, 0x01, 0x80,
    0x30, 0x06, 0x0F, 0xFE, 0xFF, 0xC3, 0x00, 0x60, 0x0C, 0x01, 0x80, 0x30, 0x06, 0x00, 0xE0, 0x1F,
    0xC1, 0xF8, 0x00, 0x03, 0x80, 0x70, 0x0C, 0x01, 0x80, 0x10, 0x81, 0x9C, 0x0F, 0x80, 0xF0, 0x00,
    0x0F, 0xFF, 0xFF, 0xF0, 0x70, 0x07, 0x00, 0x70, 0x07, 0x00, 0x70, 0x07, 0x00, 0x70, 0x07, 0x00,
    0x70, 0x07, 0x00, 0x70, 0x07, 0x00, 0x70, 0x0C, 0xE1, 0x98, 0x33, 0x06, 0x6F, 0xFE, 0xFF, 0xC3,
    0x00, 0x60, 0x0C, 0x01, 0x80, 0x30, 0x06, 0x00, 0xE0, 0x1F, 0xC1, 0xF8, 0xFF, 0xFF, 0xFF, 0x07,
    0x00, 0x70, 0x07, 0x00, 0x70, 0x3F, 0xC7, 0xFE, 0x3F, 0xE0, 0x70, 0x07, 0x00, 0x70, 0x07, 0x00,
    0x70, 0x07, 0x00, 0x0C, 0x01, 0x80, 0x30, 0x06, 0x0F, 0xFE, 0xFF, 0xC3, 0x00, 0x60, 0x1F, 0x87,
    0xF8, 0xFF, 0x06, 0x00, 0xC0, 0x1F, 0xC1, 0xF8, 0x00, 0x0F, 0xE3, 0xF8, 0x0C, 0x00, 0x38, 0x3E,
    0x0F, 0x83, 0xE0, 0xF8, 0x3E, 0x0F, 0x83, 0xE0, 0xF8, 0x3E, 0x0F, 0x83, 0x60, 0xD8, 0x77, 0xF8,
    0xFC, 0x00, 0x0F, 0xE3, 0xF8, 0x0C, 0x00, 0x18, 0x76, 0x1D, 0x87, 0x61, 0xD8, 0x76, 0x1D, 0x87,
    0x61, 0xD8, 0x77, 0xFC, 0xFF, 0x1F, 0x0F, 0xE3, 0xF0, 0x00, 0xE0, 0xF8, 0x3E, 0x0F, 0x83, 0xE0,
    0xF8, 0x3E, 0x0F, 0x83, 0xE0, 0xF8, 0x3E, 0x0D, 0x83, 0x61, 0xDF, 0xE3, 0xF0, 0x1F, 0x0F, 0xC3,
    0xF0, 0x00, 0x00, 0x18, 0x76, 0x1D, 0x87, 0x61, 0xD8, 0x76, 0x1D, 0x87, 0x61, 0xD8, 0x77, 0xFC,
    0xFF, 0x21, 0x0C, 0x63, 0xF0, 0x7C, 0x0C, 0x38, 0x3E, 0x0F, 0x83, 0xE0, 0xF8, 0x3E, 0x0F, 0x83,
    0xE0, 0xF8, 0x3E, 0x0F, 0x83, 0x60, 0xD8, 0x77, 0xF8, 0xFC, 0x21, 0x0C, 0x63, 0xF0, 0x7C, 0x0C,
    0x00, 0x06, 0x1D, 0x87, 0x61, 0xD8, 0x76, 0x1D, 0x87, 0x61, 0xD8, 0x76, 0x1D, 0xFF, 0x3F, 0xC0,
    0x00, 0x07, 0x81, 0xF0, 0xCC, 0x1F, 0x07, 0x80, 0xC3, 0x83, 0xE0, 0xF8, 0x3E, 0x0F, 0x83, 0xE0,
    0xF8, 0x3E, 0x0F, 0x83, 0xE0, 0xF8, 0x36, 0x0D, 0x87, 0x7F, 0x8F, 0xC0, 0x00, 0x07, 0x81, 0xF0,
    0xCC, 0x1F, 0x07, 0x80, 0xC1, 0x87, 0x61, 0xD8, 0x76, 0x1D, 0x87, 0x61, 0xD8, 0x76, 0x1D, 0x87,
    0x7F, 0xCF, 0xF0, 0x0D, 0x87, 0x61, 0xB8, 0x6C, 0x00, 0x38, 0x3E, 0x0F, 0x83, 0xE0, 0xF8, 0x3E,
    0x0F, 0x83, 0xE0, 0xF8, 0x3E, 0x0F, 0x83, 0x60, 0xD8, 0x77, 0xF8, 0xFC, 0x00, 0x03, 0x61, 0xD8,
    0x6C, 0x13, 0x00, 0x06, 0x1D, 0x87, 0x61, 0xD8, 0x76, 0x1D, 0x87, 0x61, 0xD8, 0x76, 0x1D, 0xFF,
    0x3F, 0xC0, 0xE0, 0xF8, 0x3E, 0x0F, 0x83, 0xE0, 0xF8, 0x3E, 0x0F, 0x83, 0xE0, 0xF8, 0x3E, 0x0D,
    0x83, 0x61, 0xDF, 0xE3, 0xF0, 0x18, 0x0C, 0x03, 0xC0, 0xF0, 0x61, 0xD8, 0x76, 0x1D, 0x87, 0x61,
    0xD8, 0x76, 0x1D, 0x87, 0x61, 0xDF, 0xF3, 0xFC, 0x0E, 0x03, 0x01, 0xF0, 0x3C, 0x0F, 0x00, 0xF8,
    0x19, 0xC1, 0x08, 0xE0, 0x3E, 0x03, 0x60, 0x36, 0x03, 0x67, 0x36, 0x77, 0x6F, 0x76, 0xF7, 0x6F,
    0xE6, 0xDE, 0x6D, 0xE7, 0x9E, 0x79, 0xE7, 0x9E, 0x78, 0xE0, 0x0F, 0x00, 0xF8, 0x19, 0xC1, 0x08,
    0x00, 0x0E, 0x73, 0xE7, 0x36, 0xF3, 0x6F, 0x36, 0xF7, 0x6D, 0xE6, 0xDE, 0x79, 0xE3, 0x9E, 0x39,
    0xE3, 0x8E, 0x0F, 0x00, 0x7C, 0x06, 0x70, 0x21, 0x0E, 0x03, 0x38, 0x39, 0xC3, 0x87, 0x1C, 0x39,
    0xC0, 0xEE, 0x07, 0xE0, 0x1E, 0x00, 0x70, 0x03, 0x80, 0x1C, 0x00, 0xE0, 0x07, 0x00, 0x38, 0x01,
    0xC0, 0x1E, 0x03, 0xE0, 0xCE, 0x10, 0x80, 0x01, 0x81, 0xF8, 0x33, 0x0E, 0x71, 0x86, 0x30, 0xCE,
    0x1D, 0x81, 0xF0, 0x3C, 0x03, 0x80, 0x70, 0x0C, 0x03, 0x81, 0xE0, 0x7C, 0x00, 0x19, 0x80, 0xEE,
    0x07, 0x70, 0x00, 0x00, 0x00, 0x70, 0x19, 0xC1, 0xCE, 0x1C, 0x38, 0xE1, 0xCE, 0x07, 0x70, 0x3F,
    0x00, 0xF0, 0x03, 0x80, 0x1C, 0x00, 0xE0, 0x07, 0x00, 0x38, 0x01, 0xC0, 0x0E, 0x00, 0x02, 0x00,
    0xE0, 0x18, 0x06, 0x00, 0x01, 0xFF, 0xFF, 0xF0, 0x0E, 0x03, 0x80, 0x70, 0x1C, 0x07, 0x00, 0xC0,
    0x38, 0x0E, 0x01, 0x80, 0x70, 0x1C, 0x03, 0xFF, 0xFF, 0xF0, 0x00, 0x01, 0xC0, 0x60, 0x38, 0x0C,
    0x00, 0x07, 0xFD, 0xFF, 0x03, 0x81, 0xC0, 0x70, 0x38, 0x1C, 0x0E, 0x07, 0x03, 0xFF, 0xFF, 0xC0,
    0x0C, 0x01, 0xC0, 0x38, 0x00, 0x00, 0x01, 0xFF, 0xFF, 0xF0, 0x0E, 0x03, 0x80, 0x70, 0x1C, 0x07,
    0x00, 0xC0, 0x38, 0x0E, 0x01, 0x80, 0x70, 0x1C, 0x03, 0xFF, 0xFF, 0xF0, 0x0C, 0x03, 0x80, 0xE0,
    0x00, 0x00, 0x1F, 0xF7, 0xFC, 0x0E, 0x07, 0x01, 0xC0, 0xE0, 0x70, 0x38, 0x1C, 0x0F, 0xFF, 0xFF,
    0x21, 0x06, 0x70, 0x7C, 0x0F, 0x00, 0x01, 0xFF, 0xFF, 0xF0, 0x0E, 0x03, 0x80, 0x70, 0x1C, 0x07,
    0x00, 0xC0, 0x38, 0x0E, 0x01, 0x80, 0x70, 0x1C, 0x03, 0xFF, 0xFF, 0xF0, 0x21, 0x8C, 0xE1, 0xF0,
    0x78, 0x00, 0x1F, 0xF7, 0xFC, 0x0E, 0x07, 0x01, 0xC0, 0xE0, 0x70, 0x38, 0x1C, 0x0F, 0xFF, 0xFF,
    0x00, 0x60, 0x0C, 0xFF, 0xBF, 0xE6, 0x1D, 0xC1, 0xB8, 0x36, 0x07, 0xC0, 0xF8, 0x1F, 0x03, 0xE0,
    0x7E, 0x0D, 0xC1, 0x98, 0x73, 0xFC, 0x3F, 0x00, 0x00, 0x60, 0x1C, 0x03, 0x9F, 0xF7, 0xFC, 0xC3,
    0xB8, 0x37, 0x06, 0xE0, 0xDC, 0x1B, 0x83, 0x30, 0xE7, 0xF8, 0x7E, 0x00, 0x00, 0x30, 0x03, 0xE0,
    0xFE, 0x0E, 0xE0, 0xCE, 0x0C, 0xE0, 0xCE, 0x0C, 0xE0, 0xCE, 0x0C, 0xE0, 0xCE, 0x0C, 0xE0, 0xC6,
    0x0C, 0x61, 0xC7, 0xF8, 0x3F, 0x00, 0x00, 0x60, 0x07, 0x00, 0x76, 0x1E, 0x61, 0xE6, 0x1C, 0x61,
    0xC6, 0x1C, 0x61, 0xC6, 0x1C, 0x61, 0xC6, 0x1C, 0x7F, 0xC3, 0xFC, 0x01, 0x00, 0x38, 0x07, 0x00,
    0x20, 0x0F, 0x00, 0xF8, 0x19, 0x80, 0xF8, 0x0F, 0x00, 0x70, 0x0F, 0x00, 0xF8, 0x0D, 0x81, 0xD8,
    0x19, 0x81, 0x9C, 0x38, 0xC3, 0xFC, 0x3F, 0xE3, 0xFE, 0x70, 0x66, 0x07, 0x60, 0x7E, 0x03, 0x04,
    0x00, 0xC0, 0x30, 0x06, 0x01, 0xE0, 0x7C, 0x0C, 0xC1, 0xF8, 0x1E, 0x01, 0x80, 0xFC, 0x3F, 0xC6,
    0x18, 0x03, 0x01, 0xE3, 0xFC, 0xFF, 0x9C, 0x33, 0x86, 0x7F, 0xF7, 0xFE, 0x00, 0x60, 0x0E, 0x00,
    0xC0, 0x18, 0x00, 0x00, 0xFF, 0x0F, 0xF0, 0xF8, 0x0F, 0x81, 0xF8, 0x1B, 0x81, 0xBE, 0x3B, 0xF3,
    0xFF, 0x3F, 0x83, 0xF8, 0x73, 0x86, 0x38, 0x63, 0xFE, 0x3F, 0x00, 0x00, 0x1C, 0x00, 0xC0, 0x0E,
    0x00, 0x60, 0x00, 0x01, 0xF7, 0x8F, 0xFE, 0xC7, 0x30, 0x31, 0x83, 0xFE, 0xFF, 0xFF, 0xFF, 0x63,
    0x03, 0x1C, 0xDF, 0xFE, 0x79, 0xE0, 0x01, 0x00, 0x38, 0x03, 0x00, 0x60, 0x00, 0x21, 0xFF, 0x3F,
    0xE3, 0x0E, 0x71, 0xE7, 0x1E, 0x63, 0xF6, 0x37, 0x66, 0x76, 0x67, 0x6C, 0x77, 0xC6, 0x78, 0x63,
    0x8E, 0x7F, 0xC7, 0xF8, 0x60, 0x00, 0x00, 0x00, 0x38, 0x03, 0x00, 0x70, 0x06, 0x00, 0x02, 0x1F,
    0xF3, 0xFE, 0x30, 0xE7, 0x1E, 0x73, 0x67, 0x66, 0x7E, 0x67, 0xC6, 0x38, 0xE3, 0xFC, 0x7F, 0x84,
    0x00, 0x1F, 0xC3, 0xFE, 0x70, 0x67, 0x00, 0x70, 0x07, 0x00, 0x3F, 0x01, 0xFC, 0x03, 0xE0, 0x06,
    0x00, 0x72, 0x07, 0x70, 0xE7, 0xFE, 0x1F, 0xC0, 0x00, 0x07, 0x00, 0x60, 0x0E, 0x00, 0xC0, 0x3F,
    0x9F, 0xF6, 0x09, 0x80, 0x7C, 0x0F, 0xE0, 0x3C, 0x03, 0xE0, 0xDF, 0xF3, 0xF8, 0x00, 0x0C, 0x07,
    0x01, 0xC0, 0x60, 0xFF, 0xFF, 0xFF, 0x07, 0x00, 0x70, 0x07, 0x00, 0x70, 0x07, 0x00, 0x70, 0x07,
    0x00, 0x70, 0x07, 0x00, 0x70, 0x07, 0x00, 0x70, 0x07, 0x00, 0x00, 0x07, 0x00, 0x60, 0x0E, 0x00,
    0xC0, 0x0C, 0x01, 0x80, 0x30, 0x06, 0x0F, 0xFE, 0xFF, 0xC3, 0x00, 0x60, 0x0C, 0x01, 0x80, 0x30,
    0x06, 0x00, 0xE0, 0x1F, 0xC1, 0xF8, 0x00, 0x03, 0x80, 0x70, 0x0C, 0x01, 0x80, 0x0E, 0x63, 0x30,
    0x07, 0x6C, 0xC0, 0x3C, 0x7E, 0x66, 0x42, 0x00, 0xFE, 0xFF, 0x04, 0x7B, 0xFF, 0xC0, 0x42, 0xE7,
    0x7E, 0x7E, 0x18, 0x6E, 0xE0, 0x66, 0x7E, 0x7E, 0x4F, 0xF3, 0x60, 0x01, 0xEF, 0xF3, 0xFD, 0xE3,
    0x00, 0x00, 0x36, 0x6E, 0x6C, 0xC8, 0x42, 0x66, 0x7E, 0x3C, 0x37, 0x77, 0xFB, 0x60, 0x33, 0x3F,
    0x40, 0x66, 0x60, 0xEE, 0xEC, 0x63, 0x1F, 0xBF, 0x80, 0x33, 0xB1, 0xEF, 0xB0, 0x18, 0x07, 0x00,
    0xC0, 0x30, 0x00, 0x3F, 0xFF, 0xFF, 0x80, 0xE0, 0x38, 0x0E, 0x03, 0xFE, 0xFF, 0xFF, 0xFE, 0x03,
    0x80, 0xE0, 0x38, 0x0F, 0xFF, 0xFF, 0x13, 0x0E, 0xE3, 0xB8, 0x00, 0x00, 0x3F, 0xFF, 0xFF, 0x80,
    0xE0, 0x38, 0x0E, 0x03, 0xFE, 0xFF, 0xFF, 0xFE, 0x03, 0x80, 0xE0, 0x38, 0x0F, 0xFF, 0xFF, 0xFF,
    0x8F, 0xF8, 0x1C, 0x01, 0xC0, 0x1C, 0x01, 0xC0, 0x1F, 0xE1, 0xFE, 0x1C, 0x71, 0xC7, 0x1C, 0x71,
    0xC7, 0x1C, 0x71, 0xC7, 0x1C, 0x70, 0x07, 0x03, 0xF0, 0x7E, 0x07, 0xC0, 0x06, 0x03, 0x03, 0x81,
    0x80, 0x07, 0xFF, 0xFF, 0xC0, 0xE0, 0x70, 0x38, 0x1C, 0x0E, 0x07, 0x03, 0x81, 0xC0, 0xE0, 0x70,
    0x38, 0x1C, 0x00, 0x1F, 0x87, 0xF9, 0xC3, 0x30, 0x6E, 0x01, 0xC0, 0x3F, 0x87, 0xF0, 0xFE, 0x1C,
    0x03, 0x80, 0x30, 0x67, 0x0C, 0x7F, 0x87, 0xE0, 0x1F, 0xC3, 0xFE, 0x70, 0x67, 0x00, 0x70, 0x07,
    0x00, 0x3F, 0x01, 0xFC, 0x03, 0xE0, 0x06, 0x00, 0x72, 0x07, 0x70, 0xE7, 0xFE, 0x1F, 0xC0, 0xFF,
    0xDF, 0xF0, 0xE0, 0x38, 0x0E, 0x03, 0x80, 0xE0, 0x38, 0x0E, 0x03, 0x80, 0xE0, 0x38, 0x0E, 0x1F,
    0xFF, 0xFC, 0x33, 0x0E, 0xE3, 0xB8, 0x00, 0x00, 0x3F, 0xF7, 0xFC, 0x38, 0x0E, 0x03, 0x80, 0xE0,
    0x38, 0x0E, 0x03, 0x80, 0xE0, 0x38, 0x0E, 0x03, 0x87, 0xFF, 0xFF, 0x3F, 0x9F, 0xC0, 0x60, 0x30,
    0x18, 0x0C, 0x06, 0x03, 0x01, 0x80, 0xC0, 0x6C, 0x3E, 0x3B, 0xFC, 0xFC, 0x3F, 0x01, 0xF8, 0x0C,
    0xC0, 0x66, 0x03, 0x30, 0x19, 0xC0, 0xCF, 0x86, 0x7E, 0x33, 0x39, 0x99, 0xCC, 0xCE, 0x66, 0x77,
    0x33, 0xF1, 0xFB, 0x8F, 0x80, 0xE7, 0x0E, 0x70, 0xE7, 0x0E, 0x70, 0xE7, 0x0E, 0x70, 0xE7, 0xCF,
    0xFE, 0xFF, 0x7E, 0x73, 0xE7, 0x3E, 0x73, 0xE7, 0x7E, 0x7F, 0xE7, 0xE0, 0xFF, 0x8F, 0xF8, 0x1C,
    0x01, 0xC0, 0x1C, 0x01, 0xC0, 0x1F, 0xE1, 0xFE, 0x1C, 0x71, 0xC7, 0x1C, 0x71, 0xC7, 0x1C, 0x71,
    0xC7, 0x1C, 0x70, 0x06, 0x00, 0xC0, 0x38, 0x06, 0x00, 0x01, 0xC3, 0xB8, 0x77, 0x0C, 0xE3, 0x9C,
    0x63, 0x9C, 0x73, 0x0F, 0xE1, 0xFC, 0x39, 0xC7, 0x38, 0xE3, 0x9C, 0x73, 0x87, 0xF0, 0xF0, 0x18,
    0x06, 0x01, 0xC0, 0x30, 0x00, 0x38, 0x3E, 0x1F, 0x87, 0xE3, 0xF8, 0xFE, 0x7F, 0x9B, 0xEE, 0xFB,
    0x3F, 0xCF, 0xE3, 0xF0, 0xFC, 0x3E, 0x0F, 0x83, 0x18, 0x81, 0x9C, 0x1F, 0x80, 0xF8, 0x06, 0x06,
    0x07, 0x70, 0x73, 0x06, 0x38, 0xE3, 0x8C, 0x18, 0xC1, 0xDC, 0x0D, 0x80, 0xF8, 0x07, 0x80, 0x70,
    0x07, 0x00, 0x60, 0x1E, 0x01, 0xE0, 0xE0, 0xF8, 0x3E, 0x0F, 0x83, 0xE0, 0xF8, 0x3E, 0x0F, 0x83,
    0xE0, 0xF8, 0x3E, 0x0F, 0x83, 0xE0, 0xFF, 0xFF, 0xFC, 0x30, 0x0C, 0x03, 0x00, 0x07, 0x00, 0xF0,
    0x0F, 0x80, 0xD8, 0x1D, 0x81, 0x98, 0x19, 0xC3, 0x8C, 0x3F, 0xC3, 0xFE, 0x3F, 0xE7, 0x06, 0x60,
    0x76, 0x07, 0xE0, 0x30, 0xFF, 0x9F, 0xF3, 0x80, 0x70, 0x0E, 0x01, 0xF8, 0x3F, 0xE7, 0xFE, 0xE0,
    0xDC, 0x1B, 0x83, 0xF0, 0x6E, 0x0D, 0xFF, 0xBF, 0xE0, 0xFF, 0x9F, 0xF3, 0x87, 0x70, 0x6E, 0x0D,
    0xC3, 0xBF, 0xE7, 0xFC, 0xFF, 0xDC, 0x1B, 0x83, 0xF0, 0x7E, 0x0D, 0xFF, 0xBF, 0xE0, 0xFF, 0xFF,
    0xF8, 0x1C, 0x0E, 0x07, 0x03, 0x81, 0xC0, 0xE0, 0x70, 0x38, 0x1C, 0x0E, 0x07, 0x03, 0x80, 0x1F,
    0xE0, 0xFF, 0x07, 0x38, 0x39, 0xC1, 0xCE, 0x0E, 0x70, 0x73, 0x83, 0x9C, 0x18, 0xE0, 0xC7, 0x06,
    0x38, 0x71, 0xC3, 0x8E, 0x7F, 0xFB, 0xFF, 0xD8, 0x06, 0xC0, 0x36, 0x01, 0xB0, 0x0C, 0xFF, 0xFF,
    0xFE, 0x03, 0x80, 0xE0, 0x38, 0x0F, 0xFB, 0xFF, 0xFF, 0xF8, 0x0E, 0x03, 0x80, 0xE0, 0x3F, 0xFF,
    0xFC, 0xE6, 0x37, 0x31, 0x99, 0x9C, 0xCC, 0xE7, 0x66, 0x3B, 0x30, 0xFF, 0x87, 0xF8, 0x3F, 0xE3,
    0xB3, 0x1D, 0x98, 0xCC, 0xEE, 0x67, 0x73, 0x1B, 0x18, 0xE0, 0x1F, 0x87, 0xF9, 0xC3, 0x80, 0x70,
    0x0E, 0x01, 0xC3, 0xF0, 0x7C, 0x0F, 0xC0, 0x1C, 0x01, 0x90, 0x37, 0x0E, 0xFF, 0x87, 0xE0, 0xE0,
    0xF8, 0x7E, 0x1F, 0x8F, 0xE3, 0xF9, 0xFE, 0x6F, 0xBB, 0xEC, 0xFF, 0x3F, 0x8F, 0xC3, 0xF0, 0xF8,
    0x3E, 0x0C, 0x31, 0x0C, 0xE3, 0xF0, 0x7C, 0x0C, 0x38, 0x3E, 0x1F, 0x87, 0xE3, 0xF8, 0xFE, 0x7F,
    0x9B, 0xEE, 0xFB, 0x3F, 0xCF, 0xE3, 0xF0, 0xFC, 0x3E, 0x0F, 0x83, 0xE1, 0xDC, 0x3B, 0x86, 0x71,
    0xCE, 0x31, 0xCE, 0x39, 0x87, 0xF0, 0xFE, 0x1C, 0xE3, 0x9C, 0x71, 0xCE, 0x39, 0xC3, 0xF8, 0x78,
    0x1F, 0xE3, 0xFC, 0x61, 0x8C, 0x31, 0x86, 0x30, 0xC6, 0x18, 0xC3, 0x18, 0x63, 0x0C, 0x61, 0x9C,
    0x33, 0x07, 0xE0, 0xF8, 0x18, 0xE1, 0xDE, 0x3B, 0xC7, 0x79, 0xEF, 0xBD, 0xBF, 0xB7, 0xB6, 0x76,
    0xCC, 0xD9, 0x9B, 0x03, 0x60, 0x6C, 0x0D, 0x81, 0xB0, 0x30, 0xE0, 0xF8, 0x3E, 0x0F, 0x83, 0xE0,
    0xF8, 0x3F, 0xFF, 0xFF, 0xFF, 0xF8, 0x3E, 0x0F, 0x83, 0xE0, 0xF8, 0x3E, 0x0C, 0x3F, 0x0F, 0xF1,
    0x87, 0x70, 0x6E, 0x0D, 0x81, 0xF0, 0x3E, 0x07, 0xC0, 0xF8, 0x1F, 0x83, 0x70, 0x66, 0x1C, 0xFF,
    0x0F, 0xC0, 0xFF, 0xFF, 0xFE, 0x0F, 0x83, 0xE0, 0xF8, 0x3E, 0x0F, 0x83, 0xE0, 0xF8, 0x3E, 0x0F,
    0x83, 0xE0, 0xF8, 0x3E, 0x0C, 0xFF, 0x9F, 0xFB, 0x83, 0x70, 0x7E, 0x0F, 0xC1, 0xFF, 0xF7, 0xFC,
    0xFF, 0x1C, 0x03, 0x80, 0x70, 0x0E, 0x01, 0xC0, 0x38, 0x00, 0x1F, 0x87, 0xF9, 0xC7, 0x30, 0x6E,
    0x01, 0xC0, 0x38, 0x07, 0x00, 0xE0, 0x1C, 0x03, 0x80, 0x30, 0x67, 0x0C, 0x7F, 0x87, 0xE0, 0xFF,
    0xFF, 0xFF, 0x07, 0x00, 0x70, 0x07, 0x00, 0x70, 0x07, 0x00, 0x70, 0x07, 0x00, 0x70, 0x07, 0x00,
    0x70, 0x07, 0x00, 0x70, 0x07, 0x00, 0x60, 0x77, 0x07, 0x30, 0x63, 0x8E, 0x38, 0xC1, 0x8C, 0x1D,
    0xC0, 0xD8, 0x0F, 0x80, 0x78, 0x07, 0x00, 0x70, 0x06, 0x01, 0xE0, 0x1E, 0x00, 0x07, 0x00, 0x70,
    0x3F, 0xC7, 0xFE, 0x76, 0x76, 0x67, 0xE6, 0x3E, 0x63, 0xE6, 0x3E, 0x63, 0x66, 0x77, 0x67, 0x7F,
    0xE3, 0xFC, 0x07, 0x00, 0x60, 0x60, 0x77, 0x06, 0x38, 0xE1, 0x9C, 0x1D, 0xC0, 0xF8, 0x0F, 0x00,
    0x70, 0x0F, 0x00, 0xF8, 0x1D, 0xC3, 0x8C, 0x30, 0xE7, 0x06, 0xE0, 0x70, 0xE1, 0xDC, 0x3B, 0x87,
    0x70, 0xEE, 0x1D, 0xC3, 0xB8, 0x77, 0x0E, 0xE1, 0xDC, 0x3B, 0x87, 0x70, 0xEE, 0x1D, 0xFF, 0xFF,
    0xF8, 0x03, 0x00, 0x60, 0x0C, 0x01, 0x80, 0xC0, 0xF0, 0x3C, 0x0F, 0x03, 0xC0, 0xF0, 0x3E, 0x0D,
    0xFF, 0x7F, 0xC7, 0xB0, 0x0C, 0x03, 0x00, 0xC0, 0x30, 0x0C, 0xCC, 0xF9, 0x9F, 0x33, 0xE6, 0x7C,
    0xCF, 0x99, 0xF3, 0x3E, 0x67, 0xCC, 0xF9, 0x9F, 0x33, 0xE6, 0x7C, 0xCF, 0xFF, 0xFF, 0xF8, 0xEE,
    0xEE, 0xEE, 0xEE, 0xEE, 0xEE, 0xEE, 0xEE, 0xEE, 0xEE, 0xEE, 0xEE, 0xEE, 0xEE, 0xEE, 0xEE, 0xEE,
    0xEE, 0xEE, 0xEF, 0xFF, 0xFF, 0xF0, 0x03, 0x00, 0x30, 0x03, 0x00, 0x30, 0xFC, 0x07, 0xE0, 0x07,
    0x00, 0x38, 0x01, 0xC0, 0x0F, 0x80, 0x7F, 0x83, 0xFE, 0x1C, 0x30, 0xE1, 0x87, 0x0C, 0x38, 0x61,
    0xC7, 0x0F, 0xF8, 0x7F, 0x80, 0xC0, 0xF8, 0x1F, 0x03, 0xE0, 0x7C, 0x0F, 0x81, 0xFE, 0x3F, 0xF7,
    0xCE, 0xF8, 0xDF, 0x1F, 0xE3, 0xFC, 0x6F, 0xFD, 0xFF, 0x38, 0x60, 0x0C, 0x01, 0x80, 0x30, 0x06,
    0x00, 0xC0, 0x1F, 0xC3, 0xFE, 0x61, 0xCC, 0x1D, 0x83, 0xB0, 0x76, 0x0C, 0xFF, 0x9F, 0xE0, 0x3F,
    0x0F, 0xF3, 0x86, 0x60, 0xE0, 0x0C, 0x01, 0x83, 0xF0, 0xFE, 0x1F, 0xC0, 0x18, 0x03, 0x60, 0xEE,
    0x18, 0xFF, 0x0F, 0xC0, 0x67, 0xC6, 0x7E, 0x6E, 0x66, 0xE7, 0x6E, 0x76, 0xC7, 0x7C, 0x77, 0xC7,
    0x7C, 0x76, 0xC7, 0x6E, 0x76, 0xE7, 0x6E, 0x66, 0x7E, 0x67, 0xC0, 0x1F, 0xE7, 0xFD, 0xC1, 0xB8,
    0x37, 0x06, 0xE0, 0xCF, 0xF8, 0xFF, 0x0F, 0xE1, 0x8C, 0x71, 0x8C, 0x33, 0x86, 0xE0, 0xFC, 0x18,
    0x3F, 0x0F, 0xF1, 0x86, 0x00, 0xC0, 0x78, 0xFF, 0x3F, 0xE7, 0x0C, 0xE1, 0x9F, 0xFD, 0xFF, 0x80,
    0x03, 0x83, 0xF8, 0xFE, 0x38, 0x06, 0x01, 0xFE, 0x3F, 0xE7, 0x0E, 0xE0, 0xDC, 0x1B, 0x83, 0x70,
    0x6E, 0x0C, 0xC3, 0x9F, 0xE1, 0xF8, 0xFF, 0x7F, 0xF0, 0xF8, 0x7F, 0xF7, 0xFB, 0xFF, 0x83, 0xC1,
    0xFF, 0xFF, 0xC0, 0xFF, 0xFF, 0xF8, 0x1C, 0x0E, 0x07, 0x03, 0x81, 0xC0, 0xE0, 0x70, 0x38, 0x00,
    0x1F, 0xC1, 0xFC, 0x18, 0xC1, 0x8C, 0x18, 0xC1, 0x8C, 0x38, 0xC3, 0x8C, 0x30, 0xCF, 0xFF, 0xFF,
    0xFC, 0x03, 0xC0, 0x3C, 0x03, 0x3F, 0x0F, 0xF1, 0xC7, 0x70, 0x6F, 0xFD, 0xFF, 0xBF, 0xF7, 0x00,
    0x60, 0xCF, 0xF8, 0xFE, 0x00, 0x66, 0x36, 0x67, 0x66, 0x67, 0x66, 0x3F, 0xE3, 0xFC, 0x3F, 0xE7,
    0x66, 0x66, 0x76, 0x67, 0xE6, 0x30, 0x3F, 0x1F, 0xEE, 0x1C, 0x06, 0x1F, 0x8F, 0xC1, 0xF8, 0x07,
    0xC1, 0xFF, 0xE7, 0xF0, 0x61, 0xD8, 0x76, 0x3D, 0x9F, 0x66, 0xDB, 0xF7, 0xDD, 0xE7, 0x79, 0xDC,
    0x76, 0x1C, 0x21, 0x0C, 0xE3, 0xF0, 0x7C, 0x0C, 0x00, 0x06, 0x1D, 0x87, 0x63, 0xD9, 0xF6, 0x6D,
    0xBF, 0x7D, 0xDE, 0x77, 0x9D, 0xC7, 0x61, 0xC0, 0xC3, 0xB0, 0xCC, 0x73, 0x18, 0xFE, 0x3F, 0x0F,
    0xE3, 0x38, 0xC7, 0x30, 0xEC, 0x3C, 0x1F, 0xE3, 0xFC, 0x63, 0x8C, 0x71, 0x8E, 0x31, 0xC6, 0x39,
    0xC7, 0x30, 0xFE, 0x1F, 0x83, 0x80, 0xE1, 0xFC, 0x7F, 0x3F, 0xEF, 0xDB, 0xF7, 0xBC, 0xEF, 0x33,
    0xC4, 0xF0, 0x3C, 0x0C, 0x61, 0xD8, 0x76, 0x1D, 0x87, 0x7F, 0xDF, 0xF7, 0xFD, 0x87, 0x61, 0xD8,
    0x76, 0x1C, 0x3F, 0x0F, 0xF1, 0x87, 0x70, 0x6E, 0x0D, 0xC1, 0xB8, 0x37, 0x06, 0x61, 0xCF, 0xF0,
    0xFC, 0x00, 0xFF, 0xFF, 0xF0, 0xF8, 0x7C, 0x3E, 0x1F, 0x0F, 0x87, 0xC3, 0xE1, 0xF0, 0xE0, 0x6F,
    0x8F, 0xF9, 0x87, 0x30, 0x66, 0x0E, 0xC1, 0xD8, 0x3B, 0x06, 0x61, 0xCF, 0xF9, 0xFE, 0x30, 0x06,
    0x00, 0xC0, 0x18, 0x00, 0x1F, 0x0F, 0xE7, 0x1D, 0x80, 0xE0, 0x38, 0x0E, 0x01, 0x80, 0x70, 0xCF,
    0xF1, 0xF8, 0xFF, 0xDF, 0xF8, 0x30, 0x06, 0x00, 0xC0, 0x18, 0x03, 0x00, 0x60, 0x0C, 0x01, 0x80,
    0x30, 0x00, 0xC0, 0xFC, 0x19, 0x87, 0x38, 0xC3, 0x18, 0x67, 0x0E, 0xC0, 0xF8, 0x1E, 0x01, 0xC0,
    0x38, 0x06, 0x01, 0xC0, 0xF0, 0x3E, 0x00, 0x06, 0x00, 0x60, 0x06, 0x00, 0x60, 0x3F, 0xE7, 0xFE,
    0x66, 0x76, 0x63, 0x66, 0x36, 0x63, 0x66, 0x36, 0x63, 0x66, 0x77, 0xFE, 0x3F, 0xE0, 0x60, 0x06,
    0x00, 0x60, 0x06, 0x00, 0xE1, 0xCE, 0x30, 0xEE, 0x1F, 0x81, 0xE0, 0x1C, 0x07, 0x81, 0xF8, 0x33,
    0x8E, 0x3B, 0x87, 0x00, 0xE1, 0x9C, 0x33, 0x86, 0x70, 0xCE, 0x19, 0xC3, 0x38, 0x67, 0x0C, 0xE1,
    0x9F, 0xFF, 0xFF, 0x80, 0x30, 0x06, 0x00, 0xC0, 0xE1, 0xF8, 0x7E, 0x1F, 0x87, 0xE1, 0xDF, 0xF7,
    0xFC, 0x77, 0x01, 0xC0, 0x70, 0x1C, 0xCC, 0xF9, 0x9F, 0x33, 0xE6, 0x7C, 0xCF, 0x99, 0xF3, 0x3E,
    0x67, 0xCC, 0xFF, 0xFF, 0xFF, 0x80, 0xC6, 0x6C, 0x66, 0xC6, 0x6C, 0x66, 0xC6, 0x6C, 0x66, 0xC6,
    0x6C, 0x66, 0xC6, 0x6F, 0xFF, 0xFF, 0xF0, 0x03, 0x00, 0x30, 0x03, 0xF8, 0x0F, 0x80, 0x18, 0x01,
    0xF0, 0x1F, 0xE1, 0xFE, 0x18, 0x71, 0x87, 0x18, 0x71, 0xFE, 0x1F, 0xE0, 0xC0, 0xF8, 0x1F, 0x03,
    0xF0, 0x7F, 0xCF, 0xFD, 0xF1, 0xBE, 0x37, 0xC6, 0xFF, 0xDF, 0xF3, 0x80, 0xC0, 0x60, 0x30, 0x1F,
    0x0F, 0xF7, 0xFF, 0x07, 0x83, 0xC1, 0xFF, 0xFF, 0xC0, 0x3F, 0x1F, 0xE6, 0x18, 0x07, 0x0F, 0xC7,
    0xF1, 0xFC, 0x07, 0x61, 0x9F, 0xE3, 0xF0, 0xC7, 0x99, 0xFB, 0x33, 0xEE, 0x7F, 0xCF, 0xF9, 0xFF,
    0x3E, 0xE7, 0xDC, 0xF9, 0xFB, 0x3E, 0x00, 0x3F, 0xDF, 0xF6, 0x1D, 0x87, 0x61, 0xDF, 0xF3, 0xFC,
    0x7F, 0x39, 0xFC, 0x7E, 0x1C, 0x00, 0x03, 0x00, 0x70, 0x06, 0x00, 0x40, 0x00, 0x0F, 0xC3, 0xFC,
    0x71, 0xDC, 0x1B, 0xFF, 0x7F, 0xEF, 0xFD, 0xC0, 0x18, 0x33, 0xFE, 0x3F, 0x80, 0x13, 0x07, 0x70,
    0xEE, 0x00, 0x00, 0x00, 0x7E, 0x1F, 0xE3, 0x8E, 0xE0, 0xDF, 0xFB, 0xFF, 0x7F, 0xEE, 0x00, 0xC1,
    0x9F, 0xF1, 0xFC, 0x30, 0x0F, 0x83, 0xF8, 0x3F, 0x03, 0x00, 0x7F, 0x0F, 0xF1, 0x87, 0x30, 0xE6,
    0x0C, 0xC1, 0x98, 0x33, 0x06, 0x60, 0xCC, 0x19, 0x83, 0x00, 0x60, 0x0C, 0x7F, 0x8F, 0xE0, 0x00,
    0x03, 0x03, 0x81, 0x80, 0x80, 0x03, 0xFF, 0xFF, 0xE0, 0x70, 0x38, 0x1C, 0x0E, 0x07, 0x03, 0x81,
    0xC0, 0xE0, 0x00, 0x1F, 0x0F, 0xE7, 0x1D, 0x80, 0xFE, 0x3F, 0xCF, 0xE1, 0x80, 0x70, 0xCF, 0xF1,
    0xF8, 0x3F, 0x9F, 0xF6, 0x09, 0x80, 0x7C, 0x0F, 0xE0, 0x3C, 0x03, 0xE0, 0xDF, 0xF3, 0xF8, 0x0E,
    0x01, 0xC0, 0x10, 0x00, 0x0F, 0xE0, 0xFC, 0x03, 0x80, 0x70, 0x0E, 0x01, 0xC0, 0x38, 0x07, 0x00,
    0xE0, 0xFF, 0xBF, 0xF0, 0x33, 0x1D, 0xC7, 0x70, 0x00, 0x00, 0x3F, 0x0F, 0xC0, 0x30, 0x0C, 0x03,
    0x00, 0xC0, 0x30, 0x0C, 0x03, 0x0F, 0xFF, 0xFF, 0x03, 0x01, 0xC0, 0xE0, 0x00, 0x03, 0xF9, 0xFC,
    0x06, 0x03, 0x01, 0x80, 0xC0, 0x60, 0x30, 0x18, 0x0C, 0x06, 0x03, 0x01, 0x9F, 0xCF, 0xC0, 0x3F,
    0x01, 0xF8, 0x0C, 0xC0, 0x66, 0x03, 0x3F, 0x19, 0xF8, 0xCC, 0xE6, 0x67, 0x73, 0x3F, 0x1F, 0xB8,
    0xF8, 0xE7, 0x0E, 0x70, 0xE7, 0x0E, 0x70, 0xE7, 0xEF, 0xFF, 0xFF, 0x3E, 0x73, 0xE7, 0x3E, 0x7F,
    0xE7, 0xE0, 0x7C, 0x1F, 0xC1, 0xF8, 0x18, 0x03, 0xF8, 0x7F, 0x8C, 0x39, 0x87, 0x30, 0x66, 0x0C,
    0xC1, 0x98, 0x33, 0x06, 0x60, 0xCC, 0x18, 0x00, 0x03, 0x80, 0xC0, 0x70, 0x18, 0x00, 0x0C, 0x3B,
    0x0C, 0xC7, 0x31, 0x8F, 0xE3, 0xF0, 0xFE, 0x33, 0x8C, 0x73, 0x0E, 0xC3, 0xC0, 0x00, 0x06, 0x01,
    0xC0, 0x30, 0x0C, 0x00, 0x06, 0x1D, 0x87, 0x63, 0xD9, 0xF6, 0x6D, 0xBF, 0x7D, 0xDE, 0x77, 0x9D,
    0xC7, 0x61, 0xC0, 0x31, 0x06, 0x70, 0xFC, 0x0F, 0x80, 0xC0, 0x00, 0x30, 0x3F, 0x06, 0x61, 0xCE,
    0x30, 0xC6, 0x19, 0xC3, 0xB0, 0x3E, 0x07, 0x80, 0x70, 0x0E, 0x01, 0x80, 0x70, 0x3C, 0x0F, 0x80,
    0xC3, 0xE1, 0xF0, 0xF8, 0x7C, 0x3E, 0x1F, 0x0F, 0x87, 0xC3, 0xFF, 0xFF, 0xE3, 0x01, 0x80, 0xC0,
    0x3F, 0x0F, 0xF1, 0x87, 0x70, 0x6E, 0x0D, 0x81, 0xFF, 0xFF, 0xFF, 0xFF, 0xF8, 0x1F, 0x83, 0x70,
    0x66, 0x1C, 0xFF, 0x0F, 0xC0, 0x3F, 0x0F, 0xF1, 0x87, 0x70, 0x6F, 0xFD, 0xFF, 0xBF, 0xF7, 0x06,
    0x61, 0xCF, 0xF0, 0xFC, 0x00, 0x01, 0x80, 0xC0, 0x7F, 0xFF, 0xFF, 0x03, 0x81, 0xC0, 0xE0, 0x70,
    0x38, 0x1C, 0x0E, 0x07, 0x03, 0x81, 0xC0, 0xE0, 0x70, 0x00, 0x01, 0x80, 0xC0, 0x7F, 0xFF, 0xFF,
    0x03, 0x81, 0xC0, 0xE0, 0x70, 0x38, 0x1C, 0x0E, 0x07, 0x00, 0x3F, 0xE7, 0xF8, 0xC0, 0x18, 0x03,
    0x00, 0x60, 0x1F, 0xC7, 0xF8, 0xFF, 0x06, 0x00, 0xC0, 0x18, 0x03, 0x00, 0x60, 0x0C, 0x00, 0x1F,
    0xE3, 0xFC, 0x60, 0x0C, 0x07, 0xF0, 0xFF, 0x1F, 0xE0, 0xC0, 0x18, 0x03, 0x00, 0x60, 0x00, 0xFF,
    0x9F, 0xF3, 0x80, 0x70, 0x0E, 0x01, 0xC0, 0x38, 0x07, 0xFC, 0xFF, 0xDC, 0x1B, 0x83, 0xF0, 0x7E,
    0x0F, 0xC1, 0xF8, 0x38, 0x06, 0x07, 0xC1, 0xF8, 0x3C, 0x00, 0xFE, 0x7F, 0x30, 0x18, 0x0C, 0x07,
    0xFB, 0xFF, 0x83, 0xC1, 0xE0, 0xF0, 0x60, 0x30, 0x18, 0x3C, 0x3C, 0x67, 0x39, 0x9C, 0xC7, 0x73,
    0x1D, 0xCC, 0x37, 0x70, 0xDD, 0x83, 0xFE, 0x07, 0xF8, 0x3F, 0xE0, 0xDD, 0xC3, 0x77, 0x1D, 0xCC,
    0x67, 0x39, 0x9C, 0xFE, 0x71, 0xC0, 0x03, 0x00, 0x0C, 0x00, 0x30, 0xC6, 0x77, 0x33, 0x19, 0x98,
    0xCD, 0xC7, 0xFE, 0x1F, 0xE1, 0xFF, 0x8C, 0xDC, 0x66, 0x67, 0x33, 0x31, 0x9E, 0x00, 0x70, 0x03,
    0x80, 0x1C, 0x1F, 0x87, 0xF9, 0xC3, 0x80, 0x70, 0x0E, 0x01, 0xC3, 0xF0, 0x7C, 0x0F, 0xC0, 0x1C,
    0x01, 0x80, 0x36, 0x0E, 0xF3, 0xCF, 0xF0, 0x78, 0x06, 0x00, 0xC0, 0x3F, 0x1F, 0xEE, 0x1C, 0x06,
    0x1F, 0x8F, 0xC1, 0xF8, 0x07, 0x41, 0xFC, 0xE7, 0xF8, 0x78, 0x0C, 0x03, 0x00, 0xE1, 0xDC, 0x33,
    0x8E, 0x71, 0xCE, 0x31, 0xCE, 0x39, 0x87, 0xF0, 0xFE, 0x1C, 0xE3, 0x9C, 0x71, 0x8E, 0x39, 0xC3,
    0xF8, 0x78, 0x03, 0x00, 0x60, 0x0C, 0xC3, 0xB0, 0xCC, 0x73, 0x38, 0xFC, 0x3F, 0x0F, 0xC3, 0x38,
    0xC6, 0x31, 0xCC, 0x3C, 0x07, 0x01, 0xC0, 0x70, 0xC0, 0xF8, 0x3B, 0x07, 0x60, 0xCD, 0xB9, 0xB6,
    0x37, 0xC7, 0xF0, 0xFF, 0x1B, 0x63, 0x6E, 0x6D, 0xCC, 0x1D, 0x83, 0xF0, 0x38, 0xE0, 0xDC, 0x3B,
    0xE6, 0x7D, 0xCF, 0xF1, 0xFC, 0x3F, 0xC7, 0xDC, 0xE1, 0x9C, 0x3F, 0x83, 0x80, 0xFC, 0x77, 0xE3,
    0x87, 0x18, 0x39, 0xC1, 0xCC, 0x0E, 0xE0, 0x77, 0x03, 0xF0, 0x1F, 0x80, 0xEE, 0x07, 0x30, 0x39,
    0xC1, 0xCE, 0x0E, 0x3C, 0x71, 0xE0, 0xF8, 0x7F, 0x8E, 0x18, 0xC1, 0x9C, 0x1F, 0x81, 0xF8, 0x1F,
    0x81, 0x9C, 0x18, 0xC1, 0x8F, 0x18, 0x70, 0xE1, 0xDC, 0x3B, 0x87, 0x70, 0xEE, 0x1D, 0xC3, 0xBF,
    0xF7, 0xFE, 0xFF, 0xDC, 0x3B, 0x87, 0x70, 0xEE, 0x1D, 0xC3, 0xF8, 0x78, 0x03, 0x00, 0x60, 0x0C,
    0xE1, 0x9C, 0x33, 0x86, 0x70, 0xCF, 0xF9, 0xFF, 0x3F, 0xE7, 0x0C, 0xE1, 0x9C, 0x3F, 0x87, 0x80,
    0x30, 0x06, 0x00, 0xC0, 0xE3, 0xFE, 0x3F, 0xE3, 0x0E, 0x30, 0xE3, 0x0E, 0x30, 0xFF, 0x0F, 0xF0,
    0xFF, 0x0E, 0x30, 0xE3, 0x0E, 0x30, 0xE3, 0x0E, 0x30, 0xE3, 0x00, 0xC7, 0xF8, 0xFF, 0x1C, 0x63,
    0x8F, 0xF1, 0xFE, 0x3F, 0xC6, 0x38, 0xC7, 0x18, 0xE3, 0x1C, 0x00, 0x1F, 0x87, 0xF9, 0xC7, 0x30,
    0x6E, 0x01, 0xC0, 0x38, 0x07, 0x00, 0xE0, 0x1C, 0x03, 0x80, 0x30, 0x47, 0x0C, 0xF3, 0x8F, 0xE0,
    0x70, 0x06, 0x00, 0xC0, 0x1F, 0x0F, 0xE7, 0x1D, 0x80, 0xE0, 0x38, 0x0E, 0x01, 0x80, 0x60, 0xDE,
    0xF3, 0xF8, 0x38, 0x0E, 0x03, 0x80, 0xE0, 0x33, 0x83, 0x9C, 0x38, 0x71, 0xC3, 0x9C, 0x0E, 0xE0,
    0x7E, 0x01, 0xE0, 0x07, 0x00, 0x38, 0x01, 0xC0, 0x0E, 0x00, 0x70, 0x03, 0x80, 0x1C, 0x00, 0xE0,
    0xCC, 0x19, 0x87, 0x38, 0xC3, 0x18, 0x66, 0x0E, 0xC0, 0xF8, 0x1E, 0x01, 0xC0, 0x38, 0x06, 0x00,
    0xC0, 0x18, 0x03, 0x00, 0xE0, 0x33, 0x83, 0x9C, 0x38, 0x71, 0xC3, 0x9C, 0x0E, 0xC0, 0x3E, 0x01,
    0xE0, 0x07, 0x01, 0xFF, 0x0F, 0xF0, 0x0E, 0x00, 0x70, 0x03, 0x80, 0x1C, 0x00, 0xE0, 0xCC, 0x19,
    0x87, 0x38, 0xC3, 0x18, 0x66, 0x0E, 0xC0, 0xF8, 0x1E, 0x03, 0xC0, 0x38, 0x3F, 0xC3, 0xF8, 0x18,
    0x03, 0x00, 0x60, 0x73, 0x87, 0x0E, 0x38, 0x73, 0x81, 0xD8, 0x07, 0xC0, 0x3C, 0x00, 0xE0, 0x0F,
    0x00, 0xFC, 0x06, 0x70, 0x73, 0x83, 0x0E, 0x38, 0x3F, 0x81, 0xE0, 0x03, 0x00, 0x18, 0x00, 0xC0,
    0xE1, 0xCE, 0x30, 0xEE, 0x1F, 0x81, 0xE0, 0x1C, 0x07, 0x81, 0xF8, 0x33, 0x8E, 0x3F, 0x87, 0x80,
    0x30, 0x06, 0x00, 0xC0, 0xC1, 0xD8, 0x3B, 0x07, 0x60, 0xEC, 0x1D, 0x83, 0xB8, 0x77, 0xFE, 0x7F,
    0xC3, 0xF8, 0x07, 0x00, 0xE0, 0x1C, 0x03, 0xC0, 0x78, 0x03, 0x00, 0x60, 0x0C, 0xE1, 0x9C, 0x33,
    0x86, 0x70, 0xCE, 0x19, 0xFF, 0x1F, 0xE0, 0xEC, 0x01, 0x80, 0x3C, 0x07, 0x80, 0x30, 0x06, 0x00,
    0xC0, 0xC0, 0xF0, 0x3C, 0x0F, 0x03, 0xCC, 0xFB, 0x3E, 0xCD, 0xFF, 0x7F, 0xC3, 0x30, 0xCC, 0x33,
    0x00, 0xC0, 0x30, 0x0C, 0xE1, 0xF8, 0x7E, 0x1F, 0xB7, 0xED, 0xDF, 0xF7, 0xFC, 0xF7, 0x0D, 0xC0,
    0x70, 0x1C, 0xE0, 0x1C, 0x03, 0x80, 0x70, 0x0E, 0x01, 0xC0, 0x3F, 0xE7, 0xFE, 0xE0, 0xDC, 0x1F,
    0x83, 0xF0, 0x7E, 0x0F, 0xC1, 0xF8, 0x38, 0xC0, 0x60, 0x30, 0x18, 0x0F, 0xE7, 0xFB, 0x0F, 0x87,
    0xC1, 0xE0, 0xF0, 0x78, 0x3C, 0x1E, 0x0F, 0x06, 0xFF, 0xDF, 0xF0, 0xE0, 0x38, 0x0E, 0x03, 0x80,
    0xE0, 0x38, 0x0E, 0x03, 0x80, 0xE0, 0x38, 0x0E, 0x1F, 0xFF, 0xFC, 0x18, 0x80, 0xCE, 0x07, 0xE0,
    0x1F, 0x00, 0x60, 0x73, 0x1B, 0x98, 0xCC, 0xCE, 0x66, 0x73, 0xB3, 0x1D, 0x98, 0x7F, 0xC3, 0xFC,
    0x1F, 0xF1, 0xD9, 0x8E, 0xCC, 0x66, 0x77, 0x33, 0xB9, 0x8D, 0x8C, 0x70, 0x18, 0x81, 0x9C, 0x1F,
    0x80, 0xF8, 0x06, 0x00, 0x00, 0x66, 0x36, 0x67, 0x66, 0x67, 0x66, 0x3F, 0xE3, 0xFC, 0x3F, 0xE7,
    0x66, 0x66, 0x76, 0x67, 0xE6, 0x30, 0x7F, 0xBF, 0xF7, 0xFC, 0x30, 0x0C, 0x03, 0x00, 0xC0, 0x30,
    0x0C, 0x03, 0x00, 0xC0, 0x30, 0x0C, 0x03, 0x0F, 0xFF, 0xFF, 0x18, 0x81, 0x9C, 0x1F, 0x80, 0xF8,
    0x06, 0x00, 0x70, 0x0F, 0x00, 0xF8, 0x0D, 0x81, 0xD8, 0x19, 0x81, 0x9C, 0x38, 0xC3, 0xFC, 0x3F,
    0xE3, 0xFE, 0x70, 0x66, 0x07, 0x60, 0x7E, 0x03, 0x21, 0x0E, 0x70, 0xFC, 0x1F, 0x00, 0xC0, 0x00,
    0x0F, 0xC3, 0xFC, 0x61, 0x80, 0x30, 0x1E, 0x3F, 0xCF, 0xF9, 0xC3, 0x38, 0x67, 0xFF, 0x7F, 0xE0,
    0x19, 0x81, 0xDC, 0x1D, 0xC0, 0x00, 0x00, 0x00, 0x70, 0x0F, 0x00, 0xF8, 0x0D, 0x81, 0xD8, 0x19,
    0x81, 0x9C, 0x38, 0xC3, 0xFC, 0x3F, 0xE3, 0xFE, 0x70, 0x66, 0x07, 0x60, 0x7E, 0x03, 0x33, 0x0E,
    0xE1, 0xDC, 0x00, 0x00, 0x00, 0x7E, 0x1F, 0xE3, 0x0C, 0x01, 0x80, 0xF1, 0xFE, 0x7F, 0xCE, 0x19,
    0xC3, 0x3F, 0xFB, 0xFF, 0x0F, 0xF0, 0xFF, 0x0F, 0x80, 0xF8, 0x1F, 0x81, 0xB8, 0x1B, 0xE3, 0xBF,
    0x3F, 0xF3, 0xF8, 0x3F, 0x87, 0x38, 0x63, 0x86, 0x3F, 0xE3, 0xF0, 0x7D, 0xE3, 0xFF, 0xB1, 0xCC,
    0x0C, 0x60, 0xFF, 0xBF, 0xFF, 0xFF, 0xD8, 0xC0, 0xC7, 0x37, 0xFF, 0x9E, 0x78, 0x31, 0x0C, 0x63,
    0xF8, 0x7C, 0x0C, 0x3F, 0xFF, 0xFF, 0x80, 0xE0, 0x38, 0x0E, 0x03, 0xFE, 0xFF, 0xFF, 0xFE, 0x03,
    0x80, 0xE0, 0x38, 0x0F, 0xFF, 0xFF, 0x31, 0x06, 0x30, 0xFC, 0x0F, 0x80, 0xC0, 0x00, 0x0F, 0xC3,
    0xFC, 0x71, 0xDC, 0x1B, 0xFF, 0x7F, 0xEF, 0xFD, 0xC0, 0x18, 0x33, 0xFE, 0x3F, 0x80, 0x3F, 0x0F,
    0xF3, 0x87, 0x60, 0x60, 0x0C, 0x01, 0xDF, 0xFF, 0xFF, 0xFF, 0xF8, 0x1F, 0x83, 0x70, 0x66, 0x1C,
    0xFF, 0x0F, 0xC0, 0x3F, 0x0F, 0xF1, 0x87, 0x00, 0x67, 0xFD, 0xFF, 0xBF, 0xF7, 0x06, 0x61, 0xCF,
    0xF0, 0xFC, 0x00, 0x19, 0x80, 0xEE, 0x07, 0x70, 0x00, 0x00, 0x00, 0x73, 0x1B, 0x98, 0xCC, 0xCE,
    0x66, 0x73, 0xB3, 0x1D, 0x98, 0x7F, 0xC3, 0xFC, 0x1F, 0xF1, 0xD9, 0x8E, 0xCC, 0x66, 0x77, 0x33,
    0xB9, 0x8D, 0x8C, 0x70, 0x19, 0x81, 0xDC, 0x1D, 0xC0, 0x00, 0x00, 0x06, 0x63, 0x66, 0x76, 0x66,
    0x76, 0x63, 0xFE, 0x3F, 0xC3, 0xFE, 0x76, 0x66, 0x67, 0x66, 0x7E, 0x63, 0x19, 0x87, 0x70, 0xEE,
    0x00, 0x00, 0x00, 0x3F, 0x0F, 0xF3, 0x87, 0x00, 0xE0, 0x1C, 0x03, 0x87, 0xE0, 0xF8, 0x1F, 0x80,
    0x38, 0x03, 0x20, 0x6E, 0x1D, 0xFF, 0x0F, 0xC0, 0x33, 0x1D, 0xC7, 0x70, 0x00, 0x00, 0x0F, 0xC7,
    0xFB, 0x87, 0x01, 0x87, 0xE3, 0xF0, 0x7E, 0x01, 0xF0, 0x7F, 0xF9, 0xFC, 0x1F, 0x0F, 0xE3, 0xF0,
    0x00, 0xE0, 0xF8, 0x7E, 0x1F, 0x8F, 0xE3, 0xF9, 0xFE, 0x6F, 0xBB, 0xEC, 0xFF, 0x3F, 0x8F, 0xC3,
    0xF0, 0xF8, 0x3E, 0x0C, 0x1F, 0x0F, 0xC3, 0xF0, 0x00, 0x00, 0x18, 0x76, 0x1D, 0x8F, 0x67, 0xD9,
    0xB6, 0xFD, 0xF7, 0x79, 0xDE, 0x77, 0x1D, 0x87, 0x33, 0x0E, 0xE3, 0xB8, 0x00, 0x00, 0x38, 0x3E,
    0x1F, 0x87, 0xE3, 0xF8, 0xFE, 0x7F, 0x9B, 0xEE, 0xFB, 0x3F, 0xCF, 0xE3, 0xF0, 0xFC, 0x3E, 0x0F,
    0x83, 0x33, 0x0E, 0xE3, 0xB8, 0x00, 0x00, 0x18, 0x76, 0x1D, 0x8F, 0x67, 0xD9, 0xB6, 0xFD, 0xF7,
    0x79, 0xDE, 0x77, 0x1D, 0x87, 0x33, 0x07, 0x70, 0xEE, 0x00, 0x00, 0x00, 0x7E, 0x1F, 0xE3, 0x0E,
    0xE0, 0xDC, 0x1B, 0x03, 0xE0, 0x7C, 0x0F, 0x81, 0xF0, 0x3F, 0x06, 0xE0, 0xCC, 0x39, 0xFE, 0x1F,
    0x80, 0x33, 0x07, 0x70, 0xEE, 0x00, 0x00, 0x00, 0x7E, 0x1F, 0xE3, 0x0E, 0xE0, 0xDC, 0x1B, 0x83,
    0x70, 0x6E, 0x0C, 0xC3, 0x9F, 0xE1, 0xF8, 0x3F, 0x0F, 0xF1, 0x87, 0x70, 0x6E, 0x0D, 0x81, 0xFF,
    0xFF, 0xFF, 0xFF, 0xF8, 0x1F, 0x83, 0x70, 0x66, 0x1C, 0xFF, 0x0F, 0xC0, 0x3F, 0x0F, 0xF1, 0x87,
    0x70, 0x6F, 0xFD, 0xFF, 0xBF, 0xF7, 0x06, 0x61, 0xCF, 0xF0, 0xFC, 0x00, 0x0F, 0x81, 0xFC, 0x1F,
    0x80, 0x00, 0x60, 0x77, 0x07, 0x30, 0x63, 0x8E, 0x38, 0xC1, 0x8C, 0x1D, 0xC0, 0xD8, 0x0F, 0x80,
    0x78, 0x07, 0x00, 0x70, 0x06, 0x01, 0xE0, 0x1E, 0x00, 0x1F, 0x07, 0xF0, 0xFC, 0x00, 0x00, 0x01,
    0x81, 0xF8, 0x33, 0x0E, 0x71, 0x86, 0x30, 0xCE, 0x1D, 0x81, 0xF0, 0x3C, 0x03, 0x80, 0x70, 0x0C,
    0x03, 0x81, 0xE0, 0x7C, 0x00, 0x19, 0x81, 0xDC, 0x1D, 0xC0, 0x00, 0x00, 0x06, 0x07, 0x70, 0x73,
    0x06, 0x38, 0xE3, 0x8C, 0x18, 0xC1, 0xDC, 0x0D, 0x80, 0xF8, 0x07, 0x80, 0x70, 0x07, 0x00, 0x60,
    0x1E, 0x01, 0xE0, 0x33, 0x07, 0x70, 0xEE, 0x00, 0x00, 0x01, 0x81, 0xF8, 0x33, 0x0E, 0x71, 0x86,
    0x30, 0xCE, 0x1D, 0x81, 0xF0, 0x3C, 0x03, 0x80, 0x70, 0x0C, 0x03, 0x81, 0xE0, 0x7C, 0x00, 0x06,
    0xC0, 0xEC, 0x0D, 0xC0, 0xD8, 0x00, 0x06, 0x07, 0x70, 0x73, 0x06, 0x38, 0xE3, 0x8C, 0x18, 0xC1,
    0xDC, 0x0D, 0x80, 0xF8, 0x07, 0x80, 0x70, 0x07, 0x00, 0x60, 0x1E, 0x01, 0xE0, 0x00, 0x01, 0xB0,
    0x76, 0x0D, 0x81, 0x30, 0x00, 0x30, 0x3F, 0x06, 0x61, 0xCE, 0x30, 0xC6, 0x19, 0xC3, 0xB0, 0x3E,
    0x07, 0x80, 0x70, 0x0E, 0x01, 0x80, 0x70, 0x3C, 0x0F, 0x80, 0x33, 0x0D, 0xC3, 0x70, 0x00, 0x00,
    0x30, 0x3C, 0x0F, 0x03, 0xC0, 0xF0, 0x3C, 0x0F, 0x83, 0x7F, 0xDF, 0xF1, 0xEC, 0x03, 0x00, 0xC0,
    0x30, 0x0C, 0x03, 0x33, 0x1D, 0xC7, 0x70, 0x00, 0x00, 0x38, 0x7E, 0x1F, 0x87, 0xE1, 0xF8, 0x77,
    0xFD, 0xFF, 0x1D, 0xC0, 0x70, 0x1C, 0x07, 0x33, 0x07, 0x70, 0xEE, 0x00, 0x00, 0x01, 0x81, 0xF0,
    0x3E, 0x07, 0xC0, 0xF8, 0x1F, 0x03, 0xFC, 0x7F, 0xEF, 0x9D, 0xF1, 0xBE, 0x3F, 0xC7, 0xF8, 0xDF,
    0xFB, 0xFE, 0x70, 0x33, 0x07, 0x70, 0xEE, 0x00, 0x00, 0x01, 0x81, 0xF0, 0x3E, 0x07, 0xE0, 0xFF,
    0x9F, 0xFB, 0xE3, 0x7C, 0x6F, 0x8D, 0xFF, 0xBF, 0xE7, 0x70, 0x39, 0xC1, 0xC7, 0x0C, 0x1C, 0xE1,
    0xF7, 0x1F, 0xF1, 0xCF, 0x0E, 0x38, 0x70, 0xC3, 0x07, 0x18, 0x1D, 0xC0, 0xE0, 0x7F, 0x87, 0xF8,
    0x01, 0xC0, 0x1C, 0x01, 0xC0, 0x1C, 0x01, 0xC0, 0x1C, 0x01, 0xC0, 0x1C, 0x7F, 0xEF, 0xFE, 0x7C,
    0x7E, 0x0E, 0x0E, 0x0E, 0x0E, 0x0E, 0x0E, 0x0E, 0x1E, 0xF6, 0xE7, 0x00, 0xFF, 0xEF, 0xFC, 0x0E,
    0x01, 0xC0, 0x38, 0x07, 0x00, 0xE0, 0x1C, 0x03, 0x80, 0x70, 0x0E, 0x01, 0xC0, 0xFF, 0xDF, 0xF8,
    0x03, 0x80, 0x70, 0x0F, 0xC1, 0xF8, 0x3F, 0x07, 0xE0, 0xFC, 0x1F, 0x83, 0xF0, 0x70, 0x7B, 0xCE,
    0x73, 0x9C, 0xE7, 0x39, 0xCE, 0x70, 0xFE, 0xF8, 0xE1, 0x87, 0x0E, 0x1C, 0x18, 0x30, 0x70, 0xE1,
    0xC0, 0x7F, 0xE3, 0xFF, 0x8C, 0x0C, 0x60, 0x73, 0x03, 0x98, 0x1C, 0xC0, 0xE6, 0x07, 0x30, 0x39,
    0x81, 0xCC, 0x0E, 0x60, 0x70, 0xC7, 0xCC, 0x7E, 0xC0, 0xEC, 0x06, 0xC0, 0x6C, 0x06, 0xE0, 0x6E,
    0x06, 0xE0, 0xE7, 0x1E, 0x7F, 0xC3, 0xF8, 0x7B, 0xCE, 0x73, 0x9C, 0xE0, 0x7F, 0x9F, 0xF0, 0x1C,
    0x03, 0x00, 0xC0, 0x30, 0x0C, 0x03, 0x00, 0xC0, 0x30, 0x0C, 0x03, 0x00, 0xC0, 0x30, 0x0C, 0x03,
    0x7F, 0x1F, 0xE0, 0x38, 0x07, 0x01, 0xC0, 0x70, 0x1C, 0x07, 0x01, 0xC0, 0xE7, 0xF9, 0xFC, 0x60,
    0x1C, 0x03, 0x80, 0x70, 0x0F, 0xFD, 0xFF, 0x80, 0x70, 0x0E, 0x03, 0x80, 0x70, 0x0C, 0x03, 0x80,
    0x70, 0x0C, 0x03, 0x80, 0x70, 0xFF, 0xEF, 0xFF, 0x70, 0x77, 0x07, 0x70, 0x77, 0x07, 0x70, 0x77,
    0x07, 0x70, 0x77, 0x07, 0x7F, 0xF7, 0xFF, 0x67, 0xE3, 0xBF, 0x9F, 0x1E, 0x70, 0x73, 0x81, 0x9C,
    0x0C, 0xE0, 0x66, 0x07, 0x30, 0x3B, 0x83, 0xDD, 0xFC, 0xEF, 0xC0, 0x7B, 0xCE, 0x73, 0x9C, 0xE7,
    0x39, 0xCE, 0x73, 0x9C, 0xE7, 0xFB, 0xE1, 0xC7, 0x1C, 0x71, 0xC7, 0x1C, 0x7F, 0xFF, 0x7F, 0xE3,
    0xFF, 0x8E, 0x1C, 0x60, 0x77, 0x03, 0xB8, 0x1D, 0xC0, 0xEE, 0x07, 0x30, 0x71, 0xC3, 0x8F, 0xF8,
    0x1F, 0x80, 0x00, 0x07, 0x07, 0x70, 0x73, 0x07, 0x30, 0x73, 0x86, 0x38, 0x61, 0x8E, 0x18, 0xE1,
    0xCC, 0x1D, 0xC1, 0xF8, 0x7F, 0x0F, 0x80, 0x00, 0x00, 0x3F, 0x0F, 0xF3, 0x87, 0x60, 0x6C, 0x0F,
    0xC1, 0xFC, 0x3B, 0xC7, 0x00, 0xE0, 0x1C, 0x03, 0x80, 0x70, 0x0E, 0x01, 0xC0, 0x38, 0x07, 0x3F,
    0x0F, 0xF3, 0x87, 0x60, 0x6C, 0x0F, 0xC1, 0xFE, 0x39, 0xC7, 0x00, 0xC0, 0x7B, 0xFE, 0x7F, 0x80,
    0xE0, 0xCE, 0x19, 0xC7, 0x1C, 0xE3, 0x9C, 0x37, 0x07, 0xE0, 0xF0, 0x0C, 0x01, 0xC0, 0x38, 0x03,
    0x00, 0x70, 0x0E, 0x01, 0xC0, 0x18, 0x70, 0xEF, 0x1C, 0xE3, 0x8E, 0x61, 0xDC, 0x1F, 0x81, 0xE0,
    0x38, 0x03, 0x80, 0x39, 0xFF, 0x3F, 0xE0, 0xFF, 0xFF, 0xFE, 0x00, 0xE0, 0x0E, 0x60, 0xE6, 0x0C,
    0x61, 0xC6, 0x1C, 0x61, 0x86, 0x38, 0x63, 0x86, 0x30, 0x60, 0x06, 0x00, 0x60, 0x06, 0x00, 0x7F,
    0x1F, 0xE0, 0x1C, 0x07, 0x01, 0xC0, 0x70, 0x1C, 0x07, 0x01, 0xC0, 0x70, 0x1C, 0x07, 0xE7, 0x1F,
    0x38, 0xF9, 0xC7, 0xCE, 0x3E, 0xE1, 0xFF, 0x0F, 0xF0, 0xFC, 0x07, 0x60, 0x3B, 0x83, 0x8F, 0xF8,
    0x3F, 0x80, 0x7F, 0xF3, 0xFF, 0xC6, 0x0E, 0x30, 0x71, 0x83, 0x8C, 0x1C, 0x60, 0xE3, 0x07, 0x18,
    0x38, 0xC1, 0xDE, 0x0F, 0xE0, 0x70, 0x27, 0x67, 0x70, 0x33, 0x77, 0x6E, 0x00, 0x6E, 0xE4, 0x00,
    0x3F, 0xBF, 0xFC, 0x2C, 0x07, 0x03, 0x80, 0xE0, 0x38, 0x0E, 0x03, 0x01, 0x80, 0x00, 0x60, 0x78,
    0x3C, 0x0C, 0x00, 0x1C, 0x3E, 0x7C, 0x60, 0x60, 0x73, 0x3F, 0xFE, 0xF8, 0x00, 0xFF, 0xFC, 0x00,
    0x77, 0x30, 0xFF, 0x00, 0x6F, 0xF2, 0x0C, 0xEE, 0x66, 0x67, 0x77, 0x77, 0x73, 0x30, 0x00, 0x18,
    0x76, 0x19, 0xFE, 0x7F, 0x1F, 0x07, 0x00, 0xC0, 0x30, 0x0C, 0x03, 0x00, 0xC0, 0x38, 0x0E, 0x03,
    0x80, 0x00, 0x00, 0x06, 0x36, 0x67, 0x67, 0x77, 0x7F, 0xE7, 0xFE, 0x70, 0x03, 0x00, 0x30, 0x03,
    0x00, 0x30, 0x03, 0x00, 0x38, 0x03, 0x80, 0x38, 0x00, 0x00, 0x00, 0x07, 0x03, 0xE1, 0xE0, 0x60,
    0x38, 0x0F, 0xC1, 0xF0, 0x3C, 0x1C, 0x06, 0x03, 0x80, 0xE0, 0x1F, 0xE3, 0xF8, 0x00, 0x1E, 0x0F,
    0xC7, 0x39, 0x86, 0x61, 0xB8, 0x7E, 0x1D, 0x86, 0x61, 0x9F, 0xE3, 0xF0, 0x00, 0x00, 0x3F, 0xCF,
    0xF0, 0x2C, 0x03, 0x00, 0xE0, 0x38, 0x0E, 0x03, 0x80, 0xE0, 0x18, 0x06, 0x01, 0x80, 0x70, 0x1C,
    0x00, 0x40, 0x0E, 0x07, 0xE0, 0x67, 0x0E, 0x70, 0xE3, 0x0C, 0x39, 0xC3, 0x98, 0x19, 0x81, 0xF8,
    0x1F, 0x00, 0xF0, 0x0F, 0x00, 0xE0, 0x06, 0x00, 0x00, 0x02, 0x00, 0x60, 0x07, 0x00, 0xF0, 0x0F,
    0x00, 0xF8, 0x1F, 0x81, 0x98, 0x39, 0xC3, 0x9C, 0x30, 0xC7, 0x0E, 0x70, 0xEE, 0x06, 0xE0, 0x70,
    0x00, 0x08, 0x0F, 0x87, 0xF1, 0x9C, 0xE3, 0x38, 0xC7, 0xF1, 0xFC, 0x1F, 0x80, 0xE0, 0x38, 0x06,
    0x01, 0x80, 0x60, 0x18, 0x00, 0x00, 0x10, 0x00, 0xE0, 0x03, 0x98, 0x06, 0x60, 0x1B, 0x80, 0x7E,
    0x01, 0xF8, 0x06, 0xE0, 0x39, 0xE3, 0xC3, 0xFF, 0x07, 0xF0, 0x7D, 0xF0, 0x18, 0x1C, 0x3E, 0x7E,
    0x67, 0xE3, 0xE3, 0xE3, 0x7F, 0x7E, 0x6F, 0xF2, 0x0C, 0xEE, 0x66, 0x67, 0x77, 0x77, 0x73, 0x30,
    0x00, 0x18, 0x76, 0x19, 0xFE, 0x7F, 0x1F, 0x07, 0x00, 0xC0, 0x30, 0x0C, 0x03, 0x00, 0xC0, 0x38,
    0x0E, 0x03, 0x80, 0x00, 0x00, 0x06, 0x36, 0x67, 0x67, 0x77, 0x7F, 0xE7, 0xFE, 0x70, 0x03, 0x00,
    0x30, 0x03, 0x00, 0x30, 0x03, 0x00, 0x38, 0x03, 0x80, 0x38, 0x00, 0x00, 0x00, 0x39, 0xE6, 0xF1,
    0xB0, 0x7F, 0x9F, 0xE7, 0xE1, 0xC0, 0x30, 0x0C, 0x03, 0x00, 0xC0, 0x30, 0x0C, 0x03, 0x00, 0x00,
    0x07, 0x01, 0xE0, 0x78, 0x1F, 0x0E, 0xC3, 0x39, 0xC6, 0x61, 0xB8, 0x6E, 0x1F, 0x87, 0xED, 0xDF,
    0xE7, 0xF8, 0x00, 0x3E, 0x7E, 0x60, 0x60, 0x60, 0x73, 0x3F, 0x1E, 0x1C, 0x38, 0x70, 0x60, 0xE0,
    0xC0, 0x00, 0x40, 0x0E, 0x07, 0xE0, 0x67, 0x0E, 0x70, 0xE3, 0x0C, 0x39, 0xC3, 0x98, 0x19, 0x81,
    0xF8, 0x1F, 0x00, 0xF0, 0x0F, 0x00, 0xE0, 0x06, 0x00, 0x00, 0x02, 0x00, 0x60, 0x07, 0x00, 0xF0,
    0x0F, 0x00, 0xF8, 0x1F, 0x81, 0x98, 0x39, 0xC3, 0x9C, 0x30, 0xC7, 0x0E, 0x70, 0xEE, 0x06, 0xE0,
    0x70, 0x00, 0x08, 0x0F, 0x87, 0xF1, 0x9C, 0xE3, 0x38, 0xC7, 0xF1, 0xFC, 0x1F, 0x80, 0xE0, 0x38,
    0x06, 0x01, 0x80, 0x60, 0x18, 0x00, 0x07, 0x00, 0xF0, 0x0F, 0x80, 0xD8, 0x1D, 0x81, 0x98, 0x19,
    0xC3, 0x8C, 0x3F, 0xC3, 0xFE, 0x3F, 0xE7, 0x06, 0x60, 0x76, 0x07, 0xE0, 0x30, 0x60, 0x07, 0x00,
    0x70, 0x3F, 0x0F, 0xF1, 0x86, 0x00, 0xC0, 0x78, 0xFF, 0x3F, 0xE7, 0x0C, 0xE1, 0x9F, 0xFD, 0xFF,
    0x86, 0x01, 0xC0, 0x38, 0x00, 0x04, 0x00, 0xF0, 0x0F, 0x80, 0x30, 0x02, 0x00, 0x70, 0x0F, 0x00,
    0xF8, 0x0D, 0x81, 0xD8, 0x19, 0x81, 0x9C, 0x38, 0xC3, 0xFC, 0x3F, 0xE3, 0xFE, 0x70, 0x66, 0x07,
    0x60, 0x7E, 0x03, 0x08, 0x03, 0xC0, 0x78, 0x03, 0x00, 0xC0, 0x00, 0x0F, 0xC3, 0xFC, 0x61, 0x80,
    0x30, 0x1E, 0x3F, 0xCF, 0xF9, 0xC3, 0x38, 0x67, 0xFF, 0x7F, 0xE0, 0x00, 0x00, 0x07, 0x00, 0x60,
    0x0E, 0x0F, 0xC0, 0xF8, 0x19, 0xC1, 0x08, 0x07, 0x00, 0xF0, 0x0F, 0x80, 0xD8, 0x1D, 0x81, 0x98,
    0x19, 0xC3, 0x8C, 0x3F, 0xC3, 0xFE, 0x3F, 0xE7, 0x06, 0x60, 0x76, 0x07, 0xE0, 0x30, 0x00, 0x00,
    0x18, 0x03, 0x00, 0xC1, 0xF8, 0x7E, 0x1C, 0xC1, 0x08, 0x00, 0x07, 0xE1, 0xFE, 0x30, 0xC0, 0x18,
    0x0F, 0x1F, 0xE7, 0xFC, 0xE1, 0x9C, 0x33, 0xFF, 0xBF, 0xF0, 0x00, 0x06, 0x00, 0x70, 0x03, 0x00,
    0x3F, 0x00, 0xF8, 0x19, 0xC1, 0x08, 0x07, 0x00, 0xF0, 0x0F, 0x80, 0xD8, 0x1D, 0x81, 0x98, 0x19,
    0xC3, 0x8C, 0x3F, 0xC3, 0xFE, 0x3F, 0xE7, 0x06, 0x60, 0x76, 0x07, 0xE0, 0x30, 0x00, 0x0E, 0x00,
    0x60, 0x07, 0x00, 0x3F, 0x01, 0xF8, 0x39, 0x81, 0x08, 0x00, 0x01, 0xF8, 0x3F, 0xC3, 0x0C, 0x00,
    0xC0, 0x3C, 0x3F, 0xC7, 0xFC, 0x70, 0xC7, 0x0C, 0x7F, 0xF3, 0xFF, 0x00, 0x80, 0x1E, 0x01, 0xE0,
    0x66, 0x0F, 0xC1, 0xF8, 0x19, 0xC1, 0x08, 0x07, 0x00, 0xF0, 0x0F, 0x80, 0xD8, 0x1D, 0x81, 0x98,
    0x19, 0xC3, 0x8C, 0x3F, 0xC3, 0xFE, 0x3F, 0xE7, 0x06, 0x60, 0x76, 0x07, 0xE0, 0x30, 0x03, 0x00,
    0x78, 0x0F, 0x06, 0xE1, 0xF8, 0x7E, 0x1C, 0xC1, 0x08, 0x00, 0x07, 0xE1, 0xFE, 0x30, 0xC0, 0x18,
    0x0F, 0x1F, 0xE7, 0xFC, 0xE1, 0x9C, 0x33, 0xFF, 0xBF, 0xF0, 0x00, 0x01, 0xFC, 0x1F, 0xC0, 0x78,
    0x0F, 0x01, 0xF8, 0x19, 0xC0, 0x00, 0x07, 0x00, 0xF0, 0x0F, 0x80, 0xD8, 0x1D, 0x81, 0x98, 0x19,
    0xC3, 0x8C, 0x3F, 0xC3, 0xFE, 0x3F, 0xE7, 0x06, 0x60, 0x76, 0x07, 0xE0, 0x30, 0x00, 0x0F, 0xE1,
    0xFE, 0x07, 0x01, 0xE0, 0x7E, 0x1C, 0xC0, 0x00, 0x00, 0x07, 0xE1, 0xFE, 0x30, 0xC0, 0x18, 0x0F,
    0x1F, 0xE7, 0xFC, 0xE1, 0x9C, 0x33, 0xFF, 0xBF, 0xF0, 0x0F, 0x00, 0xF8, 0x19, 0xC1, 0x08, 0x07,
    0x00, 0xF0, 0x0F, 0x80, 0xD8, 0x1D, 0x81, 0x98, 0x19, 0xC3, 0x8C, 0x3F, 0xC3, 0xFE, 0x3F, 0xE7,
    0x06, 0x60, 0x76, 0x07, 0xE0, 0x30, 0x60, 0x07, 0x00, 0x70, 0x1E, 0x07, 0xE1, 0xCC, 0x10, 0x80,
    0x00, 0x7E, 0x1F, 0xE3, 0x0C, 0x01, 0x80, 0xF1, 0xFE, 0x7F, 0xCE, 0x19, 0xC3, 0x3F, 0xFB, 0xFF,
    0x0C, 0x03, 0x80, 0x70, 0x00, 0x01, 0x00, 0x38, 0x03, 0x00, 0x70, 0x1E, 0xC1, 0xFC, 0x0F, 0x80,
    0x60, 0x07, 0x00, 0xF0, 0x0F, 0x80, 0xD8, 0x1D, 0x81, 0x98, 0x19, 0xC3, 0x8C, 0x3F, 0xC3, 0xFE,
    0x3F, 0xE7, 0x06, 0x60, 0x76, 0x07, 0xE0, 0x30, 0x00, 0x00, 0xC0, 0x38, 0x06, 0x06, 0xF8, 0x7E,
    0x0F, 0xC0, 0x60, 0x3F, 0x0F, 0xF1, 0x86, 0x00, 0xC0, 0x78, 0xFF, 0x3F, 0xE7, 0x0C, 0xE1, 0x9F,
    0xFD, 0xFF, 0x80, 0x04, 0x00, 0xC0, 0x0E, 0x00, 0x60, 0x1A, 0xC1, 0xFC, 0x0F, 0x80, 0x60, 0x07,
    0x00, 0xF0, 0x0F, 0x80, 0xD8, 0x1D, 0x81, 0x98, 0x19, 0xC3, 0x8C, 0x3F, 0xC3, 0xFE, 0x3F, 0xE7,
    0x06, 0x60, 0x76, 0x07, 0xE0, 0x30, 0x10, 0x07, 0x00, 0x60, 0x06, 0x06, 0xF8, 0x7E, 0x0F, 0xC0,
    0x60, 0x3F, 0x0F, 0xF1, 0x86, 0x00, 0xC0, 0x78, 0xFF, 0x3F, 0xE7, 0x0C, 0xE1, 0x9F, 0xFD, 0xFF,
    0x80, 0x04, 0x00, 0xF0, 0x0F, 0x00, 0x30, 0x1E, 0xC1, 0xFC, 0x0F, 0x80, 0x60, 0x07, 0x00, 0xF0,
    0x0F, 0x80, 0xD8, 0x1D, 0x81, 0x98, 0x19, 0xC3, 0x8C, 0x3F, 0xC3, 0xFE, 0x3F, 0xE7, 0x06, 0x60,
    0x76, 0x07, 0xE0, 0x30, 0x08, 0x03, 0xC0, 0x78, 0x06, 0x06, 0xD8, 0x7E, 0x0F, 0xC0, 0x60, 0x3F,
    0x0F, 0xF1, 0x86, 0x00, 0xC0, 0x78, 0xFF, 0x3F, 0xE7, 0x0C, 0xE1, 0x9F, 0xFD, 0xFF, 0x80, 0x00,
    0x01, 0xFC, 0x1F, 0xC0, 0x18, 0x18, 0xC1, 0xFC, 0x0F, 0x80, 0x60, 0x07, 0x00, 0xF0, 0x0F, 0x80,
    0xD8, 0x1D, 0x81, 0x98, 0x19, 0xC3, 0x8C, 0x3F, 0xC3, 0xFE, 0x3F, 0xE7, 0x06, 0x60, 0x76, 0x07,
    0xE0, 0x30, 0x00, 0x0F, 0xE1, 0xFE, 0x03, 0x06, 0x38, 0x7E, 0x0F, 0xC0, 0x60, 0x3F, 0x0F, 0xF1,
    0x86, 0x00, 0xC0, 0x78, 0xFF, 0x3F, 0xE7, 0x0C, 0xE1, 0x9F, 0xFD, 0xFF, 0x80, 0x10, 0x81, 0x8C,
    0x1F, 0x80, 0xF8, 0x06, 0x00, 0x70, 0x0F, 0x00, 0xF8, 0x0D, 0x81, 0xD8, 0x19, 0x81, 0x9C, 0x38,
    0xC3, 0xFC, 0x3F, 0xE3, 0xFE, 0x70, 0x66, 0x07, 0x60, 0x7E, 0x03, 0x06, 0x00, 0x70, 0x07, 0x00,
    0x21, 0x0E, 0x60, 0xFC, 0x1F, 0x00, 0xC0, 0x00, 0x0F, 0xC3, 0xFC, 0x61, 0x80, 0x30, 0x1E, 0x3F,
    0xCF, 0xF9, 0xC3, 0x38, 0x67, 0xFF, 0x7F, 0xE1, 0x80, 0x70, 0x0E, 0x00, 0xFF, 0xFF, 0xFE, 0x03,
    0x80, 0xE0, 0x38, 0x0F, 0xFB, 0xFF, 0xFF, 0xF8, 0x0E, 0x03, 0x80, 0xE0, 0x3F, 0xFF, 0xFC, 0x10,
    0x0E, 0x03, 0x80, 0x3F, 0x0F, 0xF1, 0xC7, 0x70, 0x6F, 0xFD, 0xFF, 0xBF, 0xF7, 0x00, 0x60, 0xCF,
    0xF8, 0xFE, 0x02, 0x00, 0xE0, 0x1C, 0x00, 0x08, 0x07, 0xC0, 0xF0, 0x18, 0x06, 0x3F, 0xFF, 0xFF,
    0x80, 0xE0, 0x38, 0x0E, 0x03, 0xFE, 0xFF, 0xFF, 0xFE, 0x03, 0x80, 0xE0, 0x38, 0x0F, 0xFF, 0xFF,
    0x08, 0x03, 0xC0, 0x7C, 0x03, 0x00, 0x60, 0x00, 0x0F, 0xC3, 0xFC, 0x71, 0xDC, 0x1B, 0xFF, 0x7F,
    0xEF, 0xFD, 0xC0, 0x18, 0x33, 0xFE, 0x3F, 0x80, 0x00, 0x0F, 0xE3, 0xF8, 0x0C, 0x00, 0x3F, 0xFF,
    0xFF, 0x80, 0xE0, 0x38, 0x0E, 0x03, 0xFE, 0xFF, 0xFF, 0xFE, 0x03, 0x80, 0xE0, 0x38, 0x0F, 0xFF,
    0xFF, 0x00, 0x07, 0xF0, 0xFE, 0x01, 0x80, 0x00, 0x7E, 0x1F, 0xE3, 0x8E, 0xE0, 0xDF, 0xFB, 0xFF,
    0x7F, 0xEE, 0x00, 0xC1, 0x9F, 0xF1, 0xFC, 0x00, 0x00, 0x0C, 0x03, 0x80, 0x61, 0xF8, 0x3E, 0x0E,
    0xE1, 0x8C, 0xFF, 0xDF, 0xFB, 0x80, 0x70, 0x0E, 0x01, 0xC0, 0x3F, 0xE7, 0xFE, 0xFF, 0xDC, 0x03,
    0x80, 0x70, 0x0E, 0x01, 0xFF, 0xBF, 0xF0, 0x00, 0x00, 0x0C, 0x03, 0x80, 0x61, 0xF8, 0x3E, 0x0C,
    0xE1, 0x0C, 0x00, 0x07, 0xE1, 0xFE, 0x38, 0xEE, 0x0D, 0xFF, 0xBF, 0xF7, 0xFE, 0xE0, 0x0C, 0x19,
    0xFF, 0x1F, 0xC0, 0x00, 0x0C, 0x01, 0xC0, 0x18, 0x03, 0xF0, 0x1F, 0x07, 0x70, 0xC6, 0x7F, 0xEF,
    0xFD, 0xC0, 0x38, 0x07, 0x00, 0xE0, 0x1F, 0xF3, 0xFF, 0x7F, 0xEE, 0x01, 0xC0, 0x38, 0x07, 0x00,
    0xFF, 0xDF, 0xF8, 0x00, 0x06, 0x00, 0x70, 0x03, 0x00, 0x3F, 0x00, 0xF8, 0x19, 0xC1, 0x0C, 0x00,
    0x01, 0xF8, 0x3F, 0xC3, 0x8E, 0x70, 0x67, 0xFE, 0x7F, 0xE7, 0xFE, 0x70, 0x03, 0x06, 0x3F, 0xE1,
    0xFC, 0x01, 0x00, 0x78, 0x0F, 0x06, 0x61, 0xF8, 0x3E, 0x0C, 0xE1, 0x08, 0xFF, 0xDF, 0xFB, 0x80,
    0x70, 0x0E, 0x01, 0xC0, 0x3F, 0xE7, 0xFE, 0xFF, 0xDC, 0x03, 0x80, 0x70, 0x0E, 0x01, 0xFF, 0xBF,
    0xF0, 0x01, 0x00, 0x78, 0x0F, 0x06, 0x61, 0xF8, 0x3E, 0x0C, 0xE1, 0x08, 0x00, 0x07, 0xE1, 0xFE,
    0x38, 0xEE, 0x0D, 0xFF, 0xBF, 0xF7, 0xFE, 0xE0, 0x0C, 0x19, 0xFF, 0x1F, 0xC0, 0x00, 0x0F, 0xE3,
    0xF8, 0x3C, 0x1E, 0x0F, 0xC3, 0x18, 0x00, 0xFF, 0xFF, 0xFE, 0x03, 0x80, 0xE0, 0x38, 0x0F, 0xFB,
    0xFF, 0xFF, 0xF8, 0x0E, 0x03, 0x80, 0xE0, 0x3F, 0xFF, 0xFC, 0x00, 0x07, 0xF0, 0xFE, 0x07, 0x81,
    0xE0, 0x7E, 0x0C, 0xE0, 0x00, 0x00, 0x07, 0xE1, 0xFE, 0x38, 0xEE, 0x0D, 0xFF, 0xBF, 0xF7, 0xFE,
    0xE0, 0x0C, 0x19, 0xFF, 0x1F, 0xC0, 0x1E, 0x07, 0xC3, 0xB8, 0xC6, 0xFF, 0xFF, 0xFE, 0x03, 0x80,
    0xE0, 0x38, 0x0F, 0xFB, 0xFF, 0xFF, 0xF8, 0x0E, 0x03, 0x80, 0xE0, 0x3F, 0xFF, 0xFC, 0x10, 0x0E,
    0x03, 0x80, 0x1E, 0x03, 0xE0, 0xCE, 0x10, 0xC0, 0x00, 0x7E, 0x1F, 0xE3, 0x8E, 0xE0, 0xDF, 0xFB,
    0xFF, 0x7F, 0xEE, 0x00, 0xC1, 0x9F, 0xF1, 0xFC, 0x04, 0x01, 0xC0, 0x38, 0x00, 0x08, 0x07, 0x81,
    0xF0, 0x18, 0x04, 0x3F, 0xF7, 0xFC, 0x38, 0x0E, 0x03, 0x80, 0xE0, 0x38, 0x0E, 0x03, 0x80, 0xE0,
    0x38, 0x0E, 0x03, 0x87, 0xFF, 0xFF, 0x08, 0x07, 0x81, 0xE0, 0x18, 0x0C, 0x00, 0x0F, 0xC3, 0xF0,
    0x0C, 0x03, 0x00, 0xC0, 0x30, 0x0C, 0x03, 0x00, 0xC3, 0xFF, 0xFF, 0xC0, 0xFF, 0xDF, 0xF0, 0xE0,
    0x38, 0x0E, 0x03, 0x80, 0xE0, 0x38, 0x0E, 0x03, 0x80, 0xE0, 0x38, 0x0E, 0x1F, 0xFF, 0xFC, 0x30,
    0x0E, 0x03, 0x80, 0x0E, 0x01, 0xC0, 0x10, 0x00, 0x0F, 0xE0, 0xFC, 0x03, 0x80, 0x70, 0x0E, 0x01,
    0xC0, 0x38, 0x07, 0x00, 0xE0, 0xFF, 0xBF, 0xF0, 0x30, 0x0E, 0x01, 0xC0, 0x3F, 0x0F, 0xF1, 0x87,
    0x70, 0x6E, 0x0D, 0x81, 0xF0, 0x3E, 0x07, 0xC0, 0xF8, 0x1F, 0x83, 0x70, 0x66, 0x1C, 0xFF, 0x0F,
    0xC0, 0x60, 0x0E, 0x01, 0xC0, 0x3F, 0x0F, 0xF1, 0x87, 0x70, 0x6E, 0x0D, 0xC1, 0xB8, 0x37, 0x06,
    0x61, 0xCF, 0xF0, 0xFC, 0x06, 0x00, 0xE0, 0x1C, 0x00, 0x08, 0x03, 0xC0, 0x7C, 0x03, 0x00, 0x40,
    0x7E, 0x1F, 0xE3, 0x0E, 0xE0, 0xDC, 0x1B, 0x03, 0xE0, 0x7C, 0x0F, 0x81, 0xF0, 0x3F, 0x06, 0xE0,
    0xCC, 0x39, 0xFE, 0x1F, 0x80, 0x08, 0x03, 0xC0, 0x7C, 0x03, 0x00, 0x40, 0x00, 0x0F, 0xC3, 0xFC,
    0x61, 0xDC, 0x1B, 0x83, 0x70, 0x6E, 0x0D, 0xC1, 0x98, 0x73, 0xFC, 0x3F, 0x00, 0x00, 0x00, 0x1C,
    0x03, 0x00, 0xE1, 0xF8, 0x3E, 0x0C, 0xE1, 0x08, 0x3F, 0x0F, 0xF1, 0x87, 0x70, 0x6E, 0x0D, 0x81,
    0xF0, 0x3E, 0x07, 0xC0, 0xF8, 0x1F, 0x83, 0x70, 0x66, 0x1C, 0xFF, 0x0F, 0xC0, 0x00, 0x00, 0x1C,
    0x03, 0x00, 0xE1, 0xF8, 0x3E, 0x0C, 0xE1, 0x08, 0x00, 0x07, 0xE1, 0xFE, 0x30, 0xEE, 0x0D, 0xC1,
    0xB8, 0x37, 0x06, 0xE0, 0xCC, 0x39, 0xFE, 0x1F, 0x80, 0x00, 0x06, 0x00, 0x70, 0x03, 0x00, 0x3F,
    0x00, 0xF8, 0x19, 0xC1, 0x08, 0x1F, 0x83, 0xFC, 0x30, 0xE7, 0x06, 0x70, 0x66, 0x07, 0x60, 0x76,
    0x07, 0x60, 0x76, 0x07, 0x70, 0x67, 0x06, 0x30, 0xE3, 0xFC, 0x1F, 0x80, 0x00, 0x06, 0x00, 0x70,
    0x03, 0x00, 0x3F, 0x00, 0xF8, 0x19, 0xC1, 0x08, 0x00, 0x01, 0xF8, 0x3F, 0xC3, 0x0E, 0x70, 0x67,
    0x06, 0x70, 0x67, 0x06, 0x70, 0x63, 0x0E, 0x3F, 0xC1, 0xF8, 0x01, 0x00, 0x78, 0x0F, 0x06, 0x61,
    0xF8, 0x7E, 0x0C, 0xE1, 0x08, 0x3F, 0x0F, 0xF1, 0x87, 0x70, 0x6E, 0x0D, 0x81, 0xF0, 0x3E, 0x07,
    0xC0, 0xF8, 0x1F, 0x83, 0x70, 0x66, 0x1C, 0xFF, 0x0F, 0xC0, 0x01, 0x00, 0x78, 0x0F, 0x06, 0x61,
    0xF8, 0x7E, 0x0C, 0xE1, 0x08, 0x00, 0x07, 0xE1, 0xFE, 0x30, 0xEE, 0x0D, 0xC1, 0xB8, 0x37, 0x06,
    0xE0, 0xCC, 0x39, 0xFE, 0x1F, 0x80, 0x00, 0x07, 0xF0, 0xFE, 0x07, 0x81, 0xE0, 0x7E, 0x0C, 0xE0,
    0x00, 0x3F, 0x0F, 0xF1, 0x87, 0x70, 0x6E, 0x0D, 0x81, 0xF0, 0x3E, 0x07, 0xC0, 0xF8, 0x1F, 0x83,
    0x70, 0x66, 0x1C, 0xFF, 0x0F, 0xC0, 0x00, 0x07, 0xF0, 0xFE, 0x07, 0x81, 0xE0, 0x7E, 0x0C, 0xE0,
    0x00, 0x00, 0x07, 0xE1, 0xFE, 0x30, 0xEE, 0x0D, 0xC1, 0xB8, 0x37, 0x06, 0xE0, 0xCC, 0x39, 0xFE,
    0x1F, 0x80, 0x1E, 0x03, 0xE0, 0xCE, 0x10, 0x83, 0xF0, 0xFF, 0x18, 0x77, 0x06, 0xE0, 0xD8, 0x1F,
    0x03, 0xE0, 0x7C, 0x0F, 0x81, 0xF8, 0x37, 0x06, 0x61, 0xCF, 0xF0, 0xFC, 0x06, 0x00, 0xE0, 0x1C,
    0x00, 0x1E, 0x03, 0xE0, 0xCE, 0x10, 0x80, 0x00, 0x7E, 0x1F, 0xE3, 0x0E, 0xE0, 0xDC, 0x1B, 0x83,
    0x70, 0x6E, 0x0C, 0xC3, 0x9F, 0xE1, 0xF8, 0x0C, 0x01, 0xC0, 0x38, 0x00, 0x02, 0x00, 0xE0, 0x18,
    0x06, 0x30, 0x06, 0x7F, 0xDF, 0xF3, 0x0E, 0xE0, 0xDC, 0x1B, 0x03, 0xE0, 0x7C, 0x0F, 0x81, 0xF0,
    0x3F, 0x06, 0xE0, 0xCC, 0x39, 0xFE, 0x1F, 0x80, 0x00, 0x00, 0xE0, 0x18, 0x07, 0x30, 0xCE, 0x01,
    0xCF, 0xFB, 0xFE, 0x61, 0xDC, 0x1B, 0x83, 0x70, 0x6E, 0x0D, 0xC1, 0x98, 0x73, 0xFC, 0x3F, 0x00,
    0x18, 0x03, 0x00, 0x70, 0x06, 0x30, 0x06, 0x7F, 0xDF, 0xF3, 0x0E, 0xE0, 0xDC, 0x1B, 0x03, 0xE0,
    0x7C, 0x0F, 0x81, 0xF0, 0x3F, 0x06, 0xE0, 0xCC, 0x39, 0xFE, 0x1F, 0x80, 0x00, 0x03, 0x00, 0x70,
    0x06, 0x30, 0xCE, 0x01, 0xCF, 0xFB, 0xFE, 0x61, 0xDC, 0x1B, 0x83, 0x70, 0x6E, 0x0D, 0xC1, 0x98,
    0x73, 0xFC, 0x3F, 0x00, 0x08, 0x03, 0xC0, 0x7C, 0x03, 0x30, 0x46, 0x7F, 0xDF, 0xF3, 0x0E, 0xE0,
    0xDC, 0x1B, 0x03, 0xE0, 0x7C, 0x0F, 0x81, 0xF0, 0x3F, 0x06, 0xE0, 0xCC, 0x39, 0xFE, 0x1F, 0x80,
    0x08, 0x03, 0xC0, 0x7C, 0x03, 0x30, 0x4E, 0x01, 0xCF, 0xFB, 0xFE, 0x61, 0xDC, 0x1B, 0x83, 0x70,
    0x6E, 0x0D, 0xC1, 0x98, 0x73, 0xFC, 0x3F, 0x00, 0x00, 0x07, 0xE0, 0xFE, 0x01, 0x30, 0x06, 0x7F,
    0xDF, 0xF3, 0x0E, 0xE0, 0xDC, 0x1B, 0x03, 0xE0, 0x7C, 0x0F, 0x81, 0xF0, 0x3F, 0x06, 0xE0, 0xCC,
    0x39, 0xFE, 0x1F, 0x80, 0x3F, 0x87, 0xEC, 0x03, 0x80, 0x73, 0xFE, 0xFF, 0x98, 0x77, 0x06, 0xE0,
    0xDC, 0x1B, 0x83, 0x70, 0x66, 0x1C, 0xFF, 0x0F, 0xC0, 0x00, 0x60, 0x0C, 0xFF, 0xBF, 0xE6, 0x1D,
    0xC1, 0xB8, 0x36, 0x07, 0xC0, 0xF8, 0x1F, 0x03, 0xE0, 0x7E, 0x0D, 0xC1, 0x98, 0x73, 0xFC, 0x3F,
    0x01, 0x80, 0x38, 0x07, 0x00, 0x00, 0x60, 0x1C, 0x03, 0x9F, 0xF7, 0xFC, 0xC3, 0xB8, 0x37, 0x06,
    0xE0, 0xDC, 0x1B, 0x83, 0x30, 0xE7, 0xF8, 0x7E, 0x03, 0x00, 0x70, 0x0E, 0x00, 0xE0, 0xF8, 0x3E,
    0x0F, 0x83, 0xE0, 0xF8, 0x3E, 0x0F, 0x83, 0xE0, 0xF8, 0x3E, 0x0D, 0x83, 0x61, 0xDF, 0xE3, 0xF0,
    0x30, 0x0E, 0x03, 0x80, 0x61, 0xD8, 0x76, 0x1D, 0x87, 0x61, 0xD8, 0x76, 0x1D, 0x87, 0x61, 0xDF,
    0xF3, 0xFC, 0x30, 0x0E, 0x03, 0x80, 0x08, 0x07, 0x81, 0xF0, 0x18, 0x04, 0x38, 0x3E, 0x0F, 0x83,
    0xE0, 0xF8, 0x3E, 0x0F, 0x83, 0xE0, 0xF8, 0x3E, 0x0F, 0x83, 0x60, 0xD8, 0x77, 0xF8, 0xFC, 0x08,
    0x07, 0x81, 0xE0, 0x18, 0x04, 0x00, 0x06, 0x1D, 0x87, 0x61, 0xD8, 0x76, 0x1D, 0x87, 0x61, 0xD8,
    0x76, 0x1D, 0xFF, 0x3F, 0xC0, 0x02, 0x00, 0x70, 0x06, 0x00, 0xC3, 0x00, 0x3E, 0x0F, 0xE0, 0xEE,
    0x0C, 0xE0, 0xCE, 0x0C, 0xE0, 0xCE, 0x0C, 0xE0, 0xCE, 0x0C, 0xE0, 0xCE, 0x0C, 0x60, 0xC6, 0x1C,
    0x7F, 0x83, 0xF0, 0x00, 0x00, 0x70, 0x06, 0x00, 0xE6, 0x0C, 0x70, 0x07, 0x61, 0xE6, 0x1E, 0x61,
    0xC6, 0x1C, 0x61, 0xC6, 0x1C, 0x61, 0xC6, 0x1C, 0x61, 0xC7, 0xFC, 0x3F, 0xC0, 0x18, 0x01, 0x80,
    0x1C, 0x00, 0xC3, 0x00, 0x3E, 0x0F, 0xE0, 0xEE, 0x0C, 0xE0, 0xCE, 0x0C, 0xE0, 0xCE, 0x0C, 0xE0,
    0xCE, 0x0C, 0xE0, 0xCE, 0x0C, 0x60, 0xC6, 0x1C, 0x7F, 0x83, 0xF0, 0x00, 0x01, 0x80, 0x1C, 0x00,
    0xC6, 0x0C, 0x70, 0x07, 0x61, 0xE6, 0x1E, 0x61, 0xC6, 0x1C, 0x61, 0xC6, 0x1C, 0x61, 0xC6, 0x1C,
    0x61, 0xC7, 0xFC, 0x3F, 0xC0, 0x08, 0x01, 0xE0, 0x1F, 0x00, 0x63, 0x04, 0x3E, 0x0F, 0xE0, 0xEE,
    0x0C, 0xE0, 0xCE, 0x0C, 0xE0, 0xCE, 0x0C, 0xE0, 0xCE, 0x0C, 0xE0, 0xCE, 0x0C, 0x60, 0xC6, 0x1C,
    0x7F, 0x83, 0xF0, 0x08, 0x01, 0xE0, 0x1E, 0x00, 0x66, 0x04, 0x70, 0x07, 0x61, 0xE6, 0x1E, 0x61,
    0xC6, 0x1C, 0x61, 0xC6, 0x1C, 0x61, 0xC6, 0x1C, 0x61, 0xC7, 0xFC, 0x3F, 0xC0, 0x00, 0x03, 0xF0,
    0x3F, 0x80, 0x23, 0x00, 0x3E, 0x0F, 0xE0, 0xEE, 0x0C, 0xE0, 0xCE, 0x0C, 0xE0, 0xCE, 0x0C, 0xE0,
    0xCE, 0x0C, 0xE0, 0xCE, 0x0C, 0x60, 0xC6, 0x1C, 0x7F, 0x83, 0xF0, 0x3F, 0x83, 0xF6, 0x00, 0x70,
    0x07, 0x61, 0xE6, 0x1E, 0x61, 0xC6, 0x1C, 0x61, 0xC6, 0x1C, 0x61, 0xC6, 0x1C, 0x61, 0xC7, 0xFC,
    0x3F, 0xC0, 0x00, 0x30, 0x03, 0xE0, 0xFE, 0x0E, 0xE0, 0xCE, 0x0C, 0xE0, 0xCE, 0x0C, 0xE0, 0xCE,
    0x0C, 0xE0, 0xCE, 0x0C, 0xE0, 0xC6, 0x0C, 0x61, 0xC7, 0xF8, 0x3F, 0x00, 0xC0, 0x0E, 0x00, 0xE0,
    0x00, 0x60, 0x07, 0x00, 0x76, 0x1E, 0x61, 0xE6, 0x1C, 0x61, 0xC6, 0x1C, 0x61, 0xC6, 0x1C, 0x61,
    0xC6, 0x1C, 0x7F, 0xC3, 0xFC, 0x0C, 0x00, 0xE0, 0x0E, 0x00, 0x0C, 0x00, 0x60, 0x03, 0x80, 0x0C,
    0x00, 0x00, 0x70, 0x19, 0xC1, 0xCE, 0x1C, 0x38, 0xE1, 0xCE, 0x07, 0x70, 0x3F, 0x00, 0xF0, 0x03,
    0x80, 0x1C, 0x00, 0xE0, 0x07, 0x00, 0x38, 0x01, 0xC0, 0x0E, 0x00, 0x00, 0x03, 0x00, 0x70, 0x06,
    0x00, 0xC0, 0x00, 0x30, 0x3F, 0x06, 0x61, 0xCE, 0x30, 0xC6, 0x19, 0xC3, 0xB0, 0x3E, 0x07, 0x80,
    0x70, 0x0E, 0x01, 0x80, 0x70, 0x3C, 0x0F, 0x80, 0xE0, 0x33, 0x83, 0x9C, 0x38, 0x71, 0xC3, 0x9C,
    0x0E, 0xE0, 0x7E, 0x01, 0xE0, 0x07, 0x00, 0x38, 0x01, 0xC0, 0x0E, 0x00, 0x70, 0x03, 0x80, 0x1C,
    0x00, 0xC0, 0x07, 0x00, 0x38, 0x00, 0xC0, 0xFC, 0x19, 0x87, 0x38, 0xC3, 0x18, 0x67, 0x0E, 0xC0,
    0xF8, 0x1E, 0x01, 0xC0, 0x38, 0x06, 0x41, 0xDC, 0xF3, 0xBE, 0x00, 0x04, 0x00, 0x78, 0x03, 0xE0,
    0x06, 0x00, 0x20, 0x70, 0x19, 0xC1, 0xCE, 0x1C, 0x38, 0xE1, 0xCE, 0x07, 0x70, 0x3F, 0x00, 0xF0,
    0x03, 0x80, 0x1C, 0x00, 0xE0, 0x07, 0x00, 0x38, 0x01, 0xC0, 0x0E, 0x00, 0x08, 0x03, 0xC0, 0x7C,
    0x03, 0x00, 0x40, 0x00, 0x30, 0x3F, 0x06, 0x61, 0xCE, 0x30, 0xC6, 0x19, 0xC3, 0xB0, 0x3E, 0x07,
    0x80, 0x70, 0x0E, 0x01, 0x80, 0x70, 0x3C, 0x0F, 0x80, 0x00, 0x00, 0xFE, 0x07, 0xF0, 0x03, 0x00,
    0x00, 0x70, 0x19, 0xC1, 0xCE, 0x1C, 0x38, 0xE1, 0xCE, 0x07, 0x70, 0x3F, 0x00, 0xF0, 0x03, 0x80,
    0x1C, 0x00, 0xE0, 0x07, 0x00, 0x38, 0x01, 0xC0, 0x0E, 0x00, 0x00, 0x07, 0xF0, 0xFE, 0x01, 0x80,
    0x01, 0x81, 0xF8, 0x33, 0x0E, 0x71, 0x86, 0x30, 0xCE, 0x1D, 0x81, 0xF0, 0x3C, 0x03, 0x80, 0x70,
    0x0C, 0x03, 0x81, 0xE0, 0x7C, 0x00, 0xFF, 0xFF, 0xFF, 0xFF, 0x49, 0xE3, 0x1E, 0x78, 0xC3, 0x0C,
    0x30, 0xC3, 0x0C, 0x30, 0xC3, 0x0C, 0x00, 0x47, 0xBF, 0xFB, 0x4C, 0x30, 0xC3, 0x0C, 0x30, 0xC3,
    0x0C, 0x30, 0xC0, 0x00, 0x00, 0x87, 0xBF, 0x7C, 0xB0, 0xC3, 0x0C, 0x30, 0xC3, 0x0C, 0x30, 0xC3,
    0x0C, 0x00, 0x7F, 0xF7, 0xC0, 0x7F, 0xF7, 0xC0, 0x7F, 0xDF, 0xFF, 0xFF, 0x00, 0xFF, 0xF7, 0xFF,
    0xFF, 0xFE, 0x37, 0x77, 0xEE, 0x7B, 0x9C, 0xC6, 0x70, 0x73, 0x99, 0xCE, 0x60, 0x39, 0xCE, 0x73,
    0x19, 0xCE, 0x73, 0x9C, 0xE0, 0x73, 0x9C, 0xE6, 0x33, 0x9C, 0xE7, 0x31, 0x80, 0x73, 0x9C, 0xE6,
    0x33, 0x9C, 0xE7, 0x31, 0x80, 0x0C, 0x01, 0x80, 0x30, 0x06, 0x0F, 0xFD, 0xFF, 0x83, 0x00, 0x60,
    0x0C, 0x01, 0x80, 0x30, 0x06, 0x00, 0xC0, 0x18, 0x03, 0x00, 0x60, 0x0C, 0x01, 0x80, 0x30, 0x00,
    0x0C, 0x01, 0x80, 0x30, 0x06, 0x0F, 0xFD, 0xFF, 0x83, 0x00, 0x60, 0x0C, 0x01, 0x80, 0x30, 0x06,
    0x07, 0xFD, 0xFF, 0xBF, 0xF0, 0x60, 0x0C, 0x01, 0x80, 0x30, 0x00, 0xFF, 0xFF, 0xF0, 0x77, 0x77,
    0xF7, 0x7F, 0x70, 0x78, 0x07, 0xE0, 0x33, 0x01, 0x98, 0x0F, 0xCE, 0x7F, 0xF0, 0xFC, 0x0F, 0x80,
    0x3E, 0xF1, 0xFF, 0xCC, 0xE6, 0x67, 0x33, 0x39, 0x8F, 0xFC, 0x7B, 0xC0, 0x00, 0x23, 0x9E, 0xF3,
    0x8F, 0x0E, 0x1C, 0x20, 0x06, 0x38, 0xE3, 0x8C, 0xEE, 0xE6, 0x00, 0x00, 0x30, 0x03, 0x80, 0x18,
    0x01, 0xC0, 0x0C, 0x00, 0xE0, 0x06, 0x00, 0x00, 0x18, 0x00, 0xC0, 0x0E, 0x00, 0x60, 0x07, 0x00,
    0x30, 0x03, 0x80, 0x00, 0x6E, 0xE4, 0x00, 0xE6, 0x77, 0x31, 0x79, 0xFB, 0x37, 0xFC, 0xF9, 0xBF,
    0x3C, 0x1C, 0x79, 0xB3, 0x6C, 0xDF, 0xC3, 0x06, 0xFD, 0x83, 0x07, 0xEF, 0xC1, 0xBF, 0x3C, 0x38,
    0xE1, 0x87, 0xEF, 0xD9, 0xFF, 0x3E, 0xFD, 0x9B, 0x30, 0xC1, 0x87, 0x0C, 0x18, 0x7D, 0xFB, 0x33,
    0xEF, 0xD9, 0xFF, 0x3E, 0x79, 0xFB, 0x36, 0x67, 0xC1, 0x86, 0x38, 0x79, 0xFB, 0x37, 0xFC, 0xF9,
    0xBF, 0x3C, 0x79, 0xF0, 0x60, 0xC1, 0x83, 0x06, 0x7F, 0x79, 0xF9, 0x30, 0x61, 0x8E, 0x38, 0x7F,
    0x7F, 0xF0, 0xCE, 0x3C, 0x3F, 0xDE, 0x1C, 0x79, 0xB3, 0x6C, 0xDF, 0xC3, 0x06, 0xFD, 0x83, 0x07,
    0xEF, 0xC1, 0xBF, 0x3C, 0x38, 0xE1, 0x87, 0xEF, 0xD9, 0xFF, 0x3E, 0xFD, 0x9B, 0x30, 0xC1, 0x87,
    0x0C, 0x18, 0x7D, 0xFB, 0x33, 0xEF, 0xD9, 0xFF, 0x3E, 0x79, 0xFB, 0x36, 0x67, 0xC1, 0x86, 0x38,
    0x00, 0x01, 0xB0, 0x3C, 0x0F, 0xC3, 0xFC, 0xFF, 0x9A, 0xF7, 0xD8, 0xFB, 0x1F, 0x63, 0xEC, 0x7D,
    0x0F, 0xE1, 0xFC, 0x1F, 0xB3, 0xFE, 0x3F, 0xC7, 0xE0, 0xD8, 0x1B, 0x00, 0x1F, 0x87, 0xF9, 0xC3,
    0xB0, 0x06, 0x00, 0xFC, 0x3F, 0xC7, 0xF8, 0x7E, 0x1F, 0xE3, 0xFC, 0x38, 0x06, 0x01, 0xFF, 0xBF,
    0xF8, 0x38, 0x63, 0x86, 0x3C, 0x63, 0xC6, 0x3C, 0x67, 0xE6, 0xF7, 0xF7, 0x7F, 0x77, 0x6F, 0xF7,
    0x7F, 0x73, 0x3E, 0x31, 0xE3, 0x1E, 0x31, 0xE0, 0xF8, 0x0F, 0xC0, 0xCC, 0x0C, 0xE0, 0xCE, 0x0C,
    0xFE, 0xFF, 0xEF, 0xF8, 0xF9, 0x8D, 0x9C, 0xDC, 0xEC, 0xC6, 0xCE, 0x7C, 0xFE, 0xC7, 0xE0, 0x70,
    0x67, 0x06, 0x70, 0x67, 0x06, 0x70, 0x6F, 0xFF, 0x7F, 0xF7, 0xF6, 0x7F, 0x6F, 0xDF, 0xFD, 0xF3,
    0xDE, 0x39, 0xE3, 0x9E, 0x39, 0xE0, 0xFC, 0xFF, 0xDF, 0x1F, 0xEF, 0xFD, 0xBF, 0xB7, 0xF6, 0xFE,
    0xDF, 0xDB, 0xFB, 0x7F, 0x6F, 0xED, 0xFD, 0x8D, 0xBF, 0xB7, 0xE0, 0x0F, 0xE1, 0xFC, 0x07, 0x1F,
    0xE7, 0xFC, 0xC3, 0xB8, 0x77, 0x0E, 0xE1, 0xDC, 0x39, 0x87, 0x3F, 0xE3, 0xFD, 0xFF, 0xBF, 0xF0,
    0x1F, 0x87, 0xF9, 0xC3, 0x30, 0x6F, 0xE1, 0xFC, 0x3F, 0x87, 0x00, 0xFE, 0x1F, 0xC3, 0xF8, 0x30,
    0x67, 0x0C, 0x7F, 0x87, 0xE0, 0x30, 0x63, 0x0E, 0x31, 0xC3, 0x1C, 0x33, 0x83, 0x70, 0x7F, 0xEF,
    0xFF, 0xFF, 0xE3, 0x70, 0x33, 0x83, 0x1C, 0x31, 0xC3, 0x0E, 0x30, 0x70, 0xFF, 0xFF, 0xFF, 0x07,
    0x00, 0x70, 0x07, 0xC0, 0x7C, 0x0F, 0x83, 0xF4, 0x3F, 0xC0, 0x7C, 0x1F, 0x03, 0xF0, 0x27, 0x00,
    0x70, 0x07, 0x00, 0x7F, 0x87, 0xFC, 0x70, 0xE7, 0xFE, 0xFF, 0xFF, 0xFF, 0x7F, 0xEF, 0xFF, 0xFF,
    0xF7, 0xFC, 0x7F, 0xC7, 0xF0, 0x70, 0x07, 0x00, 0x70, 0x00, 0x03, 0x00, 0xC3, 0xF1, 0xFE, 0x67,
    0xF9, 0xBC, 0x63, 0x18, 0xCE, 0x33, 0xEC, 0xFF, 0x3F, 0xCC, 0xFB, 0x37, 0x9D, 0xFE, 0x1F, 0x06,
    0x01, 0x80, 0x1F, 0x83, 0xFC, 0x30, 0xC0, 0x0E, 0x7F, 0xEF, 0xFF, 0xFF, 0xF7, 0xFE, 0xFF, 0xFF,
    0xFF, 0x30, 0x03, 0x00, 0x38, 0x63, 0xFE, 0x1F, 0x80, 0x03, 0x00, 0x60, 0x7E, 0x1F, 0xE7, 0x7C,
    0xCD, 0xB9, 0x87, 0x30, 0xE6, 0x1D, 0x83, 0xB0, 0x76, 0x0E, 0xC0, 0xD9, 0x9F, 0x31, 0xFE, 0x1F,
    0x83, 0x00, 0x60, 0x00, 0x7F, 0xF7, 0xFF, 0x00, 0x00, 0x00, 0x7F, 0xF7, 0xFF, 0x07, 0x00, 0x70,
    0x07, 0x00, 0x70, 0x07, 0x00, 0x70, 0x07, 0x00, 0x70, 0x07, 0x00, 0x7F, 0xDF, 0xFF, 0xFF, 0xBF,
    0xEF, 0xFF, 0xFF, 0xC0, 0xC3, 0xF8, 0xFE, 0x1F, 0x80, 0x70, 0x07, 0x00, 0x70, 0x07, 0x00, 0xE0,
    0x0C, 0x30, 0x06, 0x00, 0xCC, 0x1F, 0x83, 0xE1, 0xF2, 0x3D, 0xC1, 0xF8, 0x7C, 0x7E, 0x1E, 0xC3,
    0x98, 0x63, 0x1C, 0x7F, 0x0F, 0xC0, 0x3F, 0xC3, 0xFE, 0x38, 0x73, 0x87, 0x38, 0x73, 0x87, 0x38,
    0x77, 0xFE, 0x7F, 0xE7, 0xF8, 0x7F, 0x87, 0xFC, 0x7F, 0x83, 0x80, 0x38, 0x00, 0x1E, 0x03, 0xC3,
    0xFC, 0x7F, 0xCE, 0x1D, 0xC1, 0xB8, 0x37, 0x0E, 0xFF, 0x9F, 0xF3, 0xFF, 0x70, 0x6E, 0x0F, 0xC1,
    0xF8, 0x37, 0xFE, 0xFF, 0x83, 0xC0, 0x78, 0x0B, 0x00, 0x08, 0x01, 0xC0, 0x38, 0x07, 0x00, 0xFF,
    0xF7, 0xFF, 0x38, 0x01, 0xC0, 0x0C, 0x00, 0x0C, 0x07, 0x83, 0xF1, 0xFE, 0x6D, 0xD3, 0x20, 0xC0,
    0x30, 0x0C, 0x03, 0x00, 0xC0, 0x30, 0x0C, 0x03, 0x00, 0xC0, 0x01, 0x00, 0x0C, 0x00, 0x70, 0x00,
    0xCF, 0xFF, 0x3F, 0xF8, 0x03, 0x80, 0x38, 0x01, 0x80, 0x0C, 0x03, 0x00, 0xC0, 0x30, 0x0C, 0x03,
    0x00, 0xC0, 0x30, 0x0C, 0x13, 0x26, 0xDD, 0xFE, 0x3F, 0x07, 0x80, 0xC0, 0x08, 0x80, 0xCE, 0x0E,
    0x38, 0xE0, 0xEF, 0xFF, 0xFF, 0xF9, 0xC3, 0x87, 0x38, 0x19, 0x80, 0x0C, 0x07, 0x83, 0xF1, 0xFE,
    0x6D, 0xD3, 0x20, 0xC0, 0x30, 0x0C, 0x03, 0x06, 0xDD, 0xF6, 0x3F, 0x07, 0x80, 0xC0, 0x00, 0xFE,
    0x1F, 0x83, 0xE0, 0x6E, 0x0C, 0xE1, 0x8E, 0x00, 0xE0, 0x0E, 0x00, 0xE0, 0x0C, 0x00, 0x00, 0x07,
    0xF0, 0x7F, 0x01, 0xF0, 0x3F, 0x07, 0x70, 0xE3, 0x1C, 0x03, 0x80, 0x70, 0x0E, 0x00, 0x00, 0x00,
    0x40, 0x0E, 0x00, 0x70, 0x03, 0x80, 0x1C, 0x00, 0xE3, 0x07, 0x70, 0x3F, 0x01, 0xF0, 0x0F, 0x07,
    0xF0, 0x7E, 0x00, 0x00, 0x0C, 0x03, 0x80, 0xE0, 0x39, 0x8E, 0x33, 0x86, 0xE0, 0xF8, 0x1E, 0x03,
    0xF8, 0x7E, 0x00, 0x01, 0xE0, 0x07, 0x82, 0x0C, 0x38, 0x63, 0x83, 0x38, 0x3B, 0xFF, 0x8F, 0xE0,
    0x38, 0x00, 0xE0, 0x03, 0x00, 0x38, 0x03, 0xC0, 0x38, 0x41, 0x83, 0x0E, 0x1C, 0x38, 0x71, 0xFF,
    0xC1, 0xFE, 0x00, 0xE0, 0x0E, 0x00, 0x60, 0x04, 0x01, 0x80, 0xF0, 0x38, 0x07, 0xFE, 0xFF, 0xCE,
    0x18, 0xE3, 0x0C, 0x60, 0x0C, 0x01, 0x80, 0x30, 0x06, 0x00, 0xC0, 0x18, 0x02, 0x00, 0xE0, 0x0E,
    0x00, 0xEF, 0xFF, 0xFF, 0xB8, 0xE7, 0x38, 0xE6, 0x1C, 0x03, 0x80, 0x70, 0x0E, 0x01, 0xC0, 0x30,
    0x00, 0x00, 0x60, 0x0C, 0x01, 0x80, 0x30, 0x06, 0x00, 0xC3, 0x18, 0xE3, 0x38, 0x6E, 0x0D, 0xFF,
    0xBF, 0xF3, 0x80, 0x38, 0x03, 0x00, 0xC0, 0x1C, 0x03, 0x80, 0x70, 0x0E, 0x01, 0xC0, 0x38, 0x87,
    0x38, 0xE3, 0x9C, 0x3B, 0xFF, 0xBF, 0xE0, 0x38, 0x0E, 0x01, 0x80, 0x07, 0xE0, 0x7F, 0x83, 0x0C,
    0x38, 0x61, 0xC3, 0x8C, 0x00, 0x60, 0x0B, 0x20, 0xFB, 0x83, 0xF8, 0x0F, 0x80, 0x38, 0x00, 0x80,
    0x00, 0x3E, 0x03, 0xF8, 0x38, 0xE1, 0x83, 0x0C, 0x18, 0x00, 0xC0, 0x06, 0x01, 0x32, 0x0D, 0xB8,
    0x7F, 0x81, 0xF8, 0x07, 0x80, 0x18, 0x00, 0x07, 0xF0, 0x7F, 0x1F, 0xC3, 0xFE, 0x77, 0x76, 0x63,
    0xE0, 0x3C, 0x03, 0xC0, 0x3E, 0x03, 0x60, 0x37, 0x06, 0x39, 0xE1, 0xFC, 0x02, 0x00, 0xFE, 0x07,
    0xE0, 0x1E, 0xC3, 0xEE, 0x76, 0x66, 0x67, 0xE0, 0x3C, 0x03, 0xC0, 0x3C, 0x03, 0xE0, 0x36, 0x03,
    0x70, 0x63, 0x9E, 0x1F, 0xC0, 0x20, 0x01, 0x00, 0x0C, 0x00, 0x70, 0x01, 0xCF, 0xFF, 0x3F, 0xF8,
    0x23, 0x83, 0xB8, 0x39, 0x83, 0x80, 0x3F, 0xFC, 0xFF, 0xE3, 0x80, 0x0E, 0x00, 0x30, 0x00, 0x08,
    0x00, 0xE0, 0x0E, 0x00, 0xE0, 0x0F, 0xFF, 0x3F, 0xF8, 0xE4, 0x03, 0xB0, 0x0D, 0xC0, 0x03, 0x3F,
    0xFC, 0xFF, 0xE0, 0x0E, 0x00, 0xE0, 0x06, 0x00, 0x3C, 0x03, 0xC0, 0x1C, 0x01, 0xC0, 0x18, 0x7F,
    0x9F, 0xF3, 0x0E, 0xE0, 0xDC, 0x1B, 0x83, 0x70, 0x6E, 0x0C, 0xE7, 0x0F, 0xE0, 0x20, 0x07, 0x00,
    0xF0, 0x0F, 0x00, 0xF8, 0x1D, 0x81, 0x98, 0x19, 0xC3, 0x8C, 0x38, 0xC3, 0x0E, 0x30, 0xE7, 0x06,
    0x60, 0x77, 0xFF, 0x7F, 0xF0, 0xFF, 0xFF, 0xFE, 0x0F, 0x83, 0xE0, 0xF8, 0x3E, 0x0F, 0x83, 0xE0,
    0xF8, 0x3E, 0x0F, 0x83, 0xE0, 0xF8, 0x3E, 0x0C, 0xFF, 0xDF, 0xFB, 0x80, 0x38, 0x03, 0x00, 0x70,
    0x07, 0x00, 0x70, 0x06, 0x00, 0xE0, 0x1C, 0x07, 0x01, 0xC0, 0x38, 0x0E, 0x03, 0x80, 0x60, 0x1F,
    0xFB, 0xFF, 0x00, 0xFF, 0xEF, 0xF8, 0x00, 0x30, 0x03, 0x00, 0x70, 0x06, 0xF0, 0x6F, 0x8E, 0x18,
    0xC1, 0x8C, 0x1C, 0xC1, 0xDC, 0x0D, 0x80, 0xD8, 0x0F, 0x80, 0x70, 0x07, 0x00, 0x7D, 0xE7, 0xEF,
    0xB1, 0xCD, 0x8C, 0x7C, 0x73, 0xF7, 0xD9, 0xE7, 0xC0, 0x00, 0x00, 0xE0, 0x7F, 0x07, 0xE0, 0x60,
    0x06, 0x00, 0x60, 0x06, 0x00, 0x60, 0x06, 0x00, 0x60, 0x06, 0x00, 0x60, 0x06, 0x00, 0x60, 0x06,
    0x00, 0x60, 0x06, 0x00, 0x60, 0x7E, 0x0F, 0xE0, 0x78, 0x00, 0x00, 0x0F, 0xFF, 0x3F, 0x01, 0xC0,
    0x00, 0xFF, 0xF3, 0xF0, 0x1C, 0x01, 0x80, 0x63, 0xFF, 0x7F, 0xF0, 0x60, 0x18, 0x3F, 0xF7, 0xFF,
    0x38, 0x06, 0x00, 0x00, 0x00, 0x30, 0x7C, 0x7E, 0x7C, 0x3C, 0x0F, 0x81, 0xF8, 0x0F, 0x80, 0xF0,
    0x0D, 0xFE, 0xFF, 0xDF, 0xF0, 0x00, 0x38, 0x0F, 0x80, 0xF8, 0x0F, 0xC0, 0x70, 0x3C, 0x3E, 0x7E,
    0x3E, 0x0C, 0x01, 0xFE, 0xFF, 0xDF, 0xF0, 0x3E, 0xE7, 0xDC, 0xC1, 0x18, 0x0F, 0xFE, 0xFF, 0xCC,
    0x39, 0x87, 0x30, 0xE6, 0x1C, 0xC3, 0x98, 0x73, 0x0E, 0x61, 0xCC, 0x38, 0x3F, 0xE7, 0xDC, 0xC3,
    0x98, 0x7F, 0xFE, 0xFD, 0xCC, 0x39, 0x87, 0x30, 0xE6, 0x1C, 0xC3, 0x98, 0x73, 0x0E, 0x61, 0xCC,
    0x38, 0x00, 0x00, 0x20, 0x00, 0x06, 0x60, 0x00, 0x7E, 0x00, 0x07, 0xE0, 0x00, 0x3E, 0x00, 0x03,
    0xE0, 0x00, 0x77, 0xFF, 0xFE, 0x3F, 0xFF, 0xC0, 0xFF, 0xC0, 0x00, 0x00, 0x00, 0x01, 0x00, 0x01,
    0xF8, 0x00, 0x0F, 0x80, 0x00, 0x60, 0x00, 0x06, 0x00, 0x00, 0x00, 0x00, 0x00, 0x00, 0x00, 0x60,
    0x00, 0x00, 0xE0, 0x00, 0x00, 0xE0, 0x00, 0x30, 0xE0, 0x00, 0x78, 0xE0, 0x01, 0xF8, 0x7F, 0xFF,
    0xFF, 0x3F, 0xFF, 0x1F, 0x0F, 0xF0, 0x00, 0x00, 0x00, 0x00, 0x00, 0x00, 0x00, 0x01, 0xF0, 0x00,
    0x01, 0xB0, 0x00, 0x00, 0xE0, 0x00, 0x00, 0xE0, 0x00, 0x00, 0x40, 0x00, 0x08, 0x71, 0xC3, 0x0C,
    0x30, 0xDF, 0x78, 0x00, 0x1F, 0x6C, 0xE3, 0x84, 0x1C, 0x0C, 0x06, 0x07, 0x0F, 0xFF, 0xFC, 0x00,
    0x00, 0x7C, 0x3E, 0x06, 0x07, 0x00, 0x00, 0x00, 0x00, 0x00, 0x0C, 0x00, 0x00, 0xF8, 0x00, 0x0F,
    0x80, 0x00, 0xF8, 0x00, 0x1F, 0x80, 0x00, 0xF0, 0x20, 0x00, 0x06, 0x60, 0x00, 0x7E, 0x00, 0x07,
    0xE0, 0x00, 0x3E, 0x00, 0x03, 0xE0, 0x00, 0x77, 0xFF, 0xFE, 0x3F, 0xFF, 0xC0, 0xFF, 0xC0, 0x00,
    0x00, 0x00, 0x00, 0xC0, 0x00, 0x00, 0xF8, 0x00, 0x00, 0xF8, 0x00, 0x00, 0xFC, 0x00, 0x01, 0xF8,
    0x00, 0x00, 0xF0, 0x00, 0x00, 0x00, 0x00, 0x60, 0x00, 0x00, 0xE0, 0x00, 0x00, 0xE0, 0x00, 0x30,
    0xE0, 0x00, 0x78, 0xE0, 0x01, 0xF8, 0x7F, 0xFF, 0xFF, 0x3F, 0xFF, 0x1F, 0x0F, 0xF0, 0x00, 0x01,
    0x87, 0x9F, 0x6F, 0xFF, 0x00, 0x10, 0xC3, 0x0E, 0x38, 0x63, 0xBC, 0xF0, 0x00, 0x00, 0x18, 0x0F,
    0x07, 0xC3, 0xE3, 0xF0, 0xF0, 0x00, 0x00, 0x0E, 0x06, 0x03, 0x03, 0x87, 0xFF, 0xFE, 0x00, 0x7E,
    0x07, 0xFE, 0x13, 0xFE, 0x07, 0xF0, 0xFC, 0x0F, 0x00, 0xE0, 0x0E, 0x00, 0x67, 0xC7, 0x36, 0x30,
    0xC1, 0x87, 0x0C, 0x00, 0x70, 0x01, 0xE0, 0x07, 0xFF, 0x1F, 0xF8, 0x0C, 0x00, 0x7E, 0x00, 0x7F,
    0xE0, 0x13, 0xFE, 0x00, 0x7F, 0x00, 0xFF, 0x00, 0xF3, 0x80, 0xE0, 0xE0, 0xE0, 0x7E, 0x67, 0xDF,
    0x73, 0x60, 0x30, 0xC0, 0x18, 0x70, 0x0C, 0x00, 0x07, 0x00, 0x01, 0xE0, 0x00, 0x7F, 0xF0, 0x1F,
    0xF8, 0x00, 0xC0, 0x00, 0x38, 0x07, 0xF0, 0x7F, 0x80, 0x1F, 0x03, 0xF0, 0xF8, 0xFE, 0x0F, 0x80,
    0x00, 0x00, 0x80, 0x1F, 0x81, 0xF0, 0x06, 0x00, 0xE0, 0x00, 0x00, 0x38, 0x00, 0xFE, 0x01, 0xFE,
    0x00, 0x0F, 0x80, 0x3F, 0x01, 0xFC, 0x3F, 0x9F, 0x7C, 0x1F, 0x00, 0x00, 0x00, 0x00, 0x6C, 0x00,
    0xD8, 0x00, 0xE0, 0x01, 0xC0, 0x01, 0x00, 0x00, 0x00, 0x0C, 0x07, 0x83, 0xE1, 0xB1, 0xF0, 0xF0,
    0x00, 0x00, 0x03, 0x03, 0x80, 0xE0, 0x30, 0x1C, 0x06, 0x03, 0x41, 0xBF, 0xDF, 0xC0, 0x00, 0x00,
    0x00, 0xC0, 0x07, 0x80, 0x3E, 0x01, 0xB0, 0x1F, 0x80, 0xF0, 0x00, 0x00, 0x00, 0x00, 0x30, 0x03,
    0x80, 0x0E, 0x00, 0x30, 0x01, 0xC0, 0x06, 0x00, 0x38, 0x41, 0xC3, 0xFF, 0x9F, 0xDC, 0x00, 0x00,
    0x00, 0x1C, 0x1C, 0x36, 0x3E, 0x12, 0x00, 0x00, 0x0C, 0x0E, 0x06, 0x07, 0x07, 0x07, 0x06, 0x0E,
    0x1C, 0x7C, 0xF0, 0x60, 0x00, 0x03, 0x80, 0x70, 0x1B, 0x03, 0xE0, 0x08, 0x00, 0x00, 0x00, 0x0C,
    0x01, 0xC0, 0x18, 0x03, 0x80, 0x70, 0x0F, 0x81, 0xF8, 0x70, 0x1C, 0x0F, 0x83, 0xE0, 0x30, 0x00,
    0x00, 0x18, 0x1E, 0x1F, 0x1B, 0x3F, 0x3C, 0x00, 0x00, 0x0C, 0x0E, 0x06, 0x07, 0x07, 0x07, 0x06,
    0x0E, 0x1C, 0x7C, 0xF0, 0x60, 0x00, 0x06, 0x00, 0x78, 0x0F, 0x83, 0xB0, 0x7C, 0x0F, 0x00, 0x00,
    0x00, 0x01, 0x80, 0x38, 0x03, 0x00, 0x70, 0x0E, 0x01, 0xF0, 0x3F, 0x0E, 0x03, 0x81, 0xF0, 0x7C,
    0x06, 0x00, 0x00, 0x00, 0x40, 0x00, 0x3C, 0x00, 0x1F, 0x00, 0x0F, 0x80, 0x03, 0xC0, 0x00, 0x70,
    0x00, 0x0F, 0x00, 0x00, 0xF0, 0x60, 0x07, 0x1C, 0x00, 0x73, 0x80, 0x06, 0x70, 0x00, 0xCE, 0x00,
    0x18, 0xFF, 0xFF, 0x0F, 0xFF, 0xC0, 0x7F, 0xC0, 0x00, 0x00, 0x40, 0x00, 0x07, 0x80, 0x00, 0x7C,
    0x00, 0x07, 0xC0, 0x00, 0x3C, 0x00, 0x00, 0xE0, 0x00, 0x03, 0xC0, 0x00, 0x07, 0x80, 0x60, 0x0F,
    0x03, 0x80, 0x1E, 0x0E, 0x00, 0x38, 0x38, 0x00, 0x70, 0xE0, 0x01, 0xE1, 0xFF, 0xFF, 0xE3, 0xFF,
    0xF7, 0xC3, 0xFE, 0x00, 0x01, 0x83, 0xC7, 0xCF, 0x87, 0x07, 0x01, 0xC0, 0x70, 0x1C, 0x07, 0x01,
    0x80, 0xE0, 0x77, 0xF3, 0xF0, 0x00, 0x01, 0x80, 0x78, 0x1F, 0x07, 0xC0, 0x70, 0x0E, 0x00, 0x70,
    0x03, 0x80, 0x1C, 0x00, 0xE0, 0x06, 0x00, 0x70, 0x07, 0x8F, 0xFF, 0xFC, 0xF0, 0x00, 0x00, 0x00,
    0x00, 0x00, 0x30, 0x00, 0x1E, 0x00, 0x0F, 0xA0, 0x03, 0xDE, 0x00, 0x6F, 0x80, 0x07, 0xC0, 0x01,
    0xE0, 0x00, 0x38, 0x00, 0x07, 0x80, 0x00, 0x78, 0x30, 0x03, 0x8E, 0x00, 0x39, 0xC0, 0x03, 0x38,
    0x00, 0x67, 0x00, 0x0C, 0x7F, 0xFF, 0x87, 0xFF, 0xE0, 0x3F, 0xE0, 0x00, 0x00, 0x00, 0x00, 0x00,
    0x06, 0x00, 0x00, 0x78, 0x00, 0x07, 0xD0, 0x00, 0x3D, 0xE0, 0x00, 0xDF, 0x00, 0x01, 0xF0, 0x00,
    0x0F, 0x00, 0x00, 0x38, 0x00, 0x00, 0xF0, 0x00, 0x01, 0xE0, 0x18, 0x03, 0xC0, 0xE0, 0x07, 0x83,
    0x80, 0x0E, 0x0E, 0x00, 0x1C, 0x38, 0x00, 0x78, 0x7F, 0xFF, 0xF8, 0xFF, 0xFD, 0xF0, 0xFF, 0x80,
    0x00, 0x00, 0x03, 0x87, 0xC7, 0xBF, 0x7E, 0xF9, 0xF0, 0xE0, 0xE0, 0x38, 0x0E, 0x03, 0x80, 0xE0,
    0x30, 0x1C, 0x0E, 0xFE, 0x7E, 0x00, 0x00, 0x00, 0x00, 0x70, 0x1F, 0x03, 0xD8, 0xF7, 0x8D, 0xF0,
    0x7C, 0x07, 0x00, 0xE0, 0x07, 0x00, 0x38, 0x01, 0xC0, 0x0E, 0x00, 0x60, 0x07, 0x00, 0x78, 0xFF,
    0xFF, 0xCF, 0x00, 0x00, 0x00, 0x10, 0x00, 0xE0, 0x03, 0x98, 0x06, 0x60, 0x1B, 0x80, 0x7E, 0x01,
    0xF8, 0x06, 0xE0, 0x39, 0xE3, 0xC3, 0xFF, 0x07, 0xF0, 0x00, 0x38, 0x00, 0x1C, 0x18, 0x06, 0x0C,
    0x03, 0x8E, 0x01, 0xF7, 0x00, 0xFF, 0x80, 0x61, 0xC0, 0x70, 0x78, 0x78, 0x1F, 0xF8, 0x07, 0xF0,
    0x00, 0x18, 0x1C, 0x3E, 0x7E, 0x67, 0xE3, 0xE3, 0xE3, 0x7F, 0x7E, 0x3E, 0x07, 0xE0, 0xE6, 0x0E,
    0x70, 0xE3, 0x0E, 0x3E, 0x61, 0xE0, 0x00, 0x11, 0x8C, 0x73, 0x8C, 0xFE, 0xF1, 0x08, 0xE7, 0x00,
    0x00, 0x06, 0x03, 0xC7, 0x79, 0xE3, 0x78, 0x7C, 0x07, 0x80, 0xF0, 0x0E, 0x00, 0x80, 0x00, 0x00,
    0x1C, 0x00, 0x78, 0x03, 0xF0, 0x0D, 0xE0, 0x73, 0xC1, 0xCF, 0x83, 0x76, 0x0F, 0x9B, 0xFF, 0xEF,
    0xFF, 0x8C, 0x18, 0x01, 0xC0, 0x0F, 0x80, 0x7E, 0x03, 0x98, 0x0E, 0x60, 0x33, 0x80, 0xDC, 0x3F,
    0xFF, 0xFF, 0xFC, 0x30, 0xC0, 0xE3, 0x03, 0xFC, 0x07, 0xF0, 0x07, 0x00, 0x00, 0x01, 0xC0, 0x1E,
    0x03, 0xF0, 0x37, 0x87, 0x3C, 0x73, 0xE3, 0x76, 0x3E, 0x6F, 0xFE, 0xFF, 0xE0, 0x18, 0x07, 0x01,
    0xF0, 0x1F, 0x83, 0xB8, 0x33, 0x83, 0x38, 0x77, 0x0F, 0xFF, 0xFF, 0xF7, 0x1C, 0x30, 0xC3, 0xFC,
    0x1F, 0x80, 0xF0, 0x06, 0x00, 0x01, 0xE0, 0x00, 0x7E, 0x00, 0x0F, 0xC0, 0x03, 0x98, 0x00, 0xE0,
    0x00, 0x38, 0x00, 0x07, 0x00, 0x00, 0x7F, 0xFF, 0xE7, 0xFF, 0xFC, 0x1F, 0xFC, 0x00, 0x07, 0xF9,
    0xFF, 0xFF, 0xF9, 0xC0, 0x0C, 0x00, 0x7C, 0x01, 0xFF, 0xE1, 0xFF, 0x38, 0x00, 0x07, 0x00, 0x00,
    0xC0, 0x00, 0x1E, 0x00, 0x03, 0x80, 0x00, 0x0C, 0x00, 0x03, 0xC0, 0x00, 0xFC, 0x00, 0x1F, 0x80,
    0x07, 0x30, 0x01, 0xC0, 0x00, 0x70, 0x00, 0x0E, 0x00, 0x00, 0xFF, 0xFF, 0xCF, 0xFF, 0xF8, 0x3F,
    0xF8, 0x38, 0x01, 0xC0, 0x0C, 0x00, 0x78, 0x03, 0x80, 0x03, 0xFC, 0xFF, 0xFF, 0xFC, 0xE0, 0x06,
    0x00, 0x3E, 0x00, 0xFF, 0xF0, 0xFF, 0x80, 0x00, 0x1E, 0x00, 0x7F, 0x00, 0x72, 0x00, 0xE0, 0x00,
    0xC0, 0x60, 0xE0, 0x60, 0xF8, 0xE0, 0x7E, 0xE0, 0x0E, 0xE0, 0x0E, 0xE0, 0x1E, 0x78, 0x7C, 0x3F,
    0xF8, 0x1F, 0xE0, 0x60, 0x00, 0x30, 0x1C, 0x38, 0x0F, 0xDC, 0x03, 0xFE, 0x00, 0x67, 0x00, 0x71,
    0xE0, 0xF0, 0x7F, 0xF0, 0x1F, 0xE0, 0x00, 0x08, 0x71, 0xC3, 0x0C, 0x30, 0xDF, 0x78, 0x00, 0x1B,
    0x6C, 0x1C, 0x0C, 0x06, 0x07, 0x0F, 0xFF, 0xFC, 0x00, 0x00, 0x7E, 0x3E, 0x00, 0x1C, 0x3E, 0x7C,
    0x60, 0x60, 0x73, 0x3F, 0xFE, 0xF8, 0x00, 0x78, 0x7F, 0x0E, 0x00, 0x18, 0x1C, 0x1C, 0x1C, 0x1C,
    0x1C, 0x1C, 0x1C, 0x1C, 0x1C, 0x1C, 0x1C, 0x1C, 0x1C, 0x78, 0x1F, 0xC0, 0xE0, 0x00, 0x1C, 0x07,
    0x01, 0xC0, 0x70, 0x1C, 0x07, 0x01, 0xC0, 0x70, 0x1C, 0x07, 0x00, 0xC0, 0x30, 0x0C, 0x03, 0xE0,
    0x78, 0x00, 0xF7, 0x31, 0xFE, 0x01, 0x8E, 0x73, 0x9C, 0xE7, 0x39, 0xCE, 0x73, 0x9C, 0xE0, 0xF0,
    0xE0, 0xC0, 0xF8, 0xE0, 0x00, 0x70, 0x70, 0x70, 0x70, 0x70, 0x70, 0x70, 0x70, 0x70, 0x70, 0x30,
    0x30, 0x30, 0x3E, 0x1E, 0x00, 0x1C, 0x1E, 0x0E, 0x03, 0xC3, 0xC0, 0x00, 0x78, 0x7E, 0x77, 0x31,
    0x98, 0xEF, 0xF3, 0xF0, 0x78, 0x1C, 0x7C, 0x7C, 0x38, 0x00, 0x1C, 0x07, 0x80, 0xE0, 0x0F, 0x03,
    0xC0, 0x00, 0x07, 0x81, 0xF8, 0x77, 0x0C, 0x61, 0x8E, 0x3F, 0xF3, 0xFE, 0x0E, 0x01, 0xC1, 0xF0,
    0x7C, 0x0E, 0x00, 0xE7, 0x39, 0xCE, 0x73, 0x9C, 0xE7, 0x39, 0xCE, 0x31, 0x80, 0xF7, 0x31, 0xEE,
    0x00, 0xE1, 0xC3, 0x87, 0x0E, 0x1C, 0x38, 0x70, 0xE1, 0xC1, 0x83, 0x06, 0x0F, 0x8F, 0x00, 0xF1,
    0xC3, 0x07, 0x8E, 0x00, 0x1C, 0x1E, 0x38, 0x7F, 0x30, 0x72, 0x3E, 0xE0, 0x3C, 0xC0, 0x60, 0xE0,
    0x60, 0xF8, 0xE0, 0x7E, 0xE0, 0x0E, 0xE0, 0x0E, 0xE0, 0x1E, 0x78, 0x7C, 0x3F, 0xF8, 0x1F, 0xE0,
    0x1C, 0x00, 0x1C, 0x00, 0x0C, 0x00, 0x07, 0xC0, 0x03, 0xC0, 0x03, 0x00, 0x01, 0x80, 0xE1, 0xC0,
    0x7E, 0xE0, 0x1F, 0xF0, 0x03, 0x38, 0x03, 0x8F, 0x07, 0x83, 0xFF, 0x80, 0xFF, 0x00, 0x77, 0x30,
    0xFF, 0x00, 0x46, 0x31, 0xCE, 0x33, 0xFB, 0xC0, 0x78, 0x38, 0x18, 0x0F, 0x07, 0x00, 0x00, 0x60,
    0x30, 0x38, 0x1C, 0x3F, 0xDD, 0xE0, 0x00, 0xFF, 0xFF, 0xFF, 0xFF, 0xFE, 0xD8, 0xE1, 0xC3, 0x87,
    0x0E, 0x1C, 0x38, 0x70, 0xE1, 0xC1, 0x83, 0x06, 0x0F, 0x8F, 0x00, 0x00, 0x00, 0x20, 0x00, 0x06,
    0x60, 0x00, 0x7E, 0x00, 0x07, 0xE0, 0x00, 0x3E, 0x00, 0x03, 0xE0, 0x00, 0x77, 0xFF, 0xFE, 0x3F,
    0xFF, 0xC0, 0xFF, 0xC0, 0x00, 0x00, 0x00, 0x06, 0x00, 0x00, 0x60, 0x00, 0x00, 0x00, 0x00, 0x60,
    0x00, 0x00, 0xE0, 0x00, 0x00, 0xE0, 0x00, 0x30, 0xE0, 0x00, 0x78, 0xE0, 0x01, 0xF8, 0x7F, 0xFF,
    0xFF, 0x3F, 0xFF, 0x1F, 0x0F, 0xF0, 0x00, 0x00, 0x00, 0x00, 0x00, 0xE0, 0x00, 0x00, 0xE0, 0x00,
    0x11, 0x8C, 0x73, 0x8C, 0xFE, 0xF0, 0x00, 0xE6, 0x00, 0x18, 0x0C, 0x0E, 0x07, 0x0F, 0xF7, 0x78,
    0x00, 0x00, 0x38, 0x1C, 0x00, 0x36, 0x3E, 0x04, 0x00, 0x18, 0x1C, 0x3E, 0x7E, 0x67, 0xE3, 0xE3,
    0xE3, 0x7F, 0x7E, 0x1F, 0x03, 0xF0, 0x12, 0x00, 0x00, 0x03, 0x00, 0x70, 0x1F, 0x03, 0xF0, 0x73,
    0x0E, 0x30, 0xE3, 0x07, 0xF0, 0x7F, 0x80, 0xFE, 0x01, 0xE0, 0x00, 0x00, 0xF8, 0x00, 0x1F, 0x80,
    0x00, 0x90, 0x20, 0x00, 0x06, 0x60, 0x00, 0x7E, 0x00, 0x07, 0xE0, 0x00, 0x3E, 0x00, 0x03, 0xE0,
    0x00, 0x77, 0xFF, 0xFE, 0x3F, 0xFF, 0xC0, 0xFF, 0xC0, 0x00, 0xF8, 0x00, 0x01, 0xF8, 0x00, 0x00,
    0x90, 0x00, 0x00, 0x00, 0x00, 0x60, 0x00, 0x00, 0xE0, 0x00, 0x00, 0xE0, 0x00, 0x30, 0xE0, 0x00,
    0x78, 0xE0, 0x01, 0xF8, 0x7F, 0xFF, 0xFF, 0x3F, 0xFF, 0x1F, 0x0F, 0xF0, 0x00, 0xDB, 0xE4, 0x00,
    0x10, 0xC3, 0x0E, 0x38, 0x63, 0xBC, 0xF0, 0x00, 0x3E, 0x3F, 0x09, 0x00, 0x01, 0xC0, 0xC0, 0x60,
    0x70, 0xFF, 0xFF, 0xC0, 0x00, 0x00, 0x00, 0x00, 0x06, 0x00, 0x00, 0x60, 0x00, 0x0F, 0x80, 0x01,
    0xF8, 0x00, 0x09, 0x02, 0x00, 0x00, 0x66, 0x00, 0x07, 0xE0, 0x00, 0x7E, 0x00, 0x03, 0xE0, 0x00,
    0x3E, 0x00, 0x07, 0x7F, 0xFF, 0xE3, 0xFF, 0xFC, 0x0F, 0xFC, 0x00, 0x00, 0x00, 0x00, 0x00, 0x70,
    0x00, 0x00, 0x60, 0x00, 0x00, 0xF8, 0x00, 0x01, 0xF8, 0x00, 0x00, 0x90, 0x00, 0x00, 0x00, 0x00,
    0x60, 0x00, 0x00, 0xE0, 0x00, 0x00, 0xE0, 0x00, 0x30, 0xE0, 0x00, 0x78, 0xE0, 0x01, 0xF8, 0x7F,
    0xFF, 0xFF, 0x3F, 0xFF, 0x1F, 0x0F, 0xF0, 0x00, 0x01, 0xC7, 0x36, 0xF9, 0x00, 0x04, 0x30, 0xC3,
    0x8E, 0x18, 0xEF, 0x3C, 0x00, 0x00, 0x0C, 0x06, 0x07, 0xC7, 0xE1, 0x20, 0x00, 0x38, 0x18, 0x0C,
    0x0E, 0x1F, 0xFF, 0xF8, 0x00, 0x7C, 0x07, 0xFC, 0x13, 0xFC, 0x07, 0xE0, 0xF8, 0x0F, 0x00, 0xE0,
    0x0E, 0x00, 0xE0, 0x07, 0x1C, 0x30, 0xE1, 0x80, 0x0C, 0x00, 0x70, 0x01, 0xC0, 0x4F, 0xFF, 0x1F,
    0xF0, 0x1C, 0x00, 0x7C, 0x01, 0xFF, 0x01, 0x3F, 0xC0, 0x1F, 0x80, 0xFC, 0x03, 0xD8, 0x0E, 0x38,
    0x38, 0x3F, 0xE0, 0x3F, 0xC7, 0x03, 0x0E, 0x06, 0x00, 0x0C, 0x00, 0x1C, 0x00, 0x1C, 0x04, 0x3F,
    0xFC, 0x1F, 0xF0, 0x07, 0x00, 0x38, 0x07, 0xF0, 0x7F, 0x80, 0x1F, 0x03, 0xF0, 0xF8, 0xFE, 0x0F,
    0x80, 0x00, 0x00, 0x00, 0x06, 0x00, 0x60, 0x38, 0x00, 0xFE, 0x01, 0xFE, 0x00, 0x0F, 0x80, 0x3F,
    0x01, 0xFC, 0x3F, 0x9F, 0x7C, 0x1F, 0x00, 0x00, 0x00, 0x00, 0x38, 0x00, 0x70, 0x00, 0x7C, 0x07,
    0xFC, 0x13, 0xFC, 0x07, 0xE0, 0xF8, 0x0F, 0x00, 0xE0, 0x0E, 0x00, 0xE0, 0x07, 0x00, 0x30, 0x01,
    0x80, 0x0C, 0x00, 0x70, 0x01, 0xC0, 0x4F, 0xFF, 0x1F, 0xF0, 0x1C, 0x00, 0x7C, 0x01, 0xFF, 0x01,
    0x3F, 0xC0, 0x1F, 0x80, 0xFC, 0x03, 0xD8, 0x0E, 0x38, 0x38, 0x3F, 0xE0, 0x3F, 0xC0, 0x03, 0x00,
    0x06, 0x00, 0x0C, 0x00, 0x1C, 0x00, 0x1C, 0x04, 0x3F, 0xFC, 0x1F, 0xF0, 0x07, 0x00, 0x38, 0x07,
    0xF0, 0x7F, 0x80, 0x1F, 0x03, 0xF0, 0xF8, 0xFE, 0x0F, 0x80, 0x00, 0x00, 0x38, 0x00, 0xFE, 0x01,
    0xFE, 0x00, 0x0F, 0x80, 0x3F, 0x01, 0xFC, 0x3F, 0x9F, 0x7C, 0x1F, 0x00, 0x00, 0x07, 0x00, 0x38,
    0x00, 0x80, 0x00, 0x07, 0xC0, 0x7F, 0xC1, 0x3F, 0xC0, 0x7E, 0x0F, 0x80, 0xF0, 0x0E, 0x00, 0xE0,
    0x0E, 0x00, 0x70, 0x03, 0x00, 0x18, 0x00, 0xC0, 0x07, 0x00, 0x1C, 0x04, 0xFF, 0xF1, 0xFF, 0x01,
    0xC0, 0x07, 0x00, 0x0E, 0x00, 0x08, 0x00, 0x00, 0x07, 0xC0, 0x1F, 0xF0, 0x13, 0xFC, 0x01, 0xF8,
    0x0F, 0xC0, 0x3D, 0x80, 0xE3, 0x83, 0x83, 0xFE, 0x03, 0xFC, 0x00, 0x30, 0x00, 0x60, 0x00, 0xC0,
    0x01, 0xC0, 0x01, 0xC0, 0x43, 0xFF, 0xC1, 0xFF, 0x00, 0x70, 0x00, 0x38, 0x03, 0x80, 0x10, 0x00,
    0x00, 0x38, 0x07, 0xF0, 0x7F, 0x80, 0x1F, 0x03, 0xF0, 0xF8, 0xFE, 0x0F, 0x80, 0x00, 0x00, 0x30,
    0x00, 0x70, 0x00, 0x40, 0x00, 0x00, 0x03, 0x80, 0x0F, 0xE0, 0x1F, 0xE0, 0x00, 0xF8, 0x03, 0xF0,
    0x1F, 0xC3, 0xF9, 0xF7, 0xC1, 0xF0, 0x00, 0x00, 0x06, 0x07, 0x01, 0xC0, 0x60, 0x38, 0x0C, 0x06,
    0x83, 0x7F, 0xBF, 0x80, 0x00, 0x06, 0x00, 0x70, 0x01, 0xC0, 0x06, 0x00, 0x38, 0x00, 0xC0, 0x07,
    0x08, 0x38, 0x7F, 0xF3, 0xFB, 0x80, 0x00, 0x1C, 0x0E, 0x02, 0x00, 0x00, 0x60, 0x70, 0x1C, 0x06,
    0x03, 0x80, 0xC0, 0x68, 0x37, 0xFB, 0xF8, 0x00, 0x1C, 0x00, 0xE0, 0x02, 0x00, 0x00, 0x00, 0x60,
    0x07, 0x00, 0x1C, 0x00, 0x60, 0x03, 0x80, 0x0C, 0x00, 0x70, 0x83, 0x87, 0xFF, 0x3F, 0xB8, 0x00,
    0x00, 0x00, 0x0C, 0x0E, 0x06, 0x07, 0x07, 0x07, 0x06, 0x0E, 0x1C, 0x7C, 0xF0, 0x60, 0x00, 0x01,
    0x80, 0x38, 0x03, 0x00, 0x70, 0x0E, 0x01, 0xF0, 0x3F, 0x0E, 0x03, 0x81, 0xF0, 0x7C, 0x06, 0x00,
    0x0C, 0x1C, 0x08, 0x00, 0x00, 0x0C, 0x0E, 0x06, 0x07, 0x07, 0x07, 0x06, 0x0E, 0x1C, 0x7C, 0xF0,
    0x60, 0x1C, 0x03, 0x80, 0x20, 0x00, 0x00, 0x00, 0x18, 0x03, 0x80, 0x30, 0x07, 0x00, 0xE0, 0x1F,
    0x03, 0xF0, 0xE0, 0x38, 0x1F, 0x07, 0xC0, 0x60, 0x00, 0x00, 0x00, 0x02, 0x00, 0x00, 0x03, 0x80,
    0x00, 0x01, 0xC0, 0x07, 0x0C, 0x60, 0x03, 0x86, 0x33, 0x00, 0xC3, 0x1D, 0x80, 0x73, 0x8D, 0xC0,
    0x3F, 0xFE, 0xE0, 0x1F, 0xFE, 0x70, 0x0C, 0x00, 0x38, 0x0E, 0x00, 0x0F, 0x0F, 0x00, 0x03, 0xFF,
    0x00, 0x00, 0xFE, 0x00, 0x00, 0x00, 0x00, 0x00, 0x00, 0x00, 0x00, 0x30, 0x00, 0x38, 0x63, 0x00,
    0x03, 0x86, 0x30, 0x60, 0x18, 0x63, 0x86, 0x01, 0xCE, 0x38, 0xE0, 0x1F, 0xFF, 0xFE, 0x01, 0xFF,
    0xEF, 0xE0, 0x18, 0x00, 0x0E, 0x03, 0x80, 0x00, 0x78, 0x78, 0x00, 0x03, 0xFF, 0x00, 0x00, 0x1F,
    0xC0, 0x00, 0x00, 0x00, 0x04, 0x00, 0x0E, 0x00, 0x06, 0x18, 0xC6, 0x38, 0xC7, 0x38, 0xC7, 0x39,
    0xC7, 0xFF, 0xFE, 0xFF, 0xFC, 0x00, 0x00, 0x00, 0x02, 0x00, 0x00, 0xC0, 0x63, 0x18, 0x1C, 0x63,
    0x83, 0x8C, 0x70, 0x73, 0x8E, 0x3F, 0xFF, 0xFF, 0xFF, 0xEF, 0x00, 0x00, 0x00, 0x00, 0x00, 0x00,
    0x00, 0x00, 0x60, 0x00, 0x00, 0x30, 0x00, 0x00, 0x3E, 0x00, 0x00, 0x3F, 0x00, 0x00, 0x09, 0x10,
    0x00, 0x00, 0x1C, 0x00, 0x00, 0x0E, 0x00, 0x38, 0x63, 0x00, 0x1C, 0x31, 0x98, 0x06, 0x18, 0xEC,
    0x03, 0x9C, 0x6E, 0x01, 0xFF, 0xF7, 0x00, 0xFF, 0xF3, 0x80, 0x60, 0x01, 0xC0, 0x70, 0x00, 0x78,
    0x78, 0x00, 0x1F, 0xF8, 0x00, 0x07, 0xF0, 0x00, 0x00, 0x00, 0x00, 0x00, 0x00, 0x00, 0x0C, 0x00,
    0x00, 0x00, 0xC0, 0x00, 0x00, 0x1F, 0x00, 0x00, 0x03, 0xF0, 0x00, 0x00, 0x12, 0x00, 0x00, 0x00,
    0x00, 0x00, 0x00, 0x00, 0x30, 0x00, 0x38, 0x63, 0x00, 0x03, 0x86, 0x30, 0x60, 0x18, 0x63, 0x86,
    0x01, 0xCE, 0x38, 0xE0, 0x1F, 0xFF, 0xFE, 0x01, 0xFF, 0xEF, 0xE0, 0x18, 0x00, 0x0E, 0x03, 0x80,
    0x00, 0x78, 0x78, 0x00, 0x03, 0xFF, 0x00, 0x00, 0x1F, 0xC0, 0x00, 0x00, 0x00, 0x00, 0x00, 0xC0,
    0x00, 0xC0, 0x03, 0xF0, 0x03, 0xF0, 0x01, 0x24, 0x00, 0x0E, 0x00, 0x06, 0x18, 0xC6, 0x38, 0xC7,
    0x38, 0xC7, 0x39, 0xC7, 0xFF, 0xFE, 0xFF, 0xFC, 0x00, 0x00, 0x00, 0x00, 0x00, 0x18, 0x00, 0x03,
    0x00, 0x01, 0xF8, 0x00, 0x3F, 0x00, 0x02, 0x40, 0x00, 0x00, 0x80, 0x00, 0x30, 0x18, 0xC6, 0x07,
    0x18, 0xE0, 0xE3, 0x1C, 0x1C, 0xE3, 0x8F, 0xFF, 0xFF, 0xFF, 0xFB, 0xC0, 0x00, 0x00, 0x00, 0x00,
    0x0F, 0x80, 0x00, 0x07, 0xF8, 0x00, 0xE1, 0xE7, 0x00, 0x1C, 0x70, 0x76, 0x01, 0x9C, 0x0E, 0xC0,
    0x3F, 0x03, 0xB8, 0x07, 0xFF, 0xF7, 0x00, 0xFF, 0xF8, 0xE0, 0x18, 0xF8, 0x1C, 0x07, 0x00, 0x01,
    0xE1, 0xE0, 0x00, 0x1F, 0xF8, 0x00, 0x01, 0xFC, 0x00, 0x00, 0x00, 0x00, 0x0F, 0x80, 0x00, 0x00,
    0xFF, 0x00, 0x03, 0x87, 0x9C, 0x00, 0x0E, 0x38, 0x38, 0x60, 0x19, 0xC0, 0xE1, 0x80, 0x7E, 0x07,
    0x0E, 0x01, 0xFF, 0xFF, 0xB8, 0x07, 0xFF, 0xFE, 0xE0, 0x18, 0xF8, 0x03, 0x80, 0xE0, 0x00, 0x07,
    0x87, 0x80, 0x00, 0x0F, 0xFC, 0x00, 0x00, 0x1F, 0xC0, 0x00, 0x00, 0x00, 0x0F, 0x00, 0x0F, 0xE1,
    0x87, 0x9C, 0x63, 0x83, 0x39, 0xC0, 0xCE, 0xE0, 0x7F, 0xFF, 0xFB, 0xBF, 0xFC, 0x03, 0xF8, 0x00,
    0x00, 0x0F, 0x00, 0x01, 0xFC, 0x06, 0x1E, 0x70, 0x31, 0xC1, 0x83, 0x9C, 0x0C, 0x1D, 0xC0, 0xE3,
    0xFF, 0xFF, 0xFD, 0xFF, 0xFF, 0x03, 0xF8, 0x00, 0x00, 0x00, 0x06, 0x00, 0x00, 0x00, 0xC0, 0x00,
    0x00, 0x00, 0x00, 0x00, 0x00, 0x00, 0x00, 0x00, 0xF8, 0x00, 0x00, 0x7F, 0x80, 0x0E, 0x1E, 0x70,
    0x01, 0xC7, 0x07, 0x60, 0x19, 0xC0, 0xEC, 0x03, 0xF0, 0x3B, 0x80, 0x7F, 0xFF, 0x70, 0x0F, 0xFF,
    0x8E, 0x01, 0x8F, 0x81, 0xC0, 0x70, 0x00, 0x1E, 0x1E, 0x00, 0x01, 0xFF, 0x80, 0x00, 0x1F, 0xC0,
    0x00, 0x00, 0x00, 0x00, 0x06, 0x00, 0x00, 0x00, 0x18, 0x00, 0x00, 0x00, 0x00, 0x00, 0x00, 0x00,
    0x00, 0x00, 0x00, 0x0F, 0x80, 0x00, 0x00, 0xFF, 0x00, 0x03, 0x87, 0x9C, 0x00, 0x0E, 0x38, 0x38,
    0x60, 0x19, 0xC0, 0xE1, 0x80, 0x7E, 0x07, 0x0E, 0x01, 0xFF, 0xFF, 0xB8, 0x07, 0xFF, 0xFE, 0xE0,
    0x18, 0xF8, 0x03, 0x80, 0xE0, 0x00, 0x07, 0x87, 0x80, 0x00, 0x0F, 0xFC, 0x00, 0x00, 0x1F, 0xC0,
    0x00, 0x00, 0x00, 0x0E, 0x00, 0x03, 0x80, 0x00, 0x40, 0x00, 0x00, 0x00, 0x0F, 0x00, 0x0F, 0xE1,
    0x87, 0x9C, 0x63, 0x83, 0x39, 0xC0, 0xCE, 0xE0, 0x7F, 0xFF, 0xFB, 0xBF, 0xFC, 0x03, 0xF8, 0x00,
    0x00, 0x0E, 0x00, 0x00, 0x70, 0x00, 0x01, 0x00, 0x00, 0x00, 0x00, 0x00, 0xF0, 0x00, 0x1F, 0xC0,
    0x61, 0xE7, 0x03, 0x1C, 0x18, 0x39, 0xC0, 0xC1, 0xDC, 0x0E, 0x3F, 0xFF, 0xFF, 0xDF, 0xFF, 0xF0,
    0x3F, 0x80, 0x00, 0x0C, 0x00, 0x0C, 0x00, 0x0C, 0x00, 0x0C, 0x00, 0x0C, 0x00, 0x0C, 0x00, 0x0C,
    0x00, 0x0C, 0x7C, 0x0D, 0xFE, 0x0F, 0xC7, 0x0F, 0x87, 0x0F, 0x07, 0x0E, 0x0E, 0xFF, 0xFE, 0xFF,
    0xF8, 0x1F, 0xC0, 0x0C, 0x00, 0x01, 0x80, 0x00, 0x30, 0x00, 0x06, 0x00, 0x00, 0xC0, 0x00, 0x18,
    0x00, 0x03, 0x00, 0x00, 0x63, 0xE0, 0x0D, 0xFE, 0x01, 0xF8, 0xE0, 0x3E, 0x1C, 0x07, 0x83, 0x80,
    0xE0, 0xE1, 0xFF, 0xFF, 0xBF, 0xFF, 0xF8, 0xFE, 0x00, 0x70, 0x01, 0xC0, 0x07, 0x00, 0x1C, 0x00,
    0x70, 0x01, 0xC0, 0x07, 0x00, 0x1C, 0x7C, 0x77, 0xF9, 0xFE, 0xE3, 0xE1, 0xCE, 0x06, 0x70, 0x3B,
    0xFF, 0xCF, 0xFE, 0x00, 0x00, 0x70, 0x00, 0x70, 0x00, 0x70, 0x00, 0x70, 0x00, 0x70, 0x00, 0x70,
    0x00, 0x70, 0x00, 0x71, 0xF0, 0x77, 0xF8, 0x7F, 0xB8, 0x3E, 0x1C, 0x38, 0x18, 0x70, 0x38, 0xFF,
    0xFF, 0xFF, 0xFF, 0x00, 0x00, 0x0C, 0x00, 0x0C, 0x00, 0x0C, 0x00, 0x0C, 0x18, 0x0C, 0x38, 0x0C,
    0x10, 0x0C, 0x00, 0x0C, 0x7C, 0x0D, 0xFE, 0x0F, 0xC7, 0x0F, 0x87, 0x0F, 0x07, 0x0E, 0x0E, 0xFF,
    0xFE, 0xFF, 0xF8, 0x1F, 0xC0, 0x0C, 0x00, 0x01, 0x80, 0x00, 0x30, 0x00, 0x06, 0x18, 0x00, 0xC7,
    0x00, 0x18, 0x40, 0x03, 0x00, 0x00, 0x63, 0xE0, 0x0D, 0xFE, 0x01, 0xF8, 0xE0, 0x3E, 0x1C, 0x07,
    0x83, 0x80, 0xE0, 0xE1, 0xFF, 0xFF, 0xBF, 0xFF, 0xF8, 0xFE, 0x00, 0x70, 0x01, 0xC0, 0x07, 0x00,
    0x1C, 0x70, 0x71, 0xC1, 0xC2, 0x07, 0x00, 0x1C, 0x7C, 0x77, 0xF9, 0xFE, 0xE3, 0xE1, 0xCE, 0x06,
    0x70, 0x3B, 0xFF, 0xCF, 0xFE, 0x00, 0x00, 0x70, 0x00, 0x70, 0x00, 0x70, 0x00, 0x71, 0xC0, 0x71,
    0xC0, 0x70, 0x80, 0x70, 0x00, 0x71, 0xF0, 0x77, 0xF8, 0x7F, 0xB8, 0x3E, 0x1C, 0x38, 0x18, 0x70,
    0x38, 0xFF, 0xFF, 0xFF, 0xFF, 0x00, 0x00, 0x1E, 0x01, 0xF0, 0x1F, 0x80, 0xC0, 0x0E, 0x00, 0x30,
    0xC1, 0xFE, 0x07, 0xF0, 0x3C, 0x03, 0x80, 0x18, 0x01, 0xC0, 0x0C, 0x00, 0x60, 0x03, 0x00, 0x1C,
    0x00, 0x70, 0x03, 0xFF, 0x87, 0xFC, 0x06, 0x00, 0x0F, 0x01, 0xFC, 0x1F, 0xF0, 0xE3, 0x83, 0x98,
    0x0F, 0xC0, 0x3C, 0x03, 0xFE, 0x3B, 0xF3, 0x80, 0x38, 0x01, 0x80, 0x0C, 0x00, 0x70, 0x03, 0x80,
    0x8F, 0xFE, 0x3F, 0xE0, 0x30, 0x00, 0x00, 0x07, 0xC3, 0xF1, 0xC0, 0x70, 0x1C, 0x03, 0x80, 0xFF,
    0xFF, 0xFF, 0x80, 0x00, 0x0F, 0x03, 0xF8, 0x7F, 0xC7, 0x1C, 0x79, 0x81, 0xF8, 0x1F, 0x0F, 0xFF,
    0xFB, 0xF0, 0x00, 0x0C, 0x00, 0x60, 0x00, 0x00, 0x00, 0x01, 0xE0, 0x1F, 0x01, 0xF8, 0x0C, 0x00,
    0xE0, 0x03, 0x0C, 0x1F, 0xE0, 0x7F, 0x03, 0xC0, 0x38, 0x01, 0x80, 0x1C, 0x00, 0xC0, 0x06, 0x00,
    0x30, 0x01, 0xC0, 0x07, 0x00, 0x3F, 0xF8, 0x7F, 0xC0, 0x60, 0x06, 0x00, 0x30, 0x00, 0x80, 0x00,
    0x00, 0xF0, 0x1F, 0xC1, 0xFF, 0x0E, 0x38, 0x39, 0x80, 0xFC, 0x03, 0xC0, 0x3F, 0xE3, 0xBF, 0x38,
    0x03, 0x80, 0x18, 0x00, 0xC0, 0x07, 0x00, 0x38, 0x08, 0xFF, 0xE3, 0xFE, 0x03, 0x00, 0x0E, 0x03,
    0x80, 0x40, 0x00, 0x00, 0x07, 0xC3, 0xF1, 0xC0, 0x70, 0x1C, 0x03, 0x80, 0xFF, 0xFF, 0xFF, 0x80,
    0x00, 0x06, 0x00, 0xE0, 0x04, 0x00, 0x00, 0x0F, 0x03, 0xF8, 0x7F, 0xC7, 0x1C, 0x79, 0x81, 0xF8,
    0x1F, 0x0F, 0xFF, 0xFB, 0xF0, 0x00, 0x00, 0x01, 0x80, 0x00, 0x38, 0x00, 0x01, 0x00, 0x00, 0x00,
    0x00, 0x01, 0xC0, 0x00, 0x3E, 0x00, 0x07, 0xE0, 0x00, 0x67, 0x60, 0x0E, 0x7E, 0x00, 0xE7, 0xE0,
    0x07, 0xFE, 0x00, 0x3F, 0xE0, 0x00, 0x77, 0xFF, 0xFE, 0x3F, 0xFF, 0xE0, 0xFF, 0xF0, 0x00, 0x00,
    0x60, 0x00, 0x00, 0xE0, 0x00, 0x00, 0x40, 0x00, 0x00, 0x00, 0x00, 0x00, 0xF0, 0x00, 0x01, 0xF8,
    0x60, 0x03, 0xF8, 0xE0, 0x03, 0x9C, 0xE0, 0x03, 0x1C, 0xE0, 0x03, 0x98, 0xE0, 0x01, 0xF8, 0x7F,
    0xFF, 0xFF, 0x3F, 0xFF, 0xFF, 0x0F, 0xFC, 0x00, 0x1C, 0x0E, 0x02, 0x00, 0x00, 0xC1, 0xF8, 0xFC,
    0xE6, 0x73, 0xB9, 0xCF, 0xE3, 0xF0, 0x77, 0xF3, 0xF0, 0x00, 0x0C, 0x00, 0xC0, 0x04, 0x00, 0x00,
    0x0E, 0x03, 0xF0, 0x3B, 0x87, 0x38, 0x71, 0x83, 0x38, 0x3F, 0x0F, 0xFE, 0xFF, 0xF0, 0x00, 0x00,
    0x6C, 0x00, 0x6C, 0x00, 0x00, 0x00, 0x00, 0x00, 0x3C, 0x00, 0x7E, 0x00, 0x6E, 0x00, 0xE6, 0x60,
    0xC7, 0x60, 0xFF, 0xE0, 0xFF, 0xE0, 0x3E, 0xE0, 0x06, 0xE0, 0x0E, 0x78, 0x3C, 0x3F, 0xF8, 0x1F,
    0xE0, 0x00, 0x7C, 0x00, 0x1F, 0x80, 0x02, 0x40, 0x00, 0x00, 0x00, 0x3C, 0x00, 0x1F, 0x80, 0x0E,
    0xE0, 0x03, 0x18, 0x70, 0xC7, 0x18, 0x3F, 0xFE, 0x07, 0xFF, 0x80, 0x18, 0xE0, 0x0E, 0x1C, 0x07,
    0x87, 0xCF, 0xC0, 0xFF, 0xE0, 0x0F, 0xE0, 0x00, 0x36, 0x1F, 0x04, 0x00, 0x00, 0xC1, 0xF8, 0xFC,
    0xE6, 0x73, 0xB9, 0xCF, 0xE3, 0xF0, 0x77, 0xF3, 0xF0, 0x00, 0x1F, 0x03, 0xF0, 0x12, 0x00, 0x00,
    0x0E, 0x03, 0xF0, 0x3B, 0x87, 0x38, 0x71, 0x83, 0x38, 0x3F, 0x0F, 0xFE, 0xFF, 0xF0, 0x00, 0x00,
    0x01, 0x80, 0x00, 0x60, 0x00, 0x18, 0x00, 0x06, 0x00, 0x61, 0x80, 0x38, 0x60, 0x0C, 0x18, 0x03,
    0x86, 0x60, 0x61, 0xB8, 0x78, 0x6E, 0x18, 0x1B, 0x80, 0x06, 0xE0, 0x03, 0x9F, 0xFF, 0xE3, 0xFF,
    0xF0, 0x3F, 0xE0, 0x00, 0x01, 0x80, 0x00, 0x0C, 0x00, 0x00, 0x60, 0x00, 0x03, 0x00, 0x06, 0x18,
    0x00, 0x70, 0xC0, 0x03, 0x06, 0x00, 0x1C, 0x30, 0x60, 0x61, 0x87, 0x0F, 0x0C, 0x38, 0x60, 0x61,
    0xC0, 0x03, 0x8E, 0x00, 0x3C, 0x3F, 0xFF, 0xF8, 0xFF, 0xFD, 0xE1, 0xFF, 0x00, 0x01, 0x83, 0xC7,
    0xCF, 0x87, 0x07, 0x01, 0xC0, 0x70, 0x1C, 0x07, 0x01, 0x80, 0xE0, 0x77, 0xF3, 0xF0, 0x00, 0x01,
    0x80, 0x78, 0x1F, 0x07, 0xC0, 0x70, 0x0E, 0x00, 0x70, 0x03, 0x80, 0x1C, 0x00, 0xE0, 0x06, 0x00,
    0x70, 0x07, 0x8F, 0xFF, 0xFC, 0xF0, 0x00, 0x00, 0x18, 0x00, 0x60, 0x01, 0x80, 0x06, 0x00, 0x18,
    0x00, 0x60, 0x01, 0x80, 0x06, 0x00, 0x18, 0x00, 0x60, 0x01, 0x98, 0x07, 0x60, 0x1B, 0x80, 0x6E,
    0x01, 0xB8, 0x06, 0xE0, 0x39, 0xE3, 0xC3, 0xFE, 0x07, 0xF0, 0x00, 0x18, 0x00, 0x0C, 0x00, 0x06,
    0x00, 0x03, 0x00, 0x01, 0x80, 0x00, 0xC0, 0x00, 0x60, 0x00, 0x30, 0x00, 0x18, 0x00, 0x0C, 0x00,
    0x06, 0x0C, 0x03, 0x86, 0x01, 0xC7, 0x00, 0xFB, 0x80, 0x7F, 0xC0, 0x30, 0xE0, 0x38, 0x3C, 0x78,
    0x0F, 0xF8, 0x03, 0xF8, 0x00, 0x31, 0x8C, 0x63, 0x18, 0xC6, 0x31, 0x8E, 0x73, 0x7B, 0x80, 0x30,
    0x30, 0x30, 0x30, 0x30, 0x30, 0x30, 0x30, 0x30, 0x30, 0x38, 0x38, 0x38, 0xFE, 0xEF, 0x00, 0x1F,
    0x0F, 0xE7, 0x39, 0x86, 0x01, 0xCF, 0xF7, 0xFB, 0x86, 0xE0, 0x38, 0x0E, 0x03, 0x80, 0xE0, 0x18,
    0x06, 0x01, 0x80, 0x00, 0x00, 0x07, 0x00, 0x7C, 0x0F, 0xE0, 0x73, 0x87, 0x8C, 0x7E, 0x73, 0xFF,
    0xF9, 0xFF, 0xC3, 0x06, 0x00, 0x30, 0x01, 0xC0, 0x0E, 0x00, 0x30, 0x01, 0x80, 0x0E, 0x00, 0x00,
    0x00, 0x07, 0x03, 0xE1, 0xFC, 0xE7, 0x30, 0xDE, 0x3F, 0xFF, 0xBE, 0x00, 0x00, 0x07, 0x00, 0x3E,
    0x01, 0xF8, 0x0E, 0x70, 0x38, 0xC1, 0xE3, 0x8F, 0xFF, 0xBB, 0xFE, 0x03, 0x00, 0x03, 0x00, 0x0C,
    0x00, 0x00, 0x00, 0x00, 0x00, 0x10, 0x00, 0xE0, 0x03, 0x98, 0x06, 0x60, 0x1B, 0x80, 0x7E, 0x01,
    0xF8, 0x06, 0xE0, 0x39, 0xE3, 0xC3, 0xFF, 0x07, 0xF0, 0x03, 0x00, 0x01, 0x80, 0x00, 0x00, 0x00,
    0x00, 0x00, 0x00, 0x00, 0x01, 0xC0, 0x00, 0xE0, 0xC0, 0x30, 0x60, 0x1C, 0x70, 0x0F, 0xB8, 0x07,
    0xFC, 0x03, 0x0E, 0x03, 0x83, 0xC3, 0xC0, 0xFF, 0xC0, 0x3F, 0x80, 0x73, 0x88, 0x01, 0x18, 0xC7,
    0x38, 0xCF, 0xEF, 0x00, 0x30, 0x1C, 0x04, 0x00, 0x01, 0x80, 0xC0, 0xE0, 0x70, 0xFF, 0x77, 0x80,
    0x00, 0x18, 0x1C, 0x3E, 0x7E, 0x67, 0xE3, 0xE3, 0xE3, 0x7F, 0x7E, 0x03, 0x00, 0x70, 0x1F, 0x03,
    0xF0, 0x73, 0x0E, 0x30, 0xE3, 0x07, 0xF0, 0x7F, 0x80, 0xFE, 0x01, 0xE0, 0x00, 0x00, 0x01, 0xC0,
    0x1E, 0x03, 0xF0, 0x37, 0x87, 0x3C, 0x73, 0xE3, 0x76, 0x3E, 0x6F, 0xFE, 0xFF, 0xE0, 0x18, 0x07,
    0x01, 0xF0, 0x1F, 0x83, 0xB8, 0x33, 0x83, 0x38, 0x77, 0x0F, 0xFF, 0xFF, 0xF7, 0x1C, 0x30, 0xC3,
    0xFC, 0x1F, 0x80, 0xF0, 0x00, 0x0F, 0x0F, 0xCE, 0xE6, 0x33, 0x1D, 0xFE, 0x7E, 0x0F, 0x03, 0x8F,
    0x8F, 0x87, 0x00, 0x00, 0x03, 0xC0, 0xFC, 0x3B, 0x86, 0x30, 0xC7, 0x1F, 0xF9, 0xFF, 0x07, 0x00,
    0xE0, 0xF8, 0x3E, 0x07, 0x00, 0x00, 0x1E, 0x00, 0x7F, 0x00, 0x72, 0x00, 0xE0, 0x00, 0xC0, 0x60,
    0xE0, 0x60, 0xF8, 0xE0, 0x7E, 0xE0, 0x0E, 0xE0, 0x0E, 0xE0, 0x1E, 0x78, 0x7C, 0x3F, 0xF8, 0x1F,
    0xE0, 0x60, 0x00, 0x30, 0x1C, 0x38, 0x0F, 0xDC, 0x03, 0xFE, 0x00, 0x67, 0x00, 0x71, 0xE0, 0xF0,
    0x7F, 0xF0, 0x1F, 0xE0, 0x00, 0x00, 0x1E, 0x00, 0x7F, 0x00, 0x72, 0x00, 0xE0, 0x00, 0xC0, 0x60,
    0xE0, 0x60, 0xF8, 0xE0, 0x7E, 0xE0, 0x0E, 0xE0, 0x0E, 0xE0, 0x1E, 0x78, 0x7C, 0x3F, 0xF8, 0x1F,
    0xE0, 0x00, 0x00, 0x00, 0x00, 0x06, 0xC0, 0x06, 0xC0, 0x60, 0x00, 0x30, 0x1C, 0x38, 0x0F, 0xDC,
    0x03, 0xFE, 0x00, 0x67, 0x00, 0x71, 0xE0, 0xF0, 0x7F, 0xF0, 0x1F, 0xE0, 0x00, 0x00, 0x00, 0x00,
    0x01, 0xF8, 0x00, 0xFC, 0x00, 0x08, 0x71, 0xC3, 0x0C, 0x30, 0xDF, 0x78, 0x00, 0x1B, 0x6C, 0x1C,
    0x0C, 0x06, 0x07, 0x0F, 0xFF, 0xFC, 0x00, 0x00, 0x7E, 0x3E, 0x00, 0x72, 0x07, 0xF9, 0x83, 0x8C,
    0x00, 0x61, 0x83, 0x0F, 0x18, 0x3C, 0xC0, 0xFE, 0x01, 0xF0, 0x07, 0x00, 0x3C, 0x03, 0xF0, 0x39,
    0x83, 0x8C, 0x3F, 0xE1, 0xFE, 0x38, 0x00, 0x7F, 0x30, 0x06, 0x30, 0x00, 0x30, 0x18, 0x30, 0x1C,
    0x30, 0x1E, 0x30, 0x0F, 0x30, 0x07, 0x30, 0x03, 0xB0, 0x01, 0xF0, 0x00, 0xF0, 0x00, 0x70, 0x00,
    0xF8, 0x1F, 0xFF, 0x1F, 0x9F, 0x00, 0x00, 0x70, 0x07, 0x00, 0x60, 0x07, 0x86, 0x70, 0x60, 0x06,
    0x30, 0x63, 0xC6, 0x1E, 0x60, 0xFE, 0x03, 0xE0, 0x1C, 0x01, 0xE0, 0x3F, 0x07, 0x30, 0xE3, 0x1F,
    0xF1, 0xFE, 0x70, 0x03, 0x80, 0x0C, 0x00, 0x3E, 0x30, 0xF0, 0xC0, 0x03, 0x06, 0x0C, 0x1C, 0x30,
    0x78, 0xC0, 0xF3, 0x01, 0xCC, 0x03, 0xB0, 0x07, 0xC0, 0x0F, 0x00, 0x1C, 0x00, 0xF8, 0x7F, 0xFD,
    0xF9, 0xF0, 0x00, 0x00, 0x00, 0xC0, 0x18, 0x03, 0x30, 0x67, 0x8C, 0x79, 0x87, 0xF0, 0x3E, 0x03,
    0x80, 0x78, 0x1F, 0x87, 0x31, 0xC6, 0x7F, 0xCF, 0xF0, 0x00, 0x38, 0x0F, 0x01, 0x80, 0x1E, 0x07,
    0x80, 0x00, 0xC0, 0x03, 0x00, 0x0C, 0x18, 0x30, 0x70, 0xC1, 0xE3, 0x03, 0xCC, 0x07, 0x30, 0x0E,
    0xC0, 0x1F, 0x00, 0x3C, 0x00, 0x70, 0x03, 0xE1, 0xFF, 0xF7, 0xE7, 0xC0, 0x00, 0x1C, 0x00, 0x70,
    0x01, 0x80, 0x07, 0x80, 0x1C, 0x00, 0x00, 0xC0, 0x18, 0x03, 0x30, 0x67, 0x8C, 0x79, 0x87, 0xF0,
    0x3E, 0x03, 0x80, 0x78, 0x1F, 0x87, 0x31, 0xC6, 0x7F, 0xCF, 0xF0, 0x00, 0xC0, 0x03, 0x00, 0x0C,
    0x18, 0x30, 0x70, 0xC1, 0xE3, 0x03, 0xCC, 0x07, 0x30, 0x0E, 0xC0, 0x1F, 0x00, 0x3C, 0x00, 0x70,
    0x03, 0xE1, 0xFF, 0xF7, 0xE7, 0xC0, 0x00,
};

static const EpdGlyph ubuntu_10_regularGlyphs[] = {
    { 0, 0, 0, 0, 0, 0, 0 }, // U+0000
    { 0, 0, 87, 0, 0, 0, 0 }, // U+000D
    { 0, 0, 200, 0, 0, 0, 0 }, // U+0020
    { 4, 15, 200, 4, 15, 8, 0 }, // !
    { 6, 6, 200, 3, 15, 5, 8 }, // "
    { 13, 15, 200, 0, 15, 25, 13 }, // #
    { 11, 19, 200, 1, 17, 27, 38 }, // $
    { 13, 15, 222, 1, 15, 25, 65 }, // %
    { 12, 15, 200, 0, 15, 23, 90 }, // &
    { 3, 6, 200, 5, 15, 3, 113 }, // '
    { 7, 19, 200, 4, 15, 17, 116 }, // (
    { 7, 19, 200, 2, 15, 17, 133 }, // )
    { 12, 11, 200, 0, 11, 17, 150 }, // *
    { 11, 10, 200, 1, 11, 14, 167 }, // +
    { 5, 6, 200, 4, 3, 4, 181 }, // ,
    { 7, 3, 200, 3, 8, 3, 185 }, // -
    { 4, 3, 200, 4, 3, 2, 188 }, // .
    { 10, 19, 200, 1, 15, 24, 190 }, // /
    { 11, 15, 200, 1, 15, 21, 214 }, // 0
    { 11, 15, 200, 1, 15, 21, 235 }, // 1
    { 11, 15, 200, 1, 15, 21, 256 }, // 2
    { 10, 15, 200, 1, 15, 19, 277 }, // 3
    { 12, 15, 200, 0, 15, 23, 296 }, // 4
    { 11, 15, 200, 1, 15, 21, 319 }, // 5
    { 11, 15, 200, 1, 15, 21, 340 }, // 6
    { 11, 15, 200, 1, 15, 21, 361 }, // 7
    { 11, 15, 200, 1, 15, 21, 382 }, // 8
    { 11, 15, 200, 1, 15, 21, 403 }, // 9
    { 4, 11, 200, 4, 11, 6, 424 }, // :
    { 5, 14, 200, 4, 11, 9, 430 }, // ;
    { 10, 13, 200, 1, 13, 17, 439 }, // <
    { 11, 7, 200, 1, 10, 10, 456 }, // =
    { 10, 13, 200, 1, 13, 17, 466 }, // >
    { 10, 15, 200, 1, 15, 19, 483 }, // ?
    { 11, 18, 200, 1, 15, 25, 502 }, // @
    { 12, 15, 200, 0, 15, 23, 527 }, // A
    { 11, 15, 200, 1, 15, 21, 550 }, // B
    { 11, 15, 200, 1, 15, 21, 571 }, // C
    { 11, 15, 200, 1, 15, 21, 592 }, // D
    { 10, 15, 200, 1, 15, 19, 613 }, // E
    { 11, 15, 200, 1, 15, 21, 632 }, // F
    { 10, 15, 200, 1, 15, 19, 653 }, // G
    { 10, 15, 200, 1, 15, 19, 672 }, // H
    { 10, 15, 200, 1, 15, 19, 691 }, // I
    { 9, 15, 200, 1, 15, 17, 710 }, // J
    { 12, 15, 200, 1, 15, 23, 727 }, // K
    { 10, 15, 200, 2, 15, 19, 750 }, // L
    { 11, 15, 200, 1, 15, 21, 769 }, // M
    { 10, 15, 200, 1, 15, 19, 790 }, // N
    { 11, 15, 200, 1, 15, 21, 809 }, // O
    { 11, 15, 200, 1, 15, 21, 830 }, // P
    { 13, 16, 200, 1, 15, 26, 851 }, // Q
    { 11, 15, 200, 1, 15, 21, 877 }, // R
    { 12, 15, 200, 0, 15, 23, 898 }, // S
    { 12, 15, 200, 0, 15, 23, 921 }, // T
    { 10, 15, 200, 1, 15, 19, 944 }, // U
    { 12, 15, 200, 0, 15, 23, 963 }, // V
    { 12, 15, 200, 0, 15, 23, 986 }, // W
    { 12, 15, 200, 0, 15, 23, 1009 }, // X
    { 13, 15, 200, 0, 15, 25, 1032 }, // Y
    { 11, 15, 200, 1, 15, 21, 1057 }, // Z
    { 7, 20, 200, 4, 15, 18, 1078 }, // [
    { 10, 19, 200, 1, 15, 24, 1096 }, // <backslash>
    { 7, 20, 200, 1, 15, 18, 1120 }, // ]
    { 12, 9, 200, 0, 15, 14, 1138 }, // ^
    { 11, 3, 200, 1, -1, 5, 1152 }, // _
    { 5, 5, 200, 3, 17, 4, 1157 }, // `
    { 11, 11, 200, 1, 11, 16, 1161 }, // a
    { 11, 15, 200, 1, 15, 21, 1177 }, // b
    { 10, 11, 200, 1, 11, 14, 1198 }, // c
    { 10, 15, 200, 1, 15, 19, 1212 }, // d
    { 11, 11, 200, 1, 11, 16, 1231 }, // e
    { 11, 15, 200, 1, 15, 21, 1247 }, // f
    { 10, 15, 200, 1, 11, 19, 1268 }, // g
    { 9, 15, 200, 2, 15, 17, 1287 }, // h
    { 11, 15, 200, 1, 15, 21, 1304 }, // i
    { 9, 20, 200, 1, 16, 23, 1325 }, // j
    { 10, 15, 200, 2, 15, 19, 1348 }, // k
    { 10, 15, 200, 1, 15, 19, 1367 }, // l
    { 11, 11, 200, 1, 11, 16, 1386 }, // m
    { 9, 11, 200, 2, 11, 13, 1402 }, // n
    { 11, 11, 200, 1, 11, 16, 1415 }, // o
    { 11, 15, 200, 1, 11, 21, 1431 }, // p
    { 10, 15, 200, 1, 11, 19, 1452 }, // q
    { 11, 11, 200, 1, 11, 16, 1471 }, // r
    { 10, 11, 200, 1, 11, 14, 1487 }, // s
    { 11, 15, 200, 0, 15, 21, 1501 }, // t
    { 10, 11, 200, 1, 11, 14, 1522 }, // u
    { 11, 11, 200, 1, 11, 16, 1536 }, // v
    { 12, 11, 200, 0, 11, 17, 1552 }, // w
    { 11, 11, 200, 1, 11, 16, 1569 }, // x
    { 11, 15, 200, 1, 11, 21, 1585 }, // y
    { 10, 11, 200, 1, 11, 14, 1606 }, // z
    { 9, 20, 200, 2, 15, 23, 1620 }, // {
    { 2, 19, 200, 5, 15, 5, 1643 }, // |
    { 9, 20, 200, 2, 15, 23, 1648 }, // }
    { 11, 4, 200, 1, 8, 6, 1671 }, // ~
    { 0, 0, 200, 0, 0, 0, 1677 }, // U+00A0
    { 4, 15, 200, 4, 11, 8, 1677 }, // U+00A1
    { 10, 16, 200, 1, 14, 20, 1685 }, // U+00A2
    { 11, 15, 200, 1, 15, 21, 1705 }, // U+00A3
    { 13, 15, 200, 0, 15, 25, 1726 }, // U+00A5
    { 2, 18, 200, 5, 15, 5, 1751 }, // U+00A6
    { 10, 19, 200, 1, 15, 24, 1756 }, // U+00A7
    { 7, 3, 200, 3, 16, 3, 1780 }, // U+00A8
    { 13, 16, 277, 2, 16, 26, 1783 }, // U+00A9
    { 8, 8, 200, 2, 15, 8, 1809 }, // U+00AA
    { 11, 10, 200, 1, 11, 14, 1817 }, // U+00AB
    { 10, 7, 200, 1, 8, 9, 1831 }, // U+00AC
    { 7, 3, 200, 3, 8, 3, 1840 }, // U+00AD
    { 9, 9, 200, 2, 15, 11, 1843 }, // U+00AE
    { 7, 3, 200, 3, 16, 3, 1854 }, // U+00AF
    { 8, 9, 200, 2, 16, 9, 1857 }, // U+00B0
    { 11, 13, 200, 1, 13, 18, 1866 }, // U+00B1
    { 7, 8, 200, 3, 15, 7, 1884 }, // U+00B2
    { 6, 8, 200, 3, 15, 6, 1891 }, // U+00B3
    { 4, 5, 200, 5, 17, 3, 1897 }, // U+00B4
    { 9, 15, 200, 2, 11, 17, 1900 }, // U+00B5
    { 11, 18, 200, 0, 15, 25, 1917 }, // U+00B6
    { 4, 3, 200, 4, 8, 2, 1942 }, // U+00B7
    { 5, 6, 200, 4, 1, 4, 1944 }, // U+00B8
    { 7, 8, 200, 3, 15, 7, 1948 }, // U+00B9
    { 8, 8, 200, 2, 15, 8, 1955 }, // U+00BA
    { 10, 10, 200, 1, 11, 13, 1963 }, // U+00BB
    { 13, 15, 200, 0, 15, 25, 1976 }, // U+00BC
    { 13, 15, 200, 0, 15, 25, 2001 }, // U+00BD
    { 13, 15, 200, 0, 15, 25, 2026 }, // U+00BE
    { 10, 15, 200, 1, 11, 19, 2051 }, // U+00BF
    { 12, 20, 200, 0, 20, 30, 2070 }, // U+00C0
    { 12, 20, 200, 0, 20, 30, 2100 }, // U+00C1
    { 12, 19, 200, 0, 19, 29, 2130 }, // U+00C2
    { 12, 20, 200, 0, 20, 30, 2159 }, // U+00C3
    { 12, 20, 200, 0, 20, 30, 2189 }, // U+00C4
    { 12, 22, 200, 0, 22, 33, 2219 }, // U+00C5
    { 12, 15, 200, 0, 15, 23, 2252 }, // U+00C6
    { 11, 19, 200, 1, 15, 27, 2275 }, // U+00C7
    { 10, 20, 200, 1, 20, 25, 2302 }, // U+00C8
    { 10, 20, 200, 1, 20, 25, 2327 }, // U+00C9
    { 10, 19, 200, 1, 19, 24, 2352 }, // U+00CA
    { 10, 20, 200, 1, 20, 25, 2376 }, // U+00CB
    { 10, 20, 200, 1, 20, 25, 2401 }, // U+00CC
    { 10, 20, 200, 1, 20, 25, 2426 }, // U+00CD
    { 10, 19, 200, 1, 19, 24, 2451 }, // U+00CE
    { 10, 20, 200, 1, 20, 25, 2475 }, // U+00CF
    { 12, 15, 200, 0, 15, 23, 2500 }, // U+00D0
    { 10, 20, 200, 1, 20, 25, 2523 }, // U+00D1
    { 11, 20, 200, 1, 20, 28, 2548 }, // U+00D2
    { 11, 20, 200, 1, 20, 28, 2576 }, // U+00D3
    { 11, 19, 200, 1, 19, 27, 2604 }, // U+00D4
    { 11, 20, 200, 1, 20, 28, 2631 }, // U+00D5
    { 11, 20, 200, 1, 20, 28, 2659 }, // U+00D6
    { 10, 10, 200, 1, 11, 13, 2687 }, // U+00D7
    { 12, 17, 200, 0, 16, 26, 2700 }, // U+00D8
    { 10, 20, 200, 1, 20, 25, 2726 }, // U+00D9
    { 10, 20, 200, 1, 20, 25, 2751 }, // U+00DA
    { 10, 19, 200, 1, 19, 24, 2776 }, // U+00DB
    { 10, 20, 200, 1, 20, 25, 2800 }, // U+00DC
    { 13, 20, 200, 0, 20, 33, 2825 }, // U+00DD
    { 11, 15, 200, 1, 15, 21, 2858 }, // U+00DE
    { 12, 15, 200, 0, 15, 23, 2879 }, // U+00DF
    { 11, 17, 200, 1, 17, 24, 2902 }, // U+00E0
    { 11, 17, 200, 1, 17, 24, 2926 }, // U+00E1
    { 11, 16, 200, 1, 16, 22, 2950 }, // U+00E2
    { 11, 16, 200, 1, 16, 22, 2972 }, // U+00E3
    { 11, 16, 200, 1, 16, 22, 2994 }, // U+00E4
    { 11, 18, 200, 1, 18, 25, 3016 }, // U+00E5
    { 13, 11, 200, 0, 11, 18, 3041 }, // U+00E6
    { 10, 15, 200, 1, 11, 19, 3059 }, // U+00E7
    { 11, 17, 200, 1, 17, 24, 3078 }, // U+00E8
    { 11, 17, 200, 1, 17, 24, 3102 }, // U+00E9
    { 11, 16, 200, 1, 16, 22, 3126 }, // U+00EA
    { 11, 16, 200, 1, 16, 22, 3148 }, // U+00EB
    { 10, 17, 200, 2, 17, 22, 3170 }, // U+00EC
    { 10, 17, 200, 2, 17, 22, 3192 }, // U+00ED
    { 10, 16, 200, 2, 16, 20, 3214 }, // U+00EE
    { 10, 16, 200, 2, 16, 20, 3234 }, // U+00EF
    { 11, 16, 200, 1, 16, 22, 3254 }, // U+00F0
    { 9, 16, 200, 2, 16, 18, 3276 }, // U+00F1
    { 11, 17, 200, 1, 17, 24, 3294 }, // U+00F2
    { 11, 17, 200, 1, 17, 24, 3318 }, // U+00F3
    { 11, 16, 200, 1, 16, 22, 3342 }, // U+00F4
    { 11, 16, 200, 1, 16, 22, 3364 }, // U+00F5
    { 11, 16, 200, 1, 16, 22, 3386 }, // U+00F6
    { 11, 11, 200, 1, 12, 16, 3408 }, // U+00F7
    { 12, 13, 200, 0, 12, 20, 3424 }, // U+00F8
    { 10, 17, 200, 1, 17, 22, 3444 }, // U+00F9
    { 10, 17, 200, 1, 17, 22, 3466 }, // U+00FA
    { 10, 16, 200, 1, 16, 20, 3488 }, // U+00FB
    { 10, 16, 200, 1, 16, 20, 3508 }, // U+00FC
    { 11, 21, 200, 1, 17, 29, 3528 }, // U+00FD
    { 11, 19, 200, 1, 15, 27, 3557 }, // U+00FE
    { 11, 20, 200, 1, 16, 28, 3584 }, // U+00FF
    { 12, 19, 200, 0, 19, 29, 3612 }, // U+0100
    { 11, 16, 200, 1, 16, 22, 3641 }, // U+0101
    { 12, 20, 200, 0, 20, 30, 3663 }, // U+0102
    { 11, 17, 200, 1, 17, 24, 3693 }, // U+0103
    { 13, 19, 200, 0, 15, 31, 3717 }, // U+0104
    { 11, 15, 200, 1, 11, 21, 3748 }, // U+0105
    { 11, 20, 200, 1, 20, 28, 3769 }, // U+0106
    { 10, 17, 200, 1, 17, 22, 3797 }, // U+0107
    { 11, 19, 200, 1, 19, 27, 3819 }, // U+0108
    { 10, 16, 200, 1, 16, 20, 3846 }, // U+0109
    { 11, 20, 200, 1, 20, 28, 3866 }, // U+010A
    { 10, 16, 200, 1, 16, 20, 3894 }, // U+010B
    { 11, 20, 200, 1, 20, 28, 3914 }, // U+010C
    { 10, 16, 200, 1, 16, 20, 3942 }, // U+010D
    { 11, 20, 200, 1, 20, 28, 3962 }, // U+010E
    { 14, 15, 200, 0, 15, 27, 3990 }, // U+010F
    { 12, 15, 200, 0, 15, 23, 4017 }, // U+0110
    { 11, 15, 200, 1, 15, 21, 4040 }, // U+0111
    { 10, 19, 200, 1, 19, 24, 4061 }, // U+0112
    { 11, 16, 200, 1, 16, 22, 4085 }, // U+0113
    { 10, 20, 200, 1, 20, 25, 4107 }, // U+0114
    { 11, 17, 200, 1, 17, 24, 4132 }, // U+0115
    { 10, 20, 200, 1, 20, 25, 4156 }, // U+0116
    { 11, 16, 200, 1, 16, 22, 4181 }, // U+0117
    { 11, 19, 200, 1, 15, 27, 4203 }, // U+0118
    { 11, 15, 200, 1, 11, 21, 4230 }, // U+0119
    { 10, 20, 200, 1, 20, 25, 4251 }, // U+011A
    { 11, 16, 200, 1, 16, 22, 4276 }, // U+011B
    { 10, 19, 200, 1, 19, 24, 4298 }, // U+011C
    { 10, 20, 200, 1, 16, 25, 4322 }, // U+011D
    { 10, 20, 200, 1, 20, 25, 4347 }, // U+011E
    { 10, 21, 200, 1, 17, 27, 4372 }, // U+011F
    { 10, 20, 200, 1, 20, 25, 4399 }, // U+0120
    { 10, 20, 200, 1, 16, 25, 4424 }, // U+0121
    { 10, 20, 200, 1, 15, 25, 4449 }, // U+0122
    { 10, 20, 200, 1, 16, 25, 4474 }, // U+0123
    { 10, 19, 200, 1, 19, 24, 4499 }, // U+0124
    { 12, 20, 200, -1, 20, 30, 4523 }, // U+0125
    { 13, 15, 200, 0, 15, 25, 4553 }, // U+0126
    { 11, 15, 200, 0, 15, 21, 4578 }, // U+0127
    { 10, 20, 200, 1, 20, 25, 4599 }, // U+0128
    { 10, 16, 200, 2, 16, 20, 4624 }, // U+0129
    { 10, 19, 200, 1, 19, 24, 4644 }, // U+012A
    { 10, 16, 200, 2, 16, 20, 4668 }, // U+012B
    { 10, 20, 200, 1, 20, 25, 4688 }, // U+012C
    { 10, 17, 200, 2, 17, 22, 4713 }, // U+012D
    { 11, 19, 200, 1, 15, 27, 4735 }, // U+012E
    { 10, 19, 200, 2, 15, 24, 4762 }, // U+012F
    { 10, 20, 200, 1, 20, 25, 4786 }, // U+0130
    { 10, 11, 200, 2, 11, 14, 4811 }, // U+0131
    { 10, 15, 200, 1, 15, 19, 4825 }, // U+0132
    { 10, 19, 200, 1, 15, 24, 4844 }, // U+0133
    { 9, 19, 200, 1, 19, 22, 4868 }, // U+0134
    { 11, 20, 200, 1, 16, 28, 4890 }, // U+0135
    { 12, 20, 200, 1, 15, 30, 4918 }, // U+0136
    { 10, 20, 200, 2, 15, 25, 4948 }, // U+0137
    { 11, 11, 200, 2, 11, 16, 4973 }, // U+0138
    { 10, 20, 200, 2, 20, 25, 4989 }, // U+0139
    { 10, 21, 200, 1, 21, 27, 5014 }, // U+013A
    { 10, 20, 200, 2, 15, 25, 5041 }, // U+013B
    { 10, 20, 200, 1, 15, 25, 5066 }, // U+013C
    { 10, 15, 200, 2, 15, 19, 5091 }, // U+013D
    { 11, 15, 200, 1, 15, 21, 5110 }, // U+013E
    { 10, 15, 200, 2, 15, 19, 5131 }, // U+013F
    { 11, 15, 200, 1, 15, 21, 5150 }, // U+0140
    { 12, 15, 200, 0, 15, 23, 5171 }, // U+0141
    { 10, 15, 200, 1, 15, 19, 5194 }, // U+0142
    { 10, 20, 200, 1, 20, 25, 5213 }, // U+0143
    { 9, 17, 200, 2, 17, 20, 5238 }, // U+0144
    { 10, 20, 200, 1, 15, 25, 5258 }, // U+0145
    { 9, 16, 200, 2, 11, 18, 5283 }, // U+0146
    { 10, 20, 200, 1, 20, 25, 5301 }, // U+0147
    { 9, 16, 200, 2, 16, 18, 5326 }, // U+0148
    { 11, 15, 200, 0, 15, 21, 5344 }, // U+0149
    { 10, 19, 200, 1, 15, 24, 5365 }, // U+014A
    { 9, 15, 200, 2, 11, 17, 5389 }, // U+014B
    { 11, 19, 200, 1, 19, 27, 5406 }, // U+014C
    { 11, 16, 200, 1, 16, 22, 5433 }, // U+014D
    { 11, 20, 200, 1, 20, 28, 5455 }, // U+014E
    { 11, 17, 200, 1, 17, 24, 5483 }, // U+014F
    { 11, 20, 200, 1, 20, 28, 5507 }, // U+0150
    { 11, 17, 200, 1, 17, 24, 5535 }, // U+0151
    { 12, 15, 200, 0, 15, 23, 5559 }, // U+0152
    { 13, 11, 200, 0, 11, 18, 5582 }, // U+0153
    { 11, 20, 200, 1, 20, 28, 5600 }, // U+0154
    { 11, 17, 200, 1, 17, 24, 5628 }, // U+0155
    { 11, 20, 200, 1, 15, 28, 5652 }, // U+0156
    { 11, 16, 200, 1, 11, 22, 5680 }, // U+0157
    { 11, 20, 200, 1, 20, 28, 5702 }, // U+0158
    { 11, 16, 200, 1, 16, 22, 5730 }, // U+0159
    { 12, 20, 200, 0, 20, 30, 5752 }, // U+015A
    { 10, 17, 200, 1, 17, 22, 5782 }, // U+015B
    { 12, 19, 200, 0, 19, 29, 5804 }, // U+015C
    { 10, 16, 200, 1, 16, 20, 5833 }, // U+015D
    { 12, 19, 200, 0, 15, 29, 5853 }, // U+015E
    { 10, 15, 200, 1, 11, 19, 5882 }, // U+015F
    { 12, 20, 200, 0, 20, 30, 5901 }, // U+0160
    { 10, 16, 200, 1, 16, 20, 5931 }, // U+0161
    { 12, 20, 200, 0, 15, 30, 5951 }, // U+0162
    { 11, 20, 200, 0, 15, 28, 5981 }, // U+0163
    { 12, 20, 200, 0, 20, 30, 6009 }, // U+0164
    { 11, 15, 200, 0, 15, 21, 6039 }, // U+0165
    { 12, 15, 200, 0, 15, 23, 6060 }, // U+0166
    { 11, 15, 200, 0, 15, 21, 6083 }, // U+0167
    { 10, 20, 200, 1, 20, 25, 6104 }, // U+0168
    { 10, 16, 200, 1, 16, 20, 6129 }, // U+0169
    { 10, 19, 200, 1, 19, 24, 6149 }, // U+016A
    { 10, 16, 200, 1, 16, 20, 6173 }, // U+016B
    { 10, 20, 200, 1, 20, 25, 6193 }, // U+016C
    { 10, 17, 200, 1, 17, 22, 6218 }, // U+016D
    { 10, 22, 200, 1, 22, 28, 6240 }, // U+016E
    { 10, 18, 200, 1, 18, 23, 6268 }, // U+016F
    { 10, 20, 200, 1, 20, 25, 6291 }, // U+0170
    { 10, 17, 200, 1, 17, 22, 6316 }, // U+0171
    { 10, 19, 200, 1, 15, 24, 6338 }, // U+0172
    { 10, 15, 200, 1, 11, 19, 6362 }, // U+0173
    { 12, 19, 200, 0, 19, 29, 6381 }, // U+0174
    { 12, 16, 200, 0, 16, 24, 6410 }, // U+0175
    { 13, 19, 200, 0, 19, 31, 6434 }, // U+0176
    { 11, 20, 200, 1, 16, 28, 6465 }, // U+0177
    { 13, 20, 200, 0, 20, 33, 6493 }, // U+0178
    { 11, 20, 200, 1, 20, 28, 6526 }, // U+0179
    { 10, 17, 200, 1, 17, 22, 6554 }, // U+017A
    { 11, 20, 200, 1, 20, 28, 6576 }, // U+017B
    { 10, 16, 200, 1, 16, 20, 6604 }, // U+017C
    { 11, 20, 200, 1, 20, 28, 6624 }, // U+017D
    { 10, 16, 200, 1, 16, 20, 6652 }, // U+017E
    { 11, 17, 200, 1, 17, 24, 6672 }, // U+01A0
    { 11, 14, 200, 1, 14, 20, 6696 }, // U+01A1
    { 12, 17, 200, 1, 17, 26, 6716 }, // U+01AF
    { 12, 14, 200, 1, 14, 21, 6742 }, // U+01B0
    { 12, 24, 200, 0, 24, 36, 6763 }, // U+01FA
    { 11, 21, 200, 1, 21, 29, 6799 }, // U+01FB
    { 12, 20, 200, 0, 20, 30, 6828 }, // U+01FC
    { 13, 17, 200, 0, 17, 28, 6858 }, // U+01FD
    { 12, 21, 200, 0, 20, 32, 6886 }, // U+01FE
    { 12, 18, 200, 0, 17, 27, 6918 }, // U+01FF
    { 12, 20, 200, 0, 15, 30, 6945 }, // U+0218
    { 10, 16, 200, 1, 11, 20, 6975 }, // U+0219
    { 12, 20, 200, 0, 15, 30, 6995 }, // U+021A
    { 11, 20, 200, 0, 15, 28, 7025 }, // U+021B
    { 4, 5, 0, -3, 17, 3, 7053 }, // U+0300
    { 4, 5, 0, -1, 17, 3, 7056 }, // U+0301
    { 8, 4, 0, -4, 16, 4, 7059 }, // U+0302
    { 8, 4, 0, -4, 16, 4, 7063 }, // U+0303
    { 6, 3, 0, -3, 16, 3, 7067 }, // U+0304
    { 8, 5, 0, -4, 17, 5, 7070 }, // U+0306
    { 4, 3, 0, -2, 16, 2, 7075 }, // U+0307
    { 8, 3, 0, -4, 16, 3, 7077 }, // U+0308
    { 4, 5, 0, -2, 17, 3, 7080 }, // U+0309
    { 6, 7, 0, -3, 18, 6, 7083 }, // U+030A
    { 8, 5, 0, -3, 17, 5, 7089 }, // U+030B
    { 8, 4, 0, -4, 16, 4, 7094 }, // U+030C
    { 4, 4, 0, -2, 16, 2, 7098 }, // U+0312
    { 3, 4, 0, 0, 15, 2, 7100 }, // U+0315
    { 4, 5, 0, -2, 14, 3, 7102 }, // U+031B
    { 4, 3, 0, -2, 0, 2, 7105 }, // U+0323
    { 4, 4, 0, -2, -1, 2, 7107 }, // U+0326
    { 5, 6, 0, -2, 1, 4, 7109 }, // U+0327
    { 5, 6, 0, -4, 1, 4, 7113 }, // U+0328
    { 0, 0, 0, 0, 0, 0, 7117 }, // U+034F
    { 10, 20, 200, 1, 20, 25, 7117 }, // U+0400
    { 10, 20, 200, 1, 20, 25, 7142 }, // U+0401
    { 12, 19, 200, 0, 15, 29, 7167 }, // U+0402
    { 9, 20, 200, 2, 20, 23, 7196 }, // U+0403
    { 11, 15, 200, 1, 15, 21, 7219 }, // U+0404
    { 12, 15, 200, 0, 15, 23, 7240 }, // U+0405
    { 10, 15, 200, 1, 15, 19, 7263 }, // U+0406
    { 10, 20, 200, 1, 20, 25, 7282 }, // U+0407
    { 9, 15, 200, 1, 15, 17, 7307 }, // U+0408
    { 13, 15, 200, 0, 15, 25, 7324 }, // U+0409
    { 12, 15, 200, 0, 15, 23, 7349 }, // U+040A
    { 12, 15, 200, 0, 15, 23, 7372 }, // U+040B
    { 11, 20, 200, 1, 20, 28, 7395 }, // U+040C
    { 10, 20, 200, 1, 20, 25, 7423 }, // U+040D
    { 12, 20, 200, 0, 20, 30, 7448 }, // U+040E
    { 10, 18, 200, 1, 15, 23, 7478 }, // U+040F
    { 12, 15, 200, 0, 15, 23, 7501 }, // U+0410
    { 11, 15, 200, 1, 15, 21, 7524 }, // U+0411
    { 11, 15, 200, 1, 15, 21, 7545 }, // U+0412
    { 9, 15, 200, 2, 15, 17, 7566 }, // U+0413
    { 13, 19, 200, 0, 15, 31, 7583 }, // U+0414
    { 10, 15, 200, 1, 15, 19, 7614 }, // U+0415
    { 13, 15, 200, 0, 15, 25, 7633 }, // U+0416
    { 11, 15, 200, 0, 15, 21, 7658 }, // U+0417
    { 10, 15, 200, 1, 15, 19, 7679 }, // U+0418
    { 10, 20, 200, 1, 20, 25, 7698 }, // U+0419
    { 11, 15, 200, 1, 15, 21, 7723 }, // U+041A
    { 11, 15, 200, 0, 15, 21, 7744 }, // U+041B
    { 11, 15, 200, 1, 15, 21, 7765 }, // U+041C
    { 10, 15, 200, 1, 15, 19, 7786 }, // U+041D
    { 11, 15, 200, 1, 15, 21, 7805 }, // U+041E
    { 10, 15, 200, 1, 15, 19, 7826 }, // U+041F
    { 11, 15, 200, 1, 15, 21, 7845 }, // U+0420
    { 11, 15, 200, 1, 15, 21, 7866 }, // U+0421
    { 12, 15, 200, 0, 15, 23, 7887 }, // U+0422
    { 12, 15, 200, 0, 15, 23, 7910 }, // U+0423
    { 12, 16, 200, 0, 15, 24, 7933 }, // U+0424
    { 12, 15, 200, 0, 15, 23, 7957 }, // U+0425
    { 11, 19, 200, 1, 15, 27, 7980 }, // U+0426
    { 10, 15, 200, 1, 15, 19, 8007 }, // U+0427
    { 11, 15, 200, 1, 15, 21, 8026 }, // U+0428
    { 12, 19, 200, 0, 15, 29, 8047 }, // U+0429
    { 13, 15, 200, 0, 15, 25, 8076 }, // U+042A
    { 11, 15, 200, 1, 15, 21, 8101 }, // U+042B
    { 11, 15, 200, 1, 15, 21, 8122 }, // U+042C
    { 11, 15, 200, 1, 15, 21, 8143 }, // U+042D
    { 12, 15, 200, 0, 15, 23, 8164 }, // U+042E
    { 11, 15, 200, 0, 15, 21, 8187 }, // U+042F
    { 11, 11, 200, 1, 11, 16, 8208 }, // U+0430
    { 11, 16, 200, 1, 16, 22, 8224 }, // U+0431
    { 9, 11, 200, 2, 11, 13, 8246 }, // U+0432
    { 9, 11, 200, 2, 11, 13, 8259 }, // U+0433
    { 12, 14, 200, 0, 11, 21, 8272 }, // U+0434
    { 11, 11, 200, 1, 11, 16, 8293 }, // U+0435
    { 12, 11, 200, 0, 11, 17, 8309 }, // U+0436
    { 10, 11, 200, 1, 11, 14, 8326 }, // U+0437
    { 10, 11, 200, 1, 11, 14, 8340 }, // U+0438
    { 10, 17, 200, 1, 17, 22, 8354 }, // U+0439
    { 10, 11, 200, 2, 11, 14, 8376 }, // U+043A
    { 11, 11, 200, 0, 11, 16, 8390 }, // U+043B
    { 10, 11, 200, 1, 11, 14, 8406 }, // U+043C
    { 10, 11, 200, 1, 11, 14, 8420 }, // U+043D
    { 11, 11, 200, 1, 11, 16, 8434 }, // U+043E
    { 9, 11, 200, 2, 11, 13, 8450 }, // U+043F
    { 11, 15, 200, 1, 11, 21, 8463 }, // U+0440
    { 10, 11, 200, 1, 11, 14, 8484 }, // U+0441
    { 11, 11, 200, 1, 11, 16, 8498 }, // U+0442
    { 11, 15, 200, 1, 11, 21, 8514 }, // U+0443
    { 12, 19, 200, 0, 15, 29, 8535 }, // U+0444
    { 11, 11, 200, 1, 11, 16, 8564 }, // U+0445
    { 11, 14, 200, 1, 11, 20, 8580 }, // U+0446
    { 10, 11, 200, 1, 11, 14, 8600 }, // U+0447
    { 11, 11, 200, 1, 11, 16, 8614 }, // U+0448
    { 12, 14, 200, 0, 11, 21, 8630 }, // U+0449
    { 12, 11, 200, 0, 11, 17, 8651 }, // U+044A
    { 11, 11, 200, 1, 11, 16, 8668 }, // U+044B
    { 9, 11, 200, 2, 11, 13, 8684 }, // U+044C
    { 10, 11, 200, 1, 11, 14, 8697 }, // U+044D
    { 11, 11, 200, 1, 11, 16, 8711 }, // U+044E
    { 10, 11, 200, 1, 11, 14, 8727 }, // U+044F
    { 11, 17, 200, 1, 17, 24, 8741 }, // U+0450
    { 11, 16, 200, 1, 16, 22, 8765 }, // U+0451
    { 11, 20, 200, 0, 16, 28, 8787 }, // U+0452
    { 9, 17, 200, 2, 17, 20, 8815 }, // U+0453
    { 10, 11, 200, 1, 11, 14, 8835 }, // U+0454
    { 10, 11, 200, 1, 11, 14, 8849 }, // U+0455
    { 11, 15, 200, 1, 15, 21, 8863 }, // U+0456
    { 10, 16, 200, 2, 16, 20, 8884 }, // U+0457
    { 9, 20, 200, 1, 16, 23, 8904 }, // U+0458
    { 13, 11, 200, 0, 11, 18, 8927 }, // U+0459
    { 12, 11, 200, 0, 11, 17, 8945 }, // U+045A
    { 11, 15, 200, 0, 15, 21, 8962 }, // U+045B
    { 10, 17, 200, 2, 17, 22, 8983 }, // U+045C
    { 10, 17, 200, 1, 17, 22, 9005 }, // U+045D
    { 11, 21, 200, 1, 17, 29, 9027 }, // U+045E
    { 9, 14, 200, 2, 11, 16, 9056 }, // U+045F
    { 11, 15, 200, 1, 15, 21, 9072 }, // U+0472
    { 11, 11, 200, 1, 11, 16, 9093 }, // U+0473
    { 9, 18, 200, 2, 18, 21, 9109 }, // U+0490
    { 9, 14, 200, 2, 14, 16, 9130 }, // U+0491
    { 11, 15, 200, 1, 15, 21, 9146 }, // U+0492
    { 11, 11, 200, 0, 11, 16, 9167 }, // U+0493
    { 11, 19, 200, 1, 15, 27, 9183 }, // U+0494
    { 9, 15, 200, 2, 11, 17, 9210 }, // U+0495
    { 14, 18, 200, -1, 15, 32, 9227 }, // U+0496
    { 13, 14, 200, 0, 11, 23, 9259 }, // U+0497
    { 11, 18, 200, 0, 15, 25, 9282 }, // U+0498
    { 10, 14, 200, 1, 11, 18, 9307 }, // U+0499
    { 11, 18, 200, 1, 15, 25, 9325 }, // U+049A
    { 10, 14, 200, 2, 11, 18, 9350 }, // U+049B
    { 11, 15, 200, 1, 15, 21, 9368 }, // U+049C
    { 11, 11, 200, 1, 11, 16, 9389 }, // U+049D
    { 13, 15, 200, 0, 15, 25, 9405 }, // U+04A0
    { 12, 11, 200, 0, 11, 17, 9430 }, // U+04A1
    { 11, 18, 200, 1, 15, 25, 9447 }, // U+04A2
    { 11, 14, 200, 1, 11, 20, 9472 }, // U+04A3
    { 12, 15, 200, 0, 15, 23, 9492 }, // U+04A4
    { 11, 11, 200, 1, 11, 16, 9515 }, // U+04A5
    { 11, 18, 200, 1, 15, 25, 9531 }, // U+04AA
    { 10, 14, 200, 1, 11, 18, 9556 }, // U+04AB
    { 13, 15, 200, 0, 15, 25, 9574 }, // U+04AE
    { 11, 15, 200, 1, 11, 21, 9599 }, // U+04AF
    { 13, 15, 200, 0, 15, 25, 9620 }, // U+04B0
    { 11, 15, 200, 1, 11, 21, 9645 }, // U+04B1
    { 13, 18, 200, 0, 15, 30, 9666 }, // U+04B2
    { 11, 14, 200, 1, 11, 20, 9696 }, // U+04B3
    { 11, 18, 200, 1, 15, 25, 9716 }, // U+04B6
    { 11, 14, 200, 1, 11, 20, 9741 }, // U+04B7
    { 10, 15, 200, 1, 15, 19, 9761 }, // U+04B8
    { 10, 11, 200, 1, 11, 14, 9780 }, // U+04B9
    { 11, 15, 200, 1, 15, 21, 9794 }, // U+04BA
    { 9, 15, 200, 2, 15, 17, 9815 }, // U+04BB
    { 10, 15, 200, 1, 15, 19, 9832 }, // U+04C0
    { 13, 20, 200, 0, 20, 33, 9851 }, // U+04C1
    { 12, 17, 200, 0, 17, 26, 9884 }, // U+04C2
    { 10, 16, 200, 1, 16, 20, 9910 }, // U+04CF
    { 12, 20, 200, 0, 20, 30, 9930 }, // U+04D0
    { 11, 17, 200, 1, 17, 24, 9960 }, // U+04D1
    { 12, 20, 200, 0, 20, 30, 9984 }, // U+04D2
    { 11, 16, 200, 1, 16, 22, 10014 }, // U+04D3
    { 12, 15, 200, 0, 15, 23, 10036 }, // U+04D4
    { 13, 11, 200, 0, 11, 18, 10059 }, // U+04D5
    { 10, 20, 200, 1, 20, 25, 10077 }, // U+04D6
    { 11, 17, 200, 1, 17, 24, 10102 }, // U+04D7
    { 11, 15, 200, 1, 15, 21, 10126 }, // U+04D8
    { 11, 11, 200, 1, 11, 16, 10147 }, // U+04D9
    { 13, 20, 200, 0, 20, 33, 10163 }, // U+04DC
    { 12, 16, 200, 0, 16, 24, 10196 }, // U+04DD
    { 11, 20, 200, 0, 20, 28, 10220 }, // U+04DE
    { 10, 16, 200, 1, 16, 20, 10248 }, // U+04DF
    { 10, 19, 200, 1, 19, 24, 10268 }, // U+04E2
    { 10, 16, 200, 1, 16, 20, 10292 }, // U+04E3
    { 10, 20, 200, 1, 20, 25, 10312 }, // U+04E4
    { 10, 16, 200, 1, 16, 20, 10337 }, // U+04E5
    { 11, 20, 200, 1, 20, 28, 10357 }, // U+04E6
    { 11, 16, 200, 1, 16, 22, 10385 }, // U+04E7
    { 11, 15, 200, 1, 15, 21, 10407 }, // U+04E8
    { 11, 11, 200, 1, 11, 16, 10428 }, // U+04E9
    { 12, 19, 200, 0, 19, 29, 10444 }, // U+04EE
    { 11, 20, 200, 1, 16, 28, 10473 }, // U+04EF
    { 12, 20, 200, 0, 20, 30, 10501 }, // U+04F0
    { 11, 20, 200, 1, 16, 28, 10531 }, // U+04F1
    { 12, 20, 200, 0, 20, 30, 10559 }, // U+04F2
    { 11, 21, 200, 1, 17, 29, 10589 }, // U+04F3
    { 10, 20, 200, 1, 20, 25, 10618 }, // U+04F4
    { 10, 16, 200, 1, 16, 20, 10643 }, // U+04F5
    { 11, 20, 200, 1, 20, 28, 10663 }, // U+04F8
    { 11, 16, 200, 1, 16, 22, 10691 }, // U+04F9
    { 13, 12, 211, 0, 12, 20, 10713 }, // U+05D0
    { 12, 12, 191, 0, 12, 18, 10733 }, // U+05D1
    { 8, 13, 125, 0, 12, 13, 10751 }, // U+05D2
    { 11, 12, 181, 0, 12, 17, 10764 }, // U+05D3
    { 11, 12, 209, 1, 12, 17, 10781 }, // U+05D4
    { 5, 12, 100, 0, 12, 8, 10798 }, // U+05D5
    { 7, 12, 110, 0, 12, 11, 10806 }, // U+05D6
    { 13, 12, 221, 0, 12, 20, 10817 }, // U+05D7
    { 12, 12, 211, 1, 12, 18, 10837 }, // U+05D8
    { 5, 8, 98, 0, 12, 5, 10855 }, // U+05D9
    { 10, 16, 182, 0, 12, 20, 10860 }, // U+05DA
    { 10, 12, 172, 0, 12, 15, 10880 }, // U+05DB
    { 11, 16, 174, 0, 16, 22, 10895 }, // U+05DC
    { 12, 12, 228, 1, 12, 18, 10917 }, // U+05DD
    { 13, 12, 220, 0, 12, 20, 10935 }, // U+05DE
    { 5, 16, 110, 0, 12, 10, 10955 }, // U+05DF
    { 6, 12, 126, 1, 12, 9, 10965 }, // U+05E0
    { 13, 12, 214, 0, 12, 20, 10974 }, // U+05E1
    { 12, 15, 198, 0, 13, 23, 10994 }, // U+05E2
    { 11, 16, 207, 1, 12, 22, 11017 }, // U+05E3
    { 11, 12, 200, 1, 12, 17, 11039 }, // U+05E4
    { 11, 16, 176, 0, 12, 22, 11056 }, // U+05E5
    { 11, 12, 185, 0, 12, 17, 11078 }, // U+05E6
    { 12, 16, 209, 1, 12, 24, 11095 }, // U+05E7
    { 10, 12, 174, 0, 12, 15, 11119 }, // U+05E8
    { 13, 12, 243, 1, 12, 20, 11134 }, // U+05E9
    { 13, 12, 228, 0, 12, 20, 11154 }, // U+05EA
    { 4, 6, 109, 1, 5, 3, 11174 }, // U+060C
    { 4, 12, 115, 1, 11, 6, 11177 }, // U+061B
    { 9, 17, 145, 0, 16, 20, 11183 }, // U+061F
    { 8, 10, 137, 0, 8, 10, 11203 }, // U+0621
    { 7, 3, 90, 0, 2, 3, 11213 }, // U+0640
    { 5, 5, 0, 0, 17, 4, 11216 }, // U+0654
    { 4, 4, 191, 4, 8, 2, 11220 }, // U+0660
    { 4, 16, 191, 4, 15, 8, 11222 }, // U+0661
    { 10, 16, 191, 1, 15, 20, 11230 }, // U+0662
    { 12, 16, 191, 0, 15, 24, 11250 }, // U+0663
    { 10, 16, 191, 1, 15, 20, 11274 }, // U+0664
    { 10, 12, 191, 1, 11, 15, 11294 }, // U+0665
    { 10, 16, 191, 1, 15, 20, 11309 }, // U+0666
    { 12, 16, 191, 0, 15, 24, 11329 }, // U+0667
    { 12, 16, 191, 0, 15, 24, 11353 }, // U+0668
    { 10, 16, 191, 1, 15, 20, 11377 }, // U+0669
    { 14, 12, 228, 0, 7, 21, 11397 }, // U+06BA
    { 6, 2, 100, 0, 2, 2, 11418 }, // U+06D4
    { 8, 10, 135, 0, 10, 10, 11420 }, // U+06D5
    { 4, 4, 191, 4, 8, 2, 11430 }, // U+06F0
    { 4, 16, 191, 4, 15, 8, 11432 }, // U+06F1
    { 10, 16, 191, 1, 15, 20, 11440 }, // U+06F2
    { 12, 16, 191, 0, 15, 24, 11460 }, // U+06F3
    { 10, 15, 191, 1, 15, 19, 11484 }, // U+06F4
    { 10, 15, 191, 1, 15, 19, 11503 }, // U+06F5
    { 8, 16, 191, 2, 15, 16, 11522 }, // U+06F6
    { 12, 16, 191, 0, 15, 24, 11538 }, // U+06F7
    { 12, 16, 191, 0, 15, 24, 11562 }, // U+06F8
    { 10, 16, 191, 1, 15, 20, 11586 }, // U+06F9
    { 12, 18, 200, 0, 15, 27, 11606 }, // U+1EA0
    { 11, 14, 200, 1, 11, 20, 11633 }, // U+1EA1
    { 12, 20, 200, 0, 20, 30, 11653 }, // U+1EA2
    { 11, 17, 200, 1, 17, 24, 11683 }, // U+1EA3
    { 12, 23, 200, 0, 23, 35, 11707 }, // U+1EA4
    { 11, 20, 200, 1, 20, 28, 11742 }, // U+1EA5
    { 12, 23, 200, 0, 23, 35, 11770 }, // U+1EA6
    { 12, 20, 200, 0, 20, 30, 11805 }, // U+1EA7
    { 12, 23, 200, 0, 23, 35, 11835 }, // U+1EA8
    { 11, 20, 200, 1, 20, 28, 11870 }, // U+1EA9
    { 12, 23, 200, 0, 23, 35, 11898 }, // U+1EAA
    { 11, 20, 200, 1, 20, 28, 11933 }, // U+1EAB
    { 12, 22, 200, 0, 19, 33, 11961 }, // U+1EAC
    { 11, 19, 200, 1, 16, 27, 11994 }, // U+1EAD
    { 12, 23, 200, 0, 23, 35, 12021 }, // U+1EAE
    { 11, 19, 200, 1, 19, 27, 12056 }, // U+1EAF
    { 12, 23, 200, 0, 23, 35, 12083 }, // U+1EB0
    { 11, 19, 200, 1, 19, 27, 12118 }, // U+1EB1
    { 12, 23, 200, 0, 23, 35, 12145 }, // U+1EB2
    { 11, 19, 200, 1, 19, 27, 12180 }, // U+1EB3
    { 12, 23, 200, 0, 23, 35, 12207 }, // U+1EB4
    { 11, 19, 200, 1, 19, 27, 12242 }, // U+1EB5
    { 12, 23, 200, 0, 20, 35, 12269 }, // U+1EB6
    { 11, 20, 200, 1, 17, 28, 12304 }, // U+1EB7
    { 10, 18, 200, 1, 15, 23, 12332 }, // U+1EB8
    { 11, 14, 200, 1, 11, 20, 12355 }, // U+1EB9
    { 10, 20, 200, 1, 20, 25, 12375 }, // U+1EBA
    { 11, 17, 200, 1, 17, 24, 12400 }, // U+1EBB
    { 10, 20, 200, 1, 20, 25, 12424 }, // U+1EBC
    { 11, 16, 200, 1, 16, 22, 12449 }, // U+1EBD
    { 11, 23, 200, 1, 23, 32, 12471 }, // U+1EBE
    { 11, 20, 200, 1, 20, 28, 12503 }, // U+1EBF
    { 11, 23, 200, 0, 23, 32, 12531 }, // U+1EC0
    { 12, 20, 200, 0, 20, 30, 12563 }, // U+1EC1
    { 11, 23, 200, 1, 23, 32, 12593 }, // U+1EC2
    { 11, 20, 200, 1, 20, 28, 12625 }, // U+1EC3
    { 10, 23, 200, 1, 23, 29, 12653 }, // U+1EC4
    { 11, 20, 200, 1, 20, 28, 12682 }, // U+1EC5
    { 10, 22, 200, 1, 19, 28, 12710 }, // U+1EC6
    { 11, 19, 200, 1, 16, 27, 12738 }, // U+1EC7
    { 10, 20, 200, 1, 20, 25, 12765 }, // U+1EC8
    { 10, 17, 200, 2, 17, 22, 12790 }, // U+1EC9
    { 10, 18, 200, 1, 15, 23, 12812 }, // U+1ECA
    { 11, 18, 200, 1, 15, 25, 12835 }, // U+1ECB
    { 11, 18, 200, 1, 15, 25, 12860 }, // U+1ECC
    { 11, 14, 200, 1, 11, 20, 12885 }, // U+1ECD
    { 11, 20, 200, 1, 20, 28, 12905 }, // U+1ECE
    { 11, 17, 200, 1, 17, 24, 12933 }, // U+1ECF
    { 11, 23, 200, 1, 23, 32, 12957 }, // U+1ED0
    { 11, 20, 200, 1, 20, 28, 12989 }, // U+1ED1
    { 12, 23, 200, 0, 23, 35, 13017 }, // U+1ED2
    { 12, 20, 200, 0, 20, 30, 13052 }, // U+1ED3
    { 11, 23, 200, 1, 23, 32, 13082 }, // U+1ED4
    { 11, 20, 200, 1, 20, 28, 13114 }, // U+1ED5
    { 11, 23, 200, 1, 23, 32, 13142 }, // U+1ED6
    { 11, 20, 200, 1, 20, 28, 13174 }, // U+1ED7
    { 11, 22, 200, 1, 19, 31, 13202 }, // U+1ED8
    { 11, 19, 200, 1, 16, 27, 13233 }, // U+1ED9
    { 11, 20, 200, 1, 20, 28, 13260 }, // U+1EDA
    { 11, 17, 200, 1, 17, 24, 13288 }, // U+1EDB
    { 11, 20, 200, 1, 20, 28, 13312 }, // U+1EDC
    { 11, 17, 200, 1, 17, 24, 13340 }, // U+1EDD
    { 11, 20, 200, 1, 20, 28, 13364 }, // U+1EDE
    { 11, 17, 200, 1, 17, 24, 13392 }, // U+1EDF
    { 11, 20, 200, 1, 20, 28, 13416 }, // U+1EE0
    { 11, 15, 200, 1, 15, 21, 13444 }, // U+1EE1
    { 11, 20, 200, 1, 17, 28, 13465 }, // U+1EE2
    { 11, 17, 200, 1, 14, 24, 13493 }, // U+1EE3
    { 10, 18, 200, 1, 15, 23, 13517 }, // U+1EE4
    { 10, 14, 200, 1, 11, 18, 13540 }, // U+1EE5
    { 10, 20, 200, 1, 20, 25, 13558 }, // U+1EE6
    { 10, 17, 200, 1, 17, 22, 13583 }, // U+1EE7
    { 12, 20, 200, 1, 20, 30, 13605 }, // U+1EE8
    { 12, 17, 200, 1, 17, 26, 13635 }, // U+1EE9
    { 12, 20, 200, 1, 20, 30, 13661 }, // U+1EEA
    { 12, 17, 200, 1, 17, 26, 13691 }, // U+1EEB
    { 12, 20, 200, 1, 20, 30, 13717 }, // U+1EEC
    { 12, 17, 200, 1, 17, 26, 13747 }, // U+1EED
    { 12, 20, 200, 1, 20, 30, 13773 }, // U+1EEE
    { 12, 15, 200, 1, 15, 23, 13803 }, // U+1EEF
    { 12, 20, 200, 1, 17, 30, 13826 }, // U+1EF0
    { 12, 17, 200, 1, 14, 26, 13856 }, // U+1EF1
    { 13, 20, 200, 0, 20, 33, 13882 }, // U+1EF2
    { 11, 21, 200, 1, 17, 29, 13915 }, // U+1EF3
    { 13, 18, 200, 0, 15, 30, 13944 }, // U+1EF4
    { 11, 15, 200, 1, 11, 21, 13974 }, // U+1EF5
    { 13, 20, 200, 0, 20, 33, 13995 }, // U+1EF6
    { 11, 21, 200, 1, 17, 29, 14028 }, // U+1EF7
    { 13, 20, 200, 0, 20, 33, 14057 }, // U+1EF8
    { 11, 20, 200, 1, 16, 28, 14090 }, // U+1EF9
    { 0, 0, 43, 0, 0, 0, 14118 }, // U+2009
    { 0, 0, 0, 0, 0, 0, 14118 }, // U+200B
    { 2, 16, 0, -1, 15, 4, 14118 }, // U+200C
    { 6, 16, 0, -3, 15, 12, 14122 }, // U+200D
    { 6, 18, 0, -1, 16, 14, 14134 }, // U+200E
    { 6, 18, 0, -5, 16, 14, 14148 }, // U+200F
    { 6, 3, 107, 0, 8, 3, 14162 }, // U+2010
    { 6, 3, 107, 0, 7, 3, 14165 }, // U+2011
    { 11, 3, 200, 1, 8, 5, 14168 }, // U+2013
    { 13, 3, 200, 0, 8, 5, 14173 }, // U+2014
    { 4, 6, 200, 4, 15, 3, 14178 }, // U+2018
    { 5, 6, 200, 4, 15, 4, 14181 }, // U+2019
    { 5, 6, 200, 4, 3, 4, 14185 }, // U+201A
    { 10, 6, 200, 1, 15, 8, 14189 }, // U+201C
    { 10, 6, 200, 2, 15, 8, 14197 }, // U+201D
    { 10, 6, 200, 2, 3, 8, 14205 }, // U+201E
    { 11, 19, 200, 1, 15, 27, 14213 }, // U+2020
    { 11, 19, 200, 1, 15, 27, 14240 }, // U+2021
    { 5, 4, 200, 4, 8, 3, 14267 }, // U+2022
    { 12, 3, 200, 0, 3, 5, 14270 }, // U+2026
    { 0, 0, 43, 0, 0, 0, 14275 }, // U+202F
    { 13, 15, 231, 1, 15, 25, 14275 }, // U+2030
    { 6, 10, 200, 3, 11, 8, 14300 }, // U+2039
    { 5, 10, 200, 4, 11, 7, 14308 }, // U+203A
    { 13, 15, 200, 0, 15, 25, 14315 }, // U+2044
    { 4, 12, 115, 1, 11, 6, 14340 }, // U+204F
    { 7, 8, 200, 3, 15, 7, 14346 }, // U+2070
    { 7, 8, 200, 3, 15, 7, 14353 }, // U+2074
    { 7, 8, 200, 3, 15, 7, 14360 }, // U+2075
    { 7, 8, 200, 3, 15, 7, 14367 }, // U+2076
    { 7, 8, 200, 3, 15, 7, 14374 }, // U+2077
    { 7, 8, 200, 3, 15, 7, 14381 }, // U+2078
    { 7, 8, 200, 3, 15, 7, 14388 }, // U+2079
    { 7, 8, 200, 3, 8, 7, 14395 }, // U+2080
    { 7, 8, 200, 3, 8, 7, 14402 }, // U+2081
    { 7, 8, 200, 3, 8, 7, 14409 }, // U+2082
    { 6, 8, 200, 3, 8, 6, 14416 }, // U+2083
    { 7, 8, 200, 3, 8, 7, 14422 }, // U+2084
    { 7, 8, 200, 3, 8, 7, 14429 }, // U+2085
    { 7, 8, 200, 3, 8, 7, 14436 }, // U+2086
    { 7, 8, 200, 3, 8, 7, 14443 }, // U+2087
    { 7, 8, 200, 3, 8, 7, 14450 }, // U+2088
    { 7, 8, 200, 3, 8, 7, 14457 }, // U+2089
    { 11, 20, 200, 1, 18, 28, 14464 }, // U+20A1
    { 11, 15, 200, 1, 15, 21, 14492 }, // U+20A4
    { 12, 15, 200, 0, 15, 23, 14513 }, // U+20A6
    { 12, 15, 200, 1, 15, 23, 14536 }, // U+20A8
    { 12, 15, 200, 0, 15, 23, 14559 }, // U+20A9
    { 11, 15, 200, 1, 15, 21, 14582 }, // U+20AA
    { 11, 15, 200, 1, 15, 21, 14603 }, // U+20AB
    { 11, 15, 200, 1, 15, 21, 14624 }, // U+20AC
    { 12, 15, 200, 0, 15, 23, 14645 }, // U+20AD
    { 12, 15, 200, 0, 15, 23, 14668 }, // U+20AE
    { 12, 15, 200, 0, 15, 23, 14691 }, // U+20B1
    { 10, 19, 200, 1, 17, 24, 14714 }, // U+20B2
    { 12, 15, 200, 0, 15, 23, 14738 }, // U+20B4
    { 11, 19, 200, 1, 17, 27, 14761 }, // U+20B5
    { 12, 15, 200, 0, 15, 23, 14788 }, // U+20B8
    { 11, 16, 200, 1, 15, 22, 14811 }, // U+20B9
    { 11, 15, 200, 1, 15, 21, 14833 }, // U+20BA
    { 12, 15, 200, 0, 15, 23, 14854 }, // U+20BD
    { 11, 20, 200, 1, 17, 28, 14877 }, // U+20BF
    { 12, 9, 200, 0, 12, 14, 14905 }, // U+2190
    { 10, 15, 200, 1, 15, 19, 14919 }, // U+2191
    { 13, 9, 200, 0, 12, 15, 14938 }, // U+2192
    { 10, 15, 200, 1, 15, 19, 14953 }, // U+2193
    { 13, 9, 200, 0, 12, 15, 14972 }, // U+2194
    { 10, 16, 200, 1, 15, 20, 14987 }, // U+2195
    { 11, 11, 200, 1, 13, 16, 15007 }, // U+2196
    { 12, 11, 200, 0, 13, 17, 15023 }, // U+2197
    { 12, 12, 200, 0, 13, 18, 15040 }, // U+2198
    { 11, 12, 200, 1, 13, 17, 15058 }, // U+2199
    { 13, 11, 200, 0, 13, 18, 15075 }, // U+21A9
    { 13, 11, 200, 0, 13, 18, 15093 }, // U+21AA
    { 11, 15, 200, 0, 15, 21, 15111 }, // U+21B0
    { 11, 15, 200, 1, 15, 21, 15132 }, // U+21B1
    { 11, 15, 200, 0, 15, 21, 15153 }, // U+21B2
    { 11, 15, 200, 1, 15, 21, 15174 }, // U+21B3
    { 13, 13, 200, 0, 14, 22, 15195 }, // U+21B6
    { 13, 13, 200, 0, 14, 22, 15217 }, // U+21B7
    { 12, 15, 200, 0, 14, 23, 15239 }, // U+21BA
    { 12, 16, 200, 0, 15, 24, 15262 }, // U+21BB
    { 13, 15, 200, 0, 15, 25, 15286 }, // U+21C4
    { 13, 15, 200, 0, 15, 25, 15311 }, // U+21C6
    { 11, 16, 200, 1, 15, 22, 15336 }, // U+2202
    { 12, 15, 200, 0, 15, 23, 15358 }, // U+2206
    { 10, 15, 200, 1, 15, 19, 15381 }, // U+220F
    { 11, 19, 200, 1, 15, 27, 15400 }, // U+2211
    { 11, 2, 200, 1, 7, 3, 15427 }, // U+2212
    { 12, 15, 200, 0, 15, 23, 15430 }, // U+221A
    { 13, 8, 200, 0, 10, 13, 15453 }, // U+221E
    { 12, 21, 200, 0, 16, 32, 15466 }, // U+222B
    { 11, 8, 200, 1, 10, 11, 15498 }, // U+2248
    { 11, 10, 200, 1, 12, 14, 15509 }, // U+2260
    { 10, 14, 200, 1, 13, 18, 15523 }, // U+2264
    { 10, 14, 200, 1, 13, 18, 15541 }, // U+2265
    { 11, 15, 200, 0, 15, 21, 15559 }, // U+FB01
    { 11, 15, 200, 0, 15, 21, 15580 }, // U+FB02
    { 20, 17, 331, 0, 9, 43, 15601 }, // U+FB56
    { 24, 16, 364, 0, 8, 48, 15644 }, // U+FB57
    { 6, 16, 100, -1, 9, 12, 15692 }, // U+FB58
    { 9, 13, 124, 0, 6, 15, 15704 }, // U+FB59
    { 20, 16, 331, 0, 15, 40, 15719 }, // U+FB66
    { 24, 16, 364, 0, 15, 48, 15759 }, // U+FB67
    { 6, 18, 90, 0, 17, 14, 15807 }, // U+FB68
    { 9, 16, 124, 0, 15, 18, 15821 }, // U+FB69
    { 13, 18, 220, 0, 9, 30, 15839 }, // U+FB7A
    { 17, 18, 240, 0, 9, 39, 15869 }, // U+FB7B
    { 12, 15, 196, 0, 8, 23, 15908 }, // U+FB7C
    { 15, 15, 212, 0, 8, 29, 15931 }, // U+FB7D
    { 9, 20, 159, 0, 19, 23, 15960 }, // U+FB88
    { 13, 20, 177, 0, 19, 33, 15983 }, // U+FB89
    { 8, 20, 122, -1, 15, 20, 16016 }, // U+FB8A
    { 11, 20, 132, -1, 15, 28, 16036 }, // U+FB8B
    { 8, 21, 122, -1, 16, 21, 16064 }, // U+FB8C
    { 11, 21, 132, -1, 16, 29, 16085 }, // U+FB8D
    { 19, 16, 292, 0, 15, 38, 16114 }, // U+FB8E
    { 22, 16, 325, 0, 15, 44, 16152 }, // U+FB8F
    { 9, 16, 137, 0, 15, 18, 16196 }, // U+FB90
    { 12, 16, 169, 0, 15, 24, 16214 }, // U+FB91
    { 19, 19, 292, 0, 18, 46, 16238 }, // U+FB92
    { 22, 19, 325, 0, 18, 53, 16284 }, // U+FB93
    { 9, 19, 137, 0, 18, 22, 16337 }, // U+FB94
    { 12, 19, 169, 0, 18, 29, 16359 }, // U+FB95
    { 14, 12, 228, 0, 7, 21, 16388 }, // U+FB9E
    { 17, 11, 243, 0, 6, 24, 16409 }, // U+FB9F
    { 8, 10, 135, 0, 10, 10, 16433 }, // U+FBA6
    { 12, 8, 160, 0, 7, 12, 16443 }, // U+FBA7
    { 5, 13, 90, 0, 9, 9, 16455 }, // U+FBA8
    { 11, 10, 146, 0, 4, 14, 16464 }, // U+FBA9
    { 14, 12, 224, 0, 11, 21, 16478 }, // U+FBAA
    { 14, 14, 205, 0, 9, 25, 16499 }, // U+FBAB
    { 12, 12, 191, 0, 11, 18, 16524 }, // U+FBAC
    { 12, 14, 169, 0, 9, 21, 16542 }, // U+FBAD
    { 19, 11, 314, 0, 10, 27, 16563 }, // U+FBAE
    { 13, 8, 183, 0, 2, 13, 16590 }, // U+FBAF
    { 19, 16, 314, 0, 15, 38, 16603 }, // U+FBB0
    { 13, 13, 183, 0, 7, 22, 16641 }, // U+FBB1
    { 16, 14, 253, 0, 9, 28, 16663 }, // U+FBFC
    { 17, 9, 245, 0, 4, 20, 16691 }, // U+FBFD
    { 6, 13, 100, -1, 9, 10, 16711 }, // U+FBFE
    { 9, 10, 124, 0, 6, 12, 16721 }, // U+FBFF
    { 8, 10, 137, 0, 8, 10, 16733 }, // U+FE80
    { 8, 18, 78, -2, 18, 18, 16743 }, // U+FE81
    { 10, 20, 97, -2, 19, 25, 16761 }, // U+FE82
    { 5, 20, 78, 0, 20, 13, 16786 }, // U+FE83
    { 8, 22, 97, 0, 21, 22, 16799 }, // U+FE84
    { 9, 18, 149, 0, 13, 21, 16821 }, // U+FE85
    { 11, 18, 157, 0, 13, 25, 16842 }, // U+FE86
    { 5, 21, 79, 1, 15, 14, 16867 }, // U+FE87
    { 7, 21, 97, 1, 15, 19, 16881 }, // U+FE88
    { 16, 14, 253, 0, 9, 28, 16900 }, // U+FE89
    { 17, 14, 245, 0, 9, 30, 16928 }, // U+FE8A
    { 5, 16, 90, 0, 15, 10, 16958 }, // U+FE8B
    { 9, 13, 114, 0, 12, 15, 16968 }, // U+FE8C
    { 3, 15, 79, 1, 15, 6, 16983 }, // U+FE8D
    { 7, 16, 97, 1, 15, 14, 16989 }, // U+FE8E
    { 20, 13, 331, 0, 9, 33, 17003 }, // U+FE8F
    { 24, 12, 364, 0, 8, 36, 17036 }, // U+FE90
    { 5, 13, 90, 0, 9, 9, 17072 }, // U+FE91
    { 9, 10, 114, 0, 6, 12, 17081 }, // U+FE92
    { 8, 14, 135, 0, 14, 14, 17093 }, // U+FE93
    { 12, 16, 162, 0, 15, 24, 17107 }, // U+FE94
    { 20, 12, 331, 0, 11, 30, 17131 }, // U+FE95
    { 24, 12, 364, 0, 11, 36, 17161 }, // U+FE96
    { 6, 14, 90, 0, 13, 11, 17197 }, // U+FE97
    { 9, 11, 124, 0, 10, 13, 17208 }, // U+FE98
    { 20, 15, 331, 0, 14, 38, 17221 }, // U+FE99
    { 24, 15, 364, 0, 14, 45, 17259 }, // U+FE9A
    { 6, 17, 90, 0, 16, 13, 17304 }, // U+FE9B
    { 9, 14, 124, 0, 13, 16, 17317 }, // U+FE9C
    { 13, 18, 213, 0, 9, 30, 17333 }, // U+FE9D
    { 15, 18, 216, 0, 9, 34, 17363 }, // U+FE9E
    { 12, 12, 196, 0, 8, 18, 17397 }, // U+FE9F
    { 15, 12, 212, 0, 8, 23, 17415 }, // U+FEA0
    { 13, 18, 213, 0, 9, 30, 17438 }, // U+FEA1
    { 15, 18, 216, 0, 9, 34, 17468 }, // U+FEA2
    { 12, 9, 196, 0, 8, 14, 17502 }, // U+FEA3
    { 15, 9, 212, 0, 8, 17, 17516 }, // U+FEA4
    { 13, 22, 213, 0, 13, 36, 17533 }, // U+FEA5
    { 15, 22, 216, 0, 13, 42, 17569 }, // U+FEA6
    { 12, 13, 196, 0, 12, 20, 17611 }, // U+FEA7
    { 15, 13, 212, 0, 12, 25, 17631 }, // U+FEA8
    { 9, 11, 159, 0, 10, 13, 17656 }, // U+FEA9
    { 13, 11, 177, 0, 10, 18, 17669 }, // U+FEAA
    { 9, 15, 159, 0, 14, 17, 17687 }, // U+FEAB
    { 13, 15, 177, 0, 14, 25, 17704 }, // U+FEAC
    { 8, 13, 122, -1, 8, 13, 17729 }, // U+FEAD
    { 11, 13, 132, -1, 8, 18, 17742 }, // U+FEAE
    { 8, 17, 122, -1, 12, 17, 17760 }, // U+FEAF
    { 11, 17, 132, -1, 12, 24, 17777 }, // U+FEB0
    { 25, 14, 403, 0, 9, 44, 17801 }, // U+FEB1
    { 28, 13, 423, 0, 8, 46, 17845 }, // U+FEB2
    { 16, 10, 261, 0, 9, 20, 17891 }, // U+FEB3
    { 19, 9, 283, 0, 8, 22, 17911 }, // U+FEB4
    { 25, 19, 403, 0, 14, 60, 17933 }, // U+FEB5
    { 28, 19, 423, 0, 14, 67, 17993 }, // U+FEB6
    { 16, 15, 261, 0, 14, 30, 18060 }, // U+FEB7
    { 19, 15, 283, 0, 14, 36, 18090 }, // U+FEB8
    { 27, 13, 435, 0, 8, 44, 18126 }, // U+FEB9
    { 30, 13, 451, 0, 8, 49, 18170 }, // U+FEBA
    { 18, 9, 301, 0, 8, 21, 18219 }, // U+FEBB
    { 21, 9, 316, 0, 8, 24, 18240 }, // U+FEBC
    { 27, 17, 435, 0, 12, 58, 18264 }, // U+FEBD
    { 30, 17, 451, 0, 12, 64, 18322 }, // U+FEBE
    { 18, 13, 301, 0, 12, 30, 18386 }, // U+FEBF
    { 21, 13, 316, 0, 12, 35, 18416 }, // U+FEC0
    { 16, 16, 263, 0, 15, 32, 18451 }, // U+FEC1
    { 19, 16, 277, 0, 15, 38, 18483 }, // U+FEC2
    { 14, 16, 226, 0, 15, 28, 18521 }, // U+FEC3
    { 16, 16, 237, 0, 15, 32, 18549 }, // U+FEC4
    { 16, 16, 263, 0, 15, 32, 18581 }, // U+FEC5
    { 19, 16, 277, 0, 15, 38, 18613 }, // U+FEC6
    { 14, 16, 226, 0, 15, 28, 18651 }, // U+FEC7
    { 16, 16, 237, 0, 15, 32, 18679 }, // U+FEC8
    { 13, 20, 169, 0, 11, 33, 18711 }, // U+FEC9
    { 13, 18, 177, 0, 9, 30, 18744 }, // U+FECA
    { 10, 11, 168, 0, 10, 14, 18774 }, // U+FECB
    { 12, 10, 174, 0, 9, 15, 18788 }, // U+FECC
    { 13, 24, 169, 0, 15, 39, 18803 }, // U+FECD
    { 13, 22, 177, 0, 13, 36, 18842 }, // U+FECE
    { 10, 15, 168, 0, 14, 19, 18878 }, // U+FECF
    { 12, 14, 174, 0, 13, 21, 18897 }, // U+FED0
    { 20, 16, 328, 0, 15, 40, 18918 }, // U+FED1
    { 24, 14, 366, 0, 13, 42, 18958 }, // U+FED2
    { 9, 16, 149, 0, 15, 18, 19000 }, // U+FED3
    { 12, 14, 165, 0, 13, 21, 19018 }, // U+FED4
    { 16, 17, 258, 0, 13, 34, 19039 }, // U+FED5
    { 18, 17, 269, 0, 11, 39, 19073 }, // U+FED6
    { 9, 16, 149, 0, 15, 18, 19112 }, // U+FED7
    { 12, 14, 165, 0, 13, 21, 19130 }, // U+FED8
    { 18, 16, 294, 0, 15, 36, 19151 }, // U+FED9
    { 21, 16, 307, 0, 15, 42, 19187 }, // U+FEDA
    { 9, 16, 137, 0, 15, 18, 19229 }, // U+FEDB
    { 12, 16, 169, 0, 15, 24, 19247 }, // U+FEDC
    { 14, 20, 232, 0, 15, 35, 19271 }, // U+FEDD
    { 17, 20, 243, 0, 15, 43, 19306 }, // U+FEDE
    { 5, 16, 87, 0, 15, 10, 19349 }, // U+FEDF
    { 8, 16, 100, 0, 15, 16, 19359 }, // U+FEE0
    { 10, 17, 161, 0, 8, 22, 19375 }, // U+FEE1
    { 13, 17, 187, 0, 8, 28, 19397 }, // U+FEE2
    { 10, 9, 175, 0, 8, 12, 19425 }, // U+FEE3
    { 14, 9, 193, 0, 8, 16, 19437 }, // U+FEE4
    { 14, 16, 228, 0, 11, 28, 19453 }, // U+FEE5
    { 17, 16, 243, 0, 11, 34, 19481 }, // U+FEE6
    { 5, 14, 90, 0, 13, 9, 19515 }, // U+FEE7
    { 9, 11, 114, 0, 10, 13, 19524 }, // U+FEE8
    { 8, 10, 135, 0, 10, 10, 19537 }, // U+FEE9
    { 12, 12, 162, 0, 11, 18, 19547 }, // U+FEEA
    { 12, 12, 191, 0, 11, 18, 19565 }, // U+FEEB
    { 12, 14, 169, 0, 9, 21, 19583 }, // U+FEEC
    { 9, 13, 149, 0, 8, 15, 19604 }, // U+FEED
    { 11, 13, 157, 0, 8, 18, 19619 }, // U+FEEE
    { 16, 14, 253, 0, 9, 28, 19637 }, // U+FEEF
    { 17, 9, 245, 0, 4, 20, 19665 }, // U+FEF0
    { 16, 18, 253, 0, 9, 36, 19685 }, // U+FEF1
    { 17, 13, 245, 0, 4, 28, 19721 }, // U+FEF2
    { 6, 13, 100, -1, 9, 10, 19749 }, // U+FEF3
    { 9, 10, 124, 0, 6, 12, 19759 }, // U+FEF4
    { 13, 16, 194, -2, 16, 26, 19771 }, // U+FEF5
    { 16, 17, 200, -2, 16, 34, 19797 }, // U+FEF6
    { 12, 18, 194, -1, 18, 27, 19831 }, // U+FEF7
    { 14, 19, 200, 0, 18, 34, 19858 }, // U+FEF8
    { 11, 21, 194, 0, 15, 29, 19892 }, // U+FEF9
    { 14, 21, 200, 0, 15, 37, 19921 }, // U+FEFA
    { 11, 15, 194, 0, 15, 21, 19958 }, // U+FEFB
    { 14, 16, 200, 0, 15, 28, 19979 }, // U+FEFC
};

static const EpdUnicodeInterval ubuntu_10_regularIntervals[] = {
    { 0x0, 0x0, 0x0 },
    { 0xD, 0xD, 0x1 },
    { 0x20, 0x7E, 0x2 },
    { 0xA0, 0xA3, 0x61 },
    { 0xA5, 0x17E, 0x65 },
    { 0x1A0, 0x1A1, 0x13F },
    { 0x1AF, 0x1B0, 0x141 },
    { 0x1FA, 0x1FF, 0x143 },
    { 0x218, 0x21B, 0x149 },
    { 0x300, 0x304, 0x14D },
    { 0x306, 0x30C, 0x152 },
    { 0x312, 0x312, 0x159 },
    { 0x315, 0x315, 0x15A },
    { 0x31B, 0x31B, 0x15B },
    { 0x323, 0x323, 0x15C },
    { 0x326, 0x328, 0x15D },
    { 0x34F, 0x34F, 0x160 },
    { 0x400, 0x45F, 0x161 },
    { 0x472, 0x473, 0x1C1 },
    { 0x490, 0x49D, 0x1C3 },
    { 0x4A0, 0x4A5, 0x1D1 },
    { 0x4AA, 0x4AB, 0x1D7 },
    { 0x4AE, 0x4B3, 0x1D9 },
    { 0x4B6, 0x4BB, 0x1DF },
    { 0x4C0, 0x4C2, 0x1E5 },
    { 0x4CF, 0x4D9, 0x1E8 },
    { 0x4DC, 0x4DF, 0x1F3 },
    { 0x4E2, 0x4E9, 0x1F7 },
    { 0x4EE, 0x4F5, 0x1FF },
    { 0x4F8, 0x4F9, 0x207 },
    { 0x5D0, 0x5EA, 0x209 },
    { 0x60C, 0x60C, 0x224 },
    { 0x61B, 0x61B, 0x225 },
    { 0x61F, 0x61F, 0x226 },
    { 0x621, 0x621, 0x227 },
    { 0x640, 0x640, 0x228 },
    { 0x654, 0x654, 0x229 },
    { 0x660, 0x669, 0x22A },
    { 0x6BA, 0x6BA, 0x234 },
    { 0x6D4, 0x6D5, 0x235 },
    { 0x6F0, 0x6F9, 0x237 },
    { 0x1EA0, 0x1EF9, 0x241 },
    { 0x2009, 0x2009, 0x29B },
    { 0x200B, 0x2011, 0x29C },
    { 0x2013, 0x2014, 0x2A3 },
    { 0x2018, 0x201A, 0x2A5 },
    { 0x201C, 0x201E, 0x2A8 },
    { 0x2020, 0x2022, 0x2AB },
    { 0x2026, 0x2026, 0x2AE },
    { 0x202F, 0x2030, 0x2AF },
    { 0x2039, 0x203A, 0x2B1 },
    { 0x2044, 0x2044, 0x2B3 },
    { 0x204F, 0x204F, 0x2B4 },
    { 0x2070, 0x2070, 0x2B5 },
    { 0x2074, 0x2079, 0x2B6 },
    { 0x2080, 0x2089, 0x2BC },
    { 0x20A1, 0x20A1, 0x2C6 },
    { 0x20A4, 0x20A4, 0x2C7 },
    { 0x20A6, 0x20A6, 0x2C8 },
    { 0x20A8, 0x20AE, 0x2C9 },
    { 0x20B1, 0x20B2, 0x2D0 },
    { 0x20B4, 0x20B5, 0x2D2 },
    { 0x20B8, 0x20BA, 0x2D4 },
    { 0x20BD, 0x20BD, 0x2D7 },
    { 0x20BF, 0x20BF, 0x2D8 },
    { 0x2190, 0x2199, 0x2D9 },
    { 0x21A9, 0x21AA, 0x2E3 },
    { 0x21B0, 0x21B3, 0x2E5 },
    { 0x21B6, 0x21B7, 0x2E9 },
    { 0x21BA, 0x21BB, 0x2EB },
    { 0x21C4, 0x21C4, 0x2ED },
    { 0x21C6, 0x21C6, 0x2EE },
    { 0x2202, 0x2202, 0x2EF },
    { 0x2206, 0x2206, 0x2F0 },
    { 0x220F, 0x220F, 0x2F1 },
    { 0x2211, 0x2212, 0x2F2 },
    { 0x221A, 0x221A, 0x2F4 },
    { 0x221E, 0x221E, 0x2F5 },
    { 0x222B, 0x222B, 0x2F6 },
    { 0x2248, 0x2248, 0x2F7 },
    { 0x2260, 0x2260, 0x2F8 },
    { 0x2264, 0x2265, 0x2F9 },
    { 0xFB01, 0xFB02, 0x2FB },
    { 0xFB56, 0xFB59, 0x2FD },
    { 0xFB66, 0xFB69, 0x301 },
    { 0xFB7A, 0xFB7D, 0x305 },
    { 0xFB88, 0xFB95, 0x309 },
    { 0xFB9E, 0xFB9F, 0x317 },
    { 0xFBA6, 0xFBB1, 0x319 },
    { 0xFBFC, 0xFBFF, 0x325 },
    { 0xFE80, 0xFEFC, 0x329 },
};

static const uint16_t ubuntu_10_regularKernLeftCodepoints[] = {
    0x05D0, 0x05D1, 0x05D2, 0x05D3, 0x05D5, 0x05D6, 0x05D8, 0x05D9, 0x05DB, 0x05DC, 0x05DE, 0x05E0,
    0x05E1, 0x05E2, 0x05E4, 0x05E6, 0x05E8, 0x05E9, 0x05EA, 0xFB8C, 0xFEAD, 0xFEAE, 0xFEAF,
};

static const uint8_t ubuntu_10_regularKernLeftClassIds[] = {
      1,   2,   3,   4,   5,   6,   7,   8,   9,  10,  11,  12,  13,  14,  15,  16,
     17,  18,  19,  20,  20,  20,  20,
};

static const uint16_t ubuntu_10_regularKernRightCodepoints[] = {
    0x05D0, 0x05D1, 0x05D2, 0x05D3, 0x05D4, 0x05D6, 0x05D7, 0x05D8, 0x05D9, 0x05DA, 0x05DB, 0x05DC,
    0x05DD, 0x05DE, 0x05E1, 0x05E2, 0x05E3, 0x05E4, 0x05E5, 0x05E7, 0x05E8, 0x05E9, 0x05EA, 0x06D5,
    0xFB8E, 0xFBA6, 0xFBAA, 0xFE8D, 0xFEA3, 0xFEA9, 0xFEB1, 0xFEB3, 0xFEB9, 0xFEBB, 0xFEC1, 0xFEC3,
    0xFECB, 0xFEDB, 0xFEDF, 0xFEE1, 0xFEE3, 0xFEEB,
};

static const uint8_t ubuntu_10_regularKernRightClassIds[] = {
      1,   2,   3,   4,   5,   6,   7,   8,   9,  10,  11,  12,  13,  14,  15,  16,
     17,  18,  19,  20,  21,  22,  23,  24,  24,  24,  24,  25,  24,  26,  26,  26,
     26,  26,  26,  26,  25,  24,  25,  24,  24,  24,
};

static const uint16_t ubuntu_10_regularKernRowOffsets[] = {
        0,     6,    11,    18,    29,    35,    36,    45,    56,    62,    72,    77,    80,    87,    89,    96,
      103,   113,   120,   130,   133,
};

static const uint8_t ubuntu_10_regularKernSparseCols[] = {
      8,  10,  11,  17,  19,  21,   3,   9,  14,  17,  20,   1,   7,   8,  10,  11,
     13,  17,   1,   4,   7,   9,  10,  12,  13,  14,  16,  17,  20,   1,   7,  12,
     14,  17,  20,   1,   3,   7,   9,  10,  16,  17,  18,  19,  20,   1,   4,   6,
      7,  10,  12,  13,  14,  17,  20,  22,   7,  10,  13,  14,  16,  17,   1,   2,
      7,   9,  10,  14,  16,  17,  21,  22,  10,  12,  13,  14,  17,   7,   8,  10,
      7,   9,  11,  14,  16,  17,  20,   7,  14,   9,  10,  11,  14,  16,  17,  21,
      0,   1,   3,   8,  12,  14,  17,   1,   7,   9,  10,  13,  14,  16,  17,  20,
     22,   1,   7,  10,  12,  14,  17,  20,   3,   5,   8,  10,  11,  13,  14,  15,
     17,  21,  23,  24,  25,
};

static const int8_t ubuntu_10_regularKernSparseValues[] = {
      -7,   -2,   -2,   -7,   -3,   -7,   -4,   -6,  -11,  -11,   -8,    1,   -6,  -11,   -4,   -5,
      -7,   -8,  -13,   -7,   -6,  -17,  -12,   -8,   -4,  -11,  -17,  -12,  -12,   -2,   -5,   -3,
      -2,   -7,   -4,   -6,   -4,   -7,   -6,   -2,   -4,   -7,   -6,   -6,   -4,  -21,   -7,   -2,
      -2,   -2,  -10,   -2,   -2,   -8,   -7,   -7,   -6,   -4,   -5,   -5,   -9,   -9,  -13,   -1,
      -6,  -10,   -9,   -6,  -12,   -5,    6,   -2,   -7,   -4,   -7,   -7,   -9,   -5,   -5,   -8,
      -1,  -10,   -1,   -1,  -10,   -4,   -4,   -2,   -8,   -2,   -7,   -2,   -2,   -9,   -1,   -2,
      -4,   -8,   -6,   -7,   -8,  -11,   -9,  -13,   -7,   -5,   -6,   -2,   -4,  -10,   -4,   -7,
      -7,   -8,   -1,   -8,   -2,   -4,   -2,   -2,  -15,  -17,   -5,   -6,   -1,  -11,  -13,  -13,
      -8,   -7,  -13,   -8,  -10,
};

static const EpdFontData ubuntu_10_regular = {
    ubuntu_10_regularBitmaps,
    ubuntu_10_regularGlyphs,
    ubuntu_10_regularIntervals,
    91,
    27,
    22,
    -6,
    false,
    nullptr,
    0,
    nullptr,
    nullptr,  // kernLeftClasses: built-in fonts use the split arrays below
    nullptr,  // kernRightClasses
    ubuntu_10_regularKernLeftCodepoints,
    ubuntu_10_regularKernLeftClassIds,
    ubuntu_10_regularKernRightCodepoints,
    ubuntu_10_regularKernRightClassIds,
    nullptr,  // kernMatrix: built-in fonts use the sparse form below
    ubuntu_10_regularKernRowOffsets,
    ubuntu_10_regularKernSparseCols,
    ubuntu_10_regularKernSparseValues,
    23,
    42,
    20,
    26,
    nullptr,
    0,
};
