/**
 * generated by fontconvert.py
 * name: ubuntu_12_regular
 * size: 12
 * mode: 1-bit
 * Command used: fontconvert.py ubuntu_12_regular 12 ../builtinFonts/source/iAWriterMonoS/iAWriterMonoS-Regular.ttf ../builtinFonts/source/NotoSansHebrew/NotoSansHebrew-Regular.ttf ../builtinFonts/source/NotoSansArabic/NotoSansArabic-Regular.ttf ../builtinFonts/source/Ubuntu/Ubuntu-Vietnamese-Regular.ttf --additional-intervals 0x05D0,0x05EA --additional-intervals 0x060C,0x060C --additional-intervals 0x061B,0x061B --additional-intervals 0x061F,0x061F --additional-intervals 0x0621,0x0621 --additional-intervals 0x0640,0x0640 --additional-intervals 0x0654,0x0654 --additional-intervals 0x0660,0x0669 --additional-intervals 0x06BA,0x06BA --additional-intervals 0x06D4,0x06D4 --additional-intervals 0x06D5,0x06D5 --additional-intervals 0x06F0,0x06F9 --additional-intervals 0xFB56,0xFB59 --additional-intervals 0xFB66,0xFB69 --additional-intervals 0xFB7A,0xFB7D --additional-intervals 0xFB88,0xFB95 --additional-intervals 0xFB9E,0xFB9F --additional-intervals 0xFBA6,0xFBB1 --additional-intervals 0xFBFC,0xFBFF --additional-intervals 0xFE80,0xFEFC
 */
#pragma once
#include "EpdFontData.h"

static const uint8_t ubuntu_12_regularBitmaps[27423] = {
    0x73, 0x9C, 0xE7, 0x39, 0xCE, 0x71, 0x08, 0x00, 0x03, 0xDE, 0xF0, 0xEF, 0xDF, 0xBF, 0x7E, 0xFD,
    0xFB, 0x80, 0x07, 0x38, 0x0E, 0x60, 0x1C, 0xC0, 0x33, 0x80, 0x67, 0x0F, 0xFF, 0xDF, 0xFF, 0x87,
    0x30, 0x0C, 0xE0, 0x19, 0xC3, 0xFF, 0xF7, 0xFF, 0xE1, 0xCC, 0x03, 0x98, 0x06, 0x70, 0x0C, 0xE0,
    0x39, 0xC0, 0x03, 0x00, 0x18, 0x01, 0xE0, 0x7F, 0xC7, 0xFF, 0x39, 0x9D, 0x8C, 0x4C, 0x60, 0x73,
    0x03, 0xD8, 0x0F, 0xF0, 0x3F, 0xE0, 0x3F, 0x01, 0x9C, 0x0C, 0xE0, 0x67, 0xE3, 0x3F, 0x9B, 0xDF,
    0xFC, 0x7F, 0xC0, 0x30, 0x01, 0x80, 0x0C, 0x00, 0x3E, 0x0E, 0xFE, 0x19, 0x8C, 0x77, 0x19, 0xCE,
    0x33, 0x0C, 0x6E, 0x1F, 0xD8, 0x1F, 0x00, 0x00, 0xF8, 0x1D, 0xF8, 0x37, 0x38, 0xEC, 0x31, 0x98,
    0x67, 0x30, 0xCC, 0x73, 0xB8, 0x7E, 0xE0, 0xF8, 0x0F, 0xC0, 0x3F, 0xC0, 0xE3, 0x81, 0xC2, 0x03,
    0x80, 0x07, 0x00, 0x07, 0x00, 0x0F, 0x1E, 0x3E, 0x3C, 0xEE, 0x61, 0x8E, 0xC7, 0x0F, 0x8E, 0x0F,
    0x1C, 0x0E, 0x1C, 0x3E, 0x3F, 0xDE, 0x3F, 0x1C, 0xFF, 0xFF, 0xF8, 0x0E, 0x1C, 0x38, 0x38, 0x70,
    0x60, 0xE0, 0xE0, 0xC0, 0xC0, 0xC0, 0xC0, 0xC0, 0xC0, 0xE0, 0xE0, 0x60, 0x70, 0x38, 0x38, 0x1C,
    0x0E, 0x70, 0x38, 0x1C, 0x1C, 0x0E, 0x06, 0x07, 0x07, 0x03, 0x03, 0x03, 0x03, 0x03, 0x03, 0x07,
    0x07, 0x06, 0x0E, 0x1C, 0x1C, 0x38, 0x70, 0x07, 0x00, 0x38, 0x01, 0xC0, 0x0E, 0x0F, 0x77, 0xFF,
    0xFC, 0xFF, 0x81, 0xF0, 0x1F, 0xC0, 0xEE, 0x0E, 0x38, 0x60, 0xC0, 0x00, 0x00, 0x07, 0x00, 0x38,
    0x01, 0xC0, 0x0E, 0x00, 0x70, 0x7F, 0xFF, 0xFF, 0xE0, 0xE0, 0x07, 0x00, 0x38, 0x01, 0xC0, 0x0E,
    0x00, 0x7B, 0x9D, 0xEE, 0x73, 0x00, 0x7F, 0x7F, 0xC0, 0xF7, 0xBC, 0x00, 0xE0, 0x1C, 0x03, 0x00,
    0xE0, 0x18, 0x07, 0x00, 0xE0, 0x18, 0x07, 0x00, 0xC0, 0x38, 0x07, 0x00, 0xC0, 0x38, 0x06, 0x01,
    0xC0, 0x38, 0x06, 0x01, 0xC0, 0x30, 0x0E, 0x01, 0xC0, 0x00, 0x1F, 0xC1, 0xFF, 0x1E, 0x3C, 0xE0,
    0xE6, 0x03, 0x70, 0x1F, 0x80, 0xFC, 0xE7, 0xE7, 0x3F, 0x39, 0xF8, 0x0F, 0xC0, 0x76, 0x03, 0x38,
    0x39, 0xE3, 0xC7, 0xFC, 0x1F, 0xC0, 0x0F, 0x80, 0xFC, 0x0E, 0xE0, 0xE7, 0x0E, 0x38, 0x21, 0xC0,
    0x0E, 0x00, 0x70, 0x03, 0x80, 0x1C, 0x00, 0xE0, 0x07, 0x00, 0x38, 0x01, 0xC0, 0x0E, 0x0F, 0xFF,
    0x7F, 0xF8, 0x1F, 0xC1, 0xFF, 0x1E, 0x3D, 0xC0, 0xE6, 0x07, 0x00, 0x38, 0x01, 0xC0, 0x1C, 0x00,
    0xE0, 0x0E, 0x01, 0xE0, 0x1E, 0x01, 0xE0, 0x1E, 0x01, 0xC0, 0x1F, 0xFF, 0xFF, 0xF8, 0x1F, 0xC3,
    0xFE, 0x70, 0xF2, 0x07, 0x00, 0x70, 0x07, 0x01, 0xE1, 0xFC, 0x0F, 0xC0, 0x0F, 0x00, 0x70, 0x07,
    0x00, 0x76, 0x07, 0xF0, 0xF7, 0xFE, 0x3F, 0xC0, 0x00, 0xF0, 0x03, 0xE0, 0x0F, 0xC0, 0x1F, 0x80,
    0x77, 0x01, 0xCE, 0x03, 0x9C, 0x0E, 0x38, 0x18, 0x70, 0x70, 0xE1, 0xC1, 0xC3, 0x03, 0x8F, 0xFF,
    0xCF, 0xFF, 0x80, 0x1C, 0x00, 0x38, 0x00, 0x70, 0x3F, 0xF1, 0xFF, 0x9C, 0x00, 0xE0, 0x07, 0x00,
    0x38, 0x01, 0xFF, 0x0F, 0xFC, 0x78, 0xF1, 0x03, 0x80, 0x0E, 0x00, 0x70, 0x03, 0xB0, 0x39, 0xC3,
    0xC7, 0xFC, 0x1F, 0xC0, 0x03, 0xC0, 0x78, 0x07, 0x80, 0x38, 0x03, 0x80, 0x18, 0x01, 0xFF, 0x0F,
    0xFC, 0xF8, 0xF7, 0x83, 0xB8, 0x0F, 0xC0, 0x7E, 0x03, 0xB8, 0x39, 0xE3, 0xC7, 0xFC, 0x1F, 0xC0,
    0xFF, 0xFF, 0xFF, 0xF8, 0x1D, 0xC0, 0xEE, 0x06, 0x00, 0x70, 0x03, 0x80, 0x38, 0x01, 0xC0, 0x1C,
    0x00, 0xE0, 0x0E, 0x00, 0x70, 0x03, 0x80, 0x38, 0x01, 0xC0, 0x1C, 0x00, 0x1F, 0xC3, 0xFF, 0x9C,
    0x1C, 0xE0, 0xE6, 0x03, 0x38, 0x39, 0xE3, 0xC3, 0xF8, 0x3F, 0xE3, 0x83, 0xB8, 0x0F, 0xC0, 0x7E,
    0x03, 0xF0, 0x1D, 0xC1, 0xCF, 0xFE, 0x1F, 0xC0, 0x1F, 0xC1, 0xFF, 0x1E, 0x3C, 0xE0, 0xEE, 0x03,
    0xF0, 0x1F, 0x80, 0xEE, 0x0F, 0x7D, 0xF9, 0xFF, 0x87, 0xDC, 0x00, 0xE0, 0x0E, 0x00, 0xE0, 0x0F,
    0x00, 0xF0, 0x1E, 0x00, 0xF7, 0xBC, 0x00, 0x00, 0x00, 0x00, 0x3D, 0xEF, 0x00, 0x7B, 0xDE, 0x00,
    0x00, 0x00, 0x03, 0xDC, 0xEF, 0x73, 0x98, 0x00, 0x20, 0x1C, 0x0F, 0x87, 0xC1, 0xF0, 0xF8, 0x3C,
    0x07, 0x00, 0xF8, 0x0F, 0x80, 0x7C, 0x03, 0xE0, 0x1E, 0x01, 0xC0, 0x08, 0xFF, 0xFF, 0xFF, 0xC0,
    0x00, 0x00, 0x00, 0x00, 0x7F, 0xFF, 0xFF, 0xE0, 0x80, 0x1C, 0x03, 0xE0, 0x1F, 0x01, 0xF0, 0x0F,
    0x80, 0x78, 0x07, 0x01, 0xE0, 0xF8, 0x7C, 0x3E, 0x0F, 0x01, 0xC0, 0x20, 0x00, 0x1F, 0xC3, 0xFE,
    0x78, 0xF7, 0x07, 0x20, 0x70, 0x07, 0x00, 0x70, 0x3E, 0x07, 0xC0, 0x70, 0x06, 0x00, 0x60, 0x00,
    0x00, 0x00, 0x0F, 0x00, 0xF0, 0x0F, 0x00, 0x1F, 0xC1, 0xFF, 0x0E, 0x1C, 0xE0, 0x66, 0x3F, 0xB3,
    0xFD, 0x98, 0xFD, 0xC7, 0xEE, 0x3F, 0x71, 0xFB, 0x8F, 0xDC, 0x7E, 0x63, 0xB3, 0xFD, 0x8F, 0xEE,
    0x00, 0x70, 0x01, 0xE0, 0x07, 0xF8, 0x1F, 0xC0, 0x03, 0x80, 0x0F, 0x80, 0x1F, 0x00, 0x36, 0x00,
    0xEE, 0x01, 0xDC, 0x03, 0x18, 0x0E, 0x38, 0x1C, 0x70, 0x38, 0xE0, 0xFF, 0xE1, 0xFF, 0xC3, 0x83,
    0x86, 0x03, 0x9C, 0x07, 0x38, 0x0E, 0x60, 0x0C, 0xFF, 0x8F, 0xFC, 0xE0, 0xEE, 0x0E, 0xE0, 0xEE,
    0x0E, 0xE0, 0xEF, 0xFC, 0xFF, 0xCE, 0x1E, 0xE0, 0x7E, 0x07, 0xE0, 0x7E, 0x07, 0xE0, 0xEF, 0xFE,
    0xFF, 0xC0, 0x0F, 0xC1, 0xFF, 0x0E, 0x1C, 0xE0, 0x77, 0x02, 0x30, 0x03, 0x80, 0x1C, 0x00, 0xE0,
    0x07, 0x00, 0x38, 0x00, 0xC0, 0x07, 0x00, 0x38, 0x1C, 0xE1, 0xC7, 0xFC, 0x0F, 0xC0, 0xFF, 0x8F,
    0xFC, 0xE1, 0xEE, 0x0E, 0xE0, 0x6E, 0x07, 0xE0, 0x7E, 0x07, 0xE0, 0x7E, 0x07, 0xE0, 0x7E, 0x07,
    0xE0, 0x6E, 0x0E, 0xE1, 0xEF, 0xFC, 0xFF, 0x80, 0xFF, 0xFF, 0xFF, 0x80, 0x70, 0x0E, 0x01, 0xC0,
    0x38, 0x07, 0xFF, 0xFF, 0xFC, 0x03, 0x80, 0x70, 0x0E, 0x01, 0xC0, 0x38, 0x07, 0xFF, 0xFF, 0xE0,
    0xFF, 0xFF, 0xFF, 0xE0, 0x0E, 0x00, 0xE0, 0x0E, 0x00, 0xE0, 0x0F, 0xFE, 0xFF, 0xEE, 0x00, 0xE0,
    0x0E, 0x00, 0xE0, 0x0E, 0x00, 0xE0, 0x0E, 0x00, 0xE0, 0x00, 0x1F, 0xC1, 0xFF, 0x1E, 0x3C, 0xE0,
    0xE6, 0x02, 0x70, 0x03, 0x80, 0x1C, 0x00, 0xE3, 0xF7, 0x1F, 0xB8, 0x0D, 0xC0, 0x6E, 0x03, 0x38,
    0x39, 0xE3, 0xC7, 0xFE, 0x1F, 0xB0, 0xC0, 0x78, 0x0F, 0x01, 0xE0, 0x3C, 0x07, 0x80, 0xF0, 0x1F,
    0xFF, 0xFF, 0xF8, 0x0F, 0x01, 0xE0, 0x3C, 0x07, 0x80, 0xF0, 0x1E, 0x03, 0xC0, 0x60, 0xFF, 0xFF,
    0xFC, 0x38, 0x07, 0x00, 0xE0, 0x1C, 0x03, 0x80, 0x70, 0x0E, 0x01, 0xC0, 0x38, 0x07, 0x00, 0xE0,
    0x1C, 0x03, 0x87, 0xFF, 0xFF, 0xE0, 0x3F, 0xE7, 0xFC, 0x01, 0x80, 0x30, 0x06, 0x00, 0xC0, 0x18,
    0x03, 0x00, 0x60, 0x0C, 0x01, 0x80, 0x30, 0x0E, 0xC1, 0xDC, 0x79, 0xFE, 0x1F, 0x80, 0xE0, 0x77,
    0x07, 0x38, 0x79, 0xC7, 0x8E, 0x78, 0x73, 0x83, 0xB8, 0x1F, 0xC0, 0xFE, 0x07, 0xB8, 0x3D, 0xE1,
    0xC7, 0x0E, 0x1C, 0x70, 0xF3, 0x83, 0x9C, 0x0E, 0xE0, 0x78, 0xC0, 0x18, 0x03, 0x00, 0x60, 0x0C,
    0x01, 0x80, 0x30, 0x06, 0x00, 0xC0, 0x18, 0x03, 0x00, 0x60, 0x0C, 0x01, 0x80, 0x30, 0x07, 0xFF,
    0xFF, 0xE0, 0xF0, 0x7F, 0x83, 0xFE, 0x3F, 0xF1, 0xFF, 0xDF, 0xFE, 0xFF, 0xB6, 0xFD, 0xF7, 0xE7,
    0x3F, 0x39, 0xF8, 0x8F, 0xC4, 0x7E, 0x03, 0xF0, 0x1F, 0x80, 0xFC, 0x07, 0xE0, 0x38, 0xF0, 0x7E,
    0x0F, 0xC1, 0xFC, 0x3F, 0x87, 0xB8, 0xF7, 0x1E, 0x63, 0xCE, 0x78, 0xCF, 0x1D, 0xE3, 0xBC, 0x3F,
    0x87, 0xF0, 0x7E, 0x0F, 0xC1, 0xE0, 0x1F, 0xC1, 0xFF, 0x1E, 0x3C, 0xE0, 0xE6, 0x03, 0x70, 0x1F,
    0x80, 0xFC, 0x07, 0xE0, 0x3F, 0x01, 0xF8, 0x0F, 0xC0, 0x76, 0x03, 0x38, 0x39, 0xE3, 0xC7, 0xFC,
    0x1F, 0xC0, 0xFF, 0xCF, 0xFE, 0xE0, 0xEE, 0x07, 0xE0, 0x7E, 0x07, 0xE0, 0x7E, 0x1E, 0xFF, 0xEF,
    0xF8, 0xE0, 0x0E, 0x00, 0xE0, 0x0E, 0x00, 0xE0, 0x0E, 0x00, 0xE0, 0x00, 0x1F, 0xC0, 0x7F, 0xC1,
    0xE3, 0xC3, 0x83, 0x86, 0x03, 0x1C, 0x07, 0x38, 0x0E, 0x70, 0x1C, 0xE0, 0x39, 0xC0, 0x73, 0x80,
    0xE7, 0x3D, 0xC6, 0x3F, 0x0E, 0x3E, 0x1E, 0x3C, 0x1F, 0xFC, 0x1F, 0xDC, 0x00, 0x1C, 0xFF, 0xCF,
    0xFE, 0xE0, 0xEE, 0x07, 0xE0, 0x7E, 0x07, 0xE0, 0x7E, 0x1E, 0xFF, 0xEF, 0xF8, 0xE7, 0x0E, 0x38,
    0xE3, 0x8E, 0x1C, 0xE0, 0xEE, 0x0E, 0xE0, 0x70, 0x1F, 0xC3, 0xFF, 0x9C, 0x1F, 0xC0, 0x6E, 0x00,
    0x70, 0x01, 0xC0, 0x0F, 0xF0, 0x1F, 0xE0, 0x1F, 0x80, 0x1E, 0x00, 0x70, 0x03, 0xF0, 0x1F, 0xC1,
    0xCF, 0xFE, 0x3F, 0xC0, 0xFF, 0xFF, 0xFF, 0xFC, 0x0E, 0x00, 0x1C, 0x00, 0x38, 0x00, 0x70, 0x00,
    0xE0, 0x01, 0xC0, 0x03, 0x80, 0x07, 0x00, 0x0E, 0x00, 0x1C, 0x00, 0x38, 0x00, 0x70, 0x00, 0xE0,
    0x01, 0xC0, 0x03, 0x80, 0xC0, 0x78, 0x0F, 0x01, 0xE0, 0x3C, 0x07, 0x80, 0xF0, 0x1E, 0x03, 0xC0,
    0x78, 0x0F, 0x01, 0xF0, 0x7E, 0x0F, 0xC1, 0xFC, 0x7B, 0xFE, 0x3F, 0x80, 0x70, 0x1C, 0xE0, 0x39,
    0xC0, 0x71, 0xC0, 0xC3, 0x83, 0x87, 0x07, 0x06, 0x0C, 0x0E, 0x38, 0x1C, 0x70, 0x38, 0xE0, 0x39,
    0x80, 0x77, 0x00, 0xEE, 0x00, 0xD8, 0x01, 0xF0, 0x03, 0xE0, 0x03, 0x80, 0x60, 0x0C, 0xC0, 0x19,
    0x80, 0x33, 0x00, 0x66, 0x38, 0xCE, 0x71, 0x9D, 0xF7, 0x3B, 0xEE, 0x76, 0xDC, 0xED, 0xB9, 0xDB,
    0x73, 0xF7, 0xE3, 0xEF, 0x87, 0x8F, 0x0F, 0x1E, 0x1E, 0x3C, 0x3C, 0x78, 0x70, 0x1C, 0x70, 0x38,
    0xE0, 0xE0, 0xE3, 0x81, 0xE7, 0x01, 0xDC, 0x01, 0xF0, 0x03, 0xE0, 0x03, 0x80, 0x0F, 0x80, 0x1F,
    0x80, 0x77, 0x01, 0xC7, 0x03, 0x8F, 0x0E, 0x0E, 0x38, 0x0E, 0x70, 0x1C, 0xF0, 0x0E, 0xE0, 0x39,
    0xE0, 0xF1, 0xC1, 0xC1, 0xC7, 0x03, 0x8E, 0x03, 0xB8, 0x07, 0x70, 0x07, 0xC0, 0x07, 0x00, 0x0E,
    0x00, 0x1C, 0x00, 0x38, 0x00, 0x70, 0x00, 0xE0, 0x01, 0xC0, 0x03, 0x80, 0xFF, 0xFF, 0xFF, 0xC0,
    0x1C, 0x01, 0xE0, 0x0E, 0x00, 0xE0, 0x0E, 0x00, 0xF0, 0x07, 0x00, 0x70, 0x07, 0x00, 0x78, 0x03,
    0x80, 0x38, 0x03, 0x80, 0x1F, 0xFF, 0xFF, 0xF8, 0xFF, 0xFF, 0xE0, 0xE0, 0xE0, 0xE0, 0xE0, 0xE0,
    0xE0, 0xE0, 0xE0, 0xE0, 0xE0, 0xE0, 0xE0, 0xE0, 0xE0, 0xE0, 0xE0, 0xE0, 0xFF, 0xFF, 0xE0, 0x1C,
    0x01, 0x80, 0x38, 0x03, 0x00, 0x70, 0x0E, 0x00, 0xC0, 0x1C, 0x01, 0x80, 0x38, 0x07, 0x00, 0x60,
    0x0E, 0x00, 0xC0, 0x1C, 0x03, 0x80, 0x30, 0x07, 0x00, 0x60, 0x0E, 0x01, 0xC0, 0xFF, 0xFF, 0x07,
    0x07, 0x07, 0x07, 0x07, 0x07, 0x07, 0x07, 0x07, 0x07, 0x07, 0x07, 0x07, 0x07, 0x07, 0x07, 0x07,
    0x07, 0xFF, 0xFF, 0x07, 0x00, 0x7C, 0x03, 0xE0, 0x3B, 0x83, 0x8E, 0x1C, 0x71, 0xC1, 0xCE, 0x0E,
    0xE0, 0x3E, 0x01, 0xC0, 0x00, 0xFF, 0xFF, 0xFF, 0xC0, 0x23, 0x1C, 0x63, 0x88, 0x1F, 0x83, 0xFE,
    0x1C, 0x38, 0x41, 0xC0, 0x06, 0x0F, 0xF1, 0xFF, 0x8F, 0x0C, 0xE0, 0x67, 0x07, 0x1C, 0x78, 0xFF,
    0xF3, 0xF7, 0x80, 0xE0, 0x0E, 0x00, 0xE0, 0x0E, 0x00, 0xE0, 0x0E, 0xF8, 0xFF, 0xCF, 0x1E, 0xE0,
    0xEE, 0x07, 0xE0, 0x7E, 0x07, 0xE0, 0x7E, 0x07, 0xE0, 0xEF, 0x1E, 0xFF, 0xCE, 0xF8, 0x1F, 0x8F,
    0xF9, 0xC3, 0xF0, 0x2E, 0x01, 0xC0, 0x38, 0x07, 0x00, 0xE0, 0x1C, 0x0D, 0xC3, 0xBF, 0xE1, 0xF8,
    0x00, 0x70, 0x07, 0x00, 0x70, 0x07, 0x00, 0x71, 0xF7, 0x3F, 0xF7, 0x8F, 0x70, 0x7E, 0x07, 0xE0,
    0x7E, 0x07, 0xE0, 0x7E, 0x07, 0x70, 0x77, 0x8F, 0x3F, 0xF1, 0xF7, 0x1F, 0xC1, 0xFF, 0x1E, 0x3C,
    0xE0, 0xE6, 0x03, 0xFF, 0xFF, 0xFF, 0xFC, 0x00, 0x60, 0x03, 0x81, 0x9E, 0x1C, 0x7F, 0xC1, 0xFC,
    0x00, 0x01, 0xF8, 0x1F, 0xC1, 0xC0, 0x0E, 0x00, 0x70, 0x7F, 0xFD, 0xFF, 0xE0, 0xE0, 0x07, 0x00,
    0x38, 0x01, 0xC0, 0x0E, 0x00, 0x70, 0x03, 0x80, 0x1C, 0x00, 0xE0, 0x7F, 0xF3, 0xFF, 0x80, 0x1F,
    0x73, 0xFF, 0x78, 0xF7, 0x07, 0xE0, 0x7E, 0x07, 0xE0, 0x7E, 0x07, 0xE0, 0x77, 0x07, 0x78, 0xF3,
    0xFF, 0x1F, 0x70, 0x07, 0x00, 0x73, 0x0E, 0x7F, 0xE3, 0xF8, 0xE0, 0x1C, 0x03, 0x80, 0x70, 0x0E,
    0x01, 0xDF, 0x3F, 0xF7, 0x8F, 0xE0, 0xFC, 0x1F, 0x83, 0xF0, 0x7E, 0x0F, 0xC1, 0xF8, 0x3F, 0x07,
    0xE0, 0xFC, 0x1C, 0x0F, 0x00, 0xF0, 0x0E, 0x00, 0x00, 0x00, 0x0F, 0xE0, 0xFE, 0x00, 0x60, 0x06,
    0x00, 0x60, 0x06, 0x00, 0x60, 0x06, 0x00, 0x60, 0x06, 0x00, 0x60, 0xFF, 0xFF, 0xFF, 0x03, 0x80,
    0xF0, 0x3C, 0x00, 0x00, 0x3F, 0xEF, 0xF8, 0x0E, 0x03, 0x80, 0xE0, 0x38, 0x0E, 0x03, 0x80, 0xE0,
    0x38, 0x0E, 0x03, 0x80, 0xE0, 0x38, 0x0E, 0x03, 0xBF, 0xCF, 0xE0, 0xE0, 0x07, 0x00, 0x38, 0x01,
    0xC0, 0x0E, 0x00, 0x70, 0x7B, 0x87, 0x9C, 0x78, 0xE7, 0x87, 0x78, 0x3F, 0x81, 0xFE, 0x0F, 0x78,
    0x71, 0xC3, 0x87, 0x1C, 0x1C, 0xE0, 0xF7, 0x03, 0x80, 0xFE, 0x1F, 0xC0, 0x38, 0x07, 0x00, 0xE0,
    0x1C, 0x03, 0x80, 0x70, 0x0E, 0x01, 0xC0, 0x38, 0x07, 0x00, 0xE0, 0x1C, 0x03, 0x80, 0x70, 0xFF,
    0xFF, 0xFC, 0xFE, 0xF7, 0xFF, 0xF9, 0xCF, 0xCE, 0x7E, 0x73, 0xF3, 0x9F, 0x9C, 0xFC, 0xE7, 0xE7,
    0x3F, 0x39, 0xF9, 0xCF, 0xCE, 0x7E, 0x73, 0x80, 0xEF, 0x9F, 0xFB, 0xC7, 0xF0, 0x7E, 0x0F, 0xC1,
    0xF8, 0x3F, 0x07, 0xE0, 0xFC, 0x1F, 0x83, 0xF0, 0x7E, 0x0E, 0x1F, 0xC1, 0xFF, 0x1E, 0x3C, 0xE0,
    0xE6, 0x03, 0x70, 0x1F, 0x80, 0xFC, 0x07, 0x60, 0x33, 0x83, 0x9E, 0x3C, 0x7F, 0xC1, 0xFC, 0x00,
    0xEF, 0x8F, 0xFC, 0xF1, 0xEE, 0x0E, 0xE0, 0x7E, 0x07, 0xE0, 0x7E, 0x07, 0xE0, 0x7E, 0x0E, 0xF1,
    0xEF, 0xFC, 0xEF, 0x8E, 0x00, 0xE0, 0x0E, 0x00, 0xE0, 0x0E, 0x00, 0x1F, 0x73, 0xFF, 0x78, 0xF7,
    0x07, 0xE0, 0x7E, 0x07, 0xE0, 0x7E, 0x07, 0xE0, 0x77, 0x07, 0x78, 0xF3, 0xFF, 0x1F, 0x70, 0x07,
    0x00, 0x70, 0x07, 0x00, 0x70, 0x07, 0x7E, 0xFB, 0xFF, 0xC3, 0xE0, 0x1E, 0x00, 0xE0, 0x07, 0x00,
    0x38, 0x01, 0xC0, 0x0E, 0x00, 0x70, 0x03, 0x80, 0xFF, 0xE7, 0xFF, 0x00, 0x1F, 0xC1, 0xFF, 0x9C,
    0x1C, 0xE0, 0x07, 0x00, 0x1F, 0x80, 0x7F, 0x80, 0x7E, 0x00, 0x33, 0x01, 0x9C, 0x1C, 0xFF, 0xE1,
    0xFC, 0x00, 0x07, 0x00, 0x1C, 0x00, 0x70, 0x01, 0xC0, 0x7F, 0xFD, 0xFF, 0xE0, 0x70, 0x01, 0xC0,
    0x07, 0x00, 0x1C, 0x00, 0x70, 0x01, 0xC0, 0x07, 0x00, 0x1C, 0x00, 0x70, 0x00, 0xFE, 0x01, 0xF8,
    0xE0, 0xFC, 0x1F, 0x83, 0xF0, 0x7E, 0x0F, 0xC1, 0xF8, 0x3F, 0x07, 0xE0, 0xFC, 0x1F, 0xC7, 0xBF,
    0xF3, 0xEE, 0xE0, 0x3B, 0x81, 0x9C, 0x1C, 0xE0, 0xE3, 0x86, 0x1C, 0x70, 0x63, 0x03, 0xB8, 0x1D,
    0xC0, 0x6C, 0x03, 0xE0, 0x1F, 0x00, 0x70, 0x00, 0xE3, 0x8E, 0xC7, 0x19, 0x8E, 0x33, 0x3E, 0x66,
    0x6C, 0xCE, 0xDB, 0x9D, 0xB7, 0x1B, 0x6C, 0x3E, 0xF8, 0x78, 0xF0, 0xF1, 0xE1, 0xE3, 0xC3, 0xC7,
    0x80, 0x70, 0x73, 0xC3, 0x8E, 0x38, 0x3B, 0x81, 0xFC, 0x07, 0xC0, 0x1C, 0x01, 0xF0, 0x1F, 0xC0,
    0xEE, 0x0E, 0x38, 0xE0, 0xEF, 0x07, 0x80, 0xE0, 0x3B, 0x01, 0x9C, 0x1C, 0xE0, 0xE3, 0x86, 0x1C,
    0x70, 0x63, 0x03, 0xB8, 0x1D, 0xC0, 0x7C, 0x03, 0xE0, 0x0E, 0x00, 0x70, 0x03, 0x80, 0x38, 0x01,
    0xC0, 0x7C, 0x03, 0xE0, 0x00, 0xFF, 0xFF, 0xFC, 0x07, 0x81, 0xE0, 0x78, 0x0E, 0x03, 0x80, 0xE0,
    0x38, 0x0E, 0x03, 0x80, 0x7F, 0xFF, 0xFE, 0x0F, 0xE1, 0xFC, 0x70, 0x06, 0x00, 0xC0, 0x1C, 0x01,
    0x80, 0x38, 0x03, 0x01, 0xE3, 0xF8, 0x7F, 0x00, 0x70, 0x06, 0x01, 0xC0, 0x30, 0x0E, 0x01, 0x80,
    0x30, 0x0E, 0x00, 0xFE, 0x1F, 0xC0, 0xFF, 0xFF, 0xFF, 0xFF, 0xFF, 0xFF, 0xFF, 0xFF, 0xC0, 0xFE,
    0x1F, 0xC0, 0x1C, 0x03, 0x00, 0x60, 0x1C, 0x03, 0x00, 0xE0, 0x18, 0x03, 0xC0, 0x3F, 0x87, 0xF1,
    0xC0, 0x30, 0x07, 0x00, 0x60, 0x0E, 0x00, 0xC0, 0x18, 0x03, 0x0F, 0xE1, 0xFC, 0x00, 0x3C, 0x1B,
    0xF9, 0xFB, 0xFD, 0x87, 0xE0, 0xF7, 0xBC, 0x00, 0x00, 0x04, 0x23, 0x9C, 0xE7, 0x39, 0xCE, 0x73,
    0x80, 0x06, 0x00, 0xC0, 0x18, 0x0F, 0xC3, 0xFC, 0xFF, 0xF9, 0xBF, 0x30, 0xE6, 0x1C, 0xC3, 0x98,
    0x73, 0x0E, 0x65, 0xED, 0xDF, 0xF9, 0xFE, 0x0F, 0x00, 0xC0, 0x18, 0x00, 0x0F, 0xE1, 0xFF, 0x8E,
    0x1E, 0xE0, 0x67, 0x00, 0x38, 0x01, 0xC0, 0x06, 0x00, 0xFF, 0xC7, 0xFE, 0x0E, 0x00, 0x70, 0x03,
    0x80, 0x1C, 0x01, 0xC0, 0x1F, 0xFF, 0xFF, 0xF8, 0xF0, 0x0E, 0xE0, 0x39, 0xE0, 0xF1, 0xC1, 0xC1,
    0xC7, 0x03, 0x8E, 0x03, 0xB8, 0x07, 0x70, 0x07, 0xC0, 0xFF, 0xF8, 0xFF, 0xE0, 0x1C, 0x00, 0x38,
    0x00, 0x70, 0x00, 0xE0, 0x1F, 0xFC, 0x7F, 0xFC, 0xFF, 0xFF, 0xFF, 0xE0, 0x01, 0xFF, 0xFF, 0xFF,
    0xC0, 0x1F, 0x87, 0xFC, 0x70, 0xC6, 0x00, 0x60, 0x07, 0x80, 0x7F, 0x03, 0xFC, 0x67, 0xEE, 0x0E,
    0xC0, 0x6E, 0x06, 0xF8, 0xE7, 0xFC, 0x1F, 0x80, 0x3C, 0x00, 0xC0, 0x0E, 0x61, 0xC7, 0xFC, 0x3F,
    0x80, 0xF7, 0x7B, 0xFD, 0xE0, 0x07, 0xE0, 0x0F, 0xF8, 0x1E, 0x7C, 0x38, 0x0E, 0x73, 0xC6, 0x67,
    0xE7, 0x67, 0x73, 0x6E, 0x23, 0x6E, 0x03, 0x6E, 0x03, 0x6E, 0x23, 0x67, 0x73, 0x77, 0xF6, 0x3B,
    0xEE, 0x3C, 0x1C, 0x1F, 0xF8, 0x07, 0xF0, 0x3E, 0x3F, 0x90, 0xC0, 0x67, 0xF7, 0xFB, 0x0D, 0xFF,
    0x7F, 0x80, 0x00, 0x00, 0x31, 0x83, 0x9E, 0x79, 0xE7, 0x9E, 0x79, 0xE3, 0xCE, 0x0F, 0x78, 0x3C,
    0xE0, 0xE3, 0x83, 0x8E, 0x08, 0x20, 0xFF, 0xF7, 0xFF, 0x80, 0x0C, 0x00, 0x60, 0x03, 0x00, 0x18,
    0x00, 0xC0, 0x7F, 0x7F, 0xC0, 0x1F, 0x07, 0x71, 0xFB, 0x3D, 0xE7, 0xEC, 0xFD, 0x9E, 0xF1, 0xDC,
    0x1F, 0x00, 0xFF, 0xFC, 0x3E, 0x3F, 0xBD, 0xFC, 0x7C, 0x1F, 0x1F, 0x8E, 0xFE, 0x3E, 0x00, 0x07,
    0x00, 0x38, 0x01, 0xC0, 0x0E, 0x00, 0x70, 0x7F, 0xFF, 0xFF, 0xE0, 0xE0, 0x07, 0x00, 0x38, 0x01,
    0xC0, 0x00, 0x00, 0x00, 0x7F, 0xFF, 0xFF, 0xE0, 0x7D, 0xFF, 0x18, 0x70, 0xC7, 0x1C, 0x7F, 0xFE,
    0x3E, 0x7F, 0x07, 0x1E, 0x1F, 0x03, 0x63, 0x7F, 0x3E, 0x21, 0x9C, 0xCE, 0x20, 0xE0, 0xFC, 0x1F,
    0x83, 0xF0, 0x7E, 0x0F, 0xC1, 0xF8, 0x3F, 0x07, 0xE0, 0xFC, 0x1F, 0xC7, 0xFF, 0xFF, 0xFF, 0xC0,
    0x38, 0x07, 0x00, 0xE0, 0x1C, 0x00, 0x1F, 0xF7, 0xFF, 0x7F, 0x7F, 0xF7, 0xFF, 0x7F, 0xF7, 0xFF,
    0x7F, 0xF7, 0xFF, 0x77, 0xF7, 0x3F, 0x70, 0xF7, 0x07, 0x70, 0x77, 0x07, 0x70, 0x77, 0x07, 0x70,
    0x77, 0x07, 0x70, 0x77, 0x07, 0x70, 0x22, 0xFF, 0xFE, 0x21, 0x87, 0x0F, 0x5F, 0xF3, 0x00, 0x3C,
    0x3E, 0x1B, 0x01, 0x80, 0xC0, 0x60, 0x30, 0xFE, 0x7F, 0x80, 0x3E, 0x3F, 0xB8, 0xFC, 0x7E, 0x3F,
    0x1F, 0x8E, 0xFE, 0x3E, 0x00, 0x00, 0x03, 0x18, 0x3C, 0xE0, 0xF3, 0xC3, 0xCF, 0x0F, 0x3C, 0x39,
    0xE3, 0xDE, 0x39, 0xE3, 0x8E, 0x38, 0xE0, 0x82, 0x00, 0x38, 0x0F, 0xF0, 0x19, 0x60, 0x70, 0xC1,
    0xC1, 0x83, 0x03, 0x0E, 0x06, 0x18, 0x3F, 0x30, 0x7E, 0x1C, 0x18, 0x78, 0x30, 0xF0, 0xE3, 0x61,
    0x8C, 0xC7, 0x19, 0x9C, 0x7F, 0xB0, 0x7E, 0xE0, 0x0C, 0x38, 0x0F, 0xF0, 0x19, 0x60, 0x70, 0xC1,
    0xC1, 0x83, 0x03, 0x0E, 0x06, 0x18, 0x3F, 0x30, 0x7E, 0x78, 0x19, 0xF8, 0x33, 0xB0, 0xE0, 0x61,
    0x81, 0xC7, 0x07, 0x1C, 0x3C, 0x30, 0x7F, 0xE0, 0xFE, 0x7C, 0x0E, 0xFC, 0x19, 0x38, 0x70, 0x71,
    0xC3, 0xC3, 0x07, 0xCE, 0x11, 0x98, 0x7F, 0x30, 0x7C, 0x1C, 0x18, 0x78, 0x30, 0xF0, 0xE3, 0x61,
    0x8C, 0xC7, 0x19, 0x9C, 0x7F, 0xB0, 0x7E, 0xE0, 0x0C, 0x0F, 0x00, 0xF0, 0x0F, 0x00, 0x00, 0x00,
    0x00, 0x00, 0x06, 0x00, 0x60, 0x0E, 0x03, 0xE0, 0x7C, 0x0E, 0x00, 0xE0, 0x0E, 0x04, 0xE0, 0xEF,
    0x1E, 0x7F, 0xC3, 0xF8, 0x06, 0x00, 0x0E, 0x00, 0x1C, 0x00, 0x1C, 0x00, 0x38, 0x00, 0x00, 0x00,
    0x00, 0x01, 0xC0, 0x07, 0xC0, 0x0F, 0x80, 0x1B, 0x00, 0x77, 0x00, 0xEE, 0x01, 0x8C, 0x07, 0x1C,
    0x0E, 0x38, 0x1C, 0x70, 0x7F, 0xF0, 0xFF, 0xE1, 0xC1, 0xC3, 0x01, 0xCE, 0x03, 0x9C, 0x07, 0x30,
    0x06, 0x00, 0xC0, 0x03, 0x80, 0x07, 0x00, 0x1C, 0x00, 0x38, 0x00, 0x00, 0x00, 0x00, 0x01, 0xC0,
    0x07, 0xC0, 0x0F, 0x80, 0x1B, 0x00, 0x77, 0x00, 0xEE, 0x01, 0x8C, 0x07, 0x1C, 0x0E, 0x38, 0x1C,
    0x70, 0x7F, 0xF0, 0xFF, 0xE1, 0xC1, 0xC3, 0x01, 0xCE, 0x03, 0x9C, 0x07, 0x30, 0x06, 0x07, 0xC0,
    0x0F, 0x80, 0x3B, 0x80, 0xE3, 0x80, 0x00, 0x00, 0x00, 0x00, 0xE0, 0x03, 0xE0, 0x07, 0xC0, 0x0D,
    0x80, 0x3B, 0x80, 0x77, 0x00, 0xC6, 0x03, 0x8E, 0x07, 0x1C, 0x0E, 0x38, 0x3F, 0xF8, 0x7F, 0xF0,
    0xE0, 0xE1, 0x80, 0xE7, 0x01, 0xCE, 0x03, 0x98, 0x03, 0x00, 0x0F, 0x20, 0x3F, 0xE0, 0x27, 0x80,
    0x00, 0x00, 0x00, 0x00, 0x70, 0x01, 0xF0, 0x03, 0xE0, 0x06, 0xC0, 0x1D, 0xC0, 0x3B, 0x80, 0x63,
    0x01, 0xC7, 0x03, 0x8E, 0x07, 0x1C, 0x1F, 0xFC, 0x3F, 0xF8, 0x70, 0x70, 0xC0, 0x73, 0x80, 0xE7,
    0x01, 0xCC, 0x01, 0x80, 0x1E, 0xE0, 0x3D, 0xE0, 0x7B, 0xC0, 0x00, 0x00, 0x00, 0x00, 0x70, 0x01,
    0xF0, 0x03, 0xE0, 0x06, 0xC0, 0x1D, 0xC0, 0x3B, 0x80, 0x63, 0x01, 0xC7, 0x03, 0x8E, 0x07, 0x1C,
    0x1F, 0xFC, 0x3F, 0xF8, 0x70, 0x70, 0xC0, 0x73, 0x80, 0xE7, 0x01, 0xCC, 0x01, 0x80, 0x07, 0xC0,
    0x0D, 0x80, 0x31, 0x80, 0x63, 0x00, 0x6C, 0x00, 0xF8, 0x00, 0x00, 0x01, 0xC0, 0x07, 0xC0, 0x0F,
    0x80, 0x1B, 0x00, 0x77, 0x00, 0xEE, 0x01, 0x8C, 0x07, 0x1C, 0x0E, 0x38, 0x1C, 0x70, 0x7F, 0xF0,
    0xFF, 0xE1, 0xC1, 0xC3, 0x01, 0xCE, 0x03, 0x9C, 0x07, 0x30, 0x06, 0x07, 0xFE, 0x0F, 0xFC, 0x1B,
    0x00, 0x76, 0x00, 0xEC, 0x01, 0xD8, 0x03, 0x30, 0x0E, 0x7E, 0x1C, 0xFC, 0x31, 0x80, 0xFF, 0x01,
    0xFE, 0x03, 0x0C, 0x0E, 0x18, 0x1C, 0x30, 0x38, 0x7F, 0x60, 0xFE, 0x0F, 0xC0, 0xFF, 0x0E, 0x1C,
    0xE0, 0x77, 0x02, 0x30, 0x01, 0x80, 0x1C, 0x00, 0xE0, 0x07, 0x00, 0x38, 0x00, 0xC0, 0x07, 0x00,
    0x38, 0x1C, 0xE1, 0xC7, 0xFC, 0x1F, 0xC0, 0x18, 0x01, 0xF0, 0x03, 0x80, 0x7C, 0x03, 0xC0, 0x18,
    0x03, 0x80, 0x70, 0x07, 0x00, 0x60, 0x00, 0x00, 0x07, 0xFF, 0xFF, 0xFC, 0x03, 0x80, 0x70, 0x0E,
    0x01, 0xC0, 0x3F, 0xFF, 0xFF, 0xE0, 0x1C, 0x03, 0x80, 0x70, 0x0E, 0x01, 0xC0, 0x3F, 0xFF, 0xFF,
    0x03, 0x00, 0x70, 0x1C, 0x03, 0x00, 0xE0, 0x00, 0x00, 0x07, 0xFF, 0xFF, 0xFC, 0x03, 0x80, 0x70,
    0x0E, 0x01, 0xC0, 0x3F, 0xFF, 0xFF, 0xE0, 0x1C, 0x03, 0x80, 0x70, 0x0E, 0x01, 0xC0, 0x3F, 0xFF,
    0xFF, 0x0F, 0x03, 0xF0, 0xEE, 0x38, 0xE0, 0x00, 0x00, 0x3F, 0xFF, 0xFF, 0xE0, 0x1C, 0x03, 0x80,
    0x70, 0x0E, 0x01, 0xFF, 0xFF, 0xFF, 0x00, 0xE0, 0x1C, 0x03, 0x80, 0x70, 0x0E, 0x01, 0xFF, 0xFF,
    0xF8, 0x3B, 0xC7, 0x78, 0xEF, 0x00, 0x00, 0x01, 0xFF, 0xFF, 0xFF, 0x00, 0xE0, 0x1C, 0x03, 0x80,
    0x70, 0x0F, 0xFF, 0xFF, 0xF8, 0x07, 0x00, 0xE0, 0x1C, 0x03, 0x80, 0x70, 0x0F, 0xFF, 0xFF, 0xC0,
    0x18, 0x03, 0x80, 0x70, 0x07, 0x00, 0xE0, 0x00, 0x00, 0x07, 0xFF, 0xFF, 0xE1, 0xC0, 0x38, 0x07,
    0x00, 0xE0, 0x1C, 0x03, 0x80, 0x70, 0x0E, 0x01, 0xC0, 0x38, 0x07, 0x00, 0xE0, 0x1C, 0x3F, 0xFF,
    0xFF, 0x03, 0x00, 0xE0, 0x1C, 0x07, 0x00, 0xE0, 0x00, 0x00, 0x07, 0xFF, 0xFF, 0xE1, 0xC0, 0x38,
    0x07, 0x00, 0xE0, 0x1C, 0x03, 0x80, 0x70, 0x0E, 0x01, 0xC0, 0x38, 0x07, 0x00, 0xE0, 0x1C, 0x3F,
    0xFF, 0xFF, 0x1F, 0x03, 0xE0, 0xEE, 0x38, 0xE0, 0x00, 0x00, 0x3F, 0xFF, 0xFF, 0x0E, 0x01, 0xC0,
    0x38, 0x07, 0x00, 0xE0, 0x1C, 0x03, 0x80, 0x70, 0x0E, 0x01, 0xC0, 0x38, 0x07, 0x00, 0xE1, 0xFF,
    0xFF, 0xF8, 0x7B, 0x8F, 0x79, 0xEF, 0x00, 0x00, 0x01, 0xFF, 0xFF, 0xF8, 0x70, 0x0E, 0x01, 0xC0,
    0x38, 0x07, 0x00, 0xE0, 0x1C, 0x03, 0x80, 0x70, 0x0E, 0x01, 0xC0, 0x38, 0x07, 0x0F, 0xFF, 0xFF,
    0xC0, 0x3F, 0xE0, 0xFF, 0xC3, 0x87, 0x8E, 0x0E, 0x38, 0x18, 0xE0, 0x73, 0x81, 0xFF, 0xE7, 0xFF,
    0x1C, 0xE0, 0x73, 0x81, 0xCE, 0x07, 0x38, 0x18, 0xE0, 0xE3, 0x87, 0x8F, 0xFC, 0x3F, 0xE0, 0x3C,
    0x8F, 0xF8, 0x9E, 0x00, 0x00, 0x01, 0xE0, 0xFC, 0x1F, 0x83, 0xF8, 0x7F, 0x0F, 0x71, 0xEE, 0x3C,
    0xC7, 0x9C, 0xF1, 0x9E, 0x3B, 0xC7, 0x78, 0x7F, 0x0F, 0xE0, 0xFC, 0x1F, 0x83, 0xC0, 0x0C, 0x00,
    0x70, 0x03, 0x80, 0x0E, 0x00, 0x70, 0x00, 0x00, 0x00, 0x03, 0xF8, 0x3F, 0xE3, 0xC7, 0x9C, 0x1C,
    0xC0, 0x6E, 0x03, 0xF0, 0x1F, 0x80, 0xFC, 0x07, 0xE0, 0x3F, 0x01, 0xF8, 0x0E, 0xC0, 0x67, 0x07,
    0x3C, 0x78, 0xFF, 0x83, 0xF8, 0x01, 0x80, 0x1C, 0x00, 0xE0, 0x0E, 0x00, 0x70, 0x00, 0x00, 0x00,
    0x03, 0xF8, 0x3F, 0xE3, 0xC7, 0x9C, 0x1C, 0xC0, 0x6E, 0x03, 0xF0, 0x1F, 0x80, 0xFC, 0x07, 0xE0,
    0x3F, 0x01, 0xF8, 0x0E, 0xC0, 0x67, 0x07, 0x3C, 0x78, 0xFF, 0x83, 0xF8, 0x0F, 0x80, 0x7C, 0x07,
    0x70, 0x71, 0xC0, 0x00, 0x00, 0x00, 0x7F, 0x07, 0xFC, 0x78, 0xF3, 0x83, 0x98, 0x0D, 0xC0, 0x7E,
    0x03, 0xF0, 0x1F, 0x80, 0xFC, 0x07, 0xE0, 0x3F, 0x01, 0xD8, 0x0C, 0xE0, 0xE7, 0x8F, 0x1F, 0xF0,
    0x7F, 0x00, 0x1E, 0x41, 0xFF, 0x04, 0xF0, 0x00, 0x00, 0x00, 0x0F, 0xE0, 0xFF, 0x8F, 0x1E, 0x70,
    0x73, 0x01, 0xB8, 0x0F, 0xC0, 0x7E, 0x03, 0xF0, 0x1F, 0x80, 0xFC, 0x07, 0xE0, 0x3B, 0x01, 0x9C,
    0x1C, 0xF1, 0xE3, 0xFE, 0x0F, 0xE0, 0x3D, 0xC1, 0xEF, 0x0F, 0x78, 0x00, 0x00, 0x00, 0x0F, 0xE0,
    0xFF, 0x8F, 0x1E, 0x70, 0x73, 0x01, 0xB8, 0x0F, 0xC0, 0x7E, 0x03, 0xF0, 0x1F, 0x80, 0xFC, 0x07,
    0xE0, 0x3B, 0x01, 0x9C, 0x1C, 0xF1, 0xE3, 0xFE, 0x0F, 0xE0, 0x40, 0x5C, 0x1D, 0xC7, 0x1D, 0xC1,
    0xF0, 0x1C, 0x07, 0xC1, 0xDC, 0x71, 0xDC, 0x1D, 0x01, 0x00, 0x00, 0x10, 0xFF, 0xCF, 0xFC, 0xF1,
    0xE7, 0x0F, 0x30, 0x7B, 0x87, 0xFC, 0x77, 0xE3, 0xBF, 0x39, 0xF9, 0x8F, 0xDC, 0x7F, 0xC3, 0xFC,
    0x19, 0xE1, 0xCF, 0x1E, 0x7F, 0xE7, 0xFE, 0x30, 0x00, 0x18, 0x03, 0x80, 0x70, 0x07, 0x00, 0xE0,
    0x00, 0x00, 0x06, 0x03, 0xC0, 0x78, 0x0F, 0x01, 0xE0, 0x3C, 0x07, 0x80, 0xF0, 0x1E, 0x03, 0xC0,
    0x78, 0x0F, 0x83, 0xF0, 0x7E, 0x0F, 0xE3, 0xDF, 0xF1, 0xFC, 0x03, 0x00, 0xE0, 0x1C, 0x07, 0x00,
    0xE0, 0x00, 0x00, 0x06, 0x03, 0xC0, 0x78, 0x0F, 0x01, 0xE0, 0x3C, 0x07, 0x80, 0xF0, 0x1E, 0x03,
    0xC0, 0x78, 0x0F, 0x83, 0xF0, 0x7E, 0x0F, 0xE3, 0xDF, 0xF1, 0xFC, 0x1F, 0x03, 0xE0, 0xEE, 0x38,
    0xE0, 0x00, 0x00, 0x30, 0x1E, 0x03, 0xC0, 0x78, 0x0F, 0x01, 0xE0, 0x3C, 0x07, 0x80, 0xF0, 0x1E,
    0x03, 0xC0, 0x7C, 0x1F, 0x83, 0xF0, 0x7F, 0x1E, 0xFF, 0x8F, 0xE0, 0x7B, 0x8F, 0x79, 0xEF, 0x00,
    0x00, 0x01, 0x80, 0xF0, 0x1E, 0x03, 0xC0, 0x78, 0x0F, 0x01, 0xE0, 0x3C, 0x07, 0x80, 0xF0, 0x1E,
    0x03, 0xE0, 0xFC, 0x1F, 0x83, 0xF8, 0xF7, 0xFC, 0x7F, 0x00, 0x00, 0xC0, 0x03, 0x80, 0x07, 0x00,
    0x1C, 0x00, 0x38, 0x00, 0x00, 0x00, 0x00, 0x78, 0x07, 0x70, 0x1C, 0xF0, 0x78, 0xE0, 0xE0, 0xE3,
    0x81, 0xC7, 0x01, 0xDC, 0x03, 0xB8, 0x03, 0xE0, 0x03, 0x80, 0x07, 0x00, 0x0E, 0x00, 0x1C, 0x00,
    0x38, 0x00, 0x70, 0x00, 0xE0, 0x01, 0xC0, 0xE0, 0x0E, 0x00, 0xE0, 0x0F, 0xF8, 0xFF, 0xEE, 0x1E,
    0xE0, 0x7E, 0x07, 0xE0, 0x7E, 0x07, 0xE0, 0xEF, 0xFE, 0xFF, 0xCE, 0x00, 0xE0, 0x0E, 0x00, 0xE0,
    0x00, 0x0F, 0xE0, 0x3F, 0xE0, 0x71, 0xC1, 0xC1, 0xC3, 0x83, 0x9F, 0x1F, 0x3E, 0x7E, 0x1D, 0xC0,
    0x3B, 0x80, 0x77, 0x00, 0xE7, 0x81, 0xC7, 0xC3, 0x83, 0xC7, 0x01, 0xCE, 0x03, 0x9D, 0x87, 0x3B,
    0xFC, 0x73, 0xF0, 0x08, 0x00, 0xE0, 0x03, 0x00, 0x1C, 0x00, 0x60, 0x00, 0x00, 0x00, 0x03, 0xF0,
    0x7F, 0xC3, 0x87, 0x08, 0x38, 0x00, 0xC1, 0xFE, 0x3F, 0xF1, 0xE1, 0x9C, 0x0C, 0xE0, 0xE3, 0x8F,
    0x1F, 0xFE, 0x7E, 0xF0, 0x01, 0x00, 0x1C, 0x00, 0xE0, 0x0E, 0x00, 0x60, 0x01, 0x00, 0x00, 0x03,
    0xF0, 0x7F, 0xC3, 0x87, 0x08, 0x38, 0x00, 0xC1, 0xFE, 0x3F, 0xF1, 0xE1, 0x9C, 0x0C, 0xE0, 0xE3,
    0x8F, 0x1F, 0xFE, 0x7E, 0xF0, 0x0F, 0x00, 0xFC, 0x0E, 0x70, 0x61, 0x80, 0x00, 0x00, 0x00, 0x7E,
    0x0F, 0xF8, 0x70, 0xE1, 0x07, 0x00, 0x18, 0x3F, 0xC7, 0xFE, 0x3C, 0x33, 0x81, 0x9C, 0x1C, 0x71,
    0xE3, 0xFF, 0xCF, 0xDE, 0x3E, 0x41, 0xFE, 0x09, 0xF0, 0x00, 0x00, 0x00, 0x0F, 0xC1, 0xFF, 0x0E,
    0x1C, 0x20, 0xE0, 0x03, 0x07, 0xF8, 0xFF, 0xC7, 0x86, 0x70, 0x33, 0x83, 0x8E, 0x3C, 0x7F, 0xF9,
    0xFB, 0xC0, 0x39, 0xC1, 0xCE, 0x0E, 0x70, 0x00, 0x00, 0x00, 0x0F, 0xC1, 0xFF, 0x0E, 0x1C, 0x20,
    0xE0, 0x03, 0x07, 0xF8, 0xFF, 0xC7, 0x86, 0x70, 0x33, 0x83, 0x8E, 0x3C, 0x7F, 0xF9, 0xFB, 0xC0,
    0x0F, 0x00, 0xEC, 0x06, 0x60, 0x33, 0x01, 0xD8, 0x07, 0x80, 0x00, 0x03, 0xF0, 0x7F, 0xC3, 0x87,
    0x08, 0x38, 0x00, 0xC1, 0xFE, 0x3F, 0xF1, 0xE1, 0x9C, 0x0C, 0xE0, 0xE3, 0x8F, 0x1F, 0xFE, 0x7E,
    0xF0, 0x3E, 0xF8, 0xFF, 0xFB, 0x8E, 0x3A, 0x1C, 0x70, 0x38, 0x67, 0xFF, 0xDF, 0xFF, 0xF9, 0xC0,
    0xE3, 0x81, 0xC7, 0x1B, 0x9E, 0x3B, 0xFF, 0xE7, 0xCF, 0x80, 0x1F, 0x8F, 0xF9, 0xC3, 0xF0, 0x2E,
    0x01, 0xC0, 0x38, 0x07, 0x00, 0xE0, 0x1C, 0x0D, 0xC3, 0xBF, 0xE1, 0xF8, 0x18, 0x03, 0xC0, 0x1C,
    0x1F, 0x83, 0xE0, 0x04, 0x00, 0x60, 0x03, 0x80, 0x0C, 0x00, 0x70, 0x01, 0x00, 0x00, 0x03, 0xF8,
    0x3F, 0xE3, 0xC7, 0x9C, 0x1C, 0xC0, 0x7F, 0xFF, 0xFF, 0xFF, 0x80, 0x0C, 0x00, 0x70, 0x33, 0xC3,
    0x8F, 0xF8, 0x3F, 0x80, 0x01, 0x00, 0x0E, 0x00, 0xE0, 0x06, 0x00, 0x70, 0x01, 0x00, 0x00, 0x03,
    0xF8, 0x3F, 0xE3, 0xC7, 0x9C, 0x1C, 0xC0, 0x7F, 0xFF, 0xFF, 0xFF, 0x80, 0x0C, 0x00, 0x70, 0x33,
    0xC3, 0x8F, 0xF8, 0x3F, 0x80, 0x0F, 0x80, 0x7C, 0x07, 0x70, 0x71, 0xC0, 0x00, 0x00, 0x00, 0x7F,
    0x07, 0xFC, 0x78, 0xF3, 0x83, 0x98, 0x0F, 0xFF, 0xFF, 0xFF, 0xF0, 0x01, 0x80, 0x0E, 0x06, 0x78,
    0x71, 0xFF, 0x07, 0xF0, 0x1D, 0xE1, 0xEF, 0x0F, 0x78, 0x00, 0x00, 0x00, 0x0F, 0xE0, 0xFF, 0x8F,
    0x1E, 0x70, 0x73, 0x01, 0xFF, 0xFF, 0xFF, 0xFE, 0x00, 0x30, 0x01, 0xC0, 0xCF, 0x0E, 0x3F, 0xE0,
    0xFE, 0x00, 0x04, 0x01, 0xC0, 0x0E, 0x00, 0xE0, 0x07, 0x00, 0x20, 0x00, 0x0F, 0xF0, 0xFF, 0x00,
    0x70, 0x07, 0x00, 0x70, 0x07, 0x00, 0x70, 0x07, 0x00, 0x70, 0x07, 0x00, 0x70, 0xFF, 0xFF, 0xFF,
    0x01, 0x00, 0x38, 0x03, 0x80, 0x70, 0x06, 0x00, 0x20, 0x00, 0x0F, 0xF0, 0xFF, 0x00, 0x70, 0x07,
    0x00, 0x70, 0x07, 0x00, 0x70, 0x07, 0x00, 0x70, 0x07, 0x00, 0x70, 0xFF, 0xFF, 0xFF, 0x0F, 0x01,
    0xF8, 0x1D, 0xC3, 0x8C, 0x00, 0x00, 0x00, 0xFF, 0x0F, 0xF0, 0x07, 0x00, 0x70, 0x07, 0x00, 0x70,
    0x07, 0x00, 0x70, 0x07, 0x00, 0x70, 0x07, 0x0F, 0xFF, 0xFF, 0xF0, 0x3D, 0xC3, 0xDC, 0x3D, 0xC0,
    0x00, 0x00, 0x0F, 0xF0, 0xFF, 0x00, 0x70, 0x07, 0x00, 0x70, 0x07, 0x00, 0x70, 0x07, 0x00, 0x70,
    0x07, 0x00, 0x70, 0xFF, 0xFF, 0xFF, 0x00, 0x41, 0xFF, 0x03, 0xF0, 0x1F, 0x01, 0xDC, 0x00, 0x70,
    0x7F, 0x87, 0xFE, 0x78, 0xF3, 0x83, 0x98, 0x0F, 0xC0, 0x7E, 0x03, 0xF0, 0x1D, 0x80, 0xCE, 0x0E,
    0x78, 0xF1, 0xFF, 0x07, 0xF0, 0x3C, 0x0F, 0xF8, 0x9E, 0x00, 0x00, 0x01, 0xDF, 0x3F, 0xF7, 0x8F,
    0xE0, 0xFC, 0x1F, 0x83, 0xF0, 0x7E, 0x0F, 0xC1, 0xF8, 0x3F, 0x07, 0xE0, 0xFC, 0x1C, 0x04, 0x00,
    0x60, 0x03, 0x80, 0x0C, 0x00, 0x70, 0x01, 0x00, 0x00, 0x03, 0xF8, 0x3F, 0xE3, 0xC7, 0x9C, 0x1C,
    0xC0, 0x6E, 0x03, 0xF0, 0x1F, 0x80, 0xEC, 0x06, 0x70, 0x73, 0xC7, 0x8F, 0xF8, 0x3F, 0x80, 0x01,
    0x00, 0x0C, 0x00, 0xE0, 0x06, 0x00, 0x70, 0x01, 0x00, 0x00, 0x03, 0xF8, 0x3F, 0xE3, 0xC7, 0x9C,
    0x1C, 0xC0, 0x6E, 0x03, 0xF0, 0x1F, 0x80, 0xEC, 0x06, 0x70, 0x73, 0xC7, 0x8F, 0xF8, 0x3F, 0x80,
    0x0F, 0x80, 0x7C, 0x07, 0x70, 0x71, 0xC0, 0x00, 0x00, 0x00, 0x7F, 0x07, 0xFC, 0x78, 0xF3, 0x83,
    0x98, 0x0D, 0xC0, 0x7E, 0x03, 0xF0, 0x1D, 0x80, 0xCE, 0x0E, 0x78, 0xF1, 0xFF, 0x07, 0xF0, 0x1E,
    0x41, 0xFF, 0x04, 0xF0, 0x00, 0x00, 0x00, 0x0F, 0xE0, 0xFF, 0x8F, 0x1E, 0x70, 0x73, 0x01, 0xB8,
    0x0F, 0xC0, 0x7E, 0x03, 0xB0, 0x19, 0xC1, 0xCF, 0x1E, 0x3F, 0xE0, 0xFE, 0x00, 0x3D, 0xC1, 0xEF,
    0x0F, 0x78, 0x00, 0x00, 0x00, 0x0F, 0xE0, 0xFF, 0x8F, 0x1E, 0x70, 0x73, 0x01, 0xB8, 0x0F, 0xC0,
    0x7E, 0x03, 0xB0, 0x19, 0xC1, 0xCF, 0x1E, 0x3F, 0xE0, 0xFE, 0x00, 0x07, 0x00, 0x38, 0x01, 0xC0,
    0x00, 0x00, 0x00, 0x7F, 0xFF, 0xFF, 0xE0, 0x00, 0x00, 0x00, 0x38, 0x01, 0xC0, 0x0E, 0x00, 0x00,
    0x18, 0xFF, 0xCF, 0xFC, 0xF1, 0xE7, 0x0F, 0x30, 0xFB, 0x8E, 0xFC, 0xE7, 0xEE, 0x3B, 0xE1, 0x9E,
    0x1C, 0xF1, 0xE7, 0xFE, 0x7F, 0xE3, 0x00, 0x00, 0x08, 0x07, 0x00, 0x70, 0x06, 0x00, 0xE0, 0x08,
    0x00, 0x07, 0x07, 0xE0, 0xFC, 0x1F, 0x83, 0xF0, 0x7E, 0x0F, 0xC1, 0xF8, 0x3F, 0x07, 0xE0, 0xFE,
    0x3D, 0xFF, 0x9F, 0x70, 0x02, 0x00, 0x60, 0x1C, 0x03, 0x00, 0xE0, 0x08, 0x00, 0x07, 0x07, 0xE0,
    0xFC, 0x1F, 0x83, 0xF0, 0x7E, 0x0F, 0xC1, 0xF8, 0x3F, 0x07, 0xE0, 0xFE, 0x3D, 0xFF, 0x9F, 0x70,
    0x1F, 0x03, 0xE0, 0xEE, 0x38, 0xE0, 0x00, 0x00, 0x38, 0x3F, 0x07, 0xE0, 0xFC, 0x1F, 0x83, 0xF0,
    0x7E, 0x0F, 0xC1, 0xF8, 0x3F, 0x07, 0xF1, 0xEF, 0xFC, 0xFB, 0x80, 0x7B, 0x8F, 0x71, 0xEE, 0x00,
    0x00, 0x01, 0xC1, 0xF8, 0x3F, 0x07, 0xE0, 0xFC, 0x1F, 0x83, 0xF0, 0x7E, 0x0F, 0xC1, 0xF8, 0x3F,
    0x8F, 0x7F, 0xE7, 0xDC, 0x01, 0x00, 0x0C, 0x00, 0xE0, 0x06, 0x00, 0x70, 0x01, 0x00, 0x00, 0x1C,
    0x07, 0x60, 0x33, 0x83, 0x9C, 0x1C, 0x70, 0xC3, 0x8E, 0x0C, 0x60, 0x77, 0x03, 0xB8, 0x0F, 0x80,
    0x7C, 0x01, 0xC0, 0x0E, 0x00, 0x70, 0x07, 0x00, 0x38, 0x0F, 0x80, 0x7C, 0x00, 0xE0, 0x0E, 0x00,
    0xE0, 0x0E, 0x00, 0xE0, 0x0E, 0xF8, 0xFF, 0xCF, 0x1E, 0xE0, 0xEE, 0x07, 0xE0, 0x7E, 0x07, 0xE0,
    0x7E, 0x07, 0xE0, 0xEF, 0x1E, 0xFF, 0xCE, 0xF8, 0xE0, 0x0E, 0x00, 0xE0, 0x0E, 0x00, 0xE0, 0x00,
    0x3D, 0xC1, 0xEF, 0x0F, 0x78, 0x00, 0x00, 0x00, 0x70, 0x1D, 0x80, 0xCE, 0x0E, 0x70, 0x71, 0xC3,
    0x0E, 0x38, 0x31, 0x81, 0xDC, 0x0E, 0xE0, 0x3E, 0x01, 0xF0, 0x07, 0x00, 0x38, 0x01, 0xC0, 0x1C,
    0x00, 0xE0, 0x3E, 0x01, 0xF0, 0x00, 0x0F, 0xE0, 0x1F, 0xC0, 0x00, 0x00, 0x00, 0x00, 0x00, 0x00,
    0x70, 0x01, 0xF0, 0x03, 0xE0, 0x06, 0xC0, 0x1D, 0xC0, 0x3B, 0x80, 0x63, 0x01, 0xC7, 0x03, 0x8E,
    0x07, 0x1C, 0x1F, 0xFC, 0x3F, 0xF8, 0x70, 0x70, 0xC0, 0x73, 0x80, 0xE7, 0x01, 0xCC, 0x01, 0x80,
    0x3F, 0xC1, 0xFE, 0x00, 0x00, 0x00, 0x00, 0x00, 0x0F, 0xC1, 0xFF, 0x0E, 0x1C, 0x20, 0xE0, 0x03,
    0x07, 0xF8, 0xFF, 0xC7, 0x86, 0x70, 0x33, 0x83, 0x8E, 0x3C, 0x7F, 0xF9, 0xFB, 0xC0, 0x08, 0x20,
    0x38, 0xE0, 0x31, 0x80, 0x7F, 0x00, 0x7C, 0x00, 0x00, 0x00, 0x00, 0x01, 0xC0, 0x07, 0xC0, 0x0F,
    0x80, 0x1B, 0x00, 0x77, 0x00, 0xEE, 0x01, 0x8C, 0x07, 0x1C, 0x0E, 0x38, 0x1C, 0x70, 0x7F, 0xF0,
    0xFF, 0xE1, 0xC1, 0xC3, 0x01, 0xCE, 0x03, 0x9C, 0x07, 0x30, 0x06, 0x10, 0x01, 0x86, 0x0E, 0x70,
    0x3F, 0x00, 0xF8, 0x00, 0x00, 0x00, 0x03, 0xF0, 0x7F, 0xC3, 0x87, 0x08, 0x38, 0x00, 0xC1, 0xFE,
    0x3F, 0xF1, 0xE1, 0x9C, 0x0C, 0xE0, 0xE3, 0x8F, 0x1F, 0xFE, 0x7E, 0xF0, 0x03, 0x80, 0x0F, 0x80,
    0x1F, 0x00, 0x36, 0x00, 0xEE, 0x01, 0xDC, 0x03, 0x18, 0x0E, 0x38, 0x1C, 0x70, 0x38, 0xE0, 0xFF,
    0xE1, 0xFF, 0xC3, 0x83, 0x86, 0x03, 0x9C, 0x07, 0x38, 0x0E, 0x60, 0x1C, 0x00, 0x38, 0x00, 0xE0,
    0x03, 0x80, 0x07, 0xE0, 0x07, 0xC0, 0x1F, 0x81, 0xFF, 0x07, 0x0E, 0x08, 0x38, 0x00, 0x60, 0x7F,
    0x87, 0xFE, 0x1E, 0x18, 0xE0, 0x63, 0x83, 0x87, 0x1E, 0x1F, 0xFE, 0x3F, 0x38, 0x01, 0xC0, 0x0E,
    0x00, 0x30, 0x00, 0xF8, 0x01, 0xE0, 0x00, 0x80, 0x0E, 0x00, 0x70, 0x07, 0x00, 0x30, 0x00, 0x00,
    0x00, 0x01, 0xF8, 0x3F, 0xE1, 0xC3, 0x9C, 0x0E, 0xE0, 0x46, 0x00, 0x70, 0x03, 0x80, 0x1C, 0x00,
    0xE0, 0x07, 0x00, 0x18, 0x00, 0xE0, 0x07, 0x03, 0x9C, 0x38, 0xFF, 0x81, 0xF8, 0x03, 0x00, 0x70,
    0x1C, 0x03, 0x80, 0x60, 0x08, 0x00, 0x00, 0xFC, 0x7F, 0xCE, 0x1F, 0x81, 0x70, 0x0E, 0x01, 0xC0,
    0x38, 0x07, 0x00, 0xE0, 0x6E, 0x1D, 0xFF, 0x0F, 0xC0, 0x07, 0x80, 0x7E, 0x03, 0xB8, 0x38, 0xC0,
    0x00, 0x00, 0x00, 0x3F, 0x07, 0xFC, 0x38, 0x73, 0x81, 0xDC, 0x08, 0xC0, 0x0E, 0x00, 0x70, 0x03,
    0x80, 0x1C, 0x00, 0xE0, 0x03, 0x00, 0x1C, 0x00, 0xE0, 0x73, 0x87, 0x1F, 0xF0, 0x3F, 0x00, 0x0F,
    0x03, 0xF0, 0xEE, 0x18, 0xE0, 0x00, 0x00, 0x07, 0xE3, 0xFE, 0x70, 0xFC, 0x0B, 0x80, 0x70, 0x0E,
    0x01, 0xC0, 0x38, 0x07, 0x03, 0x70, 0xEF, 0xF8, 0x7E, 0x00, 0x03, 0x80, 0x1C, 0x00, 0xE0, 0x00,
    0x00, 0x00, 0x07, 0xE0, 0xFF, 0x87, 0x0E, 0x70, 0x3B, 0x81, 0x18, 0x01, 0xC0, 0x0E, 0x00, 0x70,
    0x03, 0x80, 0x1C, 0x00, 0x60, 0x03, 0x80, 0x1C, 0x0E, 0x70, 0xE3, 0xFE, 0x07, 0xE0, 0x0E, 0x01,
    0xE0, 0x3C, 0x00, 0x00, 0x00, 0x3F, 0x1F, 0xF3, 0x87, 0xE0, 0x5C, 0x03, 0x80, 0x70, 0x0E, 0x01,
    0xC0, 0x38, 0x1B, 0x87, 0x7F, 0xC3, 0xF0, 0x00, 0x00, 0xE3, 0x03, 0xB8, 0x1F, 0x80, 0x78, 0x00,
    0x00, 0x00, 0x01, 0xF8, 0x3F, 0xE1, 0xC3, 0x9C, 0x0E, 0xE0, 0x46, 0x00, 0x70, 0x03, 0x80, 0x1C,
    0x00, 0xE0, 0x07, 0x00, 0x18, 0x00, 0xE0, 0x07, 0x03, 0x9C, 0x38, 0xFF, 0x81, 0xF8, 0x00, 0x06,
    0x38, 0xEF, 0x0F, 0xC0, 0xF0, 0x00, 0x00, 0x00, 0xFC, 0x7F, 0xCE, 0x1F, 0x81, 0x70, 0x0E, 0x01,
    0xC0, 0x38, 0x07, 0x00, 0xE0, 0x6E, 0x1D, 0xFF, 0x0F, 0xC0, 0x00, 0x06, 0x18, 0x73, 0x83, 0xF0,
    0x1E, 0x00, 0x00, 0x00, 0x0F, 0xF8, 0xFF, 0xCE, 0x1E, 0xE0, 0xEE, 0x06, 0xE0, 0x7E, 0x07, 0xE0,
    0x7E, 0x07, 0xE0, 0x7E, 0x07, 0xE0, 0x7E, 0x06, 0xE0, 0xEE, 0x1E, 0xFF, 0xCF, 0xF8, 0x00, 0xEE,
    0x00, 0xEE, 0x00, 0xEE, 0x00, 0xEE, 0x00, 0xEC, 0x3F, 0xE0, 0x7F, 0xE0, 0x71, 0xE0, 0xE0, 0xE0,
    0xE0, 0xE0, 0xE0, 0xE0, 0xE0, 0xE0, 0xE0, 0xE0, 0xE0, 0xE0, 0xE0, 0xE0, 0x71, 0xE0, 0x7F, 0xE0,
    0x3F, 0xE0, 0x3F, 0xE0, 0xFF, 0xC3, 0x87, 0x8E, 0x0E, 0x38, 0x18, 0xE0, 0x73, 0x81, 0xFF, 0xE7,
    0xFF, 0x1C, 0xE0, 0x73, 0x81, 0xCE, 0x07, 0x38, 0x18, 0xE0, 0xE3, 0x87, 0x8F, 0xFC, 0x3F, 0xE0,
    0x00, 0x70, 0x1F, 0xF0, 0x7F, 0xC0, 0x1C, 0x00, 0x70, 0x7D, 0xC3, 0xFF, 0x1E, 0x3C, 0x70, 0x73,
    0x81, 0xCE, 0x07, 0x38, 0x1C, 0xE0, 0x73, 0x81, 0xC7, 0x07, 0x1E, 0x3C, 0x3F, 0xF0, 0x7D, 0xC0,
    0x3F, 0x87, 0xF8, 0x00, 0x00, 0x00, 0x01, 0xFF, 0xFF, 0xFF, 0x00, 0xE0, 0x1C, 0x03, 0x80, 0x70,
    0x0F, 0xFF, 0xFF, 0xF8, 0x07, 0x00, 0xE0, 0x1C, 0x03, 0x80, 0x70, 0x0F, 0xFF, 0xFF, 0xC0, 0x1F,
    0xC0, 0xFE, 0x00, 0x00, 0x00, 0x00, 0x00, 0x0F, 0xE0, 0xFF, 0x8F, 0x1E, 0x70, 0x73, 0x01, 0xFF,
    0xFF, 0xFF, 0xFE, 0x00, 0x30, 0x01, 0xC0, 0xCF, 0x0E, 0x3F, 0xE0, 0xFE, 0x00, 0x20, 0x8E, 0x38,
    0xE7, 0x1F, 0xC1, 0xF0, 0x00, 0x00, 0x07, 0xFF, 0xFF, 0xFC, 0x03, 0x80, 0x70, 0x0E, 0x01, 0xC0,
    0x3F, 0xFF, 0xFF, 0xE0, 0x1C, 0x03, 0x80, 0x70, 0x0E, 0x01, 0xC0, 0x3F, 0xFF, 0xFF, 0x10, 0x41,
    0xC7, 0x07, 0x30, 0x3F, 0x80, 0xF8, 0x00, 0x00, 0x00, 0x03, 0xF8, 0x3F, 0xE3, 0xC7, 0x9C, 0x1C,
    0xC0, 0x7F, 0xFF, 0xFF, 0xFF, 0x80, 0x0C, 0x00, 0x70, 0x33, 0xC3, 0x8F, 0xF8, 0x3F, 0x80, 0x0E,
    0x01, 0xC0, 0x38, 0x00, 0x00, 0x01, 0xFF, 0xFF, 0xFF, 0x00, 0xE0, 0x1C, 0x03, 0x80, 0x70, 0x0F,
    0xFF, 0xFF, 0xF8, 0x07, 0x00, 0xE0, 0x1C, 0x03, 0x80, 0x70, 0x0F, 0xFF, 0xFF, 0xC0, 0x07, 0x00,
    0x38, 0x01, 0xC0, 0x00, 0x00, 0x00, 0x0F, 0xE0, 0xFF, 0x8F, 0x1E, 0x70, 0x73, 0x01, 0xFF, 0xFF,
    0xFF, 0xFE, 0x00, 0x30, 0x01, 0xC0, 0xCF, 0x0E, 0x3F, 0xE0, 0xFE, 0x00, 0xFF, 0xEF, 0xFE, 0xE0,
    0x0E, 0x00, 0xE0, 0x0E, 0x00, 0xE0, 0x0F, 0xFE, 0xFF, 0xEE, 0x00, 0xE0, 0x0E, 0x00, 0xE0, 0x0E,
    0x00, 0xE0, 0x0F, 0xFE, 0xFF, 0xE0, 0x0E, 0x01, 0x80, 0x38, 0x03, 0xF0, 0x1E, 0x1F, 0xC1, 0xFF,
    0x1E, 0x3C, 0xE0, 0xE6, 0x03, 0xFF, 0xFF, 0xFF, 0xFC, 0x00, 0x60, 0x03, 0x81, 0x9E, 0x1C, 0x7F,
    0xC1, 0xFC, 0x01, 0xC0, 0x1C, 0x00, 0xC0, 0x07, 0xC0, 0x1E, 0x00, 0x00, 0x0E, 0x38, 0xEE, 0x0F,
    0xC0, 0xF0, 0x00, 0x00, 0x07, 0xFF, 0xFF, 0xFC, 0x03, 0x80, 0x70, 0x0E, 0x01, 0xC0, 0x3F, 0xFF,
    0xFF, 0xE0, 0x1C, 0x03, 0x80, 0x70, 0x0E, 0x01, 0xC0, 0x3F, 0xFF, 0xFF, 0x00, 0x01, 0xC7, 0x07,
    0x70, 0x1F, 0x00, 0xF8, 0x00, 0x00, 0x00, 0x03, 0xF8, 0x3F, 0xE3, 0xC7, 0x9C, 0x1C, 0xC0, 0x7F,
    0xFF, 0xFF, 0xFF, 0x80, 0x0C, 0x00, 0x70, 0x33, 0xC3, 0x8F, 0xF8, 0x3F, 0x80, 0x07, 0x80, 0x7E,
    0x07, 0x70, 0x71, 0xC0, 0x00, 0x00, 0x00, 0x7F, 0x07, 0xFC, 0x78, 0xF3, 0x83, 0x98, 0x09, 0xC0,
    0x0E, 0x00, 0x70, 0x03, 0x8F, 0xDC, 0x7E, 0xE0, 0x37, 0x01, 0xB8, 0x0C, 0xE0, 0xE7, 0x8F, 0x1F,
    0xF8, 0x7E, 0xC0, 0x0F, 0x80, 0xF8, 0x1D, 0xC3, 0x8E, 0x00, 0x00, 0x00, 0x1F, 0x73, 0xFF, 0x78,
    0xF7, 0x07, 0xE0, 0x7E, 0x07, 0xE0, 0x7E, 0x07, 0xE0, 0x77, 0x07, 0x78, 0xF3, 0xFF, 0x1F, 0x70,
    0x07, 0x00, 0x73, 0x0E, 0x7F, 0xE3, 0xF8, 0x10, 0x41, 0xC7, 0x07, 0x38, 0x3F, 0x80, 0xF8, 0x00,
    0x00, 0x00, 0x03, 0xF8, 0x3F, 0xE3, 0xC7, 0x9C, 0x1C, 0xC0, 0x4E, 0x00, 0x70, 0x03, 0x80, 0x1C,
    0x7E, 0xE3, 0xF7, 0x01, 0xB8, 0x0D, 0xC0, 0x67, 0x07, 0x3C, 0x78, 0xFF, 0xC3, 0xF6, 0x10, 0x43,
    0x8E, 0x19, 0xC1, 0xFC, 0x0F, 0x80, 0x00, 0x00, 0x01, 0xF7, 0x3F, 0xF7, 0x8F, 0x70, 0x7E, 0x07,
    0xE0, 0x7E, 0x07, 0xE0, 0x7E, 0x07, 0x70, 0x77, 0x8F, 0x3F, 0xF1, 0xF7, 0x00, 0x70, 0x07, 0x30,
    0xE7, 0xFE, 0x3F, 0x80, 0x07, 0x00, 0x38, 0x01, 0xC0, 0x00, 0x00, 0x00, 0x0F, 0xE0, 0xFF, 0x8F,
    0x1E, 0x70, 0x73, 0x01, 0x38, 0x01, 0xC0, 0x0E, 0x00, 0x71, 0xFB, 0x8F, 0xDC, 0x06, 0xE0, 0x37,
    0x01, 0x9C, 0x1C, 0xF1, 0xE3, 0xFF, 0x0F, 0xD8, 0x0F, 0x00, 0xF0, 0x0F, 0x00, 0x00, 0x00, 0x01,
    0xF7, 0x3F, 0xF7, 0x8F, 0x70, 0x7E, 0x07, 0xE0, 0x7E, 0x07, 0xE0, 0x7E, 0x07, 0x70, 0x77, 0x8F,
    0x3F, 0xF1, 0xF7, 0x00, 0x70, 0x07, 0x30, 0xE7, 0xFE, 0x3F, 0x80, 0x1F, 0xC1, 0xFF, 0x1E, 0x3C,
    0xE0, 0xE6, 0x02, 0x70, 0x03, 0x80, 0x1C, 0x00, 0xE3, 0xF7, 0x1F, 0xB8, 0x0D, 0xC0, 0x6E, 0x03,
    0x38, 0x39, 0xE3, 0xC7, 0xFE, 0x1F, 0xB0, 0x00, 0x01, 0xC0, 0x0E, 0x00, 0xE0, 0x07, 0x00, 0x38,
    0x00, 0x03, 0x00, 0x30, 0x07, 0x00, 0x70, 0x07, 0x00, 0x00, 0x1F, 0x73, 0xFF, 0x78, 0xF7, 0x07,
    0xE0, 0x7E, 0x07, 0xE0, 0x7E, 0x07, 0xE0, 0x77, 0x07, 0x78, 0xF3, 0xFF, 0x1F, 0x70, 0x07, 0x00,
    0x73, 0x0E, 0x7F, 0xE3, 0xF8, 0x1F, 0x03, 0xE0, 0xEE, 0x38, 0xE0, 0x00, 0x00, 0x30, 0x1E, 0x03,
    0xC0, 0x78, 0x0F, 0x01, 0xE0, 0x3C, 0x07, 0xFF, 0xFF, 0xFE, 0x03, 0xC0, 0x78, 0x0F, 0x01, 0xE0,
    0x3C, 0x07, 0x80, 0xF0, 0x18, 0x3E, 0x00, 0xF8, 0x07, 0x70, 0x38, 0xE0, 0x00, 0x00, 0x00, 0x01,
    0xC0, 0x07, 0x00, 0x1C, 0x00, 0x70, 0x01, 0xC0, 0x07, 0x7C, 0x1F, 0xF8, 0x78, 0xF1, 0xC1, 0xC7,
    0x07, 0x1C, 0x1C, 0x70, 0x71, 0xC1, 0xC7, 0x07, 0x1C, 0x1C, 0x70, 0x71, 0xC1, 0xC7, 0x07, 0x30,
    0x18, 0x60, 0x33, 0xFF, 0xFF, 0xFF, 0xF3, 0x01, 0x86, 0x03, 0x0C, 0x06, 0x1F, 0xFC, 0x3F, 0xF8,
    0x60, 0x30, 0xC0, 0x61, 0x80, 0xC3, 0x01, 0x86, 0x03, 0x0C, 0x06, 0x18, 0x0C, 0x30, 0x18, 0x38,
    0x03, 0xFC, 0x3F, 0xE0, 0x70, 0x03, 0x80, 0x1D, 0xF0, 0xFF, 0xC7, 0x8F, 0x38, 0x39, 0xC1, 0xCE,
    0x0E, 0x70, 0x73, 0x83, 0x9C, 0x1C, 0xE0, 0xE7, 0x07, 0x38, 0x39, 0xC1, 0xC0, 0x3C, 0x8F, 0xF8,
    0x9E, 0x00, 0x00, 0x01, 0xFF, 0xFF, 0xF8, 0x70, 0x0E, 0x01, 0xC0, 0x38, 0x07, 0x00, 0xE0, 0x1C,
    0x03, 0x80, 0x70, 0x0E, 0x01, 0xC0, 0x38, 0x07, 0x0F, 0xFF, 0xFF, 0xC0, 0x3E, 0x43, 0xFE, 0x03,
    0xC0, 0x00, 0x00, 0x0F, 0xF0, 0xFF, 0x00, 0x70, 0x07, 0x00, 0x70, 0x07, 0x00, 0x70, 0x07, 0x00,
    0x70, 0x07, 0x00, 0x70, 0xFF, 0xFF, 0xFF, 0x3F, 0x87, 0xF0, 0x00, 0x00, 0x00, 0x01, 0xFF, 0xFF,
    0xF8, 0x70, 0x0E, 0x01, 0xC0, 0x38, 0x07, 0x00, 0xE0, 0x1C, 0x03, 0x80, 0x70, 0x0E, 0x01, 0xC0,
    0x38, 0x07, 0x0F, 0xFF, 0xFF, 0xC0, 0x3F, 0xC3, 0xFC, 0x00, 0x00, 0x00, 0x00, 0x0F, 0xF0, 0xFF,
    0x00, 0x70, 0x07, 0x00, 0x70, 0x07, 0x00, 0x70, 0x07, 0x00, 0x70, 0x07, 0x00, 0x70, 0xFF, 0xFF,
    0xFF, 0x20, 0x8E, 0x38, 0xC6, 0x1F, 0xC1, 0xF0, 0x00, 0x00, 0x07, 0xFF, 0xFF, 0xE1, 0xC0, 0x38,
    0x07, 0x00, 0xE0, 0x1C, 0x03, 0x80, 0x70, 0x0E, 0x01, 0xC0, 0x38, 0x07, 0x00, 0xE0, 0x1C, 0x3F,
    0xFF, 0xFF, 0x10, 0x43, 0x8E, 0x39, 0xC1, 0xFC, 0x0F, 0x80, 0x00, 0x00, 0x0F, 0xF0, 0xFF, 0x00,
    0x70, 0x07, 0x00, 0x70, 0x07, 0x00, 0x70, 0x07, 0x00, 0x70, 0x07, 0x00, 0x70, 0xFF, 0xFF, 0xFF,
    0xFF, 0xEF, 0xFE, 0x0E, 0x00, 0xE0, 0x0E, 0x00, 0xE0, 0x0E, 0x00, 0xE0, 0x0E, 0x00, 0xE0, 0x0E,
    0x00, 0xE0, 0x0E, 0x00, 0xE0, 0x0E, 0x0F, 0xFE, 0xFF, 0xE0, 0x0E, 0x01, 0x80, 0x38, 0x03, 0xF0,
    0x1E, 0x07, 0x00, 0x38, 0x01, 0xC0, 0x00, 0x00, 0x00, 0x7F, 0x83, 0xFC, 0x00, 0xE0, 0x07, 0x00,
    0x38, 0x01, 0xC0, 0x0E, 0x00, 0x70, 0x03, 0x80, 0x1C, 0x00, 0xE0, 0xFF, 0xF7, 0xFF, 0x80, 0x38,
    0x03, 0x80, 0x18, 0x00, 0xF8, 0x07, 0xC0, 0x0E, 0x01, 0xC0, 0x38, 0x00, 0x00, 0x01, 0xFF, 0xFF,
    0xF8, 0x70, 0x0E, 0x01, 0xC0, 0x38, 0x07, 0x00, 0xE0, 0x1C, 0x03, 0x80, 0x70, 0x0E, 0x01, 0xC0,
    0x38, 0x07, 0x0F, 0xFF, 0xFF, 0xC0, 0xFF, 0x0F, 0xF0, 0x07, 0x00, 0x70, 0x07, 0x00, 0x70, 0x07,
    0x00, 0x70, 0x07, 0x00, 0x70, 0x07, 0x0F, 0xFF, 0xFF, 0xF0, 0xE0, 0xFC, 0x1F, 0x83, 0xF0, 0x7E,
    0x0F, 0xC1, 0xF8, 0x3F, 0x07, 0xE0, 0xFC, 0x1C, 0x03, 0x80, 0x70, 0x0F, 0xC1, 0xFC, 0x7B, 0xFE,
    0x3F, 0x80, 0xE0, 0xFC, 0x1F, 0x83, 0x80, 0x00, 0x01, 0xC1, 0xF8, 0x3F, 0x07, 0xE0, 0xFC, 0x1F,
    0x83, 0xF0, 0x7E, 0x0F, 0xC1, 0xF8, 0x3F, 0x07, 0xE0, 0xFC, 0x1C, 0x03, 0x80, 0x70, 0x1C, 0x7F,
    0x8F, 0xE0, 0x07, 0x81, 0xF8, 0x77, 0x0C, 0x70, 0x00, 0x00, 0x0F, 0xF9, 0xFF, 0x00, 0x60, 0x0C,
    0x01, 0x80, 0x30, 0x06, 0x00, 0xC0, 0x18, 0x03, 0x00, 0x60, 0x0C, 0x03, 0xB0, 0x77, 0x1E, 0x7F,
    0x87, 0xE0, 0x03, 0xC0, 0x7E, 0x0E, 0xE0, 0xC7, 0x00, 0x00, 0x00, 0xFF, 0x8F, 0xF8, 0x03, 0x80,
    0x38, 0x03, 0x80, 0x38, 0x03, 0x80, 0x38, 0x03, 0x80, 0x38, 0x03, 0x80, 0x38, 0x03, 0x80, 0x38,
    0x03, 0x80, 0x38, 0xFF, 0x0F, 0xE0, 0xE0, 0x77, 0x07, 0x38, 0x79, 0xC7, 0x8E, 0x78, 0x73, 0x83,
    0xB8, 0x1F, 0xC0, 0xFE, 0x07, 0xB8, 0x3D, 0xE1, 0xC7, 0x0E, 0x1C, 0x70, 0xF3, 0x83, 0x9C, 0x0E,
    0xE0, 0x78, 0x00, 0x03, 0xC0, 0x1C, 0x00, 0xE0, 0x07, 0x00, 0x30, 0x00, 0xE0, 0x07, 0x00, 0x38,
    0x01, 0xC0, 0x0E, 0x00, 0x70, 0x7B, 0x87, 0x9C, 0x78, 0xE7, 0x87, 0x78, 0x3F, 0x81, 0xFE, 0x0F,
    0x78, 0x71, 0xC3, 0x87, 0x1C, 0x1C, 0xE0, 0xF7, 0x03, 0x80, 0x00, 0x1E, 0x00, 0xE0, 0x07, 0x00,
    0x38, 0x01, 0x80, 0xE0, 0xF7, 0x0F, 0x38, 0xF1, 0xCF, 0x0E, 0xF0, 0x7F, 0x03, 0xFC, 0x1F, 0xF0,
    0xF3, 0x87, 0x0E, 0x38, 0x39, 0xC1, 0xEE, 0x07, 0x80, 0x10, 0x03, 0x80, 0x30, 0x07, 0x00, 0x60,
    0x00, 0x00, 0x00, 0x06, 0x00, 0x60, 0x06, 0x00, 0x60, 0x06, 0x00, 0x60, 0x06, 0x00, 0x60, 0x06,
    0x00, 0x60, 0x06, 0x00, 0x60, 0x06, 0x00, 0x60, 0x06, 0x00, 0x7F, 0xF7, 0xFF, 0x02, 0x00, 0x60,
    0x1C, 0x03, 0x00, 0xE0, 0x08, 0x00, 0x07, 0xF0, 0xFE, 0x01, 0xC0, 0x38, 0x07, 0x00, 0xE0, 0x1C,
    0x03, 0x80, 0x70, 0x0E, 0x01, 0xC0, 0x38, 0x07, 0x00, 0xE0, 0x1C, 0x03, 0x87, 0xFF, 0xFF, 0xE0,
    0xC0, 0x18, 0x03, 0x00, 0x60, 0x0C, 0x01, 0x80, 0x30, 0x06, 0x00, 0xC0, 0x18, 0x03, 0x00, 0x60,
    0x0C, 0x01, 0x80, 0x30, 0x07, 0xFF, 0xFF, 0xE0, 0x00, 0x78, 0x0E, 0x01, 0xC0, 0x38, 0x06, 0x00,
    0xFE, 0x1F, 0xC0, 0x38, 0x07, 0x00, 0xE0, 0x1C, 0x03, 0x80, 0x70, 0x0E, 0x01, 0xC0, 0x38, 0x07,
    0x00, 0xE0, 0x1C, 0x03, 0x80, 0x70, 0xFF, 0xFF, 0xFC, 0x00, 0x07, 0x00, 0xE0, 0x38, 0x07, 0x00,
    0xE0, 0x0E, 0x01, 0xC3, 0x38, 0x67, 0x0C, 0xC1, 0x80, 0x30, 0x06, 0x00, 0xC0, 0x18, 0x03, 0x00,
    0x60, 0x0C, 0x01, 0x80, 0x30, 0x06, 0x00, 0xC0, 0x1F, 0xFF, 0xFF, 0x80, 0x00, 0xFF, 0xEE, 0xFE,
    0xE0, 0xEE, 0x0E, 0xE0, 0xE0, 0x0E, 0x00, 0xE0, 0x0E, 0x00, 0xE0, 0x0E, 0x00, 0xE0, 0x0E, 0x00,
    0xE0, 0x0E, 0x00, 0xE0, 0x0E, 0x0F, 0xFE, 0xFF, 0xE0, 0xC0, 0x18, 0x03, 0x00, 0x60, 0x0C, 0x01,
    0x80, 0x30, 0x06, 0x00, 0xC3, 0xD8, 0x7B, 0x0F, 0x60, 0x0C, 0x01, 0x80, 0x30, 0x07, 0xFF, 0xFF,
    0xE0, 0xFE, 0x07, 0xF0, 0x03, 0x80, 0x1C, 0x00, 0xE0, 0x07, 0x00, 0x38, 0x01, 0xC0, 0x0E, 0x00,
    0x73, 0x83, 0x9E, 0x1C, 0xF0, 0xE0, 0x07, 0x00, 0x38, 0x01, 0xC0, 0xFF, 0xE7, 0xFF, 0x00, 0x30,
    0x01, 0x80, 0x0C, 0x00, 0x60, 0x03, 0x00, 0x18, 0x00, 0xC3, 0x07, 0xF8, 0x3F, 0x87, 0xE0, 0x3C,
    0x00, 0x60, 0x03, 0x00, 0x18, 0x00, 0xC0, 0x07, 0xFF, 0x3F, 0xF8, 0xFE, 0x1F, 0xC0, 0x38, 0x07,
    0x00, 0xE0, 0x1C, 0x03, 0x80, 0x70, 0x0F, 0xE3, 0xFB, 0xFC, 0x7F, 0x00, 0xE0, 0x1C, 0x03, 0x80,
    0x70, 0xFF, 0xFF, 0xFC, 0x03, 0x00, 0xE0, 0x1C, 0x07, 0x00, 0xE0, 0x00, 0x00, 0x07, 0x83, 0xF0,
    0x7E, 0x0F, 0xE1, 0xFC, 0x3D, 0xC7, 0xB8, 0xF3, 0x1E, 0x73, 0xC6, 0x78, 0xEF, 0x1D, 0xE1, 0xFC,
    0x3F, 0x83, 0xF0, 0x7E, 0x0F, 0x02, 0x00, 0x70, 0x1C, 0x03, 0x00, 0xE0, 0x08, 0x00, 0x07, 0x7C,
    0xFF, 0xDE, 0x3F, 0x83, 0xF0, 0x7E, 0x0F, 0xC1, 0xF8, 0x3F, 0x07, 0xE0, 0xFC, 0x1F, 0x83, 0xF0,
    0x70, 0xF0, 0x7E, 0x0F, 0xC1, 0xFC, 0x3F, 0x87, 0xB8, 0xF7, 0x1E, 0x63, 0xCE, 0x78, 0xCF, 0x1D,
    0xE3, 0xBC, 0x3F, 0x87, 0xF0, 0x7E, 0x0F, 0xC1, 0xE0, 0x00, 0x38, 0x07, 0x01, 0xC0, 0x38, 0x07,
    0x00, 0xEF, 0x9F, 0xFB, 0xC7, 0xF0, 0x7E, 0x0F, 0xC1, 0xF8, 0x3F, 0x07, 0xE0, 0xFC, 0x1F, 0x83,
    0xF0, 0x7E, 0x0E, 0x00, 0x03, 0x80, 0x70, 0x0C, 0x03, 0x80, 0x70, 0x00, 0x00, 0x0E, 0x38, 0xEE,
    0x0F, 0x81, 0xF0, 0x00, 0x00, 0x07, 0x83, 0xF0, 0x7E, 0x0F, 0xE1, 0xFC, 0x3D, 0xC7, 0xB8, 0xF3,
    0x1E, 0x73, 0xC6, 0x78, 0xEF, 0x1D, 0xE1, 0xFC, 0x3F, 0x83, 0xF0, 0x7E, 0x0F, 0x00, 0x0E, 0x38,
    0xEE, 0x0F, 0x81, 0xF0, 0x00, 0x00, 0x07, 0x7C, 0xFF, 0xDE, 0x3F, 0x83, 0xF0, 0x7E, 0x0F, 0xC1,
    0xF8, 0x3F, 0x07, 0xE0, 0xFC, 0x1F, 0x83, 0xF0, 0x70, 0xE0, 0x07, 0x00, 0x30, 0x01, 0x80, 0x0C,
    0x00, 0x1D, 0xF0, 0xFF, 0xC7, 0x8F, 0x38, 0x39, 0xC1, 0xCE, 0x0E, 0x70, 0x73, 0x83, 0x9C, 0x1C,
    0xE0, 0xE7, 0x07, 0x38, 0x39, 0xC1, 0xC0, 0xF0, 0x7E, 0x0F, 0xC1, 0xFC, 0x3F, 0x87, 0xB8, 0xF7,
    0x1E, 0x63, 0xCE, 0x78, 0xCF, 0x1D, 0xE3, 0xBC, 0x3F, 0x87, 0xF0, 0x7E, 0x0F, 0xC1, 0xE0, 0x0C,
    0x01, 0x80, 0x33, 0xFE, 0x7F, 0x80, 0xEF, 0x9F, 0xFB, 0xC7, 0xF0, 0x7E, 0x0F, 0xC1, 0xF8, 0x3F,
    0x07, 0xE0, 0xFC, 0x1F, 0x83, 0xF0, 0x7E, 0x0E, 0x01, 0xC0, 0x38, 0x07, 0x3F, 0xE7, 0xF8, 0x1F,
    0xC0, 0xFE, 0x00, 0x00, 0x00, 0x00, 0x00, 0x0F, 0xE0, 0xFF, 0x8F, 0x1E, 0x70, 0x73, 0x01, 0xB8,
    0x0F, 0xC0, 0x7E, 0x03, 0xF0, 0x1F, 0x80, 0xFC, 0x07, 0xE0, 0x3B, 0x01, 0x9C, 0x1C, 0xF1, 0xE3,
    0xFE, 0x0F, 0xE0, 0x1F, 0xC0, 0xFE, 0x00, 0x00, 0x00, 0x00, 0x00, 0x0F, 0xE0, 0xFF, 0x8F, 0x1E,
    0x70, 0x73, 0x01, 0xB8, 0x0F, 0xC0, 0x7E, 0x03, 0xB0, 0x19, 0xC1, 0xCF, 0x1E, 0x3F, 0xE0, 0xFE,
    0x00, 0x10, 0x41, 0xC7, 0x06, 0x30, 0x3F, 0x80, 0xF8, 0x00, 0x00, 0x00, 0x03, 0xF8, 0x3F, 0xE3,
    0xC7, 0x9C, 0x1C, 0xC0, 0x6E, 0x03, 0xF0, 0x1F, 0x80, 0xFC, 0x07, 0xE0, 0x3F, 0x01, 0xF8, 0x0E,
    0xC0, 0x67, 0x07, 0x3C, 0x78, 0xFF, 0x83, 0xF8, 0x10, 0x41, 0xC7, 0x06, 0x30, 0x3F, 0x80, 0xF8,
    0x00, 0x00, 0x00, 0x03, 0xF8, 0x3F, 0xE3, 0xC7, 0x9C, 0x1C, 0xC0, 0x6E, 0x03, 0xF0, 0x1F, 0x80,
    0xEC, 0x06, 0x70, 0x73, 0xC7, 0x8F, 0xF8, 0x3F, 0x80, 0x06, 0x60, 0x33, 0x03, 0xB8, 0x19, 0x81,
    0x98, 0x00, 0x00, 0x00, 0x03, 0xF8, 0x3F, 0xE3, 0xC7, 0x9C, 0x1C, 0xC0, 0x6E, 0x03, 0xF0, 0x1F,
    0x80, 0xFC, 0x07, 0xE0, 0x3F, 0x01, 0xF8, 0x0E, 0xC0, 0x67, 0x07, 0x3C, 0x78, 0xFF, 0x83, 0xF8,
    0x04, 0x40, 0x33, 0x03, 0xB8, 0x19, 0x81, 0xDC, 0x04, 0x40, 0x00, 0x03, 0xF8, 0x3F, 0xE3, 0xC7,
    0x9C, 0x1C, 0xC0, 0x6E, 0x03, 0xF0, 0x1F, 0x80, 0xEC, 0x06, 0x70, 0x73, 0xC7, 0x8F, 0xF8, 0x3F,
    0x80, 0x0F, 0xFC, 0x7F, 0xF3, 0x9C, 0x1C, 0x70, 0x71, 0xC1, 0xC7, 0x06, 0x1C, 0x18, 0x7F, 0x61,
    0xFD, 0x87, 0x06, 0x1C, 0x1C, 0x70, 0x71, 0xC1, 0xC7, 0x03, 0x9C, 0x07, 0xFF, 0x0F, 0xFC, 0x3E,
    0x78, 0xFD, 0xF9, 0x9E, 0x3F, 0x1C, 0x7E, 0x38, 0x7C, 0x7F, 0xF8, 0xFF, 0xF1, 0xC0, 0xE3, 0x81,
    0xC7, 0x19, 0x9F, 0x3B, 0xFF, 0xE3, 0xEF, 0x80, 0x03, 0x00, 0x38, 0x07, 0x00, 0x60, 0x0E, 0x00,
    0x00, 0x00, 0x0F, 0xFC, 0xFF, 0xEE, 0x0E, 0xE0, 0x7E, 0x07, 0xE0, 0x7E, 0x07, 0xE1, 0xEF, 0xFE,
    0xFF, 0x8E, 0x70, 0xE3, 0x8E, 0x38, 0xE1, 0xCE, 0x0E, 0xE0, 0xEE, 0x07, 0x00, 0xC0, 0x07, 0x00,
    0x70, 0x03, 0x80, 0x18, 0x00, 0x80, 0x00, 0x0F, 0xDF, 0x7F, 0xF8, 0x7C, 0x03, 0xC0, 0x1C, 0x00,
    0xE0, 0x07, 0x00, 0x38, 0x01, 0xC0, 0x0E, 0x00, 0x70, 0x1F, 0xFC, 0xFF, 0xE0, 0xFF, 0xCF, 0xFE,
    0xE0, 0xEE, 0x07, 0xE0, 0x7E, 0x07, 0xE0, 0x7E, 0x1E, 0xFF, 0xEF, 0xF8, 0xE7, 0x0E, 0x38, 0xE3,
    0x8E, 0x1C, 0xE0, 0xEE, 0x0E, 0xE0, 0x70, 0x00, 0x0E, 0x00, 0xE0, 0x0E, 0x00, 0xC0, 0x1C, 0x00,
    0x7E, 0xFB, 0xFF, 0xC3, 0xE0, 0x1E, 0x00, 0xE0, 0x07, 0x00, 0x38, 0x01, 0xC0, 0x0E, 0x00, 0x70,
    0x03, 0x80, 0xFF, 0xE7, 0xFF, 0x00, 0x00, 0x38, 0x01, 0xC0, 0x0E, 0x00, 0x60, 0x07, 0x00, 0x00,
    0x03, 0x1C, 0x3B, 0x81, 0xF8, 0x0F, 0x00, 0x00, 0x00, 0x0F, 0xFC, 0xFF, 0xEE, 0x0E, 0xE0, 0x7E,
    0x07, 0xE0, 0x7E, 0x07, 0xE1, 0xEF, 0xFE, 0xFF, 0x8E, 0x70, 0xE3, 0x8E, 0x38, 0xE1, 0xCE, 0x0E,
    0xE0, 0xEE, 0x07, 0x00, 0x00, 0x63, 0x83, 0xBC, 0x0F, 0xC0, 0x3C, 0x00, 0x00, 0x00, 0x0F, 0xDF,
    0x7F, 0xF8, 0x7C, 0x03, 0xC0, 0x1C, 0x00, 0xE0, 0x07, 0x00, 0x38, 0x01, 0xC0, 0x0E, 0x00, 0x70,
    0x1F, 0xFC, 0xFF, 0xE0, 0x01, 0x80, 0x1C, 0x00, 0xE0, 0x0E, 0x00, 0x60, 0x00, 0x00, 0x00, 0x03,
    0xF8, 0x7F, 0xF3, 0x83, 0xF8, 0x0D, 0xC0, 0x0E, 0x00, 0x38, 0x01, 0xFE, 0x03, 0xFC, 0x03, 0xF0,
    0x03, 0xC0, 0x0E, 0x00, 0x7E, 0x03, 0xF8, 0x39, 0xFF, 0xC7, 0xF8, 0x01, 0x00, 0x0C, 0x00, 0xE0,
    0x06, 0x00, 0x70, 0x01, 0x00, 0x00, 0x03, 0xF8, 0x3F, 0xF3, 0x83, 0x9C, 0x00, 0xE0, 0x03, 0xF0,
    0x0F, 0xF0, 0x0F, 0xC0, 0x06, 0x60, 0x33, 0x83, 0x9F, 0xFC, 0x3F, 0x80, 0x0F, 0x80, 0x7C, 0x07,
    0x70, 0x71, 0xC0, 0x00, 0x00, 0x00, 0x7F, 0x0F, 0xFE, 0x70, 0x7F, 0x01, 0xB8, 0x01, 0xC0, 0x07,
    0x00, 0x3F, 0xC0, 0x7F, 0x80, 0x7E, 0x00, 0x78, 0x01, 0xC0, 0x0F, 0xC0, 0x7F, 0x07, 0x3F, 0xF8,
    0xFF, 0x00, 0x0F, 0x80, 0x7C, 0x07, 0x70, 0x71, 0xC0, 0x00, 0x00, 0x00, 0x7F, 0x07, 0xFE, 0x70,
    0x73, 0x80, 0x1C, 0x00, 0x7E, 0x01, 0xFE, 0x01, 0xF8, 0x00, 0xCC, 0x06, 0x70, 0x73, 0xFF, 0x87,
    0xF0, 0x1F, 0xC3, 0xFF, 0x9C, 0x1F, 0xC0, 0x6E, 0x00, 0x70, 0x01, 0xC0, 0x0F, 0xF0, 0x1F, 0xE0,
    0x1F, 0x80, 0x1E, 0x00, 0x70, 0x03, 0xF0, 0x1F, 0xC1, 0xCF, 0xFE, 0x3F, 0xE0, 0x30, 0x01, 0xE0,
    0x03, 0x80, 0xFC, 0x07, 0xC0, 0x1F, 0xC1, 0xFF, 0x9C, 0x1C, 0xE0, 0x07, 0x00, 0x1F, 0x80, 0x7F,
    0x80, 0x7E, 0x00, 0x33, 0x01, 0x9C, 0x1C, 0xFF, 0xE1, 0xFE, 0x03, 0x00, 0x1E, 0x00, 0x38, 0x0F,
    0xC0, 0x7C, 0x00, 0x00, 0x01, 0xC7, 0x07, 0x70, 0x1F, 0x00, 0xF8, 0x00, 0x00, 0x00, 0x03, 0xF8,
    0x7F, 0xF3, 0x83, 0xF8, 0x0D, 0xC0, 0x0E, 0x00, 0x38, 0x01, 0xFE, 0x03, 0xFC, 0x03, 0xF0, 0x03,
    0xC0, 0x0E, 0x00, 0x7E, 0x03, 0xF8, 0x39, 0xFF, 0xC7, 0xF8, 0x00, 0x01, 0xC7, 0x07, 0x70, 0x1F,
    0x00, 0xF8, 0x00, 0x00, 0x00, 0x03, 0xF8, 0x3F, 0xF3, 0x83, 0x9C, 0x00, 0xE0, 0x03, 0xF0, 0x0F,
    0xF0, 0x0F, 0xC0, 0x06, 0x60, 0x33, 0x83, 0x9F, 0xFC, 0x3F, 0x80, 0xFF, 0xFF, 0xFF, 0xFC, 0x0E,
    0x00, 0x1C, 0x00, 0x38, 0x00, 0x70, 0x00, 0xE0, 0x01, 0xC0, 0x03, 0x80, 0x07, 0x00, 0x0E, 0x00,
    0x1C, 0x00, 0x38, 0x00, 0x70, 0x00, 0xE0, 0x01, 0xC0, 0x03, 0x80, 0x00, 0x00, 0x0E, 0x00, 0x1C,
    0x00, 0x70, 0x00, 0xE0, 0x01, 0xC0, 0x00, 0x07, 0x00, 0x1C, 0x00, 0x70, 0x01, 0xC0, 0x7F, 0xFD,
    0xFF, 0xE0, 0x70, 0x01, 0xC0, 0x07, 0x00, 0x1C, 0x00, 0x70, 0x01, 0xC0, 0x07, 0x00, 0x1C, 0x00,
    0x70, 0x00, 0xFE, 0x01, 0xF8, 0x00, 0x00, 0x0E, 0x00, 0x78, 0x01, 0xC0, 0x07, 0x00, 0x18, 0x00,
    0x00, 0x00, 0x38, 0xE0, 0x3B, 0x80, 0x3E, 0x00, 0x7C, 0x00, 0x00, 0x00, 0x00, 0x7F, 0xFF, 0xFF,
    0xFE, 0x07, 0x00, 0x0E, 0x00, 0x1C, 0x00, 0x38, 0x00, 0x70, 0x00, 0xE0, 0x01, 0xC0, 0x03, 0x80,
    0x07, 0x00, 0x0E, 0x00, 0x1C, 0x00, 0x38, 0x00, 0x70, 0x00, 0xE0, 0x01, 0xC0, 0x00, 0x78, 0x01,
    0xC0, 0x07, 0x01, 0xDC, 0x07, 0x70, 0x1C, 0x00, 0x70, 0x1F, 0xFF, 0x7F, 0xF8, 0x1C, 0x00, 0x70,
    0x01, 0xC0, 0x07, 0x00, 0x1C, 0x00, 0x70, 0x01, 0xC0, 0x07, 0x00, 0x1C, 0x00, 0x3F, 0x80, 0x7E,
    0xFF, 0xFF, 0xFF, 0xFC, 0x0E, 0x00, 0x1C, 0x00, 0x38, 0x00, 0x70, 0x00, 0xE0, 0x1F, 0xFC, 0x3F,
    0xF8, 0x07, 0x00, 0x0E, 0x00, 0x1C, 0x00, 0x38, 0x00, 0x70, 0x00, 0xE0, 0x01, 0xC0, 0x03, 0x80,
    0x07, 0x00, 0x1C, 0x00, 0x70, 0x01, 0xC0, 0x7F, 0xFD, 0xFF, 0xE0, 0x70, 0x01, 0xC0, 0x07, 0x00,
    0xFF, 0xC3, 0xFF, 0x01, 0xC0, 0x07, 0x00, 0x1C, 0x00, 0x70, 0x01, 0xFE, 0x03, 0xF8, 0x3C, 0x8F,
    0xF8, 0x9E, 0x00, 0x00, 0x01, 0x80, 0xF0, 0x1E, 0x03, 0xC0, 0x78, 0x0F, 0x01, 0xE0, 0x3C, 0x07,
    0x80, 0xF0, 0x1E, 0x03, 0xE0, 0xFC, 0x1F, 0x83, 0xF8, 0xF7, 0xFC, 0x7F, 0x00, 0x3C, 0x8F, 0xF8,
    0x9E, 0x00, 0x00, 0x01, 0xC1, 0xF8, 0x3F, 0x07, 0xE0, 0xFC, 0x1F, 0x83, 0xF0, 0x7E, 0x0F, 0xC1,
    0xF8, 0x3F, 0x8F, 0x7F, 0xE7, 0xDC, 0x3F, 0x87, 0xF0, 0x00, 0x00, 0x00, 0x01, 0x80, 0xF0, 0x1E,
    0x03, 0xC0, 0x78, 0x0F, 0x01, 0xE0, 0x3C, 0x07, 0x80, 0xF0, 0x1E, 0x03, 0xE0, 0xFC, 0x1F, 0x83,
    0xF8, 0xF7, 0xFC, 0x7F, 0x00, 0x3F, 0x87, 0xF0, 0x00, 0x00, 0x00, 0x01, 0xC1, 0xF8, 0x3F, 0x07,
    0xE0, 0xFC, 0x1F, 0x83, 0xF0, 0x7E, 0x0F, 0xC1, 0xF8, 0x3F, 0x8F, 0x7F, 0xE7, 0xDC, 0x20, 0x8E,
    0x38, 0xC6, 0x1F, 0xC1, 0xF0, 0x00, 0x00, 0x06, 0x03, 0xC0, 0x78, 0x0F, 0x01, 0xE0, 0x3C, 0x07,
    0x80, 0xF0, 0x1E, 0x03, 0xC0, 0x78, 0x0F, 0x83, 0xF0, 0x7E, 0x0F, 0xE3, 0xDF, 0xF1, 0xFC, 0x20,
    0x8E, 0x38, 0xCE, 0x1F, 0xC1, 0xF0, 0x00, 0x00, 0x07, 0x07, 0xE0, 0xFC, 0x1F, 0x83, 0xF0, 0x7E,
    0x0F, 0xC1, 0xF8, 0x3F, 0x07, 0xE0, 0xFE, 0x3D, 0xFF, 0x9F, 0x70, 0x1F, 0x03, 0x60, 0xC6, 0x18,
    0xC1, 0xB0, 0x3E, 0x00, 0x06, 0x03, 0xC0, 0x78, 0x0F, 0x01, 0xE0, 0x3C, 0x07, 0x80, 0xF0, 0x1E,
    0x03, 0xC0, 0x78, 0x0F, 0x83, 0xF0, 0x7E, 0x0F, 0xE3, 0xDF, 0xF1, 0xFC, 0x1F, 0x03, 0x60, 0xCE,
    0x19, 0xC1, 0xB0, 0x3E, 0x00, 0x07, 0x07, 0xE0, 0xFC, 0x1F, 0x83, 0xF0, 0x7E, 0x0F, 0xC1, 0xF8,
    0x3F, 0x07, 0xE0, 0xFE, 0x3D, 0xFF, 0x9F, 0x70, 0x0C, 0xC1, 0x98, 0x77, 0x0C, 0xC3, 0x30, 0x00,
    0x00, 0x06, 0x03, 0xC0, 0x78, 0x0F, 0x01, 0xE0, 0x3C, 0x07, 0x80, 0xF0, 0x1E, 0x03, 0xC0, 0x78,
    0x0F, 0x83, 0xF0, 0x7E, 0x0F, 0xE3, 0xDF, 0xF1, 0xFC, 0x08, 0x81, 0x98, 0x77, 0x0C, 0xC3, 0xB8,
    0x22, 0x00, 0x07, 0x07, 0xE0, 0xFC, 0x1F, 0x83, 0xF0, 0x7E, 0x0F, 0xC1, 0xF8, 0x3F, 0x07, 0xE0,
    0xFE, 0x3D, 0xFF, 0x9F, 0x70, 0xC0, 0x78, 0x0F, 0x01, 0xE0, 0x3C, 0x07, 0x80, 0xF0, 0x1E, 0x03,
    0xC0, 0x78, 0x0F, 0x01, 0xF0, 0x7E, 0x0F, 0xC1, 0xFC, 0x7B, 0xFE, 0x3F, 0x80, 0xE0, 0x30, 0x06,
    0x00, 0xF8, 0x1F, 0x00, 0xE0, 0xEE, 0x0E, 0xE0, 0xEE, 0x0E, 0xE0, 0xEE, 0x0E, 0xE0, 0xEE, 0x0E,
    0xE0, 0xEE, 0x0E, 0xF1, 0xE7, 0xFE, 0x3E, 0xE0, 0x1C, 0x03, 0x80, 0x30, 0x03, 0xE0, 0x3E, 0x07,
    0xC0, 0x0F, 0x80, 0x3B, 0x80, 0xE3, 0x80, 0x00, 0x00, 0x00, 0x18, 0x03, 0x30, 0x06, 0x60, 0x0C,
    0xC0, 0x19, 0x8E, 0x33, 0x9C, 0x67, 0x7D, 0xCE, 0xFB, 0x9D, 0xB7, 0x3B, 0x6E, 0x76, 0xDC, 0xFD,
    0xF8, 0xFB, 0xE1, 0xE3, 0xC3, 0xC7, 0x87, 0x8F, 0x0F, 0x1E, 0x00, 0x07, 0xC0, 0x0F, 0x80, 0x3B,
    0x80, 0xE3, 0x80, 0x00, 0x00, 0x00, 0x38, 0xE3, 0xB1, 0xC6, 0x63, 0x8C, 0xCF, 0x99, 0x9B, 0x33,
    0xB6, 0xE7, 0x6D, 0xC6, 0xDB, 0x0F, 0xBE, 0x1E, 0x3C, 0x3C, 0x78, 0x78, 0xF0, 0xF1, 0xE0, 0x07,
    0xC0, 0x0F, 0x80, 0x3B, 0x80, 0xE3, 0x80, 0x00, 0x00, 0x00, 0x3C, 0x03, 0xB8, 0x0E, 0x78, 0x3C,
    0x70, 0x70, 0x71, 0xC0, 0xE3, 0x80, 0xEE, 0x01, 0xDC, 0x01, 0xF0, 0x01, 0xC0, 0x03, 0x80, 0x07,
    0x00, 0x0E, 0x00, 0x1C, 0x00, 0x38, 0x00, 0x70, 0x00, 0xE0, 0x00, 0x0F, 0x80, 0x7C, 0x07, 0x70,
    0x71, 0xC0, 0x00, 0x00, 0x03, 0x80, 0xEC, 0x06, 0x70, 0x73, 0x83, 0x8E, 0x18, 0x71, 0xC1, 0x8C,
    0x0E, 0xE0, 0x77, 0x01, 0xF0, 0x0F, 0x80, 0x38, 0x01, 0xC0, 0x0E, 0x00, 0xE0, 0x07, 0x01, 0xF0,
    0x0F, 0x80, 0x1E, 0xE0, 0x3D, 0xE0, 0x7B, 0xC0, 0x00, 0x00, 0x00, 0x1E, 0x01, 0xDC, 0x07, 0x3C,
    0x1E, 0x38, 0x38, 0x38, 0xE0, 0x71, 0xC0, 0x77, 0x00, 0xEE, 0x00, 0xF8, 0x00, 0xE0, 0x01, 0xC0,
    0x03, 0x80, 0x07, 0x00, 0x0E, 0x00, 0x1C, 0x00, 0x38, 0x00, 0x70, 0x00, 0x01, 0x80, 0x1C, 0x00,
    0xE0, 0x0E, 0x00, 0x70, 0x00, 0x00, 0x00, 0x1F, 0xFF, 0xFF, 0xF8, 0x03, 0x80, 0x3C, 0x01, 0xC0,
    0x1C, 0x01, 0xC0, 0x1E, 0x00, 0xE0, 0x0E, 0x00, 0xE0, 0x0F, 0x00, 0x70, 0x07, 0x00, 0x70, 0x03,
    0xFF, 0xFF, 0xFF, 0x02, 0x00, 0x60, 0x1C, 0x03, 0x00, 0xE0, 0x08, 0x00, 0x07, 0xFF, 0xFF, 0xE0,
    0x3C, 0x0F, 0x03, 0xC0, 0x70, 0x1C, 0x07, 0x01, 0xC0, 0x70, 0x1C, 0x03, 0xFF, 0xFF, 0xF0, 0x07,
    0x00, 0x38, 0x01, 0xC0, 0x00, 0x00, 0x00, 0x7F, 0xFF, 0xFF, 0xE0, 0x0E, 0x00, 0xF0, 0x07, 0x00,
    0x70, 0x07, 0x00, 0x78, 0x03, 0x80, 0x38, 0x03, 0x80, 0x3C, 0x01, 0xC0, 0x1C, 0x01, 0xC0, 0x0F,
    0xFF, 0xFF, 0xFC, 0x0E, 0x01, 0xC0, 0x38, 0x00, 0x00, 0x01, 0xFF, 0xFF, 0xF8, 0x0F, 0x03, 0xC0,
    0xF0, 0x1C, 0x07, 0x01, 0xC0, 0x70, 0x1C, 0x07, 0x00, 0xFF, 0xFF, 0xFC, 0x00, 0x01, 0xC7, 0x07,
    0x70, 0x1F, 0x00, 0xF8, 0x00, 0x00, 0x00, 0x1F, 0xFF, 0xFF, 0xF8, 0x03, 0x80, 0x3C, 0x01, 0xC0,
    0x1C, 0x01, 0xC0, 0x1E, 0x00, 0xE0, 0x0E, 0x00, 0xE0, 0x0F, 0x00, 0x70, 0x07, 0x00, 0x70, 0x03,
    0xFF, 0xFF, 0xFF, 0x00, 0x0E, 0x38, 0xEE, 0x0F, 0x81, 0xF0, 0x00, 0x00, 0x07, 0xFF, 0xFF, 0xE0,
    0x3C, 0x0F, 0x03, 0xC0, 0x70, 0x1C, 0x07, 0x01, 0xC0, 0x70, 0x1C, 0x03, 0xFF, 0xFF, 0xF0, 0x00,
    0x18, 0x00, 0xC0, 0x06, 0x3F, 0xF3, 0xFF, 0xBC, 0x79, 0xC1, 0xCC, 0x06, 0xE0, 0x3F, 0x01, 0xF8,
    0x0F, 0xC0, 0x7E, 0x03, 0xF0, 0x1F, 0x80, 0xEC, 0x07, 0x70, 0x73, 0xC7, 0x8F, 0xF8, 0x3F, 0x80,
    0x00, 0x38, 0x01, 0xC0, 0x0E, 0x3F, 0xF3, 0xFF, 0x3C, 0x79, 0xC1, 0xCC, 0x06, 0xE0, 0x3F, 0x01,
    0xF8, 0x0E, 0xC0, 0x67, 0x07, 0x3C, 0x78, 0xFF, 0x83, 0xF8, 0x00, 0x18, 0x00, 0xC0, 0x07, 0x80,
    0xFC, 0x07, 0xE0, 0x33, 0x01, 0x98, 0x0C, 0xC0, 0x66, 0x03, 0x30, 0x19, 0x80, 0xCC, 0x06, 0x60,
    0x33, 0x83, 0x9C, 0x1C, 0xE0, 0xE7, 0x8F, 0x1F, 0xF0, 0x7F, 0x00, 0x00, 0x18, 0x00, 0xC0, 0x07,
    0xC1, 0xFE, 0x0F, 0x70, 0x73, 0x83, 0x9C, 0x1C, 0xE0, 0xE7, 0x07, 0x38, 0x39, 0xC1, 0xCE, 0x0E,
    0x78, 0xF1, 0xFF, 0x87, 0xDC, 0x00, 0xC0, 0x03, 0x80, 0x06, 0x00, 0x08, 0x00, 0x7C, 0x00, 0xD8,
    0x03, 0x18, 0x06, 0x30, 0x06, 0xC0, 0x0F, 0x80, 0x00, 0x00, 0x1C, 0x00, 0x7C, 0x00, 0xF8, 0x01,
    0xB0, 0x07, 0x70, 0x0E, 0xE0, 0x18, 0xC0, 0x71, 0xC0, 0xE3, 0x81, 0xC7, 0x07, 0xFF, 0x0F, 0xFE,
    0x1C, 0x1C, 0x30, 0x1C, 0xE0, 0x39, 0xC0, 0x73, 0x00, 0x60, 0x03, 0x80, 0x1C, 0x01, 0xC0, 0x04,
    0x00, 0xF0, 0x0E, 0xC0, 0x66, 0x03, 0x30, 0x1D, 0x80, 0x78, 0x00, 0x00, 0x3F, 0x07, 0xFC, 0x38,
    0x70, 0x83, 0x80, 0x0C, 0x1F, 0xE3, 0xFF, 0x1E, 0x19, 0xC0, 0xCE, 0x0E, 0x38, 0xF1, 0xFF, 0xE7,
    0xEF, 0x00, 0x10, 0x00, 0x70, 0x00, 0xC0, 0x03, 0x80, 0x06, 0x00, 0x00, 0x00, 0x00, 0x03, 0xFF,
    0x07, 0xFE, 0x0D, 0x80, 0x3B, 0x00, 0x76, 0x00, 0xEC, 0x01, 0x98, 0x07, 0x3F, 0x0E, 0x7E, 0x18,
    0xC0, 0x7F, 0x80, 0xFF, 0x01, 0x86, 0x07, 0x0C, 0x0E, 0x18, 0x1C, 0x3F, 0xB0, 0x7F, 0x00, 0x80,
    0x01, 0xC0, 0x07, 0x00, 0x0C, 0x00, 0x38, 0x00, 0x20, 0x00, 0x00, 0x1F, 0x7C, 0x7F, 0xFD, 0xC7,
    0x1D, 0x0E, 0x38, 0x1C, 0x33, 0xFF, 0xEF, 0xFF, 0xFC, 0xE0, 0x71, 0xC0, 0xE3, 0x8D, 0xCF, 0x1D,
    0xFF, 0xF3, 0xE7, 0xC0, 0x01, 0x80, 0x1C, 0x00, 0xE0, 0x0E, 0x00, 0x70, 0x00, 0x00, 0x00, 0x43,
    0xFF, 0x3F, 0xF3, 0xC7, 0x9C, 0x3C, 0xC1, 0xEE, 0x1F, 0xF1, 0xDF, 0x8E, 0xFC, 0xE7, 0xE6, 0x3F,
    0x71, 0xFF, 0x0F, 0xF0, 0x67, 0x87, 0x3C, 0x79, 0xFF, 0x9F, 0xF8, 0xC0, 0x00, 0x01, 0x00, 0x0C,
    0x00, 0xE0, 0x06, 0x00, 0x70, 0x01, 0x00, 0x00, 0x63, 0xFF, 0x3F, 0xF3, 0xC7, 0x9C, 0x3C, 0xC3,
    0xEE, 0x3B, 0xF3, 0x9F, 0xB8, 0xEF, 0x86, 0x78, 0x73, 0xC7, 0x9F, 0xF9, 0xFF, 0x8C, 0x00, 0x00,
    0x1F, 0xC3, 0xFF, 0x9C, 0x1F, 0xC0, 0x6E, 0x00, 0x70, 0x01, 0xC0, 0x0F, 0xF0, 0x1F, 0xE0, 0x1F,
    0x80, 0x1E, 0x00, 0x70, 0x03, 0xF0, 0x1F, 0xC1, 0xCF, 0xFE, 0x3F, 0xC0, 0x00, 0x01, 0xC0, 0x0E,
    0x00, 0xE0, 0x07, 0x00, 0x38, 0x00, 0x1F, 0xC1, 0xFF, 0x9C, 0x1C, 0xE0, 0x07, 0x00, 0x1F, 0x80,
    0x7F, 0x80, 0x7E, 0x00, 0x33, 0x01, 0x9C, 0x1C, 0xFF, 0xE1, 0xFC, 0x00, 0x00, 0x1C, 0x01, 0xE0,
    0x0E, 0x00, 0x70, 0x03, 0x00, 0xFF, 0xFF, 0xFF, 0xFC, 0x0E, 0x00, 0x1C, 0x00, 0x38, 0x00, 0x70,
    0x00, 0xE0, 0x01, 0xC0, 0x03, 0x80, 0x07, 0x00, 0x0E, 0x00, 0x1C, 0x00, 0x38, 0x00, 0x70, 0x00,
    0xE0, 0x01, 0xC0, 0x03, 0x80, 0x00, 0x00, 0x0E, 0x00, 0x1C, 0x00, 0x70, 0x00, 0xE0, 0x01, 0xC0,
    0x00, 0x07, 0x00, 0x1C, 0x00, 0x70, 0x01, 0xC0, 0x7F, 0xFD, 0xFF, 0xE0, 0x70, 0x01, 0xC0, 0x07,
    0x00, 0x1C, 0x00, 0x70, 0x01, 0xC0, 0x07, 0x00, 0x1C, 0x00, 0x70, 0x00, 0xFE, 0x01, 0xF8, 0x00,
    0x00, 0x0E, 0x00, 0x78, 0x01, 0xC0, 0x07, 0x00, 0x18, 0x00, 0x47, 0x38, 0xE3, 0x00, 0x11, 0xCE,
    0xE6, 0x00, 0x1E, 0x0F, 0xC7, 0x39, 0x86, 0x00, 0x00, 0x7C, 0x9F, 0xE4, 0xF8, 0xFF, 0xFF, 0x00,
    0x18, 0x67, 0x38, 0xFC, 0x3F, 0x00, 0xFF, 0xF0, 0xE7, 0xE7, 0xE7, 0x79, 0xF1, 0xC6, 0x30, 0x00,
    0x7B, 0xFC, 0xF3, 0xFD, 0xE0, 0x11, 0x1D, 0xCC, 0xCE, 0xE6, 0x60, 0x00, 0x00, 0x18, 0x67, 0x38,
    0xFC, 0x1E, 0x00, 0x33, 0x77, 0xF0, 0xFF, 0xEC, 0x33, 0x3F, 0xE0, 0xFF, 0xF0, 0xFE, 0xEC, 0xC0,
    0x30, 0x60, 0xE1, 0xE6, 0xCF, 0x8C, 0x00, 0x19, 0xC6, 0x3A, 0xFD, 0xE0, 0x18, 0x03, 0x80, 0x70,
    0x07, 0x00, 0x60, 0x00, 0x00, 0x07, 0xFF, 0xFF, 0xFC, 0x03, 0x80, 0x70, 0x0E, 0x01, 0xC0, 0x3F,
    0xFF, 0xFF, 0xE0, 0x1C, 0x03, 0x80, 0x70, 0x0E, 0x01, 0xC0, 0x3F, 0xFF, 0xFF, 0x3B, 0xC7, 0x78,
    0xEF, 0x00, 0x00, 0x01, 0xFF, 0xFF, 0xFF, 0x00, 0xE0, 0x1C, 0x03, 0x80, 0x70, 0x0F, 0xFF, 0xFF,
    0xF8, 0x07, 0x00, 0xE0, 0x1C, 0x03, 0x80, 0x70, 0x0F, 0xFF, 0xFF, 0xC0, 0xFF, 0xE3, 0xFF, 0x80,
    0xE0, 0x03, 0x80, 0x0E, 0x00, 0x38, 0x00, 0xFF, 0x03, 0xFE, 0x0F, 0x3C, 0x38, 0x70, 0xE1, 0xC3,
    0x87, 0x0E, 0x1C, 0x38, 0x70, 0xE1, 0xC3, 0x87, 0x0E, 0x1C, 0x00, 0x70, 0x01, 0xC0, 0xFF, 0x03,
    0xF8, 0x02, 0x00, 0xE0, 0x1C, 0x07, 0x00, 0xC0, 0x00, 0x00, 0x07, 0xFE, 0xFF, 0xDC, 0x03, 0x80,
    0x70, 0x0E, 0x01, 0xC0, 0x38, 0x07, 0x00, 0xE0, 0x1C, 0x03, 0x80, 0x70, 0x0E, 0x01, 0xC0, 0x38,
    0x07, 0x00, 0x0F, 0xC1, 0xFF, 0x8E, 0x1C, 0xE0, 0x77, 0x00, 0x30, 0x03, 0x80, 0x1F, 0xF0, 0xFF,
    0x87, 0x00, 0x38, 0x00, 0xC0, 0x07, 0x03, 0x38, 0x1C, 0xE1, 0xC7, 0xFC, 0x0F, 0xC0, 0x1F, 0xC3,
    0xFF, 0x9C, 0x1F, 0xC0, 0x6E, 0x00, 0x70, 0x01, 0xC0, 0x0F, 0xF0, 0x1F, 0xE0, 0x1F, 0x80, 0x1E,
    0x00, 0x70, 0x03, 0xF0, 0x1F, 0xC1, 0xCF, 0xFE, 0x3F, 0xC0, 0xFF, 0xFF, 0xFC, 0x38, 0x07, 0x00,
    0xE0, 0x1C, 0x03, 0x80, 0x70, 0x0E, 0x01, 0xC0, 0x38, 0x07, 0x00, 0xE0, 0x1C, 0x03, 0x87, 0xFF,
    0xFF, 0xE0, 0x7B, 0x8F, 0x79, 0xEF, 0x00, 0x00, 0x01, 0xFF, 0xFF, 0xF8, 0x70, 0x0E, 0x01, 0xC0,
    0x38, 0x07, 0x00, 0xE0, 0x1C, 0x03, 0x80, 0x70, 0x0E, 0x01, 0xC0, 0x38, 0x07, 0x0F, 0xFF, 0xFF,
    0xC0, 0x3F, 0xE7, 0xFC, 0x01, 0x80, 0x30, 0x06, 0x00, 0xC0, 0x18, 0x03, 0x00, 0x60, 0x0C, 0x01,
    0x80, 0x30, 0x0E, 0xC1, 0xDC, 0x79, 0xFE, 0x1F, 0x80, 0x3F, 0xC0, 0x7F, 0x80, 0xE7, 0x01, 0xCE,
    0x03, 0x9C, 0x07, 0x38, 0x0E, 0x70, 0x1C, 0xFC, 0x39, 0xFC, 0x73, 0x9C, 0xE7, 0x39, 0xCE, 0x73,
    0x9C, 0xE7, 0x39, 0xDC, 0x73, 0xF8, 0xFE, 0xE1, 0xF8, 0xE3, 0x81, 0xC7, 0x03, 0x8E, 0x07, 0x1C,
    0x0E, 0x38, 0x1C, 0x70, 0x38, 0xE0, 0x7F, 0xFC, 0xFF, 0xFD, 0xC7, 0x3B, 0x8E, 0x3F, 0x1C, 0x7E,
    0x38, 0xFC, 0x71, 0xF8, 0xE7, 0x71, 0xFE, 0xE3, 0xF8, 0xFF, 0xE3, 0xFF, 0x80, 0xE0, 0x03, 0x80,
    0x0E, 0x00, 0x38, 0x00, 0xFF, 0x03, 0xFE, 0x0F, 0x3C, 0x38, 0x70, 0xE1, 0xC3, 0x87, 0x0E, 0x1C,
    0x38, 0x70, 0xE1, 0xC3, 0x87, 0x0E, 0x1C, 0x02, 0x00, 0x70, 0x07, 0x00, 0xE0, 0x0C, 0x00, 0x00,
    0x00, 0x0C, 0x0E, 0xC0, 0xEC, 0x1C, 0xC1, 0xCC, 0x38, 0xC3, 0x8C, 0x70, 0xFF, 0x0F, 0xE0, 0xC7,
    0x0C, 0x70, 0xC3, 0x8C, 0x38, 0xC1, 0xCC, 0x1C, 0xC0, 0xFC, 0x0F, 0x18, 0x03, 0x80, 0x70, 0x07,
    0x00, 0xE0, 0x00, 0x00, 0x06, 0x07, 0xC0, 0xF8, 0x3F, 0x07, 0xE1, 0xFC, 0x3F, 0x8E, 0xF1, 0x9E,
    0x73, 0xCC, 0x7B, 0x8F, 0x61, 0xFC, 0x3F, 0x07, 0xE0, 0xF8, 0x1F, 0x03, 0x10, 0x40, 0xE3, 0x81,
    0x8C, 0x07, 0xF0, 0x0F, 0x80, 0x00, 0x00, 0x00, 0x38, 0x0E, 0xE0, 0x39, 0xC0, 0xC7, 0x07, 0x0E,
    0x1C, 0x38, 0xE0, 0x73, 0x81, 0xCE, 0x03, 0x70, 0x0F, 0xC0, 0x3E, 0x00, 0x78, 0x01, 0xE0, 0x07,
    0x00, 0x1C, 0x03, 0xE0, 0x0F, 0x80, 0xE0, 0xFC, 0x1F, 0x83, 0xF0, 0x7E, 0x0F, 0xC1, 0xF8, 0x3F,
    0x07, 0xE0, 0xFC, 0x1F, 0x83, 0xF0, 0x7E, 0x0F, 0xC1, 0xF8, 0x3F, 0xFF, 0xFF, 0xE1, 0xC0, 0x38,
    0x07, 0x00, 0xE0, 0x03, 0x80, 0x0F, 0x80, 0x1F, 0x00, 0x36, 0x00, 0xEE, 0x01, 0xDC, 0x03, 0x18,
    0x0E, 0x38, 0x1C, 0x70, 0x38, 0xE0, 0xFF, 0xE1, 0xFF, 0xC3, 0x83, 0x86, 0x03, 0x9C, 0x07, 0x38,
    0x0E, 0x60, 0x0C, 0xFF, 0xCF, 0xFC, 0xE0, 0x0E, 0x00, 0xE0, 0x0E, 0x00, 0xE0, 0x0F, 0xFC, 0xFF,
    0xEE, 0x0E, 0xE0, 0x7E, 0x07, 0xE0, 0x7E, 0x07, 0xE0, 0xEF, 0xFE, 0xFF, 0xC0, 0xFF, 0x8F, 0xFC,
    0xE0, 0xEE, 0x0E, 0xE0, 0xEE, 0x0E, 0xE0, 0xEF, 0xFC, 0xFF, 0xCE, 0x1E, 0xE0, 0x7E, 0x07, 0xE0,
    0x7E, 0x07, 0xE0, 0xEF, 0xFE, 0xFF, 0xC0, 0xFF, 0xDF, 0xFB, 0x80, 0x70, 0x0E, 0x01, 0xC0, 0x38,
    0x07, 0x00, 0xE0, 0x1C, 0x03, 0x80, 0x70, 0x0E, 0x01, 0xC0, 0x38, 0x07, 0x00, 0xE0, 0x00, 0x0F,
    0xF8, 0x1F, 0xF0, 0x38, 0xE0, 0x71, 0xC0, 0xE3, 0x81, 0xC7, 0x03, 0x8E, 0x07, 0x1C, 0x0E, 0x38,
    0x18, 0x70, 0x70, 0xE0, 0xE1, 0xC1, 0xC3, 0x83, 0x87, 0x0E, 0x0E, 0x7F, 0xFF, 0xFF, 0xFF, 0xC0,
    0x1F, 0x80, 0x3F, 0x00, 0x7E, 0x00, 0xF8, 0x00, 0xC0, 0xFF, 0xFF, 0xFF, 0x80, 0x70, 0x0E, 0x01,
    0xC0, 0x38, 0x07, 0xFF, 0xFF, 0xFC, 0x03, 0x80, 0x70, 0x0E, 0x01, 0xC0, 0x38, 0x07, 0xFF, 0xFF,
    0xE0, 0xE3, 0x8E, 0xC7, 0x19, 0xCE, 0x73, 0x9C, 0xE7, 0x39, 0xC7, 0x77, 0x0E, 0xEE, 0x0F, 0xF8,
    0x1F, 0xF0, 0x77, 0x70, 0xEE, 0xE3, 0x9C, 0xE7, 0x39, 0xCE, 0x73, 0xB8, 0xE3, 0xF1, 0xC7, 0xE3,
    0x8E, 0x3F, 0xC3, 0xFF, 0x1C, 0x3C, 0x40, 0xE0, 0x07, 0x00, 0x38, 0x07, 0x83, 0xF8, 0x1F, 0xE0,
    0x07, 0x80, 0x1C, 0x00, 0xE0, 0x07, 0x70, 0x3B, 0xC3, 0xCF, 0xFC, 0x3F, 0xC0, 0xC0, 0xF8, 0x1F,
    0x07, 0xE0, 0xFC, 0x3F, 0x87, 0xF1, 0xDE, 0x33, 0xCE, 0x79, 0x8F, 0x71, 0xEC, 0x3F, 0x87, 0xE0,
    0xFC, 0x1F, 0x03, 0xE0, 0x60, 0x20, 0x8E, 0x38, 0xC6, 0x1F, 0xC1, 0xF0, 0x00, 0x00, 0x06, 0x07,
    0xC0, 0xF8, 0x3F, 0x07, 0xE1, 0xFC, 0x3F, 0x8E, 0xF1, 0x9E, 0x73, 0xCC, 0x7B, 0x8F, 0x61, 0xFC,
    0x3F, 0x07, 0xE0, 0xF8, 0x1F, 0x03, 0xC0, 0xEC, 0x0E, 0xC1, 0xCC, 0x1C, 0xC3, 0x8C, 0x38, 0xC7,
    0x0F, 0xF0, 0xFE, 0x0C, 0x70, 0xC7, 0x0C, 0x38, 0xC3, 0x8C, 0x1C, 0xC1, 0xCC, 0x0F, 0xC0, 0xF0,
    0x0F, 0xF8, 0x3F, 0xE0, 0xC1, 0x83, 0x06, 0x0C, 0x18, 0x30, 0x60, 0xC1, 0x83, 0x06, 0x1C, 0x18,
    0x70, 0x61, 0xC1, 0x87, 0x06, 0x1C, 0x18, 0x60, 0x63, 0x81, 0xBC, 0x06, 0xF0, 0x18, 0xF0, 0x7F,
    0x83, 0xFE, 0x3F, 0xF1, 0xFF, 0xDF, 0xFE, 0xFF, 0xB6, 0xFD, 0xF7, 0xE7, 0x3F, 0x39, 0xF8, 0x8F,
    0xC4, 0x7E, 0x03, 0xF0, 0x1F, 0x80, 0xFC, 0x07, 0xE0, 0x38, 0xC0, 0x78, 0x0F, 0x01, 0xE0, 0x3C,
    0x07, 0x80, 0xF0, 0x1F, 0xFF, 0xFF, 0xF8, 0x0F, 0x01, 0xE0, 0x3C, 0x07, 0x80, 0xF0, 0x1E, 0x03,
    0xC0, 0x60, 0x1F, 0xC1, 0xFF, 0x1E, 0x3C, 0xE0, 0xE6, 0x03, 0x70, 0x1F, 0x80, 0xFC, 0x07, 0xE0,
    0x3F, 0x01, 0xF8, 0x0F, 0xC0, 0x76, 0x03, 0x38, 0x39, 0xE3, 0xC7, 0xFC, 0x1F, 0xC0, 0xFF, 0xFF,
    0xFF, 0x83, 0xF0, 0x7E, 0x0F, 0xC1, 0xF8, 0x3F, 0x07, 0xE0, 0xFC, 0x1F, 0x83, 0xF0, 0x7E, 0x0F,
    0xC1, 0xF8, 0x3F, 0x07, 0xE0, 0xE0, 0xFF, 0xCF, 0xFE, 0xE0, 0xEE, 0x07, 0xE0, 0x7E, 0x07, 0xE0,
    0x7E, 0x1E, 0xFF, 0xEF, 0xF8, 0xE0, 0x0E, 0x00, 0xE0, 0x0E, 0x00, 0xE0, 0x0E, 0x00, 0xE0, 0x00,
    0x0F, 0xC1, 0xFF, 0x0E, 0x1C, 0xE0, 0x77, 0x02, 0x30, 0x03, 0x80, 0x1C, 0x00, 0xE0, 0x07, 0x00,
    0x38, 0x00, 0xC0, 0x07, 0x00, 0x38, 0x1C, 0xE1, 0xC7, 0xFC, 0x0F, 0xC0, 0xFF, 0xFF, 0xFF, 0xFC,
    0x0E, 0x00, 0x1C, 0x00, 0x38, 0x00, 0x70, 0x00, 0xE0, 0x01, 0xC0, 0x03, 0x80, 0x07, 0x00, 0x0E,
    0x00, 0x1C, 0x00, 0x38, 0x00, 0x70, 0x00, 0xE0, 0x01, 0xC0, 0x03, 0x80, 0xE0, 0x3B, 0x80, 0xE7,
    0x03, 0x1C, 0x1C, 0x38, 0x70, 0xE3, 0x81, 0xCE, 0x07, 0x38, 0x0D, 0xC0, 0x3F, 0x00, 0xF8, 0x01,
    0xE0, 0x07, 0x80, 0x1C, 0x00, 0x70, 0x0F, 0x80, 0x3E, 0x00, 0x03, 0x80, 0x07, 0x00, 0x0E, 0x00,
    0xFF, 0x83, 0xFF, 0x8F, 0x77, 0x9C, 0xE7, 0x31, 0xC6, 0xE3, 0x8F, 0xC7, 0x1F, 0x8E, 0x3F, 0x1C,
    0x76, 0x38, 0xCE, 0x73, 0x9E, 0xEF, 0x1F, 0xFC, 0x1F, 0xF0, 0x07, 0x00, 0x0E, 0x00, 0x1C, 0x00,
    0x70, 0x1C, 0x70, 0x38, 0xE0, 0xE0, 0xE3, 0x81, 0xE7, 0x01, 0xDC, 0x01, 0xF0, 0x03, 0xE0, 0x03,
    0x80, 0x0F, 0x80, 0x1F, 0x80, 0x77, 0x01, 0xC7, 0x03, 0x8F, 0x0E, 0x0E, 0x38, 0x0E, 0x70, 0x1C,
    0xC0, 0xE6, 0x07, 0x30, 0x39, 0x81, 0xCC, 0x0E, 0x60, 0x73, 0x03, 0x98, 0x1C, 0xC0, 0xE6, 0x07,
    0x30, 0x39, 0x81, 0xCC, 0x0E, 0x60, 0x73, 0x03, 0x9F, 0xFF, 0xFF, 0xF8, 0x01, 0xC0, 0x0E, 0x00,
    0x70, 0x03, 0x80, 0x08, 0xE0, 0x7E, 0x07, 0xE0, 0x7E, 0x07, 0xE0, 0x7E, 0x07, 0xE0, 0x7E, 0x07,
    0x78, 0xF3, 0xFF, 0x1F, 0xF0, 0x07, 0x00, 0x70, 0x07, 0x00, 0x70, 0x07, 0x00, 0x70, 0xE7, 0x3F,
    0x39, 0xF9, 0xCF, 0xCE, 0x7E, 0x73, 0xF3, 0x9F, 0x9C, 0xFC, 0xE7, 0xE7, 0x3F, 0x39, 0xF9, 0xCF,
    0xCE, 0x7E, 0x73, 0xF3, 0x9F, 0x9C, 0xFF, 0xFF, 0xFF, 0xF8, 0xE7, 0x39, 0xCE, 0x73, 0x9C, 0xE7,
    0x39, 0xCE, 0x73, 0x9C, 0xE7, 0x39, 0xCE, 0x73, 0x9C, 0xE7, 0x39, 0xCE, 0x73, 0x9C, 0xE7, 0x39,
    0xCE, 0x73, 0x9C, 0xE7, 0x39, 0xCE, 0x7F, 0xFF, 0xFF, 0xFE, 0x00, 0x1C, 0x00, 0x38, 0x00, 0x70,
    0x00, 0xE0, 0x00, 0x80, 0xFE, 0x01, 0xFC, 0x00, 0x38, 0x00, 0x70, 0x00, 0xE0, 0x01, 0xC0, 0x03,
    0x80, 0x07, 0xFC, 0x0F, 0xFC, 0x1C, 0x38, 0x38, 0x38, 0x70, 0x70, 0xE0, 0xE1, 0xC1, 0xC3, 0x87,
    0x07, 0xFE, 0x0F, 0xF8, 0xE0, 0x3F, 0x01, 0xF8, 0x0F, 0xC0, 0x7E, 0x03, 0xF0, 0x1F, 0x80, 0xFF,
    0xC7, 0xFF, 0x3F, 0x3D, 0xF8, 0xEF, 0xC7, 0x7E, 0x3B, 0xF1, 0xDF, 0x9E, 0xFF, 0xE7, 0xFE, 0x38,
    0xE0, 0x0E, 0x00, 0xE0, 0x0E, 0x00, 0xE0, 0x0E, 0x00, 0xE0, 0x0F, 0xFC, 0xFF, 0xEE, 0x0E, 0xE0,
    0x7E, 0x07, 0xE0, 0x7E, 0x07, 0xE0, 0xEF, 0xFE, 0xFF, 0xC0, 0x1F, 0x83, 0xFF, 0x1C, 0x39, 0xC0,
    0xE0, 0x07, 0x00, 0x18, 0x00, 0xE1, 0xFF, 0x0F, 0xF8, 0x01, 0xC0, 0x0E, 0x00, 0x66, 0x07, 0x70,
    0x39, 0xC3, 0x87, 0xFC, 0x1F, 0x80, 0xE3, 0xE7, 0x3F, 0xBB, 0x8F, 0xDC, 0x7E, 0xE3, 0xF7, 0x1F,
    0xB8, 0xFF, 0xC7, 0xFE, 0x3F, 0x71, 0xFB, 0x8F, 0xDC, 0x7E, 0xE3, 0xF7, 0x1F, 0xB8, 0xFC, 0xFE,
    0xE3, 0xE0, 0x0F, 0xF8, 0xFF, 0xCE, 0x0E, 0x70, 0x77, 0x03, 0x98, 0x1C, 0xE0, 0xE7, 0x87, 0x1F,
    0xF8, 0x3F, 0xC1, 0xCE, 0x1C, 0x70, 0xE3, 0x8E, 0x1C, 0x70, 0xEF, 0x07, 0x70, 0x38, 0x1F, 0x83,
    0xFE, 0x1C, 0x38, 0x41, 0xC0, 0x06, 0x0F, 0xF1, 0xFF, 0x8F, 0x0C, 0xE0, 0x67, 0x07, 0x1C, 0x78,
    0xFF, 0xF3, 0xF7, 0x80, 0x07, 0xF0, 0xFF, 0x8F, 0x00, 0x70, 0x07, 0x00, 0x38, 0x01, 0xBF, 0x0F,
    0xFC, 0xF8, 0xF7, 0x83, 0xB8, 0x0D, 0xC0, 0x7E, 0x03, 0xB0, 0x1D, 0x80, 0xCE, 0x0E, 0x38, 0xF1,
    0xFF, 0x07, 0xF0, 0xFF, 0xCF, 0xFE, 0xE0, 0xEE, 0x0E, 0xE0, 0xEF, 0xFC, 0xFF, 0xCE, 0x0E, 0xE0,
    0x6E, 0x06, 0xE0, 0xEF, 0xFE, 0xFF, 0xC0, 0xFF, 0xFF, 0xFE, 0x03, 0x80, 0xE0, 0x38, 0x0E, 0x03,
    0x80, 0xE0, 0x38, 0x0E, 0x03, 0x80, 0xE0, 0x00, 0x1F, 0xF0, 0x3F, 0xE0, 0x70, 0xC0, 0xE1, 0x81,
    0xC3, 0x03, 0x86, 0x07, 0x0C, 0x0E, 0x18, 0x1C, 0x30, 0x70, 0x60, 0xE0, 0xC7, 0xFF, 0xEF, 0xFF,
    0xFC, 0x01, 0xF8, 0x03, 0xF0, 0x07, 0xC0, 0x0C, 0x1F, 0xC1, 0xFF, 0x1E, 0x3C, 0xE0, 0xE6, 0x03,
    0xFF, 0xFF, 0xFF, 0xFC, 0x00, 0x60, 0x03, 0x81, 0x9E, 0x1C, 0x7F, 0xC1, 0xFC, 0x00, 0x63, 0x8C,
    0xE7, 0x39, 0xCE, 0x71, 0x9C, 0xC3, 0xBB, 0x87, 0xFF, 0x0F, 0xFE, 0x1D, 0xDC, 0x33, 0x98, 0xE7,
    0x39, 0xCE, 0x73, 0x9C, 0xE6, 0x38, 0xC0, 0x1F, 0xC7, 0xFE, 0x70, 0xE2, 0x07, 0x00, 0xE1, 0xFE,
    0x1F, 0xE0, 0x0E, 0x00, 0x76, 0x07, 0xF0, 0xF7, 0xFE, 0x3F, 0xC0, 0xE0, 0xFC, 0x3F, 0x87, 0xF1,
    0xFE, 0x7F, 0xCF, 0xFB, 0xBF, 0xE7, 0xFC, 0xFF, 0x1F, 0xC3, 0xF8, 0x7E, 0x0E, 0x21, 0x8E, 0x39,
    0xC6, 0x1F, 0xC1, 0xF0, 0x00, 0x00, 0x07, 0x07, 0xE1, 0xFC, 0x3F, 0x8F, 0xF3, 0xFE, 0x7F, 0xDD,
    0xFF, 0x3F, 0xE7, 0xF8, 0xFE, 0x1F, 0xC3, 0xF0, 0x70, 0xE0, 0xEE, 0x1C, 0xE1, 0xCE, 0x38, 0xE3,
    0x0F, 0xF0, 0xFF, 0x0E, 0x70, 0xE3, 0x8E, 0x38, 0xE1, 0xCE, 0x0F, 0xE0, 0xF0, 0x1F, 0xF8, 0xFF,
    0xC7, 0x0E, 0x38, 0x71, 0xC3, 0x8E, 0x1C, 0x70, 0xE3, 0x87, 0x1C, 0x38, 0xE1, 0xCE, 0x0F, 0xF0,
    0x7F, 0x03, 0x80, 0xF0, 0x7F, 0xC3, 0xFE, 0x3F, 0xF9, 0xFF, 0xDF, 0xF6, 0xDF, 0xBE, 0xFC, 0xE7,
    0xE7, 0x3F, 0x11, 0xF8, 0x8F, 0xC0, 0x7E, 0x03, 0x80, 0xE0, 0xFC, 0x1F, 0x83, 0xF0, 0x7E, 0x0F,
    0xFF, 0xFF, 0xFF, 0x07, 0xE0, 0xFC, 0x1F, 0x83, 0xF0, 0x7E, 0x0E, 0x1F, 0xC1, 0xFF, 0x1E, 0x3C,
    0xE0, 0xE6, 0x03, 0x70, 0x1F, 0x80, 0xFC, 0x07, 0x60, 0x33, 0x83, 0x9E, 0x3C, 0x7F, 0xC1, 0xFC,
    0x00, 0xFF, 0xFF, 0xFF, 0x83, 0xF0, 0x7E, 0x0F, 0xC1, 0xF8, 0x3F, 0x07, 0xE0, 0xFC, 0x1F, 0x83,
    0xF0, 0x7E, 0x0E, 0xEF, 0x8F, 0xFC, 0xF1, 0xEE, 0x0E, 0xE0, 0x7E, 0x07, 0xE0, 0x7E, 0x07, 0xE0,
    0x7E, 0x0E, 0xF1, 0xEF, 0xFC, 0xEF, 0x8E, 0x00, 0xE0, 0x0E, 0x00, 0xE0, 0x0E, 0x00, 0x1F, 0x8F,
    0xF9, 0xC3, 0xF0, 0x2E, 0x01, 0xC0, 0x38, 0x07, 0x00, 0xE0, 0x1C, 0x0D, 0xC3, 0xBF, 0xE1, 0xF8,
    0xFF, 0xFF, 0xFF, 0xC1, 0xC0, 0x0E, 0x00, 0x70, 0x03, 0x80, 0x1C, 0x00, 0xE0, 0x07, 0x00, 0x38,
    0x01, 0xC0, 0x0E, 0x00, 0x70, 0x00, 0xE0, 0x3B, 0x01, 0x9C, 0x1C, 0xE0, 0xE3, 0x86, 0x1C, 0x70,
    0x63, 0x03, 0xB8, 0x1D, 0xC0, 0x7C, 0x03, 0xE0, 0x0E, 0x00, 0x70, 0x03, 0x80, 0x38, 0x01, 0xC0,
    0x7C, 0x03, 0xE0, 0x00, 0x07, 0x00, 0x38, 0x01, 0xC0, 0x0E, 0x07, 0xFF, 0x7F, 0xFF, 0x9C, 0xFC,
    0xE7, 0xC7, 0x1E, 0x38, 0xF1, 0xC7, 0x8E, 0x3C, 0x71, 0xF3, 0x9F, 0x9C, 0xFF, 0xFF, 0x7F, 0xF0,
    0x38, 0x01, 0xC0, 0x0E, 0x00, 0x70, 0x03, 0x80, 0x70, 0x73, 0xC3, 0x8E, 0x38, 0x3B, 0x81, 0xFC,
    0x07, 0xC0, 0x1C, 0x01, 0xF0, 0x1F, 0xC0, 0xEE, 0x0E, 0x38, 0xE0, 0xEF, 0x07, 0x80, 0xC0, 0xE6,
    0x07, 0x30, 0x39, 0x81, 0xCC, 0x0E, 0x60, 0x73, 0x03, 0x98, 0x1C, 0xC0, 0xE6, 0x07, 0x30, 0x39,
    0xFF, 0xFF, 0xFF, 0x80, 0x1C, 0x00, 0xE0, 0x07, 0x00, 0x30, 0xC0, 0xF8, 0x1F, 0x03, 0xE0, 0x7C,
    0x0F, 0xC1, 0xFC, 0xFF, 0xFF, 0x3E, 0xE0, 0x1C, 0x03, 0x80, 0x70, 0x0E, 0xE7, 0x3F, 0x39, 0xF9,
    0xCF, 0xCE, 0x7E, 0x73, 0xF3, 0x9F, 0x9C, 0xFC, 0xE7, 0xE7, 0x3F, 0x39, 0xF9, 0xCF, 0xFF, 0xFF,
    0xFF, 0x80, 0xE3, 0x19, 0xC6, 0x33, 0x8C, 0x67, 0x18, 0xCE, 0x31, 0x9C, 0x63, 0x38, 0xC6, 0x71,
    0x8C, 0xE3, 0x19, 0xC6, 0x33, 0x8C, 0x67, 0xFF, 0xFF, 0xFF, 0xE0, 0x01, 0xC0, 0x03, 0x80, 0x07,
    0x00, 0x0C, 0xFC, 0x03, 0xF0, 0x00, 0xC0, 0x03, 0x00, 0x0C, 0x00, 0x3F, 0xE0, 0xFF, 0xC3, 0x07,
    0x0C, 0x1C, 0x30, 0x70, 0xC1, 0xC3, 0xFF, 0x0F, 0xF8, 0xE0, 0x3F, 0x01, 0xF8, 0x0F, 0xC0, 0x7E,
    0x03, 0xFF, 0x1F, 0xFC, 0xFC, 0x77, 0xE3, 0xBF, 0x1D, 0xF8, 0xEF, 0xFE, 0x7F, 0xF3, 0x80, 0xE0,
    0x0E, 0x00, 0xE0, 0x0E, 0x00, 0xE0, 0x0F, 0xFC, 0xFF, 0xEE, 0x0E, 0xE0, 0x6E, 0x06, 0xE0, 0xEF,
    0xFE, 0xFF, 0xC0, 0x3F, 0x0F, 0xFB, 0x87, 0x20, 0x70, 0x0E, 0x3F, 0xC7, 0xF8, 0x07, 0x00, 0xF8,
    0x1F, 0x87, 0x3F, 0xE3, 0xF0, 0xC3, 0xE6, 0x3F, 0xB1, 0x8F, 0x9C, 0x7C, 0xE3, 0xFF, 0x1F, 0xF8,
    0xF9, 0xC7, 0xCE, 0x3E, 0x71, 0xF1, 0x8F, 0x8F, 0xEC, 0x3E, 0x00, 0x1F, 0xF3, 0xFF, 0x70, 0x77,
    0x07, 0x70, 0x77, 0x07, 0x3F, 0xF1, 0xFF, 0x1C, 0x71, 0xC7, 0x38, 0x7F, 0x87, 0xF0, 0x70, 0x04,
    0x00, 0x60, 0x03, 0x80, 0x0C, 0x00, 0x70, 0x01, 0x00, 0x00, 0x03, 0xF8, 0x3F, 0xE3, 0xC7, 0x9C,
    0x1C, 0xC0, 0x7F, 0xFF, 0xFF, 0xFF, 0x80, 0x0C, 0x00, 0x70, 0x33, 0xC3, 0x8F, 0xF8, 0x3F, 0x80,
    0x1D, 0xE1, 0xEF, 0x0F, 0x78, 0x00, 0x00, 0x00, 0x0F, 0xE0, 0xFF, 0x8F, 0x1E, 0x70, 0x73, 0x01,
    0xFF, 0xFF, 0xFF, 0xFE, 0x00, 0x30, 0x01, 0xC0, 0xCF, 0x0E, 0x3F, 0xE0, 0xFE, 0x00, 0x38, 0x03,
    0xFC, 0x3F, 0xE0, 0x70, 0x03, 0x80, 0x1D, 0xF0, 0xFF, 0xC7, 0x8F, 0x38, 0x39, 0xC1, 0xCE, 0x0E,
    0x70, 0x73, 0x83, 0x9C, 0x1C, 0xE0, 0xE7, 0x07, 0x38, 0x39, 0xC1, 0xC0, 0x0E, 0x00, 0x70, 0x03,
    0x87, 0xFC, 0x3F, 0xC0, 0x02, 0x01, 0xC0, 0x70, 0x38, 0x0C, 0x00, 0x00, 0x03, 0xFF, 0xFF, 0xF8,
    0x0E, 0x03, 0x80, 0xE0, 0x38, 0x0E, 0x03, 0x80, 0xE0, 0x38, 0x0E, 0x03, 0x80, 0x1F, 0x8F, 0xF9,
    0xC3, 0xF0, 0x2E, 0x01, 0xFE, 0x3F, 0xC7, 0x00, 0xE0, 0x1C, 0x0D, 0xC3, 0xBF, 0xE1, 0xF8, 0x1F,
    0xC1, 0xFF, 0x9C, 0x1C, 0xE0, 0x07, 0x00, 0x1F, 0x80, 0x7F, 0x80, 0x7E, 0x00, 0x33, 0x01, 0x9C,
    0x1C, 0xFF, 0xE1, 0xFC, 0x00, 0x0F, 0x00, 0xF0, 0x0E, 0x00, 0x00, 0x00, 0x0F, 0xE0, 0xFE, 0x00,
    0x60, 0x06, 0x00, 0x60, 0x06, 0x00, 0x60, 0x06, 0x00, 0x60, 0x06, 0x00, 0x60, 0xFF, 0xFF, 0xFF,
    0x3D, 0xC3, 0xDC, 0x3D, 0xC0, 0x00, 0x00, 0x0F, 0xF0, 0xFF, 0x00, 0x70, 0x07, 0x00, 0x70, 0x07,
    0x00, 0x70, 0x07, 0x00, 0x70, 0x07, 0x00, 0x70, 0xFF, 0xFF, 0xFF, 0x03, 0x80, 0xF0, 0x3C, 0x00,
    0x00, 0x3F, 0xEF, 0xF8, 0x0E, 0x03, 0x80, 0xE0, 0x38, 0x0E, 0x03, 0x80, 0xE0, 0x38, 0x0E, 0x03,
    0x80, 0xE0, 0x38, 0x0E, 0x03, 0xBF, 0xCF, 0xE0, 0x1F, 0xC0, 0x3F, 0x80, 0x67, 0x00, 0xCE, 0x01,
    0x9C, 0x07, 0x3F, 0x8E, 0x7F, 0x9C, 0xE7, 0x39, 0xCE, 0x73, 0x9D, 0xC7, 0x3F, 0x8F, 0xFE, 0x1F,
    0xC0, 0xE3, 0x81, 0xC7, 0x03, 0x8E, 0x07, 0x1C, 0x0E, 0x38, 0x1F, 0xFF, 0x3F, 0xFF, 0x71, 0xCE,
    0xE3, 0x8D, 0xC7, 0x1B, 0x8E, 0x77, 0x1F, 0xEE, 0x3F, 0x80, 0x38, 0x03, 0xFC, 0x3F, 0xE0, 0x70,
    0x03, 0x80, 0x1D, 0xF0, 0xFF, 0xC7, 0x8F, 0x38, 0x39, 0xC1, 0xCE, 0x0E, 0x70, 0x73, 0x83, 0x9C,
    0x1C, 0xE0, 0xE7, 0x07, 0x38, 0x39, 0xC1, 0xC0, 0x02, 0x00, 0x30, 0x07, 0x00, 0x60, 0x0E, 0x00,
    0x40, 0x00, 0x0E, 0x0E, 0xE1, 0xCE, 0x1C, 0xE3, 0x8E, 0x30, 0xFF, 0x0F, 0xF0, 0xE7, 0x0E, 0x38,
    0xE3, 0x8E, 0x1C, 0xE0, 0xFE, 0x0F, 0x08, 0x07, 0x00, 0x70, 0x06, 0x00, 0xE0, 0x08, 0x00, 0x07,
    0x07, 0xE1, 0xFC, 0x3F, 0x8F, 0xF3, 0xFE, 0x7F, 0xDD, 0xFF, 0x3F, 0xE7, 0xF8, 0xFE, 0x1F, 0xC3,
    0xF0, 0x70, 0x10, 0x41, 0xC7, 0x06, 0x30, 0x3F, 0x80, 0xF8, 0x00, 0x00, 0x00, 0x1C, 0x07, 0x60,
    0x33, 0x83, 0x9C, 0x1C, 0x70, 0xC3, 0x8E, 0x0C, 0x60, 0x77, 0x03, 0xB8, 0x0F, 0x80, 0x7C, 0x01,
    0xC0, 0x0E, 0x00, 0x70, 0x07, 0x00, 0x38, 0x0F, 0x80, 0x7C, 0x00, 0xE0, 0xFC, 0x1F, 0x83, 0xF0,
    0x7E, 0x0F, 0xC1, 0xF8, 0x3F, 0x07, 0xE0, 0xFC, 0x1F, 0x83, 0xFF, 0xFF, 0xFE, 0x1C, 0x03, 0x80,
    0x70, 0x0E, 0x00, 0x1F, 0xC1, 0xFF, 0x1E, 0x3C, 0xE0, 0xE6, 0x03, 0x70, 0x1F, 0x80, 0xFF, 0xFF,
    0xFF, 0xFF, 0x01, 0xF8, 0x0F, 0xC0, 0x76, 0x03, 0x38, 0x39, 0xE3, 0xC7, 0xFC, 0x1F, 0xC0, 0x1F,
    0xC1, 0xFF, 0x1E, 0x3C, 0xE0, 0xE6, 0x03, 0x7F, 0xFF, 0xFF, 0xFC, 0x07, 0x60, 0x33, 0x83, 0x9E,
    0x3C, 0x7F, 0xC1, 0xFC, 0x00, 0x00, 0xC0, 0x18, 0x03, 0x00, 0x6F, 0xFD, 0xFF, 0xB8, 0x07, 0x00,
    0xE0, 0x1C, 0x03, 0x80, 0x70, 0x0E, 0x01, 0xC0, 0x38, 0x07, 0x00, 0xE0, 0x1C, 0x03, 0x80, 0x70,
    0x0E, 0x00, 0x01, 0xC0, 0x70, 0x1F, 0xFF, 0xFF, 0xF8, 0x0E, 0x03, 0x80, 0xE0, 0x38, 0x0E, 0x03,
    0x80, 0xE0, 0x38, 0x0E, 0x03, 0x80, 0x3F, 0xF9, 0xFF, 0xCE, 0x00, 0x70, 0x03, 0x80, 0x1C, 0x00,
    0xE0, 0x1F, 0xF8, 0xFF, 0xC1, 0xC0, 0x0E, 0x00, 0x70, 0x03, 0x80, 0x1C, 0x00, 0xE0, 0x07, 0x00,
    0x38, 0x00, 0x3F, 0xF1, 0xFF, 0x8E, 0x00, 0x70, 0x03, 0x80, 0x1C, 0x03, 0xFF, 0x1F, 0xF8, 0x38,
    0x01, 0xC0, 0x0E, 0x00, 0x70, 0x03, 0x80, 0x00, 0xFF, 0xCF, 0xFC, 0xE0, 0x0E, 0x00, 0xE0, 0x0E,
    0x00, 0xE0, 0x0F, 0xF8, 0xFF, 0xCF, 0x1E, 0xE0, 0xFE, 0x07, 0xE0, 0x7E, 0x07, 0xE0, 0x7E, 0x07,
    0xE0, 0x70, 0x07, 0x00, 0xE0, 0xFE, 0x0F, 0xC0, 0xFF, 0x9F, 0xF3, 0x80, 0x70, 0x0E, 0x01, 0xC0,
    0x3B, 0xF7, 0xFF, 0xF0, 0xFC, 0x1F, 0x81, 0xF0, 0x3E, 0x06, 0x00, 0xC0, 0x18, 0x07, 0x03, 0xE0,
    0x78, 0x63, 0x8E, 0x39, 0xC7, 0x1C, 0xE3, 0x06, 0x73, 0x83, 0xB9, 0xC1, 0xDC, 0xE0, 0xEE, 0xE0,
    0x3F, 0xF0, 0x1F, 0xF8, 0x0D, 0xDC, 0x0E, 0xE7, 0x07, 0x73, 0x87, 0x39, 0xC3, 0x9C, 0x71, 0xCE,
    0x38, 0xC7, 0x1F, 0xE3, 0x87, 0x80, 0x01, 0xC0, 0x00, 0xE0, 0x00, 0x70, 0x00, 0x38, 0xE3, 0x1C,
    0xC6, 0x39, 0x8C, 0x63, 0x99, 0xC7, 0x33, 0x87, 0xFE, 0x0F, 0xFC, 0x39, 0x9C, 0x73, 0x38, 0xE6,
    0x71, 0x8C, 0x77, 0x18, 0xFE, 0x31, 0xE0, 0x00, 0xC0, 0x01, 0x80, 0x03, 0x1F, 0xC3, 0xFF, 0x3C,
    0x3C, 0xC0, 0xE0, 0x07, 0x00, 0x38, 0x01, 0xC0, 0x3C, 0x1F, 0xC0, 0xFF, 0x00, 0x3C, 0x00, 0xE0,
    0x07, 0x20, 0x3B, 0x81, 0xDF, 0x3E, 0x7F, 0xE0, 0xFC, 0x01, 0x80, 0x0C, 0x00, 0x60, 0x00, 0x1F,
    0xC7, 0xFE, 0x70, 0xE2, 0x07, 0x00, 0xE1, 0xFE, 0x1F, 0xE0, 0x0E, 0x00, 0x70, 0x07, 0x60, 0x7F,
    0x9E, 0x7F, 0xE1, 0xF8, 0x06, 0x00, 0x60, 0x06, 0x00, 0xE0, 0x77, 0x03, 0xB8, 0x39, 0xC3, 0xCE,
    0x1C, 0x71, 0xC3, 0x8E, 0x1F, 0xE0, 0xFF, 0x07, 0x1C, 0x38, 0xE1, 0xC3, 0x8E, 0x1C, 0x70, 0x73,
    0x83, 0x9C, 0x1F, 0xE0, 0x78, 0x00, 0xC0, 0x06, 0x00, 0x30, 0x01, 0x80, 0xE0, 0xEE, 0x1C, 0xE1,
    0xCE, 0x38, 0xE7, 0x0F, 0xF0, 0xFE, 0x0E, 0x70, 0xE3, 0x8E, 0x38, 0xE1, 0xCE, 0x1F, 0xE0, 0xF0,
    0x07, 0x00, 0x70, 0x07, 0xE0, 0x3B, 0x81, 0xCE, 0x07, 0x38, 0x38, 0xEC, 0xE3, 0xB7, 0x0E, 0xDC,
    0x3F, 0xE0, 0xFF, 0x83, 0xB7, 0x0E, 0xDC, 0x3B, 0x70, 0xEC, 0xE3, 0x83, 0x8E, 0x07, 0x38, 0x1F,
    0xE0, 0x3C, 0xE0, 0x7E, 0x0E, 0xE1, 0xCF, 0x9C, 0xFB, 0x8F, 0xF0, 0xFF, 0x0F, 0xB8, 0xFB, 0x8F,
    0x9C, 0xE0, 0xCE, 0x0F, 0xE0, 0x70, 0xFE, 0x1D, 0xFC, 0x38, 0x38, 0x70, 0x71, 0xC0, 0xE3, 0x81,
    0xCE, 0x03, 0x9C, 0x07, 0xF0, 0x0F, 0xE0, 0x1D, 0xC0, 0x39, 0xC0, 0x73, 0x80, 0xE3, 0x81, 0xC7,
    0x03, 0x8E, 0x07, 0x0F, 0x0E, 0x0E, 0xFC, 0x1D, 0xF8, 0x70, 0x30, 0xE0, 0x63, 0x80, 0xC6, 0x01,
    0xFC, 0x03, 0xF0, 0x06, 0x70, 0x0C, 0x70, 0x18, 0xE0, 0x30, 0xE0, 0x61, 0xE0, 0xC1, 0xE0, 0xC0,
    0xE6, 0x07, 0x30, 0x39, 0x81, 0xCC, 0x0E, 0x60, 0x73, 0x03, 0x9F, 0xFC, 0xFF, 0xE6, 0x07, 0x30,
    0x39, 0x81, 0xCC, 0x0E, 0x60, 0x73, 0x03, 0x98, 0x1F, 0xC0, 0xF8, 0x01, 0xC0, 0x0E, 0x00, 0x70,
    0x03, 0x80, 0xC0, 0xE6, 0x07, 0x30, 0x39, 0x81, 0xCC, 0x0E, 0x7F, 0xF3, 0xFF, 0x98, 0x1C, 0xC0,
    0xE6, 0x07, 0x30, 0x39, 0x81, 0xFC, 0x0F, 0x80, 0x1C, 0x00, 0xE0, 0x07, 0x00, 0x30, 0xE1, 0xFF,
    0xC3, 0xFF, 0x87, 0x07, 0x0E, 0x0E, 0x1C, 0x1C, 0x38, 0x38, 0x70, 0x7F, 0xE0, 0xFF, 0xC1, 0xC3,
    0x83, 0x87, 0x07, 0x0E, 0x0E, 0x1C, 0x1C, 0x38, 0x38, 0x70, 0x70, 0xE0, 0xE1, 0xC0, 0xE3, 0xFF,
    0x8F, 0xFE, 0x38, 0x38, 0xE0, 0xE3, 0x83, 0xFE, 0x0F, 0xF8, 0x38, 0xE0, 0xE3, 0x83, 0x8E, 0x0E,
    0x38, 0x38, 0xE0, 0xE3, 0x80, 0x0F, 0xC0, 0xFF, 0x0E, 0x1C, 0xE0, 0x77, 0x03, 0x38, 0x01, 0x80,
    0x1C, 0x00, 0xE0, 0x07, 0x00, 0x38, 0x00, 0xC0, 0x07, 0x00, 0x38, 0x19, 0xC0, 0xE7, 0x9E, 0x1F,
    0xE0, 0x7E, 0x00, 0xC0, 0x06, 0x00, 0x30, 0x00, 0x1F, 0x87, 0xF9, 0xC3, 0xF0, 0x7E, 0x01, 0xC0,
    0x38, 0x07, 0x00, 0xE0, 0x1C, 0x03, 0x81, 0xBC, 0xF3, 0xFC, 0x3F, 0x01, 0x80, 0x30, 0x06, 0x00,
    0xF0, 0x0E, 0xE0, 0x39, 0xE0, 0xF1, 0xC1, 0xC1, 0xC7, 0x03, 0x8E, 0x03, 0xB8, 0x07, 0x70, 0x07,
    0xC0, 0x07, 0x00, 0x0E, 0x00, 0x1C, 0x00, 0x38, 0x00, 0x70, 0x00, 0xE0, 0x01, 0xC0, 0x03, 0x80,
    0xE0, 0x3B, 0x83, 0x9C, 0x1C, 0x60, 0xC3, 0x8E, 0x1C, 0x70, 0x63, 0x03, 0xB8, 0x1D, 0xC0, 0x6C,
    0x03, 0xE0, 0x0E, 0x00, 0x70, 0x03, 0x80, 0x1C, 0x00, 0xE0, 0x07, 0x00, 0x38, 0x00, 0xF0, 0x0E,
    0xE0, 0x39, 0xE0, 0xF1, 0xC1, 0xC1, 0xC7, 0x03, 0x8E, 0x03, 0xB8, 0x07, 0x70, 0x07, 0xC0, 0x07,
    0x00, 0xFF, 0xE1, 0xFF, 0xC0, 0x38, 0x00, 0x70, 0x00, 0xE0, 0x01, 0xC0, 0x03, 0x80, 0xE0, 0x3B,
    0x83, 0x9C, 0x1C, 0x60, 0xC3, 0x8E, 0x1C, 0x70, 0x63, 0x03, 0xB8, 0x1D, 0xC0, 0x6C, 0x03, 0xE0,
    0x0E, 0x00, 0x70, 0x1F, 0xF0, 0xFF, 0x80, 0xE0, 0x07, 0x00, 0x38, 0x00, 0x70, 0x1C, 0x78, 0x38,
    0x38, 0x38, 0x1C, 0x70, 0x1C, 0xF0, 0x0E, 0xE0, 0x07, 0xC0, 0x07, 0xC0, 0x03, 0x80, 0x07, 0xC0,
    0x0F, 0xC0, 0x0E, 0xE0, 0x1C, 0x70, 0x38, 0x70, 0x38, 0x38, 0x70, 0x1E, 0xF0, 0x1F, 0x00, 0x07,
    0x00, 0x07, 0x00, 0x07, 0x00, 0x06, 0x70, 0x71, 0xE1, 0xC3, 0x8E, 0x07, 0x70, 0x1F, 0xC0, 0x3E,
    0x00, 0x70, 0x03, 0xE0, 0x1F, 0xC0, 0x77, 0x03, 0x8E, 0x1C, 0x1F, 0xF0, 0x7C, 0x00, 0x70, 0x01,
    0xC0, 0x07, 0x00, 0x1C, 0xE0, 0x73, 0x81, 0xCE, 0x07, 0x38, 0x1C, 0xE0, 0x73, 0x81, 0xCE, 0x07,
    0x38, 0x1C, 0x78, 0xF1, 0xFF, 0xC1, 0xFF, 0x00, 0x1C, 0x00, 0x70, 0x01, 0xC0, 0x07, 0x00, 0x1F,
    0x00, 0x7C, 0x00, 0x70, 0x01, 0xC0, 0x07, 0x00, 0x1C, 0xE0, 0x73, 0x81, 0xCE, 0x07, 0x38, 0x1C,
    0x60, 0x71, 0x81, 0xC7, 0x9F, 0x1F, 0xFC, 0x1F, 0x70, 0x01, 0xC0, 0x07, 0x00, 0x1F, 0x00, 0x7C,
    0x00, 0x70, 0x01, 0xC0, 0x07, 0x00, 0x18, 0xE0, 0x7E, 0x07, 0xE0, 0x7E, 0x07, 0xE0, 0x7E, 0x67,
    0xE6, 0x7E, 0x67, 0x7F, 0xF7, 0xFF, 0x1F, 0xF0, 0x67, 0x06, 0x70, 0x67, 0x00, 0x70, 0x07, 0x00,
    0x70, 0xC0, 0xF8, 0x1F, 0x03, 0xE0, 0x7C, 0xCF, 0xD9, 0xFF, 0x7F, 0xFF, 0x7E, 0xE1, 0x9C, 0x33,
    0x80, 0x70, 0x0E, 0xE0, 0x0E, 0x00, 0xE0, 0x0E, 0x00, 0xE0, 0x0E, 0x00, 0xFF, 0xCF, 0xFE, 0xE0,
    0xEE, 0x07, 0xE0, 0x7E, 0x07, 0xE0, 0x7E, 0x07, 0xE0, 0x7E, 0x07, 0xE0, 0x70, 0xE0, 0x1C, 0x03,
    0x80, 0x70, 0x0E, 0x01, 0xDF, 0x3F, 0xF7, 0x8F, 0xE0, 0xFC, 0x1F, 0x83, 0xF0, 0x7E, 0x0F, 0xC1,
    0xF8, 0x3F, 0x07, 0xE0, 0xFC, 0x1C, 0xFF, 0xFF, 0xFC, 0x38, 0x07, 0x00, 0xE0, 0x1C, 0x03, 0x80,
    0x70, 0x0E, 0x01, 0xC0, 0x38, 0x07, 0x00, 0xE0, 0x1C, 0x03, 0x87, 0xFF, 0xFF, 0xE0, 0x08, 0x20,
    0x38, 0xE0, 0x31, 0x80, 0x7F, 0x00, 0x7C, 0x00, 0x00, 0x00, 0x00, 0x71, 0xC7, 0x63, 0x8C, 0xE7,
    0x39, 0xCE, 0x73, 0x9C, 0xE3, 0xBB, 0x87, 0x77, 0x07, 0xFC, 0x0F, 0xF8, 0x3B, 0xB8, 0x77, 0x71,
    0xCE, 0x73, 0x9C, 0xE7, 0x39, 0xDC, 0x71, 0xF8, 0xE3, 0xF1, 0xC7, 0x08, 0x20, 0x38, 0xE0, 0x31,
    0x80, 0x7F, 0x00, 0x7C, 0x00, 0x00, 0x00, 0x00, 0x31, 0xC6, 0x73, 0x9C, 0xE7, 0x38, 0xCE, 0x61,
    0xDD, 0xC3, 0xFF, 0x87, 0xFF, 0x0E, 0xEE, 0x19, 0xCC, 0x73, 0x9C, 0xE7, 0x39, 0xCE, 0x73, 0x1C,
    0x60, 0xFF, 0xFF, 0xFC, 0x38, 0x07, 0x00, 0xE0, 0x1C, 0x03, 0x80, 0x70, 0x0E, 0x01, 0xC0, 0x38,
    0x07, 0x00, 0xE0, 0x1C, 0x03, 0x80, 0x70, 0xFF, 0xFF, 0xFC, 0x08, 0x20, 0x38, 0xE0, 0x31, 0x80,
    0x7F, 0x00, 0x7C, 0x00, 0x00, 0x00, 0x00, 0x01, 0xC0, 0x07, 0xC0, 0x0F, 0x80, 0x1B, 0x00, 0x77,
    0x00, 0xEE, 0x01, 0x8C, 0x07, 0x1C, 0x0E, 0x38, 0x1C, 0x70, 0x7F, 0xF0, 0xFF, 0xE1, 0xC1, 0xC3,
    0x01, 0xCE, 0x03, 0x9C, 0x07, 0x30, 0x06, 0x10, 0xC1, 0x86, 0x0E, 0x70, 0x3F, 0x00, 0xF8, 0x00,
    0x00, 0x00, 0x03, 0xF0, 0x7F, 0xC3, 0x87, 0x08, 0x38, 0x00, 0xC1, 0xFE, 0x3F, 0xF1, 0xE1, 0x9C,
    0x0C, 0xE0, 0xE3, 0x8F, 0x1F, 0xFE, 0x7E, 0xF0, 0x1E, 0xE0, 0x3D, 0xE0, 0x7B, 0xC0, 0x00, 0x00,
    0x00, 0x00, 0x70, 0x01, 0xF0, 0x03, 0xE0, 0x06, 0xC0, 0x1D, 0xC0, 0x3B, 0x80, 0x63, 0x01, 0xC7,
    0x03, 0x8E, 0x07, 0x1C, 0x1F, 0xFC, 0x3F, 0xF8, 0x70, 0x70, 0xC0, 0x73, 0x80, 0xE7, 0x01, 0xCC,
    0x01, 0x80, 0x39, 0xC1, 0xCE, 0x0E, 0x70, 0x00, 0x00, 0x00, 0x0F, 0xC1, 0xFF, 0x0E, 0x1C, 0x20,
    0xE0, 0x03, 0x07, 0xF8, 0xFF, 0xC7, 0x86, 0x70, 0x33, 0x83, 0x8E, 0x3C, 0x7F, 0xF9, 0xFB, 0xC0,
    0x07, 0xFE, 0x0F, 0xFC, 0x1B, 0x00, 0x76, 0x00, 0xEC, 0x01, 0xD8, 0x03, 0x30, 0x0E, 0x7E, 0x1C,
    0xFC, 0x31, 0x80, 0xFF, 0x01, 0xFE, 0x03, 0x0C, 0x0E, 0x18, 0x1C, 0x30, 0x38, 0x7F, 0x60, 0xFE,
    0x3E, 0xF8, 0xFF, 0xFB, 0x8E, 0x3A, 0x1C, 0x70, 0x38, 0x67, 0xFF, 0xDF, 0xFF, 0xF9, 0xC0, 0xE3,
    0x81, 0xC7, 0x1B, 0x9E, 0x3B, 0xFF, 0xE7, 0xCF, 0x80, 0x30, 0x8E, 0x38, 0xC7, 0x1F, 0xC1, 0xF0,
    0x00, 0x00, 0x07, 0xFF, 0xFF, 0xFC, 0x03, 0x80, 0x70, 0x0E, 0x01, 0xC0, 0x3F, 0xFF, 0xFF, 0xE0,
    0x1C, 0x03, 0x80, 0x70, 0x0E, 0x01, 0xC0, 0x3F, 0xFF, 0xFF, 0x10, 0x41, 0xC7, 0x06, 0x30, 0x3F,
    0x80, 0xF8, 0x00, 0x00, 0x00, 0x03, 0xF8, 0x3F, 0xE3, 0xC7, 0x9C, 0x1C, 0xC0, 0x7F, 0xFF, 0xFF,
    0xFF, 0x80, 0x0C, 0x00, 0x70, 0x33, 0xC3, 0x8F, 0xF8, 0x3F, 0x80, 0x1F, 0xC1, 0xFF, 0x1C, 0x3D,
    0xC0, 0xE6, 0x03, 0x00, 0x1C, 0x00, 0xFF, 0xFF, 0xFF, 0xFF, 0x01, 0xF8, 0x0F, 0xC0, 0x76, 0x03,
    0x38, 0x39, 0xE3, 0xC7, 0xFC, 0x1F, 0xC0, 0x1F, 0xC1, 0xFF, 0x1C, 0x3C, 0xC0, 0xE0, 0x03, 0x00,
    0x1F, 0xFF, 0xFF, 0xFF, 0xE0, 0x33, 0x83, 0x9E, 0x3C, 0x7F, 0xC1, 0xFC, 0x00, 0x1E, 0xE0, 0x3D,
    0xE0, 0x7B, 0xC0, 0x00, 0x00, 0x00, 0x1C, 0x71, 0xD8, 0xE3, 0x39, 0xCE, 0x73, 0x9C, 0xE7, 0x38,
    0xEE, 0xE1, 0xDD, 0xC1, 0xFF, 0x03, 0xFE, 0x0E, 0xEE, 0x1D, 0xDC, 0x73, 0x9C, 0xE7, 0x39, 0xCE,
    0x77, 0x1C, 0x7E, 0x38, 0xFC, 0x71, 0xC0, 0x1E, 0xE0, 0x3D, 0xE0, 0x7B, 0xC0, 0x00, 0x00, 0x00,
    0x0C, 0x71, 0x9C, 0xE7, 0x39, 0xCE, 0x33, 0x98, 0x77, 0x70, 0xFF, 0xE1, 0xFF, 0xC3, 0xBB, 0x86,
    0x73, 0x1C, 0xE7, 0x39, 0xCE, 0x73, 0x9C, 0xC7, 0x18, 0x39, 0xC1, 0xCE, 0x0E, 0x70, 0x00, 0x00,
    0x00, 0x1F, 0xE1, 0xFF, 0x8E, 0x1E, 0x20, 0x70, 0x03, 0x80, 0x1C, 0x03, 0xC1, 0xFC, 0x0F, 0xF0,
    0x03, 0xC0, 0x0E, 0x00, 0x70, 0x03, 0xB8, 0x1D, 0xE1, 0xE7, 0xFE, 0x1F, 0xE0, 0x39, 0xC3, 0x9C,
    0x39, 0xC0, 0x00, 0x00, 0x01, 0xFC, 0x7F, 0xE7, 0x0E, 0x20, 0x70, 0x0E, 0x1F, 0xE1, 0xFE, 0x00,
    0xE0, 0x07, 0x60, 0x7F, 0x0F, 0x7F, 0xE3, 0xFC, 0x3F, 0x87, 0xF0, 0x00, 0x00, 0x00, 0x01, 0x81,
    0xF0, 0x3E, 0x0F, 0xC1, 0xF8, 0x7F, 0x0F, 0xE3, 0xBC, 0x67, 0x9C, 0xF3, 0x1E, 0xE3, 0xD8, 0x7F,
    0x0F, 0xC1, 0xF8, 0x3E, 0x07, 0xC0, 0xC0, 0x3F, 0x87, 0xF0, 0x00, 0x00, 0x00, 0x01, 0xC1, 0xF8,
    0x7F, 0x0F, 0xE3, 0xFC, 0xFF, 0x9F, 0xF7, 0x7F, 0xCF, 0xF9, 0xFE, 0x3F, 0x87, 0xF0, 0xFC, 0x1C,
    0x7B, 0x8F, 0x79, 0xEF, 0x00, 0x00, 0x01, 0x81, 0xF0, 0x3E, 0x0F, 0xC1, 0xF8, 0x7F, 0x0F, 0xE3,
    0xBC, 0x67, 0x9C, 0xF3, 0x1E, 0xE3, 0xD8, 0x7F, 0x0F, 0xC1, 0xF8, 0x3E, 0x07, 0xC0, 0xC0, 0x7B,
    0x8F, 0x71, 0xEE, 0x00, 0x00, 0x01, 0xC1, 0xF8, 0x7F, 0x0F, 0xE3, 0xFC, 0xFF, 0x9F, 0xF7, 0x7F,
    0xCF, 0xF9, 0xFE, 0x3F, 0x87, 0xF0, 0xFC, 0x1C, 0x3D, 0xC1, 0xEF, 0x0F, 0x78, 0x00, 0x00, 0x00,
    0x0F, 0xE0, 0xFF, 0x8F, 0x1E, 0x70, 0x73, 0x01, 0xB8, 0x0F, 0xC0, 0x7E, 0x03, 0xF0, 0x1F, 0x80,
    0xFC, 0x07, 0xE0, 0x3B, 0x01, 0x9C, 0x1C, 0xF1, 0xE3, 0xFE, 0x0F, 0xE0, 0x3D, 0xC1, 0xEF, 0x0F,
    0x78, 0x00, 0x00, 0x00, 0x0F, 0xE0, 0xFF, 0x8F, 0x1E, 0x70, 0x73, 0x01, 0xB8, 0x0F, 0xC0, 0x7E,
    0x03, 0xB0, 0x19, 0xC1, 0xCF, 0x1E, 0x3F, 0xE0, 0xFE, 0x00, 0x1F, 0xC1, 0xFF, 0x1E, 0x3C, 0xE0,
    0xE6, 0x03, 0x70, 0x1F, 0x80, 0xFF, 0xFF, 0xFF, 0xFF, 0x01, 0xF8, 0x0F, 0xC0, 0x76, 0x03, 0x38,
    0x39, 0xE3, 0xC7, 0xFC, 0x1F, 0xC0, 0x1F, 0xC1, 0xFF, 0x1E, 0x3C, 0xE0, 0xE6, 0x03, 0x7F, 0xFF,
    0xFF, 0xFC, 0x07, 0x60, 0x33, 0x83, 0x9E, 0x3C, 0x7F, 0xC1, 0xFC, 0x00, 0x1F, 0xC0, 0x7F, 0x00,
    0x00, 0x00, 0x00, 0x00, 0x03, 0x80, 0xEE, 0x03, 0x9C, 0x0C, 0x70, 0x70, 0xE1, 0xC3, 0x8E, 0x07,
    0x38, 0x1C, 0xE0, 0x37, 0x00, 0xFC, 0x03, 0xE0, 0x07, 0x80, 0x1E, 0x00, 0x70, 0x01, 0xC0, 0x3E,
    0x00, 0xF8, 0x00, 0x1F, 0xC0, 0xFE, 0x00, 0x00, 0x00, 0x00, 0x00, 0x70, 0x1D, 0x80, 0xCE, 0x0E,
    0x70, 0x71, 0xC3, 0x0E, 0x38, 0x31, 0x81, 0xDC, 0x0E, 0xE0, 0x3E, 0x01, 0xF0, 0x07, 0x00, 0x38,
    0x01, 0xC0, 0x1C, 0x00, 0xE0, 0x3E, 0x01, 0xF0, 0x00, 0x3D, 0xC0, 0xF7, 0x83, 0xDE, 0x00, 0x00,
    0x00, 0x03, 0x80, 0xEE, 0x03, 0x9C, 0x0C, 0x70, 0x70, 0xE1, 0xC3, 0x8E, 0x07, 0x38, 0x1C, 0xE0,
    0x37, 0x00, 0xFC, 0x03, 0xE0, 0x07, 0x80, 0x1E, 0x00, 0x70, 0x01, 0xC0, 0x3E, 0x00, 0xF8, 0x00,
    0x3D, 0xC1, 0xEF, 0x0F, 0x78, 0x00, 0x00, 0x00, 0x70, 0x1D, 0x80, 0xCE, 0x0E, 0x70, 0x71, 0xC3,
    0x0E, 0x38, 0x31, 0x81, 0xDC, 0x0E, 0xE0, 0x3E, 0x01, 0xF0, 0x07, 0x00, 0x38, 0x01, 0xC0, 0x1C,
    0x00, 0xE0, 0x3E, 0x01, 0xF0, 0x00, 0x06, 0x60, 0x19, 0x80, 0xEE, 0x03, 0x30, 0x19, 0x80, 0x00,
    0x00, 0x00, 0x38, 0x0E, 0xE0, 0x39, 0xC0, 0xC7, 0x07, 0x0E, 0x1C, 0x38, 0xE0, 0x73, 0x81, 0xCE,
    0x03, 0x70, 0x0F, 0xC0, 0x3E, 0x00, 0x78, 0x01, 0xE0, 0x07, 0x00, 0x1C, 0x03, 0xE0, 0x0F, 0x80,
    0x04, 0x40, 0x33, 0x03, 0xB8, 0x19, 0x81, 0xDC, 0x04, 0x40, 0x00, 0x1C, 0x07, 0x60, 0x33, 0x83,
    0x9C, 0x1C, 0x70, 0xC3, 0x8E, 0x0C, 0x60, 0x77, 0x03, 0xB8, 0x0F, 0x80, 0x7C, 0x01, 0xC0, 0x0E,
    0x00, 0x70, 0x07, 0x00, 0x38, 0x0F, 0x80, 0x7C, 0x00, 0x39, 0xC3, 0xDC, 0x3D, 0xC0, 0x00, 0x00,
    0x0E, 0x07, 0xE0, 0x7E, 0x07, 0xE0, 0x7E, 0x07, 0xE0, 0x7E, 0x07, 0xE0, 0x77, 0x8F, 0x3F, 0xF1,
    0xFF, 0x00, 0x70, 0x07, 0x00, 0x70, 0x07, 0x00, 0x70, 0x07, 0x73, 0x8E, 0x71, 0xCE, 0x00, 0x00,
    0x01, 0x81, 0xF0, 0x3E, 0x07, 0xC0, 0xF8, 0x1F, 0x83, 0xF9, 0xFF, 0xFE, 0x7D, 0xC0, 0x38, 0x07,
    0x00, 0xE0, 0x1C, 0x3D, 0xC1, 0xEF, 0x0F, 0x78, 0x00, 0x00, 0x00, 0x70, 0x1F, 0x80, 0xFC, 0x07,
    0xE0, 0x3F, 0x01, 0xF8, 0x0F, 0xC0, 0x7F, 0xE3, 0xFF, 0x9F, 0x9E, 0xFC, 0x77, 0xE3, 0xBF, 0x1D,
    0xF8, 0xEF, 0xCF, 0x7F, 0xF3, 0xFF, 0x1C, 0x3D, 0xC1, 0xEF, 0x0F, 0x78, 0x00, 0x00, 0x00, 0x70,
    0x1F, 0x80, 0xFC, 0x07, 0xE0, 0x3F, 0x01, 0xFF, 0x8F, 0xFE, 0x7E, 0x3B, 0xF1, 0xDF, 0x8E, 0xFC,
    0x77, 0xFF, 0x3F, 0xF9, 0xC0, 0x78, 0x0E, 0x78, 0x1C, 0x78, 0x38, 0x70, 0x70, 0x71, 0xC1, 0xF3,
    0x87, 0xFF, 0x1C, 0xFC, 0x38, 0xE0, 0xE1, 0xE1, 0xC1, 0xC3, 0x81, 0xC7, 0x03, 0xCE, 0x03, 0x9C,
    0x03, 0x80, 0x7F, 0x87, 0xFE, 0x00, 0x78, 0x01, 0xC0, 0x0E, 0x00, 0x70, 0x03, 0x80, 0x1C, 0x00,
    0xE0, 0x07, 0x00, 0x38, 0x01, 0xC0, 0x0E, 0x7F, 0xFF, 0xFF, 0xE0, 0x3E, 0x1F, 0x83, 0xC0, 0xE0,
    0x70, 0x38, 0x1C, 0x0E, 0x07, 0x03, 0x81, 0xC1, 0xE3, 0xFF, 0xDF, 0xCE, 0x00, 0x7F, 0xFB, 0xFF,
    0xC0, 0x38, 0x01, 0xC0, 0x0E, 0x00, 0x70, 0x03, 0x80, 0x1C, 0x00, 0xE0, 0x07, 0x00, 0x38, 0x01,
    0xC0, 0x0E, 0x00, 0x70, 0x03, 0x80, 0xFF, 0xE7, 0xFF, 0x80, 0x1E, 0x00, 0x70, 0x03, 0x80, 0x1D,
    0x80, 0xFC, 0x07, 0xE0, 0x3F, 0x01, 0xF8, 0x0F, 0xC0, 0x7E, 0x03, 0xF0, 0x1F, 0x80, 0xE0, 0x7D,
    0xF1, 0xC7, 0x1C, 0x71, 0xC7, 0x1C, 0x71, 0xC7, 0x1C, 0x71, 0xC0, 0xFF, 0xFC, 0xF1, 0x87, 0x0E,
    0x1C, 0x38, 0x70, 0xE1, 0xC3, 0x87, 0x0F, 0x0E, 0x00, 0xFF, 0xF3, 0xFF, 0xE3, 0x03, 0xDC, 0x07,
    0x70, 0x1D, 0xC0, 0x77, 0x01, 0xDC, 0x07, 0x70, 0x1D, 0xC0, 0x77, 0x01, 0xDC, 0x07, 0x70, 0x1D,
    0xC0, 0x77, 0x01, 0xC0, 0xE3, 0xF3, 0x8F, 0xEE, 0x07, 0xB8, 0x0F, 0xE0, 0x1F, 0x80, 0x7E, 0x01,
    0xF8, 0x07, 0xE0, 0x1F, 0x80, 0x77, 0x03, 0x9C, 0x0E, 0x7C, 0xF8, 0xFF, 0xC1, 0xFC, 0x00, 0x7D,
    0xF1, 0xC7, 0x1C, 0x71, 0xC7, 0x1C, 0xFF, 0x9F, 0xF8, 0x07, 0x80, 0x70, 0x0E, 0x01, 0xC0, 0x38,
    0x07, 0x00, 0xE0, 0x1C, 0x03, 0x80, 0x70, 0x0E, 0x01, 0xC0, 0x38, 0x07, 0x00, 0xE0, 0x1C, 0x03,
    0x80, 0x70, 0xFF, 0x1F, 0xF0, 0x0F, 0x00, 0xE0, 0x0E, 0x01, 0xC0, 0x38, 0x07, 0x00, 0xE0, 0x1C,
    0x03, 0x80, 0xE0, 0x3D, 0xFF, 0x3F, 0xC0, 0x00, 0x07, 0x80, 0x3C, 0x01, 0xE0, 0x0F, 0x00, 0x7F,
    0xFB, 0xFF, 0xC0, 0x0E, 0x00, 0x70, 0x07, 0x00, 0x38, 0x01, 0xC0, 0x1C, 0x00, 0xE0, 0x07, 0x00,
    0x70, 0x03, 0x80, 0x1C, 0x01, 0xC0, 0x0E, 0x00, 0xFF, 0xF9, 0xFF, 0xF8, 0xE0, 0xF3, 0x80, 0xF7,
    0x00, 0xEE, 0x01, 0xDC, 0x03, 0xB8, 0x07, 0x70, 0x0E, 0xE0, 0x1D, 0xC0, 0x3B, 0x80, 0x77, 0x00,
    0xEF, 0xFF, 0xDF, 0xFF, 0x80, 0xE3, 0xF1, 0xCF, 0xF1, 0xF8, 0xF3, 0xE0, 0xE7, 0x81, 0xE7, 0x01,
    0xCE, 0x03, 0x9C, 0x07, 0x70, 0x0E, 0xE0, 0x1D, 0xC0, 0x73, 0x80, 0xE7, 0x07, 0xDE, 0xFF, 0x39,
    0xFC, 0x00, 0xFF, 0xCE, 0x73, 0x9C, 0xE7, 0x39, 0xCE, 0x73, 0x9C, 0xE7, 0x39, 0xCE, 0x70, 0x7C,
    0xFC, 0x78, 0x70, 0xE1, 0xC3, 0x87, 0x0E, 0x1C, 0x38, 0x70, 0xFF, 0xFF, 0x80, 0xFF, 0xF3, 0xFF,
    0xE3, 0x87, 0x9C, 0x07, 0x70, 0x1D, 0xC0, 0x77, 0x01, 0xDC, 0x07, 0x70, 0x1D, 0xC0, 0x77, 0x01,
    0xDE, 0x0E, 0x3C, 0x78, 0xFF, 0xC0, 0xFE, 0x00, 0x00, 0x01, 0xC0, 0x73, 0x81, 0xCE, 0x07, 0x38,
    0x1C, 0xE0, 0x71, 0xC1, 0xC7, 0x0F, 0x1C, 0x38, 0x70, 0xE1, 0xE3, 0x83, 0x9C, 0x0E, 0xF0, 0x3F,
    0x87, 0xFC, 0x1F, 0xC0, 0x70, 0x00, 0x3F, 0xC3, 0xFF, 0x1E, 0x7D, 0xC0, 0xEE, 0x07, 0xF0, 0x1F,
    0x80, 0xFE, 0x07, 0x7C, 0x39, 0xE1, 0xC0, 0x0E, 0x00, 0x70, 0x03, 0x80, 0x1C, 0x00, 0xE0, 0x07,
    0x00, 0x38, 0x01, 0xC0, 0x0E, 0x00, 0x70, 0x1F, 0xC3, 0xFF, 0x1E, 0x3D, 0xC0, 0xEE, 0x03, 0xF0,
    0x1F, 0x80, 0xEF, 0x07, 0x7C, 0x39, 0xE1, 0xC0, 0x1E, 0x00, 0xE0, 0x1F, 0x7F, 0xF3, 0xFE, 0x00,
    0x70, 0x73, 0x83, 0x9E, 0x1C, 0x70, 0xE3, 0x87, 0x0E, 0x70, 0x73, 0x83, 0xF8, 0x0F, 0xC0, 0x7C,
    0x01, 0xC0, 0x0E, 0x00, 0x70, 0x03, 0xC0, 0x0E, 0x00, 0x70, 0x03, 0x80, 0x1E, 0x00, 0x70, 0x03,
    0x80, 0xF0, 0x77, 0x07, 0x78, 0x73, 0x87, 0x3C, 0xE1, 0xCE, 0x0F, 0xE0, 0xFC, 0x07, 0x80, 0x38,
    0x03, 0xC0, 0x1C, 0x00, 0xEF, 0xFE, 0xFF, 0xE0, 0xFF, 0xFF, 0xFF, 0xF0, 0x01, 0xC0, 0x0E, 0x00,
    0x39, 0xC0, 0xE7, 0x07, 0x1C, 0x1C, 0x70, 0x71, 0xC1, 0xC7, 0x0E, 0x1C, 0x38, 0x70, 0xE1, 0xC7,
    0x07, 0x1C, 0x1C, 0x00, 0x70, 0x01, 0xC0, 0x07, 0x00, 0x1C, 0x00, 0xFF, 0x9F, 0xF8, 0x0F, 0x00,
    0xE0, 0x1E, 0x01, 0xC0, 0x38, 0x07, 0x00, 0xE0, 0x1C, 0x03, 0x80, 0x70, 0x0E, 0x01, 0xC0, 0x38,
    0xE1, 0xC7, 0xE1, 0xC7, 0xE1, 0xC7, 0xE3, 0xC7, 0xE3, 0x87, 0xE3, 0x87, 0xEF, 0x87, 0xFF, 0x07,
    0xFE, 0x07, 0x70, 0x07, 0x70, 0x0E, 0x78, 0x1E, 0x3C, 0x3C, 0x1F, 0xF8, 0x0F, 0xF0, 0x7F, 0xFC,
    0x7F, 0xFE, 0x1C, 0x1E, 0x1C, 0x0F, 0x1C, 0x07, 0x1C, 0x07, 0x1C, 0x07, 0x1C, 0x07, 0x1C, 0x07,
    0x1C, 0x07, 0x1C, 0x07, 0x1C, 0x07, 0x1C, 0x07, 0x7C, 0x07, 0x78, 0x07, 0x67, 0xEE, 0xFF, 0x00,
    0x19, 0xCE, 0x77, 0x39, 0xC0, 0x00, 0x1D, 0xE7, 0x30, 0x00, 0x07, 0xF9, 0xFF, 0x78, 0x6E, 0x01,
    0xC0, 0x38, 0x07, 0x80, 0x78, 0x07, 0x80, 0x78, 0x07, 0x00, 0x60, 0x0C, 0x00, 0x00, 0x00, 0x0F,
    0x01, 0xE0, 0x3C, 0x03, 0x00, 0x1F, 0x0F, 0xC7, 0xA1, 0xC0, 0x70, 0x1C, 0x03, 0xF8, 0x7F, 0xFF,
    0x3F, 0x04, 0x00, 0xFF, 0xFF, 0xFC, 0x31, 0xEE, 0x38, 0x7F, 0xF6, 0x00, 0x03, 0x3C, 0xE2, 0x00,
    0x07, 0x39, 0xCE, 0x31, 0xCE, 0x73, 0x9C, 0xE7, 0x18, 0xC7, 0x39, 0xC0, 0x00, 0x1C, 0x1B, 0x83,
    0x70, 0xEF, 0xFC, 0xFF, 0x1F, 0x03, 0x80, 0x70, 0x0E, 0x01, 0xC0, 0x38, 0x07, 0x00, 0x60, 0x0E,
    0x01, 0xC0, 0x38, 0x07, 0x00, 0x00, 0x00, 0x00, 0x01, 0x86, 0x67, 0x19, 0xDC, 0x67, 0x73, 0x9D,
    0xFF, 0xF3, 0xFF, 0x8F, 0x98, 0x38, 0x00, 0xE0, 0x03, 0x80, 0x0E, 0x00, 0x38, 0x00, 0xE0, 0x03,
    0x80, 0x06, 0x00, 0x18, 0x00, 0x60, 0x00, 0x00, 0x00, 0x00, 0x01, 0xC0, 0xF8, 0x3E, 0x0F, 0x01,
    0xC0, 0x30, 0x07, 0x00, 0xFE, 0x0F, 0xC1, 0xF0, 0x38, 0x0E, 0x01, 0xC0, 0x38, 0x07, 0x86, 0xFF,
    0xEF, 0xF8, 0x00, 0x00, 0x1F, 0x07, 0xF1, 0xFE, 0x70, 0xEE, 0x1D, 0xC1, 0xB8, 0x3F, 0x07, 0xE0,
    0xDC, 0x3B, 0xCF, 0x3F, 0xC3, 0xF8, 0x00, 0x00, 0x00, 0x07, 0xFC, 0x7F, 0xC7, 0xFC, 0x00, 0xC0,
    0x0C, 0x00, 0xC0, 0x0C, 0x00, 0xE0, 0x0E, 0x00, 0xE0, 0x0E, 0x00, 0xE0, 0x0E, 0x00, 0x60, 0x06,
    0x00, 0x70, 0x07, 0x00, 0x00, 0x00, 0x03, 0x80, 0x7F, 0x01, 0xDC, 0x0E, 0x70, 0x38, 0xE0, 0xE3,
    0x87, 0x0E, 0x1C, 0x1C, 0x60, 0x73, 0x81, 0xCE, 0x03, 0xB0, 0x0F, 0xC0, 0x3F, 0x00, 0x78, 0x01,
    0xE0, 0x07, 0x80, 0x0C, 0x00, 0x20, 0x00, 0x00, 0x00, 0x0E, 0x00, 0x38, 0x01, 0xE0, 0x07, 0xC0,
    0x1F, 0x00, 0xFC, 0x03, 0xF8, 0x0E, 0xE0, 0x73, 0x81, 0xCF, 0x06, 0x1C, 0x38, 0x70, 0xE0, 0xE7,
    0x03, 0x9C, 0x0E, 0xF0, 0x1F, 0x80, 0x70, 0x00, 0x80, 0x3E, 0x0F, 0xE3, 0xDC, 0x71, 0xCC, 0x39,
    0xC7, 0x3C, 0xE3, 0xFC, 0x3F, 0x80, 0x30, 0x07, 0x00, 0xE0, 0x1C, 0x03, 0x80, 0x70, 0x06, 0x00,
    0xC0, 0x00, 0x00, 0x0E, 0x00, 0x0E, 0x00, 0x0E, 0x20, 0x07, 0x70, 0x07, 0x70, 0x07, 0x60, 0x07,
    0xE0, 0x07, 0xE0, 0x07, 0x70, 0x07, 0x78, 0x1E, 0x7F, 0xFC, 0x3F, 0xF8, 0x0F, 0xF0, 0xFF, 0xF0,
    0x08, 0x07, 0x81, 0xE0, 0xFC, 0x3B, 0x9C, 0x66, 0x1F, 0x87, 0xE1, 0xDC, 0xE7, 0xF8, 0xFC, 0x03,
    0x3C, 0xE2, 0x00, 0x07, 0x39, 0xCE, 0x31, 0xCE, 0x73, 0x9C, 0xE7, 0x18, 0xC7, 0x39, 0xC0, 0x00,
    0x1C, 0x1B, 0x83, 0x70, 0xEF, 0xFC, 0xFF, 0x1F, 0x03, 0x80, 0x70, 0x0E, 0x01, 0xC0, 0x38, 0x07,
    0x00, 0x60, 0x0E, 0x01, 0xC0, 0x38, 0x07, 0x00, 0x00, 0x00, 0x00, 0x01, 0x86, 0x67, 0x19, 0xDC,
    0x67, 0x73, 0x9D, 0xFF, 0xF3, 0xFF, 0x8F, 0x98, 0x38, 0x00, 0xE0, 0x03, 0x80, 0x0E, 0x00, 0x38,
    0x00, 0xE0, 0x03, 0x80, 0x06, 0x00, 0x18, 0x00, 0x60, 0x00, 0x00, 0x00, 0xE7, 0x9D, 0xF3, 0xB8,
    0x77, 0x0F, 0xFC, 0xFF, 0xDF, 0xE3, 0x80, 0x70, 0x0E, 0x01, 0xC0, 0x38, 0x03, 0x00, 0x60, 0x0C,
    0x01, 0xC0, 0x38, 0x00, 0x06, 0x00, 0xF0, 0x07, 0x00, 0xF8, 0x1F, 0x81, 0xDC, 0x39, 0xC3, 0x8E,
    0x70, 0xE7, 0x06, 0x60, 0x76, 0x07, 0x60, 0x76, 0x67, 0x76, 0x67, 0xFE, 0x3F, 0xC0, 0x1F, 0x8F,
    0xE3, 0x91, 0xC0, 0x70, 0x1C, 0x03, 0x88, 0xFF, 0x1F, 0x83, 0xC1, 0xE0, 0x70, 0x38, 0x0E, 0x07,
    0x01, 0xC0, 0xE0, 0x00, 0x00, 0x00, 0x03, 0x80, 0x7F, 0x01, 0xDC, 0x0E, 0x70, 0x38, 0xE0, 0xE3,
    0x87, 0x0E, 0x1C, 0x1C, 0x60, 0x73, 0x81, 0xCE, 0x03, 0xB0, 0x0F, 0xC0, 0x3F, 0x00, 0x78, 0x01,
    0xE0, 0x07, 0x80, 0x0C, 0x00, 0x20, 0x00, 0x00, 0x00, 0x0E, 0x00, 0x38, 0x01, 0xE0, 0x07, 0xC0,
    0x1F, 0x00, 0xFC, 0x03, 0xF8, 0x0E, 0xE0, 0x73, 0x81, 0xCF, 0x06, 0x1C, 0x38, 0x70, 0xE0, 0xE7,
    0x03, 0x9C, 0x0E, 0xF0, 0x1F, 0x80, 0x70, 0x00, 0x80, 0x3E, 0x0F, 0xE3, 0xDC, 0x71, 0xCC, 0x39,
    0xC7, 0x3C, 0xE3, 0xFC, 0x3F, 0x80, 0x30, 0x07, 0x00, 0xE0, 0x1C, 0x03, 0x80, 0x70, 0x06, 0x00,
    0xC0, 0x00, 0x03, 0x80, 0x0F, 0x80, 0x1F, 0x00, 0x36, 0x00, 0xEE, 0x01, 0xDC, 0x03, 0x18, 0x0E,
    0x38, 0x1C, 0x70, 0x38, 0xE0, 0xFF, 0xE1, 0xFF, 0xC3, 0x83, 0x86, 0x03, 0x9C, 0x07, 0x38, 0x0E,
    0x60, 0x0C, 0x00, 0x00, 0x00, 0x00, 0x1C, 0x00, 0x38, 0x00, 0x70, 0x00, 0x1F, 0x83, 0xFE, 0x1C,
    0x38, 0x41, 0xC0, 0x06, 0x0F, 0xF1, 0xFF, 0x8F, 0x0C, 0xE0, 0x67, 0x07, 0x1C, 0x78, 0xFF, 0xF3,
    0xF7, 0x80, 0x00, 0x00, 0x01, 0xE0, 0x0F, 0x00, 0x78, 0x00, 0x07, 0xC0, 0x0F, 0x80, 0x03, 0x00,
    0x0E, 0x00, 0x18, 0x00, 0x00, 0x00, 0x00, 0x01, 0xC0, 0x07, 0xC0, 0x0F, 0x80, 0x1B, 0x00, 0x77,
    0x00, 0xEE, 0x01, 0x8C, 0x07, 0x1C, 0x0E, 0x38, 0x1C, 0x70, 0x7F, 0xF0, 0xFF, 0xE1, 0xC1, 0xC3,
    0x01, 0xCE, 0x03, 0x9C, 0x07, 0x30, 0x06, 0x0F, 0x00, 0x7C, 0x00, 0xE0, 0x06, 0x00, 0x70, 0x00,
    0x00, 0x7E, 0x0F, 0xF8, 0x70, 0xE1, 0x07, 0x00, 0x18, 0x3F, 0xC7, 0xFE, 0x3C, 0x33, 0x81, 0x9C,
    0x1C, 0x71, 0xE3, 0xFF, 0xCF, 0xDE, 0x00, 0x08, 0x00, 0x38, 0x00, 0x70, 0x01, 0xC0, 0x7F, 0x00,
    0xF8, 0x03, 0xB8, 0x0E, 0x38, 0x00, 0x00, 0x00, 0x00, 0x0E, 0x00, 0x3E, 0x00, 0x7C, 0x00, 0xD8,
    0x03, 0xB8, 0x07, 0x70, 0x0C, 0x60, 0x38, 0xE0, 0x71, 0xC0, 0xE3, 0x83, 0xFF, 0x87, 0xFF, 0x0E,
    0x0E, 0x18, 0x0E, 0x70, 0x1C, 0xE0, 0x39, 0x80, 0x30, 0x00, 0x30, 0x01, 0xC0, 0x1C, 0x00, 0xC0,
    0xF6, 0x0F, 0xC0, 0xE7, 0x06, 0x18, 0x00, 0x00, 0x00, 0x07, 0xE0, 0xFF, 0x87, 0x0E, 0x10, 0x70,
    0x01, 0x83, 0xFC, 0x7F, 0xE3, 0xC3, 0x38, 0x19, 0xC1, 0xC7, 0x1E, 0x3F, 0xFC, 0xFD, 0xE0, 0x20,
    0x00, 0xE0, 0x01, 0xC0, 0x01, 0xC0, 0x01, 0xFC, 0x00, 0xF8, 0x03, 0xB8, 0x0E, 0x38, 0x00, 0x00,
    0x00, 0x00, 0x0E, 0x00, 0x3E, 0x00, 0x7C, 0x00, 0xD8, 0x03, 0xB8, 0x07, 0x70, 0x0C, 0x60, 0x38,
    0xE0, 0x71, 0xC0, 0xE3, 0x83, 0xFF, 0x87, 0xFF, 0x0E, 0x0E, 0x18, 0x0E, 0x70, 0x1C, 0xE0, 0x39,
    0x80, 0x30, 0x60, 0x03, 0x80, 0x07, 0x00, 0x0C, 0x00, 0x3F, 0x80, 0x3F, 0x01, 0xCE, 0x06, 0x18,
    0x00, 0x00, 0x00, 0x00, 0xFC, 0x0F, 0xF8, 0x38, 0x70, 0x41, 0xC0, 0x03, 0x03, 0xFC, 0x3F, 0xF0,
    0xF0, 0xC7, 0x03, 0x1C, 0x1C, 0x38, 0xF0, 0xFF, 0xF1, 0xFB, 0xC0, 0x00, 0x78, 0x01, 0xF8, 0x00,
    0x70, 0x00, 0xC0, 0x7F, 0x00, 0xF8, 0x03, 0xB8, 0x0E, 0x38, 0x00, 0x00, 0x00, 0x00, 0x0E, 0x00,
    0x3E, 0x00, 0x7C, 0x00, 0xD8, 0x03, 0xB8, 0x07, 0x70, 0x0C, 0x60, 0x38, 0xE0, 0x71, 0xC0, 0xE3,
    0x83, 0xFF, 0x87, 0xFF, 0x0E, 0x0E, 0x18, 0x0E, 0x70, 0x1C, 0xE0, 0x39, 0x80, 0x30, 0x01, 0xF0,
    0x0F, 0x80, 0x0C, 0x00, 0xE0, 0xF6, 0x0F, 0xC0, 0xE7, 0x06, 0x18, 0x00, 0x00, 0x00, 0x07, 0xE0,
    0xFF, 0x87, 0x0E, 0x10, 0x70, 0x01, 0x83, 0xFC, 0x7F, 0xE3, 0xC3, 0x38, 0x19, 0xC1, 0xC7, 0x1E,
    0x3F, 0xFC, 0xFD, 0xE0, 0x0F, 0x00, 0x3F, 0xE0, 0x2F, 0x80, 0x00, 0x00, 0x7C, 0x00, 0xF8, 0x03,
    0xB8, 0x0E, 0x38, 0x00, 0x00, 0x07, 0x00, 0x1F, 0x00, 0x3E, 0x00, 0x6C, 0x01, 0xDC, 0x03, 0xB8,
    0x06, 0x30, 0x1C, 0x70, 0x38, 0xE0, 0x71, 0xC1, 0xFF, 0xC3, 0xFF, 0x87, 0x07, 0x0C, 0x07, 0x38,
    0x0E, 0x70, 0x1C, 0xC0, 0x18, 0x3E, 0x41, 0xFE, 0x09, 0xF0, 0x00, 0x00, 0xF0, 0x0F, 0xC0, 0xE7,
    0x06, 0x18, 0x00, 0x00, 0xFC, 0x1F, 0xF0, 0xE1, 0xC2, 0x0E, 0x00, 0x30, 0x7F, 0x8F, 0xFC, 0x78,
    0x67, 0x03, 0x38, 0x38, 0xE3, 0xC7, 0xFF, 0x9F, 0xBC, 0x07, 0xC0, 0x0F, 0x80, 0x3B, 0x80, 0xE3,
    0x80, 0x00, 0x00, 0x00, 0x00, 0xE0, 0x03, 0xE0, 0x07, 0xC0, 0x0D, 0x80, 0x3B, 0x80, 0x77, 0x00,
    0xC6, 0x03, 0x8E, 0x07, 0x1C, 0x0E, 0x38, 0x3F, 0xF8, 0x7F, 0xF0, 0xE0, 0xE1, 0x80, 0xE7, 0x01,
    0xCE, 0x03, 0x98, 0x03, 0x00, 0x00, 0x00, 0x00, 0x07, 0x00, 0x0E, 0x00, 0x1C, 0x00, 0x0F, 0x00,
    0xFC, 0x0E, 0x70, 0x61, 0x80, 0x00, 0x00, 0x00, 0x7E, 0x0F, 0xF8, 0x70, 0xE1, 0x07, 0x00, 0x18,
    0x3F, 0xC7, 0xFE, 0x3C, 0x33, 0x81, 0x9C, 0x1C, 0x71, 0xE3, 0xFF, 0xCF, 0xDE, 0x00, 0x00, 0x00,
    0x07, 0x80, 0x3C, 0x01, 0xE0, 0x00, 0xC0, 0x03, 0x80, 0x07, 0x00, 0x1C, 0x01, 0xB3, 0x03, 0x8E,
    0x03, 0xF8, 0x03, 0xE0, 0x00, 0x00, 0x00, 0x00, 0x0E, 0x00, 0x3E, 0x00, 0x7C, 0x00, 0xD8, 0x03,
    0xB8, 0x07, 0x70, 0x0C, 0x60, 0x38, 0xE0, 0x71, 0xC0, 0xE3, 0x83, 0xFF, 0x87, 0xFF, 0x0E, 0x0E,
    0x18, 0x0E, 0x70, 0x1C, 0xE0, 0x39, 0x80, 0x30, 0x01, 0x80, 0x1C, 0x00, 0xC0, 0x0E, 0x03, 0x6C,
    0x1C, 0xE0, 0x7F, 0x03, 0xF0, 0x00, 0x00, 0xFC, 0x1F, 0xF0, 0xE1, 0xC2, 0x0E, 0x00, 0x30, 0x7F,
    0x8F, 0xFC, 0x78, 0x67, 0x03, 0x38, 0x38, 0xE3, 0xC7, 0xFF, 0x9F, 0xBC, 0x06, 0x00, 0x0E, 0x00,
    0x1C, 0x00, 0x1C, 0x01, 0x9B, 0x03, 0x8E, 0x03, 0xF8, 0x03, 0xE0, 0x00, 0x00, 0x00, 0x00, 0x0E,
    0x00, 0x3E, 0x00, 0x7C, 0x00, 0xD8, 0x03, 0xB8, 0x07, 0x70, 0x0C, 0x60, 0x38, 0xE0, 0x71, 0xC0,
    0xE3, 0x83, 0xFF, 0x87, 0xFF, 0x0E, 0x0E, 0x18, 0x0E, 0x70, 0x1C, 0xE0, 0x39, 0x80, 0x30, 0x1C,
    0x00, 0xE0, 0x03, 0x80, 0x0C, 0x03, 0x6C, 0x1C, 0xE0, 0x7F, 0x01, 0xF0, 0x00, 0x00, 0xFC, 0x1F,
    0xF0, 0xE1, 0xC2, 0x0E, 0x00, 0x30, 0x7F, 0x8F, 0xFC, 0x78, 0x67, 0x03, 0x38, 0x38, 0xE3, 0xC7,
    0xFF, 0x9F, 0xBC, 0x07, 0x80, 0x0F, 0x80, 0x07, 0x00, 0x0C, 0x01, 0xBB, 0x03, 0x8E, 0x03, 0xF8,
    0x03, 0xE0, 0x00, 0x00, 0x00, 0x00, 0x0E, 0x00, 0x3E, 0x00, 0x7C, 0x00, 0xD8, 0x03, 0xB8, 0x07,
    0x70, 0x0C, 0x60, 0x38, 0xE0, 0x71, 0xC0, 0xE3, 0x83, 0xFF, 0x87, 0xFF, 0x0E, 0x0E, 0x18, 0x0E,
    0x70, 0x1C, 0xE0, 0x39, 0x80, 0x30, 0x0F, 0x00, 0x78, 0x00, 0xC0, 0x0E, 0x03, 0x6C, 0x1C, 0xE0,
    0x7F, 0x03, 0xF0, 0x00, 0x00, 0xFC, 0x1F, 0xF0, 0xE1, 0xC2, 0x0E, 0x00, 0x30, 0x7F, 0x8F, 0xFC,
    0x78, 0x67, 0x03, 0x38, 0x38, 0xE3, 0xC7, 0xFF, 0x9F, 0xBC, 0x0E, 0x00, 0x3F, 0x60, 0x6F, 0xC0,
    0x07, 0x01, 0x83, 0x03, 0x8E, 0x03, 0xF8, 0x03, 0xE0, 0x00, 0x00, 0x00, 0x00, 0x0E, 0x00, 0x3E,
    0x00, 0x7C, 0x00, 0xD8, 0x03, 0xB8, 0x07, 0x70, 0x0C, 0x60, 0x38, 0xE0, 0x71, 0xC0, 0xE3, 0x83,
    0xFF, 0x87, 0xFF, 0x0E, 0x0E, 0x18, 0x0E, 0x70, 0x1C, 0xE0, 0x39, 0x80, 0x30, 0x1C, 0x01, 0xFE,
    0x0D, 0xF0, 0x07, 0x03, 0x0C, 0x1C, 0xE0, 0xFF, 0x03, 0xF0, 0x00, 0x00, 0xFC, 0x1F, 0xF0, 0xE1,
    0xC2, 0x0E, 0x00, 0x30, 0x7F, 0x8F, 0xFC, 0x78, 0x67, 0x03, 0x38, 0x38, 0xE3, 0xC7, 0xFF, 0x9F,
    0xBC, 0x08, 0x20, 0x38, 0xE0, 0x31, 0x80, 0x7F, 0x00, 0x7C, 0x00, 0x00, 0x00, 0x00, 0x01, 0xC0,
    0x07, 0xC0, 0x0F, 0x80, 0x1B, 0x00, 0x77, 0x00, 0xEE, 0x01, 0x8C, 0x07, 0x1C, 0x0E, 0x38, 0x1C,
    0x70, 0x7F, 0xF0, 0xFF, 0xE1, 0xC1, 0xC3, 0x01, 0xCE, 0x03, 0x9C, 0x07, 0x30, 0x06, 0x00, 0x00,
    0x00, 0x00, 0x0E, 0x00, 0x1C, 0x00, 0x38, 0x00, 0x10, 0x01, 0x86, 0x0E, 0x70, 0x3F, 0x00, 0xF8,
    0x00, 0x00, 0x00, 0x03, 0xF0, 0x7F, 0xC3, 0x87, 0x08, 0x38, 0x00, 0xC1, 0xFE, 0x3F, 0xF1, 0xE1,
    0x9C, 0x0C, 0xE0, 0xE3, 0x8F, 0x1F, 0xFE, 0x7E, 0xF0, 0x00, 0x00, 0x00, 0x3C, 0x01, 0xE0, 0x0F,
    0x00, 0xFF, 0xFF, 0xFF, 0x80, 0x70, 0x0E, 0x01, 0xC0, 0x38, 0x07, 0xFF, 0xFF, 0xFC, 0x03, 0x80,
    0x70, 0x0E, 0x01, 0xC0, 0x38, 0x07, 0xFF, 0xFF, 0xE0, 0x00, 0x00, 0x07, 0x00, 0xE0, 0x1C, 0x00,
    0x1F, 0xC1, 0xFF, 0x1E, 0x3C, 0xE0, 0xE6, 0x03, 0xFF, 0xFF, 0xFF, 0xFC, 0x00, 0x60, 0x03, 0x81,
    0x9E, 0x1C, 0x7F, 0xC1, 0xFC, 0x00, 0x00, 0x00, 0x00, 0xE0, 0x07, 0x00, 0x38, 0x00, 0x1F, 0x03,
    0xE0, 0x0C, 0x03, 0x80, 0x60, 0x00, 0x00, 0x07, 0xFF, 0xFF, 0xFC, 0x03, 0x80, 0x70, 0x0E, 0x01,
    0xC0, 0x3F, 0xFF, 0xFF, 0xE0, 0x1C, 0x03, 0x80, 0x70, 0x0E, 0x01, 0xC0, 0x3F, 0xFF, 0xFF, 0x0F,
    0x80, 0x7C, 0x00, 0x60, 0x07, 0x00, 0x30, 0x00, 0x00, 0x7F, 0x07, 0xFC, 0x78, 0xF3, 0x83, 0x98,
    0x0F, 0xFF, 0xFF, 0xFF, 0xF0, 0x01, 0x80, 0x0E, 0x06, 0x78, 0x71, 0xFF, 0x07, 0xF0, 0x3C, 0x0F,
    0xF8, 0x9E, 0x00, 0x00, 0x01, 0xFF, 0xFF, 0xFF, 0x00, 0xE0, 0x1C, 0x03, 0x80, 0x70, 0x0F, 0xFF,
    0xFF, 0xF8, 0x07, 0x00, 0xE0, 0x1C, 0x03, 0x80, 0x70, 0x0F, 0xFF, 0xFF, 0xC0, 0x1E, 0x41, 0xFF,
    0x04, 0xF0, 0x00, 0x00, 0x00, 0x0F, 0xE0, 0xFF, 0x8F, 0x1E, 0x70, 0x73, 0x01, 0xFF, 0xFF, 0xFF,
    0xFE, 0x00, 0x30, 0x01, 0xC0, 0xCF, 0x0E, 0x3F, 0xE0, 0xFE, 0x00, 0x00, 0x30, 0x03, 0x80, 0x1C,
    0x01, 0xC0, 0xFC, 0x0F, 0x80, 0xEE, 0x0E, 0x38, 0x00, 0x00, 0x00, 0x3F, 0xF9, 0xFF, 0xCE, 0x00,
    0x70, 0x03, 0x80, 0x1C, 0x00, 0xE0, 0x07, 0xFF, 0x3F, 0xF9, 0xC0, 0x0E, 0x00, 0x70, 0x03, 0x80,
    0x1C, 0x00, 0xE0, 0x07, 0xFF, 0x3F, 0xF8, 0x00, 0x18, 0x00, 0xE0, 0x03, 0x80, 0x1C, 0x0F, 0xE0,
    0x3E, 0x01, 0xDC, 0x0E, 0x38, 0x00, 0x00, 0x00, 0x01, 0xFC, 0x0F, 0xF8, 0x78, 0xF1, 0xC1, 0xC6,
    0x03, 0xBF, 0xFE, 0xFF, 0xFB, 0x80, 0x06, 0x00, 0x1C, 0x0C, 0x78, 0x70, 0xFF, 0x81, 0xFC, 0x00,
    0x40, 0x0E, 0x00, 0x60, 0x07, 0x00, 0x37, 0x80, 0xF8, 0x1D, 0xC3, 0x8E, 0x00, 0x00, 0x00, 0x7F,
    0xF7, 0xFF, 0x70, 0x07, 0x00, 0x70, 0x07, 0x00, 0x70, 0x07, 0xFF, 0x7F, 0xF7, 0x00, 0x70, 0x07,
    0x00, 0x70, 0x07, 0x00, 0x70, 0x07, 0xFF, 0x7F, 0xF0, 0x40, 0x07, 0x00, 0x18, 0x00, 0xE0, 0x03,
    0xF8, 0x07, 0xC0, 0x77, 0x07, 0x1C, 0x00, 0x00, 0x00, 0x07, 0xF0, 0x7F, 0xC7, 0x8F, 0x38, 0x39,
    0x80, 0xFF, 0xFF, 0xFF, 0xFF, 0x00, 0x18, 0x00, 0xE0, 0x67, 0x87, 0x1F, 0xF0, 0x7F, 0x00, 0x01,
    0xE0, 0x1F, 0x00, 0x70, 0x06, 0x0F, 0xE1, 0xF0, 0x3B, 0x87, 0x1C, 0x00, 0x00, 0x00, 0xFF, 0xEF,
    0xFE, 0xE0, 0x0E, 0x00, 0xE0, 0x0E, 0x00, 0xE0, 0x0F, 0xFE, 0xFF, 0xEE, 0x00, 0xE0, 0x0E, 0x00,
    0xE0, 0x0E, 0x00, 0xE0, 0x0F, 0xFE, 0xFF, 0xE0, 0x00, 0xF0, 0x0F, 0xC0, 0x0E, 0x00, 0x60, 0xFE,
    0x07, 0xC0, 0x77, 0x07, 0x1C, 0x00, 0x00, 0x00, 0x07, 0xF0, 0x7F, 0xC7, 0x8F, 0x38, 0x39, 0x80,
    0xFF, 0xFF, 0xFF, 0xFF, 0x00, 0x18, 0x00, 0xE0, 0x67, 0x87, 0x1F, 0xF0, 0x7F, 0x00, 0x3C, 0x0F,
    0xF8, 0xBF, 0x00, 0x01, 0xF0, 0x3F, 0x0E, 0xE1, 0x8E, 0x00, 0x1F, 0xFF, 0xFF, 0xF0, 0x0E, 0x01,
    0xC0, 0x38, 0x07, 0x00, 0xFF, 0xFF, 0xFF, 0x80, 0x70, 0x0E, 0x01, 0xC0, 0x38, 0x07, 0x00, 0xFF,
    0xFF, 0xFC, 0x1E, 0x01, 0xFF, 0x04, 0xF0, 0x00, 0x00, 0xF8, 0x07, 0xE0, 0x77, 0x07, 0x1C, 0x00,
    0x00, 0xFE, 0x0F, 0xF8, 0xF1, 0xE7, 0x07, 0x30, 0x1F, 0xFF, 0xFF, 0xFF, 0xE0, 0x03, 0x00, 0x1C,
    0x0C, 0xF0, 0xE3, 0xFE, 0x0F, 0xE0, 0x0F, 0x03, 0xF0, 0xEE, 0x38, 0xE0, 0x00, 0x00, 0x3F, 0xFF,
    0xFF, 0xE0, 0x1C, 0x03, 0x80, 0x70, 0x0E, 0x01, 0xFF, 0xFF, 0xFF, 0x00, 0xE0, 0x1C, 0x03, 0x80,
    0x70, 0x0E, 0x01, 0xFF, 0xFF, 0xF8, 0x00, 0x00, 0x01, 0xC0, 0x38, 0x07, 0x00, 0x0F, 0x80, 0x7C,
    0x07, 0x70, 0x71, 0xC0, 0x00, 0x00, 0x00, 0x7F, 0x07, 0xFC, 0x78, 0xF3, 0x83, 0x98, 0x0F, 0xFF,
    0xFF, 0xFF, 0xF0, 0x01, 0x80, 0x0E, 0x06, 0x78, 0x71, 0xFF, 0x07, 0xF0, 0x00, 0x00, 0x00, 0x03,
    0x80, 0x1C, 0x00, 0xE0, 0x1F, 0x03, 0xE0, 0x0C, 0x03, 0x80, 0x60, 0x00, 0x00, 0x07, 0xFF, 0xFF,
    0xE1, 0xC0, 0x38, 0x07, 0x00, 0xE0, 0x1C, 0x03, 0x80, 0x70, 0x0E, 0x01, 0xC0, 0x38, 0x07, 0x00,
    0xE0, 0x1C, 0x3F, 0xFF, 0xFF, 0x0F, 0x00, 0xF8, 0x03, 0x80, 0x30, 0x03, 0x00, 0x00, 0xFF, 0x0F,
    0xF0, 0x07, 0x00, 0x70, 0x07, 0x00, 0x70, 0x07, 0x00, 0x70, 0x07, 0x00, 0x70, 0x07, 0x0F, 0xFF,
    0xFF, 0xF0, 0xFF, 0xFF, 0xFC, 0x38, 0x07, 0x00, 0xE0, 0x1C, 0x03, 0x80, 0x70, 0x0E, 0x01, 0xC0,
    0x38, 0x07, 0x00, 0xE0, 0x1C, 0x03, 0x87, 0xFF, 0xFF, 0xE0, 0x00, 0x00, 0x07, 0x00, 0xE0, 0x1C,
    0x00, 0x0F, 0x00, 0xF0, 0x0E, 0x00, 0x00, 0x00, 0x0F, 0xE0, 0xFE, 0x00, 0x60, 0x06, 0x00, 0x60,
    0x06, 0x00, 0x60, 0x06, 0x00, 0x60, 0x06, 0x00, 0x60, 0xFF, 0xFF, 0xFF, 0x00, 0x00, 0x00, 0x07,
    0x00, 0x70, 0x07, 0x00, 0x1F, 0xC1, 0xFF, 0x1E, 0x3C, 0xE0, 0xE6, 0x03, 0x70, 0x1F, 0x80, 0xFC,
    0x07, 0xE0, 0x3F, 0x01, 0xF8, 0x0F, 0xC0, 0x76, 0x03, 0x38, 0x39, 0xE3, 0xC7, 0xFC, 0x1F, 0xC0,
    0x00, 0x00, 0x00, 0x0E, 0x00, 0x70, 0x03, 0x80, 0x1F, 0xC1, 0xFF, 0x1E, 0x3C, 0xE0, 0xE6, 0x03,
    0x70, 0x1F, 0x80, 0xFC, 0x07, 0x60, 0x33, 0x83, 0x9E, 0x3C, 0x7F, 0xC1, 0xFC, 0x00, 0x00, 0x00,
    0x00, 0xE0, 0x07, 0x00, 0x38, 0x00, 0x0F, 0x80, 0x7C, 0x00, 0x60, 0x07, 0x00, 0x30, 0x00, 0x00,
    0x00, 0x03, 0xF8, 0x3F, 0xE3, 0xC7, 0x9C, 0x1C, 0xC0, 0x6E, 0x03, 0xF0, 0x1F, 0x80, 0xFC, 0x07,
    0xE0, 0x3F, 0x01, 0xF8, 0x0E, 0xC0, 0x67, 0x07, 0x3C, 0x78, 0xFF, 0x83, 0xF8, 0x0F, 0x80, 0x7C,
    0x00, 0x60, 0x07, 0x00, 0x30, 0x00, 0x00, 0x7F, 0x07, 0xFC, 0x78, 0xF3, 0x83, 0x98, 0x0D, 0xC0,
    0x7E, 0x03, 0xF0, 0x1D, 0x80, 0xCE, 0x0E, 0x78, 0xF1, 0xFF, 0x07, 0xF0, 0x00, 0x10, 0x01, 0xC0,
    0x0E, 0x00, 0xE0, 0xFE, 0x07, 0xC0, 0x77, 0x07, 0x1C, 0x00, 0x00, 0x00, 0x07, 0xF0, 0x7F, 0xC7,
    0x8F, 0x38, 0x39, 0x80, 0xDC, 0x07, 0xE0, 0x3F, 0x01, 0xF8, 0x0F, 0xC0, 0x7E, 0x03, 0xF0, 0x1D,
    0x80, 0xCE, 0x0E, 0x78, 0xF1, 0xFF, 0x07, 0xF0, 0x00, 0x10, 0x01, 0xC0, 0x0E, 0x00, 0xE0, 0xFE,
    0x07, 0xC0, 0x77, 0x07, 0x1C, 0x00, 0x00, 0x00, 0x07, 0xF0, 0x7F, 0xC7, 0x8F, 0x38, 0x39, 0x80,
    0xDC, 0x07, 0xE0, 0x3F, 0x01, 0xD8, 0x0C, 0xE0, 0xE7, 0x8F, 0x1F, 0xF0, 0x7F, 0x00, 0x40, 0x07,
    0x00, 0x38, 0x00, 0xE0, 0x03, 0xF8, 0x07, 0xC0, 0x77, 0x07, 0x1C, 0x00, 0x00, 0x00, 0x07, 0xF0,
    0x7F, 0xC7, 0x8F, 0x38, 0x39, 0x80, 0xDC, 0x07, 0xE0, 0x3F, 0x01, 0xF8, 0x0F, 0xC0, 0x7E, 0x03,
    0xF0, 0x1D, 0x80, 0xCE, 0x0E, 0x78, 0xF1, 0xFF, 0x07, 0xF0, 0x40, 0x07, 0x00, 0x38, 0x00, 0xE0,
    0x03, 0xF8, 0x07, 0xC0, 0x77, 0x07, 0x1C, 0x00, 0x00, 0x00, 0x07, 0xF0, 0x7F, 0xC7, 0x8F, 0x38,
    0x39, 0x80, 0xDC, 0x07, 0xE0, 0x3F, 0x01, 0xD8, 0x0C, 0xE0, 0xE7, 0x8F, 0x1F, 0xF0, 0x7F, 0x00,
    0x00, 0xF0, 0x0F, 0xC0, 0x0E, 0x00, 0x60, 0xFE, 0x07, 0xC0, 0x77, 0x07, 0x1C, 0x00, 0x00, 0x00,
    0x07, 0xF0, 0x7F, 0xC7, 0x8F, 0x38, 0x39, 0x80, 0xDC, 0x07, 0xE0, 0x3F, 0x01, 0xF8, 0x0F, 0xC0,
    0x7E, 0x03, 0xF0, 0x1D, 0x80, 0xCE, 0x0E, 0x78, 0xF1, 0xFF, 0x07, 0xF0, 0x00, 0xF0, 0x0F, 0xC0,
    0x0E, 0x00, 0x60, 0xFE, 0x07, 0xC0, 0x77, 0x07, 0x1C, 0x00, 0x00, 0x00, 0x07, 0xF0, 0x7F, 0xC7,
    0x8F, 0x38, 0x39, 0x80, 0xDC, 0x07, 0xE0, 0x3F, 0x01, 0xD8, 0x0C, 0xE0, 0xE7, 0x8F, 0x1F, 0xF0,
    0x7F, 0x00, 0x1E, 0x01, 0xFF, 0x05, 0xF0, 0x00, 0x00, 0xF8, 0x07, 0xC0, 0x77, 0x07, 0x1C, 0x00,
    0x00, 0xFE, 0x0F, 0xF8, 0xF1, 0xE7, 0x07, 0x30, 0x1B, 0x80, 0xFC, 0x07, 0xE0, 0x3F, 0x01, 0xF8,
    0x0F, 0xC0, 0x7E, 0x03, 0xB0, 0x19, 0xC1, 0xCF, 0x1E, 0x3F, 0xE0, 0xFE, 0x00, 0x1E, 0x41, 0xFF,
    0x04, 0xF0, 0x00, 0x00, 0xF8, 0x07, 0xC0, 0x77, 0x07, 0x1C, 0x00, 0x00, 0xFE, 0x0F, 0xF8, 0xF1,
    0xE7, 0x07, 0x30, 0x1B, 0x80, 0xFC, 0x07, 0xE0, 0x3B, 0x01, 0x9C, 0x1C, 0xF1, 0xE3, 0xFE, 0x0F,
    0xE0, 0x0F, 0x80, 0x7C, 0x07, 0x70, 0x71, 0xC0, 0x00, 0x00, 0x00, 0x7F, 0x07, 0xFC, 0x78, 0xF3,
    0x83, 0x98, 0x0D, 0xC0, 0x7E, 0x03, 0xF0, 0x1F, 0x80, 0xFC, 0x07, 0xE0, 0x3F, 0x01, 0xD8, 0x0C,
    0xE0, 0xE7, 0x8F, 0x1F, 0xF0, 0x7F, 0x00, 0x00, 0x00, 0x00, 0x38, 0x01, 0xC0, 0x0E, 0x00, 0x0F,
    0x80, 0x7C, 0x07, 0x70, 0x71, 0xC0, 0x00, 0x00, 0x00, 0x7F, 0x07, 0xFC, 0x78, 0xF3, 0x83, 0x98,
    0x0D, 0xC0, 0x7E, 0x03, 0xF0, 0x1D, 0x80, 0xCE, 0x0E, 0x78, 0xF1, 0xFF, 0x07, 0xF0, 0x00, 0x00,
    0x00, 0x03, 0x80, 0x1C, 0x00, 0xE0, 0x01, 0x80, 0x1C, 0x00, 0xE0, 0x0E, 0x00, 0x71, 0x80, 0x0C,
    0x00, 0x63, 0xFF, 0x3F, 0xFB, 0xC7, 0x9C, 0x1C, 0xC0, 0x6E, 0x03, 0xF0, 0x1F, 0x80, 0xFC, 0x07,
    0xE0, 0x3F, 0x01, 0xF8, 0x0E, 0xC0, 0x77, 0x07, 0x3C, 0x78, 0xFF, 0x83, 0xF8, 0x01, 0x00, 0x0C,
    0x00, 0xE0, 0x06, 0x00, 0x73, 0x81, 0x1C, 0x00, 0xE3, 0xFF, 0x3F, 0xF3, 0xC7, 0x9C, 0x1C, 0xC0,
    0x6E, 0x03, 0xF0, 0x1F, 0x80, 0xEC, 0x06, 0x70, 0x73, 0xC7, 0x8F, 0xF8, 0x3F, 0x80, 0x0C, 0x00,
    0x70, 0x03, 0x80, 0x0E, 0x00, 0x71, 0x80, 0x0C, 0x00, 0x63, 0xFF, 0x3F, 0xFB, 0xC7, 0x9C, 0x1C,
    0xC0, 0x6E, 0x03, 0xF0, 0x1F, 0x80, 0xFC, 0x07, 0xE0, 0x3F, 0x01, 0xF8, 0x0E, 0xC0, 0x77, 0x07,
    0x3C, 0x78, 0xFF, 0x83, 0xF8, 0x04, 0x00, 0x60, 0x03, 0x80, 0x0C, 0x00, 0x73, 0x81, 0x1C, 0x00,
    0xE3, 0xFF, 0x3F, 0xF3, 0xC7, 0x9C, 0x1C, 0xC0, 0x6E, 0x03, 0xF0, 0x1F, 0x80, 0xEC, 0x06, 0x70,
    0x73, 0xC7, 0x8F, 0xF8, 0x3F, 0x80, 0x0F, 0x80, 0x7C, 0x00, 0x60, 0x07, 0x00, 0x31, 0x80, 0x0C,
    0x00, 0x63, 0xFF, 0x3F, 0xFB, 0xC7, 0x9C, 0x1C, 0xC0, 0x6E, 0x03, 0xF0, 0x1F, 0x80, 0xFC, 0x07,
    0xE0, 0x3F, 0x01, 0xF8, 0x0E, 0xC0, 0x77, 0x07, 0x3C, 0x78, 0xFF, 0x83, 0xF8, 0x0F, 0x80, 0x7C,
    0x00, 0x60, 0x07, 0x70, 0x33, 0x80, 0x1C, 0x7F, 0xE7, 0xFE, 0x78, 0xF3, 0x83, 0x98, 0x0D, 0xC0,
    0x7E, 0x03, 0xF0, 0x1D, 0x80, 0xCE, 0x0E, 0x78, 0xF1, 0xFF, 0x07, 0xF0, 0x1E, 0x41, 0xFF, 0x05,
    0xF6, 0x00, 0x30, 0x01, 0x8F, 0xFC, 0xFF, 0xEF, 0x1E, 0x70, 0x73, 0x01, 0xB8, 0x0F, 0xC0, 0x7E,
    0x03, 0xF0, 0x1F, 0x80, 0xFC, 0x07, 0xE0, 0x3B, 0x01, 0xDC, 0x1C, 0xF1, 0xE3, 0xFE, 0x0F, 0xE0,
    0x1F, 0xC0, 0xFF, 0xC0, 0x0E, 0x00, 0x71, 0xFF, 0x9F, 0xF9, 0xE3, 0xCE, 0x0E, 0x60, 0x37, 0x01,
    0xF8, 0x0F, 0xC0, 0x76, 0x03, 0x38, 0x39, 0xE3, 0xC7, 0xFC, 0x1F, 0xC0, 0x00, 0x18, 0x00, 0xC0,
    0x06, 0x3F, 0xF3, 0xFF, 0xBC, 0x79, 0xC1, 0xCC, 0x06, 0xE0, 0x3F, 0x01, 0xF8, 0x0F, 0xC0, 0x7E,
    0x03, 0xF0, 0x1F, 0x80, 0xEC, 0x07, 0x70, 0x73, 0xC7, 0x8F, 0xF8, 0x3F, 0x80, 0x00, 0x00, 0x00,
    0x1C, 0x00, 0xE0, 0x07, 0x00, 0x00, 0x38, 0x01, 0xC0, 0x0E, 0x3F, 0xF3, 0xFF, 0x3C, 0x79, 0xC1,
    0xCC, 0x06, 0xE0, 0x3F, 0x01, 0xF8, 0x0E, 0xC0, 0x67, 0x07, 0x3C, 0x78, 0xFF, 0x83, 0xF8, 0x00,
    0x00, 0x00, 0x01, 0xC0, 0x0E, 0x00, 0x70, 0x00, 0xC0, 0x78, 0x0F, 0x01, 0xE0, 0x3C, 0x07, 0x80,
    0xF0, 0x1E, 0x03, 0xC0, 0x78, 0x0F, 0x01, 0xF0, 0x7E, 0x0F, 0xC1, 0xFC, 0x7B, 0xFE, 0x3F, 0x80,
    0x00, 0x00, 0x07, 0x00, 0xE0, 0x1C, 0x00, 0xE0, 0xFC, 0x1F, 0x83, 0xF0, 0x7E, 0x0F, 0xC1, 0xF8,
    0x3F, 0x07, 0xE0, 0xFC, 0x1F, 0xC7, 0xBF, 0xF3, 0xEE, 0x00, 0x00, 0x00, 0x70, 0x0E, 0x01, 0xC0,
    0x1F, 0x03, 0xE0, 0x0C, 0x03, 0x80, 0x60, 0x00, 0x00, 0x06, 0x03, 0xC0, 0x78, 0x0F, 0x01, 0xE0,
    0x3C, 0x07, 0x80, 0xF0, 0x1E, 0x03, 0xC0, 0x78, 0x0F, 0x83, 0xF0, 0x7E, 0x0F, 0xE3, 0xDF, 0xF1,
    0xFC, 0x1F, 0x03, 0xE0, 0x0C, 0x03, 0x80, 0x60, 0x00, 0x38, 0x3F, 0x07, 0xE0, 0xFC, 0x1F, 0x83,
    0xF0, 0x7E, 0x0F, 0xC1, 0xF8, 0x3F, 0x07, 0xF1, 0xEF, 0xFC, 0xFB, 0x80, 0x03, 0x00, 0x38, 0x01,
    0xC0, 0x1C, 0x00, 0xE1, 0x80, 0x0C, 0x00, 0x78, 0x0F, 0xC0, 0x7E, 0x03, 0x30, 0x19, 0x80, 0xCC,
    0x06, 0x60, 0x33, 0x01, 0x98, 0x0C, 0xC0, 0x66, 0x03, 0x38, 0x39, 0xC1, 0xCE, 0x0E, 0x78, 0xF1,
    0xFF, 0x07, 0xF0, 0x02, 0x00, 0x18, 0x01, 0xC0, 0x0C, 0x00, 0xE1, 0x82, 0x0C, 0x00, 0x7C, 0x1F,
    0xE0, 0xF7, 0x07, 0x38, 0x39, 0xC1, 0xCE, 0x0E, 0x70, 0x73, 0x83, 0x9C, 0x1C, 0xE0, 0xE7, 0x8F,
    0x1F, 0xF8, 0x7D, 0xC0, 0x18, 0x00, 0xE0, 0x07, 0x00, 0x1C, 0x00, 0xE1, 0x80, 0x0C, 0x00, 0x78,
    0x0F, 0xC0, 0x7E, 0x03, 0x30, 0x19, 0x80, 0xCC, 0x06, 0x60, 0x33, 0x01, 0x98, 0x0C, 0xC0, 0x66,
    0x03, 0x38, 0x39, 0xC1, 0xCE, 0x0E, 0x78, 0xF1, 0xFF, 0x07, 0xF0, 0x08, 0x01, 0xC0, 0x07, 0x00,
    0x18, 0x00, 0xE1, 0x82, 0x0C, 0x00, 0x7C, 0x1F, 0xE0, 0xF7, 0x07, 0x38, 0x39, 0xC1, 0xCE, 0x0E,
    0x70, 0x73, 0x83, 0x9C, 0x1C, 0xE0, 0xE7, 0x8F, 0x1F, 0xF8, 0x7D, 0xC0, 0x1F, 0x00, 0xF8, 0x00,
    0xC0, 0x0E, 0x00, 0x61, 0x80, 0x0C, 0x00, 0x78, 0x0F, 0xC0, 0x7E, 0x03, 0x30, 0x19, 0x80, 0xCC,
    0x06, 0x60, 0x33, 0x01, 0x98, 0x0C, 0xC0, 0x66, 0x03, 0x38, 0x39, 0xC1, 0xCE, 0x0E, 0x78, 0xF1,
    0xFF, 0x07, 0xF0, 0x1F, 0x00, 0xF8, 0x00, 0xC0, 0x0E, 0x30, 0x61, 0x80, 0x0F, 0x83, 0xFC, 0x1E,
    0xE0, 0xE7, 0x07, 0x38, 0x39, 0xC1, 0xCE, 0x0E, 0x70, 0x73, 0x83, 0x9C, 0x1C, 0xF1, 0xE3, 0xFF,
    0x0F, 0xB8, 0x3C, 0x83, 0xFE, 0x0B, 0xE6, 0x00, 0x30, 0x01, 0xE0, 0x3F, 0x01, 0xF8, 0x0C, 0xC0,
    0x66, 0x03, 0x30, 0x19, 0x80, 0xCC, 0x06, 0x60, 0x33, 0x01, 0x98, 0x0C, 0xE0, 0xE7, 0x07, 0x38,
    0x39, 0xE3, 0xC7, 0xFC, 0x1F, 0xC0, 0x7F, 0x81, 0xFC, 0xC0, 0x06, 0x00, 0x3E, 0x0F, 0xF0, 0x7B,
    0x83, 0x9C, 0x1C, 0xE0, 0xE7, 0x07, 0x38, 0x39, 0xC1, 0xCE, 0x0E, 0x70, 0x73, 0xC7, 0x8F, 0xFC,
    0x3E, 0xE0, 0x00, 0x18, 0x00, 0xC0, 0x07, 0x80, 0xFC, 0x07, 0xE0, 0x33, 0x01, 0x98, 0x0C, 0xC0,
    0x66, 0x03, 0x30, 0x19, 0x80, 0xCC, 0x06, 0x60, 0x33, 0x83, 0x9C, 0x1C, 0xE0, 0xE7, 0x8F, 0x1F,
    0xF0, 0x7F, 0x00, 0x00, 0x00, 0x00, 0x38, 0x01, 0xC0, 0x0E, 0x00, 0x00, 0x18, 0x00, 0xC0, 0x07,
    0xC1, 0xFE, 0x0F, 0x70, 0x73, 0x83, 0x9C, 0x1C, 0xE0, 0xE7, 0x07, 0x38, 0x39, 0xC1, 0xCE, 0x0E,
    0x78, 0xF1, 0xFF, 0x87, 0xDC, 0x00, 0x00, 0x00, 0x03, 0x80, 0x1C, 0x00, 0xE0, 0x00, 0x06, 0x00,
    0x0E, 0x00, 0x1C, 0x00, 0x1C, 0x00, 0x38, 0x00, 0x00, 0x00, 0x00, 0x78, 0x07, 0x70, 0x1C, 0xF0,
    0x78, 0xE0, 0xE0, 0xE3, 0x81, 0xC7, 0x01, 0xDC, 0x03, 0xB8, 0x03, 0xE0, 0x03, 0x80, 0x07, 0x00,
    0x0E, 0x00, 0x1C, 0x00, 0x38, 0x00, 0x70, 0x00, 0xE0, 0x01, 0xC0, 0x04, 0x00, 0x60, 0x03, 0x80,
    0x0C, 0x00, 0x70, 0x01, 0x00, 0x00, 0x1C, 0x07, 0x60, 0x33, 0x83, 0x9C, 0x1C, 0x70, 0xC3, 0x8E,
    0x0C, 0x60, 0x77, 0x03, 0xB8, 0x0F, 0x80, 0x7C, 0x01, 0xC0, 0x0E, 0x00, 0x70, 0x07, 0x00, 0x38,
    0x0F, 0x80, 0x7C, 0x00, 0xF0, 0x0E, 0xE0, 0x39, 0xE0, 0xF1, 0xC1, 0xC1, 0xC7, 0x03, 0x8E, 0x03,
    0xB8, 0x07, 0x70, 0x07, 0xC0, 0x07, 0x00, 0x0E, 0x00, 0x1C, 0x00, 0x38, 0x00, 0x70, 0x00, 0xE0,
    0x01, 0xC0, 0x03, 0x80, 0x00, 0x00, 0x00, 0x00, 0x1C, 0x00, 0x38, 0x00, 0x70, 0x00, 0xE0, 0x3B,
    0x01, 0x9C, 0x1C, 0xE0, 0xE3, 0x86, 0x1C, 0x70, 0x63, 0x03, 0xB8, 0x1D, 0xC0, 0x7C, 0x03, 0xE0,
    0x0E, 0x00, 0x70, 0x03, 0x80, 0x38, 0x01, 0xCE, 0x7C, 0x73, 0xE3, 0x80, 0x07, 0xC0, 0x0F, 0x80,
    0x03, 0x00, 0x0E, 0x00, 0x18, 0x00, 0x00, 0x00, 0x00, 0x78, 0x07, 0x70, 0x1C, 0xF0, 0x78, 0xE0,
    0xE0, 0xE3, 0x81, 0xC7, 0x01, 0xDC, 0x03, 0xB8, 0x03, 0xE0, 0x03, 0x80, 0x07, 0x00, 0x0E, 0x00,
    0x1C, 0x00, 0x38, 0x00, 0x70, 0x00, 0xE0, 0x01, 0xC0, 0x0F, 0x80, 0x7C, 0x00, 0x60, 0x07, 0x00,
    0x30, 0x00, 0x03, 0x80, 0xEC, 0x06, 0x70, 0x73, 0x83, 0x8E, 0x18, 0x71, 0xC1, 0x8C, 0x0E, 0xE0,
    0x77, 0x01, 0xF0, 0x0F, 0x80, 0x38, 0x01, 0xC0, 0x0E, 0x00, 0xE0, 0x07, 0x01, 0xF0, 0x0F, 0x80,
    0x0F, 0x20, 0x3F, 0xE0, 0x27, 0x80, 0x00, 0x00, 0x00, 0x1E, 0x01, 0xDC, 0x07, 0x3C, 0x1E, 0x38,
    0x38, 0x38, 0xE0, 0x71, 0xC0, 0x77, 0x00, 0xEE, 0x00, 0xF8, 0x00, 0xE0, 0x01, 0xC0, 0x03, 0x80,
    0x07, 0x00, 0x0E, 0x00, 0x1C, 0x00, 0x38, 0x00, 0x70, 0x00, 0x1E, 0x41, 0xFF, 0x04, 0xF0, 0x00,
    0x00, 0x00, 0x70, 0x1D, 0x80, 0xCE, 0x0E, 0x70, 0x71, 0xC3, 0x0E, 0x38, 0x31, 0x81, 0xDC, 0x0E,
    0xE0, 0x3E, 0x01, 0xF0, 0x07, 0x00, 0x38, 0x01, 0xC0, 0x1C, 0x00, 0xE0, 0x3E, 0x01, 0xF0, 0x00,
    0xFF, 0xFF, 0xFF, 0xFF, 0xFC, 0x87, 0x37, 0x8C, 0x7B, 0xF3, 0x0C, 0x30, 0xC3, 0x0C, 0x30, 0xC3,
    0x0C, 0x30, 0xC3, 0x00, 0x00, 0x30, 0x37, 0xEC, 0xDB, 0x30, 0x60, 0xC1, 0x83, 0x06, 0x0C, 0x18,
    0x30, 0x60, 0xC1, 0x83, 0x06, 0x00, 0x00, 0x61, 0x83, 0xF6, 0x66, 0xC1, 0x83, 0x06, 0x0C, 0x18,
    0x30, 0x60, 0xC1, 0x83, 0x06, 0x0C, 0x18, 0x30, 0xFF, 0xFF, 0xFD, 0xFB, 0xF0, 0xFF, 0xFF, 0xFF,
    0xC0, 0xFF, 0xFF, 0xFF, 0xFC, 0x1C, 0x73, 0x8E, 0x39, 0xE7, 0x80, 0x79, 0xE7, 0x1C, 0x73, 0x8E,
    0x00, 0x7B, 0x9D, 0xEE, 0x73, 0x00, 0x38, 0xE7, 0x1D, 0xC7, 0x38, 0xE7, 0x1D, 0xE7, 0xBC, 0xF0,
    0x38, 0xE7, 0x9E, 0x79, 0xE7, 0x1C, 0x71, 0xC6, 0x18, 0xE3, 0x80, 0x38, 0xE7, 0x9E, 0x79, 0xE7,
    0x1C, 0x71, 0xC6, 0x18, 0xE3, 0x80, 0x07, 0x00, 0x38, 0x01, 0xC0, 0x0E, 0x00, 0x70, 0x7F, 0xFF,
    0xFF, 0xE0, 0xE0, 0x07, 0x00, 0x38, 0x01, 0xC0, 0x0E, 0x00, 0x70, 0x03, 0x80, 0x1C, 0x00, 0xE0,
    0x07, 0x00, 0x38, 0x01, 0xC0, 0x0E, 0x00, 0x70, 0x03, 0x80, 0x1C, 0x00, 0x07, 0x00, 0x38, 0x01,
    0xC0, 0x0E, 0x00, 0x70, 0x7F, 0xFF, 0xFF, 0xE0, 0xE0, 0x07, 0x00, 0x38, 0x01, 0xC0, 0x0E, 0x00,
    0x70, 0x03, 0x80, 0x1C, 0x00, 0xE0, 0xFF, 0xFF, 0xFF, 0xC1, 0xC0, 0x0E, 0x00, 0x70, 0x03, 0x80,
    0x1C, 0x00, 0xFF, 0xFF, 0xFF, 0x80, 0xFF, 0x7F, 0xFB, 0xFF, 0xDE, 0x7C, 0x00, 0xEE, 0x00, 0xE7,
    0x00, 0xC7, 0x00, 0xE7, 0x00, 0xEE, 0x3C, 0x7F, 0xF8, 0x1F, 0x80, 0x3C, 0x00, 0x2F, 0xFC, 0x1D,
    0xEE, 0x18, 0xE7, 0x18, 0xE7, 0x18, 0xE7, 0x18, 0xE7, 0x1D, 0xEE, 0x0F, 0xFC, 0x00, 0x18, 0x71,
    0xC7, 0x1E, 0x38, 0x78, 0x78, 0x78, 0x30, 0x20, 0x00, 0xC1, 0xC1, 0xC1, 0xC3, 0xC3, 0x8F, 0x3C,
    0xF1, 0x82, 0x00, 0x00, 0x0E, 0x00, 0x18, 0x00, 0x70, 0x01, 0xC0, 0x03, 0x00, 0x0E, 0x00, 0x18,
    0x00, 0x30, 0x00, 0x00, 0x18, 0x00, 0x30, 0x00, 0xE0, 0x01, 0x80, 0x07, 0x00, 0x1C, 0x00, 0x30,
    0x00, 0xE0, 0x00, 0x77, 0xBC, 0xE0, 0x00, 0x0E, 0x73, 0x8E, 0x71, 0x8C, 0x3E, 0x3F, 0x98, 0xCC,
    0x67, 0xF3, 0x59, 0x8C, 0xFE, 0x3E, 0x00, 0x0E, 0x0F, 0x07, 0x86, 0xC7, 0x63, 0x33, 0xFE, 0xFE,
    0x06, 0x00, 0xFF, 0xFB, 0x07, 0xEF, 0xE0, 0xF1, 0xFF, 0x7C, 0x3C, 0x70, 0x60, 0xFC, 0xFE, 0xC6,
    0xC6, 0xFE, 0x7C, 0xFF, 0xFF, 0x38, 0x61, 0xC3, 0x0E, 0x18, 0x70, 0x3E, 0x3F, 0x9D, 0xC7, 0xC7,
    0xF3, 0x19, 0x8C, 0xFE, 0x3E, 0x00, 0x3E, 0x7F, 0x63, 0x77, 0x7F, 0x1F, 0x06, 0x0E, 0x3C, 0x3E,
    0x3F, 0x98, 0xCC, 0x67, 0xF3, 0x59, 0x8C, 0xFE, 0x3E, 0x00, 0x3C, 0x3E, 0x1B, 0x01, 0x80, 0xC0,
    0x60, 0x30, 0xFE, 0x7F, 0x80, 0x7D, 0xFF, 0x18, 0x70, 0xC7, 0x1C, 0x7F, 0xFE, 0x3E, 0x7F, 0x07,
    0x1E, 0x1F, 0x03, 0x63, 0x7F, 0x3E, 0x0E, 0x0F, 0x07, 0x86, 0xC7, 0x63, 0x33, 0xFE, 0xFE, 0x06,
    0x00, 0xFF, 0xFB, 0x07, 0xEF, 0xE0, 0xF1, 0xFF, 0x7C, 0x3C, 0x70, 0x60, 0xFC, 0xFE, 0xC6, 0xC6,
    0xFE, 0x7C, 0xFF, 0xFF, 0x38, 0x61, 0xC3, 0x0E, 0x18, 0x70, 0x3E, 0x3F, 0x9D, 0xC7, 0xC7, 0xF3,
    0x19, 0x8C, 0xFE, 0x3E, 0x00, 0x3E, 0x7F, 0x63, 0x77, 0x7F, 0x1F, 0x06, 0x0E, 0x3C, 0x06, 0xC0,
    0x36, 0x01, 0xB0, 0x1F, 0x81, 0xFE, 0x1F, 0x79, 0xDB, 0xEF, 0xDE, 0x6F, 0xC3, 0x6C, 0x3B, 0x61,
    0xDB, 0x0E, 0xD8, 0x76, 0xC1, 0xB6, 0x0D, 0xB0, 0x7D, 0xB3, 0xFD, 0xCF, 0xFC, 0x3F, 0xC1, 0xFC,
    0x0D, 0x80, 0x6C, 0x03, 0x60, 0x0F, 0xE1, 0xFF, 0x8E, 0x1E, 0xE0, 0x27, 0x00, 0x38, 0x03, 0xFF,
    0x1F, 0xF8, 0x38, 0x01, 0xC0, 0x3F, 0xF1, 0xFF, 0x83, 0x80, 0x1C, 0x01, 0xC0, 0x1F, 0xFF, 0xFF,
    0xF8, 0x3C, 0x18, 0x78, 0x30, 0xF8, 0x61, 0xF0, 0xC3, 0x61, 0x86, 0xE3, 0x3C, 0xFF, 0xF9, 0xFF,
    0x33, 0x99, 0xFF, 0x3F, 0xFE, 0x79, 0x8E, 0xC3, 0x0D, 0x86, 0x1F, 0x0C, 0x3E, 0x18, 0x3C, 0x30,
    0x78, 0xFE, 0x03, 0xF8, 0x0E, 0x70, 0x39, 0xC0, 0xE7, 0x03, 0x9D, 0xFE, 0xFF, 0xFF, 0xB8, 0xFC,
    0xE3, 0xF3, 0x8E, 0xE7, 0x3B, 0x8E, 0xEE, 0x1F, 0x9C, 0x7E, 0x79, 0xF8, 0xFF, 0xE1, 0xF8, 0x30,
    0x18, 0x60, 0x30, 0xC0, 0x61, 0x80, 0xC3, 0x01, 0x8F, 0xFF, 0xBF, 0xFF, 0xBF, 0xFE, 0x37, 0xD9,
    0xED, 0xBF, 0xDB, 0x79, 0xB6, 0xC3, 0x6F, 0x87, 0xDF, 0x0F, 0x1E, 0x1E, 0x3C, 0x3C, 0x78, 0xFF,
    0x3F, 0xFD, 0xF8, 0xEF, 0xDB, 0x7E, 0xDF, 0xF6, 0xFF, 0xB7, 0xFD, 0xBF, 0xED, 0xFF, 0x6F, 0xFB,
    0x7F, 0xDB, 0xFE, 0xDF, 0xF6, 0xDF, 0xB0, 0xFD, 0xFE, 0xEF, 0xE0, 0x00, 0xE0, 0xFF, 0x0F, 0xF0,
    0x0E, 0x3E, 0xE7, 0xFE, 0xF1, 0xEE, 0x0E, 0xE0, 0xEC, 0x0E, 0xE0, 0xEE, 0x0E, 0xF1, 0xE7, 0xFE,
    0x3E, 0xE0, 0x00, 0xFF, 0xEF, 0xFE, 0x0F, 0xC1, 0xFF, 0x8E, 0x1C, 0xE0, 0x77, 0x00, 0x3F, 0xC3,
    0xFE, 0x1C, 0x00, 0xE0, 0x07, 0xFC, 0x3F, 0xE0, 0xE0, 0x07, 0x03, 0x38, 0x1C, 0xE1, 0xC7, 0xFC,
    0x0F, 0xC0, 0x38, 0x3C, 0x70, 0x70, 0xE1, 0xC1, 0xC7, 0x03, 0x8E, 0x07, 0x38, 0x0E, 0xE0, 0x7F,
    0xFE, 0xFF, 0xFC, 0x77, 0x00, 0xE7, 0x01, 0xCF, 0x03, 0x8E, 0x07, 0x0E, 0x0E, 0x1E, 0x1C, 0x1C,
    0x38, 0x1C, 0xFF, 0xFF, 0xFF, 0xFC, 0x0E, 0x00, 0x1C, 0x00, 0x39, 0x00, 0x7E, 0x00, 0xFC, 0x03,
    0xE0, 0x1F, 0x90, 0x3F, 0xE0, 0x4F, 0xC0, 0x3E, 0x01, 0xF8, 0x03, 0xF0, 0x00, 0xE0, 0x01, 0xC0,
    0x03, 0x80, 0x3F, 0xE0, 0x7F, 0xE0, 0xE0, 0xE7, 0xFF, 0xFF, 0xFF, 0xE7, 0x03, 0x0E, 0x06, 0x7F,
    0xFF, 0xFF, 0xFE, 0x70, 0x70, 0xFF, 0xC1, 0xFF, 0x03, 0x80, 0x07, 0x00, 0x0E, 0x00, 0x1C, 0x00,
    0x38, 0x00, 0x00, 0xC0, 0x0E, 0x00, 0x60, 0x03, 0x01, 0xFC, 0x1F, 0xF1, 0xE7, 0xCE, 0x76, 0x63,
    0x27, 0x18, 0x38, 0xC1, 0xC6, 0x0E, 0x7F, 0x73, 0xFB, 0x98, 0xDC, 0xC6, 0x66, 0x33, 0xF3, 0x9F,
    0xBC, 0x7F, 0xC1, 0xFC, 0x06, 0x00, 0x30, 0x01, 0x80, 0x0F, 0xE0, 0x3F, 0xE0, 0xE1, 0xC0, 0x01,
    0xC0, 0x03, 0x1F, 0xFF, 0xFF, 0xFF, 0x81, 0xE0, 0x0F, 0x01, 0xFF, 0xFF, 0xFF, 0xF9, 0xC0, 0x03,
    0x80, 0x07, 0x02, 0x07, 0x0E, 0x0F, 0xFC, 0x0F, 0xE0, 0x00, 0xC0, 0x0E, 0x00, 0x70, 0x03, 0x00,
    0xFC, 0x1F, 0xF0, 0xE7, 0xCE, 0x77, 0x73, 0xB3, 0x18, 0x38, 0xC1, 0xC6, 0x0E, 0x30, 0x73, 0x83,
    0x98, 0x0C, 0xC0, 0x76, 0x03, 0xB1, 0xCF, 0x9C, 0x7F, 0xC0, 0xFC, 0x06, 0x00, 0x30, 0x01, 0x80,
    0xFF, 0xFF, 0xFF, 0xC0, 0x00, 0x00, 0x0F, 0xFF, 0xFF, 0xFC, 0x1C, 0x00, 0xE0, 0x07, 0x00, 0x38,
    0x01, 0xC0, 0x0E, 0x00, 0x70, 0x03, 0x80, 0x1C, 0x00, 0xE0, 0x07, 0x00, 0xFF, 0xFF, 0xFF, 0xC0,
    0xE0, 0x03, 0x8F, 0xFF, 0xFF, 0xFC, 0x07, 0x00, 0x78, 0xFF, 0x87, 0xF8, 0x07, 0x80, 0x1E, 0x00,
    0x70, 0x01, 0xC0, 0x0F, 0x00, 0x3C, 0x00, 0xE0, 0x03, 0x80, 0x38, 0x01, 0xC0, 0x0E, 0x30, 0x77,
    0x83, 0xF8, 0x1F, 0x03, 0xE3, 0x1F, 0x78, 0x3F, 0x81, 0xF0, 0xFE, 0x0F, 0xF0, 0x73, 0x83, 0x9C,
    0x38, 0xE3, 0xC7, 0xFC, 0x3F, 0xC0, 0x3F, 0xE1, 0xFF, 0x8E, 0x0E, 0x70, 0x73, 0x83, 0x9C, 0x1C,
    0xE0, 0xE7, 0x0F, 0xFF, 0xF7, 0xFF, 0x0E, 0x00, 0x70, 0x0F, 0xFC, 0x7F, 0xE0, 0xE0, 0x07, 0x00,
    0x38, 0x00, 0x3B, 0x03, 0xB0, 0x3B, 0x0F, 0xF8, 0xFF, 0xCE, 0x0E, 0xE0, 0xEE, 0x0E, 0xE0, 0xEE,
    0x0E, 0xFF, 0xCF, 0xFC, 0xE1, 0xEE, 0x07, 0xE0, 0x7E, 0x07, 0xE0, 0x7E, 0x0E, 0xFF, 0xEF, 0xFC,
    0x3B, 0x03, 0xB0, 0x3B, 0x00, 0x00, 0x00, 0x1C, 0x00, 0x78, 0x00, 0xE0, 0x03, 0x80, 0x0F, 0xFF,
    0xFF, 0xFF, 0xBC, 0x00, 0x3C, 0x00, 0x3C, 0x00, 0x38, 0x00, 0x20, 0x00, 0x04, 0x01, 0xC0, 0x7C,
    0x1F, 0xC7, 0xFD, 0xDD, 0xD3, 0x90, 0x70, 0x0E, 0x01, 0xC0, 0x38, 0x07, 0x00, 0xE0, 0x1C, 0x03,
    0x80, 0x70, 0x0E, 0x01, 0xC0, 0x00, 0x00, 0x01, 0xC0, 0x03, 0xC0, 0x03, 0xC0, 0x03, 0x9F, 0xFF,
    0xBF, 0xFF, 0x80, 0x1E, 0x00, 0x78, 0x01, 0xE0, 0x03, 0x80, 0x02, 0x00, 0x0E, 0x01, 0xC0, 0x38,
    0x07, 0x00, 0xE0, 0x1C, 0x03, 0x80, 0x70, 0x0E, 0x01, 0xC0, 0x38, 0x27, 0x2E, 0xEE, 0xFF, 0x8F,
    0xE0, 0xF8, 0x0E, 0x00, 0x80, 0x00, 0x00, 0x18, 0xC0, 0x71, 0xC1, 0xC1, 0xC7, 0x01, 0xDF, 0xFF,
    0xFF, 0xFF, 0xB8, 0x0E, 0x38, 0x38, 0x38, 0xE0, 0x3B, 0x80, 0x22, 0x00, 0x04, 0x01, 0xC0, 0x7C,
    0x1F, 0xC7, 0xFD, 0xDD, 0xD3, 0x90, 0x70, 0x0E, 0x01, 0xC0, 0x38, 0x07, 0x0E, 0xEF, 0xFF, 0xDF,
    0xF1, 0xFC, 0x1F, 0x01, 0xC0, 0x00, 0x00, 0xFF, 0x03, 0xFC, 0x0F, 0x00, 0x3E, 0x00, 0xFC, 0x03,
    0xB8, 0x0E, 0x70, 0x30, 0xE0, 0x01, 0xC0, 0x03, 0x80, 0x07, 0x00, 0x0E, 0x00, 0x18, 0x03, 0xFC,
    0x0F, 0xF0, 0x03, 0xC0, 0x1F, 0x00, 0xFC, 0x07, 0x70, 0x39, 0xC1, 0xC3, 0x0E, 0x00, 0x70, 0x03,
    0x80, 0x1C, 0x00, 0x60, 0x00, 0x60, 0x01, 0xC0, 0x03, 0x80, 0x0F, 0x00, 0x1E, 0x00, 0x3C, 0x30,
    0x79, 0xC0, 0xF7, 0x01, 0xFC, 0x03, 0xF0, 0x03, 0xC0, 0xFF, 0x03, 0xFC, 0x00, 0x18, 0x00, 0xE0,
    0x07, 0x00, 0x38, 0x01, 0xC3, 0x0E, 0x0E, 0x70, 0x3B, 0x80, 0xFC, 0x03, 0xE0, 0x0F, 0x00, 0x3F,
    0xC0, 0xFF, 0x00, 0x00, 0x78, 0x00, 0xF8, 0x00, 0x70, 0x30, 0x70, 0xE0, 0xE3, 0x81, 0xCE, 0x07,
    0x3F, 0xFE, 0xFF, 0xF8, 0xF0, 0x00, 0xF0, 0x00, 0xF0, 0x00, 0xE0, 0x00, 0x80, 0x00, 0x3C, 0x00,
    0xF8, 0x01, 0xC0, 0x07, 0x02, 0x0E, 0x0E, 0x1C, 0x0E, 0x1C, 0x0E, 0x3F, 0xFE, 0x3F, 0xFE, 0x00,
    0x78, 0x01, 0xE0, 0x07, 0x80, 0x0E, 0x00, 0x08, 0x00, 0x00, 0x00, 0xC0, 0x1C, 0x03, 0x80, 0x70,
    0x0F, 0xFF, 0xFF, 0xF7, 0x03, 0x38, 0x31, 0xC3, 0x0E, 0x30, 0x43, 0x00, 0x30, 0x03, 0x00, 0x30,
    0x03, 0x00, 0x30, 0x03, 0x00, 0x30, 0x00, 0x00, 0x30, 0x03, 0x80, 0x1C, 0x00, 0xEF, 0xFF, 0xFF,
    0xFC, 0x0E, 0xC1, 0xCC, 0x38, 0xC7, 0x0C, 0x20, 0xC0, 0x0C, 0x00, 0xC0, 0x0C, 0x00, 0xC0, 0x0C,
    0x00, 0xC0, 0x00, 0x00, 0x30, 0x03, 0x00, 0x30, 0x03, 0x00, 0x30, 0x03, 0x00, 0x30, 0xC3, 0x1C,
    0x33, 0x83, 0x70, 0x3F, 0xFF, 0xFF, 0xF7, 0x00, 0x38, 0x01, 0xC0, 0x0E, 0x00, 0x40, 0xC0, 0x0C,
    0x00, 0xC0, 0x0C, 0x00, 0xC0, 0x0C, 0x00, 0xC0, 0x0C, 0x30, 0xC3, 0x8C, 0x1C, 0xC0, 0xEF, 0xFF,
    0xFF, 0xF0, 0x0E, 0x01, 0xC0, 0x38, 0x07, 0x00, 0x20, 0x01, 0xF0, 0x07, 0xF8, 0x1E, 0xF0, 0x30,
    0x70, 0xE0, 0xE1, 0xC0, 0xC3, 0x80, 0x07, 0x00, 0x0E, 0x00, 0x9C, 0x83, 0xB3, 0x83, 0xEE, 0x03,
    0xF8, 0x03, 0xE0, 0x03, 0x80, 0x02, 0x00, 0x1F, 0x00, 0x7F, 0x01, 0xEF, 0x07, 0x06, 0x0E, 0x0E,
    0x18, 0x1C, 0x00, 0x18, 0x00, 0x30, 0x00, 0x60, 0x08, 0xC8, 0x39, 0xB8, 0x3B, 0xE0, 0x3F, 0x80,
    0x3E, 0x00, 0x38, 0x00, 0x20, 0x01, 0xFC, 0x03, 0xF8, 0x07, 0x80, 0xEF, 0x83, 0xDB, 0x87, 0x33,
    0x9C, 0x67, 0x30, 0xC6, 0xE0, 0x0F, 0xC0, 0x1F, 0x80, 0x3F, 0x00, 0x76, 0x00, 0xCE, 0x03, 0x9C,
    0x07, 0x1E, 0x3C, 0x1F, 0xF0, 0x1F, 0xC0, 0x7F, 0x00, 0xFE, 0x00, 0x3C, 0x00, 0xFB, 0x03, 0xB7,
    0x0E, 0x67, 0x1C, 0xC7, 0x31, 0x86, 0xE0, 0x0F, 0xC0, 0x1F, 0x80, 0x3F, 0x00, 0x76, 0x00, 0xCE,
    0x03, 0x9C, 0x07, 0x1E, 0x3C, 0x1F, 0xF0, 0x1F, 0xC0, 0x00, 0x00, 0x01, 0xC0, 0x03, 0x80, 0x03,
    0x80, 0x03, 0x9F, 0xFF, 0xBF, 0xFF, 0x80, 0x1E, 0x00, 0x78, 0x1D, 0xE0, 0x7B, 0x80, 0xE2, 0x03,
    0x80, 0x0F, 0xFF, 0xFF, 0xFF, 0xBC, 0x00, 0x3C, 0x00, 0x3C, 0x00, 0x38, 0x00, 0x20, 0x00, 0x00,
    0x00, 0x1C, 0x00, 0x78, 0x00, 0xE0, 0x03, 0x80, 0x0F, 0xFF, 0xFF, 0xFF, 0xBC, 0x00, 0x3C, 0x00,
    0x3D, 0xC0, 0x3B, 0xC0, 0x23, 0xC0, 0x03, 0x9F, 0xFF, 0xBF, 0xFF, 0x80, 0x1E, 0x00, 0x78, 0x01,
    0xE0, 0x03, 0x80, 0x02, 0x00, 0x1C, 0x00, 0xF8, 0x01, 0xE0, 0x07, 0x80, 0x1E, 0x00, 0x70, 0x7F,
    0xC7, 0xFE, 0x70, 0x73, 0x01, 0xF8, 0x0F, 0xC0, 0x7E, 0x03, 0xF0, 0x1D, 0x80, 0xCE, 0x0E, 0x3F,
    0xE0, 0xFE, 0x01, 0xC0, 0x07, 0x00, 0x7C, 0x03, 0xE0, 0x1B, 0x01, 0xDC, 0x0E, 0xE0, 0x63, 0x07,
    0x1C, 0x38, 0xE1, 0x83, 0x1C, 0x1C, 0xE0, 0xE6, 0x07, 0x70, 0x1F, 0x80, 0xFF, 0xFF, 0xFF, 0xF8,
    0x7F, 0xF3, 0xFF, 0x98, 0x0C, 0xC0, 0x66, 0x03, 0x30, 0x19, 0x80, 0xCC, 0x06, 0x60, 0x33, 0x01,
    0x98, 0x0C, 0xC0, 0x66, 0x03, 0x30, 0x19, 0x80, 0xCC, 0x06, 0x60, 0x33, 0x01, 0x80, 0xFF, 0xFF,
    0xFF, 0xFC, 0x00, 0xE0, 0x03, 0x80, 0x0E, 0x00, 0x70, 0x01, 0xC0, 0x07, 0x00, 0x3C, 0x00, 0xE0,
    0x03, 0x00, 0x38, 0x01, 0xC0, 0x1C, 0x01, 0xC0, 0x1E, 0x00, 0xE0, 0x0E, 0x00, 0xE0, 0x07, 0x00,
    0x7F, 0xFF, 0xFF, 0xE0, 0xFF, 0xFF, 0xFF, 0xC0, 0x00, 0x0E, 0x00, 0x18, 0x00, 0x70, 0x00, 0xEF,
    0x81, 0x9F, 0x07, 0x07, 0x0E, 0x0E, 0x18, 0x1C, 0x30, 0x18, 0xE0, 0x39, 0xC0, 0x73, 0x00, 0x6E,
    0x00, 0xDC, 0x01, 0xF0, 0x03, 0xE0, 0x03, 0xC0, 0x07, 0x00, 0x3E, 0x7C, 0xFD, 0xFB, 0x9F, 0x3F,
    0x1C, 0x7E, 0x38, 0xFC, 0x71, 0xF9, 0xF3, 0xBF, 0x7E, 0x7C, 0xF8, 0x01, 0xFC, 0x0F, 0xF0, 0x38,
    0x00, 0xE0, 0x03, 0x80, 0x0E, 0x00, 0x38, 0x00, 0xE0, 0x03, 0x80, 0x0E, 0x00, 0x38, 0x00, 0xE0,
    0x03, 0x80, 0x0E, 0x00, 0x38, 0x00, 0xE0, 0x03, 0x80, 0x0E, 0x00, 0x38, 0x00, 0xE0, 0x03, 0x80,
    0x0C, 0x07, 0xF0, 0x3F, 0xC0, 0x3C, 0x1B, 0xF9, 0xFB, 0xFD, 0x87, 0xE0, 0x00, 0x1E, 0x0D, 0xFC,
    0xFD, 0xFE, 0xC3, 0xF0, 0x00, 0xE0, 0x0E, 0x3F, 0xFF, 0xFF, 0xF0, 0x30, 0x03, 0x80, 0x18, 0x1F,
    0xFF, 0xFF, 0xF8, 0xE0, 0x06, 0x00, 0x70, 0x00, 0x00, 0x60, 0x3C, 0x1F, 0x8F, 0xCF, 0xC1, 0xE0,
    0x3C, 0x07, 0xE0, 0x3F, 0x01, 0xFC, 0x07, 0x80, 0x30, 0x01, 0xFF, 0xFF, 0xF8, 0xC0, 0x1E, 0x03,
    0xF0, 0x1F, 0x80, 0x7E, 0x03, 0xC0, 0x78, 0x3F, 0x1F, 0x9F, 0xC3, 0xC0, 0x60, 0x00, 0x01, 0xFF,
    0xFF, 0xF8, 0x1F, 0xB8, 0x7E, 0xE3, 0x83, 0x8E, 0x00, 0x38, 0x01, 0xFF, 0xE7, 0xFF, 0x8E, 0x0E,
    0x38, 0x38, 0xE0, 0xE3, 0x83, 0x8E, 0x0E, 0x38, 0x38, 0xE0, 0xE3, 0x83, 0x8E, 0x0E, 0x38, 0x38,
    0xE0, 0xE0, 0x1F, 0xB8, 0xFD, 0xCE, 0x0E, 0x70, 0x73, 0x83, 0xBF, 0xDD, 0xFE, 0xE7, 0x07, 0x38,
    0x39, 0xC1, 0xCE, 0x0E, 0x70, 0x73, 0x83, 0x9C, 0x1C, 0xE0, 0xE7, 0x07, 0x38, 0x39, 0xC1, 0xC0,
    0x00, 0x00, 0x00, 0x00, 0x00, 0x0E, 0x60, 0x00, 0x0E, 0x70, 0x00, 0x07, 0x60, 0x00, 0x07, 0xE0,
    0x00, 0x07, 0xE0, 0x00, 0x07, 0xF0, 0x00, 0x07, 0x78, 0x00, 0x1E, 0x7F, 0xFF, 0xFE, 0x1F, 0xFF,
    0xF8, 0x07, 0xFF, 0x80, 0x00, 0x00, 0x00, 0x00, 0x00, 0x00, 0x00, 0x76, 0x00, 0x00, 0x7E, 0x00,
    0x00, 0x76, 0x00, 0x00, 0x1C, 0x00, 0x00, 0x1C, 0x00, 0x00, 0x18, 0x00, 0x60, 0x00, 0x00, 0x03,
    0x80, 0x00, 0x00, 0x18, 0x00, 0x00, 0x01, 0xC0, 0x00, 0x06, 0x0E, 0x00, 0x00, 0x78, 0x78, 0x00,
    0x0F, 0x81, 0xE0, 0x03, 0xFF, 0x0F, 0xFF, 0xFF, 0x7F, 0x1F, 0xFF, 0xE1, 0xF8, 0x3F, 0xF0, 0x00,
    0x00, 0x00, 0x00, 0x00, 0x00, 0x00, 0x00, 0x00, 0x06, 0xE0, 0x00, 0x00, 0x77, 0x00, 0x00, 0x01,
    0xB0, 0x00, 0x00, 0x07, 0x00, 0x00, 0x00, 0x38, 0x00, 0x00, 0x00, 0x80, 0x00, 0x00, 0x00, 0x18,
    0x38, 0x70, 0xE0, 0xC1, 0x83, 0x0E, 0xFD, 0xF0, 0x00, 0x0D, 0xDF, 0xB7, 0x38, 0x70, 0x60, 0x00,
    0x01, 0xC0, 0x30, 0x0E, 0x01, 0xC0, 0x7C, 0x3F, 0xFF, 0xBF, 0x00, 0x00, 0x00, 0xD8, 0x3B, 0x83,
    0x60, 0x38, 0x07, 0x00, 0x40, 0x00, 0x30, 0x00, 0x00, 0x30, 0x00, 0x00, 0x3E, 0x00, 0x00, 0x3F,
    0x00, 0x00, 0x3B, 0x00, 0x00, 0x7F, 0x00, 0x00, 0x7E, 0x00, 0x00, 0x00, 0x00, 0x00, 0x00, 0x0E,
    0x60, 0x00, 0x0E, 0x70, 0x00, 0x07, 0x60, 0x00, 0x07, 0xE0, 0x00, 0x07, 0xE0, 0x00, 0x07, 0xF0,
    0x00, 0x07, 0x78, 0x00, 0x1E, 0x7F, 0xFF, 0xFE, 0x1F, 0xFF, 0xF8, 0x07, 0xFF, 0x80, 0x00, 0x30,
    0x00, 0x00, 0x01, 0x80, 0x00, 0x00, 0x0F, 0x80, 0x00, 0x00, 0x7E, 0x00, 0x00, 0x03, 0xB0, 0x00,
    0x00, 0x3F, 0x80, 0x00, 0x01, 0xF8, 0x00, 0x00, 0x00, 0x00, 0x00, 0x00, 0x00, 0x00, 0x03, 0x00,
    0x00, 0x00, 0x1C, 0x00, 0x00, 0x00, 0xC0, 0x00, 0x00, 0x0E, 0x00, 0x00, 0x30, 0x70, 0x00, 0x03,
    0xC3, 0xC0, 0x00, 0x7C, 0x0F, 0x00, 0x1F, 0xF8, 0x7F, 0xFF, 0xFB, 0xF8, 0xFF, 0xFF, 0x0F, 0xC1,
    0xFF, 0x80, 0x00, 0x60, 0xC1, 0xF3, 0xF7, 0x7F, 0xFF, 0x00, 0x00, 0x00, 0xE1, 0xC3, 0x83, 0x87,
    0x0E, 0x1C, 0x7B, 0xE7, 0x80, 0x00, 0x18, 0x03, 0x00, 0x7C, 0x0F, 0xC1, 0xD8, 0x7F, 0x0F, 0xC0,
    0x00, 0x00, 0x00, 0x00, 0x38, 0x06, 0x01, 0xC0, 0x38, 0x0F, 0x87, 0xFF, 0xF7, 0xE0, 0x00, 0x3C,
    0x00, 0x7F, 0xC0, 0x7F, 0xFE, 0x01, 0xFE, 0x01, 0xFE, 0x07, 0xF0, 0x0F, 0x80, 0x1E, 0x00, 0x38,
    0x00, 0x70, 0x00, 0x73, 0x70, 0xE7, 0xF0, 0xE3, 0x70, 0xE1, 0xC0, 0xE1, 0xC0, 0xE0, 0xC0, 0xF0,
    0x00, 0x78, 0x00, 0x3F, 0xFE, 0x1F, 0xFF, 0x07, 0xFC, 0x3C, 0x00, 0x07, 0xFC, 0x00, 0x7F, 0xFE,
    0x00, 0x1F, 0xE0, 0x01, 0xFE, 0x00, 0x7F, 0xC0, 0x0F, 0x9C, 0x01, 0xE0, 0xE0, 0x38, 0x0F, 0x07,
    0x00, 0x7E, 0x73, 0x73, 0xEE, 0x7F, 0x00, 0xE3, 0x70, 0x0E, 0x1C, 0x00, 0xE1, 0xC0, 0x0E, 0x0C,
    0x00, 0xF0, 0x00, 0x07, 0x80, 0x00, 0x3F, 0xFE, 0x01, 0xFF, 0xF0, 0x07, 0xFC, 0x00, 0x7F, 0x01,
    0xFF, 0x03, 0xFE, 0x00, 0x3F, 0x00, 0xFC, 0x0F, 0xE1, 0xFC, 0x3F, 0xC0, 0xFC, 0x00, 0x00, 0x00,
    0x00, 0x03, 0xF0, 0x0F, 0xC0, 0x37, 0x00, 0x30, 0x01, 0xC0, 0x03, 0x00, 0x7F, 0x00, 0x1F, 0xF0,
    0x03, 0xFE, 0x00, 0x03, 0xF0, 0x00, 0xFC, 0x00, 0xFE, 0x01, 0xFF, 0xC3, 0xFC, 0x7E, 0xFC, 0x0F,
    0x80, 0x00, 0x00, 0x00, 0x00, 0x36, 0x00, 0x1D, 0xC0, 0x03, 0x60, 0x00, 0x70, 0x00, 0x1C, 0x00,
    0x02, 0x00, 0x00, 0x18, 0x03, 0x00, 0x7C, 0x0F, 0xC1, 0xD8, 0x7F, 0x0F, 0xC0, 0x00, 0x00, 0x00,
    0x00, 0x0C, 0x03, 0xC0, 0x38, 0x07, 0x80, 0x70, 0x07, 0x00, 0xE0, 0x1C, 0x03, 0xB8, 0xF7, 0xFC,
    0xFF, 0x01, 0x00, 0x18, 0x00, 0x30, 0x00, 0x7C, 0x00, 0xFC, 0x01, 0xDC, 0x07, 0xF0, 0x0F, 0xE0,
    0x00, 0x00, 0x00, 0x00, 0x00, 0x00, 0x0C, 0x00, 0x38, 0x00, 0x38, 0x00, 0x78, 0x00, 0x70, 0x00,
    0x70, 0x00, 0xE0, 0x01, 0xC0, 0x03, 0xC3, 0x8F, 0xC7, 0xFF, 0xEF, 0xF3, 0xC1, 0x00, 0x00, 0x04,
    0x07, 0x03, 0x83, 0x63, 0xB9, 0xD8, 0x00, 0x00, 0x02, 0x03, 0x81, 0xC0, 0x60, 0x38, 0x1C, 0x0E,
    0x07, 0x03, 0x83, 0x83, 0xC3, 0xCF, 0xC7, 0xC1, 0x80, 0x0C, 0x00, 0x70, 0x03, 0x80, 0x76, 0x03,
    0xF0, 0x1D, 0x80, 0x00, 0x00, 0x00, 0x02, 0x00, 0x38, 0x01, 0xC0, 0x06, 0x00, 0x38, 0x01, 0xC0,
    0x0F, 0x00, 0x7E, 0x03, 0xF0, 0x38, 0x03, 0xC0, 0x3C, 0x0F, 0xC0, 0x7C, 0x01, 0x80, 0x00, 0x18,
    0x06, 0x01, 0xF0, 0x7E, 0x1D, 0x8F, 0xE3, 0xF0, 0x00, 0x00, 0x00, 0x00, 0x20, 0x1C, 0x07, 0x00,
    0xC0, 0x38, 0x0E, 0x03, 0x80, 0xE0, 0x38, 0x1C, 0x0F, 0x07, 0x8F, 0xC3, 0xE0, 0x60, 0x00, 0x18,
    0x00, 0xC0, 0x07, 0xC0, 0x3F, 0x01, 0xD8, 0x1F, 0xC0, 0xFC, 0x00, 0x00, 0x00, 0x00, 0x00, 0x00,
    0x80, 0x0E, 0x00, 0x70, 0x01, 0x80, 0x0E, 0x00, 0x70, 0x03, 0xC0, 0x1F, 0x80, 0xFC, 0x0E, 0x00,
    0xF0, 0x0F, 0x03, 0xF0, 0x1F, 0x00, 0x60, 0x00, 0x00, 0x00, 0x0C, 0x00, 0x00, 0x78, 0x00, 0x03,
    0xF0, 0x00, 0x1F, 0x80, 0x00, 0x7C, 0x00, 0x01, 0xE0, 0x00, 0x03, 0x80, 0x00, 0x07, 0x80, 0x00,
    0x07, 0x80, 0xC0, 0x03, 0x81, 0xC0, 0x03, 0x83, 0x00, 0x03, 0x8E, 0x00, 0x07, 0x1C, 0x00, 0x07,
    0x3C, 0x00, 0x0E, 0x3C, 0x00, 0x3C, 0x7F, 0xFF, 0xF0, 0x3F, 0xFF, 0xC0, 0x1F, 0xFC, 0x00, 0x00,
    0x00, 0x0C, 0x00, 0x00, 0x0F, 0x00, 0x00, 0x0F, 0xC0, 0x00, 0x0F, 0xC0, 0x00, 0x07, 0xC0, 0x00,
    0x03, 0xC0, 0x00, 0x00, 0xE0, 0x00, 0x00, 0x3C, 0x00, 0x00, 0x07, 0x80, 0x18, 0x00, 0xF0, 0x07,
    0x00, 0x1E, 0x01, 0x80, 0x03, 0xC0, 0xE0, 0x00, 0x70, 0x38, 0x00, 0x0E, 0x0F, 0x00, 0x03, 0xC1,
    0xE0, 0x03, 0xF8, 0x7F, 0xFF, 0xFF, 0xC7, 0xFF, 0xF9, 0xF0, 0x7F, 0xF0, 0x00, 0x00, 0x40, 0x3C,
    0x1F, 0x8F, 0xC7, 0xE0, 0xF0, 0x3C, 0x03, 0xC0, 0x3C, 0x03, 0xC0, 0x3C, 0x03, 0x80, 0x38, 0x07,
    0x00, 0xE0, 0x3C, 0xFF, 0x1F, 0xC3, 0x00, 0x00, 0x00, 0x40, 0x0F, 0x80, 0x7E, 0x07, 0xE0, 0x7E,
    0x01, 0xE0, 0x0E, 0x00, 0x1C, 0x00, 0x78, 0x00, 0x70, 0x00, 0xE0, 0x01, 0xC0, 0x03, 0x80, 0x0E,
    0x00, 0x3C, 0x01, 0xFC, 0xFF, 0xFF, 0xF9, 0xFC, 0x00, 0x00, 0x00, 0x00, 0x10, 0x00, 0x00, 0xF0,
    0x00, 0x03, 0xE0, 0x00, 0x1F, 0x60, 0x00, 0xFB, 0xC0, 0x01, 0xDF, 0x80, 0x02, 0xFC, 0x00, 0x03,
    0xE0, 0x00, 0x0F, 0x00, 0x00, 0x1C, 0x00, 0x00, 0x3C, 0x00, 0x00, 0x3C, 0x06, 0x00, 0x1C, 0x0E,
    0x00, 0x1C, 0x18, 0x00, 0x1C, 0x70, 0x00, 0x38, 0xE0, 0x00, 0x39, 0xE0, 0x00, 0x71, 0xE0, 0x01,
    0xE3, 0xFF, 0xFF, 0x81, 0xFF, 0xFE, 0x00, 0xFF, 0xE0, 0x00, 0x00, 0x00, 0x10, 0x00, 0x00, 0x1E,
    0x00, 0x00, 0x0F, 0x80, 0x00, 0x0F, 0xB0, 0x00, 0x0F, 0xBC, 0x00, 0x03, 0xBF, 0x00, 0x00, 0xBF,
    0x00, 0x00, 0x1F, 0x00, 0x00, 0x0F, 0x00, 0x00, 0x03, 0x80, 0x00, 0x00, 0xF0, 0x00, 0x00, 0x1E,
    0x00, 0x60, 0x03, 0xC0, 0x1C, 0x00, 0x78, 0x06, 0x00, 0x0F, 0x03, 0x80, 0x01, 0xC0, 0xE0, 0x00,
    0x38, 0x3C, 0x00, 0x0F, 0x07, 0x80, 0x0F, 0xE1, 0xFF, 0xFF, 0xFF, 0x1F, 0xFF, 0xE7, 0xC1, 0xFF,
    0xC0, 0x00, 0x00, 0x80, 0x70, 0x3E, 0x1F, 0x27, 0x9F, 0xEF, 0xF7, 0xE3, 0xF0, 0x78, 0x1E, 0x01,
    0xE0, 0x1E, 0x01, 0xE0, 0x1E, 0x01, 0xC0, 0x1C, 0x03, 0x80, 0x70, 0x1E, 0x7F, 0x8F, 0xE1, 0x80,
    0x00, 0x00, 0x80, 0x0E, 0x00, 0xF8, 0x0F, 0x90, 0x7B, 0xE3, 0xDF, 0x8D, 0xF8, 0x1F, 0x80, 0x78,
    0x03, 0x80, 0x07, 0x00, 0x1E, 0x00, 0x1C, 0x00, 0x38, 0x00, 0x70, 0x00, 0xE0, 0x03, 0x80, 0x0F,
    0x00, 0x7F, 0x3F, 0xFF, 0xFE, 0x7F, 0x00, 0x00, 0x00, 0x0E, 0x00, 0x0E, 0x00, 0x0E, 0x20, 0x07,
    0x70, 0x07, 0x70, 0x07, 0x60, 0x07, 0xE0, 0x07, 0xE0, 0x07, 0x70, 0x07, 0x78, 0x1E, 0x7F, 0xFC,
    0x3F, 0xF8, 0x0F, 0xF0, 0x00, 0x00, 0x00, 0x00, 0xE0, 0x00, 0x07, 0x02, 0x00, 0x70, 0x70, 0x07,
    0x07, 0x00, 0x78, 0x60, 0x07, 0xFE, 0x00, 0x7F, 0xE0, 0x07, 0x07, 0x00, 0x70, 0x70, 0x0E, 0x07,
    0xFF, 0xE0, 0x3F, 0xFC, 0x00, 0xFF, 0x00, 0x08, 0x07, 0x81, 0xE0, 0xFC, 0x3B, 0x9C, 0x66, 0x1F,
    0x87, 0xE1, 0xDC, 0xE7, 0xF8, 0xFC, 0x04, 0x00, 0xFC, 0x07, 0xF8, 0x3C, 0xE0, 0xE1, 0x83, 0x87,
    0x0E, 0x1E, 0x18, 0x3E, 0x60, 0x78, 0x00, 0x00, 0x00, 0xE3, 0x8E, 0x1C, 0x71, 0xC7, 0x3F, 0xEF,
    0x04, 0x30, 0x87, 0x0C, 0x38, 0x03, 0xC0, 0x3E, 0x3D, 0xF3, 0xE3, 0xBE, 0x0D, 0xC0, 0x7C, 0x03,
    0xE0, 0x0F, 0x00, 0x38, 0x01, 0x80, 0x01, 0x00, 0x03, 0x80, 0x03, 0xC0, 0x03, 0xF0, 0x07, 0xF8,
    0x0E, 0x7C, 0x0E, 0x3E, 0x0E, 0x7E, 0x0E, 0x77, 0x07, 0xF7, 0x07, 0xE7, 0xFF, 0xFF, 0xFF, 0xFE,
    0x18, 0x18, 0x00, 0x60, 0x00, 0xF8, 0x00, 0xFE, 0x00, 0x77, 0x00, 0x73, 0x80, 0x39, 0xC0, 0x1C,
    0xE0, 0x0C, 0xF0, 0x4F, 0xF8, 0x7F, 0xFF, 0xFF, 0xFF, 0xE1, 0xC1, 0x80, 0x70, 0xC0, 0x3C, 0x60,
    0x0F, 0xF0, 0x03, 0xF8, 0x00, 0xF0, 0x00, 0x08, 0x00, 0x38, 0x00, 0xF0, 0x07, 0xE0, 0x3F, 0xC0,
    0xE7, 0x83, 0x1F, 0x0C, 0x7E, 0x39, 0xF8, 0xFE, 0x71, 0xF1, 0xFF, 0xFE, 0xFF, 0xF8, 0x01, 0x80,
    0x03, 0x80, 0x1F, 0x00, 0xFC, 0x07, 0x38, 0x1C, 0xE0, 0xE3, 0x83, 0x8C, 0x0E, 0x70, 0x3F, 0xC3,
    0xFF, 0xFF, 0xFF, 0xCE, 0x1C, 0x38, 0x70, 0xF1, 0xC1, 0xFE, 0x03, 0xF8, 0x03, 0x80, 0x03, 0x00,
    0x00, 0x0F, 0x00, 0x00, 0x1F, 0x00, 0x00, 0x7F, 0x00, 0x01, 0xCE, 0x00, 0x07, 0x8C, 0x00, 0x1E,
    0x10, 0x00, 0x38, 0x00, 0x00, 0xE0, 0x00, 0x00, 0xF0, 0x00, 0x0D, 0xFF, 0xFF, 0xF8, 0xFF, 0xFF,
    0xF0, 0x3F, 0xFE, 0x00, 0x07, 0xFE, 0x7F, 0xFD, 0xFF, 0xF7, 0x80, 0x0C, 0x00, 0x1C, 0x00, 0x3F,
    0x80, 0x1F, 0xFF, 0x0F, 0xFE, 0x0C, 0x00, 0x00, 0x78, 0x00, 0x00, 0xC0, 0x00, 0x01, 0x80, 0x00,
    0x01, 0xE0, 0x00, 0x07, 0xC0, 0x00, 0x0C, 0xC0, 0x00, 0x03, 0xC0, 0x00, 0x07, 0xC0, 0x00, 0x1F,
    0xC0, 0x00, 0x73, 0x80, 0x01, 0xE3, 0x00, 0x07, 0x84, 0x00, 0x0E, 0x00, 0x00, 0x38, 0x00, 0x00,
    0x3C, 0x00, 0x03, 0x7F, 0xFF, 0xFE, 0x3F, 0xFF, 0xFC, 0x0F, 0xFF, 0x80, 0x0C, 0x00, 0x78, 0x00,
    0xC0, 0x01, 0x80, 0x01, 0xE0, 0x07, 0xC0, 0x0C, 0x00, 0x03, 0xFF, 0x3F, 0xFE, 0xFF, 0xFB, 0xC0,
    0x06, 0x00, 0x0E, 0x00, 0x1F, 0xC0, 0x0F, 0xFF, 0x87, 0xFF, 0x00, 0x03, 0xC0, 0x01, 0xFC, 0x00,
    0x7F, 0x00, 0x1E, 0x00, 0x03, 0x80, 0x00, 0xE0, 0x08, 0x1C, 0x03, 0x83, 0xE0, 0x70, 0x3F, 0x0C,
    0x01, 0xFB, 0x80, 0x07, 0x70, 0x00, 0xE7, 0x00, 0x3C, 0xF0, 0x0F, 0x1F, 0xFF, 0xC1, 0xFF, 0xF0,
    0x0F, 0xF0, 0x00, 0x20, 0x00, 0x07, 0x00, 0xC0, 0x70, 0x0F, 0x86, 0x00, 0xFF, 0xE0, 0x03, 0xFE,
    0x00, 0x1C, 0x70, 0x01, 0xC7, 0x80, 0x78, 0x3F, 0xFF, 0x81, 0xFF, 0xE0, 0x0F, 0xF8, 0x00, 0x00,
    0x18, 0x38, 0x70, 0xE0, 0xC1, 0x83, 0x0E, 0xFD, 0xF0, 0x00, 0x0D, 0xDF, 0xB7, 0x00, 0x01, 0xC0,
    0x30, 0x0E, 0x01, 0xC0, 0x7C, 0x3F, 0xFF, 0xBF, 0x00, 0x00, 0x00, 0xD8, 0x3B, 0x83, 0x60, 0x1F,
    0x0F, 0xC7, 0xA1, 0xC0, 0x70, 0x1C, 0x03, 0xF8, 0x7F, 0xFF, 0x3F, 0x04, 0x00, 0x38, 0x7F, 0xD3,
    0xC0, 0x00, 0x00, 0xE0, 0x70, 0x38, 0x0C, 0x06, 0x03, 0x01, 0x80, 0xC0, 0x60, 0x30, 0x18, 0x0E,
    0x07, 0x03, 0x81, 0xC0, 0xE0, 0x38, 0x1F, 0xF1, 0x3C, 0x00, 0x00, 0x00, 0x38, 0x07, 0x00, 0x60,
    0x0C, 0x01, 0x80, 0x30, 0x06, 0x00, 0xE0, 0x1C, 0x03, 0x80, 0x70, 0x0E, 0x01, 0xC0, 0x38, 0x07,
    0x00, 0xF0, 0x1F, 0xC1, 0xF8, 0x00, 0x33, 0xCC, 0x30, 0xFB, 0xEC, 0x00, 0x71, 0xC7, 0x0C, 0x30,
    0xC3, 0x0C, 0x30, 0xC3, 0x0E, 0x38, 0xE3, 0x8E, 0x30, 0x78, 0x30, 0x18, 0x0F, 0x87, 0xC3, 0x00,
    0x00, 0x70, 0x38, 0x0C, 0x06, 0x03, 0x01, 0x80, 0xC0, 0x70, 0x38, 0x1C, 0x0E, 0x07, 0x03, 0x81,
    0xC0, 0xE0, 0x78, 0x3F, 0x8F, 0xC0, 0x00, 0x0C, 0x1E, 0x0C, 0x06, 0x03, 0xE1, 0xF0, 0xC0, 0x38,
    0x3F, 0x3F, 0x9C, 0xFC, 0x7E, 0x3F, 0x1D, 0xFE, 0xFF, 0x0F, 0x83, 0x87, 0xDF, 0xCF, 0xC7, 0x00,
    0x0C, 0x01, 0xE0, 0x0C, 0x00, 0x60, 0x03, 0xE0, 0x1F, 0x00, 0xC0, 0x00, 0x00, 0x1C, 0x01, 0xF8,
    0x1F, 0xC0, 0xE7, 0x0E, 0x38, 0x71, 0xC3, 0xCE, 0x0F, 0xFE, 0x7F, 0xF0, 0x3F, 0x01, 0xC0, 0x3E,
    0x0F, 0xE0, 0x7E, 0x03, 0x80, 0x00, 0xE3, 0x8E, 0x18, 0x61, 0x86, 0x18, 0x61, 0x86, 0x1C, 0x71,
    0xC7, 0x1C, 0x71, 0xC0, 0x0C, 0xF3, 0x0C, 0x1E, 0xFB, 0x00, 0xE0, 0xE0, 0x60, 0x60, 0x60, 0x60,
    0x60, 0x70, 0x70, 0x70, 0x70, 0x70, 0x70, 0x70, 0x70, 0x78, 0x7F, 0x3F, 0x00, 0x30, 0xF0, 0xC0,
    0xC0, 0x78, 0xF8, 0xC0, 0x0E, 0x00, 0x03, 0xC0, 0x78, 0x60, 0x3F, 0x8C, 0x0F, 0xE1, 0xF3, 0xC0,
    0x3E, 0x70, 0x06, 0x1C, 0x01, 0x03, 0x80, 0x70, 0x7C, 0x0E, 0x07, 0xE1, 0x80, 0x3F, 0x70, 0x00,
    0xEE, 0x00, 0x1C, 0xE0, 0x07, 0x9E, 0x01, 0xE3, 0xFF, 0xF8, 0x3F, 0xFE, 0x01, 0xFE, 0x00, 0x0E,
    0x00, 0x01, 0xE0, 0x00, 0x18, 0x00, 0x01, 0x80, 0x00, 0x1F, 0x00, 0x01, 0xF0, 0x00, 0x18, 0x00,
    0x02, 0x00, 0x00, 0x70, 0x0C, 0x07, 0x00, 0xF8, 0x60, 0x0F, 0xFE, 0x00, 0x3F, 0xE0, 0x01, 0xC7,
    0x00, 0x1C, 0x78, 0x07, 0x83, 0xFF, 0xF8, 0x1F, 0xFE, 0x00, 0xFF, 0x80, 0x31, 0xEE, 0x38, 0x7F,
    0xF6, 0x00, 0x38, 0xE3, 0x87, 0x1C, 0x71, 0xCF, 0xFB, 0xC0, 0x00, 0x18, 0x1E, 0x06, 0x01, 0x80,
    0x3C, 0x1F, 0x06, 0x00, 0x00, 0x1C, 0x07, 0x01, 0xC0, 0x70, 0x3E, 0x3F, 0xFF, 0x7C, 0x00, 0xEE,
    0xE6, 0x66, 0x66, 0x66, 0x67, 0x77, 0x77, 0x77, 0xE0, 0xE0, 0x60, 0x60, 0x60, 0x60, 0x60, 0x70,
    0x70, 0x70, 0x70, 0x70, 0x70, 0x70, 0x70, 0x78, 0x7F, 0x3F, 0x00, 0x00, 0x00, 0x00, 0x00, 0x00,
    0x0E, 0x60, 0x00, 0x0E, 0x70, 0x00, 0x07, 0x60, 0x00, 0x07, 0xE0, 0x00, 0x07, 0xE0, 0x00, 0x07,
    0xF0, 0x00, 0x07, 0x78, 0x00, 0x1E, 0x7F, 0xFF, 0xFE, 0x1F, 0xFF, 0xF8, 0x07, 0xFF, 0x80, 0x00,
    0x00, 0x00, 0x00, 0x00, 0x00, 0x00, 0x18, 0x00, 0x00, 0x1C, 0x00, 0x00, 0x18, 0x00, 0x60, 0x00,
    0x00, 0x03, 0x80, 0x00, 0x00, 0x18, 0x00, 0x00, 0x01, 0xC0, 0x00, 0x06, 0x0E, 0x00, 0x00, 0x78,
    0x78, 0x00, 0x0F, 0x81, 0xE0, 0x03, 0xFF, 0x0F, 0xFF, 0xFF, 0x7F, 0x1F, 0xFF, 0xE1, 0xF8, 0x3F,
    0xF0, 0x00, 0x00, 0x00, 0x00, 0x00, 0x00, 0x00, 0x00, 0x00, 0x03, 0x80, 0x00, 0x00, 0x1C, 0x00,
    0x00, 0x00, 0xE0, 0x00, 0x00, 0x00, 0xE3, 0x8E, 0x1C, 0x71, 0xC7, 0x3F, 0xEF, 0x00, 0x01, 0xC7,
    0x1C, 0x00, 0x07, 0x01, 0xC0, 0x70, 0x1C, 0x0F, 0x8F, 0xFF, 0xDF, 0x00, 0x00, 0x01, 0x80, 0x70,
    0x18, 0x00, 0x3B, 0x0F, 0xE3, 0xB0, 0x00, 0x00, 0x02, 0x01, 0xE0, 0x78, 0x3F, 0x0E, 0xE7, 0x19,
    0x87, 0xE1, 0xF8, 0x77, 0x39, 0xFE, 0x3F, 0x00, 0x1D, 0x80, 0x7E, 0x01, 0xD8, 0x00, 0x00, 0x00,
    0x00, 0x00, 0x00, 0x18, 0x00, 0x60, 0x0F, 0xC0, 0x7F, 0x03, 0xFC, 0x1C, 0x70, 0x61, 0xC3, 0x87,
    0x07, 0xFC, 0x1F, 0xF0, 0x3F, 0xE0, 0x03, 0xF0, 0x07, 0xC0, 0x00, 0x00, 0x76, 0x00, 0x00, 0x7E,
    0x00, 0x00, 0x76, 0x00, 0x00, 0x00, 0x0E, 0x60, 0x00, 0x0E, 0x70, 0x00, 0x07, 0x60, 0x00, 0x07,
    0xE0, 0x00, 0x07, 0xE0, 0x00, 0x07, 0xF0, 0x00, 0x07, 0x78, 0x00, 0x1E, 0x7F, 0xFF, 0xFE, 0x1F,
    0xFF, 0xF8, 0x07, 0xFF, 0x80, 0x00, 0x76, 0x00, 0x00, 0x03, 0xF8, 0x00, 0x00, 0x1D, 0x80, 0x00,
    0x00, 0x00, 0x00, 0x06, 0x00, 0x00, 0x00, 0x38, 0x00, 0x00, 0x01, 0x80, 0x00, 0x00, 0x1C, 0x00,
    0x00, 0x60, 0xE0, 0x00, 0x07, 0x87, 0x80, 0x00, 0xF8, 0x1E, 0x00, 0x3F, 0xF0, 0xFF, 0xFF, 0xF7,
    0xF1, 0xFF, 0xFE, 0x1F, 0x83, 0xFF, 0x00, 0x00, 0xED, 0xFF, 0xB0, 0x00, 0x00, 0x0E, 0x1C, 0x38,
    0x38, 0x70, 0xE1, 0xC7, 0xBE, 0x78, 0x00, 0x33, 0x07, 0xE0, 0xFC, 0x00, 0x00, 0x00, 0x00, 0x03,
    0x80, 0x60, 0x1C, 0x03, 0x80, 0xF8, 0x7F, 0xFF, 0x7E, 0x00, 0x00, 0x00, 0x18, 0x00, 0x00, 0x1C,
    0x00, 0x00, 0x1C, 0x00, 0x00, 0x76, 0x00, 0x00, 0x7E, 0x00, 0x00, 0x76, 0x00, 0x00, 0x00, 0x0E,
    0x60, 0x00, 0x0E, 0x70, 0x00, 0x07, 0x60, 0x00, 0x07, 0xE0, 0x00, 0x07, 0xE0, 0x00, 0x07, 0xF0,
    0x00, 0x07, 0x78, 0x00, 0x1E, 0x7F, 0xFF, 0xFE, 0x1F, 0xFF, 0xF8, 0x07, 0xFF, 0x80, 0x00, 0x18,
    0x00, 0x00, 0x00, 0xE0, 0x00, 0x00, 0x07, 0x00, 0x00, 0x00, 0xEC, 0x00, 0x00, 0x07, 0xF0, 0x00,
    0x00, 0x3B, 0x00, 0x00, 0x00, 0x00, 0x00, 0x0C, 0x00, 0x00, 0x00, 0x70, 0x00, 0x00, 0x03, 0x00,
    0x00, 0x00, 0x38, 0x00, 0x00, 0xC1, 0xC0, 0x00, 0x0F, 0x0F, 0x00, 0x01, 0xF0, 0x3C, 0x00, 0x7F,
    0xE1, 0xFF, 0xFF, 0xEF, 0xE3, 0xFF, 0xFC, 0x3F, 0x07, 0xFE, 0x00, 0x00, 0x30, 0x70, 0xE7, 0x6F,
    0xFD, 0x80, 0x00, 0x00, 0x70, 0xE1, 0xC1, 0xC3, 0x87, 0x0E, 0x3D, 0xF3, 0xC0, 0x00, 0x0C, 0x03,
    0x80, 0x30, 0x19, 0x83, 0xF0, 0x7E, 0x00, 0x00, 0x00, 0x00, 0x01, 0xC0, 0x30, 0x0E, 0x01, 0xC0,
    0x7C, 0x3F, 0xFF, 0xBF, 0x00, 0x00, 0x3C, 0x00, 0xFF, 0x01, 0xFF, 0xF0, 0x0F, 0xF0, 0x1F, 0xE0,
    0xFC, 0x03, 0xC0, 0x0F, 0x00, 0x38, 0x00, 0xE0, 0x01, 0xC0, 0x07, 0x04, 0x0E, 0x1C, 0x1C, 0x38,
    0x38, 0x20, 0x70, 0x00, 0xF0, 0x00, 0xF0, 0x00, 0xFF, 0xF8, 0xFF, 0xF0, 0x7F, 0x80, 0x3C, 0x00,
    0x1F, 0xE0, 0x07, 0xFF, 0xC0, 0x07, 0xF8, 0x01, 0xFE, 0x01, 0xFC, 0x00, 0xF3, 0x00, 0x78, 0xE0,
    0x38, 0x3C, 0x1C, 0x07, 0xF7, 0x00, 0xFF, 0x82, 0x00, 0xE1, 0xC0, 0x38, 0x70, 0x0E, 0x08, 0x03,
    0x80, 0x00, 0xF0, 0x00, 0x1E, 0x00, 0x03, 0xFF, 0xE0, 0x7F, 0xF8, 0x07, 0xF8, 0x00, 0x7F, 0x01,
    0xFF, 0x03, 0xFE, 0x00, 0x3F, 0x00, 0xFC, 0x0F, 0xE1, 0xFC, 0x3F, 0xC0, 0xFC, 0x00, 0x00, 0x00,
    0x00, 0x00, 0xC0, 0x07, 0x80, 0x0C, 0x00, 0x7F, 0x00, 0x1F, 0xF0, 0x03, 0xFE, 0x00, 0x03, 0xF0,
    0x00, 0xFC, 0x00, 0xFE, 0x01, 0xFF, 0xC3, 0xFC, 0x7E, 0xFC, 0x0F, 0x80, 0x00, 0x00, 0x00, 0x00,
    0x1C, 0x00, 0x07, 0x00, 0x01, 0xC0, 0x00, 0x3C, 0x00, 0xFF, 0x01, 0xFF, 0xF0, 0x0F, 0xF0, 0x1F,
    0xE0, 0xFC, 0x03, 0xC0, 0x0F, 0x00, 0x38, 0x00, 0xE0, 0x01, 0xC0, 0x07, 0x00, 0x0E, 0x00, 0x1C,
    0x00, 0x38, 0x00, 0x70, 0x00, 0xF0, 0x00, 0xF0, 0x00, 0xFF, 0xF8, 0xFF, 0xF0, 0x7F, 0x80, 0x3C,
    0x00, 0x1F, 0xE0, 0x07, 0xFF, 0xC0, 0x07, 0xF8, 0x01, 0xFE, 0x01, 0xFC, 0x00, 0xF3, 0x00, 0x78,
    0xE0, 0x38, 0x3C, 0x1C, 0x07, 0xF7, 0x00, 0xFF, 0x80, 0x00, 0xE0, 0x00, 0x38, 0x00, 0x0E, 0x00,
    0x03, 0x80, 0x00, 0xF0, 0x00, 0x1E, 0x00, 0x03, 0xFF, 0xE0, 0x7F, 0xF8, 0x07, 0xF8, 0x00, 0x7F,
    0x01, 0xFF, 0x03, 0xFE, 0x00, 0x3F, 0x00, 0xFC, 0x0F, 0xE1, 0xFC, 0x3F, 0xC0, 0xFC, 0x00, 0x00,
    0x00, 0x7F, 0x00, 0x1F, 0xF0, 0x03, 0xFE, 0x00, 0x03, 0xF0, 0x00, 0xFC, 0x00, 0xFE, 0x01, 0xFF,
    0xC3, 0xFC, 0x7E, 0xFC, 0x0F, 0x80, 0x00, 0x00, 0x01, 0x80, 0x07, 0x00, 0x0E, 0x00, 0x00, 0x00,
    0x00, 0x07, 0x80, 0x1F, 0xE0, 0x3F, 0xFE, 0x01, 0xFE, 0x03, 0xFC, 0x1F, 0x80, 0x78, 0x01, 0xE0,
    0x07, 0x00, 0x1C, 0x00, 0x38, 0x00, 0xE0, 0x01, 0xC0, 0x03, 0x80, 0x07, 0x00, 0x0E, 0x00, 0x1E,
    0x00, 0x1E, 0x00, 0x1F, 0xFF, 0x1F, 0xFE, 0x0F, 0xF0, 0x01, 0x80, 0x00, 0xE0, 0x00, 0x38, 0x00,
    0x00, 0x00, 0x00, 0x00, 0x0F, 0x00, 0x07, 0xF8, 0x01, 0xFF, 0xF0, 0x01, 0xFE, 0x00, 0x7F, 0x80,
    0x7F, 0x00, 0x3C, 0xC0, 0x1E, 0x38, 0x0E, 0x0F, 0x07, 0x01, 0xFD, 0xC0, 0x3F, 0xE0, 0x00, 0x38,
    0x00, 0x0E, 0x00, 0x03, 0x80, 0x00, 0xE0, 0x00, 0x3C, 0x00, 0x07, 0x80, 0x00, 0xFF, 0xF8, 0x1F,
    0xFE, 0x01, 0xFE, 0x00, 0x18, 0x00, 0x70, 0x01, 0x80, 0x00, 0x00, 0x00, 0x01, 0xFC, 0x07, 0xFC,
    0x0F, 0xF8, 0x00, 0xFC, 0x03, 0xF0, 0x3F, 0x87, 0xF0, 0xFF, 0x03, 0xF0, 0x00, 0x00, 0x00, 0x18,
    0x00, 0x0E, 0x00, 0x01, 0x80, 0x00, 0x00, 0x00, 0x00, 0x00, 0x1F, 0xC0, 0x07, 0xFC, 0x00, 0xFF,
    0x80, 0x00, 0xFC, 0x00, 0x3F, 0x00, 0x3F, 0x80, 0x7F, 0xF0, 0xFF, 0x1F, 0xBF, 0x03, 0xE0, 0x00,
    0x00, 0x03, 0x00, 0xF0, 0x0E, 0x01, 0xE0, 0x1C, 0x01, 0xC0, 0x38, 0x07, 0x00, 0xEE, 0x3D, 0xFF,
    0x3F, 0xC0, 0x40, 0x03, 0x00, 0x0E, 0x00, 0x0E, 0x00, 0x1E, 0x00, 0x1C, 0x00, 0x1C, 0x00, 0x38,
    0x00, 0x70, 0x00, 0xF0, 0xE3, 0xF1, 0xFF, 0xFB, 0xFC, 0xF0, 0x40, 0x00, 0x0C, 0x01, 0xC0, 0x38,
    0x00, 0x00, 0x00, 0x06, 0x01, 0xE0, 0x1C, 0x03, 0xC0, 0x38, 0x03, 0x80, 0x70, 0x0E, 0x01, 0xDC,
    0x7B, 0xFE, 0x7F, 0x80, 0x80, 0x0E, 0x00, 0x1C, 0x00, 0x38, 0x00, 0x00, 0x00, 0x00, 0x00, 0x60,
    0x01, 0xC0, 0x01, 0xC0, 0x03, 0xC0, 0x03, 0x80, 0x03, 0x80, 0x07, 0x00, 0x0E, 0x00, 0x1E, 0x1C,
    0x7E, 0x3F, 0xFF, 0x7F, 0x9E, 0x08, 0x00, 0x02, 0x03, 0x81, 0xC0, 0x60, 0x38, 0x1C, 0x0E, 0x07,
    0x03, 0x83, 0x83, 0xC3, 0xCF, 0xC7, 0xC1, 0x80, 0x02, 0x00, 0x38, 0x01, 0xC0, 0x06, 0x00, 0x38,
    0x01, 0xC0, 0x0F, 0x00, 0x7E, 0x03, 0xF0, 0x38, 0x03, 0xC0, 0x3C, 0x0F, 0xC0, 0x7C, 0x01, 0x80,
    0x00, 0x0E, 0x07, 0x03, 0x80, 0x00, 0x00, 0x10, 0x1C, 0x0E, 0x03, 0x01, 0xC0, 0xE0, 0x70, 0x38,
    0x1C, 0x1C, 0x1E, 0x1E, 0x7E, 0x3E, 0x0C, 0x00, 0x0C, 0x00, 0xF0, 0x03, 0x00, 0x00, 0x00, 0x00,
    0x01, 0x00, 0x1C, 0x00, 0xE0, 0x03, 0x00, 0x1C, 0x00, 0xE0, 0x07, 0x80, 0x3F, 0x01, 0xF8, 0x1C,
    0x01, 0xE0, 0x1E, 0x07, 0xE0, 0x3E, 0x00, 0xC0, 0x00, 0x00, 0x00, 0x00, 0x00, 0x00, 0x00, 0x01,
    0x80, 0x00, 0x00, 0x0E, 0x00, 0x00, 0x00, 0x70, 0x00, 0xE0, 0xE3, 0x80, 0x03, 0x87, 0x0C, 0x80,
    0x1C, 0x38, 0x6E, 0x00, 0xE1, 0xC3, 0x70, 0x07, 0x9E, 0x3B, 0x00, 0x3F, 0xFF, 0xF8, 0x01, 0xFF,
    0xFD, 0xC0, 0x0E, 0x00, 0x07, 0x00, 0x70, 0x00, 0x3C, 0x07, 0x00, 0x00, 0xFF, 0xF8, 0x00, 0x03,
    0xFF, 0x80, 0x00, 0x0F, 0xF0, 0x00, 0x00, 0x00, 0x00, 0x00, 0x38, 0x00, 0x00, 0x00, 0x1C, 0x00,
    0x03, 0x83, 0x8E, 0x00, 0x00, 0xE1, 0xC3, 0x02, 0x00, 0x70, 0xE1, 0x83, 0x80, 0x38, 0x71, 0xE1,
    0xC0, 0x1E, 0x78, 0xF8, 0xC0, 0x0F, 0xFF, 0xFF, 0xE0, 0x07, 0xFF, 0xE7, 0xF0, 0x03, 0x80, 0x00,
    0x1C, 0x01, 0xC0, 0x00, 0x0F, 0x01, 0xC0, 0x00, 0x03, 0xFF, 0xE0, 0x00, 0x00, 0xFF, 0xE0, 0x00,
    0x00, 0x3F, 0xC0, 0x00, 0x00, 0x00, 0x00, 0x00, 0x00, 0x38, 0x00, 0x07, 0x00, 0x00, 0xE1, 0xC3,
    0x8C, 0x38, 0x61, 0xC7, 0x0C, 0x39, 0xC3, 0x87, 0x3C, 0x79, 0xDF, 0xFF, 0xFB, 0xFF, 0x7E, 0x00,
    0x00, 0x00, 0x00, 0x00, 0xC0, 0x00, 0x01, 0x80, 0x70, 0xE3, 0x80, 0xE1, 0x87, 0x01, 0xC3, 0x0E,
    0x07, 0x0E, 0x1C, 0x0F, 0x1E, 0x7C, 0x7F, 0xFF, 0xFF, 0xFF, 0xDF, 0xBE, 0x00, 0x00, 0x00, 0x00,
    0x00, 0x08, 0x00, 0x00, 0x00, 0xE0, 0x00, 0x00, 0x07, 0x00, 0x00, 0x00, 0x6C, 0x00, 0x00, 0x07,
    0x70, 0x00, 0x00, 0x1B, 0x80, 0x00, 0x00, 0x00, 0x00, 0x00, 0x00, 0x06, 0x00, 0x00, 0x00, 0x38,
    0x00, 0x00, 0x01, 0xC0, 0x03, 0x83, 0x8E, 0x00, 0x0E, 0x1C, 0x32, 0x00, 0x70, 0xE1, 0xB8, 0x03,
    0x87, 0x0D, 0xC0, 0x1E, 0x78, 0xEC, 0x00, 0xFF, 0xFF, 0xE0, 0x07, 0xFF, 0xF7, 0x00, 0x38, 0x00,
    0x1C, 0x01, 0xC0, 0x00, 0xF0, 0x1C, 0x00, 0x03, 0xFF, 0xE0, 0x00, 0x0F, 0xFE, 0x00, 0x00, 0x3F,
    0xC0, 0x00, 0x00, 0x00, 0x00, 0x08, 0x00, 0x00, 0x00, 0x0E, 0x00, 0x00, 0x00, 0x07, 0x00, 0x00,
    0x00, 0x06, 0xC0, 0x00, 0x00, 0x07, 0x70, 0x00, 0x00, 0x01, 0xB8, 0x00, 0x00, 0x00, 0x00, 0x00,
    0x00, 0x00, 0x00, 0x00, 0x00, 0x00, 0x00, 0x38, 0x00, 0x00, 0x00, 0x1C, 0x00, 0x03, 0x83, 0x8E,
    0x00, 0x00, 0xE1, 0xC3, 0x02, 0x00, 0x70, 0xE1, 0x83, 0x80, 0x38, 0x71, 0xE1, 0xC0, 0x1E, 0x78,
    0xF8, 0xC0, 0x0F, 0xFF, 0xFF, 0xE0, 0x07, 0xFF, 0xE7, 0xF0, 0x03, 0x80, 0x00, 0x1C, 0x01, 0xC0,
    0x00, 0x0F, 0x01, 0xC0, 0x00, 0x03, 0xFF, 0xE0, 0x00, 0x00, 0xFF, 0xE0, 0x00, 0x00, 0x3F, 0xC0,
    0x00, 0x00, 0x00, 0x30, 0x00, 0x0E, 0x00, 0x01, 0xC0, 0x00, 0x6E, 0x00, 0x1F, 0xC0, 0x01, 0xB8,
    0x00, 0x00, 0x00, 0x00, 0x0E, 0x00, 0x01, 0xC0, 0x00, 0x38, 0x70, 0xE3, 0x0E, 0x18, 0x71, 0xC3,
    0x0E, 0x70, 0xE1, 0xCF, 0x1E, 0x77, 0xFF, 0xFE, 0xFF, 0xDF, 0x80, 0x00, 0x00, 0x00, 0x30, 0x00,
    0x00, 0xE0, 0x00, 0x01, 0xC0, 0x00, 0x06, 0xE0, 0x00, 0x1F, 0xC0, 0x00, 0x1B, 0x80, 0x00, 0x00,
    0x00, 0x00, 0x00, 0x00, 0x00, 0x00, 0xC0, 0x00, 0x01, 0x80, 0x70, 0xE3, 0x80, 0xE1, 0x87, 0x01,
    0xC3, 0x0E, 0x07, 0x0E, 0x1C, 0x0F, 0x1E, 0x7C, 0x7F, 0xFF, 0xFF, 0xFF, 0xDF, 0xBE, 0x00, 0x00,
    0x00, 0x00, 0x00, 0x00, 0x78, 0x00, 0x00, 0x01, 0xFC, 0x00, 0x00, 0x03, 0xFE, 0x00, 0x0E, 0x0F,
    0x8F, 0x00, 0x07, 0x1E, 0x07, 0x20, 0x07, 0x1C, 0x07, 0x70, 0x07, 0x38, 0x07, 0x70, 0x07, 0xF0,
    0x1E, 0x60, 0x07, 0xFF, 0xFC, 0xE0, 0x07, 0xFF, 0xF8, 0xE0, 0x07, 0x1F, 0x80, 0x70, 0x07, 0x00,
    0x00, 0x78, 0x0E, 0x00, 0x00, 0x3F, 0xFE, 0x00, 0x00, 0x1F, 0xFC, 0x00, 0x00, 0x0F, 0xF0, 0x00,
    0x00, 0x00, 0x00, 0x00, 0x78, 0x00, 0x00, 0x00, 0x1F, 0xC0, 0x00, 0x00, 0x03, 0xFE, 0x00, 0x00,
    0xE0, 0xF8, 0xF0, 0x00, 0x07, 0x1E, 0x07, 0x02, 0x00, 0x71, 0xC0, 0x70, 0x70, 0x07, 0x38, 0x07,
    0x07, 0x00, 0x7F, 0x01, 0xF0, 0x60, 0x07, 0xFF, 0xFF, 0xEE, 0x00, 0x7F, 0xFF, 0xFE, 0xE0, 0x07,
    0x1F, 0x80, 0x07, 0x00, 0x70, 0x00, 0x00, 0x78, 0x0E, 0x00, 0x00, 0x03, 0xFF, 0xE0, 0x00, 0x00,
    0x1F, 0xFC, 0x00, 0x00, 0x00, 0xFF, 0x00, 0x00, 0x00, 0x00, 0x00, 0xC0, 0x00, 0x1F, 0xC0, 0x00,
    0xFF, 0x87, 0x07, 0x8F, 0x1C, 0x38, 0x1C, 0x71, 0xC0, 0x73, 0xCE, 0x01, 0xDF, 0x70, 0x1E, 0xFF,
    0xFF, 0xF3, 0x9F, 0xFF, 0x80, 0x1F, 0xF0, 0x00, 0x00, 0x00, 0xC0, 0x00, 0x03, 0xF8, 0x00, 0x03,
    0xFE, 0x03, 0x83, 0xC7, 0x81, 0xC3, 0x81, 0xC0, 0xE3, 0x80, 0xE0, 0xF3, 0x80, 0x70, 0xFB, 0x80,
    0xF8, 0xFF, 0xFF, 0xFF, 0xF3, 0xFF, 0xFF, 0xC0, 0x7F, 0xC0, 0x00, 0x00, 0x00, 0x00, 0x60, 0x00,
    0x00, 0x00, 0x70, 0x00, 0x00, 0x00, 0x70, 0x00, 0x00, 0x00, 0x00, 0x00, 0x00, 0x00, 0x00, 0x00,
    0x00, 0x00, 0x78, 0x00, 0x00, 0x01, 0xFC, 0x00, 0x00, 0x03, 0xFE, 0x00, 0x0E, 0x0F, 0x8F, 0x00,
    0x07, 0x1E, 0x07, 0x20, 0x07, 0x1C, 0x07, 0x70, 0x07, 0x38, 0x07, 0x70, 0x07, 0xF0, 0x1E, 0x60,
    0x07, 0xFF, 0xFC, 0xE0, 0x07, 0xFF, 0xF8, 0xE0, 0x07, 0x1F, 0x80, 0x70, 0x07, 0x00, 0x00, 0x78,
    0x0E, 0x00, 0x00, 0x3F, 0xFE, 0x00, 0x00, 0x1F, 0xFC, 0x00, 0x00, 0x0F, 0xF0, 0x00, 0x00, 0x00,
    0x00, 0x00, 0x60, 0x00, 0x00, 0x00, 0x07, 0x00, 0x00, 0x00, 0x00, 0x70, 0x00, 0x00, 0x00, 0x00,
    0x00, 0x00, 0x00, 0x00, 0x00, 0x00, 0x00, 0x00, 0x07, 0x80, 0x00, 0x00, 0x01, 0xFC, 0x00, 0x00,
    0x00, 0x3F, 0xE0, 0x00, 0x0E, 0x0F, 0x8F, 0x00, 0x00, 0x71, 0xE0, 0x70, 0x20, 0x07, 0x1C, 0x07,
    0x07, 0x00, 0x73, 0x80, 0x70, 0x70, 0x07, 0xF0, 0x1F, 0x06, 0x00, 0x7F, 0xFF, 0xFE, 0xE0, 0x07,
    0xFF, 0xFF, 0xEE, 0x00, 0x71, 0xF8, 0x00, 0x70, 0x07, 0x00, 0x00, 0x07, 0x80, 0xE0, 0x00, 0x00,
    0x3F, 0xFE, 0x00, 0x00, 0x01, 0xFF, 0xC0, 0x00, 0x00, 0x0F, 0xF0, 0x00, 0x00, 0x00, 0x00, 0x01,
    0x80, 0x00, 0x07, 0x00, 0x00, 0x1C, 0x00, 0x00, 0x00, 0x00, 0x00, 0x00, 0x00, 0x03, 0x00, 0x00,
    0x7F, 0x00, 0x03, 0xFE, 0x1C, 0x1E, 0x3C, 0x70, 0xE0, 0x71, 0xC7, 0x01, 0xCF, 0x38, 0x07, 0x7D,
    0xC0, 0x7B, 0xFF, 0xFF, 0xCE, 0x7F, 0xFE, 0x00, 0x7F, 0xC0, 0x00, 0x01, 0x80, 0x00, 0x00, 0xE0,
    0x00, 0x00, 0x70, 0x00, 0x00, 0x00, 0x00, 0x00, 0x00, 0x00, 0x00, 0x06, 0x00, 0x00, 0x1F, 0xC0,
    0x00, 0x1F, 0xF0, 0x1C, 0x1E, 0x3C, 0x0E, 0x1C, 0x0E, 0x07, 0x1C, 0x07, 0x07, 0x9C, 0x03, 0x87,
    0xDC, 0x07, 0xC7, 0xFF, 0xFF, 0xFF, 0x9F, 0xFF, 0xFE, 0x03, 0xFE, 0x00, 0x0E, 0x00, 0x01, 0xC0,
    0x00, 0x18, 0x00, 0x03, 0x00, 0x00, 0x60, 0x00, 0x0C, 0x00, 0x01, 0x80, 0x00, 0x30, 0x00, 0x07,
    0x07, 0x00, 0xE7, 0xF0, 0x1D, 0xFF, 0x03, 0xF8, 0xF0, 0x7C, 0x0E, 0x0F, 0x01, 0xC1, 0xC0, 0x38,
    0x70, 0x1E, 0xFF, 0xFF, 0x9F, 0xFF, 0xE0, 0x7F, 0xC0, 0x00, 0x0E, 0x00, 0x00, 0x1C, 0x00, 0x00,
    0x18, 0x00, 0x00, 0x30, 0x00, 0x00, 0x60, 0x00, 0x00, 0xC0, 0x00, 0x01, 0x80, 0x00, 0x03, 0x00,
    0x00, 0x07, 0x07, 0x00, 0x0E, 0x7F, 0x00, 0x1D, 0xFF, 0x00, 0x3F, 0x8F, 0x00, 0x7C, 0x0E, 0x00,
    0xF0, 0x1C, 0x01, 0xC0, 0x38, 0x07, 0x01, 0xF0, 0xFF, 0xFF, 0xFD, 0xFF, 0xFF, 0xF8, 0x7F, 0xC0,
    0x00, 0x30, 0x00, 0x30, 0x00, 0x30, 0x00, 0x30, 0x00, 0x30, 0x00, 0x30, 0x00, 0x38, 0x00, 0x38,
    0x00, 0x38, 0x30, 0x38, 0xFE, 0x3B, 0xFE, 0x3F, 0xC7, 0x3F, 0x07, 0x3E, 0x07, 0x3C, 0x07, 0x78,
    0x7E, 0xFF, 0xFC, 0xFF, 0xF0, 0xF0, 0x00, 0x30, 0x00, 0x06, 0x00, 0x00, 0xC0, 0x00, 0x18, 0x00,
    0x03, 0x00, 0x00, 0x60, 0x00, 0x0E, 0x00, 0x01, 0xC0, 0x00, 0x38, 0x30, 0x07, 0x1F, 0xC0, 0xEF,
    0xF8, 0x1F, 0xE3, 0x83, 0xF0, 0x70, 0x7C, 0x0E, 0x0F, 0x01, 0xC3, 0xC3, 0xF8, 0xFF, 0xFF, 0xFF,
    0xFE, 0xFF, 0xC0, 0x00, 0x00, 0x0E, 0x00, 0x01, 0xC0, 0x00, 0x18, 0x00, 0x03, 0x03, 0x00, 0x60,
    0x70, 0x0C, 0x0C, 0x01, 0x80, 0x00, 0x30, 0x00, 0x07, 0x07, 0x00, 0xE7, 0xF0, 0x1D, 0xFF, 0x03,
    0xF8, 0xF0, 0x7C, 0x0E, 0x0F, 0x01, 0xC1, 0xC0, 0x38, 0x70, 0x1E, 0xFF, 0xFF, 0x9F, 0xFF, 0xE0,
    0x7F, 0xC0, 0x00, 0x0E, 0x00, 0x00, 0x1C, 0x00, 0x00, 0x18, 0x00, 0x00, 0x30, 0x60, 0x00, 0x61,
    0xC0, 0x00, 0xC1, 0x80, 0x01, 0x80, 0x00, 0x03, 0x00, 0x00, 0x07, 0x07, 0x00, 0x0E, 0x7F, 0x00,
    0x1D, 0xFF, 0x00, 0x3F, 0x8F, 0x00, 0x7C, 0x0E, 0x00, 0xF0, 0x1C, 0x01, 0xC0, 0x38, 0x07, 0x01,
    0xF0, 0xFF, 0xFF, 0xFD, 0xFF, 0xFF, 0xF8, 0x7F, 0xC0, 0x00, 0x30, 0x00, 0x30, 0x00, 0x30, 0x00,
    0x30, 0x60, 0x30, 0x70, 0x30, 0x60, 0x38, 0x00, 0x38, 0x00, 0x38, 0x30, 0x38, 0xFE, 0x3B, 0xFE,
    0x3F, 0xC7, 0x3F, 0x07, 0x3E, 0x07, 0x3C, 0x07, 0x78, 0x7E, 0xFF, 0xFC, 0xFF, 0xF0, 0xF0, 0x00,
    0x30, 0x00, 0x06, 0x00, 0x00, 0xC0, 0x00, 0x18, 0x30, 0x03, 0x07, 0x00, 0x60, 0xC0, 0x0E, 0x00,
    0x01, 0xC0, 0x00, 0x38, 0x30, 0x07, 0x1F, 0xC0, 0xEF, 0xF8, 0x1F, 0xE3, 0x83, 0xF0, 0x70, 0x7C,
    0x0E, 0x0F, 0x01, 0xC3, 0xC3, 0xF8, 0xFF, 0xFF, 0xFF, 0xFE, 0xFF, 0xC0, 0x00, 0x00, 0x0F, 0x00,
    0x7F, 0x01, 0xFE, 0x03, 0x80, 0x06, 0x00, 0x0C, 0x00, 0x1C, 0x10, 0x3F, 0xF0, 0x3F, 0xE0, 0x3E,
    0x00, 0xF0, 0x03, 0xC0, 0x07, 0x00, 0x1C, 0x00, 0x38, 0x00, 0x70, 0x00, 0xE0, 0x01, 0xC0, 0x03,
    0x80, 0x03, 0xC0, 0x07, 0xFF, 0xC7, 0xFF, 0xC3, 0xFE, 0x00, 0x03, 0x80, 0x3F, 0x80, 0xFF, 0x83,
    0xC7, 0x07, 0x86, 0x07, 0x9C, 0x07, 0xF0, 0x07, 0xE0, 0x0F, 0xE0, 0x3F, 0xFC, 0xF3, 0xFB, 0xC0,
    0x0F, 0x00, 0x1C, 0x00, 0x38, 0x00, 0x70, 0x00, 0xE0, 0x01, 0xE0, 0x11, 0xFF, 0xF1, 0xFF, 0xE1,
    0xFF, 0x00, 0x0F, 0xC1, 0xFC, 0x3E, 0x83, 0x80, 0x30, 0x03, 0x00, 0x38, 0x03, 0xE7, 0x1F, 0xFF,
    0xFE, 0xFF, 0x00, 0x00, 0x03, 0x80, 0x3F, 0x80, 0xFF, 0x83, 0xC7, 0x07, 0x06, 0x07, 0x9C, 0x07,
    0xF8, 0x07, 0xE0, 0x1F, 0xE1, 0xFF, 0xFB, 0xE3, 0xF8, 0x00, 0x00, 0x06, 0x00, 0x1E, 0x00, 0x18,
    0x00, 0x00, 0x00, 0x00, 0x01, 0xE0, 0x0F, 0xE0, 0x3F, 0xC0, 0x70, 0x00, 0xC0, 0x01, 0x80, 0x03,
    0x82, 0x07, 0xFE, 0x07, 0xFC, 0x07, 0xC0, 0x1E, 0x00, 0x78, 0x00, 0xE0, 0x03, 0x80, 0x07, 0x00,
    0x0E, 0x00, 0x1C, 0x00, 0x38, 0x00, 0x70, 0x00, 0x78, 0x00, 0xFF, 0xF8, 0xFF, 0xF8, 0x7F, 0xC0,
    0x03, 0x00, 0x07, 0x00, 0x0E, 0x00, 0x00, 0x00, 0x00, 0x00, 0x70, 0x07, 0xF0, 0x1F, 0xF0, 0x78,
    0xE0, 0xF0, 0xC0, 0xF3, 0x80, 0xFE, 0x00, 0xFC, 0x01, 0xFC, 0x07, 0xFF, 0x9E, 0x7F, 0x78, 0x01,
    0xE0, 0x03, 0x80, 0x07, 0x00, 0x0E, 0x00, 0x1C, 0x00, 0x3C, 0x02, 0x3F, 0xFE, 0x3F, 0xFC, 0x3F,
    0xE0, 0x03, 0x00, 0x70, 0x07, 0x00, 0x00, 0x00, 0x00, 0xFC, 0x1F, 0xC3, 0xE8, 0x38, 0x03, 0x00,
    0x30, 0x03, 0x80, 0x3E, 0x71, 0xFF, 0xFF, 0xEF, 0xF0, 0x00, 0x00, 0x03, 0x00, 0x0E, 0x00, 0x0C,
    0x00, 0x00, 0x00, 0x00, 0x00, 0x70, 0x07, 0xF0, 0x1F, 0xF0, 0x78, 0xE0, 0xE0, 0xC0, 0xF3, 0x80,
    0xFF, 0x00, 0xFC, 0x03, 0xFC, 0x3F, 0xFF, 0x7C, 0x7F, 0x00, 0x00, 0x00, 0x00, 0x30, 0x00, 0x00,
    0x78, 0x00, 0x00, 0x30, 0x00, 0x00, 0x00, 0x00, 0x00, 0x00, 0x00, 0x00, 0x38, 0x00, 0x00, 0x7C,
    0x00, 0x00, 0xFE, 0x00, 0x01, 0xCE, 0x60, 0x01, 0xC7, 0x70, 0x01, 0xC7, 0x60, 0x01, 0xC7, 0xE0,
    0x01, 0xFF, 0xE0, 0x00, 0xFF, 0xF0, 0x00, 0x07, 0x78, 0x00, 0x0E, 0x7F, 0xFF, 0xFE, 0x1F, 0xFF,
    0xFC, 0x07, 0xFF, 0xE0, 0x00, 0x00, 0x0C, 0x00, 0x00, 0x00, 0x70, 0x00, 0x00, 0x03, 0x80, 0x00,
    0x00, 0x00, 0x00, 0x00, 0x00, 0x00, 0x00, 0x00, 0x07, 0x00, 0x00, 0x00, 0xFC, 0x0C, 0x00, 0x07,
    0xF0, 0x70, 0x00, 0x73, 0xC3, 0x00, 0x03, 0x8E, 0x38, 0x00, 0x1C, 0x71, 0xC0, 0x00, 0xE3, 0x8F,
    0x00, 0x07, 0xB8, 0x3C, 0x00, 0x1F, 0xC1, 0xFF, 0xFF, 0xFF, 0xE3, 0xFF, 0xFF, 0xFF, 0x07, 0xFF,
    0x80, 0x00, 0x0E, 0x01, 0xC0, 0x38, 0x00, 0x00, 0x00, 0x1E, 0x07, 0xE1, 0xFE, 0x39, 0xC6, 0x39,
    0xC3, 0x1C, 0x63, 0xFC, 0x3F, 0x80, 0x70, 0x3C, 0xFF, 0x9F, 0xC0, 0x00, 0x00, 0x06, 0x00, 0x1C,
    0x00, 0x60, 0x00, 0x00, 0x00, 0x00, 0x1C, 0x01, 0xF8, 0x07, 0xF0, 0x39, 0xE0, 0xE3, 0x83, 0x0E,
    0x0E, 0x38, 0x3D, 0xC0, 0x7F, 0x0F, 0xFF, 0xFF, 0xFF, 0x00, 0x00, 0x00, 0x1B, 0x80, 0x07, 0xF0,
    0x00, 0x6E, 0x00, 0x00, 0x00, 0x00, 0x00, 0x00, 0x0E, 0x00, 0x07, 0xE0, 0x00, 0xFE, 0x00, 0x39,
    0xC0, 0x07, 0x19, 0xC0, 0xC3, 0xB8, 0x1C, 0x77, 0x03, 0xFF, 0xC0, 0x3F, 0xB8, 0x01, 0xF7, 0x00,
    0x0E, 0x70, 0x03, 0xCF, 0x00, 0xF0, 0xFF, 0xFC, 0x0F, 0xFF, 0x00, 0x7F, 0x80, 0x00, 0x1D, 0x80,
    0x00, 0x7F, 0x00, 0x01, 0xD8, 0x00, 0x00, 0x00, 0x00, 0x00, 0x00, 0x00, 0x18, 0x00, 0x00, 0xF8,
    0x00, 0x07, 0xF0, 0x00, 0x39, 0xC0, 0x00, 0xE7, 0x03, 0x03, 0x0E, 0x1C, 0x0E, 0x38, 0x70, 0x3F,
    0xFD, 0x80, 0x7F, 0xFE, 0x00, 0x3F, 0x38, 0x00, 0x70, 0x70, 0x03, 0xC1, 0xE0, 0x1E, 0x03, 0xFF,
    0xF0, 0x0F, 0xFF, 0x80, 0x0F, 0xF8, 0x00, 0x1B, 0x07, 0x70, 0x6E, 0x00, 0x00, 0x00, 0x1E, 0x07,
    0xE1, 0xFE, 0x39, 0xC6, 0x39, 0xC3, 0x1C, 0x63, 0xFC, 0x3F, 0x80, 0x70, 0x3C, 0xFF, 0x9F, 0xC0,
    0x00, 0x00, 0x1D, 0x80, 0x7E, 0x01, 0xD8, 0x00, 0x00, 0x00, 0x00, 0x1C, 0x01, 0xF8, 0x07, 0xF0,
    0x39, 0xE0, 0xE3, 0x83, 0x0E, 0x0E, 0x38, 0x3D, 0xC0, 0x7F, 0x0F, 0xFF, 0xFF, 0xFF, 0x00, 0x00,
    0x00, 0x00, 0x30, 0x00, 0x01, 0x80, 0x00, 0x0E, 0x00, 0x00, 0x70, 0x00, 0x83, 0x80, 0x1E, 0x1C,
    0x00, 0xE0, 0xE0, 0x0E, 0x07, 0x00, 0x38, 0x3B, 0x00, 0xC1, 0xDC, 0x0F, 0x0E, 0xC1, 0xF0, 0x7E,
    0x06, 0x03, 0xF0, 0x00, 0x1F, 0xC0, 0x00, 0xEF, 0x00, 0x1E, 0x7F, 0xFF, 0xF0, 0xFF, 0xFF, 0x01,
    0xFF, 0x80, 0x00, 0x00, 0x30, 0x00, 0x00, 0x18, 0x00, 0x00, 0x0E, 0x00, 0x00, 0x07, 0x00, 0x00,
    0x83, 0x80, 0x01, 0xE1, 0xC0, 0x00, 0xE0, 0xE0, 0x00, 0xE0, 0x70, 0x00, 0x38, 0x38, 0x30, 0x0C,
    0x1C, 0x1C, 0x0F, 0x0E, 0x0C, 0x1F, 0x07, 0x0E, 0x06, 0x03, 0x87, 0x00, 0x01, 0xC3, 0xC0, 0x00,
    0xE0, 0xF0, 0x01, 0xF8, 0x7F, 0xFF, 0xFF, 0x8F, 0xFF, 0xF7, 0xC1, 0xFF, 0xC0, 0x00, 0x00, 0x40,
    0x3C, 0x1F, 0x8F, 0xC7, 0xE0, 0xF0, 0x3C, 0x03, 0xC0, 0x3C, 0x03, 0xC0, 0x3C, 0x03, 0x80, 0x38,
    0x07, 0x00, 0xE0, 0x3C, 0xFF, 0x1F, 0xC3, 0x00, 0x00, 0x00, 0x40, 0x0F, 0x80, 0x7E, 0x07, 0xE0,
    0x7E, 0x01, 0xE0, 0x0E, 0x00, 0x1C, 0x00, 0x78, 0x00, 0x70, 0x00, 0xE0, 0x01, 0xC0, 0x03, 0x80,
    0x0E, 0x00, 0x3C, 0x01, 0xFC, 0xFF, 0xFF, 0xF9, 0xFC, 0x00, 0x00, 0x00, 0x07, 0x00, 0x07, 0x00,
    0x07, 0x00, 0x07, 0x00, 0x07, 0x00, 0x07, 0x00, 0x07, 0x00, 0x07, 0x00, 0x07, 0x00, 0x07, 0x00,
    0x07, 0x00, 0x07, 0x00, 0x07, 0x20, 0x07, 0x70, 0x07, 0x70, 0x07, 0x60, 0x07, 0xE0, 0x07, 0xE0,
    0x07, 0x70, 0x0E, 0x78, 0x1E, 0x7F, 0xFC, 0x3F, 0xF8, 0x0F, 0xF0, 0x00, 0x07, 0x00, 0x00, 0x70,
    0x00, 0x07, 0x00, 0x00, 0x70, 0x00, 0x07, 0x00, 0x00, 0x70, 0x00, 0x07, 0x00, 0x00, 0x70, 0x00,
    0x07, 0x00, 0x00, 0x70, 0x00, 0x07, 0x00, 0x00, 0x70, 0x00, 0x07, 0x02, 0x00, 0x70, 0x70, 0x07,
    0x07, 0x00, 0x78, 0x60, 0x07, 0xFE, 0x00, 0x7F, 0xE0, 0x07, 0x07, 0x00, 0xF0, 0x78, 0x1E, 0x03,
    0xFF, 0xC0, 0x1F, 0xF8, 0x00, 0xFE, 0x00, 0x38, 0xE3, 0x8E, 0x38, 0xE3, 0x8E, 0x38, 0xE3, 0x8E,
    0x18, 0x61, 0x8E, 0xFB, 0xC0, 0x00, 0x38, 0x1C, 0x0E, 0x07, 0x03, 0x81, 0xC0, 0xE0, 0x70, 0x38,
    0x1C, 0x0E, 0x07, 0x01, 0x80, 0xC0, 0x70, 0x7C, 0xFF, 0xFB, 0xC0, 0x00, 0x07, 0x81, 0xFC, 0x3F,
    0xE3, 0x8E, 0x30, 0x60, 0x06, 0x0F, 0xE3, 0xFE, 0x7F, 0xEF, 0x00, 0xE0, 0x0E, 0x00, 0xE0, 0x0E,
    0x00, 0xE0, 0x06, 0x00, 0x60, 0x07, 0x00, 0x70, 0x07, 0x00, 0x00, 0x00, 0x07, 0xC0, 0x0F, 0xE0,
    0x1F, 0xE0, 0x3C, 0x70, 0x78, 0x70, 0x7C, 0x30, 0xFE, 0x38, 0xEF, 0xFF, 0xE7, 0xFF, 0xE1, 0xC0,
    0xE0, 0x00, 0xE0, 0x00, 0xE0, 0x00, 0xE0, 0x00, 0x60, 0x00, 0x70, 0x00, 0x70, 0x00, 0x70, 0x00,
    0x70, 0x00, 0x07, 0xC0, 0xFE, 0x0F, 0xE1, 0xC7, 0x18, 0x73, 0x87, 0x7E, 0x7F, 0xFE, 0xE7, 0xE0,
    0x00, 0x00, 0x00, 0x07, 0xC0, 0x0F, 0xE0, 0x0E, 0xE0, 0x1C, 0x70, 0x38, 0x70, 0x3C, 0x38, 0x7E,
    0x3C, 0xFF, 0xFF, 0xE7, 0xFF, 0x01, 0xC0, 0x01, 0x80, 0x01, 0xC0, 0x01, 0xC0, 0x00, 0x00, 0x00,
    0x00, 0x00, 0x0E, 0x00, 0x0E, 0x00, 0x0E, 0x20, 0x07, 0x70, 0x07, 0x70, 0x07, 0x60, 0x07, 0xE0,
    0x07, 0xE0, 0x07, 0x70, 0x07, 0x78, 0x1E, 0x7F, 0xFC, 0x3F, 0xF8, 0x0F, 0xF0, 0x01, 0x80, 0x00,
    0x1C, 0x00, 0x01, 0xC0, 0x00, 0x00, 0x00, 0x00, 0x00, 0x00, 0x00, 0x00, 0x00, 0x0E, 0x00, 0x00,
    0x70, 0x20, 0x07, 0x07, 0x00, 0x70, 0x70, 0x07, 0x86, 0x00, 0x7F, 0xE0, 0x07, 0xFE, 0x00, 0x70,
    0x70, 0x07, 0x07, 0x00, 0xE0, 0x7F, 0xFE, 0x03, 0xFF, 0xC0, 0x0F, 0xF0, 0x00, 0x30, 0xE3, 0x00,
    0x00, 0x03, 0x8E, 0x38, 0x71, 0xC7, 0x1C, 0xFF, 0xBC, 0x00, 0x18, 0x0E, 0x01, 0x80, 0x00, 0x00,
    0x00, 0x01, 0xC0, 0x70, 0x1C, 0x07, 0x03, 0xE3, 0xFF, 0xF7, 0xC0, 0x00, 0x08, 0x07, 0x81, 0xE0,
    0xFC, 0x3B, 0x9C, 0x66, 0x1F, 0x87, 0xE1, 0xDC, 0xE7, 0xF8, 0xFC, 0x01, 0x80, 0x06, 0x00, 0xFC,
    0x07, 0xF0, 0x3F, 0xC1, 0xC7, 0x06, 0x1C, 0x38, 0x70, 0x7F, 0xC1, 0xFF, 0x03, 0xFE, 0x00, 0x3F,
    0x00, 0x7C, 0x00, 0x00, 0x08, 0x00, 0x38, 0x00, 0xF0, 0x07, 0xE0, 0x3F, 0xC0, 0xE7, 0x83, 0x1F,
    0x0C, 0x7E, 0x39, 0xF8, 0xFE, 0x71, 0xF1, 0xFF, 0xFE, 0xFF, 0xF8, 0x01, 0x80, 0x03, 0x80, 0x1F,
    0x00, 0xFC, 0x07, 0x38, 0x1C, 0xE0, 0xE3, 0x83, 0x8C, 0x0E, 0x70, 0x3F, 0xC3, 0xFF, 0xFF, 0xFF,
    0xCE, 0x1C, 0x38, 0x70, 0xF1, 0xC1, 0xFE, 0x03, 0xF8, 0x03, 0x80, 0x1C, 0x1F, 0x9F, 0xCE, 0x7E,
    0x3F, 0x1F, 0x8E, 0xFF, 0x7F, 0x87, 0xC1, 0xC3, 0xEF, 0xE7, 0xE3, 0x80, 0x1C, 0x01, 0xF8, 0x1F,
    0xC0, 0xE7, 0x0E, 0x38, 0x71, 0xC3, 0xCE, 0x0F, 0xFE, 0x7F, 0xF0, 0x3F, 0x01, 0xC0, 0x3E, 0x0F,
    0xE0, 0x7E, 0x03, 0x80, 0x00, 0x00, 0x03, 0xC0, 0x01, 0xFC, 0x00, 0x7F, 0x00, 0x1E, 0x00, 0x03,
    0x80, 0x00, 0xE0, 0x08, 0x1C, 0x03, 0x83, 0xE0, 0x70, 0x3F, 0x0C, 0x01, 0xFB, 0x80, 0x07, 0x70,
    0x00, 0xE7, 0x00, 0x3C, 0xF0, 0x0F, 0x1F, 0xFF, 0xC1, 0xFF, 0xF0, 0x0F, 0xF0, 0x00, 0x20, 0x00,
    0x07, 0x00, 0xC0, 0x70, 0x0F, 0x86, 0x00, 0xFF, 0xE0, 0x03, 0xFE, 0x00, 0x1C, 0x70, 0x01, 0xC7,
    0x80, 0x78, 0x3F, 0xFF, 0x81, 0xFF, 0xE0, 0x0F, 0xF8, 0x00, 0x00, 0x03, 0xC0, 0x01, 0xFC, 0x00,
    0x7F, 0x00, 0x1E, 0x00, 0x03, 0x80, 0x00, 0xE0, 0x08, 0x1C, 0x03, 0x83, 0xE0, 0x70, 0x3F, 0x0C,
    0x01, 0xFB, 0x80, 0x07, 0x70, 0x00, 0xE7, 0x00, 0x3C, 0xF0, 0x0F, 0x1F, 0xFF, 0xC1, 0xFF, 0xF0,
    0x0F, 0xF0, 0x00, 0x00, 0x00, 0x00, 0x00, 0x01, 0xB8, 0x00, 0x3F, 0x00, 0x06, 0xE0, 0x00, 0x20,
    0x00, 0x07, 0x00, 0xC0, 0x70, 0x0F, 0x86, 0x00, 0xFF, 0xE0, 0x03, 0xFE, 0x00, 0x1C, 0x70, 0x01,
    0xC7, 0x80, 0x78, 0x3F, 0xFF, 0x81, 0xFF, 0xE0, 0x0F, 0xF8, 0x00, 0x00, 0x00, 0x00, 0x00, 0x00,
    0x76, 0x00, 0x07, 0xF0, 0x00, 0x76, 0x00, 0x00, 0x18, 0x38, 0x70, 0xE0, 0xC1, 0x83, 0x0E, 0xFD,
    0xF0, 0x00, 0x0D, 0xDF, 0xB7, 0x00, 0x01, 0xC0, 0x30, 0x0E, 0x01, 0xC0, 0x7C, 0x3F, 0xFF, 0xBF,
    0x00, 0x00, 0x00, 0xD8, 0x3B, 0x83, 0x60, 0x78, 0x01, 0xFF, 0x3B, 0x3C, 0x70, 0x00, 0xE0, 0x81,
    0xC3, 0x83, 0x87, 0xC7, 0x07, 0xCE, 0x03, 0xDC, 0x03, 0xF8, 0x03, 0xE0, 0x01, 0xC0, 0x07, 0xC0,
    0x1F, 0xC0, 0x7B, 0x81, 0xE3, 0x07, 0x8E, 0x1F, 0xFC, 0x3F, 0xF0, 0x38, 0x00, 0x0F, 0xF3, 0x81,
    0x3E, 0x70, 0x00, 0x0E, 0x00, 0x01, 0xC0, 0x30, 0x38, 0x07, 0x07, 0x00, 0x70, 0xE0, 0x07, 0x1C,
    0x00, 0x73, 0x80, 0x07, 0x70, 0x00, 0x7E, 0x00, 0x0F, 0xC0, 0x00, 0xF8, 0x00, 0x0F, 0x00, 0x01,
    0xF0, 0x01, 0xFE, 0x03, 0xFD, 0xF8, 0x7F, 0x1F, 0x00, 0x00, 0x00, 0x38, 0x01, 0xE0, 0x06, 0x00,
    0x18, 0x00, 0x7C, 0x39, 0xF0, 0xE6, 0x03, 0x84, 0x0E, 0x38, 0x38, 0xF8, 0xE1, 0xF3, 0x81, 0xEE,
    0x03, 0xF8, 0x07, 0xC0, 0x07, 0x00, 0x3E, 0x01, 0xFC, 0x0F, 0x70, 0x78, 0xC3, 0xC7, 0x1F, 0xFC,
    0x7F, 0xE0, 0x30, 0x00, 0x78, 0x00, 0x30, 0x00, 0x18, 0x00, 0x07, 0x87, 0x07, 0xC3, 0x83, 0x01,
    0xC0, 0x00, 0xE0, 0x60, 0x70, 0x38, 0x38, 0x0E, 0x1C, 0x03, 0x8E, 0x00, 0xE7, 0x00, 0x3B, 0x80,
    0x0F, 0xC0, 0x07, 0xE0, 0x01, 0xF0, 0x00, 0x78, 0x00, 0x3E, 0x00, 0xFF, 0x07, 0xFB, 0xF3, 0xF8,
    0xF8, 0x00, 0x00, 0x00, 0xE0, 0x0E, 0x00, 0xE4, 0x0E, 0xE0, 0xEF, 0x8E, 0x7C, 0xE1, 0xEE, 0x0F,
    0xE0, 0x7C, 0x01, 0xC0, 0x3E, 0x07, 0xF0, 0xF7, 0x1E, 0x33, 0xC7, 0x7F, 0xF7, 0xFE, 0x00, 0x03,
    0x80, 0x78, 0x06, 0x00, 0x60, 0x07, 0xC0, 0x7C, 0x06, 0x00, 0x00, 0xE0, 0x00, 0xE0, 0x00, 0xE0,
    0x00, 0xE0, 0xC0, 0xE0, 0xE0, 0xE0, 0x70, 0xE0, 0x38, 0xE0, 0x1C, 0xE0, 0x0E, 0xE0, 0x07, 0xE0,
    0x07, 0xE0, 0x03, 0xE0, 0x01, 0xE0, 0x01, 0xF0, 0x0F, 0xF0, 0xFF, 0x7E, 0xFE, 0x3E, 0x00, 0x00,
    0x0C, 0x00, 0x1E, 0x00, 0x38, 0x00, 0x38, 0x00, 0x1F, 0x00, 0x3F, 0x00, 0x18, 0x00, 0x00, 0xE0,
    0x0E, 0x00, 0xE4, 0x0E, 0xE0, 0xEF, 0x8E, 0x7C, 0xE1, 0xEE, 0x0F, 0xE0, 0x7C, 0x01, 0xC0, 0x3E,
    0x07, 0xF0, 0xF7, 0x1E, 0x33, 0xC7, 0x7F, 0xF7, 0xFE, 0x00, 0xE0, 0x00, 0xE0, 0x00, 0xE0, 0x00,
    0xE0, 0xC0, 0xE0, 0xE0, 0xE0, 0x70, 0xE0, 0x38, 0xE0, 0x1C, 0xE0, 0x0E, 0xE0, 0x07, 0xE0, 0x07,
    0xE0, 0x03, 0xE0, 0x01, 0xE0, 0x01, 0xF0, 0x0F, 0xF0, 0xFF, 0x7E, 0xFE, 0x3E, 0x00, 0x00,
};

static const EpdGlyph ubuntu_12_regularGlyphs[] = {
    { 0, 0, 0, 0, 0, 0, 0 }, // U+0000
    { 0, 0, 104, 0, 0, 0, 0 }, // U+000D
    { 0, 0, 240, 0, 0, 0, 0 }, // U+0020
    { 5, 17, 240, 5, 17, 11, 0 }, // !
    { 7, 7, 240, 4, 18, 7, 11 }, // "
    { 15, 17, 240, 0, 17, 32, 18 }, // #
    { 13, 23, 240, 1, 20, 38, 50 }, // $
    { 15, 17, 267, 1, 17, 32, 88 }, // %
    { 15, 17, 240, 0, 17, 32, 120 }, // &
    { 3, 7, 240, 6, 18, 3, 152 }, // '
    { 8, 22, 240, 5, 19, 22, 155 }, // (
    { 8, 22, 240, 2, 19, 22, 177 }, // )
    { 13, 13, 240, 1, 14, 22, 199 }, // *
    { 13, 12, 240, 1, 14, 20, 221 }, // +
    { 5, 7, 240, 5, 4, 5, 241 }, // ,
    { 9, 2, 240, 3, 8, 3, 246 }, // -
    { 5, 3, 240, 5, 3, 2, 249 }, // .
    { 11, 22, 240, 2, 19, 31, 251 }, // /
    { 13, 17, 240, 1, 17, 28, 282 }, // 0
    { 13, 17, 240, 1, 17, 28, 310 }, // 1
    { 13, 17, 240, 1, 17, 28, 338 }, // 2
    { 12, 17, 240, 1, 17, 26, 366 }, // 3
    { 15, 17, 240, 0, 17, 32, 392 }, // 4
    { 13, 17, 240, 1, 17, 28, 424 }, // 5
    { 13, 17, 240, 1, 17, 28, 452 }, // 6
    { 13, 17, 240, 1, 17, 28, 480 }, // 7
    { 13, 17, 240, 1, 17, 28, 508 }, // 8
    { 13, 17, 240, 1, 17, 28, 536 }, // 9
    { 5, 13, 240, 5, 13, 9, 564 }, // :
    { 5, 16, 240, 5, 13, 10, 573 }, // ;
    { 11, 15, 240, 2, 15, 21, 583 }, // <
    { 13, 7, 240, 1, 11, 12, 604 }, // =
    { 11, 15, 240, 2, 15, 21, 616 }, // >
    { 12, 17, 240, 1, 17, 26, 637 }, // ?
    { 13, 20, 240, 1, 17, 33, 663 }, // @
    { 15, 17, 240, 0, 17, 32, 696 }, // A
    { 12, 17, 240, 2, 17, 26, 728 }, // B
    { 13, 17, 240, 1, 17, 28, 754 }, // C
    { 12, 17, 240, 2, 17, 26, 782 }, // D
    { 11, 17, 240, 2, 17, 24, 808 }, // E
    { 12, 17, 240, 2, 17, 26, 832 }, // F
    { 13, 17, 240, 1, 17, 28, 858 }, // G
    { 11, 17, 240, 2, 17, 24, 886 }, // H
    { 11, 17, 240, 2, 17, 24, 910 }, // I
    { 11, 17, 240, 1, 17, 24, 934 }, // J
    { 13, 17, 240, 2, 17, 28, 958 }, // K
    { 11, 17, 240, 3, 17, 24, 986 }, // L
    { 13, 17, 240, 1, 17, 28, 1010 }, // M
    { 11, 17, 240, 2, 17, 24, 1038 }, // N
    { 13, 17, 240, 1, 17, 28, 1062 }, // O
    { 12, 17, 240, 2, 17, 26, 1090 }, // P
    { 15, 18, 240, 1, 17, 34, 1116 }, // Q
    { 12, 17, 240, 2, 17, 26, 1150 }, // R
    { 13, 17, 240, 1, 17, 28, 1176 }, // S
    { 15, 17, 240, 0, 17, 32, 1204 }, // T
    { 11, 17, 240, 2, 17, 24, 1236 }, // U
    { 15, 17, 240, 0, 17, 32, 1260 }, // V
    { 15, 17, 240, 0, 17, 32, 1292 }, // W
    { 15, 17, 240, 0, 17, 32, 1324 }, // X
    { 15, 17, 240, 0, 17, 32, 1356 }, // Y
    { 13, 17, 240, 1, 17, 28, 1388 }, // Z
    { 8, 22, 240, 5, 19, 22, 1416 }, // [
    { 11, 22, 240, 2, 19, 31, 1438 }, // <backslash>
    { 8, 22, 240, 2, 19, 22, 1469 }, // ]
    { 13, 11, 240, 1, 17, 18, 1491 }, // ^
    { 13, 2, 240, 1, -2, 4, 1509 }, // _
    { 5, 6, 240, 4, 20, 4, 1513 }, // `
    { 13, 13, 240, 1, 13, 22, 1517 }, // a
    { 12, 18, 240, 2, 18, 27, 1539 }, // b
    { 11, 13, 240, 2, 13, 18, 1566 }, // c
    { 12, 18, 240, 1, 18, 27, 1584 }, // d
    { 13, 13, 240, 1, 13, 22, 1611 }, // e
    { 13, 18, 240, 1, 18, 30, 1633 }, // f
    { 12, 18, 240, 1, 13, 27, 1663 }, // g
    { 11, 18, 240, 2, 18, 25, 1690 }, // h
    { 12, 18, 240, 2, 18, 27, 1715 }, // i
    { 10, 23, 240, 2, 18, 29, 1742 }, // j
    { 13, 18, 240, 2, 18, 30, 1771 }, // k
    { 11, 18, 240, 2, 18, 25, 1801 }, // l
    { 13, 13, 240, 1, 13, 22, 1826 }, // m
    { 11, 13, 240, 2, 13, 18, 1848 }, // n
    { 13, 13, 240, 1, 13, 22, 1866 }, // o
    { 12, 18, 240, 2, 13, 27, 1888 }, // p
    { 12, 18, 240, 1, 13, 27, 1915 }, // q
    { 13, 13, 240, 1, 13, 22, 1942 }, // r
    { 13, 13, 240, 1, 13, 22, 1964 }, // s
    { 14, 17, 240, 0, 17, 30, 1986 }, // t
    { 11, 13, 240, 2, 13, 18, 2016 }, // u
    { 13, 13, 240, 1, 13, 22, 2034 }, // v
    { 15, 13, 240, 0, 13, 25, 2056 }, // w
    { 13, 13, 240, 1, 13, 22, 2081 }, // x
    { 13, 18, 240, 1, 13, 30, 2103 }, // y
    { 11, 13, 240, 2, 13, 18, 2133 }, // z
    { 11, 22, 240, 2, 19, 31, 2151 }, // {
    { 3, 22, 240, 6, 19, 9, 2182 }, // |
    { 11, 22, 240, 2, 19, 31, 2191 }, // }
    { 13, 4, 240, 1, 10, 7, 2222 }, // ~
    { 0, 0, 240, 0, 0, 0, 2229 }, // U+00A0
    { 5, 18, 240, 5, 13, 12, 2229 }, // U+00A1
    { 11, 19, 240, 2, 16, 27, 2241 }, // U+00A2
    { 13, 17, 240, 1, 17, 28, 2268 }, // U+00A3
    { 15, 17, 240, 0, 17, 32, 2296 }, // U+00A5
    { 3, 22, 240, 6, 19, 9, 2328 }, // U+00A6
    { 12, 21, 240, 2, 17, 32, 2337 }, // U+00A7
    { 9, 3, 240, 3, 18, 4, 2369 }, // U+00A8
    { 16, 17, 333, 2, 17, 34, 2373 }, // U+00A9
    { 9, 9, 240, 3, 18, 11, 2407 }, // U+00AA
    { 13, 12, 240, 1, 13, 20, 2418 }, // U+00AB
    { 13, 7, 240, 1, 9, 12, 2438 }, // U+00AC
    { 9, 2, 240, 3, 8, 3, 2450 }, // U+00AD
    { 11, 9, 240, 2, 18, 13, 2453 }, // U+00AE
    { 7, 2, 240, 4, 18, 2, 2466 }, // U+00AF
    { 9, 9, 240, 3, 18, 11, 2468 }, // U+00B0
    { 13, 15, 240, 1, 15, 25, 2479 }, // U+00B1
    { 7, 9, 240, 4, 17, 8, 2504 }, // U+00B2
    { 8, 9, 240, 3, 17, 9, 2512 }, // U+00B3
    { 5, 6, 240, 6, 20, 4, 2521 }, // U+00B4
    { 11, 18, 240, 2, 13, 25, 2525 }, // U+00B5
    { 12, 22, 240, 1, 17, 33, 2550 }, // U+00B6
    { 5, 3, 240, 5, 9, 2, 2583 }, // U+00B7
    { 6, 7, 240, 5, 1, 6, 2585 }, // U+00B8
    { 9, 9, 240, 3, 17, 11, 2591 }, // U+00B9
    { 9, 9, 240, 3, 18, 11, 2602 }, // U+00BA
    { 13, 12, 240, 1, 13, 20, 2613 }, // U+00BB
    { 15, 17, 240, 0, 17, 32, 2633 }, // U+00BC
    { 15, 17, 240, 0, 17, 32, 2665 }, // U+00BD
    { 15, 17, 240, 0, 17, 32, 2697 }, // U+00BE
    { 12, 18, 240, 2, 13, 27, 2729 }, // U+00BF
    { 15, 24, 240, 0, 24, 45, 2756 }, // U+00C0
    { 15, 24, 240, 0, 24, 45, 2801 }, // U+00C1
    { 15, 23, 240, 0, 23, 44, 2846 }, // U+00C2
    { 15, 22, 240, 0, 22, 42, 2890 }, // U+00C3
    { 15, 22, 240, 0, 22, 42, 2932 }, // U+00C4
    { 15, 24, 240, 0, 24, 45, 2974 }, // U+00C5
    { 15, 17, 240, 0, 17, 32, 3019 }, // U+00C6
    { 13, 22, 240, 1, 17, 36, 3051 }, // U+00C7
    { 11, 24, 240, 2, 24, 33, 3087 }, // U+00C8
    { 11, 24, 240, 2, 24, 33, 3120 }, // U+00C9
    { 11, 23, 240, 2, 23, 32, 3153 }, // U+00CA
    { 11, 22, 240, 2, 22, 31, 3185 }, // U+00CB
    { 11, 24, 240, 2, 24, 33, 3216 }, // U+00CC
    { 11, 24, 240, 2, 24, 33, 3249 }, // U+00CD
    { 11, 23, 240, 2, 23, 32, 3282 }, // U+00CE
    { 11, 22, 240, 2, 22, 31, 3314 }, // U+00CF
    { 14, 17, 240, 0, 17, 30, 3345 }, // U+00D0
    { 11, 22, 240, 2, 22, 31, 3375 }, // U+00D1
    { 13, 24, 240, 1, 24, 39, 3406 }, // U+00D2
    { 13, 24, 240, 1, 24, 39, 3445 }, // U+00D3
    { 13, 23, 240, 1, 23, 38, 3484 }, // U+00D4
    { 13, 22, 240, 1, 22, 36, 3522 }, // U+00D5
    { 13, 22, 240, 1, 22, 36, 3558 }, // U+00D6
    { 11, 11, 240, 2, 13, 16, 3594 }, // U+00D7
    { 13, 19, 240, 1, 18, 31, 3610 }, // U+00D8
    { 11, 24, 240, 2, 24, 33, 3641 }, // U+00D9
    { 11, 24, 240, 2, 24, 33, 3674 }, // U+00DA
    { 11, 23, 240, 2, 23, 32, 3707 }, // U+00DB
    { 11, 22, 240, 2, 22, 31, 3739 }, // U+00DC
    { 15, 24, 240, 0, 24, 45, 3770 }, // U+00DD
    { 12, 17, 240, 2, 17, 26, 3815 }, // U+00DE
    { 15, 18, 240, 0, 18, 34, 3841 }, // U+00DF
    { 13, 20, 240, 1, 20, 33, 3875 }, // U+00E0
    { 13, 20, 240, 1, 20, 33, 3908 }, // U+00E1
    { 13, 19, 240, 1, 19, 31, 3941 }, // U+00E2
    { 13, 18, 240, 1, 18, 30, 3972 }, // U+00E3
    { 13, 18, 240, 1, 18, 30, 4002 }, // U+00E4
    { 13, 20, 240, 1, 20, 33, 4032 }, // U+00E5
    { 15, 13, 240, 0, 13, 25, 4065 }, // U+00E6
    { 11, 18, 240, 2, 13, 25, 4090 }, // U+00E7
    { 13, 20, 240, 1, 20, 33, 4115 }, // U+00E8
    { 13, 20, 240, 1, 20, 33, 4148 }, // U+00E9
    { 13, 19, 240, 1, 19, 31, 4181 }, // U+00EA
    { 13, 18, 240, 1, 18, 30, 4212 }, // U+00EB
    { 12, 20, 240, 2, 20, 30, 4242 }, // U+00EC
    { 12, 20, 240, 2, 20, 30, 4272 }, // U+00ED
    { 12, 19, 240, 2, 19, 29, 4302 }, // U+00EE
    { 12, 18, 240, 2, 18, 27, 4331 }, // U+00EF
    { 13, 19, 240, 1, 19, 31, 4358 }, // U+00F0
    { 11, 18, 240, 2, 18, 25, 4389 }, // U+00F1
    { 13, 20, 240, 1, 20, 33, 4414 }, // U+00F2
    { 13, 20, 240, 1, 20, 33, 4447 }, // U+00F3
    { 13, 19, 240, 1, 19, 31, 4480 }, // U+00F4
    { 13, 18, 240, 1, 18, 30, 4511 }, // U+00F5
    { 13, 18, 240, 1, 18, 30, 4541 }, // U+00F6
    { 13, 12, 240, 1, 14, 20, 4571 }, // U+00F7
    { 13, 15, 240, 1, 14, 25, 4591 }, // U+00F8
    { 11, 20, 240, 2, 20, 28, 4616 }, // U+00F9
    { 11, 20, 240, 2, 20, 28, 4644 }, // U+00FA
    { 11, 19, 240, 2, 19, 27, 4672 }, // U+00FB
    { 11, 18, 240, 2, 18, 25, 4699 }, // U+00FC
    { 13, 25, 240, 1, 20, 41, 4724 }, // U+00FD
    { 12, 23, 240, 2, 18, 35, 4765 }, // U+00FE
    { 13, 23, 240, 1, 18, 38, 4800 }, // U+00FF
    { 15, 22, 240, 0, 22, 42, 4838 }, // U+0100
    { 13, 18, 240, 1, 18, 30, 4880 }, // U+0101
    { 15, 24, 240, 0, 24, 45, 4910 }, // U+0102
    { 13, 20, 240, 1, 20, 33, 4955 }, // U+0103
    { 15, 22, 240, 0, 17, 42, 4988 }, // U+0104
    { 14, 18, 240, 1, 13, 32, 5030 }, // U+0105
    { 13, 24, 240, 1, 24, 39, 5062 }, // U+0106
    { 11, 20, 240, 2, 20, 28, 5101 }, // U+0107
    { 13, 23, 240, 1, 23, 38, 5129 }, // U+0108
    { 11, 19, 240, 2, 19, 27, 5167 }, // U+0109
    { 13, 22, 240, 1, 22, 36, 5194 }, // U+010A
    { 11, 18, 240, 2, 18, 25, 5230 }, // U+010B
    { 13, 24, 240, 1, 24, 39, 5255 }, // U+010C
    { 11, 20, 240, 2, 20, 28, 5294 }, // U+010D
    { 12, 24, 240, 2, 24, 36, 5322 }, // U+010E
    { 16, 18, 240, 1, 18, 36, 5358 }, // U+010F
    { 14, 17, 240, 0, 17, 30, 5394 }, // U+0110
    { 14, 18, 240, 1, 18, 32, 5424 }, // U+0111
    { 11, 22, 240, 2, 22, 31, 5456 }, // U+0112
    { 13, 18, 240, 1, 18, 30, 5487 }, // U+0113
    { 11, 24, 240, 2, 24, 33, 5517 }, // U+0114
    { 13, 20, 240, 1, 20, 33, 5550 }, // U+0115
    { 11, 22, 240, 2, 22, 31, 5583 }, // U+0116
    { 13, 18, 240, 1, 18, 30, 5614 }, // U+0117
    { 12, 22, 240, 2, 17, 33, 5644 }, // U+0118
    { 13, 18, 240, 1, 13, 30, 5677 }, // U+0119
    { 11, 24, 240, 2, 24, 33, 5707 }, // U+011A
    { 13, 20, 240, 1, 20, 33, 5740 }, // U+011B
    { 13, 23, 240, 1, 23, 38, 5773 }, // U+011C
    { 12, 24, 240, 1, 19, 36, 5811 }, // U+011D
    { 13, 24, 240, 1, 24, 39, 5847 }, // U+011E
    { 12, 25, 240, 1, 20, 38, 5886 }, // U+011F
    { 13, 22, 240, 1, 22, 36, 5924 }, // U+0120
    { 12, 23, 240, 1, 18, 35, 5960 }, // U+0121
    { 13, 23, 240, 1, 17, 38, 5995 }, // U+0122
    { 12, 24, 240, 1, 19, 36, 6033 }, // U+0123
    { 11, 23, 240, 2, 23, 32, 6069 }, // U+0124
    { 14, 24, 240, -1, 24, 42, 6101 }, // U+0125
    { 15, 17, 240, 0, 17, 32, 6143 }, // U+0126
    { 13, 18, 240, 0, 18, 30, 6175 }, // U+0127
    { 11, 22, 240, 2, 22, 31, 6205 }, // U+0128
    { 12, 18, 240, 2, 18, 27, 6236 }, // U+0129
    { 11, 22, 240, 2, 22, 31, 6263 }, // U+012A
    { 12, 18, 240, 2, 18, 27, 6294 }, // U+012B
    { 11, 24, 240, 2, 24, 33, 6321 }, // U+012C
    { 12, 20, 240, 2, 20, 30, 6354 }, // U+012D
    { 12, 22, 240, 2, 17, 33, 6384 }, // U+012E
    { 13, 23, 240, 2, 18, 38, 6417 }, // U+012F
    { 11, 22, 240, 2, 22, 31, 6455 }, // U+0130
    { 12, 13, 240, 2, 13, 20, 6486 }, // U+0131
    { 11, 17, 240, 2, 17, 24, 6506 }, // U+0132
    { 11, 23, 240, 2, 18, 32, 6530 }, // U+0133
    { 11, 23, 240, 1, 23, 32, 6562 }, // U+0134
    { 12, 24, 240, 2, 19, 36, 6594 }, // U+0135
    { 13, 23, 240, 2, 17, 38, 6630 }, // U+0136
    { 13, 24, 240, 2, 18, 39, 6668 }, // U+0137
    { 13, 13, 240, 2, 13, 22, 6707 }, // U+0138
    { 12, 24, 240, 2, 24, 36, 6729 }, // U+0139
    { 11, 25, 240, 2, 25, 35, 6765 }, // U+013A
    { 11, 23, 240, 3, 17, 32, 6800 }, // U+013B
    { 11, 24, 240, 2, 18, 33, 6832 }, // U+013C
    { 11, 19, 240, 3, 19, 27, 6865 }, // U+013D
    { 12, 19, 240, 2, 19, 29, 6892 }, // U+013E
    { 11, 17, 240, 3, 17, 24, 6921 }, // U+013F
    { 13, 18, 240, 2, 18, 30, 6945 }, // U+0140
    { 13, 17, 240, 1, 17, 28, 6975 }, // U+0141
    { 11, 18, 240, 2, 18, 25, 7003 }, // U+0142
    { 11, 24, 240, 2, 24, 33, 7028 }, // U+0143
    { 11, 20, 240, 2, 20, 28, 7061 }, // U+0144
    { 11, 23, 240, 2, 17, 32, 7089 }, // U+0145
    { 11, 19, 240, 2, 13, 27, 7121 }, // U+0146
    { 11, 24, 240, 2, 24, 33, 7148 }, // U+0147
    { 11, 20, 240, 2, 20, 28, 7181 }, // U+0148
    { 13, 18, 240, 0, 18, 30, 7209 }, // U+0149
    { 11, 22, 240, 2, 17, 31, 7239 }, // U+014A
    { 11, 18, 240, 2, 13, 25, 7270 }, // U+014B
    { 13, 22, 240, 1, 22, 36, 7295 }, // U+014C
    { 13, 18, 240, 1, 18, 30, 7331 }, // U+014D
    { 13, 24, 240, 1, 24, 39, 7361 }, // U+014E
    { 13, 20, 240, 1, 20, 33, 7400 }, // U+014F
    { 13, 24, 240, 1, 24, 39, 7433 }, // U+0150
    { 13, 20, 240, 1, 20, 33, 7472 }, // U+0151
    { 14, 17, 240, 0, 17, 30, 7505 }, // U+0152
    { 15, 13, 240, 0, 13, 25, 7535 }, // U+0153
    { 12, 24, 240, 2, 24, 36, 7560 }, // U+0154
    { 13, 20, 240, 1, 20, 33, 7596 }, // U+0155
    { 12, 23, 240, 2, 17, 35, 7629 }, // U+0156
    { 13, 19, 240, 1, 13, 31, 7664 }, // U+0157
    { 12, 24, 240, 2, 24, 36, 7695 }, // U+0158
    { 13, 20, 240, 1, 20, 33, 7731 }, // U+0159
    { 13, 24, 240, 1, 24, 39, 7764 }, // U+015A
    { 13, 20, 240, 1, 20, 33, 7803 }, // U+015B
    { 13, 23, 240, 1, 23, 38, 7836 }, // U+015C
    { 13, 19, 240, 1, 19, 31, 7874 }, // U+015D
    { 13, 22, 240, 1, 17, 36, 7905 }, // U+015E
    { 13, 18, 240, 1, 13, 30, 7941 }, // U+015F
    { 13, 24, 240, 1, 24, 39, 7971 }, // U+0160
    { 13, 20, 240, 1, 20, 33, 8010 }, // U+0161
    { 15, 23, 240, 0, 17, 44, 8043 }, // U+0162
    { 14, 23, 240, 0, 17, 41, 8087 }, // U+0163
    { 15, 24, 240, 0, 24, 45, 8128 }, // U+0164
    { 14, 20, 240, 0, 20, 35, 8173 }, // U+0165
    { 15, 17, 240, 0, 17, 32, 8208 }, // U+0166
    { 14, 17, 240, 0, 17, 30, 8240 }, // U+0167
    { 11, 22, 240, 2, 22, 31, 8270 }, // U+0168
    { 11, 18, 240, 2, 18, 25, 8301 }, // U+0169
    { 11, 22, 240, 2, 22, 31, 8326 }, // U+016A
    { 11, 18, 240, 2, 18, 25, 8357 }, // U+016B
    { 11, 24, 240, 2, 24, 33, 8382 }, // U+016C
    { 11, 20, 240, 2, 20, 28, 8415 }, // U+016D
    { 11, 24, 240, 2, 24, 33, 8443 }, // U+016E
    { 11, 20, 240, 2, 20, 28, 8476 }, // U+016F
    { 11, 24, 240, 2, 24, 33, 8504 }, // U+0170
    { 11, 20, 240, 2, 20, 28, 8537 }, // U+0171
    { 11, 22, 240, 2, 17, 31, 8565 }, // U+0172
    { 12, 18, 240, 2, 13, 27, 8596 }, // U+0173
    { 15, 23, 240, 0, 23, 44, 8623 }, // U+0174
    { 15, 19, 240, 0, 19, 36, 8667 }, // U+0175
    { 15, 23, 240, 0, 23, 44, 8703 }, // U+0176
    { 13, 24, 240, 1, 19, 39, 8747 }, // U+0177
    { 15, 22, 240, 0, 22, 42, 8786 }, // U+0178
    { 13, 24, 240, 1, 24, 39, 8828 }, // U+0179
    { 11, 20, 240, 2, 20, 28, 8867 }, // U+017A
    { 13, 22, 240, 1, 22, 36, 8895 }, // U+017B
    { 11, 18, 240, 2, 18, 25, 8931 }, // U+017C
    { 13, 24, 240, 1, 24, 39, 8956 }, // U+017D
    { 11, 20, 240, 2, 20, 28, 8995 }, // U+017E
    { 13, 20, 240, 1, 20, 33, 9023 }, // U+01A0
    { 13, 16, 240, 1, 16, 26, 9056 }, // U+01A1
    { 13, 20, 240, 2, 20, 33, 9082 }, // U+01AF
    { 13, 16, 240, 2, 16, 26, 9115 }, // U+01B0
    { 15, 28, 240, 0, 28, 53, 9141 }, // U+01FA
    { 13, 24, 240, 1, 24, 39, 9194 }, // U+01FB
    { 15, 24, 240, 0, 24, 45, 9233 }, // U+01FC
    { 15, 20, 240, 0, 20, 38, 9278 }, // U+01FD
    { 13, 25, 240, 1, 24, 41, 9316 }, // U+01FE
    { 13, 21, 240, 1, 20, 35, 9357 }, // U+01FF
    { 13, 23, 240, 1, 17, 38, 9392 }, // U+0218
    { 13, 19, 240, 1, 13, 31, 9430 }, // U+0219
    { 15, 23, 240, 0, 17, 44, 9461 }, // U+021A
    { 14, 23, 240, 0, 17, 41, 9505 }, // U+021B
    { 5, 6, 0, -3, 20, 4, 9546 }, // U+0300
    { 5, 6, 0, -2, 20, 4, 9550 }, // U+0301
    { 10, 5, 0, -5, 19, 7, 9554 }, // U+0302
    { 10, 3, 0, -5, 18, 4, 9561 }, // U+0303
    { 8, 2, 0, -4, 18, 2, 9565 }, // U+0304
    { 10, 5, 0, -5, 20, 7, 9567 }, // U+0306
    { 4, 3, 0, -2, 18, 2, 9574 }, // U+0307
    { 8, 3, 0, -4, 18, 3, 9576 }, // U+0308
    { 6, 6, 0, -3, 19, 5, 9579 }, // U+0309
    { 6, 6, 0, -3, 20, 5, 9584 }, // U+030A
    { 9, 6, 0, -4, 20, 7, 9589 }, // U+030B
    { 10, 5, 0, -5, 20, 7, 9596 }, // U+030C
    { 4, 5, 0, -2, 19, 3, 9603 }, // U+0312
    { 3, 5, 0, 0, 19, 2, 9606 }, // U+0315
    { 4, 5, 0, -2, 16, 3, 9608 }, // U+031B
    { 4, 3, 0, -2, -2, 2, 9611 }, // U+0323
    { 4, 5, 0, -2, -1, 3, 9613 }, // U+0326
    { 7, 7, 0, -3, 1, 7, 9616 }, // U+0327
    { 6, 6, 0, -5, 1, 5, 9623 }, // U+0328
    { 0, 0, 0, 0, 0, 0, 9628 }, // U+034F
    { 11, 24, 240, 2, 24, 33, 9628 }, // U+0400
    { 11, 22, 240, 2, 22, 31, 9661 }, // U+0401
    { 14, 21, 240, 0, 17, 37, 9692 }, // U+0402
    { 11, 24, 240, 3, 24, 33, 9729 }, // U+0403
    { 13, 17, 240, 1, 17, 28, 9762 }, // U+0404
    { 13, 17, 240, 1, 17, 28, 9790 }, // U+0405
    { 11, 17, 240, 2, 17, 24, 9818 }, // U+0406
    { 11, 22, 240, 2, 22, 31, 9842 }, // U+0407
    { 11, 17, 240, 1, 17, 24, 9873 }, // U+0408
    { 15, 17, 240, 0, 17, 32, 9897 }, // U+0409
    { 15, 17, 240, 0, 17, 32, 9929 }, // U+040A
    { 14, 17, 240, 0, 17, 30, 9961 }, // U+040B
    { 12, 24, 240, 2, 24, 36, 9991 }, // U+040C
    { 11, 24, 240, 2, 24, 33, 10027 }, // U+040D
    { 14, 24, 240, 1, 24, 42, 10060 }, // U+040E
    { 11, 21, 240, 2, 17, 29, 10102 }, // U+040F
    { 15, 17, 240, 0, 17, 32, 10131 }, // U+0410
    { 12, 17, 240, 2, 17, 26, 10163 }, // U+0411
    { 12, 17, 240, 2, 17, 26, 10189 }, // U+0412
    { 11, 17, 240, 3, 17, 24, 10215 }, // U+0413
    { 15, 22, 240, 0, 17, 42, 10239 }, // U+0414
    { 11, 17, 240, 2, 17, 24, 10281 }, // U+0415
    { 15, 17, 240, 0, 17, 32, 10305 }, // U+0416
    { 13, 17, 240, 1, 17, 28, 10337 }, // U+0417
    { 11, 17, 240, 2, 17, 24, 10365 }, // U+0418
    { 11, 24, 240, 2, 24, 33, 10389 }, // U+0419
    { 12, 17, 240, 2, 17, 26, 10422 }, // U+041A
    { 14, 17, 240, 0, 17, 30, 10448 }, // U+041B
    { 13, 17, 240, 1, 17, 28, 10478 }, // U+041C
    { 11, 17, 240, 2, 17, 24, 10506 }, // U+041D
    { 13, 17, 240, 1, 17, 28, 10530 }, // U+041E
    { 11, 17, 240, 2, 17, 24, 10558 }, // U+041F
    { 12, 17, 240, 2, 17, 26, 10582 }, // U+0420
    { 13, 17, 240, 1, 17, 28, 10608 }, // U+0421
    { 15, 17, 240, 0, 17, 32, 10636 }, // U+0422
    { 14, 17, 240, 1, 17, 30, 10668 }, // U+0423
    { 15, 20, 240, 0, 19, 38, 10698 }, // U+0424
    { 15, 17, 240, 0, 17, 32, 10736 }, // U+0425
    { 13, 22, 240, 2, 17, 36, 10768 }, // U+0426
    { 12, 17, 240, 1, 17, 26, 10804 }, // U+0427
    { 13, 17, 240, 1, 17, 28, 10830 }, // U+0428
    { 15, 22, 240, 0, 17, 42, 10858 }, // U+0429
    { 15, 17, 240, 0, 17, 32, 10900 }, // U+042A
    { 13, 17, 240, 1, 17, 28, 10932 }, // U+042B
    { 12, 17, 240, 2, 17, 26, 10960 }, // U+042C
    { 13, 17, 240, 1, 17, 28, 10986 }, // U+042D
    { 13, 17, 240, 1, 17, 28, 11014 }, // U+042E
    { 13, 17, 240, 0, 17, 28, 11042 }, // U+042F
    { 13, 13, 240, 1, 13, 22, 11070 }, // U+0430
    { 13, 19, 240, 1, 19, 31, 11092 }, // U+0431
    { 12, 13, 240, 2, 13, 20, 11123 }, // U+0432
    { 10, 13, 240, 3, 13, 17, 11143 }, // U+0433
    { 15, 17, 240, 0, 13, 32, 11160 }, // U+0434
    { 13, 13, 240, 1, 13, 22, 11192 }, // U+0435
    { 15, 13, 240, 0, 13, 25, 11214 }, // U+0436
    { 12, 13, 240, 1, 13, 20, 11239 }, // U+0437
    { 11, 13, 240, 2, 13, 18, 11259 }, // U+0438
    { 11, 20, 240, 2, 20, 28, 11277 }, // U+0439
    { 12, 13, 240, 2, 13, 20, 11305 }, // U+043A
    { 13, 13, 240, 0, 13, 22, 11325 }, // U+043B
    { 13, 13, 240, 1, 13, 22, 11347 }, // U+043C
    { 11, 13, 240, 2, 13, 18, 11369 }, // U+043D
    { 13, 13, 240, 1, 13, 22, 11387 }, // U+043E
    { 11, 13, 240, 2, 13, 18, 11409 }, // U+043F
    { 12, 18, 240, 2, 13, 27, 11427 }, // U+0440
    { 11, 13, 240, 2, 13, 18, 11454 }, // U+0441
    { 13, 13, 240, 1, 13, 22, 11472 }, // U+0442
    { 13, 18, 240, 1, 13, 30, 11494 }, // U+0443
    { 13, 22, 240, 1, 17, 36, 11524 }, // U+0444
    { 13, 13, 240, 1, 13, 22, 11560 }, // U+0445
    { 13, 17, 240, 2, 13, 28, 11582 }, // U+0446
    { 11, 13, 240, 2, 13, 18, 11610 }, // U+0447
    { 13, 13, 240, 1, 13, 22, 11628 }, // U+0448
    { 15, 17, 240, 0, 13, 32, 11650 }, // U+0449
    { 14, 13, 240, 0, 13, 23, 11682 }, // U+044A
    { 13, 13, 240, 1, 13, 22, 11705 }, // U+044B
    { 12, 13, 240, 2, 13, 20, 11727 }, // U+044C
    { 11, 13, 240, 2, 13, 18, 11747 }, // U+044D
    { 13, 13, 240, 1, 13, 22, 11765 }, // U+044E
    { 12, 13, 240, 1, 13, 20, 11787 }, // U+044F
    { 13, 20, 240, 1, 20, 33, 11807 }, // U+0450
    { 13, 18, 240, 1, 18, 30, 11840 }, // U+0451
    { 13, 23, 240, 0, 18, 38, 11870 }, // U+0452
    { 10, 20, 240, 3, 20, 25, 11908 }, // U+0453
    { 11, 13, 240, 2, 13, 18, 11933 }, // U+0454
    { 13, 13, 240, 1, 13, 22, 11951 }, // U+0455
    { 12, 18, 240, 2, 18, 27, 11973 }, // U+0456
    { 12, 18, 240, 2, 18, 27, 12000 }, // U+0457
    { 10, 23, 240, 2, 18, 29, 12027 }, // U+0458
    { 15, 13, 240, 0, 13, 25, 12056 }, // U+0459
    { 15, 13, 240, 0, 13, 25, 12081 }, // U+045A
    { 13, 18, 240, 0, 18, 30, 12106 }, // U+045B
    { 12, 20, 240, 2, 20, 30, 12136 }, // U+045C
    { 11, 20, 240, 2, 20, 28, 12166 }, // U+045D
    { 13, 25, 240, 1, 20, 41, 12194 }, // U+045E
    { 11, 17, 240, 2, 13, 24, 12235 }, // U+045F
    { 13, 17, 240, 1, 17, 28, 12259 }, // U+0472
    { 13, 13, 240, 1, 13, 22, 12287 }, // U+0473
    { 11, 21, 240, 3, 21, 29, 12309 }, // U+0490
    { 10, 16, 240, 3, 16, 20, 12338 }, // U+0491
    { 13, 17, 240, 1, 17, 28, 12358 }, // U+0492
    { 13, 13, 240, 1, 13, 22, 12386 }, // U+0493
    { 12, 21, 240, 2, 17, 32, 12408 }, // U+0494
    { 11, 18, 240, 2, 13, 25, 12440 }, // U+0495
    { 17, 21, 240, -1, 17, 45, 12465 }, // U+0496
    { 15, 16, 240, 0, 13, 30, 12510 }, // U+0497
    { 13, 21, 240, 1, 17, 35, 12540 }, // U+0498
    { 12, 17, 240, 1, 13, 26, 12575 }, // U+0499
    { 13, 21, 240, 1, 17, 35, 12601 }, // U+049A
    { 12, 16, 240, 2, 13, 24, 12636 }, // U+049B
    { 14, 17, 240, 1, 17, 30, 12660 }, // U+049C
    { 12, 13, 240, 2, 13, 20, 12690 }, // U+049D
    { 15, 17, 240, 0, 17, 32, 12710 }, // U+04A0
    { 15, 13, 240, 0, 13, 25, 12742 }, // U+04A1
    { 13, 21, 240, 2, 17, 35, 12767 }, // U+04A2
    { 13, 17, 240, 2, 13, 28, 12802 }, // U+04A3
    { 15, 17, 240, 0, 17, 32, 12830 }, // U+04A4
    { 14, 13, 240, 1, 13, 23, 12862 }, // U+04A5
    { 13, 21, 240, 1, 17, 35, 12885 }, // U+04AA
    { 11, 17, 240, 2, 13, 24, 12920 }, // U+04AB
    { 15, 17, 240, 0, 17, 32, 12944 }, // U+04AE
    { 13, 18, 240, 1, 13, 30, 12976 }, // U+04AF
    { 15, 17, 240, 0, 17, 32, 13006 }, // U+04B0
    { 13, 18, 240, 1, 13, 30, 13038 }, // U+04B1
    { 16, 21, 240, 0, 17, 42, 13068 }, // U+04B2
    { 14, 17, 240, 1, 13, 30, 13110 }, // U+04B3
    { 14, 21, 240, 1, 17, 37, 13140 }, // U+04B6
    { 14, 17, 240, 1, 13, 30, 13177 }, // U+04B7
    { 12, 17, 240, 1, 17, 26, 13207 }, // U+04B8
    { 11, 13, 240, 2, 13, 18, 13233 }, // U+04B9
    { 12, 17, 240, 2, 17, 26, 13251 }, // U+04BA
    { 11, 18, 240, 2, 18, 25, 13277 }, // U+04BB
    { 11, 17, 240, 2, 17, 24, 13302 }, // U+04C0
    { 15, 24, 240, 0, 24, 45, 13326 }, // U+04C1
    { 15, 20, 240, 0, 20, 38, 13371 }, // U+04C2
    { 11, 18, 240, 2, 18, 25, 13409 }, // U+04CF
    { 15, 24, 240, 0, 24, 45, 13434 }, // U+04D0
    { 13, 20, 240, 1, 20, 33, 13479 }, // U+04D1
    { 15, 22, 240, 0, 22, 42, 13512 }, // U+04D2
    { 13, 18, 240, 1, 18, 30, 13554 }, // U+04D3
    { 15, 17, 240, 0, 17, 32, 13584 }, // U+04D4
    { 15, 13, 240, 0, 13, 25, 13616 }, // U+04D5
    { 11, 24, 240, 2, 24, 33, 13641 }, // U+04D6
    { 13, 20, 240, 1, 20, 33, 13674 }, // U+04D7
    { 13, 17, 240, 1, 17, 28, 13707 }, // U+04D8
    { 13, 13, 240, 1, 13, 22, 13735 }, // U+04D9
    { 15, 22, 240, 0, 22, 42, 13757 }, // U+04DC
    { 15, 18, 240, 0, 18, 34, 13799 }, // U+04DD
    { 13, 22, 240, 1, 22, 36, 13833 }, // U+04DE
    { 12, 18, 240, 1, 18, 27, 13869 }, // U+04DF
    { 11, 22, 240, 2, 22, 31, 13896 }, // U+04E2
    { 11, 18, 240, 2, 18, 25, 13927 }, // U+04E3
    { 11, 22, 240, 2, 22, 31, 13952 }, // U+04E4
    { 11, 18, 240, 2, 18, 25, 13983 }, // U+04E5
    { 13, 22, 240, 1, 22, 36, 14008 }, // U+04E6
    { 13, 18, 240, 1, 18, 30, 14044 }, // U+04E7
    { 13, 17, 240, 1, 17, 28, 14074 }, // U+04E8
    { 13, 13, 240, 1, 13, 22, 14102 }, // U+04E9
    { 14, 22, 240, 1, 22, 39, 14124 }, // U+04EE
    { 13, 23, 240, 1, 18, 38, 14163 }, // U+04EF
    { 14, 22, 240, 1, 22, 39, 14201 }, // U+04F0
    { 13, 23, 240, 1, 18, 38, 14240 }, // U+04F1
    { 14, 24, 240, 1, 24, 42, 14278 }, // U+04F2
    { 13, 25, 240, 1, 20, 41, 14320 }, // U+04F3
    { 12, 22, 240, 1, 22, 33, 14361 }, // U+04F4
    { 11, 18, 240, 2, 18, 25, 14394 }, // U+04F5
    { 13, 22, 240, 1, 22, 36, 14419 }, // U+04F8
    { 13, 18, 240, 1, 18, 30, 14455 }, // U+04F9
    { 15, 15, 253, 0, 15, 29, 14485 }, // U+05D0
    { 13, 15, 229, 1, 15, 25, 14514 }, // U+05D1
    { 9, 16, 150, 0, 15, 18, 14539 }, // U+05D2
    { 13, 15, 217, 0, 15, 25, 14557 }, // U+05D3
    { 13, 15, 251, 1, 15, 25, 14582 }, // U+05D4
    { 6, 15, 120, 0, 15, 12, 14607 }, // U+05D5
    { 7, 15, 132, 1, 15, 14, 14619 }, // U+05D6
    { 14, 15, 265, 1, 15, 27, 14633 }, // U+05D7
    { 14, 15, 254, 1, 15, 27, 14660 }, // U+05D8
    { 6, 9, 118, 0, 15, 7, 14687 }, // U+05D9
    { 11, 20, 218, 1, 15, 28, 14694 }, // U+05DA
    { 11, 15, 206, 1, 15, 21, 14722 }, // U+05DB
    { 13, 20, 209, 0, 20, 33, 14743 }, // U+05DC
    { 15, 15, 274, 1, 15, 29, 14776 }, // U+05DD
    { 15, 15, 264, 1, 15, 29, 14805 }, // U+05DE
    { 5, 20, 132, 1, 15, 13, 14834 }, // U+05DF
    { 7, 15, 152, 1, 15, 14, 14847 }, // U+05E0
    { 14, 15, 257, 1, 15, 27, 14861 }, // U+05E1
    { 14, 17, 237, 0, 16, 30, 14888 }, // U+05E2
    { 13, 20, 248, 1, 15, 33, 14918 }, // U+05E3
    { 13, 15, 240, 1, 15, 25, 14951 }, // U+05E4
    { 13, 20, 212, 0, 15, 33, 14976 }, // U+05E5
    { 12, 15, 222, 1, 15, 23, 15009 }, // U+05E6
    { 14, 20, 251, 1, 15, 35, 15032 }, // U+05E7
    { 11, 15, 209, 1, 15, 21, 15067 }, // U+05E8
    { 16, 15, 292, 1, 15, 30, 15088 }, // U+05E9
    { 16, 15, 274, 0, 15, 30, 15118 }, // U+05EA
    { 4, 7, 131, 2, 6, 4, 15148 }, // U+060C
    { 5, 14, 138, 1, 13, 9, 15152 }, // U+061B
    { 11, 20, 174, 0, 19, 28, 15161 }, // U+061F
    { 10, 11, 164, 0, 9, 14, 15189 }, // U+0621
    { 8, 3, 108, 0, 2, 3, 15203 }, // U+0640
    { 6, 7, 0, 0, 21, 6, 15206 }, // U+0654
    { 5, 5, 229, 5, 10, 4, 15212 }, // U+0660
    { 5, 19, 229, 5, 18, 12, 15216 }, // U+0661
    { 11, 19, 229, 2, 18, 27, 15228 }, // U+0662
    { 14, 19, 229, 0, 18, 34, 15255 }, // U+0663
    { 11, 19, 229, 2, 18, 27, 15289 }, // U+0664
    { 11, 14, 229, 2, 13, 20, 15316 }, // U+0665
    { 12, 19, 229, 1, 18, 29, 15336 }, // U+0666
    { 14, 19, 229, 0, 18, 34, 15365 }, // U+0667
    { 14, 19, 229, 0, 18, 34, 15399 }, // U+0668
    { 11, 18, 229, 2, 17, 25, 15433 }, // U+0669
    { 16, 14, 274, 0, 8, 28, 15458 }, // U+06BA
    { 6, 2, 120, 1, 2, 2, 15486 }, // U+06D4
    { 10, 12, 162, 0, 12, 15, 15488 }, // U+06D5
    { 5, 5, 229, 5, 10, 4, 15503 }, // U+06F0
    { 5, 19, 229, 5, 18, 12, 15507 }, // U+06F1
    { 11, 19, 229, 2, 18, 27, 15519 }, // U+06F2
    { 14, 19, 229, 0, 18, 34, 15546 }, // U+06F3
    { 11, 17, 229, 2, 17, 24, 15580 }, // U+06F4
    { 12, 17, 229, 1, 17, 26, 15604 }, // U+06F5
    { 10, 18, 229, 2, 17, 23, 15630 }, // U+06F6
    { 14, 19, 229, 0, 18, 34, 15653 }, // U+06F7
    { 14, 19, 229, 0, 18, 34, 15687 }, // U+06F8
    { 11, 18, 229, 2, 17, 25, 15721 }, // U+06F9
    { 15, 22, 240, 0, 17, 42, 15746 }, // U+1EA0
    { 13, 18, 240, 1, 13, 30, 15788 }, // U+1EA1
    { 15, 24, 240, 0, 24, 45, 15818 }, // U+1EA2
    { 13, 19, 240, 1, 19, 31, 15863 }, // U+1EA3
    { 15, 27, 240, 0, 27, 51, 15894 }, // U+1EA4
    { 13, 23, 240, 1, 23, 38, 15945 }, // U+1EA5
    { 15, 27, 240, 0, 27, 51, 15983 }, // U+1EA6
    { 14, 23, 240, 0, 23, 41, 16034 }, // U+1EA7
    { 15, 27, 240, 0, 27, 51, 16075 }, // U+1EA8
    { 13, 23, 240, 1, 23, 38, 16126 }, // U+1EA9
    { 15, 26, 240, 0, 26, 49, 16164 }, // U+1EAA
    { 13, 22, 240, 1, 22, 36, 16213 }, // U+1EAB
    { 15, 28, 240, 0, 23, 53, 16249 }, // U+1EAC
    { 13, 24, 240, 1, 19, 39, 16302 }, // U+1EAD
    { 15, 27, 240, 0, 27, 51, 16341 }, // U+1EAE
    { 13, 22, 240, 1, 22, 36, 16392 }, // U+1EAF
    { 15, 27, 240, 0, 27, 51, 16428 }, // U+1EB0
    { 13, 22, 240, 1, 22, 36, 16479 }, // U+1EB1
    { 15, 27, 240, 0, 27, 51, 16515 }, // U+1EB2
    { 13, 22, 240, 1, 22, 36, 16566 }, // U+1EB3
    { 15, 27, 240, 0, 27, 51, 16602 }, // U+1EB4
    { 13, 22, 240, 1, 22, 36, 16653 }, // U+1EB5
    { 15, 29, 240, 0, 24, 55, 16689 }, // U+1EB6
    { 13, 25, 240, 1, 20, 41, 16744 }, // U+1EB7
    { 11, 22, 240, 2, 17, 31, 16785 }, // U+1EB8
    { 13, 18, 240, 1, 13, 30, 16816 }, // U+1EB9
    { 11, 24, 240, 2, 24, 33, 16846 }, // U+1EBA
    { 13, 19, 240, 1, 19, 31, 16879 }, // U+1EBB
    { 11, 22, 240, 2, 22, 31, 16910 }, // U+1EBC
    { 13, 18, 240, 1, 18, 30, 16941 }, // U+1EBD
    { 13, 27, 240, 2, 27, 44, 16971 }, // U+1EBE
    { 14, 23, 240, 1, 23, 41, 17015 }, // U+1EBF
    { 12, 27, 240, 1, 27, 41, 17056 }, // U+1EC0
    { 13, 23, 240, 1, 23, 38, 17097 }, // U+1EC1
    { 12, 27, 240, 2, 27, 41, 17135 }, // U+1EC2
    { 13, 23, 240, 1, 23, 38, 17176 }, // U+1EC3
    { 11, 26, 240, 2, 26, 36, 17214 }, // U+1EC4
    { 13, 22, 240, 1, 22, 36, 17250 }, // U+1EC5
    { 11, 28, 240, 2, 23, 39, 17286 }, // U+1EC6
    { 13, 24, 240, 1, 19, 39, 17325 }, // U+1EC7
    { 11, 24, 240, 2, 24, 33, 17364 }, // U+1EC8
    { 12, 19, 240, 2, 19, 29, 17397 }, // U+1EC9
    { 11, 22, 240, 2, 17, 31, 17426 }, // U+1ECA
    { 12, 23, 240, 2, 18, 35, 17457 }, // U+1ECB
    { 13, 22, 240, 1, 17, 36, 17492 }, // U+1ECC
    { 13, 18, 240, 1, 13, 30, 17528 }, // U+1ECD
    { 13, 24, 240, 1, 24, 39, 17558 }, // U+1ECE
    { 13, 19, 240, 1, 19, 31, 17597 }, // U+1ECF
    { 13, 27, 240, 1, 27, 44, 17628 }, // U+1ED0
    { 13, 23, 240, 1, 23, 38, 17672 }, // U+1ED1
    { 13, 27, 240, 1, 27, 44, 17710 }, // U+1ED2
    { 13, 23, 240, 1, 23, 38, 17754 }, // U+1ED3
    { 13, 27, 240, 1, 27, 44, 17792 }, // U+1ED4
    { 13, 23, 240, 1, 23, 38, 17836 }, // U+1ED5
    { 13, 26, 240, 1, 26, 43, 17874 }, // U+1ED6
    { 13, 22, 240, 1, 22, 36, 17917 }, // U+1ED7
    { 13, 28, 240, 1, 23, 46, 17953 }, // U+1ED8
    { 13, 24, 240, 1, 19, 39, 17999 }, // U+1ED9
    { 13, 24, 240, 1, 24, 39, 18038 }, // U+1EDA
    { 13, 20, 240, 1, 20, 33, 18077 }, // U+1EDB
    { 13, 24, 240, 1, 24, 39, 18110 }, // U+1EDC
    { 13, 20, 240, 1, 20, 33, 18149 }, // U+1EDD
    { 13, 24, 240, 1, 24, 39, 18182 }, // U+1EDE
    { 13, 19, 240, 1, 19, 31, 18221 }, // U+1EDF
    { 13, 22, 240, 1, 22, 36, 18252 }, // U+1EE0
    { 13, 17, 240, 1, 17, 28, 18288 }, // U+1EE1
    { 13, 25, 240, 1, 20, 41, 18316 }, // U+1EE2
    { 13, 21, 240, 1, 16, 35, 18357 }, // U+1EE3
    { 11, 22, 240, 2, 17, 31, 18392 }, // U+1EE4
    { 11, 18, 240, 2, 13, 25, 18423 }, // U+1EE5
    { 11, 24, 240, 2, 24, 33, 18448 }, // U+1EE6
    { 11, 19, 240, 2, 19, 27, 18481 }, // U+1EE7
    { 13, 24, 240, 2, 24, 39, 18508 }, // U+1EE8
    { 13, 20, 240, 2, 20, 33, 18547 }, // U+1EE9
    { 13, 24, 240, 2, 24, 39, 18580 }, // U+1EEA
    { 13, 20, 240, 2, 20, 33, 18619 }, // U+1EEB
    { 13, 24, 240, 2, 24, 39, 18652 }, // U+1EEC
    { 13, 19, 240, 2, 19, 31, 18691 }, // U+1EED
    { 13, 22, 240, 2, 22, 36, 18722 }, // U+1EEE
    { 13, 17, 240, 2, 17, 28, 18758 }, // U+1EEF
    { 13, 25, 240, 2, 20, 41, 18786 }, // U+1EF0
    { 13, 21, 240, 2, 16, 35, 18827 }, // U+1EF1
    { 15, 24, 240, 0, 24, 45, 18862 }, // U+1EF2
    { 13, 25, 240, 1, 20, 41, 18907 }, // U+1EF3
    { 15, 22, 240, 0, 17, 42, 18948 }, // U+1EF4
    { 13, 18, 240, 1, 13, 30, 18990 }, // U+1EF5
    { 15, 24, 240, 0, 24, 45, 19020 }, // U+1EF6
    { 13, 24, 240, 1, 19, 39, 19065 }, // U+1EF7
    { 15, 22, 240, 0, 22, 42, 19104 }, // U+1EF8
    { 13, 23, 240, 1, 18, 38, 19146 }, // U+1EF9
    { 0, 0, 52, 0, 0, 0, 19184 }, // U+2009
    { 0, 0, 0, 0, 0, 0, 19184 }, // U+200B
    { 2, 19, 0, -1, 18, 5, 19184 }, // U+200C
    { 6, 19, 0, -3, 18, 15, 19189 }, // U+200D
    { 7, 20, 0, -1, 18, 18, 19204 }, // U+200E
    { 7, 20, 0, -6, 18, 18, 19222 }, // U+200F
    { 8, 2, 128, 0, 8, 2, 19240 }, // U+2010
    { 7, 3, 129, 1, 8, 3, 19242 }, // U+2011
    { 13, 2, 240, 1, 9, 4, 19245 }, // U+2013
    { 15, 2, 240, 0, 9, 4, 19249 }, // U+2014
    { 6, 7, 240, 4, 18, 6, 19253 }, // U+2018
    { 6, 7, 240, 5, 18, 6, 19259 }, // U+2019
    { 5, 7, 240, 5, 4, 5, 19265 }, // U+201A
    { 11, 7, 240, 2, 18, 10, 19270 }, // U+201C
    { 12, 7, 240, 2, 18, 11, 19280 }, // U+201D
    { 12, 7, 240, 2, 4, 11, 19291 }, // U+201E
    { 13, 23, 240, 1, 18, 38, 19302 }, // U+2020
    { 13, 23, 240, 1, 18, 38, 19340 }, // U+2021
    { 5, 5, 240, 5, 10, 4, 19378 }, // U+2022
    { 13, 3, 240, 1, 3, 5, 19382 }, // U+2026
    { 0, 0, 52, 0, 0, 0, 19387 }, // U+202F
    { 16, 17, 278, 1, 17, 34, 19387 }, // U+2030
    { 7, 12, 240, 4, 13, 11, 19421 }, // U+2039
    { 7, 12, 240, 4, 13, 11, 19432 }, // U+203A
    { 15, 17, 240, 0, 17, 32, 19443 }, // U+2044
    { 5, 14, 138, 1, 13, 9, 19475 }, // U+204F
    { 9, 9, 240, 3, 17, 11, 19484 }, // U+2070
    { 9, 9, 240, 3, 17, 11, 19495 }, // U+2074
    { 7, 9, 240, 4, 17, 8, 19506 }, // U+2075
    { 8, 9, 240, 4, 17, 9, 19514 }, // U+2076
    { 7, 9, 240, 4, 17, 8, 19523 }, // U+2077
    { 9, 9, 240, 3, 17, 11, 19531 }, // U+2078
    { 8, 9, 240, 3, 17, 9, 19542 }, // U+2079
    { 9, 9, 240, 3, 9, 11, 19551 }, // U+2080
    { 9, 9, 240, 3, 9, 11, 19562 }, // U+2081
    { 7, 9, 240, 4, 9, 8, 19573 }, // U+2082
    { 8, 9, 240, 3, 9, 9, 19581 }, // U+2083
    { 9, 9, 240, 3, 9, 11, 19590 }, // U+2084
    { 7, 9, 240, 4, 9, 8, 19601 }, // U+2085
    { 8, 9, 240, 4, 9, 9, 19609 }, // U+2086
    { 7, 9, 240, 4, 9, 8, 19618 }, // U+2087
    { 9, 9, 240, 3, 9, 11, 19626 }, // U+2088
    { 8, 9, 240, 3, 9, 9, 19637 }, // U+2089
    { 13, 24, 240, 1, 20, 39, 19646 }, // U+20A1
    { 13, 17, 240, 1, 17, 28, 19685 }, // U+20A4
    { 15, 17, 240, 0, 17, 32, 19713 }, // U+20A6
    { 14, 17, 240, 1, 17, 30, 19745 }, // U+20A8
    { 15, 17, 240, 0, 17, 32, 19775 }, // U+20A9
    { 13, 17, 240, 1, 17, 28, 19807 }, // U+20AA
    { 12, 18, 240, 2, 18, 27, 19835 }, // U+20AB
    { 13, 17, 240, 1, 17, 28, 19862 }, // U+20AC
    { 15, 17, 240, 0, 17, 32, 19890 }, // U+20AD
    { 15, 17, 240, 0, 17, 32, 19922 }, // U+20AE
    { 15, 17, 240, 0, 17, 32, 19954 }, // U+20B1
    { 13, 24, 240, 1, 21, 39, 19986 }, // U+20B2
    { 15, 17, 240, 0, 17, 32, 20025 }, // U+20B4
    { 13, 24, 240, 1, 21, 39, 20057 }, // U+20B5
    { 13, 17, 240, 1, 17, 28, 20096 }, // U+20B8
    { 13, 18, 240, 1, 17, 30, 20124 }, // U+20B9
    { 13, 17, 240, 1, 17, 28, 20154 }, // U+20BA
    { 13, 17, 240, 1, 17, 28, 20182 }, // U+20BD
    { 12, 23, 240, 2, 20, 35, 20210 }, // U+20BF
    { 15, 12, 240, 0, 15, 23, 20245 }, // U+2190
    { 11, 18, 240, 2, 18, 25, 20268 }, // U+2191
    { 15, 12, 240, 0, 15, 23, 20293 }, // U+2192
    { 11, 18, 240, 2, 17, 25, 20316 }, // U+2193
    { 15, 12, 240, 0, 15, 23, 20341 }, // U+2194
    { 11, 19, 240, 2, 18, 27, 20364 }, // U+2195
    { 14, 13, 240, 1, 16, 23, 20391 }, // U+2196
    { 14, 13, 240, 0, 16, 23, 20414 }, // U+2197
    { 14, 13, 240, 0, 16, 23, 20437 }, // U+2198
    { 14, 13, 240, 1, 16, 23, 20460 }, // U+2199
    { 15, 14, 240, 0, 15, 27, 20483 }, // U+21A9
    { 15, 14, 240, 0, 15, 27, 20510 }, // U+21AA
    { 12, 19, 240, 1, 19, 29, 20537 }, // U+21B0
    { 12, 19, 240, 2, 19, 29, 20566 }, // U+21B1
    { 12, 18, 240, 1, 17, 27, 20595 }, // U+21B2
    { 12, 18, 240, 2, 17, 27, 20622 }, // U+21B3
    { 15, 16, 240, 0, 17, 30, 20649 }, // U+21B6
    { 15, 16, 240, 0, 17, 30, 20679 }, // U+21B7
    { 15, 18, 240, 0, 18, 34, 20709 }, // U+21BA
    { 15, 18, 240, 0, 18, 34, 20743 }, // U+21BB
    { 15, 20, 240, 0, 19, 38, 20777 }, // U+21C4
    { 15, 20, 240, 0, 19, 38, 20815 }, // U+21C6
    { 13, 19, 240, 1, 18, 31, 20853 }, // U+2202
    { 13, 17, 240, 1, 17, 28, 20884 }, // U+2206
    { 13, 18, 240, 1, 18, 30, 20912 }, // U+220F
    { 13, 23, 240, 1, 18, 38, 20942 }, // U+2211
    { 13, 2, 240, 1, 9, 4, 20980 }, // U+2212
    { 15, 18, 240, 0, 17, 34, 20984 }, // U+221A
    { 15, 9, 240, 0, 12, 17, 21018 }, // U+221E
    { 14, 24, 240, 0, 19, 42, 21035 }, // U+222B
    { 13, 9, 240, 1, 13, 15, 21077 }, // U+2248
    { 13, 12, 240, 1, 13, 20, 21092 }, // U+2260
    { 11, 15, 240, 2, 15, 21, 21112 }, // U+2264
    { 11, 15, 240, 2, 15, 21, 21133 }, // U+2265
    { 14, 18, 240, 0, 18, 32, 21154 }, // U+FB01
    { 13, 18, 240, 0, 18, 30, 21186 }, // U+FB02
    { 24, 20, 397, 0, 11, 60, 21216 }, // U+FB56
    { 29, 18, 437, 0, 9, 66, 21276 }, // U+FB57
    { 7, 19, 120, -1, 11, 17, 21342 }, // U+FB58
    { 11, 16, 149, 0, 8, 22, 21359 }, // U+FB59
    { 24, 19, 397, 0, 18, 57, 21381 }, // U+FB66
    { 29, 19, 437, 0, 18, 69, 21438 }, // U+FB67
    { 7, 21, 108, 0, 20, 19, 21507 }, // U+FB68
    { 11, 18, 149, 0, 17, 25, 21526 }, // U+FB69
    { 16, 21, 264, 0, 11, 42, 21551 }, // U+FB7A
    { 20, 21, 288, 0, 11, 53, 21593 }, // U+FB7B
    { 14, 17, 236, 0, 9, 30, 21646 }, // U+FB7C
    { 18, 17, 255, 0, 9, 39, 21676 }, // U+FB7D
    { 11, 23, 191, 0, 22, 32, 21715 }, // U+FB88
    { 15, 23, 213, 0, 22, 44, 21747 }, // U+FB89
    { 9, 23, 147, -1, 17, 26, 21791 }, // U+FB8A
    { 13, 23, 158, -1, 17, 38, 21817 }, // U+FB8B
    { 10, 25, 147, -1, 19, 32, 21855 }, // U+FB8C
    { 13, 25, 158, -1, 19, 41, 21887 }, // U+FB8D
    { 23, 19, 351, 0, 18, 55, 21928 }, // U+FB8E
    { 26, 19, 390, 0, 18, 62, 21983 }, // U+FB8F
    { 11, 19, 165, 0, 18, 27, 22045 }, // U+FB90
    { 14, 19, 203, 0, 18, 34, 22072 }, // U+FB91
    { 23, 22, 351, 0, 21, 64, 22106 }, // U+FB92
    { 26, 22, 390, 0, 21, 72, 22170 }, // U+FB93
    { 11, 22, 165, 0, 21, 31, 22242 }, // U+FB94
    { 14, 22, 203, 0, 21, 39, 22273 }, // U+FB95
    { 16, 14, 274, 0, 8, 28, 22312 }, // U+FB9E
    { 20, 14, 292, 0, 8, 35, 22340 }, // U+FB9F
    { 10, 12, 162, 0, 12, 15, 22375 }, // U+FBA6
    { 14, 10, 192, 0, 9, 18, 22390 }, // U+FBA7
    { 6, 16, 108, 0, 11, 12, 22408 }, // U+FBA8
    { 13, 11, 175, 0, 4, 18, 22420 }, // U+FBA9
    { 16, 14, 269, 0, 13, 28, 22438 }, // U+FBAA
    { 17, 17, 246, 0, 11, 37, 22466 }, // U+FBAB
    { 14, 14, 230, 0, 13, 25, 22503 }, // U+FBAC
    { 14, 17, 203, 0, 11, 30, 22528 }, // U+FBAD
    { 23, 13, 377, 0, 12, 38, 22558 }, // U+FBAE
    { 15, 9, 220, 0, 2, 17, 22596 }, // U+FBAF
    { 23, 19, 377, 0, 18, 55, 22613 }, // U+FBB0
    { 15, 16, 220, 0, 9, 30, 22668 }, // U+FBB1
    { 19, 17, 304, 0, 11, 41, 22698 }, // U+FBFC
    { 20, 11, 294, 0, 5, 28, 22739 }, // U+FBFD
    { 7, 16, 120, -1, 11, 14, 22767 }, // U+FBFE
    { 11, 13, 149, 0, 8, 18, 22781 }, // U+FBFF
    { 10, 11, 164, 0, 9, 14, 22799 }, // U+FE80
    { 9, 21, 94, -2, 21, 24, 22813 }, // U+FE81
    { 11, 24, 116, -2, 23, 33, 22837 }, // U+FE82
    { 6, 24, 94, 0, 24, 18, 22870 }, // U+FE83
    { 9, 27, 116, 0, 26, 31, 22888 }, // U+FE84
    { 9, 22, 179, 1, 16, 25, 22919 }, // U+FE85
    { 13, 23, 189, 1, 17, 38, 22944 }, // U+FE86
    { 6, 26, 95, 1, 18, 20, 22982 }, // U+FE87
    { 8, 26, 116, 1, 18, 26, 23002 }, // U+FE88
    { 19, 18, 304, 0, 12, 43, 23028 }, // U+FE89
    { 20, 18, 294, 0, 12, 45, 23071 }, // U+FE8A
    { 6, 19, 108, 0, 18, 15, 23116 }, // U+FE8B
    { 10, 16, 137, 0, 15, 20, 23131 }, // U+FE8C
    { 4, 18, 95, 1, 18, 9, 23151 }, // U+FE8D
    { 8, 19, 116, 1, 18, 19, 23160 }, // U+FE8E
    { 24, 17, 397, 0, 11, 51, 23179 }, // U+FE8F
    { 29, 15, 437, 0, 9, 55, 23230 }, // U+FE90
    { 6, 16, 108, 0, 11, 12, 23285 }, // U+FE91
    { 10, 13, 137, 0, 8, 17, 23297 }, // U+FE92
    { 10, 17, 162, 0, 17, 22, 23314 }, // U+FE93
    { 14, 20, 194, 0, 19, 35, 23336 }, // U+FE94
    { 24, 14, 397, 0, 13, 42, 23371 }, // U+FE95
    { 29, 14, 437, 0, 13, 51, 23413 }, // U+FE96
    { 7, 17, 108, 0, 16, 15, 23464 }, // U+FE97
    { 11, 14, 149, 0, 13, 20, 23479 }, // U+FE98
    { 24, 17, 397, 0, 16, 51, 23499 }, // U+FE99
    { 29, 17, 437, 0, 16, 62, 23550 }, // U+FE9A
    { 7, 20, 108, 0, 19, 18, 23612 }, // U+FE9B
    { 11, 17, 149, 0, 16, 24, 23630 }, // U+FE9C
    { 15, 21, 256, 0, 11, 40, 23654 }, // U+FE9D
    { 18, 21, 260, 0, 11, 48, 23694 }, // U+FE9E
    { 14, 14, 236, 0, 9, 25, 23742 }, // U+FE9F
    { 18, 14, 255, 0, 9, 32, 23767 }, // U+FEA0
    { 15, 21, 256, 0, 11, 40, 23799 }, // U+FEA1
    { 18, 21, 260, 0, 11, 48, 23839 }, // U+FEA2
    { 14, 10, 236, 0, 9, 18, 23887 }, // U+FEA3
    { 18, 10, 255, 0, 9, 23, 23905 }, // U+FEA4
    { 15, 26, 256, 0, 16, 49, 23928 }, // U+FEA5
    { 18, 26, 260, 0, 16, 59, 23977 }, // U+FEA6
    { 14, 15, 236, 0, 14, 27, 24036 }, // U+FEA7
    { 18, 15, 255, 0, 14, 34, 24063 }, // U+FEA8
    { 11, 13, 191, 0, 12, 18, 24097 }, // U+FEA9
    { 15, 13, 213, 0, 12, 25, 24115 }, // U+FEAA
    { 11, 18, 191, 0, 17, 25, 24140 }, // U+FEAB
    { 15, 18, 213, 0, 17, 34, 24165 }, // U+FEAC
    { 9, 15, 147, -1, 9, 17, 24199 }, // U+FEAD
    { 13, 15, 158, -1, 9, 25, 24216 }, // U+FEAE
    { 9, 20, 147, -1, 14, 23, 24241 }, // U+FEAF
    { 13, 20, 158, -1, 14, 33, 24264 }, // U+FEB0
    { 29, 17, 484, 0, 11, 62, 24297 }, // U+FEB1
    { 33, 15, 508, 0, 9, 62, 24359 }, // U+FEB2
    { 19, 12, 314, 0, 11, 29, 24421 }, // U+FEB3
    { 23, 10, 340, 0, 9, 29, 24450 }, // U+FEB4
    { 29, 23, 484, 0, 17, 84, 24479 }, // U+FEB5
    { 33, 23, 508, 0, 17, 95, 24563 }, // U+FEB6
    { 19, 18, 314, 0, 17, 43, 24658 }, // U+FEB7
    { 23, 18, 340, 0, 17, 52, 24701 }, // U+FEB8
    { 32, 16, 522, 0, 10, 64, 24753 }, // U+FEB9
    { 36, 16, 541, 0, 10, 72, 24817 }, // U+FEBA
    { 22, 11, 361, 0, 10, 31, 24889 }, // U+FEBB
    { 25, 11, 380, 0, 10, 35, 24920 }, // U+FEBC
    { 32, 21, 522, 0, 15, 84, 24955 }, // U+FEBD
    { 36, 21, 541, 0, 15, 95, 25039 }, // U+FEBE
    { 22, 16, 361, 0, 15, 44, 25134 }, // U+FEBF
    { 25, 16, 380, 0, 15, 50, 25178 }, // U+FEC0
    { 19, 19, 315, 0, 18, 46, 25228 }, // U+FEC1
    { 23, 19, 332, 0, 18, 55, 25274 }, // U+FEC2
    { 16, 19, 271, 0, 18, 38, 25329 }, // U+FEC3
    { 19, 19, 284, 0, 18, 46, 25367 }, // U+FEC4
    { 19, 19, 315, 0, 18, 46, 25413 }, // U+FEC5
    { 23, 19, 332, 0, 18, 55, 25459 }, // U+FEC6
    { 16, 19, 271, 0, 18, 38, 25514 }, // U+FEC7
    { 19, 19, 284, 0, 18, 46, 25552 }, // U+FEC8
    { 15, 23, 203, 0, 13, 44, 25598 }, // U+FEC9
    { 15, 21, 212, 0, 11, 40, 25642 }, // U+FECA
    { 12, 12, 201, 0, 11, 18, 25682 }, // U+FECB
    { 15, 12, 208, 0, 11, 23, 25700 }, // U+FECC
    { 15, 28, 203, 0, 18, 53, 25723 }, // U+FECD
    { 15, 26, 212, 0, 16, 49, 25776 }, // U+FECE
    { 12, 17, 201, 0, 16, 26, 25825 }, // U+FECF
    { 15, 17, 208, 0, 16, 32, 25851 }, // U+FED0
    { 24, 19, 393, 0, 18, 57, 25883 }, // U+FED1
    { 29, 17, 439, 0, 16, 62, 25940 }, // U+FED2
    { 11, 19, 179, 0, 18, 27, 26002 }, // U+FED3
    { 14, 17, 198, 0, 16, 30, 26029 }, // U+FED4
    { 19, 21, 310, 0, 16, 50, 26059 }, // U+FED5
    { 22, 21, 323, 0, 14, 58, 26109 }, // U+FED6
    { 11, 19, 179, 0, 18, 27, 26167 }, // U+FED7
    { 14, 17, 198, 0, 16, 30, 26194 }, // U+FED8
    { 21, 19, 353, 0, 18, 50, 26224 }, // U+FED9
    { 25, 19, 369, 0, 18, 60, 26274 }, // U+FEDA
    { 11, 19, 165, 0, 18, 27, 26334 }, // U+FEDB
    { 14, 19, 203, 0, 18, 34, 26361 }, // U+FEDC
    { 16, 24, 278, 0, 18, 48, 26395 }, // U+FEDD
    { 20, 24, 292, 0, 18, 60, 26443 }, // U+FEDE
    { 6, 19, 104, 0, 18, 15, 26503 }, // U+FEDF
    { 9, 19, 120, 0, 18, 22, 26518 }, // U+FEE0
    { 12, 20, 194, 0, 10, 30, 26540 }, // U+FEE1
    { 16, 20, 225, 0, 10, 40, 26570 }, // U+FEE2
    { 12, 10, 210, 0, 9, 15, 26610 }, // U+FEE3
    { 16, 11, 231, 0, 10, 22, 26625 }, // U+FEE4
    { 16, 19, 274, 0, 13, 38, 26647 }, // U+FEE5
    { 20, 19, 292, 0, 13, 48, 26685 }, // U+FEE6
    { 6, 17, 108, 0, 16, 13, 26733 }, // U+FEE7
    { 10, 14, 137, 0, 13, 18, 26746 }, // U+FEE8
    { 10, 12, 162, 0, 12, 15, 26764 }, // U+FEE9
    { 14, 14, 194, 0, 13, 25, 26779 }, // U+FEEA
    { 14, 14, 230, 0, 13, 25, 26804 }, // U+FEEB
    { 14, 17, 203, 0, 11, 30, 26829 }, // U+FEEC
    { 9, 15, 179, 1, 9, 17, 26859 }, // U+FEED
    { 13, 15, 189, 1, 9, 25, 26876 }, // U+FEEE
    { 19, 17, 304, 0, 11, 41, 26901 }, // U+FEEF
    { 20, 11, 294, 0, 5, 28, 26942 }, // U+FEF0
    { 19, 22, 304, 0, 11, 53, 26970 }, // U+FEF1
    { 20, 16, 294, 0, 5, 40, 27023 }, // U+FEF2
    { 7, 16, 120, -1, 11, 14, 27063 }, // U+FEF3
    { 11, 13, 149, 0, 8, 18, 27077 }, // U+FEF4
    { 15, 19, 233, -2, 19, 36, 27095 }, // U+FEF5
    { 19, 20, 240, -2, 19, 48, 27131 }, // U+FEF6
    { 14, 22, 233, -1, 22, 39, 27179 }, // U+FEF7
    { 17, 23, 240, 0, 22, 49, 27218 }, // U+FEF8
    { 12, 26, 233, 1, 18, 39, 27267 }, // U+FEF9
    { 16, 26, 240, 1, 18, 52, 27306 }, // U+FEFA
    { 12, 18, 233, 1, 18, 27, 27358 }, // U+FEFB
    { 16, 19, 240, 1, 18, 38, 27385 }, // U+FEFC
};

static const EpdUnicodeInterval ubuntu_12_regularIntervals[] = {
    { 0x0, 0x0, 0x0 },
    { 0xD, 0xD, 0x1 },
    { 0x20, 0x7E, 0x2 },
    { 0xA0, 0xA3, 0x61 },
    { 0xA5, 0x17E, 0x65 },
    { 0x1A0, 0x1A1, 0x13F },
    { 0x1AF, 0x1B0, 0x141 },
    { 0x1FA, 0x1FF, 0x143 },
    { 0x218, 0x21B, 0x149 },
    { 0x300, 0x304, 0x14D },
    { 0x306, 0x30C, 0x152 },
    { 0x312, 0x312, 0x159 },
    { 0x315, 0x315, 0x15A },
    { 0x31B, 0x31B, 0x15B },
    { 0x323, 0x323, 0x15C },
    { 0x326, 0x328, 0x15D },
    { 0x34F, 0x34F, 0x160 },
    { 0x400, 0x45F, 0x161 },
    { 0x472, 0x473, 0x1C1 },
    { 0x490, 0x49D, 0x1C3 },
    { 0x4A0, 0x4A5, 0x1D1 },
    { 0x4AA, 0x4AB, 0x1D7 },
    { 0x4AE, 0x4B3, 0x1D9 },
    { 0x4B6, 0x4BB, 0x1DF },
    { 0x4C0, 0x4C2, 0x1E5 },
    { 0x4CF, 0x4D9, 0x1E8 },
    { 0x4DC, 0x4DF, 0x1F3 },
    { 0x4E2, 0x4E9, 0x1F7 },
    { 0x4EE, 0x4F5, 0x1FF },
    { 0x4F8, 0x4F9, 0x207 },
    { 0x5D0, 0x5EA, 0x209 },
    { 0x60C, 0x60C, 0x224 },
    { 0x61B, 0x61B, 0x225 },
    { 0x61F, 0x61F, 0x226 },
    { 0x621, 0x621, 0x227 },
    { 0x640, 0x640, 0x228 },
    { 0x654, 0x654, 0x229 },
    { 0x660, 0x669, 0x22A },
    { 0x6BA, 0x6BA, 0x234 },
    { 0x6D4, 0x6D5, 0x235 },
    { 0x6F0, 0x6F9, 0x237 },
    { 0x1EA0, 0x1EF9, 0x241 },
    { 0x2009, 0x2009, 0x29B },
    { 0x200B, 0x2011, 0x29C },
    { 0x2013, 0x2014, 0x2A3 },
    { 0x2018, 0x201A, 0x2A5 },
    { 0x201C, 0x201E, 0x2A8 },
    { 0x2020, 0x2022, 0x2AB },
    { 0x2026, 0x2026, 0x2AE },
    { 0x202F, 0x2030, 0x2AF },
    { 0x2039, 0x203A, 0x2B1 },
    { 0x2044, 0x2044, 0x2B3 },
    { 0x204F, 0x204F, 0x2B4 },
    { 0x2070, 0x2070, 0x2B5 },
    { 0x2074, 0x2079, 0x2B6 },
    { 0x2080, 0x2089, 0x2BC },
    { 0x20A1, 0x20A1, 0x2C6 },
    { 0x20A4, 0x20A4, 0x2C7 },
    { 0x20A6, 0x20A6, 0x2C8 },
    { 0x20A8, 0x20AE, 0x2C9 },
    { 0x20B1, 0x20B2, 0x2D0 },
    { 0x20B4, 0x20B5, 0x2D2 },
    { 0x20B8, 0x20BA, 0x2D4 },
    { 0x20BD, 0x20BD, 0x2D7 },
    { 0x20BF, 0x20BF, 0x2D8 },
    { 0x2190, 0x2199, 0x2D9 },
    { 0x21A9, 0x21AA, 0x2E3 },
    { 0x21B0, 0x21B3, 0x2E5 },
    { 0x21B6, 0x21B7, 0x2E9 },
    { 0x21BA, 0x21BB, 0x2EB },
    { 0x21C4, 0x21C4, 0x2ED },
    { 0x21C6, 0x21C6, 0x2EE },
    { 0x2202, 0x2202, 0x2EF },
    { 0x2206, 0x2206, 0x2F0 },
    { 0x220F, 0x220F, 0x2F1 },
    { 0x2211, 0x2212, 0x2F2 },
    { 0x221A, 0x221A, 0x2F4 },
    { 0x221E, 0x221E, 0x2F5 },
    { 0x222B, 0x222B, 0x2F6 },
    { 0x2248, 0x2248, 0x2F7 },
    { 0x2260, 0x2260, 0x2F8 },
    { 0x2264, 0x2265, 0x2F9 },
    { 0xFB01, 0xFB02, 0x2FB },
    { 0xFB56, 0xFB59, 0x2FD },
    { 0xFB66, 0xFB69, 0x301 },
    { 0xFB7A, 0xFB7D, 0x305 },
    { 0xFB88, 0xFB95, 0x309 },
    { 0xFB9E, 0xFB9F, 0x317 },
    { 0xFBA6, 0xFBB1, 0x319 },
    { 0xFBFC, 0xFBFF, 0x325 },
    { 0xFE80, 0xFEFC, 0x329 },
};

static const uint16_t ubuntu_12_regularKernLeftCodepoints[] = {
    0x05D0, 0x05D1, 0x05D2, 0x05D3, 0x05D5, 0x05D6, 0x05D8, 0x05D9, 0x05DB, 0x05DC, 0x05DE, 0x05E0,
    0x05E1, 0x05E2, 0x05E4, 0x05E6, 0x05E8, 0x05E9, 0x05EA, 0xFB8C, 0xFEAD, 0xFEAE, 0xFEAF,
};

static const uint8_t ubuntu_12_regularKernLeftClassIds[] = {
      1,   2,   3,   4,   5,   6,   7,   8,   9,  10,  11,  12,  13,  14,  15,  16,
     17,  18,  19,  20,  20,  20,  20,
};

static const uint16_t ubuntu_12_regularKernRightCodepoints[] = {
    0x05D0, 0x05D1, 0x05D2, 0x05D3, 0x05D4, 0x05D6, 0x05D7, 0x05D8, 0x05D9, 0x05DA, 0x05DB, 0x05DC,
    0x05DD, 0x05DE, 0x05E1, 0x05E2, 0x05E3, 0x05E4, 0x05E5, 0x05E7, 0x05E8, 0x05E9, 0x05EA, 0x06D5,
    0xFB8E, 0xFBA6, 0xFBAA, 0xFE8D, 0xFEA3, 0xFEA9, 0xFEB1, 0xFEB3, 0xFEB9, 0xFEBB, 0xFEC1, 0xFEC3,
    0xFECB, 0xFEDB, 0xFEDF, 0xFEE1, 0xFEE3, 0xFEEB,
};

static const uint8_t ubuntu_12_regularKernRightClassIds[] = {
      1,   2,   3,   4,   5,   6,   7,   8,   9,  10,  11,  12,  13,  14,  15,  16,
     17,  18,  19,  20,  21,  22,  23,  24,  24,  24,  24,  25,  24,  26,  26,  26,
     26,  26,  26,  26,  25,  24,  25,  24,  24,  24,
};

static const uint16_t ubuntu_12_regularKernRowOffsets[] = {
        0,     6,    11,    18,    29,    35,    36,    45,    56,    62,    72,    77,    80,    87,    89,    96,
      103,   113,   120,   130,   133,
};

static const uint8_t ubuntu_12_regularKernSparseCols[] = {
      8,  10,  11,  17,  19,  21,   3,   9,  14,  17,  20,   1,   7,   8,  10,  11,
     13,  17,   1,   4,   7,   9,  10,  12,  13,  14,  16,  17,  20,   1,   7,  12,
     14,  17,  20,   1,   3,   7,   9,  10,  16,  17,  18,  19,  20,   1,   4,   6,
      7,  10,  12,  13,  14,  17,  20,  22,   7,  10,  13,  14,  16,  17,   1,   2,
      7,   9,  10,  14,  16,  17,  21,  22,  10,  12,  13,  14,  17,   7,   8,  10,
      7,   9,  11,  14,  16,  17,  20,   7,  14,   9,  10,  11,  14,  16,  17,  21,
      0,   1,   3,   8,  12,  14,  17,   1,   7,   9,  10,  13,  14,  16,  17,  20,
     22,   1,   7,  10,  12,  14,  17,  20,   3,   5,   8,  10,  11,  13,  14,  15,
     17,  21,  23,  24,  25,
};

static const int8_t ubuntu_12_regularKernSparseValues[] = {
      -8,   -2,   -2,   -8,   -4,   -8,   -5,   -8,  -13,  -13,  -10,    2,   -8,  -13,   -5,   -6,
      -9,  -10,  -16,   -8,   -8,  -20,  -14,  -10,   -5,  -13,  -20,  -14,  -14,   -2,   -6,   -4,
      -3,   -8,   -4,   -8,   -5,   -8,   -8,   -2,   -4,   -9,   -8,   -8,   -5,  -26,   -8,   -3,
      -3,   -3,  -12,   -3,   -3,   -9,   -8,   -8,   -8,   -5,   -6,   -6,  -10,  -10,  -16,   -2,
      -8,  -12,  -10,   -8,  -15,   -6,    8,   -2,   -8,   -5,   -8,   -9,  -11,   -6,   -6,  -10,
      -2,  -12,   -2,   -2,  -12,   -5,   -4,   -3,  -10,   -3,   -8,   -3,   -3,  -11,   -2,   -3,
      -5,  -10,   -8,   -8,  -10,  -13,  -10,  -16,   -8,   -6,   -8,   -3,   -4,  -12,   -4,   -8,
      -9,  -10,   -2,  -10,   -3,   -4,   -3,   -3,  -18,  -20,   -6,   -8,   -2,  -14,  -16,  -16,
     -10,   -8,  -16,  -10,  -12,
};

static const EpdFontData ubuntu_12_regular = {
    ubuntu_12_regularBitmaps,
    ubuntu_12_regularGlyphs,
    ubuntu_12_regularIntervals,
    91,
    33,
    26,
    -7,
    false,
    nullptr,
    0,
    nullptr,
    nullptr,  // kernLeftClasses: built-in fonts use the split arrays below
    nullptr,  // kernRightClasses
    ubuntu_12_regularKernLeftCodepoints,
    ubuntu_12_regularKernLeftClassIds,
    ubuntu_12_regularKernRightCodepoints,
    ubuntu_12_regularKernRightClassIds,
    nullptr,  // kernMatrix: built-in fonts use the sparse form below
    ubuntu_12_regularKernRowOffsets,
    ubuntu_12_regularKernSparseCols,
    ubuntu_12_regularKernSparseValues,
    23,
    42,
    20,
    26,
    nullptr,
    0,
};
